:1000000000510020F120000047840000DD200000A6
:10001000DD200000DD200000DD20000000000000E9
:10002000000000000000000000000000E5220000C9
:10003000DD2000000000000079220000DD2000002B
:10004000B9250000B9250000B9250000B925000038
:10005000B9250000B9250000B9250000B925000028
:10006000B9250000B9250000B9250000B925000018
:10007000B9250000B9250000B9250000B925000008
:10008000B9250000B9250000B9250000B9250000F8
:10009000B9250000B9250000B9250000B9250000E8
:1000A000B9250000B9250000B9250000B9250000D8
:1000B000B9250000B9250000B9250000B9250000C8
:1000C000B9250000B9250000B9250000B9250000B8
:1000D000B9250000B9250000B9250000B9250000A8
:1000E000B9250000B9250000B9250000B925000098
:1000F000B9250000B9250000B9250000B925000088
:1001000053B94AB9002908BF00281CBF4FF0FF317E
:100110004FF0FF3000F00CB8ADF1080C6DE904CEE3
:1001200000F008F8DDF804E0DDE9022304B07047D0
:10013000704700BF2DE9F04786468C460846089E6A
:10014000154674461946002B40F0C2808542B2FA2B
:1001500082F245D94AB1C2F1200300FA02FC2EFA1C
:1001600003F3954043EA0C0C94404FEA154EA8B2B5
:10017000BCFBFEF8230C0EFB18CC08FB00F943EA8D
:100180000C43994528D9EB1808F1FF3704D299455B
:1001900002D9A8F102072B44A3EB0903A4B2B3FBD5
:1001A000FEFC0EFB1C330CFB00F044EA0344A042AF
:1001B00014D92C190CF1FF3304D2A04202D9ACF1AE
:1001C00002032C44241A43EA07401EB1D440002302
:1001D00034607360BDE8F0874746DDE76346F1E7CA
:1001E00092BB431B01214FEA154EAFB2B3FBFEFC9D
:1001F000200C0EFB1C330CFB07F840EA0343984528
:1002000062D9EB180CF1FF3004D2984502D9ACF159
:1002100002002B44A3EB0803A4B2B3FBFEFC0EFBCD
:100220001C330CFB07F744EA0344A7424ED92C19B0
:100230000CF1FF3304D2A74202D9ACF102032C44E3
:10024000E41B43EA0040C0E7C2F1200320FA03F1B7
:10025000954090402EFA03F303434FEA154EAFB298
:10026000B1FBFEFC0EFB1C10190C0CFB07F841EA5D
:100270000041884504FA02F422D969180CF1FF30D4
:1002800004D2884502D9ACF102002944A1EB08014F
:100290009BB2B1FBFEFC0EFB1C110CFB07F743EA03
:1002A00001439F420ED9EB180CF1FF3104D29F425B
:1002B00002D9ACF102012B44DB1B41EA004192E779
:1002C0006046E3E76146F7E76046A3E76346B7E7C2
:1002D000834206D916B9002108467BE7C6E900E04B
:1002E000F9E7B3FA83F78FB9834201D3724508D88F
:1002F000BEEB020460EB030301209C461EB9002103
:1003000068E73846FAE7C6E9004CF8E7C7F1200C81
:10031000BB4022FA0CF41C432EFA0CF120FA0CF329
:10032000B84001434FEA14490EFA07F5B3FBF9F858
:100330001FFA84FE09FB18300B0C08FB0EFA43EA87
:1003400000439A4502FA07F240D9E31808F1FF305A
:1003500004D29A4502D9A8F102002344A3EB0A0370
:1003600089B2B3FBF9F809FB183308FB0EFE41EA2A
:1003700003418E452CD9611808F1FF3304D28E4514
:1003800002D9A8F10203214443EA0040A0FB0298ED
:10039000A1EB0E014145CE46434602D306D14D4561
:1003A00004D2B9EB020E68EB04030138002EA6D08C
:1003B000B5EB0E0261EB030101FA0CFC22FA07F324
:1003C0004CEA0303F940C6E9003198E74046C5E727
:1003D0004346D9E7F0B52E4B2E4AC3F800262E48E7
:1003E000C3F8042685B0C3F808264921C3F80C26B3
:1003F000C3F81026C3F81426C3F81826C3F81C2621
:1004000007F094FF07F042FB01A800F0B1FC234B7A
:100410001B68834204D02248452107F087FFFEE78E
:10042000039A2048492107F081FF1F48492107F01E
:100430007DFF4FF44041002008F090FC044620B1BD
:100440001A48452107F072FFFEE769469DF808004B
:1004500000F030F8009B039D1D44019B1E8903F0B2
:10046000B5FCAF1900F0E6FF00F0BAFF01F06AFE3C
:10047000AB5983F3088884F31488BFF36F8FBFF3FD
:100480006F8F7B6898470A48452107F04FFFFEE7CA
:10049000000001403546526E4A9B0000380900209A
:1004A000639B0000869B0000B59B0000DA9B000068
:1004B0000D9C000008B5024638B1054800234521CF
:1004C00007F034FF6FF0150008BD0860FCE700BFBF
:1004D000309C000021B1012906D06FF01500704753
:1004E000044B53F830007047024B03EBC0035868CD
:1004F000704700BF189700002DE9F04FDFF824B2D5
:10050000DDB0DDE9688916461C466A9FDBF80050BD
:1005100000F030FF7F4B0122C3F800253CA806F015
:10052000D9F9B8F1000F07D0B9F1000F04DD4A4640
:1005300041463CA807F0EDFD33897289D6F80CA03E
:1005400013449A444FF00008C2456AD80FA93CA84A
:1005500006F032FA6F4B0022C3F80025C3F80025DD
:1005600027B120220FA9384607F0C2FF00230093CD
:1005700031464FF6FF73224609A807F088FA06466F
:1005800000285FD120460E9F00F08AF9874259D893
:10059000DFF894A1DFF87C814FF0FF370DF11E03E7
:1005A00007AA08A909A807F0C0FA00284ADB40F00A
:1005B000AB80089909A807F004FB50B9BDF81E00EC
:1005C000554A4FF6FF7132F8023B8B423AD09842BF
:1005D000F9D1BDF81E90B9F1100F3DD0B9F1220F3D
:1005E00075D0B9F1010FD9D1BDF81C30202B29D815
:1005F00008993CAA204607F0A7FE074610BB9DF8C5
:100600001C300393202B09D8DAF80020434B0492C6
:10061000049A974237DB0023C8F800354FF0FF37C4
:10062000BCE7679B669AAAEB0809994528BF9946DB
:100630004B464146204607F087FE30B1354B00223D
:10064000C3F80025DBF8005060E066994A463CA8F4
:1006500007F05FFDC84477E7BDF81C60202EF1D19C
:10066000089933463CAA204607F06EFE0028E9D1DF
:1006700032463CA90FA807F0DEFA294B1B688342DB
:10068000E0D101268AE7059300F074FEC8F80095D2
:100690001FA806F01FF9059B5A6853F8081B12683B
:1006A00005931FA807F035FD17A91FA806F084F9C8
:1006B0000022C8F80025039A3CA917A807F008FFF4
:1006C000059B10B9C8F8000568E70137A0E77B1C57
:1006D0003FF464AFDAF80030BB429FDDBDF81C3058
:1006E000802BAFD808993CAA204607F02DFE0028A1
:1006F000A8D1FFB2BDF81C3000973CAA20210FA85A
:1007000000F014F8054689E7002E9BD028465DB01E
:10071000BDE8F08F00A002501C9B00002497000051
:1007200038090020C4040020209700002DE9F0477C
:1007300096B016461D469DF87820374BDFF8E880C6
:1007400053F83210019103EBC20307465B68D8F8F7
:100750000090186802AA0144302301A807F067FC42
:10076000002851D1DDE901431C4403AA06AB214610
:1007700001A807F084FC002846D1049A072A43D137
:100780002649059807F0A4FE00283DD1079A082ABB
:100790003AD12349089807F09BFEA8BB02AA21463C
:1007A00001A807F058FC78BBDDE901A30AEB0302BE
:1007B000944229D1412B27D13544302303AA29461D
:1007C00002A8029607F033FCE0B9DDE902321344D7
:1007D0009D4217D32A4602A906A807F000FA88B955
:1007E0002A4602A90EA807F0FAF958B99AF800307B
:1007F000042B07D1202306AA0AF10101384600F094
:10080000D1FD28B1D8F80090484616B0BDE8F08771
:10081000044BD3F80090F7E7249700005F9C00009A
:10082000569C000038090020C4040020094A0B78B7
:10083000400052F820108B4209D0013052F82000BD
:10084000834214BF4FF0FF304FF4C07070474FF435
:10085000C07070472C9700001FB50F4B13F8300085
:100860000C4601F083F950B92068816810236A466C
:10087000103907F069FD28B1206807F064FD4FF0DA
:10088000FF3006E005491022684607F021FE0028E7
:10089000F2D104B010BD00BF2C9700003A9B0000BD
:1008A00013B5044607F0CEF96A460146204607F024
:1008B000D4F830B10448452107F038FD002002B0DB
:1008C00010BD0098FBE700BF679C00002DE9F041D8
:1008D000384F88B0064600200D463C68FFF7FAFD09
:1008E00006A9C0B201F042F9E0B92946FFF7F2FDCE
:1008F0002C2407A9C0B204FB056401F037F9A8B1A4
:100900002C2068433218069B116911F0100F1DD07E
:100910001DB10699304607F07FFA274B1C680698F0
:1009200007F011FD204608B0BDE8F081079807F0F8
:1009300056FD8046079807F006FD631EE21C13F87B
:10094000011F4145DCD19342F9D1E1E736581B48FC
:1009500086422AD1D6681089801926D25289121867
:1009600023D29868824220D240F60C6211401CD1FA
:100970004FF480720192124A0092CDE9031122468F
:1009800002910846FFF7B8FD04460E4B1B68A342D0
:10099000C5D065B106980021826807F0FFFC0A4ABD
:1009A0000A48452107F0C2FCB7E73C68EDE7084A72
:1009B000F6E700BFC4040020C00400203DB8F39651
:1009C000AC1D002038090020AA9C0000B49C000047
:1009D000A29C00007FB50D46044600212846CDE9C3
:1009E000021107F0D8F928B32368194EB34203D196
:1009F00003AA204607F064F9E36AB34204D102AACD
:100A00000121204607F05CF9DDE90232934288BFFC
:100A10000393039BAB60039A2946204600F0A8FB92
:100A20000C4B1A68002A03DD0B48572107F07EFCA7
:100A300004B070BD01A9FFF70FFF019805F108018F
:100A400007F00BF9AB680198039307F07CFCE2E731
:100A50003DB8F3969C150020DC9C00002DE9F84F72
:100A6000DFF878B01B4C1C4D884691469A4600260C
:100A70000B9B9E4201D300200FE00B9B174A9F1B4C
:100A8000B7F5806F28BF4FF480673B4606EB0A013D
:100A9000404607F059FC10B10120BDE8F88F0A99D3
:100AA0003B465A467118484607F063FC0028F3D1CC
:100AB000C4F800563E44C4F80456C4F80856C4F8B6
:100AC0000C56C4F81056C4F81456C4F81856C4F896
:100AD0001C56CDE7000001403546526E3C0900200F
:100AE000F0B59A4B43620E4603F58063002103651F
:100AF00089B004460846FFF7EDFC04F120010546E5
:100B0000C0B201F033F80346E8B90121FFF7E2FC77
:100B100004F14C010546C0B201F028F80346E0B9E3
:100B2000204607F00EF90546C8B9002211462046B6
:100B300007F0B0F8054660B385480022572107F05A
:100B4000F5FB01239CE00022CDE90023814800232E
:100B50002A46452107F0EAFBFEE70122F4E77E483A
:100B60008022572107F0E2FB01239D4284F8583090
:100B7000DBD194F858308DF81730042B00F28380C5
:100B8000012B00F2878000F09A80FF2384F8583010
:100B900095E0204600F0FEF90028D2D004A807F026
:100BA000F1F80146204607F08CF918B16B482A4647
:100BB0005721C4E704A807F0EEF880F0010104AA69
:100BC000C9B2204607F066F802460028B4D104A84E
:100BD00007F0E1F8054660BB04A92046FFF7FAFEDE
:100BE0009DF8173084F85830033B012B06D828466F
:100BF00000F0E4F810B1FF2384F858309DF8173066
:100C0000023B022B0BD8002000F0C2F838B1FF23C2
:100C100084F858305248452107F088FBFEE794F8E5
:100C20005830FF2BF6D004AA0021204607F032F8F6
:100C300087E79DF81770012F17D1104603F072F95E
:100C4000831E022B05460DD839462046FFF73EFE8F
:100C5000444B1B68984205D0434B1D68A84214BF03
:100C60000525012584F8585083E701212046FFF728
:100C70002DFE3C4B1B6898420CBF9DF81730052396
:100C800084F8583075E7052B7FF47FAF002000F023
:100C900095F811E004A92046FFF79CFE94F858301F
:100CA000DA1E012A14D8002000F088F800287FF40A
:100CB0006CAF002000F06CF800287FF466AF94F869
:100CC0005830FF2B07D12648452107F02FFBFEE7C0
:100CD000022BF4D1EDE70022012B244D039214D016
:100CE0001146204606F0D6FF78B12D68102200216B
:100CF0000DEB020007F007FCE06C07F024FB206A14
:100D000007F021FB284609B0F0BD00212046FFF77F
:100D1000DDFD144F3B689842E7D12B689842E4D040
:100D2000114B1B689842E0D0039B01330393039B54
:100D3000012B00D0FEE7206A06F08DFE3071236A99
:100D40005B6834603D68B360D0E700BF3C0D0020B5
:100D50009A9D00000B9D0000589D0000C69D00005C
:100D6000F09D000038090020C0040020C4040020C9
:100D700038B5064D044660220021284607F0C3FB23
:100D800021462846FFF7ACFE38BD00BF3C150020C9
:100D900013B5094B01A913F8300000F0E7FE48B97C
:100DA000019808F094F80446019807F0CCFA204620
:100DB00002B010BD0124FAE7349700001FB50F4BB5
:100DC00001A913F8300000F0D1FEA8B9019802A9DA
:100DD00003F052F8044668B99DF80B30032B03D199
:100DE000019808F042F80446019807F0ACFA204652
:100DF00004B010BD0124F7E70124F8E734970000A0
:100E00002DE9F34106460C4617461D460BB9002650
:100E100028E0184606F0BFFF0028F8D16946FFF722
:100E20001BFD009838B90124009807F08CFA204681
:100E300002B0BDE8F08101A906F00FFF0028F2D151
:100E4000009807F080FA3046019907F087F8736A36
:100E50005E686B79012B21D1002CD8D12B6883429D
:100E600098BF002621460020FFF734FB6946C0B238
:100E700000F07CFE0028D6D1009820233A46314667
:100E800007F062FA04460028CDD1002DCCD03C6892
:100E90000D4BE41A18BF4FF0FF34C5E7022BB6D153
:100EA0002B68012B05D98342B1D8B4FA84F46409C4
:100EB000ADE7ACD1002CD5D0012CA8D12C79023CC7
:100EC00018BF0124A3E700BF3DB8F3962DE9F04F0A
:100ED000074685B00C46014600201646FFF7A6FCE3
:100EE000051E50DB3846E46D06F0ACFE5FFA84F96F
:100EF0006B1E09FB03084FF0000A4FF0010B4FF087
:100F0000FF349DB9BAF1010F03DD2148452107F0F7
:100F10000DFA631C06D07F2C2ADC013440F2011349
:100F20003460B380284605B0BDE8F08F6B1E009397
:100F30000DF10F0201234146384607F005FA031E62
:100F4000019322DB01220DF10F01384607F028FF43
:100F5000019B40B15B4501D00AF1010A009DA8EB5D
:100F600009089B46CDE7B4F1FF3F08BF2C46F5E7E3
:100F70000223803C7371631004F0010401330134D7
:100F800033603471CEE70725CCE70125CAE700BFFF
:100F9000FC9D000070B5866A456D044606F0CDFFE5
:100FA000AE420AD06B1CB34207D0834205D014482E
:100FB000572107F0BBF9002070BD802E1CD91148C5
:100FC0005721F6E7626A216D02EBC30201EBC30110
:100FD00052684968914202D00B485721E9E7013332
:100FE0009D42EFD1AE4205D9636A03EBC5035B684E
:100FF0009342F1D10120DFE700231A46F0E700BF5A
:101000001F9E0000579E0000869E000000B589B01C
:1010100004A9022007F036FF9DF81020012A41D0D4
:10102000254B2649032A08BF0B469DF81320029240
:101030009DF8122001929DF811202148009249212B
:10104000204A07F073F906A9052007F01BFF9DF859
:101050001820012A28D0184B1849032A08BF0B462C
:101060009DF81B2002929DF81A2001929DF81920EC
:1010700000921348144A492107F058F99DF810309E
:10108000012B13D19DF81230032B0FD19DF818308E
:10109000012B0BD00D48492107F048F9022009B077
:1010A0005DF804FB0A4BC0E7094BD9E70948492121
:1010B00007F03CF90020F2E7B29E0000BB9E000062
:1010C000CF9E0000C19E0000109F0000209F0000E6
:1010D000B69E00003F9F000070B54B6814461E4A44
:1010E00003F0FF23934286B006460D462FD10B68CE
:1010F000012B2CD104A9204602F0BEFE9DF8102041
:10110000012A26D0154B1649032A08BF0B469DF825
:10111000132002929DF8122001929DF81120009256
:101120001048114A492107F001F99DF81030032BAE
:101130000DD12146304606F06FFE204607F095FEA1
:10114000A968204606F097FD204602F075FE06B01D
:1011500070BD064BDBE700BF00010004B29E00003B
:10116000BB9E0000CF9E0000109F0000B69E0000B6
:101170002DE9F04F164689B005460C4674484921C2
:1011800007F0D4F83146284606F0E8FE6B6A82463E
:1011900020465E6806F0FFFDE8B1E86D06F04DFD03
:1011A000AF6A0023013F3344834201D2013FFAE793
:1011B000BA4510D36748572107F0B8F807FB06F384
:1011C00065480AFB0662572107F0B0F80123E37176
:1011D00009B0BDE8F08F06A9022000F0C7FC07A9FE
:1011E000052000F0C3FC079A21462846FFF774FF4C
:1011F0006379012B4BD1DFF864B1574641E0226897
:10120000C2F1010353449F423AD86B6A196853F8FC
:10121000370003EBC703012A53F8083CA3EB010393
:10122000A0EB0109049311D1079B0393E368022B00
:1012300008D04146284606F0EFFD224641462846A2
:1012400006F020FE0399284606F0E6FD32464946A0
:10125000404606F0DFFD049B42464146CDE900963C
:101260002846FFF7FBFB2146284606F0A1FD236830
:101270000133236020B1DBF800300133CBF80030BC
:10128000013FDDF81880002FB9D10123236002232C
:1012900063710127BA45DDF8189006D2484607F079
:1012A00052F8079807F04FF892E723689F424DD312
:1012B0006A6ADDF81CB052F837100491FB00083B55
:1012C00011680391D1582A6DD0581368A0EB030818
:1012D0002379012B38D1039B3246C91A4846059120
:1012E00006F098FD0599009143464A4659460196F5
:1012F0002846FFF7B3FB2146284606F059FD022396
:10130000237118B1154A1368013313603246414600
:10131000584606F07FFDDDE9032349469B1ACDE9D7
:1013200000865A462846FFF799FB2146284606F0D4
:101330003FFD2368013323600123237130B1074A45
:1013400013680133136001E0022BDFD00137A1E7FE
:10135000569F00007F9F0000AE9F00009C1500205C
:101360000A4619B1024B00211B681847704700BF9D
:10137000C804002070B5094D2B780BB1002070BD5A
:10138000074C0126C4F8006505F046FB18B92E701D
:10139000C4F80005F2E74FF0FF30F0E7AC1E002084
:1013A00000A002502DE9F041DFF83080ACB01F46BC
:1013B00006460C461546FFF7DDFF0123C8F8003549
:1013C0002A4633460097214603A808F034F8002344
:1013D000C8F800352CB0BDE8F08100BF00A0025075
:1013E000BFF36F8F72B6124B4FF0FF32C3F88020FD
:1013F000C3F88420C3F88820C3F88C20C3F8902059
:10140000C3F89420C3F89820C3F89C20C3F8802127
:10141000C3F88421C3F88821C3F88C21C3F8902134
:10142000C3F89421C3F89821C3F89C21704700BFEA
:1014300000E100E0F8B5254B254D4FF0FF340127C2
:101440005F60C3F84843C3F8084303F5C043002670
:101450005F60C3F84843C3F8084303F5983302209C
:101460005F60C3F84843C3F80843C5F8084300F079
:1014700057FF6F60C5F84C61D5F84C31C5F8106165
:10148000D5F81031C5F84461D5F84431C5F8006588
:1014900005F518352820C5F8084300F041FF6F60B6
:1014A000C5F84C61D5F84C31C5F81061D5F810314C
:1014B000C5F84461D5F84431064BC5F80065C3F85A
:1014C00008454FF08043C3F80843F8BD00B0004022
:1014D0000020004000F00140014B1B68184700BF8E
:1014E000CC04002007B50B460021024600910348BA
:1014F00000F006F803B05DF804FB00BFD91400004B
:101500002DE9F04F8DB01D46531E82460191039385
:101510004FF00009039B5878252803F1010419D1E5
:101520001E4600204FF0FF38023603460290444624
:1015300031780396392954D81F2914D8002900F08E
:10154000EE8101992520D04701993078D04709F1E3
:101550000209DFE7002800F0E2810199D04709F194
:1015600001090394D6E7A1F12002192AE9D801A7BD
:1015700057F822F0DD150000431500004315000068
:10158000DD150000431500005D1600004315000046
:10159000431500004315000043150000A916000084
:1015A000DD15000043150000BD160000691600009F
:1015B00043150000771600009716000097160000EC
:1015C0009716000097160000971600009716000067
:1015D000971600009716000097160000084601367F
:1015E000A6E7582900F0EB80A1F16302D7B2172FCC
:1015F000A7D8172AA5D801A757F822F06518000028
:10160000E3160000431500004315000043150000D9
:10161000C3160000E3160000431500004315000048
:10162000C3160000431500004315000043150000D9
:1016300099170000431500004315000039180000F9
:1016400043150000E3160000431500004315000099
:101650009917000043150000C316000001992520CA
:10166000D04709F1010955E7029A02F0FE02029201
:101670004FF00008B3E7002C0DDAB8F1000F0DDAD7
:10168000029A002A00F0438124EAE4740A2202FB51
:101690000414303CA3E7B8F1000FF5DB0A2202FB8B
:1016A0000812A2F130089AE7B8F1000F55F8042BA0
:1016B00080F22F81002A80F22E815442022202926F
:1016C0008DE7682903D1682B06D1482387E76C2969
:1016D00002D16C2B00F02181002B7FF432AF0B463E
:1016E0007DE77A2B06D1752955F8046B14D14FF09C
:1016F000000B0CE06C2BF6D04C2BF4D1073525F009
:1017000007037529D3E9006B03F1080506D12028EA
:101710003BD1854F013C09E04FEAE67BBBF1000F6E
:10172000F5DA7642814F6BEB4B0B013C0DF12D034B
:10173000059300230493304659460A220023FEF7FE
:10174000DFFC059B303203F8012DB4460593049B62
:101750005A46BCF10A0F8B4672F1000203F1FF31C9
:1017600006460491E7D2C3F1010B30330DEB0306BB
:10177000B8F1000FA6F104066DDA029BD9077DD4FB
:10178000A8EB0B03A4EB0B0413E02B280ABF684F54
:10179000684F04F1FF34C9E770290FD155F8042BC5
:1017A0000023FAB9634F644E053C6FF004034FF019
:1017B000050B029A920770D4A04666E078216C2B44
:1017C00003D155F8042B002308E04C2BF9D1073541
:1017D00025F007031D465B6855F8082B232825D103
:1017E000880621D5554F023C01F06001A1F1390B6B
:1017F0000DF12D0E002602F00F01092988BF594472
:1018000030310EF8011D102A4FEA121141EA03711E
:101810004FEA131C73F1000306F1FF3008D2C6F142
:10182000010B06F13003A1E7454FDCE7414FDBE751
:1018300006460A466346DEE755F8046B304606F076
:1018400040FEB8F1000F834602DB4045A8BFC34607
:10185000384F4FF00008A8EB0B03002B92DDA4EBF0
:101860000804A6E755F8043B8DF81830314F013CC9
:101870004FF0FF334FF0010B06AE9AE7A046EAE7C0
:10188000029301992020D047029BB8F10108F7D5B7
:1018900024EAE472013C9144A41AB84606E0049399
:1018A00002920199D047029A049B9046424612F850
:1018B000010B0028F3D11A46013A15D5002BACBF15
:1018C000C7EB03077F425B46013B15D5BBF1000F19
:1018D000A8BF5F444F442646013E14D5002CA8BF44
:1018E0003F1907EB080915E604930292019930208D
:1018F000D047049B029ADFE70293019916F8010B87
:10190000D047029BE0E701992020D047E4E701227D
:10191000D5E6904663E6144661E64C235FE648460A
:101920000DB0BDE8F08F00BF3CA000003AA0000061
:101930003EA00000FB9D000046A0000040A000006B
:1019400043A000002DE9F047058B04462807904688
:1019500011D4022905F0070540F0CC80204606F09E
:101960000CFC78B10138218B042811D8DFE800F095
:10197000C2106D85950001290CBF45F0100545F09A
:101980002005258388F31188BFF36F8FBDE8F087AA
:1019900001F0070AAA4500F0A5800027B9463E4697
:1019A000A368002B00F0BC8041F00801218388F37C
:1019B0001188BFF36F8FA168002900F0BA800D680D
:1019C000002900F0B680D1F8048033465246204604
:1019D000C047002D76D02B6829461D46F0E701F060
:1019E00007035A1F012A1BD8002221F00701062BEA
:1019F000276889B2C4E9002209D13B4603E0628B23
:101A0000013262831B68002BF9D141F0020121836E
:101A1000204606F0B2FB00287AD041F0200176E0A3
:101A2000042B0AD121F0070189B22183204606F058
:101A3000A4FB10B141F020012183218B01F0070AA2
:101A4000AA454FD00027B946AAE7236921F007012C
:101A500041F00601062DD3F8009021832DD1B9F174
:101A6000000F3FD041F00801218388F31188BFF3B4
:101A70006F8F3A492046C84729E021F007012369C2
:101A800041F0040189B2042DD3F804902183E6D0FB
:101A900000273E464FF0040A82E721F00701236940
:101AA00041F0050189B2052DD3F808902183D6D0E5
:101AB00000273E464FF0050A72E700273E464FF0EA
:101AC000060A6DE72B4687E7B9F1000FD1D1EFF396
:101AD0001188202383F31288BFF36F8F238B23F0A9
:101AE00008032383258BEA062ED525F010032383D4
:101AF00005F007056669218B002EBFF670AF002345
:101B00002768C4E9003321F0070141F00101218376
:101B1000218B01F0070AAA454FF000097FF440AF7E
:101B2000002F9CD041F00801218388F31188BFF376
:101B30006F8F002FC8D03D68394633465246204645
:101B400006F047FB2F46F4E7AB067FF51BAF25F009
:101B50002003238305F0070500E700BFFF81000095
:101B6000014B0360002070474097000070B5114B97
:101B70001C680D46DCB1104B196800238B4202DB58
:101B80006FF0010070BD224612F8106B864202D041
:101B900001331446F2E7E06810B96FF01200F1E784
:101BA00007F0BDFA0028F8D02C600020EAE76FF0BB
:101BB0000C00E7E7D00400204097000070B588B023
:101BC00005460C46C0B269461646FFF7CFFF00280F
:101BD0001BDB0098C8B143680293836822680195B3
:101BE000CDE903360023CDE906230593C56806F049
:101BF000AAFB6DB12846084901AA06F05EFE0798C7
:101C000008B9059B236008B070BD6FF01500FAE7B6
:101C10006FF01200F7E700BFED83000008B505483C
:101C200006F094FA044806F091FABDE8084003482B
:101C300006F08CBA4CA000007DA00000B0A000000F
:101C4000014804F063BB00BFB497000038B50446F8
:101C500018B90F4B0F485B6898476168B1F5683F4A
:101C600010D0B1F5680F0DD00B4DA9420AD011F478
:101C70006861206807D00146084807F0ABFA0023E6
:101C80002360656038BD142206F03DFCF9E700BF13
:101C9000F8050020DEA000002C5F5CA9A01A00203F
:101CA00008B520B34368B3F5683F10D1012203683B
:101CB000BFF35B8F53E8001F002903D143E80020E6
:101CC0000028F7D1BFF35B8F0DD1002008BD094A72
:101CD00093420AD000684FF0FF324FF0FF3303F019
:101CE000E1FC0028F1D00448F0E70448EEE76FF487
:101CF000E040EBE72C5F5CA9E98FFFFFEA8FFFFF75
:101D000008B5D8B14368B3F5683F10D10022036825
:101D1000BFF35B8F53E8001F012903D143E8002084
:101D20000028F7D1BFF35B8F0BD1002008BD074A15
:101D3000934208D0006803F02DFDF6E76FF4E04011
:101D4000F4E70348F2E70348F0E700BF2C5F5CA923
:101D5000E98FFFFFEA8FFFFF10B5044618B91D4B4E
:101D60001D485B6898476368B3F5683F2FD0B3F5AB
:101D7000680F2CD0194A934219D1236803BB184825
:101D80004FF0FF324FF0FF33214603F05DFC08B9FE
:101D900023681BB90F4B13485B68984720681422CF
:101DA000002106F0B0FB4FF46863636008E0B3F510
:101DB000683F0DD83A2B03D040F6BA629342DED189
:101DC000206807F03FFA636843F03A03636010BD90
:101DD000054AF3E7F8050020DEA000002C5F5CA9AF
:101DE000A01A002004A100003A00003A08B50649F4
:101DF00006484023142207F0DFF9BDE808400449F3
:101E0000044804F0F5BA00BFA0150020A01A002075
:101E1000BC970000D097000030BFFFF7FDBF00BFA8
:101E2000074A936893F90E10002907DB92699342E1
:101E30001FBF044A536843F080535360704700BF8C
:101E40009C1B002000ED00E070B5264B15469A6AF9
:101E500012F0100F9A6A14BF1124102412F0080F08
:101E60009A6A18BF1224920706460AD5586B9A6AD6
:101E7000140634D519B19A6A22F080029A621324AA
:101E800001E06FF01500174B9A6A12F0010F9A6A81
:101E900018BF142412F0200F9A6A18BF1524D20616
:101EA00002D49B6A9B070AD50E4B5B68190506D5C1
:101EB000314600F005FB10B180F309880224094B7C
:101EC0009A6A920642BF5A6A22F400525A629A6A89
:101ED00042F0FF029A6200232B70204670BD6FF023
:101EE0001500CCE700ED00E0134B9A6A12F0007F7A
:101EF0009A6A14BF1E201D2012F0807F9A6A18BFB4
:101F00001F2012F4002F9A6A18BF212012F4802F8C
:101F10009A6A18BF222012F4003F9A6A18BF232041
:101F200012F4803F9A6A6FEA02426FEA12429A62A2
:101F300018BF2420704700BF00ED00E010B5194B1A
:101F40000246986A9C6A10F4805F14BF172016201E
:101F500014F4006F9C6A18BF1820A40509D5986B6B
:101F6000986A000404D51AB19A6A22F400429A626F
:101F700019200C4B9A6A12F4806F9A6A18BF1A20C3
:101F8000D2050CD49B6A13F4005F18BF1C20054ACD
:101F9000936A43F47F43936200230B7010BD1B20B0
:101FA000F5E700BF00ED00E070B5454B5B689CB005
:101FB0000546C3F30803002686F31188BFF36F8F2D
:101FC00002F07F40B0F17F4F11D102F00C000828E1
:101FD0000DD010074CBF0D4601260022033B8DF8A3
:101FE0000720032B05D8DFE803F01E5D615A354654
:101FF000F3E700249DF807309BB96822294602A820
:1020000006F076FA099B002E54D0C3F3080222B9D9
:102010006FEA53236FEA4323099302A9204606F08F
:1020200008FA1CB070BD264BDA6A9107E1D4DA6A6F
:10203000002ADEDBDA6A5200DBD55A69A96942F46C
:1020400080725A61BFF34F8FBFF36F8F5A6931F8B7
:10205000021C22F480725A61BFF34F8FBFF36F8F5F
:102060004DF6027291420AD09A6AD2B24AB10DF18B
:10207000070201212846FFF7E7FE0446BAE72C686D
:10208000B8E79A6A12F47F4F05D00DF107010120DD
:10209000FFF754FFF1E79B6AB3F5803FA9D3FFF741
:1020A00023FFEAE70DF107020021E3E70DF1070145
:1020B0000020EDE723F4FF7323F00103ACE700BF3A
:1020C00000ED00E0044B5A6942F010025A615A696F
:1020D00022F008025A61704700ED00E0EFF308803B
:1020E000EFF3098101B57246FFF75EFF01BD00BF46
:1020F000002080F31488BFF36F8F01F0BFFF002032
:102100000D490860BFF34F8F0C4880F3088800F03A
:102110002BF8202080F3118809484FF404614018FF
:1021200080F30988EFF314800221084380F31488B8
:10213000BFF36F8F00F02EF994ED00E00051002006
:10214000001F00200749D1F890200023C2F3072286
:102150001846934200DB7047C1F89830C1F8A000E0
:102160000133F6E700ED00E008B572B6002383F313
:102170001388FFF7E7FF144B4FF0FF32C3F88020BE
:10218000C3F88420C3F88820C3F88C20C3F89020BB
:10219000C3F89420C3F89820C3F89C20C3F880218A
:1021A000C3F88421C3F88821C3F88C21C3F8902197
:1021B000C3F89421C3F89821C3F89C2162B6BFF3F9
:1021C0004F8FBFF36F8F08BD00E100E0084B9B68A5
:1021D00083420BD1EFF3058343B1064B5A6842F0BB
:1021E00080525A605A6A22F400425A6207F0E8B8F4
:1021F0009C1B002000ED00E0094A93686FF00A0183
:102200009967084958674B6843F080534B60002337
:1022100083F31188BFF36F8F9368986F704700BF87
:102220009C1B002000ED00E010B5114A91680346A8
:1022300081F8BD00EFF31181202181F31288BFF3F3
:102240006F8F906990600B4A4FF00061516090F879
:10225000BD4023F0FF0300221C43436F426783F31A
:102260001188BFF36F8F00F0C5F9204610BD00BF85
:102270009C1B002000ED00E019498A6882F8BDE04F
:102280004FF030001044EFF3098C80E8F01F1EF08F
:10229000100F03D102F17C0080EC108A7446704666
:1022A000FFF7C2FFA6460E498A6886461EF0100F49
:1022B00003D00023E1EE103A03E002F17C0090EC41
:1022C000108AEFF3148323F0040383F31488BFF31D
:1022D0006F8F02F1300090E8F01F8CF3098870478F
:1022E0009C1B00201EF0040F0CBFEFF30880EFF3DF
:1022F0000980816911F8021C0229FFD001B506F09E
:102300009EF801BD40B2002807DB044A41090123C1
:1023100000F01F00834042F82130704700E100E0E8
:1023200040B200280CDB4309064900F01F002033AF
:102330000122824041F82320BFF34F8FBFF36F8FFC
:10234000704700BF00E100E0054B420900F01F00AC
:1023500053F82220012303FA00F01040704700BF19
:1023600000E100E040B20028A8BF00F1604001F1A8
:102370000101B8BF064B4FEA4111ACBF00F5614007
:1023800000F00F00C9B2B4BF195480F800137047B1
:1023900014ED00E0144A08B5144B22F07F029A6055
:1023A000BFF34F8FBFF36F8FD3F8882022F47002F2
:1023B000C3F88820D3F8882042F4A002C3F888200C
:1023C0004FF04042C3F83422BFF34F8FBFF36F8FFB
:1023D0000023E1EE103A03F073F803F0F3FD00F090
:1023E000DFF803F0B1F800BF0000000000ED00E0EE
:1023F000017B890705D5416E40314166816E4039C8
:10240000816642F8203C009B42F81C3C0F49019B2E
:1024100042F8183C029B42F8143C21F001014FF0B5
:10242000807342F8043C42F8081C00234367037B96
:1024300013F0020FA2F120024FF6085308BF4FF429
:102440007D430265C0F8BC30704700BF6781000063
:10245000037B13F0020F194B03D190F8BD20D20675
:1024600017D45A6B42F080425A63D0F8BC30190737
:1024700009D443F00803C0F8BC30436E40334366D0
:10248000836E403B8366037B43F00203037380202B
:1024900070475A6B22F080425A63D0F8BC301A075A
:1024A00001D44020704723F00803C0F8BC30436ECD
:1024B000403B4366836E40338366F2E700EF00E003
:1024C0000C4A03469068A0B1D0F8BC20406E12F0D0
:1024D000080F0CBF4022802213F1160F04D0821A7D
:1024E0009A4205D8834203D2814228BF0020704718
:1024F000002070479C1B0020104B9B6883421AD120
:10250000EFF30580B8B9EFF31181202282F312882E
:10251000BFF36F8F1A7B22F002021A73EFF314835A
:1025200023F0040383F31488BFF36F8F81F31188C2
:10253000BFF36F8F70476FF0150070479C1B002032
:1025400008B515460E460022E1EE102AEFF314827C
:1025500022F0040282F31488BFF36F8FBFF36F8FF2
:10256000094A906000F046F82C4686F309884FF03F
:102570000000064B984720464FF000014FF0000244
:102580004FF00003024C20479C1B00205D8400009C
:1025900067810000014B10221A61704700ED00E0D6
:1025A000044800232021C2180133302B82F8001385
:1025B000F9D1704700E100E008B5EFF30583064A62
:1025C000103B02EBC30152F8330049688847BDE86D
:1025D0000840FFF725BC00BF70950000024B034A7E
:1025E0000348012100F07CB8000004200000002016
:1025F000E097000010B50446FFF72AFF626E03461D
:102600000548D21AC0E90023044B8360BDE810409E
:10261000012100F06FB800BFBC1A002000000B15AC
:10262000084AC2F898000B6823F01F03034343F0E5
:102630001003C2F89C308B6843F00103C2F8A0304D
:10264000704700BF00ED00E02DE9F043DFF8608047
:1026500085B00E461F4604464FF00009B14523DA07
:102660006068D8B13FB1411E08421BD11F2819D95B
:102670002368194216D12368019305F012FFA3685D
:1026800003430393D8F89050C5F30725D0B2013D1A
:10269000A84207D801A9FFF7C3FF421C09F10109AD
:1026A0000C34DBE76FF01502104605B0BDE8F0838F
:1026B00000ED00E0044B0522C3F89420BFF34F8FD8
:1026C000BFF36F8F704700BF00ED00E0BFF35F8F77
:1026D000024B0022C3F89420704700BF00ED00E0D9
:1026E00010B5034C01232278FFF7AEFF207010BD18
:1026F000AD1E002008B50B4A00231278FFF7A4FF97
:1027000010F1160F07D0084A0021D2F89030C3F319
:102710000723984200DB08BDC2F89800C2F8A01059
:102720000130F2E7AD1E002000ED00E02DE9F0439E
:10273000534B544CD3F890302568C3F307239D4284
:1027400085B000F29A80FFF7C1FF00200C26854279
:102750001AD14D4C4D4F25706846FFF701FADFF84E
:102760002081DFF82C9106460025AE4213D1237854
:1027700043490020D1F89020C2F30722934276DB30
:10278000FFF798FF002042E0616806FB0011FFF7A9
:1027900047FF0130DBE7009800EB05114FEA051C0D
:1027A000CB683B40B3F5000F48D00AD8B3F5001F03
:1027B00030D0B3F5800F36D0B3F5801F10D001357F
:1027C000D3E7B3F1807F42D0B3F1007FF7D150F867
:1027D0000C3088684A6805F064FE40F4802009E007
:1027E00050F80C3088684A6805F05BFE40F088506D
:1027F00040F43020CDE901230390D8F890302078C0
:10280000C3F30723013B98422AD96FF0150005B0A6
:10281000BDE8F08350F80C3088684A6805F041FE46
:1028200040EA0900E6E750F80C3088684A6805F08D
:1028300038FE40F0007040F40030DBE750F80C3018
:1028400088684A6805F02DFE40F08270D2E750F8A3
:102850000C3088684A6805F024FE40F08870C9E7AB
:1028600001A9FFF7DDFE237801332370A7E7C1F844
:102870009830C1F8A00001337CE74FF0FF30C6E785
:1028800000ED00E0EC970000AD1E00200000F0FF1E
:10289000000008110E4A0123C2F840354FF0804273
:1028A0004FF08051C2F87835D1F83001082808D1AE
:1028B000D1F83411052904D80648415C09B1C2F8A1
:1028C00038364FF080430122C3F88025002070473E
:1028D00000E0014040A1000020B1034B800143F023
:1028E00001031847704700BF10970000084B70B5F0
:1028F000C31A0D4607499B10044659430648402217
:1029000005F013FE2B4601462046BDE870401847EF
:10291000DC1A0020B76DDBB6F894000073B50C4CE0
:102920000C4A4023041B00930D460B460A49A41091
:1029300061430646094805F023FE011E05DA3046CC
:102940002B4602B0BDE87040184702B070BD00BF12
:10295000DC1A0020E9850000B76DDBB6F8940000B2
:1029600010B5EFF31184202383F31288BFF36F8F28
:10297000074A136823F00201DB07116002D401202B
:1029800006F0B0FA84F31188BFF36F8F10BD00BF5B
:102990002C1B0020002270B5012104461046FFF7D1
:1029A000E1FC0F4801F006FD0E4B984215D101F0F5
:1029B00011FD26690C49304605F02FFC00280BDB81
:1029C000012535642469084904F11C0005F025FC43
:1029D000002801DBE564002070BD6FF00400FBE718
:1029E000E92A00000000AD0B0C9800001FB5002282
:1029F0000123CDE90223094ACDF800D06B46CDF87A
:102A000004D005F0EAFD002805DB4FF480420023E6
:102A1000684602F01FFF05B05DF804FB0986000060
:102A200030B4104B0C2202FB003301460020D3E9E6
:102A30000E529863EFF31180202484F31288BFF3C1
:102A40006F8F1C6C04F0C00444F002041C6480F31B
:102A50001188BFF36F8F1DB12B46034830BC184758
:102A600030BC7047DC1A0020F894000010B4EFF37B
:102A70001182202383F31288BFF36F8F18480168F7
:102A800041F002040460C80708D482F31188BFF340
:102A90006F8F01205DF8044B01F0AEBC4FF0804118
:102AA000D1F80C04D1F80C14C907EED5EFF311805E
:102AB00083F31288BFF36F8F0A490B6C03F0C003D6
:102AC00043F002030B6480F31188BFF36F8F82F32E
:102AD0001188BFF36F8F00205DF8044BFFF7A0BF94
:102AE0002C1B0020DC1A002010B1012804D07047F4
:102AF000034B1B6C5B0701D1FFF792BF704700BF10
:102B0000DC1A00202DE9F0413849BFF35B8F0746FE
:102B1000012251E8003F41E800200028F9D1BFF32D
:102B20005B8F33B9324933484B60CB608A6005F024
:102B300087FB7B1E012B2BD8012F07D14FF0804341
:102B4000D3F81C3403F00303012B21D006F08DFBD6
:102B50000546F8B9284B1B78E3B14FF080430222B9
:102B6000C3F808230646DFF894804FF08044D4F879
:102B70001824D4F81834D20315D503F00303012B1D
:102B800001D0012F0FD155B386F31188BFF36F8F9A
:102B9000BDE8F081EFF31186202383F31288BFF3A1
:102BA0006F8F0125DFE7ADB1304605F06BFCD4F83F
:102BB0001835002BDBD1D4F80421002AD7D0C4F873
:102BC0000431D4F804310123C4F81835C8F8803131
:102BD000A360CCE70021212003F04AF9E7E74FF09A
:102BE00080430222C3F80423D2E700BFD81A002092
:102BF000C81A0020F81A0020BF1E002000E100E0E3
:102C0000004870479C9800002DE9F04F45688FB050
:102C10000446286806F083FA28B96FF012052846A2
:102C20000FB0BDE8F08FE868002848D1206905F0B2
:102C3000FDFCAB238DF80B300AAE0DF10B03AD8E0E
:102C40006068089308AF01233146CDE90A73099300
:102C500005F02DFD002837D06168089601F1370393
:102C600001939F238DF80A300DF10A030125049387
:102C70000DF110080023CDE90A35CDE906850DF1E7
:102C80000C0A4FF0030B02230595CDF830A0CDF8C8
:102C900034B0099351F8040B0DF118093B464A462C
:102CA00005F0B5FC70BB01985A46514605F010FC82
:102CB00070B16FF01205206905F0B6FCAFE706F0C1
:102CC0002EFA0028B2D1A8E7284606F023FAC3E777
:102CD000D4F804A0104B06934146042350460B95AC
:102CE000CDE90937CDF8209005F0E8FC054600282D
:102CF000E1D1BDF81030DB07DDD43146504605F098
:102D0000D6FC10B16FF00405D5E7204605F0FAFCBB
:102D10000028D0D0F6E700BF3D2A80A62DE9F04379
:102D20000D1E87B007461646C0F28580D0F8048095
:102D3000AB18D8F820209A427DD3B8F82E3095FBF6
:102D4000F3F203FB1252002A78D1B6FBF3F203FB35
:102D50001263002B72D1006905F068FC98F83030DE
:102D6000002B3DD1D8F82030B34239D1354B0193F7
:102D700001AB02930423039302AB0493786801230D
:102D800004A9059305F093FC20B9384605F0BAFC78
:102D9000044608B16FF00404386905F045FC20468C
:102DA00007B0BDE8F083D8E909932BB1AB421BD83B
:102DB0004D4501D2A9EB030998F83130B3B9B145BB
:102DC00014D809F1FF332B4210D12A467C21384612
:102DD00005F0F7FC4D440446A6EB0906002CDBD1B8
:102DE000002EE0D13446D7E79946E5E7B8F82C3015
:102DF000B34202D8013B2B4206D0B8F82E30B34282
:102E00000DD96FF01504C7E72A465021384605F062
:102E1000D8FCB8F82C3004461D44F61ADEE7013B16
:102E20002B42EED12A468121384605F0CAFCB8F87B
:102E30002E300446F0E76FF01204B0E76FF015048F
:102E4000ADE700BFC794809A024B0B60012313606B
:102E5000704700BF301B002000487047B898000042
:102E600010B5012211460648064C06F0F2F906F0AC
:102E7000D9F8206006F0D2F86060002010BD00BFD5
:102E8000381B0020301B00204FF08042D2F8101574
:102E9000D2F8103501F01E0123F01F030B4343F05D
:102EA0000103C2F81035024B00221A70704700BFB0
:102EB000AE1E00204FF08053D3F83031082B20D1C4
:102EC0004FF08042D2F81015CB071AD5D2F8103542
:102ED00001F01E0123F01F030B43C2F81035D2F896
:102EE00008315BB1D2F8103523F01F030B4343F0D8
:102EF0000103C2F810356FF08B007047024B0122BE
:102F00001A700020704700BFAE1E00202DE9F0416E
:102F10000D46164606F082F831460746284605F06B
:102F200070FC78B3B5FBF7F307FB135353BBB6FB49
:102F3000F7F407FB14642CBBB7421DD84FF0FF32E7
:102F40004FF0FF331148DFF8488002F083FC06F0B1
:102F500065F80746FFF7AEFF044680B9284601F042
:102F6000CFFE98F800300BB1FFF78EFFF61B3D4403
:102F7000F0D1064802F04AFC2046BDE8F0816FF02F
:102F80008B04F6E76FF01504F6E700BF381B00204E
:102F9000AE1E00202DE9F8430E463046194617466E
:102FA0001C4605F02EFC88B344EA060515F003051F
:102FB0002CD1BCB11748DFF864904FF0FF324FF0CE
:102FC000FF3302F047FC24F00304AC4206EB050893
:102FD0000BD1114AD2F80034DB07FBD500240D4891
:102FE00002F014FC2046BDE8F883FFF763FF50B9F8
:102FF0007959404601F0A4FE99F800300BB1FFF773
:1030000043FF0435E1E76FF08B04E8E76FF0150448
:10301000E8E700BF381B002000E00140AE1E0020A2
:10302000F0B54068057B01F01F0444EA45140569CA
:1030300087B0002D64D0B2F5001F00F1100506D155
:103040002146284605F0DFFF002007B0F0BD01AEA5
:103050000027B2F5800F0197776039D1B3F1007F77
:1030600014BF052304238DF804300023CDE9046345
:103070000393836823FA01F111F001011AD1B2F12F
:10308000A07F17D104F01F03620903F5E0732AD073
:10309000012A3BD11F4A52F82330DB070AD40DF135
:1030A000030632462146284601F084FC1A4B98421A
:1030B0001CD0029603AA2146284601F03DFB174B7F
:1030C000984220D101222146284601F0D7FCBBE7D7
:1030D000B3F1C06F05D0B3F1007F14BF0123022309
:1030E000C1E70323BFE74FF0A042D4E731462846AB
:1030F00001F0BEFC094B9842DBD06FF00B00A4E757
:103100006FF08500A1E76FF015009EE751F82330BE
:10311000FFDE00BF000300500400AD0B0000AD0B4C
:1031200038B545682B69B3B11035284601F090FCDD
:10313000044680B90146284601F056FC084B9842E7
:103140000BD108492246284601F02EFC22460521D3
:103150000620FFF707F9002038BD6FF00400FBE7F9
:103160000000AD0B69310000420970B5034602D082
:10317000012A17D070BD0D4E326951680029F9D06F
:1031800003F01F0301250C689D400029F2D08A68D6
:103190002A4002D04B68304698472CB1236821461C
:1031A0001C46F2E7024EE7E72346F8E720950000C9
:1031B0000C9500002DE9F043466840F20635D00634
:1031C000337B87B002EA050554BFC2F340100320E9
:1031D00001F01F07B5F5837F144647EA43178DF8C2
:1031E000030045D00FD8062D18D007D8B5B1022D51
:1031F00040D06FF0150007B0BDE8F083B5F5807FD3
:10320000F7D101250AE040F20222954234D0B5F50B
:10321000407F33D0B5F5007FEBD102250123220397
:1032200003FA01F12CD57368C3F80815326982BB23
:1032300007F01F037F0929D0012F77D13E4A02EB07
:10324000830284F48033D2F80017C3F30043C4F33D
:10325000404444EA430421F4E16144EA800421F05B
:10326000070144EA05230B43C2F800370020C2E7F8
:103270000725D3E70425D1E70525CFE70325CDE7CB
:10328000630344BF7368C3F80C15CFE74FF0A04247
:10329000D5E710360DF102023946304601F08AFBBF
:1032A00014F4403F80460CD13946304605F0A9FE63
:1032B000224B9845DAD19DF80210304601F0D2FB3E
:1032C000D4E701AB4FF0000903AA39463046CDE9F7
:1032D0000439CDE90199CDF80C9001F02DFA174B86
:1032E000984286D114F4003315D09DF803308DF840
:1032F0000E3084F48034C4F300444B4603AA3946AC
:1033000030468DF80C508DF80D4001F0CFFA0B4B84
:103310009842CDD06DE7CDE9043303AA0DF1030344
:1033200039463046039301F007FAF0E703F5E073FE
:1033300052F82330FFDE00BF000300500000AD0B49
:10334000036803F01F025B09026004D0012B0348ED
:1033500018BF002070474FF0A04070470003005096
:103360002DE9F04F544FDFF8548185B092468146E5
:1033700000EB810140F2FF16494503D1002005B062
:10338000BDE8F08FD9F800305804C3F3C322C3F36B
:10339000080400F18B801B0E043BBD5CB44208BFE7
:1033A0004FF0FF34152B00F28480DFE803F00B129E
:1033B00023828282822B5A828282828282828282CB
:1033C0005D737679621CCAF808456CD109F104096D
:1033D000D2E7631CCAF80C45F8D04FF0010B03A8E4
:1033E0000394FFF7ADFF039B012202FA03F3C0F839
:1033F0000C3511E0CAF81045601CE7D04FF0000B07
:103400005A4609E0CAF80845002DF5D1631CDDD005
:103410004FF0000B5A460625D9F80030019303F40B
:103420000040002818BF002203A8009218BF4FF0E8
:10343000010B0394FFF784FF039C019B009A00EBB0
:103440008400C3F3412CD0F800472B0243EA8C03DD
:10345000134304EA0804234343EA4B03C0F800374C
:10346000B4E7CAF80C45CFE7CAF86045621CD9F842
:103470000030ABD0C3F30043002BAED003A80394BD
:10348000FFF75EFF039B4FF0010B0BFA03F3C0F84D
:103490000835B5E7CAF86445E8E7CAF86845E5E7DE
:1034A000CAF86C45E2E74FF0000B98E76FF01500A3
:1034B00065E76FF0850062E7A4A10000F0F8FCFF6B
:1034C0002DE9FF410569D0F804802B6D0646A86CF4
:1034D000002835D1002B53D0B8F830406A6CEF6C1F
:1034E0009C4228BF1C46EB6C53B1296D41B107F0DB
:1034F0006041B1F1005F03D0082C6F6E28BF082433
:1035000000926A6CAC651AB1AA6C002A18BF2246F8
:10351000CDE901271BB12B6D002B18BF23460022DC
:1035200069464046039301F027FE184B984229D084
:103530006FF00401304604B0BDE8F04105F02DBB4A
:10354000696CEF6CB8F830400A46ABB1834228BFD3
:1035500003469C4228BF1C460029C4D001F06043AA
:10356000B3F1005FBFD0082C28BF08242246286E84
:1035700004F0BEFF2A6EB6E7844228BF0446EBE79C
:103580001946D7E704B0BDE8F08100BF0000AD0BDD
:103590002DE9F04F8DB09846436801938B880469FC
:1035A0000F4699040546914600F11A814FF0FF320B
:1035B0004FF0FF3304F1100002F04CF96760D5F8CA
:1035C00004B0D5F810A0DBF8083003939AF85D300A
:1035D00023B1DAF800309F4200F08680B7F804E0AB
:1035E0001EF4006F40F033811EF0090F40F02C8173
:1035F000CEF34513082B40F027813B680293029AD3
:10360000AB4B9A4240F220810BF10C0CBCE80F004E
:1036100004AE0FC69CE80F0086E80F00DDE9023219
:103620009A4228BF1A46A34B9A421BD2A24B9A42F7
:1036300018D2A24B9A4215D2A14B9A4200F2D980DD
:10364000A04B9A4200F2D7809F4B9A4200F2D5805D
:103650009E4B9A4200F2D3809D489E4B9E498242E7
:1036600088BF0B461EF0020F09930EF0040300F012
:10367000C880002B14BF032302238DF82830CEF31B
:1036800000138DF82930DBF80030D3F808251EF040
:10369000020F4FEA5213CEF3400102F01F0240F036
:1036A000B780002B00F0B180012B40F0FA808B49ED
:1036B00001239340C1F80C359AF85D302BB1584680
:1036C00001F020FD00238AF85D302B46844A04A9CE
:1036D000584601F0E3FC834B984240F0A58001235B
:1036E0008AF85D30CAF80070012384F85C30019BD1
:1036F000996B4A1C03D003F13C0005F0B8FAB9F10C
:10370000000F40F0A780C4F834900023A36304F1B5
:10371000480204F1380104F1340005F067F96064EF
:10372000B8F1000F40F09F80C4F83C800023236470
:1037300004F1500204F1400104F13C0005F056F997
:1037400000263246E06401212046266305F084F914
:103750002846FFF7B5FEA06B32463346834240F061
:103760008B800023266C1946B14240F08C80934236
:10377000274638BF13464FF4FA5202FB03F657F8B8
:10378000203B4FF000081B68B6FBF3F64FF4004CEB
:10379000C836414640F2E7304FF47A720023E6FB28
:1037A0000C01FCF7ADFC02460B46384602F052F81D
:1037B000024618B9266B16F1740F6BD10198C4F844
:1037C000588001F09FFC84F85D806FF073012846FB
:1037D00005F0E3F9384602F063F86FF0730625E070
:1037E000A369002B7FF4E2AE63689F427FF4DEAEF4
:1037F000E5E63D4B36E73D4B34E73D4B32E73D4B8D
:1038000030E7003B18BF012337E74FF0A0414FE7F7
:103810003BB1012B48D1314901239340C1F8083510
:103820004AE74FF0A041F7E76FF0040623689B8852
:1038300013F4005304D1636004F1100001F0E6FFBB
:1038400030460DB0BDE8F08F6FF01506EEE76FF073
:103850008506EBE7D9F800306363002B3FF455AFE2
:10386000D9F8043052E7D8F80030E363002B3FF476
:103870005DAFD8F804305AE7616B01EBC301013347
:1038800049680A446AE7E06B00EBC1000131406817
:10389000034469E7002EC9D00146286905F0DCF829
:1038A000C4E7C1F80C15FFDE0023C3F80835FAE7BA
:1038B00047E801000048E8010024F40000127A0003
:1038C000FF083D007F841E003F420F001FA107003C
:1038D0008FD0030048E8010090D00300000300509F
:1038E000BD8B00000000AD0B00093D0080841E0070
:1038F00040420F0020A1070000F01F0240090DD038
:1039000001280ED10A4B03EB82030A4AD3F80007C1
:10391000024042EA8102C3F8002770474FF0A043FB
:10392000F1E702F5E072002353F82230FFDE00BF1A
:1039300000030050F0F8FCFFF0B587B001238DF8CC
:10394000023002238DF804306B4403930F4601AB21
:103950000DF103010024049305460291059401F042
:1039600087F80C4B984206460FD103AA39462846E1
:1039700000F0E2FEB0420BD09DF80310284601F0A3
:1039800071F86FF0040007B0F0BD6FF01200FAE7B5
:103990002046F8E70000AD0B70B5012383400E4AC6
:1039A000BFF35B8FDC4352E8001F01EA040542E8E5
:1039B0000056002EF7D1BFF35B8F4FF48032824068
:1039C0000648C0F80823BFF35F8FBFF36F8F0B4229
:1039D00014BF0120002070BD641B002000100140B6
:1039E00070B40E49D1E90034D01AC31844F1000470
:1039F00022F07F46C1E90034A6F50013B3F5400F6D
:103A000009D2074B1B681A0A1B069C19054B42F189
:103A10000005C3E9004570BC02F0AEBBC80600203B
:103A2000681B0020D006002011B3BFF35B8F012379
:103A3000104A834052E800CF4CEA030C42E800C130
:103A40000029F7D1BFF35B8F0B4A4FF480338340DB
:103A5000C2F80433094BBFF35B8F1B68BFF35B8F66
:103A6000C340DB0742BF064B4FF40032C3F80021CE
:103A7000704700BF641B002000100140601B002045
:103A800000E100E00D4B1868010A0006BFF35F8FEC
:103A90000B4BD3F80435181841F10001B3F5801F22
:103AA0000AD2084BD3E90023904271EB030303D2FF
:103AB00010F1807041F10001704700BF681B0020C9
:103AC00000100140D00600202DE9F04F85B01646C9
:103AD0001F469DF840A00446FFF75EFF0190FFF7E8
:103AE000D1FFB04271EB070354D23E4B301A67EB63
:103AF0000101984271F100014FD23B4B03EB0413DB
:103B0000D3E902239F4208BF96425ED037494FF463
:103B1000803804F1500508FA04F8AD00C1F8488374
:103B20002046ADB205F0CBF826F07F4B05F180457D
:103B300004F5A87305F58835DC464FF003090293B8
:103B4000029A2CF07F4341F82230C1F84483D1F827
:103B50000435274A6FF00200C01A604420F07F400D
:103B6000904232D9286868B1D1F804350393A3EBA9
:103B70000B0020F07F40B0F5000F26D9204605F05D
:103B80009EF8039BBAF1000F07D109EB030C09F172
:103B90000109D5E7BAF1000F09D06FF015052046ED
:103BA0000199FFF741FF284605B0BDE8F08F0123DA
:103BB000104ABFF35B8FA34052E8000F184342E85E
:103BC00000010029F8D1BFF35B8F07490E9823014C
:103BD00001EB0412C8500F9B5360C2E90267002535
:103BE000DDE700BF01008000B806002000100140A2
:103BF000FDFF7F00601B00207FB51C4C1C4BC4F8F0
:103C00000833C4F848331B4B00254FF0FF304FF00A
:103C1000FF31C4F80855C3E902014FF48033C4F8FA
:103C20000433154B02264FF400320121C4F804631B
:103C30001120C3F880212A46FEF794FB1120FEF7DD
:103C400061FB0E4A0123A360236013600C4B0D4AF5
:103C50000093CDE9015500232846FFF735FF304694
:103C6000FEF750FF284604B070BD00BF00100140B1
:103C700003000F00B806002000E100E0641B0020F4
:103C8000E1390000FFFF7F002DE9F7432F4CD4F806
:103C9000043399070BD5D4F8043143B12C4A0023DF
:103CA000C4F80431D4F80431136801331360D4F834
:103CB0000433DA0329D5BFF35B8F264B53E8002F7B
:103CC00022F0010143E800100028F7D1BFF35B8F19
:103CD000D30702D4D4F84031BBB10025C4F8405119
:103CE000D4F84031FFF7CEFEEFF31182202383F3A7
:103CF0001288BFF36F8F184BD3E90267B042B94106
:103D000006D282F31188BFF36F8F03B0BDE8F08352
:103D10004FF0FF384FF0FF39C3E90289D3E90010B3
:103D20001D604FF48033C4F84833C4F84051D4F8D0
:103D3000403182F31188BFF36F8F0029E5D00090E6
:103D400032463B4628468847DFE700BF0010014067
:103D5000681B0020601B0020B806002030B5431C03
:103D6000124C85B005D08442A8BF0446012CB8BFD0
:103D70000124FFF787FE0E4B0C4DD3E90013401AC8
:103D8000B0F5000F10D22218AA4228BF2A465218B6
:103D90004FF0000007490091CDE9010043F1000315
:103DA000FFF792FE05B030BD2A46F0E7FFFF7F0027
:103DB000C8060020E139000008B5FFF763FE024B9A
:103DC0001B68C01A08BD00BFC806002010B5084C0B
:103DD000012363601120FEF7A3FA064BC4F80833F1
:103DE000C4F84833044B4FF40032C3F8802110BDAF
:103DF0000010014003000F0000E100E030B50C4965
:103E00000C4D0B680246002405EB0310D0F808089F
:103E1000C0B218B904B10B60002007E00133072BD2
:103E20004FF00104F0D90B606FF01B00136030BD40
:103E30006C1B002000E0014030B5816885B010396E
:103E400021F00704054604F0CAFA1022014668462C
:103E500004F059FB07491022684604F049FB10237F
:103E60006A462146284604F084FA003818BF01202B
:103E700005B030BD3A9B000030B50D46816887B073
:103E8000102302AA1039044604F05EFA002802DA70
:103E9000012007B030BD102202A9204604F080FFA7
:103EA00000283AD11E49102202A804F011FB002874
:103EB0000CBF012302232B70204604F05DFF012379
:103EC00001460DF10702204604F03EFA0028DFDB30
:103ED0009DF8073003F00F021B096A702B71012255
:103EE0000DF10701204604F05BFF10B96B78042B3D
:103EF00003D901236B7000232B71A268183A22F0BA
:103F00000702083AA91C204604F05DFF0028BFD133
:103F1000E91C204604F0B0FFBBE70323CBE700BF5A
:103F20003A9B0000F0B5354F460085B0054669461E
:103F300057F8260004F0A6FF044610B1FF2005B094
:103F4000F0BD013602A957F8260004F09BFF0128B6
:103F500037D12B482A46492104F0E8F9294B02932E
:103F60008DF80C409DF800609DF80870264C0022EA
:103F70002078314604F006FF50B36078394604F0EB
:103F800001FF28B3A378042B03D09DF803109942B6
:103F90001ED1E378042B03D09DF80B10994217D162
:103FA0002379042B10D16279022A1DD1174B1848AE
:103FB0002A46492104F0BAF96079831E022BBED942
:103FC000BCE70028CED0B9E79DF802109942EAD0AC
:103FD0000132032A04F10604CAD10E482A464921B7
:103FE00004F0A4F90120AAE7032A05D00A4B0B49E3
:103FF000042A08BF0B46DAE7094BD8E78899000086
:10400000DCA100000301030371A20000BEA10000B7
:1040100027A200004BA20000C3A10000D5A1000010
:10402000B9A10000BFF34F8F0549064BCA6802F4DF
:10403000E0621343CB60BFF34F8F00BFFDE700BFCB
:1040400000ED00E00400FA054FF08053D3F8302172
:10405000082A06D1D3F83431052B02D8024AD05CA5
:1040600070470020704700BF89A20000024AD2F8C2
:104070000034002BFBD0704700E0014010B54FF03A
:104080008053D3F83021082A4ED14FF080420021CE
:10409000C2F80C11C2F81011C2F8381502F54042EE
:1040A000D3F80414C2F82015D3F80814C2F8241564
:1040B000D3F80C14C2F82815D3F81014C2F82C1534
:1040C000D3F81414C2F83015D3F81814C2F8341504
:1040D000D3F81C14C2F84015D3F82014C2F84415C4
:1040E000D3F82414C2F84815D3F82814C2F84C1594
:1040F000D3F82C14C2F85015D3F83014C2F8541564
:10410000D3F83414C2F86015D3F83814C2F8641523
:10411000D3F83C14C2F86815D3F84014C2F86C15F3
:10412000D3F84434C2F87035FFF78EFF18B1474B0F
:10413000474AC3F88C26FFF787FF18B1454BFB228F
:10414000C3F81825FFF780FF70B14FF080414FF0A2
:104150008053D1F8E42ED3F8583222F00F0203F046
:104160000F031343C1F8E43EFFF76EFF20B13A4B53
:104170004FF40072C3F840264FF08053D3F830312B
:10418000082B09D14FF08043D3F80024D20744BF55
:104190006FF00102C3F80024304AD2F8883043F4AB
:1041A0007003C2F88830BFF34F8FBFF36F8F4FF0AB
:1041B0008053D3F83021082A0ED1D3F83431052B9F
:1041C00002D8274AD35C3BB14FF01023D3F8082222
:1041D0004FF08043C3F858254FF01021D1F80C322E
:1041E000DB0714D51F480123C0F80435FFF73EFF55
:1041F000D1F80C3223F00103C1F80C32FFF736FF7F
:104200000023C0F80435FFF731FFFFF70BFFD1F8AB
:104210000032002B03DBD1F80432002B14DA1149F1
:1042200001234FF01020C1F804351224FFF71EFFC0
:10423000C0F80042FFF71AFFC0F80442FFF716FF6C
:104240000023C1F80435DEE710BD00BF0050004078
:104250004881030000F000400090024000ED00E0C3
:1042600083A2000000E0014030B50468CCB1BFF388
:104270005B8FB4FA84F3C3F11F03DBB201229A40CF
:1042800024EA020250E8005FA54204D140E8002C75
:10429000BCF1000FF6D1BFF35B8FE6D102480B7083
:1042A00030BD0248FCE700BF0000AD0B0200AD0BC3
:1042B00010B50368CB40DB0714D401238B400268A0
:1042C000BFF35B8F43EA020150E8004F944204D1F0
:1042D00040E8001CBCF1000FF6D1BFF35B8FEED1BC
:1042E000014810BD0148FCE70000AD0B0400AD0B18
:1042F000F7B5044618B1012823D003B0F0BD4FF044
:1043000080430222C3F808230122DA60C3F80401C3
:10431000D3F80431064601238DF8073042F21075B8
:104320004FF08047D4B1012CE7D1D7F80C3403F417
:104330008033AEBB83B3012004F0D2FD013DF4D144
:104340002AE04FF080430022C3F808035860C3F806
:104350000021D3F800310DF10706DCE7D7F8183457
:1043600003F480333EB9002BC7D0012004F0B8FD20
:10437000013DF3D1C1E7D7F8182402F003023260FF
:10438000002BBAD09DF80700012803D104F0A8FD46
:10439000013DC7D1012CB0D1054B00225A71ACE7C9
:1043A000D7F80C2402F001023270002BEAD1F3E7B7
:1043B000701B0020044B1A7922B9012218609A80E0
:1043C0000248704702487047701B00200000AD0B88
:1043D0000C00AD0B08B5074B1B682BB10020FDF797
:1043E000B3FF08B9FDF78EFF4FF080430022C3F8FA
:1043F000182508BD701B002010B510B1012843D04E
:1044000010BD4FF08043D3F81814D3F81824C80314
:1044100021D502F00303012B04D013B10020FFF7D4
:1044200067FF00234FF080420220C2F818350822AF
:104430004FF4827303F180430021196002F180423E
:104440001C6801241460154A12680AB34FF08043B7
:10445000C3F80403D4E7D3F81424D107E1D5D3F883
:104460001C249207DAD40D4A12681AB10222C3F84A
:104470000423C5E7D3F80421002AFBD00022C3F8A7
:104480000421D3F80431BBE700224FF48073D1E755
:104490001A68002AFCD019601B68B1E7701B002065
:1044A00010B54FF08043D3F800216AB10022C3F861
:1044B0000021D3F800210122C3F80823114B5879B9
:1044C00010B95A711B6898474FF08043D3F8042104
:1044D00072B10022C3F80421D3F80421D3F81824C0
:1044E000D3F81824920704D10122C3F818259A6042
:1044F00010BD0222C3F80823024BBDE810401B6820
:1045000001201847701B0020036803F01F025B099D
:10451000026004D0012B034818BF002070474FF001
:10452000A040704700030050034A430900F01F00F9
:10453000D35C1844C0B270478FA2000070B5054626
:10454000FFF7F2FF0C4C08300E4634F81030DA0555
:1045500008D5C3F3432304EBC302284654F8333091
:1045600052689847A3682BB1E26831462846BDE8F7
:104570007040184770BD00BF6C05002008B5FFF7FC
:10458000D3FF034B083033F81000400B08BD00BFC9
:104590006C05002008B5FFF7C7FF034B083033F860
:1045A0001000C0F3400008BD6C05002008B5FFF7FF
:1045B000BBFF034B083033F81000C0F3401008BDB8
:1045C0006C050020034611F0010010B5CCB20DD1EE
:1045D000A207C4F3400012D5094AD2F8200558605A
:1045E000C2F82005003818BF012008E04FF0A041B4
:1045F000D1F820251A60C1F82025002AE8D010BD86
:104600000003005010B5FFF78FFF124A083032F850
:104610001030D9051CD5C3F3432123F4F85322F8F5
:10462000103002F10E04002034F8023F13F4807FB2
:1046300003D0C3F3432399420AD001303028F3D189
:10464000002342F831300448BDE81040FFF730BE87
:1046500010BD00BF6C050020E4050020F0B5054644
:1046600000200446012607468C420BD1114BD3F89B
:104670007C2132B10022C3F87C21D3F87C3140F098
:104680000040F0BDE3B29B0003F580729B0806FA80
:1046900003F31D420BD002F1804202F5C042D2F872
:1046A00000C0BCF1000F02D017601268184301343B
:1046B000DAE700BF00600040F7B506460846FFF79E
:1046C00033FF194F00F108050C4637F81530DB07AA
:1046D00027D5304604F071FC2046FFF767FF40B154
:1046E0002046FFF74BFF316800F5A270002341F828
:1046F00020302046FFF786FF002301A827F8153059
:104700000194FFF701FF019B00EB8300074BD0F8FA
:104710000027134043F00203C0F80037044803B0F9
:10472000F0BD0448FBE700BF6C050020F0F8FCFF7B
:104730000000AD0B0400AD0B2DE9FF41164680468D
:104740000846FFF7F1FE0D463168044609B32846D6
:10475000FFF720FF18B12846FFF728FF10BB002302
:10476000CDE900338DF80E308DF80F300DF10F02CA
:104770000B4628460DF10E0104F0B6FB474A04F142
:10478000080132F8113023F0020343F0010322F84C
:104790001130736863B328461F785968FFF7FAFE33
:1047A00010B1D1B13E4826E03C4A04F1080032F88D
:1047B000103023F02003DB04DB0C22F8103061B151
:1047C000032FEFD87168496891F800C0D8F800103D
:1047D000A7B90CF5A27C41F82C70304A04F108010D
:1047E00032F8113023F01C0343EA870322F811301A
:1047F000B3684BBB2B4804B0BDE8F08101EB8C01E2
:1048000043EA4C33D1F810E52EF0030EC1F810E561
:10481000D8F8001001EB8C0E43F02003DEF81015E1
:1048200022F8103021F44F3121F44071CEF81015E8
:104830002902DEF8108501F47C5141EA074141EA82
:104840000801CEF81015C8E7D3E900672846FFF73E
:10485000D9FE002ECED0114DD5E90023964203D1CA
:104860009F4201D1002209E00F480DF10F01FFF72F
:10487000FBFC0C4B9842BED19DF80F2045F83260EE
:1048800005EBC20308345F6035F8143043EA422375
:1048900043F4807325F81430ACE700BF6C050020AA
:1048A0000400AD0B0000AD0BE40500202DE9F04342
:1048B0000C4685B08046204611461E46FFF734FE62
:1048C000054629B32046FFF765FE18B92046FFF7D5
:1048D0006DFE18BB314F05F1080937F8193013F098
:1048E0001C0F02D04B78012B18D001238DF80F300C
:1048F0000023CDE900134A1C8B1C20460DF10F014B
:1049000004F0F2FA37F8193043F0030327F81930AE
:10491000002E41D02046FFF73DFE18B9204805B0D3
:10492000BDE8F08396F800C0D8F800301B4F0CF5B6
:10493000A272002143F8221005F1080237F8121084
:1049400021F02001C904C90C27F8121075781DB395
:10495000D8F80000B67800EB8C002D04D0F81035A4
:1049600023F4991323F4F853C0F81035230203F409
:104970007C5305F440353605D0F810E52B4306F49A
:10498000801641EA4C31334341F0200143EA0E03E3
:1049900027F81210C0F810350248C0E76C05002057
:1049A0000400AD0B0000AD0B014BC3E902127047D0
:1049B0006C05002010B508461446FFF7F7FD50B10E
:1049C0000846FFF7B1FD054B083033F810300448B6
:1049D0005B0B237010BD0348FCE700BF6C05002093
:1049E0000000AD0B0400AD0B70B5164D95F880407E
:1049F00006462CBB2146602205F1100003F083FD22
:104A000030682E6F21468E420ED10023C0F87C31D3
:104A1000D0F87C3140F30730FDF774FC01230A48DD
:104A200085F88030AB6770BDCBB29B0003F5807218
:104A30007C2B08BF845001F1010108BF8358E2E7D5
:104A40000248F0E76C0500200000AD0B0C00AD0B38
:104A5000034B93F88000003818BF0120704700BF57
:104A60006C0500200148FFF723BC00BFE0050020D3
:104A70000148FFF7F9BB00BFE005002073B50368EC
:104A80001646D3F80423002AA8BF4FF0004205467B
:104A9000A8BFC3F8042308460C46FFF787FD00B300
:104AA0000846FFF777FD0146D8B92046FFF766FDB7
:104AB00004B2A40004F58072034628688150296876
:104AC00082582144D1F8102542F00102C1F8102586
:104AD0002EB12968012202FA03F3C1F8043302B0AF
:104AE00070BD2046FFF720FD0F4B083033F8103023
:104AF000C3F38203042B12D0052B12D001A801941A
:104B0000FFF702FD019AD0F81035D34003F00103FE
:104B1000991C204602B0BDE8704004F02EBA032173
:104B2000F7E70221F5E700BF6C0500202DE9F04F03
:104B3000694BDFF8B081D3F80403D8F87010C0B225
:104B400089B040F00040FFF789FD051E2FDAC2460C
:104B500000235AF87C1F06A8CDE90633FFF732FD83
:104B60005E4B01930DF118094FF0000B019A12F8FA
:104B7000013B0192DA0803F007031AF8022022FA37
:104B800003F3DA071CD409F10409BBF1000F14D0B8
:104B9000D8F870104FF00040FFF760FDD8F87C1097
:104BA00006A8FFF70FFD0028DAD125F00045012403
:104BB000002D79D109B0BDE8F08F4FF0010BD5E79A
:104BC000474B5B440293D9F800100029DBD0029BCD
:104BD00091FAA1F11C78B1FA81F141EA441420461E
:104BE000FFF7A2FC0830059438F81070C808BB081D
:104BF00019F80020039301F00701012303FA01F1E2
:104C000022EA010209F8002005A8FFF77DFC059AB9
:104C1000039B02F5E072C7F3820650F822205B077F
:104C20003746C2F3014224D520463946D6B2FFF7B3
:104C300085FC05A80594FFF767FC059B03F5E07369
:104C400050F82330C3F301439E4207D10021204690
:104C500004F093F93146204604F08FF905A8059435
:104C6000FFF752FC059B012202FA03F3C0F820353E
:104C7000A9E7022A0CD10321204604F07EF906F0B0
:104C80000503012BEAD139462046FFF757FCE5E73B
:104C900002212046039204F070F9032EF3D0039A08
:104CA000032ADBD1022EEDE795FAA5F3B3FA83F3DD
:104CB00004FA03F29B0003F1804303F5C04325EAA5
:104CC0000205D3F81005D3F81015C0F30520C1F381
:104CD0000141FFF733FC6BE7006000409FA200003A
:104CE0009FA200006C050020044AD2F80034DB07C4
:104CF000FBD50160BFF35F8F704700BF00E001404C
:104D00004FF080531A69B0FBF2F302FB130373B93F
:104D1000084B0222C3F80425C3F80805D3F8002481
:104D2000D207FBD500220448C3F804257047034886
:104D3000704700BF00E001400000AD0B0A00AD0B62
:104D400010B5054C0123C4F80435FFF7CDFF00234F
:104D5000C4F8043510BD00BF00E00140036803F053
:104D60001F025B09026004D0012B034818BF00201A
:104D700070474FF0A040704700030050012370B50A
:104D800004460D464361642600220221204604F0B9
:104D900062F920B9012004F0A3F8013EF4D1002308
:104DA0006B774FF08051D1E94C1208291AD1052AAE
:104DB00018D80E498A5CAAB14FF0FF32D4F8080522
:104DC000D4F80C15C4F80035C4F80825C4F80C252F
:104DD0000922C4F80025C4F80035C4F80805C4F851
:104DE0000C1570BD0023C4F80035FAE7A1A200003D
:104DF0000F4B984219D00DD80E4B984215D007D8BA
:104E00000D4B984211D00D4BC31A58425841704770
:104E10000B4BF9E70B4B984207D004D80A4B98424A
:104E200003D00A4BF0E70A4BEEE70120704700BFC2
:104E300080841E0020A1070048E8010090D00300F4
:104E400040420F000024F40000093D0000127A00E7
:104E50000048E80173B51646421C1C460546069BF1
:104E600018D0012902D1BBB104F033F901A8019592
:104E7000FFF774FF019B00EB83002402D0F80027AA
:104E8000074B44EA86040C4313401C4344EA4101A7
:104E9000C0F8001702B070BD04F028F9E6E700BFC3
:104EA000F0F8FCFF2DE9F347674B4D6990F804904B
:104EB0009D4206460C4600F0AF8000F29F80634B97
:104EC0009D4200F0AC8000F29180614B9D4200F069
:104ED000A980604B9D420CBF4FF080654FF080452C
:104EE000DFF88481E07E242202FB0983997F60F34E
:104EF000000199773379217C02FB03839A7F61F368
:104F000041029A77E77E5FBB6269534B9A420CBFBE
:104F10004FF0030A4FF0000A237E012B94BF0023B9
:104F200001230093206853463A460121FFF792FF80
:104F30000097606853463A460121FFF78BFF0097C0
:104F4000A27EA06853463946FFF784FF237C83F096
:104F500001030093E06853463A460121FFF77AFFC8
:104F6000242303FB0983E2681A62217C9A7F61F3A0
:104F700041029A77207FA77C217E627E336898B9B0
:104F8000D4E900ECA468C3F808E5C3F80CC5C3F87D
:104F900010454FF0FF34C3F86C45C3F81445C3F80F
:104FA00068050220C3F86405003A18BF01220229EF
:104FB000C3F8C075C3F824553DD003293ED001295C
:104FC00001D142F00202C3F854250222C3F8602541
:104FD00033792422534358F8033093B3306840F3B5
:104FE000073002B0BDE8F047FDF78CB91B4B9D427E
:104FF0000CBF4FF080554FF0804571E7184B9D4234
:1050000013D0154B9D4213D0164B9D420CBF4FF051
:1050100000454FF0804563E74FF0005560E74FF0E3
:1050200000655DE74FF000755AE74FF0206557E7E0
:105030004FF0A05554E742F00402C4E742F00602E4
:10504000C1E702B0BDE8F08780841E0020A1070000
:1050500048E8010090D003000048E80140420F00FA
:105060000024F40000127A00781B0020431C07B5CE
:105070000ED0019001A8FFF771FE019B00EB8300A9
:10508000054BD0F80027134043F00203C0F8003767
:1050900003B05DF804FB00BFF0F8FCFF2DE9F84316
:1050A0000746144C97F80480242505FB08F504EB0B
:1050B00005091E4699F81C30C3B999B14869FFF734
:1050C00097FEA8B138466251C9F80460FFF7EAFEBE
:1050D000242303FB08440023637707480123237735
:1050E000BDE8F8836251C9F80460F1E70348F7E7C7
:1050F0000348F5E7781B00200000AD0B0C00AD0B5A
:105100000400AD0BF8B5044606790068184D40F36D
:105110000730FDF705F924237343EB5853B1236897
:10512000144AC3F8082306EBC601206805EB810189
:10513000FFF724FE2421236801FB0651D3F808055C
:10514000D3F80C45D3F810758B7FDB070AD4FFF733
:105150008DFF3846FFF78AFF2046FFF787FF086A72
:10516000FFF784FF242303FB065500232B77F8BDAC
:10517000781B0020520108002DE9F0430779554DB6
:1051800024237B439046EA180E46517F85B0814622
:10519000002940F09C80EB5823B118F0140F04BF95
:1051A0000123537796E80F00242404FB075404F1ED
:1051B0000C0C8CE80F00206A421C04D0A37F9B07D4
:1051C0001AD503F086FF3368D9F8004023B103F005
:1051D0006043B3F1005F06D1B36883B103F060436D
:1051E000B3F1005F0BD0242303FB075300223A489E
:1051F0005A7705B0BDE8F08303F078FFE3E718F0D5
:10520000010318BF0123C4F8503518F0020318BF7A
:105210000123C4F8403596E80F00EC468CE80F00F7
:10522000039BC4F84405C4F84815C4F83425C4F8F1
:1052300038350023C4F81831D4F818310723C4F8DE
:10524000003524237B4318F0080F05EB03021DD122
:10525000E8580121216158B9D4F81831002BFBD04E
:1052600062464021204603F0F6FE24237B43EA18E1
:10527000EB5813BB106A461C13D107EBC70705EBAD
:1052800087012046FFF77AFD1448B2E7EB58A3B92F
:10529000106A411CF8D0937F9A070BD503F026FFC4
:1052A000F2E7937F9B0702D503F020FFE5E703F0C9
:1052B00010FFE2E703F00DFFE6E718F0040F4FF0F0
:1052C000400314BFC4F80833C4F80433DCE70448CF
:1052D0008FE700BF781B00200A00AD0B0000AD0B6C
:1052E0000B00AD0B10B5114A40214FF0402003F0E8
:1052F000B2FED0B10E4C206A421C04D0A37F9B07A3
:1053000010D503F0F3FE637F23B109494FF040202D
:10531000FFF734FD002323720648D4E90031BDE8CD
:105320001040184703F0D5FEEDE710BD841B0020A8
:10533000781B0020801B002010B5144CA8220021EF
:10534000204603F0E0F803232361114A6361114B07
:10535000A261E3614FF4806323620023A36263626E
:10536000E36222660C4A62661022A2662367E36645
:105370006367BFF35F8F094A12F8011DE1540133DF
:10538000102BF9D1BFF35F8F10BD00BF10040020B8
:10539000A7A200001000002000000020C0A2000012
:1053A00038B5EFF31185202383F31288BFF36F8F95
:1053B000064B9C6803F0C6FE85F31188BFF36F8F20
:1053C0002046BDE83840FCF701BF00BF9C1B002011
:1053D00038B5094B53F82040013053F82050A5420E
:1053E00000D838BD636823B1204603F0AEFE083410
:1053F000F5E723689847FAE79099000070B52B4BC2
:105400002B4C2C4D012286B003201A70FFF7E0FFD1
:10541000FCF704FC03F0B5FE0420FFF7D9FF264695
:10542000AE4204F1300410D300F064FC204C224E54
:10543000AC4226D300F072FCFAF7CCFF1F4A137B74
:1054400023F00103137306B070BD54F80C3C0593B0
:1054500054F8103C049354F8143C039354F8183C4B
:10546000029354F81C3C019354F8203C009354E9F7
:105470000A2354E90C0100F02FFA54F8303C5E6521
:10548000CDE7D4E90A23B3F1FF3F08BFB2F1FF3FF4
:1054900005D052EA0301206803D103F0ECFE30345A
:1054A000C6E73146183000F0EDFDF8E7BF1E0020DA
:1054B000F0960000F096000083930000980700200B
:1054C00008B50348034A0021121A03F056FE08BD2E
:1054D000B8060020C41E002070B5164E164D1749A0
:1054E000C02386B003FB006601220023CDE904231C
:1054F0000F22CDE902320193182303FB0055044625
:105500004FF4C07000FB04110D4B00954FF4A072D6
:10551000304600F0E1F9737B0A4AEE6023F00403A1
:1055200073734FF4086304FB033313442C746B60F0
:1055300006B070BDD80600209C1B002080270020EC
:105540001F920000001F0020BFB50020FFF740FFA2
:105550002C4B83F308882C4D2C4E6B692C4F43F455
:1055600000736B610024E02385F82230EC772C7601
:105570006C76AC7685F820406B6A43F4E0236B626E
:1055800085F82340FCF79EFDFDF704F84FF0FF334C
:10559000AB62EB62FDF7CAF8FDF720F81D4BB36074
:1055A00040F201129A81C3E919441C6703F0B6FD69
:1055B0000120FFF70DFF0220174DFFF709FF00F054
:1055C000CDFB164BB5610593012315490094CDE938
:1055D00003434FF421523B46CDE90144284600F0F5
:1055E0007BF96A7B064622F0040228466A7303F0C0
:1055F0007EFE2046FFF770FF3A4631462846FCF70C
:105600009FFF00BF8027002000ED00E09C1B0020D2
:10561000FD5300005808002098070020C1A2000098
:105620000029002038B5064C064D0020AC4200D3BE
:1056300038BD204603F0A6FD0028F9DB1C34F5E751
:10564000640600206406002073B50C46EFF3118158
:10565000202585F31288BFF36F8FC5685DB1256083
:105660002B68C360836901338361002081F3118853
:10567000BFF36F8F11E052EA030603D125606FF08C
:105680000B00F3E7CDE900230246083000F07EFA74
:1056900018B9034B9B685B69236002B070BD00BF03
:1056A0009C1B00202DE9F341044617461E46EFF3EC
:1056B0001188202383F31288BFF36F8FC368334AA6
:1056C0007BB180689168884219D057EA060318D1E7
:1056D00088F31188BFF36F8F6FF00F0002B0BDE841
:1056E000F081916891F90E1021610133E3609368B4
:1056F000A36088F31188BFF36F8F0020EEE7216964
:10570000F2E791F90E1090F90E309942A8BF1946B0
:105710006FF07E029142B8BF11468B422DDD03F03F
:1057200089FD0546CDE9007619482246414600F03C
:105730002DFA0028E1D0EFF31186202383F312889D
:10574000BFF36F8FA068D0B1236821699C420AD053
:105750004BB193F90E309942A8BF19466FF07E0302
:105760009942B8BF194603F065FD40B1084831467B
:1057700000F07CFA6FF00A00B0E70025D2E7002DB8
:10578000F4D186F31188BFF36F8FF3E79C1B0020E1
:10579000C01E002038B58368044663B3194A926876
:1057A00093422BD1C368012B03D9013BC360002076
:1057B00038BDEFF31185202383F31288BFF36F8F79
:1057C0000169806803F036FD204603F0DEFDA0602D
:1057D00058B190F90E2022610022826703F087FD04
:1057E0000948294600F042FAE1E7E06085F31188B4
:1057F000BFF36F8FDBE76FF01500D9E74FF0FF3095
:10580000D6E700BF9C1B0020C01E002038B5044610
:10581000EFF31185202383F31288BFF36F8F03F01A
:10582000B4FD48B10022826703F061FD29460848B3
:10583000BDE8384000F01ABAD4E902329A4218BFE3
:105840000133A36085F31188BFF36F8F38BD00BFAC
:10585000C01E002013B5EFF31181202484F31288B9
:10586000BFF36F8F846844B1013C846081F3118879
:10587000BFF36F8F002002B010BD52EA030406D1BF
:1058800081F31188BFF36F8F6FF00F00F3E7CDE95D
:1058900000230246014800F079F9ECE7C01E002021
:1058A00070B50446EFF31185202383F31288BFF30C
:1058B0006F8F6FF00A06204603F067FD18B1866708
:1058C00003F015FDF7E7A06029460248BDE87040E7
:1058D00000F0CCB9C01E0020F0B5073285B022F030
:1058E00007020446BF320E9D0D9E2573583022F0EC
:1058F0007F02C4E91600042500203F2AA673C4E9EC
:105900000600A0606573E07301F14007A2F1400654
:1059100005D880F31188BFF36F8F284602DFC4E9F2
:1059200019768D1800260C9AE66602920B9A01925F
:105930000A9A009220462A46FCF75AFD044B6665F7
:105940009B6803B11B6F2367284605B0F0BD00BFFD
:105950009C1B002038B50D4D2B4653F81C4F9C4224
:1059600000D004B9EC68AB6838B95A7BD20604D1D0
:10597000A26912B9DA897F2A05D89C4202D0204652
:1059800000F0C8FA2346AB6138BD00BF9C1B002065
:1059900008B590F90D20437B002A014604DA03F094
:1059A0007F03437303F069FC044B9868431A584221
:1059B0005841BDE80840FFF7CDBF00BF9C1B002049
:1059C00070B490F90D30427B002B29DBD30627D130
:1059D00083692BBB134962F07F0242730A4652F877
:1059E0001C4F944218BF23460C6A23B9C0E9002417
:1059F000206008620CE090F90E5093F90E60B542F9
:105A00000AD0AE4208DD5A68C0E900321060586022
:105A100070BC0020FFF79EBF9C42E7D01B68E4E704
:105A200070BC70479C1B00202DE9F041002A427B8E
:105A30000E460CBF10210821114204460FD141EA45
:105A40000203D20918D1437308291BD00120FFF7A4
:105A500081FFBFF35F8F637B23F0600363732C4B85
:105A60009B68A3424DD1EFF30583002B49D130460B
:105A7000BDE8F041FCF7C0BB03F07F03437303F0C4
:105A8000FCFBE1E7A36813B1204603F0FEFB04F141
:105A9000180003F0B7FCA56D04F15807AF4211D010
:105AA0004FF0000875B1284603F0EFFB05F1180030
:105AB00003F0A8FCC5F878802846FFF781FFA56DA4
:105AC000AF42EFD1124DAB689C4206D00120FFF7E8
:105AD00041FF2046FCF710FDBBE7EFF30583002BE9
:105AE000F4D00120FFF736FF2046FCF705FD094BF7
:105AF000AB6040F201129A810022C3E919221A67B1
:105B0000A7E786F31188BFF36F8FBDE8F08100BF70
:105B10009C1B00205808002070B590F90D20437B95
:105B2000002A014604DA03F07F03437303F0A5FB68
:105B30004B7B154A63F07F0310464B7350F81C3FB4
:105B4000146A834208BF002323B9C1E9000421601D
:105B500011620CE091F90E5093F90E60B5420ED02F
:105B6000AE420CDD5868C1E90030016059609068B0
:105B7000431A5842BDE870405841FFF7EBBE9C42C3
:105B8000E3D01B68E0E700BF9C1B0020F8B5124B78
:105B90000C461146114A98681060DDE90676EFF36D
:105BA0001182202282F31288BFF36F8F9D682846EE
:105BB00003F075FBB6F1FF3F08BFB7F1FF3F06D01A
:105BC00007493A46334605F1180000F05BFA2046D3
:105BD000BDE8F840FCF710BB9C1B0020C41B002054
:105BE00083930000F8B50446EFF31186202383F376
:105BF0001288BFF36F8F437BDA0649B219D18569EA
:105C0000BDB903F07F03437303F037FB437B164AB0
:105C1000817363F07F034373134653F81C0F98425C
:105C200018BF0546106A5DB9C4E90030046014620B
:105C300011E0A173002086F31188BFF36F8FF8BDC8
:105C400095F90E70B9420BD08F4209DD6B68C4E93B
:105C500000531C606C600120FFF77CFE0120EAE726
:105C6000A842E1D02D68DEE79C1B002049B9EFF384
:105C7000058030B9054B9A699B689A4201D0FCF7C0
:105C8000BBBA81F31188BFF36F8F70479C1B002054
:105C900010B5EFF31184202282F31288BFF36F8FC7
:105CA000427B510704D484F31188BFF36F8F10BD7A
:105CB00022F004024273FFF783FE21460248BDE84A
:105CC0001040FFF7D3BF00BFC01E0020034648B9F5
:105CD000EFF3058232B9064A91699268914201D088
:105CE000FCF78ABA83F31188BFF36F8F704700BF48
:105CF0009C1B0020EFF31181202383F31288BFF354
:105D00006F8F054B9A68D37B013BD37381F3118866
:105D1000BFF36F8F704700BF9C1B002038B5EFF3B7
:105D20001185202484F31288BFF36F8F0A4B9A6881
:105D3000D37B0133D3730020FFF70CFE85F311886A
:105D4000BFF36F8FEFF3118084F31288BFF36F8F6F
:105D5000BDE83840FFF7BABF9C1B0020024B03F19F
:105D60001C02C3E9072270479C1B0020F8B5EFF323
:105D70001185202383F31288BFF36F8F1949886838
:105D8000437B03F07F03437303F077FA8B685A7BFE
:105D9000084662F07F025A7350F81C2F0C6A824248
:105DA00008BF002222B9C3E9000423600B620CE0A3
:105DB00093F90E6092F90E70BE420ED0B7420CDD20
:105DC0005168C3E900210B6053600120FFF7C2FD59
:105DD0002846BDE8F840FCF70FBAA242E3D01268AB
:105DE000E0E700BF9C1B002050EA01032DE9F041D1
:105DF00005460E4603D1FFF7B9FF00202BE0831CB8
:105E000071F1FF3329DB03F012FB2C18EFF311883B
:105E1000202383F31288BFF36F8F124F124BB868A1
:105E20001860FFF7B5FDB86810492A4633461830A8
:105E300000F028F9BA68537B43F0100353734046CF
:105E4000FCF7DAF903F0F3FA201A63EB03030128F5
:105E500073F10003D1DBBDE8F0816FF00104241A77
:105E6000D4E700BF9C1B0020C41B002083930000CC
:105E7000B1F1FF3F08BFB0F1FF3F08B506D10A4BB3
:105E8000986803F043FA4FF0FF3008BDFFF7ACFF0E
:105E90004FF47A7147F6FF730022C0FB0132D80B32
:105EA00040EA4240F1E700BF9C1B0020014B98688C
:105EB000704700BF9C1B0020044BC01A044BC0104D
:105EC0005843044B01221A54704700BF18090020A0
:105ED000ABAAAAAAC01E0020C3897F2B12D80A4BE6
:105EE0001B6863B1094B90F90E201B689A4209DBCD
:105EF000437BDB0606D1064BC31A18BF012303F010
:105F0000010070470023FAE7CC1B0020C81B0020CB
:105F1000D806002070B50E4B0E4C1E7C06EB4603D7
:105F200004EBC3040546204603F06CFA0A4B00223A
:105F300028469A55FFF7D0FF48B1084B08491A6820
:105F4000013A2046D317BDE8704000F09BB870BD01
:105F50009C1B002018090020C01E0020CC1B002024
:105F6000B95E000038B5EFF31185202383F3128862
:105F7000BFF36F8F104B114A9C681068A04206D186
:105F8000FFF7C8FF85F31188BFF36F8F38BD00217D
:105F90001B7C11600A4AD35C002BF3D02046FFF72C
:105FA0009BFF0028EED0637BDB0602D12046FFF783
:105FB000B3FD2046E4E700BF9C1B0020C41B00206B
:105FC000C01E002008B50648064A0749121A03F009
:105FD000D6F8BDE80840054A0549064803F0CFB8A1
:105FE000C0040020B4060020D0A200000000000081
:105FF000C8A20000C0040020034B1B680BB9FDF7CA
:10600000DBBE0020704700BFD01B002030B570B150
:106010000B4B5B6898420AD0036843B1D3E9042173
:10602000D0E90445121941EB0501C3E90421D0E987
:10603000003213605A600023C0E9003330BD00BF56
:10604000F005002010B50E4B1C689C4204D1FFF7F0
:10605000D3FF6FF0004010BDFFF7CEFF002CF8D04B
:10606000D4E904321B1A62EBE072B3F1004F72F113
:106070000001EEDA002AACBF18460020EBE700BFB3
:10608000F0050020B3F1FF3F08BFB2F1FF3FF8B5C4
:1060900004461D4616465ED08160EFF3118720232B
:1060A00083F31288BFF36F8F013275F1FF3324DA67
:1060B0002E49D1E900206FF001039B1A4FF0FF3207
:1060C00062EB00009E1B60EB0500012E70F10003E7
:1060D00001DA01260020C4E90460254ED6F800C08C
:1060E0007568B44508BF4FF0000CBCF1000F0DD12E
:1060F000C4E900652C6074601CE0FFF77DFF013689
:1061000045F10005361845EBE070E4E7DCE90420D2
:10611000D4E90431934271EB000E1DDAD21ADCF897
:10612000043060EB0100CCE90420C4E900C31C602A
:10613000CCF804403368B34209D09C4207D10D4BE0
:106140001C6824B9FFF77EFF2146FDF707FE87F3A1
:106150001188BFF36F8FF8BD9B1A61EB0001AC454E
:10616000C4E90431C4D0DCF800C0BEE73009002027
:10617000F0050020D01B00202DE9F84FEFF3118629
:10618000202383F31288BFF36F8FDFF8B8902B4D75
:106190002B4C2860D9F800004FF0000A484508BF92
:1061A00000204FF0000BD4E9001E2B68374680B367
:1061B000D0E904864FEAE37C43457CEB060206DA2D
:1061C000B8EB030266EB0C06C0E9042621E018EBED
:1061D00001014EEBE873C0E904ABC4E90013FFF71B
:1061E00015FF87F31188BFF36F8F83689847EFF32C
:1061F0001187202383F31288BFF36F8F2B68D9F8A0
:106200000000A3EB080348453E462B60CBD1D4E900
:10621000001E59184EEBE373C4E9001300242C60F0
:10622000FFF710FF2146FDF799FD87F31188BFF3B3
:106230006F8FBDE8F84FFFF795BE00BFD01B002061
:1062400030090020F005002010B5EFF31184202361
:1062500083F31288BFF36F8FFFF7CEFE054A034624
:10626000D2E90001181841EBE37184F31188BFF300
:106270006F8F10BD3009002010B50A4C23681BB188
:1062800001232360002010BD00F0E8F80028F7D0BB
:106290000138062803D8044B53F8200010BD0348EA
:1062A00010BD00BFD41B0020A8990000FE8FFFFF87
:1062B000BFF34F8F0549064BCA6802F4E0621343EF
:1062C000CB60BFF34F8F00BFFDE700BF00ED00E0E4
:1062D0000400FA0510B40A4B0A490B4C4FF0FE3289
:1062E000C3F800244968C3F80424C3F80824C3F899
:1062F0000C240023C4F800355DF8044B084700BFA8
:1063000000B00250F805002000A00250D0E90012B1
:10631000014BC3E900127047F805002010B5044690
:1063200050B1636813F0685F05D0064A934202D00B
:1063300000232360626010BD034B04485B689847EC
:10634000EFE700BF2C5F5CA9F8050020C4990000AE
:10635000C8B143680D4A934213D013F0685F0ED062
:10636000012350E8002F194640E8001C9CF0000F64
:10637000F7D1012AF5D0BFF35F8F002070470448A2
:106380007047044870476FF4E04070472C5F5CA989
:10639000E98FFFFFEA8FFFFF80B14368094A93420C
:1063A0000AD013F0685F05D0BFF35F8F002303604E
:1063B0001846704704487047044870476FF4E0403F
:1063C000704700BF2C5F5CA9E98FFFFFEA8FFFFFDA
:1063D00010B5044620B1044B63600022226010BD5A
:1063E0000248FFF777FFF6E73A00003AEC99000021
:1063F00070B5D0E90023154C154D6360D0E902302B
:10640000C4E90230226048680E68124BC3E900609C
:10641000D5F818018E689E6010F0685FCE68096933
:10642000DE60196110D00C49C5F8BC110023C5E924
:10643000453105F58A70C5F8B8319047236805F5F0
:10644000DC70BDE87040184770BD00BF1406002026
:10645000EC1B0020000600202C5F5CA938B500F082
:106460002FF820B1032400F063F8204638BD00F077
:1064700031F898B900F0ACF898B90F4DD5F8283933
:106480001B0EF02B08D1D5F8242A0C4B9A420AD0C7
:10649000072400F017F8E6E70624FAE7042420466C
:1064A00038BD0024F5E7012000F092F804460028EA
:1064B000F7D1C5F80C0AD8E700B002500000E02080
:1064C0000020704700207047014BC3F8040A704752
:1064D00000B0025010B5114800F048F800B110BDEE
:1064E0000F4800F043F80028F9D10E4C204600F088
:1064F0003DF80028F3D10C4B0C481C6000F036F836
:1065000001460028EBD100F02DF8044608B12046E2
:1065100010BD00F03FF82046FAE700BF5406002007
:10652000500600204C0600204406002048060020AB
:1065300008B5084800F024F8074800F021F807489B
:1065400000F01EF8064800F01BF8BDE8084000F017
:106550000BB800BF54060020500600204C06002057
:106560004806002000207047704700BF08B5034B65
:1065700002681B6810689847002008BD14060020B8
:1065800008B5034B02685B6810689847002008BD97
:106590001406002070B5094C094D2069AB68984776
:1065A00018B1084B08485B689847084AEB682069AF
:1065B00000211160BDE87040184700BF00060020B0
:1065C00014060020F8050020109A0000E81B0020A7
:1065D000F8B51A4D1A4E0446B26828699047E8B9D2
:1065E000184F3B684CB1A3B1012B19D0013B3B6064
:1065F0002869F36898470020F8BD43B9124A012181
:10660000C2F800151149D1F81029002AFBD1013335
:106610003B60F368286998470020F8BD0C48F8BD36
:106620000A4AD2F81039002BFBD1074A6FF07E409E
:10663000C2F80035FFF748FF3B68D7E700060020A7
:1066400014060020E81B002000A0025000B00250F9
:10665000E98FFFFF30B10268034B04489A4208BF3C
:106660000020704702487047DD55AABB8208F00041
:106670007108F00038B50D460446B0B1A0220021E3
:10668000043002F0F1FE95B10822294604F16400BD
:1066900002F0F0FE082205F1200104F1840002F06E
:1066A000E9FE044B2360002038BD0348FCE70348A3
:1066B000FAE700BFDD55AABB7108F0008308F000BF
:1066C0002DE9F74305460E4699461146FFF7C2FFEE
:1066D0000446002840F08480002E00F085800029C8
:1066E00000F08480B9F1200F40F0828005F144046D
:1066F000082205F10408204602F0BCFE05F124073B
:1067000008223146404602F0B5FE06F1200108227B
:10671000384602F0AFFE02A94FF4807041F8049DA4
:1067200002F09CFE002865D1334A4FF48073136059
:10673000012193600823314A00F02EFB0121084615
:1067400005232F4A00F028FB0823424601211C2084
:1067500000F022FB08233A460121032000F01CFB35
:10676000224608230121022000F016FB0823254AB7
:1067700001211A2000F010FB0523234A01211B20D0
:1067800000F00AFB0823214A0121142000F004FB39
:1067900008231F4A0121152000F0FEFA082305F105
:1067A00064020121162000F0F7FA082305F18402A3
:1067B0000121172000F0F0FA0823164A01210B20CE
:1067C00000F0EAFA00F044FB0446019800F0D2FA27
:1067D000114B002C18BF1C46A421284602F046FE8F
:1067E000204603B0BDE8F0830C4CF9E70C4CF7E70A
:1067F0000C4CF5E7084CEFE790B00250709A00009F
:10680000E89A0000309A0000D49A0000949A0000A0
:10681000B49A0000509A00008408F0007608F00056
:106820008008F0008108F0000C4BC2691A60826990
:1068300043F8042C426943F8082C026943F80C2CF5
:10684000C26843F8102C826843F8142C426843F85D
:10685000182C026843F81C2C704700BF5CB602502D
:106860000C4B1B68C3610C4B1B6883610B4B1B6893
:1068700043610B4B1B6803610A4B1B68C3600A4BE7
:106880001B688360094B1B684360094B1B680360EE
:10689000704700BF5CB6025058B6025054B6025062
:1068A00050B602504CB6025048B6025044B60250A0
:1068B00040B6025030B10268034B04489A4208BF08
:1068C0000020704702487047DD55AABB0202F00065
:1068D0000002F00038B5044668B1051D7021284655
:1068E00002F0C4FD28462022044902F0BBFD044BFF
:1068F0002360002038BD0348FCE700BFFC9A00007D
:10690000DD55AABB0002F0002DE9F043284B0446F8
:106910000E4615460FCB85B06F4687E80F002DB9A0
:106920004FF00009484605B0BDE8F0832046FFF768
:10693000C1FF81460028F5D1231D0193636AA3BBE3
:10694000236F8BB1C3F14008A84528BFA84604F1C6
:10695000300031461844424602F084FD236F434420
:1069600046442367A5EB0805226F402A06D104F1AF
:106970003001384600F0AEFB0023236705F03F08E6
:1069800035F03F0505D031462A46384600F0A2FBD7
:106990002E44B8F1000FC3D04246314604F1300016
:1069A00002F060FDC4F87080BCE7DFF80890B9E73A
:1069B000009700000C02F0002DE9FF41144B044643
:1069C0000E460FCB6F4687E80F002046FFF772FF99
:1069D0008046B0B9CEB1636A251D01953BB901234C
:1069E0006362226F04F13001384600F073FB2B46DE
:1069F000043E243453F8042B12BAA34246F8042F61
:106A0000F8D1404604B0BDE8F081DFF80880F8E72F
:106A1000009700000502F000084B1B681B0EF02BCE
:106A200008D1074B1A68074B9A4205D1064B002044
:106A300018607047052070470620704728B902503B
:106A400024BA02500000E0200CBA0250002230B5F7
:106A500049001346023840F6FC7502F1A05404F5D3
:106A60002C44A400904202F10102CABF23602560B9
:106A70005B181E2AF1D1044A13600B445360034B88
:106A8000034A1A6030BD00BF78B0025084B0025093
:106A900020F80F0030B51E4B85B01A4619680091DA
:106AA0000099CC07FAD500F1A05000F52C408000E9
:106AB000016813680193019BD807FAD5154B164C52
:106AC0001868164D1F30202390FBF3F00138002882
:106AD00010DA00230130400153B1A0F120014FF042
:106AE0000042134204D1013888424FEA5202F8D1E1
:106AF00005B030BD13680393039BDB07FAD5431839
:106B000023602B680293029B002BE3D10138DEE760
:106B1000B4B00250ACB00250E4B00250DCB002504D
:106B2000F0B51D6885B001F01F040DB91F2C25D1EB
:106B3000154D2E462F680197019FFF07FAD500F1EA
:106B4000A05000F52C408000006835680395039D37
:106B5000ED07FAD50D4D00EB611028600C48006878
:106B600002901F2C18BFC94302980FBF106001F09C
:106B70001F0100FA01F11160002119601068430043
:106B8000C00F136005B0F0BDB4B00250E4B00250C5
:106B9000DCB002500C4B18603F3020F03F00890100
:106BA000403058609960D9601961596199611C330E
:106BB0000648196082B002680192019AD207FAD59C
:106BC000196002B0704700BF90B00250B4B00250DC
:106BD00038B5A0F12003B3F5426F05462CD88F28B5
:106BE00026D800F1470300F16604DB064FEA54148F
:106BF00000D0013464013F34A409013411B1A14231
:106C00001AD30C46E3004FF48050B0FBF3F0202879
:106C100028BF202002B11060084B01221A602146D3
:106C2000FFF714FF28462146FFF7B4FF002038BDC8
:106C300000F11F046409DDE70148F8E71CB80250C1
:106C40002221F000F0B5454B89B01D461C68019427
:106C5000019CE407FAD5424BDFF80CE1DFF80CC1E8
:106C600013449B0000241A680B181E2B88BFC0F128
:106C70001E011F320B1852095343B3F5806F82BFB8
:106C80004FF48061B1FBF2F1091A00F1A05000F558
:106C90002C402746A14233DC2B680493049BDB077E
:106CA000FAD5304B1B68296805910599CF07FAD5AD
:106CB0002D4C2E49236000231E46934203F1010010
:106CC00040D120F001022948194600268A423CD8CA
:106CD000296806910699CE07FAD5254909682868DA
:106CE00007900798C007FAD52160204800210C467C
:106CF0008B422DD11D4900209A422CD809B0F0BDFD
:106D00002B680293029BDB07FAD503199B001B68D3
:106D10002E680396039EF607FAD5CEF800300023BE
:106D2000934203F1010306D1164623F00103B34257
:106D300004D80134AEE7CCF80070F1E7CCF800706D
:106D40000136F4E70E600346B7E706600131BDE7A0
:106D500004600131CCE708600133CDE7B4B00250E4
:106D600024AC00147CB00250D4B00250D8B0025011
:106D700078B0025008B540B1202801464FF0070214
:106D800028BF20210020FFF75DFF024B00221A6080
:106D900008BD00BF1CB80250F0B5294D85B02C4687
:106DA0002E680096009EF607FAD500F1A05000F577
:106DB0002C4080000568206801900198C707FAD52B
:106DC0002048214F056002EB8306B24229D15A1CAC
:106DD0001D4E22F0010200279A4227D82368029311
:106DE000029BDE07FAD5194B0B449B001B681F332F
:106DF0005B099A4213D2216803910399C907FAD516
:106E0000154400219B1A104A056008468B4210D891
:106E10005A1C0D4922F0010200209A420CD805B0FC
:106E2000F0BD52F804CBC7F800C0CEE7376001339D
:106E3000D2E710600131E9E708600133EDE700BFF8
:106E4000B4B00250D4B00250D8B0025024AC0014F8
:106E50002DE9F041814B1D6898682033A0B01E4693
:106E60001A680192019AD707FAD57D4B7D4A1A60BC
:106E700032680292029AD407FAD57B4A1A607B4A9A
:106E80001446116803910399C907FAD5784A116825
:106E9000C1F3402137680497049FFF07FAD5754F67
:106EA0001F6027680597059FFF07FAD51768002917
:106EB00000F0CF80B90540F1CC8031680691069989
:106EC000CF07FAD56C491960216807910799C9075E
:106ED000FAD51168C1F3402137680897089FFF076A
:106EE000FAD5664F1F6027680997099FFF07FAD5F3
:106EF0001268002900F0AF80910540F1AC80326843
:106F00000A920A9AD207FAD5564A1A6032680B9248
:106F10000B9AD707FAD55A4A1A6031680C910C9926
:106F2000CC07FAD55749196031680D910D99C907F9
:106F3000FAD55549196031680E910E99CF07FAD5E7
:106F40005249196031680F910F99CC07FAD5504911
:106F50001960504B1E46196810911099C907FAD54F
:106F60003F4C4D4B236033681193119BDB07FAD5DF
:106F70004A4B236033681293129BDF07FAD5484BC4
:106F800023603A4B9846196813911399C907FAD5AB
:106F9000324F386033681493149BDB07FAD52260B4
:106FA00033681593159BD807FAD53E4B2360336899
:106FB0001693169BD907FAD53B4B2360336817937A
:106FC000179BDA07FAD5394B236033681893189B5F
:106FD000DB07FAD5364B236033681993199BD80722
:106FE000FAD5344B236033681A931A9BD907FAD524
:106FF000314B236033681B931B9BDA07FAD52F4B69
:10700000236000F01DFC08BBD8F800301C931C9BCB
:10701000DB07F9D53D6033681D931D9BD907FAD571
:10702000274B236033681E931E9BDA07FAD5254B46
:107030002360D8F800301F931F9BDB07F9D50C4B5A
:107040001B6813F4805F204B08BF184620B0BDE8D2
:10705000F0811E48FAE71E48F8E700BF90B00250E2
:1070600080B0025000100251C01F7229B4B002500B
:1070700088B00250C0CF0129C01F0E29C03F00298F
:1070800040010249003184A800001649400108A1CE
:1070900080440888B0B00250C044708880077A41AC
:1070A000C0077E4100006A498006164940006E49CB
:1070B00000020021008220214082202180822421A0
:1070C00040A161A100C861510308F1000108F1006D
:1070D0000208F1002DE9F74F314B44688046924693
:1070E00099461A68002AFCD12E4B9B461A68002A42
:1070F000FCD14FF0FF30019100F094FC802000F0B3
:1071000097FC294D294A2A4F2A4E012307202B603C
:10711000A2F59E72C2F83C011360636A3B60A36AE9
:107120003360D8F8003042F8043CD8F808302046E4
:1071300098470199D9F80030002BFBD1BAF1000F24
:1071400020D11D4B04221A60D9F80030002BFBD14E
:10715000DBF800A0BAF1000FFAD1D8F80C302046C5
:1071600098473B6863623368A362144BC3F800A07E
:10717000C3F844A1D9F80030002BFBD12B6003B039
:10718000BDE8F08F236A012B04BF0C4A13600C4B3F
:1071900040201960C3F804A000F050FCD4E700BF01
:1071A00010B9025020BC025018B8025000B9025069
:1071B000CCB70250D0B70250C8B7025084B60250C4
:1071C00028BC025010B5544B98B019461A68019269
:1071D000019AD207FAD5514B514A1A600A680292B5
:1071E000029AD407FAD54F4A1A600A680392039AA2
:1071F000D007FAD54C4818600A680492049AD2075E
:10720000FAD54A4A1A600A680592059AD407FAD54F
:10721000474A1A600A680692069AD207FAD5454A82
:107220001A600A680792079AD407FAD5424A1A6088
:107230000A680892089AD207FAD5404A1A600A6882
:107240000992099AD407FAD53D4A1A600A680A9247
:107250000A9AD207FAD53B4A1A600A680B920B9A2F
:10726000D407FAD5384A1A600A680C920C9AD207E9
:10727000FAD5364A1A600A680D920D9AD407FAD5E3
:10728000334A1A600A680E920E9AD207FAD5314A2A
:107290001A600A680F920F9AD407FAD52E4A1A601C
:1072A0000A681092109AD207FAD52C4A1A601A4B23
:1072B00019461C681194119CE407FAD5174B186005
:1072C000086812901298C407FAD51A600A681392D7
:1072D000139AD007FAD5124A1A600A681492149ABF
:1072E000D207FAD51E4A1A600A681592159AD40771
:1072F000FAD51C4A1A600A681692169AD007FAD56F
:10730000194A1A600A681792179AD207FAD5174ACB
:107310001A6018B010BD00BFB0B0025080B002506B
:1073200000936521000431904096659000836121AF
:1073300000C3302100C36490008161900046102199
:10734000008111210041442100C320290C4610C8AE
:107350000086312100C3602140C128294096652163
:107360000013319040962529594614C840043249EB
:1073700010B5494B94B019461A680092009AD2078A
:10738000FAD5464B464A1A600A680192019AD40718
:10739000FAD5444A1A600A680292029AD007FAD5CE
:1073A000414818600A680392039AD207FAD53F4A07
:1073B0001A600A680492049AD407FAD53C4A1A6003
:1073C0000A680592059AD207FAD53A4A1A600A68FD
:1073D0000692069AD407FAD5374A1A600A680792C5
:1073E000079AD207FAD5354A1A600A680892089AAD
:1073F000D407FAD5324A1A600A680992099AD20764
:10740000FAD5304A1A600A680A920A9AD407FAD55D
:107410002D4A1A600A680B920B9AD207FAD52B4AAA
:107420001A600A680C920C9AD407FAD5284A1A6096
:107430000A680D920D9AD207FAD5264A1A600A6890
:107440000E920E9AD407FAD5234A1A600A680F9250
:107450000F9AD207FAD5214A1A600F4B19461C68B9
:107460001094109CE407FAD50C4B18600868119032
:107470001198C407FAD51A600A681292129AD007B6
:10748000FAD5174A1A600A681392139AD207FAD5E6
:10749000144A1A6014B010BDB0B0025080B002504F
:1074A000809065210004099040966590808061215C
:1074B0008020082180206490008161900046102186
:1074C000008111210041442180202029024610C85A
:1074D00000860921802060214021282940966521CD
:1074E00040962529594614C810B5504B96B01C46F5
:1074F0001A680192019AD207FAD54D4B4D4A1A608B
:1075000022680292029AD207FAD54B4A1A604B4A75
:1075100042EA804022680392039AD207FAD51860A3
:1075200022680492049AD007FAD5454A1A60A2F557
:10753000800242EA814122680592059AD207FAD573
:10754000196022680692069AD007FAD53D4A1A6059
:1075500022680792079AD107FAD53B4A1A60226837
:107560000892089AD207FAD5384A1A602268099216
:10757000099AD007FAD5364A1A6022680A920A9AFE
:10758000D107FAD5334A1A6022680B920B9AD207B8
:10759000FAD5314A1A6022680C920C9AD007FAD5B3
:1075A0002E4A1A6022680D920D9AD107FAD52C4AFC
:1075B0001A6022680E920E9AD207FAD5294A1A60EA
:1075C00022680F920F9AD007FAD5274A1A602168CD
:1075D00010911099C907FAD51A60144B1A46196808
:1075E00011911199C807FAD5114B204919601168FA
:1075F00012911299C907FAD51D49196011681391A2
:107600001399CC07FAD50B49196011681491149994
:10761000C807FAD517491960116815911599C90756
:10762000FAD5154A1A6016B010BD00BFB0B00250AE
:1076300080B002504004419000862929D81001C82A
:107640004014419040142129401465210034409099
:1076500000310C90C0400C90C030202940960D9015
:1076600000416090031645C8008611210041602149
:10767000594644C84014459040142D9070B5264892
:1076800088B0054604680094009CE607FAD52348B4
:10769000234C0460234C44EA83432C680194019CEE
:1076A000E407FAD50360930143EA824242F01044B2
:1076B00044F4C0442B680293029BDE07FAD50460B1
:1076C0002B680393039BDB07FAD5174B03608B01F1
:1076D00043EA814141F0104343F4C0432E680496CD
:1076E000049EF607FAD503602B680593059BDE0719
:1076F000FAD5046041F058412B680693069BDC07DD
:10770000FAD5016042F058422B680793079BDB07CC
:10771000FAD5026008B070BDB0B0025080B002501F
:10772000C02102298071009880611890354B8EB07D
:1077300019461A680092009AD207FAD5324B334A9A
:107740001A600A680192019AD007FAD5304A1A6085
:107750000A680292029AD207FAD52E4A1A600A687B
:107760000392039AD007FAD52B4A1A600A6804924A
:10777000049AD207FAD5294A1A600A680592059A2E
:10778000D007FAD5264A1A600A680692069AD207E6
:10779000FAD5244A1A600A680792079AD007FAD5E0
:1077A000214A1A600A680892089AD207FAD51F4A35
:1077B0001A600A680992099AD007FAD51C4A1A6019
:1077C0000A680A920A9AD207FAD51A4A1A60086811
:1077D0000B900B98C007FAD51A600A680C920C9AA5
:1077E000D007FAD5144A1A600A680D920D9AD2078A
:1077F000FAD5124A1A600E210D230F2200200EB076
:10780000FFF73CBFB0B0025080B002508043012966
:1078100040633921807001298020542100D13490A7
:10782000C0403490C0302029C0530D9000413890A2
:10783000832308C880E3102100413821CF4308C8C2
:107840002DE9F041012392B0CDE90333624B1D468F
:107850001A680592059AD207FAD5604C604B2360EE
:10786000604B19461A680692069AD707FAD55E4BFE
:107870001A68D60400F1A8802A680792079AD007F0
:10788000FAD55A4A22600A680892089AD207FAD5AD
:107890001E68C6F30036002E40F098801220FFF7D5
:1078A000F9F807461320FFF7F5F887428CBF12203E
:1078B0001320FFF7EFF8471EFFF738FF03AB01AACD
:1078C00039461220FFF72CF904AB804602AA39464C
:1078D0001320FFF725F900EB4800022832D00328D7
:1078E0003ED0012874D12B680993099BDB07FAD598
:1078F0003F4B23602B680A930A9BD807FAD53D4B70
:1079000023602B680F930F9BD907FAD53A4B23605E
:107910002B681093109BDA07FAD5384B23602B683D
:107920001193119BDB07FAD5354B2360013F25D519
:107930001023192218210020FFF7A0FE304612B0B4
:10794000BDE8F0812B680B930B9BD907FAD52D4B23
:1079500023602B680C930C9BDA07FAD52A4BCFE7F0
:107960002B680D930D9BDB07FAD5284B23602B6802
:107970000E930E9BD807FAD5254BC1E703AB01AA9E
:1079800039461220FFF7CCF804AB044602AA394668
:107990001320FFF7C5F810EB440402D1FFF712FCE7
:1079A000C4E7FFF7E5FC022C08D0032C09D0012C1A
:1079B00010D117211620FFF797FDB7E715211420E6
:1079C000F9E70F210E20F6E7124EB7E7124EB5E7A2
:1079D000124EB3E7124EB1E7B0B0025080B0025081
:1079E00000084A51B4B0025088B0025000084E510D
:1079F00000065A4940065E490004424100144249CB
:107A000040042E49000652494006564900063A49AC
:107A100040063E490608F1000708F1000408F1009D
:107A20000508F100014B1860704700BF08BA02500A
:107A3000014B1860704700BF04BA0250034A136834
:107A40001842FCD0024A10601846704700BA025033
:107A500008BA025070470020704730B583688B42E7
:107A600085B0044615460ED96368C068194401AA5A
:107A700000F01FFF28B96268019B9B1A2B60029BD4
:107A80006B6005B030BD6FF02100FAE770472DE95B
:107A9000F7430E4617469946044628B94FF0FF387B
:107AA000404603B0BDE8F0830029F7D0002AF5D0A6
:107AB000CB680D891D4404230DEB0302294638468B
:107AC00000F042FC80460028E8D1BDF8041073891C
:107AD00046F60812914225D1BDF806109942DDD133
:107AE00004230DEB03022944384600F02DFC002846
:107AF000D4D1BDF8042046F607139A42CED1C4E98A
:107B000000679DF82830A4F80890A3727389BDF827
:107B100006202B44E360738913442B4404356361CE
:107B20002561BDE7002BE4D0B8E72DE9F3410E460F
:107B300017461D46044620B94FF0FF3002B0BDE89D
:107B4000F0810368002BF7D04368002BF4D04FF688
:107B5000FF78D4E904239A4216D223685B8923B1C3
:107B6000E368934204BF04332361042321696068FE
:107B70000DEB030200F0E8FB0028DDD1A37A2BB166
:107B8000D4E903329A4201D30120D7E72389BDF813
:107B90000610434501F1040203D0BDF804C09C4522
:107BA0000BD115B1BDF804302B8023690433336049
:107BB0003980236913442361C0E723691344236197
:107BC000C7E748B103683BB143682BB1C06888423E
:107BD00094BF0020012070474FF0FF30704773B50D
:107BE0000C4606461146022301AA204600F01FFA61
:107BF0000546E8B9019A1F2A0ED92368A2F120018F
:107C000019442022304600F073FC2368019A134483
:107C10002360284602B070BD0146C2F12002304602
:107C200000F071FC019A2168C2F120003044EAE7BB
:107C30006FF00205EDE700F04BBC4FF4C073584302
:107C40003030704710B5044600F0C2FBA3684FF413
:107C5000C072303B02FB103010BD70B50D460446BB
:107C600001F08AF82A46A0F1080104232046BDE865
:107C7000704000F069BB13B50446019101F07CF837
:107C80000423A0F108010DEB0302204601F0B7F830
:107C900002B010BD70B513460E46154600210246CF
:107CA0000446F9F7ADF850B92B4604F12C02012136
:107CB0002046F9F7A5F810B1002E08BF002070BDCE
:107CC00073B5044600200D461646F8F703FC6946D6
:107CD000C0B2F9F74BFF30BB2C2303FB05440098DF
:107CE000E36825891D4404230DEB0302294600F0B7
:107CF0002BFBC0B9BDF804206489009846F6081330
:107D00009A4215D1BDF806309C420CD104230DEBEC
:107D10000302611900F018FB28B9BDF8042046F6EB
:107D200007139A4207D0009800F00DFB02B070BD17
:107D3000002CF2D0F7E7BDF8061021442944316049
:107D4000F1E737B50446426A802501A90220019572
:107D5000F9F734FF58B9019B226DA36201A90520F0
:107D60000195F9F72BFF054628B1092500E001250B
:107D7000284603B030BD019B206A636500F028FBF4
:107D8000E065F5E70123036003F10123436000236D
:107D9000C0E9023370474379012B07D10368012BF7
:107DA00004D10079431E5842584170470020704763
:107DB0007FB506460D46022001A9F9F7D7FE38BB6C
:107DC0000198FFF73FFFF16D0446284600F0D0F818
:107DD0000444019800F0FCFA0646019800F0FFFA0E
:107DE000082201460DEB020000F08DFB2B798DF887
:107DF000083021460198334602AA00F0BAFA041E60
:107E0000019818BF012400F09EFA204604B070BD0E
:107E10000124FAE700F0C2BA2DE9F8430E4600212A
:107E200007460846F8F756FB012104460020F8F7FC
:107E300051FB33789C4221D0984221D101252C233B
:107E400003FB0575F86DAC6AFFF7F7FE013C0746CA
:107E50004FF000086B6A03EBC40253F83410D2F8F9
:107E600004901B684A46C91A3046C844FFF7D2FF3F
:107E7000B84504F1FF34EDD3BDE8F8830025DEE713
:107E80000120F9E737B515460C460520694600F094
:107E9000F9FFE979012903D00022204601F006F814
:107EA0009DF80330012B02D1204600F0DEFFA968C7
:107EB0002046FFF7E0FE2046FBF7BEFF002003B0A0
:107EC00030BD73B50D460646F9F7A0F80446E860E4
:107ED00050B302282DD101A9F9F748FE58BB0198EB
:107EE0002A463146F8F7F2FF0446D0B9019800F06F
:107EF00043FF012301460DF10302019800F024FA2B
:107F00000446A0B9019801220DF1030100F048FFD9
:107F100010B101238DF803309DF8033003F00F03F7
:107F2000EB71019800F00FFA204602B070BD0124F9
:107F3000F7E70724F8E70124F6E738B5436A044673
:107F4000C06D5D68FFF779FE0246A06A0023013824
:107F50002B449A4201D90138FAE738BD436A002020
:107F60005A68034613448B4200F10100FAD370476C
:107F700010B543790279012B14BFCB01002302F124
:107F8000FF3201FB0233026814BF4C000C46013A79
:107F900004FB023010BD70B50368CD1A002D02DC61
:107FA0006FF05F0070BD93F900601C78002E0ADB53
:107FB0005C1C04601B7813600368C91A13688B4249
:107FC000EED80020EEE704F07F04013C032C2BD810
:107FD000DFE804F0020A1421012DE1D05B78136080
:107FE000036802330360E7E7022DD9DDB3F80130FF
:107FF0005BBA9BB2136003680333F3E7032DCFDD55
:108000009C785D78DB78240244EA054423431360BE
:1080100003680433E6E7042DC2DDD3F801301BBA50
:10802000136003680533DDE76FF06300BAE770B4EF
:1080300004680E1B002E07DD26789E4208D101340D
:10804000046070BCFFF7A7BF6FF05F0070BC7047A3
:108050006FF06100FAE738B503230446FFF7E7FF46
:1080600018B9136813B96FF0670038BD013B13608E
:1080700023681A78002AF6D101332360F5E72DE949
:10808000F34190461F4601AA302305460E46FFF7EE
:10809000CEFF0446F0B92B68F61A002E34DD4246B6
:1080A0001B7842F8043B019B2E681E443146062390
:1080B0002846FFF7BCFF044660B92B68D8F80420B7
:1080C000C8F808309918B142296007D10C21384608
:1080D000F9F746F9204602B0BDE8F0819B5C3A46CC
:1080E000314642F8043B2B6801332B602846FFF7EA
:1080F00052FF60B92B687A68BB601344B3422B60AF
:1081000018BF6FF06504E5E76FF05F04E2E704462F
:10811000E0E7F8B5B1F1005F00AF0546144610D2B4
:10812000D31D23F007036E46ADEB030D684600F048
:10813000DFF9694622462846FEF7E6FBB546BD460E
:10814000F8BDFEF7E1FBFAE7002070470FB407B572
:1081500004A951F8040B0191F9F7C4F903B05DF8D3
:1081600004EB04B07047044608B5084611461A46A9
:10817000A047FDF79BFEFAF729F8038B13F00703DE
:1081800005D10368002B0CBF002003207047022B91
:1081900005D1408BB0FA80F0400980007047012B78
:1081A00005D10368002B0CBF00200520704700207C
:1081B000704710B50C4600B111B96FF0150010BD35
:1081C000081D00F094F80028F9D1A368032BF6D914
:1081D000F3E72DE9F0410D4607461946281D904664
:1081E0001E4600F095F8044638B13346424629460B
:1081F0003846A446BDE8F0416047BDE8F08110B4C0
:10820000EFF31182202484F31288BFF36F8F416152
:108210005DF8044B0121F9F795BB38B50C460546CE
:1082200058B151B10B6843B14B6833B11C220021E6
:1082300000F069F92C61002038BD6FF01500FBE7F4
:1082400070B505460E46FFF7B4FF041E14DBEFF3CE
:108250001182202383F31288BFF36F8F6B8B2C8BDB
:108260004FF6FF718B4204F0070407D182F31188A7
:10827000BFF36F8F6FF00A04204670BD022C0CD143
:1082800001336B8382F31188BFF36F8F0023224683
:1082900031462846FFF79DFFEEE7062C14D8DFE8AD
:1082A00004F004131313041A0400002333606B68F2
:1082B0003BB9C5E90066ACB902212846F9F742FB93
:1082C000DAE71E606E60F6E782F31188BFF36F8F06
:1082D0006FF00404D0E782F31188BFF36F8F6FF063
:1082E0008504C9E782F31188BFF36F8FC4E70346A3
:1082F00058B1426802F00302012A03D0032A04D1D4
:10830000026812B10020986070476FF01500704746
:108310004268816002F00302032A4FF00002034624
:108320000CBF006810465A60704770470FB407B51D
:1083300004A951F8040B0191F9F7D4F803B05DF8E2
:1083400004EB04B070477047002930B40446184667
:108350000BDBA5680844A84207D8E068646821449C
:1083600084682468A44630BC60476FF0150030BCB8
:108370007047002930B4044618460BDBA568084452
:10838000A84207D8E0686468214484686468A44609
:1083900030BC60476FF0150030BC704700290346C1
:1083A00010B410460CDB9C680844A04208D8D8687A
:1083B0005B68194483689B683BB15DF8044B1847C0
:1083C0006FF015005DF8044B70476FF05700F9E748
:1083D00008B5C0688368DB689847006808BD08B5C1
:1083E000C0688368DB689847407908BD70B54C6801
:1083F0000368A34201D2012070BD8A6822449342DF
:1084000001D30020F8E7D1E903254E69B54203D333
:108410006FF00B038B61F4E71B1B42F835304368A8
:10842000086902EBC00253600B6901330B61E2E79C
:10843000FEE7012801D1EFF30583FCF7B1BF014648
:108440000068FFF7F6BF08B5F9F7E6FCBDE808409D
:10845000F9F7E6BC00210120FFF7EBBF61B662B679
:1084600080F31188BFF36F8F704772B6002383F3D8
:108470001188BFF36F8FBFF34F8F30BF62B6BFF36A
:108480006F8F704772B6002383F31188BFF36F8F2D
:10849000BFF34F8F20BF80F31188BFF36F8F62B699
:1084A0007047202809D9B0F1004F08D80138B0FA38
:1084B00080F0C0F11F0040007047082070473E2048
:1084C0007047034600201A5C02B970470130FAE792
:1084D00010B55AB10139841810F8012B11F8013F79
:1084E000A04201D09A42F7D0D01A10BD1046FCE746
:1084F00010B5431E0A44914200D110BD11F8014B42
:1085000003F8014FF7E7C9B202440346934200D192
:10851000704703F8011BF9E70369C9B20C2201FB9C
:108520000233186C00F00700704770B5C9B20369D8
:10853000EFF31185202484F31288BFF36F8F0C268C
:1085400006FB0134246C14F0C00408D0A24206D00B
:1085500085F31188BFF36F8F4FF0FF3070BD71430B
:108560000B4401221A6485F31188BFF36F8F4368AF
:108570000B445B6898470020F0E78022FFF7D5BFE7
:10858000F8B5069F0469C9B2EFF31186202585F37B
:108590001288BFF36F8F0C2569430C44256C05F0DE
:1085A000070CBCF1010F0BD1276486F31188BFF3D0
:1085B0006F8FC4E90E2343685B5898470020F8BDCD
:1085C00005F0C005AF4286F31188BFF36F8F0CBF73
:1085D0006FF077004FF0FF30F1E713B5802400947F
:1085E000FFF7CEFF02B010BD10B40069CBB21C245F
:1085F00003FB040000215DF8044B10470020FBF74B
:10860000FBBE002000F06EBC1046FDF7FFB810B4B2
:1086100084682468A4465DF8044B604743681833B7
:108620000B60012313607047FDF7F0B84FF0FF3285
:108630004FF0FF33FDF70EB970B50C1E8CB0064637
:1086400032DB4568286AE11888422DD320140121C5
:10865000CDE90A238DF8050002AB01A864BACDE983
:108660000431ADF80640029008AB04200024CDE9A7
:1086700008400390069330698DF804100223079395
:10868000FFF7D4FF294651F8040B06AB04AAFFF705
:10869000BEFF04463069FFF7C7FF002C18BF6FF01C
:1086A000040420460CB070BD6FF01204F9E70A46CE
:1086B000014651F8040B0023FFF7A9BF00B58DB0A8
:1086C000D7238DF807300DF1070302930A91012398
:1086D00002A9CDE9041300220146CDE90823039342
:1086E000022208ABCDE9063251F8040B0B9206AB1F
:1086F00004AAFFF78CFF002818BF6FF004000DB02C
:108700005DF804FB13B5044660680DF10601FFF740
:10871000D5FF18B9BDF806301B06F5D502B010BD5F
:108720002DE9F04FB1F1000A89B0064617461C4604
:1087300044DBD0F80480D8F820100AEB0302914201
:108740003CD30069FFF772FF4FF058094FF0040B5C
:1087500024B3B8F82E2070688DF80490554205EACD
:108760000A0515444FEA2A42A5EB0A058DF80520B3
:108770009AFA9AF2A542ADF8062004AA28BF254627
:1087800001AB029202A90222CDE9043BCDE90675B4
:108790000392FFF78CFF40B16FF004043069FFF7DC
:1087A00043FF204609B0BDE8F08F3046FFF7AAFF2F
:1087B0000028F1D12F44AA44641BC9E76FF01204CA
:1087C000EFE710B586B013148DF8053001AB0293B6
:1087D0000423039302AB04468DF8041052BA0493A9
:1087E0004068ADF80620012304A90593FFF75FFF59
:1087F00018B92046FFF786FF08B16FF0040006B0F5
:1088000010BD38B505460C4600F002FC002D07DB14
:10881000A84205D9401B84428CBF0020012038BDEE
:108820000020FCE770B50D462846194616461C4642
:10883000FFF7E7FF38B124B1224629463046FFF75B
:1088400057FE002070BD6FF01500FBE72DE9F341E6
:108850001C469046002382682360A36013690D467E
:1088600001AA69469847019B5A1E019223B96FF0ED
:10887000150002B0BDE8F0810098A2684768216841
:10888000676085B9A8EB02030668B34228BF334688
:108890001A4403FB07112160A26002689A4206D8BD
:1088A00008300090DFE76B1AB3FBF7F3ECE700202A
:1088B000DFE713460022FFF7C9BF2DE9F0478368C1
:1088C00086B01B698846914601A902AA98470024F0
:1088D000A2462546029BAB4202D806B0BDE8F0870F
:1088E000019F07EBC50700267B6804933A68B242F4
:1088F0000AEB060302D801359A46EBE70394059389
:10890000494603A8C0470028E7D0049B01361C4411
:10891000ECE743685B68D3F810350B6000207047C4
:1089200043685B6802EA010021EA0201C3F8080516
:10893000C3F80C150020704743685B680020C3F83B
:108940000815704743685B680020C3F80C15704732
:1089500043685A68D2F8043521EA03000B40C2F894
:108960000805C2F80C350020704710B50369586837
:10897000F8B1884219D19C6808685860A14200D1BA
:108980009860002008602AB15A680A609A685960A5
:1089900002B99960002010E0814206D10868206089
:1089A00098688142EDD19C60EBE70446006800289E
:1089B000F2D1002AE8D16FF0150010BD30B5436840
:1089C0001360057A446804EBC504A34202D36FF038
:1089D000010030BD5C798C4201D00833F0E7002003
:1089E000F7E7002201210420F9F7BCBC10B50B68A1
:1089F00013B91360184605E003685C681CB1146085
:108A00000368186810BD083303600B68013B0B60F6
:108A1000EDE713B501AA0446FFF7D0FF002805DBF8
:108A2000019B226819791868FAF79AFC02B010BD08
:108A300003460A4600681979012303FA01F1036924
:108A40001B68194218BF82F0010212B18368DB680B
:108A5000184783681B69FBE710B504460068D0B16E
:108A60008368C3B149B101210830FFF7E1FF2368F2
:108A70001869BDE8104000F04DBB12B98388DB04D3
:108A800009D4006900F046FB20680021BDE81040D1
:108A90000830FFF7CDBF10BD10B5012200210446FC
:108AA000FFF7DAFFA36933B9636004F11000BDE892
:108AB0001040FCF7ABBE10BD10B5006903688B42D7
:108AC00006D190F85C4034B9FFF7E6FF204610BDB0
:108AD0006FF01500FBE76FF00F00F8E72DE9F843A2
:108AE0004468066905460021606BFFF792FF002885
:108AF00023DBA16B481C17D1E36A9847B4680127B0
:108B00000834D6E9023203EBC203A4F1080293420F
:108B100015D83046FFF7C0FF6B680021586BFFF790
:108B200078FF00EAE07008E004F13C00FAF704FF87
:108B300010F1130F01D0411DDED1BDE8F88354F8C8
:108B4000080C00F0ECFA28B354F8080C14F8041CD4
:108B500034F8023CD0F810E0D0F80890DEF800C0FD
:108B6000DA0754BF43F4B01383F4D01323F4801214
:108B700007FA01F8DB074CBF48EA0C032CEA0803AC
:108B8000CEF80030D9F800309847002804F10804E6
:108B9000B7DAD2E76FF01200CFE738B505690446BF
:108BA000296305F12000FCF731FE002285F85C20E6
:108BB00020691146BDE83840FFF74EBF38B502784E
:108BC0000346002A52D10C69A26D32B9606D6FF074
:108BD0007301BDE83840FFF7E0BFE06C40B1216DA4
:108BE00031B1DB6823B1834202D0616EFFF780FCB4
:108BF000A36CA56D9BB19D4211D85B1BA3644BBBBD
:108C0000636B08336363A36B013BA36304F1480206
:108C100004F1380104F13400FFF7E8FE6064236DCD
:108C20009BB19D4211D85B1B2365CBB9E36B083325
:108C3000E363236C013B236404F1500204F140011F
:108C400004F13C00FFF7D2FEE064606DBDE83840FF
:108C5000FAF736BC636C002BE1D02B446364DEE78B
:108C6000E36C002BF1D02B44E364EEE738BDF8B59C
:108C70000C46054600F0C9F9002221460646284662
:108C8000FBF7FCFE03212046FAF736FE00F023F83E
:108C900007462B689B5953B100262146284600F011
:108CA000B2F920460121FAF727FE3046F8BD00F060
:108CB00012F8C01B0628ECD96FF07306EDE700F13F
:108CC00050039B009BB203F1804303F588330022DD
:108CD0001A601B68704708B5FAF7D4FE08BD73B573
:108CE000054601A80C461646FBF788F870BB4FF006
:108CF00080531969B5FBF1F201FB125242BB1969AD
:108D0000B4FBF1F201FB124212BB1A695B695343D7
:108D1000A3421DD3E4B1019B1B0103F1804101F586
:108D2000F031C1F80058C1F80448C1F80868D1F81A
:108D3000002895420FD1D1F8042894420BD1D1F8E4
:108D40000838DBB2B34218BF6FF00D0002B070BD3F
:108D50006FF01500FAE76FF00D00F7E70222FFF75A
:108D6000BEBFFDF789BA08B5F8F76AFFF9F73EF814
:108D7000BDE80840FDF780BA8068183820F0070089
:108D800010387047042809D0052803D1481E18BFA1
:108D900001207047431A58425841704701207047DC
:108DA00038B515460C4661B15AB1FFF718FB25449A
:108DB000214611F8013B834203D1A942F9D1012098
:108DC00038BD0020FCE738B50C4601231146224689
:108DD0000546FFF7B9FA00280FDB01222146284695
:108DE000FFF7DEFF38B92378012B14BF02230123DC
:108DF0002370002038BD0323FAE70120FAE72DE9AC
:108E0000F7431D4606460F469046FFF7E1FA6C1EF3
:108E1000044440420440082C1AD83046FFF7DFFAD9
:108E20002A46814641466846FFF762FB621B494677
:108E30000DEB0500FFF767FB23466A4639463046CF
:108E4000FFF797FA003818BF012003B0BDE8F083A0
:108E50004FF0FF30F9E707B501238DF8042001AA90
:108E6000FFF7CDFF03B05DF804FB816818390122DC
:108E700021F00701FFF7EFBF8268183A22F00702DE
:108E8000FFF7A1BF13B50C46C0B201A9F8F76EFEFB
:108E900050B921460198FAF7EFFF04460198FFF711
:108EA00052FA204602B010BD0124FAE713B541EA98
:108EB000021104468DF80710FFF75EFF01230146FB
:108EC0000DF107022046FFF79AFF02B010BD81683E
:108ED000183921F0070101220839FFF7BCBF00470C
:108EE00000F018B9FBF704BAF7B5019001A8DDE965
:108EF000084716461D46FBF707FB019BB6F1000C21
:108F000018BF4FF0010C00EB83000B1E18BF0123AC
:108F1000002D43EA4C0314BF4FF00C0C4FF0000C33
:108F2000002C43EA0C0314BF4FF4E06C4FF0000C2C
:108F3000002F43EA0C03D0F8002714BF4FF4403C45
:108F40004FF0000C43EA0C0322EA030301B1097855
:108F50000EB13678760019430DB12D78AD0031434E
:108F60000CB12478240229430FB13F783F040C430D
:108F70003C43C0F8004703B0F0BD1FB50DF10F032F
:108F8000019300238DF80F1000931A461946FFF73E
:108F9000ABFF05B05DF804FB08B50146FBF706FB27
:108FA00040B10846FBF7EAFA00B2800000F5807095
:108FB00080B208BD4FF4BE70FBE738B505460846E1
:108FC0000C46FBF7F3FAB0B10846FBF7E3FA90B9A9
:108FD0000846FBF7D3FA2A6801238340C2F8083316
:108FE0002A6803B202EB8303D3F8102522F00302B0
:108FF000C3F8102538BD20460021BDE83840FFF7F2
:10900000BCBFFBF759BBFFF7D8BF0846FFF7C4BF8B
:109010004FF080531A695869504370474FF080539E
:10902000186970474FF080535869704770B5A2F5C2
:109030008074A408012606FA04F4054614EA010027
:1090400008D0A85830B10021A950AA581A68224364
:109050001A60304670BD2DE9F341002304460D46E9
:109060000193904601AB4FF4A672FFF7DFFF4FF478
:10907000827229462046FFF7D9FF4FF48C720746CB
:1090800029462046FFF7D2FF064630B1B8F1000F5F
:109090001DD017B1D4F83C353E4601AB4FF4887271
:1090A00029462046FFF7C2FF30B1B8F1000F03D0C8
:1090B00016B90FB1D4F83C3501AB4FF49072294684
:1090C0002046FFF7B3FF019802B0BDE8F0814646A5
:1090D000E3E707B5019001A8FBF740FE019A0123E1
:1090E0009340C0F8083503B05DF804FB07B5019064
:1090F00001A8FBF733FE019A01239340C0F80C3519
:1091000003B05DF804FBFCF717B908B5FFF7FBFFE8
:10911000002008BD08B1F9F7DFBB7047704740B1C8
:10912000C368587810F001001EBF1878B0FA80F0BC
:1091300040097047EFF31183202383F31288BFF3B4
:109140006F8FFEE708B5FFF7F5FF10B5D0E90034E3
:1091500033B90020E268537843F00103537010BD27
:10916000204698470028F4D00028B8BF4042E36862
:10917000FF28A8BFFF201870ECE7FFF7C4B9FFF77E
:10918000B7B970474169836843EA010212F00302EC
:109190000FD1C2600269013A01FB023382689A4230
:1091A00001D900207047C2681A604269C3609B1AE7
:1091B000F4E76FF01500704710B5C0E904320023E2
:1091C000816083610446FFF7DDFF0028A8BFC4E982
:1091D000004410BDF8B504460D46EFF31186202378
:1091E00083F31288BFF36F8FC7686FB900F0CDF8B3
:1091F00050B18767456100F07AF8314604F1080004
:10920000BDE8F840FCF732BDE3682B60A369E56078
:10921000013BA36186F31188BFF36F8FF8BD08B5DA
:109220002024EFF3118384F31288BFF36F8FFFF7CD
:109230001CF9F6E790F90E308B4201D0FCF7D2BC56
:109240000020704703460020C3E90200C3E9003351
:1092500070473AB18A4205D3C0E90212C0E9000062
:10926000002070476FF015007047EFF3058000385D
:1092700018BF01207047FCF70BBDD0E90032136026
:109280005A600023C0E90033704708B5FFF7F5FFC7
:10929000437B23F0020343730023836008BD38B58A
:1092A00004460D46FCF774FB637B43F002036373D3
:1092B000E5B1A5602B689D4209D16B68C4E90053F4
:1092C0001C606C6012E06A689A42F6D01B68002B42
:1092D000F3D094F90E2093F90E108A42F3D0914204
:1092E000F1DD5A68C4E9003214605C6038BD10B525
:1092F000EFF31184202383F31288BFF36F8FFCF701
:109300005FFB84F31188BFF36F8F10BD10B5044667
:10931000183000F077F8EFF31181202383F31288DF
:10932000BFF36F8F627B12F0100204D081F31188BB
:10933000BFF36F8F10BD2046BDE81040FCF774BB33
:1093400038B50446EFF31185202383F31288BFF369
:109350006F8F437B13F0280F0BD183680BB1FFF79E
:1093600094FF637B51B903F0FB0363732046FCF762
:1093700027FB85F31188BFF36F8F38BD03F0EB0334
:10938000F3E701211838FFF7DBBF38B5EFF311859C
:10939000202383F31288BFF36F8F0468A0420DD09F
:1093A00034B12046FFF771FF04F1180000F02AF8ED
:1093B00085F31188BFF36F8F204638BD0024F7E78F
:1093C000EFF31181202282F31288BFF36F8F027BAB
:1093D000D2070CD581F31188BFF36F8F002383F37D
:1093E0001188BFF36F8F0423184602DF7047437B59
:1093F0001B0704D581F31188BFF36F8F70470122DB
:10940000FCF712BB10B5EFF31184202282F312880F
:10941000BFF36F8F03683BB1FCF7F8FD002084F3C6
:109420001188BFF36F8F10BD6FF01500F7E708B517
:10943000FCF70AFF08BD2DE9F041069F04461546DA
:109440001E46FDF717F938B93B46324629462046F5
:10945000BDE8F041FDF734B9BDE8F0810A460021CE
:10946000FDF7B6BBFFF744B8FFF74DB80A46002139
:10947000FFF749B801EB820204388A4201D100208B
:10948000704752F8043D1BBA40F8043FF5E700006E
:08949000A46CFF7F0100000045
:10949800952800000000000095290000F8940000BD
:1094A8000B9100000000000025560000000000009D
:1094B800213100000C9500002131000020950000AA
:1094C800638D000000000000F93B00000000000070
:1094D800678D000000000000612E00003495000038
:1094E800DD8A000048950000092C00005C9500000A
:1094F80046A1000018980000309800005806002087
:10950800DC1A002088A10000C0980000F098000034
:109518005E060020481B002096A10000D898000095
:10952800F098000060060020541B00206EA1000087
:1095380000000000A49800005C0600200000000065
:10954800ACA1000014990000809900006206002078
:109558000405002061A100004C98000088980000D4
:089568005A060020F404002063
:10957000A1440000DF8E00000000000055840000C0
:109580000000000055840000000000005584000029
:10959000E5520000DF8E000000000000558400004E
:1095A0002D4B0000DF8E00000000000055840000FD
:1095B00000000000558400000000000055840000F9
:1095C00000000000558400000000000055840000E9
:1095D00000000000558400000000000055840000D9
:1095E00000000000558400000000000055840000C9
:1095F000000000005584000000000000893C0000CD
:1096000000000000558400000000000055840000A8
:109610000000000055840000000000005584000098
:109620000000000055840000000000005584000088
:109630000000000055840000000000005584000078
:109640000000000055840000000000005584000068
:109650000000000055840000000000005584000058
:109660000000000055840000000000005584000048
:109670000000000055840000000000005584000038
:109680000000000055840000000000005584000028
:109690000000000055840000000000005584000018
:1096A0000000000055840000000000005584000008
:1096B00000000000558400000000000055840000F8
:1096C00000000000558400000000000055840000E8
:1096D00000000000558400000000000055840000D8
:1096E00000000000558400000000000055840000C8
:0896F000289C000003000000AB
:1097000002000000000000002968000061680000FD
:109710000338FDD87047000002000000050000007B
:1097200001000000DF9F00003C97000002000000E5
:109730000500000002000000050000005B000000C2
:1097400007000000000000000000000000C0000052
:10975000349500000100000000C00000000200007D
:10976000349500000200000000C0000000900700D7
:10977000349500000300000000C20000008E0700C6
:10978000349500000400000000C20000008E0700B5
:10979000349500000500000000500800009007000C
:1097A000349500000600000000E00F0000200000DB
:1097B000349500000000000031840000EC0400201B
:1097C000E4040020DC04002000000000D404002099
:1097D000591D00004D1C0000A11C0000011D0000CF
:1097E000C00400200000000000000B060200000082
:1097F000F49700000000000031A1000026000202E2
:109800000000002039A1000022000B111D290000DA
:10981000ED280000000000006D2A00006129000012
:1098200055A10000FD850000038600005BA100003B
:10983000ED2900007B850000DB85000000000000B2
:10984000198500000000000000000000489500009D
:10985000C0E1E400000100002095000017000100B5
:1098600000000000008000000001000000008000F7
:1098700000000400000800000008000100000300D0
:109880006400011F280000003986000021870000C5
:109890001D2D0000012C00001D86000001000000AD
:1098A00000FF000025880000952F00000D2F00000C
:1098B000592E0000492E00000400000000FF0000A7
:1098C000FFFF000000030050000000000100000046
:1098D0000060004000000000FFFFFFFF000000509C
:1098E00000000000000000000060004000000000D8
:1098F000B53100001389000021890000398900007A
:109900004589000051890000213000006B8900006A
:1099100000000000004000400000000000127A003B
:10992000000000000000000000000000FFFFFFFF3B
:109930000000FF0000000000000000010100000026
:10994000E3890000FFFF000058990000FFFFFFFFC0
:10995000000000000000000000400040649900008A
:10996000010000006C9900000300000016000004D4
:1099700020000005180200062095000017000100D5
:1099800091350000B98A00000200000005000000C7
:109990009894000098940000D0940000D89400009F
:1099A000F8940000F8940000FF8FFFFFFF8FFFFF87
:1099B000FE8FFFFFFE8FFFFFFD8FFFFFFC8FFFFF7E
:1099C000FC8FFFFF6D757465785F66726565206357
:1099D000616C6C65642077697468204E554C4C202E
:1099E000706172616D6574657200000043616E277D
:1099F0007420696E697469616C697A65206D75742B
:109A000065782C20776173204E554C4C0D0A000070
:109A1000436F756C64206E6F74206C6F636B207085
:109A20006F7765722073617665206D757465780057
:109A3000FFFFFFFFFFFFFFFFFFFFFFFF0000000032
:109A4000000000000000000001000000FFFFFFFF19
:109A5000FCFFFFFFFFFFFFFFFFFFFFFF0000000015
:109A6000000000000000000001000000FFFFFFFFF9
:109A7000512563FCC2CAB9F3849E17A7ADFAE6BCB0
:109A8000FFFFFFFFFFFFFFFF00000000FFFFFFFFE2
:109A90000000000096C298D84539A1F4A033EB2D00
:109AA000817D0377F240A463E5E6BCF847422CE1F0
:109AB000F2D1176BF551BF376840B6CBCE5E316B34
:109AC0005733CE2B169E0F7C4AEBE78E9B7F1AFEF8
:109AD000E242E34FFFFFFFFF7F0000008000000035
:109AE0000000000000000000FFFFFFFF7F000000FB
:109AF00080000000000000000000000067E6096A26
:109B000085AE67BB72F36E3C3AF54FA57F520E519E
:109B10008C68059BABD9831F19CDE05B0100020067
:109B20001000110012002000210022002300240058
:109B30003000310032003300FFFF77C295F360D26E
:109B4000EF7F3552500F2CB6798025633A2053743D
:109B5000617274696E6720626F6F746C6F616465A7
:109B6000720A0025633A20556E61626C6520746F3D
:109B70002066696E6420626F6F7461626C65206933
:109B80006D6167650A0025633A20426F6F746C6FE0
:109B90006164657220636861696E6C6F61642061E5
:109BA000646472657373206F66667365743A2030FF
:109BB0007825780A0025633A204A756D70696E67CA
:109BC00020746F2074686520666972737420696DF3
:109BD00061676520736C6F740A0025633A205072C8
:109BE0006F74656374206D6375626F6F7420666C4B
:109BF000617368206661696C65642C2063616E63C3
:109C0000656C20737461727475702E0A0025633A56
:109C1000204E657665722073686F756C6420676589
:109C20007420686572650A006D6375626F6F7400F9
:109C300025633A20696E76616C696420666C617395
:109C4000682049442025643B20657870656374650D
:109C5000642025640A002A8648CE3D030107002AB5
:109C60008648CE3D02010025633A20556E61626C44
:109C70006520746F2064657465726D696E65206619
:109C80006C61736820736563746F72206F662074F3
:109C9000686520696D61676520747261696C6572C1
:109CA0000A007072696D617279007365636F6E642A
:109CB0006172790025633A20496D61676520696E9C
:109CC0002074686520257320736C6F74206973207D
:109CD0006E6F742076616C6964210A0025633A20F6
:109CE00025642073746174757320777269746520BC
:109CF0006661696C7320706572666F726D696E67FC
:109D00002074686520737761700A0025633A2046E5
:109D100061696C656420746F206F70656E20666C7D
:109D200061736820617265612049442025642028A0
:109D3000696D61676520256420736C6F74202564EC
:109D4000293A2025642C2063616E6E6F7420636F46
:109D50006E74696E75650A0025633A204661696C08
:109D600065642072656164696E6720736563746FF2
:109D700072733B20424F4F545F4D41585F494D47EE
:109D80005F534543544F52533D2564202D20746F3B
:109D90006F20736D616C6C3F0A0025633A20466149
:109DA000696C65642072656164696E6720696D61C4
:109DB000676520686561646572733B20496D616702
:109DC000653D25750A0025633A204661696C656426
:109DD0002072656164696E6720626F6F74207374AE
:109DE000617475733B20496D6167653D25750A0097
:109DF00025633A2070616E6963210A0025633A2069
:109E0000446574656374656420696E636F6E73691D
:109E10007374656E7420737461747573210A002500
:109E2000633A2043616E6E6F74207570677261646F
:109E3000653A206E6F74206120636F6D7061746984
:109E4000626C6520616D6F756E74206F662073653E
:109E500063746F72730A0025633A2043616E6E6FFC
:109E60007420757067726164653A206D6F72652049
:109E7000736563746F7273207468616E20616C6CBB
:109E80006F7765640A0025633A2043616E6E6F74D4
:109E900020757067726164653A206E6F742073611B
:109EA0006D6520736563746F72206C61796F757472
:109EB0000A0062616400676F6F6400756E73657499
:109EC000005072696D61727920696D616765002566
:109ED000633A2025733A206D616769633D25732CD1
:109EE00020737761705F747970653D307825782CC8
:109EF00020636F70795F646F6E653D307825782CD4
:109F000020696D6167655F6F6B3D307825780A0069
:109F10005365636F6E6461727920696D6167650076
:109F200025633A20426F6F7420736F757263653AD0
:109F3000207072696D61727920736C6F740A0025EC
:109F4000633A20426F6F7420736F757263653A20B5
:109F50006E6F6E650A0025633A20537461727469EE
:109F60006E672073776170207573696E67206D6FFF
:109F7000766520616C676F726974686D2E0A0025C2
:109F8000633A204E6F7420656E6F75676820667245
:109F9000656520737061636520746F2072756E2033
:109FA0007377617020757067726164650A0025635C
:109FB0003A20726571756972656420256420627942
:109FC00074657320627574206F6E6C79202564202F
:109FD00061726520617661696C61626C650A00304E
:109FE00059301306072A8648CE3D020106082A8604
:109FF00048CE3D030107034200042ACB403CE8FE63
:10A00000ED5BA44995A1A91DAEE8DBBE1937CD14BF
:10A01000FB2F245737E5953988D994B9D65AEBD711
:10A02000CDD5308AD6FE48B24A6A810EE5F07D8BE6
:10A030006834CC3A6AFC538EFAC12D0020002B0004
:10A04000307800305800286E696C29002A2A2A20AE
:10A05000426F6F74696E67204D4355626F6F742055
:10A0600076322E312E302D6465762D313265356590
:10A0700065313036303334202A2A2A0A002A2A2A27
:10A08000205573696E67206E524620436F6E6E6571
:10A0900063742053444B2076322E392E302D3338C2
:10A0A00039313466353837303539202A2A2A0A00C2
:10A0B0002A2A2A205573696E67205A65706879725A
:10A0C000204F532076332E372E39392D63373939C7
:10A0D0003863643735313362202A2A2A0A006D75C5
:10A0E0007465785F696E69742063616C6C65642067
:10A0F00077697468204E554C4C20706172616D65B3
:10A1000074657200436F756C64206E6F7420616CAF
:10A110006C6F63617465206D757465782062656627
:10A120006F726520696E697469616C697A696E67BE
:10A1300000464C4153485F30005352414D5F300060
:10A14000000001000000636C6F636B4034303030FE
:10A1500030303030006866636C6B006C66636C6B2B
:10A160000061743435646236343165403000666CA9
:10A170006173682D636F6E74726F6C6C65724034BE
:10A1800030303165303030006770696F40353030C5
:10A190003030333030006770696F403530303030E8
:10A1A0003030300000010203040506077370694077
:10A1B0003430303034303030007065726D0074658A
:10A1C0007374004255473B2063616E2774206861B9
:10A1D0007070656E007265766572740025633A2052
:10A1E0005365636F6E6461727920696D6167652084
:10A1F0006F6620696D61676520706169722028252E
:10A20000642E2920697320756E72656163686162CE
:10A210006C652E205472656174206974206173200E
:10A22000656D7074790A0025633A20496D61676530
:10A2300020696E6465783A2025642C20537761701C
:10A2400020747970653A2025730A0025633A204905
:10A250006D61676520696E6465783A2025642C20FD
:10A260005377617020747970653A206E6F6E650A5D
:10A2700000040104030402040104010403010303B4
:10A2800004010400000000000101000000000000C3
:10A2900020303030303030303030303030303000FE
:10A2A000010100000000005465726D696E616C0070
:10A2B00000000000000054545220524547474553C7
:08A2C000006D61696E000000F1
:10A2D00001000000FFFFFFFF07850000498100002B
:10A2E00044970000780600203A0000008C06002009
:10A2F0003A000000640600203A000000A00600209A
:10A300003A000000F4040020F404002001000000E2
:10A31000010000000000000000000000789900002B
:10A3200001000000140500201405002000000000BA
:10A33000010000002405002024050020000000008A
:10A34000010000000000000000000000000000000C
:10A3500000000000000000000000000000000000FD
:10A360000000000000000000489500000000000010
:10A3700000000000B71E0020AF1E002000000000FB
:10A3800000000000000000000000000000000000CD
:10A3900000000000000000000000000000000000BD
:10A3A00000000000000000000000000000000000AD
:10A3B000000000000000000000000000000000009D
:10A3C000000000000000000000000000000000008D
:10A3D000000000000000000000000000000000007D
:10A3E0000000000000000000000000000800000065
:10A3F000FF0000000000000003000000000000005B
:10A40000F0050020F005002000000000B16200000F
:10A410003C060020340600202C060020000000002E
:10A4200024060020D16300001D630000516300007A
:10A4300099630000D81B00203A00003ADC1B002082
:10A440003A00003AE01B00203A00003AE41B0020EA
:10A450003A00003A4C0600201006002008060020B2
:08A460000406002000060020A4
:0CA46800000000000000000000000000E8
:10A4740064060020640600200000000000000000C4
:10A484000E0000007806002078060020000000007E
:10A49400000000000E0000008C0600208C06002046
:10A4A40000000000000000000E000000A0060020D4
:10A4B400A006002000000000000000000E000000C4
:04A4C40015E015E0AA
:04000003000020F1E8
:00000001FF
