:10000000C0B100200953000023320100F552000066
:10001000F5520000F5520000F5520000000000000B
:1000200000000000000000000000000085540000F7
:10003000F55200000000000021540000F5520000BD
:100040004956000049560000495600004956000034
:100050004956000049560000495600004956000024
:100060004956000049560000495600004956000014
:100070004956000049560000495600004956000004
:1000800049560000495600004956000049560000F4
:1000900049560000495600004956000049560000E4
:1000A00049560000495600004956000049560000D4
:1000B00049560000495600004956000049560000C4
:1000C00049560000495600004956000049560000B4
:1000D00049560000495600004956000049560000A4
:1000E0004956000049560000495600004956000094
:1000F0004956000049560000495600004956000084
:1001000081F0004102E000BF83F0004330B54FEAC8
:1001100041044FEA430594EA050F08BF90EA020F35
:100120001FBF54EA000C55EA020C7FEA645C7FEAC8
:10013000655C00F0E2804FEA5454D4EB5555B8BFEB
:100140006D420CDD2C4480EA020281EA030382EA5C
:10015000000083EA010180EA020281EA0303362DEE
:1001600088BF30BD11F0004F4FEA01314FF4801CC1
:100170004CEA113102D0404261EB410113F0004FD3
:100180004FEA03334CEA133302D0524263EB43038A
:1001900094EA050F00F0A780A4F10104D5F1200E28
:1001A0000DDB02FA0EFC22FA05F2801841F1000183
:1001B00003FA0EF2801843FA05F359410EE0A5F157
:1001C00020050EF1200E012A03FA0EFC28BF4CF088
:1001D000020C43FA05F3C01851EBE37101F000453E
:1001E00007D54FF0000EDCF1000C7EEB00006EEB4B
:1001F0000101B1F5801F1BD3B1F5001F0CD34908D5
:100200005FEA30004FEA3C0C04F101044FEA44522B
:1002100012F5800F80F09A80BCF1004F08BF5FEAB2
:10022000500C50F1000041EB045141EA050130BD92
:100230005FEA4C0C404141EB0101013C28BFB1F5A4
:10024000801FE9D291F0000F04BF01460020B1FAEF
:1002500081F308BF2033A3F10B03B3F120020CDAC2
:100260000C3208DD02F1140CC2F10C0201FA0CF0A0
:1002700021FA02F10CE002F11402D8BFC2F1200C05
:1002800001FA02F120FA0CFCDCBF41EA0C019040BB
:10029000E41AA2BF01EB0451294330BD6FEA040404
:1002A0001F3C1CDA0C340EDC04F11404C4F12002EF
:1002B00020FA04F001FA02F340EA030021FA04F301
:1002C00045EA030130BDC4F10C04C4F1200220FA58
:1002D00002F001FA04F340EA0300294630BD21FA96
:1002E00004F0294630BD94F0000F83F4801306BF5C
:1002F00081F480110134013D4EE77FEA645C18BF50
:100300007FEA655C29D094EA050F08BF90EA020FE6
:1003100005D054EA000C04BF1946104630BD91EADE
:10032000030F1EBF0021002030BD5FEA545C05D1E1
:100330004000494128BF41F0004130BD14F5800420
:100340003CBF01F5801130BD01F0004545F0FE4194
:1003500041F470014FF0000030BD7FEA645C1ABFC9
:10036000194610467FEA655C1CBF0B46024650EA00
:10037000013406BF52EA033591EA030F41F400212C
:1003800030BD00BF90F0000F04BF0021704730B5B2
:100390004FF4806404F132044FF000054FF0000187
:1003A00050E700BF90F0000F04BF0021704730B548
:1003B0004FF4806404F1320410F0004548BF40421D
:1003C0004FF000013EE700BF42004FEAE2014FEA72
:1003D00031014FEA02701FBF12F07F4393F07F4F4D
:1003E00081F06051704732F07F4208BF704793F050
:1003F0007F4F04BF41F40021704730B54FF4607463
:1004000001F0004521F000411CE700BF50EA010265
:1004100008BF704730B54FF000050AE050EA01020E
:1004200008BF704730B511F0004502D5404261EB7E
:1004300041014FF4806404F132045FEA915C3FF4BF
:10044000D8AE4FF003025FEADC0C18BF03325FEA5C
:10045000DC0C18BF033202EBDC02C2F1200300FA0D
:1004600003FC20FA02F001FA03FE40EA0E0021FA32
:1004700002F11444BDE600BF4FEA4102B2F1E0438D
:1004800024BFB3F5001CDCF1FE5C0DD901F0004C7B
:100490004FEAC0024CEA5070B2F1004F40EB8300CB
:1004A00008BF20F00100704711F0804F21D113F1F7
:1004B0003872BCBF01F00040704741F480114FEA30
:1004C0005252C2F11802C2F1200C10FA0CF320FAB9
:1004D00002F018BF40F001004FEAC1234FEAD323D6
:1004E00003FA0CFC40EA0C0023FA02F34FEA430340
:1004F000CCE77FEA625307D150EA01331EBF4FF0C9
:10050000FE4040F44000704701F0004040F0FE40E3
:1005100040F40000704700BF80F0004002E000BFE0
:1005200081F0004142001FBF5FEA410392EA030FDE
:100530007FEA226C7FEA236C6AD04FEA1262D2EB28
:100540001363C1BFD218414048404140B8BF5B422D
:10055000192B88BF704710F0004F40F4000020F0C6
:100560007F4018BF404211F0004F41F4000121F0DC
:100570007F4118BF494292EA030F3FD0A2F1010226
:1005800041FA03FC10EB0C00C3F1200301FA03F164
:1005900000F0004302D5494260EB4000B0F5000F87
:1005A00013D3B0F1807F06D340084FEA310102F146
:1005B0000102FE2A51D2B1F1004F40EBC25008BFF8
:1005C00020F0010040EA03007047490040EB0000C2
:1005D000013A28BFB0F5000FEDD2B0FA80FCACF1C3
:1005E000080CB2EB0C0200FA0CF0AABF00EBC250F0
:1005F00052421843BCBFD0401843704792F0000FDE
:1006000081F4000106BF80F400000132013BB5E730
:100610004FEA41037FEA226C18BF7FEA236C21D0A6
:1006200092EA030F04D092F0000F08BF084670470B
:1006300090EA010F1CBF0020704712F07F4F04D1D9
:10064000400028BF40F00040704712F100723CBFEC
:1006500000F50000704700F0004343F0FE4040F416
:10066000000070477FEA226216BF08467FEA2363D4
:100670000146420206BF5FEA412390EA010F40F4BF
:10068000800070474FF0000304E000BF10F000430B
:1006900048BF40425FEA000C08BF704743F09643F2
:1006A00001464FF000001CE050EA010208BF70470D
:1006B0004FF000030AE000BF50EA010208BF704794
:1006C00011F0004302D5404261EB41015FEA010CA9
:1006D00002BF84460146002043F0B64308BFA3F1A1
:1006E0008053A3F50003BCFA8CF2083AA3EBC25383
:1006F00010DB01FA02FC634400FA02FCC2F12002A2
:10070000BCF1004F20FA02F243EB020008BF20F0D8
:100710000100704702F1200201FA02FCC2F120023E
:1007200050EA4C0021FA02F243EB020008BF20EA33
:10073000DC7070474FF0FF3C06E000BF4FF0010C4B
:1007400002E000BF4FF0010C4DF804CD4FEA40022B
:100750004FEA41037FEA226C18BF7FEA236C11D075
:1007600001B052EA530C18BF90EA010F58BFB2EB28
:10077000030088BFC81738BF6FEAE17018BF40F0A8
:10078000010070477FEA226C02D15FEA402C05D15C
:100790007FEA236CE4D15FEA412CE1D05DF8040BE1
:1007A000704700BF844608466146FFE70FB5FFF774
:1007B000C9FF002848BF10F1000F0FBD4DF808ED2C
:1007C000FFF7F4FF0CBF012000205DF808FB00BF1D
:1007D0004DF808EDFFF7EAFF34BF012000205DF877
:1007E00008FB00BF4DF808EDFFF7E0FF94BF0120C4
:1007F00000205DF808FB00BF4DF808EDFFF7D2FFC1
:1008000094BF012000205DF808FB00BF4DF808ED03
:10081000FFF7C8FF34BF012000205DF808FB00BFD0
:100820007BB972B90029BEBF00204FF0004106E03D
:1008300008BF00281CBF6FF000414FF0FF3000F0F0
:1008400057B8ADF1080C6DE904CE002909DB002B87
:100850001ADB00F069F8DDF804E0DDE9022304B0FA
:100860007047404261EB4101002B1BDB00F05CF85C
:10087000DDF804E0DDE9022304B0404261EB410110
:10088000524263EB43037047524263EB430300F071
:100890004BF8DDF804E0DDE9022304B0404261EBEF
:1008A00041017047524263EB430300F03DF8DDF82D
:1008B00004E0DDE9022304B0524263EB43037047D6
:1008C00053B94AB9002908BF00281CBF4FF0FF31B7
:1008D0004FF0FF3000F00CB8ADF1080C6DE904CE1C
:1008E00000F022F8DDF804E0DDE9022304B07047EF
:1008F000704700BF10F8012B11F8013B012A28BFF7
:100900009A42F7D0D01A7047034611F8012B03F82A
:10091000012B002AF9D17047034613F8012B002A56
:10092000FBD1181A013870472DE9F04786468C46EE
:100930000846089E154674461946002B40F0C280B2
:100940008542B2FA82F245D94AB1C2F1200300FAD7
:1009500002FC2EFA03F3954043EA0C0C94404FEA54
:10096000154EA8B2BCFBFEF8230C0EFB18CC08FBFE
:1009700000F943EA0C43994528D9EB1808F1FF37F1
:1009800004D2994502D9A8F102072B44A3EB09032D
:10099000A4B2B3FBFEFC0EFB1C330CFB00F044EADC
:1009A0000344A04214D92C190CF1FF3304D2A04205
:1009B00002D9ACF102032C44241A43EA07401EB1C9
:1009C000D440002334607360BDE8F0874746DDE71C
:1009D0006346F1E792BB431B01214FEA154EAFB2CC
:1009E000B3FBFEFC200C0EFB1C330CFB07F840EAAB
:1009F0000343984562D9EB180CF1FF3004D29845B7
:100A000002D9ACF102002B44A3EB0803A4B2B3FB60
:100A1000FEFC0EFB1C330CFB07F744EA0344A74221
:100A20004ED92C190CF1FF3304D2A74202D9ACF1F4
:100A300002032C44E41B43EA0040C0E7C2F1200358
:100A400020FA03F1954090402EFA03F303434FEA56
:100A5000154EAFB2B1FBFEFC0EFB1C10190C0CFBCB
:100A600007F841EA0041884504FA02F422D96918DE
:100A70000CF1FF3004D2884502D9ACF102002944C0
:100A8000A1EB08019BB2B1FBFEFC0EFB1C110CFBA1
:100A900007F743EA01439F420ED9EB180CF1FF31EF
:100AA00004D29F4202D9ACF102012B44DB1B41EA84
:100AB000004192E76046E3E76146F7E76046A3E757
:100AC0006346B7E7834206D916B9002108467BE79B
:100AD000C6E900E0F9E7B3FA83F78FB9834201D39F
:100AE000724508D8BEEB020460EB030301209C466C
:100AF0001EB9002168E73846FAE7C6E9004CF8E776
:100B0000C7F1200CBB4022FA0CF41C432EFA0CF166
:100B100020FA0CF3B84001434FEA14490EFA07F5E6
:100B2000B3FBF9F81FFA84FE09FB18300B0C08FB25
:100B30000EFA43EA00439A4502FA07F240D9E31855
:100B400008F1FF3004D29A4502D9A8F102002344EB
:100B5000A3EB0A0389B2B3FBF9F809FB183308FBCE
:100B60000EFE41EA03418E452CD9611808F1FF338E
:100B700004D28E4502D9A8F10203214443EA004081
:100B8000A0FB0298A1EB0E014145CE46434602D39D
:100B900006D14D4504D2B9EB020E68EB04030138CF
:100BA000002EA6D0B5EB0E0261EB030101FA0CFC9E
:100BB00022FA07F34CEA0303F940C6E9003198E74B
:100BC0004046C5E74346D9E72DE9F047064688B0D9
:100BD0000F46904614F05AFC4FF47A73A0FB03457D
:100BE00003FB0155E40B012F44EA45444FEAD53598
:100BF00007D1294922462B46304611F074FF0020C8
:100C000012E0D8F8047025483946FFF773FE70B13A
:100C100023483946FFF76EFE48B1304621493A462F
:100C200011F07DFF6FF0040008B0BDE8F0872046AA
:100C3000294617A3D3E90023FFF7F2FD05460C462A
:100C400010461946184A0023FFF7EAFD80460F4672
:100C5000104619464EF660220023FFF7E1FD82465A
:100C60008946104619464FF47A720023FFF7D8FDE3
:100C7000CDE902A9CDE90623CDE90401CDE900873C
:100C80000A492A462346304611F02DFFB7E700BF38
:100C9000005C260500000000B3780100C478010064
:100CA000C7780100D078010080EE3600E8780100B6
:100CB0002DE9F041374E33685C0700AF054614D587
:100CC000E8468AB06C46344B6361344BC4E9081281
:100CD0002246C4E90630062342F8103F00234FF4B1
:100CE0004451304601F0AAFDC546681C17D0002DBE
:100CF0003AD033685B0734D56C4688B06A46284BD7
:100D00005361264BC2E90635042342F8103F2148BF
:100D100000234FF4045101F091FDA54621E000208D
:100D200009F06CFF00281CDA3368590711D06C46B3
:100D300088B06A461B4B5361184BC2E90630042346
:100D400042F8103F002313484FF4015101F076FDA3
:100D5000A546002383F31188BFF36F8F0323184642
:100D600002DFBD46BDE8F08128460AF001F8002800
:100D7000F7DA33685A07ECD06C4688B06A460A4BFB
:100D80005361064BC2E90630042342F8103F2B465C
:100D9000D9E700BF3C070020B4720100AA7301002C
:100DA00034730100ED720100117301002DE9F0416F
:100DB000514C86B0236803F00703022B00AF10D913
:100DC0006D4688B06A464D4B53614D4B936103238A
:100DD00042F8103F00234FF4C651204601F02EFD8B
:100DE000AD464848002109F0FFFE00281CDA2368C0
:100DF000590711D06D4688B06A46434B5361404B4A
:100E0000C2E90630042342F8103F3B4800234FF468
:100E1000015101F013FDAD46002383F31188BFF3A8
:100E20006F8F0323184602DF002009F0E7FE002839
:100E30001CDA23685A0711D06D4688B06A46334BD6
:100E400053612F4BC2E90630042342F8103F2A4871
:100E500000234FF4015101F0F1FCAD46002383F370
:100E60001188BFF36F8F0323184602DF002200238F
:100E7000C7E90223264E224D00234FF0FF323B7478
:100E80007A617B6023685B070ED5E84688B06A46C6
:100E90000323C2E9056542F8103F174800234FF4C9
:100EA000C85101F0CBFCC54604220023B91807F154
:100EB00008000AF023F8002814DA236813F0060F5C
:100EC00010D0E84688B06A46124BD061C2E90535B9
:100ED000042342F8103F084800234FF4025101F068
:100EE000ADFCC5467B6801337B6000214FF4702068
:100EF00014F023FAC6E700BF3C0700204A73010044
:100F0000B7730100B10C00005A730100ED720100CB
:100F10007D730100877301002DE9F04F91B08407C4
:100F2000009302F004030293C2F3C20303F101032E
:100F3000DDF86880039205460E46059340F0BA81BD
:100F4000041D30B1072909D86FF01B0011B0BDE8AE
:100F5000F08F01F007063444C6F10806009B4FF0FD
:100F60000009591E4FF0040A4FF0FF330193CDF8EA
:100F700010904F46CB4653460DB1009A226005981B
:100F8000002800F3E8809848009A824203D39748EB
:100F90008242C0F0E080039AA4EB050E92074FEA6C
:100FA0009E0000F103810F2F00F2B180002D00F0B0
:100FB000058107F140020DEB020C019A0CF8200CA0
:100FC0000CF8102C049801300490E7E07A285DD8E2
:100FD0004B280ED8472859D829282DD8252852D053
:100FE00054D820287AD02338D0F1000B4BEB000BDB
:100FF00074E04C382E2849D8DFE800F070484848A3
:1010000048484848484848484B484848484848485D
:101010004859484B4B595959704B6D487048184BBB
:10102000184848827F4B48484B487F0000204FF0CB
:10103000000B4FF0040A38E02A38C0B2012202FA4D
:1010400000F010EA0E0F49D110F0625C2FD110EAC7
:10105000020B43D06046013C5444B4FBFAF40AFB53
:1010600004F4002D61D0A3EB050CA444B4453FF675
:101070006BAF002868D1042B47D158F8043B23609C
:10108000043404232AE0019A013A01924FF0000B44
:1010900024E011F8010C6C2834D111F8023C002036
:1010A0006C2B8346C5D14FF0080A5346D3E708F1AD
:1010B000070828F007080734F8E802AB24F0070413
:1010C00035B106982044B0423FF63EAFC4E900ABCC
:1010D00008344FF0000B4FF0080A534611F8010F87
:1010E000002878D0BBF1000F7FF470AF2528F5D130
:1010F000019B013301934FF0010B4FF0040AECE721
:10110000584694E700208346A5E7082B02D06FF0ED
:1011100015001BE708F1070828F00708F8E8022384
:10112000C4E9002308340823D8E768B9042B02D1A6
:1011300008F10408A4E7082BE9D108F1070828F012
:10114000070808F10808EDE7059A013A059258F8F2
:10115000042B009210E7039A900720D5A4EB050E0C
:101160004FEA9E004FF0010CBEF5007FCFD20F2F4B
:10117000CDD8F5B107F140020DEB020EC0B2019AD5
:101180000EF8200C0EF8102CBCF1000F3FF41AAF33
:1011900060F07F000EF8200C09F101090137C5F15C
:1011A0000802043406924FF6DA7E97E74FF0000CFF
:1011B000DAE7BCF1000F01D00136EFE70298023602
:1011C0000028EBD10098CDE90631FFF7A5FBDDE95A
:1011D00006310644E2E7631BB3F5806F97D23DB951
:1011E000A6F10804E018B1E65060010000AD01006E
:1011F000029A28609B082B709DF81030C2B1EB70EA
:1012000085F80290B9F1000F05D008A80022C5F1B9
:10121000010C97420ED1C5F101030DF120084FF0EA
:10122000000A01930DF1300B574512D1601B8DE67A
:101230006B70E5E710F8013B190608D50CEB040EBE
:10124000B64503F07F033FF67FAE04F8013B013261
:10125000DFE7B9F1000F03D098F90020002A17DB6F
:10126000029BD3B11AF80B2004F8012B0022019B3A
:1012700018191044B0423FF667AE98F8000004F821
:10128000010B00990392204614F09AFD039A14442E
:101290000AF1010A08F10108C6E798F8002055F89C
:1012A00022300093029B45F822300098FFF734FB70
:1012B000421CDCE76FF00D0048E600BF2DE9F04F5F
:1012C00097B000AF90F802A0D7F880B03B62CBF3A4
:1012D000C0030446FA62BB61894641B9457800788B
:1012E0000AEB800020444D4517D8A0EB0409E378B1
:1012F000FB61BAF1000F02D01BF0010F16D1FB69A0
:1013000053BBFB6A1BB13A6A4946204698474D4693
:1013100028465C37BD46BDE8F08F461C3046FFF7D7
:10132000FBFA0130304409F10109DCE723786268F7
:101330007A62FA6A9900796104EB8301002A40F02D
:1013400006814D460E4601EB0A094FF00008B145F3
:1013500052D101EB0A0610E01BF0020FD1D0237826
:101360009A007A6162687A62FA6A04EB8301002A61
:101370007DD14D4601EB0A0690461BF0050F0CBFD0
:1013800002230123FB62FB6906EB430A0BF0020315
:10139000BB625645BCD016F8021B16F8013C54F847
:1013A00023909C4B994502D39B4B99453CD3BB69F9
:1013B000002B46D0786A10F05BF9002841D097489E
:1013C000036813F0060F15D0E9468AB06A46944BBD
:1013D0005361944B93617B6AC2E9073140F2013358
:1013E0009384914B42F8103F00234FF4325101F0A7
:1013F00025FACD46023DCCE716F8013BF96254F8D8
:101400002300FFF789FAD7F88430F96A01304BB12D
:10141000D7F8883098453EBFD7F8843023F81800B5
:1014200008F10108054492E7BB6923B1786A10F01E
:101430001FF90028C3D11BF0010F05D1FB6AED1A7B
:10144000A7E7BB6A002BA4D04846FFF765FAD7F898
:10145000843053B1D7F8883098453FBFD7F88420FF
:10146000431C22F8183008F10108054491E7BAF14D
:10147000000F72D01BF0040872D0D04607F148006C
:10148000002652463B61B96214F09AFCB96A3B6986
:1014900001EB0A02BA62FA69F9695200FA60BA6AA3
:1014A00002EB41023A610BF00202BA603A69B96A92
:1014B0008A4257D162787A621BF0020F32440CBF25
:1014C0004FEA580100211BF0010FD2B240F09F807B
:1014D0001BF0040F14BF40460020BB616270A07077
:1014E000E1703A6A7969FB6A20469847051EFFF663
:1014F0000FAFBB6923707B6A6370FB69E370414681
:101500003A6AFB6A84F802A007F148009847B0F1F4
:101510000008C0F2BD807B693A6AA9EB0A01C91ACA
:10152000FB68C91AD7E90A0398470028C0F2B280BD
:10153000A84408EB00054FF0000B07F1380AB3454B
:1015400074D300213A6AFB6A08469847E0E656469B
:1015500007F138004FF0000893E7D046564697E76A
:10156000464695E7BA6A12F8021BBA6212F8015CA5
:10157000284A54F82500904202D3274A90421ED3AD
:10158000BA6932B1786A7B6010F072F87B68002823
:101590008CD1BA6802BB08F1280207F1300C08F1BF
:1015A0000100944407F1580252FA80F008F1020851
:1015B0000CF8101C5FFA88F800F8105C76E7BA693E
:1015C0003AB1786A7B6010F053F87B6800287FF4AA
:1015D0006DAF1BF0010F09D006F1280207F13000B2
:1015E000711C161806F8205CCEB25FE71BF0040FE2
:1015F0003FF45CAF08F1280207F1300008F1010167
:1016000002EB000808F8105C5FFA81F84EE7002052
:1016100063E700BF5060010000AD010040070020FB
:10162000C073010067740100050000011BF80A3057
:1016300087F8373054F82390D7F884302BB3D7F895
:1016400088309B4521D2D7F8843033F81B803A6A22
:10165000FB6A012107F13700984700281ADB05448F
:10166000B8F1000F06D14846FFF756F900F101081E
:101670001FFA88F83A6AFB6A4146484698470028AC
:1016800008DB05440BF1010B59E74FF00008DEE7DA
:1016900045463DE605463BE6014B1860704700BFF6
:1016A0005000002080B505460E46174698460DF0BE
:1016B0003BF8034614F0C2FCDFF81890044649F8E2
:1016C0000030424630463946A84754F8090003F036
:1016D00091FE00BF0800000008B50446EFF3118337
:1016E000202383F31288BFF36F8F05F05FFF20463E
:1016F00004F0D0F902480FF0E2FF11F0AAFDFCE778
:10170000917401002DE9F047058B044628079046A7
:1017100011D4022905F0070540F0CC80204610F0D6
:1017200067FA78B10138218B042811D8DFE800F07E
:10173000C2106D85950001290CBF45F0100545F0DC
:101740002005258388F31188BFF36F8FBDE8F087EC
:1017500001F0070AAA4500F0A5800027B9463E46D9
:10176000A368002B00F0BC8041F00801218388F3BE
:101770001188BFF36F8FA168002900F0BA800D684F
:10178000002900F0B680D1F8048033465246204646
:10179000C047002D76D02B6829461D46F0E701F0A2
:1017A00007035A1F012A1BD8002221F00701062B2C
:1017B000276889B2C4E9002209D13B4603E0628B65
:1017C000013262831B68002BF9D141F002012183B1
:1017D000204610F00DFA00287AD041F0200176E082
:1017E000042B0AD121F0070189B22183204610F091
:1017F000FFF910B141F020012183218B01F0070A8C
:10180000AA454FD00027B946AAE7236921F007016E
:1018100041F00601062DD3F8009021832DD1B9F1B6
:10182000000F3FD041F00801218388F31188BFF3F6
:101830006F8F3A492046C84729E021F00701236904
:1018400041F0040189B2042DD3F804902183E6D03D
:1018500000273E464FF0040A82E721F00701236982
:1018600041F0050189B2052DD3F808902183D6D027
:1018700000273E464FF0050A72E700273E464FF02C
:10188000060A6DE72B4687E7B9F1000FD1D1EFF3D8
:101890001188202383F31288BFF36F8F238B23F0EB
:1018A00008032383258BEA062ED525F01003238316
:1018B00005F007056669218B002EBFF670AF002387
:1018C0002768C4E9003321F0070141F001012183B9
:1018D000218B01F0070AAA454FF000097FF440AFC1
:1018E000002F9CD041F00801218388F31188BFF3B9
:1018F0006F8F002FC8D03D68394633465246204688
:1019000010F0A2F92F46F4E7AB067FF51BAF25F0E8
:101910002003238305F0070500E700BF751C0100C5
:101920002DE9F7430F4606460821C06ADFF85090BC
:1019300010F080FB3C68241A80463C6004EA0905EC
:10194000AC4203D8002003B0BDE8F08308236A4608
:101950002146304610F003FB0028F4D1694630469A
:1019600010F072FB40B1BDF80230BDF804203C60BD
:1019700005EA090513441D44A4EB0804E0E700BF91
:101980000000FFFF73B504460821C06A124E10F034
:1019900051FB4FF6FF726368ADF800208DF806200A
:1019A000E268191833401344181A0025606068462D
:1019B000ADF80210ADF8045010F030FB6946204637
:1019C00010F002FC2046211D10F002FB636828463F
:1019D0003340A36002B070BD0000FFFF2DE9F04F5F
:1019E00089B0044600AF00F11408404613F005FB2F
:1019F000A06A8368DB689847E06280B9A148036801
:101A00005E0738D06C4688B06A469F4B53619F4B47
:101A10009361032342F8103F4FF4C25128E0A06ABB
:101A20008368DB6898470368013B1F2B08D99548FA
:101A300003685D071FD06C4688B06A46944BE5E7A3
:101A4000E368B3F5803F19D98E480268540712D075
:101A50006C468AB06A468F4951618C49C2E90613C7
:101A60004FF480331362052342F8103F4FF42151A5
:101A700010F0DDFAA5466FF015054AE0A06A21686E
:101A800007F1140211F0C5FC40B17E480368590704
:101A9000F1D06C4688B06A467F4BB7E7E5682DB158
:101AA000BB69B5FBF3F203FB125545B175480368FA
:101AB0005A07E0D06C4688B06A46784BA6E7238A7E
:101AC000012B08D86F4803685B07D4D06C4688B0F8
:101AD0006A46734B9AE7E36A3D6093F805A04FF0BE
:101AE000FF334FF0FF3240460BF01CFFE06A082145
:101AF00010F0A0FAA9460646238A1FFA85FB5B452B
:101B00000CD8238A4B4527D140460BF083FF6FF05A
:101B10002C0528462437BD46BDE8F08FE1682B042C
:101B2000891B13FA81F1524608232046396010F0D0
:101B300024FA78B13946204610F04AFA09F1010931
:101B400039680823524620461FFA89F910F015FA21
:101B50000028D6D00135CFE79B450BD13968082343
:101B60005246891B204610F008FA18B9394620461B
:101B700010F02EFA39462046FFF7D2FE054618B17E
:101B800040460BF047FFC4E73B6863604FEA1349E8
:101B90004FEA0949C4F80890D4E9011399420FD3D8
:101BA00008233A1D204610F0DAF905460028E7D14F
:101BB0003B1D13F8012B92454AD10135082DF8D170
:101BC00063681B0C1B04394620463B6010F000FA8A
:101BD000E36839685246204610F0CFF9051ECFDB86
:101BE000636800F0B28003EB06094FF6FF7AE36802
:101BF000C7F800901FFA89F29B1B9A4256D3002225
:101C00002048036803F00703002A69D0022B0ED98D
:101C10006D4688B06A46234B5361234B936103237F
:101C200042F8103F4FF4C65110F001FAAD46636818
:101C30001B0C1B04394620463B6010F0C9F939687B
:101C4000204610F0D2F90546002D00F09C8097E761
:101C5000391D204610F0F8F9626810B9921B6260D5
:101C60009AE73D89F988E06AC4F80890294410F0A1
:101C7000E1F948449042A060F0D1002DEED06FF021
:101C80001C05DBE068070020DD7401005A760100C6
:101C90000375010024750100517501006D75010087
:101CA00085750100AC7501004E760100082307F12F
:101CB0000C024946204610F052F9054600287FF4F0
:101CC0005FAF07F10C01204610F0BEF920B1BB89CF
:101CD000534501D13B8A0BB1B14488E701228FE71C
:101CE000022B0ED96D4688B06A46574B5361574B4D
:101CF0009361032342F8103F4FF4C65110F097F957
:101D0000AD466168204610F070F9054600287FF462
:101D100037AF63684E4AE16813400B44A3EB4603B8
:101D200063601340A360204610F076FA8BE75B1ADD
:101D30005246204610F021F9051EFFF621AF08D0CB
:101D4000E26AA36812681344A360D4E901318B42AC
:101D5000EDD86168E36801EB46029A427FF474AF04
:101D6000DFF8EC90A36801EA090293423FF46CAFFC
:101D7000204610F03AF9054600287FF401AF636869
:101D800003EA0903A360E368A288A3EB46039A422F
:101D900050D040460BF03EFE2E4D0123A3742B681D
:101DA00003F00703022B43D96E468AB0218AE36809
:101DB0006A46DFF8A490294850614FF00508C2E94F
:101DC000069113624FF4235142F8108F284610F009
:101DD0002EF92B6803F00703022BB54628D98AB0E9
:101DE00063686A461E49C2E90519190C9BB2D161A4
:101DF00013624FF4235142F8108F284610F017F960
:101E00002B6803F00703022BB54611D98AB0A368EB
:101E10006A461449C2E90519190C9BB2D1611362D3
:101E20004FF4235142F8108F284610F000F9B546C0
:101E300000256EE6204610F0D8F9054640460BF026
:101E4000E9FD002DA8D064E6C57501004E760100BD
:101E50000000FFFF680700205A760100F0750100BE
:101E60000B760100217601002DE9F04F93B01D465D
:101E700000AF837CB96004463A61CBB96E48036811
:101E80005B070ED06C4688B06A466C4B53616C4B56
:101E90009361032342F8103F4FF4C25110F0C7F88A
:101EA000A5466FF00C0630464C37BD46BDE8F08FB6
:101EB000C26A0821104610F0BDF82946F8601046A5
:101EC00010F0B8F8E368FA68A3EB8203AB428046EF
:101ED000C0F0AF801DB13B69002B00F0AA806368A1
:101EE000FB6107F1200207F11C012046D7F81CB066
:101EF00010F0E7F806460028D5D13B8CBA6893422B
:101F000006D06268FB699A42EBD1002D3AD1CAE74C
:101F100007F12001204610F097F80028F1D0B7F81B
:101F200022A0BB8C65B39D422CD1E36A1B685B4247
:101F300003F020034FEA1B4B4FEA0B4B7B603B69DE
:101F40007B61DA44AB46D7F80490D94528BFD9461F
:101F50004B4607F128025146204610F000F80028B1
:101F60004ED178694A4607F1280113F089FC48B937
:101F70007B69BBEB090B4B44CA447B61E3D192E71D
:101F8000002B90D0B8F1000F3DD104F1140A4FF0AE
:101F9000FF324FF0FF3350460BF0C4FC238A9E42C1
:101FA00044D0A168626808EB01039A4230D3BB6851
:101FB0003B85FF23798587F82E303A69BD852B460E
:101FC000204610F0C8F829468346E06A10F032F83F
:101FD000A3680344A360BBF1000F0CD107F12800F4
:101FE00010F01CF807F12801204610F0EDF8002849
:101FF00014BF8346AB4650460BF00CFD5E4652E7DD
:10200000C0DC06464FE7FB6898441FFA88F8BCE737
:102010002046FFF7B7FC83460028ECD1204610F09D
:10202000FBF883460028E6D10136B7E76FF01B0BBB
:10203000E1E76FF0150636E768070020C574010078
:10204000447601002DE9F04F85B01E4600AF837C39
:10205000B7F838A0044688469146C3B932480368A9
:102060005B070ED06C4688B06A46304B5361304BEC
:102070009361032342F8103F4FF4C2510FF0D7FF92
:10208000A5466FF00C001437BD46BDE8F08FC06A5E
:1020900008210FF0CFFFE368A3EB4003B34240D326
:1020A000D4F804B0C7F804B0002555455946D7F810
:1020B00004B008D963685B451ED13B8943451BD0FA
:1020C0006FF00100DFE707F10802391D20460FF02D
:1020D000F8FF0028D7D13B89434507D107F1080114
:1020E00020460FF0B1FF08B10135ADB262687B68E0
:1020F0009A42DAD15946E0E7BB89002BE0D0AA45E5
:10210000DED87889090CB3424FEA014128BF334633
:1021100001444A4620460FF022FF0028B3D1B88977
:10212000B1E76FF01500AEE768070020C574010045
:10213000367601002DE9F047DFF85880044607465F
:102140004FF0010914B93846BDE8F08794FAA4F5B8
:10215000B5FA85F509FA05F32E0108EB05156FEAC6
:10216000030A24EA03042B7B002BEBD058F806303B
:102170001B694BB94644042273682846196807EA6C
:102180000A0710F05DF9DDE7284698470028D9D105
:10219000F0E700BF2C65010030B51049104889B048
:1021A000002213F075F90F4D0F4900220023CDE9ED
:1021B000062300240E23CDE90334CDE901440B4B63
:1021C00000944FF4006228460BF062FF084928464D
:1021D0000BF08CFE204609B030BD00BFF521000099
:1021E000381A002068090020806000205D2500006A
:1021F0006B76010001480BF05DBC00BF9C0800201D
:102200002DE9F047804621480F4610F0F1F80646C8
:10221000002833D000252846BDE8F087237B83B112
:102220002368DB680BB120469847636883F8069003
:1022300023681B69D3B9636804221968204610F02B
:10224000FFF8013610345445E8D3B8F1000FE2D05E
:10225000002DDFD02846FFF76DFF0546002FF7D091
:1022600000214FF4A47013F068F8F1E72046984776
:102270000028E0D009FA06F31D43E2E7044CDFF83A
:1022800014A005464FF00109DDE700BFA82000209B
:102290002C6501003C650100014B53F8200070479C
:1022A0005C69010008B5034608462BB1044A136077
:1022B00000F074FD002008BD6FF01500FBE700BFC3
:1022C0005400002010B5044C237813B903480BF0D8
:1022D000F1FB0123237010BDCC2C00209C080020B2
:1022E00010B504460B4810F083F85CB1BFF35B8F68
:1022F000094B53E8001F013943E80012002AF8D1C6
:10230000BFF35B8F054813F0CFF80548BDE81040D8
:102310000BF0D0BBA0200020A4200020381A002001
:102320009C0800200020064BBFF35B8F014653E85A
:10233000000F43E80012002AF9D1BFF35B8F70470A
:10234000A020002070B5FFF7EDFF084C084E0546B1
:10235000B44200D370BD63685B792BB123685B68BE
:1023600013B12946204698471034F1E72C65010047
:102370003C65010010B5044C044920460FF0AFFA4B
:10238000034B1C6010BD00BFF80600204869010027
:10239000982000200E4A0F48002310B513700E4AF3
:1023A00013600E4A4FF400411360FFF77BFFFFF705
:1023B000E1FF00F06DF90A4B0A4918468B4200D341
:1023C00010BD1A1A5C681211013222711033F5E740
:1023D000CD2C0020ED230100A0200020A42000200F
:1023E0002C6501003C6501000146002201480023E4
:1023F0000FF096BAF806002001480FF02FBB00BF7F
:10240000F8060020024B014618680FF082BB00BF9F
:102410009820002001480FF0B7BB00BFF80600204D
:102420002DE9F041364B1878002866D0FFF7E4FF1D
:10243000044600285DD1334B334C1B68002B19DD5B
:1024400013F024F84FF47A72A0FB020302FB01316F
:10245000C30BD4E9002043EA41439B1A4FEAD13130
:1024600040F2E93261EB0001934271F1000101D3C6
:10247000FFF768FFD4E9003213F57A7342F10002E6
:10248000C4E90032BDE8F041FFF7C4BF6B685B7977
:102490003BB121784B0717D52B6821461B6828468E
:1024A000984710354545F1D32046FFF7ABFFBFF302
:1024B0005B8F164B53E8001F013943E80012002AD6
:1024C000F8D1BFF35B8FB6E720462688C1F3C20779
:1024D00000F0A2FAC6F382160246002EDCD00028D5
:1024E000DADB01233946284600F082F9B042D8D31E
:1024F000D2E7074DDFF81C80D4E7BDE8F08100BFCC
:10250000CC2C0020A0200020301A0020A420002085
:102510002C6501003C65010070B50D4D297861B94D
:102520000120FFF76DFE0B4C0B4EB44206D3FFF7B4
:1025300077FF0028FBD101232B7070BD63685B79A6
:102540001BB1236820469B6898471034EDE700BF15
:10255000CD2C00202C6501003C65010000212DE9F7
:10256000F0470846FFF74CFE044658B340F2676850
:102570004FF0000913F062FD1B4B1C4A1B581360FF
:1025800033B11B4B1B68002B02DD1A480BF092FA8B
:10259000194FDFF860A0002544B12046FFF7CAFDBF
:1025A000044618B94FF0FF384FF0FF39FFF738FFF6
:1025B000064628B9B5B942464B4650460BF0B4FA28
:1025C0003546E9E74FF0FF384FF0FF39D2E72B6887
:1025D0009B691BB100221146284698471035BD4221
:1025E000F5D3E8E7054DFAE7080000009C2000203D
:1025F000A42000209C0800203C6501002C650100FF
:1026000010B50F480FF0F4FE0E4B1B786BB1EFF3D3
:102610001184202383F31288BFF36F8FFFF700FF2D
:1026200084F31188BFF36F8F10BD074B1B68002B1D
:10263000FAD00028F8D10548BDE810400BF03ABAAE
:10264000A4200020CD2C00209C2000209C080020ED
:1026500010B5064B1B68044698472146A060044805
:102660000FF0DDF9BDE81040FFF7CABF54000020AD
:10267000F8060020044A054B9B1AB1EBD30F34BF78
:1026800052F83100002070476C6401002C65010095
:102690000B480C4B30B51B1A0B4CDB0800210430E7
:1026A000994200D130BD10F83120256802F00702B0
:1026B00025F007052A4344F8042B0131F0E700BF59
:1026C0006C6401002C6501003C070020F8B50B4F3D
:1026D0000B4DED1B0646ED080024AC4203D14FF034
:1026E000FF342046F8BD57F8340020B13146FEF7DC
:1026F00001F90028F5D00134EFE700BF6C64010058
:102700002C65010000282DE9F047884615461F4634
:102710001DDADFF89890264E4FF0000AA6EB090666
:1027200036095446B24509F1100902D12046BDE8E8
:10273000F08759F80C0C3B4600792A464146FFF7D2
:10274000E1FF844238BF04460AF1010AEAE7194B67
:10275000194AD21AB5EBD20F26D203EBC5031C7966
:10276000BC4228BF3C46154EC0B200EB400056F8B4
:1027700025300722824023EA020304F00702824048
:1027800013430021032223FA02F000F007008142E4
:1027900002F1030238BF01461E2AF4D123F00703D9
:1027A0000B4346F82530C1E70024DCE72C65010027
:1027B0003C6501006C6401002C6501003C070020B1
:1027C000F8B5094D094BED1A06460F46ED080024F1
:1027D000AC4200D3F8BD002122B23B463046013462
:1027E0000FF026FEA4B2F3E72C6501006C64010033
:1027F00070B14168097973B1002A17DBCBB20C497B
:1028000051F8220003EB4303D84000F00700704763
:102810004FF0FF31EFE707490748401AB2EBD00FFE
:102820003ABF01EBC201087918467047042070478F
:102830003C0700206C6401002C6501002DE9F04F7D
:102840008FB004AFC1F34A28B8600D4691467B6053
:102850000C0DB8F1000F69D0002607F114034FF0FA
:10286000040B4FF00A0AC7F80C80C7E907667E62BE
:102870000193CDF808B0CDF800A007F11C03F9686A
:1028800032464846FEF71AFDB0F5006F034622D3E4
:102890002B48036813F0060F19D06C468AB0D9F89C
:1028A000041004AB274D5D61274DC3E9065140F28A
:1028B000FF7119621A4640F201319984234B42F8A4
:1028C000103F4FF432513346FFF7B8FFA5462C377F
:1028D000BD46BDE8F08FC0F30A0804F117001844A4
:1028E00020F0070080083B60FFF77EFD68F353256A
:1028F000044690B13B68164AC7E9083600F110015A
:1029000007F11403F961CDE900A3CDF808B0F96827
:1029100007F11C034846FEF7D1FC68F353257B689A
:10292000B9682A4620460FF0B3FDD0E704F117003E
:1029300020F007008008FFF757FD0446EDE700BFD1
:102940006C07002080760100197701000500000166
:10295000632401002DE9F04F87B002AFD7E9106979
:10296000BD6B79600446934698464EB3C7F80C9009
:10297000CDF80090FA6B334610210020FEF7CCFA18
:10298000B0F5006F82461CD32048036813F0060F91
:1029900012D06C4688B002AA1D4B53611D4B936147
:1029A00040F2FF73D361042342F8103F00234FF439
:1029B0000251FFF743FFA5461437BD46BDE8F08F2F
:1029C000B24605F11700504420F0070004F0070458
:1029D0008008FFF709FD0BF0070BE40044EA8B14B5
:1029E00044EA4A2444EA0554054640B13EB1CDF8D4
:1029F0000090FA6B334651461030FEF78DFA796835
:102A00004346224628460FF043FDD5E76C070020D9
:102A1000C3760100FF760100406820B1034BC01A65
:102A200040F38F0070474FF0FF3070473C070020A5
:102A30000EB403B503AB014653F8042B04480193CD
:102A400002F0C8FF02B05DF804EB03B0704700BFAE
:102A5000F9240100CA0605D48B064CBF024903497C
:102A6000FFF7E6BF704700BFBF7B0100C9770100D9
:102A70002DE9F04F89B09B46149B06939DF84CA01E
:102A8000159B0593169B179E049304460D4690468E
:102A9000BAF1000F00F09D8006F4807307930FF0E9
:102AA000C5FC06F00209024600283ED091492046A6
:102AB000FFF7BEFF0746B9F1000F08D016F0440F2C
:102AC00035D18D492A462046FFF7B2FF074406F06C
:102AD000010353B1894B8A4953F82A20894B204678
:102AE000002A08BF1A46FFF7A3FF06F48073002BE5
:102AF00049D006F00803002B63D1B8F1000F66D06F
:102B0000814942462046FFF793FF0546069B3D4418
:102B1000002B6DD1049B002B73D1F30700F1E480EF
:102B200031462046FFF796FFD8E00746C3E7774BCC
:102B300018680028CAD0764B4FF47A791B68B5FB29
:102B4000F3F54FF46163B5FBF0F100FB115509FBA0
:102B500005F54FF03C0CB1FBF3F203FB1211B5FB92
:102B6000F0FEB1FBFCF300FB1E550CFB131109FB3F
:102B700005F50091B5FBF0F56649CDE901E5204684
:102B8000FFF756FFA2E706F00803EBB1624B63497B
:102B900053F82A202046FFF74BFF0546B8F1000FF7
:102BA00005D0594942462046FFF742FF0544BBF194
:102BB000000FABD05A495A462046FFF739FF05446B
:102BC000A4E74FF0000BE1E706F00805E6E745460D
:102BD0009CE7BBF1010F069B06D1002B64D1049B3F
:102BE000002B7BD000250CE0002BF8D04D485CE09A
:102BF0004D48069B4D4922460EF009FD049B002BD3
:102C000068D0DFF82C81DFF82C91049F3146102F1B
:102C1000204628BF1027FFF71DFF4FF0000B5D4532
:102C200045DC059B49461A782046FFF701FF4FF027
:102C3000010B1BF0070F03D141462046FFF7F8FEBA
:102C40005F453BD9059B494613F80B202046FFF70B
:102C5000EFFE0BF1010BBBF1100FEAD13649204614
:102C60004FF0000BFFF7E4FE5A46059B9A5CA2F179
:102C700020015F2928BF2E2230492046FFF7D8FEC9
:102C80000BF1010BBBF1100F1DD01BF0070F03D18F
:102C900041462046FFF7CCFE5F455A46E5D84146FF
:102CA0002046FFF7C5FEEBE71F485546A1E7414622
:102CB0002046FFF7BDFE0BF1010BB0E7204920468F
:102CC000FFF7B6FEC5E7059B3B440593049BDB1B62
:102CD00004939AD1BAF1000F7FF41FAF204609B0D8
:102CE000BDE8F04F0FF0FBBB064A05492046FFF751
:102CF0009FFE15E73F7F01003D7701006C690100F1
:102D0000C7A801003877010062770100B0200020D9
:102D1000AC20002046770100806901006677010041
:102D20006C7701002F250100F9240100D55900001E
:102D300079770100717701007B7701007D770100D1
:102D40007777010073B542F20F738B4228BF0B46B1
:102D500005680F4A0446052168460CF081FB63684C
:102D60000C495B680646042228460FF0AAFB6368FC
:102D70003246694628465B680FF0A3FB6368064944
:102D80005B68172228460FF09CFB02B070BD00BFA5
:102D9000E68D01009877010080770100074A002145
:102DA0000123904206D8064A01B901231360054B5E
:102DB0001860704740085B000121F2E740420F00B5
:102DC000AC200020B0200020014B0020196070478B
:102DD000C820002007B500230093084A08494FF493
:102DE000805301200AF06EFA064B01221A70064B3E
:102DF000064A1A6003B05DF804FB00BFE82D00200E
:102E0000AD770100CE2C0020D4200020D12C002052
:102E10000148FFF797BF00BFB069010010B5064B2E
:102E200018680C46FFF738FA21460346BDE8104003
:102E300002480E22184700BFC8200020B0690100D8
:102E4000F8B5094D094B0A4ED5E9004701221A7021
:102E50000CB92C60F8BD214630463A4600F01EF809
:102E6000241A0644F4E700BFBC200020CF2C002029
:102E7000D02C002010B9074B18707047064B1B78F8
:102E80001BB142F2107011F0BFBF4FF4A4700021CB
:102E900012F053BACE2C0020CF2C00202DE9F74F92
:102EA000524F01903B780C4643B9514F8246019BEB
:102EB00023449A452BD324EAE4700CE04D4E0125BF
:102EC0000199224601200AF05FF9A8B1012333706D
:102ED0003B7843B9204603B0BDE8F08F2846FFF7A2
:102EE000C9FF6F1E3D4601200AF0E2F90028F1D02B
:102EF0003378002BF2D1EDE73378002BEAD0013D97
:102F00002846FFF7B7FF3378002BD9D1E2E71AF84C
:102F1000012B3B680A2A61D1374DDFF8E0905A1B3C
:102F2000012A04BF01333B60D7F80080D9F800B014
:102F30000D2308F8013C08F101020A23BBF1000F40
:102F40003A6088F8003029DD2D4B196831BB2A49D9
:102F50005E46632EA2EB050201F11700A8BF6326AF
:102F600012F03CFF274A2449254B02F1140052F885
:102F700004CB41F804CB8242F9D1108892788A7050
:102F800008F118020880BBF1090F3A604FF0010206
:102F90001A6011DC202330366B752E753A6816499D
:102FA000521B01200AF0F0F890B9D9F80030013333
:102FB000C9F800303D607AE70A22B6FBF2F302FB63
:102FC0001366303330362B753E236E75EB74E5E7B0
:102FD0000B4A0023C9F800301360EBE70A498B4223
:102FE0003EBF591C39601A7061E700BFCF2C00202A
:102FF000D4200020CE2C0020D12C0020D020002076
:10300000CC200020B4770100D02D0020014B0360BC
:1030100000207047C069010070B5104B1C680D4658
:10302000B4B10F4B196800238B4202DB6FF0010033
:1030300070BD224612F8106B864202D0013314464E
:10304000F2E7E06811F0FCFE28B12C600020EFE709
:103050006FF00C00ECE76FF01200E9E75800002079
:10306000C069010010B588B0436802938368C068E6
:10307000CDE903320A680023CDE906230C4601AAF4
:103080000449059310F0C9F9079808B9059B236016
:1030900008B010BD652601002DE9F0410C4B1C68FD
:1030A00005460E4617467CB100F0B4F96368204629
:1030B000D3F8108032463B462946C047044600F00C
:1030C000B3F92046BDE8F0816FF00104F9E700BFD5
:1030D000D820002000230360044B5A6812B9C3E9CA
:1030E0000000704710605860704700BFDC2000206F
:1030F000014B1860704700BFD820002030B585B064
:103100000023CDE902330546019000F083F9094B15
:103110001C6844B9284600F01DF9044600F084F903
:10312000204605B030BD636820461B6801A998475A
:103130002468EEE7DC2000202DE9F843254B1F68CA
:103140000646002F43D07B68DB680BB138469847B2
:10315000214CDFF88880DFF88890002544450CD3A7
:10316000204B1C685CB3DFF87880183CCEB96369EB
:10317000FBB9A4691CB3183CF8E72EB963695BB9C5
:10318000284618340546E9E72068002231460FF04A
:10319000A7FA0028F2D1F3E748469847002DEFD16F
:1031A000EFE72068002231460FF09AFA0028DED1BE
:1031B000DFE740469847002D08BF0546D9E77B6802
:1031C0005B690BB1384698472846BDE8F8836FF035
:1031D0000105F9E7D82000203C6501003C650100AD
:1031E00099300000E4200020024B0022C3E90022B5
:1031F000704700BFDC200020024B0022C3E9002200
:10320000FFF7F2BFE42000202DE9F74307460C4604
:1032100009B100230B601F4DDFF87C9000264D455F
:103220000FD31E4B1D6885B355F8188C01AA414673
:103230003846183D0FF054FA10B3D6B914BB2E46D9
:103240001EE0D5F8008001AA414638460FF048FA42
:1032500050B116B954B92E4606E0316800224046F6
:103260000FF03EFA0028F5D11835D8E7019B23600E
:10327000F1E73168002240460FF032FA0028DDD134
:10328000AD69D0E7019B2360D9E7304603B0BDE8C4
:10329000F08300BF3C6501003C650100E420002094
:1032A0002DE9F04784B002AF0446D7F82890786043
:1032B0000D4616469846B9F1000F07D0D9F8001010
:1032C00061BBD9F804A0BAF1000F2ED1391D2046F8
:1032D000FFF79AFF38B3D0F80C907868434632462F
:1032E0002946C8470346F0B11648026852071AD06B
:1032F0006D468AB002AA144951611362134940F223
:1033000001339384124BC2E9061442F8103F0023A4
:103310004FF43151FFF792FAAD4604E03A1D0FF039
:10332000DFF90028CDD1002007E0D9F8083000935C
:103330007868434632462946D0470837BD46BDE83F
:10334000F08700BF80070020FB7701002478010090
:10335000050000012DE9F047DFF8AC90DFF8ACA0E4
:1033600080464FF000470026294C3D464C450DD382
:10337000DAF80040002C42D0183CB8F1000F25D1FB
:1033800022695ABBA469F5E72F46EDE7B8F1000FB3
:1033900003D122694AB91834E8E72068002241467F
:1033A0000FF09EF90028F4D1F5E76368BB4205DD14
:1033B000AF4209D09D42A8BF1D46ECE7EBD1904734
:1033C000002E08BF0646E6E71D46E4E72068002217
:1033D00041460FF085F90028D2D1D3E76368BB429C
:1033E00005DDBD4209D09D42A8BF1D46CAE7C9D12F
:1033F0009047002E08BF0646C4E71D46C2E7AF420D
:10340000C2D13046BDE8F0873C650100E4200020D1
:103410003C65010003484FF0FF324FF0FF330AF0E4
:1034200081BA00BF1408002001480AF0F3BA00BFB7
:1034300014080020F8B5194C194E05460F46B44241
:103440000DD3184EFFF7E6FF34687CB1286854F8B6
:10345000181C183CFDF74EFAC8B1A469F5E72168BD
:103460002868FDF747FAA8B11834E8E700226F6032
:10347000AA61726805F1180332B9C6E90033002465
:10348000FFF7D2FF2046F8BD13607360F7E76FF0D7
:103490001004F5E76FF01004F4E700BF3C6501008D
:1034A0003C650100E420002038B5094DFFF7B2FF6C
:1034B0002B783BB9FFF7A0FE00F06AF8044610B97C
:1034C00001232B700024FFF7AFFF204638BD00BF5B
:1034D000E83D00202DE9F047048FDFF8B0A001346B
:1034E00098B006468946A4B200F10807651EADB241
:1034F000B5F5004F47D04A2305AA294638460EF0B5
:103500005CFF04F57F543F34A4B28046214601237A
:103510000DF10B0238460EF050FFB8F1000F0146D6
:1035200010DC002810DC338FAB4209D132466B1E11
:1035300022F8383F4FF4004102233846FEF794FC4E
:103540002C46D3E7002808DC294638460EF031FF28
:10355000214638460EF02DFFE5E708F160030DEB3C
:103560000308002308F84C3C5246CDF8009003AB0A
:1035700005A80397ADF81040FFF792FE0028DFD0B2
:1035800018B0BDE8F0870020FAE700BF332701003C
:103590007FB50123694603200193FFF73DFD0446F3
:1035A00060BB02AA01A903200FF07EF8044610B107
:1035B00010F10C0F22D10399B1F5803F23D2009A6C
:1035C000002394681846084484421AD30133082B18
:1035D000F9D10E4D69612B835368AB602846D368DF
:1035E000EB630FF03EF9044640B9094E6E60284681
:1035F000FFF770FD28466E60FFF77AFD204604B0A5
:1036000070BD9BB2E5E76FF02004F7E7EC200020E7
:103610005C00002010B5044610F098FD03490246F6
:1036200020460FF060FA002010BD00BF5E78010058
:1036300073B5134600220192044601AA58680A2174
:1036400000F054FE019D95B920EAE0744FF4004665
:10365000294640F2E7304FF47A720023C4FB06019A
:10366000FDF72EF911F069FE284602B070BD2A461A
:10367000024920460FF053FA019DF5E78A780100D0
:1036800008B5034A03490FF02EFA002008BD00BF19
:103690007A79010081790100F7B5174600230546C4
:1036A00001AA0A21B868019300F020FE1749C6B2AA
:1036B00028460FF026FA019C44B1224614492846B8
:1036C0000FF02DFA019C204603B0F0BD042E09D95D
:1036D0001049324628460FF022FA28460FF02DFAFC
:1036E0000124F0E77868FEF7F1FF021E07DA7A6836
:1036F000094928460FF013FA6FF01504E3E7334643
:1037000012B2214620460EF093FEDCE7AC790100B0
:10371000127A0100397A0100507A010007B50023BE
:103720000090694604488DF804300BF05BF99DF871
:10373000040003B05DF804FBB528010010B5044691
:1037400003F02AFF0749024620460FF0CCF9204635
:1037500005490FF0C8F9054821460BF05DF9002036
:1037600010BD00BFE27A0100017B0100713700004B
:1037700070B58EB004460D46D0F8AC6011F017FD60
:10378000034612F05BFC214A21491058214A002BC4
:1037900018BF1A460092204A2346844218BF0A46A0
:1037A00028461E490FF09FF9D4E90A23CDE90023EA
:1037B000284694F90E30227B19490FF094F906A996
:1037C000202220460AF0A2FB636F164902462846D3
:1037D0000FF089F905A9204611F0F7FC024628B13F
:1037E000114928460FF07FF90EB070BD059B642289
:1037F000F11A4A430091B2FBF6F20C49CDE901629D
:10380000284632460FF06FF9EEE700BF08000000CF
:10381000797701000B7B0100A58401000E7B01007C
:103820001A7B0100467B01005D7B01008A7B010061
:10383000F0B5002591B00446294608AF1C2209A81E
:1038400012F0E6FA134E1A222021384612F0E0FA5E
:10385000214611480BF0E0F807AA4FF4805130469A
:1038600011F0A7FC079A0097C2F5805164234B43DF
:103870001B0B05934FF48053CDE90313CDE90132BF
:10388000204606492B46A6F140020FF02CF92846A7
:1038900011B0F0BD80890020A1380000DB7B010061
:1038A00070B50446D0F8AC6088B00D4607A911F099
:1038B0008CFC024628B10F4928460FF014F908B0D5
:1038C00070BD204611F073FC079B0096F11ACDE9FC
:1038D0000131094B64224A43002818BF0346B2FB5A
:1038E000F6F20649CDE90362284622460FF0FBF8BE
:1038F000E5E700BF5D7B01000B7B0100247C01003C
:1039000038B5134605461022586800210BF06AFEB0
:103910000446FFF703FF38B90E49224628460FF048
:10392000FEF86FF0150038BD12F088FB0A4B1B58EB
:103930009C4204D1094928460FF0F1F8F1E72046EE
:103940000AF0AEFC2846064922460FF0CCF80020CB
:10395000E9E700BF887C010008000000A37C0100AB
:10396000CB7C010038B5134605461022586800216B
:103970000BF038FE0446FFF7D1FE38B90E49224657
:1039800028460FF0CCF86FF0150038BD12F056FB4A
:103990000A4B1B589C4204D1094928460FF0BFF836
:1039A000F1E720460AF09AFD2846064922460FF024
:1039B0009AF80020E9E700BF887C010008000000B9
:1039C0000A7D0100307D010038B5134605461022FE
:1039D000586800210BF006FE0446FFF79FFE38B939
:1039E0000E49224628460FF09AF86FF0150038BDB0
:1039F00012F024FB0A4B1B589C4204D1094928466B
:103A00000FF08DF8F1E7204601F0F4FC2846064956
:103A100022460FF068F80020E9E700BF887C01002B
:103A2000080000006B7D0100907D010007B5064A8B
:103A300006481268042300930021012300F016FBBE
:103A4000002003B05DF804FB786A01003C650100CA
:103A500037B544680A49226004F10805236400224E
:103A6000284611F015FD41F69A12E463002328461A
:103A7000CDE900230BF0AEF9002003B030BD00BF4C
:103A8000E128010010B9034B18707047A4200021F1
:103A900011F053BCE93D00202DE9F84F164ED0F847
:103AA00004B0884614461D46042711F0A0F92246AA
:103AB00082464146002009F067FB8146504611F0DE
:103AC0009EF9B9F1000F0BD001233370DBF8003001
:103AD000DBF84010012098472C600020BDE8F88FEB
:103AE0003378002BF2D0013F3846FFF7CBFF337815
:103AF000002BDAD1EAE700BFE93D002010B583686A
:103B0000D3F86C32DB07044616D4406803685B6860
:103B10009847014608B9A3681871A3685B6B0BB19D
:103B200020469847A36812F089FA0022C3F894222D
:103B3000034B185801F05EFC6FF00F01EDE700BF7A
:103B40000800000010B581680446083100F088FDC7
:103B5000A168034A20460831BDE8104000F018BDB6
:103B6000D87D01000EB403B5044904AA019200F007
:103B70006FFB02B05DF804EB03B07047BF7B010040
:103B800010B5836802221A718268936B0446EBB900
:103B900082F84A308268A2F846308268A2F844303F
:103BA0008368D3F86C32DB040BD50321084B094A38
:103BB0000FF011FAA0686FF4805100F51B700EF041
:103BC000B2FE2046BDE8104000F0A4BC10BD00BF0E
:103BD000E67D0100C7A801002DE9F04FA5B004461D
:103BE000542200210FA812F013F900230493A368B4
:103BF00020464A3303930FF081F920460FF02CF949
:103C000018B981496069FFF7ADFFA0680027142249
:103C10000021083012F0FCF80DF13C0B4FF0FF389A
:103C2000B9463D4602973E46BA46049B012B00F03A
:103C30009C80142D40F09580022B40F09680734BB1
:103C4000734A01210FE05946039A022304A80EF09B
:103C5000E6FF04995BF8042F0392034631B1012972
:103C60000AD148B16B4A20460FF0B5F96FF007054D
:103C7000284625B0BDE8F08F2DB35BF8040C00F0AA
:103C800021FD98B167B1A5680B9708350AAE0FCE34
:103C90000FC533682B602046FFF754FF0125E7E787
:103CA0005D4A012120460FF096F9DFE7029BC3B180
:103CB00008F1FF38FEB9049BB8F1000F01D1022BC7
:103CC000B3D10135B1E7029B5BB108F1FF3896B97A
:103CD000A368DB69002B3BD0DB68002B38D00026C3
:103CE00033E05BF8041C05AA50460FF068F808F1B1
:103CF000FF38064638B3F368ABB1A368B64603F1A4
:103D0000080CBEE80F00ACE80F00DEF80030CCF87D
:103D10000030B36833B9737CFE2B04BF96F8108073
:103D200008F1FF38A946D6F804C0BCF1000F08D04E
:103D3000B646BEE80F000AAF0FC7DEF800303B60A2
:103D40006746B246B7E7002DC2D001230293B2E71F
:103D5000324B0093324A0F9B012120460FF03BF972
:103D6000BDE7B8F1000F7FF46EAFBAF1000F0AD0D3
:103D70009AF81130FE2B06D124AB03EB850353F8E0
:103D8000543C03B10135A068436953B9002F3FF497
:103D90006DAFC368BB423FF47EAF0B9700F10805DF
:103DA00074E7037EA5EB0905B3B1417E4FF6FF72C0
:103DB000FF2918BF0A469D4202D313449D420BD9E6
:103DC0008368184A012120460FF005F92046FFF7C5
:103DD000B9FE6FF015054BE701210EF0C4FDA06898
:103DE0000EF0B5FDA3680FAA29465B6902EB8902B4
:103DF000204698470546A0680EF0ADFDA06800215A
:103E00000EF0B1FD34E700BFBF7B0100767E0100FC
:103E1000019401002A7E01003E7E0100627E0100C5
:103E20005C7E01009A7E01002DE9F041ADF5805DD8
:103E300082B00023044601930DF10305A368606876
:103E4000D3E90E7803681E6901AB27B34FF48052A3
:103E500002A9B047019BCBB10121A0680EF083FD00
:103E6000A0680EF074FD4346019A02A92046B847A7
:103E7000A0680EF070FDA06800210EF074FDA3682C
:103E80009B6B002BDAD12046FFF77AFE0DF5805DA3
:103E900002B0BDE8F08101222946B047019B002B0A
:103EA000F4D09DF903209DF80330A068002AC5DBFB
:103EB0004279032A00F28380DFE802F0027B8381EB
:103EC0000D2B41D00A2B22D0B0F86C22092B6FF3B6
:103ED000CA02A0F86C224CD008D8002B4CD0082B7A
:103EE000A0684DD00246D2F8683245E01B2BA0688E
:103EF0003CD07F2B4ED0203B5E2B0246F3D80EF0F9
:103F000021FD9DF80310204600F0CCFA34E0D0F8F3
:103F10006C22C2F3C7022AB1D0F86C22C2F3C702E6
:103F20000A2ADFD1B0F86C2263F3CA02A0F86C222F
:103F3000A668B6F844309BB94B496069FFF712FE9A
:103F40002046FFF71DFE79E7D0F86C22C2F3C702C6
:103F5000002AE7D0D0F86C22C2F3C7020D2AE0E7AE
:103F60002046FFF739FEC6F89802E9E701234371BE
:103F700002E0A368D3F8683260690EF0F0FD5DE7F7
:103F8000D0F868329F07F7D50EF0DCFC20460FF022
:103F900089F8F1E7D0F868329E07EDD50EF0D2FC33
:103FA000A368D3F868321807F0D420460FF05BF806
:103FB000E2E75B2B01D10223D9E7D0F86832002376
:103FC000D5E700224271A268D2F8681289077FF50E
:103FD00035AF342B0AD8302BCED90321323B517167
:103FE000022B2DD8DFE803F0303A2800433BDAB249
:103FF000092AC1D8092BBFD801A252F823F000BF6B
:104000002940000031400000793F000039400000A5
:10401000793F000041400000793F0000793F0000F7
:10402000793F00004940000020460EF079FFA3E7E9
:1040300020460EF06CFF9FE720460EF05FFF9BE7E7
:1040400020460EF054FF97E7A068D0F8681201F000
:10405000010181F001010EF091FC8DE7A368D3F816
:1040600068329B0788D5A0E7BF7B01002DE9F043AC
:1040700004468068D0F8949289B00F4615461E46D3
:10408000B9F1000F5CD1904649464FF4277211F008
:10409000BFFEA06800F51C7011F09FFBA06800F542
:1040A0001F700122114610F0AFFFA369C3F8009002
:1040B000A068022100F51B700EF026FCA3685022B8
:1040C0005A85A36818221A85A36822681A60D4F852
:1040D0000890D9F8000010B1FCF71EFC80B289F8F6
:1040E0002C00A368184A25F0360565F30708C3F8C5
:1040F00068826068036839461D682346A8470546FC
:10410000D0B9A36801221A71D4E90A010022002360
:10411000CDE906230E230393109B0495CDE901639B
:1041200000940A4B4FF4805209F0B2FFA368C3F821
:104130009402616A09F0DAFE284609B0BDE8F0830E
:104140006FF07705F8E700BFD3290100994100001F
:1041500010B5044680680379012B17D140F26762DD
:1041600000230EF050FC10B96FF00F0010BD09498C
:104170006069FFF7F7FC2046FFF702FD20460EF0CE
:10418000A4FFA0680EF0E3FB0020EFE76FF08500CE
:10419000ECE700BFBF7B01002DE9F34104468068D6
:1041A000154600F51B70002935D04FF480410EF004
:1041B000ABFBA3681D646068036800219B68984797
:1041C00070BB2046FFF7C4FF50BB174DDFF85C8083
:1041D0004FF0FF364FF0FF37A06800F51C7000224B
:1041E0000721CDE9006711F004FBA0680EF0B3FBD6
:1041F0002A46042120460EF0D0FB204642460121EB
:104200000EF0CBFB606803685B6903B19847A06858
:104210000EF09DFBE0E76FF480410EF084FBC8E7F1
:1042200002B0BDE8F08100BFFD3A0000192A01008C
:1042300010B5054904460EF056FC2046034A0021FD
:1042400000F0A6F9002010BDB57E0100097F010035
:1042500010B5044613460A460146064801F0BAFB6B
:1042600023691B7923B12046BDE810400EF077BCCE
:1042700010BD00BF772B010038B50B46154648B975
:104280001449154A521AB3EB920F05D251F8235034
:10429000284638BD84680CB90025F9E70F4A9442D6
:1042A0000AD30F4A944207D21846226829469047FB
:1042B0002B68002BECD1EFE70A4A944202D30A4A5A
:1042C000944205D3246814225343E518E358F0E7D9
:1042D0000133F8E76C6501007C650100A866010008
:1042E000A86601007C650100A8660100F7B50378A7
:1042F0002D2B0446164605D16FF0150333600020C0
:1043000003B0F0BD11F09AFE0B4F00230546C351D8
:104310000A46204601A90BF065F9EB59222B02D180
:104320006FF02103EAE7002BE6D1019BA342E3D023
:104330001B78002BE4D0DFE70C00000001490EF0F1
:1043400069BD00BFBF7B01002DE9F0478568DFF83C
:104350006890044605F14A00FCF7DEFA002395F860
:104360002C7086B29846A268558DED1BB54209DBCC
:10437000002E1FDD4A3360691049BDE8F0471A443A
:104380000EF048BD1D442A444A3392F84AA082F8F0
:104390004A80A26860691A4449460EF03BFDA36852
:1043A0002B4483F84AA0A3685B8DDB1BF61A002719
:1043B0002B46D8E7BDE8F08701940100C7A80100AB
:1043C0002DE9F84FD0F80890D9F86832B9F846606E
:1043D0005B0705460F46904624D506F14A0048443F
:1043E000FCF79AFA2C4E0446B4B9AB68B3F84420F3
:1043F000A3F84620A8680EF01AFD30B1B8F1000FFE
:1044000000D017B16869FFF799FF7942284609B2D1
:10441000BDE8F84F0EF04CBD686931460EF0FAFC6D
:10442000013CE1E7D9F80000B9F844A010B1FCF76D
:1044300073FA80B2B9F82A3082448419B4FBF3F2DB
:10444000BAFBF3F39A42B3461CD0144EAB68544502
:10445000CBDA5A8DB4FBF2F302FB134304F10109EA
:1044600013B96869FFF76AFFAB685B440BF101049D
:1044700093F84A30324608212846A3460EF0ABFD99
:104480004C46E3E74A36064A09EB0603082128466C
:104490000EF0A1FDA9E700BFA58401007D77010012
:1044A000C7A8010013B583688DF80710D3F86822F8
:1044B0000446D00725D5B3F84610B3F844208A4205
:1044C0001FD0481CA3F846000B449DF8072083F832
:1044D0004A20A368D3F86812890710D5D3F8683248
:1044E00060690B4913F0040F18BF2A220EF092FCEA
:1044F00020460EF0B1FC10B16069FFF71FFF02B05B
:1045000010BD01220DF1070120460EF072FDF6E705
:104510007D77010010B58368094A1B6804460221B3
:104520000EF059FDA368D3F868329B0707D52046E3
:10453000FFF70AFF2046BDE810400EF0A5BC10BDF5
:10454000C7A8010001490EF0D5BD00BFBF7B010027
:10455000F8B50F465168044615461E4611B11A4675
:104560000EF0D5FDAB6883B1314620460EF073FCEA
:104570002046064A3B4608210EF02DFDA968F21D93
:104580002046BDE8F8400EF0C2BDF8BD387F0100FE
:104590002DE9F04F0F46002189B0044616460D461E
:1045A00003AA384601F10108FFF766FEA8B98DB1EC
:1045B00026B13246082120460EF00DFDDFF890901E
:1045C000DFF890B0002103AA384601F1010AFFF795
:1045D00053FE60B909B0BDE8F08F006810B1FCF778
:1045E0009BF980B2854238BF05464146D8E7D0F8EE
:1045F0000080B8F1000F0FD098F8003063B1466822
:10460000154ACDE900584B46082120460EF0E3FC40
:1046100026B96069FFF796FF5146D4E74B465A46E4
:10462000082120460EF0D7FCAB1DB2079BB209D182
:1046300031680A4A914205D1324641462046FFF789
:1046400087FFE9E71A46314620460EF060FDE3E7B2
:104650005D7F01006C770100437F0100C40BD286AF
:10466000F7B50F6805460E46EFB13846FCF754F92A
:1046700084B2114B009308213B46104A28460EF0A5
:10468000AAFC7168E31C9BB279B18A070DD1086856
:104690000B4A904209D10A463168284603B0BDE86A
:1046A000F040FFF755BF3C46E3E71A46284603B003
:1046B000BDE8F0400EF02BBD597F01004A7F01009C
:1046C000C40BD28610B507490446FCF713F938B17C
:1046D00005492046FCF70EF9B0FA80F0400910BDFC
:1046E0000120FCE74F7F0100527F010008B504481C
:1046F0000CF0E5FF03480CF0E2FF002008BD00BF0E
:10470000667F01009B7F010001480AF001BD00BFE8
:10471000BC6A010038B5044618B90F4B0F485B68F6
:1047200098476168B1F5683F10D0B1F5680F0DD0BA
:104730000B4DA9420AD011F46861206807D00146E8
:10474000084810F0B8FB00232360656038BD1422D0
:1047500011F05EFBF9E700BF80060020C97F010071
:104760002C5F5CA9CC28002008B520B34368B3F5C2
:10477000683F10D101220368BFF35B8F53E8001F2D
:10478000002903D143E800200028F7D1BFF35B8F55
:104790000DD1002008BD094A93420AD000684FF0AD
:1047A000FF324FF0FF3309F0BDF80028F1D0044884
:1047B000F0E70448EEE76FF4E040EBE72C5F5CA91C
:1047C000E98FFFFFEA8FFFFF08B5D8B14368B3F563
:1047D000683F10D100220368BFF35B8F53E8001FCE
:1047E000012903D143E800200028F7D1BFF35B8FF4
:1047F0000BD1002008BD074A934208D0006809F099
:1048000009F9F6E76FF4E040F4E70348F2E70348FC
:10481000F0E700BF2C5F5CA9E98FFFFFEA8FFFFF85
:1048200010B5044618B91D4B1D485B68984763686E
:10483000B3F5683F2FD0B3F5680F2CD0194A9342D7
:1048400019D1236803BB18484FF0FF324FF0FF33F4
:10485000214608F065FF08B923681BB90F4B1348C0
:104860005B68984720681422002111F0D1FA4FF4B8
:104870006863636008E0B3F5683F0DD83A2B03D056
:1048800040F6BA629342DED1206810F0B6FB63684E
:1048900043F03A03636010BD054AF3E78006002049
:1048A000C97F01002C5F5CA9CC280020EF7F0100AC
:1048B0003A00003A08B5064906484023142210F091
:1048C000ECFABDE80840044904480AF093BC00BF74
:1048D000CC230020CC280020C46A0100D86A010043
:1048E00008B50348034A0021121A0EF092FC08BDD5
:1048F000C0080020706000200748084A084908B531
:10490000121A0EF088FC0748074A0849BDE808401B
:10491000121A0EF080BC00BF00000020B408002076
:1049200000AD0100000000200000002000AD0100EB
:104930002DE9F047054600AF0C46002963D0DFF8AB
:1049400008A1DAF800305A075DD06E468AB0D1E986
:104950000001A3686A46DFF8F480DFF8F4C0C2F80B
:1049600014C04FF00609C2E90680C2E9081342F8F4
:10497000109F00234FF441515046FDF75FFFDAF8D6
:1049800000305B07B5463ED08AB0D4E903016369C5
:104990006A46DFF8C0C05362C2E905C8C2E9070130
:1049A00042F8109F002350464FF44151FDF746FF57
:1049B000DAF800305807B54625D088B0E3696A4672
:1049C0002549D3614FF00409C2E9051842F8109F48
:1049D00000234FF401515046FDF730FFDAF8003064
:1049E0005907B5460FD088B0A3696A461B49D36101
:1049F000C2E9051842F8109F00234FF401515046B8
:104A0000FDF71CFFB546012D17D1EFF305830E48C6
:104A10000268520711D06E4688B06A46104951614B
:104A2000103BD3610F499161042342F8103F0023EA
:104A30004FF40151FDF702FFB5462146284608F024
:104A4000A7FCBD46BDE8F08778070020DE800100A6
:104A50001C8001004F8001008280010095800100D0
:104A6000C7800100E780010030BFFFF7FDBF00BF36
:104A70002DE9F0410B4EDFF8308006EB0807CC1B28
:104A8000054632460949204611F09AF9A0194246D6
:104A90000021083C11F0BCF9C5F8B84007F1080046
:104AA000BDE8F0810000000008000000A8660100D9
:104AB000054B5A699B689A421FBF044A536843F0EA
:104AC00080535360704700BFBC2A002000ED00E017
:104AD0002DE9F041694C23680646580700AF0D46A2
:104AE0000FD0E84688B06A46654B5361654B9361C9
:104AF000032342F8103F4FF4C25120460EF098FBBA
:104B0000C546614B9B6AD90440F19D8023685A07D2
:104B10000FD0E84688B06A465C4B5361594B9361AD
:104B2000032342F8103F55484FF4C2510EF080FB6A
:104B3000C5461720544B9B6A1B0513D5236858079D
:104B40000FD0E84688B06A46514B53614D4B936194
:104B5000032342F8103F49484FF4C2510EF068FB5E
:104B6000C5461820484B9B6A990532D523685A07D9
:104B70000FD0E84688B06A46464B5361414B93617B
:104B8000032342F8103F3D484FF4C2510EF050FB52
:104B9000C5463D4B996B9B6A1B0419D52368580782
:104BA00010D0E84688B06A463B4B5361354B3348DA
:104BB000C2E90631042342F8103F4FF401510EF0D0
:104BC00037FBC54626B1304A936A23F4004393620B
:104BD00019202D4B9B6A5A0513D523685B070FD00C
:104BE0006E4688B06A462D4B5361264B9361032372
:104BF00042F8103F21484FF4C2510EF019FBB54660
:104C00001A20214B9A6AD6051FD5236859070FD061
:104C10006C4688B06A46224B53611A4B936103235A
:104C200042F8103F15484FF4C2510EF001FBA54663
:104C30001B20154A936A43F47F43936200232B7031
:104C4000BD46BDE8F081162074E79B6A9A04F0D552
:104C500023685B070FD06C4688B06A46114B5361DE
:104C6000084B9361032342F8103F04484FF4C251AC
:104C70000EF0DEFAA5461C20DBE700BF7807002017
:104C8000F9800100D484010000ED00E013810100EF
:104C9000288101003F8101005C81010075810100D4
:104CA00094810100B0810100B0B5584C23685D07C4
:104CB00000AF0FD06D4688B06A46554B5361554BD7
:104CC0009361032342F8103F4FF4C25120460EF087
:104CD000AFFAAD46504B9B6A980140F1958023682E
:104CE00059070FD06D4688B06A464C4B5361494B0B
:104CF0009361032342F8103F44484FF4C2510EF031
:104D000097FAAD461E20444B9B6ADA0113D52368FF
:104D10005B070FD06D4688B06A46414B53613D4BEF
:104D20009361032342F8103F38484FF4C2510EF00C
:104D30007FFAAD461F20384B9B6A1D0313D52368AD
:104D400059070FD06D4688B06A46364B5361314BD8
:104D50009361032342F8103F2C484FF4C2510EF0E8
:104D600067FAAD4621202C4B9B6A5A0313D5236862
:104D70005B070FD06D4688B06A462B4B5361254BBD
:104D80009361032342F8103F20484FF4C2510EF0C4
:104D90004FFAAD462220204B9B6A9D0313D5236812
:104DA00059070FD06D4688B06A46204B5361194BA6
:104DB0009361032342F8103F14484FF4C2510EF0A0
:104DC00037FAAD462320144B9B6ADA0313D52368C8
:104DD0005B070FD06C4688B06A46154B53610D4B8C
:104DE0009361032342F8103F08484FF4C2510EF07C
:104DF0001FFAA5462420084A936A6FEA03436FEA24
:104E000013439362BD46B0BD1D207CE778070020A8
:104E1000E3810100C884010000ED00E0FF81010092
:104E20001682010034820100568201007F82010057
:104E30009D8201002DE9F0476E4D2B688A46590787
:104E400000AF814690460FD06C4688B06A466A4BE8
:104E500053616A4B9361032342F8103F4FF4C251F0
:104E600028460EF0E5F9A546654B9B6ADA0665D53E
:104E70002B685B070FD06C4688B06A46614B536164
:104E80005E4B9361032342F8103F5A484FF4C251DE
:104E90000EF0CEF9A5461124594B9B6A1E0713D577
:104EA0002B6858070FD06C4688B06A46564B536142
:104EB000524B9361032342F8103F4E484FF4C251C6
:104EC0000EF0B6F9A54612244D4B9B6A990737D5CB
:104ED0002B685A070FD06C4688B06A464B4B53611B
:104EE000464B9361032342F8103F42484FF4C251AE
:104EF0000EF09EF9A546424B5E6B9B6A1B0676D56B
:104F00002B685C0710D06C4688B06A46404B5361F2
:104F10003A4B3848C2E90636042342F8103F4FF4B2
:104F200001510EF085F9A546BAF1000F04D0344ABC
:104F3000936A23F080039362132403E01024ABE709
:104F40006FF015062E4B9B6AD80713D52B685907AF
:104F50000FD06C4688B06A462E4B5361274B936145
:104F6000032342F8103F23484FF4C2510EF060F97A
:104F7000A5461424224B9B6A9A0613D52B685B071F
:104F80000FD06C4688B06A46234B53611B4B93612C
:104F9000032342F8103F17484FF4C2510EF048F96E
:104FA000A5461524164B9A6AD50602D49A6A90072C
:104FB0000AD55B68190507D54946304600F0FAFA6C
:104FC00010B180F3098802240D4B9A6A920642BF01
:104FD0005A6A22F400525A629A6A42F0FF029A62B6
:104FE0002046002388F80030BD46BDE8F0876FF00A
:104FF0001506A1E778070020CC820100DE840100BD
:1050000000ED00E0E6820100288101001D8301001F
:105010003983010053830100B08101002DE9F04183
:105020009D4B8AB0D3F8048000AF0446C8F308064D
:10503000002585F31188BFF36F8F02F07F43B3F132
:105040007F4F16D102F00C03082B26D1934803683A
:1050500059070ED06C4688B06A46914B5361914B0C
:105060009361032342F8103F4FF4C2510EF0E0F871
:10507000A54600252C460023FB71F31E092B00F2E8
:10508000E580DFE813F00F00CB00CE00C700E3009F
:10509000E300E300E300E300D10012074CBF0C463D
:1050A0000125E8E77D4E33685B070FD0E84688B0FE
:1050B0006A467D4B53617D4B9361032342F8103F59
:1050C0004FF4C25130460EF0B3F8C5460023FB71D1
:1050D000714BDA6A900714D5336859070FD06E46C2
:1050E00088B06A46724B5361704B9361032342F858
:1050F000103F6A484FF4C2510EF09AF8B5460023AB
:1051000058E0DA6A002A07DA33685A07F7D06E46A1
:1051100088B06A46674BE6E7DB6A5B00EFD5336829
:1051200058070FD0E84688B06A46634B53615F4B1F
:105130009361032342F8103F58484FF4C2510EF0D8
:1051400077F8C546544BA1695A6942F480725A6196
:10515000BFF34F8FBFF36F8F5A6931F8021C22F4EF
:1051600080725A61BFF34F8FBFF36F8F4DF602729B
:10517000914209D09A6AD2B2002A3DD0FA1D01218B
:105180002046FFF757FE47E03368590711D06E46B7
:1051900088B023686A464949516144493F48C2E999
:1051A0000613042342F8103F4FF401510EF040F86B
:1051B000B5462368FA79DAB907F1080604F1200C3C
:1051C00020686168324603C2083464451646F7D148
:1051D0007A6A002D5BD0C2F3080121B96FEA52222E
:1051E0006FEA42227A6207F108011846FFF7A0FB36
:1051F0002837BD46BDE8F0819A6A12F47F4F04D08B
:10520000F91D0120FFF764FC06E09B6AB3F5803FBF
:10521000FFF475AFFFF748FD0346CBE7FA1D002109
:10522000AEE7F91D0020EDE71C4803685A073FF47C
:1052300066AF6E4688B06A46214B5361214B93613D
:10524000032342F8103F4FF4C25155E71348036857
:105250005B073FF454AF1C4A1C4B18F4F87FE84638
:105260008AB018BF13466A46194951611949C2E903
:10527000061340F201339384103E174B16624FF42D
:10528000315142F8103F0DF0D3FFC54637E722F405
:10529000FF7222F00102A5E700ED00E07807002090
:1052A000A4830100FA840100D3830100EF8401008C
:1052B000EE8301001384010025840100488401006D
:1052C00068840100BA8401008B83010076830100A9
:1052D00090840100A784010005000001044B5A6975
:1052E00042F010025A615A6922F008025A6170476E
:1052F00000ED00E0EFF30880EFF3098101B572469D
:10530000FFF78CFE01BD00BF002080F31488BFF3BF
:105310006F8F134880F3088806F09AFF0020114928
:105320000860BFF34F8F00F033F8202080F311881E
:105330000D484FF0AA014FF482520DF06AFF0A485F
:105340004FF48251401880F30988EFF31480022152
:10535000084380F31488BFF36F8F00F0FBF8000060
:10536000C0B1002094ED00E0408900200749D1F849
:1053700090200023C2F307221846934200DB7047B7
:10538000C1F89830C1F8A0000133F6E700ED00E065
:1053900008B572B6002383F31388FFF7E7FF144BB9
:1053A0004FF0FF32C3F88020C3F88420C3F8882070
:1053B000C3F88C20C3F89020C3F89420C3F8982039
:1053C000C3F89C20C3F88021C3F88421C3F8882146
:1053D000C3F88C21C3F89021C3F89421C3F8982115
:1053E000C3F89C2162B6BFF34F8FBFF36F8F08BD28
:1053F00000E100E0084B9B6883420BD1EFF305838B
:1054000043B1064B5A6842F080525A605A6A22F4FD
:1054100000425A6209F08EB9BC2A002000ED00E07B
:1054200015498A684FF030001044EFF3098C80E88A
:10543000F01F202080F31288BFF36F8F0F4F4FF0C3
:1054400000664A698A603E60D2F8B8000C4C206061
:10545000D2F8BC000023C2F8BC3080F3118804B538
:10546000104600F00FF9BDE8044002F1300090E86A
:10547000F01F8CF309887047BC2A002004ED00E07F
:10548000E82800201EF0040F0CBFEFF30880EFF3B4
:105490000980816911F8021C0229FFD001B572460A
:1054A0000DF0BBFE01BD00BF40B2002807DB044A7F
:1054B0004109012300F01F00834042F8213070476A
:1054C00000E100E040B200280CDB4309064900F08F
:1054D0001F0020330122824041F82320BFF34F8F69
:1054E000BFF36F8F704700BF00E100E0054B42093A
:1054F00000F01F0053F82220012303FA00F01040AF
:10550000704700BF00E100E040B20028A8BF00F1F2
:10551000604001F10101B8BF064B4FEA4111ACBF39
:1055200000F5614000F00F00C9B2B4BF195480F813
:105530000013704714ED00E0044B054A23F07F038D
:105540009360BFF34F8FBFF36F8F70470000000071
:1055500000ED00E008B5FFF7EFFF074AD2F888300A
:1055600023F47003C2F88830FFF7BAF9FFF7C4F9E3
:1055700000F05EF808F05AF800ED00E042F8203C38
:10558000009B42F81C3C0A49019B42F8183C029BD4
:1055900042F8143C21F001014FF0807342F8043CC2
:1055A00042F8081C0023203A0265C0F8BC3070475E
:1055B000A51600000A4A0346906878B113F1160F49
:1055C000D0F8A80005D0A0F140029A4205D8834245
:1055D00003D2814228BF002070470020704700BFDF
:1055E000BC2A002008B515460C4A0D4B9060D0F837
:1055F000B8201A600E4600F045F82C4686F309885C
:105600000020044B98472046002100220023024C32
:105610002047000045320100A5160000BC2A0020EA
:10562000E8280020014B10221A61704700ED00E0CD
:10563000044800232021C2180133302B82F80013C4
:10564000F9D1704700E100E008B5EFF30583064AA1
:10565000103B02EBC30152F8330049688847BDE8AC
:105660000840FFF725BA00BF38620100024B034A29
:105670000348012100F0BCB8000004200000002015
:10568000E86A0100D0F8A820054B403A1A60054AA4
:105690004021C3E901121846012100F0B3B800BF50
:1056A000EC28002000000B1598B503460C48026852
:1056B000520700AF10D06C4688B06A460949516164
:1056C0000949C2E90613042342F8103F00234FF4AE
:1056D0000151FDF7B3F8A5466FF01500BD4698BD22
:1056E00074070020068501005785010010B40E4C98
:1056F000D4F89030C3F30723013B984202D910BC81
:10570000FFF7D2BFC4F898000B6823F01F030343D0
:1057100043F01003C4F89C308B6843F00103C4F8D5
:10572000A03010BC704700BF00ED00E02DE9F04153
:1057300084B00E4600AF984604460025B5421FDAF5
:105740006068002835D0B8F1000F23D0411E084210
:105750001BD0194803685B0710D06C4688B06A46B6
:10576000164B5361164BC2E90635042342F8103F2D
:1057700000234FF40151FDF761F8A5466FF01502C3
:1057800010461037BD46BDE8F0811F28E1D92368D7
:105790001942DED123687B600DF077FDA368391DC7
:1057A0000343D0B2FB60FFF7A1FF10F1160FE5D065
:1057B000421C01350C34C1E774070020308501001C
:1057C00070850100044B0522C3F89420BFF34F8F6E
:1057D000BFF36F8F704700BF00ED00E0BFF35F8F36
:1057E000024B0022C3F89420704700BF00ED00E098
:1057F00010B5034C01232278FFF798FF207010BDED
:10580000083E002008B50B4A00231278FFF78EFFF0
:1058100010F1160F07D0084A0021D2F89030C3F3D8
:105820000723984200DB08BDC2F89800C2F8A01018
:105830000130F2E7083E002000ED00E02DE9F043E2
:105840005E485F49D0F890300D68C3F307239D424E
:1058500085B000F2B080FFF7C1FF49680022954291
:1058600001F10C011BD1574C574F25706846FDF7CD
:10587000CDFBDFF85881DFF8589106460025AE428F
:1058800020D123784D490020D1F89020C2F307227F
:105890009342C0F28A80FFF795FF00204FE0C0F8E6
:1058A000982051F80C3C23F01F03134343F01003DE
:1058B000C0F89C3051F8043C43F00103C0F8A0301C
:1058C0000132CCE7009800EB05114FEA051CCB68CC
:1058D0003B40B3F5000F49D00AD8B3F5001F31D0D3
:1058E000B3F5800F37D0B3F5801F13D00135C6E76D
:1058F000B3F1007F43D0B3F1805F49D0B3F1807F33
:10590000F4D150F80C3088684A680DF0BEFC40F0C5
:10591000887009E050F80C3088684A680DF0B5FCD2
:1059200040F0885040F43020039001A92078CDE960
:105930000123FFF7DBFE002833DA6FF0150005B016
:10594000BDE8F08350F80C3088684A680DF09DFC83
:1059500040EA0900E8E750F80C3088684A680DF022
:1059600094FC40F0007040F40030DDE750F80C305B
:1059700088684A680DF089FC40F08270D4E750F8DE
:105980000C3088684A680DF080FC40F48020CBE73A
:1059900050F80C3088684A680DF077FC40EA08003F
:1059A000C2E7237801332370A0E7C1F89830C1F82B
:1059B000A000013368E74FF0FF30C0E700ED00E0E2
:1059C000F46A0100083E00200000F0FF0000021110
:1059D00000000811F0B587B007460E4614460021B6
:1059E000102268461D4610F013FA02238DF802308B
:1059F0002A46054B019321466846CDE9047609F015
:105A0000F3FE07B0F0BD00BFAB32010008B5024B9A
:105A10001B689847002008BDF8280020034B044A63
:105A20001860937843F0020393707047F8280020C1
:105A3000A800002008B50649064821F00701C1F179
:105A4000005202F580220BF0A5FD002008BD00BF2A
:105A5000C7E40020FC280020044A0123C2F8403596
:105A60004FF080420020C2F87835704700E00140D6
:105A700048B1054B054A1B68B3FBF2F35843044B8E
:105A800043F00103184770476406002040420F00AE
:105A9000B0660100BFF34F8F0549064BCA6802F498
:105AA000E0621343CB60BFF34F8F00BFFDE700BF41
:105AB00000ED00E00400FA0508B50448044A3F235D
:105AC000C0E9002306F0A8FC002008BD082900203A
:105AD000FFFF0F0010B5094C0A44914200D110BDE0
:105AE00011F8013B584003090001E35CC0B2434098
:105AF00018091B01205CDBB25840EEE799850100D4
:105B0000084B70B5C31A0D4607499B10044659430C
:105B1000064840220DF0DDFB2B4601462046BDE83D
:105B20007040184724290020B76DDBB618610100CA
:105B300073B50C4C0C4A4023041B00930D460B46D6
:105B40000A49A4106143064609480DF0EDFB011E09
:105B500005DA30462B4602B0BDE87040184702B067
:105B600070BD00BF2429002091330100B76DDBB662
:105B7000186101000022F8B5012105461046FFF723
:105B8000C3FC104806F070FC0446B8B906F08CFC63
:105B90002F690D4938460CF07AF8031E09DB0126FF
:105BA0003E642D69084905F11C000CF070F8031ED5
:105BB00002DA1C462046F8BDEE64FBE76FF00404F1
:105BC000F8E700BF015D0000146B01007FB5002203
:105BD0000123CDE9022304ABCDE90433094ACDF812
:105BE00000D06B46CDF804D00DF0CBFB002805DBD0
:105BF0004FF480420023684607F096FF07B05DF837
:105C000004FB00BFA333010010B5EFF31184202380
:105C100083F31288BFF36F8F074A136823F00201E2
:105C2000DB07116002D401200EF0D6FC84F311884A
:105C3000BFF36F8F10BD00BF7429002030B4104B2C
:105C40000C2202FB003301460020D3E90E52986378
:105C5000EFF31180202484F31288BFF36F8F1C6C44
:105C600004F0C00444F002041C6480F31188BFF304
:105C70006F8F1DB12B46034830BC184730BC7047AE
:105C8000242900201861010010B4EFF311822023B1
:105C900083F31288BFF36F8F1748016841F0020445
:105CA0000460C80707D482F31188BFF36F8F012007
:105CB00010BC0EF089BC4FF08041D1F80C04D1F833
:105CC0000C14C907EFD5EFF3118083F31288BFF3EB
:105CD0006F8F0A490B6C03F0C00343F002030B649F
:105CE00080F31188BFF36F8F82F31188BFF36F8F3A
:105CF000002010BCFFF7A2BF742900202429002037
:105D000010B1012804D07047034B1B6C5B0701D115
:105D1000FFF794BF704700BF24290020024AC3B296
:105D20001C2003FB00207047242900202DE9F041AE
:105D30003849BFF35B8F0746012251E8003F41E835
:105D400000200028F9D1BFF35B8F33B932493348C3
:105D50004B60CB608A600BF0ADFF7B1E012B2BD814
:105D6000012F07D14FF08043D3F81C3403F0030315
:105D7000012B21D00FF015FA0546F8B9284B1B78F6
:105D8000E3B14FF080430222C3F808230646DFF850
:105D900094804FF08044D4F81824D4F81834D203F7
:105DA00015D503F00303012B01D0012F0FD155B3FB
:105DB00086F31188BFF36F8FBDE8F081EFF3118692
:105DC000202383F31288BFF36F8F0125DFE7ADB186
:105DD00030460DF04BFAD4F81835002BDBD1D4F84F
:105DE0000421002AD7D0C4F80431D4F804310123A7
:105DF000C4F81835C8F88031A360CCE70021212011
:105E00000FF09BFAE7E74FF080430222C3F8042328
:105E1000D2E700BF202900201029002040290020BF
:105E20006C60002000E100E010B5044C2046FBF758
:105E300033FC2046FFF7F2FD002010BD415E00005C
:105E400073B5104E8DF807000446032501220DF1AD
:105E50000701002007F008FA20B101233370204623
:105E600002B070BD3378002BF9D0013D08D00FF09F
:105E700098F90028EAD1002142200FF05EFAE5E708
:105E80003570ECE7093E0020024B0B6001231360E4
:105E9000704700BF7829002000487047386B010028
:105EA000B0B503460D480268520700AF11D06C46EA
:105EB0008AB06A460A4D55610A4D1162C2E906531D
:105EC000052342F8103F00234FF42151FCF7B6FCA4
:105ED000A5466FF01500BD46B0BD00BF64070020A9
:105EE000D28501003886010010B50122114606480E
:105EF000064C0FF089F80EF084FE20600EF07DFE57
:105F00006060002010BD00BF80290020782900209B
:105F10004FF08042D2F81015D2F8103501F01E0172
:105F200023F01F030B4343F00103C2F81035024B6B
:105F300000221A70704700BF0A3E00204FF08053C5
:105F4000D3F83031082B20D14FF08042D2F8101511
:105F5000CB071AD5D2F8103501F01E0123F01F032C
:105F60000B43C2F81035D2F808315BB1D2F81035C6
:105F700023F01F030B4343F00103C2F810356FF009
:105F80008B007047024B01221A700020704700BF3F
:105F90000A3E00202DE9F84300AF894615460EF071
:105FA0002CFE2946064648460DF06CFA03460028AA
:105FB0004AD0B9FBF6F306FB1393C84623B9B5FBE9
:105FC000F6F406FB1454C4B128480368590711D0ED
:105FD0006C468AB06A46264B5361264B1562C2E96D
:105FE0000639052342F8103F00234FF42151FCF7F6
:105FF00025FCA5466FF015041FE0B5421DD34FF0F8
:10600000FF324FF0FF331C48DFF8709007F08CFD33
:106010000EF0F3FD0646FFF791FF044688B94046AF
:1060200006F0F4FC99F800300BB1FFF771FFAD1BDF
:10603000B044F0D1104807F03DFD2046BD46BDE814
:10604000F8836FF08B04F5E7084802685207D1D057
:106050006C468AB06A460A49516106491562C2E92E
:106060000619052142F8101FBFE700BF6407002092
:10607000F385010057860100802900200A3E002098
:10608000D28501002DE9F0470E4600AF1946304693
:106090001C4690460DF0F6F90346D0B92F48026829
:1060A000510710D06D468AB06A462D4951612D497D
:1060B0001462C2E90616052142F8101F4FF421515F
:1060C000FCF7BCFBAD466FF015042046BD46BDE8AD
:1060D000F08744EA060515F0030511D01F48036850
:1060E0005A07F0D06D468AB06A461F4B53611D4B6C
:1060F0001462C2E90636052342F8103F0023DDE7AB
:10610000002CE2D01948DFF868A04FF0FF324FF0C2
:10611000FF3307F009FD6319032BA6EB050909D826
:10612000144AD2F80034DB07FBD500240F4807F0EF
:10613000C1FCCAE7FFF702FF60B9A8EB05034846B8
:10614000196806F07FFC9AF800300BB1FFF7E0FE0B
:10615000043DE0E76FF08B04E8E700BF6407002030
:10616000D2850100478601001686010080290020A3
:106170000A3E002000E00140F0B544681646A068E1
:10618000227C01F01F0587B045EA421500286DD03A
:10619000B6F5001F04D129460EF025FD002056E07B
:1061A0006268607CC2F8240501AA0020B6F5800F61
:1061B0000190506037D1B3F1007F14BF0523042351
:1061C0008DF804300023CDE904230393E36823FA18
:1061D00001F111F001010DF103073AD1B6F1A07FF1
:1061E00037D105F01F036A0903F5E07326D0012AB1
:1061F0003FD1214A52F82330DB072AD4A0683A461F
:1062000029460EF066FC16301BD00297A06803AA40
:1062100029460EF02AFB002819DBA0680122294636
:106220000EF08EFCBAE7B3F1C06F05D0B3F1007F7A
:1062300014BF01230223C3E70323C1E74FF0A042A9
:10624000D8E7A068394606F0E1FA0028DDDA07B0A1
:10625000F0BDA0683A4629460EF03BFC0028D5D197
:106260009DF80310A06806F0CBFACFE76FF0850029
:10627000EDE751F82330FFDE0003005070B54668AB
:106280000546B06890B10EF053FC014670B9B06895
:106290000EF032FC044678B902460949B0680EF0A7
:1062A00015FC224605210620FFF72EF92846054950
:1062B000BDE870400CF093B96FF0040070BD00BFF2
:1062C000C96200007F350100420970B5034602D063
:1062D000012A17D070BD0D4E326951680029F9D0DE
:1062E00003F01F0301250C689D400029F2D08A6845
:1062F0002A4002D04B68304698472CB1236821468B
:106300001C46F2E7024EE7E72346F8E75861010032
:10631000386101002DE9F043476840F20636D006A7
:106320003B7C87B002EA060654BFC2F3401C4FF024
:10633000030C01F01F05B6F5837F144645EA4315AB
:106340008DF803C045D00DD8062E16D005D8A6B1BD
:10635000022E40D06FF0150038E0B6F5807FF9D1FD
:1063600001260AE040F20222964236D0B6F5407F7E
:1063700035D0B6F5007FEDD102260123220303FAC2
:1063800001F12ED57B68C3F80815B86890BB05F0FD
:106390001F036D092BD0012D75D13D4A02EB8302FD
:1063A00084F48033D2F80017C3F30043C4F34044AD
:1063B00044EA430421F4E16144EA8C0421F007013A
:1063C00044EA06230B43C2F80037002007B0BDE8BB
:1063D000F0830726D1E70426CFE70526CDE703267D
:1063E000CBE7630344BF7B68C3F80C15CDE74FF0E0
:1063F000A042D3E70DF1020229460EF06AFB14F425
:10640000403F80460CD1B86829460EF097FBB8F1A2
:10641000000FDAD19DF80210B86806F0F1F9D4E760
:106420004FF0000901ABCDE90199CDE90439CDF870
:106430000C90B86803AA29460EF017FA4845C4DB49
:1064400014F4003314D084F480349DF803308DF8B4
:106450000E30C4F300448DF80C608DF80D40B86820
:106460004B4603AA29460EF0B8FA0028CFDAACE76B
:10647000CDE904330DF103030393B86803AA294659
:106480000EF0F3F9F1E703F5E07350F82330FFDE87
:1064900000030050036803F01F025B09026004D090
:1064A000012B034818BF002070474FF0A0407047F1
:1064B000000300502DE9F04FDFF88491DFF884A14C
:1064C00085B01546834600EB810140F2FF1859451F
:1064D00003D1002005B0BDE8F08FDBF800305E048A
:1064E000C3F3C322C3F3080400F1A380444519F8A1
:1064F00002704FEA136312D0192B1ED94E2B40F0B5
:106500009B80C5F8144503A80394FFF7C3FF039BC2
:10651000012606FA03F3C0F8083532464EE0192B7F
:1065200009D94E2B40F088804FF0FF33C5F8143561
:106530000BF1040BCBE74FF0FF34192B7CD8DFE8CD
:1065400003F00D1218311B21317B7B7B7B34617B87
:106550007B7B7B7B7B7B7B7B646F7275C5F80C459B
:10656000601CD0D1E4E7C5F81445661CE0D00026D5
:10657000D3E7C5F80845F3E7621CC5F80845D7D04E
:10658000002604E0631CC5F80C45D1D0012603A801
:106590000394FFF77FFF039B012202FA03F3C0F885
:1065A0000C350BE0C5F81045DFE7C5F80845002FAE
:1065B000DBD1601CBCD0002632460627DBF8003059
:1065C000019303F40040002818BF002203A80092A2
:1065D00018BF01260394FFF75DFF039C019B009AFF
:1065E00000EB8400C3F3412CD0F800473B0243EAA0
:1065F0008C03134304EA0A04234343EA4603C0F826
:10660000003795E7C5F80C45D1E7C5F86045621C31
:10661000DBF800308CD0C3F30043002BB6D072E718
:10662000C5F86445F3E7C5F86845F0E7C5F86C457B
:10663000EDE76FF015004DE76FF085004AE700BF0A
:10664000A7860100F0F8FCFF30B587B00369044667
:106650001422002101A81D680FF0DAFB05238DF834
:106660000430002385F869306368054A1B6801A976
:10667000C3F8082320460CF0A0FF07B030BD00BFD0
:1066800014020A002DE9F0411646026914684268B6
:10669000D2F80080127A0F4682BB94F8692082BB40
:1066A00094F86A2002F0FF015ABB5A1C23D0042B35
:1066B00021DD15484FF4004C052293FBF2F5134AF7
:1066C0000023C5FB0C01FAF7FBF8C4E91601104BD7
:1066D0000020C4E91076C4E912002065C8F83475BA
:1066E000C8F83865C8F80433012384F86930C8F85D
:1066F0000030BDE8F08100200146E6E76FF085003C
:10670000F7E76FF00F00F4E73F420F0040420F0041
:1067100010020A00F7B5064605691C46EFF311871B
:10672000202383F31288BFF36F8F2B68D3F8ACC09C
:10673000BCF1000F07D087F31188BFF36F8F6FF0A4
:106740000F0003B0F0BDC3F8AC202B68C3F8A8104D
:1067500001F06043B3F1005F2B6814D1C3F8B010AF
:106760002B68C3F8B420294630460DF03EF887F375
:106770001188BFF36F8F73681B7D012B01D1631CE0
:1067800006D10020DDE7C3F8B8C00CF0F3FFEAE75C
:106790000B480C4A2D6824EAE4744FF400460021AB
:1067A0000023C4FB0601FAF78BF8703502460B464E
:1067B00000200021CDE90001284608F00BFBE0E7AE
:1067C0003F420F0040420F002DE9F843044647685E
:1067D0000E460EF0E6FC50B36368D4F810801968DA
:1067E0004FF02009EFF3118589F31288BFF36F8F03
:1067F00060680CF0EAFF78B3D8F8003053B1D3F8F2
:10680000AC203AB1D3F8BC20002A03DAD1F84C25E9
:10681000C3F8BC20BB6A1E70B96A012220460CF086
:106820004FFF85F31188BFF36F8FBDE8F883154BD9
:106830001B78002BD0D04FF02008642560680CF046
:10684000C4FF70B901200DF06CFE013DF6D10021AE
:1068500021200EF072FDF0E785F31188BFF36F8FF2
:10686000C0E7EFF311810D4688F31288BFF36F8FF5
:1068700060680CF0AAFF0028CCD181F31188BFF327
:106880006F8FE4E76C6000202DE9F8430022054695
:1068900000AF01212820FEF737FE2820FEF704FE76
:1068A0006C680121E0680CF0C0FF6B681A6823690E
:1068B000C2F82435617D237D0B43A17D0B43C2F8D3
:1068C0006C352C69206888B34A49002208300EF0E4
:1068D000DFFD2368DD6320684749002270300EF039
:1068E000D7FD2368C3F8A4506A689169F1B12B6998
:1068F00010681C68D1F8043523F0030343F001034A
:10690000C1F804359269D2F8083543F00303C2F8A0
:106910000835083104F1640200F584700DF03EFE84
:10692000061E2ADB94F8640005F08AFDD5F8048081
:10693000D8E9004313F0010340D0D5F8109004F1DA
:106940000C0109F10C0204F590700DF027FE061EF3
:1069500017DA2A4803685B070FD06C4688B06A468E
:10696000274B5361274B9361032342F8103F0023C9
:106970004FF4C251FBF762FFA5463046BD46BDE865
:10698000F88399F80C0005F05BFD0823C4F8003586
:10699000D8F82830C4F844350023C4F8483501231A
:1069A000A360D4F85831002BFBD000231649C4F85B
:1069B000003528460BF013FE0646DEE70822C4F831
:1069C0000025D8F82820C4F84425C4F84835012308
:1069D000A360D4F82031002BFBD00023C4F8203171
:1069E000D4F820310123E3604FF48073C4F80433FA
:1069F000D7E700BF33390100553E0100980700205A
:106A0000AF860100D2860100493801002DE9F04728
:106A10004568D0F81080012100AF0646686B0DF084
:106A200037FAE96B481C35D0A86B0DF033FB10F139
:106A3000130F044618D1424803685A070ED06C461B
:106A400088B06A463F4B53613F4B9361032342F842
:106A5000103F4FF4C2510DF018FAA5466FF0120422
:106A60002046BD46BDE8F087431D13D13448036876
:106A70005D07F5D06D4688B06A46344B5361324BA2
:106A80009361032342F8103F4FF4C2510DF0FDF91A
:106A9000AD46E5E7EB6A9847D8F830504FF001096A
:106AA000D8E90C3203EBC2039D4209D308F1280058
:106AB0000DF04DFA264930460BF091FD0446CFE724
:106AC00028680EF0BDF9C0B91D4803685907C5D044
:106AD0002B686C468AB019682B796A461D4D556142
:106AE00013621D4D40F2013393841C4BC2E90651E1
:106AF00042F8103F4FF43151ADE728682979EB880F
:106B0000D0F810C0D0F808A0DCF80040DA0754BF75
:106B100043F4B01383F4D01323F4801209FA01FE76
:106B2000DB074CBF4EEA040424EA0E04CCF8004014
:106B3000DAF800309847041E92DB0835B0E700BF52
:106B400090070020068701000D89010035870100AC
:106B5000D73E010056870100F088010005000001C2
:106B6000B0B5027800AF03464AB90C69D4F890205A
:106B70003AB9D4F88C006FF073010DF011FABD46EC
:106B8000B0BDD4F8840050B1D4F8881039B1DB68B6
:106B90002BB1834203D0D4F89C100FF011F9D4F834
:106BA0008030D4F89020A3B19A4231D93448036898
:106BB0005A070ED06D4688B06A46324B5361324B4D
:106BC0009361032342F8103F4FF4C2510DF05DF979
:106BD000AD46D4F88830D4F89020A3B19A4231D988
:106BE000274803685B070ED06D4688B06A46254B80
:106BF0005361264B9361032342F8103F4FF4C25177
:106C00000DF043F9AD46D4F88C000DF0DBF9B6E792
:106C10009B1AC4F880307BB9E36E0833E366236FB8
:106C2000013B236704F1800204F1700104F16C0060
:106C30000DF018F9E067CCE7E36F002BC9D01344DF
:106C4000E367C6E79B1AC4F8883083B9636F0833DB
:106C50006367A36F013BA36704F1880204F1780125
:106C600004F174000DF0FEF8C4F88400CBE7D4F80A
:106C70008430002BC7D01344C4F88430C3E700BF6E
:106C8000900700207E870100518901003B890100A7
:106C90002DE9F04F8FB000AF9A464368FB608B88B8
:106CA0000469894699040646934640D44FF0FF3262
:106CB0004FF0FF3304F1380006F036FFC4F82C9093
:106CC0007568D6F810802B687B6098F8953023B1F2
:106CD000D8F82830994500F05481B9F804E01EF442
:106CE000006F2BD08A4803685A070ED06D4688B0D3
:106CF0006A46884B5361884B9361032342F8103FE7
:106D00004FF4C2510DF0C1F8AD466FF08505A36A8E
:106D100013B19B889B0405D40023E36204F138007F
:106D200006F0C8FE28463C37BD46BDE8F08F236C10
:106D3000002BBBD1E36A9945B8D1C1E71EF0010F22
:106D40001BD0734803685B0702D16FF01505DEE7BF
:106D50006D468AB033686A46704951616E49C2E92E
:106D6000061340F2013313846D4B42F8103F4FF489
:106D700011510DF08AF8AD46E7E71EF0080F10D06C
:106D8000634803685E07E0D06D4688B06A46654B8D
:106D90005361614B9361032342F8103F4FF4C2519A
:106DA000E7E7CEF34513082B08D0594803685D0781
:106DB000CBD06D4688B06A465B4BE9E7D9F8003026
:106DC000BB60BA68594B9A4208D8514803685907C2
:106DD000BBD06D4688B06A46554BD9E704350FCD18
:106DE00007F1100CACE80F000FCDACE80F00D7E9AD
:106DF00001239A4228BF1A4695E803004D4B9A4258
:106E00008CE8030017D24C4B9A4214D24B4B9A4257
:106E100011D24B4B9A4260D84A4B9A425FD84A4BA8
:106E20009A425ED8494B9A425DD84948494B4A49F3
:106E3000824288BF0B461EF0020F7B620EF00403F5
:106E400053D0002B14BF0323022387F82830CEF33E
:106E5000001387F82930D8F80030D3F808355A1CC9
:106E600013D01EF0020F03F01F00CEF340014FEAD3
:106E700053134FF001023FD1002B3AD0934240F020
:106E80004A81364B8240C3F80C2598F895302BB1D7
:106E9000404605F0A5FF002388F89530304A334678
:106EA00007F1100140460DF01DFF051E64DA184879
:106EB00003685E073FF42BAF6E4688B06A46294BE5
:106EC0005361154BC2E90635042342F8103F4FF4D5
:106ED00001510CF0DAFFB54619E7234BABE7234B22
:106EE000A9E7234BA7E7234BA5E7003B18BF0123E6
:106EF000ABE74FF0A043C5E73BB1012B40F00E815B
:106F0000164B8240C3F80825BFE74FF0A043F8E7CF
:106F100090070020A087010067890100BE8701005B
:106F200004000001E48701000788010047E8010030
:106F30003A8801000048E8010024F40000127A00B9
:106F4000FF083D007F841E003F420F001FA1070085
:106F50008FD0030048E8010090D0030000030050E8
:106F6000616B00006F88010000093D0080841E00F5
:106F700040420F0020A10700012388F89530C8F88F
:106F80002890012384F89430FB68D96B481C18D0F2
:106F9000986B0DF0A7F8743013D16248036813F0B2
:106FA000060F0ED06D4688B06A465F4B53615F4B4B
:106FB0009361032342F8103F4FF4C4510CF065FF76
:106FC000AD46BBF1000F7BD1C4F86CB00023236742
:106FD00004F1800204F1700104F16C000CF042FF36
:106FE000E067BAF1000F73D1C4F874A00023A3675F
:106FF00004F1880204F1780104F174000CF032FF0E
:10700000002504F128082A46C4F8840001214046DE
:10701000A5660CF07CFF30460CF0D4FF206F2A46AA
:107020002B4683425CD10023A56F1946A9425ED14D
:107030009A4238BF1A464FF4FA5303FB02F5A36A8B
:107040004FF4004C1B68B5FBF3F540F2E730C83550
:1070500000214FF47A720023E5FB0C01F9F730FCB4
:1070600004F1500802460B46404606F05DFD02461C
:10707000002843D02B4803685A070ED06D4688B0CD
:107080006A462B4B53612B4B9361032342F8103F0D
:107090004FF4C2510CF0F9FEAD4600252046C4F86D
:1070A000905005F09DFE84F895506FF073013046C6
:1070B0000CF076FF404606F05DFD6FF0730526E6A6
:1070C000DBF80030E366002B80D0DBF804307EE78D
:1070D000DAF800306367002B88D0DAF8043086E7EE
:1070E000E16E01EBC301013349680A4499E7606F1F
:1070F00000EBC10001314068034497E7A56E15F12C
:10710000740FCAD0002D3FF402AE3069114628300A
:107110000CF0FDFEFBE5C1F80C15FFDE0023C3F803
:107120000835FAE79007002098880100718901006E
:10713000C68801001B89010000F01F0240090DD024
:1071400001280ED10A4B03EB82030A4AD3F8000749
:10715000024042EA8102C3F8002770474FF0A04383
:10716000F1E702F5E072002353F82230FFDE00BFA2
:1071700000030050F0F8FCFF70B5012383400E4A75
:10718000BFF35B8FDC4352E8001F01EA040542E8CD
:107190000056002EF7D1BFF35B8F4FF48032824050
:1071A0000648C0F80823BFF35F8FBFF36F8F0B4211
:1071B00014BF0120002070BDB42900200010014040
:1071C00070B40E49D1E90034D01AC31844F1000458
:1071D00022F07F46C1E90034A6F50013B3F5400F55
:1071E00009D2074B1B681A0A1B069C19054B42F172
:1071F0000005C3E9004570BC07F0F2BC581C002034
:10720000B8290020601C002011B3BFF35B8F01235D
:10721000104A834052E800CF4CEA030C42E800C118
:107220000029F7D1BFF35B8F0B4A4FF480338340C3
:10723000C2F80433094BBFF35B8F1B68BFF35B8F4E
:10724000C340DB0742BF064B4FF40032C3F80021B6
:10725000704700BFB429002000100140B029002071
:1072600000E100E00D4B1868010A0006BFF35F8FD4
:107270000B4BD3F80435181841F10001B3F5801F0A
:107280000AD2084BD3E90023904271EB030303D2E7
:1072900010F1807041F10001704700BFB829002053
:1072A00000100140601C00202DE9F04F85B016460B
:1072B0001F469DF840A00446FFF75EFF0190FFF7D0
:1072C000D1FFB04271EB070354D23E4B301A67EB4B
:1072D0000101984271F100014FD23B4B03EB0413C3
:1072E000D3E902239F4208BF96425ED037494FF44C
:1072F000803804F1500508FA04F8AD00C1F848835D
:107300002046ADB20CF016FF26F07F4B05F180450C
:1073100004F5A87305F58835DC464FF003090293A0
:10732000029A2CF07F4341F82230C1F84483D1F80F
:107330000435274A6FF00200C01A604420F07F40F5
:10734000904232D9286868B1D1F804350393A3EB91
:107350000B0020F07F40B0F5000F26D920460CF03E
:10736000E9FE039BBAF1000F07D109EB030C09F109
:107370000109D5E7BAF1000F09D06FF015052046D5
:107380000199FFF741FF284605B0BDE8F08F0123C2
:10739000104ABFF35B8FA34052E8000F184342E846
:1073A00000010029F8D1BFF35B8F07490E98230134
:1073B00001EB0412C8500F9B5360C2E9026700251D
:1073C000DDE700BF01008000481C002000100140E4
:1073D000FDFF7F00B02900207FB51C4C1C4BC4F87A
:1073E0000833C4F848331B4B00254FF0FF304FF0F3
:1073F000FF31C4F80855C3E902014FF48033C4F8E3
:107400000433154B02264FF400320121C4F8046303
:107410001120C3F880212A46FEF776F81120FEF7E6
:1074200043F80E4A0123A360236013600C4B0D4AFE
:107430000093CDE9015500232846FFF735FF30467C
:10744000FEF774FC284604B070BD00BF0010014078
:1074500003000F00481C002000E100E0B4290020D8
:10746000C1710000FFFF7F002DE9F7432F4CD4F8D6
:10747000043399070BD5D4F8043143B12C4A0023C7
:10748000C4F80431D4F80431136801331360D4F81C
:107490000433DA0329D5BFF35B8F264B53E8002F63
:1074A00022F0010143E800100028F7D1BFF35B8F01
:1074B000D30702D4D4F84031BBB10025C4F8405101
:1074C000D4F84031FFF7CEFEEFF31182202383F38F
:1074D0001288BFF36F8F184BD3E90267B042B941EE
:1074E00006D282F31188BFF36F8F03B0BDE8F0833B
:1074F0004FF0FF384FF0FF39C3E90289D3E900109C
:107500001D604FF48033C4F84833C4F84051D4F8B8
:10751000403182F31188BFF36F8F0029E5D00090CE
:1075200032463B4628468847DFE700BF001001404F
:10753000B8290020B0290020481C002030B5431C89
:10754000124C85B005D08442A8BF0446012CB8BFB8
:107550000124FFF787FE0E4B0C4DD3E90013401AB0
:10756000B0F5000F10D22218AA4228BF2A4652189E
:107570004FF0000007490091CDE9010043F10003FD
:10758000FFF792FE05B030BD2A46F0E7FFFF7F000F
:10759000581C0020C171000008B5FFF763FE024BC4
:1075A0001B68C01A08BD00BF581C002010B5084C4D
:1075B000012363601120FDF785FF064BC4F80833F3
:1075C000C4F84833044B4FF40032C3F8802110BD97
:1075D0000010014003000F0000E100E0F8B5044690
:1075E0000069334900AF04300DF090FD2069314946
:1075F00014300DF08BFD2069D0300DF0FEFC2069B9
:10760000022300F15001402234300DF046FC636843
:1076100058680DF015FCB8B92748036859070ED013
:107620006C4688B06A46254B5361254B9361032312
:1076300042F8103F4FF4C2510CF0A0FDA5466FF088
:1076400015042046BD46F8BD63685868197A5B8901
:107650000669D0F808C03468DA0754BF43F4B013A1
:1076600083F4D013012523F480128D40DB074CBF37
:107670002C43AC433460DCF800309847041E14DA25
:107680000D4803685B07DCD06D4688B06A460D4B39
:1076900053610B4BC2E90634042342F8103F4FF408
:1076A00001510CF06BFDAD46CBE70024C9E700BFEC
:1076B000C97600005D77000050070020978901001F
:1076C000258D0100B389010073B50446BFF35B8FBC
:1076D000636ABFF35B8F243043B100211C4BC4F8B5
:1076E0002011C4E9461119700CF04DFD184D194ECA
:1076F00001220DF1070104F58A700AF00DFC08B9AA
:1077000002B070BD2A789DF8073042B90D2B01D028
:107710000A2B01D101232B7000233360E8E70D2BE6
:10772000326801D00A2B07D1002AF5D0E36A002B7A
:10773000F2D009489847EFE7FE2A9DBF0648511C42
:10774000835400239BBF002343542B703160CFE749
:10775000E0060020CC2900202A3F0020F0B583B0AD
:1077600000F1200500AF002304460022391D284601
:1077700005F0D6FF031E14DA27480268540734D0F8
:107780006C4688B06A46254951612549C2E906130D
:10779000042342F8103F4FF401510CF0EFFCA546D2
:1077A00023E054F8143C79685B68186883684022C9
:1077B000DE681C4BB047031E1ADA174802685107EF
:1077C0000FD06C4688B06A46174951611449C2E926
:1077D0000613042342F8103F4FF401510CF0CEFC85
:1077E000A546796828460DF066FB0C37BD46F0BD0E
:1077F000012104F114000CF0C6FCA4F1100006F005
:10780000FBFA031EF1DA044802685207EDD06C4619
:1078100088B06A460549B7E750070020D9890100BA
:107820000D8D0100A0860100008A0100258A01005B
:10783000F0B583B00B7800AF06460D461446062B14
:1078400000F28180DFE803F018041E408285910079
:107850004F48036813F0060F0ED06D4688B06A4695
:107860004C4B53614C4B9361032342F8103F4FF450
:10787000C4510CF083FCAD462069F430002107F0C0
:1078800069FB60E0CA68002A5DD0D1E90113206974
:10789000194400F58C700AF01FFBEB68984204D085
:1078A0002069012128300CF06EFC2069043006F0BC
:1078B000A3FA031E47DA36480268520743D06C46E3
:1078C00088B06A46354910E0206900230022391D3E
:1078D000343005F025FF031E14DA2D4802685407E2
:1078E00031D06C4688B06A462D4951612A49C2E9B7
:1078F0000613042342F8103F4FF401510CF03EFCF4
:10790000A54620E0B36879681B6940223046984755
:10791000031E18DA1E48026851070FD06D4688B062
:107920006A46204951611C49C2E90613042342F802
:10793000103F4FF401510CF021FCAD4620697968ED
:1079400034300DF0B8FA0C37BD46F0BD20694968F7
:10795000F6E72369BFF35B8FDB6ABFF35B8F2069B8
:107960000BB1E4308AE71430A1E70948036813F04B
:10797000060FE8D06C4688B06A460B4B5361064B45
:107980009361032342F8103F4FF4C451B6E700BFA0
:1079900050070020498A0100888C0100258A0100D7
:1079A000D9890100658A01008B8A01002DE9F04325
:1079B00087B00546006900AFD0304FF0FF334FF07D
:1079C000FF3205F0AFFF2B69BFF35B8F5E6ABFF339
:1079D0005B8F2EB12869D0300CF0D3FB002441E03E
:1079E000DFF8549148460DF08AFE2B690222C3F855
:1079F0001061C3F80891C3F80C212B69D3F8140166
:107A000003F582710AF056F9041E30DA4B48036818
:107A10005B070FD06E4688B06A46494B5361494BAD
:107A2000C2E90634042342F8103F4FF401510CF030
:107A3000A5FBB5464148036859070FD06E4688B08C
:107A40006A46414B5361414BC2E90634042342F874
:107A5000103F4FF401510CF091FBB5462869D0302E
:107A60000CF08FFB20461C37BD46BDE8F08310228A
:107A70003146381D0EF0CCF97B7CC7F814904FF0DE
:107A8000010868F305037B744FF0FF324FF0FF33BA
:107A90004146381D07F006FA041E08DA2748036835
:107AA0005E07C7D06E4688B06A46294BB6E728699C
:107AB000E4300DF029FE286900220023391D3430FE
:107AC00005F02EFE041E08DA1C4803685A07C5D0CC
:107AD0006E4688B06A461F4BB4E7286931462C30A1
:107AE0000CF051FB6B687968186883684022DC6889
:107AF000194BA047041E19DA104803685B070FD022
:107B00006E4688B06A46154B5361104BC2E9063485
:107B1000042342F8103F4FF401510CF02FFBB546FF
:107B20002869796834300DF0C6F997E7286941462D
:107B300024300CF028FB4DE7BC2900205007002022
:107B4000A78A0100B98C0100E88A0100C78C0100F6
:107B5000CB8A0100D9890100A0860100008A0100BA
:107B60002DE9F04387B00546006900AFD0304FF0F3
:107B7000FF334FF0FF3205F0D5FE2B69BFF35B8F6B
:107B80005B6ABFF35B8F286943B9D0300CF0F9FA18
:107B9000002420461C37BD46BDE8F08301212C306F
:107BA0000CF0F1FA6B68186883685B699847041EEB
:107BB00018DA3B4803685E070FD06E4688B06A4605
:107BC000384B5361384BC2E90634042342F8103F66
:107BD0004FF401510CF0D2FAB5462869D0300CF0C0
:107BE000D0FAD6E710220021381D0EF011F901213C
:107BF00079742B69E4337B614FF0FF324FF0FF3330
:107C0000381D07F04FF9041E08DA254803685907A4
:107C1000E3D06E4688B06A46244BD2E72969D1F892
:107C2000146101F5827130460AF0BFF810F1780F47
:107C3000044603D130460AF094F80446002C06DBD3
:107C40002869002124300CF09EFA28699DE7DFF8AE
:107C50005090D9F800305A07BFD06E4688B06A46B7
:107C6000134B5361134B4FF00408C2E906344FF431
:107C7000015142F8108F48460CF080FAD9F80030D4
:107C80005B07B546A9D088B06A460B4B5361064BDB
:107C90004FF40151C2E90634484642F8108F99E783
:107CA000500700200C8B0100E88C0100CB8A0100FA
:107CB000328B0100DA8C0100608B01002DE9F0416C
:107CC00086B00546006900AF0E469046D0304FF0B2
:107CD000FF334FF0FF3205F025FE2B69BFF35B8FBA
:107CE0005B6ABFF35B8F53B92869D0300CF049FA57
:107CF0006FF00F0420461837BD46BDE8F081534CA5
:107D000043463246FF21204608F084FE504E0028AC
:107D1000336819DA590710D06C4688B06A464D4B63
:107D200053614D4BC2E90630042342F8103F4FF433
:107D3000015130460CF022FAA5462869D0300CF0EB
:107D400020FA6FF01504D5E7FE2803F0070317DDCE
:107D50007BB16C4688B06A46404B53613E4B9361A1
:107D6000032342F8103F4FF4C25130460CF006FA9C
:107D7000A5462869D0300CF004FA6FF06804B9E722
:107D8000022B13D9E8468AB06A46354B5361324B11
:107D9000C2E9063440F201331384324B42F8103FFB
:107DA0004FF4135130460CF0E9F9C5462748F8F76F
:107DB000B3FD0D23235480462869F4300DF0A4FC54
:107DC0006B681868836821495C6808F101024FF00C
:107DD000FF33A047041E18DA33685A0710D06E46E6
:107DE00088B06A46204B53611B4B1948C2E90634E0
:107DF000042342F8103F4FF401510CF0BFF9B5468F
:107E00002869D0300CF0BDF974E710220021381D2C
:107E10000DF0FEFF012179742B69F4337B614FF083
:107E2000FF324FF0FF33381D07F03CF8041E07DA2D
:107E300033685B07E4D06E4688B06A460B4BD2E7E6
:107E40002869D0300CF09DF9002453E72A3E002029
:107E500050070020848B0100FC8C0100A48B0100E2
:107E6000B98B010004000001C48B0100CB8A010022
:107E7000F8B5036919630369002503F59672C3E930
:107E80004755C3F818214FF40072C3F82451C3F8C2
:107E900028210446006900AFF4300DF030FC206961
:107EA000E4300DF02CFC636818680CF0C9FFB8B919
:107EB0002D48036859070ED06C4688B06A462B4B94
:107EC00053612B4B9361032342F8103F4FF4C2518F
:107ED0000CF054F9A5466FF012042046BD46F8BDDB
:107EE00028462669FDF71AFFC6F814012369D3F85E
:107EF0001431ABB91C4803685A070ED06C4688B0E1
:107F00006A461C4B53611A4B9361032342F8103F9E
:107F10004FF4C2510CF032F9A5466FF00504DCE7CE
:107F20006368186883681B68CBB12246124998477A
:107F3000041E17DA0C4803685B07CED06D4688B084
:107F40006A460E4B53610A4BC2E90634042342F8D9
:107F5000103F4FF401510CF011F9AD46BDE76FF041
:107F60005704E7E72C46B8E750070020E28B0100F2
:107F7000968C0100F78B010031780000278C0100FE
:107F8000B0B5436800AF054658680CF059FFB8B962
:107F9000234803685A070ED06C4688B06A46214BC6
:107FA0005361214B9361032342F8103F4FF4C251B8
:107FB0000CF0E4F8A5466FF012042046BD46B0BDB3
:107FC0006868012104300CF0C5F80446A0B11448DB
:107FD00003685B07F1D06D4688B06A46134B536166
:107FE000114BC2E90634042342F8103F4FF401510B
:107FF0000CF0C4F8AD46E0E7002140F6CD400DF0AE
:108000009CF96868214604300CF0A4F80446002866
:10801000DDD100214FF400400DF08FF9CDE700BF16
:10802000500700204F8C0100A78C0100628C0100DA
:10803000B0B5436800AF054618680CF0C3F8B8B98E
:10804000464803685C070ED06C4688B06A46444BCD
:108050005361444B9361032342F8103F4FF4C251E4
:108060000CF0B4F8A5466FF012042046BD46B0BD32
:108070006B6898680CF0A6F840B93848036859074F
:10808000F1D06C4688B06A46374BE1E76B681869F7
:108090000CF098F840B9314803685A07E3D06C46B1
:1080A00088B06A46314BD3E76B6898690CF08AF860
:1080B00040B92A4803685B07D5D06C4688B06A4649
:1080C0002B4BC5E768680CF084F80446A0B1234840
:1080D00003685D07C9D06D4688B06A46254B536179
:1080E000204BC2E90634042342F8103F4FF40151FB
:1080F0000CF06CF8AD46B8E7686808300CF069F829
:10810000044640B1154803685907AED06D4688B0A3
:108110006A46194BE3E7686810300CF05AF80446D9
:1081200040B10E4803685A079FD06D4688B06A4632
:10813000124BD4E7686818300CF04BF8044640B195
:10814000064803685B0790D06D4688B06A460C4BC2
:10815000C5E7286904300CF037F886E75807002097
:10816000448D010044900100608D01007C8D010070
:10817000988D0100B48D0100E98D01001E8E010073
:10818000538E01002DE9F04100AF05460C460DF07D
:1081900008F8002840F0E980286904304FF0FF33E8
:1081A0004FF0FF3205F0C0FC2869037F43B904306B
:1081B0000CF00AF86FF00C042046BD46BDE8F081D3
:1081C0006B686B4E18690BF0FDFFC8B93368580730
:1081D0000FD06C4688B06A46664B5361664B93611C
:1081E000032342F8103F4FF4C25130460BF0EEFF2C
:1081F000A546286904300BF0E7FF6FF01204DBE7B7
:108200006B6898690BF0DEFF336830B95907F0D01E
:108210006C4688B06A46594BDFE7012C03F0070330
:108220003ED0022C6BD0002C40F08680022B0FD960
:108230006C4688B06A46524B53614F4B936103239F
:1082400042F8103F4FF4C65130460BF0BFFFA54631
:108250006868002110300BF0A1FF0446C0B13368FC
:108260005A0710D06E4688B06A46464B5361424B5F
:108270003F48C2E90634042342F8103F4FF401514D
:108280000BF0A4FFB546286904300BF09DFF93E77F
:108290006868214618300BF081FF044648B318E0A7
:1082A000022B0FD96C4688B06A46374B5361324B6C
:1082B0009361032342F8103F4FF4C65130460BF050
:1082C00085FFA5466868002118300BF067FF04465B
:1082D00038B133685B07D6D06E4688B06A462B4B00
:1082E000C4E76868012110300BF058FF04460028ED
:1082F000B5D1286904300BF067FF00245CE7022B3E
:108300000FD96C4688B06A46214B53611A4B936172
:10831000032342F8103F4FF4C65130460BF056FF8E
:10832000A5466868002110300BF038FF044600288D
:1083300095D168680121ADE783B1E84688B06A4607
:10834000144B53610C4BC2E90634042342F8103F2E
:108350004FF4015130460BF039FFC546286904300F
:108360000BF032FF6FF0150426E76FF00A0423E7E5
:10837000580700207C8D01002D900100988D010090
:10838000888E0100A28E0100008F0100D18E0100B5
:10839000198F0100328F01002DE9F04100AF054631
:1083A0000C460CF0FEFE002840F0E6802869043000
:1083B0004FF0FF334FF0FF3205F0B6FB2869037F23
:1083C00043B904300BF000FF6FF00C042046BD46AB
:1083D000BDE8F0816B686A4E18680BF0F3FEC8B90F
:1083E000336858070FD06C4688B06A46654B5361B6
:1083F000654B9361032342F8103F4FF4C25130465E
:108400000BF0E4FEA546286904300BF0DDFE6FF0AA
:108410001204DBE76B6898680BF0D4FE336830B960
:108420005907F0D06C4688B06A46584BDFE7012CFC
:1084300003F007033DD0022C69D0002C40F083806C
:10844000022B0FD96C4688B06A46514B53614E4B94
:108450009361032342F8103F4FF4C65130460BF0AE
:10846000B5FEA546686800210BF098FE0446C0B131
:1084700033685A0710D06E4688B06A46454B536140
:10848000414B3F48C2E90634042342F8103F4FF401
:1084900001510BF09BFEB546286904300BF094FEA9
:1084A00094E76868214608300BF078FE044640B334
:1084B00018E0022B0FD96C4688B06A46364B5361E0
:1084C000314B9361032342F8103F4FF4C6513046BD
:1084D0000BF07CFEA5466868002108300BF05EFEBC
:1084E000044638B133685B07D6D06E4688B06A461A
:1084F0002A4BC4E7686801210BF050FE04460028AF
:10850000B6D1286904300BF05FFE00245EE7022B31
:108510000FD96C4688B06A46214B53611A4B936160
:10852000032342F8103F4FF4C65130460BF04EFE85
:10853000A546686800210BF031FE0446002897D15B
:1085400068680121AFE783B1E84688B06A46154BF9
:1085500053610D4BC2E90634042342F8103F4FF437
:10856000015130460BF032FEC546286904300BF04D
:108570002BFE6FF0150429E76FF00A0426E700BF11
:1085800058070020448D010014900100608D010007
:108590004A8F0100668F0100C48F0100958F010092
:1085A000DF8F0100FA8F010000487047F06C010076
:1085B00090B587B000AFFB1DF971BB601446012375
:1085C00007F1080207F11001C7E90423FB600BF073
:1085D0006BFE0346C8B10F480268520712D06C46C2
:1085E0008AB06A460C4951610C49C2E9061340F24F
:1085F00006231362052342F8103F4FF421510BF07C
:1086000050FEA5461C37BD4690BD20460CF0FCFB35
:10861000F8E700BF5C0700205D900100B791010002
:10862000F0B50C1E8DB0054600AF4DDB4668B16A53
:1086300004EB030C614547D30121C7E90A234FEA44
:10864000244C07F1080364BAC7E90431FC8007F140
:1086500020033C1D87F805C0BC604FF0000C0424CB
:10866000BB6102233971C7E908C4FC60FB610BF0F0
:1086700022FE314651F8040B07F1180307F11002EE
:108680000BF003FE044628690BF030FEC4B110481D
:1086900003685B0712D06D468AB06A460D4B536182
:1086A0000D4BC2E9063440F21D131362052342F854
:1086B000103F4FF421510BF0F4FDAD466FF0040470
:1086C00020463437BD46F0BD6FF01204F8E700BF16
:1086D0005C0700205D9001001091010090B58DB005
:1086E00000AFD723FB71FB1DBB60B962012307F10B
:1086F0000801C7E9041300220146C7E90823FB600B
:10870000022207F12003C7E9063251F8040BFA628E
:1087100007F1180307F110020BF0B7FDC0B10E4BC3
:108720001A68520712D06C468AB06A460B495161EA
:108730000B49C2E90610C0211162052142F8101F41
:1087400018464FF421510BF0ACFDA5466FF0040024
:108750003437BD4690BD00BF5C0700205D9001002E
:108760006B9101002DE9F04F8FB00669456874499F
:10877000F06400AF044606F118000CF0F3FC00238F
:1087800086F8483028680CF05BFBF8B96D48036840
:10879000590714D02B686C468AB01B686A466A4930
:1087A00051616A49C2E9061340F201331384684BF0
:1087B00042F8103F4FF411510BF073FDA5466FF0D6
:1087C000120528463C37BD46BDE8F08F2B7E23B10D
:1087D000E8680CF035FB0028D8D020460BF06BFD84
:1087E000AA8F6068AB21FFF7E3FE656805F13F03E0
:1087F0007B609F23FB7207F10B0301263B6107F1AE
:1088000010090023C7E90A36C7E9069607F10C0AE2
:108810004FF0030B07F12808022329467E61C7F8B1
:1088200030A0C7F834B0C7F820807B6251F8040B41
:1088300007F1200307F118020BF027FD0346C0B132
:1088400040480268520711D06D468AB06A464149D5
:1088500051614149C2E9061396231362052342F888
:10886000103F4FF421510BF01CFDAD466FF0040595
:108870000CE05A46514605F13F000DF001F870B387
:10888000304803685E0705D16FF0120520690BF0D0
:108890002DFD96E795F83F6095F8401095F841302A
:1088A00097F80C8097F80DE097F80EC06D468EB0E3
:1088B0006A46DFF8A890C2F81490DFF89C90136322
:1088C0000923C2E90A61C2E90698C2E908EC44F644
:1088D000400142F8103F0BF0E4FCAD46D4E7204BDA
:1088E000BB6107F11803D4F804A03B6204237B6248
:1088F00007F12003C7E90A3649465046FFF7EEFE66
:1089000005460028C2D13B8AD907BFD4414650460C
:108910000BF0CAFC034668B10A4802685207A5D0AA
:108920006D468AB06A460B4951610E49C2E9061389
:10893000EE2392E720460BF01FFD0028A6D095E716
:10894000454301005C07002089900100A3910100CC
:10895000040000015D90010094910100A2900100CB
:108960003D2A80A68091010090B587B000AF131416
:108970007B713B1DBB600423FB6007F10803397169
:1089800052BA3B610446012340687B6107F1100144
:10899000FA800BF089FC0346D8B1114802685207EF
:1089A00012D06C468AB06A460E4951610E49C2E93E
:1089B000061340F29D131362052342F8103F4FF453
:1089C00021510BF06EFCA5466FF004001C37BD462C
:1089D00090BD20460BF0D0FC0028F7D0F4E700BF94
:1089E0005C0700205D900100329101002DE9F04705
:1089F0000D1E86B0064600AF9046C0F2BB80D0F890
:108A00000490AB18D9F828209A42C0F0B380B9F886
:108A1000363095FBF3F203FB1252002A40F0AD8092
:108A2000B8FBF3F203FB1283002B40F0A6800BF09F
:108A300042FC99F83830002B5AD1D9F828304345F8
:108A400056D14F4B7B603B1DBB600423FB6007F19D
:108A500008033B617068012307F110017B610BF093
:108A600023FC034600B347480268520712D06C4605
:108A70008AB06A46444951614449C2E906134FF439
:108A8000BF731362052342F8103F4FF421510BF0DE
:108A900008FCA5466FF0040430690BF027FC204663
:108AA0001837BD46BDE8F08730460BF065FC04463C
:108AB0000028F1D0EEE7D9E90BA32BB1AB421CD8CB
:108AC000554501D2AAEB030A99F83930BBB9D04514
:108AD00015D30AF1FF332B4211D12A467C213046AF
:108AE000FFF742FF55440446A8EB0A08002CD3D1F7
:108AF000B8F1000FDFD14446CEE79A46E4E7B9F873
:108B00003430434502D8013B2B421BD0B9F83630F4
:108B1000434523D91B4803685B0710D06C468AB0D5
:108B20006A461B4B53611B4B1562C2E9063805238D
:108B300042F8103F4FF421510BF0B3FBA5466FF004
:108B40001504A9E72A4650213046FFF70DFFB9F872
:108B5000343004461D44A8EB0308C7E7013B2B4211
:108B6000D8D12A4681213046FFF7FEFEB9F83630CB
:108B70000446EFE76FF0120491E76FF015048EE7FB
:108B8000C794809A5C0700205D900100439101002A
:108B9000DF900100569101002DE9F04FB1F1000A7C
:108BA00089B0054600AF16461C465FDBD0F804804E
:108BB0000AEB0301D8F828308B4257D30BF07BFB2C
:108BC0004FF05809002C3FD0B8F83610686887F885
:108BD00004904B4203EA0A030B44A3EB0A034FEA57
:108BE0002A41A34279719AFA9AF128BF2346F98063
:108BF00007F110019B46B9603B1D02213B61F96002
:108C0000042307F10801C7E90536C7F81CB00BF0CB
:108C10004BFB014600B3174803685B0712D06C4654
:108C20008AB06A46144B5361144BC2E9063140F2D4
:108C300039131362052342F8103F4FF421510BF012
:108C400030FBA5466FF0040428690BF04FFB20466B
:108C50002437BD46BDE8F08F28460BF08DFB002879
:108C6000F0D15E44DA44A4EB0B04ABE76FF01204DE
:108C7000EDE700BF5C0700205D900100249101003A
:108C800070B5084B1C68054654B1074E083C226875
:108C90003146284609F027FFA4680CB1083CF6E7E6
:108CA000002070BDD029002001940100012910B5D9
:108CB000044609D95268064909F031FF204609F0F7
:108CC0003CFF6FF0150010BD09F037FF0020FAE7F8
:108CD000E5910100B0B5194D2B6803F00703022B95
:108CE00000AF0FD96C4688B06A46154B5361154BDF
:108CF0009361032342F8103F4FF4C65128460BF00E
:108D0000BAFBA546FAF7D0FB044698B12B685B077F
:108D100010D06D4688B06A460B4B5361094BC2E9CF
:108D20000630042342F8103F04484FF401510BF081
:108D3000A2FBAD462046BD46B0BD00BF480700209F
:108D4000FC91010014950100169201002DE9F843F1
:108D5000184B1C6800AF0646884691463CB354F851
:108D6000043C083C0BB34A4641463046984705460A
:108D7000D8B1114803685B070FD06C4688B06A46CB
:108D80000E4B53610E4BC2E90635042342F8103FE7
:108D90004FF401510BF06FFBA5460A49304609F02C
:108DA000BEFE2846BD46BDE8F883A468D6E7002588
:108DB000F7E700BFD02900204807002041920100BA
:108DC0001995010060920100F0B583B000AF06462E
:108DD000391D0320FAF720F90446B8B11E4803688C
:108DE0005A070FD06D4688B06A461C4B53611C4B26
:108DF000C2E90634042342F8103F4FF401510BF04E
:108E00003AFBAD4620460C37BD46F0BD01464FF457
:108E1000C042786809F011FC051E15DA0E48036897
:108E20005B070FD06C4688B06A460E4B53610C4B03
:108E3000C2E90635042342F8103F4FF401510BF00C
:108E40001AFBA5462C46DDE7786809F0F5FB002EF5
:108E5000D8D00120F8F740FC4807002070920100AC
:108E60007195010096920100F8B5054600AF01200A
:108E7000FFF7AAFF0446B8B10D4803685B070FD09F
:108E80006E4688B06A460B4B53610B4BC2E9063401
:108E9000042342F8103F4FF401510BF0ECFAB546B1
:108EA0000649284609F03BFE2046BD46F8BD00BFF6
:108EB00048070020BD9201002B950100609201003F
:108EC000B0B500AF054609F008FC0446B0B10E4845
:108ED00003685B070FD06D4688B06A460B4B536141
:108EE0000B4BC2E90634042342F8103F4FF4015102
:108EF0000BF0C1FAAD462046BD46B0BD002DFAD0FC
:108F00000120F8F7E9FB00BF48070020D9920100D3
:108F100077950100F8B5054600AF0120FFF7D0FFB7
:108F20000446B8B10D4803685B070FD06E4688B0A1
:108F30006A460B4B53610B4BC2E90634042342F8DB
:108F4000103F4FF401510BF096FAB54606492846FA
:108F500009F0E5FD2046BD46F8BD00BF48070020EA
:108F6000FD9201002295010060920100B0B5054616
:108F700000AF0C200C4606F04BF8A0B9114803686E
:108F80005B070ED06C4688B06A460F4B53610F4B9F
:108F90009361032342F8103F4FF4C2510BF06BFA78
:108FA000A546BD46B0BD0023C0E900548360084B10
:108FB000596800F1080211B9C3E90022F1E70A601B
:108FC0005A60EEE748070020189301005A95010007
:108FD000D0290020F0B58DB005460C460026096862
:108FE0008DF82F601F2204A80CF079FC2D2104A815
:108FF0000CF056FC00B10670237A052B1AD8DFE876
:1090000003F0030D1C283739E36828491B680093D7
:10901000636804AA284609F066FD0BE0E368186857
:10902000F7F7D2F9CDE9000104AA63682049284680
:1090300009F059FD00200DB0F0BDE3681D4A197814
:109040001D4B002918BF1346009363681B4904AAEF
:10905000E0E7D4E9031203A803960CF0B1FE236AFB
:10906000039A53F8223000936368154904AAD1E7A4
:10907000E368F8E763680093124A134F04AB0821D2
:10908000284609F023FD00262369B34205D80F4A7C
:109090000821284609F01AFDCCE7E3683A469B5DB3
:1090A0000821284609F012FD0136EDE73E93010044
:1090B0004F93010033930100389301006293010044
:1090C000739301008693010094930100BF7B01001C
:1090D000F0B50B7A85B005460C46052B0DD8DFE8B8
:1090E00003F0030F20273C408B6901934B690093E9
:1090F000CB694A681F4909F0F6FC002005B0F0BDB5
:109100008869F7F74FF9CDE902016069F7F74AF985
:10911000CDE900011849E3696268284609F0E3FCDB
:10912000EBE7CB694A681549284609F0DCFCE4E71F
:10913000CB694A681249134F09F0D5FC0026A36990
:10914000B342DADD236A53F8262013781BB139467F
:10915000284609F0C8FC0136F1E7CB694A6808499E
:10916000E2E70B690093CB694A68074909F0BBFC49
:10917000C3E700BF99930100AD930100C5930100BF
:10918000DE930100EA930100059401002DE9F74305
:10919000936A05460F4614461BB103B0BDE8F04381
:1091A0001847137A052B28D8DFE803F00331506401
:1091B00082900846F7F7B0FB3B46384498420CD102
:1091C0000A220021384606F097F96369984202DBCB
:1091D000A369984214DD434908E013F8012BA2F17A
:1091E00030010929EAD92D2AE8D03F49284609F05B
:1091F00096FC21462846FFF76BFF6FF0150602E04C
:10920000E36818600026304603B0BDE8F0833749B4
:1092100001AA384606F050F9012801D03449E5E7A3
:10922000019F6069F7F732FA3946F7F7EFFA00283D
:10923000D1D1A069F7F72AFA01463846F7F7E6FADE
:1092400006460028C7D1E3681F60DCE72949384695
:10925000F7F750FB284906463846F7F74BFB16B997
:10926000E3681E70CEE718B9E36801221A70C9E7F7
:109270002249BBE7D4F818904FF00008C8450CD03D
:10928000236A384653F82810F7F734FB064630B9FE
:10929000B8F1000FCDF8048004DA1949A6E708F107
:1092A0000108EBE72269E06801A90CF089FDAAE753
:1092B0000846F7F731FB23690130984201D911497B
:1092C00094E7E0683946F7F71FFB9BE70123D4E9F1
:1092D000031238460BF090F82369834292D00A4972
:1092E00084E700BF2D9401001D9401003C9401000F
:1092F0003F94010038930100339301004E94010024
:109300005E9401006E9401007E9401002DE9F74FF8
:10931000012BDDF8308006460C4617460FD100259C
:109320004FF02C0805E008FB05613846FFF7D0FE3A
:109330000135A542F7DB002003B0BDE8F08F022B1A
:109340004CD1D8F804502846F7F7E6FA28444349A8
:1093500010F8019C2846F7F7CDFA054650B94FF0B2
:109360002C08A542E7DA08FB05613846FFF732FE14
:109370000135F6E74FF0000AB3465546A2450CDB2F
:10938000002DD8D14FF02C08A542D4DA08FB056196
:109390003846FFF79DFE0135F6E7B9F12A0FD8F8F8
:1093A0000430DBF804100DD01846F7F7A3FA20B903
:1093B00059463846FFF70EFE01250AF1010A0BF166
:1093C0002C0BDBE7184601910093F7F7A5FADDE9CE
:1093D0000031421E18460CF070FAE8E7032BAAD1C0
:1093E000D8F804502846F7F797FA05444FF00009DB
:1093F00015F801BCB2464D46A1450CDB002D9AD1B3
:109400004FF02C08A54296DA08FB05613846FFF7B5
:109410005FFE0135F6E7BBF12A0FD8F80430DAF821
:1094200004100FD01846F7F765FA30B9D8F80810CD
:1094300052463846FFF7AAFE012509F101090AF153
:109440002C0AD9E7184601910093F7F765FADDE990
:109450000031421E18460CF030FAE6E796940100FF
:109460002DE9F04383B0884600AF91461D4604467F
:109470000026B04527DD61683A1D484609F030F9FD
:10948000002842D07B68002B3FD12369AB421CD01F
:109490001F48026812F0060F15D061686C468CB048
:1094A0006A461C4E5661C2E908351B4E40F2013334
:1094B00013851A4BC2E9066142F8103F4FF452512E
:1094C0000AF0D9FFA54600241AE0E168D7E90A307E
:1094D0002A469847041EF6DA0D4803685B070FD04A
:1094E0006D4688B06A460E4B53610B4BC2E9063499
:1094F000042342F8103F4FF401510AF0BCFFAD467F
:1095000020460C37BD46BDE8F08301362C34B0E769
:10951000480700209B9401004995010006000001C6
:10952000CE9401002DE9F04FDFF86CB0DFF86CA0AD
:1095300083B0884602AF914604460026B04501DC60
:10954000002522E06368009323685A464021504674
:1095500005F086FFD4E903125046C8472C3405466F
:10956000C0B10F4803685B070FD06C4688B002AAF1
:109570000C4B53610C4BC2E90635042342F8103FF3
:109580004FF401510AF077FFA54628460437BD463F
:10959000BDE8F08F0136D1E7EC9401002A400020AD
:1095A00048070020F29401003595010008B50349F1
:1095B00003486C220CF004FC002008BDF8050020D4
:1095C000142A002007B50B460092102102460348DA
:1095D000FFF79CFE03B05DF804FB00BF446E010082
:1095E00070B5074D06460024294630460134FFF782
:1095F000F1FC102C05F12C05F6D1002070BD00BF48
:10960000446E0100024610210148FFF78BBF00BFE6
:10961000446E010007B5CDE900230B460246102138
:109620000248FFF71DFF03B05DF804FB446E010024
:10963000012910B5044609D95268064909F06FFAA4
:10964000204609F07AFA6FF0150010BD09F075FA9E
:109650000020FAE7E5910100F8B5022900AF0546C0
:1096600039D154681F492046F7F744F900BB01F08F
:10967000DFFE044618B900242046BD46F8BD1A484E
:1096800003685A070FD06E4688B06A46174B53617D
:10969000174BC2E90634042342F8103F4FF401513E
:1096A0000AF025FFB5461349284609F038FAE3E7E2
:1096B00011492046F7F71EF968B901F0E3FE0446A8
:1096C0000028D8D0084803685B07ECD06E4688B005
:1096D0006A460A4BDBE7284609F02FFA6FF01504BB
:1096E000CAE700BF0D9601004C0700201496010048
:1096F000D1A10100609201003E9601004696010052
:10970000F8B5022900AF05460AD9194909F007FA48
:10971000284609F012FA6FF015042046BD46F8BD40
:10972000144B1B782BB9144909F0F9F96FF00704B1
:10973000F3E7506801F0D0FE04460028EDD00F4852
:1097400003685B070FD06E4688B06A460C4B5361C6
:109750000C4BC2E90634042342F8103F4FF4015188
:109760000AF0C5FEB5460849284609F0D8F9D4E7FD
:1097700071960100142A00209E9601004C070020DB
:10978000BA960100EEA1010060920100F8B501292E
:1097900000AF05460BD95268194909F0C0F92846AF
:1097A00009F0CBF96FF015042046BD46F8BD154B06
:1097B0001B782BB9144909F0B2F96FF00704F3E7ED
:1097C00012480AF081FE04460028EDD010480368D4
:1097D0005B070FD06E4688B06A460E4B53610E4B46
:1097E000C2E90634042342F8103F4FF401510AF055
:1097F0007EFEB5460949284609F091F9D4E700BF35
:10980000E5910100142A00209E960100D861010014
:109810004C070020DA960100DFA1010060920100F0
:109820002DE9F04100AF0AF054FE204AD2E900428F
:10983000041B61EB0201B4F5FA5F71F1000331DA48
:109840001B480368D4F5FA5403F0070361EB4101A8
:10985000022B10D96D468AB06A46164B5361164BDF
:1098600093610623C2E9084142F8103F4FF4435187
:109870000AF03DFEAD464FF4004640F2E7354FF0AA
:10988000000824EAE4742846414600234FF47A7223
:10989000C4FB0601F7F714F80AF019FE50EAE0736A
:1098A0000446EED1BD46BDE8F08100BF301D00206A
:1098B0004C07002001970100ADA20100B0B588B0AF
:1098C000012000AF01F032FE041E17DA9048036851
:1098D0005D070FD06D4688B06A468E4B53618E4B44
:1098E000C2E90634042342F8103F4FF401510AF054
:1098F000FEFDAD4620462037BD46B0BD874DA87859
:1099000001F040FE041E08DA814803685907F1D0CF
:109910006D4688B06A46824BE0E7EB7813B3E91CEA
:10992000381DF6F7F1FF381DF6F7F6FF391D002256
:1099300090420DD1381D02F057FA041E12DA744815
:1099400003685A07D6D06D4688B06A46754BC5E79E
:109950000B78A3F16104192C98BF203B01F8013B5F
:109960000132E5E7287F01F03FFE041E08DA68486F
:1099700003685B07BED06D4688B06A466A4BADE7A8
:10998000687F01F089FE041E08DA614803685D07FC
:10999000B0D06D4688B06A46644B9FE7A87F01F05F
:1099A000A7FE041E08DA5A4803685907A2D06D467C
:1099B00088B06A465E4B91E7E87F01F0C5FE041E61
:1099C00008DA534803685A0794D06D4688B06A464F
:1099D000584B83E7EB7F73B995F8200001F030FE18
:1099E000041E08DA4A4803685B0783D06D4688B0D6
:1099F0006A46514B72E7AB78052B0FD195F82400DE
:109A000001F0CEFE041E09DA414803685D073FF409
:109A100071AF6D4688B06A46484B5FE76B7FA3B174
:109A2000AB78012B11D0082B0FD095F8240001F052
:109A3000E3FE041E09DA3648036859073FF45AAFBB
:109A40006D4688B06A463E4B48E73E48042101F027
:109A50002BFF041E09DA2E4803685A073FF44AAF69
:109A60006D4688B06A46384B38E73848082101F01F
:109A70008BFF041E09DA264803685B073FF43AAF00
:109A80006D4688B06A46324B28E73248082101F01B
:109A9000EBFF041E09DA1E4803685D073FF42AAF96
:109AA0006D4688B06A462C4B18E72C48102102F00E
:109AB0004BF8041E09DA1648036859073FF41AAF39
:109AC0006D4688B06A46264B08E72648102102F00A
:109AD000ABF8041E09DA0E4803685A073FF40AAFD0
:109AE0006D4688B06A46204BF8E62048102102F007
:109AF0000BF9041E09DA064803685B073FF4FAAE67
:109B00006D4688B06A461A4BE8E60024F2E600BFCC
:109B10004C0700202197010075A20100142A0020A3
:109B20004F9701007A970100A7970100D397010092
:109B3000FE97010028980100529801007B980100CF
:109B4000AB980100392A0020D89801003D2A002056
:109B500006990100452A0020339901004D2A002072
:109B6000609901005D2A00208D9901006D2A002076
:109B7000BB99010098B5034600AF042814D8DFE86C
:109B800000F003090C0E1100124800210AF0B2FC8B
:109B9000BD4698BD00211048F8E70121FBE70021F0
:109BA0000E48F3E70121FBE70D48026812F0060FAB
:109BB000EED06C4688B06A460A4951610A49C2E94A
:109BC0000613042342F8103F4FF402510AF08FFCB1
:109BD000A546DDE7042A0020F4290020E42900201E
:109BE0004C070020E9990100ACA10100F8B5394DFE
:109BF0002B6803F00703022B00AF0FD96C4688B027
:109C00006A46354B5361354B9361032342F8103F4D
:109C10004FF4C65128460AF06AFCA54630480BF0BE
:109C20006EFD30480BF06BFD2F48304E0BF067FD9A
:109C30000024304601340AF021FC102C06F12C06D9
:109C4000F7D12B4808F070FD0446B0B12B685807D7
:109C500010D06D4688B06A46264B53611F4B1D4895
:109C6000C2E90634042342F8103F4FF401510AF0D0
:109C70003EFCAD462046BD46F8BD1F48F9F73EFA0A
:109C8000044638B12B685907F4D06D4688B06A464F
:109C90001A4BE2E71A491848FFF768F9194801F02A
:109CA00091FB044638B12B685A07E3D06D4688B063
:109CB0006A46154BD1E715480AF006FC0446002811
:109CC000D8D02B685B07D5D06D4688B06A46104B5C
:109CD000C3E700BF4C070020FC910100B9A10100BF
:109CE000042A0020F4290020E4290020446E010009
:109CF00094050020FF990100B4A30100279A0100F8
:109D0000E1950000759B0000539A0100D8610100A5
:109D1000DA9601002DE9F04FDFF8A0829BB000AF8A
:109D20000021242207F140000CF072F8082387F884
:109D30004D3087F86130A24B7B6698F90030A14A1C
:109D40003A65012B0CBF022101214FF0FF334FF088
:109D5000FF3207F1400005F0A5F8031E19DA9A4812
:109D6000026851070FD06C4688B06A469749516126
:109D70009749C2E90613042342F8103F4FF40151FA
:109D80000AF0B5FBA54600214FF420300AF09FFBF6
:109D9000C6E7FB6C03F4FE13B3F5802F1DD1894891
:109DA000894C0022002307F10C0103F057FD002825
:109DB0003DDA23685A0710D06D4688B06A46854B55
:109DC0005361854BC2E90630042342F8103F4FF43B
:109DD000015120460AF08BFBAD463B6E03F4FE13A7
:109DE000B3F5802F9CD198F90030012B98D174489D
:109DF000754D0022002307F1200103F02FFD0028FC
:109E000080F2C3842B685C078AD06C4688B06A46AF
:109E1000704B5361714BC2E90630042342F8103F86
:109E20004FF4015128460AF062FBA54678E7FFF798
:109E3000F7FC2368397C03F00703002940F007830F
:109E4000022B11D96D4688B0FB686A46644951619E
:109E50006149C2E90613042342F8103F4FF403514D
:109E600020460AF044FBAD4698F800300133DBB2DF
:109E7000012B15D9236813F0060F00F08F826C4672
:109E800088B06A46574B5361534B9361032342F8A2
:109E9000103F4D484FF4C4510AF029FBA5467DE21E
:109EA000514E0023BB603378002B40F0C5804F4DEE
:109EB000D5F808902846D9F8003098478246C0B1B6
:109EC0002268530710D06D4688B06A4648495161F0
:109ED0004849C2E90610042142F8101F3A484FF4DD
:109EE00001510AF004FBAD46BAF1000F80F24A823C
:109EF00021E0414B5B78012B14BF01210221D9F8ED
:109F00000C3028469847B0F1000A80F2838022681E
:109F1000560710D06D4688B06A46384951613549B8
:109F20002948C2E9061A042142F8101F4FF40151D2
:109F30000AF0DDFAAD462268560710D06D4688B0AB
:109F40006A462F4951612F491F480423C2E9061A66
:109F500042F8103F4FF401510AF0C9FAAD462A4DBC
:109F6000FB68BB602B682BB1284A126807F1080117
:109F700001209847FF2388F8003023685E070FD040
:109F80006C4688B06A46224B5361134B936103239E
:109F900042F8103F0C484FF4C2510AF0A8FAA54607
:109FA00008480AF0DFFF2B68002B00F0F781174A02
:109FB000002112684FF0FF309847EFE16B4000201E
:109FC0006C0800203C0800204C070020CB8A0100D0
:109FD000D3A201007B9A0100C2A2010043A20100AA
:109FE0009C9A0100CC9A01006A400020F8610100AF
:109FF000F99A010095A20100142A0020219B01007A
:10A00000169D01009BA20100E0290020DC29002010
:10A01000329D0100D9F80830022128469847B0F156
:10A02000000A07DA2268550785D06D4688B06A466F
:10A03000AC4973E701233370236803F00703022B55
:10A040000FD96D4688B06A46A74B5361A74B936101
:10A05000032342F8103FA6484FF4C6510AF047FACE
:10A06000AD46DFF89092DFF890B2022501F0E0F9FA
:10A07000B0F1000A1CDA2268500710D06D4688B093
:10A080006A469E49516199499948C2E9061A0421D4
:10A0900042F8101F4FF401510AF029FAAD46226828
:10A0A00055073FF448AF6D4688B06A46944935E796
:10A0B00094480BF029FB48460AF006FA06460028A9
:10A0C0003AD02268510710D0EA4688B06A468E49D5
:10A0D00051618E49C2E90610042142F8101F8448DC
:10A0E0004FF401510AF003FAD546002E44DB01F08B
:10A0F000C9F9B0F1000AC0F28280002D00F0DA80C8
:10A100004FF4A02000210AF0E2F9236813F0060FB3
:10A1100010D0EA4688B06A467D4B5361734B744851
:10A12000C2E90635042342F8103F4FF402510AF009
:10A13000DEF9D546013D99E70146102207F12000DE
:10A140000BF066FE97F82D30012161F3050387F8C7
:10A150002D306C4B3B634FF40042002307F120008D
:10A1600004F0A0FE10F10B0F06462CD1236813F06B
:10A17000060F17D16FF07306226812F0060FB6D0E3
:10A18000EA4688B06A465949C2F814B00423C2E9C5
:10A190000616574842F8103F4FF402510AF0A7F94B
:10A1A000D546A4E76E4688B06A465A4B5361574B72
:10A1B0009361032342F8103F4D484FF4C4510AF015
:10A1C00096F9B546D6E7002814DA22685207D3D0AC
:10A1D000EA4688B06A46504951614C49C2E90610C6
:10A1E000042142F8101F42484FF401510AF07FF950
:10A1F000D546C1E701F046F9B0F1000A08DA226855
:10A2000053073FF44CAF6D4688B06A46434939E77F
:10A21000236803F00703022B0FD96D4688B06A4606
:10A220003F4B5361314B9361032342F8103F304859
:10A230004FF4C6510AF05BF9AD46236803F00703FB
:10A24000022B0FD96D4688B06A46364B5361364BA8
:10A250009361032342F8103F25484FF4C6510AF09A
:10A2600046F9AD46DFF8C4B02F4EDFF884900225E2
:10A2700001F0DEF8B0F1000A5EDA2268500710D073
:10A280006D4688B06A461D49516127491848C2E9A0
:10A29000061A042142F8101F4FF401510AF027F961
:10A2A000AD46226853073FF446AE6D4688B06A4615
:10A2B0001F4933E623685E0702D16FF0420AEEE6DB
:10A2C0006D4688B06A461B4B5361084B936103236C
:10A2D00042F8103F06484FF4C2510AF008F9AD4663
:10A2E000EBE700BF4D9B01007B9B010090A20100AA
:10A2F0004C070020D8610100CE9B0100149601009C
:10A30000389C0100042A0020DA96010086A2010090
:10A31000EE9B0100969B0100CB8A0100469601004E
:10A32000B19B0100539C010080A201008D9C0100A3
:10A33000FA9C01001E9C0100FFF7C0FA002833D1EF
:10A3400001F0A0F8B0F1000A07DA22685107A8D09E
:10A350006D4688B06A46B24996E7236803F0070362
:10A36000022B0FD96C4688B06A46AE4B5361AE4B98
:10A370009361032342F8103FAC484FF4C6510AF0F2
:10A38000B6F8A546012388F80030FB68BB60A84BEF
:10A390001B68002B54D1012388F800300AF099F88B
:10A3A000A44BC3E9000118E512DA236813F0060F85
:10A3B0000ED0EA4688B06A460423D061C2E905B6E9
:10A3C0004FF4025142F8103F48460AF090F8D54643
:10A3D00001F058F8B0F1000AB7DBD5B14FF4A02076
:10A3E00000210AF074F8236813F0060F0FD0EA4634
:10A3F00088B06A46904BD561C2E90536042342F81D
:10A40000103F4FF4025148460AF071F8D546013D1D
:10A410002EE723685A0702D16FF01F0A41E76D4605
:10A4200088B06A46854B53617F4B9361032342F8A2
:10A43000103F7E484FF4C2510AF059F8AD46EBE7A1
:10A440007F4A126807F1080100209847A3E7012915
:10A4500040F08681022B11D96D4688B0FB686A46B0
:10A46000784951617849C2E90613042342F8103F44
:10A470004FF4035120460AF03AF8AD4698F900200F
:10A480002368012A07D013F0060F87D06C4688B0E6
:10A490006A466E4BF7E403F007030022022B3A6092
:10A4A0000FD96D4688B06A46694B5361694B936119
:10A4B000032342F8103F5D484FF4C6510AF017F8E5
:10A4C000AD46654EDFF894B1022500F0B1FFB0F162
:10A4D000000933DA2268550710D06D4688B06A4605
:10A4E0005F4951615B495148C2E90619042142F8AC
:10A4F000101F4FF4015109F0FAFFAD4622685307CF
:10A5000010D06D4688B06A46564951615649474851
:10A510000423C2E9061942F8103F4FF4015109F033
:10A52000E6FFAD46424DFB683B602B68002B3FF4D5
:10A5300021AD434A3946126803201AE546480BF01C
:10A54000E3F801F085F9B0F1000914DA2268500748
:10A550002CD0EA4688B06A46444BC2E9053B042148
:10A56000C2F81C90314842F8101F4FF4015109F015
:10A57000BEFFD5461AE01022002107F120000BF0A3
:10A5800047FC012187F82D103E634FF47012002321
:10A5900007F1200004F086FC10F10B0F81467CD1FE
:10A5A000236813F0060F67D16FF07309226812F069
:10A5B000060F10D0EA4688B06A462D4951612549F8
:10A5C0001A480423C2E9061942F8103F4FF4025119
:10A5D00009F08DFFD54600F055FFB0F100097ADB98
:10A5E000002D00F0A5804FF47020002109F06FFFCE
:10A5F000236813F0060F10D0E94688B06A461D4B59
:10A600005361144B0948C2E90635042342F8103F50
:10A610004FF4025109F06BFFCD46013D55E700BFF5
:10A62000469601006F9C010080A201004C070020AB
:10A63000E0290020301D0020AE9C0100DF9C0100BD
:10A64000DC290020679D0100C2A20100969D010047
:10A65000C09D01005FA20100F429002055A2010065
:10A6600014960100A99E010064A20100DB9D010077
:10A670003F9E01005F9E0100E94688B06A46A34BF9
:10A680005361A34B9361032342F8103FA1484FF459
:10A69000C45109F02CFFCD4686E700280ADA22686B
:10A6A000510783D0EA4688B06A469B495161984970
:10A6B000916154E707F10802391D30460BF027F885
:10A6C0007B68002B31D0BB68002B2ED100F0DAFE66
:10A6D000B0F1000908DA226852073FF40FAF6D4667
:10A6E00088B06A468D49FCE6236803F00703022B15
:10A6F0000FD96C4688B06A46894B5361894B936188
:10A70000032342F8103F83484FF4C65109F0EFFE8F
:10A71000A546FB683B60844B1B68002B3FF43BAEB7
:10A72000824A3946126802208FE66FF07F093DE7C2
:10A73000236813F0060F02D16FF07F09DEE66D4645
:10A7400088B06A467A4B5361764B9361032342F893
:10A75000103F70484FF4C45109F0C9FEAD46EBE715
:10A76000002B3FF41BAE6D4688B06A46714B5361B7
:10A77000714BC2E90631042342F8103F4FF40151F6
:10A78000204609F0B4FEAD4608E6FFF749F82B680D
:10A7900003F00703022B11D96C4688B03B6A6A4666
:10A7A000664951616649C2E90613042342F8103F25
:10A7B0004FF40351284609F09AFEA54600233B605A
:10A7C000D7E90A32134327D009F083FEBB6A8342DC
:10A7D000FB6A8B4120DA2B6813F0060F0FD06C4612
:10A7E00088B06A46574B5361574B9361032342F835
:10A7F000103F48484FF4C45109F079FEA546B86BA4
:10A800000BF012F8012388F8003009F062FE4F4B7C
:10A81000C3E90001FFF784BA2B6803F00703022B9A
:10A820000FD96C4688B06A46494B5361494B9361D6
:10A83000032342F8103F37484FF4C65109F057FE42
:10A84000A546DFF810B14FF0020900F0F1FD061E39
:10A8500080F28A802B68580745D1B86B0AF0E4FF74
:10A860002B685A0710D06C4688B06A463A4B536141
:10A87000354B2848C2E90636042342F8103F4FF40E
:10A88000015109F034FEA546274C3B6A3B60236822
:10A8900023B1264A3946126805209847002EB1DABE
:10A8A000FF2388F800302B685B070FD06D4688B017
:10A8B0006A462A4B5361224B9361032342F8103FAF
:10A8C00014484FF4C25109F012FEAD4624480AF074
:10A8D00049FB2368002B98D0144A002112684FF0DE
:10A8E000FF30984791E76C4688B06A461D4B53612C
:10A8F000184B0848C2E90636042342F8103F4FF4CB
:10A90000015109F0F4FDA546A7E700BF069E01002E
:10A9100055A201004C070020CB8A01004696010099
:10A92000229E01005FA20100E0290020DC29002016
:10A930008F9E0100C49E0100C2A20100DC9E0100A6
:10A9400043A201000B9F010032A20100301D002034
:10A95000239F01002DA201008BA00100329D010068
:10A960003C0800201496010097F83010FA6BD7E9E4
:10A970000D3000295FD1002B6CDA114601F060FA2E
:10A98000041E29DA2B68590710D06E4688B06A4633
:10A99000844B5361844B8548C2E90634042342F852
:10A9A000103F4FF4015109F0A2FDB5462B6813F09A
:10A9B000060F00F084806E4688B06A467C4BD461F6
:10A9C000C2E9053B042342F8103F78484FF4025196
:10A9D00009F08DFDB54672E07648002109F08AFD48
:10A9E0001022002107F10C000BF012FA714EFE61EB
:10A9F000012179764FF47012002307F10C0004F066
:10AA000051FA10F10B0F044644D12B6813F0060FD6
:10AA10000FD06C4688B06A46674B5361624B9361B6
:10AA2000032342F8103F61484FF4C45109F05FFD21
:10AA3000A546742443E0002B1ADA114601F076FA99
:10AA4000041E23DA2B685A07B0D06E4688B06A46D7
:10AA50005A4B9EE70146D8B201F0DEFA041EBBDA7B
:10AA60002B685B07A2D06E4688B06A46544B90E7CD
:10AA70000146D8B201F048FB041E07DA2B685E07D6
:10AA800094D06E4688B06A464E4B82E749480AF039
:10AA90003BFEA5E7002807DA2B68580786D06E46EC
:10AAA00088B06A46484B74E707F10802391D304602
:10AAB0000AF02DFE7B680BB1BB6833B1232400F094
:10AAC000E1FC061E33DA2B6804E000F0DBFC061E16
:10AAD0002B6807DA59073FF4C0AE6C4688B06A4667
:10AAE0003A4B04E703F00703022B0FD8B86B0AF0C8
:10AAF0009BFE3B6A3B60364B1B68002B3FF482AEEB
:10AB0000344A39461268042098477BE66C4688B080
:10AB10006A46314B5361314B9361032342F8103F36
:10AB200022484FF4C65109F0E2FCA546DEE7B9F130
:10AB3000000F08D12B6813F0060F22D1B86B0AF072
:10AB400073FE26468CE64FF47020002109F0BFFC0E
:10AB50002B6813F0060F09F1FF3610D06C4688B051
:10AB60006A461F4B53611D4B1048C2E90639042346
:10AB700042F8103F4FF4025109F0B9FCA546B14626
:10AB800063E66E4688B06A46164B5361134B936179
:10AB9000032342F8103F05484FF4C45109F0A7FCC5
:10ABA000B546CBE73E9F010023A201004C070020E1
:10ABB00021A00100E4290020E89F0100689F010016
:10ABC000929F0100BD9F0100CB8A010046960100C3
:10ABD000E0290020DC29002004A001002DA20100B2
:10ABE00041A0010071A00100024B1860024B00203F
:10ABF00019607047E0290020DC290020F0B5324BB5
:10AC0000324D83B01A7800AF0446CAB12B6813F0F6
:10AC1000060F04D1002420460C37BD46F0BD6C461B
:10AC200088B06A462A4B53612A4B9361032342F84A
:10AC3000103F4FF4C451284609F059FCA546E9E7F6
:10AC4000254BBFF35B8F53E8001F481C43E8000609
:10AC5000002EF8D1BFF35B8F2B68396003F0070338
:10AC6000022B3A7110D96E4688B06A461B4B53616D
:10AC7000184BC2E90631042342F8103F4FF4035148
:10AC8000284609F034FCB5460CB13B6823601448F3
:10AC90000022002339460AF05EF9041EBADA2B6856
:10ACA0005B07B8D06D4688B06A460E4B5361094BBE
:10ACB0000648C2E90634042342F8103F4FF401511C
:10ACC00009F015FCAD46A6E7142A00204C07002029
:10ACD000A6A0010015A20100D8290020C9A00100EA
:10ACE0003C080020F9A00100F0B5012983B0054619
:10ACF00000AF0CD95268184907F011FF284607F039
:10AD00001CFF6FF0150420460C37BD46F0BD381D02
:10AD1000FFF774FF041E18DA104803685B070FD0B2
:10AD20006E4688B06A460E4B53610E4BC2E906343C
:10AD3000042342F8103F4FF4015109F0D8FBB54607
:10AD40000949284607F0EBFEDDE77A6807492846FF
:10AD500007F0C9FE0024D6E7E59101004C0700206A
:10AD6000ED720100BEA10100609201001AA1010074
:10AD7000F0B5374B374C83B01A7800AFC2B12368B7
:10AD800013F0060F0FD06D4688B06A46324B536100
:10AD9000324B9361032342F8103F4FF4C4512046D5
:10ADA00009F0A5FBAD46002528460C37BD46F0BD91
:10ADB000597F012908D0236813F0060FF3D06D46A0
:10ADC00088B06A46264BE2E7264ABFF35B8F52E81B
:10ADD000003F5D1C42E80056002EF8D1BFF35B8FA8
:10ADE0003B60397100B10360226802F00702022A59
:10ADF00010D96D4688B06A461B49516117491548FC
:10AE0000C2E90613042342F8103F4FF4035109F03E
:10AE10006EFBAD4615480022002339460AF09BF828
:10AE2000051EC0DA23685B07BED06C4688B06A4650
:10AE30000F4B5361094B0748C2E90635042342F81A
:10AE4000103F4FF4015109F052FBA546ACE700BF9B
:10AE5000142A00204C070020A6A0010008A201002F
:10AE60002EA10100D82900204EA101003C0800209D
:10AE7000F9A00100F0B5012983B0054600AF0CD957
:10AE80005268184907F04BFE284607F056FE6FF04F
:10AE9000150420460C37BD46F0BD381DFFF768FF8E
:10AEA000041E18DA104803685B070FD06E4688B09E
:10AEB0006A460E4B53610E4BC2E90634042342F836
:10AEC000103F4FF4015109F012FBB54609492846DD
:10AED00007F025FEDDE77A680749284607F003FEFC
:10AEE0000024D6E7E59101004C0700201173010012
:10AEF000C8A10100609201001AA101002DE9F047EC
:10AF00001C4688B04A4B4B4D1B7800AF82468846A2
:10AF10009146D3B12B6813F0060F05D100242046CB
:10AF20002037BD46BDE8F0876C4688B06A46424B84
:10AF30005361424B9361032342F8103F4FF4C451D5
:10AF4000284609F0D4FAA546E8E7104604F060F870
:10AF50000646A8B92B685A070FD06C4688B06A46D7
:10AF6000374B5361354B9361032342F8103F4FF445
:10AF7000C251284609F0BBFAA5466FF00B04CEE794
:10AF80004A4641460AF01CFFBFF35B8F2D4B53E846
:10AF9000001F4A1C43E800200028F8D1BFF35B8F54
:10AFA000DAE90023C7E902239AF808303B74DAF89B
:10AFB0000C303960C7E905362B68C7F81C9003F0E0
:10AFC0000703022B10D9E84688B06A461E4B53612E
:10AFD0001A4BC2E90631042342F8103F4FF40351E3
:10AFE000284609F084FAC5460CB13B68236017482F
:10AFF00000220023394609F0AEFF041E8EDA2B68CA
:10B000005B0710D06D4688B06A46114B53610B4BFD
:10B010000848C2E90634042342F8103F4FF40151B6
:10B0200009F065FAAD4630460AF0FEFB77E700BF4F
:10B03000142A00204C070020A6A00100FBA101005B
:10B0400018930100D82900207DA101006C08002080
:10B05000F9A0010008B50349F5F74CFCB0FA80F0FF
:10B06000400908BD70A60100F8B54FF0FF324FF05F
:10B07000FF3300AF04464148414D09F040FA414BCF
:10B080001B6833B3404A20461168984708B33B48D1
:10B0900009F037FA2B6803F00703022B13D96E4629
:10B0A0008AB06A46394B5361394BC2E9063440F2E3
:10B0B00001331384374B42F8103F4FF413512846A5
:10B0C00009F01AFAB5463448002103F043FFBD46A3
:10B0D000F8BD2A4809F015FA2B6803F00703022B84
:10B0E00013D96D468AB06A462C4B5361284B2448CD
:10B0F000C2E9063440F201331384264B42F8103F74
:10B100004FF4135109F0F8F9AD4625492046F5F7FB
:10B11000F1FB30B9234B1B68002BD8D00320984794
:10B12000D5E721492046F5F7E5FB28B91D4B1B68FB
:10B13000002BCCD00420F2E71C492046F5F7DAFBBF
:10B1400028B9184B1B68002BC1D00120E7E718492C
:10B150002046F5F7CFFB28B9124B1B68002BB6D061
:10B160000220DCE713492046F5F7C4FB0028AED1E6
:10B170000C4B1B68002BD2D1A9E700BFC4070020ED
:10B1800054070020982A0020802A002074A601007D
:10B1900015AB010004000001842A002080A60100F4
:10B1A0008CA60100942A002091A6010098A6010017
:10B1B000A3A60100AEA601000CB42DE9F04786B0AD
:10B1C00000AF07F1380480464FF0FF324B4854F887
:10B1D000045B4FF0FF330E4609F091F9002140F275
:10B1E00067600AF0AAF846483C60836822461B69FB
:10B1F00029469847041E17DA4248036859070FD0BA
:10B200006D4688B06A46404B5361404BC2E90634F4
:10B21000042342F8103F4FF4015109F06DF9AD4697
:10B22000364809F06EF939E0394CDFF8E8A0DFF86C
:10B23000E89020460AF068FA4FF0FF3237484FF0A6
:10B24000FF3309F05CF90025354B3448CAF800306B
:10B25000C9F8005009F055F929461022381D0AF0A6
:10B26000D7FD012179747C6142463346381D03F0D5
:10B2700019FE4FF0FF3204464FF0FF33274809F024
:10B280003EF92648CAF80050C9F8005009F039F9CB
:10B29000AC420ADB194809F034F92C46204618372D
:10B2A000BD46BDE8F04702B07047164D2B685A07FF
:10B2B000B6D06E4688B06A461A4B53611A4B4FF0AF
:10B2C0000408C2E906344FF4015142F8108F2846B1
:10B2D00009F012F92B685B07B546A1D088B06A4621
:10B2E000124B5361094B4FF40151C2E90634284611
:10B2F00042F8108F09F000F9B54691E7D807002011
:10B30000D861010054070020B9A60100C9AA0100B4
:10B31000842A0020982A0020802A0020C4070020C8
:10B3200055B00000CB8A0100BBAA0100DFA60100D6
:10B330000FB4B0B582B01D4800AF4FF0FF324FF0F0
:10B34000FF3309F0DCF8002140F2676009F0F5FFF7
:10B3500017481849836807F11C021B697A609847EF
:10B36000041E1DDA144803685B070FD06D4688B0D1
:10B370006A46124B5361124BC2E90634042342F869
:10B38000103F4FF4015109F0B7F8AD46074809F0F6
:10B39000B8F820460837BD46BDE8B04004B0704755
:10B3A000024809F0AEF80024F3E700BFD8070020F8
:10B3B000D8610100C7A8010054070020B9A6010008
:10B3C000D5AA0100B0B5134B00AF186012480AF0BF
:10B3D00096F91248124983681B689847041E16DACA
:10B3E000104803685B070FD06D4688B06A460E4B65
:10B3F00053610E4BC2E90634042342F8103F4FF468
:10B40000015109F079F8AD462046BD46B0BD002493
:10B41000FAE700BF942A0020842A0020D8610100A6
:10B4200069B000005407002003A701001DAB010014
:10B43000B0B51048836800AF9B689847041E16DAC1
:10B440000D4803685B070FD06D4688B06A460B4B0A
:10B4500053610B4BC2E90634042342F8103F4FF40A
:10B46000015109F049F8AD462046BD46B0BD002463
:10B47000FAE700BFD86101005407002029A70100A6
:10B4800001AB0100B0B51048836800AFDB68984796
:10B49000041E16DA0D4803685B070FD06D4688B0AE
:10B4A0006A460B4B53610B4BC2E90634042342F846
:10B4B000103F4FF4015109F01FF8AD462046BD463C
:10B4C000B0BD0024FAE700BFD86101005407002096
:10B4D00051A70100ECAA0100B0B5014600AF0F482A
:10B4E000FFF726FF041E16DA0D4803685B070FD02E
:10B4F0006D4688B06A460B4B53610B4BC2E906346C
:10B50000042342F8103F4FF4015108F0F5FFAD4617
:10B510002046BD46B0BD0024FAE700BFC7A8010021
:10B52000540700207AA70100DEAA0100B0B5034647
:10B53000104A00AF4FF400400021FFF73DFE041E0B
:10B5400016DA0D4803685B070FD06D4688B06A466F
:10B550000A4B53610A4BC2E90634042342F8103FF8
:10B560004FF4015108F0C8FFAD462046BD46B0BDBE
:10B570000024FAE7BEA70100540700209CA70100A1
:10B58000A3AA0100B0B50346134A00AF4FF4004030
:10B590000021FFF711FE041E16DA104803685B074E
:10B5A0000FD06D4688B06A460D4B53610D4BC2E912
:10B5B0000634042342F8103F4FF4015108F09CFF79
:10B5C000AD462046BD46B0BD4FF42030002109F005
:10B5D000B4FE0024F5E700BFCCA70100540700200B
:10B5E0009CA701008EAA0100B0B50346104A00AF27
:10B5F0004FF400400021FFF7DFFD041E16DA0D486E
:10B6000003685B070FD06D4688B06A460A4B5361EA
:10B610000A4BC2E90634042342F8103F4FF40151AB
:10B6200008F06AFFAD462046BD46B0BD0024FAE7EB
:10B63000D7A70100540700209CA7010078AA0100A9
:10B64000B0B50346104A00AF4FF400400021FFF7A9
:10B65000B3FD041E16DA0D4803685B070FD06D4674
:10B6600088B06A460A4B53610A4BC2E90634042388
:10B6700042F8103F4FF4015108F03EFFAD4620461E
:10B68000BD46B0BD0024FAE7E3A70100540700203F
:10B690009CA7010065AA0100B0B50346104A00AF9F
:10B6A0004FF400400021FFF787FD041E16DA0D4815
:10B6B00003685B070FD06D4688B06A460A4B53613A
:10B6C0000A4BC2E90634042342F8103F4FF40151FB
:10B6D00008F012FFAD462046BD46B0BD0024FAE793
:10B6E000ECA70100540700209CA7010050AA01000C
:10B6F000B0B50346104A00AF4FF400400021FFF7F9
:10B700005BFD041E16DA0D4803685B070FD06D461B
:10B7100088B06A460A4B53610A4BC2E906340423D7
:10B7200042F8103F4FF4015108F0E6FEAD462046C6
:10B73000BD46B0BD0024FAE7F7A70100540700207A
:10B740009CA701003CAA0100B0B50346104A00AF17
:10B750004FF400400021FFF72FFD041E16DA0D48BC
:10B7600003685B070FD06D4688B06A460A4B536189
:10B770000A4BC2E90634042342F8103F4FF401514A
:10B7800008F0BAFEAD462046BD46B0BD0024FAE73B
:10B7900001A80100540700209CA7010028AA01006D
:10B7A000B0B50346104A00AF4FF400400021FFF748
:10B7B00003FD041E16DA0D4803685B070FD06D46C3
:10B7C00088B06A460A4B53610A4BC2E90634042327
:10B7D00042F8103F4FF4015108F08EFEAD4620466E
:10B7E000BD46B0BD0024FAE70BA8010054070020B5
:10B7F0009CA701000EAA0100B0B50346104A00AF95
:10B800004FF400400021FFF7D7FC041E16DA0D4864
:10B8100003685B070FD06D4688B06A460A4B5361D8
:10B820000A4BC2E90634042342F8103F4FF4015199
:10B8300008F062FEAD462046BD46B0BD0024FAE7E2
:10B840001BA80100540700209CA70100F7A90100D4
:10B85000B0B5114A00AF4FF4A0200021FFF7ACFCB7
:10B86000041E16DA0D4803685B070FD06D4688B0DA
:10B870006A460B4B53610B4BC2E90634042342F872
:10B88000103F4FF4015108F037FEAD462046BD464B
:10B89000B0BD0024FAE700BF28A80100540700202B
:10B8A0009CA70100E2A901002DE9F0434FEA4108FD
:10B8B00083B008F10109064602AF48460C4603F082
:10B8C000A7FB0546C8B92A48036859070ED06C463D
:10B8D00088B002AA274B5361274B9361032342F898
:10B8E000103F4FF4C25108F007FEA5466FF00B045D
:10B8F00020460437BD46BDE8F0830123009302468D
:10B9000021464B46304608F045FD8045044617D099
:10B91000174803685A070FD06E4688B002AA174B23
:10B920005361154BC2E90634042342F8103F4FF42B
:10B93000015108F0E1FDB546284609F075FFD7E74B
:10B940000F4A2B464FF400400021FFF735FC041E40
:10B9500008DA074803685B07EED06E4688B002AA93
:10B96000084BDDE7284609F05FFF0024C0E700BF71
:10B970005407002018930100CAA9010030A8010053
:10B9800052A801009CA701002DE9F0434FEA4108AD
:10B9900083B008F10109064602AF48460C4603F0A1
:10B9A00037FB0546C8B92A48036859070ED06C46CC
:10B9B00088B002AA274B5361274B9361032342F8B7
:10B9C000103F4FF4C25108F097FDA5466FF00B04ED
:10B9D00020460437BD46BDE8F083012300930246AC
:10B9E00021464B46304608F0D5FC8045044617D02A
:10B9F000174803685A070FD06E4688B002AA174B43
:10BA00005361154BC2E90634042342F8103F4FF44A
:10BA1000015108F071FDB546284609F005FFD7E74A
:10BA20000F4A2B464FF400400021FFF7C5FB041ED0
:10BA300008DA074803685B07EED06E4688B002AAB2
:10BA4000084BDDE7284609F0EFFE0024C0E700BF01
:10BA50005407002018930100B3A9010030A8010089
:10BA600060A801009CA701002DE9F0434FEA4108BE
:10BA700083B008F10109064602AF48460C4603F0C0
:10BA8000C7FA0546C8B92A48036859070ED06C465C
:10BA900088B002AA274B5361274B9361032342F8D6
:10BAA000103F4FF4C25108F027FDA5466FF00B047C
:10BAB00020460437BD46BDE8F083012300930246CB
:10BAC00021464B46304608F065FC8045044617D0B9
:10BAD000174803685A070FD06E4688B002AA174B62
:10BAE0005361154BC2E90634042342F8103F4FF46A
:10BAF000015108F001FDB546284609F095FED7E74B
:10BB00000F4A2B464FF400400021FFF755FB041E5F
:10BB100008DA074803685B07EED06E4688B002AAD1
:10BB2000084BDDE7284609F07FFE0024C0E700BF90
:10BB300054070020189301009CA9010030A80100BF
:10BB40006DA801009CA701002DE9F0434FEA4108D0
:10BB500083B008F10109064602AF48460C4603F0DF
:10BB600057FA0546C8B92A48036859070ED06C46EB
:10BB700088B002AA274B5361274B9361032342F8F5
:10BB8000103F4FF4C25108F0B7FCA5466FF00B040C
:10BB900020460437BD46BDE8F083012300930246EA
:10BBA00021464B46304608F0F5FB8045044617D049
:10BBB000174803685A070FD06E4688B002AA174B81
:10BBC0005361154BC2E90634042342F8103F4FF489
:10BBD000015108F091FCB546284609F025FED7E74B
:10BBE0000F4A2B464FF400400021FFF7E5FA041EF0
:10BBF00008DA074803685B07EED06E4688B002AAF1
:10BC0000084BDDE7284609F00FFE0024C0E700BF1F
:10BC1000540700201893010085A9010030A80100F5
:10BC20007AA801009CA701002DE9F0434FEA4108E2
:10BC300083B008F10109064602AF48460C4603F0FE
:10BC4000E7F90546C8B92A48036859070ED06C467B
:10BC500088B002AA274B5361274B9361032342F814
:10BC6000103F4FF4C25108F047FCA5466FF00B049B
:10BC700020460437BD46BDE8F08301230093024609
:10BC800021464B46304608F085FB8045044617D0D8
:10BC9000174803685A070FD06E4688B002AA174BA0
:10BCA0005361154BC2E90634042342F8103F4FF4A8
:10BCB000015108F021FCB546284609F0B5FDD7E74B
:10BCC0000F4A2B464FF400400021FFF775FA041E7F
:10BCD00008DA074803685B07EED06E4688B002AA10
:10BCE000084BDDE7284609F09FFD0024C0E700BFB0
:10BCF00054070020189301006DA9010030A801002D
:10BD000087A801009CA701002DE9F0434FEA4108F4
:10BD100083B008F10109064602AF48460C4603F01D
:10BD200077F90546C8B92A48036859070ED06C460A
:10BD300088B002AA274B5361274B9361032342F833
:10BD4000103F4FF4C25108F0D7FBA5466FF00B042B
:10BD500020460437BD46BDE8F08301230093024628
:10BD600021464B46304608F015FB8045044617D067
:10BD7000174803685A070FD06E4688B002AA174BBF
:10BD80005361154BC2E90634042342F8103F4FF4C7
:10BD9000015108F0B1FBB546284609F045FDD7E74B
:10BDA0000F4A2B464FF400400021FFF705FA041E0E
:10BDB00008DA074803685B07EED06E4688B002AA2F
:10BDC000084BDDE7284609F02FFD0024C0E700BF3F
:10BDD000540700201893010055A9010030A8010064
:10BDE00095A801009CA70100B0B50346104A00AF1A
:10BDF0004FF400400021FFF7DFF9041E16DA0D486A
:10BE000003685B070FD06D4688B06A460A4B5361E2
:10BE10000A4BC2E90634042342F8103F4FF40151A3
:10BE200008F06AFBAD462046BD46B0BD0024FAE7E7
:10BE3000A3A80100540700209CA701003EA901000F
:10BE40002DE9F0434B1E83B0F12B044602AF0E46A2
:10BE50005DD84FEA410808F10109484603F0D8F8D7
:10BE60000546C8B92B48036859070ED06C4688B000
:10BE700002AA294B5361294B9361032342F8103FD7
:10BE80004FF4C25108F038FBA5466FF00B04204672
:10BE90000437BD46BDE8F0830123009302464B46BC
:10BEA0002046314608F076FA8045044617D01948F6
:10BEB00003685A070FD06E4688B002AA184B536128
:10BEC000164BC2E90634042342F8103F4FF40151E7
:10BED00008F012FBB546284609F0A6FCD7E7114A40
:10BEE000009533464FF4A0200021FFF765F9041EAA
:10BEF00008DA084803685B07EDD06E4688B002AAEE
:10BF0000094BDCE7284609F08FFC0024BFE76FF0FF
:10BF10001504BCE754070020189301002AA901006A
:10BF200030A80100B0A801009CA701002DE9F04352
:10BF30004B1E83B0F12B044602AF0E465DD84FEA8C
:10BF4000410808F10109484603F062F80546C8B9FE
:10BF50002B48036859070ED06C4688B002AA294BBB
:10BF60005361294B9361032342F8103F4FF4C251B0
:10BF700008F0C2FAA5466FF00B0420460437BD4610
:10BF8000BDE8F0830123009302464B46204631462C
:10BF900008F000FA8045044617D0194803685A078C
:10BFA0000FD06E4688B002AA184B5361164BC2E9F7
:10BFB0000634042342F8103F4FF4015108F09CFA74
:10BFC000B546284609F030FCD7E7114A00953346BC
:10BFD0004FF4A0200021FFF7EFF8041E08DA08480C
:10BFE00003685B07EDD06E4688B002AA094BDCE718
:10BFF000284609F019FC0024BFE76FF01504BCE7E0
:10C00000540700201893010016A9010030A8010070
:10C01000BDA801009CA701002DE9F047531E82B086
:10C02000F12B804602AF0C4616465DD84FEA420916
:10C0300009F1010A504602F0EBFF0546C0B92C4851
:10C04000036859070ED06C4688B002AA294B536189
:10C05000294B9361032342F8103F4FF4C25108F07B
:10C060004BFAA5466FF00B042046BD46BDE8F087AD
:10C0700001230093024653462046314608F08AF9D0
:10C080008145044617D01A4803685A070FD06E46F8
:10C0900088B002AA194B5361174BC2E90634042336
:10C0A00042F8103F4FF4015108F026FAB5462846F1
:10C0B00009F0BAFBD8E7CDE90065114A43464FF4D1
:10C0C000A0200021FFF778F8041E08DA084803686A
:10C0D0005B07ECD06E4688B002AA0A4BDBE7284625
:10C0E00009F0A2FB0024BFE76FF01504BCE700BF16
:10C0F000540700201893010001A9010030A8010095
:10C10000CAA801009CA701002DE9F047531E82B088
:10C11000F12B804602AF0C4616465DD84FEA420925
:10C1200009F1010A504602F073FF0546C0B92C48D8
:10C13000036859070ED06C4688B002AA294B536198
:10C14000294B9361032342F8103F4FF4C25108F08A
:10C15000D3F9A5466FF00B042046BD46BDE8F08735
:10C1600001230093024653462046314608F012F957
:10C170008145044617D01A4803685A070FD06E4607
:10C1800088B002AA194B5361174BC2E90634042345
:10C1900042F8103F4FF4015108F0AEF9B546284679
:10C1A00009F042FBD8E7CDE90065114A43464FF458
:10C1B000A0200021FFF700F8041E08DA08480368F1
:10C1C0005B07ECD06E4688B002AA0A4BDBE7284634
:10C1D00009F02AFB0024BFE76FF01504BCE700BF9D
:10C1E0005407002018930100ECA8010030A80100BA
:10C1F000DBA801009CA70100BFF34F8F0549064B48
:10C20000CA6802F4E0621343CB60BFF34F8F00BFF4
:10C21000FDE700BF00ED00E00400FA054FF0805399
:10C22000D3F83021082A06D1D3F83431052B02D8AF
:10C23000024AD05C70470020704700BF42AB01004B
:10C24000024AD2F80034002BFBD0704700E00140D6
:10C2500010B54FF08053D3F83021082A4ED14FF05B
:10C2600080420021C2F80C11C2F81011C2F8381532
:10C2700002F54042D3F80414C2F82015D3F808148C
:10C28000C2F82415D3F80C14C2F82815D3F81014EA
:10C29000C2F82C15D3F81414C2F83015D3F81814BA
:10C2A000C2F83415D3F81C14C2F84015D3F8201482
:10C2B000C2F84415D3F82414C2F84815D3F828144A
:10C2C000C2F84C15D3F82C14C2F85015D3F830141A
:10C2D000C2F85415D3F83414C2F86015D3F83814E2
:10C2E000C2F86415D3F83C14C2F86815D3F84014AA
:10C2F000C2F86C15D3F84434C2F87035FFF78EFFDE
:10C3000018B13F4B3F4AC3F88C26FFF787FF18B19F
:10C310003D4BFB22C3F81825FFF780FF70B14FF0AB
:10C3200080414FF08053D1F8E42ED3F8583222F0F8
:10C330000F0203F00F031343C1F8E43EFFF76EFF53
:10C3400020B1324B4FF40072C3F840264FF08053B7
:10C35000D3F83031082B1AD14FF08043D3F80024A2
:10C36000D20744BF6FF00102C3F800244FF080539E
:10C37000D3F83431052B02D8254AD35C3BB14FF0BA
:10C380001023D3F808224FF08043C3F858254FF00C
:10C390001021D1F80C32DB0714D51E480123C0F858
:10C3A0000435FFF74DFFD1F80C3223F00103C1F83B
:10C3B0000C32FFF745FF0023C0F80435FFF740FFBC
:10C3C000FFF71AFFD1F80032002B03DBD1F804325B
:10C3D000002B14DA0F4901234FF01020C1F8043567
:10C3E0001224FFF72DFFC0F80042FFF729FFC0F825
:10C3F0000442FFF725FF0023C1F80435DEE710BD36
:10C40000005000404881030000F0004000900240CE
:10C410003CAB010000E00140014B1860704700BFD9
:10C420009C2A002010B5054B1868144608F07BF8CC
:10C430000028A4BF2070002010BD00BF9C2A00204F
:10C44000024A01238340C2F80435704700F00140DE
:10C45000014B00201B681847A02A0020014B1B68D5
:10C46000184700BFA02A002010B50C4C237993B9BF
:10C47000012323710A4B2060002818BF184600F0E2
:10C480005BF850B923680748002BBDE8104008BF8F
:10C49000184600F0A1B86FF0770010BDA02A002068
:10C4A00051C400005DC4000008B5064B1B683BB1D9
:10C4B0000020F9F71BF818B9BDE80840F8F7F4BFF9
:10C4C00008BD00BFA02A00204FF08053D3F83021D0
:10C4D000082A06D1D3F83431052B02D8024AD05CA1
:10C4E00070470020704700BF48AB010038B54FF0DF
:10C4F00080440123C4F8083363600023C4F800318A
:10C50000D4F8003142F21075D4F80C24D4F80C346D
:10C51000D20307D5DB0705D5012008F002F8013D5D
:10C52000F2D138BDFFF7D0FF0028FAD0014B00222E
:10C530005A71F6E7A82A002010B508490C794CB9C1
:10C54000012308600B71FFF7BFFF08B9002010BD81
:10C550004C71FBE76FF07700F9E700BFA82A0020D5
:10C560004FF080430022C3F80021D3F8002109498D
:10C5700001221A60096811B1C3F804237047D3F887
:10C580000021002AFBD00022C3F80021D3F800319B
:10C59000704700BFA82A002010B54FF08043D3F8A1
:10C5A0000423D20715D5D3F8002192B10022C3F895
:10C5B00000210121D3F80021C3F80813FFF784FFFD
:10C5C000044B10B15A7922B95971BDE810401B686B
:10C5D000184710BDA82A0020074A137943B9012142
:10C5E000106011714FF080421846C2F8183570473C
:10C5F0006FF07700704700BFB02A002010B54FF0F1
:10C6000080431D4CD3F81814D3F8182411F4803F3C
:10C6100019D002F00302012A03D00AB107F0EDFF9E
:10C6200000224FF08043C3F818250022C3F80421EC
:10C63000D3F8042101229A60226872B9D3F8042148
:10C64000002AFBD011E0D3F81424D107E8D5D3F8A1
:10C650001C249207E2D422681AB10222C3F80423F0
:10C6600010BDD3F80421002AFBD00022C3F8042116
:10C67000D3F80431F4E700BFB02A0020F8B54FF03A
:10C680008043194FD3F80443012504F01A0400260F
:10C6900004B9F8BDB4FA84F0C0F11F00830003F5BB
:10C6A00080739BB203F1804305FA00F2196824EA13
:10C6B00002040029ECD01E601B684FF08043012863
:10C6C000C3F808230CD1D3F81824D3F81824920700
:10C6D00006D10222C3F81805C3F804239860D7E7EF
:10C6E0003B68C0B29847D3E7B02A0020036803F044
:10C6F0001F025B09026004D0012B034818BF002011
:10C7000070474FF0A040704700030050034A4309B0
:10C7100000F01F00D35C1844C0B270474EAB01005C
:10C72000034611F0010030B5CCB213D1A207C4F317
:10C73000400020D5124AD2F8200558604FF08053AF
:10C74000C2F82005D3F83031082B15D0003818BFB7
:10C75000012010E04FF0A0414FF08055D1F8202586
:10C760001A60C1F82025D5F83051082D08BFD1F83E
:10C770002015002ADAD030BDD2F82035E6E700BF18
:10C7800000030050F7B504460846FFF7BFFF06B2A6
:10C7900004EB46060D46B38ADB072BD5204608F08E
:10C7A00041F82946204607F09BFF58B1204607F084
:10C7B000ADFF276800B207EB80030022C3F8102505
:10C7C000C3F810252946204607F0C9FF0021B18291
:10C7D00001A80195FFF78AFF019B00EB8300074B3F
:10C7E000D0F80027134043F00203C0F80037084692
:10C7F00003B0F0BD6FF01500FAE700BFF0F8FCFFE2
:10C80000014807F0AEBE00BF6806002010B504481E
:10C810000C4607F088FE0028A4BF2070002010BD41
:10C82000680600202DE9F04F804689B058F804AB27
:10C83000DAF80413C9B28346082241F00041504699
:10C8400007F0C8FF051E2BDA0023032106A8CDE957
:10C850000633FFF765FF644B01930DF118090023C0
:10C86000019A009312F8013B60490192DA0803F043
:10C8700007038A5C22FA03F3DA071AD4009B09F152
:10C880000409A3B14FF000410022504607F0A2FF77
:10C89000032106A8FFF744FF0028DCD125F000455E
:10C8A0000124002D40F08A8009B0BDE8F08F0123FB
:10C8B000D6E7009B4E4A13440293D9F80010002992
:10C8C000DCD0029B91FAA1F11C78B1FA81F141EA26
:10C8D00044142046FFF71AFF0BEB40000594878AAB
:10C8E000C808BB0819F80020039301F007010123D1
:10C8F00003FA01F122EA010209F8002005A8FFF776
:10C90000F5FE059A039B02F5E072C7F3820650F824
:10C9100022205B073746C2F3014233D5D6B24046E8
:10C920003A46214607F0FCFE05A80594FFF7DEFE17
:10C93000059B03F5E07350F82330C3F301439E4297
:10C9400007D10021204607F0BCFE3146204607F003
:10C95000B8FE05A80594FFF7C9FE059B012202FA5F
:10C9600003F3C0F820354FF08053D3F83031082B53
:10C9700001BFD0F82035D0F82035D0F82035D0F8D8
:10C9800020359AE7022A0DD10321204607F099FEAF
:10C9900006F00503012BDCD13A462146404607F05C
:10C9A000BFFED6E702212046039207F08AFE032E3F
:10C9B000F2D0039A032ACCD1022EECE795FAA5F324
:10C9C000B3FA83F304FA03F225EA020503F5A2722F
:10C9D0000BEB43035AF82220B3F87C10C2F3014258
:10C9E000404607F09DFE5CE75EAB01000871010068
:10C9F0005EAB0100044AD2F80034DB07FBD50160CE
:10CA0000BFF35F8F704700BF00E001404FF08053DD
:10CA10001A69B0FBF2F302FB13036BB9084B022255
:10CA2000C3F80425C3F80805D3F80024D207FBD5C2
:10CA30000020C3F8040570476FF00C00704700BF7A
:10CA400000E0014010B5054C0123C4F80435FFF7A0
:10CA5000D1FF0023C4F8043510BD00BF00E0014041
:10CA60004FF08053D3F83021082A06D1D3F834315F
:10CA7000052B04D8034AD05C704700207047012082
:10CA8000704700BF60AB0100036803F01F025B0941
:10CA9000026004D0012B034818BF002070474FF0FC
:10CAA000A04070470003005070B54B7F04460D4610
:10CAB0007BB101234361642600220221204608F055
:10CAC000B9F820B9012007F02CFD013EF4D1002374
:10CAD0006B77AB7F5B0720D54FF08052D2E94C23B8
:10CAE000082A1BD1052B19D80E4AD35CB3B14FF0DD
:10CAF000FF320023D4F80805D4F80C15C4F800352B
:10CB0000C4F80825C4F80C250922C4F80025C4F887
:10CB10000035C4F80805C4F80C1570BD0023C4F82E
:10CB20000035FAE766AB01000F4B984219D00DD8DB
:10CB30000E4B984215D007D80D4B984211D00D4B93
:10CB4000C31A5842584170470B4BF9E70B4B9842B8
:10CB500007D004D80A4B984203D00A4BF0E70A4B9F
:10CB6000EEE70120704700BF80841E0020A107006F
:10CB700048E8010090D0030040420F000024F40078
:10CB800000093D0000127A000048E80137B514465C
:10CB9000421C054618D0012902D1BBB108F088F823
:10CBA00001A80195FFF770FF019B0A4A00EB830083
:10CBB000A300D0F8005743EA41030B432A40134334
:10CBC00043F44073C0F8003703B030BD08F07DF87F
:10CBD000E6E700BFF0F8FCFF2DE9F84F91F82130AF
:10CBE00007460C46002B00F0968091F8228065697C
:10CBF000674B9D4200F0A88000F29880654B9D42F3
:10CC000000F0A58000F28A80634B9D4200F0A28074
:10CC1000624B9D420CBF4FF080654FF0804594F809
:10CC2000232097F8223062F3000387F82230227C19
:10CC3000DBB262F3410387F8223094F823600EBB25
:10CC4000237E2068012B94BF00230123012132465B
:10CC5000FFF79CFF606833463246FFF797FFA27EDE
:10CC6000A06833463146FFF791FF237CE06883F0EC
:10CC7000010332460121FFF789FFE0690B46324686
:10CC8000FFF784FF94F82130002B6CD04FF0FF3376
:10CC90007B6294F8211094F812E0207E627E0029D5
:10CCA0006BD0E668217C94F8249094F820C03B680F
:10CCB000B9F1000F12D1D4E900BAD4F80890E469B0
:10CCC000C3F808B5C3F80CA5C3F81095C3F86C45B4
:10CCD000C3F81465C3F86815C3F86485003A18BF33
:10CCE00001220228C3F8C0E5C3F8245548D0032820
:10CCF00049D0012801D142F00202C3F85425C3F8FB
:10CD000060C57B68002B41D03868BDE8F84F40F320
:10CD10000730F8F7C9BB4FF0020868E7204B9D4287
:10CD20000CBF4FF080554FF0804578E71D4B9D427A
:10CD300013D01D4B9D4213D01C4B9D420CBF4FF096
:10CD400000454FF080456AE74FF0005567E74FF028
:10CD5000006564E74FF0007561E74FF020655EE71E
:10CD60004FF0A0555BE7E3687B62227C97F82230A6
:10CD700062F3410387F822308BE74FF0FF3692E7EA
:10CD800042F00402B9E742F00602B6E7BDE8F88FC8
:10CD900080841E0020A1070048E8010090D0030015
:10CDA00040420F000024F4000048E80100127A001D
:10CDB000431C07B50ED0019001A8FFF765FE019B4B
:10CDC00000EB8300054BD0F80027134043F002032B
:10CDD000C0F8003703B05DF804FB00BFF0F8FCFFBB
:10CDE00038B50446006840F30730F8F76BFB63681A
:10CDF00043B121461A4A51F8043BC3F8082320687E
:10CE0000FFF752FE2368D3F80805D3F80C15D3F8C2
:10CE1000105594F82230DB0714D4FFF7C9FF2846D9
:10CE2000FFF7C6FF0846FFF7C3FF606AFFF7C0FFC2
:10CE30002368D3F86C05D3F81415FFF7B9FF08463B
:10CE4000FFF7B6FFFFF70CFE28B1064A23689342AE
:10CE500004BF01225A60002384F8203038BD00BF8F
:10CE60005201080000F00240F0B590F8213085B082
:10CE700005460E461746002B40F0CC8043682BB188
:10CE800012F0140F04BF012380F8213096E80F0040
:10CE900005F1100484E80F00686A441C05D095F879
:10CEA0002230990717D507F003FF31682C6821B1AC
:10CEB00001F06043B3F1005F06D1B36873B103F0D2
:10CEC0006043B3F1005F09D0002385F821306FF093
:10CED0000C0005B0F0BD07F0F8FEE6E7FFF7C0FD77
:10CEE00038B34E4B9C4224D14FF080437268D3F844
:10CEF000000E4B4B1860E2B14A4821F4FF5323F077
:10CF00001F03834274D85018DFF81CC1C3F34F319C
:10CF100001228A40002103F50053984241EA0201B0
:10CF20004FEA420201D96345F5D34FF08043C3F87D
:10CF3000001E17F0010318BF0123C4F8503517F085
:10CF4000020318BF0123C4F8403596E80F00EC46F1
:10CF50008CE80F00039BC4F84405C4F84815C4F8D6
:10CF60003425C4F838350023C4F8183117F01C0FE5
:10CF7000D4F818313FD1D4F80035073B18BF01234E
:10CF800095F8222017F0080663F382024FF007039A
:10CF900085F82220C4F800350CD16A68012323618A
:10CFA00042B9D4F81831002BFBD06246402120460C
:10CFB00007F040FE6B681BBBFFF752FD40B1174BFB
:10CFC0009C4201BF164B1A684FF08043C3F8002EF5
:10CFD000686A421C05D095F822309B070DD507F0F2
:10CFE00074FE1EB9291D2046FFF75EFD002070E784
:10CFF0004FF4807199E70123C2E707F059FEF0E78B
:10D0000017F0040F4FF0400314BFC4F80833C4F8FE
:10D010000433EBE76FF00F005BE700BF00F0024066
:10D02000B82A0020FFFF00200020012070B5024632
:10D03000044652F8105B4021284607F0FBFD38B348
:10D04000FFF70EFD40B1134B9D4201BF124B1A6812
:10D050004FF08043C3F8002E606A421C05D094F85C
:10D0600022309B0711D507F030FE94F821301BB118
:10D07000211D2846FFF718FD2046002300F80C3F2D
:10D08000D4E90131BDE87040184707F011FEECE724
:10D0900070BD00BF00F00240B82A002008B5124B56
:10D0A000A8220021184608F0B3FE032203460261BD
:10D0B00042610E480E4A98614FF48051DA610022B5
:10D0C00019629A625A62DA6218660A485866996664
:10D0D00009491A67DA665A6711F8010D9854013246
:10D0E000102AF9D108BD00BFC00800206CAB0100B8
:10D0F0006C5000206C40002085AB01002DE9F84FFA
:10D10000DFF8808098F80030532B82468946164617
:10D1100001D0FFF7C3FF182707FB0A873D6FD7F839
:10D120006CB05D452BD9BC6E796E641BB44228BFD0
:10D13000344629444846224608F042FEBB6E254448
:10D14000A144361BAB4208BF0025ABEB050B5E4587
:10D1500028BF5E4656B1182303FB0A833246596E38
:10D160004846294408F02CFE3444354424B11823A1
:10D1700003FB0A88C8F870502046BDE8F88F0024E9
:10D18000E3E700BFC00800202DE9F84FDFF87C80FE
:10D19000182606FB008E00FB06664644DEF8244097
:10D1A000DEF828C07368A44507468946154603EB98
:10D1B000040022D8DEF820B0ABEB040A0AF1FF33FA
:10D1C0009A4203D808F0FCFD2C440FE063449A42D5
:10D1D00019D852462C4408F0F3FDB4EB0B0405D0EB
:10D1E0007068224609EB0A0108F0EAFD182303FBE8
:10D1F000078301205C62BDE8F88F0CF1FF3CACEBCB
:10D20000040C9445DED20020F5E700BFC0080020E2
:10D21000F8B5144B182700FB07751D4407FB0033B6
:10D220000E46DB6A012B14460AD0022B14D023B918
:10D23000284607F077FD844208D900242046F8BD2F
:10D24000284607F06FFD844228BF04462246314637
:10D25000284607F070FDF1E72846BDE8F84007F0E2
:10D2600085BD00BFC0080020F8B50B4B1B78532BC1
:10D2700004460E46174601D0FFF710FF07F0B7FD32
:10D280003A46054631462046FFF7C2FF0446284687
:10D2900007F0B5FD2046F8BDC0080020034B18225A
:10D2A00002FB0033D86E1B6FC01A7047C008002005
:10D2B000034B182202FB00339A6A586A801A70479F
:10D2C000C00800202DE9F843144C1F462378532B47
:10D2D00005468946904601D0FFF7E0FE022D1AD898
:10D2E00007F085FD6DB1182605FB0663E21844F8CA
:10D2F0000390C2F8048006FB054200231762936284
:10D300005362182303FB0544089BE36207F077FD93
:10D310000020BDE8F8834FF0FF30FAE7C008002096
:10D3200010B4084A08490023C85C12F8014D844231
:10D3300004D10133102BF7D110BC704710BCFFF79C
:10D34000ADBE00BF85AB0100C0080020B0B50446EB
:10D3500000AFF5F7E1F80B4803685B070FD06D46A7
:10D3600088B06A46084B5361084B9361032342F827
:10D37000103F00234FF4C251F5F760FAAD46204646
:10D3800007F069FD7807002086AB010074AC01004E
:10D390002DE9F047044600AF0D46EFF31189202335
:10D3A00083F31288BFF36F8FDFF8EC803B4AD8F825
:10D3B0000030966859076BD0042898BF384B117C11
:10D3C00094BF53F82030374BEA468CB06A46364853
:10D3D0005061C2E90831354840F202431385344BAD
:10D3E000C2E9060442F8103F2B4800234FF4515184
:10D3F000F5F724FAD546C5B1EB69D8F80020C3F398
:10D40000080393B152072CD0EA4688B06A46294BEC
:10D410005361264B9361032342F8103F1E480023BB
:10D420004FF4C251F5F70AFAD546D8F800305B0739
:10D4300017D026BB2048E8468AB06A461F4B536186
:10D440001A4B1062C2E9063640F2024393841C4B29
:10D4500042F8103F104800234FF43151F5F7EEF930
:10D46000C54629462046FFF771FF89F31188BFF3AF
:10D470006F8F3046F7F7BEFFBD46BDE8F0873046F8
:10D4800007F095FE0028D5D00378002BD2D0D2E744
:10D49000002DB1D1E5E700BF78070020BC2A0020AD
:10D4A0000C71010099AB0100AFAB010066AC01004B
:10D4B00006000001DBAB0100A7AB010000AC0100DE
:10D4C0000500000138B50A4B53F82040013053F8ED
:10D4D0002050A54200D838BD606830B1037EDB071C
:10D4E00001D407F095FC0834F3E723689847FAE77E
:10D4F0002071010070B52A4B2A4C2B4D012286B0B9
:10D5000003201A70FFF7DEFF08F095F90420FFF7FB
:10D51000D9FF2646AE4204F1300410D301F010F8D2
:10D52000204C224EAC4226D301F01EF8F3F73EFC0D
:10D530001F4A137B23F00103137306B070BD54F828
:10D540000C3C059354F8103C049354F8143C03939A
:10D5500054F8183C029354F81C3C019354F8203CB6
:10D56000009354E90A2354E90C0100F011FD54F82A
:10D57000303C5E65CDE7D4E90A23B3F1FF3F08BF35
:10D58000B2F1FF3F05D052EA0301206803D101F058
:10D59000A7F83034C6E73146183001F091FAF8E7C1
:10D5A0006C600020B8630100E8630100CF52010005
:10D5B000001E002070B5174E174D184986B0C823BD
:10D5C00003FB0066164B059301220F23CDE90332BE
:10D5D0000023CDE90133142303FB005504464FF427
:10D5E000046000FB04110F4B00954FF400623046BD
:10D5F00000F0CEFC737B0C4AEE6023F004037373DF
:10D600004FF4825304FB033313442C746B6006B055
:10D6100070BD00BF381D0020BC2A0020809900206A
:10D620008EAC0100274F010040890020BFB50020CB
:10D63000FFF748FF294B83F30888294C294F63697A
:10D6400043F4007363610025E02384F82230E5771A
:10D6500025766576A57684F82050636A43F4E02346
:10D66000636284F82350F7F739FEF7F7DBFF4FF0DA
:10D67000FF33A362E362F8F7E1F8F7F7F7FFF4F797
:10D6800089FE1948194C00F02FFD0120FFF71AFF01
:10D690000220FFF717FF00F09BFF154B15495C6157
:10D6A000154B05930123CDE903534FF480523B46BC
:10D6B000CDE901550095204600F06AFC627B0646E4
:10D6C00022F004022046627307F0BEFD2846FFF7F1
:10D6D00071FF3A4631462046F7F784FF80990020D3
:10D6E00000ED00E0F5D40000C81E0020001E002060
:10D6F000BC2A0020C0A1002093AC010038B5064C24
:10D70000064D0020AC4200D338BD204607F0ABFBED
:10D710000028F9DB1C34F5E79C0700209C0700205B
:10D7200073B50C46EFF31181202585F31288BFF302
:10D730006F8FC5685DB125602B68C3608369013355
:10D740008361002081F31188BFF36F8F11E052EAEB
:10D75000030603D125606FF00B00F3E7CDE900234A
:10D760000246083000F014FE18B9034B9B681B6991
:10D77000236002B070BD00BFBC2A00202DE9F34138
:10D7800004460E469DF8200004F10808EFF31187C7
:10D79000202181F31288BFF36F8F256AE1688D42E3
:10D7A00046D22568AC4218D0BDB1284607F0C6FB6A
:10D7B00005F1180007F03EFEA2682869314608F01E
:10D7C000FFFA0023C5F8C030284607F03DFD40466B
:10D7D000394600F071FE002037E0A268D8B1E06958
:10D7E000314608F0EDFAE369A26813446269E36127
:10D7F000934201D12369E361236A0133236210213B
:10D8000004F1240007F05CFF0028E0D187F31188C1
:10D81000BFF36F8F19E0A1692369994204BF63695F
:10D82000A361A069801AA061314608F0C9FAE3E754
:10D8300052EA03010CD00849896840460E61CDE9DF
:10D8400000233946224600F0A3FD02B0BDE8F08176
:10D850006FF02200DAE700BFBC2A0020F7B50446CB
:10D8600004F108070846EFF31186202181F312889E
:10D87000BFF36F8F216A00293AD0A268A16908F02E
:10D880009FFAA369A268256813446269A361934261
:10D8900004BF2369A361236AAC4203F1FF3323620F
:10D8A00034D02846002D32D007F048FB05F118008F
:10D8B00007F0C0FDA2682969E06908F081FAE36910
:10D8C000A26813446269E361934204BF2369E36180
:10D8D000236A0133236200242846C5F8C04007F0BC
:10D8E000B3FC3846314600F0E7FD204603B0F0BDFA
:10D8F00052EA030110D00A4989680861CDE9002382
:10D9000031462246384600F043FDEFE7002086F31B
:10D910001188BFF36F8FE9E76FF02200F7E700BFD0
:10D92000BC2A00202DE9F341044617461E46EFF3BA
:10D930001188202383F31288BFF36F8FC368334AA3
:10D940007BB180689168884219D057EA060318D1E4
:10D9500088F31188BFF36F8F6FF00F0002B0BDE83E
:10D96000F081916891F90E1021610133E3609368B1
:10D97000A36088F31188BFF36F8F0020EEE7216961
:10D98000F2E791F90E1090F90E309942A8BF1946AE
:10D990006FF07E029142B8BF11468B422DDD07F039
:10D9A00024FB0546CDE9007619482246414600F0A1
:10D9B000EFFC0028E1D0EFF31186202383F31288D7
:10D9C000BFF36F8FA068D0B1236821699C420AD051
:10D9D0004BB193F90E309942A8BF19466FF07E0300
:10D9E0009942B8BF194607F000FB40B108483146DC
:10D9F00000F062FD6FF00A00B0E70025D2E7002DCD
:10DA0000F4D186F31188BFF36F8FF3E7BC2A0020AF
:10DA10006D600020F8B583680546002B40D0234A8E
:10DA2000926893423FD1C368012B03D9013BC36085
:10DA30000020F8BDEFF31187202383F31288BFF392
:10DA40006F8F0169806807F0D0FA2C68AC4207D16B
:10DA50000023C5E9023387F31188BFF36F8FE7E72F
:10DA6000002CF5D0D4E9003213605A60637B0026A5
:10DA700023F002036373C4E90066A66004F1180092
:10DA800007F0D8FCAC6094F90E302B612046C4F846
:10DA9000C06007F0D9FB0648394600F00DFDC7E726
:10DAA0006FF01500C5E74FF0FF30C2E7BC2A002039
:10DAB0006D60002070B5EFF31186202383F3128888
:10DAC000BFF36F8F0468A0421BD0D4B1D4E90032F9
:10DAD00013605A60637B002523F00203C4E90055FC
:10DAE0006373A56004F1180007F0A4FCC4F8C050EB
:10DAF000204607F0A9FB31460A48BDE8704000F017
:10DB0000DBBCD0E902329A4218BF013383600221A4
:10DB1000103007F0D5FD0028EDD186F31188BFF352
:10DB20006F8F70BD6D60002013B5EFF3118120245D
:10DB300084F31288BFF36F8F846844B1013C846022
:10DB400081F31188BFF36F8F002002B010BD52EA3D
:10DB5000030406D181F31188BFF36F8F6FF00F00BC
:10DB6000F3E7CDE900230246014800F011FCECE7A1
:10DB70006D6000202DE9F8430546EFF3118820235E
:10DB800083F31288BFF36F8F002637466FF00A09C0
:10DB90002C68A54216D0ACB1D4E9003213605A60AB
:10DBA000637BA76023F002036373C4E9007704F189
:10DBB000180007F03FFCC4F8C090204607F044FB73
:10DBC0000126E5E70023AB60022105F1100007F014
:10DBD00077FD30B92EB988F31188BFF36F8FBDE898
:10DBE000F88341460248BDE8F84300F065BC00BF39
:10DBF0006D6000202DE9FF414F4E04462027EFF3D2
:10DC0000118887F31288BFF36F8FD4F8CC50F5B921
:10DC1000022104F1E40007F007FA002868D004F1BB
:10DC2000DC0500220121284607F0A8FB0028F8D1D6
:10DC3000002302934FF0FF324FF0FF33CDE9002372
:10DC4000414604F1D4023D4800F016FED7E7D4F86F
:10DC5000D0202B68C4F8CC30954208BFC4F8D0302F
:10DC6000D4F8E43043F00203C4F8E430EB6823F066
:10DC7000040343F00103EB606B6888F31188BFF382
:10DC80006F8F28469847EFF3118887F31288BFF308
:10DC90006F8FEB68D80623F0010236D4EA60EB6898
:10DCA0009A0716D5306823F00203EB6088B1036849
:10DCB000002170B14268954235D1036869BB726832
:10DCC0003360824200D17360002340F8083BFFF7C5
:10DCD000F1FED4F8E43023F00203C4F8E43088F312
:10DCE0001188BFF36F8FDB0589D400F079FC86E7DC
:10DCF000D4F8E430D9069BD5C4F8E40088F3118841
:10DD0000BFF36F8F04B0BDE8F08123F01103EB6027
:10DD100005F11000FFF7CEFEC1E70B607368834288
:10DD200008BF7160D0E723B11A6801461846134650
:10DD3000BFE71A46F9E700BFE02A00206D60002027
:10DD4000F8B5C3689A0704460F46C3F340062ED4BD
:10DD50005B071CD40B680BB983680B60E368DD07B5
:10DD600044BFA3683B603D684CBF02260126002DDE
:10DD70003CD0204B9A68D5F8C8309A420AD0D5F8E2
:10DD8000E430D807C3F3800214D46FF012060023E6
:10DD90003B6025E007F005FAD5F8E4300028F0D123
:10DDA000D907C3F3C002F0D552B15B0708D46FF0B6
:10DDB0000F06ECE7002AFAD1C3F3C003002BF6D11B
:10DDC00000232360D5F8D03063B9C5E93344284631
:10DDD00007F044F9E36843F00403E3603B68A360A1
:10DDE0003046F8BD1C60C5F8D040F0E76FF015066E
:10DDF000CDE700BFBC2A00200146014807F0A2B9C8
:10DE0000B01F0020F0B589B004460020C4E93300FB
:10DE10000E9D04F1D400C4E9350004F1DC00C4E92E
:10DE2000370055B32879002840F2011008BF0120BF
:10DE3000C4F8E40000204FF0FF364FF0FF37CDE983
:10DE40000330CDE90100CDE906670D4B0094204673
:10DE500000F01EF955B1296811B1204600F046F8CE
:10DE60006B791BB1237B43F001032373204600F041
:10DE700037FCC4F8C84009B0F0BD0120D8E700BFA6
:10DE8000F5DB0000F7B50C46019016461D46EFF392
:10DE90001187202383F31288BFF36F8F084607F0A2
:10DEA000CEF855EA060309D101A92046FFF748FF3D
:10DEB00087F31188BFF36F8F03B0F0BDE3680749A4
:10DEC00043F00803E360019BA36232462B4604F152
:10DED000100000F0F5FD0120EAE700BFD15001007D
:10DEE00001460148FFF7CEBFB01F002010B5044621
:10DEF00008B9054B9C681F2204F1880007F0EFFC6D
:10DF0000002084F8A70010BDBC2A00202DE9F84F9E
:10DF10000C46A1B39AB390F80D90DFF86880571EB5
:10DF20000846B9F1000F25D0DFF85CA00025B8F84D
:10DF300004B019EA0B0F19D0B8F80630D8F8001061
:10DF40007E1B9E4228BF1E46324607F039FF2E44F4
:10DF500039EA0B0904EB06000CD0BD1B012D28BFCC
:10DF600001252A46514607F02BFF354408F10808E1
:10DF70006019DCE7002303702046BDE8F88F0348F2
:10DF8000FBE700BF387101009BAC0100C07B0100C2
:10DF90002DE9F04FD51D85B025F0070504461F4635
:10DFA0007F3500F15803C0E9163325F03F05129B79
:10DFB000237300200E46119BDDF838B0DDF84C804D
:10DFC000A06004213F2DC4E906006173A373E073D0
:10DFD00006F1400AA5F1400905D880F31188BFF386
:10DFE0006F8F084602DF4A463544AA21504607F0A3
:10DFF0000FFF29462046F6F73BFD0730109B20F027
:10E000000700C4E92AA9C4F8B00002930F9B2D1A97
:10E01000CDE900B32A463B4631462046F7F7AEFA33
:10E020000F9BE3674FF00009109BC4F85490C4E9BC
:10E030001D7B84F87090C4F88030EFF311822021AA
:10E0400081F31288BFF36F8F104E316AC4F88410C9
:10E05000346282F31188BFF36F8FB8F1000F11D0D3
:10E060001F22414604F1880007F039FC84F8A7908C
:10E07000B3680BB1D3F8B430C4F8B430284605B057
:10E08000BDE8F08F84F88880F2E700BFBC2A00204A
:10E09000F0B587B000250595109D04950F9D03955B
:10E0A0000E9D0295DDE912760D9D01950C9D009562
:10E0B0000446FFF76DFFB6F1FF3F08BFB7F1FF3F22
:10E0C00005D056EA070305D1204600F009FB20469B
:10E0D00007B0F0BD3A46334604F11800014900F09C
:10E0E000EFFCF4E7CF52010040F2011310B5838139
:10E0F0000023C0E92A33044600F094FF014B9C60E2
:10E1000010BD00BFBC2A00200A4A93686FF00A01C4
:10E11000C3F8C0100849C3F8BC004B6843F08053F3
:10E120004B60002383F31188BFF36F8F9368D3F89C
:10E13000C0007047BC2A002000ED00E070B590F9E7
:10E140000D20437B002A36DBD90634D11B4C63F00B
:10E150007F032246437352F8183FE169934207D187
:10E16000C0E900210860E06111E09942F8D01B6825
:10E17000002BF5D090F90E5093F90E60B542F4D013
:10E18000AE42F2DD5968C0E9003108605860A56907
:10E19000954200D005B9E568A3685A7BD20604D140
:10E1A000DA897F2A01D9AA6932B1AB4202D0284666
:10E1B00000F0A4FB656170BD6361FCE7BC2A002030
:10E1C00038B590F90D20437B002A014604DA03F0AC
:10E1D0007F03437306F0FEFF0D4D2A46AB6852F8ED
:10E1E000184F944200D004B9EC688B4207D05A7B98
:10E1F000D20604D1DA897F2A01D9A2692AB1A342C1
:10E2000002D0204600F07AFB23466B6138BD00BF88
:10E21000BC2A0020B3F1FF3F08BFB2F1FF3F03D09B
:10E220000249183000F04CBC704700BFCF520100CB
:10E2300038B5194CA168E0690B68814214BF1A46D1
:10E24000002249680B605960A368E1692AB9134A42
:10E25000C3E900210B60E3610CE093F90E0092F931
:10E260000E50A84214D0854212DD5168C3E9002146
:10E270000B605360A569094B9D4200D005B9E56864
:10E28000A3689D4202D0284600F038FB656138BD86
:10E290009142DCD01268D9E7BC2A0020D42A0020A1
:10E2A000F8B5394CA2688242074624D1EFF30583C2
:10E2B0000BBBEFF31186202383F31288BFF36F8F1C
:10E2C000537B03F07F0343F01003537306F082FF88
:10E2D000234653F8185F9D4200D005B9E568A3684E
:10E2E0009D4202D0284600F009FB65613046BDE83A
:10E2F000F840FFF709BFEFF31185202383F312885D
:10E30000BFF36F8F7B7BD90604D585F31188BFF3EC
:10E310006F8FF8BDD90943F0100219D17A73A6693D
:10E320001A4B9E4200D006B9E668A368B34202D0F9
:10E33000304600F0E3FAA36866619F42E5D1EFF34F
:10E340000583002BE1D13A7BD2070AD42846CEE7D9
:10E3500003F07F0343F010037B73384606F03AFF67
:10E36000DDE785F31188BFF36F8F83F31188BFF367
:10E370006F8F0423184602DFEFF31180202383F30D
:10E380001288BFF36F8FB2E7BC2A0020D42A002086
:10E39000F8B50E4B0C4611460D4A98681060DDE941
:10E3A0000667EFF31182202282F31288BFF36F8F8A
:10E3B0009D68284606F020FF284632463B46FFF778
:10E3C00029FF2046BDE8F840FFF79EBEBC2A00208A
:10E3D000E82A0020F8B50446EFF31187202383F3E1
:10E3E0001288BFF36F8F437B03F01F02002A0CBF1C
:10E3F0000126002649B239D103F07F03437306F0AA
:10E40000E9FE2C4D437B817363F07F032A464373FF
:10E4100052F8183F934227D1E869C4E9002004600C
:10E42000EC610FE09842F8D01B68002BF5D093F90F
:10E430000EC06145F6D08C45F4DD5968C4E9003161
:10E440000C605C60AC69944200D004B9EC68AB68C5
:10E450009C4202D0204600F051FA6C6187F311888B
:10E46000BFF36F8F3046F8BDE869DEE79B071ED526
:10E47000856806F0AFFE81732B689D4209D16B68F9
:10E48000C4E900531C606C60E8E76A689342F6D008
:10E490001B68002BF3D093F90E209142F5D08A42ED
:10E4A000F3DD5A68C4E9003214605C60D6E781731A
:10E4B000D4E700BFBC2A002049B9EFF3058030B98A
:10E4C000054B5A699B689A4201D0FFF71DBE81F344
:10E4D0001188BFF36F8F7047BC2A002010B5EFF38F
:10E4E0001184202282F31288BFF36F8F427BD10602
:10E4F00004D484F31188BFF36F8F10BD22F0100293
:10E500004273FFF71BFE21460248BDE81040FFF7AB
:10E51000D3BF00BF6D600020034648B9EFF305820A
:10E5200032B9064A51699268914201D0FFF7ECBDB9
:10E5300083F31188BFF36F8F704700BFBC2A0020A0
:10E54000EFF31181202383F31288BFF36F8F054B04
:10E550009A68D37B013BD37381F31188BFF36F8F2C
:10E56000704700BFBC2A002070B5EFF3118620234E
:10E5700083F31288BFF36F8F144DAB68DA7B0132DF
:10E58000DA732A4652F8184F944200D004B9EC6866
:10E590005A7BD20604D1DA897F2A01D9A2692AB12D
:10E5A000A34202D0204600F0A9F923466B6186F30E
:10E5B0001188BFF36F8FEFF31180202383F312884C
:10E5C000BFF36F8FBDE87040FFF7A6BFBC2A0020E5
:10E5D000024B03F11802C3E906227047BC2A00204F
:10E5E00070B5EFF31186202383F31288BFF36F8F8A
:10E5F0001B4CA168E0690B68814214BF1A460022D7
:10E6000049680B605960A368E1692AB9154AC3E9F2
:10E6100000210B60E3610CE093F90E0092F90E50BB
:10E62000A84218D0854216DD5168C3E900210B606D
:10E630005360A5690B4B9D4200D005B9E568A368FE
:10E640009D4202D0284600F059F965613046BDE888
:10E650007040FFF759BD8A42D8D01268D5E700BF95
:10E66000BC2A0020D42A0020F8B550EA010306464F
:10E670000C4603D1FFF7B4FF0020F8BDEFF311877C
:10E68000202383F31288BFF36F8F124D124BA868BB
:10E690001860FFF795FDA8681049234632461830E8
:10E6A00000F00EFAAA68537B43F004035373044648
:10E6B0003846FFF729FDAB68D3E90A23B3F1004FD1
:10E6C00008BF002AD8D106F0DDFE201A20EAE0704B
:10E6D000D3E700BFBC2A0020E82A0020CF52010067
:10E6E00038B50446EFF31185202383F31288BFF376
:10E6F0006F8F437B5B070FD5183006F09BFE637B63
:10E7000023F0040320466373FFF718FD29460548EC
:10E71000BDE83840FFF7D0BE85F31188BFF36F8F97
:10E7200038BD00BF6D600020014B9868704700BF86
:10E73000BC2A00202DE9F8430446077BEFF311853E
:10E74000202383F31288BFF36F8F437B190705D50E
:10E7500085F31188BFF36F8FBDE8F883D90943F0C3
:10E76000080260D14273A36813B1204606F03AFD57
:10E7700004F1180006F05EFEA66D04F15808B045DD
:10E7800011D04FF0000976B1304606F02BFD06F1AE
:10E79000180006F04FFEC6F8C0903046FFF7CEFCDA
:10E7A000A66DB045EFD1DFF8C480D8F808309C42A0
:10E7B00041D1EFF30589B9F1000918BF4FF0010904
:10E7C000D8F818602A4A964200D00EB9D8F80C60E2
:10E7D000B34202D0304600F091F82046C8F81460E9
:10E7E00004F02DFD204600F0DBF8B9F1000F02D057
:10E7F0002048FFF779FCD8F808309C4231D1EFF37C
:10E80000058373BB227BD20718D42846FFF77CFC14
:10E81000FB07A1D5002383F31188BFF36F8F042377
:10E82000184602DF98E703F07F0343F008034373C1
:10E8300006F0D0FC97E74FF00009C1E785F3118897
:10E84000BFF36F8F83F31188BFF36F8F04231846D4
:10E8500002DFEFF31180202383F31288BFF36F8F61
:10E86000D4E785F31188BFF36F8FD1E7BC2A00206E
:10E87000D42A0020C81E0020D3B5DDE90667089C15
:10E88000CDE90067FFF784FD1CB1034B9B681B6952
:10E89000236002B0D0BD00BFBC2A0020427B12F032
:10E8A0001F02034610D10A4988420DD00949086861
:10E8B00068B1D9897F2909D893F90E20064B1B68C6
:10E8C0009A42B8BF0020704700207047104670473A
:10E8D000381D00206C060020EC2A0020044BC01AD2
:10E8E000044BC0105843044B01221A54704700BF18
:10E8F000901F0020ABAAAAAA6D60002070B50D4B36
:10E900000D4D1E7CFFF7CAFF06EB460305EBC30562
:10E910000446284606F08EFD084B00229A553CB16D
:10E92000621E28460649BDE87040D31700F0C8B8FB
:10E9300070BD00BFBC2A0020901F00206D60002029
:10E94000DDE8000038B5EFF31185202383F312884A
:10E95000BFF36F8F0F4B104A9C681068A04206D11E
:10E96000FFF7CCFF85F31188BFF36F8F38BD00210F
:10E970001B7C1160094AD35C002BF3D02046FFF7C3
:10E980008DFF0028EED0637BDB0601D1FFF750FC42
:10E990002046E5E7BC2A0020E82A00206D60002020
:10E9A000EFF31181202383F31288BFF36F8F0C4A9A
:10E9B000136A834208D1D3F88430136281F311883B
:10E9C000BFF36F8F70471346002BF7D0D3F8842026
:10E9D0008242F8D1D0F88420C3F88420EEE700BF4B
:10E9E000BC2A0020F8B505460E46EFF31187202318
:10E9F00083F31288BFF36F8F064B1C6A24B987F329
:10EA00001188BFF36F8FF8BD20463146A847D4F870
:10EA10008440F3E7BC2A0020F8B506460F46EFF322
:10EA20001183202282F31288BFF36F8F0C490C6A86
:10EA3000154624B983F31188BFF36F8FF8BD83F3B4
:10EA40001188BFF36F8F39462046B047EFF311832B
:10EA500085F31288BFF36F8FD4F88440E9E700BFD5
:10EA6000BC2A0020024B1868984208BF002070475B
:10EA700070060020034B1B680BB9F8F78DBD002012
:10EA8000704700BFF02A002030B570B10B4B5B68B7
:10EA900098420AD0036843B1D3E90421D0E9044580
:10EAA000121941EB0501C3E90421D0E900321360DA
:10EAB0005A600023C0E9003330BD00BF700600205B
:10EAC000B3F1FF3F08BFB2F1FF3F2DE9F84F044615
:10EAD000994615461F467AD08160EFF311882023AE
:10EAE00083F31288BFF36F8FB9F1000FDFF8E4A052
:10EAF00020DBFFF7BFFFDAE90027013549F1000904
:10EB00002D1849EBE073C4E90453AD18064643EBF6
:10EB100007074FF00109FFF7A5FFDFF8BCE0DEF8BB
:10EB200004A00346EBB9C4E900EACAF80040CEF8F5
:10EB3000044028E0DAE900126FF001035B1A4FF09D
:10EB4000FF3161EB02025B1B62EB0902012B72F1E8
:10EB50000001BCBF01230022C0E904324FF00009CC
:10EB6000D9E7D3E9041CD4E904208A4270EB0C0BEA
:10EB700024DA891A5A686CEB0000C3E90410C4E96E
:10EB8000003214605C60FFF76DFF84420ED1134BBE
:10EB90001B685BB9B9F1000F02D1FFF76BFF0646A6
:10EBA000304606F030FC0021F8F7C8FC88F31188E5
:10EBB000BFF36F8F28463946BDE8F88F521A60EBD5
:10EBC0000C009A45C4E90420ADD01B68AAE70025D3
:10EBD0002F46EFE7A81F002070060020F02A002033
:10EBE0002DE9F047EFF31185202383F31288BFF35B
:10EBF0006F8FDFF8A490DFF8A480C9F80000FFF75A
:10EC000031FF00260027D9F80030D8E900ECD917E9
:10EC100050B1D0E90442A34271EB020A1CDAE41AB3
:10EC200062EB0102C0E9044213EB0E034FF0000453
:10EC30004CEB01012046C8E90031C9F8004006F05C
:10EC4000E2FB2146F8F77AFC85F31188BFF36F8F5A
:10EC5000BDE8F047FFF776BE14EB0E024CEBE47311
:10EC6000C0E90467C8E90023FFF70EFF85F31188A8
:10EC7000BFF36F8F83689847EFF31185202383F3E9
:10EC80001288BFF36F8FD9F800301B1BC9F8003012
:10EC9000FFF7E8FEB7E700BFF02A0020A81F00201A
:10ECA00010B5EFF31184202383F31288BFF36F8F25
:10ECB000FFF7E0FE054A0346D2E90001181841EBD0
:10ECC000E37184F31188BFF36F8F10BDA81F00207C
:10ECD000F8B50646EFF31187202383F31288BFF3BC
:10ECE0006F8F026822B187F31188BFF36F8FF8BD71
:10ECF000D0E90A54691C44F10003022973F10003AE
:10ED000034D3013D44F1FF34002CBCBF15462C46E2
:10ED100006F0BCFB013041F10001401944EB010158
:10ED2000012871F100014ADB06F0B0FB013041F12E
:10ED300000016FF00203401944EB010183426FF0C0
:10ED400000438B4140DB06F0A1FB013041F10001A3
:10ED50006FF00102401944EB01044FF0FF33121A27
:10ED600063EB04031A493046FFF7AAFE336B013305
:10ED70003363336A6BB187F31188BFF36F8F336AE4
:10ED800030469847EFF31187202383F31288BFF3AF
:10ED90006F8F334653F8184F9C42A4D0002CA2D05A
:10EDA000204606F060FA0023C4F8C03087F31188CB
:10EDB000BFF36F8F2046BDE8F84006F045BA6FF00C
:10EDC00001024FF0FF33CDE700224FF00043C9E7C7
:10EDD000D1EC00002DE9F04105461C4690461F4647
:10EDE000EFF31186202383F31288BFF36F8FB4F102
:10EDF000FF3F08BFB2F1FF3F05D186F31188BFF393
:10EE00006F8FBDE8F081002C09DB012A74F100034B
:10EE1000BCBF0122002412F1FF3844F1FF3728461D
:10EE200006F008FBDDE906010023C5E90A012B63B2
:10EE300042463B4628460249FFF742FEDDE700BF57
:10EE4000D1EC0000F0B51423154E03FB01000024A3
:10EE5000202701B9F0BD10F8073C40F80C4C03F036
:10EE60003F03102BA0F1140C0CD826FA03F3DB0798
:10EE700008D550F8143C2BB150F8105C2B605D6045
:10EE800040E9054482F31188BFF36F8FEFF31182DD
:10EE900087F31288BFF36F8F01396046D9E700BF4F
:10EEA000160101002DE9F74F1D46274B9F680123EE
:10EEB00087F8603087F8613052EA050316460CBFC8
:10EEC0000123002307F16002804606F033FB8146F0
:10EED000EFF3118B4FF0200A8AF31288BFF36F8F84
:10EEE00097F860404CB901465A464046FFF7AAFFE2
:10EEF0008BF31188BFF36F8F0BE0002387F860302E
:10EF000056EA050309D18BF31188BFF36F8F6FF0B9
:10EF10000A04204603B0BDE8F08FCDE900650B4A36
:10EF20000B485946FFF734FA0446EFF311858AF38C
:10EF30001288BFF36F8F2A4649464046FFF782FF8B
:10EF400085F31188D6E700BFBC2A00207806002090
:10EF50006E60002038B50346EFF31185202282F35E
:10EF60001288BFF36F8FC160012181600068834206
:10EF700006D185F31188BFF36F8F0024204638BD7A
:10EF8000D0E9003213605A600023C0E9003306F074
:10EF900054FB294604460248FFF78EFAEEE700BF0D
:10EFA0006E6000202DE9F04385B04FF00009054662
:10EFB000CDF8049000F10C07EFF31188202383F3C0
:10EFC0001288BFF36F8F8368594003EA02060A4034
:10EFD00053400E4901AACDE9023906F0F2F9019C2D
:10EFE0003CB1C4F8C09020460021646E06F04CF994
:10EFF000F6E7DDE9023223EA02033846AB60414618
:10F00000FFF75AFA304605B0BDE8F0839F5701007C
:10F010000246024B0248002106F0EEBB8F150100AC
:10F020009C070020014BC0F8B43070479C070020BB
:10F0300038B5064C064DAC4201D3002038BDD4E9AA
:10F040000112204606F0F8FB1434F4E79C07002078
:10F05000B007002007B5074B0093074907484FF05A
:10F06000FF334FF48052FEF7CDFE002003B05DF871
:10F0700004FB00BF7871010000B20020B01F002027
:10F0800010B50A4C23681BB101232360002010BD7A
:10F0900000F0EAF80028F7D00138062803D8044B1E
:10F0A00053F8200010BD034810BD00BFF42A002013
:10F0B00084710100FE8FFFFFBFF34F8F0549064BA0
:10F0C000CA6802F4E0621343CB60BFF34F8F00BF06
:10F0D000FDE700BF00ED00E00400FA0510B4094BA5
:10F0E00009490A4C4FF0FE32C3F800244968C3F8BE
:10F0F0000424C3F80824C3F80C240023C4F8003502
:10F1000010BC084700B002508006002000A002504A
:10F11000D0E90012014BC3E90012704780060020BD
:10F1200010B5044650B1636813F0685F05D0064A15
:10F13000934202D000232360626010BD034B044859
:10F140005B689847EFE700BF2C5F5CA98006002052
:10F15000A0710100C8B143680D4A934213D013F067
:10F16000685F0ED0012350E8002F194640E8001CCC
:10F170009CF0000FF7D1012AF5D0BFF35F8F00207C
:10F18000704704487047044870476FF4E040704788
:10F190002C5F5CA9E98FFFFFEA8FFFFF80B1436816
:10F1A000094A93420AD013F0685F05D0BFF35F8F1E
:10F1B00000230360184670470448704704487047AE
:10F1C0006FF4E040704700BF2C5F5CA9E98FFFFF40
:10F1D000EA8FFFFF10B5044620B1044B63600022A4
:10F1E000226010BD0248FFF779FFF6E73A00003AC7
:10F1F000C871010070B5D0E90023174C174D63604A
:10F20000D0E90230C4E9023022604868D1F800C079
:10F21000134BC3E900C0D5F81801D1F808C0C3F8F2
:10F2200008C010F0685FD1F80CC00969C3F80CC0C1
:10F23000196110D00B49C5F8BC110023C5E945314F
:10F2400005F58A70C5F8B8319047236805F5DC707C
:10F25000BDE87040184770BD9C0600200C2B0020B4
:10F26000880600202C5F5CA938B500F02FF820B18B
:10F27000032400F063F8204638BD00F031F898B957
:10F2800000F0ACF898B90F4DD5F828391B0EF02BCB
:10F2900008D1D5F8242A0C4B9A420AD0072400F052
:10F2A00017F8E6E70624FAE70424204638BD0024D0
:10F2B000F5E7012000F092F804460028F7D1C5F8E0
:10F2C0000C0AD8E700B002500000E0200020704790
:10F2D00000207047014BC3F8040A704700B0025089
:10F2E00010B5114800F048F800B110BD0F4800F00B
:10F2F00043F80028F9D10E4C204600F03DF80028D4
:10F30000F3D10C4B0C481C6000F036F80146002885
:10F31000EBD100F02DF8044608B1204610BD00F0F6
:10F320003FF82046FAE700BFDC060020D8060020A0
:10F33000D4060020CC060020D006002008B50848DE
:10F3400000F024F8074800F021F8074800F01EF804
:10F35000064800F01BF8BDE8084000F00BB800BFFD
:10F36000DC060020D8060020D4060020D0060020AD
:10F3700000207047704700BF08B5034B02681B6848
:10F3800010689847002008BD9C06002008B5034B74
:10F3900002685B6810689847002008BD9C06002042
:10F3A00070B5094C094D2069AB68984718B1084BF6
:10F3B00008485B689847084AEB682069002111609B
:10F3C000BDE87040184700BF880600209C0600205A
:10F3D00080060020EC710100082B0020F8B51A4DC2
:10F3E0001A4E0446B26828699047E8B9184F3B683E
:10F3F0004CB1A3B1012B19D0013B3B602869F368E4
:10F4000098470020F8BD43B9124A0121C2F80015FF
:10F410001149D1F81029002AFBD101333B60F36870
:10F42000286998470020F8BD0C48F8BD0A4AD2F870
:10F430001039002BFBD1074A6FF07E40C2F800352F
:10F44000FFF748FF3B68D7E7880600209C060020AE
:10F45000082B002000A0025000B00250E98FFFFFEF
:10F460000CB430B589B005460C461C22002101A819
:10F4700006F0CEFC02238DF806300E4B0293059564
:10F4800023462CB1B4F1004F28BF4FF00043013B9D
:10F490001D440DAA0C99069501A8009200F0A4F94C
:10F4A00014B1059B00221A7009B0BDE8304002B0CB
:10F4B000704700BFF15F01000EB470B589B00DACAC
:10F4C000054654F8046B1C22002101A806F0A0FC9C
:10F4D00001238DF806302246064B0393314601A8DE
:10F4E0000595009400F07CFE09B0BDE8704003B0C3
:10F4F000704700BFDD5F0100242A2DE9F04104467A
:10F5000001D8012A4CD106F099FD354B16221A502C
:10F5100001B10C6000273846BDE8F08135462E4623
:10F5200016F8010B2028F9D0A0F10907042F034693
:10F53000F4D92B2836D02D2837D14FF0010C6B7819
:10F54000AE1C302B38D1307840F0200078282FD1F5
:10F5500032F010002CD173783446102202360CF1B0
:10F56000004001380027B0FBF2FE02FB1E08392BD9
:10F5700082BF03F1FF3343F02003263B303B9A4226
:10F580001ED9774502DC03D1984501D24CF0020C1C
:10F59000354607FB023715F8013B34462E46E6E7B1
:10F5A0000546BCE74FF0000CC9E74FF0000CC8E778
:10F5B000002A08BF0822D2E7002A08BF0A22CEE7A5
:10F5C00001B10C601CF0010F18BF7F421CF0020F4C
:10F5D000A1D0074606F032FD014B22221A509AE7CD
:10F5E0000C000000242AF0B5044601D8012A40D1BD
:10F5F00006F024FD2D4B16221A5001B10C6000209C
:10F60000F0BD2F463D4615F8010B2028F9D0A0F19A
:10F610000906042E0346F4D92B282CD02D282CD1F2
:10F6200001267B78BD1C302B2DD1287840F020009E
:10F63000782824D132F0100021D16B782C4610228A
:10F6400002350020392B82BF03F1FF3343F0200342
:10F65000263B303B9A421AD9A0FB02040CB9C018D1
:10F6600001D346F002062F462C4617F8013B3D46D3
:10F67000E8E70746C6E70026D3E70026D3E7002AD7
:10F6800008BF0822DDE7002A08BF0A22D9E701B136
:10F690000C60F20748BF4042B307B1D506F0CEFC7C
:10F6A000024B22221A504FF0FF30A9E70C00000055
:10F6B0002DE9F04101260746B24201DCBDE8F081A8
:10F6C0003B461F4613F8014B002CF7D0252CF8D1F0
:10F6D0001C78252C07F10207F2D00023DFF8048103
:10F6E0009C461D461F2D18D8A4F1200EBEF1100F08
:10F6F00009D9A4F1300EBEF1090F1ED80A2404FB6B
:10F7000003E3202504E028FA0EFE1EF0010F06D0C8
:10F7100017F8014B002CE5D128E07F2D1CD8A4F16F
:10F72000300EBEF1090FE9D9242C10D1BCF1000F25
:10F7300046D0B34246D00023EAE724F0040EBEF1DF
:10F740002A0FF8D06C2C09D145F08005E0E724F0B1
:10F75000040EBEF12A0FEED06C2C22D06C2C1BD8DC
:10F76000682C23D06A2C28D04C2C26D0BCF1000F5A
:10F77000A4D0B445A0D144F02007A7F1650CBCF19A
:10F78000020F0B6801D9612F1ED1073323F0070345
:10F7900008330B6001368EE7742CB9D07A2CB7D0C1
:10F7A000E4E72C0648BF45F40075CDE7EC0548BFFB
:10F7B00045F4007545F48075AAE745F42075A7E780
:10F7C0009C46B8E76324D6E7692C02D007D8632C9F
:10F7D00003D02F0601D5AC05D7D40433D9E7732C59
:10F7E000F6E700BF892801002DE9F04F95B0436886
:10F7F0000393837880469807CDE9081217D50D92B8
:10F800000B4600251F78A7B1252F16D0013307938B
:10F81000039B414638469847002805F1010580F2D0
:10F82000558498F8023043F0040388F802304FF012
:10F83000FF35284615B0BDE8F08F5F789A1C252F5C
:10F840000792E5D000242646A246A346BBF11F0F2F
:10F8500032D8A7F12003102B0AD8DFE803F02409DF
:10F86000092A0909091B0909092209270909190097
:10F87000A7F13003092B2DD92A2F39D154B90D9B6B
:10F880001BF0400F53F8042B0D9329D0164601E0CE
:10F890004BF0010B079B13F8017B0793002FD5D189
:10F8A0005BE04BF0020B4BF0040BF3E74BF0080B63
:10F8B000F0E74BF0100BEDE7BBF17F0F3FD8A7F15E
:10F8C0003003092BD8D81BF0400F03D00A2202FBCB
:10F8D0000636DFE70A2202FB0A3A4BF0200BD9E793
:10F8E000B2F1000AF9DACAF1000A4BF0280BD1E7AD
:10F8F0002E2F05D11BF0400F9BD14BF0400BC9E7D9
:10F90000242F1CD1002C00F04481099B0D931BF087
:10F91000400F0AD1524608980DA9FFF7C9FE0D9B6A
:10F920001A1DD3F800A00D92B4E7324608980DA92D
:10F93000FFF7BEFE0D9B1A1D1E680D92AAE76C2FE5
:10F9400000F0148100F20B81682F00F017816A2FFC
:10F9500000F01C814C2F00F0198134B1099B0898EC
:10F960000D9322460DA9FFF7A3FE002E47F02003BA
:10F97000B8BF2BF0400B0593A3F16503BCBF1FFA82
:10F980008BFB0026022B40F2098147F02003612BFC
:10F9900040F08482FF4307F0200306930D9B07335A
:10F9A00023F007031BF0400FD3E9000103F1080225
:10F9B000069B00930D9214BF33464FF0FF330EAAFF
:10F9C00006F02EFA431CDBB24BF4C0540493DDF86E
:10F9D000389070230646A3460127059309F10903D1
:10F9E000122B0CD909F16303C62B40F2138109F2E3
:10F9F000E73340F2CE72934294BF032704279DF869
:10FA00003C2002F00C0312F0010240F01E811BF0BA
:10FA1000020F40F017811BF0040400F0FD80002B62
:10FA200040F0168120231BF4405F21D1049A50320C
:10FA3000002E6A4408BF0126133A049921B112F836
:10FA4000011D302900F03B811BF0100F049A18BFF4
:10FA5000324619F1040FC0F23781B14580F234818A
:10FA60004A454BF4005B40F3318109F10106961BD6
:10FA70001BF400520A9200F02B8129EAE974013448
:10FA800003B10134002E00F02A81721C1444A245F7
:10FA9000CCBFAAEB040400241BF0090F04D12C44B2
:10FAA000A54240F02181002443B118464146039B02
:10FAB0009847002805F10105FFF6B3AE1BF4006F6F
:10FAC00013D0039B4146302098470028FFF6A9AE8B
:10FAD000069BC3F178004146039B00F0F80098476D
:10FAE000002805F10205FFF69CAE1BF0080F05D1BA
:10FAF0002C44AC4240F00481254600240A9B002B94
:10FB000000F02E8129EAE97AA9EB0A027642049BE9
:10FB10000592934284BF0EABD3180AF1FF3A8CBF13
:10FB200058793020564505F1010700F3F380039B17
:10FB300041469847059A002802F10102FFF671AE8E
:10FB4000BAF1FF3F09D1039B059241462E20984709
:10FB50000028FFF666AE059AAF1C3D46D7E7742F26
:10FB60003FF498AE7A2F3FF495AEF6E61BF0800F87
:10FB700018BF4BF4007B4BF0800B8BE61BF4807FAF
:10FB800018BF4BF4007B4BF4807B83E64BF4207B67
:10FB900080E62646B3465446B2467BE6FF4307F06E
:10FBA000200306930D9B073323F0070303F108029C
:10FBB000D3E90001059B0D921BF0400F08BF0626FC
:10FBC000652B13D1731C0022DBB24BF4805B14460F
:10FBD000112BCDE9002428BF11230EAA01F034F81F
:10FBE000C3B2DDF8389004930227F7E6059B662B35
:10FBF00005D14BF4005B344601221123E8E7F3B250
:10FC0000012B4FF000024FF0650738BF0123144667
:10FC10000597DDE70227F2E6002B3FF404AFBAF1C7
:10FC2000030F3BDC9DF83C309A4E13F0080F9A4BC3
:10FC300008BF1E46B1464F4619F8010BB0BBAE1BBC
:10FC4000374488E033BB2B23EDE62BBB2D23EAE6BC
:10FC50002022BAF1040F13DD1BF0080FAAF10404EF
:10FC60000FD12C44039B0492414620209847002842
:10FC700005F10105FFF6D5ADA542049AF2D19AB17E
:10FC80000024039B414610469847002805F10105D2
:10FC9000C8DAC6E52B22DCE72D22DAE71BF0080FD5
:10FCA000AAF10304BED1DCE71446BBE7069BC01AE9
:10FCB0004146039BC0B298470028BCDAB1E50499DD
:10FCC0000139C9B20491B8E6561ED1E60026CFE646
:10FCD0001BF4006F0CBF032405243C44D0E61BF04A
:10FCE000100F18BF0134D2E60B934146039B20202E
:10FCF000984700280B9B05F10105BFF6D1AE90E5B2
:10FD0000039B414630209847002805F10105BFF6C6
:10FD1000F0AE86E5D1450AD19DF83D30352B1DD892
:10FD200005D19DF83C3013F0100F08BF3120039B24
:10FD3000414698470028FFF674AD1BF0100F0AD01B
:10FD4000BAF1FF3F07D1AF1C41462E20039B9847D5
:10FD50000028FFF666AD3D463C443DE23120E6E733
:10FD60009DF83D0031281EBF9DF83C3023F0100364
:10FD70008DF83C304146039B98470028FFF651AD73
:10FD8000002E6BDD039B41462E2098470028FFF68E
:10FD900048AD4FF0010A049B9A45BBBF0EAB5344DC
:10FDA00030205879039B414698470028D346FFF6F8
:10FDB00038AD0AF1010A5645EDDA02355D44DDE958
:10FDC0000532981A4146039BC0B298470028FFF6B7
:10FDD00028ADB9F1000F04DB4ED19DF83C30DB06B5
:10FDE0004AD5C9F100092D20039B414698470028B8
:10FDF000FFF617AD042F41D14FF47A7799FBF7F650
:10FE000006F13000039B4146C0B29847002805F137
:10FE10000305FFF606AD07FB1699642799FBF7F675
:10FE200006F13000039B4146C0B29847002805F117
:10FE30000105FFF6F6AC07FB16990A2799FBF7F6C2
:10FE400006F13000039B4146C0B29847002805F1F7
:10FE50000105FFF6E6AC07FB169915E01BF0100F45
:10FE600001D10135ABE7039B41462E20984700287E
:10FE700005F10205A3DAD4E42B20B5E7032F05F141
:10FE80000205CAD0012FD8D109F130006F1C4146BC
:10FE9000C0B25BE7D5AC0100A5770100A7F1630311
:10FEA000122B00F2FB80DFE813F013005300F9007F
:10FEB000F900F900F9005300F900F900F900F90020
:10FEC000F9001401F400F900F9002800F900B50068
:10FED0000D9B1A1D1B680D928DF8383001240EAF52
:10FEE0001BF0080F2AD007EB04093E464E4527D1E8
:10FEF000EF1B3744AAEB04042DE70D9B1A1D0D924E
:10FF00001F68AB4B002F08BF1F461BF0400F14BFEC
:10FF100031464FF0FF31384605F0F1FC0446DFE78B
:10FF2000039B4146202098470028FFF67AAC013E0B
:10FF3000B442F5D35544AD1BB246D4E75646F7E775
:10FF400016F8010B039B414698470028CEDA68E477
:10FF50001BF0800F0D9B35D01BF4007F2DD0073395
:10FF600023F00703D3E9000103F108020D922BF0FF
:10FF7000100900291FFA89F936DA404261EB410184
:10FF800049F480690DF1380B0A235A4605F0C3FC89
:10FF900019F0400FA0EB0B0B65D029F001025E4574
:10FFA00092B240F3B380002F00F0AA8019F0100342
:10FFB0003446914626D002345CE01A1D18680D9232
:10FFC000C117D4E71A1D1BF4807F19680D9201D167
:10FFD0000846F5E71BF4007F15BF48B208B241F3AD
:10FFE000C01141F3C031C2E750EA0103CAD11BF08E
:10FFF000400FC7D0002EC5D12BF0110B1FFA8BF983
:020000021000EC
:100000003446B34640F2064319EA03031CBF0134E9
:1000100000232FE02BF0100B1FFA8BFB0A231BF0A1
:1000200080040D9A58D01BF400711DBF073222F0D6
:10003000070202F10801101D19BF0D91D2E900015C
:100040000D90106850EA010253D12BF016091BF0F5
:10005000400F1FFA89F950D0002E4ED12BF0170B0C
:100060001FFA8BF9B34619F0100353D0002F4FD16C
:100070000BF1010419F0080F5FD119F0010F06D040
:10008000A2456EDDAAEB040404EB0B06544622469F
:100090004EE04BF0100B10237827C0E747F0200309
:1000A000782B04D1C7F1780343F01003B7E7039B23
:1000B0004146252098470028FFF6B3AB039B4146F5
:1000C000384698470028FFF6ACAB0235079BFFF790
:1000D00099BB08230027A2E7111D0D911BF4807125
:1000E0001068AFD01BF400711ABFC0B2214680B2B5
:1000F000A8E72BF0060B1FFA8BF90DF1380B44E73C
:1001000029F011091FFA89F934467BE79146AAE7DD
:100110005C4650E75C4675E7CDE904234146039B06
:10012000202098470028FFF67CAB049A059B0132FB
:100130009245F1DC2C1BA5181446EBB1039B4146FC
:10014000302098470028FFF66CAB67B901352F4681
:100150002E44F31B5B4521DC5D460EAE55BB5F4470
:10016000C8E65E4693E7023541463846039B98470A
:100170000028ECDAFFF755BB40F2064319EA030FFB
:10018000E5D019F0020F14BF2B20202019F4806F46
:1001900005F10105414618BF2D20E7E7039B4146C5
:1001A00030209847002807F10107D2DAFFF739BB62
:1001B000D9AC0100013D039B705D41469847002882
:1001C000CCDAFFF72EBB039B41462020984700283E
:1001D00005F10105FFF625AB631B002BF3DC75E78A
:1001E0002DE9F04F99B00023824607920E920F93AB
:1001F00004930D4615F8016BAEB1202E17D0A6F171
:100200000903042B13D9252E17D00FA9504605F04A
:10021000AAFB031EC0F21281DBB2B3420BD00FAABD
:10022000514605F0C0FB049819B0BDE8F08F0FA946
:10023000504605F0C3FB2946DBE74E78252E01F139
:100240000205E2D02A2E03BF8E78CD1C01240024A3
:100250000027A6F13003DBB2092B19D9A30723D558
:10026000242E23D1079B0E9324F00204A4B2002273
:1002700001239F4215DC42B10E9A7B1E002F4FEAEC
:100280008303D8BF00231A440E9215F8016BDFE7F1
:1002900044F002040A2215F8016BA4B202FB0737EE
:1002A000D7E701330122E4E74FF0FF376C2E34D05B
:1002B00007D8682E23D06A2E3ED04C2E36D026B9D1
:1002C000B1E7742E35D07A2E33D09848314605F0F8
:1002D000E7FA0028A7D014F001030C9301BF0E9B8E
:1002E0001A1D0E921B6818BF00236E2E029326D192
:1002F0000F9A02980094002305F03FFB9BE72E78AD
:10030000682E04D044F02004A4B20135D7E744F0AD
:1003100030046E78A4B20235D1E72E786C2E02D06C
:1003200044F00404F0E744F00C04F2E744F00C0459
:10033000A4B215F8016BC2E744F00804F8E7632E95
:1003400019D114F0020F08BF01270FA9504605F07C
:100350000AFB002872DB029B13B103F8010B029326
:10036000013FF2D10C9B002B7FF465AF049B01335E
:10037000DBB204935FE75B2E40F0828020220021F5
:1003800010A805F045FD00221646114614464FF010
:10039000010C15F8013B002B4AD05E2B03D1F2B9BA
:1003A00001240132F5E7A24219DD5D2B1FD02D2B70
:1003B00015D1C1B118A800EBD30003F0070110F864
:1003C00020EC0CFA01F141EA0E01B34200F8201CC6
:1003D0000BD034BF013303F1FF33DBB2EAE700296E
:1003E00008BF1E46E6E70121DBE70021D9E729B176
:1003F0009DF8453043F020038DF845302CBB012497
:100400000FA9504605F0AFFA031E10DBC3F3C40179
:1004100060316944DAB211F8201C03F0070341FA95
:1004200003F3DE071BD40FAA514605F0BCFAFCB15A
:100430009AF8023013F00C0F3FF4F5AE049B002B3A
:1004400014BF18464FF0FF30EEE6202310AA1178B3
:10045000013B6FEA010102F8011BF8D1CFE7029BD3
:1004600013B103F8012B0293013F4FF00004C7D1F1
:10047000029B002B3FF476AF029A0023137071E7C2
:100480000FA9504605F09AFA0028D7DB582E6AD0FB
:10049000643EF3B2142B00F2AC80142E00F2A9805B
:1004A000DFE806F00BA7A7A7A741A7A7A7A7A75E06
:1004B00061A7A74DA70BA7A761004FF00A080FA9D6
:1004C000504605F050FA2B2804D02D280AD144F0CC
:1004D0004004A4B2013FABD00FA9504605F043FA47
:1004E0000028A5DB302866D1B7F1010918D00FA983
:1004F000504605F038FA002812DB40F0200344F0A3
:100500008004782BA4B231D138F0100333D1B7F185
:10051000020905D00FA9504605F025FA002851DA46
:10052000002637463BE04FF00008C8E7E0AC01008A
:10053000029B13B103F8010B0293013F98D00FA95E
:10054000504605F010FA002892DB202803D0A0F1D5
:100550000903042BECD80FAA514605F024FA87E7CB
:100560004FF00808ABE74FF01008A8E7B8F1000F0C
:1005700008BF4FF00808002637463928034682BFD7
:1005800000F1FF3343F02003263B303B98451CD855
:100590000FAA514605F007FA20067FF549AF61061C
:1005A00002D5764267EB47070298009432463B46F5
:1005B00005F0E3F9D6E6B946B8F1000FDBD14FF00C
:1005C0000A08D8E74FF01008D5E7A8FB06629E1985
:1005D00008FB072244F0800442F10007B9F1010949
:1005E000A4B2DCD00FA9504605F0BDF90028C4DA4A
:1005F000D5E70FA9504605F0B6F903909DF80C30E9
:100600002B2B04D02D2B0DD144F04004A4B2013F7C
:100610003FF40EAF0FA9504605F0A5F9031E039352
:10062000FFF606AF039B43F02003692B28D06E2B07
:1006300058D04FF00008CDE905880A234646C14648
:10064000220555D5039A42F02002D2B2A2F16101EF
:1006500005294DD8573AD2B293424EDC039A42F064
:100660002002782A04F0800365D1002B63D056EA7B
:10067000090360D144F4006B1FFA8BFB10234EE09A
:10068000684EDFF8A4914FF0000816F801BBBBF1EB
:10069000000F13D0013FF8D00FA9504605F063F9C1
:1006A000031E07DB43F020035B45EED00FAA514643
:1006B00005F079F95D4B9E427FF4BAAE630606D52C
:1006C00009F10043CDF828800B93DDE90A89029BEC
:1006D000002B3FF447AE14F00C0F00F08881C3E903
:1006E00000893FE6524EDFF84C914FF00008CCE70E
:1006F000039A303AD2B29A426BDA44F0800B14F487
:10070000807F1FFA8BFB04F400713CD00698002A0E
:1007100018BF40F00100069009B908F10108013F37
:100720000D935ED00FA9504605F01DF9031E0393EB
:100730005C460D9B84DA22067FF57AAE039A14F4A8
:10074000006F14BF7023652342F020029A4240F0EC
:100750009580B7F1010B00F093800FA9504605F08A
:1007600002F9C2B22B2A034604D02D2A57D144F4F1
:100770008064A4B2B7F1020B35D10FAA51461846D6
:1007800005F011F97CE009B108F1FF38A3FB06611F
:10079000961903FB091141F1000956EA0902BED07E
:1007A000059A0A2B02F10102059204F00C020BD10A
:1007B000002A14BF1022082205999142AFDD44F4AB
:1007C000C07B1FFA8BFBAAE7002A14BF0F22072267
:1007D000F2E7FE2A7FF442AFA105ACD444F4007BDB
:1007E000EFE75C46A7E70FA950460D9305F0BBF86D
:1007F0000D9B1F460346A3F13002092A1CD951461E
:100800000FAA184605F0CFF8791C04D00FAA51465C
:10081000384605F0C8F803980FAA5146B0E74FF0E4
:10082000FF37E8E7F5AC01000000F07FF8AC01000D
:10083000F2AC01000000F87F00270A2240F2D34109
:100840008F42DCBFA3F1300102FB0717BBF1010BA4
:100850000AD00FA9504605F086F8A0F13001092909
:1008600003464FF00A02E9D9620548BF7F422005DE
:1008700048BF4FEA8808B84403935F46002FCAD1A7
:1008800056EA090300F0AE80210504F00C0240F1A5
:100890008C80002A14BF3523182303F101074FF081
:1008A0000100A3F11F02C7F1200C00FA02F220FAA6
:1008B0000CFC5649B84408BF6FF07D0142EA0C02B7
:1008C000B840864279EB020751D30127A3F11E02FB
:1008D000C3F11E0C981C07FA02F227FA0CFC42EA3C
:1008E0000C0207FA00F0864279EB020745D28845F0
:1008F00043DB069A3243164606F0030003284A46B5
:1009000003D006F0060006280BD1043649F1000298
:10091000B2F5000F21BF760846EAC27608F1010859
:100920005208B60846EA8276C3F13500C3F11507CE
:1009300092088240153B06FA07F726FA03F33A437A
:100940001A43324B994206FA00F025D1B8F5806F70
:1009500057DAB2F5801F25D308F2FF3822F480124F
:1009600042EA085308900993DDE90889A6E6B6191A
:1009700049EB090908F1FF38A3E7770847EAC97787
:1009800006F001063E434FEA590908F10108AAE7BB
:100990000018524108F1FF38B2F5801F2ED218F529
:1009A0007F7FF5DA4FF00008DAE7059B43446AB130
:1009B00013F5A27F16DDB3F59B7F22DA424630465F
:1009C000494600F04FF88046894677E613F12D0F2F
:1009D00008DB272B15DC4146304605F035F8EFF7EC
:1009E000F3FCF0E74FF000084FF0000966E64046E0
:1009F0004946EFF741FD029B1860B3E4B8F5806FFC
:100A0000AADBDFF80C904FF0000857E602FCFFFF6E
:100A10000000F07FF0B589B005460C46164600216F
:100A20001C2201A81F4605F0F3F902238DF80630B9
:100A30000B4B0293059520462CB1B4F1004F28BF13
:100A40004FF00040013805443A46314601A806956A
:100A5000FEF7CAFE14B1059B00221A7009B0F0BD62
:100A6000F15F01002DE9FF47804616460F46002939
:100A700000F09E80B1FA81F4341B002E04F10A04C8
:100A8000C0F29E80304600F039FB0444304600F04E
:100A90003BFBA4EB060905466946304600F05CFBCB
:100AA000A9EB05037D336A464046394604F09BFFB7
:100AB000A64282460D467FDCB9F13F0F7EDC4FF047
:100AC000FF33A9F1200003FA00F003FA09F2C9F19B
:100AD0002001024323FA01F10A4303FA09F328EA49
:100AE000030327EA020213430CBF01200020002D5C
:100AF00000F08880B5FA85F3E31A03F23E4340F232
:100B0000FE72934200F38780002B23EAE376CCBF8A
:100B100032460122121BA2F23341C1F1200CA2F293
:100B20003447A2F253442AFA01F305FA0CFC43EAD3
:100B30000C0325FA04F4C7F1200EA2F2544C23430F
:100B400005FA0EFE2AFA07F425FA0CFC44EA0E0414
:100B500044EA0C0414F0010F25FA01F1C7F1200C4E
:100B6000A2F2544252D0A8B14FF0FF3000FA02F284
:100B700000FA07F4144320FA0CF2B84014432AEAAE
:100B8000000A03F0010225EA04054AEA020A5AEAC9
:100B9000050A3BD0013341F10002C2F3130253EACC
:100BA000020136D0184642EA065104B0BDE8F0878B
:100BB000B0FA80F420345FE7012098E7002096E740
:100BC000C6F10009484600F09FFA241A484600F092
:100BD0009BFAA61B0546694648462E4400F030FBAA
:100BE00006F17C036A464046394604F0FCFE824624
:100BF0000D464046394600F097FA81458CBF0020EB
:100C0000012074E7BAFA8AF3203375E7C1F31302BF
:100C1000C8E70136C6E701490020C6E70000F07FBB
:100C20001FB502AB0093074A4FF0CC3305F08EF8A6
:100C3000DDE90201C00840EA4170C90805B05DF86D
:100C400004FB00BFCDCCCCCC2DE9F04F9BB00446CB
:100C500005920A460A93C2F30A559DF890300B9309
:100C6000D20FC1F313030992090D7DB950EA0302B3
:100C70001BD1059A30235371099B156043F0020381
:100C80001371012738461BB0BDE8F08F40F2FF72A8
:100C900095424AD10343099B059A14BF43F00803C8
:100CA00043F0040313710027ECE700F001020892FF
:100CB0004FEA83080122AC4D48EA907887009A46B3
:100CC0001646C5F1000B5846069200F011FAB5F130
:100CD000FF3FACBF8146A0F10109ABEB090B09EB6B
:100CE00005035846049300F017FA16A9A0F17D05F4
:100CF000584600F031FA12AB069A0193A9EB0505AC
:100D000010AB0292009320462B4616AA514604F0DF
:100D100028FFB9F1010F04460D4600F2D280089B6E
:100D2000002B40F0C58001276BE043F4801A00F0EF
:100D300001024FEA8A080343A5F23545089248EAC2
:100D400090784FEA800749D140F2FE7319420CBFF8
:100D500001260026002D3246B3DB284600F0C2F9FA
:100D6000032DC8BF0138049000F0D6F9049B7C30F5
:100D70005D1B054416A9184600F062FA12AB0193F8
:100D800010AB009320462B46029616AA514604F05B
:100D9000E8FE049B152B04460D4600F2868014AB3A
:100DA000724A009338464FF0CC33414604F0CEFFF0
:100DB000149B159A9B0843EA827303EB8303BB429F
:100DC000DDE9109A0CD13846414600F0ADF9049B9C
:100DD00083428CBF00270127002612E00126B9E7D5
:100DE000089B002B51D1013F48F1FF31B81B61F145
:100DF000000100F099F9049B089F83428CBF0026F4
:100E000001260B9B002B40F09080DDF828B04FF0BE
:100E10000008CDE906884FF00A0ADDE91001FFF766
:100E2000FFFE129B0E93CDE90C0118461399FFF7B4
:100E3000F7FE0C9B0D9A0F9198420B469341814609
:100E400080F08D8020462946FFF7EAFE0E9A0AFBC5
:100E500009F3934214BF002606F001060C9B109381
:100E60000D9BCDE911390F9B1393079BB8F1000F30
:100E700014BF002707F0010701330AFB10485FFA8F
:100E800088F8079304460D46C7E7B81C48F10001EF
:100E900000F04AF9049B83428CBF00200120B9EB8B
:100EA00000006AF10002CDE9100200273E46A8E7E3
:100EB000109B119A013B42F1FF32CDE9103201271C
:100EC0008AE7B9F13E0FF0D84FF0FF33A9F12000C7
:100ED00003FA09F203FA00F0C9F1200123FA01F143
:100EE00002430A4303FA09F327EA030728EA020840
:100EF00057EA08070CBF012700276DE700FB02FC3B
:100F0000A1FB0012013362448C4275EB020CF5D256
:100F1000049ADDF828B01344259A1344012BB8BF76
:100F200001239B45A8BF9B4671E70A2100220123AC
:100F30000846E9E70AFB03F0A2FB0A230131034458
:100F4000944275EB0300F5D2594511DDBBF1000F5A
:100F500002D154EA05030BD00123069372E70A225B
:100F600000230121ECE700BFCCFBFFFFCDCCCCCCB4
:100F7000002E2FD04FF00A0A129B13990D9318469A
:100F8000FFF74EFE0D9B0C910AFB00F29A42814640
:100F900020D1DDE91001FFF743FE0E900D912046B0
:100FA0002946FFF73DFE0D9B0E9A1092CDE91139AF
:100FB0000C9B1393079BB8F1000F14BF002707F099
:100FC000010701330AFB10485FFA88F807930446CB
:100FD0000D46D1E7DDF81090079B9944002F59D0BA
:100FE000B8F1050F56D114F0010349D1069A32B970
:100FF000DDE912239D4208BF94425ED0069B18197A
:101000004FF00A0445F10001002201262546A042C6
:1010100071EB020754D2E3B1B3451ADA0B9B63B10B
:10102000259ADDF828B006EB0903134423EAE3739D
:101030009B45A8BF9B465E450BDD05304FF00A027D
:101040004FF0000341F10001EFF73AFC09F101090B
:10105000013E5E45A8BF5E4637B20FFA89F9059B8F
:1010600009FA86F607F10508013E98444FF0000999
:10107000B9452CDB059B1A461E60099B137101E6DE
:10108000069B2BB9DDE912239D4208BF944209D08B
:101090000123B4E7069B53B9DDE912239D4208BF43
:1010A000944204D1089B002BF2D1002EF0D0B8F16D
:1010B000040F94BF00230123A1E74FF00408F1E7D8
:1010C00005FB02F7A4FB054201363A449FE70A22DA
:1010D0000023EFF7F5FB303208F8012D09F1010983
:1010E000C6E700BF014B5843800C704741340100F4
:1010F000014B5843000D7047FB2E0B00014B58432A
:10110000C00C70474F931200024B5843C00C013083
:10111000704700BF4F931200024B5843C00C013080
:10112000704700BF4F9312000A4A70B503464FF054
:10113000CC3600204FF0333506FB03F402FB0144AC
:10114000A3FB023121449D4275EB010401D3013020
:10115000F2E770BDCDCCCCCC2DE9F04F1A23354E43
:10116000B0FBF3FA03FB1A0389B004460D4606EB05
:101170000A1653B9D6E90023C1E90023D6E90201D2
:10118000C5E9020109B0BDE8F08F2B4A02EBC303A9
:10119000D3E9008904AB0093D6E9022340464946CF
:1011A00004F0D4FD06AB0093D6E9002383460F4636
:1011B0004046494604F0CAFDDDE9066216EB0B061F
:1011C00052EB07084FF0000328BF0123814633B1DB
:1011D000049B059A013342F10002CDE90432204616
:1011E0000391FFF799FF07461A2000FB0AF0FFF76B
:1011F00093FF3F1A3246434603990097484604F04E
:10120000C0FD4FEA141C0D4A640004F01E0352F89E
:101210002C40DC4004F00304241841F10001C5E92E
:101220000041DDE9042300973046414604F0A9FD62
:10123000A6E700BF88670100B86601000C720100D4
:101240002DE9F04F1A27DFF8E4A000F11905B5FBEE
:10125000F7F56F433A1A4FEA051B89B004460E466C
:101260000AEB05150AD1D5E90023C1E90023D5E928
:101270000201C6E9020109B0BDE8F08F2C4B03EB77
:10128000C203D3E9008904AB0093D5E902234046A9
:10129000494604F05BFD5AF80B206B68013ACDE932
:1012A000020106A963F1000300914046494604F09B
:1012B0004DFDDDE906528A4602996D18039952EBFD
:1012C00001084FF0000328BF0123814633B1049B7E
:1012D000059A013342F10002CDE904323846FFF7A6
:1012E0001BFF07462046FFF717FF3F1A2A464346D3
:1012F00000974846514604F044FD4FEA141C0D4A3D
:10130000640004F01E0352F82C40DC4004F0030497
:101310000134241841F10001C6E90041DDE904234C
:1013200000972846414604F02CFDA2E758680100CA
:10133000B866010060720100704700EBC100408890
:1013400040087047F8B50346FFF7F7FFB0FA80F0A2
:10135000C0F11F0003EB800CCA00DCF81060171D01
:101360000C4606328DB256B9012101FA00F0D96857
:101370000143D960CCF81040DD539D52F8BDF10017
:101380000431585AD85303EBC0009E52C5805D52B9
:10139000F4E710B500EBC104E388994202F10401BF
:1013A0000AD1012303FA02F2C36823EA0203C360ED
:1013B000002340F8213010BDA28840F8213000EB16
:1013C000C20100EBC300CB808280F4E708B503467E
:1013D000FFF7B3FFB0FA80F2C2F11F021846BDE872
:1013E0000840FFF7D6BF2DE9F843B1FA81F5C5F102
:1013F0001F0900EB89080346D8F810200E46C2B139
:101400000327D8F8104018462146FFF796FFB04250
:1014100006D34A461846FFF7BCFF2046BDE8F883CE
:1014200003EBC404013FE088C8F8100001D08242F9
:10143000E7D1C5F120024FF0FF349440DA68144040
:10144000EBD094FAA4F2B2FA82F2111D53F82140C3
:101450002146DFE738B50346FFF76FFF0D46044628
:1014600011461846FFF769FF03EBC5050444600009
:1014700068801846FFF761FF014423F8314038BD0A
:1014800038B50346FFF759FF0C46A51A511A03EB6E
:10149000C40405444800608003EBC2006C00448033
:1014A00023F8321018461146FFF747FF014423F88E
:1014B000315038BD38B50546FFF73FFF0C460144B3
:1014C00005EBC1035B88DA070AD42846FFF77EFFE5
:1014D00021462846FFF731FF22182846FFF7BAFFBA
:1014E00035F83410611A05EBC1035B88DB070CD4B7
:1014F0002846FFF76BFF35F834102246611A28465C
:10150000FFF7A8FF35F83430E41A21462846BDE835
:101510003840FFF717BF61B100680439091A21F09C
:1015200007030344C9085A8822F001025A80FFF7D2
:10153000C1BF704770B5056809B9002070BD01F0E2
:1015400007030B33CC0804EBD304AB689C4228BFE1
:101550001C4621462846FFF746FF06460028ECD0E9
:1015600001462846FFF7E9FEA04207D9321928466E
:10157000FFF786FF11462846FFF7E4FE05EBC6029B
:101580001046538843F0010353800430D6E71146D8
:10159000FFF7D0BF043A2DE9F041CC1D114424F0EF
:1015A000070421F007010E1BF708B7FA87F2C2F112
:1015B0002405AD004FF000080735C2F12002ED0808
:1015C00004604146A760C4F80C80920004F110004A
:1015D00004F01EFC6B0043F00103638004EBC502C2
:1015E0007B1B5900A4F800805180A21924F83550C3
:1015F000A2F80280A35304EBC70329465A8842F09D
:1016000001025A802046BDE8F041FFF79BBE2DE95C
:10161000F04706460D46174698462BB398F800400B
:1016200093F80190DB78A40004EB430498F80230AF
:101630001C4444444FF0000ACA4509D3D8F804209A
:1016400008F1080339463046AC46BDE8F04760472C
:1016500014F8013B48F823402046EFF75DF90130CC
:1016600004440AF1010AE7E76FF01500BDE8F087CE
:1016700070B5002502462846144614F8013B0BB904
:10168000184609E098B18D4207D1702B04D0A3F120
:1016900040023A2A0BD8002070BDA3F140063A2E32
:1016A00005D853780135941C002BE9D00020252B58
:1016B00008BF80F001002246DEE7002070470FB42B
:1016C00007B504A951F8040B019100F09EFE03B088
:1016D0005DF804EB04B0704710B50369024613F0DF
:1016E000080009D11368D4689C4297BF126AE31AB4
:1016F000D31A01200B6010BD00231846FAE713B57A
:1017000001A90446FFF7E8FF20B1019BE268013B15
:1017100013440193206A019BC01A013802B010BD26
:1017200010B5044650182269236AD20702D5013B3E
:10173000184010BD984228BFC01AFAE710B50446F9
:101740000A46C168FFF7ECFF2369E06023F0080355
:10175000236110BD38B50D46C2698B00016843F0A6
:10176000020342F82130044601682A46FFF7D8FFF9
:10177000E36861682060984202BF236943F0080370
:1017800023612A462046FFF7CBFF606038BD2DE974
:10179000F74FC768C6699B4606EB8703009316F8A8
:1017A000273003F00303022B0446884691464FF08E
:1017B00000030BD01360CBF8003023699B0713D4D0
:1017C0004FF0000A504603B0BDE8F08F56F82710DE
:1017D00013608908CBF80030EFD0FFF7AFFFE36864
:1017E000A3604FF0010AEDE7A36906EB8700984775
:1017F00016F8272012F0010A0546E1D012F0020285
:101800001FD0B8F1000F03D041462046FFF7A2FFDA
:1018100061682A462046FFF783FFD4E902219142FE
:10182000606006D12A462046FFF77AFF4FF0000A93
:10183000A060A2682260E260226942F00802226190
:10184000C0E7014620460192FFF778FFE368A360F6
:10185000B8F1000F04D02168E369019A43F8212010
:1018600005EB0802CBF8002021682046FFF758FF5F
:101870002369206043F00803236116F827306FF3D3
:10188000000306F82730009BC9F80030A9E770B5BF
:1018900004461546FFF744FF2368834205D12369B8
:1018A000216023F00803236170BDE269AB0043F0BF
:1018B000020342F82130204661682A46FFF730FFD4
:1018C0006060F1E738B503695B07044606D5456AF1
:1018D000FFF715FF85422CBF6562606238BD38B5E1
:1018E0000D4604461C22002104F092FAEB68A36125
:1018F000AB6863612B68E3616B68236200226262FC
:101900002A6923B1591E194208BF42F0010222611F
:10191000012204F128000021BDE8384003F074BB27
:101920002DE9F04F87B000250093036A03958B42A1
:1019300004460E4692460595A94639D3EFF3118B1E
:10194000202383F31288BFF36F8F059AD8462AB1FC
:1019500029462046FFF79BFF0023059304A9204654
:10196000FFF7BAFE0499B14207462AD32268E36919
:1019700013F8221021F0030103F8221003EB82096F
:10198000216832462046FFF7CBFEE368206098428C
:1019900012D0002788F31188BFF36F8F039929B104
:1019A00062690AB12046904700230393002FC5D1F6
:1019B000484607B0BDE8F08F236943F00803236170
:1019C000E7E718B12046FFF7C5FEE3E7009B5AEAB8
:1019D00003021CD0019103F0E4FB0199B8B9BBF1FB
:1019E000000F14D187F31188BFF36F8F009B52460D
:1019F00004F12800FCF798F8EFF31188202383F313
:101A00001288BFF36F8FB0FA80F77F09C2E705AB8A
:101A100003AA20462568FFF7BAFE0746BAE770B565
:101A20000446836908460D4698470246EFF311863F
:101A3000202383F31288BFF36F8F2B7843F00103C9
:101A40002B7061682046FFF76BFE60602046FFF751
:101A500039FF86F31188BFF36F8F70BD2DE9F04118
:101A6000044620270020EFF3118687F31288BFF386
:101A70006F8F236913F0080FA36802D16268934245
:101A800000D9226AE169D21A5AB986F31188BFF3E4
:101A90006F8F18B104F12800FCF70CF84FF0000824
:101AA00034E011F8232012F0030501EB8308ECD099
:101AB000022D03D151F82350AD0805D1D00713D41E
:101AC000A369404698470546A1682A462046FFF785
:101AD00027FE2946A0602046FFF730FE86F31188D6
:101AE000BFF36F8F0120BEE742F0020201F823200E
:101AF0004046A369A5689847294602462046FFF755
:101B00000FFEA06086F31188BFF36F8F4046BDE8DB
:101B1000F081F8B50446836908460D4698470646A5
:101B2000EFF31187202383F31288BFF36F8F2B7895
:101B30006FF300032B7023699B0705D5E268E36907
:101B400003EB82039D421AD12B786FF341032B7074
:101B5000D4E90231994204D132462046FFF7E0FD34
:101B6000A06031462046FFF7E9FD87F31188BFF3F7
:101B70006F8F04F12800BDE8F840FBF79BBF2B688E
:101B800060F39F032B60F0E7EFF31181202383F3D1
:101B90001288BFF36F8F036913F0080F836802D1B7
:101BA0004268934200D9026AD31A81F31188BFF3C5
:101BB0006F8F181E18BF01207047036800220BB9F1
:101BC000184670478B4210D10B6842B942680360D7
:101BD000914200D1436000230B60012070471360E5
:101BE0004368994208BF4260F5E71A461B68E6E77A
:101BF000038B13F0070305D10368002B0CBF0020F3
:101C000003207047022B05D1408BB0FA80F04009C9
:101C100080007047012B05D10368002B0CBF00200A
:101C2000052070470020704710B50C4600B111B96F
:101C30006FF0150010BD081D00F0D2F80028F9D192
:101C4000A368032BF6D9F3E72DE9F0410D460746CB
:101C50001946281D90461E4600F0D6F8044638B1B5
:101C60003346424629463846A446BDE8F04160471F
:101C7000BDE8F08110B4EFF31182202484F31288C0
:101C8000BFF36F8F416110BC0121EFF73BBD38B549
:101C90000C46054658B151B10B6843B14B6833B19E
:101CA0001C22002104F0B4F82C61002038BD6FF034
:101CB0001500FBE770B505460E46FFF7B5FF041E9D
:101CC00014DBEFF31182202383F31288BFF36F8FAD
:101CD0006B8B2C8B4FF6FF718B4204F0070407D1FE
:101CE00082F31188BFF36F8F6FF00A04204670BD36
:101CF000022C0CD101336B8382F31188BFF36F8FF9
:101D00000023224631462846FFF79EFFEEE7062CC9
:101D100014D8DFE804F004131313041A040000239A
:101D200033606B683BB9C5E90066ACB9022128464F
:101D3000EFF7E8FCDAE71E606E60F6E782F31188E1
:101D4000BFF36F8F6FF00404D0E782F31188BFF305
:101D50006F8F6FF08504C9E782F31188BFF36F8F2F
:101D6000C4E710B5EFF31182202383F31288BFF389
:101D70006F8F048B04F00704022C0AD0012C0CBFD7
:101D80006FF004006FF0850082F31188BFF36F8F4E
:101D900008E0438B013B9BB2438323B92146EFF715
:101DA000B1FC204610BD2046EEE738B5A8B1A1B180
:101DB000EFF31185202282F31288BFF36F8F048B1B
:101DC000FFF7FBFE30B104F0070085F31188BFF385
:101DD0006F8F38BD6FF07700F7E76FF01500F8E709
:101DE000034640B1426802F00302022A06D0032AE9
:101DF00004D0012A05D06FF0150070471A68002A38
:101E0000F9D000209860704710B54268816002F0F8
:101E10000302022A03464FF0000407D0032A02D02F
:101E20005C60002001E018685C6010BD18685C60B0
:101E30000028F6D0FDF78EF8F3E770B50C8806465B
:101E40008888241A3069A4B2844285B224BF641BF6
:101E5000A4B22D1BA8B2984228BF18463368234469
:101E600013600B8803440B8070BD70B48389858830
:101E70000669ED1AADB2731B934228BF134670BCBE
:101E80000A46011DFFF7D9BF70B40E460146C5884A
:101E900031F80A3FEC1AA3B2934228BF13463246E8
:101EA00070BCFFF7CABF10B54B880C88E41AA4B207
:101EB00094420ED31A4492B28B884A800A800069F9
:101EC000D21A92B2824201D2002010BD03448B800C
:101ED000FAE76FF01500F8E72DE9F34106460F46E3
:101EE00015464FF000082A4601A93046FFF7BDFF0E
:101EF000044640B102463946019803F061FF2D1BAC
:101F0000A0442744EFD14246311D3046FFF7CBFFB6
:101F1000404602B0BDE8F0812DE9F34107460E4688
:101F200015464FF000082A4601A93846FFF7ACFFD6
:101F3000044648B12EB102460199304603F040FFF5
:101F400026442D1BA044EED1424607F10A01384633
:101F5000FFF7A9FF404602B0BDE8F081704770B4BA
:101F6000C6680468806A0D0C06FB054414FA81F10A
:101F700084682468A44670BC60472DE9F0431C4681
:101F8000C36A1D686D4289B006468846174605F04B
:101F900020051CB9204609B0BDE8F083AC42A1463B
:101FA00028BFA9464B466A4641463046FFF7D7FF51
:101FB0000028F0D16B46484502D1241A8044E8E756
:101FC00013F8012BBA4201D10130F4E70120E2E716
:101FD0000B6803F580330B60008A1A0CB0EB134FCB
:101FE00004BFA3EB02430B60704738B5C2680368B7
:101FF0000D0C090C04462D04806A02FB013101F02E
:10200000F0F850B9E26AE368527929462046FFF7B2
:10201000B4FF002818BF6FF0050038BD10B50146A9
:1020200004460722FF20F3F755FDE07110BD0023A1
:10203000F0F704BC0368012B81BFC91801F1FF311F
:102040005B421940084670472DE9F0410C460546B1
:102050000821C06AFFF7EEFF072207462146FF204E
:102060006688B4F80480F3F735FDE379834208D13C
:10207000E8684644C01BB04294BF00200120BDE880
:10208000F0810020FBE738B505460C46FFF7DCFF82
:10209000A0B1A08898B922884FF6FF739A420DD15B
:1020A000E86A0821FFF7C6FF6288EB689B1AB3FB5A
:1020B000F0F202FB1030B0FA80F0400938BD002089
:1020C000FCE7F7B504460D46C06A0821FFF7B2FFEA
:1020D0002968074608232046FFF741FF06460028E7
:1020E00036D12B683B442B60E26899B2D21B9142F7
:1020F0002ED11A0C03BF228A02F1FF3203EB0241F8
:10210000A3F58031296008236A462046FFF727FFA0
:10211000E8B9E36A5A796B4613F8011B8A420CD17D
:1021200001300828F8D1636805E02B68BDF802206B
:102130001B0C1B0413442B600AE069462046FFF782
:10214000A2FF0028F1D129462046EFF7E9FB064619
:10215000304603B0F0BD2DE9F043074689B0904604
:102160001C461BB9002009B0BDE8F083FD683B6840
:10217000080C05FB003313FA81F6FB6A1D686D42FB
:1021800025400CD0B86A83683146D3F804902B46BA
:10219000C8470028E7D1641BE4D02E44A844224657
:1021A0004146684603F00CFEFD6A2A686979121BF5
:1021B0000DEB040003F02CFEB86A2B6882683146F0
:1021C00054686A46A047CEE710B50A46082341681E
:1021D0000446FFF7C0FF08210246E06AFFF72AFF26
:1021E00063681B1A6360104610BD13B54FF6FF738A
:1021F00000220446ADF800308DF806308368ADF853
:1022000004206846ADF80230FFF708FF6946204613
:10221000FFF7DAFF02B010BD2DE9F04F044695B08C
:10222000C06A0821FFF706FF63681B0C1B04054604
:1022300003A920460393FFF7CBFEDDF80CB0E66858
:102240005E44761B06AA0823314620460496FFF713
:1022500086FE021EC0F2A980E36A06AA597900230D
:1022600012F8010B814240F08F800133082BF7D127
:10227000A36862682B449A427ED259462046FFF7F3
:10228000B4FE024691E0BDF81A30360C36041E4406
:10229000049608AA04A92046DDF810A0FFF711FF54
:1022A0000246002840F0818008A92046FFF7CCFEB6
:1022B00018B9019B9A45ECD1DAE7636805930AAA3D
:1022C00005A92046059EFFF7FCFE024600286CD1BA
:1022D000BDF82820BDF820309A4227D06268059BBF
:1022E0009A42ECD15645E4D1BDF82430002BE0D021
:1022F000BDF822704FEA1A431B041F4408A8A368C4
:10230000ADF82230FFF78AFEE36ABDF824901E681C
:10231000764206F02006B9F1000F0ED108A920463A
:10232000FFF752FF02460028C3D03EE00AA920462C
:10233000FFF78AFE0028D1D0D4E74E45B04628BF2B
:10234000C8460CAA434639462046FFF708FE024617
:1023500058BB4346A1680CAA2046FFF7FCFE414645
:102360000246E06AFFF766FEA3680344A360E2B991
:10237000A9EB08094744CEE72046FFF736FF02469F
:1023800000283FF47AAF10E0731B06A920460193A2
:10239000FFF779FE00287FF476AF04A92046EFF717
:1023A000BFFA024600283FF474AF104615B0BDE8EE
:1023B000F08F00231A46EFF757BD13B500240094A1
:1023C000EFF740FE02B010BD03785B075FBF036804
:1023D0004288C3F34A2303EB12105DBF173020F08D
:1023E00007008008002070470020704701F0AEBE53
:1023F0000346BFF35B8F53E8000F421C43E8002104
:102400000029F8D1BFF35B8F70471FB50023CDE9DA
:102410000201CDE900331A4619461846F0F79AFA38
:1024200005B05DF804FB0120EFF75ABF00207047AC
:1024300018B140680079F0F765B94FF0FF30FAE75E
:1024400038B5436804460D46DA711146F0F7B8F91D
:1024500063681D60636801225A71BDE83840EFF778
:1024600031BF70B515460C4669B1D2E901369B1BE8
:1024700099420AD813680A460146981903F0A0FC4D
:10248000AB682344AB60204670BD6FF01B00FBE7D8
:1024900070B50E4615461946044618B9BDE8704099
:1024A000EFF71EBF33B1C2F34A231030120D1844A8
:1024B00003F086FCC4E900562046BDE87040F0F702
:1024C000C7B8F8B506460D4614461F4604B9F8BD10
:1024D000214628463A46B047241A0544F6E710B587
:1024E000426881680446D2E900230068FFF7E9FFEB
:1024F000636800221A6010BD38B54B681A68CB6853
:102500009A4205460C4602D10846FFF7E8FF636889
:10251000BFF35B8F53E8002F511C43E800100028E5
:10252000F8D1BFF35B8FA3689D54002038BD0A2803
:1025300038B504460D4602D10D20FFF7DDFF2946D0
:102540002046FFF7D9FF002038BD2DE9F0430546AE
:1025500087B008460E8891F80090D1F808800C46A4
:102560001746F0F759FA011EC6F38216C9F3C209DD
:102570001EDB4846F0F77EF803462146608851F896
:10258000102B0196C2F34A22002A01EB0204C0F389
:102590000B1008BF00210022CDE90407CDE9021489
:1025A000009241462846F0F763FA07B0BDE8F08391
:1025B0000023E2E7C3691BB11B790B700020704751
:1025C0006FF057007047C3693BB1DB682BB1DB6923
:1025D0001879B0FA80F0400970470120704770B553
:1025E000C56904460E460DB103232B712046FFF743
:1025F000EAFF98B103212046B047002802DA10F123
:10260000860F0BD1012125B920463346BDE8704025
:10261000184729712046B04700232B7170BD00294F
:1026200008DB8068884205D9401A904234BF0020F8
:102630000120704700207047704710B50B460446D4
:10264000FFF7EDFF40B16168E068194483689B685B
:102650002BB1BDE8104018476FF0150010BD6FF0AA
:102660005700FBE770B54C680368A34201D2012014
:1026700070BD8A682244934201D30020F8E7D1E973
:1026800003254E69B54203D36FF00B038B61F4E76A
:102690001B1B42F835304368086902EBC0025360E7
:1026A0000B6901330B61E2E737B50C46C0B201A9F3
:1026B0001546F0F7B1FC00280CDB019850B121461B
:1026C0002A46F0F7CFFC04460198FFF7B5FF2046F5
:1026D00003B030BD6FF01504F9E70020F0F72CBD12
:1026E000034610B508460AB10021116053B1D0B1BC
:1026F000411E11F8010F80B113F8014BA04201D126
:102700003D28F6D100200EE0013313600AE03D2899
:1027100008D0B0FA80F0400905E018782F28F6D1EB
:10272000002AF1D1012010BD0021F0F783BE08304E
:10273000704710B5134614460A4681880068FFF7B3
:102740003CFEA042A8BF204610BD2DE9F04F97B037
:10275000044601929A46894600297CD0DAB1BAFA39
:102760008AF67609258F0135ADB2A84604F1080B2B
:102770006F1EBFB2B7F5004F26D04A2303AA3946D1
:102780005846FFF71AFE002807DA10F1020F08BFBB
:10279000B8463D46ECE70126E4E700F158030DEBAF
:1027A0000300002300F84C3C03A94846EEF7A2F8CA
:1027B0000028EED126B339465846FFF7FAFD002827
:1027C00005DA17B0BDE8F08FBEB30020F9E705F5D4
:1027D0007F513F3189B25846FFF7EBFD0028F0DB0F
:1027E000238FBB42F1D12246013B22F8383F4FF400
:1027F000004102235846EFF737FB00EAE070E0E7BC
:10280000B846B8F5404F29D0238F434504F1080559
:1028100015D308F58041019A534689B22846EFF74F
:1028200023FB0028CDDB002ECFD04846EEF774F80E
:102830004A46034641462846DDE70126E1E72246AF
:10284000022322F8388F4FF400412846EFF70CFBA3
:102850000028DEDAB5E76FF01500B2E76FF00B0085
:10286000AFE773B5C36B03630446C3B100F1080659
:102870003046EFF7B3F8054670B902230DF10602B2
:102880004FF400413046FFF798FD0028ACBFBDF87B
:1028900006304FF400432387284602B070BD6FF026
:1028A0001205F9E708B50120EEF716FF08B500207C
:1028B000EEF712FF0B68834204BF01230B717047D0
:1028C00010B500201C4602F07BFA2060002010BDED
:1028D00008B519B14068083002F0E6FD002008BDD7
:1028E00010B5446B0020FAF7D9FC28B12368216C9D
:1028F0000020BDE81040184710BD08B540680830FA
:1029000002F0D2FD002008BD10B50346BFF35B8F77
:1029100053E8000F40EA010243E80024002CF7D1FD
:10292000BFF35B8F10BD10B50346BFF35B8F53E859
:10293000000F00EA010243E80024002CF7D1BFF3A6
:102940005B8F10BD042100F51B70FFF7DDBF00F5A4
:102950001F70FBF7AFB84FF0FF324FF0FF3300F5B9
:102960001F70FBF7E1B800F51B7019B14FF400615F
:10297000FFF7CABF6FF40061FFF7D5BF08B500F5D8
:102980001A7029B10121FFF7BFFF00F0010008BD57
:102990006FF00101FFF7C7FFF7E773B504468068E2
:1029A0000E46154600F51C7000220023CDE90023D9
:1029B00002F01FFF58B1A06800F51C70314602F00C
:1029C00014FF20462B4602B0BDE87040184702B005
:1029D00070BD38B5054688680C4600F51C7025B9F1
:1029E0000121BDE8384002F0FDBE082102F0FAFEE8
:1029F000012D07D1A0680221BDE8384000F51B7009
:102A0000FFF782BF38BD08B500F51F70FBF78CF8E3
:102A1000B0FA80F0400908BD10B504468068012175
:102A200000F51B70FFF770FFA3681B79022B02D122
:102A30002046F1F7F9F9A0686FF00101BDE81040F8
:102A400000F51B70FFF76FBFF8B5044680681F469E
:102A50000379022B0D46164607D0BDE8F8404FF427
:102A6000805100F51B70FFF74FBF40F267620023F3
:102A7000FFF7C9FF48B3A368D3F86C22100508D448
:102A80009A6B32B9D3F86832990602D5204600F025
:102A900052FA3B4632462946204600F097FAA36890
:102AA000D3F86C22120508D49A6B32B9D3F8683285
:102AB0009B0602D52046F1F72DFD606900F04FF826
:102AC000A068BDE8F840FFF742BFF8BD0CB407B5F9
:102AD00004AB53F8042B0193FFF7B6FF03B05DF886
:102AE00004EB02B070470EB403B503AB082153F8F2
:102AF000042B0193FFF7A8FF02B05DF804EB03B0CD
:102B000070470EB403B503AB032153F8042B0193B4
:102B1000FFF79AFF02B05DF804EB03B070470EB404
:102B200003B503AB012153F8042B0193FFF78CFF8E
:102B300002B05DF804EB03B0704710B540F2676275
:102B4000044600238068FFF75EFF38B12046F0F7A7
:102B5000F9FFA068BDE81040FFF7F9BE10BD10B541
:102B600002698368126801680446C068984723694F
:102B700000221A6010BD38B5CB681B7C022B0546BD
:102B80000C4604D10A2802D10D20FFF7F4FF236977
:102B900022681B68D55422691368013313602369C6
:102BA0001A6863689A4202D12046FFF7D8FF0020D6
:102BB00038BD08B510B1EDF7AFFE80B208BD10B555
:102BC000047B438922442144B2FBF3F003FB10222F
:102BD000B1FBF3F003FB1010101A10BD10B5047B0D
:102BE000438921441019B1FBF3F1B0FBF3F0401A13
:102BF00010BD30B5057B43892944B1FBF3F403FBD9
:102C0000141101312A4401340180B2FBF3F103FBBA
:102C10001122848001324C1CC480428030BD2DE9D9
:102C2000F74F002607468846144699460660B24686
:102C30002378002B00F0BF80202B3AD0093B042BD7
:102C400037D93B685A1C3A6048F823403B684B45EB
:102C500000F0B18000262278002AE9D0A6B91646F5
:102C600023461C46272E04D05C2E25D0222E40F071
:102C700096802046FFF79DFF611C0246204603F028
:102C8000ADF82278002AD3D0B242A34604F1010461
:102C900020D15846FFF78DFF21460246584603F0E3
:102CA0009DF89BF800605C46002ED9D1C0E7002655
:102CB000BEE704F801ABBBE72046FFF77AFF651CCF
:102CC00002462946204603F089F866782C46002EF5
:102CD000C8D1ADE75C2A9BF80120D3D1B24210469F
:102CE00008D15846FFF765FF21460246584603F0D3
:102CF00075F8B0E7302A25D1022300251BF8030020
:102D0000A0F13001C9B2072919D8ED000133EDB2A5
:102D1000052B45EA0105F1D1591E59445846019346
:102D20000091FFF746FF019B0099023BC21A5846EB
:102D300003F054F89BF801208BF80050A2E7DBB2B7
:102D4000022BE9D1782825D1022100251BF801307A
:102D5000A3F13000C0B2092808D82D01EDB2054317
:102D6000022901D00423D7E70321EFE7A3F1610093
:102D7000052805D82D01EDB2573B1D43EDB2EFE715
:102D8000A3F14100052803D82D01EDB2373BF4E74C
:102D9000022902D10BF1010474E70323BCE7202EC2
:102DA00085D0093E042E82D96678631C002E7FF4FC
:102DB00058AF1C463CE7304603B0BDE8F08F2DE924
:102DC000F0410F4686B01646044670B1034601AC8A
:102DD00000F1100518685968224603C20833AB4257
:102DE0001446F7D11868106001AC4FF00008414656
:102DF00032462046F1F740FA08F10108054628B1AD
:102E000029683846EDF776FD0028F0D1284606B04F
:102E1000BDE8F0810EB403B503AA52F8041B019279
:102E2000F1F716FA02B05DF804EB03B0704738B55D
:102E30000446B0F84450006810B1EDF76DFD80B263
:102E4000401907D0638DB0FBF3F203FB1200B0FA18
:102E500080F0400938BD704738B58468D4F86832CE
:102E6000B4F846502068C3F340035D4310B1EDF75A
:102E700053FD80B2638D2844B0FBF3F203FB1200D4
:102E8000B0FA80F0400938BD10B504468068B0F84B
:102E90004420B0F846102030FFF7ABFEA068FFF7E3
:102EA000C6FF20B16069BDE81040F1F747BA10BD18
:102EB00038B5054680680C46B0F84610B0F8442096
:102EC00020300C44FFF795FEA868A4B2B0F8461075
:102ED00022462030FFF782FEA8682246B0F846104E
:102EE0002030FFF76CFEAB68A3F8464038BD83681E
:102EF000B3F84610494209B2FFF7DABF8368B3F866
:102F00004410B3F84630C91A09B2FFF7D1BF83683D
:102F1000B3F846301BB14FF0FF31FFF7C9BF704720
:102F20008368B3F84620B3F844309A4202D20121B4
:102F3000FFF7BEBF70478068B0F84420B0F8461075
:102F40002030FFF756BE2DE9FF4105460F461446D7
:102F50000026A4B904B0BDE8F081D3F86C22920732
:102F6000FBD5BFF35B8F03F51B7353E8001F21F004
:102F7000020143E80012002AF7D1BFF35B8F6868B3
:102F800003682246D3F80C80B91903ABC047039AF3
:102F90001644A41A002ADCD1AB6819790329EED0B3
:102FA0000229DAD84FF0FF304FF0FF31CDE90001B0
:102FB000082103F51C7002F01CFCA86800F51C70C9
:102FC000082102F012FCDAE7FFF7BDBF11464069A5
:102FD0001A46F1F73DB90CB407B504AA406952F896
:102FE000041B0192F1F734F903B05DF804EB02B071
:102FF00070472DE9F0418768B7F84460B318FF2B9C
:1030000005468846144626DCB7F84630F61A4A3399
:103010001F44B6B232463946381902F0DFFE224666
:103020004146384602F0CCFEAA68B2F84430234448
:10303000A2F84430AB68B3F844201344002283F86C
:103040004A20AB68D3F86812890706D4B3F8462043
:103050001444A3F84640BDE8F08131462846BDE857
:10306000F041F1F7ADB938B505468068B0F84620B3
:10307000B0F84440A41AA4B29CB14A321044411C96
:10308000224602F0ABFEAA68B2F84430013BA2F837
:103090004430611E28460122BDE8384089B2F1F76C
:1030A0008FB938BD10B58368B3F8442004465AB1CF
:1030B000B3F8463043B14FF0FF31FFF7F9FE204639
:1030C000BDE81040FFF7CFBF10BD70B592B0002330
:1030D000054601934FF47A746868036840221E69BC
:1030E00002A901ABB047019B13B108B9013CF3D170
:1030F00012B070BD0EB403B503AA52F8041B0192BE
:10310000F1F7A6F802B05DF804EB03B070472DE9C3
:10311000F843054690460F46002960D000243B5DE9
:10312000202B23D0093B042B20D93846EDF7F4FBA4
:10313000AB68598D80B2001BA1EB0803984207EBE6
:10314000040915D94846002610F8012B202A06D07C
:10315000A2F1090CBCF1040F02D80A2A2ED0334682
:1031600008EB0602914228D90136EDE70134D6E793
:103170004B460026B04208D168694946FFF7BAFFBE
:103180006869BDE8F843F1F7DDB913F8012B0A2AA5
:1031900011D16869FFF7E3FC324649462846FFF73C
:1031A000D2FE013434446869F1F7CCF9414628462F
:1031B000FFF751FEB9E70136DCE71E466869FFF705
:1031C000CEFC324649462846FFF7BDFE34443B5DFF
:1031D000202B02D0093B042BE5D80134F7E7BDE8EA
:1031E000F8832DE9F0418768FB6804460D461646D2
:1031F0009847BB682BB1324629462046BDE8F041CE
:1032000018476FF05700BDE8F08108B50020EEF7D1
:1032100063FA02F0FDBD02F0D3BD01460068F1F78C
:1032200087BB08B5F1F720FCBDE80840F1F740BCCA
:103230000023EFF703BB00210120F1F779BB6FF00A
:103240008500704761B662B680F31188BFF36F8F57
:10325000704772B6002383F31188BFF36F8FBFF3FB
:103260004F8F30BF62B6BFF36F8F704772B60023C7
:1032700083F31188BFF36F8FBFF34F8F20BF80F3AD
:103280001188BFF36F8F62B67047202809D9B0F15B
:10329000004F08D80138B0FA80F0C0F11F0040009C
:1032A0007047082070473E20704708B5D1E90431C7
:1032B0009847002008BD08B5F2F7A8FB002008BD1C
:1032C0000369C9B20C2201FB0233186C00F007003D
:1032D000704770B5C9B20369EFF31185202484F3F8
:1032E0001288BFF36F8F0C2606FB0134246C14F098
:1032F000C00408D0A24206D085F31188BFF36F8FB7
:103300004FF0FF3070BD71430B4401221A6485F306
:103310001188BFF36F8F43680B445B6898470020A8
:10332000F0E78022FFF7D5BFF8B5069F0469C9B260
:10333000EFF31186202585F31288BFF36F8F0C25DC
:1033400069430C44256C05F0070CBCF1010F0BD14F
:10335000276486F31188BFF36F8FC4E90E23436897
:103360005B5898470020F8BD05F0C005AF4286F3D2
:103370001188BFF36F8F0CBF6FF077004FF0FF30F5
:10338000F1E713B580240094FFF7CEFF02B010BD23
:1033900010B40069CBB21C2403FB0400002110BC54
:1033A00010471046FAF786BB01F040B9F9F726B985
:1033B000F7B51C461646002382682360A360536954
:1033C0000D4601AA69469847019B5A1E01921BB9F6
:1033D0006FF0150003B0F0BD0098A268476821683F
:1033E000676085B9B31AD0F800C0634528BF63464B
:1033F0001A4403FB07112160A26002689A4206D8B2
:1034000008300090E0E76B1AB3FBF7F3EBE700201E
:10341000E0E713460022FFF7CBBF2DE9F0478368B2
:1034200086B05B698846914601A902AA98470024A4
:10343000A2462546029BAB4202D806B0BDE8F08703
:10344000019F07EBC50700267B6804933A68B242E8
:103450000AEB060302D801359A46EBE7039405937D
:10346000494603A8C0470028E7D0049B01361C4406
:10347000ECE710B50C4601F0BAFB0023C4E90003E9
:10348000184610BD38B505460C4601F0B0FB002DBE
:1034900007DBA84205D9401B84428CBF00200120D5
:1034A00038BD0020FCE770B50D4628461946164683
:1034B0001C46FFF7E7FF28B921462846BDE87040C3
:1034C000F2F7EEBC24B122462946304602F078FCE1
:1034D000002070BD43685B68D3F810350B60002096
:1034E000704743685B6802EA010021EA0201C3F801
:1034F0000805C3F80C150020704743685B6800207E
:10350000C3F80815704743685B680020C3F80C15C2
:10351000704743685A68D2F8043521EA03000B402B
:10352000C2F80805C2F80C350020704710B50369D1
:103530005868F8B1884219D19C6808685860A1425F
:1035400000D19860002008602AB15A680A609A6821
:10355000596002B99960002010E0814206D10868E4
:10356000206098688142EDD19C60EBE704460068DA
:103570000028F2D1002AE8D16FF0150010BD00201C
:103580007047F9F74FB930B543681360057A44685E
:1035900004EBC504A34202D36FF0010030BD5C7997
:1035A0008C4201D00833F0E70020F7E743681B683E
:1035B000D3F88004C3F88004704703691A6813685D
:1035C0000BB152681847704730B587B004460D46B6
:1035D0001422002101A802F01BFC04230DEB0301BF
:1035E00020468DF804300295FFF7E7FF07B030BDA5
:1035F00070B586B0066904460D461422002101A864
:1036000002F006FC02238DF8043033681B6C029331
:1036100033689B6C01A92046CDE90335FFF7CDFF48
:1036200006B070BD30B503691C6843681B68EFF3D2
:103630001185202080F31288BFF36F8F206CA8B112
:10364000E06CB0B9C4E91312042AC3F83415C3F806
:10365000382582BFD3F8002242F02002C3F80022AE
:10366000002085F31188BFF36F8F30BD6FF00C0021
:10367000F7E76FF00F00F4E70369186820B1016005
:103680001B6800205A6070476FF08500704710B5C6
:10369000426800691368006860B9D3F8104164B1EA
:1036A000D26A12780A70C3F81001D3F810210122EF
:1036B0001A6010BD6FF08500FBE74FF0FF30F8E7B0
:1036C00073B543680E460DF107011C681546FEF7F9
:1036D00071FF9DF807306BB9C4F84465C4F84855CC
:1036E000C4F82031D4F82021C4F85831D4F8583126
:1036F0000123A36002B070BDF8B503691D6843687B
:1037000004461E680F4605F1080001F0CDFEEFF3F8
:103710001182202383F31288BFF36F8FEB6C53B1B8
:10372000D6F8003223F02003C6F800320023C6F892
:103730004C31D6F84C31002385F8693017B101239C
:1037400085F86A3023691968012381F86830616857
:1037500009684B6082F31188BFF36F8F0020F8BDBA
:1037600003691B681B6C13B10121FFF7C5BF6FF024
:103770000D00704710B503691968D1F8AC20D1F875
:10378000B840121B13D0082A28BF08224068C1F88D
:10379000B4201968006AC1F8B0001B68D3F8A810FB
:1037A000D3F8B830194402F00BFB012010BD1046CD
:1037B000FCE710B5044612EA030005D0605818B1C2
:1037C000002363506358012010BD02680346D2F8FD
:1037D000580140B95B68DB0706D4D2F820010038F5
:1037E00018BF012070470120704710B5044640689B
:1037F000FFF7EBFF0B6848B9012283F8C02063682C
:103800001B684FF48002C3F8042310BD002283F824
:10381000C0200B684FF0FF32C3F8BC200B68204675
:10382000D3E92C12FFF74CFFE9E713B501AA0446D0
:10383000FFF7A9FE002805DB019B226819791868AB
:10384000F2F738FE02B010BD01292DE9F843044615
:103850000D461FD146680769D6F80080F068002140
:10386000FFF7E3FF0823C8F800353B6813B90020D1
:10387000BDE8F88363689B69002BF8D0B3691D60CD
:1038800000233A6892F867209342F0DAB269013374
:103890009560F6E7002949D1D0F810904668D9F82C
:1038A00000303568002B39D0736813F0010817D148
:1038B0004FF48073C5F808334FF47A776068FFF7E8
:1038C00084FF20B9012000F02CFE013FF6D1D5F88D
:1038D00058312BB9C5F82031D5F820310123EB60E0
:1038E0004FF47A77D5F8583123B9012000F019FE4A
:1038F000013FF7D1B8F1000F03D14FF48073C5F841
:103900000433D9F800304BB163689B6933B1B369B4
:1039100001221A61D9F8003000221A66F0680121EC
:10392000FFF783FF0023C5F80035A0E76FF085009F
:103930009EE72DE9F041476B7B683A691B68126886
:10394000D3F8081141B10021C3F80811D3F80831A8
:1039500082F86610BDE8F08192F866300133DBB280
:10396000042B82F86630F5D101F09EFD7E683B693C
:10397000B2695AB91A68D36CB3FA83F35B0982F857
:1039800068307B681B6801225A60E3E71C68D6F840
:10399000008094F86530002BDCD196F91C00F1F71B
:1039A00091FDB36901221A64B369D3F84055236EBF
:1039B000ED1A0ED0A36C626C2B44934209D22946B7
:1039C0003846FFF715FEA36C2B44A364236E2B44EB
:1039D00023660423C8F8043396F91C00BDE8F041BF
:1039E000F1F762BD2DE9F84303691C6843681E685E
:1039F000012384F865301746002294F86730884622
:103A0000D6F83C1584F86720A26C9B1A0B44226EF2
:103A100023EAE3710A44002B0546226601DDFFF725
:103A2000E7FD216C2846FFF7CFFDE36C2364236D8F
:103A300063640023C4E91333A36494F86930F3B1D9
:103A4000EFF31189202383F31288BFF36F8F236C68
:103A5000D3B1D6F8003223F02003C6F80032B8F113
:103A6000000F08D13FB901233360C6F84471D6F87E
:103A7000443184F8687089F31188BFF36F8F002395
:103A800084F86530BDE8F883D4E91632134303D0D7
:103A900004F1080001F008FD2B691A68012382F87F
:103AA00068306A6812685360E5E72DE9F04F4368B3
:103AB000D0F810B01D68DBF80070D5F804938DB015
:103AC00004464B464FF400324FF4A2712846FFF7EC
:103AD00070FE064608B197F868604B4610224FF416
:103AE00088712846FFF765FE4B46039004224FF489
:103AF00084712846FFF75DFE4B4604904FF4002288
:103B00004FF4A6712846FFF754FE4B4680464FF40B
:103B100000724FF492712846FFF74BFE38B363688A
:103B20001B680593D3F880A41422002107A802F093
:103B30006FF906221AF0010F059B8DF81C2040F04A
:103B4000F1801AF0020F40F0EF801AF0040F40F0FD
:103B5000ED800AF008028DF8202007A92046C3F85E
:103B600080A4FFF72AFD00212046FFF7C5FD049B36
:103B700093B123696268D2F800A01A68002182F824
:103B800066101868D0E91623CDE900230830FBF74A
:103B900021F90423CAF80833039B002B00F0C880E6
:103BA000FB6C002B40F0F480B8F1000F40F0C880AF
:103BB000002211462046FFF715FF002E3ED04FF0A1
:103BC000000887F8688023691E68316C21B120469F
:103BD000FFF7FAFCC6F8408096F86A3023B300235A
:103BE00086F86A3062689369F3B11368526AC3F861
:103BF00034250522C3F838250122DA62D3F81021D2
:103C0000002AFBD00021C3F81011D3F81021D3F8FB
:103C10004C212AB1C3F84C11D3F84C21D3F83C25E0
:103C2000336E53FA82F2326663681B680022C3F86F
:103C300008212046D3F80831F2F706FD19F4807FF9
:103C400019D0D5F82031B3B163681B68EFF3118246
:103C5000202181F31288BFF36F8FD3F8201131B187
:103C60000021C3F82011D3F820110121D96082F37B
:103C70001188BFF36F8F19F4800F31D0D5F8583108
:103C800073B363682569D3F80080EFF311822023B2
:103C900083F31288BFF36F8F2B68D3F8BC10002911
:103CA000ACBFD3F8BC60D8F84C6582F31188BFF381
:103CB0006F8F2B68D3F8A82092B193F8C010002919
:103CC00071D0EFF31186202383F31288BFF36F8F37
:103CD00029462046FFF789FD86F31188BFF36F8FD1
:103CE0000BF10803BFF35B8F53E8002F22F00401B0
:103CF00043E800100028F7D1BFF35B8F530740F172
:103D00009080796C2046FFF773FC2046396CFFF7F2
:103D10005BFC00232046C7E910330DB0BDE8F04F2F
:103D2000F2F792BC012216E7022214E7042212E7FE
:103D3000B8F1000F3FF441AFFB6CEBB94FF0000856
:103D40001422002107A802F063F803238DF81C3029
:103D500023691A68D2E9163213431FBF63681B68D0
:103D60000422C3F8042307A92046FFF726FCB8F174
:103D7000000F7FF41DAF20E7039BC5F8103106F05C
:103D8000010201212046D5F81031FFF72BFED5E7BF
:103D900006F0010241462046FFF724FEB8F1000F6D
:103DA0003FF40BAFCAE7D3F8B0108A4211D0D3F872
:103DB000B410D3F8B820B142324430D1C3F8B8209F
:103DC0002046FFF7D7FC00287FF47BAF2B68D3F8A1
:103DD000B8602868703001F067FB1422002107A842
:103DE00002F016F82B68D3F8A830CDE908362B6816
:103DF000D3F8AC309E421CBF01238DF81C304FF429
:103E00008003C8F808332A680023C2F8A8302A685B
:103E100007A9C2F8AC302046FFF7CFFB60E7164693
:103E2000D7E70DB0BDE8F08F38B542680369156873
:103E30001A68D2F8A81051B1002482F8C04018685E
:103E4000703001F031FB0123EB60204638BD6FF08C
:103E50000D00FBE7406BFFF7E7BF002201210420C4
:103E6000F1F752BB10B50B6813B91360184605E0A3
:103E700003685C681CB114600368186810BD0833DF
:103E800003600B68013B0B60EDE70023EEF7D6BC47
:103E900013B501AA0446FFF776FB002805DB019B5A
:103EA000226819791868F2F705FB02B010BD0346C5
:103EB0000A4600681979012303FA01F103691B68B6
:103EC000194218BF82F0010212B18368DB681847FB
:103ED00083681B69FBE7012970B50C4606D143686E
:103EE000586B0021FFF7D4FF002070BD61B9056950
:103EF000466895F8953023B12846F8F771FF85F8A4
:103F00009540706B0121EDE76FF08500EDE710B58E
:103F100004460068D0B1037DC3B149B10121083026
:103F2000FFF7C5FF23681869BDE8104000F06CBFBB
:103F300012B98388DB0409D4006900F065FF2068AA
:103F40000021BDE810400830FFF7B1BF10BD10B52B
:103F5000012200210446FFF7DAFFA36933B9636049
:103F600004F11000BDE81040F9F7A4BD10BD10B574
:103F70000069C36A8B420AD1826A93420AD190F8DF
:103F8000944054B92830FFF7E2FF204610BD6FF08F
:103F90007700FBE76FF01500F8E76FF00F00F5E72B
:103FA00038B505690446A96605F15000F9F782FDA8
:103FB000002285F8942020691146BDE83840283059
:103FC000FFF7A5BFF0B504694568D4F88020D4F8A0
:103FD000883085B00646A2BB002B54D02D8EE06FF2
:103FE000D4F884709D4228BF1D46D4F8843063B154
:103FF000D4F888204AB107F06042B2F1005F04D0E3
:10400000082DD4F89C7028BF0825E26FC4F89050A2
:1040100022B1D4F88020002A18BF2A46019223B189
:10402000D4F88830002B18BF2B4600906946002238
:10403000204603930297F8F717FF014620BB05B00F
:10404000F0BDE16FD4F884702D8E0846BBB1934269
:1040500028BF13469D4228BF1D460029C5D001F048
:104060006043B3F1005FC0D0082D28BF0825D4F805
:1040700098002A4601F0A4FED4F89800B5E79542CE
:1040800028BF1546E9E71946304605B0BDE8F040BF
:10409000FFF786BFF0B587B001238DF80230022309
:1040A0008DF804306B4403930E4601AB0DF1030110
:1040B00000270546029104930597F8F7A7FB041E15
:1040C0000BDB03AA3146284600F0CFFB041E07DABB
:1040D0009DF803102846F8F793FB204607B0F0BD83
:1040E0003C46FAE7F8B50C46054600F07EFD002296
:1040F00021460646284600F023FD03212046F3F71B
:104100001BF800F023F807462B689B5953B1002693
:104110002146284600F067FD20460121F3F70CF800
:104120003046F8BD00F012F8C01B0628ECD96FF03D
:104130007306EDE700F150039B009BB203F180434F
:1041400003F5883300221A601B68704708B5F3F73F
:1041500089F808BD03460A4600681979012303FA65
:1041600001F103691B68194218BF82F0010212B104
:104170008368DB68184783681B69FBE70023EEF759
:104180005DBBF9F747BCBFF35B8F50E8003F40E8E9
:104190000012002AF9D1BFF35B8F704703460A462D
:1041A00000681979012303FA01F103691B681942B8
:1041B00018BF82F0010212B18368DB681847836878
:1041C0001B69FBE700F03CBEF9F774BC0023EEF777
:1041D00035BBF0B4034600681979DB880669876847
:1041E0003468DA0754BF43F4B01383F4D0130125C5
:1041F0008D4023F48012DB074CBF2C43AC4334606A
:104200003B68F0BC184738B5054600F0CAFFC0B996
:10421000286904304FF0FF324FF0FF33F9F784FC88
:104220002869047F2CB10430FFF7CEFF6FF00F0038
:1042300038BD0123037728690430FFF7C5FF204606
:10424000F6E76FF00A00F3E738B5054600F0A9FF7E
:104250000446B8B9286904304FF0FF334FF0FF32FD
:10426000F9F762FC2869037F2BB90430FFF7ACFF34
:104270006FF00C0038BD047728690430FFF7A4FF05
:104280002046F7E76FF00A00F4E710B4846824686A
:10429000A44610BC6047436820330B6001231360C1
:1042A00070470023EEF7CABA0A46014651F8040BDC
:1042B0000023FFF7EABF70B505694668044605F1BB
:1042C000180000F05BFF4FF0FF334FF0FF3228463D
:1042D000F9F72AFC95F848303BB1B28F6068AB2102
:1042E000F4F766F9002385F8483070BD10B5044630
:1042F000F9F7E0FB04F118004FF42032BDE810405C
:104300000023F9F7EDBD38B50446456869B10129C8
:1043100015D1FFF7D0FFAA8FAB216068F4F748F9F9
:104320002069FFF7E3FF002038BDFFF7C4FF95F8D1
:104330003E306A8F002B0CBFB9217921EDE76FF079
:104340008500F1E7F8B5466B04467768A0F11805DB
:104350004FF0FF334FF0FF322846F9F7E5FB7A8F35
:1043600070687921F4F724F9012384F83030284665
:10437000BDE8F840F9F79EBB13B5044660680DF13F
:104380000601F4F7ABF918B9BDF806301B06F5D5F0
:1043900002B010BDF0B504464800451C9D4228D12E
:1043A0009DF81430002B0CBF61264126013C0025EE
:1043B0000A3E571C8D4203D1002302F81530F0BD90
:1043C00094F801C04FEA1C13BCF19F0F86BF9B19E4
:1043D000DBB2303302F8153014F8013F03F00F035D
:1043E000092B86BF9B19DBB2303307F81530013536
:1043F000E0E76FF01500E2E7F0B5441E2646002521
:1044000016F8010F38B9B5EB420F31D114F8012F6E
:104410007AB94008F0BD0BB12028F1D0A0F13007E7
:10442000092F04D920F020004138052820D8013573
:10443000E6E70BB1202AE9D0A2F16105052D10D8DD
:10444000573A451CC00748BF0846D2B249BF10F8CA
:10445000016B120132430A7054BF0A7001462846AC
:10446000D4E7A2F14105052D94BF373A303AE8E789
:104470006FF01500CEE70023EEF7E0B908B5037A38
:10448000052B07D8DFE803F003080C11181DC368DB
:10449000426A1A60002008BDC368426A1A60F9E7E0
:1044A000C36890F824201A70F4E7026900F124012F
:1044B000C06801F085FCEDE7416AC068ECF724FABA
:1044C000E8E70269416AF3E783685B68184700F030
:1044D00034BF08B500F0DAFF4FF47A72A0FB020394
:1044E00002FB0131C00B40EA4140C90B08BD00236B
:1044F000EEF7A4B9FAF72EBD0023EEF79FB9F9F74E
:1045000011BAF9F787BAFAF7BBBD08B5F0F7FCF8AE
:10451000F0F7D0F9BDE80840FAF7B2BD0346002035
:10452000184700F071BC10B502461168B1B1BFF375
:104530005B8FB1FA81F3C3F11F000123834021EAAD
:10454000030352E8004F8C4204D142E8003CBCF126
:10455000000FF6D1BFF35B8FE7D110BD6FF00B00FA
:10456000FBE710B50368CB40DB0714D401238B4075
:104570000268BFF35B8F43EA020150E8004F9442A8
:1045800004D140E8001CBCF1000FF6D1BFF35B8FF3
:10459000EED1002010BD6FF01500FBE770B50C46A2
:1045A0000021054608461646F7F73CFF00280ADBBF
:1045B0003378DB0003F1804303F5F8330020C3F8C0
:1045C0001055C3F8144570BD10B1012802D07047D2
:1045D000F8F714B8F7F7C4BF18B1012803D100F0F9
:1045E0000AB800F023B8704708B5F7F7D5FFBDE863
:1045F0000840F8F743B8F7F779BF38B54FF0804473
:104600000223C4F808330123E3600023C4F8043113
:10461000D4F8043142F21075D4F81834DB0304D511
:104620000120FFF77EFF013DF6D138BDFFF7E5BF62
:10463000F7B5019001A8DDE9084716461D46F8F7D1
:1046400055F8019BB6F1000C18BF4FF0010C00EBC0
:1046500083000B1E18BF0123002D43EA4C0314BF37
:104660004FF00C0C4FF0000C002C43EA0C0314BF6D
:104670004FF4E06C4FF0000C002F43EA0C03D0F82D
:10468000002714BF4FF4403C4FF0000C43EA0C03EA
:1046900022EA030301B109780EB136787600194396
:1046A0000DB12D78AD0031430CB12478240229439B
:1046B0000FB13F783F040C433C43C0F8004703B0C0
:1046C000F0BD1FB50DF10F03019300238DF80F10FE
:1046D00000931A461946FFF7ABFF05B05DF804FBDF
:1046E00010B504460846F8F711F804EB4004A08A18
:1046F000C0F3401010BD10B504460846F8F706F8A0
:1047000004EB4004A08AC0F3400010BD10B504467D
:104710000846F7F7FBFF04EB4004A08A400B10BDEE
:1047200070B5044608461646F7F7F0FF08300D4608
:1047300034F81030DA0509D5C3F3432304EBC30280
:10474000314654F83330526828469847A3682BB155
:10475000E26831462846BDE87040184770BD10B584
:1047600004460846F7F7D2FF00B204EB4000838A04
:10477000DA051DD5C3F3432123F4F853838204F1F2
:10478000120204F1720032F8023F13F4807F03D06A
:10479000C3F3432399420BD08242F4D104EBC1030B
:1047A00000225A6004F17800BDE81040FFF7D9BE3E
:1047B00010BD10B50446FFF793FF40B12046FFF748
:1047C000A5FF00B2800000F5807080B210BD4FF4EC
:1047D000BE70FBE7F0B5034600F580740020054687
:1047E0000127844695420AD1D3F87C2132B10022B8
:1047F000C3F87C21D3F87C3140F00040F0BD25F0B7
:10480000404607FA06F6314209D0D4F800E0BEF17E
:10481000000F04D0C4F800C0D4F800E030430135E4
:104820000434DFE738B504460D46FFF759FFB0B151
:104830002046FFF760FF90B92046FFF767FF226828
:1048400001238340C2F80833236800B203EB8003DE
:10485000D3F8102522F00302C3F8102538BD2846EE
:104860000021BDE83840FFF72CBF2DE9F043174683
:1048700085B004460846F7F749FFD7F800800E4692
:104880000546B8F1000F1FD02046FFF734FF18B1DE
:104890002046FFF725FF30BB0023CDE900338DF81C
:1048A0000E308DF80F300DF10F0243460DF10E0161
:1048B0003046FFF7BDFE2AB204EB4202938A23F092
:1048C000020343F0010393827B68002B34D031460E
:1048D000204693F80080D3F80490FFF70CFF28B12E
:1048E000B9F1000F1FD06FF0150028E028B204EBDB
:1048F0004000838A23F4604323F020038382B9F1CC
:10490000000F10D0B8F1030FEDD87B6821685B6809
:1049100093F800C001EB8C01B8F1000F12D1C1F87F
:104920001085C1F810852AB204EB4202938A23F065
:104930001C0343EA88039382BB684BBB002005B08D
:10494000BDE8F083D1F8102522F00302C1F810254C
:10495000226802EB8C03D3F8102522F44F3222F4A4
:104960004072C3F810253202D3F8101502F47C52BD
:1049700042EA08420A43C3F8102504EB4C03A3F8AB
:104980007C60838A43EA4C3343F020038382CAE786
:10499000D3E9007831462046FFF7E1FE002FCDD065
:1049A00063689F4206D004F17800FFF7BCFD002841
:1049B00004DAC4E7A3689845F5D1002004EBC003EE
:1049C000C3E901782DB204EB4505C0B2AB8A43EAD6
:1049D000402343F48073AB82B0E72DE9F0430546F2
:1049E00085B0084617461E46F7F790FE0C468046EF
:1049F00037B32846FFF77FFE18B92846FFF770FE49
:104A000028BB0FFA88F905EB4909B9F8143013F0FF
:104A10001C0F02D07B78012B19D001238DF80F30A9
:104A20000023CDE900737A1CBB1C0DF10F01204659
:104A3000FFF7FEFDB9F8143043F00303A9F8143072
:104A4000002E41D021462846FFF755FE20B96FF0D1
:104A5000150005B0BDE8F08337782B6803EB8703BA
:104A60000022C3F81025C3F810250FFA88F205EBD1
:104A700042024FEA870C938A23F4604323F0200319
:104A80009382707800B32968B67861440004D1F845
:104A9000103523F4991323F4F853C1F81035230289
:104AA00000F4403003F47C5303433005D1F8105533
:104AB00000F4801003432B43C1F81035938A43EA76
:104AC000473343F0200393820020C2E7C0E903127A
:104AD000704770B504461546FFF702FE48B1084618
:104AE000F7F714FE04EB40040020A38A5B0B2B7045
:104AF00070BD6FF01500FBE738B590F88C400546A7
:104B00009CB960222146143001F082F92868C0F86F
:104B10007C41D0F87C3140F30730F0F7C5FC01232D
:104B200085F88C30AB67204638BD6FF07700FBE727
:104B300090F88C00003818BF01207047F7F722BEAC
:104B40002DE9F34104461746FFF7CAFD0D462668D6
:104B500000B32046FFF7CFFD8046D8B92046FFF7C7
:104B6000D5FD05B2AD0005F5807246F802802168DA
:104B7000B2582944D1F8102542F00102C1F810259D
:104B80002FB12168012202FA00F3C1F8043302B008
:104B9000BDE8F081D6F80433002BA4BF4FF00043EA
:104BA000C6F804332846F7F7B1FD04EB4004A38AA6
:104BB000C3F38203042B12D0052B12D001A8019558
:104BC000F7F794FD019BD0F81015D94001F00101D1
:104BD0000231284602B0BDE8F041FFF772BD032163
:104BE000F7E70221F5E7FFF71DBEFFF7E2BD4FF043
:104BF00080531A695869504370474FF080531869C1
:104C000070474FF080535869704770B5A2F58074B3
:104C1000A408012606FA04F4054614EA010008D0A7
:104C2000A85830B10021A950AA581A6822431A6026
:104C3000304670BD2DE9F341002304460D46019333
:104C4000904601AB4FF4A672FFF7DFFF4FF482727C
:104C500029462046FFF7D9FF4FF48C7207462946B4
:104C60002046FFF7D2FF064630B1B8F1000F1DD045
:104C700017B1D4F83C353E4601AB4FF48872294653
:104C80002046FFF7C2FF30B1B8F1000F03D016B9CC
:104C90000FB1D4F83C3501AB4FF490722946204651
:104CA000FFF7B3FF019802B0BDE8F0814646E3E7A5
:104CB00007B5019001A8F7F7E7FE019A0123934099
:104CC000C0F8083503B05DF804FB07B5019001A8F2
:104CD000F7F7DAFE019A01239340C0F80C3503B0D0
:104CE0005DF804FB38B504461D4694F820309BB9A6
:104CF00079B14869F7F718FF88B1C4E90125204662
:104D0000F7F76AFF0020012384F8210084F820309F
:104D100038BDC4E90125F5E76FF07700F8E76FF0DB
:104D20001500F5E70369C26893429CBF81685B1870
:104D3000013B981A70472DE9F041D0E902840546FD
:104D4000A8EB04064068964220440F46144404D958
:104D500001F036F8EC60BDE8F0813246A4EB0804BF
:104D600001F02EF868682246B919F1E72DE9F843F9
:104D7000C5680646894617464FF000083369B4688F
:104D800070689D4228BF1B19641BBC4203F1FF33AE
:104D900028BF3C465B1B9C4228BF1C464946284412
:104DA000224601F00DF8B3682544AB4208BF002548
:104DB0003F1BA044A144F560E0D14046BDE8F88324
:104DC000F8B504460E46174600F011F83A46054677
:104DD00031462046F8F792F90446284600F00FF8CD
:104DE0002046F8BD08B5F8F79BFA002008BDEFF3A0
:104DF0001180202383F31288BFF36F8F704780F3F5
:104E00001188BFF36F8F704708B1F0F731BE70475C
:104E100010B5436904463BB90020E268537843F07B
:104E200001035370404210BD98470028F4D0002879
:104E3000B8BF4042E368FF28A8BFFF201870ECE726
:104E400040B1C368587810F001001EBF1878B0FA5E
:104E500080F040097047EFF31183202383F3128819
:104E6000BFF36F8FFEE74169826842EA010313F0E6
:104E700003030FD1C3600369013B03FB0122002B35
:104E800001DA00207047C16811604169C260013BCE
:104E9000521AF4E76FF01500704710B5C0E90432FC
:104EA0000023816083610446FFF7DDFF0028A8BF6F
:104EB000C4E9004410BD2DE9F04105460F46EFF36B
:104EC0001188202383F31288BFF36F8FC668FEB961
:104ED0000468A0421CD0DCB1D4E9003213605A60EF
:104EE000637BA66023F002036373C4E9006604F1E8
:104EF000180000F09FFA2046C4F8C060276100F057
:104F0000A3F9414605F10800BDE8F041F9F7D4BA2C
:104F10003E60AB69EF60013BAB6188F31188BFF382
:104F20006F8FBDE8F08108B52024EFF3118384F37F
:104F30001288BFF36F8FFEF78CF9F6E7D0E90032E5
:104F400013605A60427B002322F00202C0E9003362
:104F500042738360704713B501240094F8F70EFC88
:104F600002B010BDF8B50446EFF31186202383F399
:104F70001288BFF36F8F0568A84231D02DB3284641
:104F8000FFF7DCFF05F1180000F054FA6FF022077C
:104F9000C5F8C070284600F057F92568AC420AD120
:104FA00000232362E369A361314604F10800BDE8F0
:104FB000F840F9F781BA3DB12846FFF7BFFF05F188
:104FC000180000F037FAE3E7012500232362E369C4
:104FD000A361002DE8D186F31188BFF36F8FF8BD70
:104FE00000230362C3698361F5E790F90E308B42B9
:104FF00001D0F9F7EFB90020704703460020C3E95C
:105000000200C3E9003370475AB18A4209D300F164
:105010001003C0E90212C0E90000C0E90433002017
:1050200070476FF015007047026801238B4022EA39
:105030000303036022FA01F000F00100704710B58D
:10504000032104460C30FFF7EFFF30B104F11000EC
:1050500000F0F0F9B0FA80F0400910BD20B1002254
:105060001146D43000F08AB9704770B5C368C3F3F5
:1050700040069B07044616D4856802210C30FFF7D2
:10508000D3FF80B1D5F8CC206AB194421DD12268FB
:105090009EB9D5F8D030C5F8CC209C4201D1C5F8D6
:1050A000D02000232360E36813F01F001EBF43F0ED
:1050B0000203E36040F0020070BD3260D5F8D020FA
:1050C000944208BFC5F8D060EBE716461268DBE7EC
:1050D00073B50446EFF31185202383F31288BFF3E1
:1050E0006F8F0023A0F11006032104380193FFF70E
:1050F0009BFF28B1A369019301A93046F8F720FE70
:1051000085F31188BFF36F8F02B070BD38B50446C8
:105110000D461022002100F07BFE656038BD13B5FE
:1051200001900846EFF31184202383F31288BFF324
:105130006F8F01A9F8F704FE84F31188BFF36F8F16
:1051400002B010BD10B5FFF7EAFF041E08DDEFF353
:105150001180202383F31288BFF36F8FF9F7DCF9F6
:10516000204610BD38B5302204460D46002100F01F
:105170004FFE4FF480736560E36038BD38B5044678
:10518000EFF31185202383F31288BFF36F8FFFF7AE
:1051900056FF2046FFF769FF85F31188BFF36F8F35
:1051A00038BDEFF30580003818BF01207047883004
:1051B000704710B500238B4202D11360002010BD50
:1051C000C45CAA2CF9D10133F5E70A46D0E92A01DB
:1051D000FFF7EFBFD0E9003213605A600023C0E947
:1051E0000033704708B5FFF7F5FF437B23F0020358
:1051F00043730023836008BD38B504460D46F8F7B5
:10520000DFFF637B43F002036373E5B1A5602B68A6
:105210009D4209D16B68C4E900531C606C6012E0C8
:105220006A689A42F6D01B68002BF3D094F90E20DE
:1052300093F90E108A42F3D09142F1DD5A68C4E925
:10524000003214605C6038BD10B5EFF31184202388
:1052500083F31288BFF36F8FF8F770FF84F3118820
:10526000BFF36F8F10BD08B5EFF31181202282F3D9
:105270001288BFF36F8F83680BB1FFF7B3FF81F321
:105280001188BFF36F8F08BD38B5EFF31184202369
:1052900083F31288BFF36F8F90F87050427B002326
:1052A00080F870302DB121B184F31188BFF36F8F76
:1052B00038BD12F0280FF7D183680BB1FFF792FFCA
:1052C000437B23F004034373F8F738FFECE7012135
:1052D0001838FFF7D9BF08B50346EFF31181202234
:1052E00082F31288BFF36F8F0068834207D008B142
:1052F000FFF778FF81F31188BFF36F8F08BD00209F
:10530000F8E710B5FFF7AFFFBDE81040183000F028
:1053100091B838B504680546AC424FF0000000D1A2
:1053200038BD002CFCD02046FFF7EBFF2046FFF7EE
:105330008BFF2C680120A542F1E770B505460E46AB
:10534000F9F792F9B6F1FF3F08BFB5F1FF3F044608
:10535000284612D04FF47A7147F6FF730022C4FB3F
:105360000132D80B40EA4240B0F1004F4FEAD2324E
:1053700072F1000228BF6FF0004070BD38B5EFF346
:105380001185202383F31288BFF36F8F0468A04236
:1053900013D0A4B1C4F8C01022612046FFF722FF49
:1053A00004F1180000F046F82046F8F7C7FE012087
:1053B00085F31188BFF36F8F38BD0020F8E72046D2
:1053C000F6E72DE9F04105460E461746EFF3118842
:1053D000202383F31288BFF36F8F0468A0420FD19C
:1053E000002088F31188BFF36F8FBDE8F081394644
:1053F0002046B0470028F4D16B68A342F0D024685F
:10540000002CF4D1ECE708B50246F9F72BFB70B19C
:10541000D0E904319B1A61EBE272B3F1004F72F1F3
:10542000000104DA002AACBF1846002008BD6FF066
:105430000040FBE738B50246EFF31185202383F3E4
:105440001288BFF36F8F0368CBB1F9F70BFB0446EB
:105450001046F9F719FB00224FF000438442C0E9DF
:10546000042306D1F9F706FBFFF7CDFF0021F2F781
:1054700065F8002085F31188BFF36F8F38BD6FF09A
:105480001500F7E708B5F9F70BFC08BDF9F708BCFC
:105490000023C0E9081200F11802C0E90622C0E9A1
:1054A000003303634363704710B50446FFF7C2FF40
:1054B000A8B9636A0BB12046984704F11800FFF7BA
:1054C0000AFF60B1FFF7C0FEEFF31180202383F3E2
:1054D0001288BFF36F8FBDE81040F9F71DB810BDFB
:1054E00070B5D0E90034984209D044B1A568EDB157
:1054F00015F9526C12F9525CB54208D007DDC1E9CA
:1055000000042160416010E0A342F8D01B68002B2A
:10551000F5D09A6862B112F9522CAA42F4D0F3DDA8
:105520005A68C1E900321160596070BDAB7BFFDE83
:10553000937BFCE72DE9F84F00250F46144698466B
:1055400001462E464FF0200AA946BD4202DB3046F6
:10555000BDE8F88FEFF3118B8AF31288BFF36F8FDA
:105560004B7B03F03F03082B09D853B1013B072BBA
:1055700007D8DFE803F0281C06220606062E102BAB
:105580002DD0B8F1000F3BD12378002B38D04B7BC6
:1055900003F03F03082B3AD8002B3AD0013B072BEE
:1055A00037D8DFE803F03F393639363636420B69F3
:1055B0009B68002BE5D0022317E00B691B68002BCA
:1055C000DFD0042311E00B699B68002BD9D00123A5
:1055D0000BE00B691B6A002BD3D0102305E00B698D
:1055E000DA895B899A42CCD02023CA68C1F8089036
:1055F000C2F38630034363F39432CA6084F80090A8
:105600008BF31188BFF36F8F013514319DE7102B99
:105610000FD08C600136F3E7086922461030FFF79F
:105620005FFFF6E708692246F9E708692246243059
:10563000F5E7086922462C30F1E72DE9F04184684E
:1056400005460E46D4B16378012B22D114F8533CA1
:105650009A0711D5A4F160073846FFF752FE082ECD
:105660000CBF6FF003030023236614F8533CDB06E2
:1056700002D13846FFF7E8FD00232370EB68C3F33F
:1056800086321643002066F39433A860EB60BDE8D1
:10569000F081022BF0D12378002BEDD054F8048C4C
:1056A000B8F1000FE8D004F11400FFF7C3FEA4F135
:1056B00014070023E36239464046FFF730FDDBE77D
:1056C00038B5EFF31185202383F31288BFF36F8F72
:1056D0000468A04211D0D4E9003213605A6000235C
:1056E000C4E900332046FFF7A8FF85F31188BFF314
:1056F0006F8F201E18BF012038BD0024F5E700235E
:10570000C0E90000836070470023836070478368AE
:105710000B60C368136070472DE9F3470446DDE969
:105720000A9815460E4659B302F0010AF8F7FCFF35
:105730000746EFF31181202383F31288BFF36F8FA5
:10574000A80744BF0023A360A36803EA0600BAF1D8
:10575000000F0CD086420CD16A0744BF8343A3607C
:1057600081F31188BFF36F8F02B0BDE8F087002886
:10577000F2D159EA080305D181F31188BFF36F8F85
:105780000020F1E7C7E91A652246CDE9009804F147
:105790000C00F8F7FDFD0028F2D1B86EE4E710B573
:1057A000D0E91A424B6812F0010F03EA040301D05A
:1057B0009C4210D17BB18366520744BF8A681A436A
:1057C0000B6848BF8A6043660123086080F8703028
:1057D0001830FFF72FFE002010BD0023C0E90000A5
:1057E000836070470A46F9F7DDBB0A460021F9F7E6
:1057F000D9BB5200FFF790BF043270B504460ED2F9
:10580000EFF31185202686F31288BFF36F8F41F0E6
:105810000401984785F31188BFF36F8F08B9002002
:1058200070BD40F8044BFBE720B1011F50F8040C99
:1058300000F00AB87047704710B400F10C04C0E9DA
:10584000034410BCFBF7A6BE38B50446EFF3118540
:10585000202383F31288BFF36F8FFBF75CFE04F104
:105860000C00FFF756FD30B1294604F11400BDE8E5
:105870003840F8F721BE85F31188BFF36F8F38BD2C
:1058800010B501390244904201D1002005E00378AF
:1058900011F8014FA34201D0181B10BD0130F2E7EF
:1058A000C9B20346184613F8012B12B18A42F9D146
:1058B0007047002918BF0020704710B56AB1013940
:1058C000841810F8012B11F8013F9A4203D1A0422D
:1058D00001D0002AF5D1D01A10BD1046FCE710B552
:1058E0000139044632B111F8013F00F8013B013A99
:1058F000002BF7D1002100F08BFA204610BD10B527
:10590000024601448A42134603D01C780132002C1F
:10591000F8D1181A10BD2DE9F047C3F13709074631
:1059200088465FFA89F903F01F0516464FF0000A12
:10593000384641462A465346EAF7C2FFD4B2092CFC
:1059400088BF4C443A46434688BFE4B2AA4204F1B9
:10595000300473EB0A0306F8014B07468846E7D28A
:105960003046BDE8F08710B50C4600F017FB002864
:10597000A2BF23680133236010BDBDF8001068B1D9
:1059800011F0100F01D00270704711F0080F02D013
:10599000C0E9002370474B0701D5026070478B06B2
:1059A000FBD50280704710B5144600F029FB002893
:1059B000A2BF236803F1FF33236010BD70B5054615
:1059C0000E4631462846FFF7CEFF041E09DB202C89
:1059D000F7D0A4F10903042BF3D932462946FFF787
:1059E000E2FF204670BD2DE9F04387B01C4602ABB4
:1059F00000931746D2E902238146884600F0A6F9B3
:105A000004AB0093D7E9002306460D4648464146BD
:105A100000F09CF9DDE90423901953EB05014FF0E8
:105A2000000728BF012737B1029B039A013342F1D7
:105A30000002CDE90232403CDDE90223009400F08F
:105A4000A0F907B0BDE8F0832DE9F843B0FA80F67D
:105A50008E1B002980460F4606F1070625DB084607
:105A6000FBF74CFB06443846FBF74EFBF41B221AAF
:105A70003D323946404600F059F9B74213DC1F2C3D
:105A800068DC4FF0FF33A34038EA03030CBF012466
:105A90000024B0FA80F3F31A9E33FE2B354627DD3F
:105AA0004FF0FF4044E00124F3E74C422046FBF76F
:105AB0002BFB351A2046FBF727FBA5EB070909EB63
:105AC00000023C322146404600F01DF9AF422E460E
:105AD00030DCB9F11F0F3DDC4FF0FF3303FA09F35F
:105AE00038EA030327D0B0FA80F3EB1A9E33002480
:105AF000002B23EAE372CCBF134601235B1BA3F107
:105B0000970520FA05F1963BC90720FA03F323D540
:105B100044B14FF0FF31A94020EA010003F0010138
:105B2000084319D0581CC0F31600C0B140EAC25057
:105B3000BDE8F88300230521B8FBF1F202EB8205F2
:105B4000A84502D101339046F6E79C428CBF002461
:105B500001249EE700249CE7C3F31600E6E7013228
:105B6000E4E72DE9F04F87B00618994602AB41EB08
:105B70000104009315463046D2E900232146DDF8A2
:105B800044B000F0E3F804AB0093D5E902230746E4
:105B900088463046214600F0D9F8DDE902638419D1
:105BA00051EB0306049BD5E900014FF0000228BF2A
:105BB0000122D218059B43F10003381848EB01017C
:105BC000B84271EB0801D5E902C134BF01200020C1
:105BD00014EB0C0C46EB010110EB0C0041F1000141
:105BE000A04271EB060C34BF4FF0010C4FF0000CDB
:105BF000CDE90423A9F1410A1CEB020243F10003A1
:105C0000CDF800A000F0BDF8109BC3E90001129B85
:105C1000012BDDE9042329D1D5E90201D5E900C52D
:105C2000201A66EB0101674578EB050534BF0125B5
:105C30000025401B61F10001844276EB010534BF71
:105C400001250025521BCDF800A063F1000300F0F0
:105C500098F8DDE90423CBE90001CDF800A0204647
:105C6000314600F08EF807B0BDE8F08F17EB070E55
:105C700048EB080C201946EB0601BE457CEB0808F2
:105C800034BF01270027C71941F10008D5E90001F9
:105C900086457CEB010CD5E9021534BF01200020BC
:105CA000381A68F1000C401A6CEB050192185B4140
:105CB000A74278EB060534BF01250025521943F1B0
:105CC0000003874278EB010834BF01250025521BF1
:105CD000A9F140050095B8E710B50299A3FB004370
:105CE000A2FB0020001943F100033F29DBBFA1F113
:105CF0002002C1F1400140398B40D6BFD04023FA89
:105D000001F0184310BD30B587B00446084602A91B
:105D10001546FBF795FA049B00955A1C059B2046F7
:105D200043F10003FFF7D8FF07B030BD30B587B0AF
:105D300015460446084602A9FBF70EFADDE90423DE
:105D400000952046FFF7C8FF07B030BDF0B50F46FD
:105D50000446A0FB0201A7FB02524919A3FB04451C
:105D600042F10002A7FB0373611845F10004D21948
:105D7000059E43F10003121943F10003C6E9002315
:105D8000F0BDF0B5059CC4F14007C4F1200602FA4D
:105D900006F6A4F12005BB4022FA05F53343C4F111
:105DA00020062B4301FA06F6A4F12005E04021FA73
:105DB00005F53043BA402843E14010431943F0BD94
:105DC0000A44914200F1FF3300D1704710B511F839
:105DD000014B03F8014F9142F9D110BD884210B533
:105DE00001EB020402D98442234607D8431EA14294
:105DF00008D011F8012B03F8012FF8E702440146FF
:105E00008A4200D110BD13F8014D02F8014DF7E7A9
:105E100002440346934200D1704703F8011BF9E79F
:105E20002DE9F0470446274618460B46C1F30A51B0
:105E3000A14641EA0706C3F31304302556EA040ECF
:105E40005571A44673D100218B4211716DDA012383
:105E5000137188424FF000011CDA08469DF820704B
:105E600002F112050D24C7F157074FF0300E06F06E
:105E70000F03360946EA0C764FEA2C1C002B40F043
:105E80008480A04201DB85F800E0013C05F1FF358C
:105E9000EDD173E00C2865DCC0F10D039B000125FA
:105EA00003F1FF3CA3F12108C3F1210625FA06F610
:105EB00005FA08F805FA0CF548EA060815EB050E90
:105EC00048EB080ADEF100066AEB4A0C1EF1FF3EC1
:105ED0004AF1FF3A0EEA070E0AEA040A754578EB22
:105EE0000A0A10DBC3F1200AB3F1200E04FA0AFA01
:105EF00027FA03F343EA0A035CBF44FA0EFE43EABF
:105F00000E03DB0722D57F1944EB0804B4F5801F8C
:105F1000B9461BDB5379B1F5806F03F1010353716F
:105F200026D03E400CEA040C98E7002892E759B1CD
:105F30003125DB0F0028A1F2FF31557113710FDB02
:105F40000C28A9DD0D2005E00121F2E706EA090988
:105F50000CEA0404B1F5806F06D04E46A4467DE7F6
:105F60000020F7E70D2079E759EA0404137908D0F7
:105F7000137943F0080313714FF480611160BDE899
:105F8000F08743F004031371F8E7092BD4BF3033D3
:105F9000DB19A0422B70B8BF204676E710B5837896
:105FA000DB07044617D54FF00002D4E85F3FC4E892
:105FB000512F0029F9D19BB213B1581EC0B20CE089
:105FC000A36898470028F9DAA378013014BF0822A3
:105FD00004221343A3704FF0FF3010BD0269034643
:105FE000107810B101321A6170476FF001007047EC
:105FF000D1E9043293421EBF5A1C0A6118707047DF
:106000008B78DA0702D44FF0FF307047431CFAD088
:10601000BFF35B8FC0B2431CD1E85F2F002A04D1CD
:10602000C1E85C3FBCF1000FF6D1BFF35B8FEAD152
:106030008B7823F008038B707047000001480068DC
:0860400070470000E828002071
:08604800ACA8FE7F010000007E
:10605000B95A000000000000595A0000000000007A
:106060000000000018610100E54D01000000000083
:10607000FDD600000000000031F00000000000002C
:1060800000000000386101000000000058610100BC
:10609000295E00000000000007450100000000002C
:1060A0000000000078610100D973000000000000CA
:1060B00099210000000000002D3A000000000000BF
:1060C000355A0000000000000B45010000000000F0
:1060D00055F000000000000000000000F861010021
:1060E000000000009861010000000000B86101009C
:1060F00000000000D86101000000000018620100EB
:10610000ED46000000000000D58C000000000000FB
:08611000ED9B000000000000FF
:10611800A9850100206B01002C640100E406002021
:1061280024290020755B000000000000000000002A
:106138008B860100406B010000640100E806002026
:10614800982900207D62000000000000480100201E
:1061580099860100546B010000640100EA060020E2
:10616800A42900207D6200000000000058010020E2
:10617800E8860100686B010048640100EC06002015
:1061880078010020896800000000000068010020F4
:106198006786010000000000E8630100E6060020B1
:1061A80000000000E95E00000000000000000000A0
:1061B8007C890100C46B010024640100EE06002004
:1061C800980100200D6A00000000000088010020EE
:1061D800398D0100446C0100506C0100F00600206C
:1061E80038020020DD7500000000000000000000FB
:1061F80053900100646C0100846C0100F2060020D9
:10620800640500203180000000000000000000004C
:10621800C5910100946C0100D86C0100F4060020BF
:1062280000000020658700000000000084050020B1
:10623800E94501001D45010000000000373201005A
:106248000000000037320100000000003732010072
:10625800980100202DD00000000000003732010016
:10626800B80000208335010000000000373201002B
:106278000000000037320100000000003732010042
:106288000000000037320100000000003732010032
:106298000000000037320100000000003732010022
:1062A8000000000037320100000000003732010012
:1062B800000000003732010000000000697400008F
:1062C80000000000373201000000000037320100F2
:1062D80000000000373201000000000037320100E2
:1062E80000000000373201000000000037320100D2
:1062F80000000000373201000000000037320100C2
:1063080000000000373201000000000037320100B1
:1063180000000000373201000000000037320100A1
:106328000000000037320100000000003732010091
:106338000000000037320100000000003732010081
:106348000000000037320100000000003732010071
:106358000000000037320100000000003732010061
:106368000000000037320100000000003732010051
:1063780078610100AB3A01000000000037320100EB
:106388000000000037320100000000003732010031
:106398000000000037320100000000003732010021
:1063A8000000000037320100000000003732010011
:1063B800681C00200079002000100000159D0000D6
:1063C8000000000000000000000000000A000000BB
:1063D80000000000B0A30100000000000000000061
:1063E800A734010085600000955F0000995E0000F9
:0863F80073340100895E00000E
:1064000015630000D5340100E3340100FB340100C2
:106410000735010013350100796100002D350100B9
:046420000000000078
:08642400916C00006F3F0100C4
:10642C00CD5B00002333010083330100000000002A
:0C643C00C1320100000000000000000060
:106448007936010015670000293E010085660000C5
:1064580025360100613701008F360100C967000049
:04646800AD3501004D
:10646C00BC730100040000008074010003000000F4
:10647C00C485010003000000029601000300000027
:10648C00B0A3010003000000398D010003000000DF
:10649C002FAB01000300000053900100030000002B
:1064AC00D291010003000000607F01000300000096
:1064BC0081860100030000006476010003000000E7
:1064CC0073760100030000007776010003000000E2
:1064DC00028501000300000098AC010003000000DD
:1064EC00F1770100030000003E780100030000007A
:1064FC00CE7D010003000000C87D010003000000F8
:10650C00958501000300000089890100030000004B
:10651C00BA74010003000000F686010003000000BD
:10652C0094690100B4200020CC7701000100000028
:10653C00C07B010080000020302100200000000002
:10654C0002000000946A01002C21002000000000D1
:10655C0088070020CE7D0100701A0020C068002042
:10656C00F86C0100A86A0100246A0100746D010036
:10657C00000000000000000000000000000000000F
:10658C0000000000747801007B780100000000001E
:10659C0015360000000000006F7A0100797A0100C6
:1065AC00000000009936000003000000987A0100FA
:1065BC009F7A0100386A0100A52801000000000044
:1065CC00AA780100B078010000000000313600000C
:1065DC0002000000CB7A0100D27A01001C66010097
:1065EC000000000000000000367901003D79010038
:1065FC0000000000C90B00000101000094790100AB
:10660C009C790100000000008136000000000000B1
:10661C00000000000000000000000000000000006E
:10662C0000000000A47D0100A97D01000000000015
:10663C00C939000002000000C17B0100C67B0100CB
:10664C00000000003D37000000000000437D010009
:10665C004A7D0100000000006539000002000000C6
:10666C00677C01006E7C01000000000031380000E6
:10667C0000000000E07C0100E87C0100000000004C
:10668C0001390000020000000000000000000000C2
:0C669C00000000000000000000000000F2
:1066B0000338FDD870470000010000000000000012
:1066C00005000000000000001900000000000000AC
:1066D0007D000000000000007102000000000000CA
:1066E000350C000000000000093D00000000000023
:1066F0002D31010000000000E1F505000000000060
:1067000065CD1D0000000000F902950000000000AA
:10671000DD0EE90200000000514A8D0E000000006D
:106720009573C24800000000E941CC6B01000000F5
:106730008D49FD1A07000000C16FF286230000009A
:10674000C52EBCA2B1000000D9E9AC2D7803000031
:106750003D9160E45811000031D6E275BC5600004E
:10676000F52E6E4DAEB10100C9EA268367780800A8
:10677000ED95C28F055A2A00A1EDCCCE1BC2D300E5
:1067800025A4000A8BCA22040000000000000000BB
:1067900000000000000000100000000000000000E9
:1067A000B9340332B7F4AD1410DB1AB30892540EA7
:1067B0000D307D951447BA1A66088F4D26ADC66D0B
:1067C000F598BF85E2B74511CA96853D92BD1DEB90
:1067D000FCA11860DCEF52163C92AE220BB8C1B49B
:1067E000839D2D5B0562DA1C304C7E8F4E8BB25B35
:1067F00016F4529F8B56A512FBD4827643ED8AF095
:106800008FE7F9311565191850F19BD94A13EEB489
:10681000284CF0A686C1251F035FC270CB9E491687
:10682000E642889C44EB2014B0650836AD6EA58521
:1068300085F0CA14E2FD031A0B899979D5B13D0997
:10684000D8DA973A35EBCF10AC363F5E73BB38CF12
:106850003E6752FA44AFBA15010000000000000084
:106860000000000000000020345065C05FC9A6523F
:10687000BB13CBAEC440C21806C8DF7100D5A87CDC
:10688000F56F0FDA58FC27136E4756357D242065C7
:1068900002C7E768E48CA41DE9E60268D7CD396138
:1068A0007977FCC2405BEF16798CDE43FFA751F984
:1068B00091F3B278F5BDBE11E857E9D6E8BEE87BA2
:1068C000B054AC8F848D751BEA23A499E9F9D38B5E
:1068D000B7A3714061DA3E15CEE33ECB73F94808A9
:1068E0008C97B427D51B7010A2BFEFB9EB8532157A
:1068F0004DB44DB49BBB6F1996B6076CF8E7EEAD7F
:1069000036D9B4F59135AE13222218AF4E6A684DD0
:1069100091DAAA3D4F40741E9FBD9EE006A1C0982B
:1069200057C2A7FDA40E90170E7D497173E3208F07
:10693000B220D87605143B12853D7434811343B0E0
:10694000AD297A5F27F4351C300A002000040000CE
:1069500027240100C9230100020000004B2501008B
:106960000000000000000000000000000000000027
:106970000000000000000000000000000000000017
:10698000000000009D770100A1770100A5770100BC
:10699000A97701001D2E0000112E0000412E0000DD
:1069A000D52D000000000000C92D000000000000EF
:1069B0009D2E0000BC200020D02C002001000000F3
:1069C00006000000040000000000000000000D00B0
:1069D000186201000500000000000D0000007300B7
:1069E00018620100000000000000000000C000006C
:1069F000986101000100000000C0000000000D00CF
:106A0000986101000200000000C00D0000E00100DC
:106A1000986101000300000000A00F00006000006A
:106A200098610100477801004E7801007C65010003
:106A300000000000000000003C6A0100A77A01008D
:106A4000AC7A010000000000A52801000000000051
:106A5000B97A0100BE7A010000000000AD280100F3
:106A60000000000000000000000000000000000026
:106A700000000000000000003A000000513A000051
:106A8000FB280100D1280100993A0000C12801002B
:106A900000000000EA3D00201E000000C92F010098
:106AA0003C65010078000020547F01001F7F010039
:106AB0000000000031420000010000000000000062
:106AC0000B320100A0000020980000209000002060
:106AD0000000000088000020214800001547000049
:106AE00069470000C94700000000002000000000C6
:106AF00000000B0602000000FC6A0100000000001C
:106B00008685010026000202000000208E8501001B
:106B100022000B11315B0000015B0000000000004F
:106B2000895C0000095C0000B8850100AD330100FC
:106B3000A9330100BE8501000400000000FF000031
:106B4000FFFF000000030050B8000020000000001C
:106B500001000000FFFFFFFF00000050B800002010
:106B60000000000000000000008002400100000062
:106B700000000000986B010000A04E000000000023
:106B800000A0004028000000123E00200D3E002022
:106B90000C3E00200B3E002000800240A46B010050
:106BA00002000000BC6B010002000000B46B010099
:106BB00002010000078000000880000107000000BB
:106BC0000806000100127A0000000000000000002A
:106BD00000000000FFFFFFFF0000FF0000000000BA
:106BE00000000000000000000000000101000000A3
:106BF0005B3E0100FFFF0000086C01000000000088
:106C0000FFFFFFFF0000000000400040146C010087
:106C100002000000306C010003000000246C010041
:106C20000301000016800004208000051880000683
:106C3000160000042000000518020006586101003B
:106C40001700010078610100586101000B00070086
:106C5000717E0000817F0000AD790000617B000043
:106C6000BD7C00005861010019000000386101007E
:106C70000200000058610100090000005861010095
:106C80000A00000007420100494201009983000008
:106C900085810000B8610100C0E1E400000100004E
:106CA0005861010017000100000000000100000011
:106CB00000000000008000000001000000008000D3
:106CC00000000400000800000008000100000300AC
:106CD0006400011F2800000021860000998B00003D
:106CE000ED890000A9850000000000009742010026
:106CF0000100000000FF0000069601007C950100E5
:106D00000C6D0100AD8C000000000000106D010052
:106D1000949501009C95010000000000818C00000A
:106D20000100000096940100AE95010000000000F3
:106D30004D8D000001000000C6950100CB950100BB
:106D400000000000158F000001000000E395010025
:106D5000E995010000000000698E000001000000BC
:106D60000000000000000000000000000000000023
:106D700000000000B4A30100E5A20100886D01003D
:106D800031960000000000008C6D010006960100A5
:106D90007C95010000000000C59500000103000083
:106DA000F7A20100FDA2010000000000E9AC000014
:106DB000010000000EA3010013A301000000000069
:106DC00075AE00000100000021A3010026A3010010
:106DD000F06D01003196000001000000000000008D
:106DE00000000000000000000000000000000000A3
:106DF000F46D010035A301003AA30100000000007A
:106E00005996000002000000E395010074A3010000
:106E1000000000008D9700000100000081A3010028
:106E200085A301000000000001970000020000009F
:106E30000000000000000000000000000000000052
:106E400000000000B4A3010021A301000200000023
:106E5000F805002001000000000000000000000014
:106E6000B8A30100000000000000000000000000C6
:106E7000B4A30100C6A3010003000000F90500202F
:106E8000010000000000000002000000CEA301008D
:106E9000F00500200000000000000000B4A3010085
:106EA000E1A3010003000000FA050020010000003A
:106EB0000000000009000000DBA30100CC05002059
:106EC0000500000000000000B4A30100E6A30100DB
:106ED00004000000FB050020190000000000000075
:106EE00000000000EDA3010000000000C07B0100D5
:106EF00000000000B4A3010022A401000300000070
:106F00001406002001000000000000000300000043
:106F10001BA40100C00500200000000000000000CC
:106F2000B4A30100D6A30100030000001506002051
:106F300001000000000000000200000028A4010081
:106F4000B80500200100000000000000B4A301000B
:106F500037A4010003000000160600200100000015
:106F600000000000020000003BA40100B00500206A
:106F70000100000000000000B4A3010048A40100CB
:106F800002000000170600200100000000000000C1
:106F9000000000004CA401000000000001000000FF
:106FA00000000000B4A301005FA401000000000085
:106FB0001806002004000000000000000F00000080
:106FC00055A40100000000000000000000000000C7
:106FD000B4A3010068A40100020000001C06002008
:106FE00001000000000000000000000072A4010089
:106FF000000000000100000000000000B4A3010038
:107000007DA40100050000001D0600200400000012
:10701000000000000000000085A401000000000046
:1070200068A6010000000000B4A30100AEA40100A6
:1070300005000000210600200800000000000000FC
:1070400000000000B5A401000000000058A60100E7
:1070500000000000B4A30100DEA401000500000050
:1070600029060020080000000000000000000000C9
:10707000E6A401000000000048A601000000000096
:10708000B4A3010010A50100050000003106002096
:1070900010000000000000000000000017A5010023
:1070A0000000000028A6010000000000B4A30100B9
:1070B00040A501000500000041060020100000006E
:1070C000000000000000000048A5010000000000D2
:1070D00008A6010000000000B4A3010072A5010091
:1070E0000500000051060020100000000000000014
:1070F000000000007AA5010000000000E8A50100E2
:107100000000000008000000030000001CAC0100AB
:107110002AAC01003EAC01004DAC010059AC0100AD
:107120005060010058600100A8600100B0600100DB
:1071300000610100186101009DAC01000100050023
:10714000BDAC010002000700A3AC01000400080070
:10715000ACAC010008000400E37701001000090056
:10716000B1AC010020000800BAAC010040000A00E8
:10717000C5AC010080000600CCAC0100000100009D
:1071800000000000FF8FFFFFFF8FFFFFFE8FFFFF5C
:10719000FE8FFFFFFD8FFFFFFC8FFFFFFC8FFFFFC8
:1071A0006D757465785F667265652063616C6C658A
:1071B000642077697468204E554C4C207061726170
:1071C0006D6574657200000043616E277420696EFE
:1071D000697469616C697A65206D757465782C20B5
:1071E000776173204E554C4C0D0A0000436F756C4F
:1071F00064206E6F74206C6F636B20706F776572A4
:107200002073617665206D7574657800000000005C
:10721000000000000000000000000000000000402E
:1072200095596959555554551555555604051541E7
:1072300010545540455155444045504450555545CE
:10724000004000404004449665555655454045541D
:107250005141154055915555555540510501000076
:1072600054455454455505040010041014044000BE
:107270000000014055551541540400004400010030
:107280000000004041000044504445505400555512
:107290005455655100400040010000010005010007
:1072A00011545151545555050000000000000000D4
:1072B0000000000025733A206374725F6C72775F80
:1072C0006576656E743A2025642C206374725F6C59
:1072D00072775F6576656E745F646174613A2025CC
:1072E000702C20706172616D3A2025700025733A10
:1072F0002043616C6C20606374725F6C72775F73A3
:107300007461727460206661696C65643A202564FA
:107310000025733A2043616C6C20606374725F6C6B
:1073200072775F6A6F696E60206661696C65643A46
:107330002025640025733A20756E6B6E6F776E2082
:107340006576656E743A2025640025733A204C52A8
:1073500057204578616D706C650025733A20436154
:107360006C6C20606374725F6C72775F696E6974B5
:1073700060206661696C65643A2025640025733A73
:1073800020416C6976650025733A2043616C6C205E
:10739000606374725F6C72775F73656E64602066A1
:1073A00061696C65643A202564006C72775F65766C
:1073B000656E745F6362006D61696E00617070007C
:1073C00025733A2028756E7369676E65642920639A
:1073D000686172202A207573656420666F722025AB
:1073E000257020617267756D656E742E2049742753
:1073F00073207265636F6D6D656E64656420746F74
:10740000206361737420697420746F20766F6964DF
:10741000202A2062656361757365206974206D613F
:1074200079206361757365206D6973626568617643
:10743000696F7220696E206365727461696E206382
:107440006F6E66696775726174696F6E732E205313
:107450007472696E673A2225732220617267756DB6
:10746000656E743A25640063627072696E74665F5B
:107470007061636B6167655F636F6E7665727400E0
:1074800063627072696E74665F7061636B61676579
:10749000004661696C656420746F207265626F6F6D
:1074A000743A207370696E6E696E6720656E646CE5
:1074B0006573736C792E2E2E0A007379735F67657E
:1074C000746F70740025733A204E5653206E6F749B
:1074D00020696E697469616C697A65640025733A24
:1074E00020436F756C64206E6F74206F62746169E5
:1074F0006E20666C61736820706172616D65746581
:1075000072730025733A20556E737570706F7274C4
:10751000656420777269746520626C6F636B207399
:10752000697A650025733A20536563746F7220731E
:10753000697A6520257520746F6F206C61726765AC
:107540002C206D6178696D756D20697320257A75C1
:107550000025733A20556E61626C6520746F206758
:107560006574207061676520696E666F0025733AE7
:1075700020496E76616C696420736563746F722054
:1075800073697A650025733A20436F6E6669677583
:10759000726174696F6E206572726F72202D207334
:1075A0006563746F7220636F756E740025733A2083
:1075B000474320446F6E65206D61726B6572206673
:1075C0006F756E640025733A204E6F204743204448
:1075D0006F6E65206D61726B657220666F756E648B
:1075E0003A2072657374617274696E672067630014
:1075F00025733A20256420536563746F7273206F7E
:10760000662025642062797465730025733A2061D1
:107610006C6C6F63207772613A2025642C2025788A
:107620000025733A2064617461207772613A2025E5
:10763000642C202578006E76735F726561645F68E4
:10764000697374006E76735F7772697465006E7625
:10765000735F73746172747570006E76735F6D6FB3
:10766000756E740066735F6E7673006C6F67676922
:107670006E67006C6F67006C6F675F6D676D74009D
:1076800025733A204D657373616765202822257341
:1076900022292064726F7070656420626563617571
:1076A0007365206974206578636565647320736908
:1076B0007A65206C696D69746174696F6E20282524
:1076C00075290025733A204D6573736167652064E1
:1076D000726F70706564206265636175736520699F
:1076E0007420657863656564732073697A65206CBE
:1076F000696D69746174696F6E2028257529007A37
:107700005F6C6F675F6D73675F72756E74696D65CF
:107710005F76637265617465007A5F696D706C5F36
:107720007A5F6C6F675F6D73675F737461746963B1
:107730005F637265617465001B5B306D005B2530B3
:10774000386C755D20005B253032753A2530327516
:107750003A253032752E253033752C253033755D42
:10776000200025732F003C25733E200025733A200E
:1077700000253032782000202020007C0025630086
:10778000206D657373616765732064726F707065D7
:1077900064202D2D2D0D0A002D2D2D2000657272D7
:1077A0000077726E00696E6600646267004C6F67F6
:1077B000676572006D657373616765732064726FCE
:1077C000707065643A202020200D0A006C6F675F9E
:1077D0006261636B656E645F727474006163746987
:1077E00076650073757370656E646564006F6666B8
:1077F00000706D5F6465766963650025733A207378
:1078000065742D76616C7565206661696C7572654D
:107810002E206B65793A202573206572726F72286D
:107820002564290073657474696E67735F63616CA6
:107830006C5F7365745F68616E646C65720073651C
:107840007474696E6773006B65726E656C004B656E
:10785000726E656C20636F6D6D616E647300637929
:10786000636C65733A202575206877206379636CB3
:1078700065730A006379636C6573004B65726E65AE
:107880006C206379636C65732E00556E61626C6564
:1078900020746F20706172736520696E707574203A
:1078A00028657272202564290A00736C6565700072
:1078B0006D7300557074696D653A20256C6C752088
:1078C0006D730A002D70002D2D707265747479002F
:1078D000556E737570706F72746564206F70746923
:1078E0006F6E3A2025730A00757074696D653A20D1
:1078F000256C6C7520646179732C20256C6C752067
:10790000686F7572732C20256C6C75206D696E75AF
:107910007465732C20256C6C75207365636F6E64C1
:10792000732C20256C6C75206D696C6C69736563B4
:107930006F6E64730A00757074696D65004B6572D3
:107940006E656C20757074696D652E2043616E20C4
:1079500062652063616C6C6564207769746820746B
:107960006865202D70206F72202D2D7072657474E3
:1079700079206F7074696F6E7300342E332E39392D
:10798000005A65706879722076657273696F6E202F
:1079900025730A0076657273696F6E004B65726EAF
:1079A000656C2076657273696F6E2E00546869731A
:1079B00020636F6D6D616E64206973206465707201
:1079C0006563617465642061732069742069732044
:1079D00061206475706C69636174652E20557365F0
:1079E00020276C6F6720656E61626C652720636F6E
:1079F0006D6D616E642066726F6D206C6F67676974
:107A00006E6720636F6D6D616E6473207365742E95
:107A10000A00556E61626C6520746F20706172732C
:107A200065206C6F672073657665726974792028AC
:107A3000657272202564290A00496E76616C69645A
:107A4000206C6F67206C6576656C3A2025640A00AF
:107A5000556E61626C6520746F2066696E64206C7F
:107A60006F6720736F757263653A2025730A006C27
:107A70006F675F6C6576656C003C6D6F64756C65F7
:107A8000206E616D653E203C736576657269747920
:107A90002028302D34293E007265626F6F740052C9
:107AA00065626F6F742E00636F6C6400436F6C646B
:107AB000207265626F6F742E007761726D0057617E
:107AC000726D207265626F6F742E007468726561EA
:107AD00064004B65726E656C2074687265616473D6
:107AE0002E005363686564756C65723A20257520B5
:107AF00073696E6365206C6173742063616C6C0ADA
:107B000000546872656164733A0A004E410025733F
:107B1000257020252D3130730A00096F7074696F4C
:107B20006E733A20307825782C207072696F7269F4
:107B300074793A2025642074696D656F75743A20F4
:107B4000256C6C640A000973746174653A202573AE
:107B50002C20656E7472793A2025700A00556E618A
:107B6000626C6520746F2064657465726D696E6502
:107B700020756E7573656420737461636B2073691F
:107B80007A6520282564290A0A0009737461636BE9
:107B90002073697A6520257A752C20756E7573655A
:107BA0006420257A752C20757361676520257A75A8
:107BB000202F20257A7520282575202525290A0AB9
:107BC000006C697374004C697374206B65726E6528
:107BD0006C20746872656164732E002570204952B0
:107BE000512025303264202573287265616C207322
:107BF000697A652025347A75293A09756E75736539
:107C0000642025347A750975736167652025347A97
:107C100075202F2025347A75202825327A75202565
:107C200025290A00257020252D33327320287265FE
:107C3000616C2073697A652025347A75293A097553
:107C40006E757365642025347A750975736167658F
:107C50002025347A75202F2025347A752028253266
:107C600075202525290A00737461636B73004C69C4
:107C70007374207468726561647320737461636BDC
:107C80002075736167652E005468726561642049D0
:107C900044202570206973206E6F742076616C69B2
:107CA000640A004572726F723A5368656C6C207496
:107CB00068726561642063616E6E6F742062652016
:107CC00073757370656E6465640A005468726561EB
:107CD000642025702073757370656E6465640A0096
:107CE00073757370656E64006B65726E656C20747D
:107CF00068726561642073757370656E64203C748E
:107D000068726561645F69643E004572726F723AC1
:107D10005368656C6C207468726561642063616E81
:107D20006E6F7420626520726573756D65640A00FC
:107D300054687265616420257020726573756D6585
:107D4000640A00726573756D65006B65726E656CB3
:107D50002074687265616420726573756D65203C7E
:107D60007468726561645F69643E004572726F7227
:107D70003A5368656C6C2074687265616420636155
:107D80006E6E6F74206265206B696C6C65640A00AE
:107D90000A20546872656164202570206B696C6CE0
:107DA00065640A006B696C6C006B65726E656C20B3
:107DB000746872656164206B696C6C203C746872D5
:107DC0006561645F69643E007368656C6C2E7368FE
:107DD000656C6C5F72747400537562636F6D6D6176
:107DE0006E64733A0A005741524E494E473A204159
:107DF000207072696E742072657175657374207776
:107E00006173206465746563746564206F6E206EB1
:107E10006F7420616374697665207368656C6C208B
:107E20006261636B656E642E0A006E6F7420746508
:107E3000726D696E617465643A2025630A00506C46
:107E4000656173652073706563696679206120736D
:107E50007562636F6D6D616E642E0A002573257304
:107E60000A003A20636F6D6D616E64206E6F74203E
:107E7000666F756E6400546F6F206D616E7920615E
:107E80007267756D656E747320696E207468652005
:107E9000636F6D6D616E642E0A0025733A207772F0
:107EA0006F6E6720706172616D6574657220636FBB
:107EB000756E740A00596F752063616E2074727953
:107EC00020746F2063616C6C20636F6D6D616E64F4
:107ED000732077697468203C2D683E206F72203CC7
:107EE0002D2D68656C703E20706172616D657465E2
:107EF0007220666F72206D6F726520696E666F7298
:107F00006D6174696F6E2E0A000A417661696C6159
:107F1000626C6520636F6D6D616E64733A0A005028
:107F200072696E7473207468652068656C70206D6A
:107F30006573736167652E0055736167653A202527
:107F40007320002573252D2A730025732573002DBA
:107F500068002D2D68656C7000202D200020200009
:107F6000666C617368002A2A2A20426F6F74696EFA
:107F700067206E524620436F6E6E656374205344D3
:107F80004B2076332E332E302D31366566363865EC
:107F90006135663565202A2A2A0A002A2A2A2055B0
:107FA00073696E67205A6570687972204F53207626
:107FB000342E332E39392D6563343939656366368D
:107FC000623061202A2A2A0A006D757465785F691B
:107FD0006E69742063616C6C6564207769746820D5
:107FE0004E554C4C20706172616D65746572004332
:107FF0006F756C64206E6F7420616C6C6F6361745C
:1080000065206D75746578206265666F726520699C
:108010006E697469616C697A696E670025733A20CC
:1080200072302F61313A2020307825303878202086
:1080300072312F61323A2020307825303878202074
:1080400072322F61333A202030782530387800257D
:10805000733A2072332F61343A202030782530383B
:1080600078207231322F69703A20203078253038EC
:1080700078207231342F6C723A20203078253038D5
:10808000780025733A2020787073723A2020307877
:10809000253038780025733A204661756C74696E16
:1080A0006720696E737472756374696F6E206164A2
:1080B000647265737320287231352F7063293A20FA
:1080C0003078253038780025733A20556E68616E17
:1080D000646C6564204952516E3A202564006573D2
:1080E000665F64756D70007A5F61726D5F66617462
:1080F000616C5F6572726F720025733A202A2A2ABA
:108100002A2A20425553204641554C54202A2A2AD7
:108110002A2A0025733A202020537461636B696E0C
:1081200067206572726F720025733A202020556EA9
:10813000737461636B696E67206572726F7200257C
:10814000733A2020205072656369736520646174FE
:108150006120627573206572726F720025733A2018
:1081600020204246415220416464726573733A2074
:10817000307825780025733A202020496D7072658B
:108180006369736520646174612062757320657230
:10819000726F720025733A202020496E73747275D5
:1081A0006374696F6E20627573206572726F7200FE
:1081B00025733A202020466C6F6174696E672D70BC
:1081C0006F696E74206C617A7920737461746520B4
:1081D000707265736572766174696F6E2065727214
:1081E0006F720025733A202A2A2A2A2A20555341E1
:1081F0004745204641554C54202A2A2A2A2A002540
:10820000733A2020204469766973696F6E20627921
:10821000207A65726F0025733A202020556E616CBC
:1082200069676E6564206D656D6F72792061636347
:108230006573730025733A2020204E6F20636F70A2
:10824000726F636573736F7220696E737472756396
:1082500074696F6E730025733A202020496C6C6539
:1082600067616C206C6F6164206F66204558435FC6
:1082700052455455524E20696E746F20504300256C
:10828000733A202020496C6C6567616C20757365BA
:10829000206F662074686520455053520025733A5C
:1082A000202020417474656D707420746F2065788F
:1082B000656375746520756E646566696E656420B6
:1082C000696E737472756374696F6E0025733A20FA
:1082D0002A2A2A2A2A204D5055204641554C5420FE
:1082E0002A2A2A2A2A0025733A20202053746163FF
:1082F0006B696E67206572726F722028636F6E748F
:108300006578742061726561206D696768742062A8
:1083100065206E6F742076616C6964290025733A5C
:10832000202020446174612041636365737320568B
:10833000696F6C6174696F6E0025733A2020204D5F
:108340004D46415220416464726573733A2030781F
:1083500025780025733A202020496E737472756366
:1083600074696F6E204163636573732056696F6C27
:108370006174696F6E00526573657276656420453D
:108380007863657074696F6E202800537075726928
:108390006F757320696E74657272757074202849E8
:1083A0005251200025733A20535053454C20696E9A
:1083B00020746872656164206D6F646520646F6508
:1083C00073206E6F7420696E6469636174652050F8
:1083D00053500025733A202A2A2A2A2A204841523B
:1083E00044204641554C54202A2A2A2A2A00257323
:1083F0003A202020427573206661756C74206F6E80
:1084000020766563746F72207461626C652072659A
:1084100061640025733A20202044656275672065F9
:1084200076656E740025733A2020204661756C7461
:1084300020657363616C6174696F6E202873656574
:108440002062656C6F77290025733A2041524348BA
:108450005F455843455054207769746820726561C0
:10846000736F6E2025780A0025733A202A2A2A2A5B
:108470002A204465627567206D6F6E69746F722083
:10848000657863657074696F6E202A2A2A2A2A002B
:1084900025733A202A2A2A2A2A202573202564298E
:1084A000202A2A2A2A2A0072657365727665645F1B
:1084B000657863657074696F6E0064656275675F87
:1084C0006D6F6E69746F720075736167655F666169
:1084D000756C74006275735F6661756C74006D65B0
:1084E0006D5F6D616E6167655F6661756C74006874
:1084F0006172645F6661756C74006765745F657353
:1085000066006D70750025733A204661696C65647C
:1085100020746F20616C6C6F63617465206E657789
:10852000204D505520726567696F6E2025750A00D1
:1085300025733A20506172746974696F6E202575D5
:108540003A2073616E69747920636865636B206695
:1085500061696C65642E00726567696F6E5F616C3E
:108560006C6F636174655F616E645F696E697400EE
:108570006D70755F636F6E6669677572655F726552
:1085800067696F6E7300464C4153485F3000535229
:10859000414D5F3000736F630000070E091C1B1212
:1085A00015383F363124232A2D636C6F636B4034BA
:1085B00030303030303030006866636C6B006C6691
:1085C000636C6B00636C6F636B5F636F6E74726F71
:1085D0006C0025733A20696E76616C696420616471
:1085E00064726573733A2030782530386C783A2598
:1085F0007A750025733A20756E616C69676E6564E3
:1086000020616464726573733A2030782530386C69
:10861000783A257A750025733A206E6F7420776F4B
:1086200072642D616C69676E65643A20307825301C
:10863000386C783A257A7500666C6173685F6E7283
:10864000665F7265616400666C6173685F6E726616
:108650005F777269746500666C6173685F6E7266DD
:108660005F657261736500666C6173682D636F6E20
:1086700074726F6C6C6572403430303165303030FC
:1086800000666C6173685F6E7266006770696F4048
:108690003530303030333030006770696F403530FE
:1086A0003030303030300000010203040506072569
:1086B000733A204661696C656420746F20616C6C4C
:1086C0006F6361746520505049204368616E6E6528
:1086D0006C00656E6474785F73746F7074785F702B
:1086E00070695F696E69740075617274403430300E
:1086F000323830303000756172745F6E7266785F48
:1087000075617274650025733A204661696C656411
:1087100020746F20616C6C6F6361746520475049F1
:108720004F5445206368616E6E656C20666F7220E1
:1087300057414B450025733A204661696C656420BA
:10874000746F20636F6E6669677572652057414B61
:10875000452070696E0025733A20435320475049E5
:108760004F20706F72742025732070696E2025640D
:10877000206973206E6F74207265616479002573BF
:108780003A2055706461746520657863656564732B
:108790002063757272656E7420627566666572001C
:1087A00025733A2048616C662D6475706C6578207D
:1087B0006E6F7420737570706F72746564002573CA
:1087C0003A20536C617665206D6F64652069732073
:1087D0006E6F7420737570706F72746564206F6E45
:1087E0002025730025733A204C6F6F706261636BB4
:1087F000206D6F6465206973206E6F7420737570CF
:10880000706F727465640025733A20576F7264202C
:1088100073697A6573206F74686572207468616E1D
:108820002038206269747320617265206E6F742035
:10883000737570706F727465640025733A204672A8
:10884000657175656E63696573206C6F77657220FD
:108850007468616E20313235206B487A2061726510
:10886000206E6F7420737570706F7274656400256C
:10887000733A204661696C656420746F20696E6983
:108880007469616C697A65206E72667820647269B9
:108890007665723A2025640025733A205761697421
:1088A000696E6720666F722057414B452061636B8C
:1088B0006E6F776C6564676D656E742074696D6545
:1088C00064206F75740025733A2054696D656F7567
:1088D000742077616974696E6720666F72207472A4
:1088E000616E7366657220636F6D706C6574650090
:1088F0007370695F636F6E746578745F63735F63D1
:108900006F6E6669677572655F616C6C0073706924
:108910005F6E7266785F696E6974007370695F6319
:108920006F6E746578745F776169745F666F725F8C
:10893000636F6D706C6574696F6E007370695F63EF
:108940006F6E746578745F7570646174655F72785A
:10895000007370695F636F6E746578745F757064BF
:108960006174655F747800636F6E666967757265C0
:10897000007472616E736365697665007370694037
:108980003430303034303030007370695F6E72666E
:10899000785F7370696D0025733A2044657669636A
:1089A00065206E6F742072656164793A2052657338
:1089B00065740025733A20556E61626C6520746F92
:1089C00020636F6E66696775726520726573657482
:1089D0002070696E3A2025640025733A2043616C4B
:1089E0006C20606B5F6D656D5F736C61625F616C65
:1089F0006C6F6360206661696C65643A2025640071
:108A000025733A2043616C6C2060756172745F72EB
:108A1000785F656E61626C6560206661696C656433
:108A20003A2025640025733A2043616C6C20606B0A
:108A30005F776F726B5F7375626D697460206661DA
:108A4000696C65643A2025640025733A2045766593
:108A50006E742060554152545F54585F41424F52EA
:108A6000544544600025733A2043616C6C20607566
:108A70006172745F72785F6275665F727370602096
:108A80006661696C65643A2025640025733A204567
:108A900076656E742060554152545F52585F53544E
:108AA0004F50504544600025733A2043616C6C2060
:108AB000606F6E6F66665F72657175657374602056
:108AC0006661696C65643A2025640025733A204329
:108AD000616C6C20606B5F706F6C6C6020666169AC
:108AE0006C65643A2025640025733A2043616C6C00
:108AF0002060726571756573745F6866636C6B6026
:108B0000206661696C65643A2025640025733A200B
:108B100043616C6C2060756172745F72785F646928
:108B20007361626C6560206661696C65643A2025DA
:108B3000640025733A2043616C6C20606F6E6F6631
:108B4000665F63616E63656C5F6F725F72656C65B3
:108B500061736560206661696C65643A2025640014
:108B600025733A2043616C6C206072656C6561739B
:108B7000655F6866636C6B60206661696C65643A0A
:108B80002025640025733A2043616C6C2060767365
:108B90006E7072696E746660206661696C65643AB5
:108BA0002025640025733A2042756666657220743C
:108BB0006F6F20736D616C6C0025733A2054583AC6
:108BC0002025730025733A2043616C6C2060756129
:108BD00072745F747860206661696C65643A202500
:108BE000640025733A20446576696365206E6F746E
:108BF0002072656164790025733A2043616C6C20B2
:108C0000607A5F6E72665F636C6F636B5F636F6EDB
:108C100074726F6C5F6765745F6F6E6F66666020FD
:108C20006661696C65640025733A2043616C6C2051
:108C300060756172745F63616C6C6261636B5F73BA
:108C4000657460206661696C65643A20256400255E
:108C5000733A20506F7274206E6F74207265616475
:108C6000790025733A2043616C6C20606770696FEE
:108C70005F70696E5F7365745F64746020666169BC
:108C80006C65643A20256400756172745F63616C81
:108C90006C6261636B006374725F6C72775F6966AC
:108CA0005F696E69745F006374725F6C72775F698D
:108CB000665F72657365745F007265717565737464
:108CC0005F6866636C6B006374725F6C72775F6978
:108CD000665F656E61626C655F0072656C6561738D
:108CE000655F6866636C6B006374725F6C72775F5C
:108CF00069665F64697361626C655F006374725F6B
:108D00006C72775F69665F73656E645F0072785F2F
:108D1000726573746172745F776F726B5F68616E96
:108D2000646C6572006374725F6C72775F69665F12
:108D30006472765F696E6974006374725F6C7277D7
:108D40005F69660025733A20506F72742060524646
:108D50005F4C544560206E6F7420726561647900C9
:108D600025733A20506F7274206052465F4C525700
:108D700060206E6F742072656164790025733A20FB
:108D8000506F7274206052465F494E5460206E6F7F
:108D9000742072656164790025733A20506F727493
:108DA000206052465F45585460206E6F7420726593
:108DB0006164790025733A2043616C6C20606770B0
:108DC000696F5F70696E5F636F6E66696775726504
:108DD0005F647460206661696C6564202852465F38
:108DE0004C5445293A2025640025733A2043616C90
:108DF0006C20606770696F5F70696E5F636F6E662D
:108E000069677572655F647460206661696C65642A
:108E1000202852465F4C5257293A2025640025737A
:108E20003A2043616C6C20606770696F5F70696E97
:108E30005F636F6E6669677572655F6474602066F4
:108E400061696C6564202852465F494E54293A2076
:108E500025640025733A2043616C6C20606770695B
:108E60006F5F70696E5F636F6E6669677572655F6D
:108E7000647460206661696C6564202852465F45B1
:108E80005854293A2025640025733A205365747498
:108E9000696E6720616E74656E6E613A204E4F4E4A
:108EA000450025733A2043616C6C20606770696FE0
:108EB0005F70696E5F7365745F647460206661697A
:108EC0006C6564202852465F494E54293A20256437
:108ED0000025733A2043616C6C20606770696F5F96
:108EE00070696E5F7365745F647460206661696C3D
:108EF0006564202852465F455854293A202564006D
:108F000025733A2053657474696E6720616E7465C9
:108F10006E6E613A20494E540025733A20536574B1
:108F200074696E6720616E74656E6E613A20455893
:108F3000540025733A20556E6B6E6F776E20616E0C
:108F400074656E6E613A2025640025733A2053657E
:108F50007474696E6720696E746572666163653AE0
:108F6000204E4F4E450025733A2043616C6C2060C3
:108F70006770696F5F70696E5F7365745F6474605A
:108F8000206661696C6564202852465F4C5445290F
:108F90003A2025640025733A2043616C6C20606799
:108FA00070696F5F70696E5F7365745F6474602071
:108FB0006661696C6564202852465F4C5257293AB5
:108FC0002025640025733A2053657474696E672008
:108FD000696E746572666163653A204C544500257C
:108FE000733A2053657474696E6720696E74657294
:108FF000666163653A204C52570025733A20556EDE
:109000006B6E6F776E20696E746572666163653A28
:10901000202564006374725F72666D75785F736596
:10902000745F696E746572666163655F0063747214
:109030005F72666D75785F7365745F616E74656E7F
:109040006E615F006374725F72666D75785F696EE2
:109050006974006374725F72666D75780025733A87
:1090600020535049207472616E73616374696F6E2E
:10907000206661696C6564207769746820636F6439
:10908000653A2025642F25750025733A20535049F1
:1090900020627573202573206E6F74207265616481
:1090A000790025733A2057726F6E67204A45444510
:1090B000432049443A202530325820253032582068
:1090C000253032582C2065787065637465643A20C9
:1090D000253032582025303258202530325800258E
:1090E000733A20556E737570706F72746564206585
:1090F0007261736520726571756573743A20736966
:109100007A6520257A75206174203078256C780086
:109110007370695F666C6173685F617434355F7228
:1091200065616400706572666F726D5F77726974F5
:109130006500706572666F726D5F65726173655F01
:109140006F7000706572666F726D5F636869705FE3
:109150006572617365007370695F666C6173685FE7
:10916000617434355F657261736500726561645F57
:109170007374617475735F72656769737465720087
:10918000636F6E6669677572655F706167655F734F
:10919000697A6500636865636B5F6A656465635FD0
:1091A0006964007370695F666C6173685F617434D1
:1091B000355F696E697400706F7765725F646F7791
:1091C0006E5F6F70006174343564623634316540AF
:1091D00030006374725F7370695F666C6173685F9F
:1091E0006174343500636F6D6D616E64206E6F74F1
:1091F00020666F756E643A2025730A0025733A2045
:1092000053797374656D20696E697469616C697AEC
:109210006174696F6E0025733A2043616C6C206045
:1092200073657474696E67735F7375627379735F66
:10923000696E697460206661696C65643A202564B2
:109240000025733A2043616C6C20606974656D2D54
:109250003E636260206661696C65643A2025640043
:10926000636F6D6D616E64206661696C65640A0090
:1092700025733A2043616C6C2060666C6173685F93
:10928000617265615F6F70656E60206661696C65B3
:10929000643A2025640025733A2043616C6C206099
:1092A000666C6173685F617265615F657261736549
:1092B00060206661696C65643A2025640025733A14
:1092C0002043616C6C206072657365746020666118
:1092D000696C65643A2025640025733A2043616C0B
:1092E0006C206073657474696E67735F7361766513
:1092F00060206661696C65643A2025640025733AD4
:109300002043616C6C2060736176656020666169E2
:109310006C65643A2025640025733A2043616C6CC7
:1093200020606B5F6D616C6C6F6360206661696C5F
:10933000656400747275650066616C736500257301
:1093400020636F6E6669672025732025640A0025F7
:109350007320636F6E66696720257320252E326641
:109360000A00257320636F6E6669672025732025C8
:10937000730A00257320636F6E666967202573206A
:10938000222573220A00257320636F6E66696720A9
:109390002573200025303278002020252D313873A8
:1093A0003A2573203C25647E25643E0A0020202552
:1093B0002D3138733A2573203C252E32667E252EBA
:1093C00032663E0A002020252D3138733A2573205D
:1093D0003C747275652F66616C73653E0A002020CF
:1093E000252D3138733A25730A00202020202020B3
:1093F0002020202020202020202020202020202D60
:109400002025730A002020252D3138733A2573203A
:10941000286C656E3A2025642042290A00496E7640
:10942000616C696420666F726D61740A00496E76C2
:10943000616C69642072616E67650A002566004987
:109440006E76616C69642076616C75650A00696E80
:1094500076616C696420666F726D61740A00696E72
:1094600076616C6964206F7074696F6E0A00766152
:109470006C756520746F6F206C6F6E670A004C65A9
:109480006E67746820646F6573206E6F74206D6101
:109490007463682E0A0073686F770025733A204959
:1094A00074656D20272573272073697A65206D699F
:1094B000736D617463683A20657870656374656480
:1094C00020257A752C20676F7420257A7500257306
:1094D0003A2043616C6C2060726561645F63626016
:1094E000206661696C65643A2025640025732F2528
:1094F000730025733A2043616C6C20606578706F4F
:1095000072745F66756E6360206661696C65643A4B
:1095100020256400696E697400636D645F73686F11
:109520007700636D645F7361766500636D645F727D
:1095300065736574006374725F636F6E6669675FFD
:10954000685F6578706F7274006374725F636F6ECA
:109550006669675F685F736574006374725F636FE9
:109560006E6669675F617070656E645F73686F7760
:10957000007265736574007361766500436F6E6693
:10958000696775726174696F6E20636F6D6D616E6E
:1095900064732E006D6F64756C65730053686F772C
:1095A00020616C6C206D6F64756C65732E00536860
:1095B0006F7720616C6C20636F6E6669677572618E
:1095C00074696F6E2E007361766500536176652055
:1095D000616C6C20636F6E66696775726174696F28
:1095E0006E2E007265736574005265736574206138
:1095F0006C6C20636F6E66696775726174696F6EFB
:109600002E006374725F636F6E66696700656E61DA
:10961000626C650025733A2043616C6C2060637452
:10962000725F6C72775F74616C6B5F656E61626CA8
:109630006560206661696C65643A20256400646930
:109640007361626C650025733A2043616C6C206025
:109650006374725F6C72775F74616C6B5F64697363
:1096600061626C6560206661696C65643A2025649E
:10967000006F6E6C79206F6E6520617267756D6525
:109680006E7420697320616363657074656420285B
:109690007573652071756F7465733F290A00746571
:1096A0007374206D6F6465206973206E6F74206120
:1096B00063746976617465640A0025733A204361B6
:1096C0006C6C20606C72775F74616C6B5F6020669D
:1096D00061696C65643A2025640025733A20436112
:1096E0006C6C20606374725F6C72775F69665F7226
:1096F0006573657460206661696C65643A202564F1
:109700000025733A2057616974696E6720256C6C77
:1097100064206D696C6C697365636F6E642873296E
:109720000025733A2043616C6C20606374725F6C37
:1097300072775F74616C6B5F61745F64666F726D8A
:10974000617460206661696C65643A202564002557
:10975000733A2043616C6C20606374725F6C727743
:109760005F74616C6B5F61745F62616E64602066E0
:1097700061696C65643A2025640025733A20436171
:109780006C6C20606374725F6C72775F74616C6B79
:109790005F61745F63686D61736B60206661696CA3
:1097A00065643A2025640025733A2043616C6C207F
:1097B000606374725F6C72775F74616C6B5F61740D
:1097C0005F636C61737360206661696C65643A20E5
:1097D00025640025733A2043616C6C2060637472C9
:1097E0005F6C72775F74616C6B5F61745F6D6F64E7
:1097F0006560206661696C65643A202564002573A4
:109800003A2043616C6C20606374725F6C72775FA6
:1098100074616C6B5F61745F6E776B602066616909
:109820006C65643A2025640025733A2043616C6CB2
:1098300020606374725F6C72775F74616C6B5F61E0
:10984000745F61647260206661696C65643A2025AA
:10985000640025733A2043616C6C20606374725F0E
:109860006C72775F74616C6B5F61745F64726020AF
:109870006661696C65643A2025640025733A20436B
:10988000616C6C20606374725F6C72775F74616C82
:109890006B5F61745F647574796379636C65602074
:1098A0006661696C65643A2025640025733A20433B
:1098B000616C6C20606374725F6C72775F74616C52
:1098C0006B5F61745F6A6F696E6463602066616973
:1098D0006C65643A2025640025733A2043616C6C02
:1098E00020606374725F6C72775F74616C6B5F6130
:1098F000745F6465766164647260206661696C653A
:10990000643A2025640025733A2043616C6C206022
:109910006374725F6C72775F74616C6B5F61745FAC
:1099200064657665756960206661696C65643A2076
:1099300025640025733A2043616C6C206063747267
:109940005F6C72775F74616C6B5F61745F61707084
:1099500065756960206661696C65643A20256400FC
:1099600025733A2043616C6C20606374725F6C7283
:10997000775F74616C6B5F61745F6170706B657948
:1099800060206661696C65643A2025640025733A3D
:109990002043616C6C20606374725F6C72775F74DB
:1099A000616C6B5F61745F6E776B736B6579602060
:1099B0006661696C65643A2025640025733A20432A
:1099C000616C6C20606374725F6C72775F74616C41
:1099D0006B5F61745F617070736B65796020666145
:1099E000696C65643A2025640025733A20556E6BD6
:1099F0006E6F776E206576656E743A20256400255B
:109A0000733A2043616C6C206073657474696E678F
:109A1000735F726567697374657260206661696CF3
:109A200065643A2025640025733A2043616C6C20FC
:109A30006073657474696E67735F6C6F61645F7384
:109A400075627472656560206661696C65643A2050
:109A500025640025733A2043616C6C206063747246
:109A60005F6C72775F74616C6B5F696E69746020A4
:109A70006661696C65643A2025640025733A204369
:109A8000616C6C20606B5F6D7367715F676574609C
:109A9000206661696C65643A2025640025733A206C
:109AA0004465717565756564205354415254206353
:109AB0006F6D6D616E642028636F7272656C617486
:109AC000696F6E2069643A202564290025733A2065
:109AD0004E6F20726561736F6E20666F72205354F3
:109AE000415254206F7065726174696F6E202D2031
:109AF00069676E6F72696E670025733A2043616C07
:109B00006C20606374725F72666D75785F616371FB
:109B10007569726560206661696C65643A202564C8
:109B20000025733A2043616C6C20606374725F722D
:109B3000666D75785F7365745F616E74656E6E6176
:109B400060206661696C65643A2025640025733A7B
:109B50002043616C6C20606374725F72666D75780F
:109B60005F7365745F696E746572666163656020BA
:109B70006661696C65643A2025640025733A204F5C
:109B80007065726174696F6E20424F4F5420737418
:109B900061727465640025733A20426F6F74206DA2
:109BA0006573736167652074696D6564206F757492
:109BB0000025733A204F7065726174696F6E2042A0
:109BC0004F4F542073756363656564656400257346
:109BD0003A2043616C6C2060626F6F745F6F6E63DC
:109BE0006560206661696C65643A202564002573B0
:109BF0003A20526570656174696E6720424F4F5418
:109C0000206F7065726174696F6E2028726574725E
:109C1000696573206C6566743A2025642900257394
:109C20003A204F7065726174696F6E20424F4F54D5
:109C3000206661696C65640025733A2043616C6C31
:109C40002060626F6F7460206661696C65643A20A1
:109C500025640025733A204F7065726174696F6ED8
:109C60002053455455502073746172746564002507
:109C7000733A204F7065726174696F6E205345545A
:109C80005550207375636365656465640025733A98
:109C90002043616C6C206073657475705F6F6E63D8
:109CA0006560206661696C65643A202564002573EF
:109CB0003A20526570656174696E6720534554554A
:109CC00050206F7065726174696F6E2028726574C0
:109CD00072696573206C6566743A202564290025D5
:109CE000733A204F7065726174696F6E20534554EA
:109CF0005550206661696C65640025733A204361A4
:109D00006C6C2060736574757060206661696C6549
:109D1000643A2025640025733A2043616C6C20600E
:109D2000737461727460206661696C65643A2025A1
:109D3000640025733A204572726F72202D20666C84
:109D4000757368696E6720616C6C20636F6E7472E6
:109D50006F6C20636F6D6D616E64732066726F6DE2
:109D60002071756575650025733A204465717565C8
:109D7000756564204A4F494E20636F6D6D616E6456
:109D80002028636F7272656C6174696F6E206964FC
:109D90003A202564290025733A204E6F742072659D
:109DA00061647920666F72204A4F494E20636F6D5F
:109DB0006D616E64202D2069676E6F72696E670039
:109DC00025733A204F7065726174696F6E204A4F37
:109DD000494E20737461727465640025733A2043A0
:109DE000616C6C20606374725F6C72775F74616C1D
:109DF0006B5F61745F6A6F696E60206661696C6534
:109E0000643A2025640025733A204A6F696E2072F7
:109E10006573706F6E73652074696D6564206F750E
:109E2000740025733A204F7065726174696F6E20FB
:109E30004A4F494E20737563636565646564002508
:109E4000733A2043616C6C20606A6F696E5F6F6E5D
:109E5000636560206661696C65643A20256400254D
:109E6000733A20526570656174696E67204A4F4984
:109E70004E206F7065726174696F6E202872657410
:109E800072696573206C6566743A20256429002523
:109E9000733A204F7065726174696F6E204A4F4942
:109EA0004E206661696C65640025733A2043616CDD
:109EB0006C20606A6F696E60206661696C65643AE7
:109EC0002025640025733A20556E6B6E6F776E20E7
:109ED0006D6573736167653A2025640025733A20C8
:109EE00044657175657565642053454E4420636F04
:109EF0006D6D616E642028636F7272656C61746948
:109F00006F6E2069643A202564290025733A204D3C
:109F10006573736167652054544C2065787069726D
:109F200065640025733A204F7065726174696F6EC5
:109F30002053454E44207374617274656400257328
:109F40003A2043616C6C20606374725F6C72775F5F
:109F500074616C6B5F61745F7574786020666169B1
:109F60006C65643A2025640025733A2043616C6C6B
:109F700020606374725F6C72775F74616C6B5F6199
:109F8000745F63747860206661696C65643A20254B
:109F9000640025733A2043616C6C20606374725FC7
:109FA0006C72775F74616C6B5F61745F70757478ED
:109FB00060206661696C65643A2025640025733A07
:109FC0002043616C6C20606374725F6C72775F74A5
:109FD000616C6B5F61745F70637478602066616947
:109FE0006C65643A2025640025733A2053656E64DD
:109FF00020726573706F6E73652074696D6564207F
:10A000006F75740025733A204F7065726174696FC3
:10A010006E2053454E4420737563636565646564C3
:10A020000025733A2043616C6C206073656E645F39
:10A030006F6E636560206661696C65643A202564B3
:10A040000025733A20526570656174696E6720530C
:10A05000454E44206F7065726174696F6E2028727E
:10A06000657472696573206C6566743A202564298D
:10A070000025733A204F7065726174696F6E2053CA
:10A08000454E44206661696C65640025733A20433F
:10A09000616C6C206073656E6460206661696C65DC
:10A0A000643A2025640025733A2054657374206D4A
:10A0B0006F646520616374697661746564202D2026
:10A0C00069676E6F72696E670025733A20456E711D
:10A0D0007565696E6720535441525420636F6D6DEE
:10A0E000616E642028636F7272656C6174696F6E53
:10A0F0002069643A202564290025733A2043616C65
:10A100006C20606B5F6D7367715F70757460206643
:10A1100061696C65643A20256400636F7272656CD6
:10A120006174696F6E2069643A2025640A002573A2
:10A130003A204E6F7420696E204F544141206D6F5C
:10A140006465202D2069676E6F72696E67002573E4
:10A150003A20456E717565696E67204A4F494E20F9
:10A16000636F6D6D616E642028636F7272656C61E0
:10A1700074696F6E2069643A202564290025733A5A
:10A1800020456E717565696E672053454E442063A6
:10A190006F6D6D616E642028636F7272656C61749F
:10A1A000696F6E2069643A202564290074616C6BC4
:10A1B0005F68616E646C657200696E697400636DDE
:10A1C000645F737461727400636D645F6A6F696E5B
:10A1D00000636D645F746573745F756172740063AE
:10A1E0006D645F746573745F726573657400636D2D
:10A1F000645F746573745F636D64006374725F6C35
:10A2000072775F73656E64006374725F6C72775F00
:10A210006A6F696E006374725F6C72775F737461EA
:10A2200072740073656E645F6F6E63650073656E54
:10A23000640070726F636573735F7265715F7365DD
:10A240006E640070726F636573735F73656E645FD5
:10A250006D736771006A6F696E5F6F6E6365006A28
:10A260006F696E0070726F636573735F7265715FA3
:10A270006A6F696E0073657475705F6F6E636500F9
:10A28000736574757000626F6F745F6F6E636500E5
:10A29000626F6F740073746172740070726F6365C3
:10A2A00073735F7265715F73746172740077616953
:10A2B000745F696E7472615F7265715F64656C6111
:10A2C000790070726F636573735F636D645F6D7344
:10A2D000677100646973706174636865725F746844
:10A2E00072656164004C6F526157414E20636F6D1F
:10A2F0006D616E64732E00737461727400537461C7
:10A30000727420696E746572666163652E006A6F8F
:10A31000696E004A6F696E206E6574776F726B2E7E
:10A320000074657374005465737420636F6D6D61A0
:10A330006E64732E007561727400456E61626C65A7
:10A340002F44697361626C65205541525420696ED7
:10A35000746572666163652028666F726D61743A18
:10A36000203C656E61626C657C64697361626C65DA
:10A370003E292E005265736574206D6F64656D2EE5
:10A3800000636D640053656E6420636F6D6D616E74
:10A390006420746F206D6F64656D2E2028666F7267
:10A3A0006D61743A203C636F6D6D616E643E29008F
:10A3B0006374725F6C7277004C52572074657374CB
:10A3C000206D6F646500616E74656E6E6100616E14
:10A3D00074656E6E61206D6F646500726164696F93
:10A3E0002062616E640063686D61736B0063686115
:10A3F0006E6E656C206D61736B2028666F726D6187
:10A40000743A203C4E2068657861646563696D61CB
:10A410006C206469676974733E29006465766963BA
:10A420006520636C617373006F7065726174696F2E
:10A430006E206D6F6465006E776B006E6574776F6C
:10A44000726B207479706500616472006164617080
:10A45000746976652064617461207261746500645A
:10A460006174617261746500647574796379636C99
:10A47000650064757479206379636C650064657642
:10A480006164647200446576416464722028666F7A
:10A49000726D61743A203C38206865786164656348
:10A4A000696D616C206469676974733E2900646535
:10A4B00076657569004465764555492028666F7252
:10A4C0006D61743A203C313620686578616465635B
:10A4D000696D616C206469676974733E29006A6FF5
:10A4E000696E657569004A6F696E45554920286631
:10A4F0006F726D61743A203C313620686578616412
:10A500006563696D616C206469676974733E2900D5
:10A510006170706B6579004170704B6579202866B9
:10A520006F726D61743A203C3332206865786164E3
:10A530006563696D616C206469676974733E2900A5
:10A540006E776B736B6579004E776B534B65792033
:10A5500028666F726D61743A203C333220686578EA
:10A5600061646563696D616C206469676974733ED9
:10A570002900617070736B657900417070534B6591
:10A58000792028666F726D61743A203C33322068FE
:10A59000657861646563696D616C2064696769747D
:10A5A000733E290070726976617465007075626C23
:10A5B000696300616270006F7461610041533932F8
:10A5C00033004155393135004555383638004B5246
:10A5D00039323000494E383635005553393135005F
:10A5E000696E7400657874000000000000000000CF
:10A5F000000000000000000000000000000000005B
:10A60000000000000000000000000000000000004A
:10A61000000000000000000000000000000000003A
:10A62000000000000000000000000000000000002A
:10A63000000000000000000000000000000000001A
:10A64000000000000000000000000000000000000A
:10A6500000000000000000000000000000000000FA
:10A6600000000000000000000000000000000000EA
:10A670002B4F4B0025733A205253503A202573003C
:10A6800025733A205552433A202573002B41434B02
:10A69000002B4E4F41434B002B4556454E543D3108
:10A6A0002C31002B4556454E543D312C30002B4566
:10A6B00056454E543D302C300025733A2043616C92
:10A6C0006C20606374725F6C72775F69665F73653C
:10A6D0006E6460206661696C65643A2025640025BB
:10A6E000733A2043616C6C2060776169745F7265B6
:10A6F00073706F6E736560206661696C65643A2083
:10A7000025640025733A2043616C6C206063747289
:10A710005F6C72775F69665F696E697460206661FD
:10A72000696C65643A2025640025733A2043616CA6
:10A730006C20606374725F6C72775F69665F656ED0
:10A7400061626C6560206661696C65643A202564AD
:10A750000025733A2043616C6C20606374725F6CF7
:10A7600072775F69665F64697361626C65602066B9
:10A7700061696C65643A2025640025733A20436161
:10A780006C6C206074616C6B5F636D6460206661EB
:10A79000696C65643A2025640041540025733A20B1
:10A7A00043616C6C206074616C6B5F636D645F6FA0
:10A7B0006B60206661696C65643A202564004154D1
:10A7C0002B44464F524D41543D25750041542B4278
:10A7D000414E443D25750041542B434C4153533D5C
:10A7E00025750041542B44523D25750041542B4D95
:10A7F0004F44453D25750041542B4E574B3D257523
:10A800000041542B4144523D25750041542B445581
:10A8100054594359434C453D25750041542B4A4FEB
:10A82000494E44433D25750041542B4A4F494E0043
:10A8300025733A2043616C6C20606374725F6275AB
:10A84000663268657860206661696C65643A2025C7
:10A85000640041542B444556414444523D25730005
:10A8600041542B4445564555493D25730041542BD1
:10A870004150504555493D25730041542B4150509E
:10A880004B45593D25730041542B4E574B534B4577
:10A89000593D25730041542B415050534B45593D70
:10A8A00025730041542B43484D41534B3D257300C4
:10A8B00041542B5554582025750D25730041542BB8
:10A8C0004354582025750D25730041542B50555481
:10A8D000582025752C25750D25730041542B5043A8
:10A8E00054582025752C25750D2573006374725FEF
:10A8F0006C72775F74616C6B5F61745F70637478A6
:10A90000006374725F6C72775F74616C6B5F61740B
:10A910005F70757478006374725F6C72775F7461D6
:10A920006C6B5F61745F637478006374725F6C72E8
:10A93000775F74616C6B5F61745F757478006374CA
:10A94000725F6C72775F74616C6B5F61745F636878
:10A950006D61736B006374725F6C72775F74616CAE
:10A960006B5F61745F617070736B657900637472A3
:10A970005F6C72775F74616C6B5F61745F6E776B35
:10A98000736B6579006374725F6C72775F74616C6E
:10A990006B5F61745F6170706B6579006374725F87
:10A9A0006C72775F74616C6B5F61745F617070650E
:10A9B0007569006374725F6C72775F74616C6B5F52
:10A9C00061745F646576657569006374725F6C724B
:10A9D000775F74616C6B5F61745F646576616464FA
:10A9E00072006374725F6C72775F74616C6B5F612D
:10A9F000745F6A6F696E006374725F6C72775F7404
:10AA0000616C6B5F61745F6A6F696E64630063742D
:10AA1000725F6C72775F74616C6B5F61745F647599
:10AA200074796379636C65006374725F6C72775FCD
:10AA300074616C6B5F61745F616472006374725FF8
:10AA40006C72775F74616C6B5F61745F6E776B00C3
:10AA50006374725F6C72775F74616C6B5F61745F5B
:10AA60006D6F6465006374725F6C72775F74616CA4
:10AA70006B5F61745F6472006374725F6C72775FA6
:10AA800074616C6B5F61745F636C6173730063749A
:10AA9000725F6C72775F74616C6B5F61745F62612F
:10AAA0006E64006374725F6C72775F74616C6B5F6D
:10AAB00061745F64666F726D617400776169745F61
:10AAC000726573706F6E73650074616C6B5F636D3C
:10AAD000645F6F6B0074616C6B5F636D64006374C3
:10AAE000725F6C72775F74616C6B5F006374725F2E
:10AAF0006C72775F74616C6B5F64697361626C65C3
:10AB0000006374725F6C72775F74616C6B5F656E0B
:10AB100061626C6500726563765F63620063747284
:10AB20005F6C72775F74616C6B5F696E69740063F0
:10AB300074725F6C72775F74616C6B000000000070
:10AB400000010100000000000101010000000020E0
:10AB50003030303030303030303030303030000154
:10AB60000001010101010100000000005465726D47
:10AB7000696E616C000000000000005454522052C5
:10AB800045474745530025733A2048616C74696E08
:10AB9000672073797374656D00556E6B6E6F776E99
:10ABA000206572726F7200756E6B6E6F776E002526
:10ABB000733A203E3E3E205A455048595220464165
:10ABC00054414C204552524F522025643A2025735F
:10ABD000206F6E204350552025640025733A20468F
:10ABE00061756C7420647572696E6720696E746536
:10ABF00072727570742068616E646C696E670A00A9
:10AC000025733A2043757272656E7420746872659C
:10AC100061643A202570202825732900435055206F
:10AC2000657863657074696F6E00556E68616E64F7
:10AC30006C656420696E746572727570740053740B
:10AC400061636B206F766572666C6F77004B65721F
:10AC50006E656C206F6F7073004B65726E656C2053
:10AC600070616E6963007A5F666174616C5F6572C2
:10AC7000726F72006B5F7379735F666174616C5F92
:10AC80006572726F725F68616E646C657200696490
:10AC90006C65006D61696E006F73002B0064756DEB
:10ACA0006D7900736C656570696E670064656164D9
:10ACB0000061626F7274696E670073757370656EA0
:10ACC00064696E6700717565756564007379737783
:10ACD0006F726B71006E616E00286E756C6C29006E
:10ACE0006364696E6F70737578585B656667454617
:10ACF0004700616E006E66696E697479000000003D
:10AD00000000002000000020010000000100000001
:10AD100010000020100000200000000000000000D3
:10AD20000000000000000000000000000000000023
:10AD30000000000000000000000000000000000013
:10AD40000000000000000000000000000000000003
:10AD5000BB160100E9230100C4690100D5340000DD
:10AD60000000000000000000000000004B27010070
:10AD7000000000002F27010000000000010000007B
:10AD80007C6A0100381B0020EC0700203A0000001C
:10AD9000000800203A000000B00700203A00000040
:10ADA000280800203A00000000000000B73201002F
:10ADB00000000000000000000060004000000000F3
:10ADC0000000000000000000000000000000000083
:10ADD0000000000000000000000000000000000073
:10ADE0000000000000000000000000000000000063
:10ADF0000000000000000000000000000000000053
:10AE00000000000000000000000000000000000042
:10AE10000000000000000000000000000000000032
:10AE20000000000000000000000000000000000022
:10AE30000000000000000000000000000000000012
:10AE40000000000000000000000000000000000002
:10AE50007F3501000000000000000000000000003D
:10AE60007F3501000000000000010000000000002C
:10AE70004938010000000000801B00200000000095
:10AE800000000000000000000000000000000000C2
:10AE9000D73E01000000000000400040000000001C
:10AEA00000000000000000000000000000000000A2
:10AEB0000000000000000000000000000000000092
:10AEC00000000000000000003C6C010001000000D8
:10AED000D0010020D001002000000000010000008F
:10AEE000E0010020E0010020E8010020E80100204E
:10AEF0000000000001000000F8010020F80100201F
:10AF00000000000000000000000000000000000041
:10AF10000000000000000000000000000000000031
:10AF200000000000B8610100000000000000000007
:10AF3000223E00201A3E0020D861010000000000DF
:10AF40000000000000000000000000000000000001
:10AF500000000000000000000000000000000000F1
:10AF600000000000000000000000000000000000E1
:10AF700000000000000000000000000000000000D1
:10AF800000000000000000000000000000000000C1
:10AF900000000000000000000000000000000000B1
:10AFA00000000000000000000000000000000000A1
:10AFB0000000000000000000000000000000000091
:10AFC0000000000000000000000000000000000081
:10AFD0000000000000000000000000000000000071
:10AFE0000000000000000000000000000000000061
:10AFF0000000000000000000000000000000000051
:10B000000000000000000000000000000000000040
:10B010000000000000000000000000000000000030
:10B020000000000000000000000000000000000020
:10B030000000000000000000000000000000000010
:10B040000000000000000000000000000000000000
:10B0500000000000000000000000000000000000F0
:10B0600000000000000000000000000000000000E0
:10B0700000000000000000000000000000000000D0
:10B0800000000000000000000000000000000000C0
:10B0900000000000000000000000000000000000B0
:10B0A00000000000000000000000000000000000A0
:10B0B0000000000000000000000000000000000090
:10B0C0000000000000000000000000000000000080
:10B0D0000000000000000000000000000000000070
:10B0E0000000000000000000000000000000000060
:10B0F0000000000000000000000000000000000050
:10B10000000000000000000000000000000000003F
:10B11000000000000000000000000000000000002F
:10B12000000000000000000000000000000000001F
:10B13000000000000000000000000000000000000F
:10B1400000000000000000000000000000000000FF
:10B1500000000000000000000000000000000000EF
:10B1600000000000000000000000000000000000DF
:10B1700000000000000000000000000000000000CF
:10B1800000000000000000000000000000000000BF
:10B1900000000000000000000000000000000000AF
:10B1A000000000000000000000000000000000009F
:10B1B000000000000000000000000000000000008F
:10B1C000000000000000000000000000000000007F
:10B1D000000000000000000000000000000000006F
:10B1E000000000000000000000000000000000005F
:10B1F000000000000000000000000000000000004F
:10B20000000000000000000000000000000000003E
:10B21000000000000000000000000000000000002E
:10B22000000000000000000000000000000000001E
:10B23000000000000000000000000000000000000E
:10B2400000000000000000000000000000000000FE
:10B2500000000000000000000000000000000000EE
:10B2600000000000F861010068050020680500206A
:10B270000000000001000000780500207805002093
:10B280000000000000000000000000000743010073
:10B2900000000000B4A30100000000000000000056
:10B2A00015960000AD950000059600000000000016
:10B2B000A4A50100ACA50100B3A50100B7A501003C
:10B2C0000C7B0100C07B01007D820100BCA5010058
:10B2D000C2A50100C07B0100C07B0100C07B010052
:10B2E000C8A50100CEA50100D4A50100DAA5010082
:10B2F000E0A50100E4A50100000005000000000039
:10B30000000000000000000000000000000000003D
:10B310000000000000010101000000000100000029
:10B32000000000000000000000000000000000001D
:10B33000000000000000000000000000000000000D
:10B3400000000000000000000000000000000000FD
:10B3500000000000000000000000000000000000ED
:10B36000000000000090D003FF00000090020000E9
:10B370007006002070060020780600207806002065
:10B3800000000000B9F00000C4060020BC06002048
:10B39000B406002000000000AC060020D5F100003B
:10B3A00021F1000055F100009DF10000F82A002075
:10B3B0003A00003AFC2A00203A00003A002B002014
:10B3C0003A00003A042B00203A00003AD40600204C
:10B3D00098060020900600208C0600208806002099
:01B3E000016B
:10B3E100000000000000000000000000000000005C
:07B3F1000000000000000055
:10B3F8000000000000000000000000000000000045
:10B408000000000000000000000000000000000034
:10B418000000000000000000000000000000000024
:10B428000000000000000000000000000000000014
:04B438000000000010
:10B43C000000000000000000000000000000000000
:10B44C0000000000000000000000000000000000F0
:10B45C0000000000000000000000000000000000E0
:10B46C0000000000000000000000000000000000D0
:10B47C0000000000000000000000000000000000C0
:10B48C0000000000000000000000000000000000B0
:10B49C000000000040C2002000200000000000005E
:04B4AC00000000009C
:10B4B000B0070020B00700200000000000000000DE
:10B4C0000E000000C4070020C40700200000000098
:10B4D000000000000E000000D8070020D807002060
:10B4E00000000000000000000E000000EC0700203B
:10B4F000EC07002000000000000000000E0000002B
:10B5000000080020000800200000000000000000EB
:10B510000E000000140800201408002000000000A5
:10B52000000000000E00000028080020280800206D
:0CB5300000000000000000000E00000001
:10B53C003C0800203C08002008000000100000001F
:10B54C0040E40020C0E4002040E4002040E400205F
:10B55C0000000000600800206008002000000000CF
:10B56C006C0800206C080020200000001000000077
:10B57C0040E2002040E4002040E2002040E20020B5
:10B58C00000000009008002090080020000000003F
:10B59C009C0800209C080020000000000100000016
:08B5AC00AC080020AC080020EF
:04B5B40015E015E0A9
:04000003000053099D
:00000001FF
