:020000040000FA
:10C20000C08F0120E14E020049C90400CD4E02005A
:10C21000CD4E0200CD4E0200CD4E020000000000C7
:10C22000000000000000000000000000D5500200E7
:10C23000CD4E020000000000A1500200CD4E0200D1
:10C24000955202004D1105009552020095520200D0
:10C25000955202009552020095520200955202003A
:10C260000311050095520200955202003711050096
:10C27000955202009552020095520200955202001A
:10C28000955202009552020095520200955202000A
:10C2900095520200955202009552020095520200FA
:10C2A00095520200955202009552020095520200EA
:10C2B00095520200955202009552020095520200DA
:10C2C00095520200955202009552020095520200CA
:10C2D00095520200955202009552020095520200BA
:10C2E00095520200955202009552020095520200AA
:10C2F000955202009552020095520200955202009A
:10C300002DE9F00791E8F807B2E802105B1854EB4A
:10C310000C04B2E802104D4156EB0C06B2E80210D4
:10C320004F4158EB0C08B2E8021059EB01095AEBE7
:10C330000C0A80E8F80780410130BDE8F00770473B
:10C340002DE9F00791E8F807B2E802105B1A74EBE8
:10C350000C04B2E802108D4176EB0C06B2E8021034
:10C360008F4178EB0C08B2E8021079EB01097AEB07
:10C370000C0A80E8F80780414042BDE8F0077047AA
:10C380002DE9F007524290E87800B1E880071740A5
:10C39000DB1918EA020854EB080419EA020955EB04
:10C3A00009051AEA020A56EB0A0678C090E87800F6
:10C3B000B1E8800717407B4118EA020854EB0804F3
:10C3C00019EA020955EB09051AEA020A56EB0A06B0
:10C3D00078C080410130BDE8F00770472DE9F007D3
:10C3E000524290E87800B1E880071740DB1B18EA5A
:10C3F000020874EB080419EA020975EB09051AEA48
:10C40000020A76EB0A0678C090E87800B1E8800767
:10C410001740BB4118EA020874EB080419EA020944
:10C4200075EB09051AEA020A76EB0A0678C0804124
:10C430004042BDE8F00770472DE9F00152424FF04D
:10C44000040890E8300091E8C000A31B1340E41AF0
:10C45000F618EB1B1340ED1AFF1830C0C0C1B8F13D
:10C460000108EED1BDE8F001704700BF00B592E8C9
:10C47000DC072DE9DC07B1E8805702B4A7FB0251C5
:10C480000A95A8FB020BE7FB6310E9FB62B00B9176
:10C49000A8FB0351EAFB6201E7FB64B5E7FB660515
:10C4A000E8FB6615CDF830B0A9FB03B6EAFB6316CE
:10C4B000ECFB6356E8FB640BE9FB641BEAFB645B83
:10C4C000ECFB646B0D90ACFB0230059CEEFB625004
:10C4D000E9FB6460EAFB64B0E7FB6431E8FB6451AC
:10C4E000069CE8FB6461E9FB64B1EAFB64010E931E
:10C4F000A7FB0432079CE7FB6462E8FB64B2E9FB3C
:10C500006402EAFB6412049CE9FB6453EAFB646383
:10C51000089CE7FB64B3E8FB6403E9FB6413EAFBF4
:10C5200064230F955DF8049B99E80006DDF8008010
:10C53000A9FB0854EAFB68B4DDF81080ECFB680442
:10C54000EEFB6814E9FB6824EAFB6834DDF804803C
:10C55000EEFB6865E9FB68B5EAFB6805DDF8148069
:10C56000ECFB6815EEFB6825E9FB6835EAFB6845DE
:10C570000F96DDF80880AEFB0876E9FB6806EAFB5B
:10C580006816DDF81880ECFB6826EEFB6836E9FBE0
:10C590006846EAFB6856DDF80C80ECFB68B7EEFBFA
:10C5A0006807E9FB6817EAFB6827DDF81C80ECFBED
:10C5B0006837EEFB6847E9FB6857EAFB686708B035
:10C5C00000BD00BF2DE9F14F87B0FFF74FFFDDF849
:10C5D0001C8008F1200888E8FF00FFBC87E87F087E
:10C5E000BDE8F08F00B591E89857A3FB0352019581
:10C5F000A3FB0401E3FB6420E3FB67100292A3FBAF
:10C600000752E3FB6802E4FB6415E3FB6805E3FB08
:10C6100069250391A4FB07B6E3FB6926E3FB6A5691
:10C62000E4FB670BE4FB682BE3FB6A5BE3FB6C6BEF
:10C630000490A4FB0810E4FB6950E3FB6C60E3FB8F
:10C640006EB0E7FB6721E4FB6951E4FB6A61E3FB41
:10C650006EB1E4FB6E010592A7FB0832E4FB6A624F
:10C66000E4FB6CB2E4FB6E02E7FB6E12E7FB68537F
:10C67000E7FB6963E4FB6CB3E7FB6C03E7FB6E135A
:10C68000E8FB6E230695A7FB0954E7FB6AB4E7FBBA
:10C690006C04E8FB6C14E8FB6E24E9FB6E34E8FBE9
:10C6A0006865E7FB6AB5E8FB6A05E8FB6C15E9FB22
:10C6B0006C25E9FB6E35EAFB6E450796A8FB09760B
:10C6C000E8FB6A06E9FB6A16E9FB6C26EAFB6C36B6
:10C6D000EAFB6E46ECFB6E56E8FB69B7E9FB6907BF
:10C6E000E9FB6A17EAFB6A27EAFB6C37ECFB6C474D
:10C6F000ECFB6E57EEFB6E6700BD00BF2DE9F14FFE
:10C7000087B0FFF76FFFDDF81C8008F1200888E88C
:10C71000FF00FFBC87E87F08BDE8F08F30B44FF022
:10C72000000310F8014B11F8015B013A84EA05049B
:10C7300043EA0403F5D1A3F101034FEAD37030BCFF
:10C74000704700BF4FF0000310F8012B013943EA96
:10C750000203F9D1A3F101034FEAD370704700BF80
:10C7600030B411F8014B12F8015B6C4000F8014B3A
:10C77000013BF6D130BC70472DE9F00791E8F8078E
:10C78000B2E802105B1854EB0C04B2E802104D4101
:10C7900056EB0C06B2E802104F4158EB0C08B2E819
:10C7A000021059EB01095AEB0C0A8941B3F1FF332E
:10C7B00074F1FF3475F1FF3576F1000677F100076B
:10C7C00078F1000879F101097AF1FF3A51F100019D
:10C7D0005B184C414D4156F1000657F1000758F1E6
:10C7E000000859EBD1795AEB010A80E8F807BDE857
:10C7F000F00770472DE9F00791E8F807B2E802105A
:10C800005B1A74EB0C04B2E802108D4176EB0C0657
:10C81000B2E802108F4178EB0C08B2E8021079EB15
:10C8200001097AEB0C0A89415B184C414D4156F1E4
:10C83000000657F1000758F1000859EBD1795AEB7F
:10C84000010A80E8F807BDE8F007704718EB040814
:10C8500059EB05095AEB060A5BEB070B5FF0000C7E
:10C860004CF1000C18EB050859EB06095AEB070AC6
:10C870005BEB070B50EB0C005FF0000C51EB0C0175
:10C8800052EB0C0263414CF1000CB8EB070879F154
:10C8900000097AF1000A7BEB040BA841B141A241E7
:10C8A000B3416CF1000CBBEB050BB041B941AA419F
:10C8B000BB416CF1000C4CF001068CF0020718EB48
:10C8C000060859EB6C095AEB6C0A7BEB6C0B70EBAE
:10C8D0006C0471EB6C0572EB670653EB6C076CEB49
:10C8E0006C0C18EB0C0059EB0C015AEB0C025BF1D1
:10C8F000000354F1000455F1000556EBDC7657EBCC
:10C900000C0770472DE9F14F87B0FFF7AFFDDDF859
:10C910001080DDF81490DDF818A0FFF797FFBDE850
:10C92000000FFFF793FF03B05DF8048B88E8FF006A
:10C93000BDE8F08F2DE9F14F87B0FFF753FEDDF82A
:10C940001080DDF81490DDF818A0FFF77FFFBDE838
:10C95000000FFFF77BFF03B05DF8048B88E8FF0052
:10C96000BDE8F08F064B074A5B7802604FF42072F7
:10C970008280C3710822002382710372704700BF56
:10C98000C83B0020C7C00100064B074A9B780260E5
:10C990004FF494728280C3710822FF238271037264
:10C9A000704700BFC83B00203DBC0100F8B5C41D66
:10C9B000002824F00704054614BF2046002000F09C
:10C9C00043FB071E02DA6FF00B00F8BD0DB9FC4205
:10C9D000F9D4284EB1797079337AF2790331033082
:10C9E0000CF001FD0028EEDB317873783C44033411
:10C9F000002D194424F0030400FB01F114BF20466C
:10CA0000002000F0ADFC20440DB90028DBDBB2783B
:10CA10000346B2B1F17BF37811441944FF29D2DC0B
:10CA20000330002D20F0030414BF2046002072893B
:10CA3000C9B200F005FD031EC5DB23440DB9002B70
:10CA4000C1DB317B81B1B27872B10733002D23F0A5
:10CA5000070414BF2046002004F0ACF8031EB2DB2C
:10CA600023440DB9002BAEDB002D0CBF184600206F
:10CA7000ABE700BFC83B00201FB572B6184B9D6ADC
:10CA8000E5B9BFF34F8F1749174BCA6802F4E0624C
:10CA90001343CB60BFF34F8F00BFFDE7B2FBF6F24D
:10CAA000DCB20133002AF9D104F110036B4403F81E
:10CAB0000C2C0A2234B901A8A847E2E70246002359
:10CAC0000A26EDE7631E04AEDCB256FA83F3B0FB30
:10CAD000F2F602FB1600303003F80C0C3046E9E7A2
:10CAE000C83B002000ED00E00400FA0507B50C4B40
:10CAF0001A7A8DF80120DA798DF8002068469A7943
:10CB00005B79ADF80420ADF8023002F089FB18B172
:10CB1000D9210320FFF7B0FF03B05DF804FB00BF8D
:10CB2000C83B002038B5054670B30AF097FA10B933
:10CB30004FF0FF3038BD0FF0B9FBB0F5FA7FF7D8F2
:10CB4000144C1548A562002500F0F8F92622294664
:10CB5000204684F82C500AF08DFE01236370A370E8
:10CB60001B23637140F21B33E380022323721F23D4
:10CB7000638108232373EFF3108472B600F036FD4F
:10CB80002CB962B62046D5E76FF01500D2E72846EB
:10CB9000D0E700BFC83B0020EDCA000010B5002858
:10CBA0003CD1214C94F82C30032B34D059B1002ABD
:10CBB00037D00239052931D8DFE801F003142230DB
:10CBC0002528137863700020FFF7F0FE0028B7BF18
:10CBD0000123022384F82C306FF00B00A8BF84F8E7
:10CBE0002C3010BD9378E3B1D378D3B113781A2BDE
:10CBF00017D953781A2B14D91368C4F80530E2E713
:10CC00001378A370DFE713886381DCE71388FF2BB9
:10CC100007D82373D7E74FF0FF30E2E76FF02C001F
:10CC2000DFE76FF01500DCE7C83B0020F8B50D46E4
:10CC3000064630B329B311F0070422D1124F97F8FA
:10CC40002C30012B02D16FF00B00F8BD032B02D169
:10CC50004FF0FF30F9E700F0ADF80028F8D0284693
:10CC6000FFF7A4FE0028EEDB0FF064FA3046214601
:10CC700002F06AFBFFF73AFF032387F82C302046C7
:10CC8000E3E76FF01500E0E7C83B002010B5074C64
:10CC900094F82C30032B03D102F06EFB03F074FAEE
:10CCA0000CF097FC002084F82C0010BDC83B00203D
:10CCB00050B1074B03F1140253F8041B40F8041B56
:10CCC0009342F9D1002070476FF01500704700BF04
:10CCD000550D060010B5074B93F82C403CB902F0F7
:10CCE000FDFA0120044900F0A7F9204610BD4FF0DD
:10CCF000FF30FBE7C83B002089C9000010B5074B97
:10CD000093F82C403CB902F0FDFA2046044900F0AB
:10CD100093F9204610BD4FF0FF30FBE7C83B0020E1
:10CD200065C9000010B5054B93F82C401CB902F002
:10CD3000A1FA204610BD4FF0FF30FBE7C83B0020B2
:10CD400010B5054B93F82C401CB90DF054FD20464E
:10CD500010BD4FF0FF30FBE7C83B002010B5054B7E
:10CD600093F82C401CB90DF049FD204610BD4FF042
:10CD7000FF30FBE7C83B002008B5064B93F82C308A
:10CD8000032B03D002F04CF8002008BD4FF0FF3019
:10CD9000FBE700BFC83B0020024B02681A6000207E
:10CDA000704700BFF83B0020014B1B68184700BFCD
:10CDB000F83B0020024B1868003818BF012070476C
:10CDC000F83B00202DE9F743294E0446071D28486B
:10CDD000376003F0F1F90228054607D124492046BF
:10CDE0000BF0FDFD284603B0BDE8F083042838D1E0
:10CDF0003378072B18D13E2000F050F878B9F3783B
:10CE0000327901A943EA02236846ADF800300CF0FC
:10CE1000C2F80028DBD053210820FFF72DFE0520A3
:10CE200000F07CF80028EAD0314620460BF03CFEAA
:10CE3000B0F5817F01D37221EEE70028C7D094F8C6
:10CE4000008094F80290404600F028F80028BED0F8
:10CE5000B8F13E0FC6D1484600F060F80028C1D1B5
:10CE6000B5E70828BED1024920460BF0E7FDB9E737
:10CE7000FC3B0020074B4FF0FF3141F6FF72C3E946
:10CE8000001205490022C1E900221F21C3E9021254
:10CE9000704700BFC0200020403C00203F280CD835
:10CEA00001380B4BC0F3421200F01F0053F8223040
:10CEB00023FA00F000F001007047FF2806D0403848
:10CEC000C0F34212034B00F01F00EFE70120704750
:10CED000C0200020403C00200146074B0068496804
:10CEE0001A4603C240F48C221A6041F0107242F4D8
:10CEF000FF625A60704700BFC02000200246024B0C
:10CF00000068516803C37047403C00200246024B52
:10CF10000068516803C37047C82000200138064BE1
:10CF2000C0F3421203EB820300F01F009B6823FA58
:10CF300000F000F001007047C0200020014B186095
:10CF4000704700BF483C002010B5FFF793FF0DF07D
:10CF50001EF8034B1B68044603B19847204610BDDA
:10CF6000483C00200B880288F0B5C3F30E049EB243
:10CF700004F11403C57CC35A02352A442B4497B2EA
:10CF800013FA82F3013B4288B3FBF7F313FB074329
:10CF90009BB29A42044A93BF22EA060332401343EB
:10CFA0009BB20B80F0BD00BF0080FFFF4A1E062A27
:10CFB00008B50346084604D84FF4D1711520FFF791
:10CFC0005BFD094A914202D940F2A311F6E711B97B
:10CFD00003B1196008BD2BB11B680022C3E9012110
:10CFE0001A1D1A600430F5E7FAFFFF7F10B5114BE8
:10CFF00000EB41041A786389B3FBF2F303FB0223CD
:10D00000013A1A44B2F5706F027928BF00231A441E
:10D010008378B2FBF3F0194403FB1020091AB1FB2B
:10D02000F3F003FB101313446FEA43436FEA5343D7
:10D03000638110BD4C3C0020024B03EB8003596020
:10D04000704700BF4C3C00202DE9F04F10F0070A5C
:10D0500085B0054604D040F261111720FFF70CFDA2
:10D06000554F07F10C06B1460446B0464FF0010B90
:10D0700057F8043B8DF80BA03BB101A898479DF8E9
:10D080000A30082B01D9E821E7E79DF80B1081BB96
:10D0900005B13160B94506F10406E9D12DB3DFF8D9
:10D0A0001CE100238EF800301E46022258F82200B0
:10D0B000013A60B190F804A08178BAF1FF0F66D10F
:10D0C0004FF000078E4207713CBFCEB20123511CC6
:10D0D000ECD10BB18EF80060022640F6FF6A58F8DA
:10D0E0002670002F65D1013EF9D2601B05B0BDE866
:10D0F000F08F9DF80AC0BCF1020FE64601F105026F
:10D1000038BF4FF0020E0EF1FF3004EB420404442E
:10D11000CEF100002040BDF808406444013CCCF151
:10D12000000C04EA0C04B4F5803F4FEA420301D33B
:10D13000F82192E775B1C31A336099701C8083F8A7
:10D1400003B09DF80C201A71019A1A814FEA124C13
:10D15000A3F806C004FB01049CE758F82C90B9F131
:10D16000000F06D099F804B0D34504BF99F8029097
:10D170004F440CF1FF3CBCF1000FEEDA3944FF29BB
:10D18000A0D90BB18EF8006040F2271165E79446F4
:10D190000027F0E707EB41033846A3F80AA0FFF7A2
:10D1A00025FF09F10109BB785FFA89F18B42F1D8BB
:10D1B00099E74FF00009F6E7503C00204C3C002076
:10D1C000F8B54FF6FF730380184B03EB8103054658
:10D1D0001869B8B186780379B3FBF6F206FB12330F
:10D1E000DBB219460A1D00EB4202B2F90270548804
:10D1F000002F09DB0131B1FBF6F206FB1211C9B2B7
:10D200008B42EFD10020F8BDFF29FBD0C4F30E0301
:10D21000C4782B8024B94FF4D5711720FFF72CFC6C
:10D220005380BDE8F8400CF0BDB800BF4C3C002076
:10D230001D4B03EB810370B51C69054644B3030421
:10D2400004D54FF4DC711720FFF716FC0146204689
:10D250000CF08AF8FF28014604D02046BDE8704053
:10D260000CF0A0B8A078B5FBF0F300FB1353DBB2D1
:10D2700019460A1D04EB4206B6F90260002E09DBCE
:10D280000131B1FBF0F200FB1211C9B28B42F0D1B7
:10D29000002070BDFF29FBD08B4204EB42021CBF73
:10D2A0000023E3705580D8E74C3C0020094B03EB8A
:10D2B000810310B51C69014620460CF055F8FF2883
:10D2C000014604D02046BDE810400CF06BB80020A9
:10D2D00010BD00BF4C3C0020F8B5104B03EB8103A0
:10D2E00007461C69014620460CF03EF8FF2805461B
:10D2F00011D0E688238953EA064606D00146204627
:10D300000CF050F801463846B04720462946FFF752
:10D310006DFE0020F8BD0520FCE700BF4C3C00205E
:10D3200038B50E4B827903EB82030446186908B9BD
:10D33000052038BD8278E1799142F9D24B1CE37126
:10D3400000EB41035D89B3F90A30002BF3DBA580C4
:10D350000CF028F820600020EBE700BF4C3C0020D8
:10D3600070B5044610F003000E4603D04F2118207C
:10D37000FFF782FBFFF71AFE054624B1034831464A
:10D380000460FFF713FE284670BD00BF683C002014
:10D390002DE9F14FDFF870B09DF828A09DF82C9092
:10D3A0001E46DBF8003007460D4690461BB961214A
:10D3B0001820FFF761FB5246092140460BF05AFE48
:10D3C0004A4684B2092130460BF054FE14FA80F12B
:10D3D000DBF800000BF09DFF386018B9286001B041
:10D3E000BDE8F08F04442C6038685346414609225A
:10D3F0000BF0F9FD28684B460922314601B0BDE823
:10D40000F04F0BF0F0BD00BF683C002070B50E4639
:10D4100004460BF042FE054630460BF03EFE044B40
:10D420002A1821461868BDE870400BF096BF00BF6F
:10D43000683C0020014B18680BF05FBF683C00207F
:10D440001F2AF8B5044613460ED89200033222F084
:10D450000303B3F5803F2DD2184DACB1A00710D017
:10D460005F210920FFF708FBFF2B4FEA420204D996
:10D47000FF339A42A8BF1A46E8E77C2AB8BF7C224D
:10D48000E4E729706C602B8122F0030201EB810339
:10D490001204D80001276B68120C0025EEB28E42F0
:10D4A00000D3F8BD14B126181F705E60104401351A
:10D4B0002833F3E74FF0FF30F3E700BF6C3C002068
:10D4C00038B5144A147853680021C8B2844203D88E
:10D4D000AB210920FFF7D0FA18460131057828332F
:10D4E000002DF2D00021817001241289447044681B
:10D4F0008161C161920800F12001051D21F8022B14
:10D50000994245F8044B1444F8D100234361037059
:10D5100038BD00BF6C3C00202DE9F8434B788046B5
:10D520000C4602F0040602F0FB07D3B1DFB12E4B2C
:10D53000D4F804901D89B7BB01236370AD08A761BF
:10D54000E76104F120034A46211D04F1280023F875
:10D55000025B984241F8042B2A44F8D1002363610E
:10D5600001E0002FE3D0FF23A370002E18BF022696
:10D57000A3191B7D032B03D1022F1CBF0136F6B26A
:10D58000A31901221A7506F10C0204EB860600238A
:10D5900024F812307268A370C8F80020A8F804308C
:10D5A0004046BDE8F883002114226170A0180AF0FB
:10D5B00061F9B5F5FF7F0FD26B08ED1AADB209EB3B
:10D5C0000502C4F804902584A2606384C4F80C901A
:10D5D000A5842261E384C6E7B5F5EE6F4FF0FF0343
:10D5E000EBD940F27265EAE76C3C0020134B012254
:10D5F00000214FF0FF309A60C3F80012C3F808030F
:10D60000C3F80015C3F804259A60C3F80803C3F8EB
:10D610000015C3F804250A490A4A03F580334FF47C
:10D620000040C3F80825C1F88000BFF34F8FBFF357
:10D630006F8FC1F88001C3F80825704700F00040E3
:10D6400000E100E00000F63F0A46192302F8033B20
:10D650000448C368C1F803300369536043699360A9
:10D66000704700BF783C0020024B5A8C02435A841A
:10D670005B6A1847783C0020014B00215B6A184721
:10D68000783C002010B5154C05F006FF05F084FA33
:10D69000208DFFF7F1FF237E63B12246104952F837
:10D6A0000C3BE3606368536004F11900A368936066
:10D6B0000DF059FE0B4B228D93E8030003F004FBA1
:10D6C000236B188803F02AFAA36B94F8341094F8AB
:10D6D00035009847002384F83C3010BD783C00208A
:10D6E00049D60000A43C0020034B93F83C300BB11A
:10D6F000FFF7C8BF704700BF783C002070B51D4CD5
:10D70000256B636C236495F89430064694F84800C2
:10D710000BB10430C0B295F869102EB9FF2803D1BF
:10D7200095F868308B4201D005F044FD95F89430AF
:10D73000D3B1E06C05F050FF012384F86830D5E9DF
:10D740003E23E16C206CC4E9182305F0DBF916B91F
:10D75000304605F081FF95F86810002005F0C6FFFF
:10D76000022384F83C3070BD206C05F035FF05F0D5
:10D7700013FAECE7783C002008B5094B93F83C20FD
:10D78000022A04D040F253212720FFF775F9DA7AF4
:10D7900042F00102DA72BDE80840FFF773BF00BF34
:10D7A000783C002010B50E4CA26F137803F00303F1
:10D7B000032B04D1D378022B01D1002010BDE06FE0
:10D7C0000BF0FEFC0028F9D1A36F1B7803F00303D4
:10D7D000032BF2D001F0C6FE80F00100C0B2EDE7ED
:10D7E000783C00202DE9F743424C94F83C30256BFF
:10D7F000012B06460F465FFA83F804D040F2A4419D
:10D800002720FFF739F995F884303BB1002185F8DE
:10D8100084100420FFF728FF85F88680A16F0B781D
:10D8200003F00303032B05D195F88A3013B90220C6
:10D83000FFF71AFFA26F137803F00303032B02D044
:10D84000537813BB012385F88A3095F89430B3B12F
:10D85000D5E93E01236B94F84890C4E918014FF0D4
:10D86000010893F8690084F868800BF0B4FE002288
:10D870000346009220494A46404605F0FDF836B17D
:10D8800003B0BDE8F043FFF7FDBE0223DBE7002F46
:10D89000F6D0D4F88030304698470028F0D094F87D
:10D8A0003430002BECD194F88430DD06C3F3001043
:10D8B00001D5FFF777FF636CD4F888201B78C3F39A
:10D8C00000132AB9B4F88C2013B1B2FA82F35B09C1
:10D8D000628C910709D5A36FDB78022BD0D1002091
:10D8E00003B0BDE8F043FFF709BF002AC8D10343E6
:10D8F000F5D1C5E7783C0020C83C002010B5064BA8
:10D9000093F83C2002F0FF0422B91C7603F0D4F90E
:10D91000204610BD0C24FBE7783C00200A4B0B4A44
:10D9200070B506460D461A60FFF7E8FF18B1E12111
:10D930002720FFF7A1F8064C012104F18E000DF01D
:10D94000EFFB6664E56470BD082100201CE1000067
:10D95000783C0020024B012283F8B020704700BFC2
:10D96000783C00202DE9F043824D85B002AE86E878
:10D97000030095F83C100C9F01F0FF0411B90AB1A7
:10D9800003B127B940F26F112720FFF775F896E829
:10D99000030005F12C0C8CE8030085F8B04085F8F5
:10D9A000344085F8B14085F8354085F8B24085F8B7
:10D9B000B3406C842C852C6BC5F880306A62AF63F1
:10D9C00005F036FC05F0E8F894F96C0005F0CCFCA5
:10D9D000606A05F0F3FDE06905F0CCFC94F8A40062
:10D9E00005F0EEFC2B6B93F8AF310BB105F00EFC9C
:10D9F00094F869209D21012005F03AFD5E4B1868DE
:10DA000005F0E2FD2369EB676369C5F8B43094F86B
:10DA1000773073B9226F62B1B4F8BE10B4F88830B1
:10DA20008B4206D1B4F874100B44A4F8BE30012325
:10DA30001360524E04F5807304F5887718685968AE
:10DA4000324603C20833BB421646F7D1D4F8103130
:10DA50004B4AC5F86930D4F8143153602B6B93F8F6
:10DA60008E2093F86860A2F12501012903D993F86B
:10DA70008F10252960D193F856322BB1012E03D097
:10DA8000012B14BF0226012604F130073146384627
:10DA90000DF0FBFC31460DF0A0F9A38F94F869104E
:10DAA000834228BF0346384685F8B8300DF0D6FCCF
:10DAB00094F8691094F89460B4F84480042908BF7D
:10DAC00003210DF08AF90EB9043080B2404528BF19
:10DAD000404694F894305FFA80F885F8B98085F86C
:10DAE00048809BB1D4E93E6794F869004FF0010982
:10DAF000C5E9186785F868900BF06DFD00220346B4
:10DB000000921E494246484604F0B6FF0120FFF746
:10DB1000F5FD00232B606B60AB60B4F888306B8040
:10DB200023882B8094F8A4302B71A36F0BB10122B2
:10DB30001A6005B0BDE8F083203A012A0CD82329E9
:10DB40000CD093F8363113F0010211D19B079BD50D
:10DB5000012E18BF022697E7232905D193F8362115
:10DB600093F861301340EEE7032E08BF04268BE7DD
:10DB7000164689E7783C002008210020C83C002098
:10DB8000E13C002008B50C4B93F83C201AB9BDE8E5
:10DB90000840FFF777BD93F83C20022A04D040F2FA
:10DBA00035212720FEF768FF1B6BD3F8C801BDE8BD
:10DBB000084005F023BD00BF783C0020014B1876DB
:10DBC000704700BF783C0020014B93F8B2007047CB
:10DBD000783C0020024B188DC0F3C020704700BF76
:10DBE000783C0020014B93F8B1007047783C00204E
:10DBF0002DE9F3411E4D82072C6B06460F4622D5B8
:10DC0000D5F8883023B940F295412720FEF734FF3C
:10DC1000B5F88C20296C1846033291F8018009F080
:10DC2000B1FD0DF1020201A92864D5F8B4000BF092
:10DC30005AFB01980BF041FB012238604146D5F8B0
:10DC4000B4000BF007FBF3070ED5D4E93E320133E5
:10DC500042F10002C4E93E3294F88C30012B0CBF33
:10DC60000023012384F88C3002B0BDE8F08100BFAE
:10DC7000783C00202DE9F04FAB4C002387B0CDE974
:10DC8000043394F83C30276B022B81468A4604D03B
:10DC90004FF4A3612720FEF7EFFE238D590606D42B
:10DCA0004020FFF7E9FC238D43F04003238597F8DC
:10DCB0009430B9F1000F00F02881B3B104F09EFF59
:10DCC00004F082FF88B9236C5A7872B11B7897F8F8
:10DCD0008C20C3F3C0039A4207D1012384F8353066
:10DCE000FFF7D0FC07B0BDE8F08F236C5978A4F89B
:10DCF0008C1009B3D4F8B4000BF083FAC4F8880090
:10DD0000238D97F88B2043F400732385236C1B78B5
:10DD1000C3F380039A4200F0B980256B95F88A30EE
:10DD2000002B3DD0022B11D1E06F04A90BF000FABB
:10DD300028B940F20E41ADE7C4F88810E0E7D5E914
:10DD40003C32013342F10002C5E93C3295F886309D
:10DD5000002185F88A1023B185F886101020FFF77E
:10DD600083FC95F885309BB1002685F8856001F02D
:10DD7000E3FB10B940F225418CE731460820FFF75C
:10DD800073FCD5E93C32013342F10002C5E93C3273
:10DD900095F88B30012B0CBF0023012385F88B30C5
:10DDA000238D43F4006323854FF0000B216C97F81B
:10DDB0008C200D78C5F3C0039A4240F0988005F09E
:10DDC0000305032D266B63D0002D6CD196F88C30A3
:10DDD000013B18BF012386F88C30236C5B7833B18C
:10DDE000D6E93E32013342F10002C6E93E3297F8ED
:10DDF00093308BB1D7E93C23002697F8680084F86C
:10DE00006860C4E918230BF0E6FB48490096034616
:10DE1000FB22304604F030FEBAF1000F40F088805B
:10DE2000628C94F8B130120703D5A26FD278022A1F
:10DE30007ED0012B7CD8D4F8803001209847002870
:10DE400076D094F83480B8F1000F71D1266B94F835
:10DE5000483096F894208DF80D80002A40F0B38069
:10DE6000FF2B96F8681003D196F869308B4202D0E8
:10DE7000FF2005F09FF996F88A30032B00F23881D5
:10DE8000DFE813F0A400D5001D012E01CB468DE77D
:10DE9000238D012043F4805386F8840023850025D8
:10DEA000FFF7E2FB92E74D78002D8FD0238D96F897
:10DEB000945043F48053238505F026F9042894F800
:10DEC000B93006D1002D14BF1B221F22934228BF58
:10DED0001346226C52789A420BD8D4F88850002D01
:10DEE00085D094F8B03073B12020FFF7C5FB002532
:10DEF0007DE794F83430012043F0100384F8343087
:10DF000006F0A2FCF3E74D4660E70BB104F0ACFE6F
:10DF100094F8B130013384F8B130238D002543F4F7
:10DF200080632385AB4662E7783C0020C83C002034
:10DF300005F0FCFB4FF0010A1DB105A90220FFF717
:10DF400057FEBBF1000F0DD0B4F80720B4F8053030
:10DF50001343B7F8882013431EBFB4F809300133C8
:10DF6000A4F80930B9F1000F00F0CA80B4F8053008
:10DF70000133A4F80530002384F8B130634802F07F
:10DF8000BBFD049830B10BF098F9216B00220272AE
:10DF900002F062F9059B33B1216B00221A720C2248
:10DFA000059802F027F9BAF1000F7FF499AE238D9E
:10DFB0001B063FF597AE8020FFF75EFB238D43F0F5
:10DFC000800323858EE60433DBB249E794F8B8304A
:10DFD000ADF80E304E48A6F8583001F09DFA50B119
:10DFE000A16F4FF48070FFF73FFB012386F8853067
:10DFF00084F8B3301DE0E06F0DF10D020DF10E015C
:10E000000BF073F8A06790B196F8D1307BB99DF80A
:10E010000D302BB903808370A06F01210DF080F8C3
:10E02000BDF80E10A06F0DF047F90123E0E7394B62
:10E03000A36796F88B30A26FDB0003F0080113781A
:10E0400003F0F3030B4396F88C10890001F00401F0
:10E050000B4323F010031370FFF7A4FB0028A06FFD
:10E06000037818BF4FF0100848EA030880F80080D2
:10E0700096F89330002B3ED04378002B3BD0E06CD9
:10E0800005F0AAFA002384F86830D6E93C23A16F92
:10E09000E06CC4E9182304F035FD96F869100120FE
:10E0A00005F024FBA26F1188A4F8841091781A4A15
:10E0B000012384F8B230917084F83C303CE7B6F824
:10E0C0005830E06FADF80E300DF10D020DF10E017C
:10E0D0000BF00BF8A0670028A7D140F2F321D9E597
:10E0E0000B4801F019FA00289FD140F2FD21D1E53B
:10E0F00040F20B31CEE505F06FFA04F04DFDCCE7B0
:10E10000B4F807300133A4F8073037E7A43C002007
:10E11000F03C0020063D0020FC3C002079D70000A8
:10E1200075DC0000E5D70000E9D600000B2808B533
:10E1300004D940F2C1310620FEF79EFC014B33F8B2
:10E14000100008BDAC4005002DE9F04F8BB004462F
:10E1500015460293894690F869B00CF096FB064686
:10E1600094F8B001FFF7E2FF94F88F300393064470
:10E1700085F00103B6B2059355BB94F8F431032B37
:10E1800026D1039B0D2B23D1B4F854324B451FD11C
:10E19000D4F8FC31C4F8E831A369B4F8CC21C4F850
:10E1A000EC31B4F842321344C4F8F031204604F0A4
:10E1B00083FBD4F85832A362B4F85632A385D4F85E
:10E1C0005C32A361D4F860322362022384F8F43114
:10E1D000B4F84072B4F88880A9EB07073FB204F5A1
:10E1E0000473A9EB0808002F04930FFA88F86EDA7D
:10E1F000D4E98A234746C4E98E2301230493CC4BF8
:10E200001B7803F0FF05002B54D00EF04BF80546A9
:10E2100000284FD0B4F8E031012B6DD994F8F431D7
:10E22000022B69D094F80A52002D65D194F8B00100
:10E23000FFF77CFF94F8F43100F5C866012BB6B205
:10E24000D9B24CD194F89230D4F828A0032B40D105
:10E25000D4F8EC5155443146D4F8EC010EF01CF8DA
:10E26000D4F8E831C4F8E801A0EB030AD4F8F0319F
:10E270003146284603FB0AFA0EF00EF8D4F8F8519E
:10E28000C4F8F801451B3146A0690EF005F8AA4410
:10E29000B4F8CC51D4F8F0314544ED1BDB432B44AA
:10E2A000D4F8FC51451B05FB03A50123C4F8FC0170
:10E2B00084F80A3294F8F431DFF874A2032B00F2E8
:10E2C0008E81DFE813F01B0016016B003701029B03
:10E2D00094E728460CF0A9FD00EB0A05BBE7A0690E
:10E2E00031460DF0D9FFB4F8CC51D4F8FC31454497
:10E2F000ED1BC31A5D43D8E70025DBE701210020B1
:10E300000CF093FD8046A06A314640440DF0C4FFF6
:10E310003146C4F8F801A0690DF0BEFF07A9C4F8A2
:10E32000FC0108A805F00AFA079B0093D4E98E01C6
:10E33000DDE9082308F076FD834620460BF06FF9EF
:10E34000D4F84432A66A94F869001E4405F03CFBF8
:10E35000D4F8F811A6F194077F1A00F523404FF482
:10E360007A734744A130B0FBF3F0A38DA7EB0B0702
:10E3700030313F1A03EB410194F869000BF03BF98F
:10E38000D4F84432FB1A2230B3F5917FCAF8040066
:10E3900058D240F2C6413020FEF76EFBA36AD4F893
:10E3A000EC01314618440DF077FF3146C4F8F8010E
:10E3B000A0690DF071FFC4F8FC0120460BF02FF9A5
:10E3C000B4F8CC31A66AD4F8EC71002B40F08D8003
:10E3D000029B002B00F0898094F8690005F0F4FAA4
:10E3E0003E44D4F8F871943ED4E98A23F61BD4F85D
:10E3F000307280463E4494F86900B61A05F0E4FA9B
:10E400004FF47A7300F2E73708F52340B7FBF3F7D0
:10E410003744A130B0FBF3F0D4F8F811D4F8E83168
:10E42000D4F8F021303102FB0311A38D3F1A03EB26
:10E43000410194F869000BF0DEF80123CAF80400EA
:10E4400084F8F431A6696FF4F4731E44D4F8FC31F7
:10E45000F61ADAF804309E4228BF1E46D4E98E32FE
:10E460007F1BDF1942F100024FF00008C4E98872F7
:10E47000C4F8C86184F8108204F130000CF0ECFF9D
:10E48000B4F8B811A4F84092D4E98823A1EB0909A3
:10E490000FFA89F9C145C4E98E23C8BF022384F865
:10E4A0001882C8BF84F81832039B06440D2BC4F8A9
:10E4B0001462029B00F09680002B40F0948094F848
:10E4C000F431002B00F0AD80A169D4F8FC3104F5E3
:10E4D0000470C91A0CF050FC80B2002800F0A18032
:10E4E000149B03B118800120ABE0D4F8F801374445
:10E4F00092E7D4F8FC21A369D4F8F001D4F8E8112C
:10E500009B1A5F43B4F8CC319844C3439844D4F881
:10E51000F831303301FB0033A18D94F8690002FB20
:10E52000083301EB43010BF066F8CAF8040089E7F1
:10E53000343D0020A369D4F8FC219B1A5F4394F872
:10E540008E30252B03D094F88F30252B0AD1B4F8C8
:10E550005432A9EB03031A0404D494F85732002B65
:10E5600018BF9B46049B63B3B4F8CC314BBBD4E9D2
:10E570008A23D4E98C0182428B4102D340F21A51A2
:10E5800009E794F8690005F01FFAD4F8302206462E
:10E59000D4E98A01A2F194031B1A3B4494F8690060
:10E5A000049305F011FA049B00F2E7374FF47A72F6
:10E5B00006F52340B7FBF2F71F44A130B0FBF2F0A1
:10E5C0003F1AB4F8CC11D4F8FC31414459433031EE
:10E5D000490058460BF00FF81B4B586032E740F2E9
:10E5E0003251D8E6EBB1B4F8E01121B3B4F8E2212E
:10E5F00094F8E431A4F8E22102FB0333994202F1DA
:10E6000001000EDD94F818325BB1002384F8183253
:10E61000A4F8E20101F0B6FE00F00700013084F832
:10E62000E40194F80B0204F5047107F0C7FC20B96B
:10E6300040F27B51AFE60A46DAE7059B84F80832E0
:10E6400000200BB0BDE8F08F343D00202DE9F041F3
:10E6500004460D46164690F8F83003F0FF071BB14C
:10E660000C273846BDE8F0810146454807F05AFBC3
:10E6700020288046F4D05822394604F1D00009F011
:10E68000F9F884F8D080C4F8D450FF2384F8F83027
:10E6900035B101F08FFE00F00700013085F8E4018C
:10E6A00002234FF00008A4F8083184F800810DF02F
:10E6B000FFFD00F19E0520460DF0A6FBADB2014620
:10E6C00070B30CF0E2F800F5CD6189B230460DF080
:10E6D000E3FD3044C4F804010DF04CFF281841F16B
:10E6E0000001C4E94401012084F8D800A4F8268080
:10E6F0000DF048FCDB3E361AC4F8DC604FF0FF3208
:10E700006FF00043C4E9462394F8D00004F580710B
:10E7100007F054FC48BB40F2C1113020FEF7ACF9C1
:10E7200020460DF095FADFF85C80DB30C4F8040178
:10E73000B8F8080048B1E08C38B101F03BFEB8F8F9
:10E740000830B0FBF3F202FB130005440DF012FF9A
:10E750002D1841F10001C4E94451002ECED07519A5
:10E7600041F10001C4E94651CEE7D4E94423002138
:10E77000C4E93A23C4E93C2320460DF062FB70E76C
:10E78000F1980100343D0020F0B5002385B0CDE9BB
:10E79000003301238DF806306846FEF7C1FD70B1E5
:10E7A0001B4E0123B3720027CDE9027702A8FEF7C2
:10E7B000B7FD0546A8B10023B37205B0F0BD0098BF
:10E7C0000BF04FF9E8E790F80B0208F0E9F994F83C
:10E7D0000B0284F8F45107F0D1FA202384F80B32AD
:10E7E000E2E7029B002BE1D093F80B22202ADDD038
:10E7F00018884FF6FF739842DDD02946FEF756FD84
:10E8000004460028DFD140F22B113020FEF734F906
:10E81000343D0020054B00220121DA7219709A72F2
:10E8200042F210721A81FFF7AFBF00BF343D0020E3
:10E83000014BD872704700BF343D002008B504F08A
:10E8400069FC044BDA6882422ABF987A002080F083
:10E85000010008BD343D00202DE9F7430446062998
:10E8600000F2C480DFE801F0047A67777E83BD00A0
:10E87000D0E98A23D0E98C0182428B4149D294F8B5
:10E880000A32002B45D094F8F431032B41D194F88F
:10E8900069900BF0FAFF064694F8B001FFF746FCCA
:10E8A000D4E98A23D4F83072D4F8C851804606449B
:10E8B0004846BF1A05F080F82D1A484605F084F83E
:10E8C00000F523404FF47A73A130B0FBF3F02B1A1C
:10E8D000A3F17402B6B25208D43B08F5C8689D3261
:10E8E00073431FFA88F8B3FBF8F360335908A2EBBF
:10E8F00053039F4202D30A44974201D90DF0D4FC3E
:10E90000A06931460DF0C8FC0023C4F8FC0184F86E
:10E910000A32384B9B7A03F0FF0263B9B4F8BC119A
:10E92000009201232046FFF70FFC38B140F2CA6184
:10E930003020FEF7A1F8042384F8F43104F0FEFD42
:10E9400007F0A8F8B4F88820A4F806220023A4F859
:10E95000423284F8093203B0BDE8F083032380F823
:10E96000F431F8E704F0F6FBC4E98C01F3E78569BC
:10E97000D0F8FC31DFF87C809D4288BFED1A98F812
:10E980000B3098BF00251BB9036B9D4228BF1D4665
:10E9900004F13000D4F8C8710CF05EFD0744022089
:10E9A00007F082FFED1B25EAE575854228BF054685
:10E9B0000221284607F0CCFF00B92F4440F2D312C1
:10E9C000394620460CF099FDD4F8C831C8F80C003F
:10E9D000A069184407F01AFF0028BCD140F2793131
:10E9E000A6E703B0BDE8F0430AF019BE40F2657136
:10E9F0009EE700BF343D00202DE9F84306460C4653
:10EA000015467ABB04F086FBD4E94489074684F8AE
:10EA1000D85084F8F8500121D4F8D40001F00CF952
:10EA2000D4F8D400C0E98A8994F8D03080F80B3249
:10EA3000C0E98E89C0F844720AF00CFF20B140F2A0
:10EA40000A713020FEF718F804F078FD07F022F87C
:10EA5000074994F8D000324605F0E6FE28B94FF495
:10EA6000EF61EEE740F28F71EBE7BDE8F88300BF9E
:10EA700047960100014B1881704700BF343D0020CC
:10EA8000F0B5070CA7F5AA42144B543A012A03EA41
:10EA900090231FD927F4004042F6AA22801A18BFFB
:10EAA00001200022162116461F2487EA060562EA85
:10EAB0000505013510D0DD03ADB245EA5606E50384
:10EAC000ADB2013945EA52024FEA53034FEA54040A
:10EAD000EBD1F0BD0020E4E70020FAE7E0FF3F00C3
:10EAE000304BF0B51A88B0F85C70B0F85A605D88A9
:10EAF000974228BF1746964228BF16461B2E85B060
:10EB00000C462ED0B5F5A47F2DD040F648039D428B
:10EB100001A928BF1D460BF006F9BDF80A309F4237
:10EB200028BF1F46BDF80C30E780AB4228BF2B46FC
:10EB30002381BDF806309E4228BF1E46BDF808302E
:10EB400066809D4228BF1D46A580FF232370E38871
:10EB50001B3B9BB2E02B08D940F2F7513920FDF75F
:10EB60008BFF1B2FCED105B0F0BD63881B3B9BB242
:10EB7000E02B02D940F2F951F0E72389A3F5A47301
:10EB80009BB2B3F5E06F02D940F2FB51E6E7A388F0
:10EB9000A3F5A4739BB2B3F5E06FE4D940F2FD5145
:10EBA000DCE700BF443D002010B501210020FEF746
:10EBB0007DFB044670B90121FEF73AFB044620B9FB
:10EBC00040F23D313920FDF757FF034B93F9041014
:10EBD0000DF002F8204610BD443D002008B50CF0B1
:10EBE00063F800F06BFE00F0F7FB0CF094FB01F013
:10EBF000D7F801F0F1FF01F0EBF8084B1B224FF4BE
:10EC0000A4711A805980064B06499A800022196027
:10EC1000DA825A821A835A7408BD00BF443D00202C
:10EC20006C41002003021B00044B41F64C52C3E927
:10EC300002221B221A74FFF7D1BF00BF6C410020D3
:10EC40002DE9FF41344DAB68044640F8303F0AF0EF
:10EC50003FFF064600F0B0FB2B7C84F838302F4B8A
:10EC6000668710F0200F1B681DBFAA886988A4F86A
:10EC70005A101B2208BFA4F85A20A4F85C201BB12C
:10EC800094F96C1020889847AE7CEF7CB5F814801E
:10EC900041F64C53A36116B900F094FB064677BBCE
:10ECA00000F090FB074666B358B303A920468DF8E1
:10ECB0000C608DF80D70ADF80E800CF0B2F8AB88DA
:10ECC0006A886978019103332978009103329BB2F5
:10ECD00092B204F1140104F11000FEF759FB23690C
:10ECE00013B940F2CE5114E0636913B940F2CF5129
:10ECF0000FE0002004B0BDE8F0810920FAE7002E03
:10ED0000D3D120880021FEF7E7FA0028F5D040F2A1
:10ED1000B9513920FDF7B0FE6C4100200C210020D4
:10ED2000F7B505460E460CF08EFF002873D0284636
:10ED30000DF06AF840B1B6F80130013B7F2B03D9E2
:10ED40001224204603B0F0BD28460DF061F808B942
:10ED50000C24F6E728460AF070FF0028F8D1284670
:10ED60000CF02BFF04460028F2D1284602F0F4FBF9
:10ED70000028E5D0B6F80170F17842F21073284609
:10ED80005F430DF02EF828460DF036F8014658B9CD
:10ED90003A462846FFF75AFC04460028D1D041F6EF
:10EDA00083113920FDF768FE21460DF10600FEF7BC
:10EDB00007FA064668B3214600F03EFFBDF806306C
:10EDC0003380284631460DF02DF828460DF026F800
:10EDD00098B928460DF024F801463046FFF730FF79
:10EDE00004460028ADD13A4631462846FFF72EFCAE
:10EDF000044620B141F6A611D3E70121EDE7074B08
:10EE00009B68002B9DD0024606F5957130469847C9
:10EE100097E70D2495E7422493E700BF443D002087
:10EE200008B500F087FF0AF03FFF014B187108BDDD
:10EE3000443D0020034B5A8802801B7883700020D9
:10EE4000704700BF6C41002037B583781A2B054608
:10EE500009D8042B05D9012202FA03F3134A1342FD
:10EE600005D112241AE0292B01D03B2BF9D1288897
:10EE7000B0F5706FF5D269460BF065FF88B9019B5C
:10EE800093F8282102F0FF046AB9AA7883F82921AF
:10EE9000FF2283F8282168460CF018FA204603B0B8
:10EEA00030BD0224FAE70C24F8E700BF2000380444
:10EEB0000188A1F11B039BB2E02B0CD84288A2F57C
:10EEC000A4739BB244F24810834204D8034B002041
:10EED00019805A8070471220704700BF443D0020BF
:10EEE000034B1A885B88028043800020704700BF74
:10EEF000443D002038B504784278857804F0010359
:10EF000052EA030104F0020401D1112038BDBCB95A
:10EF1000002DFAD0002B08BF144601E0002425463E
:10EF200020460AF0CBFE0028EFD028460AF0C6FEA5
:10EF30000028EAD0054B00209C74DD749882E5E738
:10EF4000002BEBD114461D46EAE700BF6C410020C0
:10EF500013B5008869460BF0F6FE18B1022420466E
:10EF600002B010BD019A92F8F431DBB292F8B020F1
:10EF7000002AF3D113F0FB0FF0D0019890F83A314A
:10EF80000BB13A24EBE790F8DC3003F0FF04002BE0
:10EF9000F7D190F8D3309B0706D1FF2380F83A31A0
:10EFA00068460CF093F9DAE70249D4300CF0DBF94B
:10EFB000D5E700BF91BA0100F0B50778EF2F85B013
:10EFC00004460D4603D91225284605B0F0BDB0F819
:10EFD0000130ADF80C309DF90C209DF80C30002A62
:10EFE000F1DB9DF80D209107EDD1DA063FD49E06A6
:10EFF00003F0030238D5002AE5D11807E3D463787B
:10F00000190711D42179E278E07942EA0122617985
:10F0100042EA0142A17941EA0021207A41EA004115
:10F020008A42D0D81F2ACED9627A013A062ACAD893
:10F03000A27A032AC7D813F0040102D1023A012AA6
:10F0400003D8E27A012ABED811B9A27C032ABAD821
:10F0500013F01001227D19D0012AB4D1227E012A99
:10F06000B1D8B1B91125AFE7032AC6D1ABE713F088
:10F07000600FA8D103F00F0203F00703052BBED0E9
:10F08000931E012BBBD9002A9DD1B8E7022AE5D1F6
:10F0900099E7DA071FD46378227D03F01801082965
:10F0A0001ED1022ADED11B0709D4E279A37943EAF3
:10F0B0000223227A43EA0243B3F5804FD2D8BFB28B
:10F0C00001213846FEF7F2F8064678B10AF0B5FDA0
:10F0D000B8B10C2578E700F031F90028DBD1C1E7A1
:10F0E000022AE0D0A27E002ADDD0BBE7012138460B
:10F0F000FEF79EF8064650B3164B93F904100CF039
:10F100006BFD30460CF075FE21462870E0743046E9
:10F110000CF0BAFD637E0546002B3FF455AF002886
:10F120007FF452AF316B02466846FEF7F5F9306B5B
:10F130002A4601210AF09FF9316B68460422FEF746
:10F14000EBF9306B2A4629460AF095F93CE707258A
:10F150003AE700BF443D002070B50579042D8AB020
:10F16000034658D84488B4F5804F54D82B48465DA0
:10F17000284400214279857AC07BADF8041042F022
:10F18000100242EA460242EA850242EAC00202F066
:10F190001F028DF80420BDF80420ADF80D201A8858
:10F1A0008DF80F208DF81240120A240A8DF81110E4
:10F1B0008DF814108DF810208DF813405A7B8DF8BF
:10F1C00015205A798DF816209A79D3F807008DF812
:10F1D0001720B3F80B209B7B8DF81E307F238DF812
:10F1E0001F3001238DF80C1006908DF82110ADF81A
:10F1F0001C208DF820308DF8223003A88DF82310C4
:10F200008DF824108DF825108DF8261001A9FFF730
:10F21000D3FE0AB070BD1220FBE700BFC44005005A
:10F220000278034672B1427862B142881A2A09D93B
:10F2300082881A2A06D9044A006810609B88938045
:10F2400000207047122070476C410020024B02687A
:10F250009A600020704700BF6C4100200378A3F142
:10F260000A02112A9DBF024A00201374122070471F
:10F270006C41002008B5052000F090F803F04CFB2D
:10F28000014B024A9A6008BD443D0020E1EA0000BB
:10F2900008B502F049F9FFF7BDFABDE8084001489A
:10F2A00002F02CB9503D002010B50B4C012384F81E
:10F2B000023102F041F90CF025FF0BF0F3FC04F2EF
:10F2C00003112046FEF72AFB00200AF073F8BDE880
:10F2D000104000F069BF00BF503D002010B5064C43
:10F2E000064904F502700BF095FA04F50370044921
:10F2F000BDE810400BF08EBA503D002010210020D8
:10F300001821002010B5094C094904F502700BF0D2
:10F3100081FA04F5037007490BF07CFA04F50470D8
:10F320000549BDE810400BF075BA00BF503D002004
:10F33000282100203021002020210020014B93F8BB
:10F3400002017047503D002010B5074C00F008FF47
:10F35000D4F808020BF056FAFFF766FC01F042F809
:10F36000012384F8143210BD503D0020014B93F866
:10F3700014027047503D002010B5074CD4F80C0221
:10F380000BF040FAD4F810020BF03CFAFFF726FC21
:10F39000002384F8143210BD503D0020C2080549F6
:10F3A000012300F0070003FA00F08B5C1843885437
:10F3B000704700BFD0200020014BD3E90001704707
:10F3C000D0200020034B1868C0F30020400040F01C
:10F3D00001007047D020002008B50CF067FF084AF4
:10F3E000002332F82310814205D302EB83039B787C
:10F3F000044A137008BD01330C2BF2D10023F7E748
:10F40000D8400500653F002010B544682388A4F863
:10F41000783194F8683084F87711012B06D0022BEC
:10F4200004D040F217310620FDF726FB84F87A312C
:10F4300094F86930012B01D0022BF2D184F87B3192
:10F44000044904F5B7700BF08EFF002384F83431C3
:10F4500010BD00BF8FA80100406808490388A0F8CC
:10F460006A3190F8603080F86C3190F8613080F843
:10F470006D3100F261100BF070BF00BFA5A8010054
:10F48000044B002283F822204FF6FF729A84DA841C
:10F490001A857047663F0020054B9A8C824201BF57
:10F4A000002283F822204FF6FF729A84704700BF33
:10F4B000663F0020014BD884704700BF663F0020A4
:10F4C000094A0346908C4FF6FF71884206D192F8A4
:10F4D0002210012905D01A60012070470020186011
:10F4E00070470020704700BF663F0020064B93F82E
:10F4F0002220012A1FBF0120DA8C83F822009A847F
:10F5000008BF0020704700BF663F0020014B1885F0
:10F51000704700BF663F0020064B0246198D988C4D
:10F52000884205D193F8220018B11360012070477A
:10F5300000207047663F0020094B998C1A8D91423C
:10F5400001D0002070474FF6FF729A8493F8222072
:10F55000002AF6D0002283F822200120704700BF45
:10F56000663F0020054B998C1A8D914203BF93F89A
:10F570002200B0FA80F0400901207047663F002069
:10F5800050B90A4A1346012003F8010B0868C2F873
:10F5900001008A889A807047012805D1034B0A68C8
:10F5A0009A608A88D8719A81704700BF903F002086
:10F5B00048B90A4B187880B1D3F80120B3F8053068
:10F5C0000A608B807047012806D1044BD87920B19E
:10F5D0009A680A609B89F4E700207047903F0020FA
:10F5E00020B9054B187800F00100704701280ABFC8
:10F5F000014B0020D879F6E7903F0020F7B50022B4
:10F600008B888DF80600ADF8043008680C4B8DF837
:10F610000720019D1C78014603F5AC73D0B28442EB
:10F6200001D8082009E0D3E90076AE4208BF8F4236
:10F6300003F1080302F10102F0D103B0F0BD00BFF5
:10F64000A03F002030B5094B01465C78002203F54D
:10F650008173D0B2844201D8082005E013F8015B21
:10F660008D4202F10102F4D130BD00BFA03F002065
:10F67000F8B52E4C6278013AD2B22318824293F840
:10F680000251627032D0130101019E1C8F1C26446E
:10F69000274406F1100C56F804EB47F804EB6645D6
:10F6A000F9D1823382312344214403F1100653F807
:10F6B000047B41F8047BB342F9D1A618211896F8CF
:10F6C000023181F802314FF48577062313FB027271
:10F6D00013FB0070A318A258225004EB000C9B8867
:10F6E000ACF8043096F83A3181F83A312846FFF701
:10F6F000A9FF082818D12378013BDBB29D42237073
:10F7000012D02B3304EBC30393E8030005F12B0263
:10F7100004EBC20282E803002078FFF793FF082879
:10F720001CBF241884F80251F8BD00BFA03F002080
:10F73000F0B5254D95F8984189B0224605F299110A
:10F74000684608F01FF8214668460BF0CCFA0446DC
:10F75000B8B300EB4001C9B202A8FDF725FB601E5B
:10F7600095F8A161C0B2012495F8982105E0731CB9
:10F77000B3FBF2F102FB1133DEB206F120030DEB15
:10F78000030111F8203C002BF1D100EB40022032A4
:10F790006A4406EB46032B4412F8187C83F8A271E6
:10F7A00012F8177C12F8162C83F8A37183F8A421A1
:10F7B00001F8204C0138AB19C0B2FF2883F89941F9
:10F7C000D2D109B0F0BD00BFA03F002070B5064601
:10F7D00088B00C46002A4FD02A4A92F8A131D0189E
:10F7E00090F8991121B94FF480712820FDF744F960
:10F7F00003EB43011144013391F8A251E57091F8F4
:10F80000A35191F8A41161710021257180F899111B
:10F8100092F89811B3FBF1F001FB103382F8A1319B
:10F8200092F8C23123B9184902F5DD700BF098FD4A
:10F83000657905F03F0545F0400565710D22002111
:10F84000684608F017F8E3788DF80F3023798DF8C3
:10F850000E3004AA0423694630468DF80D5007F097
:10F8600033FD9DF81F3023709DF81E3063709DF8A6
:10F870001D30A37008B070BD03216018FDF794FA25
:10F88000D6E700BFA03F002031F70000044B5A78B4
:10F89000824286BF1B1893F84A010020704700BFC0
:10F8A000A03F0020044B5A78824286BF1B1893F871
:10F8B00042010020704700BFA03F0020064B0022FD
:10F8C0004FF461711A8083F8C32183F8C421A3F82F
:10F8D000C61183F8C2217047A03F0020014B83F876
:10F8E000C4017047A03F00202DE9F04782468946B9
:10F8F00017469846FFF782FE08280546064603D0BD
:10F90000FFF7A0FE082863D1334C6378072B61D83A
:10F91000082D18D12678731C072E237003D96B216C
:10F920002820FDF7A9F806F12B03DAB2D9F8000078
:10F9300044F8320004EBC20104EBC303B9F804201D
:10F940008A8083F806A065786B1C290163704B1CC4
:10F9500007F11002234412F8010D03F8010FBA4217
:10F96000F9D1813108F11003214413F8012D01F878
:10F97000012F9845F9D1102140460BF0F1F92544AB
:10F98000102185F8420138460BF0EAF985F802614A
:10F99000667885F84A01002385F83A3131460F48E8
:10F9A0000BF0A1F9314605460D480BF09CF9012DED
:10F9B00003D8002818BF0135EDB284F8985100250E
:10F9C000284684F8A151FFF7B3FE2846BDE8F0872A
:10F9D0001220FBE70720F9E7A03F0020E2400020CB
:10F9E000EA40002010B5064B5878013840B2002894
:10F9F00000DA10BDC4B22046FFF73AFE601EF5E7FC
:10FA0000A03F0020014B83F8C3017047A03F0020B6
:10FA1000014B93F8C3017047A03F0020431E9BB2E7
:10FA20004AF2B71293429DBF024BA3F8C6010120D0
:10FA300000207047A03F0020014BB3F8C60170477B
:10FA4000A03F002030B50A4B5C7884420ED91844A0
:10FA500090F802012B3003EBC004A5790D7053F828
:10FA600030001060A3889380012030BD0020FCE7A7
:10FA7000A03F00200246074810B590F8C34124B1CA
:10FA8000417821B1023002F06DFF204610BD0C46D6
:10FA9000FBE700BFA03F00202DE9F74F2F4C9A460F
:10FAA000637883428046894656D9231893F8425199
:10FAB00085F00105F9B193F84A31E3B945F0020741
:10FAC0000135BAF1000F18D1FA070AD5062101FB5A
:10FAD000084104EB0810524601F585718230FFF7AA
:10FAE00075FEBB0734D504EB081052464946023078
:10FAF000FFF76CFE2CE02F46E3E794F8A1614FF08E
:10FB0000010B002DE0D0A319019393F8991199B935
:10FB10000092DAB100F036FC06EB46012144019B6D
:10FB200081F8A2014FEA102C009A81F8A3C1000CC1
:10FB300081F8A40183F899B194F898310136B6FBA5
:10FB4000F3F103FB1166F6B2013DDAE747F0040773
:10FB5000384603B0BDE8F08F0027F9E7A03F00204A
:10FB6000074B5A78824209D91A1892F842212AB9C9
:10FB7000062202FB003000F58570704700207047B8
:10FB8000A03F0020064B5A78824281BF1B1893F891
:10FB90003A01B0FA80F0400998BF0020704700BFDA
:10FBA000A03F0020F8B50E46074606213046154610
:10FBB0000BF0D6F8044640B10A482946427800F5D1
:10FBC0009D7007F057FE2046F8BD314638460BF0D1
:10FBD000A6F808281FBF034BC018012480F83A512B
:10FBE000F1E700BFA03F002030B50024A0F842405C
:10FBF000B0F8464042F210754C43B4FBF2F4A0F862
:10FC00004640541E05FB0343B3FBF2F3A0F8443017
:10FC1000084BB3FBF2F30133A0F84A30838F05FBA6
:10FC20000344436BB4FBF2F459438463B1FBF2F237
:10FC3000426330BD005A620270B504460D4649BBAE
:10FC40004FF4207207F016FE012384F896306FF00F
:10FC5000360384F8E330042384F8E4306FF03B0388
:10FC600084F8E5306F2384F8E6306FF03F0384F8C2
:10FC7000E7302B2384F8E230FE2384F81E317F2303
:10FC800084F88D30202384F8E85084F8E95084F813
:10FC90000B3270BD012922D10023A0F8CC3180F8AD
:10FCA000C331154B82691344B3FBF2F3C0F8B8308B
:10FCB00040F6B833A0F8BC301146438C8030FFF7D3
:10FCC00093FF07F019FC30B1E069FEF7D9FE10B9D7
:10FCD00084F8AF51DDE7002384F8AF31D9E702297A
:10FCE000D7D1B0F86232D0F85C228169BDE87040AB
:10FCF0008030FFF779BF00BF7FC3C901034B80F895
:10FD00006C101B680BB10088184770473821002021
:10FD1000074B93F900301844142804DC10F17F0FCE
:10FD200003DB40B27047142070476FF07E007047CD
:10FD300068410020084B1B785B4240FA83F014288E
:10FD400004DC10F17F0F03DB40B2704714207047D2
:10FD50006FF07E00704700BF6841002007B57F2329
:10FD60000DF107008DF8073003F0B4FC9DF9073062
:10FD700068B10A4A5078404243FA80F0142808DCFF
:10FD800010F17F0F07DB40B203B05DF804FB1846AB
:10FD9000FAE71420F8E76FF07E00F5E768410020ED
:10FDA000024B00221A705A70704700BF6841002051
:10FDB000054BFF221A70054A016811600179117123
:10FDC00000221A70704700BF6A410020D82000202E
:10FDD00007B5064B186800901B798DF8043068460B
:10FDE000FFF7E6FF03B05DF804FB00BF6A0D0600F5
:10FDF0000346407848B1DB783A2B05D8034AD35CF8
:10FE00001B1A5842584170470120704708410500AD
:10FE10003A2908B5C17003D8064B5B5C437008BD36
:10FE2000FF2904D04FF489612A20FCF725FE012325
:10FE3000F4E700BF084105002DE9F04385B089468D
:10FE400002A9144698460AF07EFF0546002839D1DB
:10FE5000039E34B9012486F89540204605B0BDE8DC
:10FE6000F08337692146384609F0DEF8014658B379
:10FE7000174B5B88A34229D301AA384609F017FA29
:10FE800096F895300198002B0CBF494602210BF0E3
:10FE900047F9019822464146033007F073FC21469A
:10FEA000384609F006F9044618B97A212B20FCF7E8
:10FEB000E3FD02A80BF00AFA039BA3F8BA5186F8F7
:10FEC0009550CAE70124C8E70446C6E72C46C4E7B4
:10FED0006C410020024B987DC04300F00100704748
:10FEE0006C410020034B987D80F00200C0F340007D
:10FEF000704700BF6C41002083230B70014B1B78BF
:10FF0000CB707047884100207FB505460C4621B96B
:10FF10004FF48B711020FCF7AFFD03888B8000231A
:10FF20004B724669304609F0B4F9014610B940F207
:10FF30001F11EFE701AA304609F0B9F9E08010B9C6
:10FF40004FF49271E6E7FB2802D94FF49371E1E791
:10FF500001980BF0EDF8012801D0022805D120729C
:10FF6000206828B940F23D11D4E74FF49B71D1E7E6
:10FF70000199E288033107F005FC304609F09FF94A
:10FF800010B94FF4A171C5E70021304609F0F5F82A
:10FF900010B940F24711BDE70A4BDA7D82B11A8BE6
:10FFA0002888013A02A91A830AF0CDFE10B14FF455
:10FFB000A871AFE7039AB2F8A6300133A2F8A630D1
:10FFC00004B070BD6C4100202DE9F74306460D4694
:10FFD0004FF0050800274FF003092B693BB11B7A4E
:10FFE0002BB12C699CB9002003B0BDE8F0836C688C
:10FFF000237A012BF7D0EFF3108372B66A68126888
:020000040001F9
:100000006A6003B962B6237A002BE6D02C61237AAA
:10001000DBB284F80880013B0B2B66D8DFE803F0E5
:10002000620620345F653D6565656552636823B986
:100030004FF4EE711020FCF71FFD20463146984723
:100040000420EFF3108372B6227A052AD1B201D0D0
:10005000002953D127722F61002B4BD162B649E0A2
:10006000636813B940F2E511E4E73146204698474A
:100070000346C3F30723012BADF80400C0B237D009
:10008000022BDED12F6135E0636813B940F2EF1126
:10009000D0E7204698470020D3E763680BB9DB21FF
:1000A000C8E70B2232701988A6F803100122002439
:1000B0001869B2707271B471214609F05EF82C6152
:1000C000042091E7606810B940F21A21B2E70E4BA4
:1000D00031461B68984700232B61022084E740F2D9
:1000E0002321A7E740F22621A4E740F22921A1E736
:1000F00084F8089000283FF470AF75E7002B7FF478
:100100006CAF62B669E700BF3C21002070B5134CAC
:100110001426231D32460021184607F0ABFB034688
:100120000125257400210433324604F11800C4E986
:10013000013307F09FFB84F8245004F11C03C4E949
:1001400006330023E362236384F83430C4F8353087
:10015000C4F8393084F83D3070BD00BF88410020BC
:1001600010B5084C2378FF2B04D04FF4B771102042
:10017000FCF782FC07F0F0F82070BDE81040FFF7B4
:10018000C5BF00BFDD20002010B5034C207807F06C
:10019000FFF8FF23237010BDDD200020014B1878ED
:1001A00007F006B9DD200020014B024A1A607047B3
:1001B0003C21002009FF000038B50B4D05F1180166
:1001C0000446FFF701FF70B9AB681B7A0C2B04D112
:1001D000064BDA7D0AB11B8B2BB120460449BDE8E2
:1001E0003840FFF7F1BE38BD884100206C41002047
:1001F0008C41002010B51346027A22B140F2C92189
:100200001020FCF739FC0A46BDE8104001460148C1
:100210000BF083B88C410020044890F834301BB9AF
:1002200003492C300BF096B8704700BF884100207E
:100230000DB301000346064890F83E203AB190F80D
:100240003D2022B900F8353B02490BF083B87047D6
:1002500088410020F9FE000010B50A46037A23B158
:1002600040F2D1211020FCF707FC0146BDE8104008
:10027000014807230BF051B8A04100201346027A31
:100280000AB1037270470A46014601480BF045B8AF
:100290008C4100201B234FF01B1283840384826156
:1002A0008382C260038539B94FF4A473034AC384BF
:1002B0004384C261C3820261704700BF48014801A4
:1002C0000346F0B4B3F85420B3F84840B3F84460A0
:1002D000DF8FB3F84250944228BF14460846B3F863
:1002E0004C20B3F85610DC878A4228BF0A46B3F880
:1002F0004610A3F84220914238BF1146A64238BFAB
:100300002646A742A3F84460A3F846101FD1AA1AB4
:1003100018BF0122B3F84A50B3F85040B3F85270F6
:100320009E8FB3F84010A54228BF2546B3F84E4033
:100330009D87BC4228BF3C46AE42A3F8404002D154
:10034000A14200D12AB1F0BC03490BF00CB8012244
:10035000E0E7F0BC704700BF6DB301000B8BA2F863
:100360000B304B8BA2F80D308B8BA2F80F30CB8B60
:10037000A2F809000249A2F8113010460AF0EDBFB8
:10038000BDB30100094AD2E90003434083EAB0113A
:1003900081EA43214FEAF3435360054B1160584310
:1003A0004FEAF06000EB8000704700BFC8410020BA
:1003B000BB79379E094AD2E90003434083EAB01172
:1003C00081EA43214FEAF3435360054B11605843E0
:1003D0004FEAF06000EB8000704700BFE020002093
:1003E000BB79379E10B50A4C09480821FCF7DCFCA4
:1003F000D4E900231343F7D0064CFFF7DBFF20605E
:10040000FFF7D8FF236860600343F6D010BD00BF3C
:10041000E0200020C8410020174B184A9A60184A73
:100420005A60184A1A60184A9A62184ADA62184AD8
:10043000DA60184A9A61184A1A63184A1A62184A06
:10044000DA64184A9A64184A5A62184B184A9A6031
:10045000184A5A62184ADA62184A1A61184A5A61E6
:10046000184A9A61184A1A63184A9A64184ADA6450
:10047000184A9A63704700BF4021002085B60100EA
:10048000BBB6010033B70100BDB8010011B90100CE
:10049000DD07010027B901004D0A0100C108010074
:1004A00007BA010023BA0100190901002C2200201B
:1004B000A7B60100C7B9010049B90100EDB80100B4
:1004C0006DB9010061080100AFBA01005BBA01001B
:1004D00049BA0100ADB90100044B054A5A65054B04
:1004E000054A1A65054A5A65704700BF4021002039
:1004F000F3B701002C220020D9B7010065B8010034
:10050000054B064A9A65064A1A66064B064A9A65DC
:10051000064ADA65704700BF40210020EFA90100BC
:1005200085AA01002C22002029A9010069AC010044
:10053000252A70B505460C4618D8012A19D9023A61
:10054000232A16D8DFE802F01A152524243315359E
:10055000152439444815154D242467676D74151505
:10056000151515151515151515808990FF2A00F01C
:10057000828040F2FE315120FCF77EFA0278436817
:10058000012A02D193F8203101E093F82931237137
:1005900070BD4168204601F5EB710AF033FE6968D1
:1005A000204601F58A71BDE870400AF02DBE43680F
:1005B000E8E7BDE8704000F011BA0E230B71592333
:1005C0004B7100238B716B23CB7110230B72DFE710
:1005D000436893F81A31DAE7BDE87040084600F046
:1005E000EBB90378466873B996F820315BB196F899
:1005F0001D1120460AF058FE96F81C112046BDE851
:1006000070400AF055BE96F81B1120460AF04CFEC9
:1006100096F81A11F2E741682046BDE870400AF0EA
:10062000E6BF436893F83621227193F8373109E029
:10063000436893F83421012AF4D093F864200A71B6
:1006400093F865306371A3E7104B1B68002B9FD0B4
:1006500002462320BDE8704018470C4B1B68002B56
:1006600096D002462420F5E7084B1B68002B8FD05C
:1006700002462520EEE74368204693F84F22D3F840
:100680005012BDE870400AF057BD00BF182300208B
:100690003A289ABF024B53F820000020704700BF51
:1006A000402100203A289ABF024B53F82000002036
:1006B000704700BF2C220020F7B545682E6904461C
:1006C0004FF6FF770DF102010DF101023046ADF852
:1006D000027008F00AFD01A9304608F029FD40B17A
:1006E000019808F0EAFD616800220272FFF7B4FD8C
:1006F000E8E7044905F1A80003B0BDE8F0400AF0BE
:100700002CBE00BF1FB60100F0B5044685B00D46F3
:10071000FF2600F8856C10F8863CF3B1174F3B7844
:100720001BB148211F20FCF7A7F90C21381DFCF74D
:100730003BFB3E70002304F8853C2A46072302F861
:10074000033BD4F80930C5F80330D4F80D305360BA
:10075000D4F81130936005B0F0BD01A80C21FCF76E
:1007600023FBA4F5A873039A1A6001AB03CB44F8EA
:100770008E0C44F88A1C04F8866CDBE7D04100201C
:1007800010B5054C23782BB90C21201DFCF70CFB70
:10079000FF23237010BD00BFD0410020024690F817
:1007A000DE31BBB990F8DF3103F0FF010BB100205F
:1007B0007047094B18780028F9D01970D968C2F829
:1007C0001411043303CBC2F8D601C2F8DA11FF23A7
:1007D00082F8DE3101207047D041002038B54268F0
:1007E00092F88F3004460D463BB1132B05D0113BD8
:1007F0000B2B94BF0820012038BD92F8D23013B9DA
:1008000020460AF0B2FE6168284601F5E7710AF059
:10081000EEFC6168284601F588710AF0EFFC61681A
:100820000B88A1F86D32284601F26F210AF0D7FC3F
:100830006168284601F277210AF0D6FC636800253A
:1008400083F8DE516068054900F519700AF082FDF1
:100850006368152283F88F202846CDE70907010039
:1008600038B5436893F88F201C2A044604D040F220
:10087000BB111F20FCF700F993F8D2101D8800224D
:1008800083F8D12003F5D17069B10B4983F8D220E8
:10089000A3F8AC5183F8AB210AF05CFD6368002239
:1008A00083F88F2038BD012283F8AB11A3F8AC5137
:1008B000024983F8AE21EFE7A9B801009BB8010017
:1008C000436830B5D3F8804014F001001FD14D6863
:1008D000104A8968A3F8CE002A40C3F8E220C2F388
:1008E000076242F0080221F41E5121F0100183F842
:1008F000E52093F8D0200904090C013244F00104EA
:10090000C3F8E61083F8D020C3F8804030BD012042
:10091000FCE700BF2FC904F710B5406890F88E308F
:10092000042B2FD14C688A68184B22F41E522340A6
:10093000C0F8E23022F01002C3F3076343F008036B
:100940001204120C80F8E5300023C0F8E62080F88D
:10095000CC3080F88E3090F8842102F0FF049AB9F0
:100960000388A0F8863180F885414B68C0F888314B
:100970008B68C0F88C31064900F5BE700AF0EAFCBD
:10098000204610BD0124FBE71C46F9E72FC904F7F8
:100990008BB90100406890F8843153B90388A0F8FE
:1009A00086311A2380F88531024900F5BE700AF0BD
:1009B000D1BC70478BB9010010B50446FEF7FCFCB2
:1009C00021F41E51044B21F0100109040340090CCD
:1009D0006360A16010BD00BF2FC904F737B50C4696
:1009E0004568FEF7E9FC0A4B95F8E22021F41E5118
:1009F00021F01001034009040093090C13408DF805
:100A0000003001916B4603CB6060A16003B030BD44
:100A10002FC904F7DB0410B5144604D5037D13B1C8
:100A20000023436310BD436B013343630BF022F893
:100A3000D0E90D239A42F5D30023436302492046AF
:100A4000BDE810400AF08FBCF9B9010038B5446820
:100A500094F88E30012B0D4603D0D4F880309807DF
:100A600045D494F8D330990719D428460AF0CFFB1F
:100A700084F8DD00B5F80530A4F8DE30B5F80730AD
:100A8000A4F8E03094F8D33043F0020284F8D32085
:100A9000DA0711D5174904F1D4000AF064FC94F880
:100AA000D330DB0718D4D4F8803013F0020208D01A
:100AB00055214020FBF7E0FF94F83A31002BE9D1B3
:100AC000EDE743F00203C4F8803094F8D030A4F886
:100AD000CE20013384F8D03094F88E30012B4FF0C3
:100AE000000003D184F88E0084F8CC0038BD0120CA
:100AF000FCE700BF91BA010070B545680446FFF7F6
:100B00002DF9054B85F88D001B6801461BB1204669
:100B1000BDE87040184770BD20230020024B1B68C1
:100B200003B11847704700BF1C230020F0B5204ECA
:100B3000054630780024147080B1431E7768DBB21C
:100B4000181B01280BDC07EBC40057F83460406821
:100B5000884208BFAE4212D114700120F0BD1819AE
:100B6000461007EBC60E57F836C0DEF80460AC45F9
:100B7000C0F347008E412CBF03460446E0E7B54270
:100B800071EB000002D214700020E7E707EBC3000E
:100B900057F833404068884208BFAC4201D1137017
:100BA000DBE7A542814128BF01331370ECE700BFAA
:100BB000F041002010F0070208B503D0632148205F
:100BC000FBF75AFF18B1034B197258601A70C8002E
:100BD00008BD00BFF0410020014B00221A70704791
:100BE000F0410020014B187A704700BFF04100200F
:100BF0002DE9D3430AF086FF0DF1070207460E46A2
:100C0000FFF794FF98B9114C2278237A93420ED0C3
:100C1000616813466FF0604E9DF80700984209D353
:100C200001EBC003C3E9007601322270012002B05B
:100C3000BDE8D08303EB0E0001EBC000D0E90089D2
:100C4000013BC0E90289DBB2E6E700BFF0410020CA
:100C500037B50AF057FF0DF10702FFF767FF0446AB
:100C6000A0B10C4A9DF8070013785568013BDBB230
:100C700013701A1AD2B2411CD200834238BF00222C
:100C800005EBC10105EBC00006F036FD204603B0C0
:100C900030BD00BFF04100200A46822302F8033B2A
:100CA00004480368C1F80330436853608368936065
:100CB000704700BFF941002002481622002106F0CB
:100CC000D9BD00BFF941002082B002AB03E90300A7
:100CD0000B48437D93B1530610D50A880280D1F8A2
:100CE0003022B1F888304260D1F834220549826060
:100CF000438002220C3002B0FFF7C0BA02B0704746
:100D0000F9410020990C010038B5074D044600F167
:100D1000510128680AF07AF994F850102868BDE863
:100D200038400AF081B900BF10420020F8B50446EF
:100D30000E466588407F15F00401134618BF04F184
:100D40005F013246FEF7A8FEC20705460BD5012318
:100D500084F85030607FFEF703FF0368C4F8513019
:100D60008388A4F85530AB070CD5094E01273068AD
:100D700084F85E7004F15F010AF04FF9306839467B
:100D80000AF05BF985F00400C0F38000F8BD00BFF5
:100D90001042002038B5C38D0E4D0133C385AB7CA6
:100DA00004462BB102F088FC01F00EFE0023AB7468
:100DB00000232B7194F879302BB101212046BDE836
:100DC000384008F0FBBE637C13B1E28D9A42F4D246
:100DD0000021F3E71042002010B5094C2379012BC4
:100DE00002D02379022B05D1A37C1BB102F064FC55
:100DF00001F0EAFDE069BDE81040FFF7CBBF00BF9E
:100E00001042002070B5294C2379012B07D023799B
:100E1000022B04D040F63C412D20FBF72DFEA0B95B
:100E20000125A37C1BB102F047FC01F0CDFD002D94
:100E30003AD0E06908F03AFE002830D002F02CFBEE
:100E4000236ABDE870409B6818472168E26911F881
:100E5000095B02F15103E80992F8502009F025FFDF
:100E60000028DDD0206800210AF00CF90028D7D036
:100E70002379E069012B05D02379022B02D040F6BB
:100E80001541C9E72379226A03F180435269013B86
:100E900005F00F0152F8233098470546C1E7E06995
:100EA000BDE87040FFF776BF70BD00BF1042002064
:100EB000074A0346D06903B909B9FFF76BBF137935
:100EC000126A03F180431269033B52F8233018473A
:100ED000104200202DE9F043032985B005469046D5
:100EE0007BD090F878300529DBB202D14288D60752
:100EF00060D5002B5ED10127DFF8E89099F81260E9
:100F0000B6B109F016FF082888F8000014D002AA2C
:100F10000DF10701FEF796FD20B940F685612D2001
:100F2000FBF7AAFD9DF8070002A90AF0F7FD0646A7
:100F300098F80030082B08D1D9F8001011F8030BED
:100F4000C0F380100AF0EAFD0646D9F8001095F8C3
:100F5000572011F8030B05F15803C0F3801009F076
:100F6000A4FED9F80010044611F8030BC0F380105A
:100F700009F0D5FE8146FEF705FE014640B1B9F104
:100F8000080F1BD04846FEF781FC80F00101C9B272
:100F900098F80000082815D094B96B7F1C1A60429D
:100FA00060416B885A0706D421B996B9EB7C93B19E
:100FB000BB4210D0002005B0BDE8F0830021E7E778
:100FC0000120EEE714B181F00104E4B204F0010065
:100FD000E7E73046EFE70120EDE743889B07E9D5D7
:100FE000022789E7104200202DE9F04F85B0082341
:100FF0000DF10702052104468DF80730FFF76AFF5F
:10100000064620B90026304605B0BDE8F08F7A4F7D
:101010003968FA7C11F8030B07F11403C0F3801050
:1010200009F043FE80460028ECD13B68216A18464F
:1010300091F8962010F8035B02EA551202F00102C3
:1010400081F89620D3F80320C1F803208288A1F804
:1010500007201946226A11F81F0BC0F38010907008
:1010600009798DF80C10D3F80F10D3F81F00D16157
:10107000597D0290187D090441EA0021D87C014382
:101080005162B3F8191040F2E24909FB01F1916194
:101090009D7DC5EB451105EB810505EB85056D00D3
:1010A0009585B3F8171009FB01F19162B3F81B1095
:1010B0001184B3F81D10518493F8243003F01F01FC
:1010C0005B0982F8A21082F8B031256A94F912B057
:1010D00002A905F1960009F0F1FE40F20113A5F80E
:1010E00068304FF0FF0A85F86AA0414605F13000EC
:1010F000FFF7D0F859462846FEF700FE236A84F829
:1011000083801A88A4F8842084F8A1A04FF6FF7287
:10111000A4F8A2209A69B2FBF9F2A4F89A201A8CDA
:10112000A4F89C205A8CA4F89E2093F8B02184F84F
:10113000A020227F9DF8070004F18E015AB394F895
:101140005020012A27D194F8562002F0C002402AEC
:1011500021D1D4F85120C4F88E20B4F855208A80CB
:101160009A7884F88720082803F1030504F188029F
:10117000D3F8033004F1940134D0C4F89430AB8830
:101180008B8004F18701FEF75DFC40B940F69B318E
:101190002D20FBF771FC0022C4F88E20DFE794F8C5
:1011A000873043F0020384F88730144904F17A0051
:1011B0000AF0D0F8236A12491A88A4F8BB2093F8E1
:1011C000963084F8BD3004F1B2000AF0C3F80D4B3C
:1011D000206A1B6800223A71002B3FF414AF2146AD
:1011E000984710E7C4F88830AB8893800023C4F890
:1011F00094308B80D9E700BF104200205FBB010014
:1012000031BB010028230020032973B5044604D014
:10121000052952D0012002B070BD08230DF107024C
:101220008DF80730FFF756FE0028F3D0237C284DB9
:1012300003B39DF8070094F8C630DBB9237884F82F
:10124000C730082804F1C90228D004F1C801FEF70C
:10125000F9FB20B940F6FB612D20FBF70DFC94F85B
:10126000C83043F0020384F8C8301A4904F1BE00C4
:101270000AF070F82B68062204265A701E70204669
:10128000FFF742FD94F84020E16B286809F0EBFE7F
:1012900028682E7102F0A0F90020BCE728680346F8
:1012A00013F8031BC1F3801184F8C810D0F80310A1
:1012B000C4F8C9109B889380D7E7074B1B6823B1FC
:1012C000984780F00100C0B2A5E71846A3E700BF29
:1012D0001042002047BB010024230020F8B504463B
:1012E0000F4619B300F1280528460AF024FEA0B9DC
:1012F00063881A072ED528460AF034FE064628468B
:101300000AF019FE301AC0B20AF03CFE444A936853
:101310000344284693600AF0EAFD28460AF0ECFDF3
:1013200002F04EF82179252001F044FF3C4D94F85D
:101330005E2028680023037043706388103B0D2BE8
:101340005ED8DFE803F0595D550C5D405D5D5D5D85
:101350005D5D5D402046BDE8F840FFF71BBD0623FC
:101360004370202303702046FFF7CEFC638823F0F0
:1013700008039BB2152B05D094F83820616B2868C0
:1013800009F062FE286802F027F9032321792B7106
:10139000002002F01BF8064607B9E86063881B07C7
:1013A00004D50AF0ECFD0644C4F8E0606388103B05
:1013B0000D2B30D8DFE803F0322F29292F292F2FCA
:1013C0002F2F2F2F2F290C2343702123037042B17D
:1013D00004F15F0109F021FE0121286809F02DFECA
:1013E000C1E704F1580109F018FE94F85710F4E72A
:1013F000062303704370B6E7022303700623F9E760
:1014000040F226612D20FBF737FB21790120BDE852
:10141000F84002F06BB940F6AA41F3E7F8BD00BF0F
:101420001042002038B54388102B044604D1BDE893
:1014300038400121FFF752BF0B4DAB7C23B101F0C7
:10144000A9FA402002F02CF9286802F0C5F860885B
:1014500010F0040002D1217902F048F9002002F0D6
:10146000FBF801232B7138BD10420020024B0121F3
:10147000D869FFF733BF00BF1042002010B5134CEE
:10148000A37C1BB102F018F901F09EFAE06908F0A4
:101490000DFB70B12379E069012B0FD12379226A0A
:1014A00003F18043D268013BBDE8104052F823307D
:1014B0001847E069BDE81040FFF76CBC2379022BA8
:1014C000ECD040F643312D20FBF7D6FA1042002035
:1014D00010B50948037903F0FF0453B918222146D7
:1014E000043006F0C7F902F0E7F801F06DFA204683
:1014F00010BD0C24FBE700BF1042002010B5094CC2
:10150000002323712060FFF7E3FF20B140F2F621B2
:101510002D20FBF7B1FA236A13B940F2F921F7E75E
:1015200010BD00BF10420020014B024A1A627047F2
:101530001042002018180100034B044A1A60044BA3
:10154000044A1A60704700BF24230020E90F0100FD
:1015500028230020F9E900002DE9F041067DB31EA3
:10156000DBB2012B04468CBF4FF000084FF001089E
:101570007EB3B71E18BF0127012B36D800F15801E2
:1015800090F8570009F0CBFB082805462DD0FEF750
:1015900089F958BB657784F81C8084F85070FEF791
:1015A0004BFA05460AF0E6FF174BA5FB03351B185F
:1015B00045EB01050022C4E9123584F85E2011468E
:1015C0002046FFF7B3FB70B940F293412D20FBF7A3
:1015D00053FA3746082504F151010020FDF7E8FFD2
:1015E0000028D7D10020BDE8F0810825022EF2D0D6
:1015F000E37E002BF6D0D4F81530C4F85130B4F89F
:101600001930A4F85530C5E740420F00F0B5464EFA
:10161000327985B0044602F0FF0312B90278FF2A3E
:1016200004D140F6A9112D20FBF726FA3382B360CE
:101630007371B37180F879303C4B00933C4B01934C
:101640003C4B0293336A68465B68039301F0BCFF2E
:1016500001F0EEFD02F030F801F0B6F9364801F085
:1016600089FE04F12805354801F0A8FF28460AF054
:101670003EFC28460AF040FC01F0A2FE217925201C
:1016800001F098FD94F9120001F06EFE04F13401AE
:10169000206B07F00DFF04F13C010746206B07F0BB
:1016A0002EFF054617B194F82430C3B90DB194F854
:1016B0002550237F13B963885B0709D5D4E912123B
:1016C0006FF000439A4208BFB1F1FF3F09D185B9DD
:1016D00030680330FEF7CEF9B07405B0F0BD0125D7
:1016E000E7E70AF047FFD4E91223904271EB0303C6
:1016F000EDD3012205EA02012046FFF717FB68B18E
:10170000FEF79AF905460AF035FF0D4BA5FB0335A8
:101710001B1845EB0105C4E91235D9E7002DD7D0D8
:1017200040F6DE117FE700BF104200207D1401006B
:10173000050E0100B10E0100D6BE898E555555002B
:1017400040420F00F7B50446FFF760FF0021204636
:10175000FFF7C4FD04F1680009F09DFA236F0BB197
:1017600001221A606388DB0721D50023114E256A08
:10177000CDE90033FF23F37405F10A076846FBF750
:10178000CFFDA0B9009CA542F8D06A7A607A3B46AA
:1017900004F10A0109F089FA0028EFD0A378F37464
:1017A000D4F803007061044BB4F807209A8003B0AA
:1017B000F0BD00BF1042002024420020024BD8613F
:1017C0001B6A1B68184700BF1042002043881B0794
:1017D00010B5044611D5036A0A493C2280F88320DB
:1017E0001B88A0F88430FF2380F8A1304FF6FF73E8
:1017F000A0F8A2307A3009F0ADFDFF2384F87930EB
:1018000010BD00BF5FBB01000912010025140100DB
:10181000B7BB0100B1BB010045170100D90D0100A4
:101820006D140100141801000C18010008180100C3
:101830000138022808B503D9C3212F20FBF71CF972
:1018400013290A4B05D811290CD8102907D0D1210A
:10185000F3E71529FBD103EB4003D88801E033F807
:10186000100008BD03EB40039889FAE744410500E6
:10187000F8B52F4B1A88402842EA00021A8005D199
:1018800004219868BDE8F840FCF7E6BF802801D144
:101890000521F6E700F00302032A04D140F6CA113D
:1018A0003120FBF7E9F810F0020418BFD960C50732
:1018B00005D5CA781961062A0DD00B2A18D02CB18B
:1018C000DA68D278052A1FD00B2A2AD0820644BFB4
:1018D00008221A75F8BD9A6892F88F101829EED16F
:1018E000002600270121C2E93C6782F89310E6E751
:1018F0009A6892F88F10122901BF002182F8931084
:10190000012182F8D210DAE79A6892F88F1016292E
:10191000DCD100240025C2E93E45012182F8941063
:10192000D4E79A6892F88F101129CFD10021F5E7FA
:101930003442002013B5044601A8FDF7C1FD20B9CB
:1019400040F2CA713120FBF797F82222002101985A
:1019500005F090FF0198032109F0E2FB019803785C
:1019600023F0100303702146FEF752FA019906484E
:101970002246FEF7DDFDFDF7B9FD10B940F2D47146
:10198000E0E702B010BD00BF3842002070B5274C20
:10199000A36893F8566293F85752002E3FD193F8FC
:1019A0006810002D3DD193F8692083F8681083F802
:1019B0006920FF2283F86A201D4B1B680BB1A068C9
:1019C0009847A36893F83431012B02D056EA0503F7
:1019D00003D018480021FDF717FDA068303009F04A
:1019E0003BFD0546A06800F24511FEF769FCA068C2
:1019F0000621FCF731FFA068303009F02DFD85424B
:101A0000044610D202F030FF0146601B322838BF76
:101A1000322004F09DFFB0FA80F0400970BD3146DD
:101A2000BFE72A46C1E70120F8E700BF34420020A3
:101A30003023002038420020002908BF1F2117282A
:101A400010B503460BD80D280DD90E3809280AD831
:101A5000DFE800F00B0909090B090B09110BA0F1D4
:101A60002303022B23D9002010BDBDE81040002124
:101A700018460AF08BBA114CA36893F88E20212ADD
:101A800009D1201DFDF7C0FCA368002283F88E2039
:101A900083F8CC20E7E72E2AE5D193F88F30A3F125
:101AA0002002062AF0D92E2BEED02A21E9E7044B9A
:101AB0001B68002BD7D0BDE81040184734420020E7
:101AC0002C230020114B09790246986890F88E303B
:101AD000212B11D02E2B0FD0282B0FD0042B0FD061
:101AE0000F2B0FD01D2B0FD090F88F30232B14BF4E
:101AF000FE201720FFF7A0BF1620FBE72320F9E701
:101B00000E20F7E71220F5E71420F3E73442002017
:101B100008B50C4B9B6893F81E21FE2A04D040F2B6
:101B2000D9713120FAF7A8FF83F81E0111B9A3F883
:101B3000CE1008BD0022A3F8C820012283F8CC20D3
:101B4000F7E700BF344200200C4A117D91B938B943
:101B50009068B0F85810828F91420BD8FCF76EBE97
:101B600013881B0708D5936893F89000073818BFAF
:101B70000120704700207047012070473442002048
:101B80004368D3F8803013F0300F2DE9F743044653
:101B90000D4656D1084609F054FB30B92946204677
:101BA00003B0BDE8F04309F00EBD2846666809F0B1
:101BB00044FB0746284609F03CFB8046284609F0CE
:101BC0003EFB8146284609F036FB303600904B46F6
:101BD00042463946304609F051FC1B4B1A889207A1
:101BE00011D5DA68D278142A0DD16268D2F8803023
:101BF00043F01003C2F88030204609F0B6FC002004
:101C000003B0BDE8F083626892F88E101D29ECD015
:101C100092F82B21002AE8D1626892F82A21002A42
:101C2000E3D16168D1F8802042F02002C1F8802021
:101C30009A68114602F5A77231F8300BFEF78EFB59
:101C4000DAE70120DCE700BF3442002010B5164B74
:101C5000DB681979436893F88E20092A09D193F833
:101C600019218A4205D1002283F88E2083F8CC20E6
:101C700010BDD3F8802012F0080407D022F008022B
:101C8000BDE81040C3F8802009F079BCFF2905D1D8
:101C9000332283F88E2083F84C42E9E740F2DE419C
:101CA0003120FAF7E9FE00BF3442002010B50B796D
:101CB0004268172B92F88E2004460CD80D2B0CD9B5
:101CC000A3F10E01092908D8DFE801F00907070789
:101CD000090709071009232B26D0002010BD224632
:101CE0000121BDE8104018460AF050B9212A01D060
:101CF0002E2AF2D1204609F02FFC636893F88F203A
:101D0000222AEAD093F8E32022F0010283F8E320AC
:101D1000626892F8E33023F0080382F8E3301A2176
:101D20002046FDF771FBD8E7282AD6D1024B1B6865
:101D3000002BD2D09847D0E734230020F7B5814C50
:101D40000546002840F0B28023881F0735D5A368D8
:101D500093F81E21FE2A04D14FF4AA613120FAF72C
:101D60008BFEFE2283F81E2193F88F201A2A07D1BA
:101D700083F8D100201D09F002FCA36883F88F507E
:101D8000A36893F88E20332A42D03F2A49D0202AD4
:101D90000AD193F88F20A2F12001062901D92E2A19
:101DA00034D12E2283F88E20A36893F89020072A3E
:101DB00002BF0222627583F81E212388DE0734D415
:101DC0002388580700F1A080990713D5E368DE78CF
:101DD0000D2E00F0A180112E00F0A080072E00F043
:101DE0009F803046FEF75EFC0346002800F09A8094
:101DF000554898472388DA0658D5A36893F88F206A
:101E00000A2A53D10B2283F88F204FE02122C9E701
:101E1000012283F84D22002283F88E2083F8CC2003
:101E2000C2E7494809F098FBBEE7A368276993F821
:101E30008F30113B0B2B0BD8FB78023BDBB2092B0D
:101E40007CD8012202FA03F340F23332134275D0F8
:101E50003846FDF7CDFF20B939463B4809F0B3FBC2
:101E600047E0FE78012E01D9162E0FD1A36893F812
:101E70008E0009F099FB48B1A36893F88E20202AC0
:101E800004D0212A0ED12E2283F88E20112E35D097
:101E900026D8072E34D00D2E34D03046FEF7F8FB6E
:101EA000034621E0162E0CBF20250225237D1B07AB
:101EB00013D5A36893F88F30113B0B2B40D9002624
:101EC00001A903200196FBF793FE019B2BB11E7223
:101ED0000C22A1680198FEF78DF9284603B0F0BDE9
:101EE000142EDAD1194B1B68002BB5D02169164886
:101EF000984700283FF464AF0546D7E7144BF5E751
:101F0000144BF3E7144BF1E7A26892F89020062AED
:101F100004BF0122627557E7104B69E7104B67E772
:101F2000104B65E7FF2E06D1A268332182F88E1090
:101F300082F84C025EE740F244510FE70825B5E70E
:101F40000825CAE734420020384200203C23002004
:101F500099C00100AD1C0100C51A010029C0010093
:101F600047C001004D1C01002DE9F041A54CB4F81B
:101F700000800E46A16818F4007F0ABFB1F8C220A5
:101F80000023013201F1800507461ABFA1F8C230D3
:101F900081F8C731A1F8C22028460AF06CF828B1B0
:101FA000434601F59E722846FEF734FD238803F46C
:101FB000C06333B1A06890F89230002B4AD0032B55
:101FC0004ED0A168238891F89220012A04D11D05E2
:101FD00044BF022281F89220002F40F0AD805806C5
:101FE0005DBFB1F8E021013292B23A46A1F8E0219A
:101FF00003F00A020A2A0DD1E268D278022A09D136
:1020000023F0080330462380FFF798FE0823064399
:10201000F6B223803046FFF791FEA36893F81E21A5
:102020000643FE2AF6B24FD1002E4DD193F89020F0
:10203000063A012A48D993F82831B3B1A36893F836
:102040002921A3F8C66083F8202101210220FFF78F
:102050005FFD39E0012180F89210FCF7FDFBB0E74D
:10206000022380F892300121F7E7A06890F88F30C2
:10207000A3F11005EDB20C2D11D8113B0B2B00F282
:102080005681DFE813F00C015401540154010F0193
:102090001701540154015401540154014201D0F874
:1020A0008030D90702D531460920D0E79A0740F1A0
:1020B0009A8031460C20FFF72BFDA26892F8D330AE
:1020C00043F0010382F8D330A568B5F8C03195F824
:1020D000C4810133A5F8C031B8F1000F00F0E581EB
:1020E000FBF778FD10B10023A5F8C031A16891F885
:1020F0009280B8F1010F40F20E8291F89030072BD8
:1021000040F0EB81B1F8C230022B40F20482B1F80A
:10211000C4500135ADB2B1F888302B44A1F8B831C4
:1021200091F8C531002B00F0FF810123A268B2F8BD
:1021300088100B44A2F8BC312288A36855065BBF07
:10214000B3F8CC21B3F8BE1100225218A3F8CC2169
:1021500093F828312BB9A36893F89030063B012BF4
:1021600007D8A368B3F8C620B3F8BE110A44A3F891
:10217000C620A36893F8CC0030B1B3F8C820B3F8F8
:10218000BE110A44A3F8C82093F9D0100029C1BF9A
:10219000B3F8CE20B3F8BE515219A3F8CE2093F86D
:1021A000B1205AB9002F40F05982627D022A40F0D6
:1021B0000E8293F82021062A18BF1622A36893F8EE
:1021C000B0302BB9A368104883F8B120FEF774FA39
:1021D000A06809F0A0FFA368002283F8C321BDE82E
:1021E000F041FDF7A9B9590702D5314613202EE772
:1021F0001A070BD590F8183180F8203131460720A6
:1022000025E700BF344200203842002013F0300F91
:102210003FD090F82B31002B40F02682A36893F832
:102220002A31F3B1A06890F88F30252B00F5957115
:1022300000F256222BD090F88E30A3F1250CDCF161
:10224000000343EB0C0309F00BF9A268D2F88030CD
:1022500023F0200343F01003C2F88030002382F8FB
:102260002A31A068D0F88030DA0640F1FD8100F212
:102270004511FEF725F8A368B3F85220A3F82021F2
:10228000B3F85620A3F8222100211520DFE6012310
:10229000D9E75B0640F1E88100212420D7E6002140
:1022A0000B20D4E6FEF77AFA00283FF40DAF0021A8
:1022B0000420CCE690F84832012B08D100210520FB
:1022C000FFF726FCA368002283F84822FCE6A368F7
:1022D00093F84832022BD8B27FF4F6AEA36893F895
:1022E000D25006221DB183F820210021E8E78C4856
:1022F000032109F053F9A36893F8E23013F0040FB7
:10230000294614BF11200D20DAE7002106209EE6A1
:1023100093F83421022A02D10021172097E693F87E
:102320003421012A03D193F83531002BF4D0A3686E
:1023300093F88E206AB993F88F20103A0C2A40F255
:10234000A38193F8C020002A00F09E810121122071
:102350007DE6092A40F0948193F8192183F8202121
:1023600001214CE7A36893F83A319BB1A36893F835
:10237000D33013F003050DD101210C20FFF7C8FB6A
:10238000A36893F8D32042F0010283F8D32083F8A6
:102390003A519BE7A36893F82A3153B3A36893F8A3
:1023A0002B3133BBA06890F88F30252B00F5957149
:1023B00000F256221BD090F88E30A3F1250CDCF1F0
:1023C000000343EB0C0309F04BF8A368002283F8E9
:1023D0002A2101211420FFF79BFBA368B3F85220A8
:1023E000A3F82021B3F85620A3F822216CE601239C
:1023F000E9E7A36893F83421012A4CD193F83531E9
:10240000002B48D1A16891F88F30A3F12002062A51
:1024100041D92E2B3FD091F86850012D06D0022DC6
:1024200004D040F217310620FAF726FB91F8690034
:10243000012801D00228F4D1022D91F836210AD0CA
:10244000012A14BF002201223AB90A3B042B12D9F7
:1024500001211620FBE5022AF3E7022891F8372133
:1024600017D0012A14BF00220122002AEDD02C48E7
:102470000021FCF7C9FFA36893F88E20002A7FF49F
:1024800023AE93F84C32002B3FF41EAE0121FF2007
:10249000DDE5022AE6E7234B1B68002BEBD0204842
:1024A0009847FE28E7D00121D1E5FBF78DFB08B165
:1024B000A5F8C081FBF796FB00283FF417AE95F80E
:1024C000C7310133DBB2022B85F8C73182BF00234D
:1024D000A5F8C03185F8C73108E691F8C0301BB1C6
:1024E00091F88E300F2B16D1B1F8C450B1F8C2302C
:1024F00001F18000ED1A033D09F0BDFD68B1D1F88E
:10250000B830D1F8B420033B9B1A9D42A8BF1D46AA
:10251000012D3FF7FFAD0125FDE52B46F5E700BF97
:102520003842002038230020012D7FF6FEAD91F8BF
:102530008F3013B10B2B7FF4F8AD91F88E30002B58
:102540007FF4F3AD91F89030002B7FF4EEADB8F14D
:10255000020F7FF4EAAD91F8C731002B7FF4E5ADAF
:10256000086906F026FE00283FF4DFADA26892F865
:102570001E31FE2B7FF4D9ADB2F8BA31012B7FF6B4
:10258000D4ADB2F8C011138C9942BFF4CEAD5B1A32
:10259000013DADB29BB29D4228BF1D466B1C9BB254
:1025A00092F8772072B9A1680A6F5AB1B1F8BE20CB
:1025B000B1F88810521A91B212B2002A02DD934289
:1025C000A8BF0B46A268012182F8C211AEE5012A1C
:1025D00009D193F89120002A7FF4F0ADA068002182
:1025E000FCF73AF9F7E55EB1F00635D4310735D49A
:1025F000B20635D4B30735D140F64C11312013E77C
:1026000038B1B3F8C800B3F8CA20904201D32222EF
:10261000D4E5002905DDB3F8CE10B3F8CA20914205
:10262000F5D2B3F8C610B3F8C42091420BD2A36818
:1026300093F89210B3F8C22051B1B3F8C43093426A
:10264000CCD80822BAE593F82831002BDFD1EEE789
:10265000052AC3D93E22B1E51E22AFE53D22ADE5F4
:102660002322ABE52A22A9E5A36893F88F20222A2A
:102670003FF44EAE312A7FF45AAE00211120E6E439
:102680000C2D3FF6F8AE1FE50C2D7FF61DAD93F82F
:102690003B31002B3FF466AE01210E20FFF738FAE4
:1026A000A368002283F83B2110E600BF73B5664D96
:1026B000002401262E71A8602C802C756C75FF23D8
:1026C00080F8C331AB681888FCF7F4FEAB68188853
:1026D000FCF71CFFAB68B3F8BA21EAB193F81E21EE
:1026E000FE2A19D193F82831B3B1AB6893F8902042
:1026F000063AB24210D993F82921A3F8C64083F8CC
:10270000202102203146FFF703FAAB68022083F84C
:10271000C241FFF70FF904E0AB6893F81E01FE28F1
:10272000F7D1AC68B4F8BE31B4F8C021013B12FA5D
:1027300083F2A4F8C021B4F8C22099B212FA83F34C
:10274000A4F8C23004F1800009F095FC20B1D4F85F
:10275000B4300B44C4F8B430B4F8BA31012B9CBF88
:102760000133A4F8BA31002609B184F8C76194F89E
:102770008F3084F8C261A3F10A02012A1FD8B4F88D
:102780008830B4F854229B1A190432D404F256212A
:1027900004F1960008F092FBAB6883F88F60FF228B
:1027A00083F8EA20A968B1F8BE2101F1800008F0A1
:1027B000CBFBA0B340F6D7013120FAF75DF9252B0A
:1027C00017D1B4F85422B4F888309B1A1A0410D4E4
:1027D00084F88F60FFF7DAF8AB68014630B983F808
:1027E000340102B0BDE87040FFF7BEBB83F834612E
:1027F000D8E794F88E3003F0FD03252BD2D1B4F83E
:102800008830B4F854229B1A1B04CBD4002384F8DC
:102810008E30FFF7BBF801460028C3D1E1E70B4B30
:102820000B49009303C90B4B0B4AFBF79BF8AB68B2
:1028300093F88F30113B0B2B04D802B0BDE87040E9
:10284000FBF788B802B070BD34420020691F010058
:1028500038420020491B01007118010038B50446B8
:10286000084694F8483213B10C25284638BD94F830
:102870008F30153B012BF7D894F86C3203F0FF052D
:10288000002BF1D1A1B194F8DE3123B940F6A111AA
:102890003120FAF7F1F8074B9968052301F58072AA
:1028A00001F5E77104F010FD012384F84832DCE7FC
:1028B0000223FAE734420020D0F85C328269934266
:1028C00010B5044604D1D0F86012026A914215D0C6
:1028D0002288A4F89A2140F2E242B3FBF2F3A4F872
:1028E0009C31B4F86032A4F89E31B4F862320949E0
:1028F000A4F8A03104F5C87008F035FD0221204687
:10290000FDF79AF9002384F88F30032384F892307E
:1029100010BD00BF13B7010008B5FDF7DDFD024B88
:10292000024A1A6008BD00BF3C230020811B010041
:10293000064BD3F8000138B1D3F8040120B1D3F825
:102940000801B0FA80F04009704700BF00F0004075
:10295000034B00221A705A7010229A70704700BF01
:102960004C42002070B50646022014460D4600F089
:102970009FF9064B01221A70054B033CC3F8104522
:10298000C3F80865C3F8045570BD00BF4C42002071
:1029900000F0004008B5022000F08AF9084B01223F
:1029A0001A70084B0022C3F80021C3F80421C3F8B1
:1029B000082103F580334FF40002C3F8042508BD55
:1029C0004C42002000F000400D4A08B513787BB15E
:1029D0000C4B4FF40001C3F80815FFF7A9FF60B1D5
:1029E00001235370084BD3F8003493700023137005
:1029F000BDE80840002000F05BB950701023F4E7F8
:102A00004C42002000F0014000F000400A4B1A78D0
:102A10006AB10A4BD3F800215AB1D3F8040120B1AE
:102A2000D3F80801B0FA80F04009C0B27047587876
:102A300070470220704700BF4C42002000F0004069
:102A400008B5074B1A783AB1FFF772FF30B1054B62
:102A5000D3F80004C0B208BD9878FCE71020FAE76C
:102A60004C42002000F00040024B00221A705A70C5
:102A70009A7070474F4200202DE9F04104461C4DEA
:102A800001201E468846174600F012F904F00300A4
:102A90002E7140EA0643174E43F08073C6F80435A2
:102AA000C6F8088504F0FCFC30B9D6F8183523F0D8
:102AB000FF033B43C6F818350F4B104AC3F80825EF
:102AC00014F0FB0F01BF0E4AC3F89825FC3AC3F877
:102AD0009C250122022C6A70EC7007D8054B2A70E5
:102AE0000021C3F80011C3F800121A60BDE8F0819C
:102AF0004F42002000F0004000F0014000000202C0
:102B000000F10040214A537870B523B94FF40471A5
:102B10003C20F9F7B1FF1E4BC3F80C15C3F81005A4
:102B2000D57801249470C5B912780AB9E121EFE78C
:102B3000184AC3F804514FF40035C2F80455D3F8CD
:102B4000006116B15C60C2F808550B7803704B78D1
:102B5000043343708B78837070BD042D4FF00001F7
:102B600006D11470C3F80411C3F800421C60F3E7E7
:102B7000127812B940F20D11CAE7C3F80411054BDF
:102B80004FF00072C3F80425E6E700BF4F42002073
:102B900000F0004000F00140084B1A784AB10849A3
:102BA000084AC1F808250022C1F89825C1F89C25DB
:102BB0001A7000225A709A70704700BF4F4200206E
:102BC00000F001400000020208B50A4B1B7823B94F
:102BD00040F276213C20F9F74FFF074BD3F8042150
:102BE00012B940F27721F5E7D3F80004003818BF96
:102BF000012008BD4F42002000F00040164B1B781A
:102C000070B523B940F287213C20F9F735FF134C0A
:102C1000D4F80431BBB90223C4F80433104B114E6D
:102C20001D691A6942F0100205F010051A61D4F806
:102C300004314BB125B90A4A136923F0100313611B
:102C40000223C4F8083370BD4FF40043C6F8803146
:102C500009F0BEFCEBE700BF4F42002000F000404F
:102C600000ED00E000E100E0014B01229A607047B6
:102C700000F0004008B50B4B4FF40042C3F8802031
:102C8000BFF34F8FBFF36F8F074B0022C3F80025B0
:102C9000C3F80025FFF780FF044B4FF40002C3F890
:102CA000082508BD00E100E000F0004000F0014010
:102CB00038B5144C0023C4F80035C4F80035054677
:102CC000FFF76AFF104B4FF40002012DC3F80825EF
:102CD00003D0022D08D085B938BD0223C4F80035D1
:102CE0000A4BC4F81435F7E70321C4F80015074967
:102CF000C4F81415C3F80425EEE782213D20F9F746
:102D0000BBFE00BF00F0004000F001405442002034
:102D1000024B00221A809A701A717047604300209B
:102D200038B5144D95F841200346084622B940F6BF
:102D30004F013E20F9F7A0FE6BB9012AEC6B95F824
:102D4000401005D100F05CFE2044AB6AC01A38BDCB
:102D500009F00DFAF8E7012B0AD1012AEC6B95F87E
:102D6000401002D100F03EFEEEE709F00BFAEBE76F
:102D70000020EAE76043002008B5094B012883F8EA
:102D80002000084B06D0022808D040F675513E209E
:102D9000F9F772FE0322C3F8102508BD0422FAE7F2
:102DA000604300200010004008B5144B93F84D30EC
:102DB000D90721D59A0711D5114BD3F8002242F03B
:102DC0000102C3F80022D3F8503503F0F603022BBA
:102DD00012D140F20D613E20F9F74EFE5B070BD594
:102DE000084B094AC3F8AC25A3F5B833D3F84031F2
:102DF00013B140F21461EEE708BD00BF604300204C
:102E00000010004000F001400810004007B50B4AD8
:102E100001AB92F9212000F037FE9DF9040000F08B
:102E2000D9FD9DF8050000F0A3FE20B140F2DE516F
:102E30003E20F9F721FE03B05DF804FB604300205B
:102E400008B503460F4863B92831C1600E4900F048
:102E500077FE0130012814D940F235713E20F9F790
:102E60000BFE012B0AD12931C160074900F06EFE2B
:102E70000130012805D940F23F71EFE740F243717C
:102E8000ECE708BDE82000206441050008B50C4BC4
:102E90009B78012B09D100F05FFE013001280ED98B
:102EA0004FF40A613E20F9F7E7FD022B07D100F04D
:102EB00059FE0130012802D940F6A601F2E708BD0B
:102EC00060430020044B03441A7E044BC3F80825DA
:102ED000C3F85405704700BF64410500001000406E
:102EE00038B50D460446FFF747FF2846FFF7EAFFCF
:102EF00029462046FFF78AFF04F0FEFA90B10A49FE
:102F00004FF08053D1F88825D3F82033022C0CBF22
:102F1000C3F30663C3F3062322F4FE4242EA03230B
:102F2000C1F8883538BD00BF0010004010B50C4610
:102F3000FFF722FF2046FFF7C5FF0E4B5A78012A04
:102F400003D1D8782146FFF761FF0B4CD4F800324B
:102F500043F48873C4F8003204F0CEFA40B904F0A8
:102F6000DBFA28B9D4F8683543F4C023C4F86835CF
:102F700010BD00BF6043002000100040F8B53A4C7F
:102F80000D461646074600284ED1104694F82210EA
:102F9000FFF7A6FF22780123A3709A42334B4FEA32
:102FA00046061E4430D1B6F840304FF47A7203F52D
:102FB000FA73B3FBF2F3ED1AA16A2D4A2D4E2E4B94
:102FC0000D44C6F84055C2F8A835636C43F400239D
:102FD00063644FF40023C2F804352378002B3AD100
:102FE00094F84D3043F0020384F84D300124FFF78C
:102FF000DBFEF464D6F84C359D4233D93846294679
:10300000FFF71EFF2046F8BDB6F846304FF47A7140
:1030100003F5FA73B3FBF1F3ED1A002ACCD1144B8C
:10302000164AC3F8AC25C7E701280FD194F822103F
:103030001046FFF77BFF0223A3702378012BBBD040
:10304000293D002BB8D10A4B0D4AEAE74FF4FB614A
:103050003E20F9F711FD012BC8D194F84D3043F013
:103060000403C1E70020CEE760430020644105006F
:1030700000F001400080004040810040001000400E
:103080000410004010B560220021194804F0F2FB42
:10309000FFF73EFE04F0E6F960B124221548FF2157
:1030A00004F0E8FB4FF080430022C3F8082EC3F879
:1030B000102E10BD04F0E0F90028EED104F0E6F97E
:1030C0000028EAD104F002FA08B14022E6E704F051
:1030D000F3F904460028F8D106483822FF2104F00D
:1030E000C9FB4FF08043C3F8084EC3F8104EE0E729
:1030F00060430020000E0040024B0344187E00F5A0
:103100001660704764410500014B93F8400070471A
:1031100060430020024BD86B9B6AC01A704700BF07
:1031200060430020094A936A906B92F84010C01ADD
:10313000074B03EB8103DA6C9B6D801A03F2F313E8
:103140004FF47A72B3FBF2F3C01A70476043002069
:103150006441050008B5FFF7E5FF034AD2E90C31E9
:10316000C01841F1000108BD6043002008B50F4AB6
:1031700092F84010012906D0022914D04FF42A7188
:103180003E20F9F779FC40F6B830936B926A9B1AAF
:10319000074A02EB8102D26C9B1A4FF47A72B0FBA1
:1031A000F2F0184408BD4FF4FA60EEE760430020E7
:1031B0006441050008B5134B012983F84C0006D083
:1031C00002291BD040F2E6213E20F9F755FC0023EE
:1031D0000D4A43F4801340F0007043F4847340F4CC
:1031E0004030C2F81435C2F81805D2F8503503F053
:1031F000F703032B05D140F2FD21E5E74FF0807383
:10320000E6E708BD604300200010004008B504F068
:1032100073F950B1054AD2F8743723F0807323F064
:10322000010343F08073C2F8743708BD00100040FA
:10323000464B022270B5C3F88020BFF34F8FBFF317
:103240006F8F434C0023C4F8FC3F0123C4F8FC3FBC
:1032500004F062F928B1D4F83C3743F48063C4F831
:103260003C3704F01DF958B1D4F83C3723F0004343
:1032700023F0FF0343F0004343F09603C4F83C37C8
:1032800004F03AF9324C38B1D4F8403723F47F4394
:1032900043F4B053C4F840372E4BC4F8783700F0ED
:1032A00077FC38B14FF08053D3F83033591C18BF36
:1032B000C4F84C374FF01023254C1B6E5A1C09D014
:1032C000D4F88C251B0403F47F0322F47F021343FC
:1032D000C4F88C3540F20313C4F834351E4D40F267
:1032E0005B63C4F838350123C4F8303585F82030E5
:1032F0000323C4F8103540F20123C4F850360226E7
:10330000164BC4F80062187C00F048FC144B154AB8
:10331000C3F804250023A5F84030EB6385F84D3051
:1033200002F046FDC5E90C0102F050FD074BA86212
:103330001022C3F88061C4F804231E602B6E03B111
:103340009847BDE8704000F0EFBB00BF00E100E02F
:10335000001000402C00008960430020E82000207D
:1033600000F001400000020C014B83F8210070477F
:1033700060430020034B020E0002C3F82425C3F86B
:103380001C0570470010004038B5044600680A4D1F
:10339000FFF7F0FF094B6268C3F83C25237A85F8F4
:1033A0002230617AA07AFFF705FF607AFFF7E4FC2C
:1033B000E37A85F8213038BD6043002000100040DA
:1033C000014B83F82200704760430020F8B5244E7B
:1033D00096F84D30DA0705460F4604D44FF4ED61F8
:1033E0003E20F9F749FB1F4CD4F8002243F00203BA
:1033F00042F00102C4F8002286F84D3000BB96F876
:1034000022103846FFF76CFD174A0123B370D364CE
:103410002360154BD3F84C4528462146FFF710FD95
:10342000B06A241ACDB9114901EB47074FF47A71FC
:10343000B7F8460000F5FA70B0FBF1F02044F8BD93
:103440000128E6D196F822103846FFF76FFD0223D7
:10345000B370054BDD646560DBE704F12900EEE73E
:1034600060430020001000400080004064410500DF
:1034700008B5FFF783FD58B9064BC3F84005A3F51F
:10348000E04301221A610220BDE80840FCF7D2BEE9
:1034900008BD00BF00800040244B13B51022244912
:1034A000D3F80443C3F808230222C1F8802121493C
:1034B000C3F80022002281F84D201F49C1F84025A1
:1034C00001F5B8314FF46020C1F80805D3F8501564
:1034D000C9B204F01004D9B1FF218DF80710C3F868
:1034E000102101221A619DF8072012B1D3F8102192
:1034F0003AB19DF807305BB940F68F013E20F9F7ED
:10350000BBFA9DF80720013AD2B28DF80720EAE70E
:10351000FFF7BCFC05490023C1F81031FFF7F8FBA9
:1035200014B11023C1F8043302B010BD00100040E4
:1035300000E100E0604300200080004038B51B4DF2
:103540000024C5F84845C5F84445C5F84045C5F8C8
:103550004C45FFF7A1FF00F0EDFA154B15495A6CE9
:103560005C6442F0446242F40032C1F80825C3E9C9
:103570000E441C76104BC5F848450222C5F8444558
:10358000C5F84045C5F84C45C5F84841C5F8444123
:10359000C5F84041C5F84C41C3F88020BFF34F8FB8
:1035A000BFF36F8FC3F8802138BD00BF008000409B
:1035B0006043002000F0014000E100E0014BC3F84F
:1035C0003C0570470010004010B50FC8014C84E85E
:1035D0000F0010BDC4430020064BC3F80405064B82
:1035E00093F84D20986442F0010283F84D20FFF7D4
:1035F000DBBB00BF001000406043002008B5134B48
:103600009A6A1044DA6B824204D340F606113E20D7
:10361000F9F732FA0E4AD861012119765164D2F8CD
:103620004415884202D840F60F11F0E70021C2F895
:103630004411C2F844055A6C42F480025A64054BA6
:103640004FF48002C3F8042508BD00BF604300208A
:103650000080004000F0014010B50F4C034694F884
:10366000410094F840100222012822764FF0960083
:1036700094F820200CD100F0D1F9084AE061002331
:10368000C2F84431E36BE1690B44C2F8443510BD24
:1036900000F0DEF9F1E700BF604300200080004049
:1036A000044BC3F86005D3F8002242F04002C3F88F
:1036B0000022704700100040054BD3F8002222F092
:1036C0004002C3F800220022C3F86025704700BF03
:1036D00000100040044BD3F8483503F07F035B42F1
:1036E00003700120704700BF0010004008B50D4B6B
:1036F0000246D97008460021197082B901225A7019
:103700009A78022A0DD193F82210FFF77FFB064A20
:10371000D2F8003243F48873C2F8003201E002228A
:103720005A7008BD6043002000100040024B002288
:10373000C3F84025704700BF00800040044B30B5FF
:10374000D3E914459B6DC0E900450B6030BD00BF57
:10375000604300202DE9F843924D934C0123EB6424
:10376000A36AD5F84C7594F84C90FF1A03F09AF8B8
:103770000026C4E91406A765FFF788FB8B4B626C33
:10378000C3F808258A4A6664D2F8003223F48E739F
:1037900023F00103C2F80032237E84F84D6023B188
:1037A000D5F844319B1B18BF0123A178012938D1DA
:1037B000D2F80C31002B0CBF0025082515F00B0F9B
:1037C0007B4B04D1D3F810210AB145F0100500223B
:1037D000C3F80021C3F80C21C3F81021C3F8042159
:1037E000C3F8082105F01803102B03D1012908BFE5
:1037F00045F020056B4B6678D3F84825E263D3F893
:103800004435A36394F8203084F8403084F84110A4
:10381000EEB9FFF77DFA2676EF0761D5636E98471C
:103820008EE0022911D1624AD2F80C01D2F80024AC
:1038300000280CBF00250225D20758BF45F004051B
:10384000002BBBD045F00105B8E70025B6E715F021
:10385000110F21D12379B6F1010818BF4FF00108EB
:10386000012B26781CD0022B2FD09BBB96214046E3
:10387000FFF756FA0146FFF74BFA012E07D13B3707
:103880008F422AD8474B26700022C3F84021E278A5
:103890004046FFF7EDFD01E0FFF7FEFD0026BBE728
:1038A0004448FFF771FD94F8413023B940F25F714D
:1038B0003E20F9F7E1F8012B04D1FFF757FC6169CD
:1038C0000144D8E7FFF72EFCF9E73A48FFF75CFD23
:1038D0006169D0E740F67F21EAE7354B1E619BE73F
:1038E000A80745D503F008FEE8B903F015FED0B9E6
:1038F0002F4BD3F85034D90115D51A0705D013F042
:10390000F00F02D013F4706F0DD1294AC3F30441B4
:103910000129D2F8542406D1012A04D0C3F342531A
:10392000022B7FF67BAFA36C5B784B4588BF45F0DD
:10393000040585F00400A36E3146C0F3800098476B
:10394000A378022B12D1237E83B1022B154A1DD1FD
:10395000E36BE1690B44C2F84435636C43F48003C4
:103960006364124B4FF48002C3F80425BDE8F8836A
:1039700015F0280F06D085F02001E36EC1F3401149
:103980003046DCE7EB06DBD5236F48E7012B02D09E
:1039900040F65F418CE7E369E16B8B42DBD84FF483
:1039A000466185E7008000406043002000F0014050
:1039B0000010004068430020024B03EB8003D86CEA
:1039C000704700BF64410500014B53F82000704769
:1039D000BC410500024BC0B2C3F80C05704700BFE4
:1039E00000100040054B33F8113002384FF47A7262
:1039F00003F2E733B3FBF2F318447047D4410500F8
:103A0000054B33F811304FF47A7203F57A73B3FB38
:103A1000F2F31844704700BFD441050038B51D4685
:103A20000A4B33F8111003EB820305359C682144DF
:103A30004FF47A7301F6B73103FB00141046B4FB60
:103A4000F3F4FFF7B9FF2C44204438BDD4410500FE
:103A500070B5064608461546FFF7B6FF094A02EB61
:103A6000850293684FF47A7203F6B73302FB06338C
:103A70001C1A2846B4FBF2F4FFF79EFF05302044E1
:103A800070BD00BFD44105002DE9F74F244C074617
:103A900098460D46164600F0A3F82378BB428146AF
:103AA00011D16378AB420ED194F90230B3420AD1FE
:103AB000E378834207D1A388A8F8003094F9060080
:103AC00003B0BDE8F08F781EC0B203280ED8DFF82F
:103AD00054C00DF107031CF800003246294600F0DF
:103AE00085F8824638B13D21752002E040F26B41F5
:103AF0000620F8F7C1FF28469DF907B0FFF7FCFA4A
:103B0000534602464146584600F038F8B8F80030AF
:103B1000A071A38027706570A67084F80390CDE72C
:103B200000210020E8410500014B1B685B68184735
:103B300040230020014B1B689B681847402300204E
:103B4000014B1B681B69184740230020014B1B6871
:103B50005B69184740230020014B1B689B6918478D
:103B600040230020014B1B68DB69184740230020DD
:103B7000014B1B68DB6A18474023002010B4034C3C
:103B80002468E468A44610BC604700BF40230020BE
:103B9000014B1878704700BFB048002000220F4941
:103BA00038B50446134644FA02F0C007D5B248BF00
:103BB000581C02F1010244BFCD54C3B2042AF2D111
:103BC000064DC3F10402042BD2B24FF0FF0188BFAF
:103BD0000022E81803F04EFE2C7138BDBC480020CE
:103BE000014B187D704700BFD8430020042810B552
:103BF00011D883B104280CBF10242824A1420AD272
:103C0000064C54F8200018B141568A42A8BF0A4613
:103C10001A70002010BD6FF01500FBE7D84300209C
:103C200030B50346114890F91C209A4219DD90F9ED
:103C300024209A4217DA9A1A846AA05C0C4A155614
:103C40009D420DD00E32002918BF01309442C0B2FF
:103C500006D129B1013BDBB2012B01D80130C0B242
:103C600030BD0D20FCE70020FAE700BFD84300205C
:103C7000EC41050008B5054B93F91C30984203DA76
:103C8000FFF7CEFF024B1B56184608BDD843002055
:103C9000EC41050010B51C4C94F82C3073B901238D
:103CA00084F82C3003F0F2FB48B1184BA362D82300
:103CB000236284F824300823A361237710BD03F026
:103CC000FBFB0028F1D103F001FC0028EDD103F04B
:103CD000BFFB38B10E4BA362D823236284F8243093
:103CE0000423E9E703F0BEFB0028F3D103F0C4FB93
:103CF0000028EFD103F0D4FB0028EBD14FF4DF71A3
:103D0000742003F06BF900BFD84300202742050060
:103D1000FA4105004FF08042012353600023C2F8AE
:103D20000031014A1370704705440020014B012205
:103D30001A707047054400204FF08043D3F80031DB
:103D400023B9034B187800F0010070470120FAE70F
:103D50000544002070B50A4D012604462E70FFF779
:103D6000EBFF30B94FF080436E706C60C3F80463B2
:103D700070BD002CFCD0A04700236B60F8E700BFAB
:103D800008440020024B00221A705A705A60704793
:103D90000844002010B5034C208100F02BFD608109
:103DA00010BD00BF08440020014B9889704700BF38
:103DB00008440020014B1889704700BF08440020C8
:103DC000014B5889704700BF0844002008B509B36B
:103DD000F8B14FF0FF331A46E0FB01320E498A4238
:103DE00004D940F2D3116D2003F0F8F8180D40EA21
:103DF0000230C3F30F134FF22441B0FBF1F203EB97
:103E00000040064B03FB1200B0FBF1F040EA024019
:103E1000013008BD0846FCE73F420F00000024F4D3
:103E200010B5EFF3108472B6064A937B0133DBB210
:103E30009373937B012B01D108F0F1F904B962B6B9
:103E400010BD00BF0844002038B5FFF7E9FFFFF7B9
:103E500073FF094C4FF0804540B108F00AFA012386
:103E60002B610423E3730023237438BD0323E3731E
:103E70000123C5F80433F6E70844002010B5EFF33A
:103E8000108472B6094A937B23B94FF4F8716D2000
:103E900003F0A4F8937B013BDBB29373937B0BB9E4
:103EA000FFF738FF04B962B610BD00BF0844002018
:103EB000024BD87B003818BF01207047084400200F
:103EC00073B51B4D6B7C63B9E86900F0030008F023
:103ED000C0F930B1EFF3108372B6EA7B1AB103B9BF
:103EE00062B602B070BD0122EA7303B962B64FF048
:103EF00080430822C3F808234FF42073ADF806303E
:103F0000BDF80640A4B2631E9BB2ADF80630002C8B
:103F1000F6D14FF080460748C6F80C4108F03AFB4E
:103F200085F82140FFF790FF0823C6F80433D8E74F
:103F300008440020284400202DE9F041384C94F832
:103F40002230002B69D04FF08043D3F80071D3F8B2
:103F5000046157B10122C3F8082363782BB1636869
:103F6000002565700BB1984765604EB14FF08043F6
:103F70000022C3F804210222C3F80823FFF7A0FFA0
:103F80004FF080462748D6F80C8194F82150EDB2C6
:103F900008F004FB20B14FF423716D2003F01EF8EC
:103FA00047B1E37B032B05D10423E37308F061F9E8
:103FB00001233361B8F1000F16D04FF08043002287
:103FC000C3F80C21E37B042B02D040F2AA21E4E7E2
:103FD00003F086FAC0B14FF080430022C3F8342CBE
:103FE0000223E373FFF74AFF4DB1002384F8213029
:103FF000E37B022B01D1FFF727FFFFF73FFFBDE86F
:10400000F041084808F0D9BA03F04AFA0028E2D192
:1040100003F05CFA0028DED1E2E7BDE8F08100BFE2
:10402000084400202844002010B5044CE06900F04A
:10403000030008F00EF90028F8D010BD0844002055
:10404000F8B5054650B10278042A07D8437842B93A
:10405000013B1F2B02D88378212B07D96FF0150065
:1040600077E0002BFAD18378002BF7D1814B012721
:10407000C3F88070BFF34F8FBFF36F8F4FF0804650
:10408000C3F880717C4C4FF0FF33C6F8083300232F
:10409000C6F80031C6F80431C6F80C31A373AB88FA
:1040A000A38108F0C1F808B12770A773D6F80C24D3
:1040B000D6F80C34D20303D5DF0701D5FFF736FE5F
:1040C0004FF4AF60FFF766FE2B78A9786374002287
:1040D000E261A1742274042B4ED8DFE803F00503DB
:1040E0003B494B000123E36108F0A5F800284ED0BE
:1040F00008F0A8F8E36903F00303984247D1AB79CD
:10410000002B3ED1FFF790FFA37C6BB12B785BB9FE
:10411000FFF712FE054603F0E1F86FF00043002DB3
:1041200000F0A580C4E905034FF08043D3F80C24C8
:10413000D3F80C34D20303D5DB0701D5FFF7F6FD26
:104140004C4A01230020E07384F82230C2F8803109
:104150001360F8BDFFF764FE4FF08043D3F80C14F2
:10416000D3F80C24CE03F9D5D007F7D50223BAE74C
:10417000424BB8E7424BB6E74FF47F716D2002F037
:104180002DFF4FF080430222C3F80423BCE74FF019
:1041900080430122DA600022C3F80421E269C3F8F7
:1041A000182503F055F910B34FF080534FF08042BB
:1041B000D3F84432C3F34233C2F83C3503F048F934
:1041C00010B34FF080430122C3F84C254FF08043D9
:1041D00001229A600222C3F80423AA79002A93D10B
:1041E000D3F8042391071CD440F2B331C6E703F09F
:1041F00039F90028D8D103F03FF90028D4D103F0D1
:104200004FF90028D0D1D9E703F02CF90028D8D1F4
:1042100003F032F90028D4D103F042F90028D0D1BC
:10422000D4E7184A1669116941F010011161D3F8F9
:10423000043106F010060BB908F0CCF94FF08047B6
:10424000D7F8043183B1FFF7EFFE26B90D4A1369A1
:1042500023F0100313614FF080430222C3F80823B8
:104260000022C3F804214FE708F0B2F9E8E7C4E9F7
:10427000053059E700E100E0084400200100020099
:104280000100030000ED00E010B50D4C04F120002A
:1042900008F084F948B9E37B022B01D1FFF7D4FD84
:1042A000BDE81040074808F088B9074A012384F8A0
:1042B0002130BDE81040C2F80031FFF7B1BD00BFAA
:1042C000084400202844002000E100E0064B1A7852
:1042D00010B5044632B901221A70FFF7A1FD20463D
:1042E000FFF738FD002010BD2B44002010B5054C11
:1042F00023782BB1FFF746FD00232370FFF7BEFDA7
:10430000002010BD2B440020034610B3007888B96C
:104310001A79012A1ED85A79012A1BD89A680E499F
:10432000643A8A4216D8D8680C4B98422CBF0020B9
:104330000120704701280CD11A79012A09D85A792D
:10434000012A06D8DA680449643A8A4201D8986892
:10435000EAE70020704700BF3C8601000040420FA2
:1043600010B5054C236813B1984700232360BDE8BE
:10437000104001F08FBB00BF2C44002038B504462C
:1043800020B94FF4D5716A2002F028FE90F8285029
:10439000072900F2EC80DFE801F004464676808AC7
:1043A000A39190F82630033B012B02D940F2B511BE
:1043B000E9E7052390F8241080F82630002380F8E0
:1043C000293061BB714B0122C3F84015C3F840117D
:1043D000C3F84415C3F84411C3F84815C3F848118D
:1043E000C3F84C15C3F84C11DA6007F08AFF237844
:1043F000012B0FD101F0DCFCC4E90601236A002186
:10440000284698470146204607F092FF022840F0D0
:10441000B18038BDD4E90423C4E90623EEE7BDE842
:104420003840FFF79DBF90F82630DA1E012A02D9E6
:104430004FF4EB71A7E790F824202AB121462846D3
:10444000BDE8384007F043BF042B0CBF0223012313
:10445000012980F82630036A0AD1052128469847A9
:104460000028D6D00378002BD3D040F2EB118AE796
:104470000621284698470028CBD00378002BC8D0C7
:104480004FF4F8717FE790F82630052B02D040F208
:10449000F71178E7036A0221B2E790F82630052B7E
:1044A00002D040F2FD116EE7036A0121A8E790F8FF
:1044B0002630052BB3D040F2032164E790F8263074
:1044C000052B02D04FF402715DE7036A0A212846EA
:1044D00098470146204607F02BFF40F20B2152E798
:1044E00090F82630052B07D090F825200AB1032B31
:1044F00002D040F20F2146E794F82420002A9DD1F3
:1045000094F8293093B1022384F8263084F82920C6
:10451000236A08212846984700283FF47AAF037899
:10452000002B3FF476AF40F21B212CE794F82520B6
:1045300062B194F8270084F82530214601F03EFD51
:1045400000287FF466AF4FF408711CE7022384F85B
:1045500026300721236A2846984700283FF459AFA0
:104560000378002B3FF455AF40F227210BE74FF4BF
:104570000B7108E720B1012805D1236A04213FE728
:10458000236A03213CE740F23D21FCE60080004025
:104590002DE9F8438846074680B300F037F84FF01E
:1045A000000905465FFA89F6AE420AD2304600F0AD
:1045B00033F890F8264009F10109002CF2D1FF2EC2
:1045C00003D16FF00B00BDE8F883304600F024F80B
:1045D0000546848480F8264080F8286001460A4811
:1045E00001F0A0FB202885F827000AD001232F62C4
:1045F00085F82630204688F80060E4E76FF0150063
:10460000E1E76FF02200DEE77D430100014B1879FE
:10461000704700BF30440020054B1A79824283BFA7
:104620001B6800EB400003EB00100020704700BF48
:104630003044002010B510F003040A460BD107499E
:104640000A71086030B102EB42021201214603F008
:1046500011F9204610BD6FF00D00FBE7304400203B
:1046600043F60952C0F3080302FB03F3400A03F5C3
:10467000807302FB00F000EB5320704743F6095CA7
:10468000C0F3080210B50CFB02F2C0F34E24030E77
:1046900043EA01230CFB04F0090E02F580724FEA95
:1046A000411C00EB52205A01B2EB030E4CEAD36CD2
:1046B0006CEB01044FEA841C4FEA8E12B2EB0E023F
:1046C0004CEA9E6C6CEB040C4FEACC0C4CEA527C2E
:1046D000D200D31841EB0C01DA03C903801841EA78
:1046E000534141F1000110BD430B48F2376C0CFB04
:1046F00003F34FEA134C00B5104B43F6095E0EFB73
:104700001C0000FB03F35B0D0EFB03FE03EB4C23CD
:104710000EF5745C0CF1080CB0EB5C2F08D80EF5AC
:10472000807EA0EB5E20C0B20B6010705DF804FBD1
:10473000013300200B6010705DF804FB6F0C01006A
:10474000F8B5274DA94246D8264E274F450F45EAD2
:10475000C105A6FB0514C0F34F31A40B01EB0541C5
:1047600007FB1411A6FB0151890B41EA04411F4CC0
:1047700004FB110448F2376C600B0CFB00F04FEAAD
:10478000104C43F6095E1A480EFB1C4505FB00F071
:10479000400D0EFB00FE00EB4C200EF5745C0CF19E
:1047A000080CB5EB5C2F12D80EF5807EA5EB5E2EC3
:1047B0005FFA8EFE069D85F800E00D0628184FEA88
:1047C000112141F10001186059601460F8BD0130F9
:1047D0004FF0000EEEE796219B2002F0FFFB00BF9A
:1047E000FF7F841E83DE1B43000024F40080841EB0
:1047F0006F0C0100420B48F2376303FB02F2120C0C
:1048000043F6095C074B0CFB120101FB0333013B30
:104810005B0D0CFB03FC5002B1EB5C2F88BF013039
:10482000184470476F0C01001F2810B59FBF054B3F
:10483000182460431C189DBF19506260012000209D
:1048400010BD00BF3844002008B5064B93F8002384
:10485000202A03D12D21022002F0C0FB83F8280377
:1048600008BD00BF3844002008B5064B93F800236C
:10487000202A03D13321022002F0B0FB93F8260353
:1048800008BD00BF3844002010B5094A92F8003333
:10489000202B03D13E21022002F0A0FB18214B4324
:1048A000D018BDE81040D35840680321184700BF16
:1048B000384400200C4B0D491B78012B14BF4FF4DA
:1048C000E0224FF4C022C1F8482318BF0023C1F8EA
:1048D0000823074A99000A440021012B42F8041BCF
:1048E00000D170470123F8E77047002000B0004076
:1048F00040B1004070B5EFF3108472B6094A0A4B1C
:104900000025D2F80415D2F804612EB1596801319E
:104910005960C2F80451F4E75B6804B962B6C0E9B3
:10492000001370BD00B0004070470020094BD3F861
:104930000435C01A20F07F4323F001033BB120F07F
:104940007F40B0F5000F8CBF02200020704701208F
:10495000704700BF00B0004008B5124BD3F80425E3
:1049600022F00302C3F80425D3F8082542F003021D
:10497000C3F80825102292FAA2F2B2FA82F2092AAA
:1049800004DD094840F2913102F01EFBC3F8102506
:104990000122DA60054B4FF48072C3F880211A605F
:1049A00008BD00BF00800040700D060000E100E07F
:1049B000114B4FF40062C3F88020BFF34F8FBFF359
:1049C0006F8FC3F880210D4B01225A609A60D3F893
:1049D0000425002AFBD10A49C3F808134FF4E0214B
:1049E000C3F84813C3F84021C3F84421C3F8482151
:1049F000C3F80421704700BF00E100E000B00040B0
:104A0000020007000D4B4FF48072C3F88020BFF303
:104A10004F8FBFF36F8FC3F88021094B01214FF0F7
:104A2000FF325960C3F808230022C3F84025C3F8B9
:104A300040211961034B1A72704700BF00E100E08A
:104A400000800040704700202448FF2310B54FF03D
:104A5000FF32002443724FF0FF33C0E90423047097
:104A60004460FFF7CFFFFFF7A3FF1D4A1D4BC2F8BD
:104A700000424FF40061196080691B4930B901237D
:104A80000B60194B0222C3F8042310BD174B184CBE
:104A9000C3F8A845C3F8AC05C3F85C194FF400216E
:104AA000C3F804150521C2F8401501211160D2F8A0
:104AB00040110029FBD04FF40021C3F80815012153
:104AC0005160D1600021C2F84011C2F84015C3F80E
:104AD000A815C3F8AC15C3F8AC15D2E77047002091
:104AE0000080004000E100E000B0004000F0014024
:104AF00040810040014BD3E904017047704700201A
:104B0000014BD3F80405704700B0004013B5684668
:104B1000FFF7F0FEDDE90004FFF7A2FD024B0021E4
:104B2000E4FB030102B010BD0080841EB1F1FF3F21
:104B300008BFB0F1FF3F2DE9F041404C05460E465D
:104B400038D13F4DD5F800317BB33E4E3E4BC6F8D1
:104B500008354FF00008FFF7ADFE84F80980FFF735
:104B600051FFFFF7F9FE394BC5F80081384FC6F801
:104B7000A8354FF40023C6F8AC75C6F8043507F025
:104B8000FBFCD5F800312BB10123C5F800817B6017
:104B9000FB60F4E7013041F100010223C4E90401A4
:104BA0002370FF236370BDE8F08107F0E5FCC51CAE
:104BB00041F10006D4E90473B34208BFAF42F2D01A
:104BC000204B214AC3F80825FFF774FE1C4A4FF416
:104BD000803125F07F480023C2F808134046C2F810
:104BE0004813C2F84031FFF7A1FE20B14FF43F71E6
:104BF0006C2002F0F3F9C2F84085C2F84413237820
:104C0000012B06D127F07F473846FFF78FFE01289A
:104C1000FAD000236372FFF7F5FEFFF79DFE094A05
:104C200001234FF000412370C2F804150422627082
:104C3000034AC4E90456C2F84833B4E77047002079
:104C400000B0004000F001400000088000B10040CA
:104C50000080004037B540B1041FE4B2022C13D9E4
:104C600040F295316C2002F0B9F9214B4FF48032BB
:104C7000C3F80823C3F84005C3F84001D3F8403116
:104C80000093009B03B030BD1A4D2B7893B16A7826
:104C900082420FD1184A1949C2F80815012B01D1D7
:104CA000FFF7B0FE00232B704FF0FF324FF0FF33C1
:104CB000C5E90423124A4FF48033A340C2F80833F5
:104CC000C2F8483304F5A87352F82300FFF72EFE0C
:104CD000012818BF0B4B22B24FEA84041CBF0021ED
:104CE0001951084B53F822300193019BCAE700BFCA
:104CF000008000407047002000F001400000088064
:104D000000B0004040B1004070B52C4B30B1041FE2
:104D1000E4B2022C2AD94FF454710BE0D3E9040118
:104D2000B1F1FF3F08BFB0F1FF3F06D11B7A23B9B5
:104D30004FF44A716C2002F051F912B94FF44B71E3
:104D4000F8E71F4B4FF480310120C3F80413C3F878
:104D500040255864D3F8441500248A42C3F84445DA
:104D600003D82046FFF776FF204670BD197829B199
:104D70005B78834202D14FF45371DBE7114B124E43
:104D800022F07F41A20013444FF48035A540002259
:104D9000C6F808530846C6F848531A60FFF7C6FD20
:104DA00048B904F5A874012046F82410C6F8045345
:104DB000C6F84453D9E71046D7E700BF7047002034
:104DC0000080004040B1004000B0004008B5FFF74F
:104DD00071FD054B4FF0FF32C3F808230022C3F8E2
:104DE0004025C3F8402108BD0080004008B50122DD
:104DF000084B10B1C3F8442308BDC3F84823FFF79C
:104E000001FE054B4FF0FF3118704FF0FF30C3E942
:104E10000401F1E700B0004070470020F8B5164DDE
:104E2000164E00244FF48037D5F8043307FA04F205
:104E30001A4212D056F824307BB1002346F82430B1
:104E400004F5A87355F82300FFF770FD28B1201D65
:104E5000C5F80823C0B201F007FC0134032CE3D1EC
:104E6000054BD3F8042132B10022C3F80421044ACF
:104E7000536801335360F8BD00B0004040B10040BA
:104E80007047002010B51C4C637AFF2B2DD023787F
:104E900083B10122022B227221D1184B4FF4002240
:104EA000C3F80825002323704FF0FF324FF0FF3383
:104EB000C4E90423124BD3F80423D2031BD5D3F83F
:104EC0004021C2B14FF480320020C3F80823C3F858
:104ED0004001FF236372BDE8104001F0C5BB02230F
:104EE00060782370FFF7B6FEE4E7054BD3F8043390
:104EF0000BB10720EFE710BD7047002000F0014024
:104F0000008000402DE9F04F93B01C460492CDE99B
:104F10000201FFF7EFFD182301910646B84908206A
:104F200004EB440213FB0404631801EBC2020832D1
:104F300065581F7BD3F8048093F80D9005970FCA2E
:104F40000CAC25F07F4A84E80F005046FFF788FB41
:104F5000AC4B7C1C9842044400F288819C4200F3D4
:104F60009380002C55DBFEF7E7FEB9F1010F834675
:104F700008D0A54FD7E90223B3F1FF3F08BFB2F134
:104F8000FF3F4BD007F096F9019B0690B3F1FF3F2E
:104F900008BFB6F1FF3F03D0B54278EB030378D2E8
:104FA000029B0322EB1A934269DBBBF1000F00F076
:104FB000E88000230793029BB5EB030B039B68EB90
:104FC000030707F077F90930C217834577EB02032F
:104FD00080F0DB80049B012B00F0E180079B002B1D
:104FE0005AD1019BB3F1FF3F08BFB6F1FF3F53D049
:104FF000721B63EB0803042A73F1000180F228811D
:10500000012A73F100033ADADDF81CB026F07F4A7A
:1050100052E004F1F45404F59024A4E70028B1D13F
:1050200007F048F9019B0690B3F1FF3F08BFB6F1C6
:10503000FF3F00F0A380B54278EB0303C0F09E80F1
:105040003B7C002B069B14BF00221A463346EB1A0A
:105050009A4214DC01230793D7E90232B2F1FF3FF1
:1050600008BFB3F1FF3FA6D00699EB1A68EB020226
:105070008B4272F100039ED2B9F1010F9BD0002444
:10508000204613B0BDE8F08F04F1614404F5F70445
:1050900069E73346002285E728464146FFF746FD8B
:1050A0004FF0000BB8F1FF3F08BFB5F1FF3F00F034
:1050B000E2802E46CDF804805046FFF7D1FA534BDC
:1050C000221A9A420DD3001B98427CD34D4B9A4230
:1050D00000F2B380984240F2D880C0F1614202F5FC
:1050E000F702D3170020FFF70FFE04460028C6D0B2
:1050F000454FB9F1010FD7E9022366D0BBF1000F8C
:1051000040F08880B3F1FF3F08BFB2F1FF3F00F0ED
:10511000A6800120FFF76AFE3B7C002B40F09280C6
:105120006A1E68F100030620FFF7EEFD002842D05A
:10513000B9694FF0804200230B60C2F80835059B27
:105140008DF83C3000238DF8403008934FF0FF324B
:105150004FF0FF33CDE90C58CDE90A238DF83D908F
:1051600008AE0FCE2A4D0FC50FCE0FC596E803002F
:1051700085E80300204613B0BDE8F08F029BC21CF7
:1051800065E7214FCDF81CB066E7B9F1010B284661
:10519000414618BF4FF0010BFFF7C8FC82E7019BA7
:1051A000B3F1FF3F08BFB6F1FF3F73D026F07F4A4F
:1051B0004FF0000B80E7BA694FF080410123C1F83E
:1051C00008351360BBE742428BE7B3F1FF3F08BFEE
:1051D000B2F1FF3F24D1BBF1000F9DD0069BF21A24
:1051E000019B4FF0050063F10003FFF78DFD0028E0
:1051F00046D03B7C002B93D101233B7490E700BF4A
:1052000038440020FF7F841E904700200040420F5A
:1052100040470020B3F1FF3F08BFB2F1FF3FDDD0B0
:1052200007F03EF84FF0FF324FF0FF33C7E902239B
:10523000BBF1000F3FF470AFD0E702F1F45202F57A
:1052400090224EE70520FFF705FD00233B7467E73A
:1052500028464146DDF81CB0FFF768FC22E707F05E
:105260001DF807F089F9C7E9020152E740F20F4142
:10527000702001F0B3FE40F21B71702001F0AEFE11
:1052800040F22121702001F0A9FE40F2D47170207B
:1052900001F0A4FE40F27F61702001F09FFE00BF8C
:1052A0002DE9F04F8D4F7C7C04EB44033B4483B0ED
:1052B0005D78202D48D08A4BE6B26400002B00F0C8
:1052C0008980884BDFF82092002B5FD005EB4612D7
:1052D00007EB420A4FEA46189AF81C30013BDBB252
:1052E000052B34D8814A12F803B0BBF1080F2ED039
:1052F000AFF30080EFF3108372B634443C449AF865
:105300001D206270A278AA4204BF2022A27013B9A5
:10531000AFF3008062B6A84405EB450509EBC50272
:1053200007EB4808506859F835300122594688F88B
:105330001C2098477C7C04EB44033B44E6B25D7838
:10534000202D4FEA4404C1D103B0BDE8F08F40F2F4
:105350004A61702001F042FE62B6A84405EB4505A3
:1053600009EBC50207EB4808506859F835300122AF
:10537000594688F81C2098477C7C04EB44033B4446
:10538000E6B25D78202D4FEA4404DDD005EB4612ED
:1053900007EB420A4FEA46189AF81C30013BDBB291
:1053A000052BD4D8514A12F803B0BBF1080FCED068
:1053B000AFF30080EFF3108372B634443C449AF8A4
:1053C0001D206270A278954204BF2022A270002B9B
:1053D000C3D1C1E7434BDFF814B1DFF80CA14FF0A4
:1053E0002009002B4FD005EB461207EB42024FEA93
:1053F0004618137F013BDBB2052BA8D81BF803101E
:105400000829A4D0EFF3108372B634443C44527F91
:105410006270A278954208BF84F80290002B52D0A7
:10542000A84407EB480805EB45050AEBC5025AF806
:1054300035305068012288F81C2098477C7C04EBAA
:1054400044033B44E6B25D78202D4FEA4404CAD1C0
:105450007AE762B6A84405EB45050AEBC50207EBFF
:10546000480850685AF83530012288F81C209847BF
:105470007C7C04EB44033B44E6B25D78202D4FEA8C
:1054800044043FF461AF05EB461207EB42024FEADA
:105490004618137F013BDBB2052B3FF658AF1BF8D4
:1054A000031008293FF453AFEFF3108372B634446E
:1054B0003C44527F6270A278954208BF84F8029003
:1054C000002BC7D1C5E70191AFF3008062B6A844B5
:1054D000019905EB450507EB4808A6E79047002032
:1054E0000000000000000000384400205842050081
:1054F0002DE9F04F85B0DFF80C81019301EB4103FA
:105500004FF0200C18F8034003916445924682F84E
:1055100000C073D04B01DFF8F09006469B4610E0C8
:10552000727B012A02D0427D012A57D00BEB040383
:1055300008EB43038AF800405B7F202BA4465DD034
:105540001C4604EB440009EBC000D0E90323876844
:105550003568716813EB070E42F10002754571EB77
:1055600002024FEA4403DBD21D46019B83F800C0D0
:10557000039B4FEA431B281909EBC0003768B36847
:10558000D0F808A07268C168DB1942F100029A45A0
:1055900071EB020310D3437D012B02D0737B012BEF
:1055A00003D0012005B0BDE8F08F06F083FEAAEB22
:1055B000070701308742F4DA019A254409EBC50553
:1055C0001470A97DB27B0BEB0403914208EB4303FB
:1055D00010D95C7F202CE4D06500CCE7029306F064
:1055E00069FEED1B01308542A0DA029B9AF800C0EB
:1055F0001D46BAE7002005B0BDE8F08F019B1C7086
:10560000CFE700BF90470020384400202DE9F04F3D
:1056100083B00C4615461E469DF83070FFF7EAF839
:1056200022686368451946F10006954276EB03034C
:1056300042D3DFF88C8005E05D4576EB09033BD370
:10564000C4E900B90DF107030DF106023946204601
:10565000FFF74EFF88BB9DF8073003EB430308EBD1
:10566000C303D3E902A01A691AF1030B40F1000049
:1056700012EB0B0B627B40F10009012ADCD05B7D51
:10568000012BD9D106F016FEABEB0A0301308342A1
:10569000D2DA9DF8073003EB430308EBC303D3E9E9
:1056A00002B906F007FE013010EB0B0B49EBE07975
:1056B0005D4576EB0903C3D2002003B0BDE8F08F4F
:1056C000384400202DE9F04715461C4612782F7A01
:1056D00095F809C088B00023E360C4E90033A773DC
:1056E0009DF8408084F80DC00646A360E2730F4623
:1056F000002A3AD1FEF7C2FFD5E9042C3C4BC3186F
:1057000041F1000E9A427CEB0E030AD3013E47F1B1
:10571000FF37C4E900674FF47A73A36008B0BDE8AF
:10572000F087263041F1000182427CEB0103EDD38A
:10573000501E04F10C036CF10001009304AA06ABA7
:10574000FEF7FEFF049B686802330DF10F0205A906
:105750001844FEF7C9FFDDE9053207999B1A23F0CB
:105760007F43C4E90021A360D8E7224804F10C027A
:1057700006A9FEF7B9FF204B1B78202B24D01F4928
:105780000B69D1E90521083342F1000A13EB010945
:105790004AF1000A6B68207B1844023005AA04F124
:1057A0000801C4E9009AFEF79FFF2869CDF8008040
:1057B00032463B462146FFF729FF0028AED1C4E917
:1057C000006708B0BDE8F087637B16F1080947F170
:1057D000000A012BDED0FEF7AFFA0028DAD106F07E
:1057E00069FD10EB090399464AF1000AD2E700BFB0
:1057F0000040420FFF7F841E3847002040470020B2
:105800002DE9F04700EB4003344DDFF8D480EC5C29
:1058100006464700FFF774F94FF0200C4FEA461E8A
:1058200004EB440108EBC1010EEB0403D1F808A01E
:105830000A69AAEB000929F07F49B9F5000F05EBC9
:1058400043030DD812EB0A02121A22F07F42B2F57E
:10585000000F05D8BCF1200F0AD12046BDE8F08723
:105860005B7F202BA4461C46DAD1BCF1200FF4D07C
:105870000CEB4613BA1905EB430315F802805B7F66
:10588000AB54710144464FF0040E0B1905EB430372
:1058900022469445204683F81CE05C7FF5D1BB1975
:1058A0002B440A4493F802E0BEF1200F5FFA8EFC0D
:1058B00018BF8C443E4418BF05EB4C0C05EB42026C
:1058C000354408BF83F801804FF0200318BF8CF8DF
:1058D0001D80A87053772046BDE8F08790470020D0
:1058E000384400202DE9F04101EB41034A4DEE5CC4
:1058F000202E82B00C4680464FEA410740D1474BEC
:105900000BB1AFF3008006F037FEAB7C0191202B8A
:105910000AD0434BD3E904E210F1020C41F1000339
:10592000E64572EB030330D3202E0AD042463346BD
:10593000FFF7E8FA00283DD00220AE7402B0BDE8BF
:10594000F081D5E90223B3F1FF3F08BFB2F1FF3F79
:105950001FD12B7C43BB0420FFF77CF9FFF736FAFD
:105960000020FFF743FAA9694FF080422020A87475
:10597000002301200B60C2F8083502B0BDE8F081B9
:105980000846FFF73DFF8642B9D0002002B0BDE8CF
:10599000F08106F085FC4FF0FF334FF0FF32C5E990
:1059A00002232B7C002BD6D00520FFF753F90023D0
:1059B0002B74D0E73A1906EB441305EB430315F8B3
:1059C00002C05B7FAB5461016246042013468A1813
:1059D00005EB42029E421077527FF7D13A192A44D2
:1059E0003C449678F0B2202E18BF4018194418BFD6
:1059F00005EB400005EB4101254418BF80F81DC0B0
:105A0000AB704FF000004FF0200308BF82F801C0D8
:105A10004B7702B0BDE8F081904700200000000005
:105A20004047002038B5164A164D4FF0FF304FF072
:105A3000FF310023C2E90201C5E90201202142F23F
:105A40002000A970136082F82030A9741C462880B9
:105A50006B742B7405F11C0202F814300134202CF5
:105A6000FAD1094801F078FC084B094A1C70107003
:105A700001F062FDA861FEF7E7FF0123EB7438BD7A
:105A80004047002090470020A152010038470020E5
:105A9000684700202DE9F04F83B006F06DFDDFF878
:105AA000688206460C46FFF791F94FF0FF334FF03E
:105AB000FF32C8E9022398F82030D3B9D8F8103063
:105AC000D8F81820D8F814109048023341F100019A
:105AD0009B1802F5DF62A0FB02024FEA922241F11D
:105AE00000019B1841F100019E4274EB010380F01C
:105AF000FB804FF0FF304FF0FF31FFF717F8844A7B
:105B000092F800B0BBF1200F00F0E980814D202316
:105B10001370AB746B7C0022C8F8002003EB4302C7
:105B20005FFA83F9AF5C5B00202F00930AD0DFF8A7
:105B3000E8A107EB47030AEBC3037A00D97D0129EB
:105B400000F0A880009BDFF8D4A103EB09062E44E7
:105B50004FEA49173478202C04D04846FFF750FE0E
:105B60008442F7D1BAF1000F01D0AFF3008006F004
:105B700003FDAB7C202B09D0D8E9042310F1020EE1
:105B800041F1000C724573EB0C03E3D3202C34D0AD
:105B900023460122FFF7B6F9002852D0AC7407EB78
:105BA0000B0305EB43031A7F022A1BD1009A4A44D8
:105BB0002A44062119779178CBB220291CBFDB1922
:105BC00005EB43035F4418BF83F81DB0009B08BF7B
:105BD00082F801B04B442B4405EB470783F802B031
:105BE00020237B77FF23AB71009B4B441D446B78D4
:105BF000202B60D103B0BDE8F08FD5E90223B3F1CB
:105C0000FF3F08BFB2F1FF3F07D006F049FB4FF05E
:105C1000FF324FF0FF33C5E902232B7CA3BB0420E6
:105C2000FFF718F8FFF7D2F80020FFF7DFF8A969AF
:105C30004FF0804200232020A8740B60C2F8083582
:105C4000ADE73B1905EB430330785B7F33700246C9
:105C500004211346BA1805EB42029C421177527F89
:105C6000F7D1B178B370CAB220291CBFD21905EBA5
:105C700042023B4405EB430318BF50774FF020022C
:105C800008BF70705A7765E70520FEF7E3FF002331
:105C90002B74C4E75B7D012B14D1033644F100045F
:105CA00017440AEBC70ADAE90223B242A34128BF2C
:105CB000CAE9026446E71A4B187803B0BDE8F04F12
:105CC00001F076BB0192FEF737F8019A0028E4D183
:105CD00006F0F0FA8619019A44F10004E0E740F278
:105CE000B121702001F07AF9094B0B4A1B78182179
:105CF00001FB03F3D01807214068D358984740F2BE
:105D0000A621702001F06AF9404700209300DC9240
:105D10003847002090470020384400200000000051
:105D20006847002038B50C46054606F0C9FA114907
:105D30004B7C01F11C0C5FFA83FE0CEB831C0023EF
:105D400002E00133202B13D01CF81320D8B2002A14
:105D5000F7D1094A03EB4E1E03EB430301EB4E015F
:105D600042F8335002EBC30301220A775C6038BD6E
:105D7000184638BD90470020384400201F2808D816
:105D80000A494B7C00EB431301EB43031A7F012AC2
:105D900001D0002070474B7C00EB431301EB430321
:105DA0004FF0000C104683F81CC07047904700204D
:105DB00010B5054CD4E90401FEF760FC237F0133E4
:105DC000181841F1000110BD40470020014BD3F8E5
:105DD00040057047008000400378002B40F0D780DA
:105DE0002DE9F04F6F4A5368C3F3080389B0814629
:105DF000002B40F0B8806C4E6C4FDFF8B4B106F168
:105E00001C0A27B1002140F23C40AFF30080757CB2
:105E1000EDB24FF00003B37127B1002140F24140D1
:105E2000AFF300800AEB851EBEE80F006C1C04F087
:105E300001080AEB881CACE80F00BEE80F00ACE8D4
:105E40000F00BEE80F00ACE80F009EE80F004446CC
:105E50008CE80F002DB227B100214FF47370AFF31F
:105E6000008005EB450504EB44047319725B9B78D5
:105E700032533444A37057B100214FF47470AFF320
:105E8000008027B1002140F24640AFF3008006F0C9
:105E900073FBCDF8008004AB4A4604460D46FFF77D
:105EA00011FC27B1002140F24D40AFF30080414B7F
:105EB0001B78202B3FD0DBF81030DBF81420DBF808
:105EC0001810083342F100025B1842F10002DDE9CC
:105ED0000401984271EB020CCDF8008022D33648C1
:105EE00022462B4604A9FFF791FB98B1DDE9040196
:105EF000FEF7C4FB9DF81C3001331B1841F1000173
:105F0000C9F81030C9F8141027B100214FF48C6083
:105F1000AFF30080B379002B7FF473AF012009B099
:105F2000BDE8F08FCDE9043204A922462B46224871
:105F3000FFF76CFBDAE79DF81D1014F1080345F13B
:105F400000020129C3D0CDE90232FDF7F5FEDDE9FB
:105F500002320028BBD106F0ADF9029B039AC318A8
:105F600042F10002B3E7103B59B2002911DB01F105
:105F7000604101F5614191F8000340090028CED04D
:105F8000094E0A4FDFF828B006F11C0A39E7002055
:105F9000704703F00F03043B1344187E40090028A8
:105FA000EED1BCE700ED00E09047002000000000CB
:105FB00040470020384700200040420F2DE9F04FB5
:105FC000AC4A53688FB0C3F3080383460491002B97
:105FD00040F0628108230393049B1B78012B00F29D
:105FE0003D82A54E26B1002140F22E50AFF3008035
:105FF0000023A24C05934FF0010926B1002140F285
:106000003B50AFF30080B9F1000F04D19C4B0BB1B2
:10601000AFF3008062B6657CEDB24FF00003A37170
:10602000039B002B40F09880A84626B1002140F247
:106030004F50AFF3008006F09FFA049A00950AAB28
:106040008246FFF73FFB26B1002140F25750AFF3E5
:1060500000800BEB481904EB49094FEA481799F8FF
:106060001C30013B012B75D80A992AF07F4AA1EB1D
:106070000A0222F07F4323F00103002B40F0BD8091
:1060800008EB4802224407EB0B03907804EB430330
:106090000421202819774FEA4803C1B200F0968105
:1060A000394404EB410181F81DB0434423445F446B
:1060B00004EB470783F802B020237B770023059386
:1060C000012726B1002140F25C50AFF300806D4BF8
:1060D0000BB1AFF30080EFF31088C14672B6A3791D
:1060E000002B8AD1684B0BEB4B0C03EBCC0C0AABAF
:1060F0000FCB0CF1080C8CE80F008FB1039B002B29
:1061000000F0EA80059B23B1604B1B78202B00F048
:106110006081637CDB4303F001036374FF23A3719D
:10612000B8F1000F04D1564B0BB1AFF3008062B64B
:1061300026B1002140F29350AFF30080002F4AD1E6
:1061400026B1002140F29F50AFF3008038460FB0D7
:10615000BDE8F08F0027B4E74D4B05F1010A0AF0C6
:10616000010A03EB851E03EB8A1CBEE80F00ACE8B6
:106170000F00BEE80F00ACE80F00BEE80F00ACE86F
:106180000F009EE80F002DB28CE80F00D0460FFAEA
:106190008AF726B100214FF47370AFF3008005EB4E
:1061A000450507EB47076319625B9B78E253274479
:1061B000BB7056B100214FF47470AFF3008026B16C
:1061C000002140F24550AFF30080A379002B7FF40B
:1061D00014AF554629E7637C03EB43031C44637803
:1061E000202BADD026B1002140F29A50AFF30080B1
:1061F000284B187801F0DCF8A2E722F07F42B2F5D4
:10620000000F3FF63DAF0C9B5B18A3EB0A0323F096
:106210007F43B3F5000F3FF633AF0DF127030DF1C8
:10622000260229460AA8FFF763F9059000285AD1EB
:1062300008EB480222440423907889F81C304FEA86
:1062400048032028C1B2434418BFC91923445F44FE
:1062500004EB470718BF04EB410183F802B04FF08D
:10626000200314BF81F81DB082F801B07B770127AD
:1062700027E700BF00ED00E000000000904700208D
:1062800000000000000000003844002038470020D3
:10629000AC47002068470020103B59B20029C0F2EB
:1062A0008D8001F1604101F5614191F800335B0996
:1062B0000393002B7FF490AE704B1B78202B00F0E3
:1062C000D280049B1B780393002B3FF48AAE40F2EC
:1062D0002751702000F082FEFF23A371B8F1000F58
:1062E0007FF426AF1FE79DF826C09DF827E0F44510
:1062F00018D1BCF1200F00F09E8007EB0C0304EBDB
:1063000043035B7F89F81D30BC4404EB4C0C002236
:106310008CF81DB05F4404EB4703059F05920322F0
:106320001A77CEE6BEF1200F00F0A28007EB0E0335
:1063300004EB4303BCF1200F597F00F0878007EB8B
:106340000C0204EB42024FEA4803507F069051775B
:106350004FF0050A3A1804EB420201468E45814689
:1063600082F81CA0507FF5D103EB0802224407916C
:1063700092F802A0BAF1200F5FFA8AFE63D0BE4401
:1063800004EB4E0E069A8EF81D2003EB0802224401
:10639000079982F80290394407EB0B024FF0200E68
:1063A00004EB410104EB4202F44581F81DE0507713
:1063B000AAD14344059A04F803B0ABE703F00F03F6
:1063C000043B13441B7E5B09039372E782F801B020
:1063D0006BE629460220FFF785FA00287FF499AE84
:1063E000637C03EB430020440BEB431204EB4202BB
:1063F00085780421DFB211775A015B00202DE9B2C4
:106400003B4418BF891823445A4418BF04EB410188
:1064100004EB420283F802B04FF0200318BF81F86A
:106420001DB0059F08BF80F801B05377B8F1000F89
:106430007FF47EAE77E608EB4803E35C89F81D3015
:106440004FEA4803B5E7069951709EE708EB48020A
:106450004FEA4803A05C0690A15479E740F22B5123
:10646000702000F0BBFD40F22451702000F0B6FD1A
:1064700040F2CB11702000F0B1FD00BF3847002082
:106480002DE9F84F734CDFF8D08105464FF0010A33
:1064900004F11C0BB8F1000F04D0002140F2B15000
:1064A000AFF30080BAF1000F04D16C4B0BB1AFF326
:1064B000008062B64FF00003A371B8F1000F04D062
:1064C000002140F2B650AFF30080667C0BEB861ED5
:1064D000BEE80F0006F1010909F001070BEB871C6C
:1064E000ACE80F00BEE80F00ACE80F00BEE80F00FC
:1064F000ACE80F009EE80F00B9468CE80F00B8F139
:10650000000F04D000214FF47370AFF3008006EB4E
:10651000460607EB4707A319A25B9B78E253274483
:10652000BB70B8F1000F04D000214FF47470AFF3CA
:106530000080A37903F0FF01002B7CD1B8F1000F9C
:1065400003D04FF4B860AFF3008005EB491304EBC0
:1065500043034FEA49161A7F032A6AD109EB49021D
:10656000A75CBD4271D0202F63D03B4601E0202BB9
:106570005FD0F21804EB42021946537F9D42F6D1D8
:10658000202D56D07319314404EB430304EB410131
:106590005B7F4B77B8F1000F0CD0002140F23E300A
:1065A000AFF30080B8F1000F04D0002140F2C550D5
:1065B000AFF300802E4404EB460601233377B8F195
:1065C000000F04D0002140F2CE50AFF30080244BE6
:1065D0000BB1AFF30080EFF3108A72B6A379002BF2
:1065E0007FF458AFBD4203D11E4B1B78202B1AD02D
:1065F000637CDB4303F001036374FF23A371012475
:10660000BAF1000F04D1154B0BB1AFF3008062B6A5
:10661000B8F1000F04D000214FF4BE60AFF300804A
:106620002046BDE8F88F49460220FFF75BF90028B5
:10663000DED10024E4E7B8F1000F3FF433AF0021CE
:1066400040F2BC50AFF3008024E7202DF1D05B7FF7
:10665000A3549FE7904700200000000000000000C6
:10666000000000003847002070B586B007280DD81C
:10667000DFE800F0310C0C0C0C1D040E5F4B4FF0EA
:1066800080419A690123C1F80835136006B070BDD6
:106690005B4B5C4A1B7803EB430302EBC30052F8ED
:1066A00033304068042106B0BDE870401847534CB1
:1066B000237C002B48D0D4E90223B3F1FF3F08BF6D
:1066C000B2F1FF3F00F084800120FEF78FFB002332
:1066D000237406B070BD494CD4E90223B3F1FF3FE7
:1066E00008BFB2F1FF3F55D0454E0120FEF77EFBBB
:1066F0003378202B55D0444D6A7F012A3BD0FDF7DB
:106700001BFB0346002835D194F89C200132D2B2FD
:10671000312A84F89C206CD84FF47A72307869461C
:10672000CDE90032CDE90233CDE90433FFF746FC71
:10673000002859D095F82040012385F82030FFF734
:10674000A9F985F82040A1E72D4B2E4A1B782E4948
:1067500003EB43034FF0FF344FF0FF35C1E902452F
:1067600002EBC30152F833304868052106B0BDE89A
:10677000704018473378234A03EB430302EBC3000E
:1067800052F833304068002184F89C1006B0BDE810
:106790007040184705F082FD05F0EEFEC4E90201E5
:1067A000A2E7637C03EB4301DAB2635C202B16D0D3
:1067B00003EB421204EB4202507F6054FF21A171AF
:1067C000114D337002211177002285F8202093E7C4
:1067D00005F064FD05F0D0FEC4E9020174E740F263
:1067E0004221702000F0FAFB40F21961702000F0A5
:1067F000F5FB40F21561702000F0F0FB904700209F
:1068000038470020384400204047002070B5224B14
:106810001A78202A86B035D0204CD4E90213B3F17F
:10682000FF3F08BFB1F1FF3F31D11D4E02EB4202E5
:1068300006EBC2060546D6E90201FDF71FFF337DD0
:1068400000225B195241013342F10002181842EB59
:1068500001010DF10B0204AB009203AAFDF770FFDA
:106860009DF80B20DDE904130F2A94BF00220122BA
:10687000521843F100030520C4E90223FEF744FA4D
:1068800006B070BD40F2AF71702000F0A7FB4FF46E
:10689000F661702000F0A2FB38470020404700203E
:1068A00038440020FEF72CB938B5254B93F800E0AA
:1068B000BEF1200F3FD0234D6B7C95F811C003EB48
:1068C00043035FFA8CFCEB5C202B25D01E4C4FEA77
:1068D0004C1C05E0634405EB43035B7F202B1BD07E
:1068E00003EB430204EBC202917D8142F2D80EEB2E
:1068F0004E0E04EBCE04D4E90213206940189168CF
:10690000D26843F10003C41C43F10003A14272EBBF
:10691000030304D2002038BD4FF0FF3038BD0B4BCD
:10692000081A03381C68FDF79BFE04F1320383420A
:10693000F0D8001B38BD40F2E471702000F04EFB2F
:10694000384700209047002038440020404700206E
:106950002DE9F04F8C4B1D7887B0202D019000F071
:106960000D81DFF82892DFF8288299F8113003EBC7
:1069700043030646D8F8000019F80340D8F8103051
:1069800003930DF11302D8F8183002938B4630446C
:1069900005A9FDF7A9FE7F4BA6F132029A426AD8FB
:1069A000DFF8F4A1059BD8F8146005EB45050AEB68
:1069B000C505A8681B182869D8F810501818401B7E
:1069C00020F07F43B3F5000F55D899F81120C8F88F
:1069D0001800202C88F81EB0D2B200F0C2805201FC
:1069E000DC462021934604EB440240190AEBC20224
:1069F00046F1000ED2E90263864273EB0E034FEAC2
:106A0000440746D3537D012B03D098F81D30012B4A
:106A100035D005200091FEF71DF9009999F8110075
:106A20004FF0FF324FF0FF332029C8E90223C0B2F4
:106A300040F0958000EB4000202419F80030524AC5
:106A400099F81110127802EB411209EB42025377C8
:106A5000D8F80030019A1344C8F80030FF2389F8B1
:106A60000630202C35D04D4B187800F0A1FC0020CA
:106A700007B0BDE8F08F012007B0BDE8F08F0091AE
:106A800005F018FC751B013085420099C1DA98F8B1
:106A90001EC027440AEBC707BB7D63450DD90BEB2E
:106AA000040309EB43035B7F202B16D02146D8E972
:106AB0000456D8F818001C4695E7DDE90231D8F8ED
:106AC00010205B189B1A0220C8F8183007B0BDE8E8
:106AD000F08F002007B0BDE8F08F0520FEF7BAF870
:106AE0004FF0FF324FF0FF3399F81100C8E902234D
:106AF000C0B204EB401309EB430346005A7F00EB9E
:106B00004003410119F803A009F803204FF0050CD8
:106B10005346CF1809EB47071A4694421D4687F89B
:106B20001CC07B7FF5D137184F440A4497F802E028
:106B3000BEF1200F5FFA8EFC18BF8C44304418BFA2
:106B400009EB4C0C09EB420248444FF0200114BF02
:106B50008CF81DA087F801A0857051776FE70C466F
:106B6000C7E70520FEF776F899F811004FF0FF32DD
:106B70004FF0FF33C8E90223C0B25BE740F60D01D6
:106B8000702000F02BFA00BF38470020904700200B
:106B900040470020CE3F420F384400206847002085
:106BA0002DE9F84F9A4C637C00EB431304EB43034D
:106BB0001B7F002B00F02781677CDFF85882054699
:106BC000FFB2B8F1000F04D0002140F64C00AFF343
:106BD00000807E0105EB471704EB4707B8F1000F73
:106BE00040F0D980771904EB47073B7F012B08D091
:106BF000043B022B40F2C58005F0EAFC3B7F012BF1
:106C0000F6D1DFF814A24FF0010BB8F1000F04D059
:106C1000002140F66300AFF30080BBF1000F04D108
:106C20007E4B0BB1AFF3008062B64FF00003A3714F
:106C3000B8F1000F04D0002140F66800AFF30080E7
:106C4000667C0AEB861EBEE80F0006F1010909F01A
:106C500001070AEB871CACE80F00BEE80F00ACE8A8
:106C60000F00BEE80F00ACE80F009EE80F00B94629
:106C70008CE80F00B8F1000F04D000214FF47370BE
:106C8000AFF3008006EB460607EB4707A319A25BAC
:106C90009B78E2532744BB70B8F1000F04D0002169
:106CA0004FF47470AFF30080A37903F0FF01002B61
:106CB00040F08580B8F1000F03D040F67200AFF3CA
:106CC000008009EB490323444FEA490B5E78B54243
:106CD00000F08F80202E2CD04FEA491101E0202EA9
:106CE00027D08B1904EB4303324637465E7FB5420B
:106CF000F5D1202D1DD00A44294404EB410104EBB9
:106D000042024B7F5377B8F1000F04D0002140F2CC
:106D10003630AFF300800BEB090323449B789E428F
:106D20005AD0B8F1000F0CD0002140F23E30AFF342
:106D30000080B8F1000F04D0002140F67600AFF3D8
:106D40000080374B0BB1AFF30080EFF310839B460D
:106D500072B6A279002A7FF458AF84F81190FF220E
:106D6000A27123B92D4B0BB1AFF3008062B6B8F11D
:106D7000000F04D0002140F68800AFF30080BDE88A
:106D8000F88F731904EB43030122DFF88CA01A7704
:106D90004FF0010B39E73B7F012B3FF432AF043B4F
:106DA000022B16D9002140F65800AFF3008005F001
:106DB0000FFC002140F65C00AFF300800EE7B8F155
:106DC000000F3FF42AAF002140F66E00AFF30080C1
:106DD0001BE701233B77ECE7B8F1000F04D000215B
:106DE00040F23930AFF300800BEB090323449F706E
:106DF00097E7202D9DD005EB491204EB4202202796
:106E0000527F5A707FE740F64301702000F0E6F8A9
:106E10009047002000000000AC4700200000000068
:106E20000000000070B586B063BB064610460D46F4
:106E3000FDF716FC0DF10B030446009303AA04AB07
:106E400029463046FDF77CFC039A1349A31A8B426E
:106E50000BD3121B8A420ED310498B420DD88A42A3
:106E600015D9C2F1614303F5F7030A9AA2F10F00A5
:106E7000C01A06B070BD5342F7E703F1F45303F5AF
:106E80009023F2E740F68E01702000F0A7F840F260
:106E9000D471702000F0A2F80040420FFF7F841EE2
:106EA000BFF34F8F0549064BCA6802F4E0621343F3
:106EB000CB60BFF34F8F00BFFDE700BF00ED00E0E8
:106EC0000400FA05094B01225A604FF0FF32C3F863
:106ED0000823074B4FF48042C3F88020BFF34F8F45
:106EE000BFF36F8FC3F88021704700BF00E0004000
:106EF00000E100E0094B01225A604FF0FF32C3F875
:106F00000823074B4FF48052C3F88020BFF34F8F04
:106F1000BFF36F8FC3F88021704700BF00C00040EF
:106F200000E100E0084B0022C3F8FC2F0122C3F867
:106F3000FC2F064B0222C3F88020BFF34F8FBFF314
:106F40006F8FC3F8802170470010004000E100E01F
:106F5000F8B51B4E337805460C4617466BBB00F060
:106F60006BFAFCF797FE174B7760002D08BF1D46A4
:106F700028463472FFF7D6FFFFF7BCFFFFF7A2FFEA
:106F800005F09AF90546B0B9FEF74CFD05F096F903
:106F900005F043FA002C0CDB04F01F026409A40086
:106FA00004F1604404F5614401239340C4F8803146
:106FB0002360012333702846F8BD4FF0FF35FAE710
:106FC000304800205E42050008B572B6024B5B688F
:106FD00003B19847FFF764FF304800201FB572B631
:106FE000134B5D688DB9FFF75BFFB2FBF6F2DCB2C5
:106FF0000133002AF9D104F110036B4403F80C2C7F
:107000000A2234B901A8A847EDE7024600230A2660
:10701000EDE7631E04AEDCB256FA83F3B0FBF2F682
:1070200002FB1600303003F80C0C3046E9E700BFD5
:1070300030480020074B93F90830002B09DB5A0930
:10704000012103F01F0301FA03F34032024941F822
:10705000223070473048002000E100E0014B1878F2
:10706000704700BF304800202DE9F84FDFF8C4A07A
:10707000314C324DDFF8C890074601269AF800805F
:107080005FFA88F8FF238AF80030B8F1000F01D0CA
:107090008AF80130EFF3108272B600236660C4F8FC
:1070A0000031C4F80431C4F8047526603AB962B6F8
:1070B00005E0D4F8043133B92B69DB0620D4D4F8C9
:1070C0000031002BF5D0D4F80431002BE2D1B8F117
:1070D000000F13D19AF80130DBB28AF80180032146
:1070E0004FF48042C4F80813C4F80481C4F8008146
:1070F000C9F880218AF80080002BBFD1BDE8F88F45
:107100004FF48043C9F88031EFF3108B72B603233C
:10711000C4F80433D4F8003113B9D4F804311BB1E6
:10712000BBF1000FCBD1C2E705F052FABBF1000F63
:10713000C5D1BCE73C48002000E0004000ED00E085
:1071400000E100E070B51646DA078CB01D468646B1
:107150008C4640F1A280C37B8DF80030837B8DF894
:107160000130437B8DF80230037B8DF80330C37A06
:107170008DF80430837A8DF80530437A8DF8063027
:10718000037A8DF80730C3798DF8083083798DF84C
:10719000093043798DF80A3003798DF80B30C378C4
:1071A0008DF80C30837842788DF80D3003788DF8A7
:1071B0000F308DF80E20CA7B8B7B8DF810208DF858
:1071C00011304A7B0B7B8DF812208DF81330CA7A70
:1071D0008B7A8DF814208DF815304A7A0B7A8DF859
:1071E00016208DF81730CA798B798DF818208DF814
:1071F00019304A790B798DF81A208DF81B30CA782E
:107200008B788DF81C208DF81D304A780B788DF81E
:107210001E208DF81F306C462046FFF725FFAB0778
:1072200031D59DF82F009DF82E109DF82D209DF84A
:107230002C30307071709DF82B009DF82A10B270C0
:10724000F3709DF829209DF82830307171719DF8F8
:1072500027009DF82610B271F3719DF825209DF846
:107260002430307271729DF823009DF82210B272A2
:10727000F3729DF821209DF8203030737173B27342
:10728000F3730CB070BD0DF1200CBCE80F00306042
:107290007160B260F3600CB070BDDEF80410DEF80F
:1072A0000820DEF80C3000686C46A646AEE80F00F9
:1072B000DCF80000DCF80410DCF80820DCF80C3006
:1072C000AEE80F00A8E700BF10B5002482B0CDE9FA
:1072D0000044FFF737FF02B010BD00BF1B4B4FF457
:1072E000805270B5C3F88020BFF34F8FBFF36F8F0C
:1072F000174D184C0021C5F80011C3F880212669EC
:10730000236943F0100323610123C5F8043306F019
:1073100010062B60D5F80031A3B11EB9236923F004
:10732000100323610A4B0122D3F808055A60C3F801
:1073300008230022C3F80021044B4FF48052C3F805
:10734000802170BD05F044F9E4E700BF00E100E0F2
:1073500000C0004000ED00E038B50C4902460520B1
:107360000138C0B2FF2803D148216920FFF736FE5B
:1073700001EBC0031D7905F0FF04002DF0D141F8A9
:10738000302001225C719C711A7138BD4048002088
:10739000042808B503D94F216920FFF71FFE034BCE
:1073A00003EBC0000023037108BD00BF404800206C
:1073B000042808B503D958216920FFF70FFE094BAF
:1073C00003EBC0000379012B01D05921F4E7437985
:1073D00082790133DBB29A4218BF4371BDE808409D
:1073E000FFF728BE4048002070B5124C0625002645
:1073F000013D15F0FF0500D170BD94F8281004EB95
:10740000C1031A79012A09D158799A79904205D095
:107410005A79D2B29A7154F83130984794F828309A
:107420000133DBB2042B94BF84F8283084F8286041
:10743000DEE700BF404800204FF08052034BD2F8F7
:1074400030111960D2F834215A6070476C4800201E
:10745000034B1868A0F10F0358425841704700BF12
:107460006C480020034B1868A0F10A0358425841A9
:10747000704700BF6C480020034B1868A0F10E0352
:1074800058425841704700BF6C480020034B1868B1
:10749000A0F1100358425841704700BF6C480020CB
:1074A000044B1868062803D0431C584258417047C3
:1074B000012070476C480020034B1868A0F10D03B1
:1074C00058425841704700BF6C480020034B186871
:1074D000A0F1080358425841704700BF6C48002093
:1074E00008B5FFF7BFFF20B1024B5868B0FA80F033
:1074F000400908BD6C48002008B5FFF7D1FF38B13E
:10750000044B5868063810F1080F94BF0020012082
:1075100008BD00BF6C48002008B5FFF7C1FF38B1B7
:10752000044B5868063810F1080F8CBF002001206A
:1075300008BD00BF6C48002008B5FFF789FF70B98F
:10754000FFF790FF58B9FFF797FF40B9FFF7A8FF83
:10755000044A054B002808BF1346184608BD024BD5
:10756000FBE700BF00E701400C05004008B5FFF74E
:1075700097FF08B3EFF3108072B6104A13691169D0
:1075800041F010011161A2F5406203F01003D2F83E
:107590000011D2F804210A4300D040BF20BF00BF31
:1075A00000BF00BF00BF23B9044A136923F01003D2
:1075B000136100B962B608BD20BFFCE700ED00E032
:1075C000914270B53BD2B2FA82F33BB1C3F12004D1
:1075D00020FA04F49940214398409A40160CB1FBDC
:1075E000F6FC06FB1C1424041FFA82FE030C85B271
:1075F00004EB10400CFB0EF4844206D9201A904292
:107600008CBF02200120ACEB000C03EB01410CFB12
:107610001211B1FBF6F006FB101105EB014100FB66
:107620000EFE8E454FEA0C4C06D9AEEB010E964588
:107630008CBF02220122801A40EA0C0070BD732127
:107640009620FFF7CBFC00BF2DE9F8431C4652EA19
:10765000040349D0074615460E467CB9914208D32B
:1076600021463046FFF7ACFF04462A46384604FB65
:107670001561FFF7A5FF2146BDE8F883B4FA84F948
:10768000B9F11F0F34DC4FF0010808FA09F2A2FB30
:10769000051320FA08F002FB043226FA08F140EA4A
:1076A000C670FFF78DFFC9F11F03D8404FF00001EE
:1076B00018D0431E8C4661EB010105FB01F203FB70
:1076C000042280461846A5FB033EFB1A724466EB73
:1076D00002061F46AF4276EB040324BF40466146D4
:1076E000BDE8F8838446F5E7CA219620FFF776FCCB
:1076F000E7219620FFF772FC10B5441A94422BD371
:107700004AB34B1CC31A022B31D9531E072B2ED957
:1077100022F003048C4686460C445CF8043B4EF889
:10772000043BA445F9D122F003039A4202F003047A
:1077300000EB030C01EB030E0DD0CA5CC254012C0C
:1077400009D09EF801308CF80130022C03D09EF84D
:1077500002308CF8023010BD002AFCD08B18024495
:1077600013F801CD02F801CD8B42F9D110BD4B1EAB
:107770000244014613F8014F01F8014B9142F9D13F
:1077800010BD00BF81EA00039B072DE9F0415DD1E8
:1077900087075FD0002A57D0034601E0002A53D064
:1077A00011F801CB03F801CB9E0702F1FF32F5D1AE
:1077B000032A28D941EA0305141F6D074FEA940EE6
:1077C0004AD12B2C48D90EF101084FEA580C03EB93
:1077D000CC0CA1F108051C46F5E90267E4E8026754
:1077E0006445F9D118F0010F28F0010403D051F8D5
:1077F000245043F824500EF1010402F0030203EB7D
:10780000840301EB8401FAB1541E022C20D922F02A
:1078100003058C460D449E465CF8044B4EF8044B21
:10782000AC45F9D122F00304A2422344214402F0E2
:10783000030509D00A781A70012D05D04A785A70CC
:10784000022D1CBF8A789A70BDE8F0810346DAE702
:107850001546EFE70346ABE70EF1010701EB87079B
:107860001D1F0C4654F8046B45F8046FBC42F9D157
:10787000C1E700BF2DE9F04184075FFA81FE5FD0C8
:10788000002A59D0034601E0002A55D003F801EB45
:10789000990702F1FF32F7D14EEA0E24032A44EA97
:1078A00004443ED9151FAE08172D06F10106C3F397
:1078B000800147D99846002940D048F8044B771AF0
:1078C00003EB810C79080CEBC101CCE900440CF10D
:1078D000080C6145F9D127F0010C08EB8C016745D4
:1078E000CCEB8C7805EB880517D02F1F032F0C608D
:1078F00013D9A5F10807032F4C600ED9A5F10C0789
:10790000032F8C6009D9A5F11007032FCC6004D98F
:10791000143D032D0C6188BF4C6102F0030203EBA0
:1079200086034AB1013A83F800E005D0012A83F8C2
:1079300001E018BF83F802E0BDE8F0811546BEE71C
:107940000346A9E719461546CFE700BF81F000417D
:1079500002E000BF83F0004330B54FEA41044FEA34
:10796000430594EA050F08BF90EA020F1FBF54EACF
:10797000000C55EA020C7FEA645C7FEA655C00F06B
:10798000E2804FEA5454D4EB5555B8BF6D420CDD3C
:107990002C4480EA020281EA030382EA000083EABF
:1079A000010180EA020281EA0303362D88BF30BD5F
:1079B00011F0004F4FEA01314FF4801C4CEA1131B5
:1079C00002D0404261EB410113F0004F4FEA033314
:1079D0004CEA133302D0524263EB430394EA050F9F
:1079E00000F0A780A4F10104D5F1200E0DDB02FA0E
:1079F0000EFC22FA05F2801841F1000103FA0EF2A2
:107A0000801843FA05F359410EE0A5F120050EF167
:107A1000200E012A03FA0EFC28BF4CF0020C43FA98
:107A200005F3C01851EBE37101F0004507D54FF0A5
:107A3000000EDCF1000C7EEB00006EEB0101B1F5F5
:107A4000801F1BD3B1F5001F0CD349085FEA30003B
:107A50004FEA3C0C04F101044FEA445212F5800F46
:107A600080F09A80BCF1004F08BF5FEA500C50F1E3
:107A7000000041EB045141EA050130BD5FEA4C0CC6
:107A8000404141EB0101013C28BFB1F5801FE9D223
:107A900091F0000F04BF01460020B1FA81F308BF46
:107AA0002033A3F10B03B3F120020CDA0C3208DD12
:107AB00002F1140CC2F10C0201FA0CF021FA02F1ED
:107AC0000CE002F11402D8BFC2F1200C01FA02F15D
:107AD00020FA0CFCDCBF41EA0C019040E41AA2BF82
:107AE00001EB0451294330BD6FEA04041F3C1CDA4A
:107AF0000C340EDC04F11404C4F1200220FA04F06A
:107B000001FA02F340EA030021FA04F345EA030113
:107B100030BDC4F10C04C4F1200220FA02F001FAD5
:107B200004F340EA0300294630BD21FA04F0294657
:107B300030BD94F0000F83F4801306BF81F48011F0
:107B40000134013D4EE77FEA645C18BF7FEA655C63
:107B500029D094EA050F08BF90EA020F05D054EA35
:107B6000000C04BF1946104630BD91EA030F1EBF3A
:107B70000021002030BD5FEA545C05D1400049413E
:107B800028BF41F0004130BD14F580043CBF01F531
:107B9000801130BD01F0004545F0FE4141F4700117
:107BA0004FF0000030BD7FEA645C1ABF19461046F2
:107BB0007FEA655C1CBF0B46024650EA013406BFF3
:107BC00052EA033591EA030F41F4002130BD00BFB2
:107BD00090F0000F04BF0021704730B54FF480646F
:107BE00004F132044FF000054FF0000150E700BFF0
:107BF00090F0000F04BF0021704730B54FF480644F
:107C000004F1320410F0004548BF40424FF000013B
:107C10003EE700BF42004FEAE2014FEA31014FEA7E
:107C200002701FBF12F07F4393F07F4F81F06051CD
:107C3000704732F07F4208BF704793F07F4F04BF18
:107C400041F40021704730B54FF4607401F00045F5
:107C500021F000411CE700BF50EA010208BF704755
:107C600030B54FF000050AE050EA010208BF704746
:107C700030B511F0004502D5404261EB41014FF4AF
:107C8000806404F132045FEA915C3FF4D8AE4FF0B7
:107C900003025FEADC0C18BF03325FEADC0C18BF9A
:107CA000033202EBDC02C2F1200300FA03FC20FAEB
:107CB00002F001FA03FE40EA0E0021FA02F1144438
:107CC000BDE600BF70B54FF0FF0C4CF4E06C1CEA51
:107CD00011541DBF1CEA135594EA0C0F95EA0C0FC2
:107CE00000F0DEF82C4481EA030621EA4C5123EA35
:107CF0004C5350EA013518BF52EA033541F4801164
:107D000043F4801338D0A0FB02CE4FF00005E1FB16
:107D100002E506F00042E0FB03E54FF00006E1FB60
:107D200003569CF0000F18BF4EF0010EA4F1FF04A3
:107D3000B6F5007F64F5407404D25FEA4E0E6D41E3
:107D400046EB060642EAC62141EA55514FEAC520F4
:107D500040EA5E504FEACE2EB4F1FD0C88BFBCF570
:107D6000E06F1ED8BEF1004F08BF5FEA500E50F121
:107D7000000041EB045170BD06F0004646EA0101E7
:107D800040EA020081EA0301B4EB5C04C2BFD4EB19
:107D90000C0541EA045170BD41F480114FF0000E12
:107DA000013C00F3AB8014F1360FDEBF002001F080
:107DB000004170BDC4F10004203C35DA0C341BDCFA
:107DC00004F11404C4F1200500FA05F320FA04F0CC
:107DD00001FA05F240EA020001F0004221F0004100
:107DE00010EBD37021FA04F642EB06015EEA430E73
:107DF00008BF20EAD37070BDC4F10C04C4F12005A3
:107E000000FA04F320FA05F001FA04F240EA020055
:107E100001F0004110EBD37041F100015EEA430E26
:107E200008BF20EAD37070BDC4F1200500FA05F246
:107E30004EEA020E20FA04F301FA05F243EA0203C5
:107E400021FA04F001F0004121FA04F220EA0200D4
:107E500000EBD3705EEA430E08BF20EAD37070BD1A
:107E600094F0000F0FD101F00046400041EB0101FA
:107E700011F4801F08BF013CF7D041EA060195F0DC
:107E8000000F18BF704703F00046520043EB030396
:107E900013F4801F08BF013DF7D043EA0603704783
:107EA00094EA0C0F0CEA135518BF95EA0C0F0CD08E
:107EB00050EA410618BF52EA4306D1D181EA0301D4
:107EC00001F000414FF0000070BD50EA410606BFCE
:107ED0001046194652EA430619D094EA0C0F02D113
:107EE00050EA013613D195EA0C0F05D152EA033658
:107EF0001CBF104619460AD181EA030101F0004176
:107F000041F0FE4141F470014FF0000070BD41F0BE
:107F1000FE4141F4780170BD70B54FF0FF0C4CF498
:107F2000E06C1CEA11541DBF1CEA135594EA0C0FB7
:107F300095EA0C0F00F0A7F8A4EB050481EA030E04
:107F400052EA03354FEA013100F088804FEA0333EB
:107F50004FF0805545EA131343EA12634FEA0222B9
:107F600045EA111545EA10654FEA00260EF000417A
:107F70009D4208BF964244F1FD0404F5407402D2CC
:107F80005B084FEA3202B61A65EB03055B084FEA5D
:107F900032024FF480104FF4002CB6EB020E75EB5A
:107FA000030E22BFB61A754640EA0C005B084FEA82
:107FB0003202B6EB020E75EB030E22BFB61A7546FF
:107FC00040EA5C005B084FEA3202B6EB020E75EB4A
:107FD000030E22BFB61A754640EA9C005B084FEAC2
:107FE0003202B6EB020E75EB030E22BFB61A7546CF
:107FF00040EADC0055EA060E18D04FEA051545EABE
:1080000016754FEA06164FEAC30343EA52734FEA66
:10801000C2025FEA1C1CC0D111F4801F0BD141EADF
:1080200000014FF000004FF0004CB6E711F4801F44
:1080300004BF01430020B4F1FD0C88BFBCF5E06F24
:108040003FF6AFAEB5EB030C04BFB6EB020C5FEA34
:10805000500C50F1000041EB045170BD0EF0004E89
:108060004EEA113114EB5C04C2BFD4EB0C0541EABB
:10807000045170BD41F480114FF0000E013C90E6B8
:1080800045EA060E8DE60CEA135594EA0C0F08BF7C
:1080900095EA0C0F3FF43BAF94EA0C0F0AD150EA7B
:1080A00001347FF434AF95EA0C0F7FF425AF10460E
:1080B00019462CE795EA0C0F06D152EA03353FF436
:1080C000FDAE1046194622E750EA410618BF52EAB3
:1080D00043067FF4C5AE50EA41047FF40DAF52EA87
:1080E00043057FF4EBAE12E74FF0FF3C06E000BF24
:1080F0004FF0010C02E000BF4FF0010C4DF804CD31
:108100004FEA410C7FEA6C5C4FEA430C18BF7FEAF0
:108110006C5C1BD001B050EA410C0CBF52EA430C1E
:1081200091EA030F02BF90EA020F0020704710F19E
:10813000000F91EA030F58BF994208BF90422CBF2D
:10814000D8176FEAE37040F0010070474FEA410C26
:108150007FEA6C5C02D150EA013C07D14FEA430C44
:108160007FEA6C5CD6D152EA033CD3D05DF8040BB5
:10817000704700BF8446104662468C4619466346E7
:1081800000E000BF01B5FFF7B7FF002848BF10F1BE
:10819000000F01BD4DF808EDFFF7F4FF0CBF012003
:1081A00000205DF808FB00BF4DF808EDFFF7EAFF7F
:1081B00034BF012000205DF808FB00BF4DF808ED3A
:1081C000FFF7E0FF94BF012000205DF808FB00BF2F
:1081D0004DF808EDFFF7CEFF94BF012000205DF8B9
:1081E00008FB00BF4DF808EDFFF7C4FF34BF0120C6
:1081F00000205DF808FB00BF4FEA4102B2F1E04306
:1082000024BFB3F5001CDCF1FE5C0DD901F0004C7D
:108210004FEAC0024CEA5070B2F1004F40EB8300CD
:1082200008BF20F00100704711F0804F21D113F1F9
:108230003872BCBF01F00040704741F480114FEA32
:108240005252C2F11802C2F1200C10FA0CF320FABB
:1082500002F018BF40F001004FEAC1234FEAD323D8
:1082600003FA0CFC40EA0C0023FA02F34FEA430342
:10827000CCE77FEA625307D150EA01331EBF4FF0CB
:10828000FE4040F44000704701F0004040F0FE40E6
:1082900040F40000704700BF80F0004002E000BFE3
:1082A00081F0004142001FBF5FEA410392EA030FE1
:1082B0007FEA226C7FEA236C6AD04FEA1262D2EB2B
:1082C0001363C1BFD218414048404140B8BF5B4230
:1082D000192B88BF704710F0004F40F4000020F0C9
:1082E0007F4018BF404211F0004F41F4000121F0DF
:1082F0007F4118BF494292EA030F3FD0A2F1010229
:1083000041FA03FC10EB0C00C3F1200301FA03F166
:1083100000F0004302D5494260EB4000B0F5000F89
:1083200013D3B0F1807F06D340084FEA310102F148
:108330000102FE2A51D2B1F1004F40EBC25008BFFA
:1083400020F0010040EA03007047490040EB0000C4
:10835000013A28BFB0F5000FEDD2B0FA80FCACF1C5
:10836000080CB2EB0C0200FA0CF0AABF00EBC250F2
:1083700052421843BCBFD0401843704792F0000FE0
:1083800081F4000106BF80F400000132013BB5E733
:108390004FEA41037FEA226C18BF7FEA236C21D0A9
:1083A00092EA030F04D092F0000F08BF084670470E
:1083B00090EA010F1CBF0020704712F07F4F04D1DC
:1083C000400028BF40F00040704712F100723CBFEF
:1083D00000F50000704700F0004343F0FE4040F419
:1083E000000070477FEA226216BF08467FEA2363D7
:1083F0000146420206BF5FEA412390EA010F40F4C2
:10840000800070474FF0000304E000BF10F000430D
:1084100048BF40425FEA000C08BF704743F09643F4
:1084200001464FF000001CE050EA010208BF70470F
:108430004FF000030AE000BF50EA010208BF704796
:1084400011F0004302D5404261EB41015FEA010CAB
:1084500002BF84460146002043F0B64308BFA3F1A3
:108460008053A3F50003BCFA8CF2083AA3EBC25385
:1084700010DB01FA02FC634400FA02FCC2F12002A4
:10848000BCF1004F20FA02F243EB020008BF20F0DB
:108490000100704702F1200201FA02FCC2F1200241
:1084A00050EA4C0021FA02F243EB020008BF20EA36
:1084B000DC7070474FF0FF0C1CEAD0521EBF1CEA64
:1084C000D15392EA0C0F93EA0C0F6FD01A4480EA52
:1084D000010C400218BF5FEA41211ED04FF000633B
:1084E00043EA501043EA5111A0FB01310CF0004067
:1084F000B1F5000F3EBF490041EAD3715B0040EA8D
:10850000010062F17F02FD2A1DD8B3F1004F40EB5C
:10851000C25008BF20F00100704790F0000F0CF02F
:10852000004C08BF49024CEA502040EA51207F3AF3
:10853000C2BFD2F1FF0340EAC250704740F40000CE
:108540004FF00003013A5DDC12F1190FDCBF00F0BF
:1085500000407047C2F10002410021FA02F1C2F16D
:10856000200200FA02FC5FEA310040F1000053EA09
:108570004C0308BF20EADC70704792F0000F00F057
:10858000004C02BF400010F4000F013AF9D040EA5D
:108590000C0093F0000F01F0004C02BF490011F4F1
:1085A000000F013BF9D041EA0C018FE70CEAD153EF
:1085B00092EA0C0F18BF93EA0C0F0AD030F0004C6F
:1085C00018BF31F0004CD8D180EA010000F0004023
:1085D000704790F0000F17BF90F0004F084691F0E1
:1085E000000F91F0004F14D092EA0C0F01D142021B
:1085F0000FD193EA0C0F03D14B0218BF084608D1E4
:1086000080EA010000F0004040F0FE4040F400002D
:10861000704740F0FE4040F4400070474FF0FF0CC0
:108620001CEAD0521EBF1CEAD15392EA0C0F93EA07
:108630000C0F69D0A2EB030280EA010C49024FEA59
:10864000402037D04FF0805343EA111143EA101312
:108650000CF000408B4238BF5B0042F17D024FF4CA
:10866000000C8B4224BF5B1A40EA0C00B3EB510FA5
:1086700024BFA3EB510340EA5C00B3EB910F24BF8E
:10868000A3EB910340EA9C00B3EBD10F24BFA3EB13
:10869000D10340EADC001B0118BF5FEA1C1CE0D1DB
:1086A000FD2A3FF650AF8B4240EBC25008BF20F08E
:1086B000010070470CF0004C4CEA50207F32C2BFE2
:1086C000D2F1FF0340EAC250704740F400004FF07F
:1086D0000003013A37E792F0000F00F0004C02BFB0
:1086E000400010F4000F013AF9D040EA0C0093F07A
:1086F000000F01F0004C02BF490011F4000F013BD4
:10870000F9D041EA0C0195E70CEAD15392EA0C0F3B
:1087100008D142027FF47DAF93EA0C0F7FF470AF73
:10872000084676E793EA0C0F04D14B023FF44CAFB6
:1087300008466EE730F0004C18BF31F0004CCAD14B
:1087400030F000427FF45CAF31F000437FF43CAF87
:108750005FE700BF4FF0FF3C06E000BF4FF0010CA9
:1087600002E000BF4FF0010C4DF804CD4FEA40028B
:108770004FEA41037FEA226C18BF7FEA236C11D0D5
:1087800001B052EA530C18BF90EA010F58BFB2EB88
:10879000030088BFC81738BF6FEAE17018BF40F008
:1087A000010070477FEA226C02D15FEA402C05D1BC
:1087B0007FEA236CE4D15FEA412CE1D05DF8040B41
:1087C000704700BF844608466146FFE70FB5FFF7D4
:1087D000C9FF002848BF10F1000F0FBD4DF808ED8C
:1087E000FFF7F4FF0CBF012000205DF808FB00BF7D
:1087F0004DF808EDFFF7EAFF34BF012000205DF8D7
:1088000008FB00BF4DF808EDFFF7E0FF94BF012023
:1088100000205DF808FB00BF4DF808EDFFF7D2FF20
:1088200094BF012000205DF808FB00BF4DF808ED63
:10883000FFF7C8FF34BF012000205DF808FB00BF30
:108840004FEA4002B2F1FE4F0FD34FF09E03B3EB5D
:1088500012620DD94FEA002343F0004310F0004F9D
:1088600023FA02F018BF404270474FF000007047F3
:1088700012F1610F01D1420205D110F0004008BF92
:108880006FF0004070474FF00000704742000ED27A
:10889000B2F1FE4F0BD34FF09E03B3EB126209D43B
:1088A0004FEA002343F0004323FA02F070474FF0F1
:1088B0000000704712F1610F01D1420202D14FF066
:1088C000FF3070474FF00000704700BF7BB972B9AE
:1088D0000029BEBF00204FF0004106E008BF00287D
:1088E0001CBF6FF000414FF0FF3000F057B8ADF102
:1088F000080C6DE904CE002909DB002B1ADB03F01C
:10890000A8FEDDF804E0DDE9022304B07047404230
:1089100061EB4101002B1BDB03F09BFEDDF804E063
:10892000DDE9022304B0404261EB4101524263EBB6
:1089300043037047524263EB430303F08AFEDDF8C2
:1089400004E0DDE9022304B0404261EB41017047DD
:10895000524263EB430303F07CFEDDF804E0DDE903
:10896000022304B0524263EB4303704753B94AB940
:10897000002908BF00281CBF4FF0FF314FF0FF3027
:1089800000F00CB8ADF1080C6DE904CE03F061FE07
:10899000DDF804E0DDE9022304B07047704700BF52
:1089A0001FB5014601A800F006F801A802F098FCE6
:1089B00005B05DF804FB0B88C3F30B0383804B8881
:1089C000C380002242724B78C3F30113012B02D003
:1089D000022B18BF1346043103720160704710B5B3
:1089E0008B880370437803F0F00343708A88C2F3E6
:1089F000032213434370CA888270CA8803F0CF03EE
:108A0000120A4370C2700A7A120102F03002134354
:108A100003F03F0343704A7A43EA821343700C46E3
:108A200009680430814205D0E288FB2A28BFFB2276
:108A3000FEF7A8FEE0880430C0B210BD10B48B88E9
:108A40000370437803F0F00343700A468988C1F34A
:108A500003210B434370D1888170C17801F0C001BC
:108A6000C170D488C4F30524214303F0CF034370BD
:108A7000C170147A240104F03004234303F0BF03CF
:108A80004370547A43EA841301F03F0103F07F03FB
:108A90004370C17011680430814203D0D28810BC89
:108AA000FEF770BE10BC704770B50B78192B0546E9
:108AB0000C461ED82BB3013B182B22D8DFE813F04D
:108AC0003A003E002100B100B700BD00C300C9005C
:108AD000CD00CF00DF00E50024002100210042008E
:108AE000D300D900E900EF00F500FB000101070108
:108AF0000D01822B4FF0FF0200F0F580832B00F078
:108B0000F68040F2322112E00E23B1F803200B7000
:108B100042F283039A4209D10623637066780236D3
:108B2000324621462846FEF72DFE51E03121C7206E
:108B3000F3F7A2FF0C230B700823EEE71A230B7048
:108B40000123EAE72920F4F7E9F930B13E23237045
:108B5000222363702923A370E0E70A20F4F7DEF9EB
:108B60003E2305F1080204F108012B7090B30A239B
:108B7000AB70E378EB70A3882B71A3881B0A6B7131
:108B8000A379AB71E379EB71A368AB608B889380B9
:108B9000D4F80E30C5F80E30638A6B8263696B615E
:108BA000238B2B83638BAB76638B1B0AEB76A38BB8
:108BB0002B77A38B1B0A6B77E38BAB77E38B1B0ABB
:108BC000EB7794F8203085F820301F266E7002363F
:108BD000304670BD0123AB70E378EB70A3882B7136
:108BE000A3881B0A6B71A379AB71E37903F00103CE
:108BF000EB71A368AB608B889380638BAB73638BE3
:108C00001B0AEB73A38B2B74A38B1B0A6B74E38B74
:108C1000AB74E38B1B0AEB7494F820302B7513268E
:108C2000D4E73E230B7004234B70142393E73E23B9
:108C30000B700C234B7004238DE73E230B700A232B
:108C40004B70032387E73E230B700D234B700523E6
:108C500081E70523237004235FE70823FAE7302325
:108C60000B70032359E73E230B700B234B70072334
:108C700071E73E230B7006234B700C236BE7132325
:108C80000B708B789B00013347E757230B7002234F
:108C900043E73E230B7006234B7012235BE73E2312
:108CA0000B7009234B70132355E73E230B700523EC
:108CB0004B7020234FE73E230B7009234B70212379
:108CC00049E7FF230B700B234B70A22343E7FF23DD
:108CD0000B7005234B70A3233DE7FF230B700D237F
:108CE0004B70802337E70A700D22627033E70A70F9
:108CF0000222FAE708B510B1FFF752FE10B96FF083
:108D0000150008BD0020FCE710B50C4648B141B184
:108D1000F4F758F80028207014BF00206FF02200EC
:108D200010BD6FF01500FBE708B5F4F7D5F800208B
:108D300008BD01F0EEB908B5F4F7E0F8002008BD71
:108D400001F0D3BC01F0E1BC034602221A709A7014
:108D50002D225A7179229A716FF05E02DA716FF0EA
:108D600037021A726A225A72402200209A726FF0F9
:108D700048025870D8701871DA72704701F019BA49
:108D800038B54FF080530446D3F8A020D3F8A41090
:108D9000013106D1D3F8A8304FF6FF719BB28B4258
:108DA0003ED0D3073CD54FF08055D5F8A420D5F858
:108DB000A830A4F80530C3F3072363F03F03C4F8D9
:108DC0000120A371D5F89030013323D0D5F8943029
:108DD00001331FD0D5F8983001331BD0D5F89C3023
:108DE000013317D00020F6F7FBFB98B9D5F89000B7
:108DF000D5F89410D5F89820D5F89C30C4F81330E5
:108E0000C4F80700C4F80B10C4F80F200123237026
:108E1000002038BD10220021E01DFEF72BFDF5E7F4
:108E20000023F4E770B54FF080551022002104466E
:108E3000D5F8A060FEF71EFD10220021A018FEF755
:108E400019FDD5F8803001330BD1D5F884300133CA
:108E500007D1D5F88830013303D1D5F88C300133F0
:108E60000BD0D5F88000D5F88410D5F88820D5F837
:108E70008C30E36120616161A2610020F6F7B0FBF4
:108E800008B9F3071DD44FF08053D3F89020013276
:108E90000BD1D3F89420013207D1D3F898200132B6
:108EA00003D1D3F89C2001320BD0D3F89000D3F833
:108EB0009410D3F89820D3F89C30E3602060616070
:108EC000A260002070BD10B50446FEF707FAB0F5A9
:108ED000007F09DA10F5007F08DD031EB8BF0333F9
:108EE0009B102370002010BD7F23FAE76FF07E03F4
:108EF000F7E7012070470120704701F066BC007859
:108F0000003818BF012001F066BAF6F79FB98178E2
:108F1000008801F025BC01F041BC37B505460C4680
:108F200000880DF1060101F05BFA2B882380BDF863
:108F30000630638003B030BDF6F790B901F060BC35
:108F400001F0D1B801F02AB908B5F3F7DFFF00202E
:108F500008BDF5F76FBF01F041B9F6F7FDB801F0B4
:108F600009B901F060BB01F02ABB01F071BB01F04F
:108F700013B801F018B801F064B801F076B801F048
:108F80003EB901F03ABA01F000B901F0BCB803886B
:108F90000B8001F08FBB03880B8001F099BB01F0BF
:108FA00055B9F5F79DBFF5F783BF01F00AB801F099
:108FB0002BB801F086B801F092B801F072B801F058
:108FC00067B801F071B901F09AB9F5F793BF01F0F4
:108FD000D7B901F0BEB801F077B901F0FFBBF5F7E2
:108FE00033BFF5F7B5BFF8B5941C0C446343B3F534
:108FF000004FA8BF4FF0FF330E4610F003010546A7
:1090000017469CB203D0AD211420F3F735FDB4F51B
:10901000004F01D9AE21F7E710220430FEF72AFCF9
:10902000EF746C802E80F8BD70B50688C588038902
:109030008E42C5F30E02C3F30E0403D2CF211420D7
:10904000F3F71AFD5D40C5F30E030BB92D0409D4E7
:10905000A24209D2C37CA41A0233E41AA14203DD5E
:1090600000238374184604E0143201238152837470
:10907000104470BD023101444A43B2F5004FA8BF0D
:109080004FF0FF3290B2173020F00300B0F5004FE0
:1090900034BF00B24FF0FF3070474088173020F0E7
:1090A0000300B0F5004F34BF00B24FF0FF3080B284
:1090B000704738B503888B4204D240F20711142060
:1090C000F3F7DAFC857C65B1C388C3F30E03143370
:1090D000C25A8A4207D3C152811DF3F743FF0023CE
:1090E0008374284638BD0025FBE70346F0B59C880D
:1090F000A5B2C4F30E06DC88AC4200F1140002D124
:109100000020D881F0BD5F89DC7C855B3C44023463
:109110003444ED1B20440C88ADB2AC4288BF0D80B6
:109120005C89B4FA84F4640914700A88DA81E9E786
:10913000F8B58288C389002604460D4692B20E60B7
:10914000CBB1C2F30E024189143287180B44825A04
:109150009BB29342438104D94FF4AA711420F3F7D0
:109160008BFC04D1011DF3F7FDFE46812F60002327
:10917000E3810120F8BD1846FCE770B5044604F110
:109180001406A38822899BB29A420846C2F30E05B0
:109190000DD021B1A91CE27C3144FEF7F3FA04F1B1
:1091A00008012046755BF3F7DDFE284670BD0025FB
:1091B000FBE78388C0889BB2C31A58425841704766
:1091C000828873B5C48895B2AC42C2F30E0202F134
:1091D000140212D04189C689835A314499420EDB68
:1091E0000DF10601ADF80650F3F7BCFEBDF8060020
:1091F000001B18BF012002B070BD0020FBE701205A
:10920000F9E770B50589C488C4F30E066C40C5F350
:109210000E02C4F30E050346143025B9240402D50A
:109220000020188270BDB2421C8806D9DD7C921BDA
:109230000235521B9442A8BF14469D890DB1825B32
:10924000A41AA142ECDCDA7C1982023235442A44A9
:109250001044E7E738B5038ACBB18B4217D3C388F4
:109260008489C3F30E031433C5180CB9C4546C704D
:109270000C448481C45A2144C15222B1811DF3F7A8
:1092800071FE0023838100230382012038BD00206A
:10929000FCE78388C2889BB29A4206D0428922B9F1
:1092A000C3F30E0314331844704700207047C37C87
:1092B000088802330B44136070470230704738B59A
:1092C0008388C2889BB29A4209D043893BB9C58939
:1092D0003DB9011DF3F746FEC581012038BD0020D0
:1092E000FCE71846FAE703881380C388C3F30E032C
:1092F000143303440B60808970470368002223B94C
:10930000C0E90132031D0360704759681B680A44B5
:10931000F5E7072938B5034604D84FF4EC7115205A
:10932000F3F7AAFB0068A8B1D0E900248C4212D060
:109330002AB901F10805AC4204D210460AE00346FE
:109340001046F1E742501A6845181268641A6C60BA
:1093500042501D6038BD1A60FCE70023C1E90032AD
:1093600003680B600160704730B590B18478B1FB41
:10937000F4F304FB131300EB430252898A4201D138
:10938000D8B230BDC27822B900F10A03D0B284420B
:1093900001D8FF20F5E733F8025BA94202F1010290
:1093A000F4D1EEE78278038805324B4303EB4203A6
:1093B0001844704713B50023CDE9003304468DF8F7
:1093C00006006846F3F7ACFF08B102B010BDBDF867
:1093D00004002146F3F780FF0028F2D040F2152167
:1093E0001720F3F749FB70B50D4609211E46FFF71C
:1093F00041FE3246044609212846FFF73BFE002C79
:1094000003DB002801DB204470BD4FF0FF30FBE799
:10941000012303707047F8B5054608460028114639
:109420001E4614BF00240224FF23AB702B191B7DA2
:10943000012B04D001342B191B7D012B19D105EB15
:1094400044073B8B3A8C9819904204DD2C44002051
:1094500038832075F8BD05EB8404324660681844F3
:10946000FEF790F93A8B16443E830023AB7001203F
:10947000F0E70020EEE7002910B514BF0023022317
:10948000FF218170C1180C7D012C07D10C3320F80D
:10949000132002230B750023837010BD0133C11804
:1094A0000C7D012CF2D04FF48C710920F3F7E4FA13
:1094B00030B50246837803F0FF00F3B9137D022B29
:1094C00019D0537D022B19D10346012089B1D5183B
:1094D0000C3300242C7522F81340131803241C7538
:1094E00002EB80035B680B6000F10C0332F8133071
:1094F0008B80012002E00123E8E7002030BD30B579
:109500008378E3B9837D022B17D0C47D022C16D15A
:10951000032381B105190C3400222A7520F8142088
:10952000C2180324147500EB83020C33526830F820
:1095300013300A608B80012002E00324E9E7002059
:1095400030BD037D012B01D1008B7047437D012B82
:109550000CBF408B00207047837D012B01D1808B95
:109560007047C37D012B0CBFC08B00207047038B5D
:1095700023B9408B003818BF012070470120704785
:10958000838B23B9C08B003818BF0120704701209E
:109590007047027D022A01D1008B7047437D022B68
:1095A00001D1408B7047032AF6D0032BF9D000205D
:1095B0007047827D022A01D1808B7047C37D022BC8
:1095C00001D1C08B7047032AF6D0032BF9D00020BD
:1095D0007047F4F70BB8012808B506D0022806D06A
:1095E00040F22B410620F3F747FA002008BD012086
:1095F000FCE7F4F747B870B50D460646FAF7E4F90C
:1096000004463046FAF7D8F9743504F52343284464
:109610004FF47A72A133B3FBF2F3184470BD10B566
:10962000044690F86900FAF7CFF900F55F4141313F
:109630004FF47A70B1FBF0F1204601F58771BDE877
:10964000104001F066BF7FB5044618B9A62130204E
:10965000F3F712FA072900F2FB80DFE811F00800A7
:109660003E003E003900F900E500ED00F70090F8FB
:1096700008321BB3B0F80632B0F88820934217D1F5
:10968000B0F8BC21A0F88820D31AA0F8BE31D4E9E4
:1096900088232046C4E98A23F9F708F894F8C331EF
:1096A000002B00F0AC8004B0BDE8704002F031BD8A
:1096B0009A1AA0F8BE21A4F88830E8E7B0F804327E
:1096C000B0F888209B1AA0F8BE31B0F80432F2E757
:1096D00004B0BDE87040FAF73DB802F04BFFD4E9A2
:1096E0008A23801A61EB0301012871F1000302DA79
:1096F00040F20661ABE76FF0010383424FF00003D5
:109700008B4102DA40F20761A1E7A3690BB1B0FB1C
:10971000F3F394F88F10B4F806220D2934D10132F6
:10972000A4F80622B4F84232B4F888500133A4F801
:109730004232B4F8C4301D44B4F8C230013DED1AD1
:10974000ADB202AEB4F806126B1A1B0436D594F80B
:1097500092300394002B0CBF3E23082384F8B130D1
:10976000304601238DF80830F6F7A6FF204602F0B8
:10977000D2FC002384F8F43194F80B02FCF7FEFAD3
:10978000202384F80B323AE0B4F888100B449BB2E3
:10979000D11A090454BF531C01339BB2A4F80632FA
:1097A00094F80932002BBDD1B4F8BC31B4F80622CC
:1097B000934204BF0133A4F80632B3E700230096B6
:1097C0001A462046F4F7C0FCB8B1012812D1B4F80B
:1097D0000622B4F8B811BDF808301344521A120426
:1097E0009BB204D5EA1A12F4004F18BF0B46A4F836
:1097F0000632A7E740F2546129E7236F0BB904B0A2
:1098000070BDB4F8BE10B4F806325B1A1BB2002B60
:10981000F5DDB4F874201344013BB3FBF2F313FB02
:109820000213A4F8BE30EAE70120FBF70DF804B0FC
:10983000BDE87040FFF7DDBE90F8F431042B01D095
:10984000C52104E7002380F8F431D8E7CB21FEE6F8
:10985000CF21FCE613B5002380F8F431A0F84032A4
:109860001A46009319460446F4F76EFC20B140F204
:10987000F3113020F3F700F9012284F8F421C4F841
:10988000F001C4F8E801A4F80602A4F8040284F880
:109890000902B4F88820A4F84202013AA4F888200A
:1098A00002B010BD70B5044690F8203103F0FF01FE
:1098B000E3B9D0E946526FF000439A4208BFB5F1D0
:1098C000FF3F01D1002070BDD0E9445602F0C0F93D
:1098D000D4E94632DB305B1B62EB06021B1A62F1F5
:1098E0000002002AEEDA2046F7F770FF0120EAE7CF
:1098F000F8B5044618B9D7213020F3F7BDF8072989
:1099000000F2AA80DFE801F0043E3E3AA82E9EA6AF
:10991000F7F754FFD4F80401CB38FCF777FF10B900
:1099200040F25121E8E7204602F06EFA0546F0B910
:109930000146204602F08CF900F1DB06D4F8040160
:10994000B04209D2301A322838BF32200321FCF746
:10995000FFFF051E18BF0125C4F80461204602F070
:109960006DFA35B12046BDE8F84002F068BA00252E
:10997000F4E7D4E94423C4E93C23F8BDBDE8F8404A
:10998000F9F7E8BE02F06FF9002384F8003184F89B
:109990000931D4F8D43005460E46EBB150EA010344
:1099A0001AD00721A5FB012301FB0633D4E93C10A3
:1099B000521843EB0003D4E9440182428B410BD29D
:1099C000012304F5807784F808313846FCF704FA5F
:1099D00020B940F292618FE70223F2E72046FFF7B9
:1099E00061FF034694F8D00033B93946FCF7E6FA34
:1099F00038B940F296617FE7FCF7C0F9002384F89C
:109A0000F830D4E94401D4E93A32834272EB0107D9
:109A1000B3D255EA0607B0D0C01A61EB0201334653
:109A20002A46FDF711FE05FB01F300FB0633A5FBFB
:109A300000500344D4E93A02451943EB0203C4E958
:109A40003A539AE790F8D000FCF798F9002384F88D
:109A5000F83092E7F4214FE7F8214DE7D0F8D40031
:109A6000704710B5044690F8F830EBB1FF2380F84A
:109A70002031012102F0E5F994F8F830A3B194F80F
:109A8000D000FCF7FDFC94F8D000FDF789F894F8BD
:109A9000D000FCF773F920B940F2DF113020F2F763
:109AA000EBFF002384F8F830002010BD10B590F8CB
:109AB000202142B990F8D82042B1D0E937319942FB
:109AC00002D9F7F783FE0022104610BD0122FBE702
:109AD00008B540F28D2101F024FD40F6480398427C
:109AE00028BF184680B208BD7FB5044690F8C33140
:109AF00003F0FF05002B45D190F8F431032B41D141
:109B000002F038FDD4E98A23801A61EB03010128B1
:109B100071F1000336DB6FF00103834275EB010343
:109B200004DA40F2AF513020F2F7A6FFA269B4F890
:109B300088300AB1B0FBF2F2013313449BB2A4F8AF
:109B40000432B4F80422B4F8BC319B1A1BB2002BC7
:109B500018DD94F80B02FCF793FC98B1FF2384F80E
:109B60000932B4F8C430B4F888501D44B4F8C23097
:109B7000013DED1AADB20DF10E06B4F80432EB1A48
:109B80001B0401D504B070BDB4F804120096002384
:109B9000012289B22046F4F7D7FA0028F2D0012832
:109BA00009D1B4F80432BDF80E2012FA83F39BB247
:109BB000A4F80432E1E740F2F651B4E7F8B5044600
:109BC00021B1012930D040F29F712AE0C68C36B114
:109BD000F6F7D8FBE58CB0FBF5F606FB150620463C
:109BE000D4E93A5702F03FF82D1847EB0101002362
:109BF000AD1941F1000184F800310223C4E9445158
:109C0000C4E93A51A4F808312046FFF74BFE70B979
:109C100094F8D00004F58071FCF7D0F938B940F21F
:109C2000E9613020F2F728FF002380F8D830F9F7F7
:109C300085FCBDE8F840FBF72DBF90F8F800003830
:109C400018BF0120704713B50023CDE9003301236D
:109C50008DF806306846F3F763FB08B100200AE090
:109C6000009C2046FFF7E9FF0028F3D0204601F0D2
:109C7000FDFF0028EED002B010BD07B50023CDE9EE
:109C8000003301238DF806306846F3F749FB08B12D
:109C9000002004E00098FFF7D0FF0028F4D003B0C4
:109CA0005DF804FBFFF7E9BF07B5002340F6881213
:109CB00001A9F9F763FF03B05DF804FB10B5044692
:109CC00038B1F5F77FFB34EA00030CBF0120002018
:109CD00010BD0120FCE738B5054601F0B4FFF0B136
:109CE0002846FFF7AAFF08B9002038BD2846FFF72D
:109CF000B5FE04462846FFF7B4FE054688B9002C99
:109D0000F2D02088F5F7C8FB20882946F3F7E4FA5B
:109D10000028E9D041F6C9113920F2F7ADFE422002
:109D2000E3E70C20E1E72DE9F843B0F85A60B0F81A
:109D30005C50804630300F46FFF7CAFE02210446D1
:109D400001F04BF802218146204601F046F84E45CD
:109D500028BF4E46B6B21B2E38BF1B26FB2E28BF8F
:109D6000FB26854228BF0546ADB21B2D38BF1B25FB
:109D7000FB2DB8F800303B8028BFFB25B4F5A47F4D
:109D800038BF4FF4A47440F648039C4228BF1C46D9
:109D90007E80FD80BC803C81BDE8F8832DE9F041E8
:109DA00086B0054601A9008800F0CDFF04460028D2
:109DB00073D1029A92F85631003B18BF01238DF8F7
:109DC0000230D2F8803099064ABF9DF8023003462F
:109DD00083F0010303F001038DF8033092F8E230C1
:109DE0009B0603D49DF80330002B5CD0EB881B3B13
:109DF0009BB2E02B59D82989A1F5A4739BB244F2F8
:109E00004810834251D86B881B3B9BB2E02B4CD847
:109E1000AA88A2F5A4739BB2834246D840F64807AD
:109E2000B94244D8BA4242D8029E4FF0FF0886F8A1
:109E30002B819DF80230A3BB03A93046FFF773FFC7
:109E40006A88BDF81230E888934228BF1346A6F806
:109E50003031BDF81430AA88BB4228BF3B461946B2
:109E6000BDF80E30834228BF0346A6F82C31BDF85A
:109E700010302889BB4228BF3B46834228BF034697
:109E80008A42A6F82E31134628BF0B46A6F8323177
:109E900086F82A81002386F82B31204606B0BDE8DB
:109EA000F0813A24F6E71A24F7E71224F5E71124A3
:109EB000F3E710B5F4F778FE044601F0A1FF40B9CE
:109EC000204601F099FF80F00100C0B200F00100CF
:109ED00010BD0020FAE72DE9FF41074688460088BB
:109EE00002A900F030FF054618BB039C94F86931C5
:109EF00003F0FF051BB1B8F1020518BF012594F866
:109F00008F30222B94F8E33043EAD3030CBFC5F122
:109F10000102002203F00103134333D0BE7816B9C7
:109F2000F5F750FA0646F87870BBF5F74BFA26B904
:109F30000925284604B0BDE8F0810028F8D0FF23A9
:109F400084F83531E5B994F8343103F0FF05BBB935
:109F500084F8370184F8348184F836613B797A7962
:109F60008DF8050043EA022301A920468DF804601C
:109F7000ADF8063000F055FF002384F83531D8E7FE
:109F80003A25F9E71A25D4E7002ED8D1D0E708B54D
:109F9000F5F7F2F9002008BD10B50446F6F722FEE9
:109FA0002070002010BD10B5FFF74DFE044630B9FB
:109FB000F6F712FE2046F5F791FC204610BD0C2066
:109FC000FCE710B50378012B044601D9122010BD1F
:109FD000FFF768FE58B9207810F0FD000DD104F1AC
:109FE0001703E21D611CBDE81040F5F77DBCF5F7D5
:109FF0000FFD0028EFD00C20E9E7A37903F0C003A0
:10A00000C02BE3D10120EAE710B50378012B044609
:10A010000DD8FFF747FE60B9214611F8013B13F058
:10A02000FD0F14BF0120002000F06AFE38B9122095
:10A0300010BDF5F7EDFC0028EED00C20F8E700206D
:10A04000F6E710B50446FFF7FEFD50B92078012869
:10A0500009D8611CF6F7CCFD002814BF00200720AA
:10A0600010BD0C20FCE71220FAE738B50546FFF7D3
:10A07000EAFD044640B92878012803D8691CF6F7A0
:10A08000E7FD18B9122038BD0C20FCE72046FAE79E
:10A0900008B50088F5F7C2FC00280CBF302000206E
:10A0A00008BD38B50546FFF7FDFD044638B92878E8
:10A0B000003818BF0120F5F7A5FC204638BD0C205C
:10A0C000FCE708B5FFF7EEFD18B9F5F78BFC0020AB
:10A0D00008BDF5F79DFC0028F7D00C20F8E7082311
:10A0E00003700020704710B503460E2404706B21E6
:10A0F00010220020DC70592459709A701C7158711C
:10A100009971DA7110BD08B50821F2F74DFE0020F3
:10A1100008BD73B506460C460088694600F013FE7C
:10A120000546A0B9B3786BB9019B93F86C30A37066
:10A13000338894F902002380F5F7EAFDA0702846E1
:10A1400002B070BD7F20FFF7AFFDA070F0E70225E1
:10A15000F5E710B504466FF07F00FFF7A5FDF5F7B2
:10A16000D7FD20707F20FFF79FFDF5F7D1FD6070D0
:10A17000002010BD10B50446F4F716FD01F039FEBD
:10A18000F5F7C6FD2070002010BD08B50A4607236C
:10A1900000F11001FDF798F8002008BD10B5014648
:10A1A00004460020F5F704FA08B92060A0800020DA
:10A1B00010BD10B50446F5F7D9F828B9002021469E
:10A1C000F5F7DEF9002010BDFFF757FD0028F5D0A8
:10A1D000FFF76FFE0028F1D10C20F4E710B504461C
:10A1E000FFF74BFD28B901202146F5F7C9F90020FA
:10A1F00010BDFFF75EFE0028F5D10C20F8E7F7B59B
:10A200000C4605466946008800F09DFDA21C0346E9
:10A2100090B9019901F1970781F8EA303868106028
:10A22000387910712888208091F8EA6006F0FF00E4
:10A23000002EF1D103B0F0BD0023C4F8023002209B
:10A24000137123706370F5E7FFF7A8BD1FB583880E
:10A2500044F29022934217D840F64802934228BF16
:10A2600013460288ADF804204088ADF80600ADF82A
:10A270000A000A8001A8ADF80830ADF80C30FFF7ED
:10A280008DFD05B05DF804FB1220FAE737B50D46E9
:10A29000694600F058FD044618B901982946FFF7B1
:10A2A00042FD204603B030BD10B503466FF00404F4
:10A2B0000020482108221C7058709970DA701C71B7
:10A2C00058719971DA7110BD10B50446FFF7EAFCB8
:10A2D00078B92146E27911F8013B13F0FD0F14BF64
:10A2E00001200020F5F75EFC002814BF00200220AA
:10A2F00010BDF5F78DFB0028EBD00C20F8E737B543
:10A3000005460C460088694600F01DFDF0B9019B2A
:10A31000014683F86A1093F86820012A06D0022AC1
:10A3200004D040F217310620F2F7A6FBA27093F892
:10A330006920012A01D0022AF3D1E27093F86A2041
:10A3400002F0FF00002AE4D12B88238003B030BD47
:10A3500010B58388022B044610D8C078FFF7AEFCF6
:10A3600008B9112010BDA078FFF7A8FC0028F8D08C
:10A3700020460121BDE81040FFF7ADBD1220F1E7F6
:10A3800013B58378C178027903F0010451EA040C13
:10A3900003F002031DD052EA030C1AD0002C18BFA0
:10A3A0000021002B18BF00228DF80320037842788B
:10A3B0008DF8021043EA0223ADF800304379827928
:10A3C000684643EA0223ADF80430FFF7C1FF02B04C
:10A3D00010BD1120FBE708B5F3F7F0FB002008BD26
:10A3E00013B50C46694600F0AEFC20B9019BB3F8EA
:10A3F00088300133238002B010BD07B5008869465C
:10A4000000F0A1FC48B99DF80020019B012A07D06B
:10A4100093F83B2102F0FF016AB103B05DF804FB41
:10A4200093F8F421D2B293F8B01011B912F0FB0FE7
:10A43000EED10220F1E7FF2283F83B210846ECE74A
:10A440002DE9F3410546477800780121F2F72EFF08
:10A45000044600285FD001F0BDFCEE78864228BF9C
:10A460000646042FB6B23DD0206BFFF76AF83044A1
:10A4700080B21F2803D9122002B0BDE8F081FB1E74
:10A48000012B2CD8204601F0C9FC6B78032B2CD172
:10A4900007F0FD08B8F1010F39D1204601F0BEFCEC
:10A4A000002831D1012F08BF4FF00208216B42462E
:10A4B0006846F3F731F86A68206B33460121FEF7EE
:10A4C000AAFF50B36B78023B012B22D8206BFFF719
:10A4D00038F801210246206BFEF7CDFF19E0002E6F
:10A4E000D0D1C8E7002ECDD0C5E70028C3D1042BBA
:10A4F000CED12046FFF7A1FB0028BCD0206BFFF790
:10A5000036F80028C4D1B6E74FF00008CEE7042F94
:10A51000D1D10020B0E74220AEE70720ACE72DE91B
:10A52000F74380464578C77800780121F2F7BEFEF0
:10A530000446D0B101F064FC0028206B08BF00275E
:10A54000FFF70AF8C619B6B21F2E1FFA87F910D8FE
:10A55000042D0ED0032D12D05FB12046FFF76DFB06
:10A5600058B10C2002E0042212E0422003B0BDE802
:10A57000F0831220FAE70720F8E7012D0CD12046DE
:10A5800001F04CFC0028EED1012D0CBF0622052263
:10A59000216B6846F2F7C0FFD8F80420206B4B46C9
:10A5A0000021FEF738FF0028E5D0023D012D04D838
:10A5B000206B32460021FEF75EFF0020D6E713B580
:10A5C0000446F4F7F1FA4FF44073ADF8003000237D
:10A5D0008DF80230684614F8013B8DF80330019481
:10A5E000FFF79DFF02B010BD38B501210546007888
:10A5F000F2F75CFE0446A0B1FFF71FFB28B9204626
:10A60000691C01F038FB002038BD204601F0F8FB42
:10A6100008B10C20F8E7204601F0EEFB0028F8D145
:10A62000EDE74220F0E713B50446F4F7BDFA14F85D
:10A63000013B8DF803304FF44073ADF800306846AD
:10A6400000238DF802300194FFF7FAFE02B010BD2E
:10A6500073B50546F4F7A8FA2B78044663B10023D6
:10A660000DF1010101208DF80030F4F7A1FF18B1C0
:10A670006846FFF7B9FFA0B9002620468DF80060B4
:10A6800001F0C2FBB04214BF80233346ADF8013065
:10A690002B788DF80360012B05D169462046F4F72D
:10A6A0003FFB02B070BD1BB92046FFF714FBF8E773
:10A6B0001220F6E710B5002104460088F2F7F6FDF7
:10A6C00020B1A11CBDE81040F8F7C8B8022010BDA9
:10A6D00008B500880021F2F7E9FD20B1BDE8084087
:10A6E0000021F8F7BBB8022008BD37B505460C4677
:10A6F0000088694600F027FB28B92B882380019B3E
:10A70000B3F8BC30638003B030BD37B503880B802D
:10A71000044698B2638813B9122003B030BD69466D
:10A7200000F011FB0028F8D16488019A42F2107100
:10A73000A3B24B43158C916905FB01118B42EBD3FE
:10A7400095699169A942FBD10025013B0B44C2F8F0
:10A75000B450B3FBF1F3A2F8BC40C2F8B830DCE768
:10A7600010B50C460021F2F7A1FD88B1022C11D8DA
:10A7700004F00103C4F3400480F8C53180F8C441FB
:10A7800023B190F8C2313BB1FFF7AEF9002010BD04
:10A790000220FCE71220FAE71846F8E710B5044655
:10A7A0000078FF280AD00121F2F780FD58B16378C4
:10A7B000A27843EA0223C384002010BDB4F801004C
:10A7C000F4F758F9F8E74220F7E708B500780038C1
:10A7D00018BF0120F4F72CF8002008BD10B504467E
:10A7E000F4F7E2F96178C1F3400201F0010101F0F0
:10A7F0002BFB002010BD0820F4F7D0BD01F098BC61
:10A800001220704710B5044604B910BD236898475C
:10A810006468F9E703680BB9016070471A465B6822
:10A8200013B18A42FAD170478A4218BF516070470B
:10A8300008B50020FEF7BEFDF2F7FCFDF4F720FEA0
:10A84000F3F75CF820B14FF485710120F2F714F9A9
:10A8500008BD08B5F3F798FFF6F73AFE20B14FF4BC
:10A8600095710120F2F708F9BDE808400120FEF7D4
:10A87000A1BD08B5FFF7EDFF01F042FC20B140F2A9
:10A880003F110120F2F7F8F808BD01F00FBD0B46AB
:10A89000122203F8032BD0F80920C1F80320427BD1
:10A8A0001A71704730B585B004460D46F5F712FBB6
:10A8B00080B36FF4B0731C4402A92088ADF8000087
:10A8C00000F041FA18B12E217E20F2F7D5F8039B53
:10A8D00093F864208DF80220022193F86520B3F8E4
:10A8E00066308DF803206846ADF80430FFF7F3FAC0
:10A8F00008B14421E8E78DF808009DF808308DF88C
:10A900000900002063F307009DF8093063F30F206E
:10A9100005B030BD18232B70D4F80930C5F80330CA
:10A9200004238DF80830E8E708B5436893F88E20D3
:10A930001AB185217E20F2F79FF8202283F88E201D
:10A9400008BD034610F0010005D19A0702D403F0B8
:10A9500004007047022070472DE9F84F074608466B
:10A960009246884600F08BFC8146404600F089FC08
:10A970008346FFF7E6FF05464846FFF7E2FF45EA54
:10A980000006F6B2003E044618BF0126F4F71AFD91
:10A9900000EA0B03DBB2002B08BF0025F4F712FD21
:10A9A00000EA090097F86830C0B2002808BF002408
:10A9B000AB4208BF00258AF8005097F86930A342DF
:10A9C00008BF002455EA04038AF801400CD1404630
:10A9D00000F059FCB7F88830DB43184480B247F6E2
:10A9E000FD73984288BF00263046BDE8F88FF8B561
:10A9F000446894F88F50A5F12003062B06460F46B5
:10AA00003ED92E2D3CD0CDBB94F88E30252B37D09F
:10AA1000084600F029FC28B939463046BDE8F84020
:10AA200000F0D1BD7B7903F0070384F861303B79F6
:10AA300003F0070384F8603094F8353193B994F843
:10AA40003431012B0ED094F8602094F869309A428A
:10AA500010D194F8612094F868309A420AD1022308
:10AA600084F83431222384F88F30304600F07DFDA5
:10AA70002846F8BD3046F4F7EFFCF3E70125F7E789
:10AA80002025F5E72DE9F743456895F88F3095F8CF
:10AA90008E80232B04460F462CD18F35384600F08C
:10AAA000F4FB00284CD0384600F0E9FB81463846DC
:10AAB00000F0E7FB0146FFF744FF666848B396F8ED
:10AAC0006830984225D096F83421012A0CBF96F8B8
:10AAD000362196F86420114232D0B8F1210F18D0F7
:10AAE00096F86120114214D153B940F20321062097
:10AAF000F1F7C2FFB8F1210F40F0B2808E35CDE7FB
:10AB0000032B01D0032831D1984294BF00200120AB
:10AB1000B0B94846FFF715FF002849D096F86930CC
:10AB2000834245D096F83431012B0CBF96F837316B
:10AB300096F8653019EA030F14BF01230023BBBB4D
:10AB4000636893F83421012A19D11E212046F4F7B5
:10AB50005BFCB8F1210F1FD1FA786368182A83F8DB
:10AB6000192110D040F269217E20C1E7042BCBD0FF
:10AB70000428C9D098422CBF00200120C8E7002239
:10AB800083F83421E5E7092283F88E2093F8CC304E
:10AB900093BB40F27121E7E7002320462B7000F0C1
:10ABA000EEFC3946204603B0BDE8F04300F00BBD93
:10ABB000304601AA3946FFF7CFFED4F80480064696
:10ABC000F8B998F83431012B18D101462046F4F732
:10ABD0001BFC2E70636803F18F02954202D10022A4
:10ABE00083F88F20636803F18F0295424FF00005D0
:10ABF00033D1204600F0C3FC002032E088F8340155
:10AC0000E8E7384600F03FFB6368A8F85402B3F861
:10AC10005422B3F88810013A521A92B247F6FD71E5
:10AC20008A4206D9282283F8B1202046F5F744FD50
:10AC3000D8E793F88F200D2A02D00A3A012A01D8CA
:10AC40002A22F0E79DF8042083F856229DF805207B
:10AC500083F8572225232B70C4E783F8CC50CBE729
:10AC6000022003B0BDE8F08308B5436893F88F2055
:10AC7000222A05D022B14FF461717E20F1F7FCFE4B
:10AC8000232283F88F2008BDFF2343710023037123
:10AC900003604371704743791BB903680BB101220C
:10ACA0001A607047F4F7ECBB704730B542400C783F
:10ACB00018785D7844404878684004449D788878E6
:10ACC00068400444DD78C878684004441D790879F8
:10ACD0005B794979684004444B402344D3420CBF1C
:10ACE0000120002030BD034600200139C9B2FF29F0
:10ACF00000D170475A5C82F001021044C0B2F4E700
:10AD000008B5F4F77BFC082807D0F4F79BFC08286B
:10AD100003D0F4F7ADFC012008BD0020FCE708B526
:10AD2000F4F76CFC082803D0BDE80840F4F78ABCAF
:10AD300008BD08B501F009FA18B1BDE80840F7F7F9
:10AD40007FBE082008BD10B50C460021F2F7AEFA10
:10AD5000606018B101232370002010BD0220FCE7C1
:10AD600001440023884203D1B3FA83F040097047BD
:10AD700010F8012B1343F5E7F8B5D0E90476054642
:10AD80000C46FBF729F820B94FF481712920F1F71F
:10AD900073FEF4B1D5E90431DA1B61EB0603012A35
:10ADA00073F100014FF0000115DB6FF001009042DC
:10ADB00071EB030302DA4FF48671E7E7631E134475
:10ADC000B3FBF4F35C43E41946F10006C5E904461D
:10ADD0001C462046F8BD0C46FBE7CB1E012B10D8C5
:10ADE000032914BF4FF41673962303F5BC7314BFE5
:10ADF00040221022984212D9C01A90FBF2F080B281
:10AE00007047022905D13C2809D93C38C0F38F008E
:10AE10007047702803D97038C0F3CF007047002006
:10AE200070470346086858667047012908B502460E
:10AE300006D002290CD040F27D112920F1F71CFE2A
:10AE400040F6C41340F2E240002A18BF184608BD7D
:10AE500040F6C410FBE7C3B293FAA3F3000A90FADA
:10AE6000A0F01B0E000E43EA002070470131F8B538
:10AE7000C9B2821D0023012512F8010B884216D3A6
:10AE800012F8066C002405FA04F737421CBF01F1E2
:10AE9000FF31C9B2E0B269B10134082CF3D10133FA
:10AEA000DBB2052BE8D199214620F1F7E5FD091A1F
:10AEB000C9B2F4E700EBC300C0B2F8BD0B6870B5CF
:10AEC000C0F801300B7903F01F03437100230446DF
:10AED000C372451C861D15F8010B00F02CFB287170
:10AEE000E37AB5421844E072F5D170BD70B581EADD
:10AEF000114189B2C57A0446032682EA0100FFF7B0
:10AF0000AAFF013E00EB00100A1816F0FF0690B2EF
:10AF1000F5D141402522B1FBF2F302FB1313C3F339
:10AF2000C4022244D8B2567803F00703012202FA81
:10AF300003F31E4207D169432046C1F30741BDE830
:10AF40007040FFF793BF70BDF8B590F821506B1EAD
:10AF5000242B044656D8002A56D0807D18B10128EB
:10AF600046D01F2019E094F8231094F8223002FBF9
:10AF700003132522B3FBF2F102FB1133DBB204EB26
:10AF8000D30284F82330D17D012603F0070206FAAC
:10AF900002F2114202D084F82430F8BDB3FBF5F27E
:10AFA00005FB12330133024604F11C01D8B211F83B
:10AFB000013B834219D311F8067C002306FA03FCF7
:10AFC0001CEA070F1CBF00F1FF30C0B2DDB220B990
:10AFD00005EBC20284F82420DFE70133082BEDD112
:10AFE0000132D2B2052AE2D1BBE7C01AC0B2F7E7FC
:10AFF0002289C96904F11600FFF778FF84F824005C
:10B000000020CAE71220C8E71046C6E70B68C0F860
:10B0100003308B88A0F8073070470B68C0F8093000
:10B020008B88A0F80D3070470378890123F0400326
:10B0300001F040010B4303707047037803F07F0376
:10B0400043EAC113037070471F2A38B505461446FA
:10B0500003D9BF212A20F1F70FFD09300634FCF790
:10B0600091FB6C7038BD1F2A38B50546144603D9CC
:10B07000E1212A20F1F700FD09300634FCF782FBBC
:10B080006C7038BD30B5037803F00F03032B024614
:10B0900040D0052B1FD1C37F90F82000034392F8C6
:10B0A0002100034392F82200034392F8230020F08A
:10B0B0001F0018432DD05378222B0CD1B2F8193031
:10B0C000B2F81740907D41B1B3F5506F05D940F605
:10B0D00007518B420ED900201BE0991F89B240F620
:10B0E0007A45A942F7D8411E0729F4D88342F2D9FC
:10B0F000A342F0D3B2F81B30B3F5FA7FEBD2B2F82B
:10B100001D000A3880B240F6764398428CBF00207A
:10B11000012030BD4078A0F10C0358425841F8E7B7
:10B12000037801F0030123F003030B43037070471E
:10B13000007800F0030070471B2A08B504D940F2DC
:10B1400052412A20F1F798FC4270BDE808400330D4
:10B15000FCF718BBB0F807007047B0F8090070475B
:10B16000B0F80B00704770B5B0F80730B0F8095070
:10B17000B0F805600479B0F80B0091B1B3F5506FE9
:10B180000FD940F60752934218D8B5F5FA7F15D279
:10B190000A3880B240F6764398428CBF00200120E6
:10B1A00070BD9A1F92B240F67A418A4206D8621E5A
:10B1B000072A03D89C4201D29E42E5E70020EFE730
:10B1C00043680B60037A0B717047B0F80900704751
:10B1D000007970470B6843604B6883607047436831
:10B1E0000B6083684B60704783890B807047D0F891
:10B1F0000E300B60D0F812304B607047D0F816302C
:10B200000B607047FFF7E6BF0B68C36070470079BB
:10B2100070470171090A417170478171090AC17152
:10B2200070470172090A417270478172090AC1723E
:10B23000704780887047C088704700897047408990
:10B24000704703891A2B0DD94389B3F5A47F09D31D
:10B2500083881A2B06D9C088B0F5A47F34BF00209C
:10B2600001207047002070470379024613F0070061
:10B2700004D0507910F0070018BF01207047007902
:10B28000704740797047C08870470279437902F06F
:10B29000070203F00703511E0A40591E0B401343D7
:10B2A0000CBF012000207047017170470079704782
:10B2B0004171704740797047FB2908B504D940F2C5
:10B2C000E6712A20F1F7D8FB417008BD406890F87C
:10B2D000C23123B1002380F8C231FEF705BC7047AC
:10B2E00008B5017A19B101290DD0002008BD036805
:10B2F000C28802218088F4F79FFD0028F6D1F4F778
:10B300008BFF0120F2E70368C288F3E702230B708A
:10B3100001238B707047F4F7F9BE10B521B94FF4D3
:10B320001C711020F1F7A8FB4A600B72EFF3108438
:10B3300072B6031D0B6042681AB1127A012A08BF67
:10B34000036003681960016004B962B6BDE810408B
:10B35000F4F724BF0222F4F74DBF0322F4F74ABFEB
:10B360000422F4F747BF0222F4F788BF11230B70C1
:10B370006FF4A27318440388A1F80330838FA1F8F7
:10B380000530B0F84030A1F80730C38FA1F809307C
:10B39000B0F84230A1F80B307047012908B503D14D
:10B3A0000E30C00080B208BD022902D10F308000EB
:10B3B000F8E740F265210620F1F75EFB30B587B073
:10B3C00004460D46F4F78EFDA0B300232372A4F5C6
:10B3D000A774694624882046FEF758FF18B1D62185
:10B3E0002C20F1F749FBBDF80630ADF80E30BDF862
:10B3F0000830ADF81030BDF80230ADF8123003A8B7
:10B40000BDF80430ADF80C40ADF81430FEF71CFF69
:10B4100008B1DF21E4E78DF80C009DF80C308DF8C1
:10B420000D00002063F307009DF80D3063F30F203B
:10B4300007B030BD2B46172203F8032BD4F80920A0
:10B44000C5F80320D4F80D205A60B4F811201A81F1
:10B4500004238DF80C30E0E740687047C08A7047DD
:10B4600010B58A880B89CC884988A0F85010A0F8BC
:10B470005440A0F85220A0F8563010BD8383BDF888
:10B48000003001834283C383704738B5C38B458C3A
:10B4900004469D42007A28BF1D46FFF77EFF638960
:10B4A000AB4228BF2B46984238BF184680B238BD01
:10B4B000F8B50546808F16460F46FFF76EFF3946F2
:10B4C000044605F13000FFF7E0FF844228BF044640
:10B4D0003146B5F84400FFF760FFB5F846308342C7
:10B4E000A4B228BF034614FA83F09C30F8BD90F84C
:10B4F000692090F86810FFF7DBBF38B50D46144699
:10B50000FFF7F5FF96342044A84294BF281A002084
:10B5100038BD38B504460D46FFF7E9FF284460639F
:10B5200038BD006801F19C03984283BF401A9C38E3
:10B5300040080020704700F05503400800F0550017
:10B54000184400F03303800800F03300184400F082
:10B550000F0303EB101070474368002283F88E201E
:10B5600083F8CC20A3F8C820704743680022A3F8D2
:10B57000CE2093F8D020013283F8D020704708B550
:10B58000426892F8D030013B5BB2002B82F8D03099
:10B5900003DA34214A20F1F76FFA08BD436883F8D3
:10B5A0001B1183F81A217047A0F10A03042B08D954
:10B5B000A0F12003062B04D9A0F12E0358425841D4
:10B5C0007047012070474268D2F8803010B513F000
:10B5D00008040AD143F00803C2F88030CB7882F81F
:10B5E0001831FFF7C2FF204610BD0120FCE738B537
:10B5F0000C460546B1F85410FFF70BFEB4F82211C3
:10B600002846FFF70AFEB4F850102846FFF709FE57
:10B61000B4F820112846BDE83840FFF706BE37B51C
:10B6200030F8024C7CB100238DF804308DF80530E1
:10B630009DF80430002063F307009DF8053063F3A4
:10B640000F2003B030BD30F8A85CA1F803500822E9
:10B650000A708C70427A4A7150F8940CFDF7A9FD7B
:10B6600018B9B2216320F1F707FA2846F3F714FF5F
:10B6700021462846F1F730FE04238DF804308DF87A
:10B680000540D5E710B5446894F89030063B012B8F
:10B6900007D90846FFF79CFD062384F8910084F83B
:10B6A0009030002010BD426892F89030063B012B8C
:10B6B00084BF072382F890307047F8B5476897F841
:10B6C0008F6004460D4616BB0846FFF77EFD616895
:10B6D000A7F85402B1F85432B1F88820013B9B1A04
:10B6E0009BB247F6FD72934207D9282381F8B13007
:10B6F0002046F4F7E1FF3046F8BD01F25621284616
:10B70000FFF75EFD63680A2283F88F20F3E70126C6
:10B71000F1E70B46062203F8032BD0F80920C1F805
:10B720000320D0F80D205A60427C1A720023CB709F
:10B730007047F8B5436893F88F6005460C46002EB5
:10B7400048D131462046FFF70EFD28B9214628464C
:10B75000BDE8F840FFF737BF6A68B4F80D30B2F8BB
:10B760008810A2F85432C9430B449BB247F6FD71CE
:10B770008B4207D9282382F8B1302846F4F79CFF82
:10B780003046F8BD2046FFF7E5FC6F6840F2E24224
:10B790005043C7F85C022379C3EB431103EB8103E9
:10B7A00003EB83035B00A7F85632B4F8053053432C
:10B7B000C7F858322046FFF7D0FCA7F860022046B1
:10B7C0006F68FFF7CDFC6B68A7F862020D2283F863
:10B7D0008F20D5E70126D3E708B5436893F88E207C
:10B7E0001AB124214520F1F747F91D2283F88E2054
:10B7F00008BD2DE9F743456895F88E301D3B022BB7
:10B8000006460C462CD80846FFF71BFD00B3204621
:10B81000FFF713FD07462046FFF70BFD8046204645
:10B82000FFF70DFD81462046FFF705FD4B460090D2
:10B830004246394605F13000FFF720FE7168284680
:10B8400001F24511F4F73CFD70680621F3F704F8A6
:10B85000002085F8CC0085F88E0003B0BDE8F083A9
:10B860000120FAE74268D2F88030D90610B50446C4
:10B8700003D49A214520F1F7FFF8990601D59B21C1
:10B88000F8E723F01003C2F88030FFF778FE606815
:10B890000621BDE81040F2F7DFBF09230B70D0F896
:10B8A0000930C1F8023070470B460A2203F8022B18
:10B8B000B0F809204A80C27A9A70704738B5436858
:10B8C00093F88F40054634B1113C0B2C94BF0824EB
:10B8D0000124204638BD93F89430002BF9D0FFF7AF
:10B8E00044FE6B68112283F88F20F2E708B54368A5
:10B8F00093F88F20152A04D040F279111F20F1F718
:10B90000BBF8012283F8D120162283F88F2008BDCE
:10B91000436893F88F20122A03BF1322002083F874
:10B920008F200220704710B5436893F88F30182B92
:10B93000044607D1FFF723FE63681C2283F88F209B
:10B94000002010BD0220FCE708B5436893F88F2063
:10B95000112A04D04FF4D1711F20F1F78DF8012284
:10B9600083F8D120122283F88F2008BD08B54368E0
:10B9700093F88F20162A04D04FF4D5711F20F1F7C9
:10B980007BF8182283F88F2008BD0B46052203F8A8
:10B99000032BD0F80920C1F80320D0F80D205A60FD
:10B9A000B0F811201A81C27C9A72704708B54368BA
:10B9B00093F88E201AB1BC211C20F1F75DF8042207
:10B9C00083F88E2008BD4268D2F8801008B5CB07F6
:10B9D00003D4C9211C20F1F74FF892F8D030013B75
:10B9E0005BB2002B82F8D03001DACB21F2E721F0F4
:10B9F0000101C2F8801008BD0C23A0F59E700B70E9
:10BA000003884B807047436893F88E200F2A01BF4C
:10BA1000002283F8C02083F8CC2083F88E200020F9
:10BA2000704738B54568D5F8803013F0040409D163
:10BA3000FFF79BFDD5F8803043F00403C5F8803054
:10BA4000204638BD0120FCE74268D2F8803023F060
:10BA50000403C2F88030FFF792BD08B5436893F83D
:10BA60008E201AB171214B20F1F706F80F2283F8CE
:10BA70008E2008BD10B5D0E90D43A34204D30A8C33
:10BA80001B1B05329A4202D3012380F8403010BDBF
:10BA900001230B7000238B7030F8D43CA1F80330E5
:10BAA000437A4B714389CB8083890B81704708B5FA
:10BAB000436893F8D32091070ED493F88E201AB1DF
:10BAC00074214020F0F7D8FF012183F88E1083F80D
:10BAD000CC10A3F8C82008BDD3F880108A070DD574
:10BAE00093F8D020013A52B2002A83F8D02001DA2C
:10BAF0008621E6E721F00201C3F88010002283F8D6
:10BB00003A21E8E710B50B794C790A68012843EA35
:10BB1000042108BF41F48031104610BD07B5FFF77E
:10BB2000F1FF0DF10702F5F701F803B05DF804FB32
:10BB30000B46042203F8032BB0F80920A1F80320D8
:10BB4000C27A9A7070470B46142203F8032BD0F880
:10BB50000920C1F80320D0F80D205A60704738B58D
:10BB60000B46102203F8032B0C4600F10902293082
:10BB700052F8041B43F8041B8242F9D112781A7060
:10BB8000A5880123A37100212846F1F78FFB70B12E
:10BB9000E37863B10088F3F77FFC00212846F1F7D2
:10BBA0009BFB20B140F227212D20F0F765FF38BD27
:10BBB0000121F5F793BBFFF7FBBF90F882300BB183
:10BBC0000120704790F8BA2002F0FF03002AF7D155
:10BBD00090F8AC201846704737B504460D464FF430
:10BBE00094720021FBF746FEFF232370132363802A
:10BBF00042F21073E384F1F763FC002201462063F4
:10BC00006846F1F789FC206B00220121FDF733FC27
:10BC1000216B68460422F1F77FFC0022206B11465D
:10BC2000FDF729FC04F12800A57400F045F904F1A2
:10BC3000680003B0BDE83040FFF726B8FF23086B6B
:10BC40000B70FDF7E5BB0078FF3818BF0120704787
:10BC500010B50446283000F085F961882822F5F7F0
:10BC6000E7FD6D3010BDD0E902017047C07C00389F
:10BC700018BF012070470B68C0F815308B88A0F8FA
:10BC800019300123C37670472DE9F04F06460D4663
:10BC900007460FCE91B006AC0FC40FCE0FC496E886
:10BCA00003000DF1100884E80300404600F004F999
:10BCB00095F814906E7895F80AA095F800B0B9F14F
:10BCC000010F06F07F0607D0B9F1020F04D040F251
:10BCD00029310620F0F7D0FE697A404600F0F3F8EB
:10BCE0002B7DAA7E022B08BF697D02F1010206BFEF
:10BCF0000131C9B20121D2B2404600F0E6F816F097
:10BD0000080364D14046019300F02CF92822314603
:10BD1000F5F78EFD40F271212A79019B00F2D720C0
:10BD2000B0FBF1F401FB04F0EC7844EA02246A79F8
:10BD300044EA02444C43A0420BD9EC79AA7942EA86
:10BD400004222C7A42EA044201FB02F4A04200D809
:10BD500004462A7E0393531E5A425A41A97C386BEB
:10BD600002910192FDF715FC386BFDF722FC039B55
:10BD7000019A0299ADF81A6008948DF828208DF880
:10BD80002B108DF82CA08DF818B08DF81C9009930D
:10BD900006AE0FCE3C460FC40FCE0FC496E803008C
:10BDA00084E8030098E80300B862B985EB7A13F0E1
:10BDB000FD0F14BF0123002387F85730EB68BB65E4
:10BDC0002B8AA7F85C30002011B0BDE8F08F00246A
:10BDD0002346BEE7438813F0040F0CBF1F2000204A
:10BDE00070470023C38543881D2B08BF0021417481
:10BDF000704790F912007047408800F001007047CA
:10BE00004088C0F3400070474088C0F3C0007047CE
:10BE100008B5006BFDF7B4FB012008BD0120704799
:10BE20000120704790F8503001624B72D0F85130C9
:10BE3000C1F80A30B0F85530CB8170477047F4F73D
:10BE4000A9BF80F87810704780F8241080F825206A
:10BE50007047C0F34002C0F38003134400F00100B8
:10BE600018447047022808B507D0042807D00128D5
:10BE700007D039212E20F0F7FFFD262008BD27200E
:10BE8000FCE72520FAE78278034612F0010002D091
:10BE9000D978C9070FD5900702D5D978890709D570
:10BEA00012F0040007D0DB7813F0040F14BF002059
:10BEB00004207047022070470023C0F8023001239D
:10BEC0004370037070478170704710B50170427005
:10BED00080781446FFF7BDFF10FB01F104FB01F26F
:10BEE000FE2A03DD5C212E20F0F7C6FD10BD0023E5
:10BEF000C37043710371704710B50446FFF7C3FF69
:10BF0000637962780133DBB29A4263710FD1E378CF
:10BF1000A1780343DBB29942E37008BF23794FF065
:10BF2000000208BF0133627104BFE2702371BDE8F3
:10BF30001040FFF797BF38B501468078FFF789FFBB
:10BF40000446C8784D78FFF784FF0A790B789B1A6E
:10BF500013FB05F34A7913FB04F39B1A00FB15301E
:10BF6000C0B238BD08B501468078FFF772FF4B7844
:10BF70000A7813FB02F313FB00F0C0B208BD40F2D5
:10BF8000EF20704740F25A335843704738B5536832
:10BF90000E3814460D4693F88E2009283FD8DFE866
:10BFA00000F0053E3E3E0F3E173E3E26042A05D1D8
:10BFB0002046FFF7D1FA2046F4F7ECFC002038BD0C
:10BFC0000F2AFBD120460021BDE83840FFF71BBDFA
:10BFD0001D2AF3D12046FFF7BFFA002DEED062688C
:10BFE00092F8E23023F0200382F8E230E6E793F89B
:10BFF0008F20232AE2D1002583F88F502046FFF7B7
:10C00000BEFA636893F83431012B03D129462046E8
:10C01000F3F7FAF96368002283F83421CEE74FF48E
:10C020000F713120F0F728FD08B5436893F88F2091
:10C03000162A04D040F2E4413120F0F71DFD1A2207
:10C0400083F88F2008BD08B5436893F88F20312A04
:10C0500006D1002283F88F20BDE80840FFF78FBA91
:10C06000162A03D11A2283F88F2008BD40F2F94125
:10C070003120F0F701FD037D63B9C37B90F85200D6
:10C08000A3F11002032A05D928B11C2B8CBF002074
:10C09000012070470120704770B5426892F8E23085
:10C0A00043F00403044682F8E23008460D46FFF7E9
:10C0B00001F906462846FFF7F9F822463146BDE861
:10C0C0007040F5F7B9BC38B50C460546D1E9040116
:10C0D000F1F79CF994F80B0220280BD0FAF760FDD9
:10C0E00094F80B02F9F74AFE20B940F639013120E5
:10C0F000F0F7C2FC28460221BDE83840F1F7ECB861
:10C100000020704708B5F4F787F9BDE80840F4F758
:10C1100037BBF1F737BD0022A0F88E2080F89220BF
:10C1200090F8C33113B10221F2F796BB0321FBE76C
:10C13000F4F7E6B908B5F6F7A5FFF6F79BFDF6F7B5
:10C1400007FCBDE80840F6F78FBC08B5C821F6F734
:10C150005DFC022807D1013911F0FF01F7D1F5216B
:10C160003B20F0F789FC431E5842584108BD10B5EA
:10C1700004460846F7F728FC4FF47A73B0FBF3F057
:10C18000201A10BD10B504460846F7F71DFC023C06
:10C190004FF47A7300F2E730B0FBF3F0201A10BDD1
:10C1A00008B5FBF749F9BDE80840F7F773BD801AF9
:10C1B00000F3070038B540B20D4659B21446F7F700
:10C1C00059FD0023287020446B7040B238BD002315
:10C1D000036070477047002070474FF0FF30704792
:10C1E0004FF0FF3070477047002070474FF0FF302E
:10C1F000704700207047002070470023037070478D
:10C200000022FFF7D4BF002070474FF0FF30704787
:10C210004FF0FF3070474FF0FF30704770474FF0DE
:10C22000804301221A6070474FF08043D3F808041E
:10C2300000F0010070474FF08043D3F8140400F081
:10C24000010070474FF08043D3F81C0400F0030056
:10C2500070474FF080410246D1F81804D1F8181405
:10C2600010F4803004D001F00300831A5842584182
:10C27000704708B5FBF734F928B14FF0804302222C
:10C28000C3F8342C08BDFBF70BF90028F5D1FBF7F8
:10C290001DF90028F1D1F5E7F7F798BDF7F7C0BD14
:10C2A000F7F7ECBDF7F704BEF7F7EEBFF7F77CBD85
:10C2B000F7F780BDF7F784BDF7F7C2BEF7F700BE0A
:10C2C000F7F7B2BE08B5F7F765FD002008BD38B531
:10C2D000054691F827000C46F9F750FD18B9E821FA
:10C2E0006A20FAF77BFE0023A38484F82630092114
:10C2F000236A2846984718B103780BB1EC21EFE781
:10C3000038BD426808B5034611441A785960012ABD
:10C31000A1F1500006D1FAF779FA40B9CC216A2090
:10C32000FAF75CFEFAF772FA08B9D121F7E708BD0F
:10C33000F8B504460E4619B9012384F829303BE0CC
:10C340000D78032DF8D8DFE805F03902121548689A
:10C35000C72802D800252846F8BD0421FAF7F8FAC4
:10C360000028F7D171682046FFF7CBFFF3E7F7F716
:10C37000F7FFF0E790F82470F7B94D682846F7F713
:10C38000C3FF0028D8D02B78D3B9012222702B7993
:10C39000003B18BF012363726B79002B0CBF022393
:10C3A00004232372AB686F336360EB68236103235C
:10C3B00084F8263084F82520F7F7D2FF0225CAE753
:10C3C00094F82630052B04D04FF4C8716A20FAF790
:10C3D00005FE27702B7994F82700003B18BF012336
:10C3E00063726B79002B0CBF022304232372EB686A
:10C3F000A9686F336360D4E906325B1842EBE172DF
:10C40000C4E90432042384F826302146F9F7D6FD26
:10C410000028D1D14FF4C971D8E770B5F8F7F6F814
:10C42000002405462646E0B2854200D870BDF8F7E4
:10C43000F3F80134868480F82660F4E7F8B5044602
:10C440000D46F8F7E3F800270646F8B2864204D80E
:10C45000082D0CD96FF0150008E0F8F7DDF890F81A
:10C4600026300137002BF0D04FF0FF30F8BD2CB153
:10C4700029462046BDE8F840F8F7DCB821462046BA
:10C48000F8E738B50546F8F7C7F8014688B190F8DF
:10C4900024408CB990F8263073B1013B012B04D8AD
:10C4A0002846FFF714FF204638BD012380F82430CA
:10C4B000F9E76FF00100F7E76FF02200F4E770B5DD
:10C4C0000D46F8F7A9F80446002848D090F82660F1
:10C4D000731E012B49D8002D44D02846F7F714FFCE
:10C4E00000283FD02B78FBB9012323702B79003B28
:10C4F00018BF012363726B79002B0CBF0223042346
:10C500002372AB686F336360EB682361032394F895
:10C51000270084F826302146F9F750FD40BB40F251
:10C52000BD216A20FAF75AFD022E1ED10023237086
:10C530002B79003B18BF012363726B79002B18BF66
:10C5400004262672EB68A9686F336360D4E906326B
:10C550005B1842EBE172C4E904320423D7E76FF0C1
:10C56000010070BD6FF01500FBE76FF02200F8E7E7
:10C570000020F6E7F8F7CABA07B56846F8F7BAF93F
:10C58000DDE900024FF080730021E2FB030103B0FC
:10C590005DF804FB0346002018707047EFF310822B
:10C5A00072B603780121DBB2017002B962B6012BC9
:10C5B0000CBF6FF0220000207047EFF3108372B6BB
:10C5C0000022027003B962B600207047FAF70CBF70
:10C5D000FAF7CCBFFAF7CABF00280CBF6FF01500FE
:10C5E0000020704700207047072303700020704729
:10C5F000002070470020704710F8012B11F8013B14
:10C60000012A28BF9A42F7D0D01A7047034611F882
:10C61000012B03F8012B002AF9D17047034613F8C8
:10C62000012B002AFBD1181A01387047430803F088
:10C630005533C01A00F03333800800F0333018440B
:10C6400000EB10104FF0013300F00F305843000E94
:10C6500070472DE9F04786468C460846089E1546E9
:10C6600074461946002B40F0C2808542B2FA82F22D
:10C6700045D94AB1C2F1200300FA02FC2EFA03F3B5
:10C68000954043EA0C0C94404FEA154EA8B2BCFB0F
:10C69000FEF8230C0EFB18CC08FB00F943EA0C4310
:10C6A000994528D9EB1808F1FF3704D2994502D9EA
:10C6B000A8F102072B44A3EB0903A4B2B3FBFEFCD1
:10C6C0000EFB1C330CFB00F044EA0344A04214D9D7
:10C6D0002C190CF1FF3304D2A04202D9ACF10203B1
:10C6E0002C44241A43EA07401EB1D440002334608E
:10C6F0007360BDE8F0874746DDE76346F1E792BB2C
:10C70000431B01214FEA154EAFB2B3FBFEFC200CD8
:10C710000EFB1C330CFB07F840EA0343984562D933
:10C72000EB180CF1FF3004D2984502D9ACF10200AD
:10C730002B44A3EB0803A4B2B3FBFEFC0EFB1C339B
:10C740000CFB07F744EA0344A7424ED92C190CF11D
:10C75000FF3304D2A74202D9ACF102032C44E41BFC
:10C7600043EA0040C0E7C2F1200320FA03F19540FC
:10C7700090402EFA03F303434FEA154EAFB2B1FBDC
:10C78000FEFC0EFB1C10190C0CFB07F841EA0041E3
:10C79000884504FA02F422D969180CF1FF3004D25A
:10C7A000884502D9ACF102002944A1EB08019BB2F3
:10C7B000B1FBFEFC0EFB1C110CFB07F743EA014327
:10C7C0009F420ED9EB180CF1FF3104D29F4202D9DF
:10C7D000ACF102012B44DB1B41EA004192E76046C9
:10C7E000E3E76146F7E76046A3E76346B7E78342BE
:10C7F00006D916B9002108467BE7C6E900E0F9E74B
:10C80000B3FA83F78FB9834201D3724508D8BEEBE0
:10C81000020460EB030301209C461EB9002168E777
:10C820003846FAE7C6E9004CF8E7C7F1200CBB40F0
:10C8300022FA0CF41C432EFA0CF120FA0CF3B84047
:10C8400001434FEA14490EFA07F5B3FBF9F81FFA52
:10C8500084FE09FB18300B0C08FB0EFA43EA004378
:10C860009A4502FA07F240D9E31808F1FF3004D2E2
:10C870009A4502D9A8F102002344A3EB0A0389B226
:10C88000B3FBF9F809FB183308FB0EFE41EA03413C
:10C890008E452CD9611808F1FF3304D28E4502D998
:10C8A000A8F10203214443EA0040A0FB0298A1EB57
:10C8B0000E014145CE46434602D306D14D4504D232
:10C8C000B9EB020E68EB04030138002EA6D0B5EBDD
:10C8D0000E0261EB030101FA0CFC22FA07F34CEAA9
:10C8E0000303F940C6E9003198E74046C5E74346EF
:10C8F000D9E70000000000002DE9F047064688B0A7
:10C900000F46904636F018F84FF47A73A0FB0345B3
:10C9100003FB0155E40B012F44EA45444FEAD535AA
:10C9200007D1294922462B4630462EF003FB002032
:10C9300012E0D8F8047025483946FFF75DFE70B163
:10C9400023483946FFF758FE48B1304621493A4658
:10C950002EF00CFB6FF0040008B0BDE8F087204615
:10C96000294617A3D3E90023FBF7B0FF05460C4681
:10C9700010461946184A0023FBF7A8FF80460F46C9
:10C98000104619464EF660220023FBF79FFF8246B1
:10C990008946104619464FF47A720023FBF796FF3A
:10C9A000CDE902A9CDE90623CDE90401CDE900874F
:10C9B0000A492A46234630462EF0BCFAB7E700BFA4
:10C9C000005C260500000000887A0500997A0500C1
:10C9D0009C7A0500A57A050080EE3600BD7A050038
:10C9E0002DE9F04383B000AF3A1D002140F603402B
:10C9F0000CF042FD0446002873D17868C3681B78A8
:10CA00008BB9BFF35B8F414B1A68BFF35B8F02F0AA
:10CA10000902BFF35B8F53E8001F43E80024002C9A
:10CA2000F9D1BFF35B8F08F007FF3A1D002141F2F7
:10CA300003000CF021FD0446002852D17A68344DE1
:10CA4000D168D1F80100D1F8051005F1980303C3AE
:10CA5000104608F0F1FE21463A1D41F201000CF0AB
:10CA60000BFD044600283CD17868C3685A7885F8E5
:10CA700090205A88A5F892201A7985F89120B3F869
:10CA80000720A5F89420B3F80530A5F8963008F0F3
:10CA9000D3FE21463A1D41F202000CF0EDFC0446A3
:10CAA000F8B9D7F80480D8F80C2005F1A006531C7B
:10CAB000413218685968344603C408339342264605
:10CAC000F7D1144830F0AEFA404608F0B5FE95F8BC
:10CAD0009C30590626D4104803685A0706D16FF0D7
:10CAE000120420460C37BD46BDE8F0836C4688B082
:10CAF0006A460A4B53610A4B9361032342F8103F85
:10CB00004FF4C25130F0C6FBA546E8E7AC24002044
:10CB1000B823002058240020903600209696050067
:10CB20005A9C05003A1D002142F203000CF0A4FCBF
:10CB300004460028D5D17B68B54EDA68D2F80100EA
:10CB4000D2F8051003C6184608F076FE21463A1DB5
:10CB500042F202000CF090FC04460028C1D17C682F
:10CB6000E368B3F8012091B249B1D97839B1A5F899
:10CB70002421DA78114606F1280035F0F4FB20462E
:10CB800008F05AFE95F89C601F2316F02006A5F8C1
:10CB9000403118D1022140F66D400BF04DFF0446A4
:10CBA000002800F0CA8002210C302FF07FFF012303
:10CBB000037046702146324640F66D400CF05CFC36
:10CBC000044600288DD195F8BC301B0712D53A1DBC
:10CBD000002142F21C000CF04FFC0446002880D1DA
:10CBE0007868C368D3F80120D3F80530C5E940233D
:10CBF00008F022FE95F8F8309E0622D5B91C38467A
:10CC00000CF046FD044600287FF46BAF042142F28D
:10CC100024000BF011FF0646002800F08E8004214E
:10CC20000C302FF043FF3B8803807B8843802246F3
:10CC3000314642F224000CF01FFC044600287FF429
:10CC400050AF95F8F8305C0610D53A1D002142F23D
:10CC50002A000CF011FC044600287FF442AF7868EB
:10CC6000C3685B7885F8423108F0E6FD082142F29E
:10CC700001000BF0E1FE044600285ED008210C30D4
:10CC80002FF014FF95F8F81011F0400F024640F213
:10CC9000022308BF032388074CBF43F02C0043F056
:10CCA0000C0095F8F9308E0648BF40F0400013F0B4
:10CCB000090F18BF40F40060CB0795F8C23003F0AD
:10CCC000060348BF40F01000062B08BF40F4C070B8
:10CCD000002130F0FCFA2146002242F201000CF063
:10CCE000CBFB044600287FF4FCAE95F89C30B5F8E9
:10CCF00024119E0624D4C9B93A1D41F205000CF056
:10CD0000BBFB044600287FF4ECAEB5F824317C6808
:10CD10004BB9E368B3F80120A5F824219A883D486F
:10CD2000114635F020FB204608F086FD082140F62C
:10CD300001400BF081FE0446D8B96FF06804D0E6DC
:10CD40000029F3D1344803685C0702D16FF0040472
:10CD5000C7E66C4688B06A46304B5361304B9361EE
:10CD6000032342F8103F4FF4C25130F093FAA54626
:10CD7000ECE708210C302FF099FE95F8F830D90730
:10CD800002463BD427484FF0005130F0A0FA21462C
:10CD9000002240F601400CF06FFB044600287FF4AF
:10CDA000A0AE01463A1D4FF601400CF065FB1A4C4F
:10CDB00000283DD0236813F0060F0FD06D4688B0D1
:10CDC0006A46194B5361194B9361032342F8103F94
:10CDD0004FF4C451204630F05DFAAD4630F049FCC6
:10CDE000044600287FF47DAE0FF060F90446002869
:10CDF0007FF477AE0CF0F0F8044672E602A1D1E9B8
:10CE00000001C2E7AFF3008090880002008000209C
:10CE1000B0240020E024002090360020BE960500BB
:10CE2000629C050010880002E59605004E9C0500F6
:10CE30007B68D3F80C80236803F00703022B6BD9BF
:10CE4000B8F80130032B96BF584A594952F82310BD
:10CE5000E9468AB06A46574E136240F20133938422
:10CE60005548564B5061C2E90661554842F8103F9B
:10CE70004FF4335130F00EFA236803F00703022B0E
:10CE8000CD4649D9B8F80120B8F80330022A64D158
:10CE9000052B62D84B4A52F82310E9468AB06A46FD
:10CEA0004948C2E9071340F201339384434BC2E976
:10CEB00005064FF4335142F8103F414830F0EAF98B
:10CEC000236803F00703022BCD4625D998F80530D7
:10CED00098F806E0B8F807C0D8F80900032B96BF09
:10CEE0003A4A334952F82310E8468EB06A46DFF8D2
:10CEF000E090D062C2E9071340F201331386354B4C
:10CF00002F48C2E90596C2E909EC44F2C04142F853
:10CF1000103F30F0BFF9C546786808F08DFC3A1D27
:10CF200000214FF602400CF0A7FA0646B8B123687C
:10CF300013F0060F3FF452AF6C4688B06A46264B9A
:10CF400053611C4B9361032342F8103F1C484FF47C
:10CF5000C45130F09FF9A54640E715499DE7786830
:10CF6000C368B3F80130A5F8E13008F065FC95F826
:10CF7000E1305B077FF532AF3A1D31464FF6034093
:10CF80000CF07AFA48B1236813F0060F3FF426AF8D
:10CF90006C4688B06A46114BD2E77868C3685B7804
:10CFA00085F8E03008F048FC18E700BFB44B0500F6
:10CFB0000D9405004E9C05000D970500050000012D
:10CFC000903600209C4B05002A9705008C4B0500ED
:10CFD000469705000800000177970500A497050013
:10CFE0002DE9F04F8BB000AF82460E461546FB6030
:10CFF0004FF0FF324FF0FF33A94825F027FEA94834
:10D0000034F0FCFF0346D8B9A748026851070ED098
:10D010006C4688B06A46A5495161A54991610321D2
:10D0200042F8101F4FF4C25104F026FFA5461CF031
:10D03000C1FA6FF0150420462C37BD46BDE8F08FCD
:10D04000984BD3F808904FF005089648D9F80C3063
:10D050003C2198473D2804461FD14FF4A47000217D
:10D0600026F0FEFCB8F10108EFD18F4803685A079B
:10D0700010D06D4688B06A468E4B53618C4BC2E926
:10D080000634042342F8103F00234FF4015104F00A
:10D09000F3FEAD461CF08EFACDE70028E5D18148BD
:10D0A000D9F8103007F1100203219847044640B127
:10D0B0007D4803685B07EDD06D4688B06A467E4BBD
:10D0C000DBE77869FAF794FD73A3D3E90023FAF755
:10D0D00023FF804638698946FAF78AFD02460B46E7
:10D0E00040464946FAF738FCFBF786F88146F8696E
:10D0F000FAF77EFD68A3D3E90023FAF70DFFC7E92D
:10D100000001B869FAF774FD02460B46D7E9000141
:10D11000FAF722FCFBF770F88046786AFAF768FDA8
:10D120005DA3D3E90023FAF7F7FEC7E90001386AE7
:10D13000FAF75EFD02460B46D7E90001FAF70CFC50
:10D14000FBF75AF88346BAF1000F01D0CAF80090F5
:10D150000EB1C6F800800DB1C5F800B05749DFF830
:10D1600060A14846FBF75AFA544905464046FBF78A
:10D1700055FA524906465846FBF750FADAF800309D
:10D1800050490C225343CA18CB58D2E901B9804602
:10D1900053B94D492846FBF72BFB00283FD14B499B
:10D1A0002846FBF743FB05E0012B12D148492846EE
:10D1B000FBF71EFB002832D1BBF1000F0DD1424915
:10D1C0003046FBF715FB50BB40493046FBF72EFBC2
:10D1D0000AE00133F0D13F49E2E7BBF1010F11D181
:10D1E0003B493046FBF704FBC8B9B9F1000F0ED13B
:10D1F00035494046FBF7FCFA88B934494046FBF70D
:10D2000015FB0BE0BBF1FF3FEFD13249DDE7B9F190
:10D21000010F3CD12E494046FBF7EAFA70B3DFF824
:10D22000A4B04FF00109DBF80C00FBF7EFF829463A
:10D23000FBF736F8264920F00040FBF7D9FA002822
:10D240004AD0DBF81000FBF7E1F83146FBF728F88D
:10D250001F4920F00040FBF7CBFA00283CD0DBF858
:10D260001400FBF7D3F84146FBF71AF8184920F0F1
:10D270000040FBF7BDFA78B3CAF80090FB68002BBA
:10D280003FF408AFFA68DAF80030136002E7B9F14A
:10D29000FF3FF3D10F49B1E70000000080842E4129
:10D2A000CC38002028380500C8360020F9DC0500FD
:10D2B0006CDD050019DD050043DD05000AE81C41B1
:10D2C00004CA002030560500CDCCCCBECDCCCC3E1F
:10D2D0009A99193F9A9919BF09F10109B9F1070FF4
:10D2E0000BF10C0B9FD1C9E72DE9F04383B0054644
:10D2F00000AF4FF0FF324FF0FF333B4825F0B2FD57
:10D300003A4E304634F07AFE0346D8B938480268BF
:10D3100051070ED06C4688B06A463649516136498D
:10D320009161032142F8101F4FF4C25104F0A4FD93
:10D33000A54621F003FF6FF0120420460C37BD46CE
:10D34000BDE8F083D6F808803C21D8F80C30304690
:10D3500098470446B8B1264803685A0710D06D466E
:10D3600088B06A46254B5361234BC2E90634042337
:10D3700042F8103F00234FF4015104F07DFDAD460B
:10D3800021F0DCFED9E70D21D8F810303A463046BE
:10D390009847044640B1164803685B07F0D06D46D5
:10D3A00088B06A46164BDEE7002DE9D07868FAF7B8
:10D3B0001FFC0BA3D3E90023FAF7AEFD80463868C3
:10D3C0008946FAF715FC02460B4640464946FAF7ED
:10D3D000C3FAFAF711FF2860D2E700BFAFF300806D
:10D3E0000000000080842E41C43300204038050036
:10D3F00014370020866B05002207060019DD0500A2
:10D40000F306060038B5084D0446294604220748AD
:10D41000A0470422A9180648A047042205F10801E4
:10D420000448A047002038BD502900202C64050086
:10D430003E6405005264050038B5094D09492A6863
:10D4400004462DF077FD6A68074920462DF072FDED
:10D450002046AA6805492DF06DFD002038BD00BFAB
:10D46000502900206664050083640500A26405005D
:10D47000B0B5244D2B6803F00703022B00AF10D981
:10D480006C4688B06A46204B5361204B936103235E
:10D4900042F8103F00234FF4C651284604F0ECFC3C
:10D4A000A5461B4805F034FB041E17DA2B685A0703
:10D4B00011D06D4688B06A46164B5361134BC2E9D2
:10D4C0000634042342F8103F0E4800234FF4015164
:10D4D00004F0D2FCAD462046BD46B0BD0E4805F076
:10D4E00069FA041E07DA2B685B07F4D06D4688B032
:10D4F0006A460A4BE1E70A4907481DF043FA00244F
:10D50000E9E700BF68360020C16405009B6505009F
:10D5100038290020DB640500036505000765050068
:10D5200039D4010098B50E4803685B0700AF0FD5EA
:10D530006C4688B06A460B4B53610B4B93610323D7
:10D5400042F8103F00234FF4C85104F095FCA54663
:10D55000064A074B07CA83E807000020BD4698BD6E
:10D5600068360020336505009265050050290020CB
:10D57000A8A000202DE9F04383B000AF0D4614466B
:10D5800033493A1D80461E462DF0B1FAA8B1D7F8AE
:10D590000490B9F1000F10D1042D06D06FF01504DE
:10D5A00020460C37BD46BDE8F0832A492A4630465E
:10D5B000A047041E11DB0024F2E727493A1D40462C
:10D5C0002DF095FAF0B1D7F80490B9F1000F19D108
:10D5D000042DE3D121492A46E9E7214803685A0787
:10D5E000DED06E4688B06A461E4B53611E4BC2E9C0
:10D5F000063442F8105F4B464FF4015104F03CFCF6
:10D60000B546CDE719493A1D40462DF070FAE0B114
:10D61000D7F80480B8F1000F17D1042DBED11449FA
:10D620002A463046A047041EC5DA0D4803685B074A
:10D63000B6D06E4688B06A460A4B53610A4BC2E9BF
:10D64000063442F8105F4346D6E76FF00104A7E7BF
:10D650003064050050290020426405005429002050
:10D66000683600204F6505008C650500566405008E
:10D6700058290020012938B5044606D1164B174910
:10D680001A682DF057FC00201EE0022920D15568B1
:10D690002846FEF7C3FF2B462844834209D128467B
:10D6A00035F075FB0E4BA0F10A029A420DD90D49D7
:10D6B00005E013F8012B303A092AEED90A49204631
:10D6C0002DF054FC6FF0150038BD034B1860DAE7FD
:10D6D0002DF05AFCF6E700BF5029002066640500D3
:10D6E00076EE36007D6505006D650500012938B5CB
:10D6F000044606D1164B17495A682DF01BFC002032
:10D700001EE0022920D155682846FEF787FF2B46E8
:10D710002844834209D1284635F039FB0E4BA0F14D
:10D720000A029A420DD90D4905E013F8012B303A4F
:10D73000092AEED90A4920462DF018FC6FF0150091
:10D7400038BD034B5860DAE72DF01EFCF6E700BF4A
:10D75000502900208364050076EE36007D650500C3
:10D760006D650500012938B5044606D1164B1749E9
:10D770009A682DF0DFFB00201EE0022920D15568B9
:10D780002846FEF74BFF2B462844834209D1284602
:10D7900035F0FDFA0E4BA0F11E029A420DD90D494B
:10D7A00005E013F8012B303A092AEED90A49204640
:10D7B0002DF0DCFB6FF0150038BD034B9860DAE705
:10D7C0002DF0E2FBF6E700BF50290020A26405001F
:10D7D000625101007D6505006D650500012910B5E8
:10D7E000044609D9526806492DF0C0FB20462DF0A9
:10D7F000CBFB6FF0150010BD2DF0C6FB0020FAE743
:10D80000AB650500B0B5514C421C236800AF062A39
:10D8100000F28A80DFE802F0043253646D767F0004
:10D8200003F00703022B0FD96D4688B06A46484BB8
:10D830005361484B9361032342F8103F43484FF430
:10D84000C6512BF004FDAD4600201FF0B5FD98B188
:10D8500023685A0710D06C4688B06A463E4B536125
:10D860003C4BC2E90630042342F8103F4FF401510B
:10D8700036482BF0ECFCA546BD46B0BD03F00703CF
:10D88000022B0FD96D4688B06A46344B5361314B39
:10D890009361032342F8103F2C484FF4C6512BF0FC
:10D8A000D6FCAD4600201FF041FE0028E4D02368DE
:10D8B0005B07E1D06C4688B06A46294BCFE703F09E
:10D8C0000703022BD8D96C4688B06A46254B5361B2
:10D8D000204B9361032342F8103F4FF4C651C7E732
:10D8E00003F00703022BC7D96C4688B06A461E4B6B
:10D8F000EDE703F00703022BBED96C4688B06A46F9
:10D900001A4BE4E703F00703022BB5D96C4688B045
:10D910006A46174BDBE703F00703022BACD96C46D2
:10D9200088B06A46134BD2E713F0060FA4D06C46BA
:10D9300088B06A46104B5361064BC2E90630042397
:10D9400042F8103F4FF4025192E700BF4C370020DD
:10D95000D2660500CE730500F46605001867050061
:10D960003B6705005E67050082670500A467050048
:10D97000C7670500E96705000C680500014825F048
:10D980004BBA00BFE4390020064BBFF35B8F014662
:10D9900053E8000F43E80012002AF9D1BFF35B8F70
:10D9A000704700BFB4A0002098B50E48036803F08C
:10D9B0000703022B00AF0ED96C4688B06A460A4BAB
:10D9C00053610A4B9361032342F8103F4FF4C65151
:10D9D0002BF03DFCA5460120FFF7D6FFFFF7CEFF59
:10D9E000BD4698BD4C37002022680500E573050050
:10D9F00098B5162900AF1DD0172919D1134803680F
:10DA000003F00703022B0ED96C4688B06A46104B10
:10DA10005361104B9361032342F8103F4FF4C651FA
:10DA20002BF015FCA5460120FFF7AEFFFFF7A6FF80
:10DA3000BD4698BD0548036803F00703022BF2D9E1
:10DA40006C4688B06A46044BE2E700BF4C370020C2
:10DA500039680500F07305006668050098B501296E
:10DA600000AF1ED11B48036803F00703022B0ED939
:10DA70006C4688B06A46184B5361184B9361032378
:10DA800042F8103F4FF4C6512BF0E1FBA546144875
:10DA90002BF0E0FB0120FFF777FFFFF76FFFBD469C
:10DAA00098BD0029FBD10B48036803F00703022B44
:10DAB0000ED96C4688B06A460A4B5361074B936196
:10DAC000032342F8103F4FF4C6512BF0C0FBA5468C
:10DAD0000548DDE74C370020966805000474050012
:10DAE000042A0020B9680500082A002098B50129F9
:10DAF00000AF1ED11B48036803F00703022B0ED9A9
:10DB00006C4688B06A46184B5361184B93610323E7
:10DB100042F8103F4FF4C6512BF099FBA54614482C
:10DB20002BF098FB0120FFF72FFFFFF727FFBD46E3
:10DB300098BD0029FBD10B48036803F00703022BB3
:10DB40000ED96C4688B06A460A4B5361074B936105
:10DB5000032342F8103F4FF4C6512BF078FBA54643
:10DB60000548DDE74C370020DE6805001674050027
:10DB7000FC29002001690500002A002098B5012930
:10DB800000AF1ED11B48036803F00703022B0ED918
:10DB90006C4688B06A46184B5361184B9361032357
:10DBA00042F8103F4FF4C6512BF051FBA5461448E4
:10DBB0002BF050FB0120FFF7E7FEFFF7DFFEBD462D
:10DBC00098BD0029FBD10B48036803F00703022B23
:10DBD0000ED96C4688B06A460A4B5361074B936175
:10DBE000032342F8103F4FF4C6512BF030FBA546FB
:10DBF0000548DDE74C37002026690500287405003C
:10DC0000F429002049690500F829002098B5012968
:10DC100000AF1ED11B48036803F00703022B0ED987
:10DC20006C4688B06A46184B5361184B93610323C6
:10DC300042F8103F4FF4C6512BF009FBA54614489B
:10DC40002BF008FB0120FFF79FFEFFF797FEBD4674
:10DC500098BD0029FBD10B48036803F00703022B92
:10DC60000ED96C4688B06A460A4B5361074B9361E4
:10DC7000032342F8103F4FF4C6512BF0E8FAA546B3
:10DC80000548DDE74C3700206E6905003A74050051
:10DC9000EC29002091690500F029002098B50129A0
:10DCA00000AF1ED11B48036803F00703022B0ED9F7
:10DCB0006C4688B06A46184B5361184B9361032336
:10DCC00042F8103F4FF4C6512BF0C1FAA546144854
:10DCD0002BF0C0FA0120FFF757FEFFF74FFEBD46BD
:10DCE00098BD0029FBD10B48036803F00703022B02
:10DCF0000ED96C4688B06A460A4B5361074B936154
:10DD0000032342F8103F4FF4C6512BF0A0FAA5466A
:10DD10000548DDE74C370020B66905004C74050066
:10DD2000E4290020D9690500E829002098B50129D7
:10DD300000AF1ED11B48036803F00703022B0ED966
:10DD40006C4688B06A46184B5361184B93610323A5
:10DD500042F8103F4FF4C6512BF079FAA54614480B
:10DD60002BF078FA0120FFF70FFEFFF707FEBD4604
:10DD700098BD0029FBD10B48036803F00703022B71
:10DD80000ED96C4688B06A460A4B5361074B9361C3
:10DD9000032342F8103F4FF4C6512BF058FAA54622
:10DDA0000548DDE74C370020FE6905005E7405007C
:10DDB000DC290020216A0500E029002098B501290E
:10DDC00000AF1ED11B48036803F00703022B0ED9D6
:10DDD0006C4688B06A46184B5361184B9361032315
:10DDE00042F8103F4FF4C6512BF031FAA5461448C3
:10DDF0002BF030FA0120FFF7C7FDFFF7BFFDBD464E
:10DE000098BD0029FBD10B48036803F00703022BE0
:10DE10000ED96C4688B06A460A4B5361074B936132
:10DE2000032342F8103F4FF4C6512BF010FAA546D9
:10DE30000548DDE74C370020466A05007074050090
:10DE4000D4290020696A0500D829002098B5012945
:10DE500000AF1ED11B48036803F00703022B0ED945
:10DE60006C4688B06A46184B5361184B9361032384
:10DE700042F8103F4FF4C6512BF0E9F9A54614487B
:10DE80002BF0E8F90120FFF77FFDFFF777FDBD4696
:10DE900098BD0029FBD10B48036803F00703022B50
:10DEA0000ED96C4688B06A460A4B5361074B9361A2
:10DEB000032342F8103F4FF4C6512BF0C8F9A54692
:10DEC0000548DDE74C3700208E6A050082740500A6
:10DED000CC290020B16A0500D02900202DE9F043AB
:10DEE00087B002AF0421384609F05AFABF4A3B68AE
:10DEF0009068BF4DC822424393FBF2F102FB1133FD
:10DF00004FF47A72504313EB00084FEAE07444EB8D
:10DF1000E3742B6803F00703022B19D9E9468AB092
:10DF200002AEB44B7361B44BB3614FF47A72002309
:10DF300040462146FAF7CAFC32460623C6E90801E4
:10DF400042F8103F4FF4435128462BF080F9CD465C
:10DF5000211E4046BCBF00200146C90341EA504192
:10DF600040F2E733C003C0184FF47A724FF0000359
:10DF700041F10001FAF7FAFC02460B464FF0FF317F
:10DF80004FF0FF30CDE900019C4826F051F89C4845
:10DF900032F041FC34F0D0FC4FF47A72A0FB020363
:10DFA00002FB0131C00B40EA41404FF47A7200237A
:10DFB000C90BFAF78BFC01469148164632F065FC16
:10DFC000B1B2904E04468E4832F04CFC736A3279FE
:10DFD000316C003B18BF012343EA0223727943EA04
:10DFE0004223B27943EA8223F27943EAC223327AA6
:10DFF00043EA0233727A43EA4233B27A43EA823323
:10E00000F27A43EAC23396F8442043EA8273327BC1
:10E0100043EAC273B26A003A18BF012243EA4203DC
:10E02000F26A003A18BF012243EA8203326B003AD7
:10E0300018BF012243EAC203726B003A18BF0122E3
:10E0400043EA0213B26B003A18BF012243EA4213BB
:10E05000F26B003A18BF0122003943EA821318BF5D
:10E060000121044343EAC111654832F00EFC3378C4
:10E070000443002B00F03B810021614832F0F0FBAB
:10E0800073780443002B00F0348147F6FF715C483D
:10E0900032F0D2FBB3780443002B00F0328147F614
:10E0A000FF71574832F0C8FBF3780443002B00F0AF
:10E0B0003081FF21524832F0D3FB737B0443002BA5
:10E0C00000F02F814FF6FF714D4832F0CBFBB37B50
:10E0D0000443002B00F02D814FF6FF71484832F0C9
:10E0E000C1FBF37B0443002B00F02B814FF6FF7143
:10E0F000434832F0B7FB337C0443002B00F0298106
:10E100004FF6FF713E4832F0ADFB737C0443002BA9
:10E1100000F027814FF6FF71394832F0A3FB04432A
:10E1200039482BF079F881B2354832F09BFB044333
:10E1300036482BF071F881B2314832F093FB04433A
:10E1400033482BF069F8C1B22D4832F089FB044303
:10E1500030482BF061F8C1B2294832F081FB04430A
:10E160002D482BF059F8C1B2254832F079FB044311
:10E170002A482BF051F8C1B2214832F071FB044318
:10E1800027482BF049F8C1B21D4832F069FB04431F
:10E1900024482BF041F8C1B2194832F061FB044326
:10E1A00021482BF039F8C1B2154832F059FB04432D
:10E1B0001E482BF031F8C1B2114832F051FB044334
:10E1C0001B482BF029F8C1B20D4832F049FB04433B
:10E1D00018482BF021F8C1B2094832F041FB044342
:10E1E00015482BF019F8C1B228E000BFA8A0002004
:10E1F0004C370020D66A05006C730500B837002044
:10E200005C29002068290020C4290020C82900209A
:10E21000CC290020D0290020D4290020D829002092
:10E22000DC290020E0290020E4290020E829002042
:10E23000EC290020F0290020F42900205B4832F06E
:10E240000FFB04435A482AF0E7FFC1B2574832F0A7
:10E2500007FB044357482AF0DFFFC1B2534832F0AE
:10E26000FFFA044354482AF0D7FFC1B24F4832F0B6
:10E27000F7FA044351482AF0CFFFC1B24B4832F0BD
:10E28000EFFA04434E482AF0C7FFC1B2474832F0C4
:10E29000E7FA04436DD100220023C7E900230123DC
:10E2A0003B72FB60414832F0B2FA06463F4832F01A
:10E2B000B0FA23460246314638461FF0FDF90446BF
:10E2C00000286ED02B685B076BD06D4688B002AA21
:10E2D0003C4B53613C4BC2E90630042342F8103FEB
:10E2E0003A484FF401512AF0B2FFAD4659E0317D72
:10E2F000C3E63749B069FAF7DDF8FAF7A1FA01B2D7
:10E30000C5E63349F069FAF7D5F8FAF799FA01B298
:10E31000C7E6316A0846F9F7C5FFFAF7B7FAC1B29E
:10E32000C8E62C49B06CFAF7C5F8FAF7AFFA81B233
:10E33000CAE62849F06CFAF7BDF8FAF7A7FA81B2F5
:10E34000CCE62449306DFAF7B5F8FAF79FFA81B2B6
:10E35000CEE62049706DFAF7ADF8FAF797FA81B278
:10E36000D0E61C49B06DFAF7A5F8FAF78FFA81B23A
:10E37000D2E62B685A0712D06C4688B002AA164B18
:10E380005361114B93616FF00D03D361042342F885
:10E39000103F0E484FF401512AF059FFA5466FF087
:10E3A0000D0420461437BD46BDE8F0835C290020EB
:10E3B000F8290020FC290020002A0020042A00203F
:10E3C000082A0020216B05006C7305004C370020E3
:10E3D0000000C84200007A44036B0500F8B501292B
:10E3E00000AF05460BD9526814492CF0BFFD2846F2
:10E3F0002CF0CAFD6FF015042046BD46F8BDFFF7AE
:10E400006DFD04460028F7D00D4803685B070FD068
:10E410006E4688B06A460B4B53610B4BC2E906341B
:10E42000042342F8103F4FF401512AF010FFB54683
:10E43000064928462CF09AFDDEE700BF446B050034
:10E440004C3700205B6B050063730500766B05009D
:10E45000B0B582B000AFA84833F0D0FDA8B9A74846
:10E4600003685C070ED06C4688B06A46A44B5361C3
:10E47000A44B9361032342F8103F4FF4C2512AF09A
:10E48000E6FEA5466FF0120419E09B4800212AF031
:10E49000C9FE0446B8B1994803685A070FD06D46C3
:10E4A00088B06A46984B5361964BC2E90634042300
:10E4B00042F8103F4FF401512AF0C9FEAD46204604
:10E4C0000837BD46B0BD01463A1D8B482AF0A1FE73
:10E4D0000446A0B1894803685B07F0D06D4688B058
:10E4E0006A468A4B5361874BC2E90634042342F8DB
:10E4F000103F4FF401512AF0AAFEAD46DFE77868DD
:10E500002AF094FE0446A0B17C4803685D07D6D08B
:10E510006D4688B06A467E4B53617A4BC2E9063439
:10E52000042342F8103F4FF401512AF090FEAD460B
:10E53000C5E70246796877481CF0E4FE0446A0B1BE
:10E540006E4803685907BAD06D4688B06A46724B68
:10E5500053616C4BC2E90634042342F8103F4FF478
:10E5600001512AF074FEAD46A9E702466B4969489D
:10E5700032F016FB0446A0B1604803685A079ED0EB
:10E580006D4688B06A46664B53615E4BC2E90634FD
:10E59000042342F8103F4FF401512AF058FEAD46D3
:10E5A0008DE75C480A211CF013FF0446A0B15348D4
:10E5B00003685B0783D06D4688B06A46594B536148
:10E5C000504BC2E90634042342F8103F4FF4015186
:10E5D0002AF03DFEAD4672E7534D4E4829681CF0C7
:10E5E0001FFF0446A8B1454803685D073FF467AFC5
:10E5F0006D4688B06A464D4B5361424BC2E90634C2
:10E60000042342F8103F4FF401512AF020FEAD469A
:10E6100055E769683F481CF02BFF0446B0B1374B03
:10E620001B6859073FF44BAF6D4688B06A46404BB4
:10E630005361344BC2E90630042342F8103F2F489F
:10E640004FF401512AF003FEAD4638E731481CF083
:10E6500037FF0446A8B1294803685A073FF42FAF93
:10E660006D4688B06A46334B5361264BC2E9063487
:10E67000042342F8103F4FF401512AF0E8FDAD4663
:10E680001DE71D4801212AF0CDFD0446A8B11B4815
:10E6900003685B073FF413AF6D4688B06A461A4BB8
:10E6A0005361184BC2E90634042342F8103F4FF47B
:10E6B00001512AF0CCFDAD4601E70F483A1D01217A
:10E6C0002AF0A7FD0446002836D00C4803685D07F1
:10E6D0003FF4F5AE6D4688B06A460C4B5361094B6A
:10E6E000C2E90634042342F8103F4FF401512AF0E6
:10E6F000AEFDAD46E3E600BF883805004C3700208C
:10E70000866B0500BE7305009B6B0500C16B0500A1
:10E71000E76B0500B84E0020136C05004DDE0100CC
:10E72000376C0500636C0500A8A00020946C050000
:10E73000C76C0500FC6C050078682AF077FD04467C
:10E74000A8B1A748036859073FF4B9AE6D4688B031
:10E750006A46A44B5361A44BC2E90634042342F831
:10E76000103F4FF401512AF072FDAD46A7E6024674
:10E7700079689E481CF0C6FD0446A8B19848036815
:10E780005A073FF49CAE6D4688B06A46984B536179
:10E79000954BC2E90634042342F8103F4FF401516F
:10E7A0002AF055FDAD468AE6024692498F4832F07E
:10E7B000F7F90446A8B18A4803685B073FF47FAEC7
:10E7C0006D4688B06A468C4B5361874BC2E906346C
:10E7D000042342F8103F4FF401512AF038FDAD46B2
:10E7E0006DE682480A211CF0F3FD0446A8B17C487E
:10E7F00003685D073FF463AE6D4688B06A467F4BA1
:10E800005361794BC2E90634042342F8103F4FF4B8
:10E8100001512AF01CFDAD4651E6296873481CF0F1
:10E82000FFFD0446A8B16E48036859073FF447AEA0
:10E830006D4688B06A46724B53616B4BC2E9063431
:10E84000042342F8103F4FF401512AF000FDAD4679
:10E8500035E6696865481CF00BFE0446A8B16048BF
:10E8600003685A073FF42BAE6D4688B06A46654B85
:10E8700053615D4BC2E90634042342F8103F4FF464
:10E8800001512AF0E4FCAD4619E658481CF018FE88
:10E890000446B0B1524B1B685B073FF410AE6D46A7
:10E8A00088B06A46584B53614F4BC2E90630042387
:10E8B00042F8103F4A484FF401512AF0C8FCAD46D7
:10E8C000FDE5524802212AF0ADFC0446A8B14448B7
:10E8D00003685D073FF4F3AD6D4688B06A464C4B64
:10E8E0005361414BC2E90634042342F8103F4FF410
:10E8F00001512AF0ACFCAD46E1E544483A1D022145
:10E900002AF087FC0446A8B13548036859073FF44C
:10E91000D6AD6D4688B06A463E4B5361324BC2E974
:10E920000634042342F8103F4FF401512AF08FFCC3
:10E93000AD46C4E578682AF079FC0446A8B12848B9
:10E9400003685A073FF4BBAD6D4688B06A46254B55
:10E950005361254BC2E90634042342F8103F4FF4BB
:10E9600001512AF074FCAD46A9E5024679682A48AF
:10E970001CF0C8FC0446A8B1194803685B073FF4C3
:10E980009EAD6D4688B06A46194B5361164BC2E97D
:10E990000634042342F8103F4FF401512AF057FC8B
:10E9A000AD468CE502461D491B4832F0F9F8044695
:10E9B000002835D00A4803685D073FF480AD6D46F6
:10E9C00088B06A460C4B5361074BC2E906340423F6
:10E9D00042F8103F4FF401512AF039FCAD466EE584
:10E9E0004C370020E76B0500BE730500E04D0020AA
:10E9F000136C0500BDDD0100376C0500636C05007C
:10EA0000946C0500C76C0500FC6C05008838050097
:10EA10009B6B0500C16B0500084D00202DDD01003A
:10EA2000A9480A211CF0D4FC0446A8B1A7480368F1
:10EA300059073FF444AD6D4688B06A46A44B536114
:10EA4000A44BC2E90634042342F8103F4FF40151AD
:10EA50002AF0FDFBAD4632E529689B481CF0E0FC3E
:10EA60000446A8B1994803685A073FF428AD6D469B
:10EA700088B06A46984B5361964BC2E9063404232A
:10EA800042F8103F4FF401512AF0E1FBAD4616E584
:10EA900069688D481CF0ECFC0446A8B18B480368FB
:10EAA0005B073FF40CAD6D4688B06A468B4B5361F3
:10EAB000884BC2E90634042342F8103F4FF4015159
:10EAC0002AF0C5FBAD46FAE47F481CF0F9FC044689
:10EAD000A8B17E4803685D073FF4F1AC6D4688B08D
:10EAE0006A467F4B53617B4BC2E90634042342F8EC
:10EAF000103F4FF401512AF0AAFBAD46DFE47948FC
:10EB000003212AF08FFB0446B0B1704B1B685807F5
:10EB10003FF4D5AC6D4688B06A46734B53616D4B7C
:10EB20006A48C2E90634042342F8103F4FF4015109
:10EB30002AF08DFBAD46C2E46A483A1D03212AF053
:10EB400068FB0446A8B16148036859073FF4B7ACB5
:10EB50006D4688B06A46654B53615E4BC2E9063428
:10EB6000042342F8103F4FF401512AF070FBAD46E8
:10EB7000A5E478682AF05AFB0446A8B15348036814
:10EB80005A073FF49CAC6D4688B06A46584B5361B7
:10EB9000504BC2E90634042342F8103F4FF40151B0
:10EBA0002AF055FBAD468AE40246796851481CF0CC
:10EBB000A9FB0446A8B1454803685B073FF47FAC56
:10EBC0006D4688B06A464C4B5361424BC2E90634ED
:10EBD000042342F8103F4FF401512AF038FBAD46B0
:10EBE0006DE402464549434831F0DAFF0446A8B1D6
:10EBF000364803685D073FF462AC6D4688B06A46EC
:10EC00003F4B5361334BC2E90634042342F8103FB3
:10EC10004FF401512AF01BFBAD4650E435480A2160
:10EC20001CF0D6FB0446A8B12848036859073FF4F6
:10EC300046AC6D4688B06A46254B5361254BC2E908
:10EC40000634042342F8103F4FF401512AF0FFFA32
:10EC5000AD4634E4296827481CF0E2FB0446A8B11D
:10EC60001A4803685A073FF42AAC6D4688B06A46D2
:10EC7000194B5361174BC2E90634042342F8103F85
:10EC80004FF401512AF0E3FAAD4618E469681948D7
:10EC90001CF0EEFB0446A8B30C4803685B073FF486
:10ECA0000EAC6D4688B06A460C4B5361094BC2E905
:10ECB0000634042342F8103F4FF401512AF0C7FAFA
:10ECC000AD46FFF7FCBB00BF084D00204C370020CD
:10ECD000636C0500BE730500946C0500C76C0500ED
:10ECE000FC6C0500883805009B6B0500C16B0500B6
:10ECF000E76B0500304C0020136C05009DDC010023
:10ED0000376C0500A3481CF0DBFB0446B0B1A248F9
:10ED100003685D073FF4D3AB6D4688B06A469F4BEE
:10ED200053619F4BC2E90634042342F8103F4FF46D
:10ED300001512AF08CFAAD46FFF7C1BB994833F078
:10ED40005DF900283FF48BAB214696482AF06AFA19
:10ED50000446B8B1904B1B6859073FF4B0AB6D4601
:10ED600088B06A46904B53618D4BC2E9063004234C
:10ED700042F8103F88484FF401512AF068FAAD4636
:10ED8000FFF79DBB01463A1D86482AF042FA044629
:10ED9000B0B1814803685A073FF491AB6D4688B023
:10EDA0006A46824B53617E4BC2E90634042342F823
:10EDB000103F4FF401512AF04AFAAD46FFF77FBBEE
:10EDC00078682AF033FA0446B0B1734803685B07E9
:10EDD0003FF475AB6D4688B06A46754B5361704B16
:10EDE000C2E90634042342F8103F4FF401512AF0DF
:10EDF0002EFAAD46FFF763BB024679686D481CF0FA
:10EE000081FA0446B0B1644803685D073FF457AB2C
:10EE10006D4688B06A46684B5361614BC2E906345F
:10EE2000042342F8103F4FF401512AF010FAAD4686
:10EE3000FFF745BB024661495E4831F0B1FE04462A
:10EE4000B0B15548036859073FF439AB6D4688B0F7
:10EE50006A465B4B5361524BC2E90634042342F8C5
:10EE6000103F4FF401512AF0F2F9AD46FFF727BBEE
:10EE700050480A211CF0ACFA0446B0B14648036879
:10EE80005A073FF41CAB6D4688B06A464D4B536140
:10EE9000434BC2E90634042342F8103F4FF40151BA
:10EEA0002AF0D5F9AD46FFF70ABB474D414829681E
:10EEB0001CF0B6FA0446B0B1374803685B073FF46C
:10EEC000FEAA6D4688B06A46404B5361344BC2E996
:10EED0000634042342F8103F4FF401512AF0B7F9E9
:10EEE000AD46FFF7ECBA696832481CF0C1FA044637
:10EEF000B0B1294803685D073FF4E1AA6D4688B0C8
:10EF00006A46334B5361264BC2E90634042342F868
:10EF1000103F4FF401512AF09AF9AD46FFF7CFBAEE
:10EF200024481CF0CDFA0446B0B11B4803685907C9
:10EF30003FF4C5AA6D4688B06A46184B5361184B1A
:10EF4000C2E90634042342F8103F4FF401512AF07D
:10EF50007EF9AD46FFF7B3BA124801212AF062F9F3
:10EF60000446002836D00C4803685A073FF4A7AA85
:10EF70006D4688B06A460C4B5361094BC2E90634B2
:10EF8000042342F8103F4FF401512AF060F9AD46D6
:10EF9000FFF795BA304C00204C370020FC6C050080
:10EFA000BE730500703805009B6B0500C16B050042
:10EFB000E76B0500584B0020136C05000DDC0100C9
:10EFC000376C0500636C0500A8A00020946C050058
:10EFD000C76C0500AF483A1D01212AF01AF9044612
:10EFE000B8B1AD4B1B685B073FF469AA6D4688B0AA
:10EFF0006A46AA4B5361AA4BC2E90630042342F881
:10F00000103FA5484FF401512AF021F9AD46FFF712
:10F0100056BA78682AF00AF90446B0B19E480368E7
:10F020005D073FF44CAA6D4688B06A469D4B53611C
:10F030009B4BC2E90634042342F8103F4FF40151C0
:10F040002AF005F9AD46FFF73ABA796896480022EA
:10F050001CF058F90446B0B18F48036859073FF4D3
:10F060002EAA6D4688B06A46904B53618C4BC2E91C
:10F070000634042342F8103F4FF401512AF0E7F818
:10F08000AD46FFF71CBA02468949874831F088FD32
:10F090000446B0B1804803685A073FF410AA6D4691
:10F0A00088B06A46834B53617D4BC2E90634042322
:10F0B00042F8103F4FF401512AF0C9F8AD46FFF76E
:10F0C000FEB979480A211CF083F90446B0B17248B0
:10F0D00003685B073FF4F3A96D4688B06A46764B38
:10F0E00053616F4BC2E90634042342F8103F4FF4DA
:10F0F00001512AF0ACF8AD46FFF7E1B929686A483A
:10F100001CF08EF90446B0B1634803685D073FF414
:10F11000D6A96D4688B06A46684B5361604BC2E918
:10F120000634042342F8103F4FF401512AF08FF8BF
:10F13000AD46FFF7C4B969685B481CF099F904460D
:10F14000B0B15548036859073FF4B9A96D4688B076
:10F150006A465B4B5361524BC2E90634042342F8C2
:10F16000103F4FF401512AF072F8AD46FFF7A7B9EE
:10F170004D481CF0A5F90446B0B1474803685A074A
:10F180003FF49DA96D4688B06A464E4B5361444B8F
:10F19000C2E90634042342F8103F4FF401512AF02B
:10F1A00056F8AD46FFF78BB93A4802212AF03AF8F3
:10F1B0000446B0B1384803685B073FF480A96D4648
:10F1C00088B06A46404B5361354BC2E9063404238C
:10F1D00042F8103F4FF401512AF039F8AD46FFF7DD
:10F1E0006EB92C483A1D02212AF013F80446B0B13A
:10F1F000294803685D073FF462A96D4688B06A46F6
:10F20000264B5361264BC2E90634042342F8103FD3
:10F210004FF401512AF01BF8AD46FFF750B978685A
:10F220002AF004F80446B8B11B4B1B6858073FF49A
:10F2300046A96D4688B06A461A4B5361184B16486A
:10F24000C2E90634042342F8103F4FF4015129F07B
:10F25000FEFFAD46FFF733B9024679681B481CF044
:10F2600051F80446A0B30C48036859073FF427A996
:10F270006D4688B06A460D4B5361094BC2E90634AE
:10F28000042342F8103F4FF4015129F0E0FFAD464E
:10F29000FFF715B9703805004C370020C16B050029
:10F2A000BE730500E76B0500804A0020136C050063
:10F2B0007DDB0100376C0500636C0500946C050074
:10F2C000C76C0500FC6C05009B6B0500A84900207D
:10F2D000AF49B048002231F063FC0446B0B1AE48FB
:10F2E00003685A073FF4EBA86D4688B06A46AB4BFB
:10F2F0005361AB4BC2E90634042342F8103F4FF48C
:10F30000015129F0A4FFAD46FFF7D9B8A1480A2161
:10F310001CF05EF80446B0B19F4803685B073FF4F9
:10F32000CEA86D4688B06A469E4B53619C4BC2E99D
:10F330000634042342F8103F4FF4015129F087FFAF
:10F34000AD46FFF7BCB8296892481CF069F804463E
:10F35000B0B1914803685D073FF4B1A86D4688B02D
:10F360006A46914B53618E4BC2E90634042342F83E
:10F37000103F4FF4015129F06AFFAD46FFF79FB8E7
:10F38000696884481CF074F80446B0B18248036888
:10F3900059073FF494A86D4688B06A46834B536181
:10F3A0007F4BC2E90634042342F8103F4FF4015169
:10F3B00029F04DFFAD46FFF782B876481CF080F883
:10F3C0000446B0B1744803685A073FF478A86D4604
:10F3D00088B06A46764B5361714BC2E90634042308
:10F3E00042F8103F4FF4015129F031FFAD46FFF7CD
:10F3F00066B87048032129F015FF0446B0B166488D
:10F4000003685B073FF45BA86D4688B06A466A4BA9
:10F410005361634BC2E90634042342F8103F4FF4B2
:10F42000015129F014FFAD46FFF749B861483A1D74
:10F43000032129F0EEFE0446B0B1574803685D078A
:10F440003FF43DA86D4688B06A465C4B5361544B0F
:10F45000C2E90634042342F8103F4FF4015129F069
:10F46000F6FEAD46FFF72BB8786829F0DFFE0446BC
:10F47000B0B14948036859073FF421A86D4688B0E8
:10F480006A464F4B5361464BC2E90634042342F8A7
:10F49000103F4FF4015129F0DAFEAD46FFF70FB8E7
:10F4A0000246796847481BF02DFF0446B8B13A4B35
:10F4B0001B685A073FF403A86D4688B06A46424B62
:10F4C0005361374BC2E90630042342F8103F3248FB
:10F4D0004FF4015129F0BBFEAD46FEF7F0BF0246E6
:10F4E0003A49384831F05CFB0446B0B12A48036819
:10F4F0005B073EF4E4AF6D4688B06A46274B536124
:10F50000274BC2E90634042342F8103F4FF401515F
:10F5100029F09DFEAD46FEF7D2BF2A480A211BF016
:10F5200057FF0446B0B11C4803685D073EF4C7AFFF
:10F530006D4688B06A461B4B5361194BC2E90634CD
:10F54000042342F8103F4FF4015129F080FEAD46EC
:10F55000FEF7B5BF29681B481BF062FF0446002870
:10F5600036D00D48036859073EF4A9AF6D4688B000
:10F570006A460D4B53610A4BC2E90634042342F834
:10F58000103F4FF4015129F062FEAD46FEF797BFE0
:10F59000EDDA0100A84900204C370020376C050047
:10F5A000BE730500636C0500946C0500C76C050014
:10F5B000FC6C0500703805009B6B0500C16B0500F5
:10F5C000E76B0500D0480020136C05005DDA0100F0
:10F5D00069681D481BF04CFF0446B0B11B48036826
:10F5E0005A073EF46CAF6D4688B06A46184B5361BB
:10F5F000184BC2E90634042342F8103F4FF401517E
:10F6000029F025FEAD46FEF75ABF0F481BF058FF04
:10F61000044600283EF453AF0C4803685B073EF4F1
:10F620004EAF6D4688B06A460B4B5361094BC2E939
:10F630000634042342F8103F4FF4015129F007FE2D
:10F64000AD46FEF73CBF00BFD04800204C3700203D
:10F65000C76C0500BE730500FC6C05002DE9F04F7A
:10F66000994C97B0236803F00703022B00AF0FD922
:10F670006D4688B06A46954B5361954B9361032361
:10F6800042F8103F4FF4C651204629F0E0FDAD4648
:10F69000904829F0DFFDDFF840B2DBF80850012187
:10F6A0002B685846984700214FF4803024F0D8F951
:10F6B00001216B6858469847FEF7CAFED8B1236807
:10F6C000590710D06D4688B06A46844B5361804B11
:10F6D000C2E90630042342F8103F7B484FF4015141
:10F6E00029F0B5FDAD46002383F31188BFF36F8F7A
:10F6F0000323184602DF7A4E304632F07FFC0028A2
:10F7000031D123685A070FD06D4688B06A46754BD1
:10F710005361754B9361032342F8103F6A484FF4DD
:10F72000C25129F094FDAD466FF0120523685B07C6
:10F7300010D0E84688B06A466C4B5361644B62480F
:10F74000C2E90635042342F8103F4FF4015129F075
:10F750007EFDC546002383F31188BFF36F8F03231B
:10F76000184602DF44E1D6F808806149D8F8003035
:10F770000022304698470546A0B123685B07D5D0E4
:10F78000E84688B06A465B4B5361574B4E48C2E926
:10F790000635042342F8103F4FF4015129F057FD7C
:10F7A000C546C3E7D8F8043030469847054638B117
:10F7B00023685807BAD0E84688B06A464E4BE3E75C
:10F7C000D8F8183007F10C013046984723680546F1
:10F7D00030B15907AAD0E84688B06A46474BD3E70C
:10F7E00003F00703022B11D96D4688B0FB686A4607
:10F7F000434951613C493448C2E90613042342F8A5
:10F80000103F4FF4035129F022FDAD46B368344850
:10F81000DB6907F10A0198472368054630B15A07AA
:10F8200084D0E84688B06A46364BADE703F007035C
:10F83000022B11D96D4688B07B896A4632495161E5
:10F8400029492148C2E90613042342F8103F4FF426
:10F85000035129F0FCFCAD46B36821481B6A07F14F
:10F86000100198472368054638B15B073FF45EAF47
:10F87000E84688B06A46254B86E703F00703022B6B
:10F8800011D96D4688B03B696A46214951611649D4
:10F890000D48C2E90613042342F8103F4FF4035108
:10F8A00029F0D5FCAD46B3680D485B6A07F1140139
:10F8B00098472368054678B358073FF437AFE846C2
:10F8C00088B06A46134B5FE74C370020216D050076
:10F8D000E0730500C429002010380500396D0500CB
:10F8E00080370500866B0500AF7305003F6F05008C
:10F8F000F1D901005F6D0500876D0500B56D05004C
:10F90000E36D0500FB6D0500276E05003D6E0500EB
:10F91000686E05007D6E050003F00703022B11D908
:10F920006D4688B07B696A46A1495161A149A248E8
:10F93000C2E90613042342F8103F4FF4035129F0A3
:10F9400086FCAD46B3689D489B6A07F118082022E3
:10F95000414698472368054638B159073FF4E6AE5B
:10F96000E84688B06A46964B0EE703F00703022B81
:10F9700013D96D468AB06A46924B53618D4B8E48BF
:10F98000C2E9063840F2013313848F4B42F8103F2E
:10F990004FF4135129F05BFCAD46B3688748DB6A2E
:10F9A00007F138082022414698472368054638B1B8
:10F9B0005A073FF4BBAEE84688B06A46834BE3E69D
:10F9C00003F00703022B13D96D468AB06A46804BB9
:10F9D0005361784B7848C2E9063840F2013313840A
:10F9E000794B42F8103F4FF4135129F030FCAD46EB
:10F9F000784800211DF0D6FCD8B123685D0710D0EF
:10FA00006D4688B06A46744B5361744BC2E9063048
:10FA1000042342F8103F68484FF4015129F017FCC5
:10FA2000AD46002383F31188BFF36F8F032318467D
:10FA300002DF00201DF0C0FCD8B12368590710D0A8
:10FA40006D4688B06A46664B5361644BC2E9063026
:10FA5000042342F8103F58484FF4015129F0F7FBB6
:10FA6000AD46002383F31188BFF36F8F032318463D
:10FA700002DF0120FDF788FF236803F00703022B54
:10FA80000FD96D4688B06A46564B5361534B93610C
:10FA9000032342F8103F48484FF4C65129F0D7FBE2
:10FAA000AD46DBF8085050482B68002198470021EC
:10FAB0004FF4A47023F0D4FF00216B684A489847A4
:10FAC0004A484FF42032002323F0CCF910F10B0FF9
:10FAD0008046D1D0C8B123685A0710D06D4688B08F
:10FAE0006A46434B53613D4BC2E90630042342F85A
:10FAF000103F31484FF4015129F0A9FBAD460021D8
:10FB00004FF4004023F0ACFFB6E700214FF4803003
:10FB100023F0A6FF4046FDF737FF786032F00CFF78
:10FB2000DFF8D0904FF47A72A0FB020302FB0131A0
:10FB3000C30BD9E9005043EA4143AB424FEAD1310C
:10FB400081412D4DC0F21681DFF8B080404632F081
:10FB500055FA4FF47A7200285AD123685B070FD008
:10FB6000E84688B06A46264B5361264B93610323CF
:10FB700042F8103F10484FF4C25129F068FBC546C7
:10FB80006FF015032268520700F0F480E84688B051
:10FB90006A461D4951611D490748C2E906130423FD
:10FBA00042F8103F4FF4015129F051FBC546E1E006
:10FBB000A86E0500AF7305004C37002080370500A4
:10FBC000BD6E0500E96E050004000001FD6E050034
:10FBD0002A6F050005D80100646F0500E073050079
:10FBE000F4660500876F050010380500E439002031
:10FBF000916F0500C848002068290020B83805002A
:10FC0000B26F05009D7305009E700500AA73050084
:10FC1000D8F808A007F11401DAF8003040469847F8
:10FC20000346D8B12268500712D0E84688B06A4629
:10FC30001349516113491448C2E9061304213B607A
:10FC400042F8101F4FF4015129F001FB3B68C546F3
:10FC50000122EA7340F201122A8293E7DAF80430B3
:10FC600042F2283207F1180140469847034678B11E
:10FC700022685107ECD0E84688B06A460349D8E7C5
:10FC8000D26F05009D7305004C37002005700500FC
:10FC9000DAF80830BA6907F1380140469847236816
:10FCA00003F00703022B3CD9E84688B079696A461D
:10FCB000BB4B5361BB4BBC484FF0040AC2E9063151
:10FCC00042F810AF4FF4035129F0C1FA226802F054
:10FCD0000702022AC54624D988B0B9696A46B14BE1
:10FCE000B2485061C2E90631AF4842F810AF4FF454
:10FCF000035129F0ACFA226802F00702022AC54635
:10FD00000FD988B0B96B6A46A64BA9485061C2E9C1
:10FD10000631A54842F810AF4FF4035129F097FA85
:10FD2000C54632F009FE4FF47A7CA0FB0C030CFBB5
:10FD30000131C30B9F4843EA41431B184FEAD131BD
:10FD40004FF0000241F10001C9E90031EA732A8253
:10FD50007869F8F75BFB9849F8F760FC2865B869A3
:10FD6000F8F754FB9449F8F759FC6865B86BF8F755
:10FD70004DFBA865914807F1380130F007FF0028D6
:10FD800000F0348123685B0710D0E84688B06A46EB
:10FD90008B4B53618B4BC2E90630042342F8103F72
:10FDA00081484FF4015129F052FAC5464FF001083D
:10FDB00085F80480844807F1380130F0E7FE002818
:10FDC00000F033812368590710D0E84688B06A46AE
:10FDD0007B4B53617B4BC2E90630042342F8103F52
:10FDE00071484FF4015129F032FAC5464FF001082D
:10FDF00085F80580754807F1380130F0C7FE002806
:10FE000000F0318123685A0710D0E84688B06A466E
:10FE10006B4B53616B4BC2E90630042342F8103F31
:10FE200061484FF4015129F012FAC5464FF001081C
:10FE300085F80680664807F1380130F0A7FE0028F3
:10FE400000F02F8123685B0710D0E84688B06A462F
:10FE50005B4B53615B4BC2E90630042342F8103F11
:10FE600051484FF4015129F0F2F9C5464FF001080D
:10FE700085F80780574807F1380130F087FE0028E1
:10FE800000F02D812368590710D0E84688B06A46F3
:10FE90004B4B53614B4BC2E90630042342F8103FF1
:10FEA00041484FF4015129F0D2F9C5464FF00108FD
:10FEB00085F80880484807F1380130F067FE0028CF
:10FEC00000F02B8123685A0710D0E84688B06A46B4
:10FED0003B4B53613B4BC2E90630042342F8103FD1
:10FEE00031484FF4015129F0B2F9C5464FF00108ED
:10FEF00085F80980394807F1380130F047FE0028BD
:10FF000000F0298123685B0710D0E84688B06A4674
:10FF10002B4B53612B4BC2E90630042342F8103FB0
:10FF200021484FF4015129F092F9C5464FF00108DC
:10FF300085F80A802A4807F1380130F027FE0028AA
:10FF400000F027812368590710D0E84688B06A4638
:10FF50001B4B53611B4BC2E90630042342F8103F90
:10FF600011484FF4015129F072F9C5460123EB7293
:10FF700023685A0700F02D81E84688B06A46194B7D
:10FF80005361194B93616FF00403D361042342F86A
:10FF9000103F05484FF4015129F059F9C54618E1C1
:10FFA000387005009D7305004C3700205A7005001D
:10FFB0007C700500002E930200007A44B84E0020A9
:10FFC000C17005008D730500E04D0020084D002034
:10FFD000304C0020584B0020804A0020A8490020C7
:10FFE000D0480020AB710500AA730500226897F87D
:10FFF0003830287102F0070283F00103022A6B6295
:020000040002F8
:1000000010D9E84688B06A46B4495161B449B54848
:10001000C2E90613042342F8103F4FF4035129F0BC
:1000200016F9C5464FF00008C4E6226897F8383044
:10003000687102F0070283F00103022AAB627FF6C7
:10004000D9AEE94688B06A46A7495161A449A54896
:10005000C2E90613042342F8103F4FF4035129F07C
:10006000F6F8CD46C6E6226897F83830A87102F057
:10007000070283F00103022AEB627FF6DBAEE9465A
:1000800088B06A469949516195499648C2E9061374
:10009000042342F8103F4FF4035129F0D8F8CD461D
:1000A000C8E6226897F83830E87102F0070283F05A
:1000B0000103022A2B637FF6DDAEE94688B06A466B
:1000C0008B49516186498748C2E90613042342F8E7
:1000D000103F4FF4035129F0BAF8CD46CAE6226822
:1000E00097F83830287202F0070283F00103022AE1
:1000F0006B637FF6DFAEE94688B06A467D495161A1
:1001000077497848C2E90613042342F8103F4FF4B8
:10011000035129F09CF8CD46CCE6226897F8383098
:10012000687202F0070283F00103022AAB637FF6D4
:10013000E1AEE94688B06A466F495161684969484D
:10014000C2E90613042342F8103F4FF4035129F08B
:100150007EF8CD46CEE6226897F83830A87202F0D5
:10016000070283F00103022AEB637FF6E3AEE94660
:1001700088B06A466149516159495A48C2E9061333
:10018000042342F8103F4FF4035129F060F8CD46A4
:10019000D0E6226897F83830E87202F0070283F060
:1001A0000103022A2B6410D9E94688B06A465449F3
:1001B00051614B494B48C2E90613042342F8103FF2
:1001C0004FF4035129F043F8CD46B8F1000F7FF406
:1001D000CFAEB3684B48DB6807F138019847236816
:1001E000814668B35B0710D0E84688B06A46464B44
:1001F0005361464B3B48C2E90639042342F8103F9D
:100200004FF4015129F023F8C54640F20113AB81A8
:100210000123AB7323685A0700F0B180E84688B029
:100220006A463B4B53613B4B2E48C2E906390423D7
:1002300042F8103F4FF4015129F009F8C5469EE0FD
:1002400003F00703022B12D9E84688B097F838303C
:100250006A46314951612D492248C2E906130423F7
:1002600042F8103F4FF4035128F0F1FFC546B36840
:1002700024481B6907F1140198472368814630B16F
:100280005807C2D0E84688B06A46244BB0E703F06E
:100290000703022B11D9E84688B0BB8A6A46204979
:1002A00051611A490F48C2E90613042342F8103F6E
:1002B0004FF4035128F0CBFFC546B36811485B6982
:1002C00007F1180198472368814668B359079CD005
:1002D000E84688B06A46134B8AE700BFEB7005001A
:1002E0008D7305004C370020037105001B7105005C
:1002F000337105004B710500637105007B710500CA
:100300009371050080370500D17105007E730500EB
:10031000A0720500AA730500F871050013720500AC
:100320003A7205005672050003F00703022B11D93B
:10033000E84688B03B8B6A466B4951616B496C4813
:10034000C2E90613042342F8103F4FF4035128F08A
:100350007EFFC5460023AB81AB7397F8383085F834
:100360004430B88AF8F752F86249F8F757F9A864A8
:10037000388BF8F74BF85F49F8F750F9E86400223A
:100380005D4B11461046FCF72BFE236800284BD02E
:100390005B0710D0E84688B06A46584B5361584B0B
:1003A000C2E90630042342F8103F51484FF401518E
:1003B00028F04DFFC5464FF00109524885F80090DE
:1003C000FCF792FF2368002847D0590710D0E84671
:1003D00088B06A464C4B5361494BC2E9063004234E
:1003E00042F8103F42484FF4015128F030FFC54613
:1003F00001236B7040F201136B8023685A0753D0BE
:100400006D4688B06A46414B5361414B93616FF032
:100410000403D361042342F8103F35484FF40151DF
:1004200028F015FFAD463FE003F00703022B11D97A
:10043000E84688B06B696A463649516130492C48B4
:10044000C2E90613042342F8103F4FF4035128F089
:10045000FEFEC5464FF00009AFE703F00703022B8D
:100460001AD9A8690021F7F71DFFE8468AB0EA46C5
:10047000294BCAF81430224BCAF81830F7F7CAFBD8
:1004800052460623CAE9080142F8103F18484FF4C3
:10049000435128F0DCFEC54600236B7040F2011387
:1004A0006B80B9F1000FA8D17B68002B3FF4E4AA60
:1004B000FDF714FD00283FF4DFAA23685B073FF433
:1004C000DBAA6D4688B06A46144B5361104BC2E9F3
:1004D0000630042342F8103F05484FF4015128F03C
:1004E000B6FEAD46FFF7C8BA7E7205007E73050002
:1004F0004C37002000007A447C290020C57205009A
:100500007173050080290020FE720500407305000C
:10051000AA730500EA720500237305005B6B0500F2
:1005200030B50D4DC0430A44914201D1C04330BDA6
:1005300011F8013B83EA000404F00F0455F824404D
:1005400084EA101080EA131303F00F0355F82330E8
:1005500083EA1010E8E700BF2446050010B5094CF7
:100560000A44914200D110BD11F8013B58400309E3
:100570000001E35CC0B2434018091B01205CDBB200
:100580005840EEE7B57405002DE9F04F91B08407AF
:10059000009302F004030293C2F3C20303F10103C8
:1005A000DDF86890039205460E46059340F0BA8147
:1005B000041D30B1072909D86FF01B0011B0BDE848
:1005C000F08F01F00706341DC6F10806009B4FF0BE
:1005D0000008591E4FF0040A4FF0FF330193CDF885
:1005E00010804746C34653460DB1009A22600598D5
:1005F000002800F3E8809848009A824203D3974885
:100600008242C0F0E080039AA4EB050E92074FEA05
:100610009E0000F103810F2F00F2B180002D00F049
:10062000058107F140020DEB020C019A0CF8200C39
:100630000CF8102C049801300490E7E07A285DD87B
:100640004B280ED8472859D829282DD8252852D0EC
:1006500054D820287AD02338D0F1000B4BEB000B74
:1006600074E04C382E2849D8DFE800F0704848483C
:1006700048484848484848484B48484848484848F7
:100680004859484B4B595959704B6D487048184B55
:10069000184848827F4B48484B487F0000204FF065
:1006A000000B4FF0040A38E02A38C0B2012202FAE7
:1006B00000F010EA0E0F49D110F0625C2FD110EA61
:1006C000020B43D06046013C5444B4FBFAF40AFBED
:1006D00004F4002D61D0A3EB050CA444B4453FF60F
:1006E0006BAF002868D1042B47D159F8043B236035
:1006F000043404232AE0019A013A01924FF0000BDE
:1007000024E011F8010C6C2834D111F8023C0020CF
:100710006C2B8346C5D14FF0080A5346D3E709F145
:10072000070929F007090734F9E802AB24F00704A8
:1007300035B106982044B0423FF63EAFC4E900AB65
:1007400008344FF0000B4FF0080A534611F8010F20
:10075000002878D0BBF1000F7FF470AF2528F5D1C9
:10076000019B013301934FF0010B4FF0040AECE7BA
:10077000584694E700208346A5E7082B02D06FF087
:1007800015001BE709F1070929F00709F9E8022319
:10079000C4E9002308340823D8E768B9042B02D140
:1007A00009F10409A4E7082BE9D109F1070929F0A7
:1007B000070909F10809EDE7059A013A059259F888
:1007C000042B009210E7039A900720D5A4EB050EA6
:1007D0004FEA9E004FF0010CBEF5007FCFD20F2FE5
:1007E000CDD8F5B107F140020DEB020EC0B2019A6F
:1007F0000EF8200C0EF8102CBCF1000F3FF41AAFCD
:1008000060F07F000EF8200C08F101080137C5F1F7
:100810000802043406924FF6DA7E97E74FF0000C98
:10082000DAE7BCF1000F01D00136EFE7029802369B
:100830000028EBD10098CDE90631FBF7EFFEDDE9AA
:1008400006310644E2E7631BB3F5806F97D23DB9EA
:10085000A6F10804E018B1E698340500CC0D0600B6
:10086000029A28609B082B709DF81030C2B1EB7083
:1008700085F80280B8F1000F05D008A80022C5F164
:10088000010C97420ED1C5F101030DF120094FF083
:10089000000A01930DF1300B574512D1601B8DE614
:1008A0006B70E5E710F8013B190608D504EB0C0E58
:1008B000B64503F07F033FF67FAE04F8013B0132FB
:1008C000DFE7B8F1000F03D099F90020002A17DB09
:1008D000029BD3B11AF80B2004F8012B0022019BD4
:1008E00098182044B0423FF667AE99F8000004F82B
:1008F000010B00990392204632F019FA039A14442E
:100900000AF1010A09F10109C6E799F8002055F832
:1009100022300093029B45F822300098FBF77EFEC0
:10092000421CDCE76FF00D0048E600BF2DE9F04FF8
:1009300097B000AF90F802A0D7F880B03B62CBF33D
:10094000C0030446FA62BB61894641B94578007824
:100950000AEB800020444D4517D8A0EB0409E3784A
:10096000FB61BAF1000F02D01BF0010F16D1FB6939
:1009700053BBFB6A1BB13A6A4946204698474D462D
:1009800028465C37BD46BDE8F08F461C3046FBF775
:1009900045FE0130304409F10109DCE72378626843
:1009A0007A62FA6A9900796104EB8301002A40F0C7
:1009B00006814D460E4601EB0A094FF000084E45F0
:1009C00052D101EB0A0610E01BF0020FD1D02378C0
:1009D0009A007A6162687A62FA6A04EB8301002AFB
:1009E0007DD14D4601EB0A0690461BF0050F0CBF6A
:1009F00002230123FB62FB6906EB430A0BF00203AF
:100A0000BB625645BCD016F8021B16F8013C54F8E0
:100A100023909C4B994502D39B4B99453CD3BB6992
:100A2000002B46D0786A28F004FF002841D0974870
:100A3000036813F0060F15D0E9468AB06A46944B56
:100A40005361944B93617B6AC2E9073140F20133F1
:100A50009384914B42F8103F00234FF4325101F040
:100A60000BFACD46023DCCE716F8013BF96254F88B
:100A70002300FBF7D3FDD7F88430F96A01304BB17E
:100A8000D7F8883098453EBFD7F8843023F818004F
:100A900008F10108054492E7BB6923B1786A28F0A0
:100AA000C8FE0028C3D11BF0010F05D1FB6AED1A67
:100AB000A7E7BB6A002BA4D04846FBF7AFFDD7F8E9
:100AC000843053B1D7F8883098453FBFD7F8842099
:100AD000431C22F8183008F10108054491E7BAF1E7
:100AE000000F72D01BF0040872D0D04607F1480006
:100AF000002652463B61B96232F019F9B96A3B6986
:100B000001EB0A02BA62FA69F9695200FA60BA6A3C
:100B100002EB41023A610BF00202BA603A69B96A2B
:100B20008A4257D162787A621BF0020F32440CBFBE
:100B30004FEA580100211BF0010FD2B240F09F8014
:100B40001BF0040F14BF40460020BB616270A07010
:100B5000E1703A6A7969FB6A20469847051EFFF6FC
:100B60000FAFBB6923707B6A6370FB69E37041461A
:100B70003A6AFB6A84F802A007F148009847B0F18E
:100B80000008C0F2B7807B693A6AA9EB0A01C91A6A
:100B9000FB68C91AD7E90A0398470028C0F2AC805D
:100BA000A84408EB00054FF0000B07F1380AB345E5
:100BB00074D300213A6AFB6A08469847E0E6564635
:100BC00007F138004FF0000893E7D046564697E704
:100BD000464695E7BA6A12F8021BBA6212F8015C3F
:100BE000284A54F82500904202D3274A90421ED347
:100BF000BA6932B1786A7B6028F01BFE7B680028F6
:100C00008CD1BA6802BB08F1280207F1300C08F158
:100C10000100944407F1580252FA80F008F10208EA
:100C20000CF8101C5FFA88F800F8105C76E7BA69D7
:100C30003AB1786A7B6028F0FCFD7B6800287FF47D
:100C40006DAF1BF0010F09D006F1280207F130004B
:100C5000711C161806F8205CCEB25FE71BF0040F7B
:100C60003FF45CAF08F1280207F1300008F1010100
:100C700002EB000808F8105C5FFA81F84EE70020EC
:100C800063E700BF98340500CC0D0600C036002095
:100C9000C57405006C750500050000011BF80A30DD
:100CA00087F8373054F82390D7F88430FBB133F805
:100CB0001B803A6AFB6A012107F137009847002838
:100CC0001ADB0544B8F1000F06D14846FBF7A6FC35
:100CD00000F101081FFA88F83A6AFB6A4146484663
:100CE0009847002808DB05440BF1010B5FE7D7F8B4
:100CF0008480DEE7454643E6054641E6014B186041
:100D0000704700BF0C2A002080B505460E461746E6
:100D1000984622F0C3FE034632F0B4FBDFF8189089
:100D2000044649F80030424630463946A84754F850
:100D3000090004F05DF900BF0800000008B5044692
:100D4000EFF31183402383F31288BFF36F8F15F005
:100D50003DFC204604F0F6F8024828F093FD2BF005
:100D600008FEFCE7967505002DE9F047058B044663
:100D70002807904611D4022905F0070540F0CC80E1
:100D8000204629F08BF878B10138218B042811D83E
:100D9000DFE800F0C2106D85950001290CBF45F019
:100DA000100545F02005258388F31188BFF36F8F68
:100DB000BDE8F08701F0070AAA4500F0A5800027EA
:100DC000B9463E46A368002B00F0BC8041F0080104
:100DD000218388F31188BFF36F8FA168002900F089
:100DE000BA800D68002900F0B680D1F8048033463F
:100DF00052462046C047002D76D02B6829461D4616
:100E0000F0E701F007035A1F012A1BD8002221F046
:100E10000701062B276889B2C4E9002209D13B46A5
:100E200003E0628B013262831B68002BF9D141F031
:100E300002012183204629F031F800287AD041F0C0
:100E4000200176E0042B0AD121F0070189B2218329
:100E5000204629F023F810B141F020012183218B95
:100E600001F0070AAA454FD00027B946AAE723692F
:100E700021F0070141F00601062DD3F800902183EF
:100E80002DD1B9F1000F3FD041F00801218388F343
:100E90001188BFF36F8F3A492046C84729E021F0F7
:100EA0000701236941F0040189B2042DD3F80490AD
:100EB0002183E6D000273E464FF0040A82E721F066
:100EC0000701236941F0050189B2052DD3F8089087
:100ED0002183D6D000273E464FF0050A72E700274F
:100EE0003E464FF0060A6DE72B4687E7B9F1000F43
:100EF000D1D1EFF31188402383F31288BFF36F8FB2
:100F0000238B23F008032383258BEA062ED525F0B7
:100F10001003238305F007056669218B002EBFF6B9
:100F200070AF00232768C4E9003321F0070141F0C6
:100F300001012183218B01F0070AAA454FF0000926
:100F40007FF440AF002F9CD041F00801218388F34B
:100F50001188BFF36F8F002FC8D03D6839463346E4
:100F60005246204628F0C6FF2F46F4E7AB067FF531
:100F70001BAF25F02003238305F0070500E700BF22
:100F8000219F04002DE9F7430F4606460821C06A59
:100F9000DFF8509029F0BBF93C68241A80463C6089
:100FA00004EA0905AC4203D8002003B0BDE8F08391
:100FB00008236A462146304629F03EF90028F4D13C
:100FC0006946304629F0ADF940B1BDF80230BDF8B0
:100FD00004203C6005EA090513441D44A4EB080401
:100FE000E0E700BF0000FFFF73B504460821C06AB8
:100FF000124E29F08CF94FF6FF726368ADF80020AD
:101000008DF80620A289191833401344181A0025B8
:1010100060606846ADF80210ADF8045029F06BF935
:101020006946204629F03DFA2046211D29F03DF968
:10103000636828463340A36002B070BD0000FFFF24
:101040002DE9F04F89B0044600AF00F11408404686
:1010500031F0EBF8A06A8368DB689847E062A8B9D2
:10106000A24803685D070ED06C4688B06A46A04B64
:101070005361A04B9361032342F8103F4FF4C251D8
:1010800029F042F9A5466FF015055BE0A06A836878
:10109000DB6898470368013B1F2B08D99348036816
:1010A0005C07F0D06C4688B06A46934BE0E7A06AD4
:1010B000216807F114022EF053FB40B18B480368FE
:1010C0005907E0D06C4688B06A468C4BD0E7A589BA
:1010D0002DB1BB69B5FBF3F203FB125545B1834853
:1010E00003685A07CFD06C4688B06A46844BBFE786
:1010F000E389012B08D87D4803685B07C3D06C46A1
:1011000088B06A467F4BB3E7E36A3D6093F805A079
:101110004FF0FF334FF0FF32404621F097FDE06A79
:10112000082129F0F4F8A9460646E3891FFA85FB51
:101130005B450CD8E3894B4527D1404621F0FEFDA5
:101140006FF02C0528462437BD46BDE8F08FA189F5
:101150002B04891B13FA81F152460823204639607B
:1011600029F078F878B13946204629F09EF809F13F
:10117000010939680823524620461FFA89F929F0E7
:1011800069F80028D6D00135CFE75B450BD1396827
:1011900008235246891B204629F05CF818B93946C5
:1011A000204629F082F839462046FFF7EBFE054637
:1011B00018B1404621F0C2FDC4E73B6863604FEAC6
:1011C00013494FEA0949C4F80890D4E90113994238
:1011D0000FD308233A1D204629F02EF80546002893
:1011E000E7D13B1D13F8012B92454AD10135082D5B
:1011F000F8D163681B0C1B04394620463B6029F07C
:1012000054F8A38939685246204629F023F8051E70
:10121000CFDB636800F0B18003EB06094FF6FF7A7D
:10122000A389C7F800901FFA89F29B1B9A4242D308
:1012300000222E48036803F00703002A68D0022B1F
:101240000ED96D4688B06A462F4B53612F4B936180
:10125000032342F8103F4FF4C65129F055F8AD462C
:1012600063681B0C1B04394620463B6029F01DF8BF
:101270003968204629F026F80546002D00F09B80AD
:1012800097E7391D204629F04CF8626810B9921B87
:1012900062609AE73D89F988E06AC4F808902944B9
:1012A00029F035F848449042A060F0D1002DEED0EE
:1012B0006FF01C05DAE0082307F10C0249462046CE
:1012C00028F0BAFF054600287FF473AF07F10C0140
:1012D000204629F026F820B1BB89534501D13B8A2D
:1012E0000BB1B1449CE70122A3E700BF30370020D7
:1012F000D775050027770500FD7505001E760500EA
:101300003A76050052760500797605001B770500D0
:10131000022B0ED96D4688B06A46574B5361574B26
:101320009361032342F8103F4FF4C65128F0ECFFBD
:10133000AD466168204628F0C5FF054600287FF4C9
:1013400038AF63684E4AA18913400B44A3EB4603B0
:1013500063601340A360204629F0CBF88CE75B1A4A
:101360005246204628F076FF051EFFF622AF08D031
:10137000E26AA36812681344A360D4E901318B4286
:10138000EDD86168A38901EB46029A427FF475AFFC
:10139000DFF8EC90A36801EA090293423FF46DAFD5
:1013A000204628F08FFF054600287FF402AF6368CF
:1013B00003EA0903A360A389A288A3EB46039A4228
:1013C00050D0404621F0BAFC2E4D012323742B68E7
:1013D00003F00703022B43D96E468AB0E189A38943
:1013E0006A46DFF8A490294850614FF00508C2E929
:1013F000069113624FF4235142F8108F284628F0CB
:1014000083FF2B6803F00703022BB54628D98AB067
:1014100063686A461E49C2E90519190C9BB2D1617D
:1014200013624FF4235142F8108F284628F06CFFC6
:101430002B6803F00703022BB54611D98AB0A368C5
:101440006A461449C2E90519190C9BB2D1611362AD
:101450004FF4235142F8108F284628F055FFB54627
:1014600000256FE6204629F02DF80546404621F07C
:1014700065FC002DA8D065E6927605001B77050077
:101480000000FFFF3037002027770500BD760500FC
:10149000D8760500EE7605002DE9F04F93B01D4695
:1014A00000AF037CB96004463A61CBB96E4803686B
:1014B0005B070ED06C4688B06A466C4B53616C4B30
:1014C0009361032342F8103F4FF4C25128F01CFFF0
:1014D000A5466FF00C0630464C37BD46BDE8F08F90
:1014E000C26A0821104628F012FF2946F86010460B
:1014F00028F00DFFA389FA68A3EB8203AB42804674
:10150000C0F0AF801DB13B69002B00F0AA8063687A
:10151000FB6107F1200207F11C012046D7F81CB03F
:1015200028F03CFF06460028D5D13B8CBA68934290
:1015300006D06268FB699A42EBD1002D3AD1CAE726
:1015400007F12001204628F0ECFE0028F1D0B7F882
:1015500022A0BB8C65B39D422CD1E36A1B685B4221
:1015600003F020034FEA1B4B4FEA0B4B7B603B69B8
:101570007B61DA44AB46D7F80490D94528BFD946F9
:101580004B4607F128025146204628F055FE002818
:101590004ED178694A4607F1280131F0FCFB48B981
:1015A0007B69BBEB090B4B44CA447B61E3D192E7F7
:1015B000002B90D0B8F1000F3DD104F1140A4FF088
:1015C000FF324FF0FF33504621F040FBE3899E424B
:1015D00044D0A168626808EB01039A4230D3BB682B
:1015E0003B85FF23798587F82E303A69BD852B46E8
:1015F000204628F01DFF29468346E06A28F087FE32
:10160000A3680344A360BBF1000F0CD107F12800CD
:1016100028F071FE07F12801204628F042FF00283B
:1016200014BF8346AB46504621F088FB5E4652E726
:10163000C0DC06464FE7FB6898441FFA88F8BCE711
:101640002046FFF7D1FC83460028ECD1204628F045
:1016500050FF83460028E6D10136B7E76FF01B0B39
:10166000E1E76FF0150636E730370020BF7505005B
:10167000117705002DE9F04F85B01E4600AF037CC1
:10168000B7F838A0044688469146C3B93248036883
:101690005B070ED06C4688B06A46304B5361304BC6
:1016A0009361032342F8103F4FF4C25128F02CFEFF
:1016B000A5466FF00C001437BD46BDE8F08FC06A38
:1016C000082128F024FEA389A3EB4003B34240D3B2
:1016D000D4F804B0C7F804B0002555455946D7F8EA
:1016E00004B008D963685B451ED13B8943451BD0D4
:1016F0006FF00100DFE707F10802391D204628F0EE
:101700004DFE0028D7D13B89434507D107F1080199
:10171000204628F006FE08B10135ADB262687B684C
:101720009A42DAD15946E0E7BB89002BE0D0AA45BE
:10173000DED87889090CB3424FEA014128BF33460D
:1017400001444A46204628F077FD0028B3D1B889E5
:10175000B1E76FF01500AEE730370020BF75050028
:10176000037705002DE9F047DFF858800446074667
:101770004FF0010914B93846BDE8F08794FAA4F592
:10178000B5FA85F509FA05F32E0108EB05156FEAA0
:10179000030A24EA03042B7B002BEBD058F8063015
:1017A0001B694BB94644042273682846196807EA46
:1017B0000A0700F021FBDDE7284698470028D9D129
:1017C000F0E700BFBC3D050030B51049104889B0B6
:1017D000002231F0F8F80F4D0F4900220023CDE927
:1017E000062300240E23CDE90334CDE901440B4B3D
:1017F00000944FF40062284621F076FE08492846FE
:1018000021F09AFD204609B030BD00BF2518020026
:1018100060600020904F002000F10020651B020056
:1018200038770500014821F0F7BA00BFCC39002015
:101830002DE9F04780461F480F4628F046FF064630
:10184000002830D000252846BDE8F087237B6BB107
:101850002368DB680BB12046984723681B69D3B91E
:10186000636804221968204600F0C6FA0136103475
:101870004C45EBD3B8F1000FE5D0002DE2D028465F
:10188000FFF770FF0546002FF7D000214FF4A4703A
:1018900022F0E6F8F1E7204698470028E0D00AFA5F
:1018A00006F31D43E2E7044CDFF8109005464FF0C5
:1018B000010ADDE7C8A00020BC3D0500CC3D0500C5
:1018C000014B53F8200070477846050008B50346E1
:1018D00008462BB1044A136000F07EFD002008BDCD
:1018E0006FF01500FBE700BF102A002010B5044C74
:1018F000237813B9034821F08FFA0123237010BD18
:101900006DD80020CC39002010B504460B4828F0D3
:10191000DCFE5CB1BFF35B8F094B53E8001F01395C
:1019200043E80012002AF8D1BFF35B8F054831F07D
:1019300056F80548BDE8104021F06EBAC0A000205E
:10194000C4A0002060600020CC3900200020064B9D
:10195000BFF35B8F014653E8000F43E80012002AF3
:10196000F9D1BFF35B8F7047C0A0002070B5FFF7BF
:10197000EDFF084C084E0546B44200D370BD6368C5
:101980005B792BB123685B6813B1294620469847E1
:101990001034F1E7BC3D0500CC3D050010B5044C0A
:1019A0000449204628F082F8034B1C6010BD00BF9C
:1019B0001C36002064460500B8A00020094A0A48E9
:1019C00008B500231370094A1360094A4FF4004117
:1019D0001360FFF77BFFFFF7E1FFBDE8084000F071
:1019E0005BB900BF6ED80020C7A60400C0A00020CD
:1019F000C4A00020014600220148002328F077B847
:101A00001C360020014828F00DB900BF1C3600200C
:101A1000024B0146186828F059B900BFB8A0002051
:101A2000014828F08EB900BF1C3600202DE9F04196
:101A3000354B1878002864D0FFF7E4FF044698B1CE
:101A4000BFF35B8F314B53E8001F013943E80012AD
:101A5000002AF8D1BFF35B8F2D4DDFF8B8804545E4
:101A60002DD32046FFF7D4FF2B4B2C4C1B68002BAB
:101A700019DD30F061FF4FF47A72A0FB020302FB24
:101A80000131C30BD4E9002043EA41439B1A4FEADA
:101A9000D13140F2E93261EB0001934271F1000172
:101AA00001D3FFF763FFD4E9003213F57A7342F1F3
:101AB0000002C4E90032BDE8F041FFF7B1BF6B6836
:101AC0005B793BB121784B0706D52B6821461B6813
:101AD000284698471035C2E720462688C1F3C2073A
:101AE00000F0B8FAC6F382160246002EEDD00028A8
:101AF000EBDB01233946284600F098F9B042E9D3E0
:101B0000E3E7BDE8F08100BF6DD80020C4A000204D
:101B1000BC3D0500CC3D0500C0A000205860002061
:101B200070B50D4D297861B90120FFF781FE0B4C8E
:101B30000B4EB44206D3FFF779FF0028FBD10123F7
:101B40002B7070BD63685B791BB1236820469B686E
:101B500098471034EDE700BF6ED80020BC3D05006B
:101B6000CC3D050000212DE9F0470846FFF760FE57
:101B7000044658B340F267684FF0000931F082FC28
:101B80001B4B1C4A1B58136033B11B4B1B68002BAB
:101B900002DD1A4821F040F9194FDFF860A0002556
:101BA00044B12046FFF7DEFD044618B94FF0FF3878
:101BB0004FF0FF39FFF73AFF064628B9B5B942465C
:101BC0004B46504621F04EF93546E9E74FF0FF38D5
:101BD0004FF0FF39D2E72B689B691BB100221146F9
:101BE000284698471035BD42F5D3E8E7054DFAE79A
:101BF00008000000BCA00020C4A00020CC390020B8
:101C0000CC3D0500BC3D050010B50F4828F05DFD3A
:101C10000E4B1B786BB1EFF31184402383F31288D2
:101C2000BFF36F8FFFF702FF84F31188BFF36F8F4D
:101C300010BD074B1B68002BFAD00028F8D10548CF
:101C4000BDE8104021F0E8B8C4A000206ED8002004
:101C5000BCA00020CC39002010B5064B1B68044600
:101C600098472146A060044827F0BDFFBDE810401A
:101C7000FFF7CABF102A00201C360020044A054B7B
:101C80009B1AB1EBD30F34BF52F8310000207047DC
:101C9000143B0500BC3D05000B480C4B30B51B1A2E
:101CA0000B4CDB0800210430994200D130BD10F804
:101CB0003120256802F0070225F007052A4344F881
:101CC000042B0131F0E700BF143B0500BC3D0500CB
:101CD00060360020F8B50B4F0B4DED1B0646ED08A6
:101CE0000024AC4203D14FF0FF342046F8BD57F832
:101CF000340020B13146FAF77FFC0028F5D00134DA
:101D0000EFE700BF143B0500BC3D050000282DE9AE
:101D1000F047884615461F461DDADFF89890264E94
:101D20004FF0000AA6EB090636095446B24509F100
:101D3000100902D12046BDE8F08759F80C0C3B464B
:101D400000792A464146FFF7E1FF844238BF044646
:101D50000AF1010AEAE7194B194AD21AB5EBD20F78
:101D600026D203EBC5031C79BC4228BF3C46154E66
:101D7000C0B200EB400056F825300722824023EA2B
:101D8000020304F00702824013430021032223FAD6
:101D900002F000F00700814202F1030238BF014661
:101DA0001E2AF4D123F007030B4346F82530C1E780
:101DB0000024DCE7BC3D0500CC3D0500143B0500DC
:101DC000BC3D050060360020F8B5094D094BED1A01
:101DD00006460F46ED080024AC4200D3F8BD0021B2
:101DE00022B23B463046013428F08FFCA4B2F3E720
:101DF000BC3D0500143B050038B50B4BC31A0D461E
:101E00001B111146426801331371436804469971EE
:101E1000FFF7DAFF63681D60636801225A71BDE84D
:101E20003840FFF763BD00BFBC3D050070B141689D
:101E3000097973B1002A17DBCBB20C4951F82200A3
:101E400003EB4303D84000F0070070474FF0FF3129
:101E5000EFE707490748401AB2EBD00F3ABF01EB52
:101E6000C201087918467047042070476036002088
:101E7000143B0500BC3D05002DE9F04F8FB004AFC9
:101E8000C1F34A28B8600D4691467B600C0DB8F14D
:101E9000000F69D0002607F114034FF0040B4FF038
:101EA0000A0AC7F80C80C7E907667E620193CDF87D
:101EB00008B0CDF800A007F11C03F9683246484687
:101EC000FEF734FDB0F5006F034622D32B480368BC
:101ED00013F0060F19D06C468AB0D9F8041004AB81
:101EE000274D5D61274DC3E9065140F2FF7119622C
:101EF0001A4640F201319984234B42F8103F4FF4C7
:101F000032513346FFF7B8FFA5462C37BD46BDE832
:101F1000F08FC0F30A0804F11700184420F00700FE
:101F200080083B60FFF766FD68F35325044690B1D7
:101F30003B68164AC7E9083600F1100107F114039F
:101F4000F961CDE900A3CDF808B0F96807F11C03E9
:101F50004846FEF7EBFC68F353257B68B9682A46D0
:101F6000204628F0F0FBD0E704F1170020F007002E
:101F70008008FFF73FFD0446EDE700BF443700202F
:101F80004D770500E6770500050000011BA704005A
:101F90002DE9F04F87B002AFD7E91069BD6B7960CA
:101FA0000446934698464EB3C7F80C90CDF800907F
:101FB000FA6B334610210020FEF7E6FAB0F5006F09
:101FC00082461CD32048036813F0060F12D06C46DB
:101FD00088B002AA1D4B53611D4B936140F2FF7301
:101FE000D361042342F8103F00234FF40251FFF75E
:101FF00043FFA5461437BD46BDE8F08FB24605F154
:102000001700504420F0070004F007048008FFF791
:10201000F1FC0BF0070BE40044EA8B1444EA4A2479
:1020200044EA0554054640B13EB1CDF80090FA6B44
:10203000334651461030FEF7A7FA796843462246E8
:10204000284628F080FBD5E744370020907705002C
:10205000CC770500406820B1034BC01A40F38F00D5
:1020600070474FF0FF307047603600200EB403B564
:1020700003AB014653F8042B0448019303F0D6FA4E
:1020800002B05DF804EB03B0704700BFAFA70400D7
:10209000CA0605D48B064CBF02490349FFF7E6BFC9
:1020A000704700BF267D0500967805002DE9F04FAA
:1020B00089B09B46149B06939DF84CA0159B0593F5
:1020C000169B179E049304460D469046BAF1000FE6
:1020D00000F09D8006F48073079328F014FB06F04F
:1020E0000209024600283ED091492046FFF7BEFF74
:1020F0000746B9F1000F08D016F0440F35D18D49CD
:102100002A462046FFF7B2FF074406F0010353B109
:10211000894B8A4953F82A20894B2046002A08BF58
:102120001A46FFF7A3FF06F48073002B49D006F090
:102130000803002B63D1B8F1000F66D081494246F5
:102140002046FFF793FF0546069B3D44002B6DD1CB
:10215000049B002B73D1F30700F1E4803146204645
:10216000FFF796FFD8E00746C3E7774B18680028CB
:10217000CAD0764B4FF47A791B68B5FBF3F54FF470
:102180006161B5FBF0F300FB135509FB05F54FF05A
:102190003C0CB3FBF1F201FB1231B5FBF0FEB1FBDD
:1021A000FCF300FB1E550CFB131109FB05F5009118
:1021B000B5FBF0F56649CDE901E52046FFF756FF8E
:1021C000A2E706F00803EBB1624B634953F82A20FB
:1021D0002046FFF74BFF0546B8F1000F05D05949DF
:1021E00042462046FFF742FF0544BBF1000FABD04B
:1021F0005A495A462046FFF739FF0544A4E74FF0F5
:10220000000BE1E706F00805E6E745469CE7BBF171
:10221000010F069B06D1002B64D1049B002B7BD0C1
:1022200000250CE0002BF8D04D485CE04D48069BA3
:102230004D49224627F0CCFA049B002B68D0DFF8EA
:102240002C81DFF82C91049F3146102F204628BFA7
:102250001027FFF71DFF4FF0000B5D4545DC059B88
:1022600049461A782046FFF701FF4FF0010B1BF09B
:10227000070F03D141462046FFF7F8FE5F453BD9E3
:10228000059B494613F80B202046FFF7EFFE0BF1A4
:10229000010BBBF1100FEAD1364920464FF0000B7D
:1022A000FFF7E4FE5A46059B9A5CA2F120015F29E4
:1022B00028BF2E2230492046FFF7D8FE0BF1010B34
:1022C000BBF1100F1DD01BF0070F03D14146204674
:1022D000FFF7CCFE5F455A46E5D841462046FFF75A
:1022E000C5FEEBE71F485546A1E741462046FFF7EC
:1022F000BDFE0BF1010BB0E720492046FFF7B6FE0B
:10230000C5E7059B3B440593049BDB1B04939AD1D3
:10231000BAF1000F7FF41FAF204609B0BDE8F04FBF
:1023200028F038BA064A05492046FFF79FFE15E710
:1023300086E805000A78050088460500B701060012
:10234000057805002F780500D0A00020CCA0002043
:10235000137805009C4605003378050039780500A0
:10236000E5A70400AFA704002D560200467805003B
:102370003E780500487805004A7805004478050055
:1023800073B542F20F738B4228BF0B4605680F4AA4
:1023900004460521684624F00FFF63680C495B681A
:1023A00006460422284628F0E7F963683246694663
:1023B00028465B6828F0E0F9636806495B681722E5
:1023C000284628F0D9F902B070BD00BF4C0A0600BB
:1023D000657805004D780500074A002101239042E9
:1023E00006D8064A01B901231360054B18607047EF
:1023F00040085B000121F2E740420F00CCA0002022
:10240000D0A00020014B002019607047E8A00020F8
:1024100007B500230093084A08494FF48053012070
:1024200020F0B8F8064B01221A70064B064A1A60D3
:1024300003B05DF804FB00BF89D900207A7805005D
:102440006FD80020F4A0002072D800200148FFF7C8
:1024500097BF00BFCC46050010B5064B18680C4668
:10246000FFF72EFA21460346BDE8104002480E222F
:10247000184700BFE8A00020CC460500F8B5094D7C
:10248000094B0A4ED5E9004701221A700CB92C609D
:10249000F8BD214630463A4600F01EF8241A06449C
:1024A000F4E700BFDCA0002070D8002071D8002025
:1024B00010B9074B18707047064B1B781BB142F2DE
:1024C00010702FF096BD4FF4A470002121F0C8BA0F
:1024D0006FD8002070D800202DE9F74F524F01909F
:1024E0003B780C4643B9514F8246019B23449A45A1
:1024F0002BD324EAE4700CE04D4E012501992246CD
:1025000001201FF0ABFFA8B1012333703B7843B922
:10251000204603B0BDE8F08F2846FFF7C9FF6F1EC5
:102520003D46012020F02CF80028F1D03378002B14
:10253000F2D1EDE73378002BEAD0013D2846FFF7D2
:10254000B7FF3378002BD9D1E2E71AF8012B3B68AB
:102550000A2A61D1374DDFF8E0905A1B012A04BFE7
:1025600001333B60D7F80080D9F800B00D2308F89C
:10257000013C08F101020A23BBF1000F3A6088F820
:10258000003029DD2D4B196831BB2A495E46632E88
:10259000A2EB050201F11700A8BF632630F0D5FBBE
:1025A000274A2449254B02F1140052F804CB41F884
:1025B00004CB8242F9D1108892788A7008F118020F
:1025C0000880BBF1090F3A604FF001021A6011DC7C
:1025D000202330366B752E753A681649521B012040
:1025E0001FF03CFF90B9D9F800300133C9F8003032
:1025F0003D607AE70A22B6FBF2F302FB1366303342
:1026000030362B753E236E75EB74E5E70B4A0023DD
:10261000C9F800301360EBE70A498B423EBF591CF2
:1026200039601A7061E700BF70D80020F4A0002064
:102630006FD8002072D80020F0A00020ECA000206D
:102640008178050071D90020014B0360002070479C
:10265000DC46050070B5114B1C680D46DCB1104B13
:10266000196800238B4202DB6FF0010070BD224627
:1026700012F8106B864202D001331446F2E7E0688C
:1026800010B96FF01200F1E72FF0B8FC0028F8D075
:102690002C600020EAE76FF00C00E7E7E02A00205A
:1026A0005448050070B588B005460C46C0B269466E
:1026B0001646FFF7CFFF00281BDB0098C8B1436820
:1026C0000293836822680195CDE903360023CDE9A2
:1026D00006230593C56828F0F5F86DB1284608492A
:1026E00001AA2DF041F8079808B9059B236008B0AE
:1026F00070BD6FF01500FAE76FF01200F7E700BF4A
:1027000091A904002DE9F041836800AF0446002B35
:102710003CD0026AB3FBF2F502FB1535D0E9046840
:102720003DB1006894F82410551B2A46184430F037
:1027300026FBA368E068226846442B4481684D6804
:102740003146A8470546C8B12B480368590711D040
:102750006C468AB06A46294B5361294B1662C2E91E
:102760000635052342F8103F00234FF42151FFF7AF
:1027700083FBA5462846BD46BDE8F081E3695BB909
:102780002369A268134423610023A3600025F1E7B5
:10279000535DDB4353550135A3682268AB42F7D83C
:1027A000E06881680D683146A847054690B1124837
:1027B00003685A07DED06C4688B06A46114B5361F5
:1027C0000F4BC2E90635042342F8103F00234FF4B3
:1027D0000151CCE7E369A168206832469847054675
:1027E0000028CDD0044803685B07C3D06C4688B08E
:1027F0006A46054BE3E700BF60360020C878050055
:10280000C1790500F07805000A790500B0B50446E5
:102810000C4803685B0700AF0FD06D4688B06A466E
:10282000094B5361094B9361032342F8103F002386
:102830004FF4C251FFF720FBAD4600206060BD465B
:10284000B0BD00BF603600202279050099790500EF
:102850002DE9F04F83B000AFD7E90C890D469246C1
:102860001E46044620B319B312B33B6000237B60BD
:102870008A680846D26890470168B6FBF1F201FB0E
:102880001262834621620023C2B1284802685207BF
:102890000ED06C4688B06A46254951612549916140
:1028A000032142F8101F4FF4C251FFF7E5FAA54685
:1028B0006FF00D000C37BD46BDE8F08F3A461E495B
:1028C00028462CF051FF7A68002AF1D008EB090362
:1028D0009A4205D3216AB8FBF1F301FB13837BB164
:1028E000124803685B07E3D06C4688B06A46134B16
:1028F0005361104B9361032342F8103F0023D2E74A
:10290000C4E900A6E5602361A360C4F81480B9F1AE
:10291000000F01D1A2EB0809BB6BC4F81890E3616A
:102920009BF8053084F824300020C3E7603600208F
:1029300046790500AF790500D5A904008179050025
:102940002DE9F0410F4B1C6805460E461746ACB109
:102950004FF0FF324FF0FF330B4820F077F96368F8
:102960003246D3F8088029463B462046C0470446F5
:10297000054820F0E3F92046BDE8F0816FF001043E
:10298000F9E700BFF8A000204439002000230360CD
:10299000044B5A6812B9C3E90000704710605860D0
:1029A000704700BFFCA00020014B1860704700BFBB
:1029B000F8A0002030B585B000230546CDE90233EC
:1029C00001904FF0FF330C484FF0FF3220F03EF9FA
:1029D0000A4B1C684CB9284600F080F904460648AA
:1029E00020F0ACF9204605B030BD636820461B6876
:1029F00001A998472468EDE744390020FCA0002095
:102A00001FB5CDE9010103924FF0FF330A484FF0A3
:102A1000FF3220F01BF9094B1C682CB9064820F046
:102A20008DF9204604B010BD636820461B6801A9DB
:102A300098472468F1E700BF44390020FCA000203B
:102A40002DE9F843254B1F680646002F43D07B68CD
:102A50005B680BB138469847214CDFF88880DFF877
:102A60008890002544450CD3204B1C685CB3DFF8EC
:102A70007880143CCEB92369FBB964691CB3143C5B
:102A8000F8E72EB923695BB9284614340546E9E70F
:102A900020680022314628F02AF80028F2D1F3E716
:102AA00048469847002DEFD1EFE7206800223146D5
:102AB00028F01DF80028DED1DFE740469847002DBA
:102AC00008BF0546D9E77B68DB680BB138469847F5
:102AD0002846BDE8F8836FF00105F9E7F8A000206B
:102AE000CC3D0500443E05004129020004A1002020
:102AF000024B0022C3E90022704700BFFCA0002067
:102B0000024B0022C3E90022FFF7F2BF04A100201C
:102B100070B51B4C1B4E0546B44212D31A4E1B48CF
:102B20004FF0FF324FF0FF3320F090F834687CB163
:102B3000286854F8141C143CF9F75EFDC8B16469A8
:102B4000F5E721682868F9F757FDA8B11434E3E7E1
:102B500000226A61726805F114033AB9C6E90033CC
:102B600000240A4820F0EAF8204670BD1360736024
:102B7000F6E76FF01004F4E76FF01004F4E700BF1D
:102B8000CC3D0500443E050004A10020443900204E
:102B90002DE9F74307460C4609B100230B601F4D92
:102BA000DFF87C9000264D450FD31E4B1D6885B382
:102BB00055F8148C01AA41463846143D27F097FF7A
:102BC00010B3D6B914BB2E461EE0D5F8008001AA7A
:102BD0004146384627F08BFF50B116B954B92E46FE
:102BE00006E031680022404627F081FF0028F5D139
:102BF0001435D8E7019B2360F1E731680022404695
:102C000027F075FF0028DDD16D69D0E7019B2360B7
:102C1000D9E7304603B0BDE8F08300BFCC3D0500E6
:102C2000443E050004A100202DE9F04784B002AF26
:102C30000446D7F8289078600D4616469846B9F1B4
:102C4000000F07D0D9F8001061BBD9F804A0BAF181
:102C5000000F2ED1391D2046FFF79AFF38B3D0F868
:102C600008907868434632462946C8470346F0B183
:102C70001648026852071AD06D468AB002AA144953
:102C800051611362134940F201339384124BC2E93C
:102C9000061442F8103F00234FF43151FFF7ECF8CF
:102CA000AD4604E03A1D27F022FF0028CDD10020D8
:102CB00007E0D9F808300093786843463246294641
:102CC000D0470837BD46BDE8F08700BF80370020F9
:102CD000D9790500027A050005000001F8B5184C05
:102CE000184F06460025BC4208D3174B1C682CB36E
:102CF000143CB6B9E368E3B96469F8E72EB9E36850
:102D00005BB9284614340546EDE7206800223146B9
:102D100027F0EDFE0028F2D1F3E79847002DF0D11F
:102D2000F0E720680022314627F0E1FE0028E1D1DB
:102D3000E2E79847002D08BF0546DDE72846F8BDC5
:102D4000CC3D0500443E050004A1002038B50C4DE3
:102D50000C484FF0FF334FF0FF321FF077FF2B7816
:102D60003BB9FFF7CDFE00F06DF8044610B9012322
:102D70002B70002403481FF0E1FF204638BD00BF40
:102D800089E90020443900202DE9F047048FDFF85D
:102D9000B0A0013498B006468946A4B200F10807F5
:102DA000651EADB2B5F5004F47D04A2305AA2946A6
:102DB000384627F06FFC04F57F543F34A4B28046B8
:102DC000214601230DF10B02384627F063FCB8F1D0
:102DD000000F014610DC002810DC338FAB4209D114
:102DE00032466B1E22F8383F4FF40041022338462A
:102DF000FEF752FB2C46D3E7002808DC294638466C
:102E000027F044FC2146384627F040FCE5E708F16E
:102E100060030DEB0308002308F84C3C5246CDF844
:102E2000009003AB05A80397ADF81040FFF7FCFE38
:102E30000028DFD018B0BDE8F0870020FAE700BF17
:102E40005FAB04007FB50123694606200193FFF7BD
:102E500001FC044660BB02AA01A90620FFF722FC80
:102E6000044610B110F10C0F22D10399B1F5803F47
:102E700023D2009A002394681846084484421AD347
:102E80000133082BF9D10E4DA982EB825368AB6058
:102E90002846D368EB6327F0FAFE044640B9094E92
:102EA0006E602846FFF772FD28466E60FFF77CFDD6
:102EB000204604B070BD9BB2E5E76FF02004F7E751
:102EC0000CA10020142A002010B504462DF072FB3E
:102ED00003490246204628F02DF8002010BD00BF0F
:102EE000337A050073B5134600220192044601AA05
:102EF00058680A2100F0EEFD019D95B920EAE074C2
:102F00004FF40046294640F2E7304FF47A7200232E
:102F1000C4FB0601F5F72AFD20F0A2FD284602B009
:102F200070BD2A460249204628F020F8019DF5E7A9
:102F30005F7A050008B5034A034927F0FBFF00202C
:102F400008BD00BF4F7B0500567B05002DE9F3410E
:102F500017460023044601AAB86801930A2100F02D
:102F6000B9FD019DC6B24DB12A461449204627F04D
:102F7000FDFF019D284602B0BDE8F081042E09D96D
:102F80000F493246204627F0F1FF204627F0FCFF8C
:102F90000125EFE77868FEF79DFEB0F1000804DA3E
:102FA0007A680849204627F0E1FF002133460FFAEE
:102FB00088F2084627F0A9FBDCE700BF797B050013
:102FC000A07B0500B77B050010B5044613F0F4FAAA
:102FD00007490246204627F0ADFF2046054927F065
:102FE000A9FF0548214620F019FE002010BD00BFB2
:102FF000497C0500687C0500FD2F020070B58EB08D
:1030000004460D46D0F8AC602FF0F0FA034630F0DD
:1030100039FA214A21491058214A002B18BF1A4673
:103020000092204A2346844218BF0A4628461E4979
:1030300027F080FFD4E90A23CDE90023284694F93C
:103040000E30227B194927F075FF06A92022204661
:1030500020F082F9636F16490246284627F06AFF7E
:1030600005A920462FF0D2FA024628B11149284678
:1030700027F060FF0EB070BD059B6422F11A4A4331
:103080000091B2FBF6F20C49CDE9016228463246C6
:1030900027F050FFEEE700BF08000000467805006B
:1030A000727C050001870500757C0500817C0500A8
:1030B000AD7C0500C47C0500F17C0500F0B5002561
:1030C00091B00446294608AF1C2209A82FF057FEEC
:1030D000134E1A22202138462FF051FE2146114866
:1030E00020F09CFD07AA4FF4805130462FF082FA61
:1030F000079A0097C2F5805164234B431B0B05933D
:103100004FF48053CDE90313CDE90132204606493F
:103110002B46A6F1400227F00DFF284611B0F0BD66
:10312000806701202D3102003D7D050070B5044609
:10313000D0F8AC6088B00D4607A92FF067FA0246B8
:1031400028B10F49284627F0F5FE08B070BD20468B
:103150002FF04CFA079B0096F11ACDE90131094B8B
:1031600064224A43002818BF0346B2FBF6F2064920
:10317000CDE903622846224627F0DCFEE5E700BFE2
:10318000C47C0500727C0500867D050007B5064AF3
:1031900006481268032300930021012300F038FB46
:1031A000002003B05DF804FB30470500843E0500B5
:1031B00000487047843E050007B5064A0648126875
:1031C000042300930021012300F022FB002003B020
:1031D0005DF804FB60470500B43E050037B5446860
:1031E0000A49226004F108052364002228462FF0D2
:1031F000EAFB41F69A12E46300232846CDE9002356
:1032000020F016FF002003B030BD00BFA7AD0400C2
:1032100010B9034B18707047A420002120F020BC87
:10322000A8E900202DE9F047154ED0F804A0884603
:1032300014461D4604271FF0D9F9224641460020B6
:103240001FF00CF981461FF0DBF9B9F1000F0BD02C
:1032500001233370DAF80030DAF840100120984783
:103260002C600020BDE8F0873378002BF2D0013FBE
:103270003846FFF7CDFF3378002BDCD1EAE700BFFB
:10328000A8E9002010B58368D3F86832DB0704464C
:1032900016D4406803685B689847014608B9A3687C
:1032A0001871A3685B6B0BB120469847A36830F098
:1032B000E9F80022C3F81023034B185801F098FED8
:1032C0006FF00F01EDE700BF0800000010B5816846
:1032D0000446083100F054FDA168034A2046083135
:1032E000BDE8104000F0F2BC0C7E05000EB403B542
:1032F000044904AA019200F09FFB02B05DF804EBC0
:1033000003B07047267D050010B5836802221A714C
:103310008268936B0446EBB982F846308268A2F863
:1033200042308268A2F840308368D3F86832DB0408
:103330000BD50321084B094A28F0B7F8A0686FF4B1
:10334000805100F51A7027F051FD2046BDE810406D
:1033500000F09EBC10BD00BF1A7E0500B70106003C
:103360002DE9F04FA5B00446542200210FA82FF0FC
:1033700006FD00230493A36820464633039328F0F8
:1033800024F8204627F0CFFF18B985496069FFF778
:10339000ADFFA06800271422002108302FF0EFFCB9
:1033A0000DF13C0B4FF0FF38B9463D4602973E46C3
:1033B000BA46049B012B00F09C80142D40F09580B0
:1033C000022B40F09680774B774A01210FE0594657
:1033D000039A022304A827F089FE04995BF8042FBE
:1033E0000392034631B101290AD148B16F4A204600
:1033F00028F05BF86FF00705284625B0BDE8F08F90
:103400002DB35BF8040C00F0DBFC98B167B1A56844
:103410000B9708350AAE0FCE0FC533682B602046D8
:10342000FFF754FF0125E7E7614A0121204628F014
:103430003CF8DFE7029BC3B108F1FF38FEB9049BFB
:10344000B8F1000F01D1022BB3D10135B1E7029BD6
:103450005BB108F1FF3896B9A368DB69002B3BD05C
:10346000DB68002B38D0002633E05BF8041C05AA8B
:10347000504627F00BFF08F1FF38064638B3F368D3
:10348000ABB1A368B64603F1080CBEE80F00ACE888
:103490000F00DEF80030CCF80030B36833B9737C2D
:1034A000FE2B04BF96F8108008F1FF38A946D6F825
:1034B00004C0BCF1000F08D0B646BEE80F000AAF4A
:1034C0000FC7DEF800303B606746B246B7E7002D15
:1034D000C2D001230293B2E7364B0093364A0F9BCA
:1034E0000121204627F0E1FFBDE7B8F1000F7FF48E
:1034F0006EAFBAF1000F0AD09AF81130FE2B06D148
:1035000024AB03EB850353F8543C03B10135A068A9
:10351000436953B9002F3FF46DAFC368BB423FF41A
:103520007EAF0B9700F1080574E7037EA5EB090554
:10353000B3B1417E4FF6FF72FF2918BF0A469D4284
:1035400002D313449D420BD983681C4A01212046B3
:1035500027F0ABFF2046FFF7B9FE6FF015054BE7EC
:10356000012127F079FCA06800F53F7027F08EFC60
:10357000A3680FAA294602EB89025B692046984797
:103580000546A0684FF0FF324FF0FF3300F53F7063
:1035900027F051FCA068002127F05EFC2CE700BF5B
:1035A000267D0500AA7E0500F2E805005E7E050086
:1035B000727E0500967E0500907E0500CE7E050099
:1035C00070B50446806886B0012100F51A7027F0B6
:1035D000FEFBA3681B79022B20D100230193A36873
:1035E00060689E6B03681D6901AB0EB3102202A9CF
:1035F000A847019B93B1A068012127F02DFC019AF7
:1036000002A92046B047A068002127F025FCA36846
:103610009B6B002BE3D12046FFF776FEA0686FF08E
:10362000010100F51A7006B0BDE8704027F0DEBB5E
:1036300001220DF10301A847019B002BEED09DF95B
:1036400003209DF80310A368002AC8DB5A79032AD7
:1036500000F28180DFE802F00278817F0D2940D0FE
:103660000A2921D0B3F868226FF3CA02A3F86822AE
:103670000929A0684AD007D80029B0D0082948D025
:103680000346D3F86432AAE71B293CD07F294BD0EC
:1036900020395E290346F4D827F0D9FB9DF80310A2
:1036A000204600F0BDFA9AE7D3F86822C2F3C702B9
:1036B0002AB1D3F86822C2F3C7020A2AE1D1B3F8CB
:1036C000682261F3CA02A3F86822A568B5F8403001
:1036D0009BB94E496069FFF709FE2046FFF714FECB
:1036E0007DE7D3F86822C2F3C702002AE7D0D3F8F7
:1036F0006822C2F3C7020D2AE0E72046FFF730FE3A
:10370000C5F81403E9E70123437168E7D0F8643290
:1037100065E7D0F864329B077FF561AF27F097FB30
:10372000204627F029FF5AE7D0F864329E077FF53C
:1037300056AF27F08CFBA368D3F864321D07EFD493
:10374000204627F0FAFE4AE75B2902D102225A718D
:1037500045E7D3F864220022F9E700225A71A268F3
:10376000D2F8643298077FF53AAF34290CD8302963
:103770007FF635AFA1F1320303215171022B2FD80F
:10378000DFE803F0323C2A00A1F14303DAB2092A50
:103790003FF625AF092B3FF622AF01A252F823F0E6
:1037A000C9370200D1370200DF350200D9370200E5
:1037B000DF350200E1370200DF350200DF350200AD
:1037C000DF350200E9370200204627F010FE06E749
:1037D000204627F003FE02E7204627F0F6FDFEE62E
:1037E000204627F0EBFDFAE6A068D0F8641201F05D
:1037F000010181F0010127F03AFBF0E6A368D3F85C
:1038000064329B077FF5EBAE9AE700BF267D05008B
:103810002DE9F047044680680F46D0F8101388B0B1
:1038200015461E4600296BD190464FF446722FF084
:10383000A6FAA06800F53F702EF0F7FC4FF42B7A43
:103840004FF41B79A06848442FF02BFAA06800229F
:1038500000EB09030121504409F110092FF0F8F998
:10386000B9F52B7F0AF1140AECD1A36900221A6082
:10387000A068022100F51A7027F0A9FAA368502267
:103880005A85A36818221A85A36822681A60D4F89A
:103890000890D9F8000010B1F8F7C0FE80B289F89E
:1038A0002C00A368184A25F0360565F30708C3F80D
:1038B00064826068036839461D682346A847054648
:1038C000D0B9A36801221A71D4E90A0100220023A9
:1038D000CDE906230E230393109B0495CDE90163E4
:1038E00000940A4B4FF480521FF0FEFDA368C3F80A
:1038F0001003616A1FF020FD284608B0BDE8F0877C
:103900006FF07705F8E700BF3BAE040055390200C1
:1039100010B5044680680379012B15D14FF0FF32B2
:103920004FF0FF3300F53F7027F085FA08496069D2
:10393000FFF7DCFC2046FFF7E7FCA06800F53F70CE
:1039400027F0A4FA002010BD6FF08500FBE700BF50
:10395000267D0500F8B504468068154600F51A7006
:10396000002935D04FF4804127F031FAA368DD6398
:103970006068036800219B689847002844D120466E
:10398000FFF7C6FF00283FD1204E214FA06800F569
:103990002B704FF0FF324FF0FF33032120F082FBFA
:1039A0000546A0684FF0FF324FF0FF3300F53F703F
:1039B0009DB127F040FA20462B46164A012127F0F8
:1039C00074FDA068BDE8F84000F53F7027F05EBACE
:1039D0006FF4804127F00AFAC8E727F02CFA324644
:1039E0000221204627F011FA20463A46294627F0C0
:1039F0000CFA606803685B6903B19847A06800F53A
:103A00003F7027F043FAC1E7F8BD00BF85320200DE
:103A1000C1350200E97E050010B50549044627F0CE
:103A200089FA2046034A002100F050F9002010BD19
:103A3000007F0500547F050010B5044613460A4672
:103A40000146064801F0F2FD23691B7923B12046A7
:103A5000BDE8104027F0EABA10BD00BF45B0040031
:103A600038B50B46154648B91449154A521AB3EBF6
:103A7000920F05D251F82350284638BD84680CB9FE
:103A80000025F9E70F4A94420AD30F4A944207D21D
:103A900018462268294690472B68002BECD1EFE7A7
:103AA0000A4A944202D30A4A944205D32468142253
:103AB0005343E518E358F0E70133F8E7E43E050027
:103AC000203F05001040050010400500203F050084
:103AD00010400500F7B51646027800232D2A04464B
:103AE000019305D16FF015033360002003B0F0BDE2
:103AF0002FF0C8FC0B4F0546C3510A46204601A9CA
:103B000023F0ACFCEB59222B02D16FF02103EBE741
:103B1000002BE7D1019BA342E4D01B78002BE5D01A
:103B2000E0E700BF0C000000014927F0DABB00BF4E
:103B3000267D05002DE9F0478568DFF8689004468A
:103B400005F14600F8F76AFD002395F82C7086B25F
:103B50009846A268558DED1BB54209DB002E1FDD8E
:103B6000463360691049BDE8F0471A4427F0B9BBF5
:103B70001D442A44463392F846A082F84680A26843
:103B800060691A44494627F0ACFBA3682B4483F8CC
:103B900046A0A3685B8DDB1BF61A00272B46D8E7EF
:103BA000BDE8F087F2E80500B70106002DE9F04115
:103BB00083681746B3F842200D46D3F864124632A4
:103BC00013444A07044621D51846F8F727FDDFF8C5
:103BD00048800646A6B9A368B3F84020A3F842205F
:103BE000A06827F08BFB20B107B115B16069FFF722
:103BF0009BFF6942204609B2BDE8F04127F0BFBBF8
:103C00006069414627F06DFB013EE3E7034A082166
:103C100027F04BFCDFE700BF01870500B701060076
:103C200013B583688DF80710D3F864220446D007D3
:103C300025D5B3F84210B3F840208A421FD0481C63
:103C4000A3F842000B449DF8072083F84620A368A0
:103C5000D3F86412890710D5D3F8643260690B4930
:103C600013F0040F18BF2A2227F03BFB204627F051
:103C70005AFB10B16069FFF757FF02B010BD012277
:103C80000DF10701204627F01EFCF6E74A780500F3
:103C900010B58368094A1B680446022127F005FC19
:103CA000A368D3F864329B0707D52046FFF742FF8D
:103CB0002046BDE8104027F04EBB10BDB7010600FE
:103CC000014927F06CBC00BF267D05002DE9F04FAF
:103CD0000E46002189B0044617460D4603AA304619
:103CE00001F10108FFF7BCFEB0B995B127B13A4622
:103CF0000821204627F0D9FB1E4FDFF87C90DFF823
:103D00007CA0002103AA304601F10108FFF7A8FEBC
:103D100060B909B0BDE8F08F006810B1F8F77EFC1B
:103D200080B2854238BF05464146D7E703688BB16C
:103D30001A787AB1D0F804B04A46CDE90053082188
:103D40003B46204627F0B1FBBBF1000F04D1606970
:103D5000FFF7B6FF4146D5E7524620463B460821CD
:103D600027F0A3FBAA1D92B25946204627F024FC57
:103D7000F0E700BF9D7F0500837F050039780500CF
:103D8000F7B50F6805460E46A7B13846F8F746FC6A
:103D900084B2094B00932846084A3B46082127F085
:103DA00084FBE21C716892B2284603B0BDE8F04083
:103DB00027F002BC3C46ECE7997F05008A7F0500AE
:103DC00010B507490446F8F717FC38B105492046F5
:103DD000F8F712FCB0FA80F0400910BD0120FCE7B2
:103DE0008F7F0500927F050008B5044825F04AFD45
:103DF000BDE80840024825F045BD00BFA07F050092
:103E0000D57F0500034B9B681BB1481E18BF0120DE
:103E1000184770478CB7002010B51C46034B1B6831
:103E200011460BB122469847204610BD8CB70020A2
:103E3000024B5B6803B11847704700BF8CB7002086
:103E400030B1044B02681A6042685A6082689A6016
:103E5000002070478CB7002070B586B00E4615461E
:103E600000210446182268462EF089FF0B490C4BAE
:103E7000ADF80C50CDE9011604932CB969462046E3
:103E80000BF08EF906B070BD012220462AF0AEFE7E
:103E90000028F3D16FF01500F4E700BFCC47050010
:103EA000313E0200F8B5144B5D6800AFA8681446B7
:103EB00026F04DF98442034617D91048026802F0F3
:103EC0000702022A11D96E4688B06A460C49516130
:103ED000E41A0C4991610423D46142F8103F002395
:103EE0004FF40351FDF7C8FFB5462B680020D3E916
:103EF00002219047BD46F8BD982A00208437002053
:103F000058800500F480050010B50C46436829B1BF
:103F10001B6800221A606FF0850010BD04484FF046
:103F2000FF324FF0FF331EF09DFF2046F5E700BF44
:103F30002C3A002010B902481EF06EBF704700BF37
:103F40002C3A00202DE9F04182B0036800AF05460D
:103F500018682AF00FFEC41E4FF0FF3335484FF0AB
:103F6000FF321EF073FE0346A0B1334802685107CA
:103F700010D06E4688B06A46304951613049C2E976
:103F80000613042342F8103F00234FF40151FDF7BC
:103F900073FFB54622466868391D26F0F7F82B688E
:103FA0000446002843D0796882B21868FFF754FFAE
:103FB00021460646686826F009F9D6B11E4803680E
:103FC00003F00703022B11D9E8468AB06A461D4B5D
:103FD00053611B4B1662C2E90634052342F8103FB9
:103FE00000234FF42351FDF747FFC5462B680022FD
:103FF0005A6010481EF0A2FE0346A0B10E480268A7
:10400000520710D06C4688B06A460F4951610C497E
:10401000C2E90613042342F8103F00234FF4015174
:10402000FDF72AFFA5460837BD46BDE8F081586078
:10403000DFE700BFA438002084370020838005001C
:1040400000810500A7800500CE80050010B5064B55
:104050005C682046FFF776FF23680120BDE810402A
:10406000D3E90221104700BF982A0020034B5B6868
:104070001B6800221A6002481EF0CEBE982A00205B
:104080002C3A002013B50A4B5B681B681860094C7A
:1040900009481EF00DFF217841B90223009307481B
:1040A00001233A22FFF7B4FB0123237002B010BDB5
:1040B000982A0020C7E900202C3A0020543E050031
:1040C0001FB5054A07CA01AB83E807001846FFF78A
:1040D000B7FE05B05DF804FB10400500014B186801
:1040E000704700BFE42A0020F0B5082289B027F00D
:1040F000C9FCCB6A03930B6B04934B6B05938B6BDF
:104100000693CB6B079313466A460C460646002778
:1041100011461046CDE90177009727F0C6FB3146DE
:104120000546304627F0C1FB216B0391616B04917A
:10413000A16B0591E16B0544CDE9061710461146C8
:1041400027F0B3FB31460544304627F0AEFB05446B
:10415000206A0090606A0190A06A0290A06B0690AD
:10416000E06B07903046CDE90477039727F09DFB7D
:104170000544606A0090A06AD4F838C00190E06AF3
:104180000290CDF810C0606BD4F83CC00390CDE92C
:1041900005C0206A0790304627F087FB0544E06A97
:1041A0000090206B0190606B0290206A0690A06ADC
:1041B00007903046CDE90477039727F096FC236BF0
:1041C0000093636B0193A36B0293E36B0393636AA6
:1041D0000693E36A07932D1A0823304627F085FCDF
:1041E000636B0093A36B0193E36B0293236A0393C6
:1041F000636A0493A36ACDE90537236B07932D1AED
:104200000823304627F071FCA36B0093E36BCDE9E4
:104210000137636A0393A36A0493E36A0593636BAC
:1042200007932D1A0823304627F05FFC2D1A10D46F
:104230000D4C35B908223146204627F02FFC0128C5
:104240000FD0082322463146304627F04EFC2D1A67
:10425000EFE7054A08233146304627F026FB2D18A4
:10426000F8D409B0F0BD00BFCC4805000449431E96
:104270000F3013F8012F8A5C1A708342F9D170470E
:1042800025810500F0B5264E07460C460FCE8DB0B1
:1042900001AD0FC50FCE0FC596E8070085E80700F2
:1042A0003846002F38D0002C38D0381F214602461F
:1042B00010344B780D781B0443EA0563CD782B430B
:1042C0008D78043143EA05238C4242F8043FF0D153
:1042D000144C04218A07036916D1C3F30742A55C75
:1042E0001A0EA25C42EA0562C3F30725DBB2655DE4
:1042F000E35C42EA054242EA032221F00303303341
:104300006B4453F82C3C534050F8042F0131534078
:104310002C290361DED101200DB0F0BD2046FBE762
:104320001C40050025810500014820F043BB00BF6B
:104330007849050038B5044618B90F4B0F485B683B
:1043400098476168B1F5683F10D0B1F5680F0DD09E
:104350000B4DA9420AD011F46861206807D00146CC
:1043600008482DF008FF00232360656038BD142243
:104370002EF005FDF9E700BF74340020258205000A
:104380002C5F5CA9C4BF002008B520B34368B3F517
:10439000683F10D101220368BFF35B8F53E8001F11
:1043A000002903D143E800200028F7D1BFF35B8F39
:1043B0000DD1002008BD094A93420AD000684FF091
:1043C000FF324FF0FF331EF041FC0028F1D00448CB
:1043D000F0E70448EEE76FF4E040EBE72C5F5CA900
:1043E000E98FFFFFEA8FFFFF08B5D8B14368B3F547
:1043F000683F10D100220368BFF35B8F53E8001FB2
:10440000012903D143E800200028F7D1BFF35B8FD7
:104410000BD1002008BD074A934208D000681EF067
:104420008DFCF6E76FF4E040F4E70348F2E7034859
:10443000F0E700BF2C5F5CA9E98FFFFFEA8FFFFF69
:1044400010B5044618B91D4B1D485B689847636852
:10445000B3F5683F2FD0B3F5680F2CD0194A9342BB
:1044600019D1236803BB18484FF0FF324FF0FF33D8
:1044700021461EF00DFB08B923681BB90F4B1348EA
:104480005B6898472068142200212EF078FC4FF4D6
:104490006863636008E0B3F5683F0DD83A2B03D03A
:1044A00040F6BA629342DED120682DF0BEFE63680A
:1044B00043F03A03636010BD054AF3E7743400200B
:1044C000258205002C5F5CA9C4BF00204B8205003B
:1044D0003A00003A08B506490648402314222DF058
:1044E0003CFEBDE808400449044820F027BB00BF5B
:1044F000C4BA0020C4BF00208049050094490500CB
:104500002DE9F047054600AF0C46002963D0DFF8DF
:1045100008A1DAF800305A075DD06E468AB0D1E9BA
:104520000001A3686A46DFF8F480DFF8F4C0C2F83F
:1045300014C04FF00609C2E90680C2E9081342F828
:10454000109F00234FF441515046FDF795FCDAF8D7
:1045500000305B07B5463ED08AB0D4E903016369F9
:104560006A46DFF8C0C05362C2E905C8C2E9070164
:1045700042F8109F002350464FF44151FDF77CFC58
:10458000DAF800305807B54625D088B0E3696A46A6
:104590002549D3614FF00409C2E9051842F8109F7C
:1045A00000234FF401515046FDF766FCDAF8003065
:1045B0005907B5460FD088B0A3696A461B49D36135
:1045C000C2E9051842F8109F00234FF401515046EC
:1045D000FDF752FCB546012D17D1EFF305830E48C8
:1045E0000268520711D06E4688B06A461049516180
:1045F000103BD3610F499161042342F8103F00231F
:104600004FF40151FDF738FCB546214628461EF00F
:104610004FF8BD46BDE8F087743700203A830500A7
:1046200078820500AB820500DE820500F18205007C
:10463000238305004383050030BFFFF7FDBF00BFA4
:104640002DE9F0410B4EDFF8308006EB0807CC1B5C
:1046500005463246094920462EF069FBA01942461C
:104660000021083C2EF08BFBC5F8B84007F108008C
:10467000BDE8F081000000000800000010400500C7
:10468000074A936893F90E10002907DB5269934299
:104690001FBF044A536843F080535360704700BF04
:1046A00088CC002000ED00E02DE9F041694C236842
:1046B0000646580700AF0D460FD0E84688B06A4658
:1046C000654B5361654B9361032342F8103F4FF4F0
:1046D000C251204628F03FF9C546614B9B6AD90478
:1046E00040F19D8023685A070FD0E84688B06A469B
:1046F0005C4B5361594B9361032342F8103F55487B
:104700004FF4C25128F027F9C5461720544B9B6A35
:104710001B0513D5236858070FD0E84688B06A46B2
:10472000514B53614D4B9361032342F8103F49486D
:104730004FF4C25128F00FF9C5461820484B9B6A28
:10474000990532D523685A070FD0E84688B06A46E3
:10475000464B5361414B9361032342F8103F3D4860
:104760004FF4C25128F0F7F8C5463D4B996B9B6A50
:104770001B0419D52368580710D0E84688B06A464C
:104780003B4B5361354B3348C2E90631042342F8B1
:10479000103F4FF4015128F0DEF8C54626B1304AEB
:1047A000936A23F40043936219202D4B9B6A5A05A8
:1047B00013D523685B070FD06E4688B06A462D4B31
:1047C0005361264B9361032342F8103F21484FF475
:1047D000C25128F0C0F8B5461A20214B9A6AD60576
:1047E0001FD5236859070FD06C4688B06A46224B04
:1047F00053611A4B9361032342F8103F15484FF45D
:10480000C25128F0A8F8A5461B20154A936A43F424
:104810007F43936200232B70BD46BDE8F0811620D4
:1048200074E79B6A9A04F0D523685B070FD06C4647
:1048300088B06A46114B5361084B9361032342F8D9
:10484000103F04484FF4C25128F085F8A5461C20BB
:10485000DBE700BF74370020558305003087050073
:1048600000ED00E06F830500848305009B83050055
:10487000B8830500D1830500F08305000C84050092
:10488000B0B5584C23685D0700AF0FD06D4688B0B7
:104890006A46554B5361554B9361032342F8103FD1
:1048A0004FF4C251204628F056F8AD46504B9B6A53
:1048B000980140F19580236859070FD06D4688B064
:1048C0006A464C4B5361494B9361032342F8103FB6
:1048D00044484FF4C25128F03EF8AD461E20444BE8
:1048E0009B6ADA0113D523685B070FD06D4688B049
:1048F0006A46414B53613D4B9361032342F8103F9D
:1049000038484FF4C25128F026F8AD461F20384BE6
:104910009B6A1D0313D5236859070FD06D4688B0D5
:104920006A46364B5361314B9361032342F8103F83
:104930002C484FF4C25128F00EF8AD4621202C4BE4
:104940009B6A5A0313D523685B070FD06D4688B066
:104950006A462B4B5361254B9361032342F8103F6A
:1049600020484FF4C25127F0F6FFAD462220204BDD
:104970009B6A9D0313D5236859070FD06D4688B0F5
:104980006A46204B5361194B9361032342F8103F51
:1049900014484FF4C25127F0DEFFAD462320144BDC
:1049A0009B6ADA0313D523685B070FD06C4688B087
:1049B0006A46154B53610D4B9361032342F8103F38
:1049C00008484FF4C25127F0C6FFA5462420084AE4
:1049D000936A6FEA03436FEA13439362BD46B0BD27
:1049E0001D207CE7743700203F84050024870500E4
:1049F00000ED00E05B8405007284050090840500F2
:104A0000B2840500DB840500F98405002DE9F04738
:104A10006E4D2B688A46590700AF814690460FD0ED
:104A20006C4688B06A466A4B53616A4B93610323B4
:104A300042F8103F4FF4C251284627F08CFFA5469C
:104A4000654B9B6ADA0665D52B685B070FD06C4611
:104A500088B06A46614B53615E4B9361032342F811
:104A6000103F5A484FF4C25127F075FFA546112454
:104A7000594B9B6A1E0713D52B6858070FD06C46FD
:104A800088B06A46564B5361524B9361032342F8F8
:104A9000103F4E484FF4C25127F05DFFA546122447
:104AA0004D4B9B6A990737D52B685A070FD06C4638
:104AB00088B06A464B4B5361464B9361032342F8DF
:104AC000103F42484FF4C25127F045FFA546424BE4
:104AD0005E6B9B6A1B0676D52B685C0710D06C4614
:104AE00088B06A46404B53613A4B3848C2E90636B3
:104AF000042342F8103F4FF4015127F02CFFA54644
:104B0000BAF1000F04D0344A936A23F08003936211
:104B1000132403E01024ABE76FF015062E4B9B6ABD
:104B2000D80713D52B6859070FD06C4688B06A4652
:104B30002E4B5361274B9361032342F8103F2348C8
:104B40004FF4C25127F007FFA5461424224B9B6A5D
:104B50009A0613D52B685B070FD06C4688B06A465F
:104B6000234B53611B4B9361032342F8103F1748BB
:104B70004FF4C25127F0EFFEA5461524164B9A6A52
:104B8000D50602D49A6A90070AD55B68190507D53D
:104B90004946304600F030FB10B180F3098802240A
:104BA0000D4B9A6A920642BF5A6A22F400525A6228
:104BB0009A6A42F0FF029A622046002388F8003089
:104BC000BD46BDE8F0876FF01506A1E774370020F9
:104BD000288505003A87050000ED00E042850500C4
:104BE000848305007985050095850500AF8505005E
:104BF0000C8405002DE9F0419D4B8AB0D3F8048068
:104C000000AF0446C8F30806002585F31188BFF3FA
:104C10006F8F02F07F43B3F17F4F16D102F00C0388
:104C2000082B26D19348036859070ED06C4688B0EC
:104C30006A46914B5361914B9361032342F8103FB5
:104C40004FF4C25127F087FEA54600252C460023CD
:104C5000FB71F31E092B00F2E580DFE813F00F0073
:104C6000CB00CE00C700E300E300E300E300E30075
:104C7000D10012074CBF0C460125E8E77D4E336892
:104C80005B070FD0E84688B06A467D4B53617D4B89
:104C90009361032342F8103F4FF4C251304627F08E
:104CA0005AFEC5460023FB71714BDA6A900714D592
:104CB000336859070FD06E4688B06A46724B53610D
:104CC000704B9361032342F8103F6A484FF4C2517E
:104CD00027F041FEB546002358E0DA6A002A07DAD9
:104CE00033685A07F7D06E4688B06A46674BE6E7E6
:104CF000DB6A5B00EFD5336858070FD0E84688B011
:104D00006A46634B53615F4B9361032342F8103F44
:104D100058484FF4C25127F01EFEC546544BA169B6
:104D20005A6942F480725A61BFF34F8FBFF36F8F9D
:104D30005A6931F8021C22F480725A61BFF34F8F16
:104D4000BFF36F8F4DF60272914209D09A6AD2B2C8
:104D5000002A3DD0FA1D01212046FFF757FE47E00B
:104D60003368590711D06E4688B023686A464949AE
:104D7000516144493F48C2E90613042342F8103FF9
:104D80004FF4015127F0E7FDB5462368FA79DAB907
:104D900007F1080604F1200C20686168324603C25E
:104DA000083464451646F7D17A6A002D5BD0C2F309
:104DB000080121B96FEA52226FEA42227A6207F1B2
:104DC00008011846FFF79CFB2837BD46BDE8F08177
:104DD0009A6A12F47F4F04D0F91D0120FFF764FC9A
:104DE00006E09B6AB3F5803FFFF475AFFFF748FD1F
:104DF0000346CBE7FA1D0021AEE7F91D0020EDE7E1
:104E00001C4803685A073FF466AF6E4688B06A468E
:104E1000214B5361214B9361032342F8103F4FF420
:104E2000C25155E7134803685B073FF454AF1C4A6F
:104E30001C4B18F4F87FE8468AB018BF13466A4640
:104E4000194951611949C2E9061340F201339384AB
:104E5000103E174B16624FF4315142F8103F27F0C5
:104E60007AFDC54637E722F4FF7222F00102A5E77A
:104E700000ED00E07437002000860500568705002D
:104E80002F8605004B8705004A8605006F860500C2
:104E900081860500A4860500C486050016870500E6
:104EA000E7850500D2850500EC860500038705002F
:104EB00005000001044B5A6942F010025A615A6918
:104EC00022F008025A61704700ED00E0EFF308801D
:104ED000EFF3098101B57246FFF78CFE01BD00BFFB
:104EE000002080F31488BFF36F8F1BF01DFD00209E
:104EF00011490860BFF34F8F104880F3088800F015
:104F000045F8402080F311880D484FF0AA014FF476
:104F100082522DF09EF80A484FF48251401880F3D7
:104F20000988EFF314800221084380F31488BFF34B
:104F30006F8F00F029F9000094ED00E0C08F012090
:104F400040670120BFF34F8F0549064BCA6802F442
:104F5000E0621343CB60BFF34F8F00BFFDE700BF9C
:104F600000ED00E00400FA050749D1F89020002385
:104F7000C2F307221846934200DB7047C1F898300D
:104F8000C1F8A0000133F6E700ED00E008B572B605
:104F9000002383F31388FFF7E7FF144B4FF0FF3232
:104FA000C3F88020C3F88420C3F88820C3F88C207D
:104FB000C3F89020C3F89420C3F89820C3F89C202D
:104FC000C3F88021C3F88421C3F88821C3F88C2159
:104FD000C3F89021C3F89421C3F89821C3F89C2109
:104FE00062B6BFF34F8FBFF36F8F08BD00E100E0E3
:104FF000084B9B6883420BD1EFF3058343B1064B0B
:105000005A6842F080525A605A6A22F400425A6248
:105010002DF0F6BB88CC002000ED00E00A4A936832
:105020006FF00A01C3F8C0100849C3F8BC004B6810
:1050300043F080534B60002383F31188BFF36F8FDD
:105040009368D3F8C000704788CC002000ED00E0E2
:1050500010B50446EFF31183402383F31288BFF3A6
:105060006F8F0C4B586998600B4B4FF000625A6081
:105070000A4BD0F8B8201A600022D0F8BC30C0F833
:10508000BC2083F31188BFF36F8F00F021F9204615
:1050900010BD00BF88CC002000ED00E0E0BF002084
:1050A0000B498A684FF030001044EFF3098C80E818
:1050B000F01F74467046FFF7CBFFA64604498A6886
:1050C00002F1300090E8F01F8CF30988704700006F
:1050D00088CC00201EF0040F0CBFEFF30880EFF324
:1050E0000980816911F8021C0229FFD001B527F05F
:1050F00027FC01BD40B2002807DB044A4109012317
:1051000000F01F00834042F82130704700E100E0CA
:1051100040B200280CDB4309064900F01F00203391
:105120000122824041F82320BFF34F8FBFF36F8FDE
:10513000704700BF00E100E0054B420900F01F008E
:1051400053F82220012303FA00F01040704700BFFB
:1051500000E100E040B2D30754BF02310021002833
:10516000ACBF00F16040074A4FEA4113ACBF00F505
:10517000614000F00F00DBB2B4BF135480F800337D
:10518000704700BF14ED00E00B4A08B50B4B22F04E
:105190007F029A60BFF34F8FBFF36F8FD3F88820E1
:1051A00022F47002C3F888201DF094FB1EF05CFD11
:1051B00000F064F81DF0D6FB00C2000000ED00E036
:1051C00042F8203C009B42F81C3C0A49019B42F8F3
:1051D000183C029B42F8143C21F001014FF080730F
:1051E00042F8043C42F8081C0023203A0265C0F84B
:1051F000BC307047090D02000A4A0346906878B136
:1052000013F1160FD0F8A80005D0A0F140029A4281
:1052100005D8834203D2814228BF00207047002076
:10522000704700BF88CC002008B515460C4A0D4BCE
:105230009060D0F8B8201A600E4600F049F82C466D
:1052400086F309884FF00000074B984720464FF03F
:1052500000014FF000024FF00003044C204700BF54
:1052600088CC0020E0BF002065C90400090D0200C1
:10527000014B10221A61704700ED00E00448002342
:105280004021C2180133302B82F80013F9D1704746
:1052900000E100E008B5EFF30583064A103B02EB9E
:1052A000C30152F8330049688847BDE80840FFF75A
:1052B000E7B900BFD0380500024B034A034801217B
:1052C00000F0BCB80000042000000020A449050044
:1052D000D0F8A820054B403A1A60054A4021C3E99E
:1052E00001121846012100F0B3B800BFE4BF00204E
:1052F00000000B1598B503460C480268520700AF32
:1053000010D06C4688B06A46094951610949C2E922
:105310000613042342F8103F00234FF40151FCF719
:10532000ABFDA5466FF01500BD4698BD683700205F
:1053300062870500B387050010B40E4CD4F8903096
:10534000C3F30723013B984202D910BCFFF7D2BF39
:10535000C4F898000B6823F01F03034343F01003C5
:10536000C4F89C308B6843F00103C4F8A03010BC33
:10537000704700BF00ED00E02DE9F04184B00E461B
:1053800000AF984604460025B5421FDA6068002841
:1053900035D0B8F1000F23D0411E08421BD0194868
:1053A00003685B0710D06C4688B06A46164B5361A1
:1053B000164BC2E90635042342F8103F00234FF490
:1053C0000151FCF759FDA5466FF015021046103744
:1053D000BD46BDE8F0811F28E1D923681942DED11E
:1053E00023687B6027F0E1FAA368391D0343D0B23C
:1053F000FB60FFF7A1FF10F1160FE5D0421C01354D
:105400000C34C1E7683700208C870500CC87050085
:10541000044B0522C3F89420BFF34F8FBFF36F8F67
:10542000704700BF00ED00E0BFF35F8F024B00222A
:10543000C3F89420704700BF00ED00E010B5034CA6
:1054400001232278FFF798FF207010BDE6E90020C5
:1054500008B50B4A00231278FFF78EFF10F1160FE4
:1054600007D0084A0021D2F89030C3F307239842AE
:1054700000DB08BDC2F89800C2F8A0100130F2E7C6
:10548000E6E9002000ED00E02DE9F04357485849D7
:10549000D0F890300D68C3F307239D4285B000F229
:1054A000A180FFF7C1FF49680022954201F10C017C
:1054B0001AD1504C504F25706846FDF7C5F8DFF8FB
:1054C0003C81DFF83C9106460025AE421FD123788F
:1054D00046490020D1F89020C2F3072293427BDB9B
:1054E000FFF796FF00204CE0C0F8982051F80C3CE4
:1054F00023F01F03134343F01003C0F89C3051F80E
:10550000043C43F00103C0F8A0300132CDE700981D
:1055100000EB05114FEA051CCB683B40B3F5000FCB
:1055200044D00AD8B3F5001F2ED0B3F5800F34D085
:10553000B3F5801F10D00135C7E7B3F1807F3ED0AF
:10554000B3F1007FF7D150F80C3088684A6827F033
:105550002CFA40F4802009E050F80C3088684A6842
:1055600027F023FA40F0885040F43020039001A93E
:105570002078CDE90123FFF7DFFE002828DA6FF05D
:10558000150005B0BDE8F08350F80C3088684A6813
:1055900027F00BFA40EA0800E8E750F80C3088687A
:1055A0004A6827F002FA40EA0900DFE750F80C30B9
:1055B00088684A6827F0F9F940F08270D6E750F819
:1055C0000C3088684A6827F0F0F940F08870CDE721
:1055D000237801332370AEE7C1F89830C1F8A000FA
:1055E000013377E74FF0FF30CBE700BF00ED00E07D
:1055F000B0490500E6E900200000F0FF00000811B6
:105600000000020208B5024B1B689847002008BD45
:10561000F0BF0020034B044A1860937843F0020364
:1056200093707047F0BF0020082B0020F0B587B0C2
:1056300007460E4614460021102268461D462DF0EE
:105640009EFB02238DF802302A46054B019321462A
:105650006846CDE9047622F003F807B0F0BD00BF3C
:10566000CBC9040008B50649064821F00701C1F17D
:10567000005202F5802224F053F8002008BD00BF3C
:10568000C7390220F4BF002070B54169867A0B4DFE
:10569000044659B1437ADB0706D42C2303FB065397
:1056A0005B6A1B689B689847002363612C20214636
:1056B00006FB0050BDE870402CF047BE683A002061
:1056C000024B2C2202FB0030704700BF683A0020DA
:1056D000827A064B2C2101FB02339A6A1B7F1B3313
:1056E000801A23F00303B0FBF3F07047683A002000
:1056F00038B5074B827A2C2404FB02335B6AD3E96A
:1057000001240C601568FFF7E3FF04FB005038BD6F
:10571000683A00202DE9F04F85B0054668460391B0
:1057200091461C4690469A462DF008F9DDE900673F
:10573000EFF3118B402383F31288BFF36F8F698BD4
:10574000002942D02B8B8B4226D9002200232846E9
:105750001DF030FB0446F8B18BF31188BFF36F8F57
:10576000039B002B4FD032463B4668462DF00AF98A
:10577000A27A2D4B2C2101FB023320465B6A1B6869
:1057800003A91D68DDE90023A847606100283BD11B
:105790002046FFF779FF31E0698B4B1E6B838BF35B
:1057A0001188BFF36F8F2B7F2A8BAC6A1B3323F0DA
:1057B0000303521A02FB03441B4B1C4AEB1A9B10B7
:1057C0005343A3722B7FE372CAE78BF31188BFF3B5
:1057D0006F8F54EA090409D02DF054FE144A154B7A
:1057E00012589A420ABF8846C846C24642465346A5
:1057F00028461DF0DFFA04460028B1D100242046D7
:1058000005B0BDE8F08F6361012300252381039B70
:105810006382E27A6560294604F118002DF0AFFA40
:1058200063692582E360EAE7683A0020A38B2EBA19
:1058300008000000D89E002070B50C4C2C2500B943
:1058400070BD037A4668013BDBB20372002BF7D1CF
:10585000C3604360837A05FB03431B6A13B1984717
:105860003046ECE7FFF710FFFAE700BF683A002088
:105870000E4A0123C2F840354FF080424FF080516C
:10588000C2F87835D1F83001082808D1D1F83411A0
:10589000052904D80648415C09B1C2F838364FF0F2
:1058A00080430122C3F880250020704700E00140BA
:1058B0000888050020B1034B800143F0010318471D
:1058C000704700BFD042050038B5064C064DAC42CB
:1058D00001D3002038BD54F8043B002BF7D0984783
:1058E000F5E700BF443E0500543E0500084B024664
:1058F000186808B1036800B9704741899142FBD02C
:105900001BB1196818460B46F5E71946FAE700BFC0
:1059100000C000200A4B1B681BB11A681BB918464F
:1059200070471A46FAE75989814206D01AB11168C0
:1059300013460A46F2E71146FAE7D868704700BFF7
:1059400000C0002000230360044B5A6812B9C3E969
:105950000000704710605860704700BF00C0002012
:105960002DE9F04F00238BB0CDE9063304460D46F8
:1059700001F10C0A2B8A3BB999462168284627F089
:105980004BFA2168002080E0072B40F20381EA688F
:105990001068516806AB03C3BDF81A305BBA1FFA32
:1059A00083FBADF81A30BDF81C305BBA9AB20821FF
:1059B0005046ADF81C30059227F097F82B8A5B45CE
:1059C000C0F0EE809DF8188018F0050940F0ED80D9
:1059D0002168284627F00CFA0646002800F0E880E7
:1059E000606840F8045B2B8ACDE90199012200929E
:1059F000EA6804212CF00CFAA068314627F0C8F8B8
:105A00009DF81830A768C3F3C103012BC7F84C9069
:105A100000F2C3800598FFF769FF002800F093802B
:105A20009DF81F1027F085F8002800F08C809DF865
:105A3000183013F007032ED0022B47D04FF0030984
:105A4000A068314627F0A4F8D4F8088008F10407CC
:105A5000022138462CF09CFA00287AD056490222BE
:105A600038462CF07AFA002873D0494638462CF094
:105A700058FA022100286ED138462CF091FA21689C
:105A8000284627F0C9F92168304627F0C5F948466D
:105A90000BB0BDE8F08FD0F80090A068B9F1000F0E
:105AA00051D00F2104302CF073FA00284ED020463C
:105AB000C8478146A0680F2104302CF071FA40B924
:105AC000B9F1000F08BF4FF00709B9E7D0F804900B
:105AD000E3E7B9F1000FB3D1B7F84E90B9F1000F79
:105AE00012D018F0180F0FD1B7F84C00FFF712FFC3
:105AF000034610B94FF00109A2E74846984781468E
:105B0000B0B1002E4ED09BE7D7E90087D8F80C3013
:105B1000FF1A08A9A7F1080206A827F01AF8A8F8A2
:105B20001070A3681B68DA680B4603CB10605160E5
:105B3000236830469B6A9847814698BB5946504631
:105B400026F0D3FF16E74FF0080979E74FF0070971
:105B500076E7022190E738462CF022FA00288ED012
:105B6000D8E900A7DAF80C30FF1A08A9A7F1080253
:105B700006A826F0EEFFAAF81070A3681B68DA6882
:105B80000B4603CB10605160236830469B6A9847F0
:105B9000002674E74FF00909EFE64FF00D094FE7D3
:105BA0004FF009092E4600254AE74FF00809F9E7AA
:105BB0004FF00209F6E700BF1288050070B50446F1
:105BC0000E4615468AB3A0F84810A0F84A20184996
:105BD00003222CF0C2F918B9002000F0010070BDBA
:105BE000022120462CF0D4F90028F5D011490522D5
:105BF00020462CF0B2F90028EED0314620462CF099
:105C00009AF90028E8D00C49022220462CF0A5F988
:105C10000028E1D0294620462CF08DF90028DBD061
:105C2000022120462CF0BCF9D7E70120D7E700BFBE
:105C30006A78050015880500128805002DE9F043F3
:105C400091B000AF064624F09CFE4FF00133D6F829
:105C5000089003FB00F80025A94501DC012028E09D
:105C6000A9EB0504402CA8BF402423463A46294608
:105C7000304624F028FE031E06DBA4103A4600231B
:105C8000A3421AD14035E7E71048026852070FD007
:105C90006C4688B06A460E4951610E49C2E9061346
:105CA000042342F8103F4FF4015126F0E2FFA546CD
:105CB0000B204437BD46BDE8F08352F8041B414534
:105CC00001D10133DCE70020F3E700BF54370020A7
:105CD0001B880500528A0500B0B582B000AF26F0DF
:105CE000CBFF041E4ADB391DE0B2FCF7B3FC031EF8
:105CF00019DA23480268510710D06D468AB06A4607
:105D000020495161204913620523C2E9061442F873
:105D1000103F4FF4215126F0ACFFAD460A24204637
:105D20000837BD46B0BD7868FFF788FF044610BB52
:105D300078682146826824F008FE034620B90024D2
:105D4000786824F0BFFDEAE70D480268520701D1E8
:105D50000D24F5E76C4688B06A460C4951610A4942
:105D6000C2E90613042342F8103F4FF4015126F014
:105D700080FFA546ECE70128E2D1E0E70E24CEE75C
:105D80005437002047880500738A05006F88050096
:105D90002DE9F04383B000AF26F06EFF041E0E46DF
:105DA0009046994642DB391DE0B2FCF753FC0546AC
:105DB000D0B11F4803685A0710D06E468AB06A46B1
:105DC0001C4B53611C4B1562C2E90634052342F893
:105DD000103F4FF4215126F04CFFB5460A242046CF
:105DE0000C37BD46BDE8F08378684B4642463146E5
:105DF00024F069FD0446786824F064FD002CEED0A0
:105E00000B4803685B070FD06D4688B06A460B4BA2
:105E10005361094BC2E90634042342F8103F4FF4A2
:105E2000015126F026FFAD460B24D8E70E24D6E715
:105E30005437002047880500448A050092880500F1
:105E400070B50C4615461E4648B1094833462A46E9
:105E5000214624F00FFE002818BF0C2070BD054B12
:105E60000348197824F018FE0028EED00A20F5E740
:105E700008C0002034C100202DE9F04385B00D4654
:105E800000AF002840F0CA80654B39461878FCF70F
:105E9000E1FB0346C8B16348026854070FD06C4663
:105EA00088B06A46604951616049C2E9061304231B
:105EB00042F8103F4FF4015126F0DBFEA5460A24BC
:105EC00020461437BD46BDE8F083386824F057FDFE
:105ED0008046002800F0A0803B685C68013C2C44B0
:105EE00021463A1D29F03CFC4E4D0146C0B12B68BD
:105EF000590710D06E4688B06A464D4B53614B4BE4
:105F0000C2E90634042342F8103F4FF401512846F9
:105F100026F0AFFEB5461324386824F0D3FCCFE753
:105F2000D7E90006BB681E444368F61A324624F0DF
:105F30000CFD2B680446A8B15A0711D0E8468AB078
:105F40006A463C4B5361394B1062C2E90636052361
:105F500042F8103F4FF42151284626F08AFEC546EC
:105F60000D24D9E703F00703022B10D9E94688B0C6
:105F70006A46314B53612D4BC2E90636042342F881
:105F8000103F4FF40351284626F073FECD463B6880
:105F9000986829F025FA8642BED83B6859680144C2
:105FA0003A1D404629F0DCFB38687968436886680A
:105FB000C91A761A324624F0C8FC2B68A8B15B07D0
:105FC000CED06C468AB06B461C4A5A61174A18629A
:105FD000C3E906261A46052342F8103F11484FF43C
:105FE000215126F046FEA546BAE703F00703022B2F
:105FF00092D96D4688B06B46114A5A610B4A0948DE
:10600000C3E906261A46042342F8103F4FF4035111
:1060100026F02FFEAD467FE712247DE714244FE7DC
:1060200034C1002054370020B98805002A8A0500B1
:10603000E3880500FA8805002E89050053890500CC
:106040008F8905002DE9F041064684B00D461822DF
:1060500000AF002128462CF092FE7368581C00F017
:10606000E280002B40F0CE8032691F2A40F2C080CF
:10607000B268511C00F0BE80C5E90023D6F80C8040
:106080006A4BD8F800209A4240F0B680B269202AC4
:1060900000F2B48062B166480368013308D0037B24
:1060A0009A4205D171690D302CF075FE0446A0B1FD
:1060B000002026F01FFE18B926F0DEFD002811DAB8
:1060C000012026F017FE20B9012026F0D5FD00287A
:1060D00008DA4FF0FF33EB60092420461037BD4645
:1060E000BDE8F081E8603946C0B2FCF7B3FA034678
:1060F000B8B150480268540711D06C468AB0E968BC
:106100006A464D4D55614D4D13620523C2E9065156
:1061100042F8103F4FF4215126F0ABFDA5460A246A
:10612000DBE73868B26883689A421BD924F0CAFB5F
:1061300040480368590713D03B68B1689B686C46B8
:106140008AB06A463E4D55613C4D13620523C2E953
:10615000065142F8103F4FF4215126F08AFDA54622
:106160001E24BAE724F0AEFB337FD3B995F80C8038
:10617000391D4046FCF76EFA034608BB7868FFF706
:106180005DFD0446786824F09DFB002CA5DBB4FA85
:1061900084F464096C743369AB6001232B740024AC
:1061A0009BE707F1080026F0E7FD48BB08F1140162
:1061B00007F1080026F068FD0028D7DB1B248CE7D8
:1061C0001C480268520701D10A24E0E76C468AB0F5
:1061D0006A46194951611B4913620523C2E9061831
:1061E00042F8103F4FF4215126F043FDA546EBE75E
:1061F000162472E7152470E717246EE718246CE75D
:106200001A246AE70A4A13689168EB600023296040
:106210006B60736852689342C1D1326913449942EA
:10622000B9D21F2459E7142457E700BF3DB8F396AD
:1062300034C100205437002047880500128A050029
:10624000BC890500F7890500F0B583B000AF26F0E2
:1062500013FD051E0E4627DB391DE8B2FCF7FAF9DF
:106260000446C8B1114803685B0710D06E468AB077
:106270006A460F4B53610F4B1462C2E90635052382
:1062800042F8103F4FF4215126F0F3FCB5460A24A2
:1062900020460C37BD46F0BD786824F072FB3070A4
:1062A000786824F00FFBF3E70E24F1E75437002061
:1062B00047880500E3890500F0B595B00F46202317
:1062C0000293044615466B460CAA03A93846019270
:1062D00000F06EFA0646002840F08E8004340F214C
:1062E00020462BF055FE10B9002015B0F0BD4349F3
:1062F000042220462BF031FE0028F5D007F00101E2
:1063000020462BF018FE0028EED03D4907222046FB
:106310002BF023FE0028E7D005A903A800F0F4F92C
:10632000002861DA3749052220462BF016FE0028A6
:10633000DAD03549042220462BF00FFE0028D3D0B6
:1063400001A920462BF003FE0028CDD02F490822BA
:1063500020462BF002FE0028C6D0009981F01001E3
:10636000C1F3001120462BF02FFE0028BCD0284995
:10637000072220462BF0F1FD0028B5D0C5F34001DF
:1063800020462BF021FE0028AED0224909222046CB
:106390002BF0E3FD0028A7D0C5F3800120462BF0A9
:1063A00013FE0028A0D01C49062220462BF0D5FD64
:1063B000002899D005F0010120462BF005FE0028A9
:1063C00092D01649092220462BF0C7FD00288BD019
:1063D000C5F3C00120462BF0F7FD002884D00F2123
:1063E00020462BF0DDFD80E7192205A920468DF817
:1063F0002C602BF0BBFD9AE7012076E74E89050063
:106400002AEE0500878A05001EB005008D8A05006A
:10641000460D0600968A0500A9780500A08A0500A9
:106420002DE9F7438668344904360746062230468C
:106430002BF093FD38B926F07FFC26F07EFC072078
:1064400003B0BDE8F083022130462BF09DFD0446E9
:1064500026F072FC002CF0D000240DF1070120463C
:106460008DF8074026F027FC8046204626F066FC83
:106470009DF80730022B054680F001092AD180459E
:106480004FF001082CD14D45B8682CDA4246294618
:10649000FFF712FF0028D0D022464946B868FFF720
:1064A0000BFF0028C9D0022130462BF075FD0028D3
:1064B000C3D012490B2230462BF04FFD0028BCD030
:1064C000002130462BF02DFD0028B6D026F035FCFB
:1064D0000020B5E780454FF00508D4D0022BD2D874
:1064E000074AD456CFE722464946FFF7E5FE002883
:1064F000A3D042462946D1E7AA8A0500B18A050001
:106500001B8B05002DE9F0474FEA600982B0054674
:1065100000AF4846884626F011FC00230646F91CC9
:106520004846FB7026F0C7FB0446B8F1000F1CD0AC
:1065300026F006FC484504D1FB78012B26D11C240B
:106540001FE0AE425CD0FB78012BF8D0002B5BD073
:10655000022B59D0284626F08FFB391DC0B2FCF71C
:1065600079F88246D0B10A240BE0AE424AD0FB78DB
:10657000012B03D083B1022BE1D0EBE7A842DED19F
:10658000002420460837BD46BDE8F087002BDFD148
:10659000AC42F5D0AE42EFE7A842EDE7701B4142B6
:1065A0004141424678682AF0BEFE044600B31848CE
:1065B00003685B0714D0E9468CB06A46154B5361FB
:1065C000154BC2F82880C2E906340723C2E90856F1
:1065D00042F8103F4FF461515346FBF74DFCCD4656
:1065E000012C09D0042C09D0032C14BF012417243A
:1065F000786824F067F9C4E70C24F9E71D24F7E76D
:106600002024BEE72124BCE7AC42A3D1B8E700BFF9
:1066100054370020BD8A05001E8B0500F0B597B0E9
:1066200035490C9104210D91344902AACDE90E128D
:10663000334A119205460722D0E901041292314AE9
:10664000139200230DF10302CDE902338DF80330DC
:1066500001938DF8403014928DF85430022201AB32
:106660000CA9043026F0AEFA002841D126F064FBD4
:10667000039B04346BB99DF8033063B126F060FBD3
:1066800026F05CFB9DF80310FFF73CFF18B382B2C5
:1066900002E0202B0AD0182220460121FFF78EFAB3
:1066A000044626F04AFB2CB300241BE0029B04AAFC
:1066B00003F1200C174618685968164603C60833BC
:1066C00063453246F7D10021384626F03BFB0028CF
:1066D000D8DA0822E0E72846FFF7A2FE044620B1F8
:1066E00026F02BFB204617B0F0BD26F026FBDBE79B
:1066F0000324F7E70724F5E71EB00500E31B0500B8
:10670000138B0500991C050073B5438801934378EA
:1067100000930E460378094A04461921304620F0BA
:106720004BFD6368054633B1C0F11901044A3018C6
:1067300020F042FD0346E81802B070BD418B050011
:106740004D8B0500033880B219289ABF014B1856AB
:1067500001207047B18B050008B5054B2C220021A4
:1067600018462CF00CFB4FF0FF3240F8042C08BD0B
:1067700038C100200148FFF7E5B800BF182B002002
:1067800010B5041D0849032220462BF0E6FB08B98A
:10679000072010BD054B204659682BF0D6FB00287A
:1067A000F6D00020F5E700BFBA78050034C100201C
:1067B0002DE9F0438BB00C460DF10301054616465A
:1067C0001F46FFF741FD0146002840F08D80202341
:1067D00002AA2846FFF7DCFA002850D19DF8038072
:1067E000DFF81091B4BB0298484540D10FB1069B29
:1067F0003B60059BBDF810401C4404230DEB0302D5
:1068000021462846FFF7C4FA40B9BDF8042046F6F1
:1068100008139A4204BFBDF80630E41804230DEBB8
:10682000030221462846FFF7B3FA58BBBDF80420FF
:1068300046F607139A4225D1BDF806700434274462
:10684000814604F10408B8451ED989F001094FEAD0
:10685000C90014E00822414620462CF090FA029824
:10686000484504D107AB03CB20606160BEE74FF021
:10687000013303FB08F8404514BF172003200BB079
:10688000BDE8F0830420FAE704230DEB0302214660
:106890002846FFF77DFA0028F1D1BDF80420BDF8A5
:1068A0000630FF2A05D14FF6FF72934205D105202D
:1068B000E5E7102A01D1202B04D0043303EB0408B0
:1068C0004446BEE7B9F1000F10D116B94FF00109E7
:1068D000F6E72434BC420BD8324641462846FFF73F
:1068E00057FA0028F2D0CAE70220C8E70620C6E718
:1068F0000720C4E73DB8F39670B58AB01B4A0592ED
:10690000D0E9010504220692194A079200230126C4
:1069100001AACDE9016308928DF82430324602AB1A
:1069200005A9043026F04EF90446E8B903460246AC
:1069300003A901980435FFF73BFF58B9019826F0E9
:10694000D9F938B1092201212846FFF737F9204645
:106950000AB070BD0198FFF7BFF90646FFF7FCFECD
:10696000002EF4D0B2B2EEE70324F0E74E89050022
:10697000D91B05002DE9F04FB7B0D0E9013800AFC1
:10698000002407F1200A214620220646504603F142
:10699000040B7C602CF0F3F94FF0FF33C7E90933A7
:1069A0007D4B3B6605237B667C4B87F87040C7E9CF
:1069B0001A3A7B4B7B6707F12C027A4BFB67C7F8CF
:1069C0008020C7F8B830784AC7F8882007F1340328
:1069D000764AC7F8BC30764BC7F8902007F12801FB
:1069E000C7F8A420C7F8C43007F124020723C7F86A
:1069F0009410C7F8A8206F496F4AC7F8C8306F4B8A
:106A0000C7F8CC304FF00309042507F13C03C7E970
:106A10002719C7E92C29C7F8D03006227B1907F1BE
:106A20006001584687F8844087F8984087F8AC4062
:106A300087F8C04087F8D440BD67C7F88C9026F02F
:106A4000C1F80446002840F0A48007F10801504630
:106A5000FFF7F8FAA8448146B0B1594803685907CE
:106A60000FD06E4688B06A46564B5361564BC2E90A
:106A7000063942F8105F4FF401512346FBF7FCF949
:106A8000B5461FFA89F22CE03B7E43B9B068FFF7A8
:106A900077FE04462046DC37BD46BDE8F08F4B4DFF
:106AA0007B692B60BB68AB607B6A63BBD7F83890AF
:106AB000796B6C604A4605F10D0085F80C902CF05E
:106AC00036F909F10D00C9F12002214628442CF0C5
:106AD00056F97B7EBBB1B96A2046FFF7CDF990B17C
:106AE00082B201214046FFF769F80023054607F10D
:106AF000400219460120FFF75BFEFFF72DFE002D37
:106B000008BF0724C6E73B6BD5E901122BB98A42BF
:106B100038D0B068FFF734FEBCE70B449A1A5342F2
:106B20005341F96A3A69786AFFF78AF9814698B958
:106B30006B683A691344AA686B609342E9D10346D3
:106B4000014607F140020120FFF732FEB068FFF76F
:106B500017FEFFF701FE9DE7194803685B0790D019
:106B60006D4688B06A461A4B5361174BC2E9063925
:106B7000042342F8103F00234FF40151FBF77CF946
:106B8000AD467EE707F1400219460120FFF710FEEF
:106B9000BFE74C467EE700BF589B0500D91B0500A8
:106BA0000BA20500E31B050042960500DF1B050054
:106BB000558B0500BA780500518B0500991C05001E
:106BC000543700205D8B0500CB8B050034C10020BD
:106BD000818B05000148FEF7B5BE00BF282B0020C1
:106BE00008B54FF40052002302481CF06BFB002054
:106BF00008BD00BF88230020F0B589B0D0E9014569
:106C0000134A0392134A0023012701AECDE9013351
:106C1000CDE905268DF81C30201D6B463A4603A9A8
:106C2000049725F0CFFF044678B904350A493A465F
:106C300028462BF092F920B1314628462BF08AF9EC
:106C400000B90724204609B0F0BD0324FAE700BFCD
:106C50004D0A0600E91B050051FD05000148FEF73D
:106C600071BE00BF382B00202DE9F04FC5B044683D
:106C70008568043400AF20462AF0BCFFC0B14C4EFA
:106C800007F10C09494620462AF0AEFF80B1D9F839
:106C90000420042A06D1D9F8000031462CF07BF8F4
:106CA000804668B1002120462BF026F80028E9D163
:106CB0004FF00308404607F58A77BD46BDE8F08FE0
:106CC00020462AF094FF0028F2D0043546464FF0C3
:106CD000200A391D20462AF087FFC8B1BA6802EBA6
:106CE000060BBBF1FF0F09D9022209212846FEF746
:106CF00065FF0028DED14FF00708DBE709EB06004F
:106D000079682CF014F80BF1010609F80BA0E0E704
:106D10001EB34E4406F8010C20462AF094FFFCF7FF
:106D200047FA064624F029F84946304624F041F94E
:106D3000064607F1080026F039F81E49786001225E
:106D400028462BF00AF920B1391D28462BF002F90C
:106D5000E0B920462AF079FFCDE720462AF073FFFC
:106D6000154803685B070FD06C4688B06A46134B22
:106D70005361134B9361032342F8103F4FF4C25108
:106D80003346FBF779F8A5460322AEE70D49032207
:106D900028462BF0E2F80028DBD0314628462BF0BD
:106DA000C0F80028D5D020462AF04FFF82E700BF68
:106DB0002F8C0500387605005C370020F88B050025
:106DC0001F8C05001B8C050013B5084C20462BF0CA
:106DD000B2FB074B00932046064903234FF40062A1
:106DE0001CF008FA002002B010BD00BF386300207C
:106DF000544A0500002A012002480022002325F001
:106E0000F5BD00BF703B002010B5836A04465BB13E
:106E100026F00FF8064920462BF028FB04F110005D
:106E20002BF07CFA002010BD6FF01500FBE700BFCF
:106E3000BFCD040010B5044610302BF07BFA21467C
:106E40000248BDE810402BF03CBB00BF3863002077
:106E5000F0B5836B87B004460E4603B32BF00FFBEF
:106E600010F0050F02D020462BF056FB68462BF0A1
:106E700055FA04F110070022002338461BF09AFF50
:106E8000054670B90022002368461BF093FF0146B7
:106E9000A8B923691BB10C4821462BF012FB07B09F
:106EA000F0BDA36B3146984720B92146284625F00E
:106EB000B3FFE0E7294668462BF03CFADBE73846AB
:106EC0002BF038FADEE700BF38630020074930B501
:106ED00002460023882505FB03F460180C599442F0
:106EE00003D00133042BF6D1002030BD20640020F4
:106EF0001FB590F830200B4912F0010F03460BD05C
:106F0000086849686A4603C2694653F8380C26F097
:106F10001FF805B05DF804FB8868C96802AA03C2BF
:106F200002A9F2E77C42050013B5094A0446D1687C
:106F300090686B4603C354F8080C694626F008F8BD
:106F400094F8603023F0010384F8603002B010BD83
:106F50007C42050010B509480C4625F06FFF00285B
:106F60000ADB4CB9054825F0CEFF04600471BDE88A
:106F70001040024825F0B9BF10BD00BF64C1002019
:106F80002DE9F041244B254CDFF89480254E012259
:106F900000AF1A700025204641462BF0D2FA013589
:106FA00004F1300031462BF0CCFA042D04F18804B2
:106FB000F1D11D4D002401222819002188342BF025
:106FC000D2F9B4F5087FF6D11848194B8362194BF2
:106FD000C362194B0363194B4363194B8363FFF778
:106FE00013FF0346A0B117480268520710D06C4641
:106FF00088B06A46144951611449C2E90613042352
:1070000042F8103F00234FF40151FAF735FFA5462F
:10701000BD46BDE8F08100BFE7E9002028640020FC
:10702000296F0200F16E02008C64002064C1002010
:10703000517002008BCF04001BCF04000FCF04005F
:1070400029CF0400603700205B8C0500B68C05005A
:107050002DE9F04F8FB004461822002168462BF02E
:107060008EFE3B4B0193D4F81890E3680293394BA2
:107070000493B9F1000F0BD1052604F1180025F097
:1070800046FF204625F0B2FE30460FB0BDE8F08F37
:1070900006A9484604F0AEFE06460028ECD19DF84D
:1070A0003430022BE8D1204625F06FFF054608B9A1
:1070B0000126E2E74846FFF709FF07460028DBD034
:1070C00090F86930002BD7D0227F9A42D4D100F1BA
:1070D0006C0A50461BF0ECFEB346B046238A43458B
:1070E000CBD997F86920002AC6D0217F9142C3D11D
:1070F00008EB05029A42C4BFA3EB08039DB26946A0
:107100004846ADF80C5008F04BF810F10C0F09D1BF
:10711000BBF1000F03D1132D18D9C5F34F051CF097
:107120001DFCDBE70028C3D1E26808EB05031FFA6A
:1071300083F812FA83F302934FF0FF324FF0FF33DC
:1071400050461BF08FFE4FF0010BC7E7022694E775
:10715000844A05009BCF0400F0B571BB174E88230D
:1071600003FB01F202EB060EB4581CBBDFF850C063
:10717000B0509CF80030114D18460133DBB2012BA2
:1071800038BF01238EF8690000248C4205D02F6897
:107190001FB195F869708742EDD00134042C05F1D8
:1071A0008805F2D18CF800306C32B018BDE8F040A0
:1071B0001BF07EBE01310429D2D1F0BD2064002035
:1071C000E7E9002098B503460B480268520700AF74
:1071D00010D06C4688B06A46084951610849C2E936
:1071E0000613042342F8103F00234FF40151FAF72D
:1071F00043FEA546BD4698BD60370020908C050033
:10720000D48C050038B50546FFF760FE29460446D4
:107210000E48FFF71DFE9CB12046002584F86950FA
:1072200040F8085B2BF099F904F138002BF095F940
:1072300084F8685004F16C00BDE838401BF0ECBDE8
:107240002846BDE83840FFF7BDBF00BF64C100203D
:107250002DE9F04782B000AF804616461C46FFF786
:1072600035FE8146D8B9354803685C0705D16FF013
:1072700010000837BD46BDE8F0876C4688B06A4606
:107280002F4B53612F4BC2E90638042342F8103FBD
:107290004FF401514B46FAF7EFFDA546E7E72A48C0
:1072A00025F0CCFD314605462246274825F0CEFD87
:1072B00010F10C0F0646DAD000280CDA224825F02F
:1072C00022FE10B10023036003711F4825F00DFE5C
:1072D0006FF01200CDE7002D28DA1B4825F013FED1
:1072E00082464046FFF7F2FD0546C8B190F8683087
:1072F000D9070ED4154A4FF4281339464046C7E93A
:10730000002325F025FE95F8683043F0010385F849
:1073100068304FF42032002305F108001CF006F815
:10732000CAF8008099F869308AF804301EB9064816
:10733000314625F0C2FD20469BE700BF60370020A4
:10734000908C0500C38C050064C100200600090074
:1073500070B50C4BD3E901521968D8684A4080EAED
:10736000050485EA02065E6082EA452281EA040697
:107370004FEA745408441E609A60DC6001EB706050
:1073800070BD00BFA8C1002008B504482AF036FE31
:1073900000280CBF6FF01200002008BDD836050091
:1073A0002DE9F341DFF8748098F8003004468F0827
:1073B00001F0030553B91A481A4E836810221B685E
:1073C0003146984790B9012388F8003004EB8707CD
:1073D000A7421ED13DB1FFF7BBFF2A46019001A98C
:1073E00038462BF0A4FC02B0BDE8F08129F0E2F8A9
:1073F000306029F0DFF80C4B4340736029F0DAF875
:107400000A4B4340B36029F0D5F8094B4340F36081
:10741000DCE7FFF79DFF44F8040BD9E7E8E900201B
:10742000D8360500A8C10020B0C2649BD4D2D38650
:1074300078E20AA00E4B402970B528BF40210D4CC0
:1074400046181D46B04203F1020304D1002305F89B
:107450001130074870BD02781209A25C03F8022CB3
:1074600010F8012B02F00F02A25C03F8012CE9E7EF
:1074700007EA0020738D050030B503788BB0044611
:1074800007AD032B21D8DFE803F0021A1C1E1249B6
:107490002846F5F7BBF8059563780493A378039322
:1074A000E37802932379019363790093A3790B4ADC
:1074B0000B481E211FF080FE09480BB030BD094962
:1074C000E6E70949E4E70949E2E7094A0A212846CB
:1074D0001FF072FEDFE700BF2E8D0500508D050006
:1074E000E9E90020358D05003C8D0500468D05003D
:1074F000B3EB05002DE9F0414FF0FF3206460D4693
:107500004FF0FF3300210F2000F0C6FC012700F1EF
:107510000C08044607760221404625F0C7FA0F23DF
:10752000042103704170404625F0C0FA054B4770B6
:10753000468005702146D3F88C01BDE8F04101F08A
:107540004DBC00BFB82300202DE9F041744DBFF3BE
:107550005B8F2C68BFF35B8F14F0010400AF6ED01B
:10756000DFF8C081704C714E71484246214624F0CC
:10757000F2F8034600284FD16E48026854070ED037
:107580006C4688B06A466C4951616C49916103212F
:1075900042F8101F4FF4C251FAF76EFCA5464FF0A7
:1075A0001F084FF0FF324FF0FF33012000F064FC62
:1075B00000F10C0602210446304625F077FA3E23FE
:1075C0000370422343700121304625F06FFA0823EF
:1075D00003704121304625F069FA064600F8018B18
:1075E000B8F1000F22D0402200212BF0C8FBBFF3DE
:1075F0005B8F55E8003F23F0010345E80032002A85
:10760000F7D1BFF35B8F21464D4BD3F88C0101F0CE
:10761000E5FBBD46BDE8F0812022314620462BF037
:10762000BAFB0028A0D04FF00008BAE7404925F087
:10763000EFFC203106F1210025F0EAFCD7E7BFF38B
:107640005B8F2B68BFF35B8F9907E2D5BFF35B8F2E
:1076500034492E683648BFF35B8F24F038FF031E91
:1076600049DA34480268520710D06E4688B06A463C
:10767000344951613449C2E90613042342F8103FEA
:107680004FF401512346FAF7F7FBB5466FF00404B7
:107690004FF0FF324FF0FF33012000F0EDFB00F11F
:1076A0000C0802210646404625F000FA3E230370EE
:1076B000222343700121404625F0F8F90923037085
:1076C0002121404625F0F2F90346013014B31F2270
:1076D0001A70FF2120222BF052FBBFF35B8F55E87D
:1076E000003F23F0020345E80032002AF7D1BFF340
:1076F0005B8F314688E70C490C480A4B16F0040FA3
:1077000001F1200218BF0146104624F073F800284A
:10771000BCD0BDE706491C7025F07AFCDDE700BF50
:10772000B8C10020AC4A050088EA0020058E05009B
:10773000A8EA0020943600208B8D0500F78D050007
:10774000B8230020B88D0500DD8D050070B5214CF3
:10775000BFF35B8F2368BFF35B8FDA0706460D46E6
:1077600001D50C2070BD012931D8BFF35B8F54E8DF
:10777000003F43F0020244E800210029F7D1BFF3A3
:107780005B8F9B07EDD41448314625F041FC13482C
:1077900006F1200125F03CFCBFF35B8F75B154E886
:1077A000003F43F0040344E80032002AF7D1BFF35E
:1077B0005B8F0B4800F01EFB0020D3E754E8003F2E
:1077C00023F0040344E80032002AF0D0F6E7122048
:1077D000C8E700BFB8C10020A8EA0020C8EA00201E
:1077E000882B002070B5067E044676B9C3681D88D4
:1077F00042F22602954246D010D842F2010295424A
:1078000050D042F225039D4214D02B4BD3F88C016B
:10781000836821469B68BDE87040184742F25E03CA
:107820009D42F2D103210C3025F05FF9E06890F819
:1078300040102EE003210C3025F057F92046FDF7CB
:10784000FBFFBFF35B8F1D4B1A68BFF35B8F920783
:1078500007D50C26314642F22500FFF74BFE0020EB
:1078600070BDBFF35B8F53E8002F42F0010143E886
:1078700000100028F7D1BFF35B8FD307E9D410487D
:1078800000F0B8FAE6E703210C3025F02EF9E068A5
:107890003146FFF75BFF06462046FDF7CDFF314638
:1078A0002846DAE7DA7802F07F02DA701A7922F0F5
:1078B00001021A71A9E700BFB8230020B8C1002057
:1078C000882B00202DE9F043514C83B0BFF35B8F30
:1078D00098462368BFF35B8FDB0700AF054616466B
:1078E00040D5B0B94B4803685C070FD06C4688B0F0
:1078F0006A46494B5361494B9361032342F8103F59
:107900004FF4C2512B46FAF7B7FAA5466FF00100C3
:1079100029E0391D23F00FF94149024681462846E6
:107920002BF056FA034600284BD1BFF35B8F226839
:10793000BFF35B8F1007C2F3C00518D53548026846
:1079400012F0060F0ED06C4688B06A463549516178
:1079500032499161032142F8101F4FF4C451FAF7E4
:107960008BFAA54600200C37BD46BDE8F083F43CF9
:10797000232221464046B04706281CD825480368E4
:1079800059070FD06E4688B06A46274B5361234B88
:107990009361032342F8103F4FF4C2512B46FAF78C
:1079A0006BFAB5462148232200212BF0E8F9002389
:1079B00084F82330D6E70723B0FBF3F084F82300E4
:1079C000D0E728461A494A462BF002FA0546002815
:1079D0009CD11C2204F19C014046B047031E12DAE0
:1079E0000C4802685207BDD06C4688B06A461149FF
:1079F00051610A49C2E90613042342F8103F4FF4CB
:107A000001512B46ABE71C4484F89C50AAE700BF09
:107A1000AC240020B8360020308E0500BC8F050055
:107A2000438D0500558E05007D8E0500B82300208E
:107A300024950500A68E05002DE9F04188B09C79BB
:107A4000DDF838805D791E79DF7893F802C093F80D
:107A500001E01B78B8F1000F0ED0CDE90638CDE972
:107A600004CE1346CDE90267CDE90045084A1FF070
:107A7000A3FB08B0BDE8F081CDE905E3CDE9037CC7
:107A80001346CDE90156034A00941FF095FBF0E739
:107A9000DC8E0500008F0500B0B500AFFBF756F98E
:107AA0000446A0B10B4803685B0710D06D4688B050
:107AB0006A46094B5361094BC2E90634042342F874
:107AC000103F00234FF40151FAF7D6F9AD46204696
:107AD000BD46B0BDB8360020218F0500AB8F050034
:107AE00070B504468CB01E461546A2B129B10A46AF
:107AF00002A8042122F03EF902A900912B46224659
:107B0000242103A8FFF798FF109A314603A8FAF73B
:107B100017FF0CB070BD0346044A242103A81FF0D0
:107B20004BFB0028F0DA6FF01500F2E74A8F0500F2
:107B300090B5134B134883B093F82320C2EBC202D5
:107B40000092002202AF1146FFF7CAFF0346A0B120
:107B50000D480268520710D06C4688B002AA0B4943
:107B600051610B49C2E90613042342F8103F002378
:107B70004FF40151FAF780F9A5460437BD4690BD90
:107B8000B8230020438D0500B8360020508F050033
:107B90009F8F050030B504468DB0154692B129B1CE
:107BA0000A4602A8042122F0E5F802A900912B461A
:107BB0002246242103A8FFF73FFF03A822F090FFED
:107BC0000DB030BD0346054A242103A81FF0F4FA86
:107BD0000028F2DA6FF01500F2E700BF4A8F0500C7
:107BE00007B5009313460A4601460348FFF778FF9E
:107BF00003B05DF804FB00BF2CB005000A46014647
:107C00000148FFF7C7BF00BF2CB0050007B50093C0
:107C100013460A4601460348FFF762FF03B05DF8CA
:107C200004FB00BF26B0050007B5009313460A46C3
:107C300001460348FFF754FF03B05DF804FB00BFA3
:107C4000BDAD05000A4601460148FFF7A3BF00BFCE
:107C5000BDAD050007B5002203460091034811465B
:107C6000FFF73EFF03B05DF804FB00BF1EB0050048
:107C700007B500220346009103481146FFF730FF85
:107C800003B05DF804FB00BF2495050008B5024869
:107C90001BF0AAFA002008BD982B00202DE9F8431C
:107CA000334DBFF35B8F2B68BFF35B8F13F0010F76
:107CB00000AF2E465AD095F89C30A5F1F40813B9C0
:107CC0002C4801F0C3F998F82390B9F1000F34D192
:107CD00002F0CEFA0446B8B1274803685D070FD01A
:107CE0006D4688B06A46254B5361254B936103234B
:107CF00042F8103F4B464FF4C251FAF7BDF8AD467B
:107D00002046BD46BDE8F88398F82380B8F1000FFF
:107D100013D102F0BFFA044678B117480368590737
:107D2000EED06D4688B06A46144B5361144B936194
:107D3000032342F8103F4346DDE7BFF35B8F2B6818
:107D4000BFF35B8F5A0701D401F088F8BFF35B8F54
:107D500056E8003F23F4805246E800210029F7D17D
:107D6000BFF35B8FDB0401D5FFF790FF0024C7E76B
:107D7000AC2400206F8F0500B8360020778F0500F7
:107D8000C88F050007B5009313460A46014603480D
:107D9000FFF7A6FE03B05DF804FB00BF97B6050031
:107DA0000A4601460148FFF7F5BE00BF97B6050039
:107DB00030B50A4D0A4B85B000242846029303943F
:107DC0002AF0B9FB02AB0093284606490A234FF478
:107DD00000621BF00FFA204605B030BD406600205F
:107DE000E78F050040320120014601481BF040BAF0
:107DF00040660020014601482AF063BB406600202F
:107E00000378012B30B513D0022B27D07BB9194B47
:107E10000A4603F1100453F8045B42F8045BA342E2
:107E2000F9D11B78137043884B731B0A8B7330BDD9
:107E3000104B0A4603F1100453F8045B42F8045B4C
:107E4000A342F9D11B78137043684B73C3F3072225
:107E50001B0CCB731B0A8A730B74E8E700F1100349
:107E600050F8042B41F8042B9842F9D103780B7099
:107E7000DDE700BFF08F050038B50546054824F062
:107E8000B5FD044620B101210C3024F004FE257616
:107E9000204638BD443B00200F2810B50ED80D28D1
:107EA0000ED90B4824F0A2FD044628B101210C3064
:107EB00024F0F1FD01232376204610BD1328F0D0D5
:107EC00009B10448EEE7BDE810400120FFF7D4BF38
:107ED0009C3B0020C03A0020F8B506460F4603F050
:107EE000F7FE044640B18378012B24D0132125F0FE
:107EF00061FD204603F0BAFA3946304609F02CF904
:107F0000054628BB3946304607F06EFB144B1B680C
:107F100023B31C6804B10C3C53F8043C13B139463C
:107F200030469847D4B12346E4689B68A4B10C3C22
:107F3000002BF4D1F7E70023D0F8A050C0F8A03010
:107F4000132125F037FD204603F090FA002DD3D001
:107F5000284627F085F9D5E7002BE0D1F8BD00BF12
:107F6000A4C2002070B5C6683378B6F80150ABB92A
:107F70000F21284603F098FBF278044678B96FEA9F
:107F800005500B4B0B496FEA105033F8025B15B9E3
:107F90000A5523F8020C0134042CF6D170BD02738B
:107FA000012103F08DFA2046BDE8704003F05EBA6F
:107FB0008CD70020E8EA002010B5084C01460622C4
:107FC00094F88F0003F0E8FE38B994F88F00044964
:107FD000BDE81040052203F0DFBE10BDB82300202D
:107FE000148D050098B50B4803685B0700AF0ED0F1
:107FF0006C4688B06A46084B5361084B9361032373
:1080000042F8103F4FF4C25125F044F9A546BD4651
:1080100098BD00BF90360020109005003F990500E4
:1080200098B5014600AF0F4824F0E4FC0E490F4814
:108030002AF047FA031E13DA0D48026852070FD0E0
:108040006C4688B06A460B4951610B49C2E9061378
:10805000042342F8103F4FF4015125F01BF9A546C7
:10806000BD4698BD24250020B82B0020286700209D
:10807000903600202E9005003E9A050098B50346E4
:108080000C48026812F0060F00AF11D0DB686C4696
:1080900088B01B786A46084951610849C2E906134D
:1080A000042342F8103F4FF4025125F0F3F8A5469F
:1080B000BD4698BD903600204F9005008C9A050073
:1080C0002DE9F041124D2A6812F0060F00AF044668
:1080D0000B461AD00E8AD8683146FFF7ABF9E8464E
:1080E0008CB06A460B4B53610B4BC2E9063440F22D
:1080F00003531385094BC2E908604FF4525142F80B
:10810000103F284625F0C6F8C546BD46BDE8F081BB
:10811000903600207B9005006E9A05000600000155
:1081200098B5012100AF0C3024F0E7FC03460B4862
:108130000268520710D06C4688B01B786A4608491E
:1081400051610849C2E90613042342F8103F4FF475
:10815000015125F09FF8A546BD4698BD90360020F8
:10816000A1900500099A0500B0B5C3681C8800AF4E
:108170000121204603F098FAA8B90C4803685B0770
:108180000FD06D4688B06A46094B5361094BC2E96E
:108190000634042342F8103F4FF4015125F07AF8D9
:1081A000AD46BD46B0BD03F061F9FAE79036002058
:1081B000C790050069990500B0B5C368B3F80140E0
:1081C00000AF0121204603F06FFAA8B90C480368FC
:1081D0005B070FD06D4688B06A460A4B53610A4B65
:1081E000C2E90634042342F8103F4FF4015125F050
:1081F00051F8AD46BD46B0BD03F038F9FAE700BF0F
:1082000090360020C79005007C990500F8B5C3683A
:108210001D78B3F8016000AFCDB90F21304603F0EF
:1082200043FA0446A8B90E4803685B070FD06C46B2
:1082300088B06A460B4B53610B4BC2E906360423E8
:1082400042F8103F4FF4015125F024F8A546BD46F1
:10825000F8BD294603F034F9204603F007F9F6E7A4
:1082600090360020EF900500C0990500B0B502EBF4
:10827000C303044600AF08469A4202D16FF05E0085
:108280001FE0114611F8085BA54220D1038A5178FE
:10829000994218D90F480268520710D06D468AB02B
:1082A0006A460D4951610D491462C2E9061305235E
:1082B00042F8103F4FF4215124F0ECFFAD466FF02F
:1082C0001500BD46B0BD536898470020F9E70A463F
:1082D000D2E700BF90360020199105005A9A050098
:1082E000F8B55E4800AF24F09AFB0446002877D02A
:1082F000037E012B76D0032B40F0A580038A032B4D
:1083000012D857480268510700F099806D4688B02E
:108310006A46544951615449C2E90613042342F89C
:10832000103F4FF401511FE004210C3024F0E5FB15
:10833000218A43880688FF22C6F30B008B42A08364
:10834000627615D046480268520778D06D468AB0EA
:108350006A46464E5661444E13620523C2E90661E1
:1083600042F8103F4FF4215124F094FFAD4666E0EF
:108370000F2103F099F9054648B9394803685E07AB
:108380005DD06D4688B0A38B6A463949C2E703F0D9
:10839000E7F9320B60762146284602F013FF2846A3
:1083A00003F064F8334BD3F86C31CBB13249334826
:1083B0002AF087F8031E13DA2948026852070FD003
:1083C0006C4688B06A462E4951612E49C2E90613AF
:1083D000042342F8103F4FF4015124F05BFFA546FF
:1083E000BD46F8BD038A012B0AD81D48026855070F
:1083F00025D06D4688B06A462349516123498BE7F1
:1084000002210C3024F079FB0546007824F01CFF93
:1084100010F002060DD11E4A1E491F4840F6A8332F
:1084200021F03DFA86F31188BFF36F8F03231846BE
:1084300002DF1A4A28780623214624F02EFF204620
:10844000FDF7FAF9AEE7064802685107F7D06D4626
:1084500088B06A46124951610A495DE72425002027
:10846000903600203F910500269A05006491050092
:108470008C910500B8230020B82B0020286700202D
:108480002E9005002E9A0500B29105001C9A050059
:10849000D29105000692050034920500EC4B0500D0
:1084A0005192050010B5012104460C3024F025FB43
:1084B0002146034A0078BDE810400A2324F0EDBEAF
:1084C0001C4C05002DE9F041012100AF04460C30A1
:1084D00024F013FB90F80080154A00232146404603
:1084E000FFF7C4FE5F301FD1124D2B6813F0060F4B
:1084F0001AD0268AE0683146FEF79CFF6C468CB0A5
:108500006A460D4B53610D4BC2E9063840F20353E6
:1085100013850B4BC2E908604FF4525142F8103FEB
:10852000284624F0B7FEA546BD46BDE8F08100BF51
:108530006C4C05009036002069920500C398050038
:1085400006000001F8B5C568B5F8016000AF01216B
:10855000304603F0A9F80446A8B9144803685B073D
:108560000FD06C4688B06A46114B5361114BC2E97B
:108570000636042342F8103F4FF4015124F08AFEDE
:10858000A546BD46F8BD2B783BB9D5F80330C0F8F9
:108590009530D5F80730C0F899304FF48041201D50
:1085A00024F064FE204602F061FFEAE790360020E6
:1085B000C790050027990500B0B53C2800AF0446D8
:1085C00028D102F085F86FF08001103024F073FE9E
:1085D0000020FFF7F1FC0546A0B91C4803685B07C3
:1085E0000ED06C4688B06A46194B5361194B9361A3
:1085F000032342F8103F4FF4C25124F04BFEA5462E
:10860000BD46B0BD0473002102F05AFF284602F0B7
:108610002DFFF5E70D48036813F0060FF0D06D4607
:108620008AB06A460C4B53610C4BC2E906340C4BC2
:10863000136240F2024393840A4B42F8103F4FF416
:10864000325124F027FEAD46DAE700BF9036002015
:108650009F920500D3980500C4920500F09805008C
:10866000277D0500050000012DE9F84F584EBFF3A6
:108670005B8F00AF824689469346002356E8004F41
:1086800046E80032002AF9D1BFF35B8FB4B95148F4
:1086900003685A070FD06C4688B06A464E4B536148
:1086A0004E4BC2E9063A042342F8103F4FF4015101
:1086B00024F0F0FDA546BD46BDE8F88F2046FDF745
:1086C00007F8474D0C2303FB0050A0464288524553
:1086D0002FD0DFF80081D8F80020530718D02046AB
:1086E000FCF7F6FF0C2303FB00506D468AB043886D
:1086F0006A463C495161394913620523C2E9061AA9
:10870000404642F8103F4FF4215124F0C3FDAD46DE
:10871000BFF35B8F56E8003F46E80042002AF9D1DC
:10872000BFF35B8F002BC6D098464046FDF784F818
:10873000C1E7A34510D0204624F053F904F10C06FC
:1087400001212176304624F0A6F9BBF81020DBF891
:108750000C10304624F0B0F92046FCF7B9FF0C2687
:1087600006FB00504368ABB1B9F1000F12D12046AF
:10877000FCF7AEFF06FB005001214268D2E900037E
:10878000127A03F01F06B1405B09DAB100EB8300F7
:1087900024F06CFD2046FCF79BFF0C2606FB0050E6
:1087A0008368002BC1D02046FCF792FF704305F888
:1087B00000902046FCF78CFF06FB0055A8681AF0D5
:1087C0002BFBB2E7C94300EB830024F074FDE1E723
:1087D0002025002090360020E49205000A9C050028
:1087E000BCC10020109305002DE9F84FD0F80C8093
:1087F000018A98F80040012303EB84038B4200AF09
:1088000040F2838043480268550711D06D468AB014
:108810006A46414E5661414EC2E908310623C2E91B
:1088200006644FF4415142F8103F24F033FDAD4649
:10883000BD46BDE8F88FD9F800305A0710D06C4615
:1088400088B06A46364B5361344B3248C2E9063A27
:10885000042342F8103F4FF4015124F01BFDA546BC
:10886000013598F800309D42E2DA08EB85030F21CC
:10887000B3F801A0B3F80360504602F015FF0446B8
:108880000028D8D000F1C00AD6B1204602F03AFC48
:108890001AF0C2FA6369BBB9D9F800305B070FD090
:1088A0006E4688B06A461F4B53611C4B936103238D
:1088B00042F8103F17484FF4C25124F0EBFCB54684
:1088C000204602F0D3FDCBE7A1691A6862618B42B2
:1088D00000D1A261C3F800B0226A9AB9C4E9073393
:1088E000BFF35B8F5AE8003F013B4AE80032002AA1
:1088F000F8D1BFF35B8F00212046013E02F00EFC51
:10890000B6B2C1E713602362EAE70025DFF80490FE
:10891000AB46A6E79036002047930500A29A0500D3
:108920007593050095930500F0B583B0C568B5F85B
:10893000016000AF0121304602F0B6FE0446B0B936
:108940003148036859070FD06C4688B06A462F4BF0
:1089500053612F4BC2E90636042342F8103F4FF40F
:10896000015124F097FCA5460C37BD46F0BD2B788D
:108970001A2B00F1040617D1C378012B28D14FF42C
:108980008051304624F072FCC2040DD4D4F88830F3
:108990003B603946D4F890307B60204603F0F6FD0A
:1089A000204602F063FDDFE72B788BB9B5F8033082
:1089B000A4F88630B5F80530A4F88C30B5F8073047
:1089C000A4F88E306FF48061304624F074FC17E018
:1089D000BFF35B8F6368BFF35B8F5B05F2D52B78CA
:1089E000202BEFD194F89430002BEBD0013B84F88E
:1089F00094304FF42032002304F140001AF062FC5E
:108A0000204603F047F8CBE790360020C7900500DA
:108A10000F99050010B5C1E900239DF808300B72CD
:108A20000C46FCF755FE034B0C2202FB00335C6046
:108A300010BD00BFBCC100202DE9F0474FF0FF3250
:108A400006464FF0FF331848884623F0CFFF044610
:108A500038B300F10C0701214FF00009384624F02B
:108A60001AF884F818902046FCF732FE0F4D4FF0AC
:108A70000C0A0AFB005046802046FCF729FE0AFB40
:108A80000050C0F808902046FCF722FE0AFB005573
:108A900003213846C5F8049024F008F8068080F8D1
:108AA00002802046BDE8F087183B0020BCC10020B2
:108AB00037B5042804460D468DF8070014D829B1AF
:108AC0000B49072228462AF066F940B909490DF1F9
:108AD0000702204608F084FA002003B030BD294682
:108AE0002046FFF7F9F9F7E76FF01500F5E700BF4B
:108AF0001B8D05008BD2040029289ABF014B185CFE
:108B00000920704772980500F8B5C368B3F8016092
:108B10001D7800AF0F21304602F0C6FD0446A8B90B
:108B2000264803685A070FD06C4688B06A46244B23
:108B30005361244BC2E90636042342F8103F4FF438
:108B4000015124F0A7FBA546BD46F8BD5DB12846FE
:108B5000FFF7D2FF29460246204603F051F820468F
:108B600002F084FCF0E78378012BF0D108F01CF9C7
:108B7000204624F051FB0028E9D10520FFF7BCFF77
:108B800005210246204603F03BF80C4803685B07CA
:108B90000ED06D4688B06A460B4B5361094B93610A
:108BA000032342F8103F4FF4C25124F073FBAD464B
:108BB0000521204624F0FEFED1E700BF90360020BC
:108BC000EF900500E8990500B09305002DE9F0410C
:108BD000C668B6F80180357800AF0F21404602F034
:108BE00063FD0446B0B9384803685A070FD06C4695
:108BF00088B06A46354B5361354BC2E906380423C9
:108C000042F8103F4FF4015124F044FBA546BD4605
:108C1000BDE8F08145B12846FFF76EFF29460246C0
:108C2000204602F0EDFF18E0F378C17A994218D19E
:108C30002548036813F0060F0FD06D4688B06A46CA
:108C4000244B5361224BC2E90631042342F8103F02
:108C50004FF4025124F01EFBAD46204602F006FC04
:108C6000D5E78278C372012A05D00020FFF744FFC0
:108C700000210246D4E70BB108F096F8204624F014
:108C8000CBFA0028F1D10520FFF736FF0521024677
:108C9000204602F0B5FF0C4803685B070ED06D4616
:108CA00088B06A460C4B5361094B9361032342F829
:108CB000103F4FF4C25124F0EDFAAD460521204695
:108CC00024F078FEC9E700BF90360020EF90050041
:108CD000D5990500DA930500B093050070B50C4DE9
:108CE00006460FCD90B001AC0FC40FCD0FC40FCD11
:108CF0000FC495E807000E2E84E807009BBF10AB59
:108D000003EB8606034856F83C0C10B070BD00BF5C
:108D1000484005000D9405002DE9F047044600F198
:108D20000C0600AF304623F0F8FEB4F81090B9F10D
:108D3000010F054617D8224803685A070FD06D4621
:108D400088B06A461F4B53611F4BC2E906390423A2
:108D500042F8103F4FF4015124F09CFAAD462046F2
:108D6000FCF76AFD28E03046022123F0C6FE80466B
:108D7000007824F069FA10F0010A06460DD1134A72
:108D80001349144840F6E47320F089FD8AF31188F2
:108D9000BFF36F8F0323184602DF05230E4A98F8AE
:108DA0000000214624F079FAB307D8D56369A4F806
:108DB000109013FA85F5E560BD46BDE8F08700BF69
:108DC00090360020B2910500BC9A0500D2910500B2
:108DD0001594050034920500C44B0500B0B50C464F
:108DE00000AF1AF07FFD237E012B05D0032B15D198
:108DF0002046FFF715F90BE0E368187824F024FA11
:108E00000546E80702D52046FFF786FFA907EFD4FD
:108E100000241AF07BFD2046BD46B0BD0C48026818
:108E200052070FD06D4688B06A460A4951610A4917
:108E3000C2E90613042342F8103F4FF4015124F015
:108E400029FAAD462046FCF7F7FC6FF01504E0E781
:108E5000903600202E9405004B9A05002DE9F84F1E
:108E6000DFF838914E484F4C00AF042124F0FEF952
:108E7000D9F8003003F00703022B1DD994F8232002
:108E8000494B4A4D2046012A88BF1D466E46FEF7D3
:108E9000F3FA8AB06A46464B5361464B1062C2E908
:108EA0000635454B5362454B42F8103F4FF4435152
:108EB000484624F0EFF9B546414D3E4EDFF80481B7
:108EC0004FF0010B94F82320D9F80030934503F0BC
:108ED000070346DB022B41D994F890603046FFF738
:108EE000FDFE6D468CB0B4F89210B4F896306A4628
:108EF000DFF8C0809362C2E90861334BDFF8CCC071
:108F0000C2F814C040F20136C2E9068096852348B3
:108F100042F8103F4FF4735124F0BCF9D9F80030F7
:108F200003F00703022BAD4618D994F891904846F8
:108F3000FFF7D4FE8CB0B4F894306A4624495362EB
:108F4000244B1685C2E90518C2E907094FF45351AD
:108F500042F8103F114824F09DF9AD46BD46BDE8EA
:108F6000F88F022B16D9CBEBCB002044FEF784FA06
:108F7000EA468AB06A4640F20243C2E907B0C2E953
:108F800005569384054842F8108F4FF4335124F06E
:108F900081F9D5460BF1010B94E700BF9036002014
:108FA000AC240020B823002046940500277D05004E
:108FB0004A940500B298050001030204050000026E
:108FC0005D94050005000001070000017294050092
:108FD000B49405000600000198B5124890F82330BB
:108FE00000AFBBB91048036803F00703022B0ED98A
:108FF0006C4688B06A460D4B53610D4B9361032359
:1090000042F8103F4FF4C65124F044F9A546002021
:10901000BD4698BD0821F43024F028F9FFF71EFF63
:10902000F5E700BFB823002090360020DF9405004C
:109030006B9C0500044BBFF35B8F1868BFF35B8F1D
:10904000C0F38000704700BFAC240020B0B500AF73
:109050000546F3F7E3FA1C2804462BD8174829469F
:10906000F3F7CAFA18B322462946144829F05FFEDE
:10907000134803190022214600F5C87083F8902197
:10908000FEF7F6FD98B10F48036813F0060F0ED0F7
:109090006C4688B06A460C4B53610C4B93610323BA
:1090A00042F8103F4FF4C45124F0F4F8A5460020D4
:1090B000BD46B0BD6FF00B00FAE700BF48250020A9
:1090C000B823002090360020109505009C980500DC
:1090D000004870474825002001481AF085B800BFB5
:1090E000A82B0020F8B5054600AF0C4619B9FFF7CC
:1090F000A3FC044650B340F635439D421ED12046A2
:10910000FEF770FB0546F8B1124803685B070FD005
:109110006E4688B06A46104B5361104BC2E9063563
:10912000042342F8103F4FF4015124F0B3F8B54640
:109130002046FCF781FB2846BD46F8BD084821467D
:1091400029F0F8F8FFF7C8FF0025F4E76FF068058D
:10915000F1E700BF90360020299505003E9C0500F0
:109160002C2500202DE9F04186B0C5682E881FFA15
:1091700086F802AF0121404602F096FA0446B8B9DB
:109180003A48036859070FD06C4688B002AA384B9A
:109190005361384BC2E90638042342F8103F4FF4BC
:1091A000015124F077F8A5461037BD46BDE8F0819F
:1091B000D5F80220D5F8063001976989009125F08D
:1091C0004AFF002836D0122142F21A00FFF734FC81
:1091D0000546B0B9254803685A070ED06D4688B0D9
:1091E00002AA254B5361254B9361032342F8103F9C
:1091F0004FF4C25124F04EF8AD46204602F036F945
:10920000D2E712210C3023F051FC03463A4623F8F2
:10921000026B07F1100C164603CE664518605960C4
:10922000324603F10803F6D1294642F21A00FFF74D
:1092300059FFE2E7022142F21B00FFF7FDFB054662
:1092400050B90A4803685B07D7D06D4688B002AAB8
:10925000094B53610A4BC7E702210C3023F026FC6F
:109260002946068042F21B00E1E700BF903600204D
:10927000C7900500B19905004F950500A499050018
:1092800093990500F0B583B0C368D9789A781E88A1
:1092900000AF42EA01223A8059791A7942EA012262
:1092A0007A80D9799A7942EA0122BA801A7A5B7A6D
:1092B000B4B242EA032301212046FB8002F0F4F914
:1092C0000546D0B9224803685B070FD06D4688B0C9
:1092D0006A46204B5361204BC2E90634042342F80E
:1092E000103F4FF4015123F0D5FFAD460221204637
:1092F00024F030F80C37BD46F0BD394602F014FCBE
:1093000038B91E21204624F025F8284602F0AEF890
:10931000F0E70E2142F22000FFF78EFB0446002802
:10932000F3D00E210C3023F0C1FB00230680C0F8DF
:109330000A303B8843807B888380BB88C380FB885E
:109340000381214642F22000FFF7CCFEDDE700BF9B
:1093500090360020C790050057990500F8B50246E1
:1093600000AF0B463A4DD5F8741111B90020BD4637
:10937000F8BD05F5A87019F075FD0028F6D100229A
:10938000002305F5BA7019F015FD044668B9314A95
:109390003149324840F6B73320F081FA84F311881E
:1093A000BFF36F8F0323184602DFD5F86831CBB1C6
:1093B0002B48036859070ED06E4688B06A46294B81
:1093C0005361294B9361032342F8103F4FF4C2517C
:1093D00023F060FFB546D5F86801FCF72DFA0023AD
:1093E000C5F86831204623F030FBC5F868012046F7
:1093F000FEF7F8F9034640B31948026852070FD048
:109400006D4688B06A46194951611749C2E9061389
:10941000042342F8103F4FF4015123F03BFFAD46C7
:10942000134819F0F9FC2046FCF752F9114B0C22B5
:1094300002FB0033588818B122461F21FFF714F9A8
:109440002046FCF7F9F9FFF747FE01208FE700BF40
:10945000B8230020D2910500049005003492050045
:10946000903600206A950500179C05002995050097
:1094700008250020BCC100202DE9F04F87B005462B
:1094800000AF16460C4631B9FFF7D6FA044648B984
:109490006FF0680098E0887AFCF712F9564B834227
:1094A00040F0A48001220021384628F05CFF2046CD
:1094B000FCF70EF9DFF844A10C2303FB00A0876042
:1094C000204623F0C2FA01464D4828F033FFFFF74B
:1094D00003FE29F0D7FF4B4B1A584B4B9A4220D131
:1094E000DFF828B1464828F03AFF002181464FF4C2
:1094F000A020FFF733FF804688B9454A45484FF41E
:10950000D473594620F0CBF94348294620F0C7F9D7
:1095100088F31188BFF36F8F0323184602DF4C4591
:10952000E0D14FF4A0220023384619F09BFC80467E
:1095300098B14FF4D773364A3849364820F0AFF91E
:1095400037484246294620F0AAF9002383F31188C0
:10955000BFF36F8F0323184602DF2046FCF7B8F8ED
:109560000C2358431AF80080B8F1000F36D02D486C
:10957000036813F0060F16D06E468CB06A462A4B6D
:1095800053612A4BC2F82080C2E90635284B53624A
:1095900040F203531385274B42F8103F4FF45251CA
:1095A00023F078FEB5462046A8F10908FCF744F9F7
:1095B000B8F1090F0FD8DFE808F01C0E0E0B050EEE
:1095C0000E0E0E196FF00B001C37BD46BDE8F08F74
:1095D0006FF00C00F8E76FF00400F5E716B13460A7
:1095E0000020F1E72046FCF727F9F9E76FF01500B6
:1095F000EAE76FF06E00E7E7183B0020BCC10020EF
:109600002C25002008000000D89E00208995050028
:10961000D29105003492050091950500B1950500A1
:10962000BA95050090360020FF950500299C05009D
:10963000277D050006000001F7B5144B93F9BB30F8
:10964000002B05460C461DDA14B9204603B0F0BDC8
:10965000082C01AA4FF0000142F21800264628BF4C
:109660000826FFF709FF0028F0D1019FF96832466C
:109670000131284629F05BFB3846FCF7DDF835441C
:10968000A41BE1E76FF08500E0E700BFB8230020EE
:10969000F0B583B000AF06460D463A1D002142F2F8
:1096A0002F00FFF7E9FE0446B0B12B4803685B07C3
:1096B0000ED06D4688B06A46284B5361284B9361A3
:1096C000032342F8103F4FF4C25123F0E3FDAD46AF
:1096D00020460C37BD46F0BD7868C368B3F801205A
:1096E0003280B3F803302B80FCF7A6F83388A3F15F
:1096F0001B02E02A14D91848026812F0060F0FD096
:109700006E4688B06A46174951611549C2E9061389
:10971000042342F8103F4FF4025123F0BBFDB5463D
:109720002988A1F5A4739BB244F248129342CFD981
:109730000948036813F0060FCAD06D4688B06A4620
:10974000094B5361064BC2E90631042342F8103F2E
:109750004FF40251B9E700BF903600202296050071
:10976000EE9B0500469605006F96050010B5F3F7D1
:1097700037F9034B1B6813B1BDE81040184710BD03
:10978000D4C10020F0B53C4D83B0064602AFD5F8F9
:109790008C0128F033FCC0B93848036859070ED053
:1097A0006C4688B002AA364B5361364B9361032353
:1097B00042F8103F4FF4C25123F06CFDA5466FF004
:1097C000120420460437BD46F0BD6FF0020105F1DA
:1097D000F40023F070FD012123F048FDC20747D4B7
:1097E000FEF75AF904460028EBD1274B1E600122F0
:1097F000114605F5A87028F0B6FD05F5BA7028F0F9
:109800008DFD224828F097FE2149204800946FF0F2
:1098100007034FF4805219F0EDFC1E491B4819F064
:109820008BFDD5F88C011C4983681B68984704465A
:10983000A0B1124803685B07C3D06D4688B002AA86
:10984000164B53610F4BC2E90634042342F8103F14
:109850004FF4015123F01EFDAD46B2E71EB9F3F7F8
:10986000BFF80446ADE705F1E40019F0BDFCA8E738
:109870006FF07704A5E700BFB823002090360020E2
:10988000D1970500A8980500D4C1002028670020C2
:10989000803A0120ED970500DD8D0200F697050066
:1098A0002DE9F04F85B0B0F801906C4A054600AF45
:1098B00049F470410023104632F8024BA1424BD1CB
:1098C000002220F81320664A12F8038000F0AEFB55
:1098D000EB78012B08BF634B05F1040630460CBF43
:1098E00093F88F40002423F03EFC3146002839D005
:1098F00007F1080023F02CFCD5F81130C7F801302F
:10990000B5F81530A7F805304FF0010AEB78012BB8
:109910003BD0554C23685B0716D03046FDF7ACFDB5
:109920006D468AB06A46514B5361514BC2E90630CD
:1099300040F2013313844F4B42F8103F4FF4115162
:10994000204623F0A7FCAD461321484623F01DFD19
:109950001437BD46BDE8F08F0133042BACD14FF076
:109960000008B3E7204623F044FE03460068B860D1
:109970009A889B796868BA81BB73B288B37995F885
:1099800004A03860BA80BB71C0E707F10800FEF799
:1099900013FBEB78012B04460AD100F099FE6FF01F
:1099A00080018346103023F086FC584623F04CFF9C
:1099B000002CAED02346B5F8012023F8702BB868F0
:1099C000BA7BB98920679A719980B5F81730A4F8E5
:1099D0008630B5F81930A4F88C30B5F81B30A4F8EF
:1099E0008E30EB78E3700022012B227322D187F8AE
:1099F00000A0BA88BB793868A4F87B2084F87D3051
:109A0000C4F8770000F064FE237A164AC3EBC30360
:109A10009918D358C4F87E308B88A4F882308B799B
:109A200084F88430D2E9401303F03F03194301D096
:109A300001F030F80721204601F042FDB8F1000F97
:109A400005D084F80C800121204601F039FD204624
:109A500001F0D4FE204601F009FD79E78CD7002003
:109A6000E8EA0020B8230020903600201698050070
:109A7000D29B05000400000100B5C368187889B0C6
:109A800020B109B05DF804EBFEF796BDB3F80120F4
:109A9000ADF80120DA788DF800008DF80320B3F8D6
:109AA0000B20ADF81720B3F80D20ADF81920B3F84E
:109AB0000F20ADF81B205A7C8DF81D2058680190AE
:109AC0001A899B7A8DF80A30094BADF80820684650
:109AD0001A689B88CDF80B20ADF80F30CDF8112017
:109AE000ADF81530FFF7DCFE09B05DF804FB00BFF0
:109AF000288D050038B5042104460C3022F0FDFF06
:109B0000034640885D7818B119782246FEF7ACFD0F
:109B100035B1044819F080F9BDE83840FFF7DCBAE8
:109B200038BD00BF08250020B0B50321044600AFB2
:109B30000C3022F0E2FFE3680578B0F801001978F4
:109B400040F6354398421BD11348036813F0060FC3
:109B500014D06C468AB06A46104B5361104BC2E970
:109B60000631104B136240F2024393840E4B42F8CD
:109B7000103F4FF4325123F08DFBA546BD46B0BDDA
:109B800010B12246FEF770FD002DF7D0074819F0FE
:109B900043F9FFF7A1FAF1E7903600203698050067
:109BA0007B9A0500277D050005000001082500209F
:109BB000F8B50B4D95F8237006460024E3B29F429A
:109BC00002D86FF0010007E02946304623F046FC3A
:109BD0000735631C08B12046F8BD1C46EEE700BF00
:109BE000B823002037B504460D46B9B116492846BA
:109BF00023F034FC90B91548C4EBC4042946204432
:109C000023F034FC124823F038FC430703D5FEF759
:109C10003DF823F03FFA002003B030BD684623F042
:109C200089FA0028F8D16846FFF7C2FF0028F5DA64
:109C3000064BC4EBC4001844694623F017FC002D02
:109C4000E0D001462846DBE71B8D0500B823002045
:109C5000AC240020F8B5224E00AF0622314605465E
:109C600029F099F8B0B3062142F20500FEF7E4FEB0
:109C7000044688B3062229460C3022F01DFF2146F7
:109C8000002242F20500FFF7F7FB0446C8B110F1CD
:109C90000D0F13D11348036813F0060F0ED06D4655
:109CA00088B06A46104B5361104B9361032342F80E
:109CB000103F4FF4C45123F023FCAD462046BD466F
:109CC000F8BD33462A6843F88929AA88B280012260
:109CD00083F888200024F1E76FF06804EEE700BF06
:109CE0004124002098360020739C05005F9F0500EA
:109CF0002DE9F041002182B0044600AF022208465F
:109D000002F04AF80646B0B1BFF35B8F684B53E8E8
:109D1000001F41F4006143E80012002AF7D1BFF3AD
:109D20005B8F237A43F00103237201F09FFB083716
:109D3000BD46BDE8F0815F4D01465F4800F0C2FCC2
:109D400095F84331ABB1304623F0DDFB88B15B4879
:109D5000036813F0060F4BD06C4688B06A46584B28
:109D60005361584B9361032342F8103F4FF4C451A1
:109D700031E095F8432195F842319A4240D14F4E57
:109D8000336813F0060F0FD0E84688B06A464E4B92
:109D900053614C4B9361032342F8103F4FF4C4517D
:109DA000304623F0ADFBC5460022114642F22900A1
:109DB000FFF762FB98B13368580719D06C4688B03A
:109DC0006A46424B53613F4B9361032342F8103F75
:109DD0003A484FF4C25123F093FBA54608E095F8AA
:109DE0004331013385F84331237A43F0040323726E
:109DF000012023F088FB3648002100F063FC96E741
:109E0000224604F1010812F82A0B414623F03BFBDD
:109E1000064680B1294803685907E9D06C4688B0E6
:109E20006A462C4B5361274B9361032342F8103F42
:109E30004FF4C251CFE795F84331013385F84331F0
:109E4000237A43F00403237295F8C7305A070BD4E2
:109E50001A48036813F0060FCAD06C4688B06A46E9
:109E60001D4B53611D4B7DE74146384623F0FEFAFA
:109E70000123082142F24E00FB71FEF7DDFD04468E
:109E800060B1082239460C3022F016FE32462146D7
:109E900042F24E00FFF7F0FA0028A9D00748036805
:109EA0005B07A5D06C4688B06A460D4BBAE700BF89
:109EB000AC240020B8230020BBD504009836002035
:109EC000869C0500559F0500AF9C0500E49C05009D
:109ED00037D50400089D05002C9D0500419F050015
:109EE0005A9D05002DE9F843002100AF04460222E7
:109EF000084601F051FF0546A8B1BFF35B8F424B06
:109F000053E8001F41F4006143E80012002AF7D132
:109F1000BFF35B8F237A43F00203237201F0A6FAAA
:109F2000BD46BDE8F8830146384800F0CBFB284623
:109F300023F0E9FA364D0646A8B1364803685A07B9
:109F400023D06C4688B06B46334A5A61334AC3E922
:109F500006261A46042342F8103F4FF4015123F01D
:109F6000CFFAA54611E095F8433195F842219A427F
:109F700016D2013B85F84331237A294923F00403A3
:109F800002462372022007F04DF895F8433113B1D1
:109F9000012023F0B8FA2348002100F093FBBFE72B
:109FA000072142F22800FEF747FD04F1010980462F
:109FB00080B9184803685B07E7D06C4688B06A46EA
:109FC000194B5361154B9361032342F8103F4FF433
:109FD000C251C4E707210C3022F068FD494623F046
:109FE00045FA3246414642F22800FFF745FA00287A
:109FF000DFD195F84331013B85F84331237A23F0D3
:10A0000004032372C1E700BFAC240020BBD50400C9
:10A01000B823002098360020799D0500379F050061
:10A02000EBD4040037D50400AA9D05000A4BBFF30A
:10A030005B8F53E8002F22F4006143E800100028F2
:10A04000F7D1BFF35B8F130504D50449002202202A
:10A0500006F0E8BF704700BFAC24002053D60400D0
:10A0600007B50023CDE9000304496A46022006F043
:10A07000D9FF019803B05DF804FB00BF65D504006B
:10A0800010B4034670B10A4991F8424191F8432156
:10A090000CB1944208D2013281F843211A7A42F07D
:10A0A00004021A7210BC704710BCFFF721BE00BF3B
:10A0B000B823002010B4034698B10B4C94F8421119
:10A0C00094F8432129B101318A4203DC10BCFFF727
:10A0D00009BF12B1013A84F843211A7A22F004022E
:10A0E0001A7210BC704700BFB8230020F8B50446B0
:10A0F00000AF21BB38B3294923F0B0F918BB204683
:10A10000FFF756FD002843DA2378012B04D1A37909
:10A1100003F0C003C02B16D0214803685A070ED0A5
:10A120006C4688B06A461F4B53611F4B93610323F3
:10A1300042F8103F4FF4C25123F0E2F9A5466FF008
:10A140001500BD46F8BD194D95F82330052B22D0DA
:10A1500005F1F40023F091F9C30707D4002CEED0E9
:10A160000E49204623F07AF90028E8D195F82360BB
:10A170002146731C304685F82330FFF733FD08B9BC
:10A180003046DEE795F82330013B85F82330D8E7E9
:10A190006FF07700D5E76FF00B00D2E71B8D05005D
:10A1A00098360020D39D05002A9F0500B823002083
:10A1B0002DE9F04383B0044600AFC0B926480368D8
:10A1C00013F0060F0ED06C4688B06A46234B5361DD
:10A1D000234B9361032342F8103F4FF4C45123F003
:10A1E0008FF9A54600200C37BD46BDE8F0833A1D27
:10A1F000002141F20900FFF73FF9054648B1164832
:10A20000036813F0060FEDD06C4688B06A46154B14
:10A21000DDE77E681449D6F80C9009F101080622A2
:10A22000404628F0B8FD28B110490622404628F0E3
:10A23000B2FD18B93046FBF7FFFAD3E7D9F8013081
:10A24000C4F80130B8F80430A4F805303046257061
:10A25000FBF7F2FA0120C6E798360020059E0500BC
:10A26000139F0500229E0500288D0500228D050004
:10A2700007B56846FFF79CFF054B83F8230018B12C
:10A2800069460020FFF7AEFC03B05DF804FB00BF99
:10A29000B82300202DE9F043444C9FB094F82310DC
:10A2A00000AF00297DD194F8E230DB0723D4404889
:10A2B000036813F0060F0ED06D4688B06A463D4B1A
:10A2C00053613D4B9361032342F8103F4FF4C45157
:10A2D00023F016F9AD46002584F8235016260025F4
:10A2E0004FF0010894F82330E8B2834241D8002BA4
:10A2F00057D0002051E03A464FF60940FFF7BCF82E
:10A30000024648B12A48036813F0060FE3D06D46B1
:10A3100088B06A46294BD3E73868C36893F8018050
:10A320004546052D28BF052507F108060233AA4238
:10A330000EDBFBF781FAB8F1000FCDD11C480368A2
:10A3400013F0060FC7D06D4688B06A461C4BB7E7BE
:10A350001946B44603F1140E51F8049B4CF8049BC3
:10A360007145F9D10988ACF8001001321636163360
:10A37000DDE707F1780306FB003387F8008053F828
:10A38000702C33F86C3CC7F80120A7F8053039462B
:10A39000FFF728FC01350028A4D07C37BD46BDE876
:10A3A000F08300210846FFF7A1FEF6E7B82300205E
:10A3B00098360020449E0500FF9E0500749E05000F
:10A3C000989E05002DE9F843914600AF0E461D46C4
:10A3D0000246C0B1BBB10B0304781FD5710717D576
:10A3E000354803685A070ED06C4688B06A46334B2E
:10A3F0005361334B9361032342F8103F4FF4C25132
:10A4000023F07EF8A5466FF01500BD46BDE8F88341
:10A4100023F004F90028F8D1012347E0CB0734D515
:10A42000DFF8A080B9F1000F14D088060BD4C4EB7C
:10A43000C40318F80330012B14D02B70B20622D5B8
:10A4400043F002030CE098F8F8305906EFD46FF0AF
:10A450008500DAE7C4EBC40318F80330012B01D000
:10A460002B7010E0072101FB04810131104623F01D
:10A47000CDF80028C9D1C4EBC40418F804302B70FF
:10A48000B9F1000FDAD10020BFE74B0710D50D4E10
:10A49000C4EBC40816F80830012BE1D1072111FBE9
:10A4A0000431314423F0B2F816F808302B70ACE7D1
:10A4B00023F0B4F8B0E700BF98360020C59E050031
:10A4C000E89E0500B82300202DE9F04F85B000AFCD
:10A4D0000C462021B8601646FEF7AEFA0546002865
:10A4E00069D020210C3022F0E1FA2022002182469E
:10A4F00028F045FC04EBC6030AF1010BFB600026C3
:10A50000D4F800900023626893420ED3FB680834AD
:10A51000A342F5D1B8688AF8006000222946FEF708
:10A52000ABFF1437BD46BDE8F08F99F8012099F8CC
:10A5300000C0B01C11181F2922D9BCF1090FC0F1AD
:10A540001F0201D1002A19DC1C4803685B070FD0E9
:10A550006C4688B06A461A4B53611A4B93610323C9
:10A5600042F8103F00234FF4C251F7F785FCA5468F
:10A570002846FBF761F96FF01500D2E74FF0080CA1
:10A580005FFA82F808F101010BF80610711CC9B2DC
:10A590005BFA80F00BF801C0D9F804107B6008F179
:10A5A000020828F0C4FB7B68B0445FFA88F60133E8
:10A5B00009F10809A7E76FF06800B2E770360020DC
:10A5C000789F050045A0050008B504490722093019
:10A5D00028F0E1FB003818BF012008BD1B8D0500E5
:10A5E000F8B5154B067883F88F6004460D46FFF7E3
:10A5F000EBFF70B91149304601F03EFB044610B93B
:10A600006FF00B00F8BD052100F05AFF2C60002010
:10A61000F8E704F109073946304601F07DFB40B9FF
:10A620002078394601F028FB04460028E8D00621AE
:10A63000EAE76FF01500E5E7B8230020148D050068
:10A64000F8B545686905064636D4046914B115F0B5
:10A65000010331D0194F307897F8233083422BD93A
:10A66000C0EBC00016490722384428F094FBA8B17B
:10A6700015F0010306D197F89020082A02D8B26895
:10A680009F2A19D915F0300F09D0ACB1EA060AD4C7
:10A6900005F46035B5F5603018BF0120F8BDEB0654
:10A6A00001D4002CF4D1D6E902239A4204D81F2AFF
:10A6B00002D9B3F5804FEBD90020EFE7B823002093
:10A6C0001B8D050003460148184700BFF0230020FA
:10A6D00000487047F02300202DE9F04F8DB0D1F8ED
:10A6E00010B004AFC7E900320023BBEB03040646F9
:10A6F0009848FB6018BF012422F0CCFF0D464107AB
:10A7000040F11F812846FFF79BFF30B96FF0150419
:10A7100020462437BD46BDE8F08F284622F095FF3D
:10A7200082460028F2D006F11009484622F0B2FF16
:10A730000206C0F3C01300F10781C7E90533C7F86B
:10A740001B30AB6868683B82EB687B8222F093FF2A
:10A750006FF4007178777F4822F0A2FF7E4A2B7851
:10A76000337082F88F306968224607F1150330464E
:10A77000FFF728FE04460028CAD106F10903BBF101
:10A78000000F18D02A691168C6F8091091889980BD
:10A7900092799A71284623F020F86B688046D80792
:10A7A0001BD49A0504D4BB6C13B9B8F1020F69D15C
:10A7B00002233B7520E0694A1168C6F809109188A8
:10A7C000927999809A71284623F007F86B68D90727
:10A7D0008046E6D587F814B00EE013F0100F0CBFDA
:10A7E000012304233B752B691A68C7F816209A8841
:10A7F0007A839B793B77A2460F2142F20600FEF74F
:10A800001BF90446002800F0A2800F2207F1100176
:10A810000C3022F051F92146002242F20600FEF7E8
:10A820002BFE044600287FF473AFBBF1000F2ED03F
:10A830006B68DB0739D40121304622F0DEFF044685
:10A84000002876D0464803685D070FD06D4688B073
:10A8500004AA444B5361444B9361032342F8103FD5
:10A8600000234FF4C251F7F707FBAD46FD68002DFA
:10A870003FF44EAF2846002100F022FE284600F0AB
:10A88000F5FD45E70323D7F848A03B75B4E7CDE9CC
:10A8900001A8FB6C0093D7E90021BB6C304622F085
:10A8A00025FF04460028C3D032E707F10C013046EB
:10A8B000FFF796FE04460028BDD010F10C0F7FF480
:10A8C00027AFBBF1000F7FF423AF6B689E073FF506
:10A8D0001FAF6C6884F00204C4F3400404F001026A
:10A8E0000E21484622F0EBFE08F1FF335A425A414E
:10A8F0000821484622F0E3FEA8F102014A424A41FB
:10A900004846092122F0DBFE6A680A2102F00102B2
:10A91000484622F0D4FE52460B21484622F0CFFE94
:10A920006A680D21C2F38002484622F0C8FE002466
:10A93000EEE6F86808B100F099FDBBF1000FCDD14B
:10A94000C7E76FF00A04E3E66FF07704E0E66FF024
:10A950006804DDE6AC240020B82300201B8D050030
:10A9600070360020959F05002EA0050073B5154692
:10A97000069A0C46CDE900322B460A46014611489C
:10A98000FFF7AAFE21460646002340F201109D4231
:10A9900002D1304602B070BD0A88824204D14A68B2
:10A9A00012B11278D20702D401330831EFE7064919
:10A9B000064827F0C6FD4FF470220023034818F024
:10A9C000B5FCE6E7F02300204DAA02000824002091
:10A9D00010B51A4822F038FF19486FF4804122F070
:10A9E0005FFE174822F056FE03461A06C0F3C01059
:10A9F00022D5134822F04EFE430514D50F48FFF729
:10AA0000E3FD1049034691F8380093B90E49052239
:10AA100001F0C2F9044630B10021017300F050FD8D
:10AA2000204600F023FDBDE810400448002122F03C
:10AA3000E4BE06224131EBE710BD00BFF023002049
:10AA400000240020B8230020148D050098B500AF25
:10AA5000FFF7BEFF0346A8B10B48026812F0060FCD
:10AA600010D06C4688B06A46084951610849C2E96D
:10AA70000613042342F8103F00234FF40251F7F766
:10AA8000FBF9A546BD4698BD70360020B49F050071
:10AA900022A00500F0B583B03C483C4C00AF22F04A
:10AAA000F9FD10F4804F47D0204622F0F3FD030655
:10AAB00042D4204622F0EEFD46053DD5391DA4F1D5
:10AAC0001000FFF78DFD002836D1A4F11000FFF72C
:10AAD0007BFD0246204622F0DDFDC0F3803120469A
:10AAE00022F0D8FD81F0010145054FEA41012748D8
:10AAF00048BF41F0010122F0CDFD800448BF41F084
:10AB000004012348FB1CFFF75DFC0546B8B1214852
:10AB100003685A0710D06C4688B06A461E4B5361D2
:10AB20001E4BC2E90635042342F8103F00234FF4C0
:10AB30000151F7F7A1F9A5460C37BD46F0BD144801
:10AB4000012122F05AFE7E6818B9304600F08EFCD2
:10AB5000F2E72946304600F0B3FC6FF480410B4821
:10AB600022F09EFD0546304600F080FC6B04E3D5E4
:10AB7000BFF35B8F54E8003F43F4804344E8003266
:10AB8000002AF7D1BFF35B8FD6E700BF0024002077
:10AB9000F023002070360020D79F050011A005008B
:10ABA00008B50449402228F0F6F8B0FA80F04009D0
:10ABB00008BD00BF16A105002DE9F843524B93F8DC
:10ABC000C23003F00603062B00AF1AD04F480368CB
:10ABD00013F0060F0FD06C4688B06A464C4B536199
:10ABE0004C4B9361032342F8103F00234FF4C451B0
:10ABF000F7F742F9A5466FF085052846BD46BDE842
:10AC0000F88300287CD0444E3268F2B1131F98427A
:10AC100017D13E48036813F0060F0FD06C4688B07A
:10AC20006A463E4B53613B4B9361032342F8103F0E
:10AC300000234FF4C451F7F71FF9A5466FF07705CD
:10AC4000DBE75B680BB1043BE1E742607268031D20
:10AC5000336002B97360324CBFF35B8F54E8008FEE
:10AC600048F0200344E80032002AF7D1BFF35B8F9D
:10AC700018F0200801D00025BFE7BFF35B8F54E830
:10AC8000003F23F0100344E80032002AF7D1BFF35D
:10AC90005B8F4246414642F22500FEF7EDFB05463A
:10ACA0000028E8D0194803685B070FD0E94688B050
:10ACB0006A461C4B5361174B9361032342F8103FC4
:10ACC0004FF4C2514346F7F7D7F8CD46BFF35B8F39
:10ACD00054E8003F23F0200344E80032002AF7D173
:10ACE000BFF35B8F34683CB154F8043C043C0BB1B7
:10ACF000002098476468F6E70023C6E900337CE744
:10AD00006FF0150579E700BFB823002088360020D2
:10AD100062A0050007A10500DCC1002085A0050098
:10AD2000AC240020A5A00500054BBFF35B8F1B687A
:10AD30000448BFF35B8F13F0100F08BF002070476B
:10AD4000AC240020ECEA0020F8B52D4E33688B428D
:10AD500000AF04464DD023B16FF00F042046BD462E
:10AD6000F8BD284BBFF35B8F1A68BFF35B8F920669
:10AD7000F2D4BFF35B8F1B68BFF35B8FDB063BD561
:10AD8000316042F226004021FDF756FE054668B3C9
:10AD900040210C3021F08AFE234604F1400253F892
:10ADA000041B40F8041B9342F9D10022294642F2C9
:10ADB0002600FEF761FB04460028CFD01248026847
:10ADC000002312F0060F3360C8D06D4688B06A4683
:10ADD0000E4951610E49C2E90614042142F8101FC0
:10ADE0004FF40251F7F748F8AD46B7E76FF0680443
:10ADF000E4E76FF07704B1E76FF07C04AEE700BFE3
:10AE0000D8C10020AC24002088360020D3A0050043
:10AE1000F9A00500F8B51D4BC568BFF35B8F53E87B
:10AE2000002F22F0200243E800210029F7D1BFF3D0
:10AE30005B8F2A78AAB916496A1C05F1410052F8BD
:10AE4000044B41F8044B8242F9D1BFF35B8F53E8C6
:10AE5000001F41F0100143E80012002AF7D1BFF3B0
:10AE60005B8F0C4E34686CB1094F043C23682BB1E6
:10AE70002A78002A0CBF38460020984764680CB135
:10AE8000043CF3E70023C6E90033F8BDAC240020FE
:10AE9000ECEA0020DCC1002005490B6833B1C26830
:10AEA00000200860117801B9501C1847704700BF96
:10AEB000D8C1002070B50C4B1C68054644B154F84D
:10AEC0001C3C1C3C13B1297B28469847E469F5E7F4
:10AED000064C074EB44200D370BD236813B1297BE2
:10AEE000284698472034F5E79CC20020A43A050084
:10AEF000E43A050010B50446FAF7EAFB044901EB11
:10AF00000011204622F058F9BDE81040FEF7E4B8E1
:10AF1000E4C1002070B5D1E9015600220446C1E920
:10AF20000122064827F006FA3DB1314620462B465D
:10AF30006FF06D02BDE87040184770BD503A0020B8
:10AF400070B5002205460E46094800230021FAF795
:10AF5000E1FB044658B1FAF7BBFB064B324603EB64
:10AF6000001329462046BDE8704022F000B970BDAC
:10AF7000EC3A0020E4C10020F0B5051D83B0044682
:10AF800000AF4FF48071284622F09CFCC60551D4D6
:10AF9000284622F091FC10F4804F284D2AD095F8D5
:10AFA000F8309D0646D522F0A2F9002842D0B91DFE
:10AFB000381DFEF76DFB00283CD1FA88B988204681
:10AFC00022F020FA0346002834D01D4802685207B8
:10AFD00030D06C4688B06A461A4951611A49C2E9B4
:10AFE0000613042342F8103F4FF4015122F090FC65
:10AFF000A5461FE095F8F8301807D0D5204622F076
:10B00000E7F9034698B10E48026851070FD06E4623
:10B0100088B06A460D4951610B49C2E90613042301
:10B0200042F8103F4FF4015122F072FCB546637BA9
:10B03000072BB4D00C37BD46F0BD00BFB8230020AD
:10B040007C36002082A1050096A405005DA10500C4
:10B0500070B505460F480022002317F003FFB8B96A
:10B060000D4B1C6834B154F8143C1C3C03B1984798
:10B07000E469F7E7094C0A4EB44204D32846BDE818
:10B08000704018F0B1B8A36803B198472034F3E7D3
:10B0900070BD00BFFC3900209CC20020A43A05000E
:10B0A000E43A05002DE9F843DFF8548004464027D0
:10B0B0000025EFF3118387F31288BFF36F8FE169E7
:10B0C00029B983F31188BFF36F8FBDE8F883206A35
:10B0D0000A68E261814208BF226283F31188BFF3EC
:10B0E0006F8FD1E901694046C1E9015527F022F986
:10B0F0001EB1002249462046B047FDF7EDFFD8E7D4
:10B10000503A00200448B0F82431002B00F5947028
:10B1100008BF0020704700BFB823002030B50446A8
:10B1200028F0B0F90D460C490C4A095891428BB0F1
:10B1300005D120460BB0BDE83040FFF7B3BF243443
:10B140002146104627F0BDF91DB16946204627F07B
:10B15000C8F90BB030BD00BF08000000D89E002029
:10B1600038B5002204468A4202D10024204638BD68
:10B1700004F1C8030120BFF35B8F53E8005F002D8B
:10B1800004D143E8000CBCF1000FF6D1BFF35B8F94
:10B1900002D0D0340244E6E7002CE6D0C8220021D9
:10B1A000204627F0ECFD04F14000044927F0C9F9DE
:10B1B000034904F1240027F059F9D7E70DBF020035
:10B1C00023D904002DE9F0410D4600AF01211646B8
:10B1D0000446FFF7A3FF0021284622F08AF8012E3B
:10B1E00029D0022E6FD12369ABB1584803685A07A2
:10B1F0000ED06E4688B06A46554B5361554B9361ED
:10B20000032342F8103F4FF4C25122F081FBB546B0
:10B21000204622F089FB284621F017FC2061226994
:10B22000138A012B65D8208822F065F80121284671
:10B2300022F05FF817E02069D8B9444803685B073B
:10B240000ED06E4688B06A46434B5361414B9361C2
:10B25000032342F8103F4FF4C25122F059FBB54688
:10B26000204622F061FB2846FAF7E6FABD46BDE823
:10B27000F0812E8A002EF6D00C3021F052FC86424E
:10B280001AD9324803685E070ED06E4688B06A4607
:10B29000324B53612F4B9361032342F8103F4FF41D
:10B2A000C25122F035FBB54621690022204601F04B
:10B2B00023F900232361D6E720692A8AE9680C3044
:10B2C00021F0FAFBABE7214803685907C8D0E846EC
:10B2D00088B06B46224A5A611E4AC3E906261A46BE
:10B2E000042342F8103F4FF4015122F011FBC546F0
:10B2F000B6E7D26816880436B6B2B34293D328466E
:10B30000FAF79AFA21690B8A9E4218D20F4802680E
:10B31000520710D06D468AB06A46124951610D49F4
:10B320001662C2E90613052342F8103F4FF421517B
:10B3300022F0EEFAAD46204622F0F6FA96E7002318
:10B3400023610122204601F0D7F88FE77C360020E8
:10B35000A2A1050019A50500C3A10500E5A10500EE
:10B3600010A2050032A2050038B50121044600F103
:10B37000BC03BFF35B8F53E8002F43E80015002D9B
:10B38000F9D1BFF35B8F32B922F0D7FA044804F148
:10B39000B80122F05CFABDE83840FDF79DBE00BF61
:10B3A000FC24002070B52E4DD5F8444114B9002678
:10B3B000304670BD2B4B5A8B22B1B5F824312BB9D6
:10B3C0009B68FFDE1B68002BF1D0F6E7D5F8303123
:10B3D000002BECD0244B1B68002BE8D054F8143C15
:10B3E000002BE4D054F8103C002BE0D054F80C3C77
:10B3F000002BDCD014F8AB2C072AA4F1B8060DD131
:10B400003046984750B104F1080022F055FA02285E
:10B4100004DC3046BDE8704022F08FBAD5F84431E4
:10B4200043B1D5F848111A68C5F844218B4208BFCA
:10B43000C5F84821231D0022BFF35B8F53E8001F8E
:10B4400043E800200028F9D1BFF35B8F304654F861
:10B450000C3C98470028ABD03046FFF785FFA7E7A4
:10B46000B8230020EC3A0020503A002037B5C8300D
:10B4700010F8C65C10F8C54CBFF35B8F50E8003F76
:10B480005A1E40E800210029F8D1BFF35B8F01A8C4
:10B49000019322F011FA01280BD1074817F0BCFCE8
:10B4A000064817F0A1FE012D03D1012C01D1FFF7B1
:10B4B000F1FA03B030BD00BFFC390020D82B0020CA
:10B4C000F8B5467B8E4200AF04460D461FD16B4B4C
:10B4D0001B6813F0060F46D0082E96BF684B694BC9
:10B4E00053F826306C468AB06A466749516167490D
:10B4F0006248C2E9061340F201331384644B42F8F8
:10B50000103F4FF4125122F003FAA5462BE041738D
:10B5100026B98378082B01D022F00FFA637B082B21
:10B5200000F2A080DFE803F0216C1F1F1F1F1F0522
:10B530001F00A378042B16D05648002118F00AFEED
:10B540000023C4E90D33E378012B0CD1A378012B40
:10B5500004BF032384F894304FF42032002304F115
:10B56000400017F0AFFEBD46F8BDA378042B03D111
:10B570002046FFF77BFFF6E7082EF4D801A353F827
:10B5800026F000BFDBB50200A9B50200CDB5020070
:10B5900071B5020071B5020071B50200CDB50200AF
:10B5A000DBB50200DBB5020004F14005284626F0B9
:10B5B000D4FF01212046FFF7B1FD204622F0B4F967
:10B5C00000220023284617F0B1FECCE7237B002B96
:10B5D000CED02046FFF76EFCCAE72848036813F078
:10B5E000060FC0D06C4688B06A462B4B5361274B80
:10B5F000C2E90635042342F8103F4FF4025182E7B6
:10B60000237B3E2B14D11D48036813F0060F0FD087
:10B610006D4688B06A46214B53611C4BC2E9063423
:10B62000042342F8103F4FF4025122F071F9AD4665
:10B630001B4D05F59476616911B9FDF74DFD92E753
:10B64000A2690B686361914208BFA3612046FFF7BE
:10B6500061FCB5F82431002B14BF3046002017F0F0
:10B66000DBFBE8E70548036813F0060F3FF47BAF08
:10B670006C4688B06A460B4BB8E700BF7C360020AA
:10B680007C4C050051A205005BA20500E9A4050061
:10B6900004000001E82B002070A205008BA2050029
:10B6A000B8230020B6A20500F8B5024600AF054653
:10B6B0000E461348042122F05BF9044618B9002411
:10B6C0002046BD46F8BD83781E42F9D10D48036877
:10B6D00013F0060F10D06E4688B06B460A4A5A61C6
:10B6E0000A4AC3E906251A46042342F8103F4FF4DC
:10B6F000025122F00DF9B5462046FFF7B7FEDEE70E
:10B70000106800207C360020D6A20500D3A40500D6
:10B710002DE9F047DFF834A006460F469046002595
:10B720004FF0D00909FB05A022F007F9044620B12B
:10B7300083781E4206D1FFF799FE0135042DF1D121
:10B74000BDE8F0874146B8472046F4E7106800207E
:10B75000024900220120FFF7DBBF00BF17D9040018
:10B76000034BC01A034B00115843C0B2704700BFCF
:10B7700010680020C54EECC4F8B51C46144300AF59
:10B7800005460E4608D027F07DFE16490858164992
:10B79000884204BF002213461449002D14BF2846D6
:10B7A000084621F023F90446B0B91148036813F0A4
:10B7B000060F0ED06D4688B06A460E4B53610E4B95
:10B7C0009361032342F8103F4FF4C45122F0A0F8D4
:10B7D000AD462046BD46F8BD711D0C3021F05BF929
:10B7E000F7E700BF08000000D89E0020683A00205C
:10B7F0007C360020F1A20500B8A4050010B504466F
:10B80000054817F0F1FC204600F0CAFC2046BDE8D0
:10B810001040FFF74FBB00BFC82B00202DE9F04FB1
:10B8200087B000AF0023FB607B61FFF7BBFD0446E0
:10B8300020B3437B072B2BD08D48036813F0060FF2
:10B840000FD06D4688B06A468A4B53618A4BC2E975
:10B850000634042342F8103F4FF4025122F058F806
:10B86000AD464FF0FF31D4F8A43007F11002204666
:10B870009847014630B92046FFF7F8FD1C37BD4612
:10B88000BDE8F08F7B69FA68204622F02AF8E8E7E5
:10B89000DFF8E881D0F8A430B8F8241107F11002DD
:10B8A000984705460028E6D0B8F824213B699A421B
:10B8B00008D30146D4F8A86007F1140307F10C027D
:10B8C0002046B0477B697B602B8AD7E903BA002BFF
:10B8D00000F0CA80284621F096FC814608B36FF03C
:10B8E000040363480268520710D06E468AB06A4665
:10B8F0006349516160491462C2E90613052342F8A5
:10B90000103F4FF4215122F003F8B5462946204656
:10B910007B69FA6821F0E5FF1321204622F04AF8FE
:10B92000A9E7B8F824315748002B08BF00200022AF
:10B93000002317F097FA10B16FF00B03D1E75248CC
:10B940000022002317F036FA06460028F4D07B6860
:10B95000C0F804B08360B8F824B12B8ADA4598BFE8
:10B960001FFA8AFB5B4544D9284621F06EF85946F8
:10B97000FFF7E6FAB8F8242194F8C430924596BF50
:10B9800002334FF00109DBB284F8C4907B60834638
:10B9900004F1C009BFF35B8F59E8002F013249E879
:10B9A00000210029F8D1BFF35B8F04F1140A31465E
:10B9B000504621F04CFFA278012A1DD104210BF141
:10B9C0000C0021F08AF87B68228803F0FD0342EA2C
:10B9D00003330380BBF81030043B438002238BF811
:10B9E0001830584621F0A9FC034638B9FDF774FB1E
:10B9F00041E759462846BBE76FF015037B60BFF36C
:10BA00005B8F59E8002F013A49E800210029F8D15D
:10BA1000BFF35B8F3146504621F023FF14487B680B
:10BA2000026812F0070F0FD0E94688B06A4617493E
:10BA300051611749C2E90613042342F8103F4FF43D
:10BA4000015121F065FFCD465846F9F7F5FE204635
:10BA50003146FFF75FFAB8F824310A48002B08BFD7
:10BA6000002017F0D9F93AE76FF0790339E700BF02
:10BA70007C3600201EA3050004A50500B823002085
:10BA800039A30500E0240020503A00202995050044
:10BA9000FBA40500F8B5031D0446184621F00CFF71
:10BAA000020519D5B4F88620B4F88810914213D84D
:10BAB000B4F88A1091420FD3D4E9231291420BD1EA
:10BAC000BFF35B8F53E8001F21F4006143E80012CD
:10BAD000002AF7D1BFF35B8F104B1D686DB155F88D
:10BAE0000C6C1C3D3EB1B4F88E30B4F88C20B4F828
:10BAF00086102046B047ED69F0E7094D094FBD4279
:10BB000000D3F8BD2E693EB1B4F88E30B4F88C2065
:10BB1000B4F886102046B0472035F0E79CC20020DC
:10BB2000A43A0500E43A05002DE9F041074608462D
:10BB30000D4621F0E1FB064618B900263046BDE867
:10BB4000F081144B1C6884B154F8103C1C3C0BB9B8
:10BB5000E469F8E72946384698470028EDD028469A
:10BB600021F0CAFB0028F3D1E7E70B4CDFF82C806B
:10BB70004445E3D2E3680BB92034F9E72946384657
:10BB800098470028D9D0284621F0B6FB0028F3D1E9
:10BB9000D3E700BF9CC20020A43A0500E43A0500A8
:10BBA0002DE9F041C37804468BB900F17E06114BB4
:10BBB0001D687DB11C3D04F170076B691BB13A46ED
:10BBC000314620469847ED6925B11C3DF5E700F167
:10BBD0007706ECE7084D094F04F17008BD4201D328
:10BBE000BDE8F0816B691BB142463146204698475B
:10BBF0002035F3E79CC20020A43A0500E43A050092
:10BC0000F8B5437A83720546164622F06FF80D4B5D
:10BC10001C684CB154F8043C1C3C1BB1697A324698
:10BC200028469847E469F4E7074C084FBC4200D324
:10BC3000F8BDA3691BB1697A32462846984720347B
:10BC4000F4E700BF9CC20020A43A0500E43A0500D6
:10BC500008B5084B1A6800F11C0122B9054821F00B
:10BC6000F6FD104608BD914201D01268F5E76FF06D
:10BC70001000F7E79CC2002038B505460C460F4877
:10BC80000421FFF76DFAC0B1057223680367A3882A
:10BC9000A0F87430A37980F8763001234372837260
:10BCA0008370074BC0F8A430064BC0F8A830064B91
:10BCB000C0F8AC30054BC0F8883038BD10680020A3
:10BCC000CDC20200A5D8040099D8040018002800AD
:10BCD0002DE9F0410F4E074688460025304621F0F9
:10BCE0002CFE044620B18378012B0AD0FFF7BEFB5F
:10BCF0000135042D06F1D006F0D100242046BDE820
:10BD0000F0814246394621F0C4FE0028F6D1204693
:10BD1000ECE700BF10680020B0B500AF0D46FFF79C
:10BD2000D7FF044638B3154B1B6813F0060F1ED01F
:10BD30002846FBF7A1FB637B082B96BF104A114BEB
:10BD400052F823306D468CB06A460F495161C2E902
:10BD500008030E490E4B93620E4B0848C2E90614C5
:10BD600042F8103F4FF4625121F0D2FDAD4620461B
:10BD7000FFF77CFB0120BD46B0BD00BF7C36002034
:10BD80007C4C050051A2050060A3050084A40500B9
:10BD900002040305060000022DE9F047DFF850A079
:10BDA00006460F46904600254FF0D00909FB05A036
:10BDB00021F0C3FD044620B18378012B06D0FFF7A4
:10BDC00055FB0135042DF1D100240DE037B13A4681
:10BDD000314621F05EFE08B92046F0E7637B43451B
:10BDE000FAD1237AB342F7D12046BDE8F08700BFED
:10BDF0001068002010B583780B70C3784B70037AFD
:10BE00008B70437B023BDBB2062B98BF234C024670
:10BE10004FF000008CBF0346E35CC8770B77537A82
:10BE20004B77104621F0FDFD88779378012B31D1B7
:10BE300002F170038B60137A1948C3EBC303034408
:10BE40004B60D47802F17E0302F1770014B11C46F6
:10BE500003462046C1E90303B2F886308B82B2F86C
:10BE60008C30CB82B2F88E300B83D2F8A03023B165
:10BE70005B7BD80644BF0123CB77D2F8A03013B147
:10BE80005B7B9B0601D4002010BDCB7F43F00203F7
:10BE9000CB77F8E76FF01500F6E700BFF4A30500D5
:10BEA000B823002038B5044608460D4621F024FA90
:10BEB00038B3154B93F8F830990707D4E37873B18A
:10BEC00029462046BDE8384000F060BB94F8953024
:10BED0009A07F3D5201D21F0EFFCC304EED42946C8
:10BEE000204621F0F8FD58B92B88A4F888306B88DB
:10BEF000A4F88A30AB88A4F89030EB88A4F892308C
:10BF000038BD6FF01500FBE7B82300202DE9F041A4
:10BF100082B010F8333C00AF0446A0F140061BBBD2
:10BF2000304621F0CBFE414B1D684DB155F8183C11
:10BF30001C3D1BB114F8341C30469847ED69F4E7FA
:10BF40003B4DDFF8F080454506D33046FFF78EFACB
:10BF50000837BD46BDE8F0816B681BB114F8341C8E
:10BF6000304698472035EEE710F83E3C012BEFD1E4
:10BF7000BFF35B8FA0F13C0555E8003F23F400625E
:10BF800045E800210029F7D1BFF35B8F190531D5B2
:10BF9000A36C3B60236D7B6039463046FFF782FF20
:10BFA000034688B9BFF35B8F55E8003F23F48063F5
:10BFB00045E80032002AF7D1BFF35B8F4FF40071E0
:10BFC000284621F07FFCC3E71B48026812F0060FE9
:10BFD000F4D06C4688B06A46184951611849C2E9E4
:10BFE0000613042342F8103F4FF4025121F090FC55
:10BFF000A546E3E74FF0C8734FF00612C7E90023E8
:10C0000039463046FFF74EFF034628B94FF48061AA
:10C01000284621F057FCD1E70748026812F0060FC6
:10C02000CCD06C4688B06A460649D6E79CC2002050
:10C03000A43A0500E43A05007C3600209DA30500E3
:10C0400025A50500C6A305000B4B58B11A6862B9B7
:10C0500002693AB902685AB942684AB982683AB97B
:10C0600042692AB91860002070476FF07700704766
:10C070006FF01500704700BFACC2002008B568B172
:10C08000094B1A6800F10C0122B9074821F0DFFBC7
:10C09000104608BD914204D01268F5E76FF0150014
:10C0A000F7E76FF07700F4E7A4C2002070B50C4802
:10C0B0000C4D0B4E26F032F900242946304601344F
:10C0C00026F038F90A2C05F10C05F6D122F0EEF92C
:10C0D00004F010FF044608B921F05AFE204670BD56
:10C0E000503A002024C2002098B503460B4802684D
:10C0F000520700AF0FD06C4688B06A4608495161BC
:10C100000849C2E90613042342F8103F4FF40151D5
:10C1100021F02DFDA5460020BD4698BDA03600208B
:10C1200033A5050006A7050098B503460C4802682C
:10C13000520700AF0FD06C4688B06A46094951617A
:10C140000949C2E90613042342F8103F4FF4015194
:10C1500021F00DFDA5466FF00B00BD4698BD00BF58
:10C16000A03600205FA50500F9A6050070B40A4DB1
:10C170000023542606FB03F25419AA582AB10133AE
:10C18000042BF7D170BCFFF7CFBF044B63601046A0
:10C190000C6070BC704700BFB0C20020C04C0500EE
:10C1A000F7B5274D274F04460026BD4201D303B003
:10C1B000F0BD6B6801A92046984700283BDB019B36
:10C1C0002A889A829A8403F11002A868BFF35B8FD1
:10C1D00052E8001F42E8006CBCF1000FF8D1BFF339
:10C1E0005B8FC3E913669E649E60A16B03F1080236
:10C1F00019BBC4E90D221C60D86003F1300026F0A1
:10C200008DF8019843681B6803B19847019BBFF301
:10C210005B8F103353E8001F41F0010143E8001227
:10C22000002AF7D1BFF35B8F01984368DB6913B134
:10C2300000F1100198470C35B7E70A60A263DAE70E
:10C24000803A0500A43A0500F8B50546006800AF3D
:10C2500098B3407B072830D1002A0E7A14BF4FF0E4
:10C26000020C4FF0010C664519DD154803685B07A9
:10C2700003D16FF01500BD46F8BD6C468AB06A4622
:10C28000104B5361104B1662C2E9063C052342F87D
:10C29000103F4FF4215121F06AFCA546E9E7C87A26
:10C2A0000728E6D98A61CB6105F1300026F042F813
:10C2B000284621F07BFC0020DDE76FF07F00DAE705
:10C2C000A03600208AA505003CA705002DE9F0470F
:10C2D000D0F8B04000AF0E4691464CB1483C236BBD
:10C2E0006BB104F1300A504626F039F8054658B9CA
:10C2F000FCF7F2FE00252846BD46BDE8F087204643
:10C3000021F074FCA46CE8E720F07DFFA0B12D487B
:10C3100003685B07EED06C4688B06A462A4B5361CF
:10C320002A4BC2E90635042342F8103F4FF401516D
:10C3300021F01DFCA546DDE7236DB3B9A38CB5F84C
:10C340001080403B9BB23F2B03D8238D984528BFDC
:10C350009846042105F10C0020F0BFFBA0F80080F6
:10C36000A38C438008F104032365236D2A8AB3421A
:10C370000ED8934215D0A38C403B9BB23F2B1ED9C5
:10C38000204621F033FC236B13B1204621F00EFC34
:10C39000236DC9F800309E4234BF9E1B00262665DF
:10C3A000A9E700220023504616F004FDA38CA3F158
:10C3B00040023F2AE4D8064AAA61EB61E0E7002286
:10C3C0001346F9E7A0360020AEA505002CA705000E
:10C3D00041DD0400F8B50B8A032B00AF06460D467D
:10C3E00010D83D4803685D072BD06C4688B06A467C
:10C3F0003A4B53613A4B9361032342F8103F4FF499
:10C40000C2511BE0042105F10C0020F076FB2B8AC1
:10C4100041889942044617D02F480268540710D02B
:10C420006C468AB06A462F4D55612D4D1162C2E9A6
:10C430000653052342F8103F4FF4215121F097FB9A
:10C44000A5460020BD46F8BD437843B9224803689D
:10C450005A07F6D06C4688B06A46234BC9E7037882
:10C46000012BEED0132B0CD10129EAD81A4803680E
:10C470005B07E6D06C4688B06A461C4B53611C4B88
:10C48000B9E71548026812F0060F0FD06D4688B064
:10C490006A46184951611249C2E90613042342F859
:10C4A000103F4FF4025121F062FBAD4661783568D0
:10C4B0000222012021F05EFB04460028C1D00221A7
:10C4C0000C3020F0F3FA0023037043702146284615
:10C4D00021F043FCB5E700BFA0360020CAA5050047
:10C4E000EEA60500ECA5050011A6050036A6050080
:10C4F000DCA6050056A60500B0B50B8A032B00AFDD
:10C5000005460C4617D81D4803685B070ED06D46DC
:10C5100088B06A461A4B53611A4B9361032342F861
:10C52000103F4FF4C25121F022FBAD462046F9F7EF
:10C5300083F9BD46B0BD042104F10C0020F0DDFA02
:10C540004188284621F01AFC90B90C48036813F082
:10C55000060FEBD06D4688B06A460B4B5361094B12
:10C56000C2E90631042342F8103F4FF40251DAE7E2
:10C57000436821465B699847D8E700BFA036002092
:10C5800082A605001EA70500A3A6050070B5124BE4
:10C590000C4619780131C9B2012938BF012105467D
:10C5A00008221220197021F0E5FA064688B1082108
:10C5B0000C3020F07BFA2288028062884280A288B8
:10C5C0008280E288C28031462846BDE8704021F072
:10C5D000C4BB6FF00B0070BD2CEB002023281FD8CC
:10C5E0001A2804D8431E182B0ED906207047A0F134
:10C5F0001B03082B1ED8DFE803F0051D1B231D19A4
:10C60000251D0500032070470F4A012383401A406F
:10C61000C2B90E4A1A40002A14BF012006207047F2
:10C6200000F07F03522B05D1002070470120704796
:10C630000520704710F0400F0CBF06200020704707
:10C640000420704702207047AAAA8A025455450167
:10C65000011F014825F08FBD44380020F8B5531C58
:10C660000D46428D418B914228BF11468B4200AF4F
:10C67000064619D92748026812F0060F10D06C46FA
:10C680008AB06A46244D5561244D13620523C2E9E0
:10C69000065142F8103F4FF4225121F079FCA54693
:10C6A00000242046BD46F8BD2846FFF797FF022824
:10C6B0001DD004281BD04FF0FF324FF0FF33184835
:10C6C000002121F030FB0446A8B9124803685B073B
:10C6D000E6D06C4688B06A46124B53610F4BC2E9F4
:10C6E0000635042342F8103F4FF40151D5E74FF4CB
:10C6F00070220023E3E7F8F7EBFF0B4B182202FB55
:10C700000033012104F10C009E6020F0CFF9057088
:10C71000C7E700BF743600204EA7050010AA050029
:10C72000943A002033A5050000C400202DE9F04F05
:10C7300093B0166802AF73687B60002542F6010370
:10C7400081468846006887F82C50FB8507F12C014C
:10C75000144620F0A1FC002800F085804FF42053FF
:10C76000D9F8000087F82C50FB8507F12C0120F048
:10C7700093FC40B1A36823B15A88424501D2A3F883
:10C78000028001200EE06168084621F00CFB728BEC
:10C79000738D9A4294BFC0EB0200C0EB03000328E4
:10C7A00004D800204437BD46BDE8F08F084620F08D
:10C7B00050F90546606821F0F6FA728B738D05F129
:10C7C0000C0A9A4294BFC0EB020BC0EB030B50461D
:10C7D00020F0A7F9834549D2606821F0E4FA728D10
:10C7E000738B9A4294BFC0EB0200C0EB030070B998
:10C7F0006368987AF8F764FF0022002320F0F6F8C7
:10C8000005460028CDD00146606820F033F90023AA
:10C810000093D9F804607868102307F108024946AC
:10C82000B047061E1FDB227CE06896424CD00146D2
:10C8300007F12C0020F05EFCE0B92648036813F0F5
:10C84000060F10D06D4688B0237C02AA22495161A0
:10C850002249C2E90613042342F8103F4FF4025163
:10C8600021F096FBAD460023A3608AE7504620F0F6
:10C8700058F9BCE7F2B207F1080107F1180020F0FF
:10C8800039FC68B91348036813F0060FEBD06D4606
:10C8900088B002AA124B5361104BC2E90636DAE7A0
:10C8A00007F1180107F12C0020F0F6FB0028DAD17F
:10C8B00000236374042105F10C0020F0F7F8A06058
:10C8C000A0F80080A3685AE7324607F1080126F075
:10C8D00062FAEBE77436002077A70500B7A90500D8
:10C8E0009AA7050010B500F154030446BFF35B8F0F
:10C8F00053E8001F41F0010143E80012002AF7D17C
:10C90000BFF35B8F201F21F000FB04F1740004498A
:10C9100025F017FE2068BDE8104002F06FBD00BF93
:10C92000D1D802002DE9FF4105460E464FF0000820
:10C930004FF42053006817688DF8088002A9144648
:10C94000ADF80A3020F0A8FBA0B142F60103286838
:10C950008DF80C8003A9ADF80E3020F09DFB48B196
:10C9600023691BB15A88B24200D25E80012004B014
:10C97000BDE8F0816168286820F08EFB10B10023CB
:10C980002361F3E7E368A0681A786AB1B7F81AC0C0
:10C99000798D038A8C4594BFC3EB0C03C3EB010371
:10C9A000934201DA0020E2E704210C3020F07EF807
:10C9B0002061068023695E80074B00930194A26882
:10C9C00000232946384621F0E6FA0028EADB2069F0
:10C9D000003818BF0120CAE771DF04002DE9F041DB
:10C9E00082B000AF04460E46444800220023394678
:10C9F00016F04EF80546D0B1414803685B070FD0EA
:10CA00006D4688B06A463F4B53613F4BC2E90634DE
:10CA1000042342F8103F4FF4015121F0B9FAAD461A
:10CA20006FF00B0528460837BD46BDE8F08126F0BB
:10CA300029FD364BD7F800801A58354B29461A6025
:10CA400008F10400282226F09AF9C8F800403C6852
:10CA500030487D60C4E90155C4E90955002200232E
:10CA6000391D16F015F80546B0B12548036813F0D6
:10CA7000060FD5D023686C4688B06A4626495161B6
:10CA80002649C2E90613042342F8103F4FF402512D
:10CA900021F07EFAA546C3E77B680146B02218461E
:10CAA00026F06DF91E4A8260603025F037FC7B6805
:10CAB000BFF35B8F583353E8002F43E80051002940
:10CAC000F9D1BFF35B8F7B681C60636AD7F8048081
:10CAD0001BB904F10C0025F021FC626AC8F8A820FB
:10CAE000A26A08F1A803636202B9A3627B681722F5
:10CAF0005A855A830433336094E700BF28380020F6
:10CB000074360020BDA70500ECA905000800000050
:10CB1000F0C4002044380020E6A70500DFA9050086
:10CB2000F82B00202DE9F743176805468846006872
:10CB300051687E68144620F0AFFA8146002842D141
:10CB400030469522294622F017F80646207540B156
:10CB5000E3681B780BB184F81490002003B0BDE8A3
:10CB6000F083A0681FF075FF02210C301FF09EFFBC
:10CB7000164B2061A0F8008000930194A268334610
:10CB80002946384621F007FA002807DA10F1FF0F8E
:10CB900026BF4042C0B20E202075DEE72369002B7D
:10CBA000DBD0A06821F0FFF87B8B7A8D9A4294BF8E
:10CBB000C0EB0200C0EB0300E3681B78984294BF0F
:10CBC00000200120CAE70120C8E700BFB7DD04004C
:10CBD0002DE9F04F83B0064600AF08460C46F8F743
:10CBE00077FDDFF814811823434308EB0302054661
:10CBF00091687960E168BFF35B8FB06DBFF35B8FC5
:10CC0000C00719D43D48036859070ED06C4688B058
:10CC10006A463B4B53613B4B9361032342F8103F01
:10CC20004FF4C25121F0B4F9A5466FF0150A5046F1
:10CC30000C37BD46BDE8F08FE06800781071002227
:10CC400048F803200B78D22B1DD133682146186891
:10CC500022F073FA8246B0B12848026852070ED01B
:10CC60006D4688B06A462849516126499161032181
:10CC700042F8101F4FF4C25121F08AF9AD46204608
:10CC8000F8F7DAFDD3E704F10C001FF046FF182394
:10CC900003FB0583B4F810B09E60002381461A465A
:10CCA0002146301DFFF7D0FA82460028BFD010F190
:10CCB000690F12D11148026853070ED06E4688B032
:10CCC0006A46124951610F499161032142F8101FD0
:10CCD0004FF4C25121F05CF9B54662697B68A4F853
:10CCE00010B012FA89F2E2601822554308EB0502EF
:10CCF00048F805A093609AE700C40020743600202D
:10CD00000FA805006EAA05002DA8050044A805007F
:10CD10002DE9F04F83B000AF0546F8F7D9FC4D4937
:10CD2000182202FB00F3C81851F8039003697B60D6
:10CD30000021D0E9024690F80480B0F806A026F061
:10CD40001EF8A87AF8F7BCFC6969834649B16A7A8B
:10CD5000D30704D4426A126828469268904700229A
:10CD60006A612946584625F0F0FAB8F1000F4DD017
:10CD7000002C4BD02368002B48D01B68002B45D0DB
:10CD8000B9F1000F14D0344803685C073ED06C46FC
:10CD900088B06A46314B5361314BC2E906390423EE
:10CDA00042F8103F4FF4015121F0F2F8A5462DE072
:10CDB000201D21F0B6FA4046FFF710FC052825D8C3
:10CDC000DFE800F0280324282403BFF35B8FA36D62
:10CDD000BFF35B8FD80710D41F480368590715D0DD
:10CDE0006C4688B06A461F4B53611F4B9361032307
:10CDF00042F8103F4FF4C251D6E7E36D33B14FF420
:10CE00007022002304F1780016F090FA0C37BD462A
:10CE1000BDE8F08F23681D68BFF35B8FA36DBFF380
:10CE20005B8FDA070AD40C4803685B07EED06C46C8
:10CE300088B06A460B4B53610C4BD7E7002EE5D008
:10CE4000002403E079682846B0470134A3B29A452C
:10CE5000F8D8DBE700C40020743600206BA805007A
:10CE600078AA05000FA8050055AA050041AA0500EB
:10CE70002DE9F0410B8AD0F8008000AF04460D4642
:10CE8000B3B94448036859070ED06C4688B06A4667
:10CE9000414B5361414B9361032342F8103F4FF4E0
:10CEA000C25121F075F8A5460020BD46BDE8F081CD
:10CEB000012105F10C001FF020FE98F80D30072B22
:10CEC0000646F1D154F8043C002BEDD001783448EB
:10CED000043C002310F833C08C4500EBC30210D192
:10CEE0002B8A507892F80280984232D853682946AB
:10CEF00020469847B8F1010F0346D5D10028D3D07A
:10CF00002FE001330E2BE5D12248036813F0060F02
:10CF10000FD06D4688B06A46224B53611F4BC2E961
:10CF20000631042342F8103F4FF4025121F030F84B
:10CF3000AD4631780846FFF751FB0028B4D00528EC
:10CF4000B2D00029B0D006230022204621F02DFACD
:10CF5000AAE710480268520707D1B8F1010FA3D120
:10CF60000423317800299FD0EEE76D468AB06A46E7
:10CF7000DFF834C0C2F814C0DFF820C01162C2E983
:10CF800006C3052342F8103F4FF4215121F000F869
:10CF9000AD46E2E7743600208EA80500D3A905004F
:10CFA000E84C0500ADA80500CBA80500F0B51E466D
:10CFB00003680D46003987B0044618BF0121186880
:10CFC000174621F09AFE40B904F1580021F0A5F867
:10CFD000002844D0002007B0F0BD002E41D0182218
:10CFE0000021684625F0CBFE47BB23681E4A1B681C
:10CFF00000930023ADF812300C9B0393BDF834303E
:10D00000ADF8103001238DF8143031466B463046B0
:10D010008DF8085020F012FF9DF81430C3B1002F96
:10D02000D8D00198F8F708FC9DF81430002DD1D025
:10D0300032462946204621F0B8F9CBE7002239468E
:10D040002046FFF70BFB01900028CED11120C2E74C
:10D0500001990029BED0204621F099F9BAE71220A3
:10D06000B9E70120B7E700BFDBDD040098B5437BDB
:10D07000072B00AF16D01F48036813F0060F0ED021
:10D080006C4688B06A461C4B53611C4B936103236A
:10D0900042F8103F4FF4C45120F07AFFA54600201B
:10D0A000BD4698BD042120F069FE80B9114803688F
:10D0B0005907F4D06C4688B06A46114B53610F4B48
:10D0C0009361032342F8103F4FF4C251E4E7BFF3EA
:10D0D0005B8F436DBFF35B8FDA0708D405480368A5
:10D0E0005B07DCD06C4688B06A46064BE6E750F832
:10D0F000040CD5E774360020EEA8050027AA050029
:10D1000000A905000FA80500F8B500AF0D461446AC
:10D11000FFF7ACFF28B3406A60B150F8A83903B1FB
:10D12000A83B611C428B468DB24228BF32469142D9
:10D1300019D9F3B91248036813F0060F11D06D46E0
:10D1400088B06B460F4A5A610F4A9A6101341A46F9
:10D15000DC61042342F8103F4FF4025120F018FF25
:10D16000AD46002003E022462946FFF777FABD4688
:10D17000F8BDD3F8A82002B1A83A18461346D1E763
:10D18000743600201FA905002FAA05002DE9F041E3
:10D190004FF4702200AF8046002319480D461FF05F
:10D1A00025FC0446B8B9174803685B070FD06E46E4
:10D1B00088B06A46144B5361144BC2E90635042308
:10D1C00042F8103F4FF4015120F0E2FEB5462046F0
:10D1D000BD46BDE8F08100F10C06092130461FF084
:10D1E0005AFC2046F8F774FA094B182202FB003368
:10D1F00001213046C3F808801FF058FC0570E6E7AF
:10D20000943A00207436002033A50500FAA90500E1
:10D2100000C400202DE9F0410E8A043EF6B2022E31
:10D2200004468CB0084601D0102E64D104210C3085
:10D230001FF063FC0DF1080805884788011D324680
:10D2400040461FF057FF002857D09DB3002687B3F4
:10D25000BD422FD84FF4205301A940468DF80460F9
:10D26000ADF806301FF018FF40BB1422002107A8BC
:10D2700025F085FD11212046FFF788FF0990002841
:10D2800037D001210C30CDE907481FF00FFC0023F7
:10D290000A901B4A037039460B93284607AB20F0CF
:10D2A000CDFD0A9B1B78FBB90998F8F7C5FA0A234C
:10D2B00001E03D4601232A4610210EE042F601031B
:10D2C00007A940468DF81C60ADF81E301FF0E4FE43
:10D2D0000028CAD010232A461946204621F065F8B6
:10D2E00000200CB0BDE8F0810999204621F04FF8EC
:10D2F000F6E71120F5E70420F3E70E20F1E700BF81
:10D3000025C902002DE9F043036885B004460D46A7
:10D310001868012121F0F1FC40B904F1580020F017
:10D32000FCFEB0BB122005B0BDE8F0831022002146
:10D33000684625F024FD21212046FFF727FF0290B3
:10D3400048B3DFF85890009405F10C074FF001083E
:10D350002B8A012B04D80299204621F018F818E0F6
:10D3600038461FF0D2FB6B464A46014606468DF80A
:10D370000C8020F063FD9DF80C30002BE8D0029863
:10D38000F8F75AFA9DF80C3032462021204621F059
:10D390000CF80020C7E71120C5E700BF7FE10400BB
:10D3A0002DE9F043036885B004460D461868012155
:10D3B00021F0A3FC40B904F1580020F0AEFEB0BB50
:10D3C000122005B0BDE8F08310220021684625F048
:10D3D000D6FC0F212046FFF7D9FE029048B3DFF8B4
:10D3E0005890009405F10C074FF001082B8A012B8F
:10D3F00004D80299204620F0CAFF18E038461FF0F2
:10D4000084FB6B464A46014606468DF80C8020F0A8
:10D4100015FD9DF80C30002BE8D00298F8F70CFAB7
:10D420009DF80C3032460E21204620F0BEFF002031
:10D43000C7E71120C5E700BF39E10400F0B51D467C
:10D44000036885B004460E4618680121174621F08E
:10D4500054FC38B904F1580020F05FFE48BB12209C
:10D4600005B0F0BD65B310220021684625F087FCA9
:10D4700039462046FFF78AFE029018B3BDF82830DF
:10D48000ADF8043001238DF80C300F4A00946B4640
:10D490002946284620F0D2FC9DF80C305BB102985A
:10D4A000F8F7CAF99DF80C302A463146204620F09C
:10D4B0007CFF0020D4E70299204620F068FFF8E7BF
:10D4C0000120CDE71120CBE739E104002DE9F0413F
:10D4D0000D8A043DEDB2022D04468CB0084601D001
:10D4E000102D68D104210C301FF007FB0DF104084A
:10D4F00006884788011D2A4640461FF0FBFD00288C
:10D500005BD0BEB3AFB3BE4234D800238DF8183021
:10D5100006A942F62A334046ADF81A301FF0BCFD8A
:10D5200080BB182200210DEB020025F028FC092108
:10D530002046FFF72BFE089000283AD001210C303E
:10D54000CDE906481FF0B2FA0023099003700A23C0
:10D550008DF82C301A4A06AB3946304620F06EFC66
:10D560009DF82C3003B30898F8F766F99DF82C3035
:10D5700001E03E46012332460821204620F015FFF7
:10D5800000200EE023680121186821F0B6FB002876
:10D59000C7D104F1580020F0C0FD002814BF0020BE
:10D5A00012200CB0BDE8F0810899204620F0EFFE73
:10D5B000E6E71120F5E70420F3E70E20F1E700BFCE
:10D5C00025CB02002DE9F0430F4687B00446062123
:10D5D00007F10C001FF091FA0588B0F802808288EC
:10D5E000D7F80C90C5B10023B8F1000F13D0454512
:10D5F00012D88DF800308DF8043001A94FF4205373
:10D600006846ADF80220ADF806301FF045FD06462D
:10D6100060B10A2301E0454601232A46062120463F
:10D6200020F0C3FE002007B0BDE8F08301461422BD
:10D6300001A83F7C25F0A3FB07212046FFF7A6FDAC
:10D640000290D8B10A238DF815300D4A019401AB30
:10D6500041462846CDE903698DF8147020F0EEFBB1
:10D660009DF815302BB10298F8F7E6F89DF81530C3
:10D67000D3E70299204620F08AFED3E71120D2E7B3
:10D680002DC702007FB5CB681D885E88044685B132
:10D6900076B1B5420DD810220021684625F06FFB07
:10D6A00005212046FFF772FD019058B9112007E0CF
:10D6B000354601232A460421204620F076FE00202C
:10D6C00004B070BD6B46094A00943146284620F0EC
:10D6D000B5FB029B23B90198F8F7AEF80A23E9E7F6
:10D6E0000199204620F053FEE9E700BF53DE040015
:10D6F00013B50B46002101910E49024625F0C2FEEA
:10D700000C680D4909580D488C4208BF002201A938
:10D7100008BF134615F0BCF9014640B9019B1C2215
:10D72000184625F02CFB0346184602B010BD002316
:10D73000FAE700BFF0C400200800000060380020B5
:10D7400010B50446806818B1F8F776F80023A36096
:10D7500021460248BDE8104024F00DBD603800208D
:10D760002DE9F04F044683B0783002AF0E46904664
:10D770001D4624F0F2FEE06DE0B91F48036813F087
:10D78000060F07D1206820F084FD00200437BD4635
:10D79000BDE8F08F6D4688B002AA184B5361184B54
:10D7A0009361032342F8103F4FF4C45120F0F0FB83
:10D7B000AD46E7E7134B98424FF0000902D1C4F899
:10D7C0005C90DFE7D0F804A0C0F80490E06DD0F8DA
:10D7D00018B0FFF7B5FF2068C4F85C9020F059FD41
:10D7E000BAF1000FD1D02068CDF800B000684346F0
:10D7F00032462946D047C8E7743600203EA90500C6
:10D80000C4A90500F4C40020F7B550F8044C05463F
:10D81000002C59D000F1A40104F1240020F062FC96
:10D820002E1F05F15C0700220023384615F0C2FACE
:10D83000024678BBAB6D2BB101466FF067033046F3
:10D84000FFF78EFF002345F8043C05F15403BFF3B6
:10D850005B8F53E8001F21F0010143E80012002A0A
:10D86000F7D1BFF35B8F636A73BB04F10C06002230
:10D870000023304615F09EFA78B9666886B91348D9
:10D880002660214624F077FC286803B0BDE8F0400C
:10D8900001F0D4BEF7F7D0FFC5E7F7F7CDFFE6E715
:10D8A000A26833686360964208BFA36077683FB19F
:10D8B000B3690093002320681A466FF06701B847E8
:10D8C0003046FFF73DFFD8E703B0F0BD2838002011
:10D8D0002DE9F04192B050F8783C06AF0646186842
:10D8E00020F0F7F8037804463D1D032B5AD8DFE8F3
:10D8F00003F0025355572E492846EEF787FEA379C9
:10D90000059562780492A2780392E27802922279D5
:10D9100001926279274C009207F11008264A1E21D5
:10D92000404619F049FC23685A0713D06D468AB067
:10D9300006AA224B5361224BC2E9063840F201335A
:10D940001384204B42F8103F4FF41151204620F031
:10D950001FFBAD46A6F17400FFF756FF56F8740C96
:10D96000132120F027F898B123685B0710D06C468C
:10D9700088B006AA144B5361114BC2E90630042348
:10D9800042F8103F0B484FF4015120F001FBA5462F
:10D990003037BD46BDE8F0810C49ADE70C49ABE737
:10D9A0000C49A9E70C4A0A21284619F005FCA6E70C
:10D9B0002E8D050074360020508D050059A90500F4
:10D9C000ABA905000400000189A90500358D0500FB
:10D9D0003C8D0500468D0500B3EB0500F8B51D46EE
:10D9E0000F461646F7F774FE044C182303FB00405D
:10D9F000C0E903760123C3800575F8BD00C400208B
:10DA0000F8B50B4D06460F46002415F8013CB3420D
:10DA100007D12946384620F087FE10B1054820443A
:10DA2000F8BD1034C02C05F11005EED10020F7E749
:10DA300071C5002070C50020F8B50B4D06460F4695
:10DA4000002415F8013CB34204D12946384620F0A1
:10DA50006BFE30B90C34902C05F10C05F1D100208F
:10DA6000F8BD02482044FBE7516B0020506B0020BA
:10DA7000F8B50B4D06460F46002415F8013CB3429D
:10DA800007D13946284620F04FFE10B10548204402
:10DA9000F8BD0C34902C05F10C05EED10020F7E711
:10DAA000A5D70020A4D7002070B5204B144682686B
:10DAB0009A420FD1A568C66875B9227921683046A7
:10DAC00020F03AFE024628B11949013020F003FE49
:10DAD00015701581012070BDE0680028FBD02B88EF
:10DAE0008B420AD0F6D2E068A36801380433E060C4
:10DAF0000038A36018BF0120EDE725682279294688
:10DB0000304620F019FE024660B90949304620F03F
:10DB100013FE02460028E6D02946013020F0DBFD46
:10DB200023791370A3685B881381DCE7F9E20200B4
:10DB30001B8D05002DE9F0410D4CDFF838800546BE
:10DB400000262746621C6DB94146104620F0ECFDC8
:10DB500028B901360C2E04F11004F2D10027384602
:10DB6000BDE8F081217828461FF093FFF0E700BF61
:10DB700070C500201B8D0500F8B50C4F06464C1CE7
:10DB800001F129056EB114F8011C224630461FF040
:10DB900080FF08B1601EF8BD0A34AC42F2D100200B
:10DBA000F9E73946204620F0BFFDF2E71B8D05005E
:10DBB0002DE9F04106460F4690461FF0C2FB50B3D8
:10DBC00039463046FFF738FF054678B9134A044610
:10DBD000104620F0E9FDC0B90C225443104A601CE5
:10DBE0003946104420F077FD1655A518012101FA99
:10DBF00008F105F1080020F0B9FDBDE8F041094841
:10DC00004FF40042002315F091BB01340C2C02F1BB
:10DC10000C02DDD1EAE7BDE8F08100BF586B0020BF
:10DC2000506B0020E06B002098B50C4803685B0740
:10DC300000AF0ED06C4688B06A46094B5361094B61
:10DC40009361032342F8103F4FF4C25120F0B2FD1C
:10DC5000A5466FF01500BD4698BD00BF8C3600206C
:10DC60008EAA05002AAF05002DE9F04784B08A4648
:10DC700000AF90469946044698B9574803685E0736
:10DC80002CD06C4688B06A46544B5361544B936118
:10DC9000032342F8103F4FF4C25120F08BFDA546FC
:10DCA0001CE007F108011FF0D1F90546E8B14A4828
:10DCB00003685D0712D06D468AB06A46494B5361CE
:10DCC000474BC2E9063440F201331384464B42F815
:10DCD000103F4FF4115120F06DFDAD466FF015056A
:10DCE00028461037BD46BDE8F087391D20461CF098
:10DCF00022FF786800283FD00A22294619F0AEFB9F
:10DD00000428064611D9344803685907E6D06C4602
:10DD100088B06A46354B5361314BC2E9063604235D
:10DD200042F8103F4FF40151B7E7C6B207F10801BE
:10DD30003046FFF79DFE0446002842D1BAF1000F9D
:10DD4000CED02B49FFF794FE0446B8B922480368A9
:10DD50005A070ED06C4688B06A46264B5361204B5A
:10DD60009361032342F8103F4FF4C25120F022FD8B
:10DD7000A5466FF00B05B3E72E46D7E700F8016B19
:10DD800007F1080120F0A7FC04F10801042248462D
:10DD9000C047041EA4DA104803685B070FD06D4625
:10DDA00088B06A46144B53610D4BC2E90634042314
:10DDB00042F8103F4FF4015120F0FCFCAD462546DF
:10DDC0008EE7BAF1000FDFD1C0F800A0C0F804A0C0
:10DDD000C0F808A084E700BF8C360020308E050014
:10DDE00000AF05009EAA050004000001BEAA0500C0
:10DDF0001B8D0500DDAA050003AB050098B50146A3
:10DE00000246042311F8010B00AF0832F9F7E8FECF
:10DE1000034698B10A48026852070FD06C4688B092
:10DE20006A46084951610849C2E90613042342F8C9
:10DE3000103F4FF4015120F0BDFCA546BD4698BDF2
:10DE40008C36002028AB0500B6AF05002DE9F8435D
:10DE500000AF8146884616461D46FFF709FE044678
:10DE6000F8B91D49FFF704FE0446A8B91B4803682A
:10DE70005B070ED06C4688B06A46194B5361194B4C
:10DE80009361032342F8103F4FF4C25120F092FCFB
:10DE9000A546BD46BDE8F88300F8019B414620F049
:10DEA0001AFC228963896AB973B926816581214682
:10DEB00011F8010B1FF045FA0028EAD02046FFF7C1
:10DEC0009DFFE6E7964202D39D42EFD8E1E79D42EF
:10DED0002681ECD9EAE700BF1B8D05008C360020B7
:10DEE00048AB0500BFAF050098B50E4800AF102144
:10DEF000F9F7B0FE034698B10B48026852070FD0FD
:10DF00006C4688B06A46094951610949C2E906135D
:10DF1000042342F8103F4FF4015120F04BFCA5467A
:10DF2000BD4698BD106C00208C3600206BAB050000
:10DF3000D0AF050098B50B4803685B0700AF0ED063
:10DF40006C4688B06A46084B5361084B93610323C3
:10DF500042F8103F4FF4C25120F02CFCA54600209F
:10DF6000BD4698BD8C36002095AB050007AF050077
:10DF700038B50F4B144682689A420D4615D1227966
:10DF80002168C06820F0D8FB78B1D4F8C8302F2BB6
:10DF900003D9BDE83840FFF7CDBF04EB830201335E
:10DFA000158101895181C4F8C830012038BD00BFF6
:10DFB000F9E20200B0B51049144600AF102218462D
:10DFC000A047041E16DA0D4803685B070FD06D46A4
:10DFD00088B06A460A4B53610A4BC2E906340423EF
:10DFE00042F8103F4FF4015120F0E4FBAD462046CB
:10DFF000BD46B0BD0024FAE7206C00208C3600201E
:10E0000003AB0500EDAE050098B50C4803685B074F
:10E0100000AF0ED06C4688B06A46094B5361094B7D
:10E020009361032342F8103F4FF4C25120F0C2FB2A
:10E03000A5466FF00400BD4698BD00BF8C36002099
:10E04000EDAB05000CB0050008B513468168074A22
:10E05000914209D11A791968C06820F06DFB18B196
:10E060000023036043600381012008BDF9E2020040
:10E0700070B50B4B164682689A420ED1C5686C1C6F
:10E0800029353168204620F04FFB18B171682046D1
:10E0900020F021FB0A34AC42F3D1012070BD00BF57
:10E0A000F9E2020002484FF4A472002315F03EB9D1
:10E0B000A86C002008B50421084820F057FB074849
:10E0C0006FF0020120F061FB044820F06DFBC307F4
:10E0D00001D5FFF7E7FF002008BD00BFD86C002086
:10E0E000024608B50849013020F0F5FA0023137202
:10E0F0000C32BFF35B8F52E8001F42E8003000286B
:10E10000F9D1BFF35B8F08BD1B8D0500B0B500AF23
:10E11000FFF7AEFC0446F0B1014611F8010BF9F728
:10E120006DFD034698B10D48026852070FD06D4649
:10E1300088B06A460A4951610A49C2E906130423B4
:10E1400042F8103F4FF4015120F034FBAD4600235C
:10E1500023606360A3600020BD46B0BD8C36002004
:10E1600004AC05009CAF0500F8B500F1700605464B
:10E170003146007A00AF1FF0E4F804463146287AB1
:10E18000CCB1FFF7C3FF034698B10F4802685207AE
:10E190000FD06C4688B06A460C4951610C49C2E9FF
:10E1A0000613042342F8103F4FF4015120F002FB04
:10E1B000A546BD46F8BDFFF75BFC0028F9D004601A
:10E1C00044608460F5E700BF8C36002025AC050074
:10E1D000ADAF0500B0B582B000AF04460D46FFF705
:10E1E0000FFC024630B3037A3B710C3020F0DCFAAE
:10E1F00000F00100787102233A1D29462046F9F704
:10E2000005FD034698B10C48026852070FD06C46D2
:10E2100088B06A46094951610949C2E906130423D5
:10E2200042F8103F4FF4015120F0C4FAA5460837D8
:10E23000BD46B0BD0346E0E78C3600203FAC05008C
:10E24000DEAF05002DE9F047284B164682689A425A
:10E2500007462BD1C5682B8D43B36C1C05F12909EA
:10E260004FF00008B4F807309BB114F8011C2246A7
:10E2700030461FF00EFCE0B914F8010C2146FDF702
:10E2800027FD30B1437B072B08BF4FF00108FDF796
:10E29000EDF80A344C45E5D1B8F1000F06D1EB6A30
:10E2A000A5F8288013B14146384698470120BDE8BB
:10E2B000F08706F1700A307A51461FF042F878B9BB
:10E2C0000B4B9D4202D13046FFF74EFF09492046D5
:10E2D00020F001FA002304F8013CA4F80730D8E745
:10E2E0005146204620F0F7F9D3E700BFF9E20200DB
:10E2F000682C00201B8D05002DE9F84F00AF9846D3
:10E300003B8DD1F80CA006468946002B60D108F160
:10E31000FF33012B5FD8B8F1010F5146157818BFB4
:10E320001588FFF729FC044638BB1DB94046BD4699
:10E33000BDE8F88F5146FFF71FFC0446B0B92748E7
:10E34000036813F0060F0ED06C4688B06A46244B63
:10E350005361244B9361032342F8103F4FF4C4519F
:10E3600020F028FAA5466FF01000E0E706F17001F2
:10E37000013020F0B0F9337A2370DAF83030DBB9AD
:10E38000B4F808B02581BAF82830AB4203D0514622
:10E39000484620F06DF9AB4505D0307A002206F1F1
:10E3A0007001FFF705FC002DC0D10F49601C20F063
:10E3B00092F925702581B9E72A46494630469847A3
:10E3C0000028B4DB01380128DAD96FF00D00AEE780
:10E3D0006FF00600ABE76FF00C00A8E78C3600206A
:10E3E0006CAC050085AF05001B8D050008B5124813
:10E3F000012120F0BBF910F0010F104B0AD1104A97
:10E400009A610D4820F0D0F9830713D4BDE8084085
:10E41000FFF748BE1A8B588B012A4FF6FF7205D8BA
:10E42000904207D04FF6FF725A83EAE79042198371
:10E43000E7D0F7E708BD00BFD86C0020886C00204B
:10E440000100FFFFF8B50B4C0B4F0025661C394649
:10E45000304620F069F9014630B9204620F0D9FA5B
:10E4600020783146FFF7B6FE01350C2D04F110047B
:10E47000ECD1F8BD70C500201B8D05002DE9F843D7
:10E4800000AF1E463B8C012B8046914646D8334454
:10E49000012B354645DCFFF74DFB0446E8B9FFF795
:10E4A00049FB0446C8B92248036813F0060F0ED092
:10E4B0006C4688B06A461F4B53611F4B9361032320
:10E4C00042F8103F4FF4C45120F074F9A5466FF0A4
:10E4D00010052846BD46BDE8F88396B1217A99F823
:10E4E0000020002321FA03F0C60703D522FA03F027
:10E4F000C00719D50133032BF4D102F007021143F1
:10E50000217208F17001601C20F0E5F898F80830DD
:10E5100023700121204620F08CFADAE76FF006051F
:10E52000D7E76FF00C05D4E76FF01205D1E700BF15
:10E530008C3600208AAC0500C7AF050010B56FF01F
:10E54000020104460E4820F020F90D4820F02CF975
:10E55000C20704D50B480022002314F0E7FE204632
:10E5600020F05BF858B12046FFF7E4FA38B1037A9F
:10E57000DB0704D5BDE81040012120F05ABA10BDD8
:10E58000D86C0020A86C00202DE9F04784B08A46A2
:10E5900000AF90469946044698B96F4803685E07F5
:10E5A0002CD06C4688B06A466C4B53616C4B9361BF
:10E5B000032342F8103F4FF4C25120F0FBF8A54668
:10E5C0001CE007F108011EF041FD0546E8B1624874
:10E5D00003685D0712D06D468AB06A46614B53618D
:10E5E0005F4BC2E9063440F2013313845E4B42F8BC
:10E5F000103F4FF4115120F0DDF8AD466FF01505D6
:10E6000028461037BD46BDE8F087391D20461CF06E
:10E6100092FA786800283AD00A22294618F01EFF9C
:10E620000428064611D94C4803685907E6D06C46C1
:10E6300088B06A464D4B5361494BC2E90636042304
:10E6400042F8103F4FF40151B7E7C6B207F1080195
:10E650003046FFF7D5F9044608BBFFF76BFA0446CE
:10E66000B8B93D4803685A070ED06C4688B06A4670
:10E670003F4B53613A4B9361032342F8103F4FF4F1
:10E68000C25120F097F8A5466FF00B05B8E72E466B
:10E69000DCE700F8016B07F1080120F01CF8BAF183
:10E6A000000F54D0022239464846C047061E15DAEC
:10E6B000294803685B070FD06C4688B06A462D4B2B
:10E6C0005361274BC2E90636042342F8103F4FF44A
:10E6D000015120F06FF8A546354691E73B7823724B
:10E6E000022E18D01C48036813F0060F0ED06E4699
:10E6F00088B06A46204B5361194B9361032342F85B
:10E70000103F4FF4C45120F055F8B5460021204683
:10E7100020F08FF974E77978012912D90E4803683F
:10E7200013F0060FF2D06E4688B06A46134B536161
:10E730000B4BC2E90631042342F8103F4FF402515B
:10E74000E1E701F00101204620F063F958E7204697
:10E75000FFF7C6FC54E700BF8C360020308E050062
:10E76000F9AE05009EAA050004000001BEAA05003E
:10E77000BAAC050003AB0500E0AC050038AD050000
:10E7800010B51C4801211FF0F1FFC30731D402214D
:10E7900018481FF0EBFF084007D11749174A0B88AC
:10E7A000174CA2421FD300B10B801649164823F024
:10E7B000C8FE4FF4A47200231348F9F715FB134960
:10E7C000134823F0BEFE022112481FF0CFFF12496A
:10E7D000124823F0B6FE1248FDF750FCBDE8104089
:10E7E0001048FDF735BA506803449BB20832012047
:10E7F000D7E710BD30C6002034D80020E43A050029
:10E80000143B050071EB0400306C0020D1EE0200D7
:10E81000A86C0020D86C0020E1ED0400E06B002023
:10E82000402C0020202C00202DE9F041034648B167
:10E83000008A38B91249DFF84CE001244FF0140C7B
:10E84000714501D3BDE8F081D1E90076BB4204D324
:10E850000CFB0672143A93420ED93444A2B208312A
:10E860001446EDE70CFB0578434507D001356219E6
:10E87000B54292B2F6D1F2E70025F8E71046E1E79B
:10E88000E43A0500143B05002DE9F74FBDF8305080
:10E89000009199464FF6FF73002D08BF1D46244B8B
:10E8A0001B888342074690463CD203B0BDE8F08FF8
:10E8B00073682344BB4232D29CB208361D4B9E4241
:10E8C000F6D3F2E78958019340461EF0E5FB019B21
:10E8D00090B101340AF1010AA4B273685345ECD92E
:10E8E000009B9C42E1D8BC423168F2D30BFB0AF298
:10E8F0008B18B8F1000FE5D1B9F1000F0BD1013D34
:10E90000ADB218460E9A0D9B21469847002DCCD0EB
:10E910000028DED1C9E7DA689145DAD1EFE74FF098
:10E92000000ADAE7044E01244FF0140BC6E700BFDB
:10E9300034D80020143B0500E43A050090B5C9B076
:10E9400000AF002407F16802394607F11000C7E95B
:10E950000044C7E902441DF025FFC0B14FF6FF7126
:10E9600001201F4A07F1100320F0F7F81D4807F1B6
:10E9700010011DF0ACFF08BB1B4803685B0719D0F2
:10E980006C4688B06A46194B5361194B09E016482A
:10E9900003685A070ED06C4688B06A46154B53611F
:10E9A000154B9361032342F8103F4FF4C2511FF0FF
:10E9B00001FFA54607F59277BD4690BD094B21465C
:10E9C00003F110020131187812F8014D03F8014BE0
:10E9D00008291070F6D109481FF0C8FEEAE700BF09
:10E9E000CFE70400106C00208C360020A3AD05009A
:10E9F000EFAF05008DAD0500FEAF0500D86C00201F
:10EA0000F8B51C49BDF818600446A1F13000154660
:10EA10001F4623F0B5FD18481FF0C6FE010705D4B8
:10EA2000FFF78CFFFFF70EFDFFF75EFA2046FFF7BA
:10EA300081F868B1037ADA070AD500F10C042046A0
:10EA40001FF0B2FEC30703D4022120461FF08EFE42
:10EA5000102E0CD8C6F110040849BC42A8BF3C4691
:10EA600022463144284624F062F92046F8BD6FF072
:10EA70000604FAE7606C0020D86C0020106C0020BF
:10EA800010B51A481FF090FEC0F3C00080F00104DA
:10EA900008B9FFF753FF15481FF086FE03461348D9
:10EAA0001FF082FEDA061FD5830606D5E4B1FFF714
:10EAB000C9FCBDE81040FFF717BA20210B481FF032
:10EAC00055FE0B491022881824F065F948B9094809
:10EAD00023F043FDBDE8104004486FF001011FF032
:10EAE00054BEFFF783FCE2E710BD00BFD86C0020E6
:10EAF000106C0020A86C002008B5102103481FF0FE
:10EB000035FEFFF7BDFF002008BD00BFD86C002018
:10EB10002DE9F047B8B000AF0C4616464A49D7F881
:10EB200000013A4698461BF0E2FF38B9FFF77CF83F
:10EB300081464846E037BD46BDE8F0873D68391D4F
:10EB400028461BF0F8FFB5B9404803685D070ED0B2
:10EB50006C4688B06A463E4B53613E4B936103233B
:10EB600042F8103F4FF4C2511FF024FEA5466FF04B
:10EB70001504A146DDE77868C8B100210A2218F023
:10EB80006DFC0428014611D9304803685C07EED0BB
:10EB90006C4688B06A46304B53612E4BC2E9063151
:10EBA000042342F8103F4FF40151DDE7C0B207F1F2
:10EBB000080A3875514628461EF048FA8146A0B129
:10EBC000224803685A07D2D06C468AB06A46234B63
:10EBD0005361204BC2E9063540F201331384204BC8
:10EBE00042F8103F4FF41151BEE7C7F810A04CB3E4
:10EBF000C02207F120014046B047041E14DA134832
:10EC000003685B07B5D06D4688B06A46154B536103
:10EC1000104BC2E90634042342F8103F4FF401516F
:10EC20001FF0C8FDAD46A4E7A40807F12003C7E91B
:10EC300006340D4A07F110034FF6FF7101201FF053
:10EC40008CFF76E72346F2E7BAAD05008C3600204C
:10EC5000308E050022AF0500BEAA05009EAA050061
:10EC60000400000103AB0500A9DA020007B5002388
:10EC70000193FFF7D9FD411C89B20846034A01AB55
:10EC80001FF06BFF019803B05DF804FB6BE6040016
:10EC90002DE9F84F154600AF8A469422696806466A
:10ECA0001FF06AFF8146C8B14748036813F0060F9A
:10ECB0000ED06C4688B06A46444B5361444B936116
:10ECC000032342F8103F4FF4C4511FF073FDA546D3
:10ECD0004FF0FF352846BD46BDE8F88F696802222F
:10ECE00030461FF083FFB0B93748036813F0060FB2
:10ECF0000ED06C4688B06A46364B5361344B9361F4
:10ED0000032342F8103F4FF4C4511FF053FDA546B2
:10ED10006FF01505DEE74FF470200021B5F8148080
:10ED2000FEF7E6FC08F10208044628B32A4BC0F8B7
:10ED300014801D214174C0F80C90436085614246E7
:10ED40003046FEF7E1F98046C8B91F48036813F062
:10ED5000060F0ED06D4688B06A46204B53611C4B9F
:10ED60009361032342F8103F4FF4C4511FF022FD7A
:10ED7000AD462046FEF7E4FC6FF00B05AAE7012341
:10ED80004A46494608F10C0BFEF728FE0221584678
:10ED90001DF08CFE8146584629F802ABA98A1DF069
:10EDA00085FEAA8A2969484623F0C1FFC4F8088075
:10EDB000214630461FF014FC054600288AD0204624
:10EDC000FEF7BEFC86E700BF8C360020C1AD050013
:10EDD0006DAF0500DBAD05009DE604000AAE050041
:10EDE00030B504468BB037481FF0DEFC42070D46B5
:10EDF00061D514B1637B072B60D168680590FFF77C
:10EE000013FD2A68ADF818003AB305A902912E49FE
:10EE100001910121002300914FF6FF710593FFF747
:10EE200033FD059B1BB96FF001000BB030BD6B606B
:10EE3000059B186800238DF8103004A942F60303DF
:10EE4000ADF812301EF028F970B90598C3689B79A7
:10EE50009B0605D46FF01500E7E70028E8D1E2E74C
:10EE60001FF029FEADF81800BDF818003CB10123D1
:10EE70000146AB752A462046FFF70AFFD5E76FF03B
:10EE80007F0307930223ADF8203042F60213ADF85A
:10EE9000123005ABAC7502930C4B01930123009328
:10EEA00004AA23464FF6FF7109958DF81040FFF72D
:10EEB000EBFC0798B9E76FF00A00B6E76FF07F0048
:10EEC000B3E700BFAC240020CBE6040089F20200C7
:10EED00073B500F13005044650F8083C0193A0F1E9
:10EEE00020066FF0010128461FF04FFC0D4B44F83F
:10EEF0001C3C0D4B44F8183C01AB002044F8103C7E
:10EF0000042324F8080C24F8060C24F80C3C3146A1
:10EF1000FFF766FF18B9022128461FF027FC02B050
:10EF200070BD00BF904D05003DE502002DE9F84F92
:10EF30004C4B1468904682689A4200AF054640F0F8
:10EF40008C80D0F80C9009F1010609F1290AB6F875
:10EF5000073023B316F8011C324620461EF099FDF7
:10EF6000E8B14FF49572294620461FF005FE60B3C4
:10EF7000032818D13C48036813F0060F0FD0EB4666
:10EF800088B06A46394B5361394BC2E906350423D0
:10EF900042F8103F4FF402511FF00CFCDD460A36D8
:10EFA0005645D4D159E0052820460CBF4FF0030B3D
:10EFB0004FF0020B1EF06BFD834506D998F8043024
:10EFC0005B45ECD288F804B0E9E7494628461FF0D3
:10EFD0004FFB284B994540D1207A04F17001FEF790
:10EFE00047FD0546002838D0038913B94389002B13
:10EFF00033D02046FCF7B4FB1F4A2B8922F820307F
:10F0000002EB8003698959801C491D4D182303FBBD
:10F01000001300B202EB800200EB40005D601A6159
:10F02000184D9D60042201EBC00120469A82FFF733
:10F03000D7FE90B10C4803685B070ED06C4688B0D1
:10F040006A46114B5361114B9361032342F8103F01
:10F050004FF4C2511FF0AEFBA5460120BD46BDE8EE
:10F06000F88F00BFF9E202008C36002035AE0500B3
:10F0700044AF0500682C002094D7002010C5002064
:10F08000904D05004FEA04004DAE050039AF050074
:10F090002DE9F047144600AF894694226168064680
:10F0A0001FF06AFDC0B13948036813F0060F0ED097
:10F0B0006C4688B06A46364B5361364B93610323E6
:10F0C00042F8103F4FF4C4511FF074FBA5464FF0B7
:10F0D000FF30BD46BDE8F0876168012230461FF071
:10F0E00085FDB0B92948036813F0060F0ED06C46B1
:10F0F00088B06A46284B5361264B9361032342F83C
:10F10000103F4FF4C4511FF055FBA5466FF015009A
:10F11000DFE7A2891B2102323046FDF7F5FF0546E5
:10F12000B0B91A48036813F0060F0ED06C4688B0C9
:10F130006A461A4B5361174B9361032342F8103F01
:10F140004FF4C4511FF036FBA5466FF00B00C0E72B
:10F1500000F10C0A022150461DF0A8FC80465046E2
:10F1600028F8029BA1891DF0A1FCA289A168404654
:10F1700023F0DDFDD4E9041228460123FEF72EFC1E
:10F18000294630461FF0FFF9A3E700BF8C36002068
:10F19000C1AD050061AF0500DBAD05006EAE050039
:10F1A00030B504468BB035481FF0FEFA42070D46D5
:10F1B0005DD514B1637B072B5CD168680590FFF7C0
:10F1C00033FB2A68ADF818003AB305A902912C491F
:10F1D00001910121002300914FF6FF710593FFF784
:10F1E00053FB059B1BB96FF001000BB030BD6B608A
:10F1F000059B186800238DF8103004A942F603031C
:10F20000ADF812301DF048FF70B90598C3689B79BE
:10F21000DB0605D46FF01500E7E70028E8D1E2E748
:10F220001FF049FCADF81800BDF818002CB10146DC
:10F230002A462046FFF72CFFD7E742F60212ADF828
:10F24000122005AA6FF07F0302920E4A0793012352
:10F25000CDE90032ADF8203004AA23464FF6FF7105
:10F2600009958DF81040FFF70FFB0798BDE76FF089
:10F270000A00BAE76FF07F00B7E700BFAC240020B8
:10F28000CBE6040089F202002DE9F04F83B0544B25
:10F29000144682689A4200AF81463CD1D0F80CA057
:10F2A000504B9A451DD1504DDFF840810026414614
:10F2B00028461FF039FA78B915F8010C07222946BB
:10F2C000FCF76AFD50BB236915F8010C1A69294641
:10F2D00053881288FEF7BAFD01360C2E05F10C0595
:10F2E000E5D10AF129030AF101067B60B6F807208F
:10F2F000A3899A420BD116F8010C3146FCF7E8FCC1
:10F30000054620B1437B072B0BD0FCF7AFF87B6899
:10F310000A369E42EAD14FF001085BE0FCF7A6F8FE
:10F32000DAE7DAF8343023B14946984708B9284675
:10F33000EBE79422494628461FF01EFC8046A0B108
:10F340002B48036813F0060FF1D0E84688B06A46F0
:10F35000284B5361284B9361032342F8103F4FF42D
:10F36000C4511FF027FAC546E1E7A389022B16D145
:10F37000B6F8073013F0020B05D12846FCF776F8F3
:10F38000C4F808B0C3E72269A1882846FFF780FCCB
:10F390008346B8B921698A7D01328A75EDE7012B70
:10F3A00005D02846FCF762F8C4F80880AFE7B6F845
:10F3B000073013F0010BE0D02269A1882846FFF73F
:10F3C00067FE83462846FCF751F8BBF1000FC4F8EE
:10F3D00008B09CDA40460C37BD46BDE8F08F00BF50
:10F3E000F9E20200682C0020A5D700201B8D050043
:10F3F0008C360020C1AD05007BAF0500B0B58EB0E6
:10F4000002AF00F17005044678600123007A3B7278
:10F4100029461DF096FFA0B1227A002A3BD0042194
:10F4200038461AF0A7FC00971C4A242107F10C006B
:10F430002B46F8F701FB07F10C0219491046F3F7C8
:10F44000DFFA4FF6FF71174A3B1D01201FF085FBC5
:10F4500020461EF01CFB397A884219D220461EF045
:10F46000E8FA0346A0B11048026812F0060F0FD068
:10F470006C4688B002AA0D4951610D49C2E90613D4
:10F48000042342F8103F4FF402511FF093F9A546B0
:10F490003037BD46B0BD0092C6E700BFBDAD050028
:10F4A00011EB02002DEF02008C3600209BAE050010
:10F4B0004FAF0500F8B5084B1C6805460E461746C9
:10F4C0004CB154F8043C043C1BB13A463146284642
:10F4D00098476468F4E7F8BD34C6002013B50A4ABB
:10F4E000009004464FF6FF7101206B468DF8040032
:10F4F0001FF033FB002120461FF0FFFB08B9FEF789
:10F5000075FF02B010BD00BF2DEF0200B0B5B4B062
:10F5100000AF002379603872C7F8CC30174A3B1D22
:10F5200004460D4601204FF6FF711FF016FBD7F879
:10F53000CC3003B39B0007F10C0220462946F8F7B4
:10F5400073FB044698B10E4803685B070FD06D4605
:10F5500088B06A460B4B53610B4BC2E90634042357
:10F5600042F8103F4FF401511FF024F9AD462046F8
:10F57000D037BD46B0BD1A46DFE700BF71DF0200DD
:10F580008C360020CBAE050010AF05002DE9F3410D
:10F5900000F17008CDE9001204460F46007A41469A
:10F5A00016461DF0CEFE0F4A05466B464FF6FF711C
:10F5B00001201FF0D2FA1DB1207A4146FFF7A6FFC5
:10F5C000207A3946FEF71CFA40B1314601301FF06F
:10F5D00082F81DB1207A4146FEF7FCFD02B0BDE87D
:10F5E000F08100BF71E0020037B5134A0091044674
:10F5F0000D468DF804006B464FF6FF7101201FF099
:10F60000ACFA29462046F8F71DFB002812DB2946F4
:10F610002046FEF77BFD00280CDB29462046FEF73E
:10F62000EFF908B1FEF75CFD29462046F8F70AFB22
:10F6300000EAE07003B030BD49E0020073B5044653
:10F6400003461A4A4FF6FF71012004F170061FF0BD
:10F6500084FA207A31461FF089FB207A31461DF06A
:10F6600070FE50B1237A8DF80430114A00966B4633
:10F670004FF6FF7101201FF070FA2046FEF75AFA8C
:10F68000054688B1207A31461DF05BFE28B9284630
:10F6900002B0BDE87040FEF723BD3146681C02B0E1
:10F6A000BDE870401FF017B802B070BD45E202001F
:10F6B00049E00200084A10B501460023141DE01875
:10F6C0001FF0AEFB08B1981810BD03F5BC73B3F57D
:10F6D000BC6FF4D1F8E700BFE06C002010B50C4A15
:10F6E00011680C4ABFF35B8F00F5B87353E8004F05
:10F6F000944204D143E8001CBCF1000FF6D1BFF3E3
:10F700005B8FBFF35B8FD0F87001BFF35B8F10BDD1
:10F71000ACC20020E06C002008B5FFF7DFFF034615
:10F72000D8B1D0E9001239B9BAB10F4B1B68013317
:10F730000CBF022004200FE03AB183681BB90B4BC9
:10F740001B78002BF1D1042006E0084A107818B18C
:10F750009868003818BF012008BD034B1B680133AF
:10F760000CBF03200020F7E7C02C00202DEB002069
:10F77000B0B5002300AF04461A46EC300D46FCF746
:10F7800063FDC8B1693012D10F4803685B070ED022
:10F790006C4688B06A460D4B53610D4B9361032351
:10F7A00042F8103F4FF4C2511FF075FBA5462846A2
:10F7B000F6F742F8BD46B0BD4FF47022002304F5C1
:10F7C000A07013F0B3FDF5E7BC36002044A8050097
:10F7D0007EB5050098B50B48036813F0060F00AF1F
:10F7E0000ED06C4688B06A46074B5361074B936155
:10F7F000032342F8103F4FF4C4511FF04CFBA546C1
:10F80000BD4698BDBC36002037B005000AB40500DF
:10F8100098B503460C480268520700AF0FD06C46FB
:10F8200088B06A46094951610949C2E906130423AF
:10F8300042F8103F4FF401511FF02DFBA5466FF029
:10F840000B00BD4698BD00BFBC36002054B005007B
:10F8500014B5050030B40D4C00232246D4F8EC500A
:10F860003DB10133042B04F5BC74F7D130BCFFF774
:10F87000CFBF4FF4BC704343D018054CC0F8F040E4
:10F88000EC331A4428460A6030BC7047E06C002014
:10F89000944E050098B50B4803685B0700AF0ED087
:10F8A0006C4688B06A46084B5361084B936103234A
:10F8B00042F8103F4FF4C2511FF0EDFAA546002068
:10F8C000BD4698BDBC3600207DB00500A0B5050042
:10F8D00038B5EC220546002123F051FA102105F13C
:10F8E000270010F031FB044648B9052128461FF0D7
:10F8F000E0FAFBF719FA034B1860204638BD0824DC
:10F90000FBE700BF3CC60020B0B5051D00AF0446B4
:10F91000082128461FF0CDFA0F4904F15700FBF7E4
:10F9200013FAB8B1284608211FF0A4FA0B4803685F
:10F930005B070ED06C4688B06A46094B5361094B91
:10F940009361032342F8103F4FF4C2511FF0A3FA12
:10F95000A5460820BD46B0BD41F10400BC360020DC
:10F960009CB00500D0B40500F8B5054600AF0B46C5
:10F9700004300D211FF054FA98B3DC68D5F8EC3050
:10F9800003F17006197A324602201FF055FCE8B9DF
:10F99000174C23685B0716D03046F7F76DFD6D46B0
:10F9A0008AB06A46134B5361134BC2E9063040F2EA
:10F9B00001331384114B42F8103F4FF4115120468C
:10F9C0001FF069FAAD460820BD46F8BD224600F199
:10F9D0002A0304F1100152F8040B43F8040B8A4285
:10F9E000F9D1284609211FF064FA0020ECE700BF96
:10F9F000BC360020B9B005009AB40500040000012F
:10FA0000F0B587B00E4602AF0446FFF767FEF36815
:10FA100004F137020546114603F1100053F8046B58
:10FA200041F8046B8342F9D1237A052B00F2A380BD
:10FA3000DFE803F016222203A178594900970968EC
:10FA400004F1270304F1570001F040FD48BB0A21EF
:10FA5000201D1FF02EFAAB683968D4F8EC009847E7
:10FA600020460D211FF025FA201D10211FF021FA3C
:10FA700020461FF051FA15E094F8DC10D4F8D83085
:10FA80000097CB40464903F00103096843F0800327
:10FA900004F157001FF00FFCB8B1424803685C073F
:10FAA00003D108201437BD46F0BD6C4688B002AAC9
:10FAB0003D4B53613D4B9361032342F8103F4FF49C
:10FAC000C2511FF0E8F9A546EBE71022394604F1D0
:10FAD000170023F060F908B10420E3E70321204672
:10FAE0001FF0E7F91FF018FA0028DBD194F8DC309A
:10FAF0000133DBB2142B84F8DC3009D10D21204610
:10FB00001FF0D7F91021201D1FF0D3F90020C9E7FD
:10FB1000102104F1270010F017FA003818BF012057
:10FB2000C000BFE7102104F1270010F00DFA0028F3
:10FB3000B7D1002D31D0EB68002B2ED01C4BE27AD0
:10FB40001B883B80A37CD10703F0010311D4002B59
:10FB500014BF012303237B700023C4E93833201D25
:10FB60000C211FF0A6F9EB68D4F8EC003946984751
:10FB7000CCE75B00EFE70B480268520791D06C4678
:10FB800088B002AA0B4951610B49C2E9061304234C
:10FB900042F8103F4FF4015193E7022082E700BF83
:10FBA0003CC60020BC360020D7B005005FB405007D
:10FBB0008C420500F4B0050074B405002DE9F0474F
:10FBC00090B004AF044607F120051022002128461A
:10FBD00023F0D5F8237A052B40D8DFE803F006039D
:10FBE00003063F2FD4F8D8303B62D4F8EC3004F150
:10FBF000470204F1C708CDE9018204F1370903F196
:10FC00007E0204F1270A009277335246494604F1F6
:10FC1000970001F0F3FB002839D0584803685907D2
:10FC200030D06C4688B004AA554B5361554B936154
:10FC3000032342F8103F4FF4C25120E0D4F8E430DF
:10FC4000002BD2D02E4603F1100C186859683246AA
:10FC500003C2083363451646F7D1C6E74748026832
:10FC600054070FD06C4688B004AA474951614549F2
:10FC7000C2E90613042342F8103F4FF401511FF06C
:10FC80000AF9A54608203037BD46BDE8F087D4F80C
:10FC9000EC3003F177027E3307F11006019304F193
:10FCA00011030292009303962B464A465146404662
:10FCB0001FF026FB40B1314803685A07E2D06C467A
:10FCC00088B004AA314BB0E7237A052B0ED1D4F8C3
:10FCD000E01031B30B46AC4601F1100E18685968BC
:10FCE000624603C2083373459446F7D1D4F8EC302A
:10FCF000039703F17E027733019304F10A03029222
:10FD0000009352462B46494640461FF0F9FA68B127
:10FD10001A4803685B07B5D06C4688B004AA1C4B30
:10FD200083E71022284623F02AF8DFE7102239461D
:10FD300004F1B70023F02FF8F0B90D2120461FF091
:10FD4000CCF8804600289DD010210C301CF0AEFE6F
:10FD50000346324603CAAA4218605960164603F1A8
:10FD60000803F6D141462046FFF702FD201D012180
:10FD70001FF09FF8002086E70B2084E7BC360020A8
:10FD800014B1050035B50500F4B005002DB105002E
:10FD900054B10500F0B583B0047A022C02AF0646D8
:10FDA00023D844B190F8DC30D0F8D840DC4004F0DF
:10FDB000010444F08004032130461FF08EF805460C
:10FDC00048B310210C301CF071FE00901A482346F5
:10FDD000006806F1270206F157011FF06CFA04468D
:10FDE000F8B12846F5F728FD15E0032C17D0134885
:10FDF00003685B070FD06D4688B002AA104B5361B1
:10FE0000104BC2E90634042342F8103F4FF401516D
:10FE10001FF041F8AD4608200437BD46F0BD002470
:10FE2000C9E729463046FFF7A3FC301D21461FF0E5
:10FE300021F82046F0E700BF3CC60020BC36002079
:10FE4000F4B0050087B50500F8B5061DCD68044679
:10FE50000B2100AF30461FF00DF82B4604F11702BE
:10FE600005F1100153F8040B42F8040B8B42F9D151
:10FE7000237A012B08D0022B13D1042120461FF036
:10FE800018F8FFF787FF0AE00A2130461EF0C8FF86
:10FE90000028F2D0304600211FF00BF80020BD46AC
:10FEA000F8BD0B480268520701D10820F7E76C46FD
:10FEB00088B06A46074951610749C2E9061304231D
:10FEC00042F8103F4FF401511EF0E5FFA546ECE764
:10FED000BC360020F4B005004BB405002DE9F0411C
:10FEE00000AF0446FFF7FAFB251D06460E21284603
:10FEF0001EF096FFE8B95C4B2022196804F1570008
:10FF000022F049FFA8B95948036813F0060F0ED034
:10FF10006C4688B06A46564B5361564B9361032337
:10FF200042F8103F4FF4C4511EF0B5FFA54608201B
:10FF300033E00C2120461EF0D0FF80460028F6D08A
:10FF400040210C301CF0B2FD474B1B6802460146B5
:10FF500003F1200053F804CB41F804CB8342F9D1DC
:10FF6000203203F1200153F8040B42F8040B8B42BA
:10FF7000F9D141462046FFF7FBFB237A052B5ED8DB
:10FF8000DFE803F0033F0E035D5A042120461EF014
:10FF900090FFFFF7FFFE002842D0BD46BDE8F0818C
:10FFA0002046D4F8EC80FFF799FB334B1B68591CB3
:10FFB00006460DD1042104F1D8000FF0C5FF00283A
:10FFC000B5D1D4F8D8302D4AB3FBF2F102FB11338E
:10FFD000C4F8D830002384F8DC3056B1336843B11C
:10FFE0000B2128461EF065FF3368D4F8D810404630
:10FFF0009847032120461EF05CFF0E211EF059FF9A
:020000040003F7
:100000000EE0204603211EF054FF0E211EF051FF8A
:1000100028460A211EF04DFF7368D4F8EC0098477B
:10002000284607211EF045FF0820FFF743FBC8B90B
:100030002046FFF769FCB0E704212046DEE70B48C5
:10004000026852073FF473AF6C4688B06A460C49A9
:1000500051610849C2E90613042342F8103F4FF4E6
:10006000015161E7002098E73CC60020BC36002023
:100070007CB10500E3B40500C02C002040420F0015
:10008000F4B00500B0B50C4600AF0546FFF726FBFF
:10009000E36805F15700024603F1200153F8044BD1
:1000A00042F8044B8B42F9D105F1770203F12001AC
:1000B00053F8044B42F8044B8B42F9D1FAF770FD28
:1000C00048B9214B1C68002C39D1281D06211EF08F
:1000D000F0FE204631E01D48036803F00703022BC1
:1000E0000ED96C4688B06A46194B5361194B93611F
:1000F000032342F8103F4FF4C6511EF0CCFEA54634
:100100000E21281D1EF0D5FED5F8EC40D4F8A03005
:1001100033B9207A04F1700100F022FFC4F8A00086
:10012000D4F8A030002BCCD0DA8902F02402002AC7
:10013000C7D05B7B9B07C4D40320BD46B0BD284617
:10014000FFF7CCFEF9E700BF3CC60020BC3600201C
:100150009BB10500F9B4050038B5174B1B7805466F
:1001600023B301F00F042846FFF7D6FA134A0328F9
:100170000CBF04F00B0444F0040405F5BA731278C4
:10018000BFF35B8F53E8001F013103D143E8002028
:100190000028F7D1BFF35B8FBFF35B8FD5F87431C5
:1001A000BFF35B8F2BB144F0010038BD01F00704B1
:1001B000D9E704F0FE00F8E72DEB0020E43400203E
:1001C000F8B50D46D0F8EC600446FFF787FAEF6803
:1001D000FB78102B01D00620F8BDD6F8A0305BB11B
:1001E000251D0F2128461EF01BFE80B92046FFF773
:1001F0006FFB60B1C0B2EFE7307A06F1700100F03A
:10020000AFFEC6F8A0000028EAD10820E4E70123E9
:1002100063723B68C4F80A30BB88E381022323740D
:10022000B9782046FFF798FFE0742046FFF774FA8C
:100230001023607423753B7903F0030363757B79A6
:1002400003F00103A375E37C1A070CD5BB781B07E9
:1002500009D5052128461EF02CFE637D03F002031C
:1002600063750023A375052128461EF0D9FD0028DB
:1002700043D03F4B1B78A374E37C980606D5BB782C
:10028000990603D5142128461EF013FEE37CDA07F5
:1002900035D5BB78DB0732D50D2128461EF009FE87
:1002A000A37D84F8E830637D84F8E9300321284693
:1002B0001EF0FFFD237BE17C3F7803EA010210077B
:1002C00004D5E27AA07C0243D2071CD4042F1CD8A8
:1002D0000B4313F0040307D02046FFF71DFA254B0C
:1002E00007EB87073B441B5C2372D6F8A01020461F
:1002F0001EF09FFD58B903206EE71F4BBAE700239D
:100300006375A375CCE70523EEE70023ECE7237DB7
:10031000627B934228BF1346102B7FF45CAF05210C
:1003200028461EF07DFD0028E5D0237A002BE2D080
:1003300028461EF075FD0028DDD00C2120461EF059
:10034000B8FD02211EF0C9FD054600283FF45DAF4F
:1003500006210C301CF0AAFBD4F811300360B4F86D
:100360001530838029462046FFF702FA002033E744
:100370002FEB0020ADB505002EEB002038B512495B
:100380000446A0F1EC05543022F0DBF828461EF0BC
:100390003FFEBFF35B8F0D4A04F1840353E8001F57
:1003A00043E800200028F9D1BFF35B8FBFF35B8FD8
:1003B00088344FF0FF3354E8002F44E8003100291F
:1003C000F9D1BFF35B8F38BD550D0300E06C002001
:1003D000431C02D0044B984203D8044B1860002001
:1003E00070476FF0150070473F420F00C02C00208F
:1003F0002DE9F041C678012E044604D06FF01504B3
:100400002046BDE8F0811EF049FD0546002800F0B9
:10041000AB80071D042138461EF002FD002840F085
:10042000A680032138461EF0FBFC10B16FF00F04CC
:10043000E6E7314638461EF0F3FC0028F6D12846A0
:10044000FFF74CF9D5F8EC309B7A032B064642D0E7
:1004500032D8013B012B48D90D21201D1EF0E0FCB4
:100460000028CBD1D4F8A03083B904F17006217AEA
:100470003246202000F0F6FDC4F8A00030B9217A01
:100480003246042000F0EEFDC4F8A000D4F8A030FD
:10049000002BB3D0DA8912F0240FAFD0A17A022951
:1004A00023D9587BC007A9D503291ED09206A5D50C
:1004B0001B7B102BA2D118E0042BCDD12846FFF7CF
:1004C0002BF9032804D1002EC6D0F368002BC3D02B
:1004D000284B1B7807E02846FFF71EF9032804D1B4
:1004E000002EB9D0F368002BB6D0D4F8A0303BB1C1
:1004F0002846FFF7EDF9044670B16FF068047FE716
:10050000207A04F1700100F02BFDC4F8A00000284F
:10051000EED16FF00B0473E70B2128461EF0DDFCD3
:1005200006460028E9D001210C301CF0BFFA092151
:1005300080462846FFF710FE234688F80000224632
:10054000314605F1EC00FBF77FFE044618B130465A
:10055000F5F772F954E738460F211EF0AAFC012185
:1005600028461EF0A6FC4BE76FF07F0448E76FF0CB
:10057000040445E72DEB00202DE9F041D0F8EC40D4
:10058000D4F8A03000AF0646051D002B47D14C48DB
:10059000036813F0060F32D107214A4B13F801808C
:1005A000D4F8A0304BB11B7B002B72D1D4F8A00043
:1005B0001EF056FE0023C4F8A030022128461EF08B
:1005C0002FFC50B9B8F1070F96BF3F4B1F2113F80E
:1005D000081042462046FBF713FB032128461EF075
:1005E0001FFC00283ED0394B1B68002B3AD01D68F9
:1005F00005B10C3D53F8083C002B53D155E0E846BB
:1006000088B06A46324B5361324B9361032342F800
:10061000103F4FF4C4511EF03EFCC546BCE789BBF9
:100620000D2128461EF0FCFB804620B1D4F8A00026
:1006300008B100F0B9FE254B1B689BB11D6805B1E0
:100640000C3D53F80C3C13B14146204698474DB140
:100650002B46ED681B681DB10C3D002BF4D1F7E76C
:10066000002BF1D130461EF0D3FC637B072B06D163
:10067000627AA37A9A4202D02046FFF7B9FEBD46BD
:10068000BDE8F0810139C9B20E2986D94FF00908B9
:1006900086E7022128461EF0C3FB002886D18CE79E
:1006A0000C3D23B1414620469847002DDAD02B4619
:1006B000ED685B68002DF3D1002BF3D1D2E700BFCA
:1006C000BC360020FBB30500EAB30500A4C200203D
:1006D000C0B105005FB505002DE9F041031D00AF75
:1006E00005468846184602211EF09AFB044620B1B2
:1006F000B5F8E840B4FA84F46409032118461EF002
:100700008FFB08B341462846FFF736FF4CB323481A
:10071000036813F0060F0ED06C4688B06A46204B73
:100720005361204B9361032342F8103F4FF4C451AF
:100730001EF0B1FBA546D5F8EC0005211DF03AF9F5
:100740000020BD46BDE8F081012118461EF068FB7F
:100750000028D7D10F2118461EF062FB0028D1D106
:10076000D4E7052128461EF0B8FB064690B10121CA
:100770000C301CF09BF9234680F80080224631465D
:1007800005F1EC00FBF760FD0028D9D03046F5F705
:1007900053F8D5E76FF06800D3E700BFBC36002000
:1007A000EEB1050074B505002DE9F8430B8A00AFE2
:1007B00005460E46B3B95948036859070ED06C4632
:1007C00088B06A46564B5361564B9361032342F8F7
:1007D000103F4FF4C2511EF05EFBA5460020BD46FF
:1007E000BDE8F883012106F10C001CF086F9A5F1A3
:1007F000EC04E83D8046042128461EF011FB98B128
:100800004648036813F0060FE8D06C4688B098F8A5
:1008100000306A46444D5561424DC2E9065342F8E4
:10082000101F4FF40251D6E798F800300E2B09D96B
:100830003A48026812F0060FD0D06C4688B06A467B
:100840003A4DE8E7DFF8E89059F83320C2B9334869
:10085000026812F0060F0ED06D4688B06A46354E1B
:100860005661304EC2E9066342F8101F4FF4025140
:100870001EF011FBAD4607212046FFF72DFFADE727
:10088000194620461EF099FBF0B92448036813F07E
:10089000060F11D06E4688B098F800306A46264997
:1008A00051612049C2E90613042342F8103F4FF476
:1008B00002511EF0F0FAB546032128461EF0B0FAA8
:1008C00000288BD00821D7E798F80030318A09EB4F
:1008D000C30212798A4216D010480268520710D01B
:1008E0006D468AB06A46154E56610E4E1362052358
:1008F000C2E9066142F8103F4FF421511EF0CBFAD5
:10090000AD460A21B8E7314659F8333020469847BA
:10091000014600283FF462AFAEE700BFBC360020BE
:100920004AB2050008B5050069B205009EB205008F
:10093000BC4E0500C4B20500E2B20500CBA805001C
:1009400038B50F4B186018B9BDE83840FEF742BF04
:100950000C480D4C12F060FA00250621201D1EF0F7
:100960005FFA38B12046FFF7B9FA014610B12046C8
:10097000FFF7B2FE0135042D04F5BC74EDD138BD8E
:100980003CC60020143A0020E06C00202DE9F0471E
:1009900082B090F8E930D1F80C80D0F8EC6023F008
:1009A000020380F8E93098F8003000AF0446002BCD
:1009B0003FD098F8063003F0C003C02B39D06E4CFE
:1009C0002368580730D04046F6F756FD6D468AB08A
:1009D0006A46DFF8A8A16A4BDFF8A881536140F2AC
:1009E0000139C2E906A0A2F820904FF4115142F853
:1009F000108F20461EF04FFA23685907AD4613D0DA
:100A000006F17000F6F738FD8AB06A465E4BD06199
:100A1000C2E9053AA2F820904FF4115142F8108F24
:100A200020461EF038FAAD460A200837BD46BDE81C
:100A3000F08706F1700907224146484622F0ABF9DB
:100A400068B1307A414600F087FB054638B101466F
:100A500020461EF0EEF950B328461EF001FC0D2191
:100A6000201D1EF0DDF9002874D0317A4A4602209C
:100A70001EF0E2FB0546E0B93F4C23685A0716D04A
:100A80004846F6F7F9FC6D468AB06A463F4B53611B
:100A90003A4BC2E9063040F201331384394B42F835
:100AA000103F4FF4115120461EF0F5F9AD460820D5
:100AB000BBE7F378002B47D106F17E0318780128B5
:100AC00028D19A7902F0C002402A23D1D3F801201C
:100AD000C5F83A20B3F80530EB8796F87030CBB103
:100AE00096F8763003F0C003C02B13D028493A465D
:100AF000C7E90098FAF70CFED8F80030C5F80130C5
:100B0000B8F80430A5F8053098F80630EB71304697
:100B1000FBF746F82846F9F7A3FAC0B11648036870
:100B200013F0060F0ED06C4688B06A46194B53611D
:100B3000194B9361032342F8103F4FF4C4511EF048
:100B4000AAF9A546032070E706F17703B6E7284621
:100B5000F9F796FA94F8E9305B0703D50A212046A5
:100B60001EF0A7F9B4F8E81009B100205DE72046AF
:100B7000FFF702FDF9E700BFBC360020BCB405005A
:100B800001B305000400000119B30500B9B0050068
:100B9000E7EF040025B30500A9B405002DE9F843EB
:100BA00000AF0E46D0F8EC800446FEF797FD0546F0
:100BB0001948F66803685B0710D0E94688B03378B7
:100BC0006A46164951611649C2E90613042342F8E0
:100BD000103F4FF401511EF05EF9CD4604F10409B7
:100BE0000A2148461EF0E9F940B175B9204631782E
:100BF000FFF7C2FC0020BD46BDE8F8830B21484644
:100C00001EF0DBF90028F0D1F0E72B69002BEDD0C6
:100C100040469847EAE700BFBC36002064B30500B1
:100C200087B405002DE9F8430546A0F1E80600AFBA
:100C3000044688463046012155F8EC991EF0BDF96E
:100C400028B3B8F1000F17D0032130461EF0E8F8A2
:100C5000E8B14046F7F750FF0138C0B208289ABF04
:100C6000374B1C5C0024022130461EF022F921463D
:100C70002846FFF781FC0AE099F80B303BB10321CD
:100C800030461EF0CDF828B928461EF0C1F9BD4601
:100C9000BDE8F883052130461EF0C2F8B8B114F85B
:100CA000043C1A0707D514F8033C1B0703D5112190
:100CB00030461EF0FEF814F8043C23F0080304F854
:100CC000043C14F8033C23F0080304F8033C14F834
:100CD000033CD80710D5062128461EF0EAF8304616
:100CE00002211EF0E6F82068D0F8A03063B134F895
:100CF000041C0029CBD1BBE7990701D50821EBE7FC
:100D00005A07ECD50A21E7E70E4C23685B07BED0F3
:100D10007030F6F7B1FB6D468AB06A460A4B5361F4
:100D20000A4BC2E9063040F201331384084B42F803
:100D3000103F4FF4115120461EF0ADF8AD46A6E726
:100D4000F2B30500BC3600208AB3050034B40500B8
:100D500004000001F8B50446A0F5A0750F4803682B
:100D60005B0700AF0ED06E4688B06A460C4B5361ED
:100D70000C4B9361032342F8103F4FF4C2511EF015
:100D80008AF8B54628460821FFF7F6FB0421A4F5AA
:100D90009E701EF08EF8BD46F8BD00BFBC36002028
:100DA000A3B3050028B405002DE9F04100AF0446C7
:100DB0001EF074F8054690B3061D032130461EF060
:100DC0002FF860B3D4F8A00008B11EF049FA04F17E
:100DD0007008207A414600F0C3F8C4F8A00008BBB0
:100DE000404C23685B0716D04046F6F745FB6E463D
:100DF0008AB06A463C4B53613C4BC2E9063040F234
:100E0000013313843A4B42F8103F4FF411512046FE
:100E10001EF041F8B54608212846FFF75DFCBD46A7
:100E2000BDE8F0810E2130461DF0FAFF28B1D4F85C
:100E3000A020537B43F0020353732A7AD4F8A01006
:100E4000032A4B7B3AD8002A3FD0D4F8A020537B0A
:100E500043F0010353732B7D697BD4F8A0208B42B0
:100E600028BF0B461373052130461DF0D9FFD4F877
:100E7000A0305A7B90B342F010025A730D213046D5
:100E80001DF0CEFF0028CAD0D4F8A00020211EF00B
:100E9000E3F9D4F8A03005F147021A33573552F878
:100EA000041B43F8041BAA42F9D1D4F8A020002364
:100EB00013615361D4F8A0201383B0E7053A012AE7
:100EC00003D843F020034B73BFE723F020034B7399
:100ED000D4F8A020537B23F00103BBE722F01002DB
:100EE0005A739CE7BC360020B9B0050022B5050056
:100EF0000400000198B5144B93F8C23003F00603C8
:100F0000062B124B0CBF0122002200AF1A7016D024
:100F10000F4803685B070ED06C4688B06A460D4BDD
:100F200053610D4B9361032342F8103F4FF4C251BC
:100F30001DF0B1FFA5466FF00100BD4698BD074802
:100F4000F9F73AFE0020F8E7B82300202DEB002047
:100F5000BC360020B3B305001CB40500B82C00203B
:100F60002DE9F8431B4FDFF8709080460D460026B0
:100F7000082417F8013C43450AD107222946384680
:100F800021F009FF20B9154800EB8610BDE8F88371
:100F9000082C07D107224946384621F0FCFE0028DC
:100FA00008BF34460136082E07F14007E1D1082C6E
:100FB0000ED00A4AA30102EB841002F80380013329
:100FC0002C68D4509918AB888B80AB798B71DDE796
:100FD0000020DBE741C600201B8D050040C6002035
:100FE0002DE9F3410E4C05460E46174604F50078F0
:100FF000E3897BB12378AB420CD1D4F80100B4F87B
:101000000520E379009039466846ADF804208DF854
:101010000630B04740344445EAD102B0BDE8F08123
:1010200040C600202DE9F041084C05460E46174603
:1010300004F50078E3892B4202D039462046B047B8
:1010400040344445F6D1BDE8F08100BF40C60020E1
:1010500008B5034900220220FFF7E4FF002008BD85
:1010600035F204002DE9F0410F4D06460F4690463B
:101070000024B5F80D3033420DD015F8013CBB42C9
:1010800009D107224146284621F085FE18B90748B4
:101090002044BDE8F0814034B4F5007F05F14005FF
:1010A000E7D10020F5E700BF41C6002040C6002080
:1010B0002DE9F0410B78012B07460D4602D00020A8
:1010C000BDE8F0818B7903F0C003402BF7D11F4EB0
:1010D000002401F1010836F82C3C9A070CD516F8CB
:1010E0003A3CBB4208D106223146404621F053FE2D
:1010F00010B917482044E3E74034B4F5007F06F107
:101100004006E8D1134E002405F1010836F81C3CD6
:101110009B0714D516F82A3CBB4210D141463046F5
:101120001BF063FF58B10A4BD5F8010004F13A02F5
:10113000D1189850B8F804208A80E018C0E74034ED
:10114000B4F5007F06F14006E0D1B8E77AC600208A
:1011500040C600206AC60020F8B50C4D06460F4672
:10116000002415F8013CB34208D10722394628462D
:1011700021F011FE10B906482044F8BD4034B4F502
:10118000007F05F14005ECD10020F6E741C60020C4
:1011900040C600202DE9F04190B0154600AF04464E
:1011A000A0B9774803685A072CD06D4688B06A46C4
:1011B000744B5361744B9361032342F8103F4FF417
:1011C000C2512346F0F758FEAD461BE0342207F12A
:1011D0000C011846A847061E1BDA694803685B071E
:1011E00010D06C4688B06A46684B5361664BC2E9C2
:1011F0000636042342F8103F00234FF40151F0F764
:101200003BFEA5466FF0150528464037BD46BDE8B4
:10121000F081391D20461BF019FF0546A8B158483A
:1012200003685D07EED06D468AB06A46584B53613D
:10123000554BC2E9063440F201331384554B42F852
:10124000103F00234FF41151BCE73946204619F0F6
:1012500072FC386800B30A22294616F0FFF8042809
:1012600003460CD9464802685107CBD06C4688B07B
:101270006A46494951614449C2E90613B9E7C0B217
:1012800056BB01463A1D3F20FFF7ECFE30B140222D
:10129000314621F074FDB7E72846F1E7384C236862
:1012A00013F0060FB0D0381DF6F7E6F8E8468AB01E
:1012B0006A463A4B5361344BC2E9063040F201337F
:1012C0001384344B42F8103F4FF4125133462046FA
:1012D000F0F7D2FDC54697E7391DFFF741FE0446FA
:1012E000F0B9274D2B685A0717D0381DF6F7C4F808
:1012F0006E468AB06A462A4B5361234BC2E90630D8
:1013000040F201331384234B42F8103F4FF4115144
:1013100023462846F0F7B0FDB5466FF00B0573E79E
:10132000342E1AD0164803685B0712D06D468AB077
:101330006A461C4B5361144BC2E9063634231362D0
:10134000052342F8103F00234FF42151F0F794FD9C
:10135000AD4620461DF084FF54E707F10C0200F172
:101360000C0307F13C06144603CCB44218605960E4
:10137000224603F10803F6D12068186044E700BF55
:101380009C360020308E05007DB60500CDB50500E9
:101390009EAA050004000001BEAA0500F0B50500E4
:1013A00017B605003AB60500B0B50146024600AFD3
:1013B00011F8010B34230C32F6F7E4FC0446A0B11B
:1013C0000B4803685B0710D06D4688B06A46094B2E
:1013D0005361094BC2E90634042342F8103F00234D
:1013E0004FF40151F0F748FDAD462046BD46B0BD73
:1013F0009C3600205CB6050086B605002DE9F04756
:101400009AB01D46DDE923972E4B16460CAA84465A
:101410008A4603F1300E904618685968144603C492
:10142000083373452246F7D118681B792060237171
:101430006146202204A81DF026FF23486B46202287
:1014400004A91DF0ADFF0446C0BB102251460DF1AA
:1014500035001DF018FF102231460DF145001DF03A
:1014600012FF2946062211F8013B8DF855300DF187
:1014700056001DF008FF2299062211F8013B8DF855
:101480005C300DF15D001DF0FEFE4B4635224146FD
:1014900068461DF085FF044680B948461DF0FDFEF4
:1014A00001238DF8303035223B46414668461DF019
:1014B00077FF044610B938461DF0EFFE20461AB0FB
:1014C000BDE8F0878E420500A4B6050070B598B05F
:1014D0000E4614460146202204A81D461DF0D3FEE8
:1014E000202231460CA81DF0CEFE1022294614A859
:1014F0001DF0C9FE1022214668461DF0C4FE6B4651
:10150000502204A918461DF04BFF40B9039B054A21
:101510001BBAB3FBF2F102FB11331C9A136018B033
:1015200070BD00BF40420F0013280ED8084A12F8C1
:10153000103053B102EB4002527832B10868434395
:10154000002093FBF2F30B6070476FF015007047BB
:10155000BEB6050098B50B78082B00AF16D017481B
:10156000036859070ED06C4688B06A46144B536125
:10157000144B9361032342F8103F4FF4C2511DF006
:1015800031FFA5466FF01500BD4698BD4B78042B82
:1015900008D00A4803685A07F4D06C4688B06A46F7
:1015A000094BE4E748880028EED0044803685B074D
:1015B000E8D06C4688B06A46044BD8E7A8370020CC
:1015C000E6B6050048B80500F7B605000DB70500FA
:1015D000F0B583B0054600AF55F8086CB5F8A81013
:1015E000706841F401411DF027FF98B13E4803683F
:1015F00013F0060F0ED06C4688B06A463B4B536121
:101600003B4B9361032342F8103F4FF4C4511DF04C
:10161000E9FEA546D5F8A030C5F8A430346904F138
:10162000600570683A1D01211DF0DFFE002803DA15
:10163000A067284611F0F0FBB7F90430002BF0DA70
:101640007068BA1D00211DF0D0FE20B1A06704F122
:10165000600011F0E1FBD4F8A820B7F90630911C26
:101660001B11C4F8A8101380E36F2068B3B3D4F83B
:101670009430B4F8A02033B104F17C0198470128DC
:101680000BD0022823D0B4F8A030B4F89C209A42A2
:101690001DD90133A4F8A03003E0D4F8AC30C4F86D
:1016A000A830D4F8903004F10805002B94D0BFF393
:1016B0005B8F55E8003F5A1E45E800210029F8D10C
:1016C000BFF35B8F012B87DC0C37BD46F0BDD4F830
:1016D00090301BB104F1100021F081F904F1600099
:1016E00011F09AFBF0E700BFA83700202AB70500E9
:1016F00071B805002DE9F04383B0066902AF0446D6
:101700000D4648364FF0FF334FF0FF32304611F0B0
:10171000A9FB2B6824694BB3B3F80C80D5F804906F
:101720004846EAF783FF19F0010F08FB00001FD1BC
:101730005A4803685B070FD06C4688B002AA584B22
:101740005361584BC2E90639042342F8103F4FF465
:1017500001511DF047FEA5466FF01504304611F00B
:101760005BFB20460437BD46BDE8F0839846D5E7CD
:101770002B7C0C2B0CD0494802685507ECD06C46EA
:1017800088B002AA484951614649C2E90613DBE71D
:101790006B7C83B1414803685C07DDD06C4688B040
:1017A00002AA424B53613F4B9361032342F8103F1F
:1017B0004FF4C251CDE795F812C0BCF1000F08D02C
:1017C000364803685907C7D06C4688B002AA384B20
:1017D000E8E7AB6843B9314803685A07BCD06C46A8
:1017E00088B002AA334BDDE7EA68B2EB400F08D2BB
:1017F0002A4803685B07AFD06C4688B002AA2E4B1C
:10180000D0E7C4F8A830A946B9E80F0004F17C0E6F
:10181000AEE80F00D9F80030CEF80030C4F878C038
:101820002B6804F10808A3B30FCB04F1900585E8F9
:101830000F00E567A4F8A0C058B3BFF35B8F58E86A
:10184000003F48E800C2002AF9D1BFF35B8F1B4973
:10185000D4F890501A4A4FF400408E466146E5FB9A
:1018600000E100237046E7F781F80022CDE900018E
:10187000002308F1080012F0DBFB4FF0FF324FF0BD
:10188000FF3304F1600011F0EDFA00B1A067A46F1E
:1018900064E74046FFF79CFEEFE700BFA837002053
:1018A00049B705005EB8050073B705009DB7050090
:1018B000BFB70500E0B70500F3B705003F420F00D2
:1018C00040420F00B0B54368056900AF0446186890
:1018D00020F094FBB8B91E4803685A070ED06C4636
:1018E00088B06A461B4B53611B4B9361032342F83C
:1018F000103F4FF4C2511DF075FDA5466FF0150461
:101900002046BD46B0BD6068B5F8B0101DF094FD2E
:101910000446A0B10E4803685B07F1D06D4688B05D
:101920006A460E4B53610C4BC2E90634042342F85D
:10193000103F4FF401511DF055FDAD46E0E72B6D12
:10194000002BDDD105F1480011F066FAD8E700BFA1
:10195000A83700200DB805003BB805001FB80500EA
:10196000084B70B5C31A0D4607499B1004465943EE
:10197000064840221DF09FFD2B4601462046BDE84B
:101980007040184754C80020B76DDBB660360500BC
:1019900073B50C4C0C4A4023041B00930D460B46B8
:1019A0000A49A4106143064609481DF0AFFD011E17
:1019B00005DA30462B4602B0BDE87040184702B049
:1019C00070BD00BF54C8002075F50400B76DDBB6CC
:1019D0006036050010B5EFF31184402383F31288BD
:1019E000BFF36F8F074A136823F00201DB07116012
:1019F00002D401201FF0C7FB84F31188BFF36F8F5F
:101A000010BD00BFA4C80020002270B5012104460B
:101A10001046F3F79FFB0F480EF0F0FC0E4B984278
:101A200015D11FF0B5FB26690C49304618F085FA30
:101A300000280BDB012535642469084904F11C00EA
:101A400018F07BFA002801DBE564002070BD6FF020
:101A50000400FBE7611B03000000AD0B484F0500CD
:101A60007FB500220123CDE9022304ABCDE9043385
:101A7000094ACDF800D06B46CDF804D01DF073FDB7
:101A8000002805DB4FF480420023684611F0EAF994
:101A900007B05DF804FB00BF93F5040030B4104BB1
:101AA0000C2202FB003301460020D3E90E5298635A
:101AB000EFF31180402484F31288BFF36F8F1C6C06
:101AC00004F0C00444F002041C6480F31188BFF3E6
:101AD0006F8F1DB12B46034830BC184730BC704790
:101AE00054C800206036050010B4EFF31182402383
:101AF00083F31288BFF36F8F1748016841F0020427
:101B00000460C80707D482F31188BFF36F8F0120E8
:101B100010BC0EF063BC4FF08041D1F80C04D1F83A
:101B20000C14C907EFD5EFF3118083F31288BFF3CC
:101B30006F8F0A490B6C03F0C00343F002030B6480
:101B400080F31188BFF36F8F82F31188BFF36F8F1B
:101B5000002010BCFFF7A2BFA4C8002054C800207A
:101B600010B1012804D07047034B1B6C5B0701D1F7
:101B7000FFF794BF704700BF54C80020024AC3B2A9
:101B80001C2003FB0020704754C800202DE9F041C1
:101B90003849BFF35B8F0746012251E8003F41E817
:101BA00000200028F9D1BFF35B8F33B932493348A5
:101BB0004B60CB608A6018F0D3F97B1E012B2BD8C9
:101BC000012F07D14FF08043D3F81C3403F00303F7
:101BD000012B21D020F004FD0546F8B9284B1B78D5
:101BE000E3B14FF080430222C3F808230646DFF832
:101BF00094804FF08044D4F81824D4F81834D203D9
:101C000015D503F00303012B01D0012F0FD155B3DC
:101C100086F31188BFF36F8FBDE8F081EFF3118673
:101C2000402383F31288BFF36F8F0125DFE7ADB147
:101C300030461AF0ABFED4F81835002BDBD1D4F8BF
:101C40000421002AD7D0C4F80431D4F80431012388
:101C5000C4F81835C8F88031A360CCE700212120F2
:101C600011F0FEFEE7E74FF080430222C3F80423A1
:101C7000D2E700BF50C8002040C8002070C8002034
:101C8000D8F0002000E100E010B5044C2046EFF74A
:101C900035F82046F3F7BEFC002010BDA11C030060
:101CA00073B5104E8DF807000446032501220DF18F
:101CB0000701002010F042FC20B1012333702046C0
:101CC00002B070BD3378002BF9D0013D08D020F070
:101CD00087FC0028EAD10021422011F0C1FEE5E78F
:101CE0003570ECE730EB0020EFF31182402383F3F3
:101CF0001288BFF36F8F0A4BD3F8001161B1002136
:101D0000D3F80805C3F80011D3F80031C0B282F34C
:101D10001188BFF36F8F70476FF00A00F7E700BFBD
:101D200000D00040F0B5034610469C7893F803C0FD
:101D3000EFF31182402585F31288BFF36F8F1F7870
:101D400093F801E0E41B04EA0C04A04288BFA0B2AF
:101D50003E180CEA06063D461E7082F31188BFF35A
:101D60006F8F0A188A4216D177450CD1EFF3118292
:101D7000402181F31288BFF36F8F1978597082F375
:101D80001188BFF36F8F1B79241AA34222BF064B21
:101D900001221A60F0BD5E190135767901F8016BF8
:101DA00005EA0C05DEE700BF00D00040DB432DE96B
:101DB000F04713F001050E46144604D02248FFF701
:101DC000B1FFBDE8F0879AB3EFF31188402383F3A6
:101DD0001288BFF36F8F0D20F3F7AEF907460D2081
:101DE000F3F796F988F31188BFF36F8FDFF85CA0E3
:101DF000DFF85C80CAF80051DAF800314FF400597E
:101E00000123CAF800302546C8F88091DAF800317D
:101E100083B1FFF769FF031EC8F88091F6DB013D2F
:101E2000ADB27355002DF1D117B10D20F3F762F962
:101E30002046C6E7EFF31180402383F31288BFF3F7
:101E40006F8F1AF0A3FDE1E7D8C8002000D0004052
:101E500000E100E02DE9F041124F0D46144607F174
:101E6000450814B92046BDE8F0814FF0FF334FF02C
:101E7000FF32384610F0F6FF224629464046FFF76B
:101E800051FF0646384610F0C7FF3EB94FF0FF320B
:101E90004FF0FF33044810F0E5FFE6E7A41BA4B2BF
:101EA0003544DEE7A8C80020C0C8002038B5194C6A
:101EB00001221146204620F056FA0122002104F1A9
:101EC000180020F050FA40F20743A4F848304FF0D1
:101ED000706323630C2384F8343000250E4B84F8A0
:101EE0004550A4F84650D3F8042522F00102C3F867
:101EF00004250121C3F80051D3F80021C3F80413CD
:101F00002A4619600D20F3F725F90D20F3F7F2F8B2
:101F1000284638BDA8C8002000D0004010B5FFF703
:101F2000E3FE002820DB174B93F8322093F8314072
:101F300093F83310141B31EA0404C0B20DD193F8A6
:101F4000472093F8464093F84810141B31EA0404E4
:101F50000BD10D4B01225A600EE09C18013211404A
:101F600084F8350083F8321010BD9C1801321140FE
:101F700084F84A0083F847100448BDE8104010F088
:101F80004BBF00BFA8C8002000D00040C0C8002040
:101F900000487047F04F0500F0B50C1E8DB00546A7
:101FA00000AF4ADB4668306AE118884245D3201406
:101FB0000121C7E90A23787107F10803381D64BAC3
:101FC000C7E90431FC80B86007F120030420002435
:101FD000C7E90840F860BB61286939710223FB61D9
:101FE0001DF029FB314651F8040B07F1180307F1E6
:101FF00010021DF00FFB044628691DF01AFBC4B146
:102000000F4803685B0712D06D468AB06A460D4BD5
:1020100053610D4BC2E906344FF48E7313620523EE
:1020200042F8103F4FF421511DF000FBAD466FF018
:10203000040420463437BD46F0BD6FF01204F8E7C3
:102040009C370020F7B80500E1B9050090B587B0CE
:1020500000AFFB1DF971BB601446012307F10802B4
:1020600007F11001C7E90423FB601DF0EAFA0346FB
:10207000C8B10F480268520712D06C468AB06A464F
:102080000C4951610C49C2E9061340F22223136244
:10209000052342F8103F4FF421511DF0C7FAA54621
:1020A0001C37BD4690BD20461FF0A3FFF8E700BFD8
:1020B0009C370020F7B8050051BA050090B58DB0E7
:1020C00000AFD723FB71FB1DBB60B962012307F191
:1020D0000801C7E9041300220146C7E90823FB6091
:1020E000022207F12003C7E9063251F8040BFA6215
:1020F00007F1180307F110021DF08CFAC0B10E4B66
:102100001A68520712D06C468AB06A460B49516170
:102110000B49C2E90610B6211162052142F8101FD1
:1021200018464FF421511DF081FAA5466FF00400C6
:102130003437BD4690BD00BF9C370020F7B805007E
:1021400014BA050090B587B000AF13147B713B1D26
:10215000BB600423FB6007F10803397152BA3B618D
:102160000446012340687B6107F11001FA801DF0ED
:1021700068FA0346D8B111480268520712D06C467B
:102180008AB06A460E4951610E49C2E906134FF4FE
:10219000D6731362052342F8103F4FF421511DF00E
:1021A00045FAA5466FF004001C37BD4690BD204699
:1021B0001DF06FFA0028F7D0F4E700BF9C3700202D
:1021C000F7B8050003BA05002DE9F0470D1E86B0EB
:1021D000064600AF9046C0F2BC80D0F80490AB1821
:1021E000D9F820209A42C0F0B480B9F82E3095FB7F
:1021F000F3F203FB1252002A40F0AE80B8FBF3F278
:1022000003FB1283002B40F0A78000691DF013FA36
:1022100099F83030002B5AD1D9F82030434556D1A7
:102220004F4B7B603B1DBB600423FB6007F1080341
:102230003B617068012307F110017B611DF001FA19
:10224000034600B347480268520712D06C468AB072
:102250006A46454951614549C2E9061340F2871370
:102260001362052342F8103F4FF421511DF0DEF9AF
:10227000A5466FF0040430691DF0DBF920461837DD
:10228000BD46BDE8F08730461DF003FA044600283D
:10229000F1D0EEE7D9E909A32BB1AB421CD85545E3
:1022A00001D2AAEB030A99F83130BBB9D04515D356
:1022B0000AF1FF332B4211D12A467C213046FFF729
:1022C00041FF55440446A8EB0A08002CD3D1B8F1CD
:1022D000000FDFD14446CEE79A46E4E7B9F82C3048
:1022E000434502D8013B2B421BD0B9F82E30434561
:1022F00023D91C4803685B0710D06C468AB06A4635
:102300001B4B53611B4B1562C2E90638052342F88B
:10231000103F4FF421511DF089F9A5466FF01504C7
:10232000A9E72A4650213046FFF70CFFB9F82C30B8
:1023300004461D44A8EB0308C7E7013B2B42D8D154
:102340002A4681213046FFF7FDFEB9F82E300446BB
:10235000EFE76FF0120491E76FF015048EE700BF0E
:10236000C794809A9C370020F7B8050029BA050069
:1023700023B905003CBA05002DE9F04FB1F1000A80
:1023800089B0054600AF16461C465FDBD0F80480D6
:10239000D8F820105344994258D300691DF04BF9E6
:1023A0004FF05809002C3FD0B8F82E10686887F815
:1023B00004904B4203EA0A030B44A3EB0A034FEADF
:1023C0002A41A34279719AFA9AF128BF2346F980EB
:1023D00007F110019B46B9603B1D02213B61F9608A
:1023E000042307F10801C7E90536C7F81CB01DF042
:1023F00028F9014600B3174803685B0712D06C4602
:102400008AB06A46144B5361144BC2E906314FF44B
:102410009F731362052342F8103F4FF421511DF0C2
:1024200005F9A5466FF0040428691DF002F920465D
:102430002437BD46BDE8F08F28461DF02AF9002854
:10244000F0D15E44DA44A4EB0B04ABE76FF0120466
:10245000EDE700BF9C370020F7B80500F5B905008F
:102460002DE9F04F8FB0456800AF044628681FF093
:10247000C5FDF8B96C480368590714D02B686C4641
:102480008AB01B686A46694951616949C2E9061305
:1024900040F201331384674B42F8103F4FF411515F
:1024A0001DF0C4F8A5466FF0120528463C37BD461E
:1024B000BDE8F08FE86818B11FF0A0FD0028D9D062
:1024C00020691DF0B8F8AA8E6068AB21FFF7BEFD49
:1024D000656805F137037B609F23FB7207F10B03EF
:1024E00001263B6107F110090023C7E90A36C7E955
:1024F000069607F10C0A4FF0030B07F12808022398
:1025000029467E61C7F830A0C7F834B0C7F82080EC
:102510007B6251F8040B07F1200307F118021DF04C
:1025200079F80346C0B140480268520711D06D46A1
:102530008AB06A46404951614049C2E9061387237F
:102540001362052342F8103F4FF421511DF06EF83D
:10255000AD466FF004050CE05A46514605F13700D0
:1025600020F019FC70B3304803685E0705D16FF0A6
:10257000120520691DF05DF897E795F8376095F82A
:10258000381095F8393097F80C8097F80DE097F8E7
:102590000EC06D468EB06A46DFF8A490C2F8149063
:1025A000DFF8989013630923C2E90A61C2E906982B
:1025B000C2E908EC44F6400142F8103F1DF036F83D
:1025C000AD46D4E71F4BBB6107F11803D4F804A054
:1025D0003B6204237B6207F12003C7E90A364946C0
:1025E0005046FFF76BFD05460028C2D13B8AD9074C
:1025F000BFD4414650461DF024F8034668B10A484E
:1026000002685207A5D06D468AB06A460A495161F0
:102610000D49C2E90613E72392E720461DF039F879
:102620000028A6D095E700BF9C37002054B90500CC
:10263000CDB9050004000001F7B80500BEB90500DA
:102640006DB905003D2A80A6AAB90500024B0B60B2
:1026500001231360704700BFFCC80020004870478A
:102660000C500500B0B503460D480268520700AF94
:1026700011D06C468AB06A460A4D55610A4D116206
:10268000C2E90653052342F8103F00234FF42151BD
:10269000EFF7F2FBA5466FF01500BD46B0BD00BFD9
:1026A000283700207BBA0500E1BA050010B50122E9
:1026B00011460748074C1FF056FE0DF0E9FE1EF0CC
:1026C0001AFF20601EF013FF6060002010BD00BFE5
:1026D00004C90020FCC800204FF08042D2F8101539
:1026E000D2F8103501F01E0123F01F030B4343F015
:1026F0000103C2F81035024B00221A70704700BF68
:1027000031EB00204FF08053D3F83031082B20D12B
:102710004FF08042D2F81015CB071AD5D2F81035F9
:1027200001F01E0123F01F030B43C2F81035D2F84D
:1027300008315BB1D2F8103523F01F030B4343F08F
:102740000103C2F810356FF08B007047024B012275
:102750001A700020704700BF31EB0020F8B5044626
:102760001EF0C5FE237B05460BB11EF020FD134F66
:102770000026FFF7C7FFE8B960680EF0FFFDA36809
:102780005B1BA36063682B4463603B780BB1FFF76E
:10279000A3FF237B01363BB9A368002BE9D1A068D6
:1027A000003818BF0120F8BD30460DF023FF002887
:1027B000F2D0F4E76FF08B00F5E700BF31EB0020BB
:1027C00070B5037B04460BB11EF0F1FC194E0125D8
:1027D000A368032B06D8184AD2F80034DB07FBD5D0
:1027E000002070BDFFF78EFF08BB23686068196882
:1027F0000EF0E4FD33780BB1FFF76EFF636804332E
:102800006360236804332360A368043BA360237BD5
:102810000135002BDCD028460DF0ECFE0028D7D087
:10282000054AD2F80034D907FBD50120D9E76FF06B
:102830008B00D6E731EB002000E001402DE9F041AC
:1028400086B000AF0E4615461EF051FE2946804662
:1028500030461CF02CFF034600283ED0B6FBF8F3B0
:1028600008FB136323B9B5FBF8F408FB1454E4B177
:102870002E480368590711D06C468AB06A462C4B23
:1028800053612C4B1562C2E90636052342F8103F0E
:1028900000234FF42151EFF7EFFAA5466FF015042E
:1028A00020461837BD46BDE8F0814545F8D34FF0C6
:1028B000FF334FF0FF32204810F0D4FA1EF06BFCCB
:1028C00007F108030146C8B91022184620F057FA4C
:1028D000C7E90365FFF742FF22E014480268520788
:1028E000DCD06C468AB06A461449516111491562C0
:1028F000C2E90616052142F8101FCAE71022214638
:10290000184620F03CFA01223A750D4AC7E90365E2
:10291000C7E900200B480DF0C3FD38460DF0C6FD99
:102920000446054810F078FABAE700BF28370020BF
:102930009CBA050000BB050004C900207BBA050055
:102940005D270300645E0100F0B50D4687B01946AF
:1029500000AF28461C4616461CF0A9FE0346D0B917
:102960002B480268510710D06E468AB06A46294942
:10297000516129491462C2E90615052142F8101F68
:102980004FF42151EFF778FAB5466FF01504204661
:102990001C37BD46F0BD45EA04039A0711D01C4818
:1029A00003685B07F1D06E468AB06A461B4B5361E1
:1029B000194B1462C2E90635052342F8103F002383
:1029C000DEE7002CE3D04FF0FF334FF0FF32144826
:1029D00010F048FA1EF0DFFB0346C7E9026507F175
:1029E00008003C6183B101233B750E4BC7E9003001
:1029F00041F64C500DF054FD38460DF057FD04469D
:102A0000074810F009FAC2E73B75FFF7D9FEF6E771
:102A1000283700207BBA0500F0BA0500BFBA0500D0
:102A200004C90020C1270300F0B54068057B01F010
:102A30001F0444EA4514056987B0002D64D0B2F53F
:102A4000001F00F1100506D1214628461EF044FD66
:102A5000002007B0F0BD01AE0027B2F5800F01974E
:102A6000776039D1B3F1007F14BF052304238DF8BB
:102A700004300023CDE904630393836823FA01F152
:102A800011F001011AD1B2F1A07F17D104F01F0398
:102A9000620903F5E0732AD0012A3BD11F4A52F89C
:102AA0002330DB070AD40DF10306324621462846BF
:102AB0000EF0BEFA1A4B98421CD0029603AA214689
:102AC00028460EF077F9174B984220D10122214673
:102AD00028460EF011FBBBE7B3F1C06F05D0B3F190
:102AE000007F14BF01230223C1E70323BFE74FF098
:102AF000A042D4E7314628460EF0F8FA094B984236
:102B0000DBD06FF00B00A4E76FF08500A1E76FF05A
:102B100015009EE751F82330FFDE00BF0003005090
:102B20000400AD0B0000AD0B38B545682B69B3B19F
:102B3000103528460EF0CAFA044680B901462846E8
:102B40000EF090FA084B98420BD1084922462846CD
:102B50000EF068FA224605210620F2F7FBFA002063
:102B600038BD6FF00400FBE70000AD0B712B0300D4
:102B7000420970B5034602D0012A17D070BD0D4E30
:102B8000326951680029F9D003F01F0301250C6850
:102B90009D400029F2D08A682A4002D04B68304616
:102BA00098472CB1236821461C46F2E7024EE7E71E
:102BB0002346F8E790360500783605002DE9F04306
:102BC000466840F20635D006337B87B002EA050539
:102BD00054BFC2F34010032001F01F07B5F5837FF7
:102BE000144647EA43178DF8030045D00FD8062D49
:102BF00018D007D8B5B1022D40D06FF0150007B03E
:102C0000BDE8F083B5F5807FF7D101250AE040F2F9
:102C10000222954234D0B5F5407F33D0B5F5007F20
:102C2000EBD102250123220303FA01F12CD57368AD
:102C3000C3F80815326982BB07F01F037F0929D04A
:102C4000012F77D13E4A02EB830284F48033D2F81D
:102C50000017C3F30043C4F3404444EA430421F49F
:102C6000E16144EA800421F0070144EA05230B43B3
:102C7000C2F800370020C2E70725D3E70425D1E7D3
:102C80000525CFE70325CDE7630344BF7368C3F889
:102C90000C15CFE74FF0A042D5E710360DF1020238
:102CA000394630460EF0C4F914F4403F80460CD14A
:102CB000394630461EF00EFC224B9845DAD19DF87D
:102CC000021030460EF00CFAD4E701AB4FF00009C9
:102CD00003AA39463046CDE90439CDE90199CDF84A
:102CE0000C900EF067F8174B984286D114F400331D
:102CF00015D09DF803308DF80E3084F48034C4F381
:102D000000444B4603AA394630468DF80C508DF8E6
:102D10000D400EF009F90B4B9842CDD06DE7CDE98F
:102D2000043303AA0DF103033946304603930EF032
:102D300041F8F0E703F5E07352F82330FFDE00BFFF
:102D4000000300500000AD0BB0B582B004464068EF
:102D50002269036A00AF9B685232B91D043098475C
:102D60000546B8B10D4803685B0713D023686C466D
:102D70008AB06A460A4951610A49C2E9061340F21B
:102D800001331384084B42F8103F4FF411511CF0EB
:102D9000BAFDA54628460837BD46B0BD78370020A5
:102DA00050BB0500A2BF0500040000012DE9F04161
:102DB00082B000AF044600234068C7F802304FF6E7
:102DC000FF733B80036AD4F810805B683946043097
:102DD00098470546E0B1124803685B0713D02368A3
:102DE0006C468AB06A460F4951610F49C2E9061321
:102DF00040F2013313840D4B42F8103F4FF4115150
:102E00001CF081FDA54628460837BD46BDE8F08187
:102E1000D7E90001C8F84C00A8F85010F3E700BF4C
:102E2000783700206EBB0500C0BF0500040000011C
:102E3000F0B589B000AF0D46F971F91D0346B960D0
:102E40000121C7E905210024072200689B88F96059
:102E50003C743A773A7F816842F002023A778C6894
:102E6000022207F10801A0470446A0B10C480368FC
:102E70005B0710D06E468AB06A460A4B53610A4B14
:102E80001462C2E90635052342F8103F4FF4215180
:102E90001CF039FDB54620462437BD46F0BD00BFC5
:102EA000783700208FBB0500F3BE0500F0B583B076
:102EB00000AF0E4615464C21BA1D0446FFF7B8FF79
:102EC00058BB4D21FA1D2046FFF7B2FF014620BB3B
:102ED000FA79BB7943EA02233380BA1D2046FFF713
:102EE000A7FFD0B9FA1D01212046FFF7A1FFC8B105
:102EF0000F4B1A68520710D06C4688B06A460D49CD
:102F000051610D49C2E90610042142F8101F18460C
:102F10004FF401511CF0F7FCA5466FF004000C378C
:102F2000BD46F0BDFA79BB7943EA02232B80F6E770
:102F300078370020C1BB050087BE05002DE9F04FA2
:102F400083B0D0F8049005691E46D9F8183000AF58
:102F500004468A469046002B60D0B2F5800F5DD0C3
:102F60001FF03EFB00285CD105F10C0B4FF0FF3247
:102F70004FF0FF3358461CF02BFDD5E91301012219
:102F800002FA0AF20346B8F5001F92B20CBF1343CF
:102F9000934338609BB2B6F1C06FB9803B807988AB
:102FA00017D111437980D9F8203039465B6809F18F
:102FB000040098470646C0B9D7E90001E864A5F8BF
:102FC000501058461CF099FC30460C37BD46BDE801
:102FD000F08FD34398B20B407B80BB88B6F1007F63
:102FE0000CBF13430340BB80DDE70F4803685B075A
:102FF000E7D023686C468AB06A460C4951610C4997
:10300000C2E9061340F2013313840A4B42F8103F21
:103010004FF411511CF077FCA546D2E76FF08506FE
:10302000D2E76FF00A06CFE7783700206EBB0500C5
:1030300035BF0500040000012DE9F84F00AFD0F8BE
:1030400004A0D0F8109006460D4614469B461FF08B
:10305000C7FA002842D109F10C084FF0FF324FF0B7
:10306000FF3340461CF0B4FCB9F84610DAF82030C3
:1030700021EA0501254041EA050484EA0B04DB68E6
:1030800021460AF1040098470546F0B140461CF07D
:1030900034FC144803685B0714D06C468AB033686C
:1030A0006A461149516111491562C2E9061340F29D
:1030B000013393840E4B42F8103F4FF431511CF012
:1030C00022FCA5466FF0040504E0A9F846404046FE
:1030D0001CF013FC2846BD46BDE8F88F6FF00A05CA
:1030E000F8E700BF78370020E3BB05001EBF0500EE
:1030F000050000012DE9F04F83B09507D0F810903E
:10310000D0F8048000AF06468B4614466FD402F414
:103110004033B3F5403F6AD0002B68D01FF060FA0F
:10312000002867D109F10C054FF0FF3328464FF016
:10313000FF3209F144091CF04BFC99E80300C7E990
:103140000001012101FA0BF114F0300FFB88BA469F
:1031500089B229D0BA88E0064CBF0A438A43BA80B4
:103160000B439BB2A203FB803B8825D5CA43600377
:1031700092B21CD579881140798013403B80D8F8F1
:10318000203051461B6808F1040098470446A8B94E
:103190009AE8030089E8030028461CF0AEFB2046AD
:1031A0000C37BD46BDE8F08F23EA0103D9E72003C1
:1031B000E3D578880143DFE70B43DFE70F48036877
:1031C0005B07E9D033686E468AB06A460C495161A4
:1031D0000C49C2E9061340F2013313840A4B42F84A
:1031E000103F4FF411511CF08EFBB546D4E76FF041
:1031F0008504D4E76FF00A04D1E700BF78370020D8
:103200000BBC050006BF0500040000012DE9F04FCE
:1032100085B0D0F81090456809F10C0600AF4FF06A
:10322000FF324FF0FF33804630460C461CF0D0FB97
:103230002B6A281D9B6807F10E0207F10C019847C5
:103240000546E0B12D4803685B0714D06C468AB090
:10325000D8F800306A462A4951612A49C2E9061362
:1032600040F201331384284B42F8103F4FF41151C0
:103270001CF049FBA54630461CF03FFB2BE0B7F89D
:103280000EA00CB1C4F800A0B9F85240B9F84C3007
:10329000A9F852A08AEA040424EA0304BB891C4367
:1032A000A4B2BC81002CE6D0B9F84E30B9F850B0C9
:1032B0007B6030461CF021FBD9F8041059B17B68C3
:1032C0000E682BEA030B04EA0A0A8BEA0A0B234076
:1032D0004BEA030B21B928461437BD46BDE8F08FF1
:1032E0008A681BEA020202D04B68404698471EB12A
:1032F000336831461E46EDE73346FAE7783700205B
:1033000050BB050057BF050004000001F0B585B0B3
:1033100000AF03467A70022200689B8839700D4620
:103320007F60BA603A733A7B816842F002023A7376
:103330008C680122391DA0470446A0B10C480368DF
:103340005B0710D06E468AB06A460A4B53610A4B3F
:103350001462C2E90635052342F8103F4FF42151AB
:103360001CF0D1FAB54620461437BD46F0BD00BF6B
:10337000783700202EBC0500B5BE05002DE9F041D0
:10338000164C00AF0646002594F80080627841464E
:103390003046FFF7BBFFD0B1114B1A68520711D06E
:1033A0006C468AB06A460F4951610F491062C2E902
:1033B0000618052142F8101F18464FF421511CF041
:1033C000A2FAA5466FF00400BD46BDE8F0810135C4
:1033D000072D04F10204D7D1F6E700BFE5BE0500D2
:1033E000783700205FBC0500C9BE0500B0B5CAB281
:1033F00000AF0C4602210546FFF788FF0346B8B12F
:103400001848026851070FD06C4688B06A461649C2
:1034100051611649C2E90613042342F8103F4FF4E4
:1034200001511CF070FAA5466FF00400BD46B0BD16
:10343000220A03212846FFF769FF0028F6D0094B2E
:103440001A685207F0D06C4688B06A460649516146
:103450000649C2E90610042142F8101F18464FF42D
:103460000151DEE778370020E7BB05009DBE05006F
:10347000F8B50D88EA4300AF96B24421D2B20446B3
:10348000FFF744FF0346B8B12448026854070FD041
:103490006C4688B06A46224951612249C2E9061346
:1034A000042342F8103F4FF401511CF02CFAA546BA
:1034B0006FF00400BD46F8BD320A45212046FFF7F3
:1034C00025FF03460028DFD1EAB24A212046FFF754
:1034D0001DFF034640B1114802685107E8D06C4611
:1034E00088B06A461049D7E72A0A4B212046FFF7E1
:1034F0000DFF0028DED0094B1A685207D8D06C4661
:1035000088B06A46084951610649C2E9061004219B
:1035100042F8101F18464FF40151C6E778370020D3
:1035200085BC05006EBE0500ADBC05002DE9F0436D
:1035300083B04668D0F810800546306900AF4FF67A
:10354000FF7C0023C7E900C3002875D006F11004F2
:103550001EF054FDF0B94C4803685E0713D06C466A
:103560008AB02B686A46494951614949C2E9061344
:1035700040F201331384474B42F8103F4FF411518E
:103580001CF0C1F9A5466FF0120420460C37BD4669
:10359000BDE8F0834FF4D01120461CF066F90346D5
:1035A000D8B139480268540714D06C468AB02968EB
:1035B0006A46394D55611362354D40F201339384AB
:1035C000364BC2E9065142F8103F4FF431511CF01E
:1035D0009AF9A5466FF00404D7E701201EF009FD13
:1035E000337D30690121994003691B681942836862
:1035F0000CBF1B69DB689847034648B12248026844
:103600005107E7D06C468AB029686A46244DD1E755
:1036100001201EF0EEFC336A39461B68301D9847C6
:10362000044648B3184803685B07AED02B686D4664
:103630008AB06A461B490FE0336A301D1B69984700
:1036400004460028E7D0104803685A079DD02B682D
:103650006D468AB06A46144951610D49C2E90613A4
:1036600040F2013313840B4B42F8103F4FF41151D9
:103670001CF049F9AD4688E7D7E9000108F1440894
:1036800088E8030081E700BF78370020D8BC050038
:10369000E1BF050004000001FFBC050005000001BA
:1036A0002ABD05000BBC050056BD05002DE9F843F9
:1036B00044680669237B082B00AF054620D0102BF9
:1036C0001ED083480268520714D06C468AB029681D
:1036D0006A46804D556113627F4D40F201339384F9
:1036E0007E4BC2E9065142F8103F4FF431511CF0B5
:1036F0000AF9A5466FF015042046BD46BDE8F883DB
:1037000060681EF07BFCE0B9714803685B0715D068
:10371000636829681B686C468AB06A46704D5561BB
:1037200013626D4D6F4B53626F4BC2E9065142F805
:10373000103F4FF441511CF0E6F8A5466FF012041B
:10374000DAE7A069002800F0818004F118081EF073
:1037500055FCA8B95E4803685E07EFD06C468AB096
:103760002B686A46614951615B49C2E9061340F220
:10377000013313845E4B42F8103F4FF41151DAE7E6
:103780004FF4803140461CF070F80346D8B15048E1
:103790000268540714D06C468AB029686A46554DB1
:1037A000556113624C4D40F2013393844B4BC2E997
:1037B000065142F8103F4FF431511CF0A4F8A546D1
:1037C0006FF0040498E7A069217F82680369D2F84A
:1037D0001890B9F1000F19D01B684FF0010808FAD2
:1037E00001F21A4214BF4FF000734FF080634FF0A4
:1037F000A072C847034660B1354802685107DFD060
:103800006C468AB029686A463B4DC9E76FF057039A
:10381000F2E7237F394A08FA03F3C6E90F23A069C8
:103820008368DB6906F138016BB14246984703466D
:1038300060B1274802685207C2D06C468AB0296836
:103840006A462F4DACE76FF05703F2E794F8243047
:10385000CBB12846FFF76AFE044600287FF44CAF40
:103860002846FFF7A3FA044600287FF445AF284610
:10387000FFF76AFA044600287FF43EAF06F10C0019
:103880001CF03BF838E768682969036A44315B69D2
:103890000430984704460028E2D00D4803685B07CF
:1038A0003FF42AAF2B686D468AB06A4615495161CC
:1038B0001549C2E9061340F2013313840C4B42F858
:1038C000103F4FF411511CF01EF8AD4614E700BF35
:1038D000783700207ABD050093BF05000500000180
:1038E000ADBD05000103020405000002C5BD0500D1
:1038F00004000001F0BD050019BE0500FFF804003A
:1039000047BE05000BBC05006FBF050002780B69C0
:10391000012A08D0022A08D04AB9064A1A6303F1DC
:1039200018000FF079BA044AF8E7044AF6E7044AA7
:10393000F4E700BF0000AD0B0100AE0B0200AE0BC0
:103940000100AD0B2DE9F04F89B002AF0546BB6019
:1039500043683A61D3F828B09B8BD0F810807B6124
:103960000C464FF0FF324FF0FF3340460FF07AFA2B
:1039700008F11803FB600023002208F1180000265C
:103980000FF070FA33463A69964201D3002370E093
:10399000207A010700F19A803A692168013696423F
:1039A0000BD2820709D4227D80EA020C0CF0010CB4
:1039B00002F004025CEA020C08D023B901F0604274
:1039C000B2F1005F3BD04FF0000901E04FF0010978
:1039D0006268D7F814E003EB020CF44520D93D48A7
:1039E00001684C0719D06C468CB02D6802A93A4E7C
:1039F0004E613A4E0A62C1E906637B690A46C1E933
:103A0000093540F204638B85354B42F8103F0023A3
:103A10004FF47151EEF730FAA5466FF01B0328E022
:103A2000C00705D40BEB03007B601FF080F97B68B7
:103A300062681A4493B2B9F1000F30D11BBBD4F8BD
:103A400000A0A3884FF00009BA68217A00922846A6
:103A5000524600F0A7F8031E0BDB4FF48042F868D3
:103A600000230FF0FFF988B1284600F03DF86FF011
:103A700004037B6140460FF0CFF97B691C37184681
:103A8000BD46BDE8F08F9946DA46DDE7D8F830301C
:103A9000144A9342EBD1237ADB0702D400230C347F
:103AA00071E7D345FAD123460AE0A9EB0201D868B1
:103AB0007B601FFA81F91AFA81F11FF038F97B68EF
:103AC0005A689145A3F10C03EFD2E7E76FF0850345
:103AD000CFE700BF3837002039C0050008C1050016
:103AE000070000010000AD0B73B5446823680DF1B9
:103AF0000701D3F80855D3F80C6516F0B6FE9DF80B
:103B0000073013B920460EF019F9314628460EF059
:103B1000C3FB9DF80710054629B9606A1BF0DAFF60
:103B200020460EF0FBF8044B9D4214BF6FF00F00CF
:103B3000002002B070BD00BF0000AD0B98B511F0C1
:103B40000103426800AF18D1C1F34201012917D027
:103B500002291DD01048026852070ED06C4688B06A
:103B60006A460E4951610E499161032142F8101FC6
:103B70004FF4C251EEF780F9A5466FF0150005E04D
:103B800013684FF0CC72C3F824250020BD4698BDC1
:103B900013684FF0C862F6E7383700203AC10500D5
:103BA000F4C105002DE9F04186B000AFD0F80480E3
:103BB0000C46164600211222B81D1D461FF0DFF8E4
:103BC00004F001033B713B8E7B71B8F82C30BD6073
:103BD000AB423E611BD219480268520711D06C46B5
:103BE0008AB06A4616495161164913620523C2E933
:103BF000061542F8103F00234FF42151EEF73CF92F
:103C0000A5466FF01B001837BD46BDE8F08184F073
:103C10000202C2F340025201391D40460EF0C2F8C2
:103C2000094B984207D00B33984214BF6FF0040041
:103C30006FF00F00E7E70020E5E700BF383700200E
:103C400050C10500D9C105000000AD0BB0B54568F5
:103C500000AF2B6A04469847686A01211BF03AFFBF
:103C60002346AA6905F1080128460EF01DF8124BFB
:103C700098421CD0114803685B0714D023686C4637
:103C80008AB06A460E4951610E49C2E9061340F2F4
:103C9000013313840C4B42F8103F00234FF41151B1
:103CA000EEF7EAF8A5466FF00400BD46B0BD07493F
:103CB000204616F0EFFDF8E70000AD0B3837002086
:103CC0009BC10500BFC1050004000001F3FA040018
:103CD0002DE9F0474668336800AF05461BBB4848EE
:103CE0000268510716D06C468AB029686A46DFF828
:103CF00014C1C2F814C0DFF810C1C2E906C140F215
:103D000001311184414942F8101F4FF41151EEF76F
:103D1000B3F8A5466FF012043368002B36D1204665
:103D2000BD46BDE8F0870024F6E73548036859072B
:103D3000F5D06D4688B06A46354B5361324BC2E9C7
:103D40000634042342F8103F00234FF40151EEF7EC
:103D500093F8AD46E3E72A480268520713D06C4651
:103D60008AB029686A462B4D5561274DC2E9065134
:103D700040F201311184254942F8101F4FF41151CE
:103D8000EEF77AF8A5466FF01204C8E7002CFAD1D6
:103D9000A0464FF00109746854F8380004EBC80AD3
:103DA0001EF02CF903460028D5D054F838009AF8B4
:103DB0000410BAF80630D0F810C0D0F808A0DCF82B
:103DC0000040DA0754BF43F4B01383F4D01323F454
:103DD000801209FA01FEDB074CBF44EA0E0424EA14
:103DE0000E04CCF80040DAF800309847044600286A
:103DF0009BD1336808F101089845CCD38FE700BF09
:103E00003C3700200CC205007CC205000400000104
:103E10003BC205005EC20500036803F01F025B0998
:103E2000026004D0012B034818BF002070474FF0F8
:103E3000A0407047000300502DE9F04FDFF860917B
:103E4000DFF860A185B01546834600EB810140F2A2
:103E5000FF18594503D1002005B0BDE8F08FDBF80D
:103E600000305804C3F3C322C3F3080400F1918067
:103E70001B0E19F80270444508BF4FF0FF34192B90
:103E800000F28A80DFE803F00D141A1D20261D8839
:103E90008888883663888888888888888888667C47
:103EA0007F82C5F80C45621C5ED10BF1040BD0E794
:103EB000C5F81445631CF8D000265FE0C5F8084536
:103EC000F1E7C5F81045F5E7661CC5F80845ECD0E4
:103ED000002604E0601CC5F80C45E6D0012603A8C6
:103EE0000394FFF799FF039B012202FA03F3C0F842
:103EF0000C3508E0C5F80845002FDBD1631CD4D091
:103F0000002632460627DBF80030019303F4004018
:103F1000002818BF002203A8009218BF01260394AE
:103F2000FFF77AFF039C019B009A00EB8400C3F328
:103F3000412CD0F800473B0243EA8C03134304EAC8
:103F40000A04234343EA4603C0F80037ADE7C5F847
:103F50000C45D1E7C5F86045621CDBF80030A4D001
:103F6000C3F30043002BB9D003A80394FFF754FF19
:103F7000039B012606FA03F3C0F808353246C2E770
:103F8000C5F86445E8E7C5F86845E5E7C5F86C4558
:103F9000E2E76FF015005FE76FF085005CE700BFB8
:103FA0009DC20500F0F8FCFF70B5032904691CD818
:103FB0000F4B58560F4B5E560F49B04202F10802A4
:103FC00001DD002070BD031D04EB43032569B3F937
:103FD00001301B116B4393FBF1F501FB153342F8E4
:103FE000085C42F8043C0130E7E76FF08500E9E740
:103FF00079C4050075C4050040420F00B0B50569DD
:104000006B6800AF1C6805F1080207232721A04751
:10401000041E16DA0E48036813F0060F0ED06D4624
:1040200088B06A460B4B53610B4B9361032342F8F4
:10403000103F4FF4C4511BF0AFFDAD462046BD46C6
:10404000B0BD2B7A13F00F0F18BF0024F6E700BFA6
:1040500040370020A5C20500A6C4050098B53C293C
:1040600000AF03D1FFF7CAFFBD4698BD0329F9D0C1
:104070000C2917D10D48036813F0060F02D16FF019
:104080008500F1E76C4688B06A46094B5361094BDD
:104090009361032342F8103F4FF4C4511BF07CFDA1
:1040A000A546ECE76FF03C00DEE700BF403700209C
:1040B000C8C205008DC4050098B50C48036813F00C
:1040C000060F00AF0ED06C4688B06A46084B5361AD
:1040D000084B9361032342F8103F4FF4C4511BF087
:1040E0005BFDA5466FF08500BD4698BD40370020BA
:1040F000EDC205007DC405002DE9F04182B00569DF
:1041000000AF0646884651B3012946D16B68FA1DB7
:104110009B6826219847041E13DA21480368590733
:1041200018D06D4688B06A461E4B53611E4B936192
:10413000032342F8103F4FF4C2511BF02DFDAD4652
:1041400008E06B682A7DDB68202130469847041E12
:104150001ADB002420460837BD46BDE8F0816B68B5
:1041600005F114029B6820219847041E08DA0C48C8
:1041700003685A07EED06D4688B06A460B4BD4E709
:104180006B684246DB68DFE7054803685B07E1D000
:104190006D4688B06A46064BC7E76FF08504D9E7DD
:1041A000403700201BC30500B7C405005AC30500F3
:1041B0003CC305002DE9F04385B0D0F80490D0F859
:1041C0001080D9F8003000AF05469847041E36DB52
:1041D000D8F80430674E9B68FA1D0F21284698478F
:1041E000041E13DA3368590729D06D4688B06A4631
:1041F000614B5361614B9361032342F8103F4FF4CD
:10420000C25130461BF0C8FCAD4618E0FB79332B99
:104210001AD03268520710D06C4688B06A465849A6
:1042200051615649C2E90613042342F8103F4FF486
:10423000015130461BF0B0FCA5466FF01504204636
:104240001437BD46BDE8F08399F81E20D3070BD57F
:104250004C4B44F6161142F28B40C3E900014A4927
:1042600049F22D24C3E9024191071AD5D8F8043048
:104270001C6980231A461E212846A047041E10DA16
:1042800033685A07DBD06D4688B06A463F4B5361AE
:104290003A4B9361032342F8103F36484FF4C25122
:1042A000B0E70023C7F809307B7307233B72D8F8C7
:1042B000043007F108025C68202106232846A04745
:1042C000041E07DA33685B07B9D06D4688B06A46CA
:1042D0002F4BDCE72B4B5B68C8F81030D8F8043064
:1042E0009022DB68232128469847041E07DA3368AA
:1042F0005E07A4D06D4688B06A46264BC7E7D9F85A
:104300000C3013B9D9F8143063B1284600F0DEFB45
:10431000041E07DA33685D0791D06D4688B06A469F
:104320001D4BB4E7336803F00703022B18D96C4622
:104330008CB0D8F810306A46184951610F49916124
:1043400004200221C2E907010021C2E90913072361
:1043500042F8103F07484FF463511BF01DFCA5467F
:10436000D8F804302722DB682021284698470446E5
:1043700065E700BF4037002077C30500C8C40500CB
:1043800093C30500B42D002094B60100AEC3050010
:10439000D8C30500FCC3050028C405004DC40500B2
:1043A00098B543680469586800AF1DF027FE0346BE
:1043B000B0B90D48026852070ED06C4688B06A4604
:1043C0000A4951610A499161032142F8101F4FF4D3
:1043D000C251EDF751FDA5466FF01200BD4698BDE4
:1043E000044B63600020F9E740370020E7C4050074
:1043F00003C505001452050030B4836805699C6943
:104400007CB1130206D52D6801238B402B4218BFC7
:1044100082F0C062044BA446134030BC02F0B0727C
:10442000604730BC704700BF40000006034639B10A
:10443000017F054A52F82120D868197CFFF7DCBFBC
:104440004FF40012F8E700BF28520500034639B1C7
:10445000417F054A52F821205869197EFFF7CCBFE9
:104460004FF40012F8E700BF285205002DE9F04F85
:1044700083B0D0F804A00469DAF8143000AF054620
:104480000E469046C3B93E4803685A070ED06C46A4
:1044900088B06A463B4B53613B4B9361032342F820
:1044A000103F4FF4C2511BF058FCA5466FF0850039
:1044B0000C37BD46BDE8F08F0021504604F14C0991
:1044C000FFF7C4FFBFF35B8F59E8003F23F02003E1
:1044D00049E80032002AF7D1BFF35B8F9AF81E300B
:1044E0005B0707D563681022D3F810B022210023A0
:1044F0002846D8479AF81E20636812F0040F0CBFB4
:1045000034213021DB68002228469847636838212F
:10451000DB680022284698479AF81E20636812F04C
:10452000040F0CBF352131219B68FA1D284698479E
:104530006368FA1D9B68392128469847B8F800300F
:10454000022B17D1C4E90F68002EB1D00028AFDBD1
:10455000BFF35B8F59E8003F43F0020349E80032A4
:10456000002AF7D1BFF35B8F04F154000EF03CFE3C
:1045700000209DE7052B08BFC4E91168E4E700BFF0
:104580004037002013C5050042C805002DE9F0475B
:1045900084B050F83C4C63682569DA6800AF002AA3
:1045A00050D0BFF35B8F05F14C0252E8001F21F0A1
:1045B000010042E80006002EF7D1BFF35B8FC80769
:1045C00040D525690023FB716B68FA1D9B6820218B
:1045D00020469847031E28DBFA796B6802F00F0229
:1045E000DB68202120469847031E1EDB6B6807F11D
:1045F00008021E68272107232046B047031E14DB4C
:1046000060680121FFF712FF6B68FA79DB682021EF
:1046100020469847031E08DB6B681D6910231A4665
:1046200022212046A847031E68DA984802685107ED
:1046300064D06C4688B06A46954951619549C2E993
:10464000061353E05A69002A00F0AD80BFF35B8F78
:1046500005F14C0252E8001F21F0020042E800067A
:10466000002EF7D1BFF35B8F8A0740F19C80D4F80E
:104670000490266901214846FFF7E8FE99F81E20BC
:104680007368D6F84480DB68D6F83CA012F0040FBB
:10469000C2F301124FEA821242F02A020CBF342107
:1046A000302102F0EA0220469847051E2ADA7748B0
:1046B00003685E070ED06C4688B06A46764B53613D
:1046C000764B9361032342F8103F4FF4C2511BF025
:1046D00044FBA5466D4803685B070FD06C4688B065
:1046E0006A466F4B53616B4BC2E90635042342F8AF
:1046F000103F4FF401511BF030FBA5461037BD466B
:10470000BDE8F08799F81E3003F00403002B7368AE
:1047100019BF4022222125212022BAF1000F1D6954
:10472000204614BF13460023A847051E08DA574841
:1047300003685C07CED06C4688B06A46594BBEE72A
:104740007368B8F1000F1D694FF0150214BF1523EF
:10475000002338212046A847051E08DA4B48036885
:104760005907B7D06C4688B06A464F4BA7E799F80F
:104770001E30726813F0040F0CBF25212221B8F1FE
:10478000000318BF01231569DB0180222046A847DA
:10479000051EB3DA3D4803685A079BD06C4688B0C3
:1047A0006A46424B8BE7DA68EAB1BFF35B8F05F1EB
:1047B0004C0252E8001F21F0100042E80006002ED3
:1047C000F7D1BFF35B8FCE060DD56B6B002B95D069
:1047D000A96B204698476B6B002B8FD06068012136
:1047E000FFF724FE8AE75A69002A87D0BFF35B8F60
:1047F00005F14C0252E8001F21F0200042E80006BB
:10480000002EF7D1BFF35B8F88067FF577AF0022CC
:104810003A729B7F6A6813F0040F96680CBF3521CB
:10482000312107F108022046B047031E09DA174874
:10483000026851073FF462AF6C4688B06A461C4973
:10484000FBE6EB6B2BB13A7A920902D0296C204639
:1048500098476B6807F108029B6839212046984702
:10486000031EE4DB6B6C2BB13A7AD20602D5A96C3D
:1048700020469847EB6B1BB96B6C002B3FF43EAFA7
:1048800060680121FFF7E2FD38E700BF40370020F4
:104890003FC5050003C8050061C50500E9C705005F
:1048A0001BC605008EC50500C4C50500EAC5050088
:1048B0003DC605002DE9F84F0B88012B00AF82465D
:1048C0000C46904653D14E88032E08D14068DAF842
:1048D0001050C368BBB92B4803685B0704D16FF065
:1048E0008500BD46BDE8F88F6C4688B06A46264B09
:1048F0005361264B93614FF4C25142F8106F1BF085
:104900002CFAA546EBE7002105F14C09FFF78EFDD7
:10491000BFF35B8F59E8003F23F0100349E80032F2
:10492000002AF7D1BFF35B8F6B681022D3F810B069
:10493000222100235046D847C5E90D84B8F1000F65
:10494000CFD00028CDDBA5F85060BFF35B8F59E8CE
:10495000003F43F0010349E80032002AF7D1BFF3DA
:104960005B8F05F154000EF03FFC0020B9E7022BED
:1049700005D1224641465046FFF778FDB1E7052BA9
:10498000F7D0ACE74037002061C605005EC80500DF
:104990002DE9F04383B003290569466800AF04465A
:1049A000904658D16B68FA1D9B68232198470028D0
:1049B0004DDBFB793F4AC3F301134FF0020C0CFAB5
:1049C00003FCD8E9003102FB03113B4A01398CFB9F
:1049D0000203884273F1000337DB38488023B3FBBE
:1049E000FCF34B43B3FBF2F30268FB7102F00702E6
:1049F000022A16D9E8468AB06A46DFF8C4E0C2F84F
:104A000014E0DBB2C2E9073CDFF8B8E051620623EC
:104A1000C2F818E04FF4435142F8103F1BF09DF9E3
:104A2000C546B27F6B6812F0040FDB68FA790CBFE1
:104A300036213221204698476B68FA79DB6842F0CC
:104A400080023A212046984701E06FF015000C37AC
:104A5000BD46BDE8F08311687F2927D81748036851
:104A600003F00703022B0FD9E94688B06A46164BBC
:104A70005361144BC2E90631042342F8103F4FF44E
:104A800003511BF06AF9CD46B27F6B6812F0040F38
:104A9000DB6898F800200CBF372133212046984767
:104AA0006B6898F80020DB683B21CBE76FF085004E
:104AB000CDE700BF40420F003AA3950040370020E9
:104AC00088C605002AC80500ADC605002DE9F043DB
:104AD00083B0066945689C4BB061B36500AF804602
:104AE000E8681DF08BFA10BBEB68002B00F08C809F
:104AF00096480268540713D01B686C468AB06A4611
:104B0000934951619349C2E9061340F2013313847A
:104B1000914B42F8103F4FF411511BF01EF9A5467E
:104B20006FF0120420460C37BD46BDE8F08305F156
:104B30000C001BF0FBF8041EDFF810921CDAD9F809
:104B400000305907EED0EB6819682B7C6D468AB0AF
:104B50006A468248506113627E4840F20133938472
:104B60007F4BC2E9060142F8103F4FF431514846ED
:104B70001BF0F3F8AD46D5E72B7C7A48012202FA08
:104B800003F3C6E90803E8688368DB6906F11C01E2
:104B9000A3B19847041E14DAD9F800305A07C1D0DF
:104BA0006D4688B06A46704B53616A4B936103232C
:104BB00042F8103F4FF4C2516448D9E76FF05704F0
:104BC000EAE7D9F8003003F00703022B1CD9EB68A1
:104BD000D8F8000019682B7C6C468CB06A46DFF868
:104BE0008CC1C2F814C0C2E90813DFF868C1604B79
:104BF0009362604BC2E906C04FF4635142F8103F24
:104C000048461BF0AAF8A54668691DF0F7F940B9B7
:104C10006C69002C86D04D4803685B0780D0236800
:104C20006BE705F114001BF081F8041EDFF81C91FE
:104C300008DAD9F800305E073FF474AF6B69196881
:104C40002B7E83E72B7E4C48012202FA03F3C6E950
:104C50000B0368698368DB6906F12801ABB19847EB
:104C6000041E15DAD9F800305D073FF45BAF6D46DE
:104C700088B06A46414B5361364BC2E9063404237F
:104C800042F8103F4FF4015196E76FF05704E9E7FF
:104C9000D9F8003003F00703022B1CD96B69D8F850
:104CA000000019682B7E6C468CB06A46DFF8D0C0D5
:104CB000C2F814C0C2E90813DFF898C02C4B936205
:104CC0002C4BC2E906C04FF4635142F8103F4846EE
:104CD0001BF043F8A546AA7F736812F0040F0CBFBF
:104CE00034213021DB68002240469847041E09DA4F
:104CF000D9F8003058073FF415AF6D4688B06A46C2
:104D0000204BB8E773680022DB683821404698479B
:104D1000041EEDDB0023BB8073685C68AB7F13F07F
:104D2000040F0CBF3621322102233A1D4046A04712
:104D3000041E2BDAD9F8003059073FF4F3AE6D4664
:104D400088B06A46104B96E78D4503004037002037
:104D5000BFC6050014C8050004000001DAC605003E
:104D60000500000161FD0400FAC605001FC705002B
:104D7000010302040600000299FD040037C7050084
:104D800061C7050079C70500A5C70500AB7F1A07F5
:104D90007FF5C8AE726813F0040FD4684FF0240199
:104DA0000CBF022208224046A047041EBFF6BAAE3E
:104DB000D9F800305B073FF4B5AE6D4688B06A465F
:104DC000004B58E7C8C705000D2903690DD1B3F999
:104DD000003007484FF224414B4393FBF0F100FBB6
:104DE000113311605360002070476FF085007047E9
:104DF00040420F00F8B545680669044600AF2868D0
:104E00001DF0FCF80346E0B916480268520714D0BA
:104E10002A686C468AB011686A46134D5561134D75
:104E2000C2E9065140F201311184114942F8101FC4
:104E30004FF41151EDF720F8A5466FF01500BD466F
:104E4000F8BD6B7A2A7A1B0103F0100343EA821340
:104E500043F4C04300227380114620461AF0EBFF52
:104E6000EDE700BF6436002076C805008FC8050056
:104E700004000001F8B54368986900AF28B1032920
:104E800059D8DFE801F04736020600242046BD4627
:104E9000F8BD197FDB8B0669D0F808C03468DA07E3
:104EA00054BF43F4B01383F4D013012523F48012CC
:104EB0008D40DB074CBF2C43AC433460DCF8003042
:104EC000984704460028E0D01C4803685907DDD005
:104ED0006D4688B06A461A4B53611A4B936103239F
:104EE00042F8103F00234FF4C251ECF7C5FFAD4626
:104EF000CCE7012103F118001AF0FFFF0446002857
:104F0000C3D00E4803685A07C0D06D4688B06A46C1
:104F10000D4BE1E7002103F118001AF0EEFF044603
:104F20000028B2D0054803685B07AFD06D4688B053
:104F30006A46064BD0E76FF08504A7E7B03700203C
:104F4000ACC80500ADC90500D3C80500F8C8050008
:104F5000B0B50B461F2B4268016900AF01D03C2B56
:104F60001DD1106883685B6898470446A0B10D485E
:104F700003685B0710D06D4688B06A460A4B5361E0
:104F80000A4BC2E90634042342F8103F00234FF4D1
:104F90000151ECF771FFAD462046BD46B0BD6FF044
:104FA0008504F9E7B03700201EC90500A3C9050034
:104FB0002DE9F04182B01F294668036900AF15460C
:104FC00057D1B27A9B8A12F02001727918BF1BB2B6
:104FD00042B3F27996F80E80042A09BF3268B2898A
:104FE0009268128919B108F1FF385FFA88F85A43BC
:104FF000B0797A60391DFCF797FA0446A0B9796850
:1050000041FA08F0316949BB4FF47A7303FB00F1B0
:1050100090FBF3F2184B2A6091FBF3F203FB1211A1
:10502000696016E06FF08504144803685B0710D0D0
:105030006D4688B06A46124B5361124BC2E9063482
:10504000042342F8103F00234FF40151ECF714FF02
:10505000AD4620460837BD46BDE8F0814FEAE07E08
:10506000A0FB010C7269234601FB0EC1E3F72EFC85
:10507000CAE76FF08504ECE740420F00B03700202C
:105080002FC90500A9C905002DE9F0414568066949
:10509000804600AF28681CF0B1FF0346C0B93C4809
:1050A000026855070ED06C4688B06A46394951618E
:1050B00039499161032142F8101F4FF4C251ECF7B6
:1050C000DBFEA5466FF012042046BD46BDE8F08128
:1050D000A86960B11CF092FF034640B92C480268F1
:1050E0005407EFD06C4688B06A462C49DFE76B79ED
:1050F000E3B1294651F8060B83681B6898470446BC
:10510000B0B96B7953B32A79254901239340736071
:10511000AB7B3374EB7B737406F11403B36002232F
:10512000F360404615F0B6FB0446CDE76FF085040A
:10513000174803685907C7D06D4688B06A46194BAF
:105140005361154BC2E90634042342F8103F002393
:105150004FF40151ECF790FEAD46B5E70C480268FC
:10516000520711D06C4688B06A460F4951610A490E
:1051700091616FF08501D161042142F8101F4FF455
:105180000151ECF779FEA5466FF085049CE700BF5E
:10519000B037002041C9050096C9050056C9050071
:1051A000754E030072C9050080C90500F7B50646B3
:1051B00005691C46EFF31187402383F31288BFF380
:1051C0006F8F2B68D3F8ACC0BCF1000F07D087F30A
:1051D0001188BFF36F8F6FF00F0003B0F0BDC3F8FD
:1051E000AC202B68C3F8A81001F06043B3F1005F56
:1051F0002B6814D1C3F8B0102B68C3F8B42029462B
:1052000030461AF0D4FF87F31188BFF36F8F7368AD
:105210001B7D012B01D1631C06D10020DDE7C3F803
:10522000B8C01AF095FFEAE70B480C4A2D6824EA4B
:10523000E4744FF4004600210023C4FB0601E3F7A9
:1052400095FB703502460B4600200021CDE9000198
:1052500028460EF0EDFEE0E73F420F0040420F000F
:105260002DE9F843044647680E461DF0B9F998B990
:105270002A4B1B7883B14FF04008642560681AF010
:1052800086FFC8BB01201CF08AF8013DF6D1002141
:1052900021200EF0E5FBF0E76368D4F81080196870
:1052A0004FF04009EFF3118589F31288BFF36F8F38
:1052B00060681AF06CFFD0B1D8F8003053B1D3F861
:1052C000AC203AB1D3F8BC20002A03DAD1F84C253F
:1052D000C3F8BC20BB6A1E70B96A012220461AF0CE
:1052E000EDFE85F31188BFF36F8FBDE8F88385F37A
:1052F0001188BFF36F8FD5E7EFF311810D4688F367
:105300001288BFF36F8F60681AF041FF0028E1D167
:1053100081F31188BFF36F8FB9E700BFD8F0002089
:105320002DE9F04F85B0054600220121282000AF6D
:10533000EFF710FF2820EFF7DDFE6A6811681369A8
:10534000C1F82435137D507D927D03431343C1F88A
:105350006C352E693368002B79D06C68D4E90093E2
:10536000980740F18A80704A07CA3B1D83E807000E
:1053700054F8182F02F1080A40F201323A81194616
:105380006A4A20460CF0F2FB694B984209F5847B8F
:10539000804619D06748036859070FD06C4688B01B
:1053A0006A46654B5361654B9361032342F8103F96
:1053B00000234FF4C251ECF75FFDA5466FF01500D6
:1053C0001437BD46BDE8F08F20461CF013F9306855
:1053D00068301BF0F0FF404517D0564803685A0765
:1053E0000FD06D4688B06A46554B5361534B93615D
:1053F000032342F8103F00234FF4C251ECF73CFD69
:10540000AD4620460CF0F0FBD8E73368524693F8DF
:10541000680059461BF0C5FF336893F868300120D7
:1054200098400BF0A9FB474BC9F804333068464954
:10543000002208301DF0C7FA3368DD633068434945
:10544000002270301DF0BFFA3368C3F8A4506E68B4
:10545000D6E9004313F001034BD0D5F8108008F1D2
:105460000C001BF0A8FF324B98421BD03148036858
:105470005B0706D16FF00400A2E70423C9F80433E8
:10548000D1E76C4688B06A462D4B5361304B93612F
:10549000032342F8103F00234FF4C251ECF7ECFC19
:1054A000A546E7E798F80C0004F10C0204F59071AA
:1054B0001BF077FF98F80C004FF0010808FA00F095
:1054C0000BF05AFB0823C4F80035B36AC4F844351E
:1054D0000023C4F84835C4F80880D4F85831002BAC
:1054E000FBD000231B49C4F80035284615F0D2F93B
:1054F00066E70822C4F80025B26AC4F84425C4F857
:1055000048350123A360D4F82031002BFBD00023C1
:10551000C4F82031D4F820310123E3604FF48073C4
:10552000C4F80433D9E700BF8440050031FF04000C
:105530000000AD0BAC370020C5C905001CCA050032
:10554000E3C9050010020A00FB020500E90305009B
:1055500006CA05000F0205002DE9F04F43680769F0
:105560001D685B68D7F80080D5F8049313F0020338
:1055700089B004460ED1D5F808215AB119F0040FAC
:1055800008D0C5F80831D5F8083103691A68936E58
:1055900001339366D5F824314BB319F4007F26D03C
:1055A0000021C5F82411D5F824316368D3F800A090
:1055B0001422DAF8806403A81DF0E1FB06238DF8BD
:1055C0000C30F30700F16881B00700F167817107C3
:1055D00000F1668106F008038DF810302046CAF805
:1055E000806403A91AF0A5FC20461AF083FDD5F8C3
:1055F0001031002B58D019F0100F55D04FF0000B80
:10560000C5F810B1D5F81031C5F810B1D5F8103182
:1056100023691E686368D3F800A0012386F86C3004
:1056200006F108001DF0DBF996F86D30B26CDAF87F
:105630003C1586F86DB09B1A0B44B26D23EAE371FA
:105640000A445B45B26502DD20461AF079FC316CF4
:1056500020461AF08FFCF36C3364336D73640023BF
:10566000C6E91333B36496F86E30D3B1EFF3118209
:10567000402383F31288BFF36F8F336C002B00F04D
:105680001181DAF84C3113B90123CAF80030DAF885
:10569000003223F02003CAF8003282F31188BFF3EE
:1056A0006F8F002386F86C3019F4002F37D0D5F8AF
:1056B0004C31A3B3D5F810618EBBC5F84C611422F0
:1056C000314603A8D5F84C311DF059FB03238DF862
:1056D0000C302369D3F800A0DAF85CB0BBF1FF3FCF
:1056E00019D0DAF860009149914A20EAE07C8E46B0
:1056F0004FF400403146CCFB00E100237046E3F755
:1057000035F9CAF864B002460B46CDE900010AF14A
:1057100008000EF08DFC03A920461AF00AFC19F4CB
:10572000003F46D0D5F84431002B42D0D5F810A127
:10573000BAF1000F3DD1C5F844A1D5F84431236931
:10574000D4F804B01E68316C21B120461AF012FC66
:10575000C6F840A0002386F86E3096F86F202AB372
:1057600086F86F30DBF804309A071FD5626813683B
:10577000526AC3F834250522C3F838250122DA62BB
:10578000D3F81021002AFBD00021C3F81011D3F860
:105790001021D3F84C212AB1C3F84C11D3F84C2175
:1057A000D3F83C25B36D53FA82F2B26520461AF065
:1057B000F5FB19F4807F19D0D5F82031B3B16368B7
:1057C0001B68EFF31182402181F31288BFF36F8FC2
:1057D000D3F8201131B10021C3F82011D3F82011E2
:1057E0000121D96082F31188BFF36F8F19F4800F04
:1057F00030D0D5F858316BB363682569D3F8009081
:10580000EFF31182402383F31288BFF36F8F2B686D
:10581000D3F8BC100029ACBFD3F8BC60D9F84C65F4
:1058200082F31188BFF36F8F2B68D3F8A8208AB159
:1058300093F8C010D1B3EFF31186402383F312889D
:10584000BFF36F8F294620461AF0B1FC86F311880A
:10585000BFF36F8F0837BFF35B8F57E8003F23F02C
:10586000040247E800210029F7D1BFF35B8F5B07F3
:1058700059D5D8F8441020461AF062FB2046D8F8D3
:1058800040101AF077FB00232046C8E9103309B016
:10589000BDE8F04F1AF082BB01239DE602239BE690
:1058A000042399E60123CAF80430F6E6D3F8B010D1
:1058B0008A4210D0D3F8B410D3F8B820B1423244A1
:1058C0002FD1C3F8B82020461AF042FC0028B2D1EC
:1058D0002B68D3F8B860286870301DF080F8142267
:1058E000002103A81DF04BFA2B68D3F8A830CDE9AE
:1058F00004362B68D3F8AC309E421CBF01238DF8D0
:105900000C304FF48003C9F808332A680023C2F82A
:10591000A8302A6803A9C2F8AC3020461AF009FB67
:1059200098E71646D7E709B0BDE8F08F3F420F0071
:1059300040420F002DE9F0474568D0F8108000AFD5
:1059400006460021686B1AF06DFD041E1FDBA96B73
:10595000481C36D005F13C0000F0F6FB10F1130FA7
:10596000044618D1414803685A070ED06C4688B0E7
:105970006A463F4B53613F4B9361032342F8103F0C
:105980004FF4C2511AF04BFDA5466FF012042046A9
:10599000BD46BDE8F087431D13D1344803685D0759
:1059A000F5D06D4688B06A46334B5361314B9361F5
:1059B000032342F8103F4FF4C2511AF030FDAD46B8
:1059C000E5E7EB6A9847D8F808504FF00109D8E9A5
:1059D000023203EBC2039D4208D340461AF083FD16
:1059E0002649304614F056FF0446D0E728681CF0DC
:1059F00005FBC0B91D4803685907C6D02B686C4623
:105A00008AB019682B796A461D4D556113621D4D88
:105A100040F2013393841C4BC2E9065142F8103F17
:105A20004FF43151AEE728682979EB88D0F810C0DF
:105A3000D0F808A0DCF80040DA0754BF43F4B013F4
:105A400083F4D01323F4801209FA01FEDB074CBF64
:105A50004EEA040424EA0E04CCF80040DAF80030E0
:105A60009847041E93DB0835B1E700BFA03700203C
:105A700056CA05005FCC050085CA05004304050031
:105A8000A6CA050042CC0500050000012DE9FF4132
:105A90000569D0F804802B6E0646A86D002835D124
:105AA000002B53D0B8F830406A6DEF6D9C4228BF90
:105AB0001C46EB6D53B1296E41B107F06041B1F165
:105AC000005F03D0082C6F6F28BF082400926A6D16
:105AD000AC661AB1AA6D002A18BF2246CDE901278B
:105AE0001BB12B6E002B18BF23460022694640468F
:105AF00003930BF019FF184B984229D06FF0040163
:105B0000304604B0BDE8F0411AF00FBD696DEF6D8D
:105B1000B8F830400A46ABB1834228BF03469C42E6
:105B200028BF1C460029C4D001F06043B3F1005FD8
:105B3000BFD0082C28BF08242246286F1DF0F7F894
:105B40002A6FB6E7844228BF0446EBE71946D7E739
:105B500004B0BDE8F08100BF0000AD0BB0B5027825
:105B600000AF03463AB90C69A26E32B9606E6FF0AD
:105B700073011AF0DAFCBD46B0BDE06D40B1216E94
:105B800031B1DB6823B1834202D0616F1DF0CFF8E1
:105B9000A36DA26EA3B19A422ED9304803685A076A
:105BA0000ED06D4688B06A462D4B53612D4B9361E4
:105BB000032342F8103F4FF4C2511AF030FCAD46B7
:105BC000236EA26EA3B19A422FD9244803685B07C3
:105BD0000ED06D4688B06A46214B5361224B9361CB
:105BE000032342F8103F4FF4C2511AF018FCAD469F
:105BF000606EFFF74BFFBEE79B1AA3657BB9636C32
:105C000008336364A36C013BA36404F1580204F1FC
:105C1000480104F144001AF0EFFB6065D0E7636DC2
:105C2000002BCDD013446365CAE79B1A23667BB96A
:105C3000E36C0833E364236D013B236504F16002E8
:105C400004F1500104F14C001AF0D6FBE065CFE7F7
:105C5000E36D002BCCD01344E365C9E7A0370020E7
:105C6000CECA0500A3CC05008DCC05002DE9F04F70
:105C70008DB000AFC7E9023243687B608B8804694E
:105C800005469804884641D44FF0FF324FF0FF3369
:105C900004F110000DF0E6F8C4F80480D5F804A073
:105CA000D5F81090DAF808303B6099F86D3023B1E0
:105CB000D9F80030984500F05281B8F804B01BF4D0
:105CC000006F2AD08848036859070ED06D4688B007
:105CD0006A46864B5361864B9361032342F8103F1B
:105CE0004FF4C2511AF09BFBAD466FF08506236856
:105CF0009B8813F4005304D1636004F110000DF08D
:105D00008BF830463437BD46BDE8F08FA369002BD1
:105D1000BAD163689942B7D1C0E71BF0010F1AD01E
:105D2000714803685A0713D02B686D468AB06A46DB
:105D3000704951616E49C2E9061340F20133138480
:105D40006D4B42F8103F4FF411511AF068FBAD460D
:105D50006FF01506CBE71BF0080F10D06248036800
:105D60005B07F5D06D4688B06A46644B5361604B63
:105D70009361032342F8103F4FF4C251E5E7CBF3A0
:105D80004513082B08D0584803685E07E0D06D46DD
:105D900088B06A465A4BE9E7D8F80060594B9E42F2
:105DA00008D8514803685D07D2D06D4688B06A466E
:105DB000554BDBE70AF10C0EBEE80F0007F1100CA3
:105DC000ACE80F009EE80F008CE80F003B68B34280
:105DD00028BF33461E464D4B9E4217D24C4B9E4227
:105DE00014D24C4B9E4211D24B4B9E4260D84B4B2F
:105DF0009E425FD84A4B9E425ED84A4B9E425DD837
:105E000049494A4B4A4A8E4288BF13461BF0020F4B
:105E10007B620BF0040353D0002B14BF0323022337
:105E200087F82830CBF3001387F82930DAF80030F0
:105E3000D3F808251BF0020F4FEA5213CBF34001B1
:105E400002F01F0243D1002B3ED0012B40F04B81CA
:105E5000384901239340C1F80C3599F86D302BB1C6
:105E600050460BF027FD002389F86D30324A2B464F
:105E700007F1100150460BF0E9FC304A904203460E
:105E800068D01948026851070FD06D4688B06A463D
:105E90002B4951611649C2E90613042342F8103F09
:105EA0004FF401511AF0BBFAAD466FF004061EE73D
:105EB000244BABE7244BA9E7244BA7E7244BA5E7EA
:105EC000003B18BF0123ABE74FF0A041C1E743B14E
:105ED000012B40F00B81174901239340C1F808358D
:105EE000BBE74FF0A041F7E7A0370020F0CA05005C
:105EF000B9CC05000ECB05000400000134CB050031
:105F000057CB050047E801008ACB05000048E801AF
:105F10000024F40000127A00FF083D007F841E0078
:105F20003F420F001FA107008FD0030048E8010087
:105F300090D00300000300505D5B03000000AD0B38
:105F4000BFCB050000093D0080841E0040420F00C9
:105F500020A10700012389F86D30C9F800800123D2
:105F600084F86C307B68996B4A1C19D003F13C00B3
:105F70001AF0ECFA743013D15E48036813F0060F80
:105F80000ED06E4688B06A465B4B53615B4B9361A3
:105F9000032342F8103F4FF4C4511AF040FAB546BB
:105FA000FB68002B75D163640023A36404F15802DD
:105FB00004F1480104F144001AF01EFABB68606560
:105FC000002B6ED1E3640023236504F1600204F129
:105FD000500104F14C001AF00FFA00263246E06539
:105FE0000121204626641AF05EFA2846FFF74EFD8E
:105FF000A06C3246334683425BD10023266D19469E
:10600000B1425DD19342A04638BF13464FF4FA52D5
:1060100002FB03F658F8283B4FF4004C1B68B6FB14
:10602000F3F640F2E730C83600214FF47A720023CD
:10603000E6FB0C01E2F79AFC02460B4640460CF0E8
:1060400011FF0246002842D02A4803685B070ED0A1
:106050006E4688B06A462A4B53612A4B93610323EC
:1060600042F8103F4FF4C2511AF0D9F9B546002654
:106070007868A6660BF01EFC84F86D606FF0730103
:1060800028461AF052FA40460CF012FF6FF07306E1
:106090002DE6FB681B686364002B85D0FB685B689A
:1060A00083E7BB681B68E364002B8CD0BB685B682C
:1060B0008AE7616C01EBC301013349680A449AE73E
:1060C000E06C00EBC10001314068034498E7266CA6
:1060D00016F1740FCBD0002E3FF409AE01462869AB
:1060E0001AF0E1F903E6C1F80C15FFDE0023C3F84E
:1060F0000835FAE7A0370020EACB0500C3CC05003D
:1061000018CC05006DCC050000F01F0240090DD031
:1061100001280ED10A4B03EB82030A4AD3F8000789
:10612000024042EA8102C3F8002770474FF0A043C3
:10613000F1E702F5E072002353F82230FFDE00BFE2
:1061400000030050F0F8FCFFF0B587B001238DF894
:10615000023002238DF804306B4403930F4601ABE9
:106160000DF10301002404930546029105940AF001
:10617000BDFF0C4B984206460FD103AA394628466C
:106180000AF018FEB0420BD09DF8031028460AF022
:10619000A7FF6FF0040007B0F0BD6FF01200FAE740
:1061A0002046F8E70000AD0B70B5012383400E4A8E
:1061B000BFF35B8FDC4352E8001F01EA040542E8AD
:1061C0000056002EF7D1BFF35B8F4FF48032824030
:1061D0000648C0F80823BFF35F8FBFF36F8F0B42F1
:1061E00014BF0120002070BDE8C90020001001404C
:1061F00070B40E49D1E90034D01AC31844F1000438
:1062000022F07F46C1E90034A6F50013B3F5400F34
:1062100009D2074B1B681A0A1B069C19054B42F151
:106220000005C3E9004570BC0DF012BE9873002054
:10623000ECC90020A073002011B3BFF35B8F0123D2
:10624000104A834052E800CF4CEA030C42E800C1F8
:106250000029F7D1BFF35B8F0B4A4FF480338340A3
:10626000C2F80433094BBFF35B8F1B68BFF35B8F2E
:10627000C340DB0742BF064B4FF40032C3F8002196
:10628000704700BFE8C9002000100140E4C90020A9
:1062900000E100E00D4B1868010A0006BFF35F8FB4
:1062A0000B4BD3F80435181841F10001B3F5801FEA
:1062B0000AD2084BD3E90023904271EB030303D2C7
:1062C00010F1807041F10001704700BFECC900205F
:1062D00000100140A07300202DE9F04F85B0164654
:1062E0001F469DF840A00446FFF75EFF0190FFF7B0
:1062F000D1FFB04271EB070354D23E4B301A67EB2B
:106300000101984271F100014FD23B4B03EB0413A2
:10631000D3E902239F4208BF96425ED037494FF42B
:10632000803804F1500508FA04F8AD00C1F848833C
:106330002046ADB21AF032F926F07F4B05F18045C8
:1063400004F5A87305F58835DC464FF00309029380
:10635000029A2CF07F4341F82230C1F84483D1F8EF
:106360000435274A6FF00200C01A604420F07F40D5
:10637000904232D9286868B1D1F804350393A3EB71
:106380000B0020F07F40B0F5000F26D920461AF010
:1063900005F9039BBAF1000F07D109EB030C09F1D2
:1063A0000109D5E7BAF1000F09D06FF015052046B5
:1063B0000199FFF741FF284605B0BDE8F08F0123A2
:1063C000104ABFF35B8FA34052E8000F184342E826
:1063D00000010029F8D1BFF35B8F07490E98230114
:1063E00001EB0412C8500F9B5360C2E902670025FD
:1063F000DDE700BF0100800088730020001001402D
:10640000FDFF7F00E4C900207FB51C4C1C4BC4F885
:106410000833C4F848331B4B00254FF0FF304FF0D2
:10642000FF31C4F80855C3E902014FF48033C4F8C2
:106430000433154B02264FF400320121C4F80463E3
:106440001120C3F880212A46EEF784FE1120EEF7D2
:1064500051FE0E4A0123A360236013600C4B0D4ACA
:106460000093CDE9015500232846FFF735FF30465C
:10647000FBF78CFB284604B070BD00BF0010014044
:1064800003000F008873002000E100E0E8C900204D
:10649000F1610300FFFF7F002DE9F7432B4CD4F897
:1064A000043399070BD5D4F8043143B1284A0023AB
:1064B000C4F80431D4F80431136801331360D4F8FC
:1064C0000433DA0323D5BFF35B8F224B53E8002F4D
:1064D00022F0010143E800100028F7D1BFF35B8FE1
:1064E000D30702D4D4F840318BB10025C4F8405111
:1064F000D4F84031FFF7CEFEEFF3108272B6164BA0
:10650000D3E90267B042B94104D282F3108803B0E4
:10651000BDE8F0834FF0FF384FF0FF39C3E902893F
:10652000D3E900101D604FF48033C4F84833C4F839
:106530004051D4F8403182F310880029E7D0009010
:1065400032463B4628468847E1E700BF001001403D
:10655000ECC90020E4C900208873002030B5431C3A
:10656000124C85B005D08442A8BF0446012CB8BFA8
:106570000124FFF78FFE0E4B0C4DD3E90013401A98
:10658000B0F5000F10D22218AA4228BF2A4652188E
:106590004FF0000007490091CDE9010043F10003ED
:1065A000FFF79AFE05B030BD2A46F0E7FFFF7F00F7
:1065B00098730020F161030008B5FFF76BFE024BF2
:1065C0001B68C01A08BD00BF9873002010B5084CA6
:1065D000012363601120EEF79BFD064BC4F80833DE
:1065E000C4F84833044B4FF40032C3F8802110BD87
:1065F0000010014003000F0000E100E0F8B505467F
:1066000000AF00694FF0FF324FF0FF330CF01EFB7C
:10661000686800210C3019F0D1FF0446C8B10F485A
:1066200003685B070FD06E4688B06A460C4B536117
:106630000C4BC2E90634042342F8103F4FF40151D9
:1066400019F0EBFFB54628691AF004F82046BD465C
:10665000F8BD28461AF000F80446F7E7D0360020C7
:10666000E9CC050054CE0500B0B5054600AF006981
:106670001BF0DBFD2B6903F12802DA612B69022292
:106680001A626B68186819F0B3FFB8B93348036829
:106690005B070ED06C4688B06A46314B5361314B74
:1066A0009361032342F8103F4FF4C25119F0B5FF34
:1066B000A5466FF015042046BD46B0BD696851F887
:1066C000040B83681B6898470446A0B123480368FD
:1066D0005D07F0D06D4688B06A46234B5361214B6D
:1066E000C2E90634042342F8103F4FF4015119F077
:1066F00094FFAD46DFE76B68D86819F079FF40B9C1
:10670000164803685907D4D06C4688B06A46174BC0
:10671000C4E768680C3019F083FF044640B10F48A5
:1067200003685B07C7D06D4688B06A46104BD5E753
:106730006B68586919F05CFF40B9084803685A074C
:10674000B7D06C4688B06A460A4BA7E76868143031
:1067500019F066FF04460028ADD0E0E7D0360020EF
:106760000FCD0500FBCD050021CD050049CD05006D
:10677000E76B050063CD05002DE9F04182B00546C9
:1067800000AF00690E4690464FF0FF334FF0FF32E6
:106790000CF05CFA2B6993F82A30E3B17048036877
:1067A0005A070ED06C4688B06A466E4B53616E4BEA
:1067B0009361032342F8103F4FF4C25119F02DFFAB
:1067C000A546286919F046FF6FF00F0420460837E8
:1067D000BD46BDE8F0816B68D86819F009FF10BBB1
:1067E0005F4803685B070ED06C4688B06A465F4B13
:1067F00053615D4B9361032342F8103F4FF4C25144
:1068000019F00BFFA5466FF01504686800211430DD
:1068100019F0D4FE686800210C3019F0CFFE286909
:1068200019F018FFD2E76B68586919F0E1FE40B91A
:106830004B4803685E07E6D06C4688B06A464C4B0E
:10684000D6E76B68186819F0D3FE40B9444803686E
:106850005C07D8D06C4688B06A46464BC8E7686883
:1068600001210C3019F0AAFE044640B13C480368EF
:106870005A07CAD06E4688B06A463F4B1EE0686829
:106880000121143019F09AFE04460028EED140464A
:1068900019F0B0FE80460028F9D16B6829691868A4
:1068A000143183685B6898470446A0B12C4803689C
:1068B0005907AAD06E4688B06A46304B53612A4BBE
:1068C000C2E90634042342F8103F4FF4015119F095
:1068D000A4FEB54699E768684146143019F06EFE8B
:1068E00004460028C2D1686841460C3019F066FEA3
:1068F00004460028BAD1286919F0ACFE6A682869F4
:10690000516A136A90F82450B0F928000B444343AD
:1069100093FBF1F311681079896809894B43391D9C
:106920007B60FAF701FE0446A8B10D4803685B07D7
:106930003FF44CAF6D4688B06A46114B53610A4B29
:10694000C2E90634042342F8103F4FF4015119F014
:1069500064FEAD463AE77B682B41336036E700BF03
:10696000D03600207DCD050027CE050049CD05009D
:1069700063CD050095CD0500E9CC0500B0CD05003F
:10698000CFCD0500F8B5044600AF00694FF0FF32E7
:106990004FF0FF330CF05AF92369012183F82A10D4
:1069A00060680C3019F00AFE054698B10C4803687F
:1069B0005B070FD06E4688B06A460A4B53610A4B9C
:1069C000C2E90635042342F8103F4FF4015119F093
:1069D00024FEB546206919F03DFE2846BD46F8BDA7
:1069E000D0360020E9CC050045CE05002DE9F04168
:1069F00082B0054600AF00690E4690464FF0FF3367
:106A00004FF0FF320CF022F9286990F82A3043B198
:106A100019F020FE6FF00F0420460837BD46BDE890
:106A2000F0816B68586919F0E3FDE8B94D480368D7
:106A30005E070ED06C4688B06A464B4B53614B4B99
:106A40009361032342F8103F4FF4C25119F0E5FD62
:106A5000A5466FF0150468680021143019F0AEFDEA
:106A6000286919F0F7FDD7E76B68186819F0C0FDC1
:106A700040B93C4803685C07EBD06C4688B06A4676
:106A80003B4BDBE768680121143019F097FD0446A1
:106A900040B1344803685A07DDD06E4688B06A4674
:106AA000344B16E0404619F0A5FD80460028F9D188
:106AB0006B6829691868143183685B6898470446D5
:106AC000A0B1284803685907C5D06E4688B06A4609
:106AD000294B5361254BC2E90634042342F8103F89
:106AE0004FF4015119F099FDB546B4E76868414685
:106AF000143019F063FD04460028CAD1286919F042
:106B0000A9FD6A682869516A136A90F82450B0F99F
:106B100028000B44434393FBF1F311681079896813
:106B200009894B43391D7B60FAF7FEFC0446A8B186
:106B30000C4803685B073FF46FAF6D4688B06A4648
:106B40000E4B5361094BC2E90634042342F8103F4F
:106B50004FF4015119F061FDAD465DE77B682B41B3
:106B6000336059E7D036002063CD050009CE05001B
:106B700095CD0500E9CC0500B0CD0500CFCD0500D1
:106B8000F8B5054600AF214C20461BF037FA034606
:106B9000D8B91F48026852070ED06C4688B06A46C2
:106BA0001C4951611C499161032142F8101F4FF4A7
:106BB000C251EBF761F9A5461849284614F0D6F9F9
:106BC0006FF015042046BD46F8BDA36820461B693A
:106BD000984704460028F5D00D4803685B0710D09D
:106BE0006E4688B06A460E4B53610B4BC2E90634C1
:106BF000042342F8103F00234FF40151EBF73CF916
:106C0000B5460649284614F0B1F9DBE7B838050067
:106C1000D0360020B26F050083CF0500766B0500EB
:106C20006ECE05002DE9F04184B0054600AF394E27
:106C300030461BF0E3F90346E8B9374802685107CC
:106C40000ED06C4688B06A4634495161344991612E
:106C5000032142F8101F4FF4C251EBF70DF9A5467E
:106C60003049284614F082F96FF015042046103799
:106C7000BD46BDE8F081D6F808804FF47A72D8F8A6
:106C80000030391D304698470446C8B12248036891
:106C90005A0710D06E4688B06A46234B5361204B8A
:106CA000C2E90634042342F8103F00234FF4015197
:106CB000EBF7E2F8B5461B49284614F057F9D5E73B
:106CC000D8F8043042F2283207F1080130469847DC
:106CD000044640B1104803685B07ECD06E4688B0AC
:106CE0006A46124BDAE7D8F80830BA6807F10C01A7
:106CF000304698477A680E49284614F01BF9BA685E
:106D00000C49284614F016F9FA680B49284614F085
:106D100011F9ABE7B8380500D0360020B26F050096
:106D20006ECF0500766B050094CE0500C4CE05003D
:106D3000F4CE050011CF05002ECF0500F8B50546AD
:106D400000AF214C20461BF059F90346D8B91F4823
:106D5000026852070ED06C4688B06A461C495161E1
:106D60001C499161032142F8101F4FF4C251EBF707
:106D700083F8A5461849284614F0F8F86FF0150472
:106D80002046BD46F8BDA3682046DB689847044608
:106D90000028F5D00D4803685B0710D06E4688B018
:106DA0006A460E4B53610B4BC2E90634042342F88A
:106DB000103F00234FF40151EBF75EF8B54606494A
:106DC000284614F0D3F8DBE7B8380500D0360020A9
:106DD000B26F05007ACF0500766B05004ACF05003B
:106DE000F0B583B000F1200500AF00230446002277
:106DF000391D28460BF04CFE031E14DA27480268A2
:106E0000540734D06C4688B06A46254951612549FB
:106E1000C2E90613042342F8103F4FF4015119F060
:106E200039FCA54623E054F8143C79685B6818687F
:106E300083684022DE681C4BB047031E1ADA1748ED
:106E4000026851070FD06C4688B06A4617495161F5
:106E50001449C2E90613042342F8103F4FF40151CC
:106E600019F018FCA546796828461BF084F90C3700
:106E7000BD46F0BD012104F1140019F010FCA4F18D
:106E800010000CF0B1F9031EF1DA04480268520751
:106E9000EDD06C4688B06A460549B7E70037002058
:106EA0000AD00500C0D20500A086010031D005003F
:106EB00056D00500B0B5436800AF054658681BF0D2
:106EC0009DF8B8B9234803685A070ED06C4688B0BD
:106ED0006A46214B5361214B9361032342F8103FD3
:106EE0004FF4C25119F0D6FBA5466FF012042046AC
:106EF000BD46B0BD68680121043019F0B7FB0446F7
:106F0000A0B1144803685B07F1D06D4688B06A46AB
:106F1000134B5361114BC2E90634042342F8103F6E
:106F20004FF4015119F0B6FBAD46E0E7002140F601
:106F3000CD400CF095FD68682146043019F096FBB1
:106F400004460028DDD100214FF400400CF088FDFC
:106F5000CDE700BF003700207AD005000BD3050035
:106F6000E9CC05002DE9F04186B00546006900AF87
:106F70000E469046D0304FF0FF334FF0FF320BF00B
:106F800065FE2B69BFF35B8F5B6ABFF35B8F53B901
:106F90002869D03019F081FB6FF00F0420461837B4
:106FA000BD46BDE8F081534C43463246FF212046A2
:106FB00011F09CFC504E0028336819DA590710D0A4
:106FC0006C4688B06A464D4B53614D4BC2E9063062
:106FD000042342F8103F4FF40151304619F05AFB98
:106FE000A5462869D03019F058FB6FF01504D5E795
:106FF000FE2803F0070317DD7BB16C4688B06A46B4
:10700000404B53613E4B9361032342F8103F4FF4D2
:10701000C251304619F03EFBA5462869D03019F020
:107020003CFB6FF06804B9E7022B13D9E8468AB03D
:107030006A46354B5361324BC2E9063440F20133A4
:107040001384324B42F8103F4FF41351304619F07D
:1070500021FBC5462748E5F7E1FA0D232354804676
:107060002869F4301BF022FE6B6818688368214998
:107070005C6808F101024FF0FF33A047041E18DAE4
:1070800033685A0710D06E4688B06A46204B536169
:107090001B4B1948C2E90634042342F8103F4FF451
:1070A000015119F0F7FAB5462869D03019F0F5FA10
:1070B00074E710220021381D1BF061FE0121797454
:1070C0002B69F4337B614FF0FF324FF0FF33381DF3
:1070D0000CF0E8FF041E07DA33685B07E4D06E4665
:1070E00088B06A460B4BD2E72869D03019F0D5FA40
:1070F000002453E761EC0020003700208DD005000C
:1071000060D30500ADD00500C2D005000400000129
:10711000CDD00500EBD0050073B50446BFF35B8FFF
:10712000636ABFF35B8F243063B100211E4BC4F848
:107130001811C4E94711C4E94A11C4F8241119709F
:1071400019F0ADFA184D194E01220DF1070104F5A1
:107150008A7013F050F808B902B070BD2A789DF813
:10716000073042B90D2B01D00A2B01D101232B701E
:1071700000233360E8E70D2B326801D00A2B07D1DA
:10718000002AF5D0E36A002BF2D009489847EFE7D0
:10719000FE2A9DBF0648511C835400239BBF002339
:1071A00043542B703160CFE7E5340020F0C9002054
:1071B00061EB0020F0B583B00B7800AF06460D46BA
:1071C0001446062B00F28180DFE803F018041E400D
:1071D000828591004F48036813F0060F0ED06D466C
:1071E00088B06A464C4B53614C4B9361032342F881
:1071F000103F4FF4C45119F04DFAAD462069F430F8
:1072000000210CF0A7FF60E0CA68002A5DD0D1E938
:1072100001132069194400F58C7012F098FFEB6897
:10722000984204D020690121283019F038FA2069E9
:1072300004300BF0D9FF031E47DA364802685207C4
:1072400043D06C4688B06A46354910E02069002377
:107250000022391D34300BF01BFC031E14DA2D48BC
:107260000268540731D06C4688B06A462D49516196
:107270002A49C2E90613042342F8103F4FF4015192
:1072800019F008FAA54620E0B36879681B69402226
:1072900030469847031E18DA1E48026851070FD07F
:1072A0006D4688B06A46204951611C49C2E90613FF
:1072B000042342F8103F4FF4015119F0EBF9AD46A9
:1072C0002069796834301AF056FF0C37BD46F0BD9E
:1072D00020694968F6E72369BFF35B8FDB6ABFF378
:1072E0005B8F20690BB1E4308AE71430A1E70948CD
:1072F000036813F0060FE8D06C4688B06A460B4B63
:107300005361064B9361032342F8103F4FF4C4517D
:10731000B6E700BF0037002008D10500ECD2050019
:1073200056D005000AD0050024D105004AD1050039
:107330002DE9F04387B00546006900AFD0304FF02B
:10734000FF334FF0FF320BF081FC2B69BFF35B8FF3
:107350005E6ABFF35B8F2EB12869D03019F09DF9BA
:10736000002441E0DFF8549148461BF09AFC2B6959
:107370000222C3F81061C3F80891C3F80C212B69ED
:10738000D3F8140103F5827112F0EAFD041E30DA1D
:107390004B4803685B070FD06E4688B06A46494B7E
:1073A0005361494BC2E90634042342F8103F4FF4BD
:1073B000015119F06FF9B5464148036859070FD0DC
:1073C0006E4688B06A46414B5361414BC2E9063470
:1073D000042342F8103F4FF4015119F05BF9B54610
:1073E0002869D03019F059F920461C37BD46BDE850
:1073F000F08310223146381D1BF0C1FC7B7CC7F89E
:1074000014904FF0010868F305037B744FF0FF32CE
:107410004FF0FF334146381D0CF044FE041E08DADD
:10742000274803685E07C7D06E4688B06A46294B76
:10743000B6E72869E4301BF039FC286900220023F4
:10744000391D34300BF024FB041E08DA1C48036895
:107450005A07C5D06E4688B06A461F4BB4E7286904
:1074600031462C3019F01BF96B687968186883680D
:107470004022DC68194BA047041E19DA1048036843
:107480005B070FD06E4688B06A46154B5361104BB0
:10749000C2E90634042342F8103F4FF4015119F0B9
:1074A000F9F8B5462869796834301AF064FE97E730
:1074B00028694146243019F0F2F84DE7F4C900205C
:1074C0000037002066D105001DD305008AD10500D4
:1074D0002BD30500EBD005000AD00500A0860100E3
:1074E00031D005002DE9F04387B00546006900AFB3
:1074F000D0304FF0FF334FF0FF320BF0A7FB2B697A
:10750000BFF35B8F5B6ABFF35B8F286943B9D030F1
:1075100019F0C3F8002420461C37BD46BDE8F083AF
:1075200001212C3019F0BBF86B68186883685B691F
:107530009847041E18DA3B4803685E070FD06E4672
:1075400088B06A46384B5361384BC2E9063404238D
:1075500042F8103F4FF4015119F09CF8B5462869E4
:10756000D03019F09AF8D6E710220021381D1BF010
:1075700006FC012179742B69E4337B614FF0FF3203
:107580004FF0FF33381D0CF08DFD041E08DA25483E
:1075900003685907E3D06E4688B06A46244BD2E7A9
:1075A0002969D1F8146101F58271304612F053FD5A
:1075B00010F1780F044603D1304612F028FD04463E
:1075C000002C06DB28690021243019F068F82869AE
:1075D0009DE7DFF85090D9F800305A07BFD06E46CB
:1075E00088B06A46134B5361134B4FF00408C2E94D
:1075F00006344FF4015142F8108F484619F04AF80A
:10760000D9F800305B07B546A9D088B06A460B4B65
:107610005361064B4FF40151C2E90634484642F823
:10762000108F99E700370020AED105004CD305003C
:10763000EBD00500D4D105003ED3050002D20500F1
:10764000F8B504460069334900AF04301AF00EFF64
:107650002069314914301AF009FF2069D0301AF03E
:10766000E4FD2069022300F15001402234301AF079
:1076700074FD636858681AF0C1FCB8B927480368FC
:1076800059070ED06C4688B06A46254B5361254B8E
:107690009361032342F8103F4FF4C25118F0FAFFF0
:1076A000A5466FF015042046BD46F8BD63685868CE
:1076B000197A5B890669D0F808C03468DA0754BFC4
:1076C00043F4B01383F4D013012523F480128D40CA
:1076D000DB074CBF2C43AC433460DCF800309847E8
:1076E000041E14DA0D4803685B07DCD06D4688B0D1
:1076F0006A460D4B53610B4BC2E90634042342F832
:10770000103F4FF4015118F0C5FFAD46CBE7002400
:10771000C9E700BF19710300E16D030000370020C5
:1077200026D20500D8D2050042D20500F8B503697B
:10773000196303690025C3E94855C3E94B554FF464
:107740000072C3F8342103F59C72C3F81821C3F802
:107750001C51C3F828510446006900AFF4301BF0F7
:10776000A0FA2069E4301BF09CFA636818681AF0EC
:1077700045FCB8B92D48036859070ED06C4688B04F
:107780006A462B4B53612B4B9361032342F8103F06
:107790004FF4C25118F07EFFA5466FF01204204648
:1077A000BD46F8BD28462669FAF7E8F9C6F814017F
:1077B0002369D3F81431ABB91C4803685A070ED0BB
:1077C0006C4688B06A461C4B53611A4B9361032385
:1077D00042F8103F4FF4C25118F05CFFA5466FF01D
:1077E0000504DCE76368186883681B68CBB1224630
:1077F00012499847041E17DA0C4803685B07CED07D
:107800006D4688B06A460E4B53610A4BC2E9063496
:10781000042342F8103F4FF4015118F03BFFAD46EE
:10782000BDE76FF05704E7E72C46B8E700370020C4
:10783000866B0500FAD2050068D20500B571030019
:1078400098D20500B0B5436800AF0546186818F037
:1078500045FFB8B9464803685C070ED06C4688B04F
:107860006A46444B5361444B9361032342F8103FF3
:107870004FF4C25118F036FFA5466FF012042046AF
:10788000BD46B0BD6B68986818F028FF40B938480D
:1078900003685907F1D06C4688B06A46374BE1E778
:1078A0006B68186918F01AFF40B9314803685A0725
:1078B000E3D06C4688B06A46314BD3E76B68986971
:1078C00018F00CFF40B92A4803685B07D5D06C4616
:1078D00088B06A462B4BC5E7686818F006FF044677
:1078E000A0B1234803685D07C9D06D4688B06A46D9
:1078F000254B5361204BC2E90634042342F8103F64
:107900004FF4015118F0EEFEAD46B8E76868083054
:1079100018F0EBFE044640B1154803685907AED095
:107920006D4688B06A46194BE3E76868103018F076
:10793000DCFE044640B10E4803685A079FD06D46EE
:1079400088B06A46124BD4E76868183018F0CDFE4C
:10795000044640B1064803685B0790D06D4688B086
:107960006A460C4BC5E72869043018F0B9FE86E773
:10797000083700207CD305004CD6050098D30500BD
:10798000B4D30500D0D30500ECD3050021D4050005
:1079900056D405008BD405002DE9F04100AF054613
:1079A0000C461AF01DFE002840F0E98028690430DA
:1079B0004FF0FF334FF0FF320BF054FA2869037F8A
:1079C00043B9043018F08CFE6FF00C042046BD461D
:1079D000BDE8F0816B686B4E186918F07FFEC8B97E
:1079E000336858070FD06C4688B06A46664B5361BF
:1079F000664B9361032342F8103F4FF4C251304667
:107A000018F070FEA5462869043018F069FE6FF082
:107A10001204DBE76B68986918F060FE336830B9D0
:107A20005907F0D06C4688B06A46594BDFE7012C05
:107A300003F007033ED0022C6BD0002C40F0868070
:107A4000022B0FD96C4688B06A46524B53614F4B9C
:107A50009361032342F8103F4FF4C651304618F0AB
:107A600041FEA54668680021103018F023FE044648
:107A7000C0B133685A0710D06E4688B06A46464B8C
:107A80005361424B3F48C2E90634042342F8103F99
:107A90004FF4015118F026FEB5462869043018F05D
:107AA0001FFE93E768682146183018F003FE04466D
:107AB00048B318E0022B0FD96C4688B06A46374BA2
:107AC0005361324B9361032342F8103F4FF4C65188
:107AD000304618F007FEA54668680021183018F0F7
:107AE000E9FD044638B133685B07D6D06E4688B0EE
:107AF0006A462B4BC4E768680121103018F0DAFDA4
:107B000004460028B5D12869043018F0E9FD0024A6
:107B10005CE7022B0FD96C4688B06A46214B536153
:107B20001A4B9361032342F8103F4FF4C65130467D
:107B300018F0D8FDA54668680021103018F0BAFD8D
:107B40000446002895D168680121ADE783B1E84675
:107B500088B06A46144B53610C4BC2E906340423C7
:107B600042F8103F4FF40151304618F0BBFDC546B6
:107B70002869043018F0B4FD6FF0150426E76FF0A3
:107B80000A0423E708370020B4D3050074D60500A3
:107B9000D0D30500C0D40500DAD4050038D50500DF
:107BA00009D5050051D505006AD505002DE9F0413C
:107BB00000AF05460C461AF013FD002840F0E680A1
:107BC000286904304FF0FF334FF0FF320BF04AF9D1
:107BD0002869037F43B9043018F082FD6FF00C046C
:107BE0002046BD46BDE8F0816B686A4E186818F003
:107BF00075FDC8B9336858070FD06C4688B06A461F
:107C0000654B5361654B9361032342F8103F4FF47A
:107C1000C251304618F066FDA5462869043018F0B8
:107C20005FFD6FF01204DBE76B68986818F056FD93
:107C3000336830B95907F0D06C4688B06A46584B63
:107C4000DFE7012C03F007033DD0022C69D0002CA4
:107C500040F08380022B0FD96C4688B06A46514BA6
:107C600053614E4B9361032342F8103F4FF4C651CA
:107C7000304618F037FDA5466868002118F01AFD57
:107C80000446C0B133685A0710D06E4688B06A46C1
:107C9000454B5361414B3F48C2E90634042342F847
:107CA000103F4FF4015118F01DFDB546286904300E
:107CB00018F016FD94E768682146083018F0FAFCC1
:107CC000044640B318E0022B0FD96C4688B06A46D0
:107CD000364B5361314B9361032342F8103F4FF40D
:107CE000C651304618F0FEFCA546686800210830F1
:107CF00018F0E0FC044638B133685B07D6D06E4616
:107D000088B06A462A4BC4E76868012118F0D2FCA3
:107D100004460028B6D12869043018F0E1FC00249C
:107D20005EE7022B0FD96C4688B06A46214B53613F
:107D30001A4B9361032342F8103F4FF4C65130466B
:107D400018F0D0FCA5466868002118F0B3FC044682
:107D5000002897D168680121AFE783B1E84688B071
:107D60006A46154B53610D4BC2E90634042342F8B1
:107D7000103F4FF40151304618F0B4FCC546286955
:107D8000043018F0ADFC6FF0150429E76FF00A0419
:107D900026E700BF083700207CD305005BD605002E
:107DA00098D3050082D505009ED50500FCD50500B9
:107DB000CDD5050017D6050032D60500F8B5A64E7C
:107DC000336803F00703022B00AF05460FD96C465A
:107DD00088B06A46A14B5361A14B9361032342F8DB
:107DE000103F4FF4C651304618F0FCFCA5466B68B6
:107DF000986818F0F5FCB8B9336859070FD06C468D
:107E000088B06A46974B5361954B9361032342F8C0
:107E1000103F91484FF4C25118F0E4FCA5466FF0B2
:107E200015042046BD46F8BD6B68186918F0D8FCEB
:107E30000028E1D06B68986918F0D2FC0028DBD0EC
:107E40006B68186A18F0CCFC0028D5D06B68186BEA
:107E500018F0C6FC0028CFD06B68986B18F0C0FCF7
:107E60000028C9D06B68186C18F0BAFC0028C3D081
:107E70006B68986C18F0B4FC0028BDD06B68986DE6
:107E800018F0AEFC0028B7D06B68186E18F0A8FC8C
:107E90000028B1D06B68986E18F0A2FC0028ABD017
:107EA0006B68186F18F09CFC0028A5D06B68D3F89D
:107EB000800018F095FC00289ED06B68D3F88800ED
:107EC00018F08EFC002897D06B68D3F8900018F05B
:107ED00087FC002890D06B68D3F8980018F080FCDD
:107EE000002889D068684FF48031083018F059FCB8
:107EF0000446A0B133685A0793D06D4688B06A46ED
:107F0000594B5361564B5448C2E90634042342F896
:107F1000103F4FF4015118F065FCAD4681E76868E9
:107F20004FF48031103018F03CFC04460028E1D1B9
:107F300068684FF48031183018F033FC044600288C
:107F4000D8D168684FF48031203018F02AFC0446FC
:107F50000028CFD168684FF48031303018F021FC10
:107F600004460028C6D168684FF48031383018F0D4
:107F700018FC04460028BDD168684FF480314030B9
:107F800018F00FFC04460028B4D168684FF4803123
:107F9000483018F006FC04460028ABD168684FF45E
:107FA0008031583018F0FDFB04460028A2D16868E3
:107FB0004FF48031603018F0F4FB0446002899D16A
:107FC00068684FF48031683018F0EBFB04460028F5
:107FD00090D168684FF48031703018F0E2FB0446AD
:107FE000002887D168684FF48031803018F0D9FBC1
:107FF000044600287FF47EAF68684FF480318830F3
:1080000018F0CFFB044690B1134803685B073FF4B8
:1080100008AF6D4688B06A46134B5361104BC2E9F6
:108020000634042342F8103F4FF4015173E76868A7
:108030004FF48031903018F0B4FB04460028E3D1AF
:1080400068684FF48031983018F0ABFB0446002884
:108050003FF4E7AED8E700BF1C370020C16405003D
:10806000C2D60500866B0500E76B0500F8B505462E
:1080700000AF16460C46002978D14368986818F07E
:10808000AFFB88B9A04803685E0700F0CA816C4660
:1080900088B06A469D4B53619D4B9361032342F820
:1080A000103F4FF4C251B9E12B691B79B34248D05C
:1080B00068684FF48031083018F073FB044690B1C3
:1080C000914803685A0700F0AE816D4688B06A4651
:1080D000904B53618E4BC2E90634042342F8103FA3
:1080E0004FF40151E2E068684FF48031103018F02D
:1080F00058FB04460028E3D168684FF480311830FB
:1081000018F04FFB04460028DAD168684FF480313C
:10811000203018F046FB04460028D1D1052E00F28D
:108120006C81DFE806F00C031919101E68684FF423
:10813000D011103018F035FB04460028C0D12B694F
:108140001E7100246FE168684FF4D011203018F0E0
:1081500028FB04460028B3D168684FF4D0111830CA
:10816000E8E768684FF4D0110830E3E7012957D1F8
:108170004368186B18F034FB002883D02B695B79B7
:10818000B342DED068684FF48031303018F009FB1C
:108190000446002894D168684FF48031383018F0D4
:1081A00000FB044600288BD168684FF480314030D2
:1081B00018F0F7FA0446002882D168684FF480313D
:1081C000483018F0EEFA044600287FF479AF052E07
:1081D00000F21381DFE806F00D031A1A101F686819
:1081E0004FF4D011383018F0DCFA044600287FF440
:1081F00067AF2B695E71A4E768684FF4D01148300F
:1082000018F0CFFA044600287FF45AAF68684FF49C
:10821000D0114030E7E768684FF4D0113030E2E722
:10822000022979D14368986D18F0DAFA00283FF4F2
:1082300029AF2B699B79B34283D068684FF48031B2
:10824000583018F0AEFA044600287FF439AF686859
:108250004FF48031603018F0A4FA044600287FF40F
:108260002FAF68684FF48031683018F09AFA0446EE
:1082700000287FF425AF68684FF48031703018F023
:1082800090FA0446B0B1204B1B68590700F0CB8030
:108290006D4688B06A461F4B53611D4B1A48C2E9B0
:1082A0000634042342F8103F4FF4015118F09AFAB3
:1082B000AD46B8E0052E00F2A080DFE806F00D0321
:1082C0001A1A101F68684FF4D011603018F069FA5C
:1082D000044600287FF4F4AE2B699E7131E768688C
:1082E0004FF4D011703018F05CFA044600287FF487
:1082F000E7AE68684FF4D0116830E7E768684FF47C
:10830000D0115830E2E700BF1C370020866B050013
:10831000CED60500E76B050003297FF412AF436852
:10832000D3F8800018F05CFA90B9404803685D0704
:1083300077D06D4688B06A463D4B53613D4B9361A3
:108340004FF4C25142F8104F18F04CFAAD4668E0B5
:108350002B69DB79B3423FF4F4AE68684FF48031A7
:10836000803018F01EFA044600287FF4A9AE686831
:108370004FF48031883018F014FA044600287FF456
:108380009FAE68684FF48031903018F00AFA0446C6
:1083900000287FF478AF68684FF48031983018F087
:1083A00000FA044600287FF48BAE052E25D8DFE8BE
:1083B00006F00D031A1A101F68684FF4D0118830A8
:1083C00018F0EFF9044600287FF47AAE2B69DE71CD
:1083D000B7E668684FF4D011983018F0E2F9044617
:1083E00000287FF46DAE68684FF4D0119030E7E755
:1083F00068684FF4D0118030E2E70C4803685B07EF
:108400000FD06C4688B06A460B4B5361094BC2E9EA
:108410000636042342F8103F4FF4015118F0E2F9F8
:10842000A5466FF015042046BD46F8BD1C37002058
:10843000866B0500CED6050095D6050098B500AF31
:10844000032911D8DFE801F002070A0D4368136021
:108450000020BD4698BD43682833F8E74368503391
:10846000F5E743687833F2E70B4803685B0702D10E
:108470006FF01500EDE76C4688B06A46074B536114
:10848000074BC2E90631042342F8103F4FF4015173
:1084900018F0A8F9A546EBE71C370020AAD605007E
:1084A000DFD6050030B403460A46006819798368B0
:1084B00005699C697CB1130206D52D6801238B40A8
:1084C0002B4218BF82F0C062054BA446134030BC5B
:1084D00002F0B07260476FF0570030BC704700BFC9
:1084E0004000000698B551F8143C586800AF0C469F
:1084F00008304FF40011FFF7D5FF0346A8B10D482F
:10850000026852070FD06C4688B06A460A4951612A
:108510000A49C2E90613042342F8103F4FF40151FF
:1085200018F069F9A546BD4698BDA4F110000AF0FF
:108530005BFEF8E72037002009D70500CADB0500FD
:108540002DE9F04784B0436800AF05460E46186831
:10855000144619F053FDC8B9314803685A070ED0C4
:108560006C4688B06A462F4B53612F4B93610323AF
:1085700042F8103F4FF4C25118F03DF9A5466FF094
:10858000120420461037BD46BDE8F0873E70230A2E
:10859000234EDFF898907B70BC704FF008086B6832
:1085A000032218689B88BA6002227F603A733A7B84
:1085B000816842F002023A738C680122391DA0479B
:1085C00004460028DDD0336813F0060F10D0EA46C9
:1085D00088B06A46144BC2F81490C2E906300423EE
:1085E00042F8103F4FF40251304618F004F9D546D6
:1085F000B8F10108D3D133685B07C2D06D4688B0AB
:108600006A460A4B5361084B0548C2E90634042305
:1086100042F8103F4FF4015118F0EDF8AD46B0E7C5
:1086200020370020866B0500D5DC05003FD705000C
:10863000B0B55378147892781B0143EA04230331D0
:1086400000AF1A43C9B2FFF77BFF044698B10B484D
:1086500003685B070FD06D4688B06A46084B5361CC
:10866000084BC2E90634042342F8103F4FF401518D
:1086700018F0C1F8AD462046BD46B0BD20370020F9
:108680005FD70500DBDC0500B0B50A784B7800AF9A
:1086900043EA02120221FFF753FF044698B10B4848
:1086A00003685B070FD06D4688B06A46084B53617C
:1086B000084BC2E90634042342F8103F4FF401513D
:1086C00018F099F8AD462046BD46B0BD20370020D1
:1086D0005FD70500C3DC0500B0B54368197C48F2DC
:1086E000030248F20103002908BF1A4600AF012126
:1086F000FFF726FF044698B10B4803685B070FD0CD
:108700006D4688B06A46094B5361094BC2E906348D
:10871000042342F8103F4FF4015118F06CF8AD46B5
:108720002046BD46B0BD00BF203700205FD7050002
:10873000EFDB0500F8B5436800AF0546986819F00F
:108740005DFCB8B93A4803685C070ED06C4688B047
:108750006A46384B5361384B9361032342F8103F0C
:108760004FF4C25118F047F8A5466FF012042046A6
:10877000BD46F8BD6B689868197BDB8943F480328D
:108780000669D0F808C013F0010F4FF001043368F8
:1087900004FA01F414BF2343A3433360DCF8003030
:1087A00098470446A0B1224803685907DFD06D46B8
:1087B00088B06A46214B53611F4BC2E9063404233B
:1087C00042F8103F4FF4015118F015F8AD46CEE7CE
:1087D0006B6829691B7B1A48012202FA03F3C1E97D
:1087E00006036B68296998688368DB691431A3B153
:1087F0009847044698B968684FF098610830FFF7C9
:1088000051FE04460028B2D0094803685B07AED089
:108810006D4688B06A460B4BCDE76FF057040448AD
:1088200003685A07A3D06D4688B06A46064BC2E774
:10883000203700207BD70500D6DB050094D7050044
:10884000E584030009D70500BBD705002DE9F04FEB
:108850008BB0436800AF054691461868F97119F06E
:10886000CDFBC8B9364803685A070ED06C4688B0AD
:108870006A46344B5361344B9361032342F8103FF3
:108880004FF4C25117F0B7FFA5466FF0120420460F
:108890002C37BD46BDE8F08F294EDFF8B0A04FF071
:1088A00008086B68FA1D18683A6101229B887A6192
:1088B00000223A7607F10E02FA61072102223A629B
:1088C00087F8241097F824108468114387F824103F
:1088D000A46807F11001A047044620B9FB895BBAE0
:1088E000A9F80030D3E7336813F0060F10D0EB4639
:1088F00088B06A46144BC2F814A0C2E906300423BB
:1089000042F8103F4FF40251304617F074FFDD4635
:10891000B8F10108C5D133685B07B8D06D4688B09F
:108920006A460A4B5361084B0548C2E906340423E2
:1089300042F8103F4FF4015117F05DFFAD46A6E736
:1089400020370020866B0500A6DC0500E3D7050074
:108950002DE9F047202A82B0924600AF81460D46AD
:1089600090464FF0000628BF4FF0200A564504D32A
:108970004544002405F8014C1CE0A6F12001BA1D75
:10898000C9B24846FFF762FF0446C0B10E4803680B
:108990005B070FD06D4688B06A460C4B53610C4B99
:1089A000C2E90634042342F8103F4FF4015117F096
:1089B00022FFAD4620460837BD46BDE8F087FB885C
:1089C000AB550136D2E700BF2037002008D805009C
:1089D000ABDC05002DE9F047202A82B0924600AFBB
:1089E00081460D4690464FF0000628BF4FF0200A02
:1089F000564504D34544002405F8014C1CE0A6F17B
:108A00004001BA1DC9B24846FFF720FF0446C0B175
:108A10000E4803685B070FD06D4688B06A460C4B62
:108A200053610C4BC2E90634042342F8103F4FF463
:108A3000015117F0E0FEAD4620460837BD46BDE8BF
:108A4000F087FB88AB550136D2E700BF2037002006
:108A500008D805008FDC0500F0B583B000AF0D46E7
:108A60003A1DBE210646FFF7F1FE0446B8B1134891
:108A700003685B070FD06D4688B06A46104B5361A0
:108A8000104BC2E90634042342F8103F4FF4015161
:108A900017F0B1FEAD4620460C37BD46F0BDBA1DFD
:108AA000BF213046FFF7D2FE04460028DFD1BA8846
:108AB000FB8843EA02432B60EDE700BF203700202C
:108AC00008D8050079DC0500F0B583B000AF0D468D
:108AD0003A1DBC210646FFF7B9FE0446B8B113485B
:108AE00003685B070FD06D4688B06A46104B536130
:108AF000104BC2E90634042342F8103F4FF40151F1
:108B000017F079FEAD4620460C37BD46F0BDBA1DC4
:108B1000BD213046FFF79AFE04460028DFD1BA880F
:108B2000FB8843EA02432B60EDE700BF20370020BB
:108B300008D8050063DC0500B0B582B000AF0D4673
:108B4000BA1DBB21FFF782FE0446B8B10D48036889
:108B50005B070FD06D4688B06A460B4B53610B4BD9
:108B6000C2E90634042342F8103F4FF4015117F0D4
:108B700042FEAD4620460837BD46B0BDFB882B807F
:108B8000F8E700BF2037002008D805004CDC0500BE
:108B9000F0B583B000AF0D463A1DB9210646FFF788
:108BA00055FE0446B8B1134803685B070FD06D4605
:108BB00088B06A46104B5361104BC2E90634042357
:108BC00042F8103F4FF4015117F015FEAD46204614
:108BD0000C37BD46F0BDBA1DBA213046FFF736FE50
:108BE00004460028DFD1BA88FB8843EA02432B60A1
:108BF000EDE700BF2037002008D8050033DC050072
:108C0000B0B582B000AF0D46BA1D1421FFF71EFEAD
:108C10000446B8B10D4803685B070FD06D4688B0B5
:108C20006A460B4B53610B4BC2E90634042342F8EE
:108C3000103F4FF4015117F0DEFDAD4620460837D6
:108C4000BD46B0BDFB882B80F8E700BF2037002071
:108C500008D8050020DC0500B0B582B000AF0D4695
:108C6000BA1D1321FFF7F2FD0446B8B10D480368A1
:108C70005B070FD06D4688B06A460B4B53610B4BB8
:108C8000C2E90634042342F8103F4FF4015117F0B3
:108C9000B2FDAD4620460837BD46B0BDFB882B80EF
:108CA000F8E700BF2037002008D805000EDC0500DB
:108CB000B0B582B000AF0C46BA1D1221FFF7C6FD59
:108CC0000546B8B1154803685B070FD06C4688B0FD
:108CD0006A46134B5361134BC2E90635042342F82D
:108CE000103F4FF4015117F086FDA546284608377E
:108CF000BD46B0BDFB88C3F380122270C3F30012DF
:108D00006270C3F3C002A270C3F38002E270C3F3C7
:108D1000400203F0010322716371E7E7203700206E
:108D200008D80500FCDB0500F0B583B0044600AFB1
:108D300050F8040C00233A1D1521BB804668FFF74C
:108D400085FD034698B1A348026855070FD06D46CC
:108D500088B06A46A0495161A049C2E906130423BC
:108D600042F8103F4FF4015117F045FDAD46BA8867
:108D700054F8040C1521FFF7E3FB034698B195481E
:108D8000026851070FD06D4688B06A469449516118
:108D90009249C2E90613042342F8103F4FF40151EF
:108DA00017F029FDAD46002354F8040CFB80BA1DD2
:108DB0001621FFF74BFD034698B18648026852071B
:108DC0000FD06D4688B06A46834951618349C2E934
:108DD0000613042342F8103F4FF4015117F00BFD26
:108DE000AD46FA8854F8040C1621FFF7A9FB034698
:108DF00098B17848026855070FD06D4688B06A462A
:108E0000774951617549C2E90613042342F8103FBE
:108E10004FF4015117F0EFFCAD46E369002B00F071
:108E2000BA80BA88FD8855EA024504D5226A54F80A
:108E3000040C1F219847280205D5D4E9073254F8BD
:108E4000040C17219847690205D5D4E9073254F874
:108E5000040C162198472A0305D5D4E9073254F8A3
:108E6000040C132198476B0305D5D4E9073254F855
:108E7000040C12219847A80305D5D4E9073254F809
:108E8000040C11219847E90305D5D4E9073254F8B9
:108E9000040C102198472A0405D5D4E9073254F868
:108EA000040C0F2198476B0405D5D4E9073254F818
:108EB000040C0E219847A80405D5D4E9073254F8CC
:108EC000040C0D219847E90405D5D4E9073254F87C
:108ED000040C0C2198472A0505D5D4E9073254F82B
:108EE000040C0B2198476B0505D5D4E9073254F8DB
:108EF000040C0A219847A80505D5D4E9073254F88F
:108F0000040C09219847E90505D5D4E9073254F83E
:108F1000040C082198472A0605D5D4E9073254F8ED
:108F2000040C072198476B0605D5D4E9073254F89D
:108F3000040C06219847A80605D5D4E9073254F851
:108F4000040C05219847E90605D5D4E9073254F801
:108F5000040C042198472A0705D5D4E9073254F8B0
:108F6000040C032198476B0705D5D4E9073254F860
:108F7000040C02219847A80705D5D4E9073254F814
:108F8000040C01219847E90705D5D4E9073254F8C4
:108F9000040C002198474FF0986106F10800FFF794
:108FA00081FA034698B10B48026852070FD06C460D
:108FB00088B06A460B4951610849C2E90613042387
:108FC00042F8103F4FF4015117F015FCA5460C373D
:108FD000BD46F0BD2037002008D80500B2DB0500F3
:108FE0005FD7050009D705002DE9F04182B004469E
:108FF0000069204900AF043019F038FA6368186836
:1090000018F0FCFFC8B91C4803685C070ED06C461A
:1090100088B06A46194B5361194B9361032342F898
:10902000103F4FF4C25117F0E6FBA5466FF015064E
:1090300030460837BD46BDE8F081BA1D0021204604
:10904000FFF704FC0646F8B10B4803685907EFD058
:109050006C4688B06A460B4B5361094BC2E9063631
:10906000042342F8103F4FF4015117F0C4FBA5460A
:10907000DEE700BF298D0300203700200DB8050072
:10908000BFDB050008D80500FB88012B00F25E82DB
:10909000AC4D2B6813F0060F0FD0E84688B06A4637
:1090A000A94B5361A94B9361032342F8103F4FF43E
:1090B000C451284617F09FFBC546002201212046D7
:1090C000FFF73EFAA0B12B6813F0060F10D0E84668
:1090D00088B06A469E4B53619C4BC2E9063004231C
:1090E00042F8103F97484FF4025117F084FBC546F1
:1090F000002202212046FFF723FAA0B12B6813F0CB
:10910000060F10D0E84688B06A46924B53618F4BE9
:10911000C2E90630042342F8103F8A484FF4025156
:1091200017F069FBC546002203212046FFF708FA25
:10913000A0B12B6813F0060F10D0E84688B06A463D
:10914000854B5361814BC2E90630042342F8103F3E
:109150007C484FF4025117F04EFBC5460022042113
:109160002046FFF7EDF9A0B12B6813F0060F10D0E1
:10917000E84688B06A46794B5361744BC2E90630C1
:10918000042342F8103F6F484FF4025117F033FBAD
:10919000C546002205212046FFF7D2F9A0B12B6871
:1091A00013F0060F10D0E84688B06A466C4B536146
:1091B000664BC2E90630042342F8103F61484FF481
:1091C000025117F018FBC546002206212046FFF782
:1091D000B7F9A0B12B6813F0060F10D0E84688B09D
:1091E0006A46604B5361594BC2E90630042342F88A
:1091F000103F54484FF4025117F0FDFAC5460022C3
:1092000007212046FFF79CF9A0B12B6813F0060F49
:1092100010D0E84688B06A46534B53614B4BC2E9C5
:109220000630042342F8103F46484FF4025117F02D
:10923000E2FAC546002208212046FFF781F9A0B1D5
:109240002B6813F0060F10D0E84688B06A46474BEB
:1092500053613E4BC2E90630042342F8103F3948BF
:109260004FF4025117F0C7FAC546002209212046E3
:10927000FFF766F9A0B12B6813F0060F10D0E8468F
:1092800088B06A463A4B5361304BC2E9063004233A
:1092900042F8103F2B484FF4025117F0ACFAC54684
:1092A00000220A212046FFF74BF9A0B12B6813F0EA
:1092B000060F10D0E84688B06A462E4B5361234B08
:1092C000C2E90630042342F8103F1E484FF4025111
:1092D00017F091FAC54600220B212046FFF730F91E
:1092E000A0B12B6813F0060F10D0E84688B06A468C
:1092F000214B5361154BC2E90630042342F8103F5D
:1093000010484FF4025117F076FAC54600220C219E
:109310002046FFF715F998B32B6813F0060F2FD0EE
:10932000E84688B06A46154B5361084BC2E90630DF
:10933000042342F8103F03484FF4025117F05BFA40
:10934000C5461DE02037002023D80500BFDB0500FF
:1093500048D8050076D80500A4D80500D2D8050065
:1093600000D905002ED905005CD905008AD9050071
:10937000B8D90500E6D9050014DA050042DA05007F
:1093800000220D212046FFF7DBF8A0B12B6813F077
:10939000060F10D0E84688B06A467C4B53617C4B80
:1093A000C2E90630042342F8103F7A484FF40251D4
:1093B00017F021FAC54600220E212046FFF7C0F81B
:1093C000A0B12B6813F0060F10D0E84688B06A46AB
:1093D000714B53616E4BC2E90630042342F8103FD3
:1093E0006C484FF4025117F006FAC54600220F21CF
:1093F0002046FFF7A5F8A0B12B6813F0060F10D098
:10940000E84688B06A46654B5361614BC2E9063055
:10941000042342F8103F5F484FF4025117F0EBF974
:10942000C546002210212046FFF78AF8A0B12B681C
:1094300013F0060F10D0E84688B06A46584B5361C7
:10944000534BC2E90630042342F8103F51484FF411
:10945000025117F0D0F9C546002211212046FFF72E
:109460006FF8A0B12B6813F0060F10D0E84688B053
:109470006A464C4B5361464BC2E90630042342F81E
:10948000103F44484FF4025117F0B5F9C5464FF666
:10949000FF7215212046FFF753F8A0B12B6813F097
:1094A000060F10D0E84688B06A463F4B5361384BF0
:1094B000C2E90630042342F8103F36484FF4025107
:1094C00017F099F9C5464FF6FF7216212046FFF7AF
:1094D00037F8A0B12B6813F0060F10D0E84688B01B
:1094E0006A46324B53612A4BC2E90630042342F8E4
:1094F000103F28484FF4025117F07DF9C5466368C4
:10950000197C48F2030248F20103002908BF1A46F9
:1095100020460121FFF714F8044600283FF488ADE7
:109520002B685A0710D06D4688B06A46204B5361AD
:10953000174BC2E90630042342F8103F15484FF498
:10954000015117F058F9AD46264671E520464FF611
:10955000FF720121FEF7F4FF044688B10D4803684D
:109560005B07F1D06D4688B06A46114B5361084BDA
:10957000C2E90634042342F8103F4FF40151E0E7FA
:1095800000214FF480400AF06BFA51E570DA0500D3
:10959000BFDB0500203700209EDA0500CCDA05008D
:1095A000FADA050028DB050056DB050084DB050040
:1095B0005FD70500014809F0C1BB00BFCC380020CF
:1095C000012910B5044609D95268064911F0CEFCAC
:1095D000204611F0D9FC6FF0150010BD11F0D4FC3D
:1095E0000020FAE7AB650500F0B585B000AF044692
:1095F00007F10C0307F10802391D3846E3F7F0FCC8
:109600000546E0B11E4803685B0710D06E4688B07F
:109610006A461C4B53611C4BC2E90635042342F8D1
:10962000103F00234FF40151E8F726FCB5461749D7
:10963000204611F09BFC28461437BD46F0BD386823
:10964000DEF7E8FA02460B462046114911F072FC9B
:109650007868DEF7DFFA02460B4620460D4911F026
:1096600069FCB868DEF7D6FA02460B4620460A497E
:1096700011F060FCFA680949204611F05BFCDAE75A
:10968000CC360020C5720500E4DD0500766B0500D0
:1096900085DD05009FDD0500B9DD0500D3DD050092
:1096A000044A054B116819609188927999809A71E2
:1096B0000020704768ED002061ED002007B50B46E3
:1096C000009201210246034801F03AFB03B05DF825
:1096D00004FB00BF1457050008B5024901F086F9E4
:1096E000002008BD1457050002460121014801F081
:1096F0001BBC00BF1457050007B5CDE900230B467E
:1097000002460121024801F0C5FB03B05DF804FBED
:1097100014570500012910B5044609D952680649B5
:1097200011F024FC204611F02FFC6FF0150010BD45
:1097300011F02AFC0020FAE7AB650500B0B582B055
:10974000274C284900AF00203A1D7860F7F748FC05
:10975000236803F00703022B13D96D468AB07B6898
:109760006A46214951612149C2E90613082313625F
:10977000052342F8103F4FF42351204617F00EF90D
:10978000AD467B68072B18DD19490020EFF790F9EB
:109790002368A8B15B0710D06C4688B06A46154BA9
:1097A0005361124BC2E90630042342F8103F4FF4D4
:1097B00001510B4817F0F2F8A5460837BD46B0BD79
:1097C00013F0060FF9D06C4688B06A460A4B536115
:1097D000064B9361032342F8103F4FF4C451E8E76E
:1097E000D4360020950905002DDE0500C3E10500F3
:1097F0001B8D05004ADE05006ADE050098B512489B
:10980000036803F00703022B00AF0FD96C4688B042
:109810006A460E4B53610E4BC2E90631042342F8EF
:10982000103F4FF4035117F0B9F8A546094CEAF779
:109830001DFC206818B1F1F719FE00232360FFF723
:109840007DFFBD4698BD00BFD43600208ADE0500EE
:10985000D9E1050008CA0020B0B504461A480368DB
:1098600000AF03F0070391B17BB16C4688B06A4644
:10987000164B5361164BC2E90631042342F8103FE0
:109880004FF4015117F08AF8A546BD46B0BD022B32
:109890000ED96D4688B06A460E4B53610C4B9361EE
:1098A000032342F8103F4FF4C65117F077F8AD4646
:1098B000204614F042F8084B18602046EAF7E2FB15
:1098C000FFF73CFFE1E700BFD4360020A8DE05002B
:1098D000B9E10500CBDE050008CA0020F0B5A14DB6
:1098E0008DB02B6803F00703022B02AF0FD96C4633
:1098F00088B002AA9C4B53619C4B9361032342F8AE
:10990000103F4FF4C651284617F048F8A54698482E
:1099100017F0CDF89748E9F7FBF80446B8B12B6883
:109920005B0710D06D4688B002AA934B53618F4BF2
:109930008C48C2E90634042342F8103F4FF4015129
:1099400017F02CF8AD4620462C37BD46F0BD8B48AD
:10995000E9F730F8044638B12B685E07F3D06D465E
:1099600088B002AA864BE1E78649844801F00AF8EC
:109970002046EFF707FF044638B12B685D07E2D0B9
:109980006D4688B002AA804BD0E711F0A6F80446D5
:1099900038B12B685807D6D06D4688B002AA7B4BE9
:1099A000C4E7FFF7CBFE7A48F2F74EFB044638B126
:1099B0002B685907C7D06D4688B002AA754BB5E72A
:1099C0007548F2F75BFB044638B12B685A07BAD0EA
:1099D0006D4688B002AA714BA8E7381D01F018FF48
:1099E0000446002800F08C802B6813F0060F10D07E
:1099F0006E4688B002AA6A4B53616A4BC2E90630D0
:109A0000042342F8103F4FF40251564816F0C6FFA7
:109A1000B5462B6813F0060F10D06E4688B002AA28
:109A2000614B5361514B4F48C2E90634042342F85D
:109A3000103F4FF4025116F0B1FFB54607F1080090
:109A400001F03CFFB0B12B6813F0060F10D06C464C
:109A500088B002AA554B5361554BC2E90630042326
:109A600042F8103F3F484FF4025116F097FFA546C9
:109A70000023BB604F48017800296FD00A220021E3
:109A80000DF0ECFC4C4B984240F2A6802B685C0732
:109A900010D06C4688B002AA484B5361444BC2E9CF
:109AA0000630042342F8103F2E484FF4015116F0BF
:109AB00075FFA5466FF015042B6813F0060F10D044
:109AC0006E4688B002AA3E4B5361284B2548C2E936
:109AD0000634042342F8103F4FF4025116F05EFFA3
:109AE000B546EAF7EDFA0446002800F091802B68AD
:109AF0005A073FF428AF6D4688B002AA314B15E7EC
:109B00007B680093304A314B1D2107F108000DF0AE
:109B100053FB041E11DA2B685B073FF47AAF6E46E5
:109B200088B002AA2A4B53611E4BC2E906340423B3
:109B300042F8103F4FF4015167E707F10800EFF7D3
:109B400085FA044600283FF479AF2B685E073FF49E
:109B500060AF6E4688B002AA1E4BE4E7B868D8B37F
:109B60000A228DE7D4360020C1640500B4E1050067
:109B70001457050038320020DB6405005BEC05005B
:109B800007650500D9960300D9DE0500F9DE05005A
:109B9000603200201DDF0500503200204CDF050040
:109BA00080DF05006EE10500F8DF05001EE005001E
:109BB00061E1050061ED00203F420F004DE005002E
:109BC0008BE00500AEE00500B1DF05006F8F0500FA
:109BD000B7DF0500D6DF0500F6F7FAFB04460028DC
:109BE0003FF47FAF2B6859073FF466AF6E4688B0ED
:109BF00002AA154B5361154BC2E90630042342F803
:109C0000103F13484FF4015116F0C8FEB54653E714
:109C1000104E0FCE07F108040FC4336823600122F1
:109C20000D4B0E49009207F10800F0F79FFE044625
:109C300000283FF488AE2B685B073FF484AE6D4686
:109C400088B002AA064B71E666E0050061E10500F6
:109C5000D436002090400500045705000C5705003D
:109C6000D6E0050070B503788AB004460E4607AD0D
:109C7000032B20D8DFE803F002191B1D11492846E9
:109C8000E2F7C4FC059563780493A3780393E37823
:109C900002932379019363790093A3790A4A1E21E1
:109CA00030460DF089FA0AB070BD0849E7E7084967
:109CB000E5E70849E3E7084A0A2128460DF07CFA5F
:109CC000E0E700BF2E8D0500508D0500358D0500A5
:109CD0003C8D0500468D0500B3EB0500F0B589B05D
:109CE00000AF0D46044613F0F4FE3946FFF7BAFF05
:109CF0001048036803F00703022B13D96E468AB09D
:109D00006A460D4B53610D4B1562C2E9063740F2AE
:109D1000013393840A4B42F8103F4FF4335116F04D
:109D20003DFEB5460521204613F044FE2437BD46CE
:109D3000F0BD00BFD4360020FCE00500A0E1050026
:109D400005000001B0B588B000AF0C4613F0C1FEAD
:109D50003946FFF787FF0E48036803F00703022B1D
:109D600013D96D468AB06A460A4B53610A4B146296
:109D7000C2E9063740F201339384084B42F8103FA2
:109D80004FF4335116F00AFEAD462037BD46B0BD44
:109D9000D436002020E105008AE10500050000011D
:109DA00090B589B000AF13F094FE3946FFF75AFF23
:109DB0000D48036803F00703022B12D96C468AB0E2
:109DC0006A460A4B53610A4BC2E9063740F2013337
:109DD0001384084B42F8103F4FF4135116F0DEFD88
:109DE000A5462437BD4690BDD436002047E1050086
:109DF0007EE1050004000001014809F0F5B900BF4B
:109E00007832002007B54FF420320023CDE900233B
:109E10000448002200230AF00BF9002003B05DF88B
:109E200004FB00BFF037002010B588B018F084FDA7
:109E30004FF47A72A0FB020302FB0131C00B4FF416
:109E40007A72002340EA4140C90BDEF73FFD0C4B1C
:109E500002930C4B039300240823CDE900010DEB82
:109E600003012046CDF81640CDF81A40ADF81E404B
:109E7000CDF810D0ADF81430F5F792F908B010BD58
:109E8000F73400203C570500B0B500AF19463B8AB7
:109E9000002B58D11478D4B9012957D12D48036823
:109EA00003F00703022B0FD96D4688B06A462A4B90
:109EB00053612A4B9361032342F8103F4FF4C6517C
:109EC0002346E7F7D9FFAD460120E6F737FF012C1F
:109ED0001CD101293AD11F48026802F00702022A68
:109EE0000ED96C4688B06A461D4951611B49916183
:109EF000032142F8101F4FF4C651E7F7BDFFA546F6
:109F0000012000F0D7FB0120BD46B0BD022C1DD1C1
:109F100001291BD10F48026802F00702022A0ED95C
:109F20006C4688B06A460F4951610C499161032122
:109F300042F8101F4FF4C651E7F79EFFA5460120D7
:109F400000F0DCFBDFE76FF00600DDE76FF00200FA
:109F5000DAE700BFD83600201CE2050066E2050003
:109F600031E205004BE2050038B5094B50F8102CE2
:109F70001D68084B044608481B68201A4FF0000172
:109F800018BF0120A847002344F8103C38BD00BF8B
:109F900048CA002044CA00204074002030B4074B57
:109FA000074D1C68074B50F8282C1B68401BA44623
:109FB0004FF0010130BC18BF0120604748CA0020A3
:109FC0006074002044CA0020F8B5194B1B680F4686
:109FD0002BB3184A184B194C904208BF1C4618F076
:109FE000ABFC4FF47A73A0FB030603FB0166C50BC1
:109FF00045EA4645F60B87B9D4E9003240F2E9312B
:10A00000EB1A66EB02028B4272F1000108DBC4E935
:10A01000043204F1380009F0E7F8C4E90056F8BD4D
:10A0200004F1280009F0E0F8A3680133A360F4E725
:10A0300048CA00208075002028740020A8730020E2
:10A04000012910B5044609D95268064910F08EFF5F
:10A05000204610F099FF6FF0150010BD10F094FF2E
:10A060000020FAE7AB650500B0B5904D2B6803F012
:10A070000703022B00AF0FD96C4688B06A468C4BA1
:10A0800053618C4B9361032342F8103F4FF4C65148
:10A09000284616F0C8FCA546874817F0AFFFB8B9A8
:10A0A0002B6858070FD06C4688B06A46834B5361C3
:10A0B000804B9361032342F8103F7C484FF4C25118
:10A0C00016F0B1FCA5466FF015042046BD46B0BDA4
:10A0D000794817F093FF38B92B685907F3D06C46CD
:10A0E00088B06A46764BE2E7764816F0AFFC044645
:10A0F000A0B12B685A07E8D06D4688B06A46724B0B
:10A1000053616C4B6948C2E90634042342F8103F9E
:10A110004FF4015116F087FCAD46D6E76B4816F0B8
:10A1200095FC044638B12B685B07CED06D4688B0ED
:10A130006A46674BE4E76749674818F097F967494B
:10A14000674818F093F96749674818F08FF9224675
:10A150006649674818F037FC5E49664818F086F98A
:10A160005E49654818F082F95E49644818F07EF946
:10A1700022465E49624818F026FC22465149614851
:10A1800001F0C0F8044638B12B685D079DD06D46DC
:10A1900088B06A465C4BB3E702465C49594816F002
:10A1A000FFFC044638B12B6858078ED06D4688B046
:10A1B0006A46574BA4E753480A2101F009F90446BF
:10A1C00038B12B68590780D06D4688B06A46514B2C
:10A1D00096E74C480A2101F023F9044640B12B6868
:10A1E0005A073FF472AF6D4688B06A464A4B87E71C
:10A1F00044480A2101F03CF9044640B12B685B0752
:10A200003FF463AF6D4688B06A46444B78E7024638
:10A210002E49434801F076F8044640B12B685D07AB
:10A220003FF453AF6D4688B06A463E4B68E7374906
:10A230003B48002216F0B4FC044640B12B68580796
:10A240003FF443AF6D4688B06A46374B58E7344811
:10A250000A2101F0BDF8044640B12B6859073FF4CC
:10A2600034AF6D4688B06A46304B49E72C480A2126
:10A2700001F0D6F8044640B12B685A073FF425AFE9
:10A280006D4688B06A462A4B3AE725480A2101F014
:10A29000EFF8044600283FF418AF2B685B073FF443
:10A2A00014AF6D4688B06A46224B29E7DC360020A1
:10A2B000C164050008E605009036050080E205004F
:10A2C000A2E20500FC570500C4E20500F4570500B2
:10A2D000FDE20500699F0300407400202D0A05007F
:10A2E000507400209D9F030060740020210A050027
:10A2F00070740020C0730020D0730020E073002031
:10A30000F07300208075002036E30500C99F03002C
:10A3100067E30500A0E30500DEE305001EE4050099
:10A32000A874002060E4050091E40500CAE405007B
:10A3300008E5050048E505002DE9F84354682E4975
:10A3400000AF05462046E2F757F988B12B49204671
:10A35000E2F752F998B32A49284610F007FE28463A
:10A3600010F012FE6FF015042046BD46BDE8F883DC
:10A37000244816F040FB0028044622DADFF88890D3
:10A38000D9F800305A0715D06E4688B06A461F4B80
:10A3900053611F4B4FF00408C2E906304FF40151DE
:10A3A00042F8108F484616F03EFBD9F800305B07A4
:10A3B000B5460ED11749284610F0D8FDD4E7164807
:10A3C000D7E716D0154A1649284610F0B3FD0024E9
:10A3D000CAE788B06A46134B5361134B4FF40151DF
:10A3E000C2E90634484642F8108F16F01CFBB54609
:10A3F000E0E70E4AE7E700BF95E5050099E50500AF
:10A400009DE50500FC570500DC360020B3E505009E
:10A410000DE60500766B0500F45705008AE505009A
:10A42000FBE50500D9E5050019E605008FE5050007
:10A4300070B5084B1C68054654B1074E083C2268AD
:10A440003146284610F076FDA4680CB1083CF6E7CA
:10A45000002070BD4CCA0020F2E80500012910B5AB
:10A46000044609D95268064910F080FD204610F0D4
:10A470008BFD6FF0150010BD10F086FD0020FAE78F
:10A48000AB6505002DE9F843184B1C6800AF064684
:10A49000884691463CB354F8043C083C0BB34A460A
:10A4A0004146304698470546D8B1114803685B07D6
:10A4B0000FD06C4688B06A460E4B53610E4BC2E912
:10A4C0000635042342F8103F4FF4015116F0EAFA22
:10A4D000A5460A49304610F049FD2846BD46BDE86C
:10A4E000F883A468D6E70025F7E700BF4CCA002030
:10A4F000E036002069E60500A4E90500766B05005A
:10A50000F0B583B000AF0646391D0620E8F7A2F883
:10A510000446B8B11E4803685A070FD06D4688B08C
:10A520006A461C4B53611C4BC2E90634042342F8B3
:10A53000103F4FF4015116F0B5FAAD4620460C37E6
:10A54000BD46F0BD01464FF40052786810F0E5F9C1
:10A55000051E15DA0E4803685B070FD06C4688B0FD
:10A560006A460E4B53610C4BC2E90635042342F890
:10A57000103F4FF4015116F095FAA5462C46DDE741
:10A58000786810F09FF9002ED8D00120E6F7D6FBAE
:10A59000E036002088E60500FCE90500AEE605008F
:10A5A000F8B5054600AF0120FFF7AAFF0446B8B191
:10A5B0000D4803685B070FD06E4688B06A460B4BA8
:10A5C00053610B4BC2E90634042342F8103F4FF4A9
:10A5D000015116F067FAB5460649284610F0C6FC48
:10A5E0002046BD46F8BD00BFE0360020D5E6050098
:10A5F000B6E90500766B0500B0B500AF054610F072
:10A6000073FA0446B0B10E4803685B070FD06D467D
:10A6100088B06A460B4B53610B4BC2E906340423E6
:10A6200042F8103F4FF4015116F03CFAAD46204677
:10A63000BD46B0BD002DFAD00120E6F77FFB00BF7C
:10A64000E0360020F1E6050013EA0500F8B50546FE
:10A6500000AF0120FFF7D0FF0446B8B10D480368F2
:10A660005B070FD06E4688B06A460B4B53610B4BAD
:10A67000C2E90634042342F8103F4FF4015116F0AA
:10A6800011FAB5460649284610F070FC2046BD4632
:10A69000F8BD00BFE036002015E70500ADE9050074
:10A6A000766B05000146024883685B68184700BF67
:10A6B00010380500B0B500AFFFF79EFF044698B113
:10A6C0000B4803685B070FD06D4688B06A46094B9C
:10A6D0005361094BC2E90634042342F8103F4FF49A
:10A6E000015116F0DFF9AD462046BD46B0BD00BFB2
:10A6F000E036002015E7050018EA0500B0B500AF08
:10A70000FFF7FEFE044698B10B4803685B070FD0C5
:10A710006D4688B06A46094B5361094BC2E906345D
:10A72000042342F8103F4FF4015116F0BBF9AD4637
:10A730002046BD46B0BD00BFE0360020D5E605008E
:10A7400002EA05002DE9F047824D82B02B6803F044
:10A750000703022B00AF0FD96C4688B06A467E4BC8
:10A7600053617E4B9361032342F8103F4FF4C6516F
:10A77000284616F097F9A546E8F7E8FA0646C0B16C
:10A780002B685B0710D06C4688B06A46744B5361E7
:10A79000724BC2E90630042342F8103F6D484FF473
:10A7A000015116F07FF9A54630460837BD46BDE891
:10A7B000F0876C4838601B2111233971FB800469D4
:10A7C0008268236843F0006323601368664A9847F1
:10A7D0002B6803F00703022B0FD96C4688B06A463A
:10A7E000624B53615D4B9361032342F8103F59481C
:10A7F0004FF4C65116F056F9A546384616F03DF905
:10A800000028D1D02B6803F00703022B0FD96C4628
:10A8100088B06A46564B5361504B9361032342F80C
:10A82000103F4C484FF4C65116F03CF9A5464FF482
:10A830002030002116F039F9384616F01EF90028AC
:10A84000B2D02B6803F00703022B0FD96C4688B0F7
:10A850006A46484B5361414B9361032342F8103FD2
:10A860003C484FF4C65116F01DF9A546DFF808A183
:10A8700028244FF00009384616F0FFF88046B9F159
:10A88000000F2BD050BB3C48836841461B6898475B
:10A890004FF48030002116F008F94046FFF702FF20
:10A8A0002B6803F00703022B0FD96C4688B06A4669
:10A8B000324B5361294B9361032342F8103F2548E3
:10A8C0004FF4C65116F0EEF8A54640F6CD400021F3
:10A8D00016F0EBF80120FFF711FF65E7B8FA88F9E9
:10A8E00014F001004FEA591904F1FF342AD0DAF8C4
:10A8F000083021481B68002198474FF48050002100
:10A9000016F0D3F8002CB6D12B6803F00703022B06
:10A910000FD96C4688B06A46194B53610F4B93614F
:10A92000032342F8103F0B484FF4C65116F0BAF813
:10A93000A5460020FFF7B6FE4FF40040002116F0B8
:10A94000B4F831E7FFF7AEFE4FF48050002116F067
:10A95000ACF890E7E0360020C16405009FE90500EF
:10A9600030E7050090360500110001005BE70500A7
:10A9700083E705009FE7050010380500CAE70500DA
:10A98000E9E70500B0B5054600AF0C200C4618F00D
:10A99000CAF9A0B9114803685B070ED06C4688B0AD
:10A9A0006A460F4B53610F4B9361032342F8103FEC
:10A9B0004FF4C25116F076F8A546BD46B0BD00234F
:10A9C000C0E900548360084B596800F1080211B9CE
:10A9D000C3E90022F1E70A605A60EEE7E0360020A2
:10A9E00019E80500E5E905004CCA0020F0B58DB076
:10A9F00005460C46002609688DF82F601F2204A822
:10AA000018F0F8F92D2104A818F0D5F900B1067056
:10AA1000237A052B1AD8DFE803F0030D1C28334CEA
:10AA2000E36832491B680093636804AA284610F063
:10AA300081FA0BE0E3681868DDF7ECF8CDE9000176
:10AA400004AA63682A49284610F074FA00200DB061
:10AA5000F0BDE368274A1978274B002918BF134631
:10AA600000936368254904AAE0E7D4E9031203A828
:10AA7000039618F05CF9236A039A53F82230EFE743
:10AA8000E6683046E1F7CAFD32463044824207D1DB
:10AA9000002263680096002AE4D0194904AAC5E799
:10AAA00012F8013B202B02D0093B042BEED80122E7
:10AAB000EFE763680093134A134F04AB082128465D
:10AAC00010F02BFA00262369B34205D80F4A08215B
:10AAD000284610F022FAB9E7E3683A469B5D082160
:10AAE000284610F01AFA0136EDE700BF34E80500F9
:10AAF00045E805008AE505008FE5050058E80500F2
:10AB000069E805007CE805000FEC0500267D0500DE
:10AB1000F0B50B7A85B005460C46052B0DD8DFE85D
:10AB200003F0030F20273C408B6901934B6900938E
:10AB3000CB694A681F4910F0FDF9002005B0F0BD4F
:10AB40008869DDF755F8CDE902016069DDF750F855
:10AB5000CDE900011849E3696268284610F0EAF976
:10AB6000EBE7CB694A681549284610F0E3F9E4E7BA
:10AB7000CB694A681249134F10F0DCF90026A3692B
:10AB8000B342DADD236A53F8262013781BB1394625
:10AB9000284610F0CFF90136F1E7CB694A68084939
:10ABA000E2E70B690093CB694A68074910F0C2F9E4
:10ABB000C3E700BF8AE805009EE80500B6E8050087
:10ABC000CFE80500DBE80500F6E805002DE9F743CE
:10ABD000137A05460F461446052B28D8DFE803F004
:10ABE0000331506482900846E1F718FD3B46384433
:10ABF00098420CD10A22002138460CF029FB6369E7
:10AC0000984202DBA369984214DD434908E013F837
:10AC1000012BA2F130010929EAD92D2AE8D03F49B8
:10AC2000284610F0A3F921462846FFF771FF6FF080
:10AC3000150602E0E36818600026304603B0BDE860
:10AC4000F083374901AA38460CF0E2FA012801D016
:10AC50003449E5E7019F6069DDF7D8FB3946DDF748
:10AC6000E5FD0028D1D1A069DDF7D0FB01463846CB
:10AC7000DDF7DCFD06460028C7D1E3681F60DCE78E
:10AC800029493846E1F7B8FC284906463846E1F735
:10AC9000B3FC16B9E3681E70CEE718B9E368012269
:10ACA0001A70C9E72249BBE7D4F818904FF00008A2
:10ACB000C8450CD0236A384653F82810E1F79CFCAD
:10ACC000064630B9B8F1000FCDF8048004DA19490E
:10ACD000A6E708F10108EBE72269E06801A918F08E
:10ACE00026F8AAE70846E1F799FC23690130984263
:10ACF00001D9114994E7E0683946E1F787FC9BE701
:10AD00000123D4E90312384615F005FE2369834276
:10AD100092D00A4984E700BF1EE905000EE905004C
:10AD20002DE9050030E905008FE505008AE50500FD
:10AD30006D6505003FE905004FE905005FE9050085
:10AD40002DE9F74F012BDDF8308006460C461746FB
:10AD50000FD100254FF0280805E008FB05613846B3
:10AD6000FFF7D6FE0135A542F7DB002003B0BDE8B2
:10AD7000F08F022B4CD1D8F804502846E1F74EFC56
:10AD80002844434910F8019C2846E1F735FC054664
:10AD900050B94FF02808A542E7DA08FB05613846AC
:10ADA000FFF724FE0135F6E74FF0000AB34655469B
:10ADB000A2450CDB002DD8D14FF02808A542D4DAEB
:10ADC00008FB05613846FFF7A3FE0135F6E7B9F148
:10ADD0002A0FD8F80430DBF804100DD01846E1F73C
:10ADE0000BFC20B959463846FFF700FE01250AF151
:10ADF000010A0BF1280BDBE7184601910093E1F7FC
:10AE00000DFCDDE90031421E184617F0E1FFE8E7CE
:10AE1000032BAAD1D8F804502846E1F7FFFB0544DC
:10AE20004FF0000915F801BCB2464D46A1450CDBB8
:10AE3000002D9AD14FF02808A54296DA08FB05614B
:10AE40003846FFF765FE0135F6E7BBF12A0FD8F863
:10AE50000430DAF804100FD01846E1F7CDFB30B912
:10AE6000D8F8081052463846FFF7B0FE012509F120
:10AE700001090AF1280AD9E7184601910093E1F780
:10AE8000CDFBDDE90031421E184617F0A1FFE6E7D1
:10AE9000F06505002DE9F04782B0884600AF914685
:10AEA0001D4604460026B04502DC6FF0010428E090
:10AEB00061683A1D48460FF01AFE38B3D7F804A06F
:10AEC000BAF1000F22D12369AB4222D1E168D7E960
:10AED0000A302A469847041E1EDA104803685B07AA
:10AEE0000FD06D4688B06A460D4B53610D4BC2E9D9
:10AEF0000634042342F8103F4FF4015115F0D2FDFF
:10AF0000AD4620460837BD46BDE8F08701362834F7
:10AF1000C9E76FF01504F4E75446F2E7E036002085
:10AF20004F650500D4E905002DE9F04FDFF86CB05E
:10AF3000DFF86CA083B0884602AF91460446002635
:10AF4000B04501DC002522E06368009323685A467F
:10AF5000402150460CF030F9D4E903125046C8475E
:10AF600028340546C0B10F4803685B070FD06C4614
:10AF700088B002AA0C4B53610C4BC2E9063504237E
:10AF800042F8103F4FF4015115F08CFDA5462846BC
:10AF90000437BD46BDE8F08F0136D1E777E90500FB
:10AFA0006FED0020E03600207DE90500C0E90500D6
:10AFB00030B403460A4600681979836805699C69BC
:10AFC0007CB1130206D52D6801238B402B4218BF9C
:10AFD00082F0C062054BA446134030BC02F0B07250
:10AFE00060476FF0570030BC704700BF400000065C
:10AFF00098B5012100AF04469C3015F084FD04F1A2
:10B00000A00015F07AFD002808BF4FF0307154F809
:10B01000300C18BF4FF09861FFF7CAFF0346D8B154
:10B020000E48026852070FD06C4688B06A460C4939
:10B0300051610C49C2E90613042342F8103F4FF452
:10B04000015115F06CFDA546002383F31188BFF371
:10B050006F8F0323184602DFBD4698BDE4360020FB
:10B0600009D7050020EB05002DE9F0410C4682B020
:10B07000002102AF04F10C0015F045FD04F11006AB
:10B08000A4F1580588B3284617F0A9FC304615F0FE
:10B0900034FD002808BF4FF0986154F8C00C18BF69
:10B0A0004FF03071FFF784FF0346D8B15148026872
:10B0B00051070FD06C4688B002AA4F4951614F49E1
:10B0C000C2E90613042342F8103F4FF4015115F072
:10B0D00026FDA546002383F31188BFF36F8F03235A
:10B0E000184602DFBD46BDE8F08154F8C00C4FF4AD
:10B0F0000011FFF75DFF0346D8B13E4802685207D2
:10B100000FD0E84688B002AA3B4951613B49C2E9E9
:10B110000613042342F8103F4FF4015115F0FFFCD1
:10B12000C546002383F31188BFF36F8F03231846AE
:10B1300002DFA4F1B003184615F0DFFC00283EDD65
:10B14000184615F0DAFC014640F2E7304FF47A7207
:10B15000002300EBC1304914DDF708FC02460B4622
:10B160004FF0FF314FF0FF30CDE90001A4F1900026
:10B1700008F05EFF304615F0C0FC014610B3A83C55
:10B18000204615F0BAFC002830DD204615F0B5FC4D
:10B19000014640F2E73000EBC1304FF47A720023F1
:10B1A0004914DDF7E3FB02460B464FF0FF304FF04A
:10B1B000FF31CDE90001284608F03AFF92E700226E
:10B1C0001346CDE7AC3C204615F097FC00280DDD7A
:10B1D000204615F092FC044640F2E7304FF47A72B4
:10B1E000002300EBC43001EB6441DAE70022134690
:10B1F000DBE700BFE436002009D705003BEB050084
:10B20000B0B5002100AF0446643015F07CFCA4F119
:10B21000380017F0E4FBBFF35B8F04F168030122F1
:10B2200053E8001F002903D143E800200028F7D18C
:10B23000BFF35B8F18BF002229D154F8680C4FF080
:10B240003071FFF7B5FE0346D8B12B4802685107AD
:10B250000FD06D4688B06A46284951612849C2E935
:10B260000613042342F8103F4FF4015115F057FC28
:10B27000AD46002383F31188BFF36F8F0323184675
:10B2800002DF04F1380007F0AFFFBD46B0BDBFF3E9
:10B290005B8F53E8001F012903D143E800200028F9
:10B2A000F7D1BFF35B8FF0D154F8680C4FF0986181
:10B2B000FFF77EFE0346D8B10F48026852070FD051
:10B2C0006D4688B06A460D4951610D49C2E90613C1
:10B2D000042342F8103F4FF4015115F020FCAD4615
:10B2E000002383F31188BFF36F8F0323184602DF17
:10B2F00004F14800C7E700BFE436002009D7050085
:10B300002FEB0500F8B50446154600AF0E46D322D4
:10B310000021053017F033FD26602571294604F120
:10B32000D00015F0F0FB04F11C0016F07EFF204960
:10B33000204D002204F1300017F045FB00221E4989
:10B3400004F1680017F03FFB1C4904F1A00017F05E
:10B350008DF81B4904F1B00017F088F8214601224E
:10B3600051F8C00B037902FA03F3C4E931530068C2
:10B370008368DB69CBB19847044698B111480368EC
:10B380005B070FD06D4688B06A460F4B53610F4B79
:10B39000C2E90634042342F8103F4FF4015115F07E
:10B3A000BEFBAD462046BD46F8BD6FF05704E5E74D
:10B3B000F1AF030069B0030001B20300590B0500AF
:10B3C000250B0500E4360020BBD7050048EB05003F
:10B3D00098B50B1E00AF17DA0E48026852070FD05F
:10B3E0006C4688B06A460C4951610C49C2E90613A3
:10B3F000042342F8103F4FF4015115F090FBA5468D
:10B400006FF01500BD4698BD103015F07CFB002094
:10B41000F8E700BFE43600209BEA050005EB0500D5
:10B4200098B50B1E00AF17DA0E48026852070FD00E
:10B430006C4688B06A460C4951610C49C2E9061352
:10B44000042342F8103F4FF4015115F068FBA54664
:10B450006FF01500BD4698BD143015F054FB002068
:10B46000F8E700BFE43600209BEA0500E8EA0500A3
:10B4700098B50B1E00AF17DA0E48026852070FD0BE
:10B480006C4688B06A460C4951610C49C2E9061302
:10B49000042342F8103F4FF4015115F040FBA5463C
:10B4A0006FF01500BD4698BD183015F02CFB00203C
:10B4B000F8E700BFE43600209BEA0500C9EA050072
:10B4C000B0B5034600AFEFF31185402282F3128836
:10B4D000BFF36F8FD03015F010FB002808BF4FF07E
:10B4E0009861186818BF4FF03071FFF761FD04468E
:10B4F000D0B185F31188BFF36F8F0E4803685B07E7
:10B500000FD06D4688B06A460B4B53610B4BC2E9B6
:10B510000634042342F8103F4FF4015115F0FFFAAE
:10B52000AD462046BD46B0BD85F31188BFF36F8F91
:10B53000F7E700BFE436002009D70500BAEA0500A6
:10B54000B0B56F4CA0B0236803F00703022B00AF27
:10B5500010D96D4688B06A466A4B53616A4B936155
:10B56000032342F8103F00234FF4C6512046E6F76C
:10B5700083FCAD463A46002338464FF0102503F1D0
:10B580002001013355F8211042F8041B202BF6D17D
:10B590003B685E4A93421AD0226812F0060F12D01E
:10B5A0006C4688B06A465A4951615A4991611BBA42
:10B5B000D361042342F8103F00234FF40251504856
:10B5C000E6F75AFCA54600208037BD46B0BD3B7962
:10B5D000022B0BD0226812F0060FF4D06C4688B014
:10B5E0006A464D4951614B499161E1E77B797B2B7B
:10B5F00008D0226812F0060FE5D06C4688B06A4683
:10B600004649EFE7D7F87730454D1BBA77212B60D5
:10B610000DF02CFE2B68984213D0226812F0060F12
:10B62000D1D06C468AB06A463E49516139491062B0
:10B63000C2E90613052342F8103F00234FF42251BC
:10B64000BDE7394ABB1D07F1160153F8040B42F858
:10B65000040B8B42F9D11B781370344A07F117039E
:10B6600007F1270153F8040B42F8040B8B42F9D180
:10B670001B78137007F1280303CB2D4A51601988FA
:10B680009B7893722B4B10601181D7F833201A608E
:10B69000B7F8372028489A8097F839209A71D7F858
:10B6A0003A300360D7F83E304360B7F84230038148
:10B6B0000A2297F84430837200210BF0CFFE1F4B13
:10B6C0001F4A186007F1650107F1450353F8040BA1
:10B6D00042F8040B8B42F9D11B781370194A07F119
:10B6E000660307F1760153F8040B42F8040B8B4212
:10B6F000F9D11B781370144B01221A7063E700BF55
:10B70000E8360020C164050027EC0500BABECAFE79
:10B710005FEB050014EC05007DEB05009EEB0500DA
:10B7200054CA0020BAEB050021EE002010EE0020E4
:10B7300005EE0020FEED0020F3ED002058CA0020A9
:10B74000D2ED0020C1ED002032EE0020064B074A6A
:10B750001B78002B064B08BF134603600CBF6FF02D
:10B7600004000020704700BF32EE0020EEEB050021
:10B7700021EE0020064B074A1B78002B064B08BF22
:10B78000134603600CBF6FF004000020704700BF39
:10B7900032EE0020EEEB050010EE0020064B074ACB
:10B7A0001B78002B064B08BF134603600CBF6FF0DD
:10B7B00004000020704700BF32EE0020EEEB0500D1
:10B7C00005EE0020064B074A1B78002B064B08BFEE
:10B7D000134603600CBF6FF004000020704700BFE9
:10B7E00032EE0020EEEB0500FEED0020014B036081
:10B7F00000207047EEEB0500014B0360002070470E
:10B80000EEEB0500014B036000207047EEEB0500F6
:10B81000064B074A1B78002B064B08BF13460360F4
:10B820000CBF6FF004000020704700BF32EE002014
:10B83000EEEB0500F3ED0020064B074A1B78002BCA
:10B84000064B08BF134603600CBF6FF004000020D6
:10B85000704700BF32EE0020EEEB0500D2ED002075
:10B8600030B54FF0805187B0D1F8A820D1F8A4109E
:10B87000104D0446C8B2049092B2C1F30720039061
:10B8800042F44043C1F30740D2B2090E0290019145
:10B8900000921B0A084A122128460BF08DFC28460C
:10B8A000E0F7BCFE11280ABF00206FF01B002560E6
:10B8B00007B030BDAFED0020F6EB0500064B074AA0
:10B8C0001B78002B064B08BF134603600CBF6FF0BC
:10B8D00004000020704700BF32EE0020EEEB0500B0
:10B8E000C1ED00202DE9F04387B004AF054698462E
:10B8F000381DCB680C46164698470146D0B116480D
:10B9000003685B0710D06C4688B004AA134B5361E0
:10B91000134BC2E90631042342F8103F00234FF4D1
:10B920000151E6F7A9FAA5466FF00D000C37BD46A8
:10B93000BDE8F083D7F804904846E0F76FFE80B288
:10B94000CDE901903B8D009332464346214628467F
:10B9500013F09AF8EAE700BFEC36002035EC05005A
:10B9600049EC050013B5044601A8FFF7A7FF2046E0
:10B97000019A03490FF0DEFA002002B010BD00BFAB
:10B980005FEC050013B5044601A8FFF769FF2046E8
:10B99000019A03490FF0CEFA002002B010BD00BF9B
:10B9A00070EC050013B5044601A8FFF745FF2046DB
:10B9B000019A03490FF0BEFA002002B010BD00BF8B
:10B9C00081EC050013B5044601A8FFF721FF2046CE
:10B9D000019A03490FF0AEFA002002B010BD00BF7B
:10B9E00092EC050013B5044601A8FFF70BFF2046B3
:10B9F000019A03490FF09EFA002002B010BD00BF6B
:10BA0000A5EC050013B5044601A8FFF7F5FE204696
:10BA1000019A03490FF08EFA002002B010BD00BF5A
:10BA2000BBEC050013B5044601A8FFF7DFFE204676
:10BA3000019A03490FF07EFA002002B010BD00BF4A
:10BA4000CEEC050013B5044601A8FFF7BBFE204667
:10BA5000019A03490FF06EFA002002B010BD00BF3A
:10BA6000E3EC050013B5044601A8FFF797FE204656
:10BA7000019A03490FF05EFA002002B010BD00BF2A
:10BA8000FAEC050013B5044601A8FFF773FE204643
:10BA9000019A03490FF04EFA002002B010BD00BF1A
:10BAA00010ED050013B5044601A8FFF74FFE204630
:10BAB000019A03490FF03EFA002002B010BD00BF0A
:10BAC00022ED05002DE9F0411948036803F0070352
:10BAD000022B00AF0FD96C4688B06A46154B5361F4
:10BAE000154B9361032342F8103F00234FF4C651D6
:10BAF000E6F7C2F9A54611491148002216F063FF86
:10BB0000104EDFF844800024C6F8144306F1E00527
:10BB100000224146284616F056FF0134082C6E6379
:10BB200005F14005F4D10020BD46BDE8F08100BF1D
:10BB3000F4360020D6EE0500F0EE0500A50E050057
:10BB40000029002020260020E30D0500F8B500F1B3
:10BB500018041C4B0C1BE6105E43D0F8D832B342DD
:10BB600005462BD9CB68002243F8082C0136044443
:10BB7000D5F8D832B34209D8013BC5F8D8322846A7
:10BB800015F05CF80146A8B90020F8BDE26B52F848
:10BB9000083C183B42F8083C04F1300CBCE80F00AC
:10BBA00004F118070FC79CE80300013687E803007B
:10BBB0001834DDE7284615F05EF8E5E76FF015006C
:10BBC000E3E700BFABAAAAAA012910B5044609D928
:10BBD000526806490FF0CAF920460FF0D5F96FF008
:10BBE000150010BD0FF0D0F90020FAE7AB65050095
:10BBF000F8B55668434900AF054630461446E0F7AD
:10BC0000FBFCE8B140493046E0F7F6FC00284CD098
:10BC10003E493046E0F7F0FC00283ED03C49304633
:10BC2000E0F7EAFC002830D03A4928460FF09EF9A8
:10BC300028460FF0A9F96FF015042046BD46F8BD5F
:10BC4000A46835492046E0F7D7FC014600284BD1CF
:10BC5000324883681B68984704460028EDD0304876
:10BC600003685B07E9D06D4688B06A462D4B536187
:10BC70002D4BC2E90634042342F8103F00234FF451
:10BC80000151E6F7F9F8AD46D7E7A4682249204606
:10BC9000E0F7B2FC00BB0321DAE7A4681E492046A6
:10BCA000E0F7AAFC80B90221D2E7A4681A4920462D
:10BCB000E0F7A2FC08B90121CAE71C492046E0F7D9
:10BCC0009BFCE0B11A49B0E718492046E0F794FC24
:10BCD0000028F7D102210EE014492046E0F78CFC41
:10BCE0000028EFD1032106E010492046E0F784FC4C
:10BCF00001460028E6D1094883685B68ABE701216B
:10BD0000F9E700BFA1A00500FDEE050003EF050067
:10BD100099E505009DE50500D0C80500103805002F
:10BD2000F83600201BEF05003DEF0500BA7805004E
:10BD30000AEF050008B5034903486C2216F0F7FF27
:10BD4000002008BD4833002098CA002007B50B46E4
:10BD50000092102102460348FEF7F2FF03B05DF89F
:10BD600004FB00BF505C050070B5074D064600247B
:10BD7000294630460134FEF739FE102C05F128051E
:10BD8000F6D1002070BD00BF505C050002461021B6
:10BD90000148FFF7C9B800BF505C050007B5CDE901
:10BDA00000230B46024610210248FFF773F803B048
:10BDB0005DF804FB505C0500012910B5044609D963
:10BDC000526806490FF0D2F820460FF0DDF86FF008
:10BDD000150010BD0FF0D8F80020FAE7AB6505009C
:10BDE000F8B5022900AF054639D154681F492046ED
:10BDF000E0F702FC00BB01F0F9FE044618B900248C
:10BE00002046BD46F8BD1A4803685A070FD06E4653
:10BE100088B06A46174B5361174BC2E906340423B6
:10BE200042F8103F4FF4015115F07FF8B546134921
:10BE300028460FF09BF8E3E711492046E0F7DCFBCA
:10BE400068B901F0FDFE04460028D8D00848036810
:10BE50005B07ECD06E4688B06A460A4BDBE72846A3
:10BE60000FF092F86FF01504CAE700BFA8EF0500C5
:10BE7000FC360020AFEF0500E7FA0500766B050001
:10BE8000D9EF0500E1EF0500F8B5022900AF05463E
:10BE90000AD919490FF06AF828460FF075F86FF0C3
:10BEA00015042046BD46F8BD144B1B782BB9144928
:10BEB0000FF05CF86FF00704F3E7506801F0EAFE5A
:10BEC00004460028EDD00F4803685B070FD06E468C
:10BED00088B06A460C4B53610C4BC2E9063404230C
:10BEE00042F8103F4FF4015115F01FF8B5460849CC
:10BEF00028460FF03BF8D4E70CF0050098CA002064
:10BF000039F00500FC36002055F0050004FB050063
:10BF1000766B0500F8B5012900AF05460BD95268CC
:10BF200019490FF023F828460FF02EF86FF015048A
:10BF30002046BD46F8BD154B1B782BB914490FF0B0
:10BF400015F86FF00704F3E7124814F0DBFF04461E
:10BF50000028EDD0104803685B070FD06E4688B00C
:10BF60006A460E4B53610E4BC2E90634042342F875
:10BF7000103F4FF4015114F0D8FFB5460949284647
:10BF80000EF0F4FFD4E700BFAB65050098CA0020AF
:10BF900039F0050050370500FC36002075F005002B
:10BFA000F5FA0500766B0500B0B586B000AF324DEE
:10BFB000284616F07BFE314814F0A4FF0446B8B1C1
:10BFC0002F4803685A070FD06D4688B06A462D4B3C
:10BFD00053612D4BC2E90634042342F8103F4FF45D
:10BFE000015114F0A2FFAD4620461837BD46B0BD42
:10BFF00001461022381D16F0C2FE7B7C7D610121B6
:10C0000061F305037B744FF400420023381D08F0F0
:10C0100049F810F10B0F054616D11948036813F0C3
:10C02000060F0ED06C4688B06A46184B5361164B0B
:10C030009361032342F8103F4FF4C45114F075FF8D
:10C04000A5466FF07304CFE70028CDDA0C480368EB
:10C050005B070FD06C4688B06A460D4B53610A4BA4
:10C06000C2E90635042342F8103F4FF4015114F0A1
:10C070005CFFA5462C46B7E788CA0020503705006C
:10C08000FC36002075F005009CFB05009CF00500C7
:10C09000EBD005002DE9F04100AF14F038FF204A45
:10C0A000D2E90042041B61EB0201B4F5FA5F71F1C1
:10C0B000000331DA1B480368D4F5FA5403F0070390
:10C0C00061EB4101022B10D96D468AB06A46164BCE
:10C0D0005361164B93610623C2E9084142F8103FB1
:10C0E0004FF4435114F021FFAD464FF4004640F2A7
:10C0F000E7354FF0000824EAE4742846414600235F
:10C100004FF47A72C4FB0601DCF730FC14F0FDFE3C
:10C1100050EAE0730446EED1BD46BDE8F08100BFB1
:10C1200020770020FC360020B7F00500C3FB050097
:10C1300098B5034600AF042814D8DFE800F00309DF
:10C140000C0E11001248002114F0F2FEBD4698BDFD
:10C1500000211048F8E70121FBE700210E48F3E732
:10C160000121FBE70D48026812F0060FEED06C4685
:10C1700088B06A460A4951610A49C2E90613042394
:10C1800042F8103F4FF4025114F0CFFEA546DDE710
:10C1900088CA002078CA002068CA0020FC36002027
:10C1A0000C680500C2FA0500F8B5394D2B6803F09C
:10C1B0000703022B00AF0FD96C4688B06A46354B97
:10C1C0005361354B9361032342F8103F4FF4C6513E
:10C1D000284614F0AAFEA546304816F062FD304805
:10C1E00016F05FFD2F48304E16F05BFD0024304600
:10C1F000013414F05CFC102C06F12806F7D12B4812
:10C20000E6F786FC0446B0B12B68580710D06D469F
:10C2100088B06A46264B53611F4B1D48C2E906345D
:10C22000042342F8103F4FF4015114F07EFEAD4656
:10C230002046BD46F8BD1F48E6F7BCFB044638B1B2
:10C240002B685907F4D06D4688B06A461A4BE2E76E
:10C250001A491848FEF796FB194801F091FC04466C
:10C2600038B12B685A07E3D06D4688B06A46154B43
:10C27000D1E7154814F046FE04460028D8D02B68B4
:10C280005B07D5D06D4688B06A46104BC3E700BF48
:10C29000FC360020C1640500CFFA050088CA0020E2
:10C2A00078CA002068CA0020505C0500E8320020EF
:10C2B000DB640500BBFC05000765050069BD0300E4
:10C2C00031C10300D7F005005037050075F00500B7
:10C2D0002DE9F04FDFF8A4A2DFF8A4829DB000AFF3
:10C2E0000021242207F1480016F049FD082387F8B1
:10C2F000553087F86930A34BFB6698F90030C7F8D2
:10C3000058A0012B0CBF022101214FF0FF334FF049
:10C31000FF3207F1480007F0C5FE031E19DA9A48FC
:10C32000026852070FD06C4688B06A46974951613F
:10C330009749C2E90613042342F8103F4FF4015114
:10C3400014F0F3FDA54600214FF4203014F0DDFD7C
:10C35000C6E77B6D03F4FE13B3F5802F1DD10022D9
:10C36000002307F11401504606F016FC0028864C05
:10C370003DDA23685B0710D06D4688B06A46854B6E
:10C380005361854BC2E90630042342F8103F4FF455
:10C390000151204614F0C9FDAD46BB6E03F4FE13F7
:10C3A000B3F5802F9CD198F90030012B98D17548B6
:10C3B000754D0022002307F1280106F0EDFB00284F
:10C3C00080F2C2852B685C078AD06C4688B06A46CA
:10C3D000704B5361714BC2E90630042342F8103FA1
:10C3E0004FF40151284614F0A0FDA54678E7FFF769
:10C3F00051FE2368397E03F00703002940F00184D1
:10C40000022B11D96D4688B07B696A466449516137
:10C410006149C2E90613042342F8103F4FF4035167
:10C42000204614F082FDAD4698F800300133DBB2AF
:10C43000012B15D9236813F0060F00F064836C46B6
:10C4400088B06A46574B5361534B9361032342F8BC
:10C45000103F4D484FF4C45114F067FDA54652E318
:10C46000514E00233B613378002B40F0C5804F4D87
:10C47000D5F808902846D9F8003098478346C0B1CF
:10C480002268560710D06D4688B06A464849516107
:10C490004849C2E90610042142F8101F3A484FF4F7
:10C4A000015114F042FDAD46BBF1000F80F21F8335
:10C4B00021E0414B5B78012B14BF01210221D9F807
:10C4C0000C3028469847B0F1000B80F28380226838
:10C4D000550710D06D4688B06A46384951613549D4
:10C4E0002948C2E9061B042142F8101F4FF40151EC
:10C4F00014F01BFDAD462268560710D06D4688B07B
:10C500006A462F4951612F491F480423C2E9061B7F
:10C5100042F8103F4FF4015114F007FDAD462A4D8B
:10C520007B693B612B682BB1284A126807F1100127
:10C5300001209847FF2388F8003023685E070FD05A
:10C540006C4688B06A46224B5361134B93610323B8
:10C5500042F8103F0C484FF4C25114F0E6FCA546D7
:10C56000064815F039FE2B68002B00F0CC82174AE4
:10C57000002112684FF0FF309847C4E26C39002068
:10C5800034EE00209C390020FC360020EBD0050062
:10C59000E9FB0500FFF00500D8FB050059FB05008D
:10C5A00020F1050050F1050033EE0020683705004A
:10C5B0007DF10500ABFB050098CA0020A5F1050040
:10C5C00047F60500B1FB050064CA002060CA0020E0
:10C5D00063F60500D9F80830022128469847B0F1E3
:10C5E000000B07DA2268500785D06D4688B06A468E
:10C5F000AB4973E701233370236803F00703022B71
:10C600000FD96D4688B06A46A64B5361A64B93611D
:10C61000032342F8103FA5484FF4C65114F085FC9F
:10C62000AD46A14EDFF88492022501F0DFFAB0F1A9
:10C63000000B1CDA2268510710D06D4688B06A469C
:10C640009B49516198499948C2E9061B042142F867
:10C65000101F4FF4015114F068FCAD4622685607D4
:10C660003FF449AF6D4688B06A46924936E7FFF716
:10C670009BFC002853D101F0E3FAB0F1000B07DA7C
:10C6800022685207EAD06D4688B06A468A49D8E7E0
:10C69000236803F00703022B0FD96D4688B06A4662
:10C6A000864B5361804B9361032342F8103F7F48D0
:10C6B0004FF4C65114F039FCAD46236803F007036C
:10C6C000022B0FD96D4688B06A467D4B53617D4B76
:10C6D0009361032342F8103F74484FF4C65114F09D
:10C6E00024FCAD46784D02237B6005F1030901F07F
:10C6F0007DFAB0F1000B5FDA2268550700F0DA81AD
:10C700006D4688B06A466A4951616E496748C2E918
:10C71000061B042142F8101F4FF40151C7E113DA40
:10C72000236813F0060F0FD0EB4688B06A46674BBC
:10C73000D061C2E90536042342F8103F4FF402519C
:10C74000484614F0F2FBDD4601F07AFAB0F1000B36
:10C7500096DBD5B14FF4A020002114F0D6FB23685E
:10C7600013F0060F0FD0EB4688B06A46584BD561E0
:10C77000C2E90536042342F8103F4FF402514846FF
:10C7800014F0D3FBDD46013D4FE723685B0702D180
:10C790006FF0420B62E76D4688B06A464D4B5361BD
:10C7A000414B9361032342F8103F40484FF4C2517C
:10C7B00014F0BBFBAD46EBE7012001F095FA061E35
:10C7C00037DA2268500710D0EB4688B06A464249F3
:10C7D000516142493548C2E90616042142F8101F4A
:10C7E0004FF4015114F0A1FBDD46226812F0060F50
:10C7F00010D0EB4688B06A463949516131492B481F
:10C800000423C2E9061642F8103F4FF4025114F017
:10C810008CFBDD4601F014FAB0F1000B80F2798157
:10C820002268510700F046816D4688B06A46224969
:10C830006AE7A87801F084FA061E07DA2268510731
:10C84000D3D0EB4688B06A462649C1E7EB78002B87
:10C850004CD0494607F12800DFF7D8FE07F1280041
:10C86000DFF7DCFE07F12801002290420DD107F12D
:10C87000280001F097FE061E38DA22685207B4D06D
:10C88000EB4688B06A461849A2E70B78A3F1610C21
:10C89000BCF1190F98BF203B01F8013B0132E4E7DE
:10C8A000D1F10500FFF10500A6FB0500FC360020D4
:10C8B000AFEF0500A1F20500E1EF05001AF2050057
:10C8C000BCF2050096FB050098CA002037F205006F
:10C8D00057F2050087F20500D8F205008BFB050032
:10C8E000BEF5050006F3050031F30500287F01F0D1
:10C8F00059FA061E08DA226853073FF476AFEB4672
:10C9000088B06A469F4963E7687F01F0A3FA061E74
:10C9100008DA226850073FF468AFEB4688B06A46F1
:10C92000994955E7A87F01F0C1FA061E08DA226886
:10C9300051073FF45AAFEB4688B06A46934947E740
:10C94000E87F01F0DFFA061E08DA226852073FF49A
:10C950004CAFEB4688B06A468D4939E7EB7F73B937
:10C9600095F8200001F04AFA061E08DA22685307FB
:10C970003FF43BAFEB4688B06A46864928E7AB7880
:10C98000052B0ED195F8240001F0E8FA061E08DA0E
:10C99000226850073FF429AFEB4688B06A467E49CB
:10C9A00016E76B7F9BB1AB78012B10D0082B0ED014
:10C9B00095F8240001F0FEFA061E08DA22685107F5
:10C9C0003FF413AFEB4688B06A46744900E77448F9
:10C9D000042101F047FB061E08DA226852073FF4E3
:10C9E00004AFEB4688B06A466E49F1E66E4808210E
:10C9F00001F0A8FB061E08DA226853073FF4F5AEE3
:10CA0000EB4688B06A466949E2E66948082101F0C8
:10CA100009FC061E08DA226850073FF4E6AEEB4632
:10CA200088B06A466349D3E66348102101F06AFC86
:10CA3000061E08DA226851073FF4D7AEEB4688B0ED
:10CA40006A465E49C4E65E48102101F0CBFC061E32
:10CA500008DA226852073FF4C8AEEB4688B06A464F
:10CA60005849B5E65848102101F02CFD061E08DA99
:10CA7000226853073FF4B9AEEB4688B06A46534983
:10CA8000A6E601F0DDF8B0F1000B51481BDA0268B0
:10CA900055070FD06D4688B06A464E4951614E49E0
:10CAA000C2E9061B042142F8101F4FF4015114F093
:10CAB0003CFAAD46226853073FF41DAD6D4688B081
:10CAC0006A4646490AE5036803F00703022B0ED9BC
:10CAD0006C4688B06A46424B53613F4B93610323D7
:10CAE00042F8103F4FF4C65114F01FFAA546012337
:10CAF00088F800307B693B613A4B1B68002B79D189
:10CB0000012388F8003014F002FA374BC3E9000122
:10CB100043E47B68F3B14FF4A020002114F0F5F951
:10CB2000236813F0060F11D0EB4688B06A462F4BEE
:10CB30005361294B93617B68D361042342F8103F12
:10CB400023484FF4025114F0F0F9DD467B68013BB5
:10CB50007B60CCE523685A0702D16FF01F0BA9E771
:10CB60006D4688B06A46224B53611B4B9361032389
:10CB700042F8103F16484FF4C25114F0D6F9AD46B2
:10CB8000EBE700BF5EF305008AF30500B5F305008F
:10CB9000DFF3050009F4050032F4050062F4050036
:10CBA000BDCA00208FF40500C1CA0020BDF40500F5
:10CBB000C9CA0020EAF40500D1CA002017F5050013
:10CBC000E1CA002044F50500F1CA002072F5050015
:10CBD000FC360020E1EF050096FB05002BF6050072
:10CBE000A0F5050064CA002020770020DFF50500CD
:10CBF00010F60500AD4A126807F1100100209847B1
:10CC00007EE7012940F08B81022B11D96D4688B057
:10CC10007B696A46A6495161A649C2E90613042305
:10CC200042F8103F4FF40351204614F07EF9AD4610
:10CC300098F900202368012A09D013F0060F3FF469
:10CC400062AF6C4688B06A469B4BFFF7FCBB03F0B3
:10CC500007030022022BBA600FD96D4688B06A46DE
:10CC6000964B5361964B9361032342F8103F9548CE
:10CC70004FF4C65114F059F9AD46934EDFF84CB25B
:10CC8000022500F0B3FFB0F1000934DA226855073D
:10CC900010D06D4688B06A468D49516188498948EF
:10CCA000C2E90619042142F8101F4FF4015114F093
:10CCB0003CF9AD462268530710D06D4688B06A46ED
:10CCC0008449516184497F480423C2E9061942F826
:10CCD000103F4FF4015114F028F9AD467F4D7B69A8
:10CCE000BB602B68002B3FF425AC704A07F10801AC
:10CCF000126803201DE4744815F0D8FF01F086F98E
:10CD0000B0F1000916DA226850072ED0C7F804D017
:10CD100088B06A46724BC2E9053B0421C2F81C90F8
:10CD2000684842F8101F4FF4015114F0FEF8D7F88C
:10CD300004D01AE01022002107F1280016F01FF895
:10CD4000012187F83510BE634FF47012002307F1FC
:10CD5000280007F0A7F910F10B0F814650D1236886
:10CD600013F0060F3BD16FF07309226812F0060F23
:10CD700012D0C7F804D088B06A465A495161504968
:10CD800050480423C2E9061942F8103F4FF40251FB
:10CD900014F0CBF8D7F804D000F052FFB0F100093E
:10CDA0004EDB002D7AD04FF47020002114F0ADF846
:10CDB000236813F0060F10D0E94688B06A464A4B44
:10CDC00053613F4B3F48C2E90635042342F8103F08
:10CDD0004FF4025114F0A9F8CD46013D51E7E94660
:10CDE00088B06A46414B5361384B9361032342F844
:10CDF000103F34484FF4C45114F097F8CD46B2E7D1
:10CE000000280BDA22685107AFD0C7F804D088B0E9
:10CE10006A46374951612D4991617EE707F1100259
:10CE200007F10C01304615F044FFFB68002B32D0AF
:10CE30003B69002B2FD100F003FFB0F1000908DAA5
:10CE4000226852073FF436AF6D4688B06A462949DA
:10CE500023E7236803F00703022B0FD96C4688B041
:10CE60006A46254B5361164B9361032342F8103FEA
:10CE700014484FF4C65114F058F8A5467B69BB60BE
:10CE8000164B1B68002B3FF43BAE084A07F1080124
:10CE900012680220B3E66FF07F0966E7236813F09B
:10CEA000060F2BD16FF07F0904E700BF60CA002096
:10CEB00098F60500D8FB0500C7F60500F1F6050059
:10CEC00075FB0500FC36002078CA00206BFB0500CE
:10CED000AFEF0500DAF705007AFB050064CA002011
:10CEE0000CF7050070F7050090F7050037F705000F
:10CEF000EBD00500E1EF050053F705006D4688B063
:10CF00006A46AD4B5361AD4B9361032342F8103F2A
:10CF1000AB484FF4C45114F008F8AD46C2E7002BFB
:10CF20003FF4F1AD6D4688B06A46A64B5361A64BFF
:10CF3000C2E90631042342F8103F4FF40151204664
:10CF400013F0F3FFAD46DEE5FFF7A4F82B6803F01E
:10CF50000703022B11D96C4688B0BB6A6A469B490D
:10CF600051619B49C2E90613042342F8103F4FF474
:10CF70000351284613F0D9FFA5460023BB60D7E92B
:10CF80000C32134327D013F0C2FF3B6B83427B6B01
:10CF90008B4120DA2B6813F0060F0FD06C4688B057
:10CFA0006A468C4B53618C4B9361032342F8103FCC
:10CFB00083484FF4C45113F0B8FFA546386C15F000
:10CFC000ABFE012388F8003013F0A1FF834BC3E9C7
:10CFD0000001FFF785B92B6803F00703022B0FD977
:10CFE0006C4688B06A467E4B53617E4B9361032347
:10CFF00042F8103F72484FF4C65113F096FFA54611
:10D00000DFF8E0B14FF0020900F0F0FD061E5BDA38
:10D010002B68580746D1386C15F07EFE2B685A07EE
:10D0200010D06C4688B06A466F4B53616A4B6448B7
:10D03000C2E90636042342F8103F4FF4015113F0C1
:10D0400074FFA546694CBB6ABB6023682BB1684A74
:10D0500007F10801126805209847002EB1DAFF2376
:10D0600088F800302B685B070FD06D4688B06A46A1
:10D07000604B5361564B9361032342F8103F504875
:10D080004FF4C25113F051FFAD465B4815F0A4F8C0
:10D090002368002B98D0564A002112684FF0FF30C9
:10D0A000984791E76C4688B06A46544B53614D4BA4
:10D0B0004348C2E90636042342F8103F4FF40151B9
:10D0C00013F033FFA546A6E797F838107A6CD7E936
:10D0D0000F30002961D1002B80F29E80114601F0B3
:10D0E0008DFA041E29DA2B68590710D06E4688B0D5
:10D0F0006A46434B5361434B3148C2E9063404232B
:10D1000042F8103F4FF4015113F00FFFB5462B6862
:10D1100013F0060F00F0B9806E4688B06A463A4BAD
:10D12000D461C2E9053B042342F8103F24484FF480
:10D13000025113F0FAFEB546A7E03448002113F07F
:10D14000F7FE1022002107F1140015F018FE2F4EF3
:10D150007E62012187F821104FF47012002307F13D
:10D16000140006F09FFF10F10B0F044676D12B68D8
:10D1700013F0060F0FD06C4688B06A46244B5361FB
:10D18000204B9361032342F8103F0D484FF4C451E4
:10D1900013F0CBFEA546742477E0002B4BDA114642
:10D1A00001F0A2FA041E55DA2B685A07AFD06E467A
:10D1B00088B06A46174B9DE7C0F7050075FB050070
:10D1C000FC360020F5F70500D8FB05000DF805003A
:10D1D00059FB05003CF8050048FB050020770020BE
:10D1E00054F8050043FB05005B6B050064CA002092
:10D1F00060CA002063F605006C390020AFEF05001F
:10D200006FF8050039FB050052F9050068CA0020D7
:10D2100019F9050099F805000146D8B201F0DAFACB
:10D22000041E8ADA2B685B073FF471AF6E4688B044
:10D230006A46504B5EE70146D8B201F043FB041E3C
:10D2400008DA2B685E073FF462AF6E4688B06A4624
:10D25000494B4FE7494815F029FD72E7002808DAE5
:10D260002B6858073FF453AF6E4688B06A46444B6C
:10D2700040E707F1100207F10C01304615F019FDE7
:10D28000FB680BB13B6933B1232400F0D9FC061EC7
:10D2900034DA2B6804E000F0D3FC061E2B6807DAB2
:10D2A00059073FF4B8AE6C4688B06A46354BFDE688
:10D2B00003F00703022B10D8386C15F02DFDBB6A64
:10D2C000BB60314B1B68002B3FF47BAE2F4A07F14C
:10D2D000080112680420984773E66C4688B06A46D5
:10D2E0002B4B53612B4B9361032342F8103F2A4889
:10D2F0004FF4C65113F019FEA546DDE7B9F1000F52
:10D3000008D12B6813F0060F22D1386C15F004FDFC
:10D31000264683E64FF47020002113F0F6FD2B68BB
:10D3200013F0060F09F1FF3610D06C4688B06A463C
:10D330001A4B5361174B1848C2E90639042342F8C7
:10D34000103F4FF4025113F0F0FDA546B1465BE6E5
:10D350006E4688B06A46124B53610E4B93610323AD
:10D3600042F8103F0C484FF4C45113F0DEFDB546AF
:10D37000CBE700BFC3F80500EEF8050068CA00203F
:10D38000EBD00500E1EF050064CA002060CA002070
:10D3900035F9050043FB0500FC36002072F9050055
:10D3A000A2F90500024B1860024B0020196070477B
:10D3B00064CA002060CA0020F0B5324B324D83B001
:10D3C0001A7800AF0446CAB12B6813F0060F04D1D7
:10D3D000002420460C37BD46F0BD6C4688B06A4636
:10D3E0002A4B53612A4B9361032342F8103F4FF4B9
:10D3F000C451284613F099FDA546E9E7254BBFF334
:10D400005B8F53E8001F481C43E80006002EF8D14C
:10D41000BFF35B8F2B68396003F00703022B3A716F
:10D4200010D96E4688B06A461B4B5361184BC2E94F
:10D430000631042342F8103F4FF40351284613F0FD
:10D4400074FDB5460CB13B682360144800220023EC
:10D45000394605F04BFB041EBADA2B685B07B8D0DF
:10D460006D4688B06A460E4B5361094B0648C2E9C7
:10D470000634042342F8103F4FF4015113F055FDD8
:10D48000AD46A6E798CA0020FC360020BCF905008E
:10D490002BFB05005CCA0020DFF905006C39002079
:10D4A0000FFA0500F0B5012983B0054600AF0CD98D
:10D4B000526818490DF05AFD28460DF065FD6FF0D1
:10D4C000150420460C37BD46F0BD381DFFF774FF2C
:10D4D000041E18DA104803685B070FD06E4688B048
:10D4E0006A460E4B53610E4BC2E90634042342F8E0
:10D4F000103F4FF4015113F018FDB5460949284675
:10D500000DF034FDDDE77A68074928460DF012FD7D
:10D510000024D6E7AB650500FC360020F466050064
:10D52000D4FA0500766B050030FA0500F0B5374BEC
:10D53000374C83B01A7800AFC2B1236813F0060FDE
:10D540000FD06D4688B06A46324B5361324B9361BF
:10D55000032342F8103F4FF4C451204613F0E5FC7A
:10D56000AD46002528460C37BD46F0BD597F012940
:10D5700008D0236813F0060FF3D06D4688B06A46D2
:10D58000264BE2E7264ABFF35B8F52E8003F5D1C63
:10D5900042E80056002EF8D1BFF35B8F3B60397133
:10D5A00000B10360226802F00702022A10D96D461A
:10D5B00088B06A461B49516117491548C2E90613EC
:10D5C000042342F8103F4FF4035113F0AEFCAD4674
:10D5D000154800220023394605F088FA051EC0DAF6
:10D5E00023685B07BED06C4688B06A460F4B536118
:10D5F000094B0748C2E90635042342F8103F4FF4AF
:10D60000015113F092FCA546ACE700BF98CA002078
:10D61000FC360020BCF905001EFB050044FA05009D
:10D620005CCA002064FA05006C3900200FFA05007E
:10D63000F0B5012983B0054600AF0CD952681849EE
:10D640000DF094FC28460DF09FFC6FF01504204669
:10D650000C37BD46F0BD381DFFF768FF041E18DA11
:10D66000104803685B070FD06E4688B06A460E4BC1
:10D6700053610E4BC2E90634042342F8103F4FF4C5
:10D68000015113F052FCB546094928460DF06EFCD5
:10D69000DDE77A68074928460DF04CFC0024D6E700
:10D6A000AB650500FC3600203B670500DEFA05008F
:10D6B000766B050030FA05002DE9F0471C4688B06E
:10D6C0004A4B4B4D1B7800AF824688469146D3B1FA
:10D6D0002B6813F0060F05D1002420462037BD46E5
:10D6E000BDE8F0876C4688B06A46424B5361424BB6
:10D6F0009361032342F8103F4FF4C451284613F0BE
:10D7000014FCA546E8E7104615F00DFB0646A8B93F
:10D710002B685A070FD06C4688B06A46374B536166
:10D72000354B9361032342F8103F4FF4C251284612
:10D7300013F0FBFBA5466FF00B04CEE74A464146CB
:10D7400015F0F5FABFF35B8F2D4B53E8001F4A1C11
:10D7500043E800200028F8D1BFF35B8FDAE900230B
:10D76000C7E902239AF808303B74DAF80C303960C4
:10D77000C7E905362B68C7F81C9003F00703022B96
:10D7800010D9E84688B06A461E4B53611A4BC2E96D
:10D790000631042342F8103F4FF40351284613F09A
:10D7A000C4FBC5460CB13B68236017480022002328
:10D7B000394605F09BF9041E8EDA2B685B0710D002
:10D7C0006D4688B06A46114B53610B4B0848C2E95D
:10D7D0000634042342F8103F4FF4015113F0A5FB27
:10D7E000AD46304615F098FA77E700BF98CA00209A
:10D7F000FC360020BCF9050011FB050019E8050006
:10D800005CCA002093FA05009C3900200FFA05003D
:10D8100008B50349DEF7F0FEB0FA80F0400908BD14
:10D8200060FF0500F8B54FF0FF324FF0FF3300AF57
:10D8300004464148414D13F080FB414B1B6833B314
:10D84000404A20461168984708B33B4813F077FBDD
:10D850002B6803F00703022B13D96E468AB06A4681
:10D86000394B5361394BC2E9063440F2013313841A
:10D87000374B42F8103F4FF41351284613F05AFB30
:10D88000B5463448002106F065FCBD46F8BD2A487F
:10D8900013F055FB2B6803F00703022B13D96D46D9
:10D8A0008AB06A462C4B5361284B2448C2E906349F
:10D8B00040F201331384264B42F8103F4FF41351CA
:10D8C00013F038FBAD4625492046DEF795FE30B90A
:10D8D000234B1B68002BD8D003209847D5E721495C
:10D8E0002046DEF789FE28B91D4B1B68002BCCD0E3
:10D8F0000420F2E71C492046DEF77EFE28B9184BCB
:10D900001B68002BC1D00120E7E718492046DEF74D
:10D9100073FE28B9124B1B68002BB6D00220DCE73F
:10D9200013492046DEF768FE0028AED10C4B1B6879
:10D93000002BD2D1A9E700BFB8380020043700205F
:10D940001CCB002004CB002064FF0500050406006A
:10D950000400000108CB002070FF05007CFF0500DB
:10D9600018CB002081FF050088FF050093FF05000C
:10D970009EFF05000CB42DE9F04786B000AF07F11B
:10D98000380480464FF0FF324B4854F8045B4FF0A8
:10D99000FF330E4613F0D1FA002140F2676006F023
:10D9A0005FF846483C60836822461B6929469847D1
:10D9B000041E17DA4248036859070FD06D4688B035
:10D9C0006A46404B5361404BC2E90634042342F897
:10D9D000103F4FF4015113F0ADFAAD46364813F045
:10D9E000AEFA39E0394CDFF8E8A0DFF8E8902046DD
:10D9F00015F05CF94FF0FF3237484FF0FF3313F06A
:10DA00009CFA0025354B3448CAF80030C9F800505C
:10DA100013F095FA29461022381D15F0B0F90121AE
:10DA200079747C6142463346381D06F03BFB4FF06B
:10DA3000FF3204464FF0FF33274813F07EFA2648A2
:10DA4000CAF80050C9F8005013F079FAAC420ADB6A
:10DA5000194813F074FA2C4620461837BD46BDE825
:10DA6000F04702B07047164D2B685A07B6D06E4685
:10DA700088B06A461A4B53611A4B4FF00408C2E94A
:10DA800006344FF4015142F8108F284613F052FA31
:10DA90002B685B07B546A1D088B06A46124B53612C
:10DAA000094B4FF40151C2E90634284642F8108F61
:10DAB00013F040FAB54691E7E038002050370500F2
:10DAC00004370020A9FF0500B903060008CB002099
:10DAD0001CCB002004CB0020B838002011D8030054
:10DAE000EBD00500AB030600CFFF05000FB4B0B5C7
:10DAF00082B01D4800AF4FF0FF324FF0FF3313F0FC
:10DB00001CFA002140F2676005F0AAFF1748184987
:10DB1000836807F11C021B697A609847041E1DDAAE
:10DB2000144803685B070FD06D4688B06A46124BF5
:10DB30005361124BC2E90634042342F8103F4FF4FC
:10DB4000015113F0F7F9AD46074813F0F8F92046F4
:10DB50000837BD46BDE8B04004B07047024813F036
:10DB6000EEF90024F3E700BFE0380020503705004D
:10DB7000B701060004370020A9FF0500C503060011
:10DB8000B0B5134B00AF1860124815F08AF8124870
:10DB9000124983681B689847041E16DA1048036808
:10DBA0005B070FD06D4688B06A460E4B53610E4B33
:10DBB000C2E90634042342F8103F4FF4015113F038
:10DBC000B9F9AD462046BD46B0BD0024FAE700BF16
:10DBD00018CB002008CB00205037050025D80300C3
:10DBE00004370020F3FF05000D040600B0B510480F
:10DBF000836800AF9B689847041E16DA0D480368D7
:10DC00005B070FD06D4688B06A460B4B53610B4BD8
:10DC1000C2E90634042342F8103F4FF4015113F0D7
:10DC200089F9AD462046BD46B0BD0024FAE700BFE5
:10DC3000503705000437002019000600F1030600E4
:10DC4000B0B51048836800AFDB689847041E16DA49
:10DC50000D4803685B070FD06D4688B06A460B4BD2
:10DC600053610B4BC2E90634042342F8103F4FF4D2
:10DC7000015113F05FF9AD462046BD46B0BD00240A
:10DC8000FAE700BF503705000437002041000600C6
:10DC9000DC030600B0B5014600AF0F48FFF726FFD2
:10DCA000041E16DA0D4803685B070FD06D4688B076
:10DCB0006A460B4B53610B4BC2E90634042342F80E
:10DCC000103F4FF4015113F035F9AD462046BD46E3
:10DCD000B0BD0024FAE700BFB701060004370020FA
:10DCE0006A000600CE030600B0B50346104A00AF36
:10DCF0004FF400400021FFF73DFE041E16DA0D48E8
:10DD000003685B070FD06D4688B06A460A4B5361C3
:10DD10000A4BC2E90634042342F8103F4FF4015184
:10DD200013F008F9AD462046BD46B0BD0024FAE721
:10DD3000AE000600043700208C00060093030600A6
:10DD4000B0B50346134A00AF4FF400400021FFF77F
:10DD500011FE041E16DA104803685B070FD06D46EB
:10DD600088B06A460D4B53610D4BC2E9063404235B
:10DD700042F8103F4FF4015113F0DCF8AD46204655
:10DD8000BD46B0BD4FF42030002105F069FE0024EF
:10DD9000F5E700BFBC000600043700208C00060039
:10DDA0007E030600B0B50346104A00AF4FF40040B2
:10DDB0000021FFF7DFFD041E16DA0D4803685B073C
:10DDC0000FD06D4688B06A460A4B53610A4BC2E9D0
:10DDD0000634042342F8103F4FF4015113F0AAF81F
:10DDE000AD462046BD46B0BD0024FAE7C700060098
:10DDF000043700208C00060068030600B0B5034617
:10DE0000104A00AF4FF400400021FFF7B3FD041E9D
:10DE100016DA0D4803685B070FD06D4688B06A4676
:10DE20000A4B53610A4BC2E90634042342F8103FFF
:10DE30004FF4015113F07EF8AD462046BD46B0BD0B
:10DE40000024FAE7D3000600043700208C00060007
:10DE500055030600B0B50346104A00AF4FF400402A
:10DE60000021FFF787FD041E16DA0D4803685B07E3
:10DE70000FD06D4688B06A460A4B53610A4BC2E91F
:10DE80000634042342F8103F4FF4015113F052F8C6
:10DE9000AD462046BD46B0BD0024FAE7DC000600D2
:10DEA000043700208C00060040030600B0B503468E
:10DEB000104A00AF4FF400400021FFF75BFD041E45
:10DEC00016DA0D4803685B070FD06D4688B06A46C6
:10DED0000A4B53610A4BC2E90634042342F8103F4F
:10DEE0004FF4015113F026F8AD462046BD46B0BDB3
:10DEF0000024FAE7E7000600043700208C00060043
:10DF00002C030600B0B50346104A00AF4FF40040A2
:10DF10000021FFF72FFD041E16DA0D4803685B078A
:10DF20000FD06D4688B06A460A4B53610A4BC2E96E
:10DF30000634042342F8103F4FF4015112F0FAFF67
:10DF4000AD462046BD46B0BD0024FAE7F10006000C
:10DF5000043700208C00060018030600B0B5034605
:10DF6000104A00AF4FF400400021FFF703FD041EEC
:10DF700016DA0D4803685B070FD06D4688B06A4615
:10DF80000A4B53610A4BC2E90634042342F8103F9E
:10DF90004FF4015112F0CEFFAD462046BD46B0BD54
:10DFA0000024FAE7FB000600043700208C0006007E
:10DFB000FE020600B0B50346104A00AF4FF4004021
:10DFC0000021FFF7D7FC041E16DA0D4803685B0733
:10DFD0000FD06D4688B06A460A4B53610A4BC2E9BE
:10DFE0000634042342F8103F4FF4015112F0A2FF0F
:10DFF000AD462046BD46B0BD0024FAE70B01060041
:10E00000043700208C000600E7020600B0B5114A74
:10E0100000AF4FF4A0200021FFF7ACFC041E16DA7D
:10E020000D4803685B070FD06D4688B06A460B4BFE
:10E0300053610B4BC2E90634042342F8103F4FF4FE
:10E04000015112F077FFAD462046BD46B0BD002419
:10E05000FAE700BF18010600043700208C00060014
:10E06000D20206002DE9F0434FEA410883B008F1DF
:10E070000109064602AF48460C4614F054FE054618
:10E08000C8B92A48036859070ED06C4688B002AA5E
:10E09000274B5361274B9361032342F8103F4FF402
:10E0A000C25112F047FFA5466FF00B04204604371B
:10E0B000BD46BDE8F08301230093024621464B464E
:10E0C000304612F0F6FB8045044617D01748036827
:10E0D0005A070FD06E4688B002AA174B5361154BF2
:10E0E000C2E90634042342F8103F4FF4015112F004
:10E0F00021FFB546284614F00FFED7E70F4A2B46FE
:10E100004FF400400021FFF735FC041E08DA0748F1
:10E1100003685B07EED06E4688B002AA084BDDE7C5
:10E12000284614F0F9FD0024C0E700BF04370020A2
:10E1300019E80500BA0206002001060042010600A7
:10E140008C0006002DE9F0434FEA410883B008F146
:10E150000109064602AF48460C4614F0E4FD0546A8
:10E16000C8B92A48036859070ED06C4688B002AA7D
:10E17000274B5361274B9361032342F8103F4FF421
:10E18000C25112F0D7FEA5466FF00B0420460437AB
:10E19000BD46BDE8F08301230093024621464B466D
:10E1A000304612F086FB8045044617D017480368B6
:10E1B0005A070FD06E4688B002AA174B5361154B11
:10E1C000C2E90634042342F8103F4FF4015112F023
:10E1D000B1FEB546284614F09FFDD7E70F4A2B46FF
:10E1E0004FF400400021FFF7C5FB041E08DA074882
:10E1F00003685B07EED06E4688B002AA084BDDE7E5
:10E20000284614F089FD0024C0E700BF0437002031
:10E2100019E80500A30206002001060050010600CF
:10E220008C0006002DE9F0434FEA410883B008F165
:10E230000109064602AF48460C4614F074FD054637
:10E24000C8B92A48036859070ED06C4688B002AA9C
:10E25000274B5361274B9361032342F8103F4FF440
:10E26000C25112F067FEA5466FF00B04204604373A
:10E27000BD46BDE8F08301230093024621464B468C
:10E28000304612F016FB8045044617D01748036845
:10E290005A070FD06E4688B002AA174B5361154B30
:10E2A000C2E90634042342F8103F4FF4015112F042
:10E2B00041FEB546284614F02FFDD7E70F4A2B46FE
:10E2C0004FF400400021FFF755FB041E08DA074811
:10E2D00003685B07EED06E4688B002AA084BDDE704
:10E2E000284614F019FD0024C0E700BF04370020C1
:10E2F00019E805008C020600200106005D010600F9
:10E300008C0006002DE9F0434FEA410883B008F184
:10E310000109064602AF48460C4614F004FD0546C6
:10E32000C8B92A48036859070ED06C4688B002AABB
:10E33000274B5361274B9361032342F8103F4FF45F
:10E34000C25112F0F7FDA5466FF00B0420460437CA
:10E35000BD46BDE8F08301230093024621464B46AB
:10E36000304612F0A6FA8045044617D017480368D5
:10E370005A070FD06E4688B002AA174B5361154B4F
:10E38000C2E90634042342F8103F4FF4015112F061
:10E39000D1FDB546284614F0BFFCD7E70F4A2B46FF
:10E3A0004FF400400021FFF7E5FA041E08DA0748A1
:10E3B00003685B07EED06E4688B002AA084BDDE723
:10E3C000284614F0A9FC0024C0E700BF0437002051
:10E3D00019E8050075020600200106006A01060022
:10E3E0008C0006002DE9F0434FEA410883B008F1A4
:10E3F0000109064602AF48460C4614F094FC054657
:10E40000C8B92A48036859070ED06C4688B002AADA
:10E41000274B5361274B9361032342F8103F4FF47E
:10E42000C25112F087FDA5466FF00B042046043759
:10E43000BD46BDE8F08301230093024621464B46CA
:10E44000304612F036FA8045044617D01748036864
:10E450005A070FD06E4688B002AA174B5361154B6E
:10E46000C2E90634042342F8103F4FF4015112F080
:10E4700061FDB546284614F04FFCD7E70F4A2B46FE
:10E480004FF400400021FFF775FA041E08DA074830
:10E4900003685B07EED06E4688B002AA084BDDE742
:10E4A000284614F039FC0024C0E700BF04370020E0
:10E4B00019E805005D02060020010600770106004C
:10E4C0008C0006002DE9F0434FEA410883B008F1C3
:10E4D0000109064602AF48460C4614F024FC0546E6
:10E4E000C8B92A48036859070ED06C4688B002AAFA
:10E4F000274B5361274B9361032342F8103F4FF49E
:10E50000C25112F017FDA5466FF00B0420460437E8
:10E51000BD46BDE8F08301230093024621464B46E9
:10E52000304612F0C6F98045044617D017480368F4
:10E530005A070FD06E4688B002AA174B5361154B8D
:10E54000C2E90634042342F8103F4FF4015112F09F
:10E55000F1FCB546284614F0DFFBD7E70F4A2B46FF
:10E560004FF400400021FFF705FA041E08DA0748BF
:10E5700003685B07EED06E4688B002AA084BDDE761
:10E58000284614F0C9FB0024C0E700BF0437002070
:10E5900019E8050045020600200106008501060075
:10E5A0008C000600B0B50346104A00AF4FF400409F
:10E5B0000021FFF7DFF9041E16DA0D4803685B0738
:10E5C0000FD06D4688B06A460A4B53610A4BC2E9C8
:10E5D0000634042342F8103F4FF4015112F0AAFC14
:10E5E000AD462046BD46B0BD0024FAE793010600C3
:10E5F000043700208C0006002E0206002DE9F043AF
:10E600004B1E83B0F12B044602AF0E465DD84FEA95
:10E61000410808F10109484614F085FB0546C8B9D0
:10E620002B48036859070ED06C4688B002AA294BC4
:10E630005361294B9361032342F8103F4FF4C251B9
:10E6400012F078FCA5466FF00B0420460437BD4657
:10E65000BDE8F0830123009302464B462046314635
:10E6600012F027F98045044617D0194803685A0765
:10E670000FD06E4688B002AA184B5361164BC2E900
:10E680000634042342F8103F4FF4015112F052FCBB
:10E69000B546284614F040FBD7E7114A00953346AB
:10E6A0004FF4A0200021FFF765F9041E08DA08489E
:10E6B00003685B07EDD06E4688B002AA094BDCE721
:10E6C000284614F029FB0024BFE76FF01504BCE7CF
:10E6D0000437002019E805001A0206002001060090
:10E6E000A00106008C0006002DE9F0434B1E83B00C
:10E6F000F12B044602AF0E465DD84FEA410808F1FF
:10E700000109484614F00FFB0546C8B92B480368B9
:10E7100059070ED06C4688B002AA294B5361294B89
:10E720009361032342F8103F4FF4C25112F002FCF0
:10E73000A5466FF00B0420460437BD46BDE8F083C4
:10E740000123009302464B462046314612F0B1F8B1
:10E750008045044617D0194803685A070FD06E4603
:10E7600088B002AA184B5361164BC2E90634042341
:10E7700042F8103F4FF4015112F0DCFBB546284639
:10E7800014F0CAFAD7E7114A009533464FF4A02097
:10E790000021FFF7EFF8041E08DA084803685B075A
:10E7A000EDD06E4688B002AA094BDCE7284614F08B
:10E7B000B3FA0024BFE76FF01504BCE7043700206C
:10E7C00019E805000602060020010600AD0106005A
:10E7D0008C0006002DE9F047531E82B0F12B8046D5
:10E7E00002AF0C4616465DD84FEA420909F1010A0C
:10E7F000504614F098FA0546C0B92C4803685907EA
:10E800000ED06C4688B002AA294B5361294B936104
:10E81000032342F8103F4FF4C25112F08BFBA54680
:10E820006FF00B042046BD46BDE8F087012300933E
:10E83000024653462046314612F03BF881450446D5
:10E8400017D01A4803685A070FD06E4688B002AA3C
:10E85000194B5361174BC2E90634042342F8103FA9
:10E860004FF4015112F066FBB546284614F054FAF5
:10E87000D8E7CDE90065114A43464FF4A0200021B6
:10E88000FFF778F8041E08DA084803685B07ECD045
:10E890006E4688B002AA0A4BDBE7284614F03CFA21
:10E8A0000024BFE76FF01504BCE700BF0437002069
:10E8B00019E80500F101060020010600BA01060072
:10E8C0008C0006002DE9F047531E82B0F12B8046E4
:10E8D00002AF0C4616465DD84FEA420909F1010A1B
:10E8E000504614F020FA0546C0B92C480368590771
:10E8F0000ED06C4688B002AA294B5361294B936114
:10E90000032342F8103F4FF4C25112F013FBA54607
:10E910006FF00B042046BD46BDE8F087012300934D
:10E92000024653462046314611F0C3FF8145044656
:10E9300017D01A4803685A070FD06E4688B002AA4B
:10E94000194B5361174BC2E90634042342F8103FB8
:10E950004FF4015112F0EEFAB546284614F0DCF9F6
:10E96000D8E7CDE90065114A43464FF4A0200021C5
:10E97000FFF700F8041E08DA084803685B07ECD0CC
:10E980006E4688B002AA0A4BDBE7284614F0C4F9A9
:10E990000024BFE76FF01504BCE700BF0437002078
:10E9A00019E80500DC01060020010600CB01060085
:10E9B0008C00060004282DE9F04106D11E490B68A1
:10E9C000013313F0070202D00B60BDE8F0810A604A
:10E9D0001A490B6801333B2BF6DD0A6018490B68B6
:10E9E00001333B2BF0DD0A6016490B680133172B0E
:10E9F000EADD0A60144A154F1368DFF854803D6859
:10EA0000D8F80040134E0133082BA8BF012301356D
:10EA10003168136020463D6012F093FA8542D4DDE0
:10EA2000012319440C29C8BF01343B60D2BF3160B7
:10EA30003360C8F80040C8E730CB002034CB00205A
:10EA400038CB00203CCB0020B4330020B83300206A
:10EA5000C0330020BC330020012910B5044609D979
:10EA6000526806490CF082FA20460CF08DFA6FF0DD
:10EA7000150010BD0CF088FA0020FAE7AB65050020
:10EA80002DE9F041604D86B02B6803F00703022B9F
:10EA900000AF0FD96C4688B06A465C4B53615C4B43
:10EAA0009361032342F8103F4FF4C651284612F0F9
:10EAB00071FAA5460120F3F761F8044668BB2B689C
:10EAC0005C070FD06C4688B06A46524B5361524B7C
:10EAD0009361032342F8103F4B484FF4C25112F0A8
:10EAE00059FAA5466FF005042B685A0710D06D46F9
:10EAF00088B06A46494B5361454B4348C2E90634E6
:10EB0000042342F8103F4FF4015112F043FAAD468E
:10EB100020461837BD46BDE8F081DFF80481404645
:10EB200014F0BFF83F49022320460026CE60C1F80A
:10EB300004808B600BF014FA041E14DA2B6858075B
:10EB4000D2D06E4688B06A46374B5361324B2E485E
:10EB5000C2E90634042342F8103F4FF4015112F089
:10EB600019FAB546C0E731461022381D14F007F9EE
:10EB70007B7CC7F81480012666F305037B744FF095
:10EB8000FF324FF0FF333146381D05F08BFA044653
:10EB900038B12B685907A7D06E4688B06A46234B18
:10EBA000D3E7234B7B603872224A2348391D02F099
:10EBB00019FC224B984216D02B685B0710D06C468C
:10EBC00088B06A461E4B5361114BC2E906300423DC
:10EBD00042F8103F0C484FF4015112F0DBF9A54602
:10EBE0006FF0040494E73146134812F088FC124891
:10EBF00002F020FC224621462420E6F7ABFA24202E
:10EC0000E6F778FA84E700BF0C370020C1640500FE
:10EC1000EE04060068D20500E00406002C0406009D
:10EC200020CB002040CB002066D10500EBD00500B2
:10EC3000FF0F0741B5E90300405F05000000AD0B81
:10EC40005004060010B504462420E6F761FA0D4B87
:10EC50001B6823600C4B1B6863600C4B1B68A36034
:10EC60000B4B1B68E3600B4B1B6823610A4B1B6853
:10EC700063610A4B1B68A3612420E6F73BFA00207E
:10EC800010BD00BFC0330020BC330020B8330020CB
:10EC9000B43300203CCB002038CB002034CB002004
:10ECA000B0B58EB006AF0546381DFFF7CBFF044662
:10ECB000B8B1164803685B070FD06D4688B006AA46
:10ECC000134B5361134BC2E90634042342F8103F3F
:10ECD0004FF4015112F05EF9AD4620462037BD4693
:10ECE000B0BD3B690C4A0D49013B284652F8233020
:10ECF0000493FB690393BB6902937B690193FB68EF
:10ED00000093D7E901230CF015F9E6E70C37002052
:10ED100074040600AA050600D05E050099040600EA
:10ED200038B504460068A0F2B273812B5ED86168E2
:10ED30004B1E0B2B5AD8A568002D57DD12F001F998
:10ED4000854253DC2369172B50D863693B2B4DD880
:10ED5000A3693B2B4AD82420E6F7DAF9254B226831
:10ED600025491A6063680B602449A06808600C2577
:10ED7000C3F10E0191FBF5F105FB0133521A023B81
:10ED80000D214B43002A4FF0050103F1FF3393FBA4
:10ED9000F1F3034411461344B8BFD11C03EBA103A4
:10EDA0006FF0630192FBF1F10B444FF4C87192FBD9
:10EDB000F1F21344072293FBF2F2C2EBC2029B1A58
:10EDC0000F4A08BF072313600E4B22691A600E4BCF
:10EDD00062691A600D4BA2691A602420E6F78AF96D
:10EDE0000B48012113F082FF002038BD6FF01500A1
:10EDF000FBE700BFC0330020BC330020B833002045
:10EE0000B43300203CCB002038CB002034CB002092
:10EE1000443A0020F0B589B0D2E9014500AF06467A
:10EE20002046DDF7FBFB0A2825D12378303B092B50
:10EE300021D86378303B092B1DD8A378303B092BB0
:10EE400019D8E378303B092B15D823792F2B12D111
:10EE50006379303B092B0ED8A379303B092B0AD8B4
:10EE6000E3792F2B07D1237A303B092B03D8637A20
:10EE7000303B092B08D930460CF086F86FF01504AA
:10EE800020462437BD46F0BD2846DDF7C7FB0828DD
:10EE9000F1D12B78303B092BEDD86B78303B092B27
:10EEA000E9D8AB783A2BE6D1EB78303B092BE2D8A6
:10EEB0002B79303B092BDED86B793A2BDBD1AB7940
:10EEC000303B092BD7D8EB79303B092BD3D8002620
:10EED0002671E6710A222046AE706E71314608F046
:10EEE0002DFA0A2278603146601D08F027FA0A22BE
:10EEF000B860314604F1080008F020FA0A22F860F0
:10EF00003146284608F01AFA0A2278613146E81C90
:10EF100008F014FA0A22B8613146A81D08F00EFA6A
:10EF2000F861381DFFF7FCFE04460028A8D00A4807
:10EF300003685B07A4D06D4688B06A46074B5361EF
:10EF4000074BC2E90634042342F8103F4FF4015145
:10EF500012F020F8AD4693E70C370020BB04060002
:10EF6000B6050600012937B505460AD95268164983
:10EF70000BF0FCFF28460CF007F86FF0150003B00B
:10EF800030BD124801AA694613F093FE009B33B1CD
:10EF900028460F490BF0DCFF6FF00700EFE70D4B41
:10EFA000BFF35B8F1C68BFF35B8F34B128460A49FF
:10EFB0000BF0DCFF6FF00F00E1E70448214605F09D
:10EFC000C9F82046DBE700BFAB65050050CB002049
:10EFD000C205060060CB0020DC050600B0B54E4D32
:10EFE00086B02B6803F00703022B00AF10D96C46E4
:10EFF00088B06A46494B5361494B9361032342F8F9
:10F00000103F00234FF4C6512846E2F735FFA546CE
:10F01000444813F046FE2B6803F00703022B10D977
:10F020006C4688B06A46404B53613D4B9361032365
:10F0300042F8103F384800234FF4C651E2F71CFF56
:10F04000A54610220021381D13F099FE354B7B6137
:10F050000121797400234FF42032381D05F022F885
:10F060002B6810F10B0F044603F0070323D1022B8A
:10F0700010D96C4688B06A462C4B5361284B93617B
:10F08000032342F8103F244800234FF4C651E2F70F
:10F09000F3FEA546264BBFF35B8F012253E8001F0A
:10F0A00043E800200028F9D1BFF35B8F00242046FD
:10F0B0001837BD46B0BDA0B1002BF8D06D4688B062
:10F0C0006A461C4B5361164BC2E90630042342F8D2
:10F0D000103F114800234FF40151E2F7CDFEAD4639
:10F0E000E5E7022B10D96D4688B06A46124B536192
:10F0F0000B4B9361032342F8103F4FF4C651034674
:10F100000548E2F7B9FEAD464FF0FF314FF0FF3052
:10F1100004F0A6FCF8E700BF10370020C16405002A
:10F120004E06060050CB0020FA0506001A0606001F
:10F1300060CB0020EBD0050038060600014803F044
:10F140006BBE00BFC43300202DE9F041424E84B0B5
:10F15000336803F00703022B00AF10D96C4688B068
:10F160006A463E4B53613E4B9361032342F8103F86
:10F1700000234FF4C6513046E2F77EFEA546394DD6
:10F18000284612F03BFF0346D8B9326850070FD02B
:10F190006C4688B06A463449516131499161032116
:10F1A00042F8101F2C484FF4C251E2F765FEA54605
:10F1B000FFF7C4FF6FF0120420461037BD46BDE8CC
:10F1C000F08180210023C7E90013D5F80880D8F822
:10F1D0000040CCB13B4607220D212846A0470446FB
:10F1E000A0B9224BB860FB60D8F80080B8F1000FDE
:10F1F00027D0024607F108030D212846C0470446E0
:10F2000008BBFFF79BFFD7E76FF0570433685A0737
:10F2100011D06E4688B06A46154B5361104BC2E957
:10F220000634042342F8103F0B4800234FF40151E9
:10F23000E2F722FEB546EB685A786FF300025A7087
:10F24000DFE76FF0570433685B07F4D06E4688B091
:10F250006A46084BE1E700BF14370020C16405008F
:10F260001D07060040380500866B050090D003009E
:10F270006D060600AC060600012910B5044609D942
:10F28000526806490BF072FE20460BF07DFE6FF0CF
:10F29000150010BD0BF078FE0020FAE7AB65050005
:10F2A000F0B583B000AF0546381DDEF71DF8044603
:10F2B000E0B1134803685B0710D06E4688B06A4619
:10F2C000104B5361104BC2E90634042342F8103F3F
:10F2D00000234FF40151E2F7CFFDB5460B49284614
:10F2E0000BF044FE20460C37BD46F0BD7868D8F7D9
:10F2F00091FC02460B46284605490BF01BFEF1E740
:10F3000018370020FE72050050070600766B0500D6
:10F310003B07060002460B46014803F097BC00BFBE
:10F32000F4380020014803F009BD00BFF438002084
:10F33000B0B5034611480268520700AF14D06C46BE
:10F340008AB06A460E4D55610E4D1162C2E90653F0
:10F3500040F2013393840C4B42F8103F4FF431518B
:10F36000002311F01AFEA546002383F31188BFF392
:10F370006F8F0323184602DFBD46B0BDB4360020B0
:10F380008507060065090600050000012DE9F0412A
:10F3900088B04B4C00AF06460D464A484A4913F028
:10F3A00065F800F00BFF07F10C00CDF781FC236836
:10F3B00003F00703022B15D9E8468AB06A46434B8F
:10F3C0005361434B9361434BD36140F20133138448
:10F3D000414B42F8103F414907F10C03204611F020
:10F3E000DCFDC5463E4812F009FE0346C8B9226856
:10F3F00052070FD06C4688B06A463A495161344989
:10F400009161032142F8101F2D484FF4C25111F0B1
:10F41000C4FDA5466FF0120420462037BD46BDE866
:10F42000F081314B7B60381DCDF7B6FCB8B1236855
:10F430005B0711D06C4688B06A462C4B5361244B55
:10F44000C2E90630042342F8103F1D4800234FF460
:10F45000015111F0A2FDA5466FF01504DCE74FF055
:10F46000FF304FF0FF31FFF755FF04460028D3D19E
:10F470000820CDF781FC20B1FFF754FF6FF0850421
:10F48000CAE71B491B48CDF7D1FB044610B1FFF773
:10F4900049FFC1E741F64C5307F10800BB60D9F7BB
:10F4A00034FD0028E8D1012338463B70D9F725FD0B
:10F4B0000028E1D1FFF736FF33691D60ACE700BFDC
:10F4C000B436002068CB00202F10050056940500AC
:10F4D000FA080600AE07060004000001C02440013F
:10F4E000D8360500D507060005F60300F907060023
:10F4F00028770020F5F50300B0B584B0384800AF98
:10F50000CDF710FBCDF7E6FB20B16FF0850010378B
:10F51000BD46B0BDCDF7F2FB0028F6D1CDF702FC19
:10F520000028F2D1CDF70CFC0028EED1CDF716FC67
:10F5300004460028E9D104257A1902213D71CDF74E
:10F540002DFB0028E3DB08237A1907212046BB8026
:10F55000CDF724FB0028DADB224B7B607A190321EC
:10F560002046CDF71BFB0028D1DB01237A19294661
:10F5700020463B71CDF712FB0028C8DB1F237A1908
:10F5800006212046BB80CDF709FB0028BFDB42F2F5
:10F590006B43984221DD144C2268520712D06D460D
:10F5A0008AB06A461149516111491062C2E90613D5
:10F5B000052342F8103F4FF421510023204611F05B
:10F5C000ECFCAD46002383F31188BFF36F8F042357
:10F5D000184602DF6FF00B0099E7002097E700BFA5
:10F5E00031F30300FBFB0302B436002021080600C0
:10F5F000E30806000149024812F063BF68CB00200F
:10F60000609C002010B403460A46034881680C68D9
:10F610001946234610BC1847D8360500F0B583B00C
:10F620004FF0FF3000AF4FF0FF31FFF773FE0028BF
:10F630006BD1624DF91D284600F070FC0446FFF7BF
:10F6400071FE002C61D1FB79042B3DD128783E2836
:10F6500021D0FF2826D04FF0FF324FF0FF33214654
:10F66000E8F71AFC064610BB002C4CD1544803683E
:10F670005A0748D06D4688B06A46524B5361524B88
:10F680009361032342F8103F4FF4C251234611F017
:10F6900084FCAD4637E0AB78022BDCD1002200239E
:10F6A0000124DCE7AB7803F0FD03802BF5E76A78F3
:10F6B0004249023206F10C000DF0FEF9434B44487A
:10F6C0001B68314698471EE0022B4AD14FF0FF32AB
:10F6D0004FF0FF330320E8F7CFFB0646C0B93848A8
:10F6E00003685B070FD06C4688B06A46394B53619C
:10F6F000394B9361032342F8103F4FF4C251334614
:10F7000011F04BFCA546FFF775FF0C37BD46F0BD69
:10F710006A880432B2F5FE7F21D3294803685D0769
:10F7200014D06D468AB06B462C4959612A49C3E909
:10F73000061240F2FB121A621A46052342F8103FE5
:10F740004FF42151234611F028FCAD46002383F3EA
:10F750001188BFF36F8F0423184602DFD3E72946D1
:10F76000A8E7082B17D14FF0FF324FF0FF330520E9
:10F77000E8F782FB6A880432B2F5FE7F0646EED3D4
:10F780000F4803685907E1D06D468AB06B461349AC
:10F7900059611349CBE70A4802685207B3D06D4656
:10F7A00088B06A460F4951610F49C2E90613042324
:10F7B00042F8103F4FF40151234668E735EE002030
:10F7C000B4360020470806003609060064CB002046
:10F7D0009837050065080600220906008208060021
:10F7E0000A090600A60806004B090600F7B5804E78
:10F7F00033780446002B40F0878304238DF80730CC
:10F800007C4B05881F68B7B10DF106030DF10702A7
:10F81000711CB84701280ED09DF80630002B40F02F
:10F820008B819DF80730B3700E2201237270F37044
:10F83000B580B07189E1B5F5105F4FEA95230AD222
:10F84000002B4ED0013B072B08D8DFE803F0090757
:10F85000367A070707C13F2B00F03A82012055E0B6
:10F86000204640F2064230F9033B93420FD040F26B
:10F870001D4293421ED0012040F206439D4200F0FB
:10F880005B8140F21D439D4200F056813EE0D9F776
:10F89000A6FB42F264039D4240F20C8342F28503D0
:10F8A0009D4233D842F267039D4200F2148342F234
:10F8B0006603E8E7D9F795FBEBE7204640F663429D
:10F8C00030F9033B934230D00DDC40F603429342C3
:10F8D0001FD040F62D4293421ED040F60142934283
:10F8E00012D0012028E140F67B42934220D040F61E
:10F8F0007C429342F5D19DF807303F4902338DF8A1
:10F900000730D9F71FFA01E0D9F70EFA0128E8D03D
:10F9100087E7CDF719FBF9E79DF807303649033340
:10F920008DF80730D9F705FAF0E7D9F704FAEDE7D3
:10F930009DF80730304904338DF80730D9F700FAC5
:10F94000E4E72388A3F58053013B082BC9D801A223
:10F9500052F823F079F903008BF903009FF90300B3
:10F96000E3F80300E3F80300E3F80300E3F803001F
:10F97000E3F80300BFF903009DF807301E48083381
:10F980008DF80730D9F7DCFAC0E79DF807301A4840
:10F9900040338DF8073011F04CFB002041E79DF813
:10F9A000073008338DF80730134B00221A605A6075
:10F9B000F37A23F0600343F06003F372EDE79DF800
:10F9C00007300D4806338DF80730D9F7BBFA9DE7AD
:10F9D000204642F25E0130F8033B1AB28A4242F2FC
:10F9E00064017BDCB2F5005F08DC8D426EE000BF95
:10F9F00030F0002078CB002037F00020A3F5005332
:10FA0000013B5D2B5FD8DFE813F0700078008100C8
:10FA10005E00A500A800AB00B400B700BA005E000D
:10FA20005E005E005E00BD00C600C900CC005E0046
:10FA30005E00CF00D800DB00E4005E00ED00F600C1
:10FA4000FF005E005E005E005E005E0009011201C4
:10FA50001B011E01210127012A012D0130015E0039
:10FA60005E0039013C013F014801510154015E0033
:10FA70005E005E005E005E005E005E005E005E0096
:10FA80005E005E005E005E005E005E005E005E0086
:10FA90005E005E005E005E005E005E005E0057017C
:10FAA0005E005E0060015E005E005E005E005E0063
:10FAB0005E005E005E005E005E005E005E005E0056
:10FAC0005E005E00240142F264039D423FF409AFF0
:10FAD00040F2FF8142F285030120E1E642F27C031D
:10FAE0009A4282D1D9F779FA01E0D9F72DFA42F298
:10FAF00064039D427FF4CDAE1EE09DF80730CE48F2
:10FB000003338DF80730D9F724FAF0E79DF8073072
:10FB1000C94808338DF8073011F0C8FA42F264037F
:10FB20009D4208D040F2C58142F285039D4240F2D9
:10FB3000E9810020EAE600200F2373700423B370EC
:10FB40000123F0703371A6F80550012333700020B3
:10FB500003B0F0BDD9F7FFF9C9E7D9F7FEF9C6E759
:10FB60009DF80730B44801338DF80730D9F7F7F91D
:10FB7000BDE7D9F7F6F9BAE7D9F7F5F9B7E7D9F755
:10FB8000F4F9B4E79DF80730AB4801338DF807303E
:10FB9000D9F7EDF9ABE7D9F7ECF9A8E7D9F7EBF925
:10FBA000A5E7D9F7EAF9A2E79DF80730A24907339C
:10FBB0008DF80730D9F7E3F999E7D9F7E2F996E735
:10FBC0009DF807309C4910338DF80730D9F7DBF9E1
:10FBD0008DE79DF80730984808338DF80730D9F73E
:10FBE000D4F984E79DF80730934902338DF8073044
:10FBF000D9F7CDF97BE79DF807308F4902338DF8AF
:10FC00000730D9F7C8F972E79DF8073008338DF847
:10FC100007308F23F371C023F3727FE79DF807301D
:10FC2000854902338DF80730D9F7B9F95FE79DF8B8
:10FC30000730814804338DF80730D9F7B2F956E719
:10FC4000D9F7B1F953E700F0E9FA50E711F04EFAAD
:10FC50004DE711F04EFA4AE7D9F7A7F947E7D9F788
:10FC6000A6F944E7D9F7A5F941E79DF807307248AE
:10FC700001338DF80730D9F79EF938E7D9F79DF9A8
:10FC800035E7D9F79CF932E79DF807306A48083321
:10FC90008DF80730D9F795F929E79DF807306649BF
:10FCA00004338DF80730D9F78EF920E7D9F78DF9AD
:10FCB0001DE7D9F78CF91AE79DF807305E48023343
:10FCC0008DF80730D9F785F911E7D9F784F90EE7F0
:10FCD00020464FF60B4230F8033B934222D8B3F54F
:10FCE0007C4F01D801206DE0A3F57C43013B0A2B3A
:10FCF000F8D801A252F823F0B5FD0300D1FD0300AE
:10FD0000E5FC0300E5FC0300E5FC030021FE030025
:10FD1000E5FC0300E5FC0300FDFD03000FFE03000E
:10FD200027FE030003F5407292B21D2ADAD8A3F52C
:10FD30007D431D2BD6D801A252F823F03DFE0300CF
:10FD40006BFE030071FE030077FE03007DFE0300DF
:10FD500083FE0300E5FC0300E5FC0300E5FC030073
:10FD600089FE0300E5FC0300E5FC03008FFE0300B1
:10FD7000E5FC0300E5FC0300E5FC0300E5FC0300F3
:10FD8000E5FC0300E5FC0300E5FC030095FE030031
:10FD9000E5FC0300A7FE0300E5FC0300E5FC03000F
:10FDA000E5FC0300E5FC0300E5FC0300E5FC0300C3
:10FDB000ADFE03009DF807301F480C338DF8073067
:10FDC000D8F7C2FF25F008034FF6025293425BE5D5
:10FDD0009DF8073040338DF80730174B00221A800A
:10FDE000F37923F0230343F02303F371337A23F0F1
:10FDF000070343F0070333720020E3E79DF8073061
:10FE00000D4817338DF80730D8F7BAFFDAE79DF8B9
:10FE10000730094820338DF80730D9F703F8D1E7C8
:10FE2000D8F7ACFFCEE79DF80730034801338DF8D3
:10FE30000730D9F748F8C5E737F000209DF80730BC
:10FE400040338DF80730324B00221A60F37923F0EB
:10FE50003F0343F03F03F371337A43F0800333727F
:10FE6000737A43F002037372C6E7D9F742F8A9E741
:10FE7000D9F741F8A6E7D9F740F8A3E7D9F73FF853
:10FE8000A0E7D9F742F89DE7D9F741F89AE7D9F703
:10FE900042F897E79DF807301D4904338DF8073085
:10FEA000D9F73BF88EE7D9F747F88BE7D9F746F84B
:10FEB00088E7002042F226039D4217D842F20C0345
:10FEC0009D427FF6D9ACA5F500530D3B114A9BB27C
:10FED00006E00120EEE7A5F50153283B0E4A9BB250
:10FEE00022FA03F3DB077FF511AD25E642F2320378
:10FEF0009D423FF421AEA5F50153033B012B3FF694
:10FF000005AD19E60020CDE44FF0FF3020E600BF3C
:10FF100037F00020411200032F80402038B5094CF3
:10FF200023780D461BB9BDE83840D8F7EDBEA2785E
:10FF3000611C023212F0FBFE0020042320702B70A3
:10FF400038BD00BF30F0002070B505460E46084CA5
:10FF5000204612F053F838B1A368B2B229462046C1
:10FF60001B68BDE8704018476FF0120070BD00BFFD
:10FF7000D8360500F8B5264B264903F120020028A3
:10FF800008BF194600AF104604F074F90446A8B142
:10FF9000214803685B0710D06D4688B06A461F4B46
:10FFA00053611F4BC2E90634042342F8103F00237B
:10FFB0004FF40151E1F760FFAD4612244FF0FF32DC
:10FFC0004FF0FF330120E7F757FF00F10C06022145
:10FFD000054630460CF06AFD3E2303702223437031
:10FFE000012130460CF062FD0923037021213046C7
:10FFF0000CF05CFD00F8014B34B12022FF2112F01F
:020000040004F6
:10000000BEFE2846BD46F8BD064911F065F8F8E782
:1000100078F000200B0A0600B0360020A609060082
:10002000EC09060098F000202DE9F0414B4CBFF39D
:100030005B8F2368BFF35B8F022B00AFA0465AD0C3
:10004000042B5DD0012B5DD1454C464E202120462E
:10005000FFF77AFF002843D120223146204612F0D4
:100060009AFE0028F2D04048214604F0EFF80546F9
:100070000028EBD14FF0FF324FF0FF330120E7F7BC
:10008000FBFE00F10C060221044630460CF00EFD8A
:100090003E23037042234370012130460CF006FDDD
:1000A00008230370412130460CF000FD064600F89D
:1000B000015BBDB14022002112F061FEBFF35B8FF6
:1000C000002358E8002F48E800310029F9D1BFF398
:1000D0005B8F34B32548036921461B68984720E0AD
:1000E0001F25C7E7204910F0F7FF203106F1210056
:1000F00010F0F2FFE2E70020FFF73CFF0446DDE7E7
:100100000120F9E71A48036813F006030CD1BFF386
:100110005B8F54E8002F44E800310029F9D1BFF388
:100120005B8FBD46BDE8F0816D4688B06A46114BD5
:100130005361114B9361032342F8103F00234FF4A6
:10014000C451E1F799FEBFF35B8FAD46002354E83D
:10015000002F44E800310029E1D0F8E78CCB0020E3
:1001600078F000200B0A060098F000209837050070
:10017000B0360020CB090600FA09060010B586B09B
:100180001022002101A812F0FAFD0B4C0594012366
:100190008DF811304FF0FF324FF0FF33012101A8ED
:1001A00003F080FF204612F081FD049B6FF394332F
:1001B0000493FFF739FFEDE77CCB002010B588B042
:1001C0000E4812F06EFD0E4C0E4900220023CDE9C0
:1001D000062300230A22CDE90323CDE9013300934E
:1001E0004FF47072084B204603F07EF90749204611
:1001F00008B0BDE8104003F09FB800BF7CCB0020E2
:10020000989B0020005B01207D010400DF090600AF
:100210000148E4F7EDBE00BF989B002008B50B4BEA
:10022000BFF35B8F012253E8001F002903D143E88D
:1002300000200028F7D1BFF35B8F05D104480021CF
:1002400003F088FF002008BD0C20FCE78CCB0020C9
:100250007CCB002010B50029114BBFF35B8F044607
:100260000CBF0222042253E8001F002903D143E8F7
:1002700000200028F7D1BFF35B8F0ED1214609483B
:1002800010F02AFF084804F1200110F025FF07486C
:10029000002103F05FFF002010BD0C20FCE700BF31
:1002A0008CCB002098F00020B8F000207CCB002000
:1002B00037B53223ADF80430154A00230125192142
:1002C00068468DF80630ADF800508DF80230D6F74C
:1002D0003FFE0446C0B94FF4AF60DBF7F3FF0D48B3
:1002E0002946DCF7ABF8044670B901462A460820D7
:1002F000E4F730FF2A4621460B20E4F72BFF2A467D
:1003000021462846E4F726FF204603B030BD00BF53
:100310002903040090CB00200149024812F0D1B813
:10032000C0CB0020609C0020B0B503461148026895
:10033000520700AF14D06C468AB06A460E4D556124
:100340000E4D1162C2E9065340F2013393840C4B07
:1003500042F8103F00234FF43151E1F78DFDA546DF
:10036000002383F31188BFF36F8F0323184602DF46
:10037000BD46B0BD64370020370A0600590A0600A2
:100380000500000137B50D4D0D49002400946FF0B4
:1003900009034FF40062284602F02CFF0949284661
:1003A00002F0CAFF0849094812F060F82246042109
:1003B0001920E4F7CFFE204603B030BD609C00203A
:1003C000005F01204F0A06001D110500C0CB002070
:1003D000014B00201B681847D0CB002020B101281A
:1003E00006D10448D3F772BF034B01201B6818479E
:1003F000704700BFD1030400D0CB0020014B186030
:1004000001487047D0CB00200000AD0B10B51D484F
:10041000BFF35B8F0368BFF35B8F23B9062904D852
:10042000042923D839B1002010BD0729FBD1403859
:1004300002F0F2FCF7E750F8203CA0F14004D3E9C9
:1004400000209047012805D00223E06384F834306F
:100450000D48E9E747F230532363032384F834302F
:1004600004F1240384F82900A363F1E700F8173CA2
:10047000064B40F8103CA0F11C014038007EDCF730
:100480001EF8D0E714CC002008CC0020FF3F420F1C
:1004900002480122002111F066BF00BFD4CB00202A
:1004A000014BD861704700BFD4CB00202DE9F0414B
:1004B0004FF0FF3100AF05464FF0FF30FEF72AFF47
:1004C00044494548D4F764F80446FEF72BFF002C56
:1004D00019DA424803685A0710D06D4688B06A4658
:1004E0003F4B53613F4BC2E90634042342F8103FAF
:1004F00000234FF40151E1F7BFFCAD466FF00B0054
:10050000BD46BDE8F081384C40F201132385E36914
:1005100025626433E36247F23053236300266FF0B1
:10052000730384F82460E36304F14005BFF35B8F39
:1005300055E8003F45E80062002AF9D1BFF35B8F20
:100540004FF0FF314FF0FF30FEF7E4FE04F12401DD
:10055000207EDBF7B4FFFEF7E5FE244A00232046A9
:1005600002F080FCB0421EDA1C4803685B070FD023
:10057000E84688B06A461E4B53611A4B93610323C9
:1005800042F8103F4FF4C2513346E1F775FCC546BF
:100590000123BFF35B8F55E8002F45E800310029A8
:1005A000F9D1BFF35B8F4FF0FF314FF0FF30FEF713
:1005B000B1FE207EDBF765FFFEF7B4FEBFF35B8F75
:1005C000236CBFF35B8F13B1074802F071FCE06B43
:1005D00096E700BFECCB00200D0404002C37002070
:1005E000740A0600AA0A0600D4CB0020447B0B0044
:1005F0009E0A0600074B01221A64D3F84035B3FB6C
:10060000F0F01844044BDB69984234BF002001200D
:10061000704700BF00800040D4CB002010B50C29EB
:10062000036912D118680A4C80EAE073A3EBE07307
:10063000990803F00303002804FB03F3BCBF4942FD
:100640005B42C2E90013002010BD6FF08500FBE79C
:1006500090D00300F0B5816885B01039054621F0CF
:1006600007040AF08EF90B4B6E4603F1100C32466C
:1006700018685968374603C7083363453E46F7D1C3
:100680001023214628460AF033F9003818BF01200C
:1006900005B0F0BD1C64050030B50D46816887B01B
:1006A000102302AA103904460AF00DF9002802DAD4
:1006B000012007B030BD102202A9204610F09CFD99
:1006C00000283AD11E49102202A812F064FB00282B
:1006D0000CBF012302232B70204610F079FD01236B
:1006E00001460DF1070220460AF0EDF80028DFDB95
:1006F0009DF8073003F00F021B096A702B7101226D
:100700000DF10701204610F077FD10B96B78042B2E
:1007100003D901236B7000232B71A268183A22F0D1
:100720000702083AA91C204610F079FD0028BFD125
:10073000E91C204610F0CCFDBBE70323CBE700BF4C
:100740001C6405002DE9F041DFF8508184B04600BB
:1007500000AF0546394658F8260010F0BFFD0446A4
:1007600020B1FF201037BD46BDE8F081013607F10A
:10077000080158F8260010F0B1FD012868D148485A
:10078000036803F00703022B10D96E4688B06A464F
:10079000444B5361444BC2E90635042342F8103FF1
:1007A0004FF403512346E1F767FBB5463F4BBB606F
:1007B00000233B733E7897F808803D4C0022207858
:1007C000314610F00BFD002849D06078414610F00A
:1007D00005FD002843D0A378042B02D0F978994274
:1007E0003DD1E378042B02D0F97A994237D12379AD
:1007F000042B02D0B978994231D1294B1B6803F000
:100800000703022B1FD96279022A24D0032A24D09D
:10081000284B2949042A08BF0B466E468AB06A460F
:10082000264951611362204940F202439384244BCC
:10083000C2E9061542F8103F194800234FF433511E
:10084000E1F71AFBB5466079831E022B8AD988E747
:100850000028AFD085E71B4BDFE71B4BDDE70132FC
:10086000032A04F10604AAD10D48036803F0070324
:10087000022B01D8012075E76C4688B06A46134BFD
:100880005361094BC2E90635042342F8103F0023A7
:100890004FF40351E1F7F0FAA546EBE7C45F05001A
:1008A00050370020080B06009A0B060003010303D3
:1008B000AF0B0600EF0A0600010B0600520B060004
:1008C0000500000168060600EA0A0600750B06002E
:1008D000BFF34F8F0549064BCA6802F4E062134329
:1008E000CB60BFF34F8F00BFFDE700BF00ED00E01E
:1008F0000400FA054FF08053D3F83021082A06D1BE
:10090000D3F83431052B02D8024AD05C704700205E
:10091000704700BFD40B0600024AD2F80034002B07
:10092000FBD0704700E0014010B54FF08053D3F882
:100930003021082A4ED14FF080420021C2F80C111C
:10094000C2F81011C2F8381502F54042D3F8041469
:10095000C2F82015D3F80814C2F82415D3F80C14E3
:10096000C2F82815D3F81014C2F82C15D3F81414B3
:10097000C2F83015D3F81814C2F83415D3F81C1483
:10098000C2F84015D3F82014C2F84415D3F8241443
:10099000C2F84815D3F82814C2F84C15D3F82C1413
:1009A000C2F85015D3F83014C2F85415D3F83414E3
:1009B000C2F86015D3F83814C2F86415D3F83C14A3
:1009C000C2F86815D3F84014C2F86C15D3F8443453
:1009D000C2F87035FFF78EFF18B13F4B3F4AC3F89E
:1009E0008C26FFF787FF18B13D4BFB22C3F8182573
:1009F000FFF780FF70B14FF080414FF08053D1F886
:100A0000E42ED3F8583222F00F0203F00F03134301
:100A1000C1F8E43EFFF76EFF20B1324B4FF4007295
:100A2000C3F840264FF08053D3F83031082B1AD149
:100A30004FF08043D3F80024D20744BF6FF0010287
:100A4000C3F800244FF08053D3F83431052B02D87B
:100A5000254AD35C3BB14FF01023D3F808224FF066
:100A60008043C3F858254FF01021D1F80C32DB0732
:100A700014D51E480123C0F80435FFF74DFFD1F807
:100A80000C3223F00103C1F80C32FFF745FF0023BD
:100A9000C0F80435FFF740FFFFF71AFFD1F8003226
:100AA000002B03DBD1F80432002B14DA0F490123A9
:100AB0004FF01020C1F804351224FFF72DFFC0F8C5
:100AC0000042FFF729FFC0F80442FFF725FF00238B
:100AD000C1F80435DEE710BD005000404881030036
:100AE00000F0004000900240CE0B060000E0014004
:100AF00030B50468CCB1BFF35B8FB4FA84F3C3F1B3
:100B00001F03DBB201229A4024EA020250E8005F90
:100B1000A54204D140E8002CBCF1000FF6D1BFF390
:100B20005B8FE6D102480B7030BD0248FCE700BF86
:100B30000000AD0B0200AD0B10B50368CB40DB0726
:100B400014D401238B400268BFF35B8F43EA020198
:100B500050E8004F944204D140E8001CBCF1000F63
:100B6000F6D1BFF35B8FEED1014810BD0148FCE721
:100B70000000AD0B0400AD0B014BC3F8040570473A
:100B800000F00140036803F01F025B09026004D01B
:100B9000012B034818BF002070474FF0A04070475A
:100BA00000030050034A430900F01F00D35C1844BF
:100BB000C0B27047DA0B060070B50546FFF7F2FFCA
:100BC0000C4C08300E4634F81030DA0508D5C3F363
:100BD000432304EBC302284654F833305268984745
:100BE000A3682BB1E26831462846BDE8704018473B
:100BF00070BD00BFDC33002008B5FFF7D3FF034B07
:100C0000083033F81000400B08BD00BFDC33002073
:100C100008B5FFF7C7FF034B083033F81000C0F3E7
:100C2000400008BDDC33002008B5FFF7BBFF034BD5
:100C3000083033F81000C0F3401008BDDC3300204A
:100C4000034611F0010010B5CCB20DD1A207C4F3D8
:100C5000400012D5094AD2F820055860C2F8200594
:100C6000003818BF012008E04FF0A041D1F820253E
:100C70001A60C1F82025002AE8D010BD00030050FA
:100C800010B5FFF78FFF124A083032F81030D9053F
:100C90001CD5C3F3432123F4F85322F8103002F19A
:100CA0000E04002034F8023F13F4807F03D0C3F316
:100CB000432399420AD001303028F3D1002342F86F
:100CC00031300448BDE81040FFF736BF10BD00BF0B
:100CD000DC33002054340020F0B5054600200446E3
:100CE000012607468C420BD1114BD3F87C2132B13F
:100CF0000022C3F87C21D3F87C3140F00040F0BDE5
:100D0000E3B29B0003F580729B0806FA03F31D42D1
:100D10000BD002F1804202F5C042D2F800C0BCF113
:100D2000000F02D01760126818430134DAE700BFE1
:100D300000600040F7B506460846FFF733FF194F3D
:100D400000F108050C4637F81530DB0727D530468B
:100D500010F09CFB2046FFF767FF40B12046FFF7ED
:100D60004BFF316800F5A270002341F82030204687
:100D7000FFF786FF002301A827F815300194FFF73D
:100D800001FF019B00EB8300074BD0F800271340C5
:100D900043F00203C0F80037044803B0F0BD044834
:100DA000FBE700BFDC330020F0F8FCFF0000AD0BD8
:100DB0000400AD0B2DE9FF41164680460846FFF7BB
:100DC000F1FE0D463168044609B32846FFF720FFBF
:100DD00018B12846FFF728FF10BB0023CDE90033E8
:100DE0008DF80E308DF80F300DF10F020B462846AE
:100DF0000DF10E0110F0E1FA474A04F1080132F852
:100E0000113023F0020343F0010322F8113073681C
:100E100063B328461F785968FFF7FAFE10B1D1B1C5
:100E20003E4826E03C4A04F1080032F8103023F036
:100E30002003DB04DB0C22F8103061B1032FEFD864
:100E40007168496891F800C0D8F80010A7B90CF58E
:100E5000A27C41F82C70304A04F1080132F81130BC
:100E600023F01C0343EA870322F81130B3684BBB1D
:100E70002B4804B0BDE8F08101EB8C0143EA4C3310
:100E8000D1F810E52EF0030EC1F810E5D8F80010E7
:100E900001EB8C0E43F02003DEF8101522F8103021
:100EA00021F44F3121F44071CEF810152902DEF8FB
:100EB000108501F47C5141EA074141EA0801CEF86E
:100EC0001015C8E7D3E900672846FFF7D9FE002EC2
:100ED000CED0114DD5E90023964203D19F4201D1D6
:100EE000002209E00F480DF10F01FFF701FE0C4B46
:100EF0009842BED19DF80F2045F8326005EBC20341
:100F000008345F6035F8143043EA422343F48073B9
:100F100025F81430ACE700BFDC3300200400AD0B33
:100F20000000AD0B543400202DE9F0430C4685B091
:100F30008046204611461E46FFF734FE054629B37B
:100F40002046FFF765FE18B92046FFF76DFE18BB77
:100F5000314F05F1080937F8193013F01C0F02D092
:100F60004B78012B18D001238DF80F300023CDE9E9
:100F700000134A1C8B1C20460DF10F0110F01DFAC6
:100F800037F8193043F0030327F81930002E41D009
:100F90002046FFF73DFE18B9204805B0BDE8F083B4
:100FA00096F800C0D8F800301B4F0CF5A272002153
:100FB00043F8221005F1080237F8121021F0200141
:100FC000C904C90C27F8121075781DB3D8F80000B1
:100FD000B67800EB8C002D04D0F8103523F499136B
:100FE00023F4F853C0F81035230203F47C5305F4BE
:100FF00040353605D0F810E52B4306F4801641EA5B
:101000004C31334341F0200143EA0E0327F812101C
:10101000C0F810350248C0E7DC3300200400AD0BF7
:101020000000AD0B014BC3E902127047DC33002016
:1010300010B508461446FFF7F7FD50B10846FFF714
:10104000B1FD054B083033F8103004485B0B2370BA
:1010500010BD0348FCE700BFDC3300200000AD0BEF
:101060000400AD0B70B5164D95F8804006462CBBBC
:101070002146602205F1100011F081FE30682E6FCC
:1010800021468E420ED10023C0F87C31D0F87C314D
:1010900040F30730E4F72EF801230A4885F8803042
:1010A000AB6770BDCBB29B0003F580727C2B08BF91
:1010B000845001F1010108BF8358E2E70248F0E7DC
:1010C000DC3300200000AD0B0C00AD0B034B93F89C
:1010D0008000003818BF0120704700BFDC330020BB
:1010E0000148FFF729BD00BF503400200148FFF739
:1010F000FFBC00BF5034002073B503681646D3F818
:101100000423002AA8BF4FF000420546A8BFC3F839
:10111000042308460C46FFF787FD00B30846FFF797
:1011200077FD0146D8B92046FFF766FD04B2A4005A
:1011300004F580720346286881502968825821444A
:10114000D1F8102542F00102C1F810252EB129680E
:10115000012202FA03F3C1F8043302B070BD204645
:10116000FFF720FD0F4B083033F81030C3F3820334
:10117000042B12D0052B12D001A80194FFF702FD19
:10118000019AD0F81035D34003F00103991C204692
:1011900002B0BDE8704010F059B90321F7E7022111
:1011A000F5E700BFDC3300202DE9F04F694BDFF895
:1011B000A881D3F80403D8F87010C0B289B040F009
:1011C0000040FFF789FD051E2FDAC24600235AF8BA
:1011D0007C1F06A8CDE90633FFF732FD5F4B019374
:1011E0000DF118094FF0000B019A12F8013B019222
:1011F000DA0803F007031AF8022022FA03F3DA07E9
:101200001CD409F10409BBF1000F14D0D8F87010F8
:101210004FF00040FFF760FDD8F87C1006A8FFF7FC
:101220000FFD0028DAD125F000450124002D79D1E9
:1012300009B0BDE8F08F4FF0010BD5E7484B5B4498
:101240000293D9F800100029DBD0029B91FAA1F19A
:101250001C78B1FA81F141EA44142046FFF7A2FC60
:101260000830059438F81070C808BB0819F8002039
:10127000039301F00701012303FA01F122EA0102BD
:1012800009F8002005A8FFF77DFC059A039B02F5ED
:10129000E072C7F3820650F822205B073746C2F39C
:1012A000014224D520463946D6B2FFF785FC05A871
:1012B0000594FFF767FC059B03F5E07350F82330B6
:1012C000C3F301439E4207D10021204610F0BEF82F
:1012D0003146204610F0BAF805A80594FFF752FCF5
:1012E000059B012202FA03F3C0F82035A9E7022A80
:1012F0000CD10321204610F0A9F806F00503012BBC
:10130000EAD139462046FFF757FCE5E7022120469F
:10131000039210F09BF8032EF3D0039A032ADBD13B
:10132000022EEDE795FAA5F3B3FA83F304FA03F27C
:101330009B0003F1804303F5C04325EA0205D3F87F
:101340001005D3F81015C0F30520C1F30141FFF7D4
:1013500033FC6BE700600040DC330020EA0B060042
:10136000EA0B0600044AD2F80034DB07FBD5016023
:10137000BFF35F8F704700BF00E001404FF0805324
:101380001A69B0FBF2F302FB130373B9084B022294
:10139000C3F80425C3F80805D3F80024D207FBD509
:1013A00000220448C3F8042570470348704700BF73
:1013B00000E001400000AD0B0A00AD0B10B5054C7C
:1013C0000123C4F80435FFF7CDFF0023C4F804352A
:1013D00010BD00BF00E0014001460148FFF788BB97
:1013E0006034002070B5104C037944F8332004EBCE
:1013F000C30305461B790E469BB9006840F30730CE
:10140000E3F778FE2B683288C3F808252B79074864
:1014100004EBC30433796371F378A371012323715F
:1014200070BD0348FCE700BF1CCC00200000AD0BE2
:101430000C00AD0B036801221A600279024B03EB2A
:10144000C20302221A7170471CCC00202B4B2C487F
:101450002DE9F04700241A685AB100221A601A6870
:1014600003F1BF2202F57D029208012101FA02F286
:10147000144304338342EED1224BD3F8002132B11E
:101480000022C3F80021D3F8002144F00104D3F86E
:10149000042132B10022C3F80421D3F8043144F00E
:1014A0000204184FDFF86090D7F80463002506F4B3
:1014B00070264FF00108AB0040339B0808FA03F395
:1014C0001E4207D0234205D0C7F84833D9F8003070
:1014D000E8B298470135042DEDD1E20703D50A4B58
:1014E00028461B689847A30705D5074BBDE8F0477A
:1014F0001B6805201847BDE8F08700BF4041024047
:1015000050410240004002401CCC0020036803F020
:101510001F025B09026004D0012B034818BF0020A2
:1015200070474FF0A040704700030050012370B592
:1015300004460D464361642600220221204610F035
:1015400001F820B901200FF02AFF013EF4D1002359
:101550006B774FF08051D1E94C1208291AD1052A36
:1015600018D80E498A5CAAB14FF0FF32D4F80805AA
:10157000D4F80C15C4F80035C4F80825C4F80C25B7
:101580000922C4F80025C4F80035C4F80805C4F8D9
:101590000C1570BD0023C4F80035FAE7EC0B06000B
:1015A0000F4B984219D00DD80E4B984215D007D842
:1015B0000D4B984211D00D4BC31A584258417047F9
:1015C0000B4BF9E70B4B984207D004D80A4B9842D3
:1015D00003D00A4BF0E70A4BEEE70120704700BF4B
:1015E00080841E0020A1070048E8010090D003007D
:1015F00040420F000024F40000093D0000127A0070
:101600000048E80173B51646421C1C460546069B79
:1016100018D0012902D1BBB10FF0D2FF01A801956A
:10162000FFF774FF019B00EB83002402D0F8002732
:10163000074B44EA86040C4313401C4344EA41012F
:10164000C0F8001702B070BD0FF0C7FFE6E700BF9B
:10165000F0F8FCFF2DE9F347674B4D6990F80490D3
:101660009D4206460C4600F0AF8000F29F80634B1F
:101670009D4200F0AC8000F29180614B9D4200F0F1
:10168000A980604B9D420CBF4FF080654FF08045B4
:10169000DFF87481E07E242202FB0983997F60F3E6
:1016A000000199773379217C02FB03839A7F61F3F0
:1016B00041029A77E77E5FBB6269544B9A420CBF46
:1016C0004FF0030A4FF0000A237E012B94BF002342
:1016D00001230093206853463A460121FFF792FF09
:1016E0000097606853463A460121FFF78BFF009749
:1016F000A27EA06853463946FFF784FF237C83F01F
:1017000001030093E06853463A460121FFF77AFF50
:10171000242303FB0983E2681A62217C9A7F61F328
:1017200041029A77207FA77C217E627E336898B938
:10173000D4E900ECA468C3F808E5C3F80CC5C3F805
:1017400010454FF0FF34C3F86C45C3F81445C3F897
:1017500068050220C3F86405003A18BF0122022977
:10176000C3F8C075C3F824553DD003293ED00129E4
:1017700001D142F00202C3F854250222C3F86025C9
:1017800033792422534358F8033093B3306840F33D
:10179000073002B0BDE8F047E3F7ACBC1C4B9D42FC
:1017A0000CBF4FF080554FF0804571E7194B9D42BB
:1017B00013D0164B9D4213D0174B9D420CBF4FF0D8
:1017C00000454FF0804563E74FF0005560E74FF06C
:1017D00000655DE74FF000755AE74FF0206557E769
:1017E0004FF0A05554E742F00402C4E742F006026D
:1017F000C1E702B0BDE8F08780841E0020A1070089
:1018000048E8010090D0030024CC00200048E80103
:1018100040420F000024F40000127A00431C07B578
:101820000ED0019001A8FFF771FE019B00EB830031
:10183000054BD0F80027134043F00203C0F80037EF
:1018400003B05DF804FB00BFF0F8FCFF2DE9F8439E
:101850000746144C97F80480242505FB08F504EB93
:1018600005091E4699F81C30C3B999B14869FFF7BC
:1018700097FEA8B138466251C9F80460FFF7EAFE46
:10188000242303FB084400236377074801232377BD
:10189000BDE8F8836251C9F80460F1E70348F7E74F
:1018A0000348F5E724CC00200000AD0B0C00AD0B85
:1018B0000400AD0BF8B5044606790068184D40F3F6
:1018C0000730E3F725FC24237343EB5853B1236817
:1018D000144AC3F8082306EBC601206805EB810112
:1018E000FFF724FE2421236801FB0651D3F80805E5
:1018F000D3F80C45D3F810758B7FDB070AD4FFF7BC
:101900008DFF3846FFF78AFF2046FFF787FF086AFA
:10191000FFF784FF242303FB065500232B77F8BD34
:1019200024CC0020520108002DE9F0430779554DE1
:1019300024237B439046EA180E46517F85B08146AA
:10194000002940F09C80EB5823B118F0140F04BF1D
:101950000123537796E80F00242404FB075404F175
:101960000C0C8CE80F00206A421C04D0A37F9B075C
:101970001AD50FF025FE3368D9F8004023B103F0E3
:101980006043B3F1005F06D1B36883B103F06043F5
:10199000B3F1005F0BD0242303FB075300223A4826
:1019A0005A7705B0BDE8F0830FF017FEE3E718F0B3
:1019B000010318BF0123C4F8503518F0020318BF03
:1019C0000123C4F8403596E80F00EC468CE80F0080
:1019D000039BC4F84405C4F84815C4F83425C4F87A
:1019E00038350023C4F81831D4F818310723C4F867
:1019F000003524237B4318F0080F05EB03021DD1AB
:101A0000E8580121216158B9D4F81831002BFBD0D6
:101A10006246402120460FF095FD24237B43EA18BF
:101A2000EB5813BB106A461C13D107EBC70705EB35
:101A300087012046FFF77AFD1448B2E7EB58A3B9B7
:101A4000106A411CF8D0937F9A070BD50FF0C5FDA3
:101A5000F2E7937F9B0702D50FF0BFFDE5E70FF09C
:101A6000AFFDE2E70FF0ACFDE6E718F0040F4FF032
:101A7000400314BFC4F80833C4F80433DCE7044857
:101A80008FE700BF24CC00200A00AD0B0000AD0B97
:101A90000B00AD0B10B5114A40214FF040200FF064
:101AA00051FDD0B10E4C206A421C04D0A37F9B078D
:101AB00010D50FF092FD637F23B109494FF040200C
:101AC000FFF734FD002323720648D4E90031BDE856
:101AD000104018470FF074FDEDE710BD30CC00202A
:101AE00024CC00202CCC002070B51D4A0C68B2FB21
:101AF000F4F304FB13258DBB94422FD85C1E1C40CD
:101B00002CD1B3F5007F29D802684D79D2F804654D
:101B1000097926F0030601F003013143C2F80415E8
:101B2000D2F8081593FAA3F321F0030105F0030599
:101B3000B3FA83F32943C2F80815C2F810350068D8
:101B4000402300F58072D450D1580433582BFAD179
:101B500040F30730E3F7CEFA024870BD0248FCE7D5
:101B60000024F4000000AD0B0400AD0BF8B50679BD
:101B70000D4C0C257543671997F808C0BCF1000F90
:101B800010D1625161B18B687B60FFF7ADFF0C2310
:101B900003FB0644054BC21A534253412372F8BD5E
:101BA0000248F4E70248FAE748CC00200000AD0BF9
:101BB0000C00AD0B036801221A600279034B0C2163
:101BC00001FB023302221A72704700BF48CC00208A
:101BD000036801221A610179024B0C2000FB0133DA
:101BE0001A72704748CC002038B50446006840F3AC
:101BF0000730E3F78DFA23680025D3F80022C3F8F5
:101C0000005223684FF0FF32C3F808232046FFF745
:101C1000DFFF2279024B0C2101FB02331D7238BD1C
:101C200048CC002030B500F01F04400911D0012835
:101C300012D10C4800EB84001B02D0F800570A4C6C
:101C400043EA82022C4042EA41012143C0F80017D6
:101C500030BD4FF0A040EDE704F5E074002353F8E9
:101C60002430FFDE00030050F0F8FCFF10B4CC7B02
:101C70008A6803682CB9D1E90041C3F80845C3F864
:101C80000C15C3F82425037928225343054AD35859
:101C90002BB1006810BC40F30730E3F72BBA10BC3F
:101CA000704700BF60CC00202DE9F04190F804801F
:101CB000164E0746282000FB08F035180C4695F80C
:101CC0002210F1B9A96032506B6085F8251085F8B3
:101CD00024106CB1A37B85F8273020460FF0CEFC92
:101CE00088B1637B85F8263021463846FFF7BEFF72
:101CF000282303FB08660648012386F82230BDE846
:101D0000F0810448FBE70448F9E700BF60CC0020FD
:101D10000000AD0B0C00AD0B0400AD0B03680279A5
:101D20000621C3F80015044B282101FB02330222CF
:101D300083F82220704700BF60CC002010B5164BFE
:101D40000479282202FB04320021916002681349C1
:101D5000C2F80813D2F8001221F4BC51C2F80012E4
:101D60004FF08051D1F83001082809D1D1F8341151
:101D7000052905D80A48415C11B10921C2F80015AE
:101D80000021C2F80015282202FB0433012283F847
:101D9000222083F8241010BD60CC002002029C0198
:101DA000F20B06002DE9F84FB04D90F8049004684E
:101DB000282303FB09539046002283F823204B6815
:101DC0000E4633B1CB6803F06043B3F1005F40F0DF
:101DD00085813378023B012B06D8336903F06043D9
:101DE000B3F1005F40F07A81A14BC4F80833282397
:101DF00003FB095393F8241001F0FF0239B19B68EB
:101E0000DFF870B2C4F804335846BDE8F88F18F014
:101E1000140F0CBF0121002183F82410317883F8BE
:101E20002010717883F82110F168D9607168196108
:101E300031695961B1689961C8F3001183F82510BF
:101E4000C3F81C807378C4F88835C4F86021D4F8CE
:101E50006031C4F84821D4F84831C4F82421D4F8BA
:101E60002431C4F80421D4F8043118F0010318BF58
:101E70000123C4F8503518F0020318BF0123C4F839
:101E80004035337809EB890705EBC707032B00F2D0
:101E9000A380DFE803F0799862024FF48073C4F8FE
:101EA0000032D7E90323C4F84425C4F84835012398
:101EB000A3604FF4801120460FF003FC0028F8D1F6
:101EC000D7E90523C4F84425C4F84835282303FB83
:101ED00009534FF480229A60DFF89CB1282202FB5C
:101EE00009F218F0080AAB5805EB020013D131785B
:101EF000032910D0012940F085802160002B6ED08D
:101F0000282202FB09F27168AA5821B9002A00F0C0
:101F1000BB8001226261282202FB09F2A918AA589B
:101F2000002A00F0B18018F0040F1CBF00228A6064
:101F300018F0400F06D1282202FB0952916841F0A7
:101F400002019160282202FB0952916841F400715C
:101F500091609268C4F8042356E7D7E90323C4F8D4
:101F60004425C4F84835D7E90523C4F83425C4F816
:101F700038354FF48453C4F80032012323622823F8
:101F800003FB09530222A6E7D7E9032318F0200F29
:101F9000C4F84425C4F848354FF0280315BF4FF462
:101FA00080724FF4007203FB095303FB095315BF02
:101FB000C4F80022C4F800224FF4802202229A6062
:101FC0000123236288E7D7E90323C4F83425C4F842
:101FD00038354FF48053CEE7DFF8A0B07EE70269D2
:101FE00002B961612649DFF89CA020460FF069FB29
:101FF000012210F4007F18BF626110EA0A0F204925
:10200000F3D07DE70121A160002B7FF479AF006957
:1020100018B31C4B1AEA030F7FF472AF184920461D
:102020000FF04FFB10F4007F8246F2D04FF080712A
:1020300020460FF046FBD4F8001280B111F4007076
:1020400003D10122226282466261CB05E1D54FF4C1
:10205000802120460FF035FB04E06161D9E70122C1
:10206000226262614FF0000AD3E700BF60CC00201B
:1020700002029C010B00AD0B0000AD0B0400AD0B88
:1020800002020400020004002821D4F8C424C4F889
:10209000C42401FB0955002185F824108AB1114997
:1020A000114B12F0010F14BF8B469B46013112F009
:1020B000020F18BF8B4612F0040F0C4A18BF93464C
:1020C000A2E618F0400F7FF49FAE394620460FF08D
:1020D000A4FA054A002808BF934695E6DFF810B039
:1020E00092E600BF0000AE0B0100AD0B0200AE0B8C
:1020F0000A00AD0B70B55C4D5C4C86B002212846E1
:102100000FF0DFFA4FF40071064628460FF0D9FAB7
:10211000D8B1E6B9A368C5F808330223A360A36861
:10212000C5F804334FF0807128460FF0CAFA18B191
:10213000D5F800329B0503D44B4B01221A625A6139
:10214000012384F8233006B070BD002E57D0E56916
:102150006E060AD494F823303BB9444942480FF044
:102160005CFA80F0010084F8230015F0040524D106
:102170003D4B94F82520C3F86051D3F86011C3F8A3
:102180005C51D3F85C1112B194F8232052B10022B3
:10219000C3F80022A260364AC3F80823354B082250
:1021A000C3F88021238CADF80430E36804932369DD
:1021B000029363690593A36903932B4AD2F8C4344D
:1021C000C2F8C434980749D4590749D4DA0749D426
:1021D00094F823309B00DBB28DF8003094F8253062
:1021E0000BB984F82430E3695B0703D594F82330F6
:1021F000002BA8D0D4E9003168469847A3E74FF4F4
:10220000802128460FF05DFA94F82030A3B994F8A5
:1022100025304BB9C5F80032A360154BC5F808331B
:10222000144B0822C3F8802100238DF8043094F861
:1022300021308DF80530B8E74FF40073C5F800324F
:1022400040F20223A36003F1CE73C5F80833A368FC
:10225000C5F804330123AB602B6274E70123BBE7AD
:102260000223B9E70323B7E70030004060CC002029
:1022700002029C0100E100E0036803F01F025B0919
:10228000026004D0012B034818BF002070474FF0B4
:10229000A040704700030050F7B506460FF03BFA28
:1022A00008460FF038FA01A80196FFF7E5FF019BF9
:1022B0002E4D00EB83000C46D0F80037019440F21D
:1022C0000D612B400B43C0F8003701A8FFF7D4FF86
:1022D000019B00EB83000127D0F800372B400B4314
:1022E000C0F8003704200FF05AF8092501A801941E
:1022F000FFF7C2FF019AD0F81035D340DB0715D4A1
:1023000001A80196FFF7B8FF019B07FA03F3C0F895
:102310000C3504200FF043F830460FF0FCF9013D76
:1023200004200FF03CF815F0FF05DFD101A801945F
:10233000FFF7A2FF019A01239340C0F80C35042057
:102340000FF02DF820460FF0E6F904200FF027F8E3
:1023500001A80194FFF790FF019AD0F810350448C6
:10236000D34003F00103C01A03B0F0BDF0F8FCFF46
:102370000100AD0B08B5124BA8220021184610F041
:10238000FEFC03220346026142610E480E4A986138
:102390004FF48051DA61002219629A625A62DA625D
:1023A00018660A485866996609491A67DA665A67CC
:1023B00011F8010D98540132102AF9D108BD00BF5F
:1023C00000200020F80B0600001000200000002074
:1023D000110C06002DE9F84FDFF87C8098F80030EA
:1023E0008246894616460BB9FFF7C4FF182707FB3C
:1023F0000A873D6FD7F86CB05D452BD9BC6E796EFE
:10240000641BB44228BF344629444846224610F093
:102410008EFCBB6E2544A144361BAB4208BF002591
:10242000ABEB050B5E4528BF5E4656B1182303FB98
:102430000A833246596E4846294410F078FC3444E9
:10244000354424B1182303FB0A88C8F8705020468D
:10245000BDE8F88F0024E3E7002000202DE9F84FC5
:10246000DFF87C80182606FB008E00FB06664644DB
:10247000DEF82440DEF828C07368A4450746894684
:10248000154603EB040022D8DEF820B0ABEB040ABB
:102490000AF1FF339A4203D810F049FC2C440FE0B4
:1024A00063449A4219D852462C4410F040FCB4EBD5
:1024B0000B0405D07068224609EB0A0110F037FCC6
:1024C000182303FB078301205C62BDE8F88F0CF141
:1024D000FF3CACEB040C9445DED20020F5E700BFD6
:1024E00000200020F8B5144B182700FB07751D4489
:1024F00007FB00330E46DB6A012B14460AD0022B81
:1025000014D023B928460FF013F9844208D90024C7
:102510002046F8BD28460FF00BF9844228BF044638
:102520002246314628460FF00CF9F1E72846BDE86F
:10253000F8400FF021B900BF0020002070B50A4B11
:102540001B7804460D4616460BB9FFF713FF00F043
:102550004DF8324629462046FFF7C4FF044600F0F6
:102560004FF8204670BD00BF00200020034B18220A
:1025700002FB0033D86E1B6FC01A7047002000208A
:10258000034B182202FB00339A6A586A801A70477C
:10259000002000202DE9F041134C1E46237805460B
:1025A000884617460BB9FFF7E5FE022D19D800F053
:1025B0001DF865B1182005FB0003E21844F80380FC
:1025C000576000FB05420023166293625362182392
:1025D00003FB0544069BE36200F012F80020BDE80F
:1025E000F0814FF0FF30FAE70020002003484FF061
:1025F000FF324FF0FF3300F029BB00BF303900201D
:10260000014800F09BBB00BF3039002070B5164672
:102610001D465A1C03681344C2689A42044605D2F8
:10262000006A08210FF0F6FB002070BD32783DB142
:10263000AB1E062B9ABF0C4AD35C00231833DAB2C8
:1026400020460FF0EAFB0028EED03544B54203D116
:10265000A3680133A360E8E723685A1C226015F8D9
:10266000012D1A70F2E700BF120C0600B0B5044647
:1026700000AFDFF755FA0B4803685B070FD06D46D4
:1026800088B06A46084B5361084B9361032342F8B4
:10269000103F00234FF4C251DFF7EEFBAD4620465A
:1026A0000FF0B7FC74370020190C0600FF0C060071
:1026B0002DE9F047044600AF0D46EFF311894023A2
:1026C00083F31288BFF36F8FDFF8EC803B4AD8F8B2
:1026D0000030966859076BD0042898BF384B117C9E
:1026E00094BF53F82030374BEA468CB06A463648E0
:1026F0005061C2E90831354840F202431385344B3A
:10270000C2E9060442F8103F2B4800234FF4515110
:10271000DFF7B2FBD546C5B1EB69D8F80020C3F3AB
:10272000080393B152072CD0EA4688B06A46294B79
:102730005361264B9361032342F8103F1E48002348
:102740004FF4C251DFF798FBD546D8F800305B074D
:1027500017D026BB2048E8468AB06A461F4B536113
:102760001A4B1062C2E9063640F2024393841C4BB6
:1027700042F8103F104800234FF43151DFF77CFB43
:10278000C54629462046FFF771FF89F31188BFF33C
:102790006F8F3046E2F72CFCBD46BDE8F08730462F
:1027A0000FF024FF0028D5D00378002BD2D0D2E739
:1027B000002DB1D1E5E700BF7437002088CC0020A0
:1027C000CC5F05002C0C06003A0C0600F10C06004C
:1027D00006000001660C06000D9405008B0C060037
:1027E0000500000138B5094B53F82040013053F87B
:1027F0002050A54200D838BD636823B120460FF0B1
:1028000010FC0834F5E723689847FAE7E05F050015
:1028100070B52B4B2B4C2C4D012286B003201A7027
:10282000FFF7E0FFE1F7E0FA0FF017FC0420FFF7F5
:10283000D9FF2646AE4204F1300410D301F052F81D
:10284000204C224EAC4226D301F060F8DCF706FFA4
:102850001F4A137B23F00103137306B070BD54F8B5
:102860000C3C059354F8103C049354F8143C039327
:1028700054F8183C029354F81C3C019354F8203C43
:10288000009354E90A2354E90C0100F0ADFD54F81B
:10289000303C5E65CDE7D4E90A23B3F1FF3F08BFC2
:1028A000B2F1FF3F05D052EA0301206803D10FF0D7
:1028B0009FFE3034C6E73146183001F04FFAF8E792
:1028C000D8F00020503A0500803A05005F27050047
:1028D000109E002008B50348034A0021121A0FF089
:1028E000B8FB08BDC83B0020DCF0002070B5174ED7
:1028F000174D184986B0C82303FB0066164B059395
:1029000001220F23CDE903320023CDE90133142343
:1029100003FB005504464FF4046000FB04110F4B09
:1029200000954FF40062304600F05EFD737B0C4A68
:10293000EE6023F0040373734FF4825304FB0333FC
:1029400013442C746B6006B070BD00BF489D00201E
:1029500088CC002080770120190D0600C3210500D6
:1029600040670120BFB50020FFF73CFF2E4B83F3EB
:1029700008882E4C2E4E63692E4F43F4007363611A
:10298000E02384F8223000252023E377257665763E
:10299000A57684F82050636A43F4E023636284F8E8
:1029A0002350E2F787FAE2F763FC4FF0FF33A362AC
:1029B000E362214CE2F768FDE2F77EFCDEF7FEFF02
:1029C00040F201132046A381C4E92A5501F020FCFE
:1029D000B4600FF012FB0120FFF704FF0220174C38
:1029E000FFF700FF00F0B2FF154B74610593012360
:1029F00014490095CDE903534FF480523B46CDE98D
:102A00000155204600F0F0FC627B064622F00402ED
:102A1000204662730FF042FE2846FFF767FF3A46F2
:102A200031462046E2F700FC8077012000ED00E00F
:102A300088CC002011280400C09F0020109E002098
:102A4000B0740500C07F012038B5064C064DAC427D
:102A500001D3002038BDD4E9011220460FF0FEFA60
:102A60001434F4E77C3800209038002038B5064C48
:102A7000064D0020AC4200D338BD20460FF053FB7A
:102A80000028F9DB1C34F5E7283800207C380020CA
:102A900073B50C46EFF31181402585F31288BFF31F
:102AA0006F8FC5685DB125602B68C3608369013392
:102AB0008361002081F31188BFF36F8F11E052EA28
:102AC000030603D125606FF00B00F3E7CDE9002387
:102AD0000246083000F052FE18B9034B9B685B6950
:102AE000236002B070BD00BF88CC00202DE9F34107
:102AF00004460E4600F10808EFF31187402181F3E8
:102B00001288BFF36F8F056AC1688D4230D20FF013
:102B100040FEA2680546314680B10024406910F0AD
:102B200006F92846C5F8C0400FF0B8FD40463946C2
:102B300000F094FE204602B0BDE8F081E06910F09C
:102B4000F6F8E369A26813446269E361934204BF43
:102B50002369E361236A013304F124002362102115
:102B600010F085F8002087F31188BFF36F8FE2E73C
:102B700052EA03010AD0074989684E61CDE9002372
:102B800039460246404600F0F9FDD4E76FF02200D6
:102B9000E9E700BF88CC0020F7B5044604F1080738
:102BA0000846EFF31186402181F31288BFF36F8F3F
:102BB000216A002932D0A268A16910F0B8F8A3698F
:102BC000A26813446269A361934204BF2369A361AD
:102BD000236A013B236220460FF0DBFD054668B304
:102BE0004169A268E06910F0A2F8E369A2681344A1
:102BF0006269E361934204BF2369E361236A01339D
:102C0000236200242846C5F8C0400FF047FD38462F
:102C1000314600F023FE204603B0F0BD52EA030126
:102C20000AD0094989684861CDE900233146224626
:102C3000384600F0A3FDEFE76FF0220086F311881D
:102C4000BFF36F8FE8E700BF88CC00202DE9F34188
:102C5000044617461E46EFF31188402383F312887B
:102C6000BFF36F8FC368334A7BB180689168884235
:102C700019D057EA060318D188F31188BFF36F8F74
:102C80006FF00F0002B0BDE8F081916891F90E106D
:102C900021610133E3609368A36088F31188BFF377
:102CA0006F8F0020EEE72169F2E791F90E1090F99D
:102CB0000E309942A8BF19466FF07E029142B8BF0C
:102CC00011468B422DDD0FF0A8FA0546CDE90076BE
:102CD00019482246414600F051FD0028E1D0EFF3AB
:102CE0001186402383F31288BFF36F8FA068D0B1A1
:102CF000236821699C420AD04BB193F90E30994266
:102D0000A8BF19466FF07E039942B8BF19460FF06D
:102D100084FA40B10848314600F0A0FD6FF00A0087
:102D2000B0E70025D2E7002DF4D186F31188BFF378
:102D30006F8FF3E788CC0020D9F0002038B5836886
:102D400004466BB3194A926893422CD1C368012B95
:102D500003D9013BC360002038BDEFF31185402348
:102D600083F31288BFF36F8F016980680FF055FA03
:102D700020460FF00EFDA06060B190F90E20226198
:102D80000022C0F8C0200FF089FC0948294600F055
:102D900065FDE0E7E06085F31188BFF36F8FDAE748
:102DA0006FF01500D8E74FF0FF30D5E788CC002052
:102DB000D9F0002037B51146EFF31185402282F398
:102DC0001288BFF36F8F04689CB12368426823F0B8
:102DD00003039442036008BF4360012120460FF0C3
:102DE00091FA044685F31188BFF36F8F204603B034
:102DF00030BD51EA0302F5D000F10802CDE900131D
:102E00001046294600F0BAFC0028EFD1014B9B6820
:102E10005C69EBE788CC002038B50446EFF31185F8
:102E2000402383F31288BFF36F8F0FF0B2FC50B1D1
:102E30000022C0F8C0200FF031FC29460848BDE848
:102E4000384000F00BBDD4E902329A4218BF01337A
:102E5000A360022104F110000FF009FFEDE700BFAD
:102E6000D9F0002013B5EFF31181402484F31288C8
:102E7000BFF36F8F846844B1013C846081F3118893
:102E8000BFF36F8F002002B010BD52EA030406D1D9
:102E900081F31188BFF36F8F6FF00F00F3E7CDE977
:102EA00000230246014800F069FCECE7D9F000205D
:102EB00070B50446EFF31185402383F31288BFF306
:102EC0006F8F6FF00A0620460FF063FC20B1C0F848
:102ED000C0600FF0E3FBF6E7A060022104F11000F0
:102EE0000FF0C5FE29460248BDE8704000F0B6BCB0
:102EF000D9F000201FB5094A92E8030002AB83E82D
:102F000003004FF480520093054906484FF0FF3309
:102F100000F070F9002005B05DF804FBA440050046
:102F200000900120D89E00202DE9F043DFF8348185
:102F300085B005464FF0FF364FF0FF37EFF31189AC
:102F4000402383F31288BFF36F8FD5F8C8408CB944
:102F5000022105F1E0000FF016FA002860D10023ED
:102F6000CDE90067029305F1D00249463E4800F0E2
:102F70009BFDE3E7D5F8CC202368C5F8C830944220
:102F800008BFC5F8CC30D5F8E03043F00203C5F8EF
:102F9000E030E36823F0040343F00103E360636877
:102FA00089F31188BFF36F8F20469847EFF311899B
:102FB000402383F31288BFF36F8FE368D90623F0B1
:102FC000010237D4E260E3689A071AD5D8F8000006
:102FD00023F00203E360A0B10268002188B14368D6
:102FE0009C4237D1036869BBD8F80420C8F8003088
:102FF000824201D1C8F80430002340F8083BFFF7B3
:103000000BFFD5F8E03023F00203C5F8E03089F378
:103010001188BFF36F8FDB0590D400F09FFC8DE724
:1030200005F1D8040022012120460FF00BFC0028F6
:10303000F8D194E723F01103E36004F11000FFF7E7
:10304000EBFEC0E70B60D8F80430834208BFC8F835
:103050000410D1E722B11368014610461A46BDE7B5
:103060001346F9E7ACCC0020D9F0002070B5C36856
:10307000C3F340069B0705460C460DD501220021EF
:1030800004F108000FF06FF900232360054B656021
:103090005A681AB9C3E90044304670BD14605C60D8
:1030A000FAE700BFACCC0020F8B5C3689A07044625
:1030B0000F46C3F340062CD45B071AD40B680BB938
:1030C00083680B60E368DD0744BFA3683B603D682D
:1030D0004CBF02260126002D3AD01F4B9B68AB4205
:1030E0000AD0D5F8E030D807C3F3800214D46FF0CB
:1030F000120600233B6025E00FF072FAD5F8E030AD
:103100000028F0D1D907C3F3C002F0D552B15B0754
:1031100008D46FF00F06ECE7002AFAD1C3F3C0031E
:10312000002BF6D100232360D5F8CC3063B9C5E974
:10313000324428460FF042F9E36843F00403E360A9
:103140003B68A3603046F8BD1C60C5F8CC40F0E792
:103150006FF01506CDE700BF88CC00202DE9F041C7
:10316000C36803F00503002B07460C4614BF4FF05D
:1031700001084FF0000822D08668D6F8C85025B163
:10318000AF4201D02D68FAE701250122002104F1A8
:1031900010000FF0E8F8134920460FF067F9E368D4
:1031A00043F01003E3609DB13B68236073B9D6F828
:1031B000CC303BB9C6E9324430460FF0FFF8404608
:1031C000BDE8F0811C60C6F8CC40F5E73C60F3E751
:1031D000D6F8C8302360D6F8CC30C6F8C840002BEB
:1031E000EAD1F0E79D230500014601480FF069B9D7
:1031F000D89E0020F0B589B004460020C4E9320012
:103200000E9D04F1D000C4E9340004F1D800C4E9F3
:1032100036004DB32879002840F2011008BF012084
:10322000C4F8E00000204FF0FF364FF0FF37CDE943
:103230000330CDE90100CDE906670C4B0094204630
:1032400000F052F955B1296811B1204600F074F828
:103250006B791BB1237B43F001032373204609B034
:10326000BDE8F0400FF0C4B90120D9E7292F0400D0
:1032700037B501900846EFF31184402181F312889D
:10328000BFF36F8FC16811F01E0F16D153EA02050C
:1032900008D101A9FFF708FF84F31188BFF36F8FEE
:1032A00003B030BD41F00801C16001998162103066
:1032B000034900F053FD0120EEE70020ECE700BFDA
:1032C0003124050001460148FFF7D2BFD89E0020F7
:1032D000F7B50C46019016461D46EFF311874023C3
:1032E00083F31288BFF36F8F08460FF058F855EA42
:1032F000060309D101A92046FFF7D6FE87F31188FE
:10330000BFF36F8F03B0F0BDE368074943F00803D4
:10331000E360019BA36204F1100032462B4600F0EB
:103320001DFD0120EAE700BF3124050001460148E8
:10333000FFF7CEBFD89E002010B5044608B9054B54
:103340009C681F2204F188000FF054FD002084F8CF
:10335000A70010BD88CC00202DE9F74F0C46D1B353
:10336000CAB3477BDFF87480561E08466FB34FF030
:1033700000094D464FF0010A0AFA09FB17EA0B0F44
:103380001DD0D8F80410721B8A4228BF0A46D8F80C
:10339000001001920FF0CBFC019A37EA0B0715449D
:1033A00004EB050011D0A6EB050BBBF1010F28BF04
:1033B0004FF0010B0A495A460FF0B9FC5D4409F180
:1033C000010908F108086019D6E7002303702046B8
:1033D00003B0BDE8F08F0348FAE700BFF85F0500CF
:1033E0002A0D0600277D05002DE9F04FD51D85B07B
:1033F00025F0070504461F467F3500F15803C0E954
:10340000163325F03F05129B237300200E46119BB7
:10341000DDF838B0DDF84C80A06004213F2DC4E910
:1034200006006173A373E07306F1400AA5F1400939
:1034300005D880F31188BFF36F8F084602DF4A4634
:103440003544AA2150460FF09AFC29462046E1F760
:10345000F7F80730109B20F00700C4E92AA9C4F848
:10346000B00002930F9B2D1ACDE900B32A463B46CC
:1034700031462046E1F7A4FE0F9BE3674FF00009B9
:10348000109BC4F85490C4E91D7B84F87090C4F874
:103490008030EFF31182402181F31288BFF36F8FE8
:1034A000104E316AC4F88410346282F31188BFF37D
:1034B0006F8FB8F1000F11D01F22414604F1880030
:1034C0000FF098FC84F8A790B3680BB1D3F8B43030
:1034D000C4F8B430284605B0BDE8F08F84F8888081
:1034E000F2E700BF88CC0020F0B587B00025059535
:1034F000109D04950F9D03950E9D0295DDE91276B2
:103500000D9D01950C9D00950446FFF76DFFB6F1EA
:10351000FF3F08BFB7F1FF3F05D056EA070305D1CB
:10352000204600F0ADF9204607B0F0BD03493A4609
:10353000334604F1180000F011FCF4E75F270500A2
:1035400038B50D4D2B4653F8184F9C4200D004B9A6
:10355000EC68AB6838B95A7BD20604D1A26912B9BB
:10356000DA897F2A05D89C4202D0204600F0DCFA96
:1035700023466B6138BD00BF88CC002008B590F9A8
:103580000D20437B002A014604DA03F07F034373D6
:103590000FF041F8044B9868431A58425841BDE86F
:1035A0000840FFF7CDBF00BF88CC002070B490F971
:1035B0000D30427B002B29DBD30627D183692BBB3F
:1035C000134962F07F0242730A4652F8184F944240
:1035D00018BF2346CC6923B9C0E900242060C86124
:1035E0000CE090F90E5093F90E60B5420AD0AE424D
:1035F00008DD5A68C0E900321060586070BC0020D5
:10360000FFF79EBF9C42E7D01B68E4E770BC7047A1
:1036100088CC00202DE9F041002A427B0E460CBFE9
:1036200010210821114204460FD141EA0203D209B8
:1036300018D1437308291BD00120FFF781FFBFF386
:103640005F8F637B23F0600363732D4B9B68A34202
:103650004FD1EFF30583002B4BD13046BDE8F0414D
:10366000E1F7DCBC03F07F0343730EF0D4FFE1E726
:10367000A36813B120460EF0D6FF04F118000FF036
:1036800026F9A56D04F15807AF4211D04FF000089C
:1036900075B128460EF0C7FF05F118000FF017F9B5
:1036A000C5F8C0802846FFF781FFA56DAF42EFD176
:1036B000134FBB689C4206D00120FFF741FF204614
:1036C00000F08AFABBE7EFF30583002BF4D001206A
:1036D0000C4DFFF735FF204600F07EFA40F2011353
:1036E000AB8128460023C5E92A3300F091FDBD6077
:1036F000A5E786F31188BFF36F8FBDE8F08100BFA7
:1037000088CC0020C09F002070B590F90D20437B2D
:10371000002A014604DA03F07F0343730EF07BFFB7
:103720004B7B154A63F07F0310464B7350F8183FEC
:10373000D469834208BF002323B9C1E90004216092
:10374000D1610CE091F90E5093F90E60B5420ED0A4
:10375000AE420CDD5868C1E90030016059609068E4
:10376000431A5842BDE870405841FFF7E9BE9C42F9
:10377000E3D01B68E0E700BF88CC0020F8B5124B0F
:103780000C461146114A98681060DDE90676EFF3A1
:103790001182402282F31288BFF36F8F9D68284602
:1037A0000EF04BFFB6F1FF3F08BFB7F1FF3F06D069
:1037B00007493A46334605F1180000F0CFFA204693
:1037C000BDE8F840E1F72ABC88CC0020B4CC00204A
:1037D0005F270500F8B50446EFF31186402383F315
:1037E0001288BFF36F8F437BDA0649B219D185691E
:1037F000BDB903F07F0343730EF00DFF437B164A00
:10380000817363F07F034373134653F8180F984294
:1038100018BF0546D0695DB9C4E900300460D461C1
:1038200011E0A173002086F31188BFF36F8FF8BDFC
:1038300095F90E70B9420BD08F4209DD6B68C4E96F
:1038400000531C606C600120FFF77AFE0120EAE75C
:10385000A842E1D02D68DEE788CC002049B9EFF31B
:10386000058030B9054B5A699B689A4201D0E1F74F
:10387000D5BB81F31188BFF36F8F704788CC0020D0
:1038800010B5EFF31184402282F31288BFF36F8FDB
:10389000427B510704D484F31188BFF36F8F10BDAE
:1038A00022F004024273FFF781FE21460248BDE880
:1038B0001040FFF7D3BF00BFD9F00020034648B93E
:1038C000EFF3058232B9064A51699268914201D0FC
:1038D000E1F7A4BB83F31188BFF36F8F704700BF7C
:1038E00088CC0020EFF31181402383F31288BFF3CB
:1038F0006F8F054B9A68D37B013BD37381F311889B
:10390000BFF36F8F704700BF88CC002038B5EFF34E
:103910001185402484F31288BFF36F8F0A4B9A6895
:10392000D37B0133D3730020FFF70AFE85F31188A0
:10393000BFF36F8FEFF3118084F31288BFF36F8FA3
:10394000BDE83840FFF7BABF88CC0020024B03F136
:103950001802C3E90622704788CC0020F8B5EFF3BF
:103960001185402383F31288BFF36F8F194988684C
:10397000437B03F07F0343730EF04DFE8B685A7B4D
:10398000084662F07F025A7350F8182FCC698242C1
:1039900008BF002222B9C3E900042360CB610CE018
:1039A00093F90E6092F90E70BE420ED0B7420CDD54
:1039B0005168C3E900210B6053600120FFF7C0FD8F
:1039C0002846BDE8F840E1F729BBA242E3D01268DF
:1039D000E0E700BF88CC002050EA01032DE9F04168
:1039E00005460E4603D1FFF7B9FF00202BE0831CEC
:1039F00071F1FF3329DB0EF09BFF2C18EFF31188D8
:103A0000402383F31288BFF36F8F124F124BB868B5
:103A10001860FFF7B3FDB86810492A4633461830DE
:103A200000F09CF9BA68537B43F01003537340468F
:103A3000E1F7F4FA0EF07CFF201A63EB0303012890
:103A400073F10003D1DBBDE8F0816FF00104241AAB
:103A5000D4E700BF88CC0020B4CC00205F2705004D
:103A6000B1F1FF3F08BFB0F1FF3F08B506D10A4BE7
:103A700098680EF022FE4FF0FF3008BDFFF7ACFF54
:103A80004FF47A7147F6FF730022C0FB0132D80B66
:103A900040EA4240F1E700BF88CC0020014B986823
:103AA000704700BF88CC0020D3B5DDE90667089CCD
:103AB000CDE90067FFF762FE1CB1034B9B685B69B1
:103AC000236002B0D0BD00BF88CC0020044BC01AD8
:103AD000044BC0105843044B01221A54704700BFD6
:103AE00088A00020ABAAAAAAD9F00020C3897F2B06
:103AF00012D80A4B1B6863B1094B90F90E201B6862
:103B00009A4209DB437BDB0606D1064BC31A18BF7A
:103B1000012303F0010070470023FAE7BCCC00202A
:103B2000B8CC0020489D002070B50E4B0E4C1E7C7A
:103B300006EB460304EBC304054620460EF0C7FE21
:103B40000A4B002228469A55FFF7D0FF48B1084B90
:103B500008491A68013A2046D317BDE8704000F0C2
:103B6000FDB870BD88CC002088A00020D9F00020CE
:103B7000BCCC0020CD3A040038B5EFF311854023CA
:103B800083F31288BFF36F8F104B114A9C68106843
:103B9000A04206D1FFF7C8FF85F31188BFF36F8FEE
:103BA00038BD00211B7C11600A4AD35C002BF3D086
:103BB0002046FFF79BFF0028EED0637BDB0602D197
:103BC0002046FFF7A1FD2046E4E700BF88CC002097
:103BD000B4CC0020D9F00020EFF31181402383F30F
:103BE0001288BFF36F8F0C4A136A834208D1D3F84F
:103BF0008430136281F31188BFF36F8F70471346CF
:103C0000002BF7D0D3F884208242F8D1D0F884205A
:103C1000C3F88420EEE700BF88CC0020F8B5064644
:103C20000F46EFF31183402282F31288BFF36F8FA8
:103C30000C490C6A154624B983F31188BFF36F8FC2
:103C4000F8BD83F31188BFF36F8F39462046B04724
:103C5000EFF3118385F31288BFF36F8FD4F884409C
:103C6000E9E700BF88CC002008B50648064A0749A6
:103C7000121A0EF0F0F9BDE80840054A0549064859
:103C80000EF0E9B9C0200020C83B0020E40D06007A
:103C900000000000CC0D0600C0200020034B1B6874
:103CA0000BB9F2F789BC0020704700BFC0CC0020E0
:103CB00030B570B10B4B5B6898420AD0036843B1D2
:103CC000D3E90421D0E90445121941EB0501C3E908
:103CD0000421D0E9003213605A600023C0E90033A8
:103CE00030BD00BF6434002070B50B490B684D68CF
:103CF000024600208B4208BF0023014603B970BD75
:103D0000D3E90446001941EB06019342F7D09D42E6
:103D1000F5D01B68F2E700BF6434002010B50E4BED
:103D20001C689C4204D1FFF7B9FF6FF0004010BD42
:103D3000FFF7B4FF002CF8D0D4E904321B1A62EB71
:103D4000E072B3F1004F72F10001EEDA002AACBF6D
:103D500018460020EBE700BF64340020B3F1FF3FBA
:103D600008BFB2F1FF3FF8B504461D4616465ED0C7
:103D70008160EFF31187402383F31288BFF36F8FC5
:103D8000013275F1FF3324DA2E49D1E900206FF0BA
:103D900001039B1A4FF0FF3262EB00009E1B60EBA9
:103DA0000500012E70F1000301DA01260020C4E9AC
:103DB0000460254ED6F800C07568B44508BF4FF0C2
:103DC000000CBCF1000F0DD1C4E900652C607460DB
:103DD0001CE0FFF763FF013645F10005361845EB9F
:103DE000E070E4E7DCE90420D4E90431934271EBAC
:103DF000000E1DDAD21ADCF8043060EB0100CCE9C9
:103E00000420C4E900C31C60CCF804403368B3420A
:103E100009D09C4207D10D4B1C6824B9FFF77EFFE7
:103E20002146F2F79BFB87F31188BFF36F8FF8BD34
:103E30009B1A61EB0001AC45C4E90431C4D0DCF845
:103E400000C0BEE7A0A0002064340020C0CC002049
:103E50002DE9F84FEFF3118C402383F31288BFF361
:103E60006F8FDFF8B0A0DFF8B0902C4FC9F80000DA
:103E7000DAF800000024504508BF00200025D7E9EB
:103E80000021D9F80030E04678B3D0E9046C4FEA5D
:103E9000E37EB3427EEB0C0B05DAF61A6CEB0E04F4
:103EA000C0E9046421E0B21841EBE671C0E90445C1
:103EB000C7E90021FFF7FCFE88F31188BFF36F8F7D
:103EC00083689847EFF31188402383F31288BFF388
:103ED0006F8FD9F80030DAF800009B1B5045C446BC
:103EE000C9F80030CBD1D7E900219A1841EBE37330
:103EF0000024C7E90023C9F80040FFF70FFF21465F
:103F0000F2F72CFB88F31188BFF36F8FBDE8F84FF1
:103F1000FFF732BE64340020C0CC0020A0A00020F7
:103F200010B5EFF31184402383F31288BFF36F8F32
:103F3000FFF7B4FE054A0346D2E90001181841EB29
:103F4000E37184F31188BFF36F8F10BDA0A0002030
:103F5000F8B50446EFF31187402383F31288BFF3CB
:103F60006F8F026822B187F31188BFF36F8FF8BD9E
:103F7000D0E90A36581C46F10001022871F100010F
:103F800027D3012B76F10001BCBF012316465D1E2D
:103F900046F1FF360EF0D0FC013041F1000140192E
:103FA00046EB0101012871F100013ADB0EF0C4FC7F
:103FB000013041F100016FF00102401946EB0103AD
:103FC000121A4FF0FF3161EB030318492046FFF747
:103FD000C5FE236B01332363236A6BB187F311881A
:103FE000BFF36F8F236A20469847EFF31187402372
:103FF00083F31288BFF36F8F54F8185FA542B2D0D5
:10400000002DB0D028460EF072FB0023C5F8C0305A
:1040100087F31188BFF36F8F2846BDE8F8400EF094
:104020003DBB6FF001024FF0FF33CEE7513F04007C
:104030002DE9F04105461C4690461F46EFF31186D8
:10404000402383F31288BFF36F8FB4F1FF3F08BFA3
:10405000B2F1FF3F05D186F31188BFF36F8FBDE842
:10406000F081531C74F1FF3309DB012A74F1000362
:10407000BCBF0122002412F1FF3844F1FF3728466B
:104080000EF025FCDDE906010023C5E90A012B63DA
:10409000034942463B462846FFF760FEDBE700BF88
:1040A000513F04002DE9F74F1D46274B9F68012320
:1040B00087F8603087F8613052EA050316460CBF76
:1040C0000123002307F1600280460EF003FD8146C4
:1040D000EFF3118B4FF0400A8AF31288BFF36F8F12
:1040E00097F860404CB901465A4640460EF093FCA2
:1040F0008BF31188BFF36F8F0BE0002387F86030DC
:1041000056EA050309D18BF31188BFF36F8F6FF067
:104110000A04204603B0BDE8F08FCDE900650B4AE4
:104120000B485946FFF72AFB0446EFF311858AF343
:104130001288BFF36F8F2A46494640460EF06BFC4B
:1041400085F31188D6E700BF88CC00206C340020AE
:10415000DAF0002038B50346EFF31185402282F3F0
:104160001288BFF36F8FC1600121816000688342B4
:1041700006D185F31188BFF36F8F0024204638BD28
:10418000D0E9003213605A600023C0E900330EF01A
:1041900019FD294604460248FFF760FBEEE700BF21
:1041A000DAF000202DE9F7430026009600F10C0814
:1041B000EFF31189402484F31288BFF36F8F856871
:1041C000694005EA02070A4055400C4985606A4685
:1041D00001950EF05AFB009C44B1C4F8C060A5667E
:1041E00020460021646E0EF093FAF5E740464946FA
:1041F000FFF734FB384603B0BDE8F083BD2C050063
:104200000A46014601480EF074BD00BF7C3800200C
:10421000014BC0F8B43070477C38002038B50446F4
:104220000D460EF0DDF928B9064B9B68D3F8B43083
:104230000BB938BD044B2A4621461846BDE8384024
:104240000EF057BD88CC00207C38002030B599B0E6
:104250000546684600F028F86946044608A800F0BC
:1042600053FA08A90443284600F08AF9204619B0F9
:1042700030BD00BF70B598B005466846164600F0E0
:1042800013F83146044608A800F046F908A96A4622
:104290000443084600F082F908A90443284600F0C8
:1042A0006DF9204618B070BD70B50B68124E1BBA80
:1042B000C3614B681BBA83618B681BBA4361CB68CF
:1042C0001BBA03610B691BBAC3604B691BBA8360DD
:1042D0008B691BBA4360CB691BBA32460360014647
:1042E0000446C8F72DF83146054602462046C8F771
:1042F00047F8681E70BD00BF386005002DE9F04129
:1043000088B00C46064602F12001684606F12007F7
:104310009046C8F70FFB6A4669466846C8F72CFA0C
:1043200069463846C8F706FB3A463946384604F12E
:104330002005C8F721FA6A4669466846C8F71CFA9C
:1043400041462846C8F7F6FA6A4641463046C8F75D
:10435000D9FA2A4629466846C8F70EFA2A46694617
:104360006846C8F709FA124A69466846C8F704FA67
:1043700069462046C8F7DEFA324621462046C8F78D
:1043800039FA324621462046C8F734FA22463146E9
:104390002846C8F72FFA6A4629462846C8F7B2FACF
:1043A0003A4629462846C8F725FA08B0BDE8F08104
:1043B00018610500F0B599B004460D460A4601465D
:1043C0006846C8F717FA69466846C8F7B3FA6A46F6
:1043D000214608A805F1200604F12007C8F792FA43
:1043E0006A4629466846C8F78DFA3246394610A80B
:1043F000C8F7C2F9324639463046C8F7FBF93146AC
:104400002846C8F797FA6A4608A92046C8F7B4F9BB
:10441000224629462846C8F7EDF96A4608A96846A3
:10442000C8F7E8F96A4639463846C8F76BFA2A46AB
:1044300008A96846C8F7DEF96A4631463046C8F72B
:1044400061FA3A4631463046C8F7D4F910A96846B1
:10445000C8F770FA224669462046C8F7CBF908A982
:1044600022460846C8F7C6F910A908AA0846C8F7A0
:1044700049FA3A4610A93846C8F7BCF919B0F0BD58
:104480002DE9F04188B00C46054690460A460146A3
:104490006846C8F7AFF969466846C8F74BFA6A46F6
:1044A0002946284604F12006C8F72CFA05F1200712
:1044B0006A4621466846C8F725FA324639463046EC
:1044C000C8F798F931462046C8F734FA2A462146FB
:1044D0002046C8F78FF96A4621462046C8F78AF970
:1044E0006A4629464046C8F785F942463946384665
:1044F000C8F708FA224629466846C8F77BF96A4693
:1045000031463046C8F7FEF93A4631463046C8F7DC
:1045100071F908B0BDE8F08170B500F1200690B0E7
:104520000D46044600F014F905F12001304600F074
:104530000FF9214608A8C8F7FDF908A908460D4A51
:10454000C8F71AF908A922460846C8F7DBF908A9EE
:10455000094A0846C8F710F931466846C8F7EAF92B
:10456000202269460DEB0200C8F7D8F8013810B0D8
:1045700070BD00BF18610500F860050000F002B9C9
:1045800038B504460D4600F0FDF805F1200104F1B0
:104590002000BDE8384000F0F5B800BF2DE9F04735
:1045A0001346B8B0544A89468046194610A8C7F742
:1045B000C7FE5249024610A8C7F7E2FE179E4E49B1
:1045C00000EAD6760746C6F1010210A8C7F7D8FE62
:1045D000179B4A466FEA030A28A918A8FFF78EFE20
:1045E0004FEADA7A20A9CAF10102084600F092F8EF
:1045F000C7F10107FE246A4618A928A8FFF740FF63
:10460000631138AA02EB830304F01F0253F8A03CA5
:10461000D340554603F0010A8AEA05052A4628A92F
:1046200018A8C7F709FF2A4630A920A8C7F704FF32
:10463000013C28A918A8FFF7BDFE631CDBD1CAF115
:10464000010220A908A800F065F886EA0A066A4671
:1046500018A928A8FFF714FF28A9324618A8C7F7F9
:10466000EBFE324630A920A8C7F7E6FE08A96A4645
:104670000846C8F747F908A9084600F09DF808A9B8
:1046800008F1200409F120020846C8F73BF920A9E7
:1046900008AA2046C8F736F908AA18A96846C8F734
:1046A00031F969466846C8F745F918AA694608A865
:1046B000C8F728F921466846C8F73CF908AA6946B0
:1046C0001046C8F797F80E4A08A96846C8F792F846
:1046D00020462021C8F736F808A902464442684619
:1046E000C7F7AAFE4046074A6946C8F70BF93C439C
:1046F000204638B0BDE8F087786005009860050076
:10470000F8600500586005000A460149FFF746BFFA
:10471000B860050070B588B004460D461646002105
:10472000202268460EF02BFB00232946202220463B
:1047300000930EF0FCFA2A4669466846C8F75AF814
:10474000324669462046C7F777FE08B070BD00BF05
:104750000B681BBAC3614B681BBA83618B681BBAB9
:104760004361CB681BBA03610B691BBAC3604B6919
:104770001BBA83608B691BBA4360CB691BBA0360A9
:10478000704700BFCB691BBA03608B691BBA4360DB
:104790004B691BBA83600B691BBAC360CB681BBA39
:1047A00003618B681BBA43614B681BBA83610B685A
:1047B0001BBAC361704700BF70B598B00D4606467E
:1047C00010A8C8F7B7F82A4610A96846C8F79AF89B
:1047D000694610A8C8F7AEF810A90846C8F7AAF8A5
:1047E0006A4610A908A8C8F78DF808A910A8C8F744
:1047F000A1F810A90846C8F79DF810A90846C8F7FF
:1048000099F810A90846C8F795F810A908AA08460B
:10481000C8F778F810A90846C8F78CF810A9084618
:10482000C8F788F810A96A4608A8C8F76BF80524E5
:1048300008A910A8C8F77EF810A90846C8F77AF8A2
:10484000013C10A9F5D108AA0846C8F75BF8052471
:1048500010A90846C8F76EF810A90846C8F76AF804
:10486000013CF5D110A908AA0846C8F74BF810A9D1
:1048700008A8C8F75FF808A90846C8F75BF808A9B0
:104880006A466846C8F73EF81024694610A8C8F77B
:1048900051F810A90846C8F74DF8013C10A9F5D108
:1048A0002A460846C8F72EF8402410A90846C8F73B
:1048B00041F810A90846C8F73DF8013CF5D110A908
:1048C0006A460846C8F71EF8102410A90846C8F71B
:1048D00031F810A90846C8F72DF8013CF5D110A908
:1048E0006A460846C8F70EF8102410A90846C8F70B
:1048F00021F810A90846C8F71DF8013CF5D110A908
:1049000008AA0846C7F7FEFF2A4610A93046C7F78F
:10491000F9FF18B070BD00BF10B50C4C236813B17F
:104920000B4B1B682BB900F029FE30B9084B012254
:104930001A6001232360002010BD0138062801D928
:10494000044810BD044B53F8200010BDC8CC002013
:10495000C4CC0020FE8FFFFF38610500BFF34F8FEE
:104960000549064BCA6802F4E0621343CB60BFF30B
:104970004F8F00BFFDE700BF00ED00E00400FA0527
:1049800010B4094B09490A4C4FF0FE32C3F8002419
:104990004968C3F80424C3F80824C3F80C2400238E
:1049A000C4F8003510BC084700B002507434002031
:1049B00000A00250D0E90012014BC3E90012704779
:1049C000743400202DE9F043134B144E002814BF1B
:1049D00004461C4683B02368B34219D00D462046D6
:1049E0004FF4E07104F10409174604F58E7800F0E5
:1049F000E9F8484600F0ACFC404600F0DBFA084914
:104A000000972B464A46404600F0EAFA08B926606D
:104A1000002003B0BDE8F083CCCC0020A5BCC95A6F
:104A2000D953040070B51D460C4B002818BF03462F
:104A30000B481E68864282B00DD1002603F58E70A9
:104A400000963346144600F017FB002818BF344682
:104A50002C6002B070BD0348FBE700BFCCCC002047
:104A6000A5BCC95AE88FFFFF10B5044650B1636872
:104A700013F0685F05D0064A934202D000232360FA
:104A8000626010BD034B04485B689847EFE700BFC6
:104A90002C5F5CA97434002054610500C8B14368E0
:104AA0000D4A934213D013F0685F0ED0012350E8F3
:104AB000002F194640E8001C9CF0000FF7D1012A96
:104AC000F5D0BFF35F8F002070470448704704485B
:104AD00070476FF4E04070472C5F5CA9E98FFFFFDF
:104AE000EA8FFFFF80B14368094A93420AD013F06E
:104AF000685F05D0BFF35F8F0023036018467047DF
:104B000004487047044870476FF4E040704700BFA6
:104B10002C5F5CA9E98FFFFFEA8FFFFF10B5044609
:104B200020B1044B63600022226010BD0248FFF7F1
:104B300027FFF6E73A00003A7C61050070B5D0E93E
:104B40000023174C174D6360D0E90230C4E90230EE
:104B500022604868D1F800C0134BC3E900C0D5F803
:104B60001801D1F808C0C3F808C010F0685FD1F888
:104B70000CC00969C3F80CC0196110D00B49C5F805
:104B8000BC110023C5E9453105F58A70C5F8B83177
:104B90009047236805F5DC70BDE87040184770BD8C
:104BA00090340020CCCC00207C3400202C5F5CA909
:104BB00038B131B1014400220346013081421A70FC
:104BC000FAD1704738B131B10144002203460130B7
:104BD00088421A70FAD170472DE9F04FB2F5C07FC4
:104BE000B5B000F2D780DFF8B49114460D464FF40B
:104BF000D07200210DF15C08074648460EF0BFF860
:104C0000404601F051F9002309F11806A9F81030C7
:104C100063BA29462246A9F812303046202389F883
:104C200017300EF084F85E4B079303F104338022B3
:104C3000089303F104330993325503F1043307A9B0
:104C400040460A9301F046F9824600287FD104F1DC
:104C500019030BAE0FAC02930397019604940198CD
:104C6000DFF840B1102200210EF089F8DDF808A02D
:104C700005940E9B5BF8044C5BF80C7C0B995BF87D
:104C8000100C5BF8085CDDE90C625C40019B7E4027
:104C9000554081EA00071A4601214046CDE90B76CE
:104CA000CDE90D5401F030F9BAF1100F94BFAAEB21
:104CB0000A0AAAF1100A0BF1100B002865D1BAF10B
:104CC000000FD6D1059C0199204610220EF02FF836
:104CD00099F8033010340133A04589F80330BED170
:104CE000049C039F019E80222146404601F0F2F879
:104CF000824670BB07F120093D4613AB1A460121DD
:104D0000404601F001F91022824613A928461544B5
:104D1000BAF1000F1DD10EF00AF84D45EDD1404615
:104D200001F0D2F81D484FF4D071FFF74BFF204639
:104D30002021FFF747FF07A81021FFF743FF304668
:104D40001021FFF73FFF504635B0BDE8F08F0FACA4
:104D50000BAE404601F0B8F810484FF4D071FFF7A1
:104D600031FF20462021FFF72DFF07A81021FFF774
:104D700029FF10213046FFF725FF20213846FFF795
:104D800021FF504635B0BDE8F08F039F019E049C83
:104D90008246DEE76FF0370AF3E700BF9CCE0020C3
:104DA00000010203ACCE00202DE9F04188B004469A
:104DB0000D462022002168460DF0E1FF04F1200697
:104DC0006F46E27B0132D2B2E273002A4DD1A27B60
:104DD0000132D2B2A273002A47D1637B0133DBB226
:104DE0006373002B41D1237B0133DBB22373002B90
:104DF0003BD1E37A0133DBB2E372002B35D1A37AE6
:104E00000133DBB2A372002B2FD1637A0133DBB203
:104E1000637253BB237A0133DBB223722BBBE3797A
:104E20000133DBB2E37103BBA3790133DBB2A371BE
:104E3000DBB963790133DBB26371B3B92379013331
:104E4000DBB223718BB9E3780133DBB2E37063B972
:104E5000A3780133DBB2A3703BB963780133DBB2D3
:104E6000637013B92378013323703B462246012136
:104E7000304601F049F8804650BB103708AB9F42DE
:104E80009FD1029AAB68039F079953400293304623
:104E9000EE68009B7E400396049F2E697E40049638
:104EA0006E69059F7E400596069FAE697E40069618
:104EB000EE697140079129684B40009301996B6836
:104EC00080224B406946019301F004F8804638B1D6
:104ED00068462021FFF776FE404608B0BDE8F08125
:104EE00010220DEB020120460DF021FFF0E700BF7C
:104EF0002DE9F84304468069B0F5C07F52D81D46BD
:104F0000C0F5C073AB424DD3C5F5C0731B1A9342B5
:104F1000164647D3DFF898904FF4C0720F464846C4
:104F200000210DF02CFFD4F89430A269D4F8980039
:104F300049469847002838D1D4F818803DB1D4E9C3
:104F400025302A4609EB0801984770BBA84407B1F1
:104F5000C6B9174942460846FFF73EFE054638B136
:104F600013484FF4C071FFF72DFE2846BDE8F883C3
:104F70000F492046FFF718FF05460028F0D101230E
:104F80002361EDE709EB0800394632460DF0CFFE0C
:104F90000749B04442460846FFF71EFE0546002872
:104FA000DED1E5E76FF03705DFE76FF03305DCE7CB
:104FB0003CD0002010B5A422044600210DF0DFFEF5
:104FC000064B4FF0FF314FF6F0722161E26104F1C0
:104FD0009C001B68BDE81040184700BFE03400206B
:104FE0002DE9F04385B005460F46164600211022F4
:104FF000684699460DF0C3FE1D4B05F19C081B68E1
:105000004046984720B10446204605B0BDE8F083ED
:1050100005F12004204600F047FFAA69C5E925767E
:105020002E69E2B92022002EAA611FDB20466946C4
:10503000802200F04FFF044630B90C9A33464946AF
:105040002846FFF755FF04460A4B40461B68984721
:10505000002818BF0446204605B0BDE8F083002EA6
:10506000E4DA172A02D801325608DFE70026DDE726
:10507000DC340020D83400202DE9F04F8DB0B2F59B
:10508000806F169F00F2E380B7F5807F00F2DC802E
:10509000044615460E462022002104A898460DF02D
:1050A0006EFE6C4B04F19C091B684846984783468A
:1050B000002840F092802269E3699A4200F39180CF
:1050C0006369002B40F08D80002F40F0A980DFF84D
:1050D00088A16F46002D00F0988004F120086F46EB
:1050E0000EE0102DAB4628BF4FF0100B30465A464D
:1050F00039460DF01CFEB5EB0B055E4400F08580D3
:10510000E37B0133DBB2E373002B4DD1A37B01338F
:10511000DBB2A373002B47D1637B0133DBB2637334
:10512000002B41D1237B0133DBB22373002B3BD116
:10513000E37A0133DBB2E372002B35D1A37A01337A
:10514000DBB2A372002B2FD1637A0133DBB263721F
:1051500053BB237A0133DBB223722BBBE3790133D8
:10516000DBB2E37103BBA3790133DBB2A371DBB91B
:1051700063790133DBB26371B3B923790133DBB2F5
:1051800023718BB9E3780133DBB2E37063B9A378A1
:105190000133DBB2A3703BB963780133DBB26370D8
:1051A00013B92378013323703B4622460121404640
:1051B00000F0AAFE8346002893D0DAF80030484673
:1051C00098472021034604A8002B18BF9B46FFF7F1
:1051D000F9FC10213846FFF7F5FC58460DB0BDE844
:1051E000F08F3A46414600232046FFF781FEDFF864
:1051F00068A000283FF46DAFDAF8003048469847C1
:10520000834600283FF465AFE7E704A92046FFF78F
:10521000CBFD83460028D0D1236901332361CCE73D
:105220003A46414604A8FFF7D7FC834618B1DFF899
:1052300028A06F46C1E704A92046FFF7B5FD8346C5
:1052400000283FF444AFF2E76FF0370BC5E76FF08B
:10525000350BC2E7DC340020D83400202DE9F043C0
:10526000202B8BB01D4606468846914626D8DBB2D9
:1052700002AF8DF80480B0468DF8053058F8041B55
:1052800021B9404600F084FE044640B90123336052
:10529000022201A9404600F08FFE044638B138468C
:1052A0002021FFF78FFC20460BB0BDE8F0832A4693
:1052B0004946404600F080FE0446F0E702AF19463A
:1052C000104600233A4600F0FDFF04460028E6D1D0
:1052D0002023B9461D46CCE7F0B5D0F8F830A7B08A
:1052E000002BD8BF02AE2CDDD0F80C4105460023C0
:1052F00002AE0193A4F10107D0F80001D5F8FC40FB
:1053000001AB90223146A047B7FA87F77F090446E0
:1053100010B9019B3BB9A7B130469021FFF752FC71
:10532000204627B0F0BD014632462846FFF796FFDB
:1053300050B9D5F80431019A1344C5F80431002F4F
:10534000EAD16FF03C04E7E70446204627B0F0BD01
:1053500070B50025044604F5887614222946C0F865
:10536000F850FC300DF00BFD0822294630460DF0B8
:1053700006FD154B30461B689847204640F8045BF5
:1053800000F0ECFD114B30461B689847D8B9D4F8B3
:10539000F830AB4211DC03EB830204EB82022021E4
:1053A000C2F808110121C2F80C1101330849C2F8F2
:1053B0000001C2F8FC10C4F8F830064B30461B68F8
:1053C000BDE87040184770BDE0340020DC34002098
:1053D000AD5D0400D83400202DE9F047202A88B0C4
:1053E00079D83E4B00F588791B6804464846174635
:1053F000884698470546F8B9D4F8F83040F20116C7
:10540000002B64D02046FFF767FF054638B9D4F873
:10541000F830002B14DC013EF2D16FF03B056E46F4
:1054200020213046FFF7CEFB2D4B48461B6898479E
:10543000002818BF6FF01D05284608B0BDE8F087AA
:10544000D4E94132934203D3D4F80C21012A02D08B
:10545000013ED7D1E1E71F2BFAD96E460146202243
:10546000304604F1040A0DF08AFC3146504600F043
:10547000CDFD05460028D3D1504600F083FD5046AF
:1054800000F06CFD2946504600F082FD05460028DC
:10549000C6D150462022314600F08EFD0546002838
:1054A000BED1034632462021304600F00BFF0546B0
:1054B0000028B5D1D4F8F830002BC4BF0023C4F8BD
:1054C00004313A46404631460DF031FCA8E76FF012
:1054D0003F056E46A4E76FF03B05ADE7DC340020E6
:1054E000D834002030B58DB00021282202A80191C7
:1054F0000DF045FC02A800F00DFF044610B1204657
:105500000DB030BD174D4FF0FF31286800F044F961
:10551000044620B11448FFF733FA012C18D00020BC
:1055200000F06AF9D0B9114A02A901A800F030FCD4
:105530000446012000F060F960B9286800F034F9F1
:105540000028DCD00A48FFF71BFA20460DB030BD1A
:105550000524F2E70748FFF713FAEEE70648FFF7DE
:105560000FFAE0E7C4340020A0610500BCD10020A0
:10557000F8610500D8610500B861050030B583B059
:1055800000F05CF828B100F0ABF80324204603B02B
:1055900030BD00F077F8D8B900F02EF9E0B9224C10
:1055A000D4F828391B0EF02B0AD1D4F8242A1F4B2B
:1055B0009A4231D000F044F8072400F091F8E5E772
:1055C00000F03EF800F08CF80624204603B030BD11
:1055D0000424204603B030BD00F032F800F080F81B
:1055E000FFF780FF044698B9114D2B68002BCDD1F1
:1055F00002460146FFF7E6F950B90E4901AB6822B1
:10560000FFF710FA20B90C4B2B60204603B030BDD9
:105610000524204603B030BD012000F0EDF800283D
:10562000DAD1C4F80C0ADBE700B002500000E02039
:10563000DCD30020E0D300205AEA5A5A00207047F9
:1056400000207047430504D5044B4FF0FF32C3F8E8
:105650000821024BC3F8080A704700BF00B002508F
:10566000014BC3F8040A704700B0025008B100F0C3
:105670006BB84FF47500704708B100F04FB84FF4A5
:105680007500704710B5114800F072F800B110BDF8
:105690000F4800F06DF80028F9D10E4C204600F0BC
:1056A00067F80028F3D10C4B0C481C6000F060F840
:1056B00001460028EBD100F02DF8044608B1204641
:1056C00010BD00F07BF82046FAE700BFD43400207C
:1056D000D0340020CC340020C4340020C834002052
:1056E00008B5084800F04EF8074800F04BF80748A6
:1056F00000F048F8064800F045F8BDE8084000F022
:105700000BB800BFD4340020D0340020CC340020AB
:10571000C834002000207047704700BF10B4094C07
:105720000246D4F8003A1342FBD021B1D4F8043138
:105730000B60C4F80831034BC3F8082A002010BCE2
:10574000704700BF00B00250044AD2F8003A184235
:10575000FBD0C2F8080A0020704700BF00B002501A
:105760000DF0F3BA0DF00BBB0A4600210DF007BB9C
:1057700008B5034B02681B6810689847002008BDF5
:105780009034002008B5034B02685B6810689847A6
:10579000002008BD90340020024B02689B6810680E
:1057A000184700BF9034002008B5034B0268DB683F
:1057B00010689847002008BD9034002070B5094C4F
:1057C000094D2069AB68984718B1084B08485B68D9
:1057D0009847084AEB68206900211160BDE87040D5
:1057E000184700BF7C34002090340020743400201F
:1057F0001062050048D40020F8B51A4D1A4E044630
:10580000B26828699047E8B9184F3B684CB1A3B11A
:10581000012B19D0013B3B602869F36898470020B1
:10582000F8BD43B9124A0121C2F800151149D1F857
:105830001029002AFBD101333B60F368286998479F
:105840000020F8BD0C48F8BD0A4AD2F81039002BE8
:10585000FBD1074A6FF07E40C2F80035FFF700FF2A
:105860003B68D7E77C3400209034002048D40020E7
:1058700000A0025000B00250E98FFFFF014B1B68EF
:10588000184700BF90340020014B9B68184700BFA9
:1058900090340020014BDB68184700BF9034002093
:1058A0002DE9F047002878D00C46002975D01D4618
:1058B000002B72D007461AB1012200232A60036030
:1058C0002B68002B64D02946204600F0DBFD804683
:1058D00000285FD12868214600F0BAFD80460028E4
:1058E00058D12B68082B6CD0042B6DD0A3F1020982
:1058F000B9FA89F94FEA5919354E0121C6F8C41190
:10590000C6F84011C6F8C411636AC6F83031D6F83B
:1059100030219342F6D14FF0000A4FF0FF30C6F825
:105920002CA1FFF78FFE6FF01B03C6F80031504625
:10593000FFF796FEC6F80C91D6F8040A40F4806092
:10594000FFF78EFE0A23C6F83831089B012B29D0B9
:105950002369204AA2FB03231B09626A02FB03F3AB
:1059600003EB43031A4ADB039B09C2F8D831012336
:10597000C2F82C313B682A6823F07F4343EA026374
:105980003B602A6843EA02233B604046BDE8F0875B
:10599000DFF844804046BDE8F087DFF840804046AD
:1059A000BDE8F0874FF08053D3F80C2C013206D0BD
:1059B000D3F80C3C074AA2FB03231B09CDE71623AF
:1059C000CBE74FF0030997E74FF0020994E700BFD8
:1059D00000B00250ABAAAAAA310CF100350CF100BC
:1059E00050B34B1EB3F5047F26D24FF0000C30B5F8
:1059F000CD00E6466446630904F01F0150F82330E9
:105A00001F2923FA01F306D003F001031CB9012476
:105A10009E46A446EFE79E4504F1010406D09E464B
:105A20004FF0010CAC42E6D1002030BD0CF1010C6E
:105A30009445F7D1014830BD00487047360CF1005D
:105A4000C8B32DE9F0434C1EB4F5047F1CD2DBB182
:105A5000D2B14FF0000ECF007646F046754603F106
:105A6000FF396C0905F01F0150F824401F2924FA62
:105A700001FC0CD00CF0010C4DB90126E046354676
:105A8000B646EEE7964218D90D48BDE8F083734557
:105A90000CD0C44508BF0136F145F3D00EF1010E1C
:105AA0000135BD42DDD10020BDE8F0834FF0010E8D
:105AB000E0467646F4E7024870479E46F0E700BFAE
:105AC000370CF1002DE9F04F91B00D46DDE91B4197
:105AD000824600296ED1286906901A981C6000231E
:105AE0000360002A00F02E819C4B6A6AD3F83811BB
:105AF000D3F830319A4269D10A2967D19AF8033034
:105B0000089304F1080306990793954B934CA3FB64
:105B100001239B0803EB4303A1EB430303930423FB
:105B200005931A9B069E1E60002E00F0E980002758
:105B300000F0B8FC0997BAF1000F00F0D580DDF84D
:105B40001C804FF00109002D00F0CE80089B002B37
:105B50003ED008A9284600F095FC00283AD0814B99
:105B6000984220D0089B082B00F0E4805B000022C4
:105B70000893009208AB29465046FFF791FE7A4BF6
:105B8000984200F0D38070B9DAF80020130A03F4C9
:105B90007F03134323F07F43CAF80030059B013B8A
:105BA0000593BED10020039000F07CFC039811B057
:105BB000BDE8F08F4FF08050D0F80C6C013614BF68
:105BC000D0F80C0C4FF40470069086E76748EAE7BB
:105BD0006548C4E70898294600F03AFC0028BED181
:105BE000089B082B00F0A880042B00F0A880A3F1EC
:105BF0000203B3FA83F35B090493C4F8C491C4F8B5
:105C00004091C4F8C4916B6AC4F83031D4F83021A3
:105C10009342F6D14FF0000BC4F82CB14FF0FF3097
:105C2000FFF710FD6FF01B035846C4F80031FFF773
:105C300017FD049BC4F80C31D4F8040A40F48060CA
:105C4000FFF70EFD0A23C4F838312B69ABF1553B41
:105C5000ABFB03236A6A1B0902FB03F303EB430359
:105C6000DB039B09C4F8D831C4F82C91DAF8003072
:105C7000089923F07F420B0243EA01631343CAF8F9
:105C8000003009A800F0D4FB099B03F01A0303437A
:105C90007FF468AFABFB063BD4F814310A93D4F819
:105CA00018310B93D4F81C310C93D4F820310D9398
:105CB000D4F824310E93D4F828310F93B7EB9B0F0F
:105CC00001D1039B93B9404618220AA9183EFFF759
:105CD00047FD08F11808013796B100F0E3FB0023F7
:105CE0000993002D7FF432AF214838E74046F61A79
:105CF0001A460AA998440137FFF732FD002EECD16D
:105D0000069F079E6A6939463046FFF769FEAA6911
:105D100040B94FF4806339463046FFF791FE0028C2
:105D20003FF440AF1A9A0023136018E72B6A002B48
:105D30003FF439AF0F4836E7032304935DE70223AE
:105D400004935AE7009108AB012229465046FFF719
:105D5000A7FD00283FF4D5AE25E700BF00B00250F4
:105D6000ABAAAAAA020CF100310CF100300CF10030
:105D7000350CF100320CF10010B4DDE9013401946E
:105D8000039C02940024039410BCFFF79BBE00BF49
:105D900010B586B005AB0124CDE9012400930022A3
:105DA00004ABFFF78FFE06B010BD00BFF0B587B0A3
:105DB000002966D01E46002B63D01446002A60D00E
:105DC000314F0D4638684FF0FF31FFF7E5FC0028F2
:105DD0004DD10020FFF710FD002844D12B4800F0E2
:105DE00099FA0346D8B101204FF0FF35FFF704FDC3
:105DF000002834D126484FF40871FEF7D9FE254813
:105E00000421FEF7D5FE21482821FEF7D1FE38688F
:105E1000FFF7CAFC00282ED1284607B0F0BD1C4A67
:105E2000029205AA019204AA039000921749194808
:105E30001A46FFF7A1FF03460028D4D128461D4685
:105E4000059B04999C42224628BF1A4632600831BD
:105E5000FFF786FC0120FFF7CFFC0028CAD00E48D0
:105E6000FEF78EFDC6E70D48FEF78AFDB6E70C4843
:105E7000FEF786FDADE70B48FEF782FD284607B02A
:105E8000F0BD4FF0FF35C7E7C434002050D40020E8
:105E900078D400204CD40020D8610500B8610500FA
:105EA000A06105003062050010B5044630B1002243
:105EB00001236265A265E365236610BD0148FEF714
:105EC0005FFDF4E74862050018B174220021FFF776
:105ED00049BC704790B1A1B110B5802A4FF00004C1
:105EE000846380F83C4006D1102204631044FFF71D
:105EF00037FC204610BD6FF01F0010BD6FF0210071
:105F000070476FF01F00704728B322B31BB30129FD
:105F100021D870B50446816B86B017D0012917D1FE
:105F2000102500210DEB05066163104600950196D2
:105F300002AA294600F0C2FA50B92B46324602A9FD
:105F4000204600F043FD18B906B070BD0029E7D027
:105F50006FF02100F8E76FF02100704710B504469C
:105F600028B12046F421BDE81040FFF7FDBB0448EE
:105F7000FEF706FD2046F421BDE81040FFF7F4BB14
:105F80005C62050010B1F421FEF712BE704700BF3D
:105F900008B521B1012908D06FF0360008BD0121F4
:105FA00000F058F80028F7D108BD022100F052F89F
:105FB0000028F9D0F0E700BF30B505468818B0F5E5
:105FC000801FA1B00B46144601D8802A0CD9B3F526
:105FD000801F17D922461946284600F07DF804464E
:105FE00084B9204621B030BD6846FFF7B9FB224690
:105FF0006946284600F070F8802104466846FFF79D
:10600000B3FBEDE76FF03604EBE700BF70B5E8B126
:106010000E46D9B1044600F031F80546B0B9236800
:10602000012B0BD0022B01D0284670BD1C2204F19D
:1060300008013046FFF794FB284670BD202204F18A
:1060400008013046FFF78CFB284670BD6FF036051F
:10605000EAE700BF78B138B504460D46F021FFF7F6
:1060600083FB40232560E365204600F05BFA00389F
:1060700018BF012038BD0120704700BF70B5056E04
:10608000A4B0044604AEE5B90122002362603046A4
:10609000CDE9003302AA294600F010FA10B1012020
:1060A00024B070BD2A4602A9204600F063FA0028F9
:1060B000F5D1204600F074FB0028F0D1206624B012
:1060C00070BD802D2A4600F1640128BF8022304631
:1060D000FFF746FB256ED7E7002800F0AE802DE9DC
:1060E000F04F1446A5B0002A3DD00F46002949D0F4
:1060F000B2F5803F0546006E20D34FF6FF7805F1DC
:10610000640AEB6D1A1AB2FBF3F103FB1122002AA9
:1061100065D18342B9464FF6FF7672D0B6FBF3FBEA
:1061200003FB0BFBBBF1000F30D1002E45D1A4F5D2
:106130007F44FF3CB4F5803F4744E2D2EA6D161A33
:10614000B6FBF2F302FB1366A64228BF2646002EDA
:1061500075D1824200F08D80B4FBF2F602FB06F6A8
:106160002EB9002C79D1002025B0BDE8F08F002396
:10617000CDE9003302AA3146384600F09FF90028E5
:1061800000F09580012025B0BDE8F08F0023CDE917
:10619000003302AA5946484600F090F90028F1D190
:1061A00002A95A46284600F0E5F90028EAD1A6EBF4
:1061B0000B06286ED944002EB9D01930494605EB9C
:1061C00080003246FFF7CCFAA4F57F44286EFF3CEE
:1061D0003044B4F5803F4744286692D2AEE742454A
:1061E00028BF4246504439461646FFF7B9FA286E92
:1061F000EB6D3044834207EB06092866A8EB0606E0
:106200008CD1802B28BF80231A46514604A8FFF763
:10621000A7FA0023CDE9003302AAE96D04A800F033
:106220004DF90028AED1EA6D02A9284600F0A2F986
:106230000028A7D1EB6D286670E70120704705F1B3
:106240006403394632461844FFF78AFA286EEA6D2D
:106250003044A41B374428667BE72B6E193305EBCB
:10626000830022463946FFF77BFA2B6E23442B66C8
:1062700079E7802A28BF802205F1640104A8FFF78E
:106280006FFA0023CDE9003304A8E96D02AA00F0FB
:1062900015F900287FF476AFEA6D02A9284600F0D0
:1062A00069F900287FF46EAFEA6D286654E702A909
:1062B0003246284600F05EF900287FF463AF374489
:1062C000A41B4EE7F8B51C46054611480E46174676
:1062D000FFF744FE21460E48FFF75AFE044620B160
:1062E0000B48FFF74FFE2046F8BD094832462946C5
:1062F000FFF762FE04460028F2D139460448FFF752
:1063000085FE04460248FFF73DFE2046F8BD00BF6B
:1063100098D6002030B583B01C2301A9054601930F
:1063200000F032F8044638B9019B1C2B07D0144CFE
:106330001C212846FFF718FA204603B030BDD5E9E6
:106340000112131E18BF012300392A6818BF01214A
:106350009B0043EA4103002A18BF43F00103EA68A7
:106360000120E8612AB9C5E90834002BE4D1054CC5
:10637000DEE743F008032046C5E9083403B030BD2A
:10638000370CF0000E0CF00018B111B10B681C2B8B
:1063900001D0012070474FF08053D3F8102C013208
:1063A00014BFD3F8102C41F25C224FF080530260EE
:1063B000D3F8142C013214BFD3F8142C41F6641214
:1063C0004FF080534260D3F8182C013214BFD3F839
:1063D000182C40F6D8624FF080538260D3F81C2C02
:1063E000013214BFD3F81C2C41F288324FF0805395
:1063F000C260D3F8002C013214BFD3F8002C9022D5
:106400004FF080530261D3F8042C013214BFD3F84B
:10641000042C51224FF080534261D3F8082C0132F2
:1064200014BFD3F8083C40F2373383610020704733
:1064300008B501464FF48060FFF71EF9034B0022B8
:10644000C3F8C821C3F82C2108BD00BF00B002501A
:106450000138072805D8DFE800F0100E040A04040C
:10646000040607487047CB684B62002070478B6872
:106470004B62002070474B68F6E70B68F4E700BFFB
:10648000310CF1000B6802E0082B0B6006D8026AA1
:1064900013424FEA4303F7D000207047004870478B
:1064A000310CF100044B0022C3F82C214FF4806022
:1064B000C3F8C421FFF7C6B800B00250F0B583B0EE
:1064C0001D46B0F1005F4FF000038DF8073024D374
:1064D0008C468444BCF1804F04461ED817460DF10B
:1064E0000703012200F064FE0646B0B9099A9DF840
:1064F00007303C603B7192B14DB1024608990DF1F5
:106500000703284600F054FE38B99DF80730099A71
:1065100030461560137103B0F0BD4FF47506304678
:1065200003B0F0BDD8B108B50368012B04D0022B2D
:106530000FD043B10B4808BD0B4920220830FFF7AC
:106540000FF9002008BD094914220830FFF708F9A7
:10655000F7E7074920220830FFF702F9F1E74FF487
:10656000730070470100F3006C620500AC62050027
:106570008C6205002DE9F843002900F0F9800446FB
:10658000002800F0F980036890460F46002B00F0C9
:10659000C380013B012B00F2D78079484FF0FF31D7
:1065A0004FF00209FFF7F8F8002840F0BF80002004
:1065B000FFF722F90646002840F0C280714AD2F85F
:1065C0001C39002BFBD16F4DD5F8203C002BFBD1A3
:1065D0004FF0FF30FFF736F8D5F8040A20F04000FE
:1065E000FFF73EF801230722C5F81838C5F800293F
:1065F000C5F8C437A36CC5F8CC37E36CC5F8D03701
:10660000C5F8C09723685BB1013B012B18D8636ABA
:10661000C5F85C36236AC5F85836E369C5F85436C0
:10662000584BA269C3F850266269C3F84C26226908
:10663000C3F84826E268C3F84426A268C3F8402697
:10664000504AD2F81039002BFBD1B8F1000F5FD0BF
:106650006368012B08BFC2F884364A4B3A68C3F816
:10666000282C4020C3F82C8CFFF700F80646454A3A
:10667000D2F81039002BFBD1424AD2F8203C002B33
:10668000FBD123685BB1013B012B18D8D2F85C36F3
:106690006362D2F858362362D2F85436E361394B3C
:1066A000D3F85026A261D3F84C266261D3F848266D
:1066B0002261D3F84426E260D3F84036A360314A21
:1066C000D2F8CC17A164D2F8D017E16400230121DD
:1066D000C2F8C417C2F88436C2F8C837D2F81039E5
:1066E000002BFBD1C2F81838002E3BD1254BD3F834
:1066F000040A40F04000FEF7B3FF0120FFF77CF8EA
:1067000060BB1F48FFF750F810BB3046BDE8F88368
:106710000423C2F8C837AAE719484FF0FF314FF0F9
:106720000109FFF739F800283FF441AF1648FEF79A
:1067300027F90020FFF760F8064600283FF43EAF37
:106740001248FEF71DF939E7114E3046BDE8F883CF
:106750001048FEF715F93046BDE8F8830E48FEF7FD
:106760000FF9CEE7102104F10800FEF7FDFFBDE7A9
:106770000A4E3046BDE8F8834FF47306C5E700BF04
:10678000D434002000B00250A0610500B8610500BB
:106790000100F300F8610500D86105000300F30073
:1067A00098B370B4D0E90241D0E9042326BA0DBAF7
:1067B00014BA19BAD0E9062312BAC0E904418261B9
:1067C000D0E90842C0E902651BBA25BAC0E907351D
:1067D00014BAD0E90B23816A12BA09BAC0E9094197
:1067E000C262D0E90D421BBA25BAC0E90C3514BA11
:1067F000D0E91023C16B12BA09BA1BBAC0E90E4125
:10680000C0E91023002070BC70474FF4730070473C
:10681000002847D090F83C30002B34D0032B10B523
:1068200013D02248224C2268224B1268C3F800245D
:1068300022685268C3F8042422689268C3F80824C6
:106840002268D268C3F80C2410BD016B006C184C90
:1068500000F0A8FB0028E6D12268164B1268C3F8A6
:10686000002422685268C3F8042422689268C3F89E
:1068700008242268D268C3F80C2400F0A1FB002889
:10688000D1D1002010BD0B4B0269C3F8002442692E
:10689000C3F804248269C3F80824C269C3F80C242D
:1068A000002070474FF47100704700BF0900F100ED
:1068B000C034002000B00250374A38B50446D2F840
:1068C0001039002BFBD1344AD2F87034002BFBD1A5
:1068D000314AD2F8203D002BFBD12F4AD2F8203C80
:1068E000002BFBD12C4AD2F8383D002BFBD12A4D8E
:1068F000D5F8383C002BFBD14FF0FF30FEF7A2FE5D
:10690000636BD5F8040A23F00403032BE36D39D03D
:10691000012B0CBF20F0800020F02000FEF7A0FE2D
:106920001D4A0123C2F80039D2F81039002BFBD1DF
:10693000194AD2F87034002BFBD11749C2F8BC3485
:10694000D1F81039002BFBD1134AD2F87034002B48
:10695000FBD1626B22F00401032918BFA36B0E491F
:106960004FEA820218BF03F0010302F01C021A432F
:10697000C1F8C024636B072B04BF0123C1F87C342A
:10698000002038BD012B0CBF20F0400020F010008B
:10699000FEF766FEC4E700BF00B00250094A0A4B8A
:1069A00011680968C3F8001411684968C3F8041431
:1069B00011688968C3F808141268D268C3F80C24F7
:1069C000704700BFC034002000B002502DE9F04FE6
:1069D00085B0002900F0EC809046002A00F0E880A5
:1069E0000546002800F029819946C36D0E46002B0C
:1069F00052D1B9F5805F54D295F83C30042B00F0A9
:106A0000FF800027AD484FF0FF31FEF7C5FE00289C
:106A100040F0D5800020FEF7EFFE002840F0D8803F
:106A2000A7480123C0F81038D0F81049002CFBD13A
:106A30006B6B032B3ADC002B3BDAA24CA04AD2F85A
:106A40001039002BFBD1002F40F0D1806B6BEA6D29
:106A500023F00403032B9A4BD3F8040A00F09F8021
:106A6000012A0CBF40F0800040F02000FEF7F8FD46
:106A7000934B0022C3F810280120FEF7BDFE00282A
:106A800040F0B1808D48FEF78FFE002840F0A480D2
:106A9000204605B0BDE8F08F012BADD1B9F5803FA0
:106AA000AAD3894C204605B0BDE8F08F063B012BE8
:106AB000C3D8AB6B012B00F2BE80EB6D012B7CD8F1
:106AC0002B6E012B00F2E8802846FFF7F5FE044606
:106AD0000028B3D12846FFF79BFE04460028ADD11D
:106AE0006B6B072BA9D801229A4012F08A0F40F055
:106AF000D58012F0440F40F0BA80D2079DD523F024
:106B00000403032B32680DD02B6ED8F80010012B34
:106B10006B4B0BBFC3F8281DC3F8301DC3F82C9D69
:106B2000C3F8349DEB6D012B654B0BBFC3F8282CCC
:106B3000C3F8302CC3F82C9CC3F8349C6B6B23F047
:106B40000403032B00F0A2802B6E012B14BF202026
:106B50008020FEF78BFD044600287FF46FAF584B72
:106B6000D3F81049002CFBD1696B072914D80122F6
:106B70008A4012F08A0F40F0BB8012F0440F0BD015
:106B8000D3F860242A60D3F864246A60D3F86824B8
:106B9000AA60D3F86C34EB600123AB654EE7012AA1
:106BA0000CBF40F0400040F01000FEF759FD5FE7D9
:106BB000464C204605B0BDE8F08F454C3EE74548C1
:106BC000FDF7DEFE0020FEF717FE00283FF428AF99
:106BD0004148FDF7D5FE23E74048FDF7D1FE2046AA
:106BE00005B0BDE8F08F3E48FDF7CAFE4AE7042332
:106BF00085F83C30202105F11000FEF7B5FD25E7B2
:106C0000296B286C00F0C0F998B9364F2C4C3B68C2
:106C10001B68C4F800343B685B68C4F804343B6804
:106C20009B68C4F808343B68DB68C4F80C34296BF3
:106C300031B10127E6E62C4C00E74FF4710427E759
:106C40002B6D0193EB6C009305F1100A4FF0100BC4
:106C5000CDF808A0CDF80CB0D5E91123286C00F0D0
:106C6000B9F9002851D1002385F83C30E1E7144BF5
:106C70002A68C3F860246A68C3F86424AA68C3F861
:106C80006824EA68C3F86C246B6B38E7EB6D012B62
:106C900014BF102040205CE7144CCFE6084B2A6854
:106CA000C3F840246A68C3F84424AA68C3F8482497
:106CB000EA68C3F84C246B6B21E700BFD434002092
:106CC00000B002500100F1000500F1000B00F100DE
:106CD0000300F100A0610500B8610500F86105003E
:106CE000D8610500C03400200200F1000400F1006A
:106CF000D3F840242A60D3F844246A60D3F84824A7
:106D0000AA60D3F84C34EB6046E73B681B68C4F8D4
:106D100000343B685B68C4F804343B689B68C4F883
:106D200008343B68DB68C4F80C3459465046FEF71B
:106D30001BFD98E72DE9F04109B302B30446002892
:106D400000F0AF801D46436B072B0E461BD05DB98C
:106D5000032B10D1836D73B900F16403456685661A
:106D6000C56605670B6010252B4631462046BDE8F9
:106D7000F041FFF72BBE2F463846BDE8F081764F35
:106D80003846BDE8F081C36D002B40F08D80B5F52D
:106D9000805F80F090801DB9A36D002B40F08B8048
:106DA0006E484FF0FF31FEF7F7FC002840F08F806F
:106DB0000020FEF721FD002840F08580684A01236D
:106DC000C2F81038D2F81039002BFBD1636B032BBB
:106DD0004FDD063B012B4ED8A36B012B6DD8E36D25
:106DE000012B78D8236E012B77D82046FFF764FD5E
:106DF0000746002840D12046FFF70AFD0746002835
:106E00003AD1626B072A36D80123934013F08A0FD8
:106E100040F0818013F0440F6FD1DB072BD5504B2E
:106E20000122C3F87C24C3F8BC543168002D56D12C
:106E3000A16D09B9C3F82425494BD3F81079002F67
:106E4000FBD1616B072917D801228A4012F08A0F03
:106E50006FD112F0440F0FD0D3F860242260D3F822
:106E600064246260D3F86824A260D3F86C34E360D1
:106E700002E0002BB0DA3B4F394AD2F81039002B30
:106E8000FBD1C2F810380120FEF7B6FCB8B9334880
:106E9000FEF78AFC00283FF46FAF3348FDF770FD22
:106EA0006AE74FF4710767E7012B7FF474AFB5F51C
:106EB000803FFFF470AF2D4F5EE72D4FDCE72D488C
:106EC000FDF75EFDE3E72C48FDF75AFD76E72B481A
:106ED000FDF756FD6CE72A4FCEE72A4FCCE7E26D6F
:106EE000012A33D0C3F8301C1020C3F8345CFEF7FD
:106EF000BDFB074600289FD0BEE7194B2268C3F8A8
:106F000060246268C3F86424A268C3F86824E26855
:106F1000C3F86C2483E7124B2268C3F840246268EC
:106F2000C3F84424A268C3F84824E268C3F84C2498
:106F300075E7D3F840242260D3F844246260D3F884
:106F40004824A260D3F84C34E36095E7C3F8281CCA
:106F50004020C3F82C5CCAE70B00F100D4340020B9
:106F600000B002500100F100F86105000500F100D9
:106F70000200F100D8610500B8610500A0610500BC
:106F80000300F1000400F10029B9044B002814BFEC
:106F90001846002070470248704700BF0100F70004
:106FA0000300F70029B9044B002814BF184600203D
:106FB00070470248704700BF0100F7000300F70068
:106FC000034B00200122C3F8380AC3F87824704725
:106FD00000B002502DE9F047CCB00024579DDDF8F9
:106FE0005881824689461646214674220EA81F46BD
:106FF0000BF0C5FE802221462CA82B940BF0BFFE7F
:107000008423B5F57F6FCDE90A44CDE90C4405939F
:1070100063D8FFF7C3FC05AB30462BAE0193029556
:10702000DDE954233946009600F062F800284FD17C
:1070300003238DF813309DF813308DF87430072337
:1070400000221C9010210EA81B9301240123CDE9DE
:107050002423CDF86890CDF878A026940DF120096E
:10706000FEF782FB102200920599CDF804900AAB3E
:10707000304606AAFFF722FA074670B11DE00EA9B6
:1070800008EB0700FEF76CFB10210EA8FEF76CFB67
:107090000134AD1B3744E4B224D0102D4A46059B81
:1070A0008DF8AC4006A90EA82E4628BF1026FFF783
:1070B00041FE32460028E2D007460EA87422002185
:1070C000FEF750FBFFF76AFC38464CB0BDE8F0878E
:1070D000054F38464CB0BDE8F087044F38464CB0F9
:1070E000BDE8F0872F46E8E70E00F1000F00F10041
:1070F0002DE9F04182B01E460A9D0023B5F57F6F51
:1071000001933ED8ED00B5F5807F174601F1FF32BF
:1071100034BF032304233F2A0C46009331D880B3A5
:1071200066BB089A6AB3099A116851B3A21913444D
:10713000994226D3089B01462246581CFEF710FBB5
:10714000089B04F102081C440023637026BB089BC3
:107150000095FF2D03EB080017D92B029BB243EAE1
:107160001523022201A90193FEF7FAFA08F102039E
:10717000099A0020136002B0BDE8F0810FB1402EE3
:10718000CFD90A4802B0BDE8F08101226946FEF776
:10719000E7FA08F10103EBE7089B324603EB08002E
:1071A0003946FEF7DDFAB044D1E700BF06000080A3
:1071B00000201870704700BF0CB430B589B0054688
:1071C0000C461C22002101A80BF0D9FD02238DF8EA
:1071D00006300E4B0293059523462CB1B4F1004FB7
:1071E00028BF4FF00043013B1D440DAA0C990695A2
:1071F00001A8009200F034FA14B1059B00221A7025
:1072000009B0BDE8304002B0704700BF3B34050014
:107210000EB470B589B00DAC054654F8046B1C2251
:10722000002101A80BF0ABFD01238DF806302246AA
:10723000064B0393314601A80595009400F0F2FE39
:1072400009B0BDE8704003B0704700BF27340500A7
:10725000242A2DE9F041044601D8012A4CD10CF032
:1072600011F9354B16221A5001B10C60002738462F
:10727000BDE8F08135462E4616F8010B2028F9D0DE
:10728000A0F10907042F0346F4D92B2836D02D2866
:1072900037D14FF0010C6B78AE1C302B38D13078E1
:1072A00040F0200078282FD132F010002CD17378D4
:1072B0003446102202360CF1004001380027B0FBA2
:1072C000F2FE02FB1E08392B82BF03F1FF3343F0AD
:1072D0002003263B303B9A421ED9774502DC03D17E
:1072E000984501D24CF0020C354607FB023715F8E1
:1072F000013B34462E46E6E70546BCE74FF0000C5E
:10730000C9E74FF0000CC8E7002A08BF0822D2E7FF
:10731000002A08BF0A22CEE701B10C601CF0010F61
:1073200018BF7F421CF0020FA1D007460CF0AAF84C
:10733000014B22221A509AE70C000000242A2DE962
:10734000F84F8046894601D8012A60D10CF09AF89E
:10735000414B16221A50B9F1000F01D0C9F8008034
:10736000002319461846BDE8F88F31460E4616F838
:10737000013B202BF9D0A3F1090004281C46F4D9C5
:107380002B2B46D02D2B46D101274C788E1C302C30
:1073900048D1337843F02003782B3ED132F01003EC
:1073A0003BD17478B0461025023617F1FF3B6FF0E1
:1073B000004343F1000A2A46002358465146D1F7BC
:1073C000D5FA00238C461946392C82BF04F1FF34CC
:1073D00044F02004263C303CA54228D998427CEB5E
:1073E000010E05DB614508BF834203D1A24201D2F1
:1073F00047F00207A5FB033E05FB01EEE3184EF143
:107400000001B646B0461EF8014B7646DCE7014661
:10741000ACE70027B9E70027B9E7002A14BF1546F3
:107420000825C2E7002A14BF15460A25BDE7B9F1B1
:10743000000F01D0C9F80080F80702D55B4261EB6C
:107440004101BA078ED50CF01DF8034A22241450CE
:107450005B46514686E700BF0C000000242AF0B5C9
:10746000044601D8012A40D10CF00CF82D4B16220D
:107470001A5001B10C600020F0BD2F463D4615F8B2
:10748000010B2028F9D0A0F10906042E0346F4D9F7
:107490002B282CD02D282CD101267B78BD1C302BFD
:1074A0002DD1287840F02000782824D132F0100027
:1074B00021D16B782C46102202350020392B82BF57
:1074C00003F1FF3343F02003263B303B9A421AD9A5
:1074D000A0FB02040CB9C01801D346F002062F46E7
:1074E0002C4617F8013B3D46E8E70746C6E700266D
:1074F000D3E70026D3E7002A08BF0822DDE7002AE9
:1075000008BF0A22D9E701B10C60F20748BF404228
:10751000B307B1D50BF0B6FF024B22221A504FF041
:10752000FF30A9E70C0000002DE9F04101260746D5
:10753000B24201DCBDE8F0813B461F4613F8014B27
:10754000002CF7D0252CF8D11C78252C07F1020748
:10755000F2D00023DFF804819C461D461F2D18D869
:10756000A4F1200EBEF1100F09D9A4F1300EBEF126
:10757000090F1ED80A2404FB03E3202504E028FA9F
:107580000EFE1EF0010F06D017F8014B002CE5D1BE
:1075900028E07F2D1CD8A4F1300EBEF1090FE9D9E7
:1075A000242C10D1BCF1000F46D0B34246D00023AA
:1075B000EAE724F0040EBEF12A0FF8D06C2C09D1B2
:1075C00045F08005E0E724F0040EBEF12A0FEED06E
:1075D0006C2C22D06C2C1BD8682C23D06A2C28D081
:1075E0004C2C26D0BCF1000FA4D0B445A0D144F05F
:1075F0002007A7F1650CBCF1020F0B6801D9612FC0
:107600001ED1073323F0070308330B6001368EE7E2
:10761000742CB9D07A2CB7D0E4E72C0648BF45F4D7
:107620000075CDE7EC0548BF45F4007545F480755D
:10763000AAE745F42075A7E79C46B8E76324D6E798
:10764000692C02D007D8632C03D02F0601D5AC05D6
:10765000D7D40433D9E7732CF6E700BF892801009B
:107660002DE9F04F95B043680393837880469807DF
:10767000CDE9081217D50D920B4600251F78A7B14A
:10768000252F16D001330793039B41463846984770
:10769000002805F1010580F2398498F8023043F0A2
:1076A000040388F802304FF0FF35284615B0BDE8D6
:1076B000F08F5F789A1C252F0792E5D0002426468C
:1076C000A246A346BBF11F0F32D8A7F12003102B0F
:1076D0000AD8DFE803F02409092A0909091B090966
:1076E0000922092709091900A7F13003092B2DD90F
:1076F0002A2F39D154B90D9B1BF0400F53F8042B9E
:107700000D9329D0164601E04BF0010B079B13F8AF
:10771000017B0793002FD5D15BE04BF0020B4BF0C0
:10772000040BF3E74BF0080BF0E74BF0100BEDE721
:10773000BBF17F0F3FD8A7F13003092BD8D81BF03E
:10774000400F03D00A2202FB0636DFE70A2202FBC3
:107750000A3A4BF0200BD9E7B2F1000AF9DACAF184
:10776000000A4BF0280BD1E72E2F05D11BF0400F5C
:107770009BD14BF0400BC9E7242F1CD1002C00F00B
:107780004281099B0D931BF0400F0AD15246089885
:107790000DA9FFF7C9FE0D9B1A1DD3F800A00D928D
:1077A000B4E7324608980DA9FFF7BEFE0D9B1A1DDF
:1077B0001E680D92AAE76C2F00F0128100F2098179
:1077C000682F00F015816A2F00F01A814C2F00F00D
:1077D000178134B1099B08980D9322460DA9FFF734
:1077E000A3FE002E47F02009B8BF2BF0400BA9F1F3
:1077F0006503BCBF1FFA8BFB0026022B40F20881F9
:10780000B9F1610F40F06782FF4307F02003069350
:107810000D9B073323F007031BF0400FD3E9000152
:1078200003F1080208BF4FF0FF36069B0D9200934C
:107830000EAA33460BF040FD0130C3B2B3424BF405
:10784000C054049301DB049B5E1E01230E9F05932D
:10785000A3464FF0700907F10903122B0DD907F168
:107860006303C62B40F20F8107F2E73340F2CE727A
:10787000934294BF0323042305939DF83C2002F018
:107880000C0312F0010240F019811BF0020F40F0CE
:1078900012811BF0040400F0F880002B40F01181ED
:1078A00020231BF4405F1FD1049A5032002E6A44FB
:1078B00008BF0126133A049921B112F8011D30299D
:1078C00000F036811BF0100F049A18BF3246391DA4
:1078D000C0F23381B74280F23081BA424BF4005B90
:1078E00040F32D817E1C961B1BF400520A9200F07F
:1078F000288127EAE774013403B10134002E00F037
:107900002881721C1444A245CCBFAAEB04040024B5
:107910001BF0090F04D12C44A54240F01F81002424
:1079200043B118464146039B9847002805F10105DD
:10793000FFF6B3AE1BF4006F13D0039B414630201B
:1079400098470028FFF6A9AE069BC3F17800414690
:10795000039B00F0F8009847002805F10205FFF6A8
:107960009CAE1BF0080F05D12C44AC4240F00281C4
:10797000254600240A9B002B00F01C8127EAE77AA9
:10798000A7EB0A077642049BBB4284BF0EABFB18F1
:107990000AF1FF3A88BF5879039B98BF30205645BB
:1079A00005F10109414600F3EF809847002807F1EF
:1079B0000107FFF672AEBAF1FF3F08D1039B4146C3
:1079C0002E2098470028FFF668AE05F102094D46C3
:1079D000D9E7742F3FF49AAE7A2F3FF497AEF8E6CA
:1079E0001BF0800F18BF4BF4007B4BF0800B8DE633
:1079F0001BF4807F18BF4BF4007B4BF4807B85E643
:107A00004BF4207B82E62646B3465446B2467DE6DA
:107A1000FF4307F0200306930D9B073323F0070372
:107A20001BF0400F03F1080208BF0626B9F1650FED
:107A3000D3E900010D9213D1731C0022DBB24BF489
:107A4000805B1446112BCDE9002428BF11230EAA18
:107A500001F066F8C3B2049302230E9F0593FAE681
:107A6000B9F1660F05D14BF4005B344601221123B6
:107A7000E8E7F3B2012B4FF0000238BF01231446B0
:107A80004FF06509DEE70223F6E6002B3FF409AF6D
:107A9000BAF1030F3BDC9DF83C30A64E13F0080F03
:107AA000A54B08BF1E463746B94617F8010BB0BBB9
:107AB000AE1BB1447BE033BB2B23F2E62BBB2D2363
:107AC000EFE62022BAF1040F13DD1BF0080FAAF134
:107AD00004040FD12C44039B049241462020984774
:107AE000002805F10105FFF6D8ADA542049AF2D1B0
:107AF0009AB10024039B414610469847002805F19F
:107B00000105C8DAC9E52B22DCE72D22DAE71BF0F4
:107B1000080FAAF10304BED1DCE71446BBE7069BBD
:107B2000C01A4146039BC0B298470028BCDAB4E5AE
:107B300004990139C9B20491BDE6561ED4E6002667
:107B4000D2E61BF4006F059A0CBF032405241444ED
:107B5000D2E61BF0100F18BF0134D4E60B93414658
:107B6000039B2020984700280B9B05F10105BFF6D9
:107B7000D3AE92E5039B414630209847002805F19B
:107B80000105BFF6F2AE88E598470028FFF685ADFF
:107B90001BF0100F0BD0BAF1FF3F08D105F102091D
:107BA00041462E20039B98470028FFF676AD4D46B0
:107BB0004C4433E29DF83D00039B41469847002822
:107BC000FFF66BAD002E69DD039B41462E209847E2
:107BD0000028FFF662AD4FF0010A049B9A45BBBF37
:107BE0000EAB534430205879039B414698470028F8
:107BF000D346FFF652AD0AF1010A5645EDDA0235D9
:107C00005D44069BA9EB03004146039BC0B2984725
:107C10000028FFF642AD002FB4BF2D202B20039B80
:107C20004146B8BF7F4298470028FFF636AD059B16
:107C3000042B41D14FF47A79B7FBF9F606F1300005
:107C4000039B4146C0B29847002805F10305FFF6A3
:107C500024AD09FB16774FF06409B7FBF9F606F17E
:107C60003000039B4146C0B29847002805F101054A
:107C7000FFF613AD09FB16774FF00A09B7FBF9F6CB
:107C800006F13000039B4146C0B29847002805F139
:107C90000105FFF602AD09FB167715E01BF0100F8A
:107CA00001D10135ADE7039B41462E2098470028BE
:107CB00005F10205A5DAF0E4059B032B05F10205A9
:107CC000C9D0059B012BD7D107F1300005F101097F
:107CD0004146C0B266E7A7F16303122B00F2FF80B2
:107CE000DFE813F013005700FD00FD00FD00FD006C
:107CF0005700FD00FD00FD00FD00FD001701F8002C
:107D0000FD00FD002C00FD00B9000D9B1A1D1B6835
:107D10000D928DF8383001240EAF1BF0080F2ED0D5
:107D20003E19B946B1452CD1EF1BB944AAEB040466
:107D30003DE700BFA20D0600727805000D9B1A1DDD
:107D40000D921F68AB4B002F08BF1F461BF0400F62
:107D500014BF31464FF0FF31384609F011FE04469A
:107D6000DBE7039B4146202098470028FFF695ACAF
:107D7000013EB442F5D35544AD1BB246D0E756465A
:107D8000F7E719F8010B039B414698470028C9DA29
:107D900083E41BF0800F0D9B35D01BF4007F2DD0AA
:107DA000073323F00703D3E9000103F108020D9222
:107DB0002BF0100900291FFA89F936DA404261EBED
:107DC000410149F480690DF1380B0A235A460BF042
:107DD00021F819F0400FA0EB0B0B65D029F0010240
:107DE0005E4592B240F3B280002F00F0A98019F0F6
:107DF00010033446914626D002345CE01A1D186800
:107E00000D92C117D4E71A1D1BF4807F19680D92DB
:107E100001D10846F5E71BF4007F15BF48B208B250
:107E200041F3C01141F3C031C2E750EA0103CAD1A6
:107E30001BF0400FC7D0002EC5D12BF0110B1FFA3D
:107E40008BF93446B34640F2064319EA03031CBFDC
:107E5000013400232FE02BF0100B1FFA8BFB0A23B9
:107E60001BF080040D9A57D01BF400711DBF073220
:107E700022F0070202F10801101D19BF0D91D2E98D
:107E800000010D90106850EA010252D12BF0160942
:107E90001BF0400F1FFA89F94FD0002E4DD12BF067
:107EA000170B1FFA8BF9B34619F0100352D0002FAD
:107EB0004ED10BF1010419F0080F5ED119F0010F3A
:107EC00006D0A2456EDDAAEB040404EB0B06544673
:107ED00022464DE04BF0100B10237827C0E7B9F194
:107EE000780F04D1C7F1780343F01003B8E7039B80
:107EF0004146252098470028FFF6CFAB039B41461B
:107F0000384698470028FFF6C8AB0235079BFFF7B5
:107F1000B5BB08230027A3E7111D0D911BF4807149
:107F20001068B0D01BF400711ABFC0B2214680B2F5
:107F3000A9E72BF0060B1FFA8BF90DF1380B45E77B
:107F400029F011091FFA89F934467CE79146ABE71D
:107F50005C4651E75C4676E7CDE904234146039B46
:107F6000202098470028FFF698AB049A059B013221
:107F70009245F1DC2C1BA5181446F3B1039B414636
:107F8000302098470028FFF688AB6FB90135A94625
:107F90002E44A6EB09035B4521DC5D460EAE5DBBBE
:107FA000D944C3E65E4693E7023541463846039B13
:107FB00098470028EBDAFFF770BB40F2064319EA56
:107FC000030FE4D019F0020F14BF2B20202019F466
:107FD000806F05F10105414618BF2D20E7E7039B9F
:107FE000414630209847002809F10109D1DAFFF70E
:107FF00054BB00BFA60D0600013D039B705D4146CA
:1080000098470028CBDAFFF748BB039B4146202066
:108010009847002805F10105FFF63FAB631B002BD5
:10802000F3DC73E72DE9F04F91B000230290079243
:108030000E920F9306930D4615F8016BAEB1202EEC
:1080400017D0A6F10903042B13D9252E17D00298B7
:108050000FA90AF007FF031EC0F2F480DBB2B3429F
:108060000BD002990FAA0AF007FF069811B0BDE8DD
:10807000F08F02980FA90AF007FF2946DBE74E7838
:10808000252E01F10205E2D02A2E03BF8E78CD1CE9
:10809000012400240027A6F13003DBB2092B19D9F3
:1080A000A20723D5242E23D1079B0E9324F002048C
:1080B000A4B2002201239F4215DC42B10E9A7B1E1E
:1080C000002F4FEA8303D8BF00231A440E9215F8FD
:1080D000016BDFE744F002040A2215F8016BA4B239
:1080E00002FB0737D7E701330122E4E74FF0FF3700
:1080F0006C2E35D007D8682E24D06A2E3FD04C2E57
:1081000037D026B9B1E7742E36D07A2E34D08948CC
:1081100031460AF050FE0028A7D014F001030C935A
:1081200001BF0E9B1A1D0E92D3F800A018BF4FF08E
:10813000000A6E2E26D10F9A0094002350460AF0B2
:10814000B8FE9AE72E78682E04D044F02004A4B23A
:108150000135D6E744F030046E78A4B20235D0E79A
:108160002E786C2E02D044F00404F0E744F00C04A6
:10817000F2E744F00C04A4B215F8016BC1E744F037
:108180000804F8E7632E1FD114F0020F08BF01277F
:1081900004F0040402980FA90AF064FE002851DBE1
:1081A000BAF1000F02D064B14AF8040B013FF1D1DB
:1081B0000C9B002B7FF461AF069B0133DBB206936F
:1081C0005BE70AF8010BF1E75B2E5DD12B785E2BA4
:1081D00006BF01354FF001094FF0000900260FA935
:1081E00002980AF03FFE0022A8469446114605F187
:1081F000010E18F8013BFBB1F04508D05D2B12D001
:108200002D2B04D132B90B4601221946F1E7002A81
:1082100008BF194688424FF00002F6DB9842D8BFEB
:108220004FF0010CF1E7002805DBE14511D102997F
:108230000FAA0AF021FECEB9029B9B7813F00C0F17
:108240003FF413AF069B002B14BF18464FF0FF30CE
:108250000CE7BAF1000F05D063074CBF4AF8040BD6
:108260000AF8010B013F4FF00106B8D1BAF1000F37
:1082700001D145469CE714F004041ABF0023CAF854
:1082800000308AF80040F4E702980FA90AF0FCFDDC
:108290000028D7DB582E7AD0643EF3B2142B00F2BC
:1082A000BC80142E00F2B980DFE806F00BB7B7B738
:1082B000B741B7B7B7B7B76E71B7B751B70BB7B765
:1082C00071004FF00A0802980FA90AF0CBFD2B2885
:1082D00004D02D280AD144F04004A4B2013FABD011
:1082E00002980FA90AF0BEFD0028A5DB302876D140
:1082F000B7F1010918D002980FA90AF0B3FD0028C0
:1083000012DB40F0200344F08004782BA4B241D16A
:1083100038F0100343D1B7F1020905D002980FA934
:108320000AF0A0FD002861DA002637464BE04FF046
:108330000008C8E7AD0D0600BAF1000F05D06607CA
:108340004CBF4AF8040B0AF8010B013F0FD002980A
:108350000FA90AF087FD002809DB202803D0A0F12F
:108360000903042BE8D802990FAA0AF085FDBAF197
:10837000000F3FF41DAF14F004041ABF0023CAF825
:1083800000308AF8004013E74FF008089BE74FF0F1
:10839000100898E7B8F1000F08BF4FF00808002652
:1083A00037463928034682BF00F1FF3343F02003EC
:1083B000263B303B98451CD802990FAA0AF05CFD79
:1083C00020067FF539AF610602D5764267EB470795
:1083D000009432463B4650460AF06BFDE8E6B9464B
:1083E000B8F1000FDBD14FF00A08D8E74FF01008C2
:1083F000D5E7A8FB06629E1908FB072244F080041B
:1084000042F10007B9F10109A4B2DCD002980FA92A
:108410000AF028FD0028C4DAD5E702980FA90AF06F
:1084200021FD03909DF80C302B2B04D02D2B0DD16A
:1084300044F04004A4B2013F3FF4FEAE02980FA9FD
:108440000AF010FD031E0393FFF6F6AE039B43F004
:108450002003692B69D06E2B00F099804FF0000843
:10846000CDE904880A234646C146220540F1BE8074
:10847000039A42F02002D2B2A2F16101052900F272
:10848000B580573AD2B2934240F3008144F0800B5A
:10849000E1051FFA8BFB40F1CC801BF4807F0BF4CD
:1084A000007100F0D7800598002A18BF40F0010045
:1084B000059009B908F10108013F0D9300F0FB8018
:1084C00002980FA90AF0CEFC031E03935C460D9B95
:1084D000CBDA21067FF5B0AE2205039A4CBF70239C
:1084E000652342F0200248BF4FEA88089A4240F0D4
:1084F0002B81B7F1010B00F0298102980FA90AF036
:10850000B1FCC2B22B2A034605D02D2A40F0F180DF
:1085100044F48064A4B2B7F1020B40F0CE8002991B
:108520000FAA18460AF0A8FC10E1734EDFF8CC91B0
:108530004FF0000816F801BBBBF1000F13D0013F4C
:108540000DD002980FA90AF08DFC031E07DB43F043
:1085500020035B45EED002990FAA0AF08DFC684B10
:108560009E427FF469AE42464B4640464946CFF7AD
:1085700011FE38BB013F25D002980FA90AF072FC0A
:10858000282816D002990FAA0AF076FC1AE05D4E50
:10859000DFF874914FF00008CCE720F02003413B56
:1085A000192B06D9A0F13003092B02D95F287FF4DB
:1085B00043AE013F3FF440AE02980FA90AF052FCCF
:1085C0002928EAD1630606D509F10043CDF82880B1
:1085D0000B93DDE90A89BAF1000F3FF4E9AD14F01D
:1085E0000C0F00F07081CAE90089E1E5039A303A86
:1085F000D2B29A4240DA44F0800BE1051FFA8BFBBD
:108600003FF54BAF0A2B14D114F00C0F1FD1049976
:1086100008297FF742AF44F4C07B042A1FFA8BFB82
:108620007FF63BAF052A4FF0020108BF00220591FB
:1086300033E714F00C0F049907D107297FF72DAF0A
:1086400044F4C07B1FFA8BFB27E70F29F6E7049958
:108650001029DEE709B108F1FF38A3FB066196197E
:1086600003FB091141F1000956EA09023FF424AF66
:10867000049A013204921FE7FE2A07D1A2053FF5B2
:1086800028AF44F4007B1FFA8BFB15E7039A42F0F6
:108690002002782A04F080037FF41BAF002B3FF404
:1086A00018AF56EA09037FF414AF44F4006B1FFAC5
:1086B0008BFB102300E75C460BE702980D930FA994
:1086C0000AF0D0FB0D9B1F460346A3F13002092A96
:1086D0001CD9184602990FAA0AF0CEFB7B1C04D0C5
:1086E00002990FAA38460AF0C7FBDDE902100FAA6B
:1086F00018E74FF0FF37E8E7C40D06000000F07FF1
:10870000C70D0600C10D06000000F87F00270A22F1
:1087100040F2D3418F42DCBFA3F1300102FB0717C7
:10872000BBF1010B0AD00FA902980AF09BFBA0F144
:108730003001092903464FF00A02E9D9600548BF14
:108740007F42B84403935F46002FCED156EA090317
:1087500000F0B480210504F00C0240F18C80002A66
:1087600014BF3523182303F101074FF00100A3F1D3
:108770001F02C7F1200C00FA02F220FA0CFC594942
:10878000B84408BF6FF07D0142EA0C02B84086424F
:1087900079EB020751D30127A3F11E02C3F11E0C8E
:1087A000981C07FA02F227FA0CFC42EA0C0207FABC
:1087B00000F0864279EB020745D2884543DB059AF3
:1087C0003243164606F0030003284A4603D006F05B
:1087D000060006280BD1043649F10002B2F5000F5D
:1087E00021BF760846EAC27608F101085208B608A9
:1087F00046EA8276C3F13500C3F11507920882403C
:10880000153B06FA07F726FA03F33A431A43354BAA
:10881000994206FA00F025D1B8F5806F5DDAB2F51D
:10882000801F25D308F2FF3822F4801242EA085351
:1088300008900993DDE90889C4E6B61949EB0909EE
:1088400008F1FF38A3E7770847EAC97706F0010681
:108850003E434FEA590908F10108AAE700185241BE
:1088600008F1FF38B2F5801F34D218F57F7FF5DAB2
:108870004FF00008DAE7059B06F0010018430130CD
:10888000049B8008301849F1000143445AB113F5A4
:10889000A27F13DDB3F59B7F1FDA424600F04EF84E
:1088A000804689468EE613F12D0F07DB272B14DC5B
:1088B00041460AF045FBCFF7ADF9F1E74FF000086C
:1088C0004FF000097EE640464946CFF795FCCAF8CE
:1088D00000006DE4B8F5806FA4DBDFF80C904FF07A
:1088E00000086FE602FCFFFF0000F07FF0B589B0E2
:1088F00005460C46164600211C2201A81F460AF018
:108900003EFA02238DF806300B4B02930595204664
:108910002CB1B4F1004F28BF4FF00040013805449E
:108920003A46314601A80695FEF79AFE14B1059B1A
:1089300000221A7009B0F0BD3B3405002DE9FF4755
:10894000804616460F46002900F09E80B1FA81F459
:10895000341B002E04F10A04C0F29E80304600F061
:1089600039FB0444304600F03BFBA4EB0609054606
:108970006946304600F05CFBA9EB05037D336A468F
:10898000404639460AF0ABFAA64282460D467FDCE5
:10899000B9F13F0F7EDC4FF0FF33A9F1200003FA5D
:1089A00000F003FA09F2C9F12001024323FA01F1B0
:1089B0000A4303FA09F328EA030327EA02021343EE
:1089C0000CBF01200020002D00F08880B5FA85F34F
:1089D000E31A03F23E4340F2FE72934200F38780B3
:1089E000002B23EAE376CCBF32460122121BA2F20F
:1089F0003341C1F1200CA2F23447A2F253442AFAC7
:108A000001F305FA0CFC43EA0C0325FA04F4C7F160
:108A1000200EA2F2544C234305FA0EFE2AFA07F464
:108A200025FA0CFC44EA0E0444EA0C0414F0010F8D
:108A300025FA01F1C7F1200CA2F2544252D0A8B19C
:108A40004FF0FF3000FA02F200FA07F4144320FA64
:108A50000CF2B84014432AEA000A03F0010225EAA6
:108A600004054AEA020A5AEA050A3BD0013341F1F9
:108A70000002C2F3130253EA020136D0184642EA5A
:108A8000065104B0BDE8F087B0FA80F420345FE707
:108A9000012098E7002096E7C6F10009484600F05B
:108AA0009FFA241A484600F09BFAA61B0546694621
:108AB00048462E4400F030FB06F17C036A464046EF
:108AC00039460AF00CFA82460D464046394600F017
:108AD00097FA81458CBF0020012074E7BAFA8AF327
:108AE000203375E7C1F31302C8E70136C6E7014931
:108AF0000020C6E70000F07F1FB502AB0093074AD5
:108B00004FF0CC330AF09EFBDDE90201C00840EAD9
:108B10004170C90805B05DF804FB00BFCDCCCCCCDA
:108B20002DE9F04F9BB0044605920A460A93C2F322
:108B30000A559DF890300B93D20FC1F3130309929D
:108B4000090D7DB950EA03021BD1059A30235371F8
:108B5000099B156043F002031371012738461BB0CF
:108B6000BDE8F08F40F2FF7295424AD10343099B62
:108B7000059A14BF43F0080343F004031371002760
:108B8000ECE700F0010208924FEA83080122AC4DA5
:108B900048EA907887009A461646C5F1000B584679
:108BA000069200F011FAB5F1FF3FACBF8146A0F18B
:108BB0000109ABEB090B09EB05035846049300F0E0
:108BC00017FA16A9A0F17D05584600F031FA12AB4C
:108BD000069A0193A9EB050510AB0292009320467B
:108BE0002B4616AA51460AF038FAB9F1010F04468D
:108BF0000D4600F2D280089B002B40F0C580012773
:108C00006BE043F4801A00F001024FEA8A08034344
:108C1000A5F23545089248EA90784FEA800749D195
:108C200040F2FE7319420CBF01260026002D324689
:108C3000B3DB284600F0C2F9032DC8BF0138049009
:108C400000F0D6F9049B7C305D1B054416A918463C
:108C500000F062FA12AB019310AB009320462B4652
:108C6000029616AA51460AF0F8F9049B152B044601
:108C70000D4600F2868014AB724A009338464FF0DE
:108C8000CC3341460AF0DEFA149B159A9B0843EA5E
:108C9000827303EB8303BB42DDE9109A0CD13846A3
:108CA000414600F0ADF9049B83428CBF00270127A9
:108CB000002612E00126B9E7089B002B51D1013FA5
:108CC00048F1FF31B81B61F1000100F099F9049BF4
:108CD000089F83428CBF002601260B9B002B40F08F
:108CE0009180DDF828B04FF00008CDE906884FF0FC
:108CF0000A0ADDE91001FFF7FFFE129B0E93CDE992
:108D00000C0118461399FFF7F7FE0C9B0D9A0F9173
:108D100098420B469341814680F08E80204629463A
:108D2000FFF7EAFE0E9A0AFB09F3934214BF0026EE
:108D300006F001060C9B10930D9BCDE911390F9B9A
:108D40001393079BB8F1000F14BF002707F001072A
:108D500001330AFB10485FFA88F8079304460D4672
:108D6000C7E7B81C48F1000100F04AF9049B8342B0
:108D70008CBF00200120B9EB00006AF10002CDE9B0
:108D8000100200273E46A8E7109B119A013B42F1D2
:108D9000FF32CDE9103201278AE7B9F13E0FF0D852
:108DA0004FF0FF33A9F1200003FA09F203FA00F0B3
:108DB000C9F1200123FA01F102430A4303FA09F33E
:108DC00027EA030728EA020857EA08070CBF012729
:108DD00000276DE700FB02FCA1FB00120133624497
:108DE0008C4275EB020CF5D2049ADDF828B01344DE
:108DF000259A1344D20F9342B8BF13469B45A8BF90
:108E00009B4670E70A21002201230846E8E70AFB97
:108E100003F0A2FB0A2301310344944275EB0300E3
:108E2000F5D2594510DDBBF1000F02D154EA05031C
:108E30000AD00123069371E70A2200230121ECE7FF
:108E4000CCFBFFFFCDCCCCCC002E2FD04FF00A0AAC
:108E5000129B13990D931846FFF74EFE0D9B0C9134
:108E60000AFB00F29A42814620D1DDE91001FFF7AA
:108E700043FE0E900D9120462946FFF73DFE0D9BC7
:108E80000E9A1092CDE911390C9B1393079BB8F100
:108E9000000F14BF002707F0010701330AFB104839
:108EA0005FFA88F8079304460D46D1E7DDF8109085
:108EB000079B9944002F5AD0B8F1050F57D114F0F1
:108EC00001034AD1069A32B9DDE912239D4208BF57
:108ED00094425FD0069B18194FF00A0445F1000137
:108EE000002201262546A04271EB020755D2EBB1C4
:108EF000B3451BDA0B9B6BB1259ADDF828B006EB66
:108F000009031344012BB8BF01239B45A8BF9B460F
:108F10005E450BDD05304FF00A024FF0000341F1D2
:108F20000001CFF723FD09F10109013E5E45A8BF0D
:108F30005E4637B20FFA89F9059B09FA86F607F102
:108F40000508013E98444FF00009B9452CDB059B0C
:108F50001A461E60099B137100E6069B2BB9DDE9DA
:108F600012239D4208BF944209D00123B3E7069B18
:108F700053B9DDE912239D4208BF944204D1089BF6
:108F8000002BF2D1002EF0D0B8F1040F94BF0023D3
:108F90000123A0E74FF00408F1E705FB02F7A4FB6B
:108FA000054201363A449EE70A220023CFF7DEFC51
:108FB000303208F8012D09F10109C6E7014B584389
:108FC000800C704741340100014B5843000D70473D
:108FD000FB2E0B00014B5843C00C70474F931200FF
:108FE000024B5843C00C0130704700BF4F93120032
:108FF000024B5843C00C0130704700BF4F93120022
:109000000A4A70B503464FF0CC3600204FF0333596
:1090100006FB03F402FB0144A3FB023121449D4201
:1090200075EB010401D30130F2E770BDCDCCCCCC9F
:109030002DE9F04F1A23354EB0FBF3FA03FB1A0368
:1090400089B004460D4606EB0A1653B9D6E900234B
:10905000C1E90023D6E90201C5E9020109B0BDE872
:10906000F08F2B4A02EBC303D3E9008904AB0093D2
:10907000D6E90223404649460AF0E4F806AB0093DD
:10908000D6E9002383460F46404649460AF0DAF8FF
:10909000DDE9066216EB0B0652EB07084FF0000302
:1090A00028BF0123814633B1049B059A013342F165
:1090B0000002CDE9043220460391FFF799FF0746ED
:1090C0001A2000FB0AF0FFF793FF3F1A324643468F
:1090D0000399009748460AF0D0F84FEA141C0D4A4D
:1090E000640004F01E0352F82C40DC4004F003043A
:1090F000241841F10001C5E90041DDE9042300978E
:10910000304641460AF0B9F8A6E700BFA84305007B
:10911000D8420500C06205002DE9F04F1A27DFF89C
:10912000E4A000F11905B5FBF7F56F433A1A4FEAD1
:10913000051B89B004460E460AEB05150AD1D5E990
:109140000023C1E90023D5E90201C6E9020109B003
:10915000BDE8F08F2C4B03EBC203D3E9008904ABCD
:109160000093D5E90223404649460AF06BF85AF8C5
:109170000B206B68013ACDE9020106A963F10003F7
:109180000091404649460AF05DF8DDE906528A46FC
:1091900002996D18039952EB01084FF0000328BFA4
:1091A0000123814633B1049B059A013342F1000249
:1091B000CDE904323846FFF71BFF07462046FFF78C
:1091C00017FF3F1A2A4643460097484651460AF081
:1091D00054F84FEA141C0D4A640004F01E0352F8C0
:1091E0002C40DC4004F003040134241841F1000158
:1091F000C6E90041DDE904230097284641460AF00C
:109200003CF8A2E778440500D84205001463050045
:10921000704783685B681847BFF35B8F0068BFF3D4
:109220005B8F7047836801221B68184770B4034640
:109230000068DA88197942F00112056986682B689E
:1092400001248C4023432B60336870BC18470023F3
:10925000D8F712BEBFF35B8F50E8003F013340E800
:109260000032002AF8D1BFF35B8F70470A460146EF
:109270000020D7F755B9836800EBC101B3F5004F63
:109280002CBF51F8220031F81200704700EBC101E9
:109290008068B0F5004F2CBF41F8223021F8123021
:1092A000704708B50122FFF7E6FFD04008BD83688C
:1092B000B3F5004F00EBC10108D34B681AB143F07E
:1092C00001034B60704723F00103FAE74B881AB1A2
:1092D00043F001034B80704723F00103FAE753008A
:1092E0000122FFF7D3BF8368B3F5004F34BF0423D7
:1092F0000823C91A081AC0087047B0F5004F34BFD8
:1093000004230823481C0833A0EBD300B0FA80F0F4
:10931000C0F11F0070472DE9F041174603220E46A9
:109320000446FFF7A8FF8642054607F104080AD164
:10933000E3680122BA4023EA0203E360002344F811
:109340002830BDE8F081314602222046FFF793FF26
:109350002B460646014644F8285020460322FFF7D4
:1093600095FF3346294620460222BDE8F041FFF72B
:109370008DBF70B50D4686680446FFF792FFB6F5BF
:10938000004F014601D3012809D03046FFF7B5FF51
:10939000294602462046BDE87040FFF7BCBF70BDBD
:1093A0002DE9F04705468068FFF7A7FF05EB800A27
:1093B0008846DAF810900646B9F1000F1BD0032753
:1093C000DAF8104028462146FFF76BFF404507D3E7
:1093D000324621462846FFF79EFF2046BDE8F0872B
:1093E000032221462846FFF746FF013FCAF8100036
:1093F00001D08145E4D1EB6801364FF0FF34B44031
:109400001C40EAD094FAA4F2B2FA82F2131D55F885
:109410002340DEE72DE9F041144605460E46FFF7EE
:1094200040FFA4EB0608371B074442463146284656
:10943000FFF755FF3A4621462846FFF750FF4346BF
:10944000002221462846FFF721FF21462846FFF744
:1094500028FF3B46211800222846BDE8F041FFF7CF
:1094600015BF2DE9F041164604460F46FFF719FFD8
:10947000314605462046FFF714FF05442A46394683
:109480002046FFF72CFF31462046FFF70AFF2B4608
:10949000311800222046BDE8F041FFF7F7BE2DE964
:1094A000F0410D4686680446FFF7FBFEB6F5004F17
:1094B000014601D3012832D03046FFF71EFF04EBEE
:1094C00080010E6996B9E368012282401343E3608C
:1094D00002220D612B4629462046FFF7D7FE0322C4
:1094E00029462046BDE8F041FFF7D0BE02223146B2
:1094F0002046FFF7C0FE2946034607462046FFF7F1
:10950000C5FE0322334629462046FFF7BFFE3946F3
:109510002B462046FFF7BAFE02223146E1E7BDE8BE
:10952000F081F8B50C460546FFF7BBFE2618012270
:1095300031462846FFF79FFEC3070CD43146284624
:10954000FFF717FF21462846FFF7ABFE21462218FA
:109550002846FFF786FF002221462846FFF78BFEAC
:10956000271A012239462846FFF785FE10EA02062F
:1095700013D139462846FFF7FCFE214632462846DD
:10958000FFF779FE2246211A2846FFF76AFF214697
:1095900032462846FFF76FFE241A21462846BDE8CA
:1095A000F840FFF77CBF38B571B105682846FFF772
:1095B0009AFE0022044601462846FFF778FE21461F
:1095C000BDE83840FFF7ADBF38BD70B5066809B9D2
:1095D000002070BDB368B3EBD10FF9D9B3F5004FDC
:1095E00034BF04230823CC1D1C44E4082146304624
:1095F000FFF7D6FE05460028EAD001463046FFF7C1
:1096000050FEA04209D92C44294630462246FFF795
:1096100001FF21463046FFF742FF3046012229462E
:10962000FFF745FEB368B3F5004F34BF04230823AA
:1096300003EBC5031844CCE72DE9F843066814464C
:10964000B26801F1FF39B2F5004F34BF042308239B
:1096500019EA01090F460BD0494239408B424F4667
:1096600028BF0B46894654B900252846BDE8F88333
:109670009942F8D82146BDE8F843FFF7A6BFB2EB00
:10968000D40FF1D9E11DB2F5004F394434BF0422A3
:109690000822C91A1144C9083046FFF781FE8046E6
:1096A0000028E1D0B368B3F5004F34BF042308238A
:1096B00009EBC0051D4435447B1E1D44B5FBF7F581
:1096C0007D43A5EB090529463046FFF70CFE2C44E7
:1096D000073424F00704A41B804507464FEAE4043E
:1096E00008D2024641463046FFF794FE41463046D6
:1096F000FFF7D5FE39463046FFF7D3FD38448442A4
:1097000008D2394630462246FFF784FE21463046CD
:10971000FFF7C5FE012239463046FFF7C8FDA4E732
:10972000B2F5802F2CBF08230423D21A2DE9F04173
:109730008C18CD1D25F0070524F00704641B0026B6
:10974000E40805602146AC60EE602046FFF7D5FDD9
:10975000421D9200013002F107074FEAD707A2F13C
:1097600010023146B8BF324605F1100009F007FB80
:109770003A4631462846FFF7B2FD33463246314677
:109780002846FFF783FDA4EB07082846314601224F
:10979000FFF78DFD42463946FFF7A1FD3B463246B5
:1097A00039462846FFF772FD21462846FFF797FD08
:1097B0004346324621462846FFF768FD21462846A3
:1097C0000122FFF774FD3946BDE8F041FFF767BE9F
:1097D0002DE9F04706460D46174698462BB398F8F4
:1097E000004093F80190DB78A40004EB430498F860
:1097F00002301C4444444FF0000ACA4509D3D8F84B
:10980000042008F1080339463046AC46BDE8F0476D
:10981000604714F8013B48F823402046D2F7FEFE8B
:10982000013004440AF1010AE7E76FF01500BDE8D2
:10983000F08770B5002502462846144614F8013B0F
:109840000BB9184609E098B18D4207D1702B04D0AE
:10985000A3F140023A2A0BD8002070BDA3F14006C4
:109860003A2E05D853780135941C002BE9D00020FE
:10987000252B08BF80F001002246DEE7002070475C
:1098800000F030BF0FB407B504A951F8040B0191E3
:1098900000F028FF03B05DF804EB04B070470FB48C
:1098A00007B504A951F8040B0191FFF7E9FF03B0D4
:1098B0005DF804EB04B0704710B50369024613F07D
:1098C000080009D11368D4689C4297BF126AE31A52
:1098D000D31A01200B6010BD00231846FAE713B518
:1098E00001A90446FFF7E8FF20B1019BE268013BB4
:1098F00013440193206A019BC01A013802B010BDC5
:1099000010B5044650182269236AD20702D5013BDC
:10991000184010BD984228BFC01AFAE710B5044697
:109920000A46C168FFF7ECFF2369E06023F00803F3
:10993000236110BD38B50D46C2698B00016843F044
:10994000020342F82130044601682A46FFF7D8FF97
:10995000E36861682060984202BF236943F008030E
:1099600023612A462046FFF7CBFF606038BD2DE912
:10997000F74FC768C6699B4616F8273003F0030304
:10998000022B04468846914606EB870A4FF00003F7
:1099900009D01360CBF800302369990710D4002058
:1099A00003B0BDE8F08F56F8271013608908CBF894
:1099B0000030F1D0FFF7B2FFE368A3600120EFE7CA
:1099C000A3695046984716F82730DA070546E6D5CA
:1099D00013F002031DD0B8F1000F03D0414620461A
:1099E000FFF7A8FF61682A462046FFF789FFD4E900
:1099F00002319942606004D12A462046FFF780FF79
:109A0000A060A3682360E360236943F00803236137
:109A1000D4E7014620460193FFF780FFE268A26089
:109A2000B8F1000F04D02168E269019B42F82130AF
:109A300005EB0802CBF8002021682046FFF760FF05
:109A40002369206043F00803236116F827306FF381
:109A5000000306F82730C9F800A0AFE770B5044648
:109A60001546FFF74DFF2368834205D12369216026
:109A700023F00803236170BDE269AB0043F00203E9
:109A800042F82130204661682A46FFF739FF6060BE
:109A9000F1E738B503695B07044606D5456AFFF769
:109AA0001EFF85422CBF6562606238BD38B50D4629
:109AB00004461C22002109F062F9EB68A361AB683F
:109AC00063612B68E3616B682362002262622A692A
:109AD00023B1591E194208BF42F00102226101223E
:109AE00004F128000021BDE8384008F03CBC2DE915
:109AF000F04F87B000250093036A03958B4204461C
:109B00000E4692460595A94639D3EFF3118B4023B3
:109B100083F31288BFF36F8F059AD8462AB129467E
:109B20002046FFF79BFF0023059304A92046FFF77B
:109B3000C3FE0499B14207462AD32268E36913F8A9
:109B4000221021F0030103F8221003EB820921689F
:109B500032462046FFF7D4FEE3682060984212D0D8
:109B6000002788F31188BFF36F8F039929B16269C9
:109B70000AB12046904700230393002FC5D14846E1
:109B800007B0BDE8F08F236943F008032361E7E7DE
:109B900018B12046FFF7CEFEE3E7009B5AEA030325
:109BA00019D0019108F01CFD0199A0B98BF311881F
:109BB000BFF36F8F009B524604F12800F9F752F96A
:109BC000EFF31188402383F31288BFF36F8FB0FA4D
:109BD00080F77F09C5E705AB03AA20462568FFF794
:109BE000C6FE0746BDE770B50446836908460D46C4
:109BF00098470246EFF31186402383F31288BFF3A0
:109C00006F8F2B7843F001032B7061682046FFF7BC
:109C100077FE60602046FFF73CFF86F31188BFF3B4
:109C20006F8F70BD2DE9F04104464027EFF3118698
:109C300087F31288BFF36F8F236913F0080FA368AF
:109C400002D16268934200D9226AE169D21A32B91C
:109C500086F31188BFF36F8F4FF0000833E011F8DF
:109C6000232012F0030001EB8308F1D0022803D176
:109C700051F82350AD0805D1D00712D4A36940464E
:109C800098470546A1682A462046FFF739FE29462F
:109C9000A0602046FFF742FE86F31188BFF36F8F66
:109CA000C4E742F0020201F823204046A369A568F8
:109CB0009847294602462046FFF722FEA06086F319
:109CC0001188BFF36F8F4046BDE8F081F8B50446B8
:109CD000836908460D4698470646EFF311874023EF
:109CE00083F31288BFF36F8F2B786FF300032B7011
:109CF00023699B0705D5E268E36903EB82039D4274
:109D00001AD12B786FF341032B70D4E902319942B9
:109D100004D132462046FFF7F3FDA06031462046CD
:109D2000FFF7FCFD87F31188BFF36F8F04F1280064
:109D3000BDE8F840F9F770B82B6860F39F032B601B
:109D4000F0E7EFF31181402383F31288BFF36F8FA5
:109D5000036913F0080F836802D14268934200D967
:109D6000026AD31A81F31188BFF36F8F181E18BFD0
:109D700001207047F0B564230546042600200A2719
:109D800069B9F0BD9A42B2FBF3F40CD2012B0AD0B0
:109D900048B903FB1422D2B20A24B3FBF4F3013E08
:109DA000F0D12E70EDE7303405F8014BB2FBF3F43F
:109DB000013903FB14220130B3FBF7F3C9B2C0B27F
:109DC000D2B2DBB2DCE7A0F13003DBB2092B02D860
:109DD0000B7000207047A0F16103052B02D85738A3
:109DE000C3B2F5E7A0F14103052B01D83738F7E7F7
:109DF0006FF015007047F7B5054601F0010000EB64
:109E000051069E424FEA510703D90026304603B05F
:109E1000F0BD58B128780DF10701FFF7D4FF0028F5
:109E2000F3DB9DF8073002F8013B0135013517449B
:109E3000BA42EBD015F8010C0DF10701FFF7C3FF93
:109E40000028E2DB9DF807402401E4B2147015F805
:109E5000020BFFF7B8FF0028D7DB9DF807301C4442
:109E600002F8014BE4E7036800220BB9184670477B
:109E70008B4210D10B6842B942680360914200D115
:109E8000436000230B6001207047136043689942D0
:109E900008BF4260F5E71A461B68E6E7038B13F03C
:109EA000070305D10368002B0CBF00200320704777
:109EB000022B05D1408BB0FA80F04009800070473A
:109EC000012B05D10368002B0CBF00200520704733
:109ED0000020704710B50C4600B111B96FF01500A5
:109EE00010BD081D00F0D2F80028F9D1A368032B9B
:109EF000F6D9F3E72DE9F0410D4607461946281D2E
:109F000090461E4600F0D6F8044638B13346424625
:109F100029463846A446BDE8F0416047BDE8F081D7
:109F200010B4EFF31182402484F31288BFF36F8FD3
:109F3000416110BC0121D6F717BF38B50C46054664
:109F400058B151B10B6843B14B6833B11C220021A9
:109F500008F015FF2C61002038BD6FF01500FBE7FD
:109F600070B505460E46FFF7B5FF041E14DBEFF390
:109F70001182402383F31288BFF36F8F6B8B2C8B7E
:109F80004FF6FF718B4204F0070407D182F311886A
:109F9000BFF36F8F6FF00A04204670BD022C0CD106
:109FA00001336B8382F31188BFF36F8F0023224646
:109FB00031462846FFF79EFFEEE7062C14D8DFE86F
:109FC00004F004131313041A0400002333606B68B5
:109FD0003BB9C5E90066ACB902212846D6F7C4FEF4
:109FE000DAE71E606E60F6E782F31188BFF36F8FC9
:109FF0006FF00404D0E782F31188BFF36F8F6FF026
:10A000008504C9E782F31188BFF36F8FC4E710B5E9
:10A01000EFF31182402383F31288BFF36F8F048B19
:10A0200004F00704022C0AD0012C0CBF6FF00400CE
:10A030006FF0850082F31188BFF36F8F08E0438BC8
:10A04000013B9BB2438323B92146D6F78DFE2046C0
:10A0500010BD2046EEE738B5A8B1A1B1EFF31185E8
:10A06000402282F31288BFF36F8F048BFFF7FBFE51
:10A0700030B104F0070085F31188BFF36F8F38BD4E
:10A080006FF07700F7E76FF01500F8E7034640B18F
:10A09000426802F00302022A06D0032A04D0012AF1
:10A0A00005D06FF0150070471A68002AF9D000201B
:10A0B0009860704710B54268816002F00302022A7E
:10A0C00003464FF0000407D0032A02D05C60002052
:10A0D00001E018685C6010BD18685C600028F6D06C
:10A0E000FAF738F8F3E7F0B5C6684568C369AF1BFF
:10A0F00004464069BB4298BFFF1AA5EB0000944696
:10A1000098BFF6181A1AD81B2368AD1B62452B445A
:10A1100028BF62460B606368904228BF1046034424
:10A120006360F0BDD0E90123D21A8A420CD31944EE
:10A13000C368C269C0E90111C91A8A4201D9002065
:10A1400070471344C360FAE76FF0150070472DE9BC
:10A15000F34180460E46154600272A4601A940468F
:10A16000FFF7C1FF314604460246019808F0DFFDC3
:10A170002D1B2744264401D0002CEED13946404601
:10A18000FFF7D0FF384602B0BDE8F081F0B50446D5
:10A1900086690569C069A368AF1BB842944698BF39
:10A1A0003618A3EB05022368A5EB060598BF3F1AF6
:10A1B0002B446245A0EB070028BF62460B60236971
:10A1C000904228BF104603442361F0BDD0E9042328
:10A1D000D21A8A420CD31944D0E90632C0E90411DC
:10A1E000C91A8A4201D90020704713448361FAE7F3
:10A1F0006FF0150070472DE9F34180460D46164675
:10A200000027324601A94046FFF7C0FF04462DB1A2
:10A2100002460199284608F08AFD2544361B27444A
:10A2200001D0002CEDD139464046FFF7CFFF38462C
:10A2300002B0BDE8F081704770B406688489806A16
:10A240000D0C16FA81F105FB041184682468A446FC
:10A2500070BC60472DE9F0431C46C36A1D686D421F
:10A2600089B006468846174605F020051CB92046E9
:10A2700009B0BDE8F083AC42A14628BFA9464B46D1
:10A280006A4641463046FFF7D7FF0028F0D16B46BB
:10A29000484502D1241A8044E8E713F8012BBA425A
:10A2A00001D10130F4E70120E2E70B6803F58033C8
:10A2B0000B60C0891A0CB0EB134F04BFA3EB024331
:10A2C0000B60704738B5828903680D0C090C044691
:10A2D0002D04806A02FB013101F0DFF950B9E26A16
:10A2E000A389527929462046FFF7B4FF002818BFFA
:10A2F0006FF0050038BD10B5014604460722FF2067
:10A30000D6F72CF9E07110BD0023D7F7B5BD03686F
:10A31000012B81BFC91801F1FF315B42194008468A
:10A3200070472DE9F0410C4605460821C06AFFF749
:10A33000EEFF072207462146FF206688B4F8048016
:10A34000D6F70CF9E379834208D1A8894644C01BAB
:10A35000B04294BF00200120BDE8F0810020FBE75F
:10A3600038B505460C46FFF7DCFFA0B1A08898B9C8
:10A3700022884FF6FF739A420DD1E86A0821FFF751
:10A38000C6FF6288AB899B1AB3FBF0F202FB103068
:10A39000B0FA80F0400938BD0020FCE7F7B504466C
:10A3A0000D46C06A0821FFF7B2FF29680746082357
:10A3B0002046FFF741FF0646002836D12B683B4474
:10A3C0002B60A28999B2D21B91422ED11A0C03BFE5
:10A3D000E28902F1FF3203EB0241A3F580312960EB
:10A3E00008236A462046FFF727FFE8B9E36A5A794F
:10A3F0006B4613F8011B8A420CD101300828F8D1B2
:10A40000636805E02B68BDF802201B0C1B04134495
:10A410002B600AE069462046FFF7A2FF0028F1D131
:10A4200029462046D6F7AEFD0646304603B0F0BDBD
:10A430002DE9F043074689B090461E461BB900201F
:10A4400009B0BDE8F0833C688389080C14FA81F1F7
:10A4500000FB0314FB6A1D686D4235400CD0B86ADE
:10A4600083682146D3F804902B46C8470028E7D1DB
:10A47000761BE4D02C44A84432464146684608F096
:10A4800056FCFD6A2A686979921B0DEB060008F0FC
:10A4900076FCB86A2B688268214655686A46A847E8
:10A4A000CEE710B50A46082341680446FFF7C0FF0F
:10A4B00008210246E06AFFF72AFF63681B1A6360FF
:10A4C000104610BD13B54FF6FF7300220446ADF8D9
:10A4D00000308DF806308368ADF804206846ADF88A
:10A4E0000230FFF708FF69462046FFF7DAFF02B0A7
:10A4F00010BD2DE9F04F044695B0C06A0821FFF762
:10A5000006FF63681B0C1B04054603A92046039342
:10A51000FFF7CBFEDDF80CB0A6895E44761B06AAD9
:10A520000823314620460496FFF786FE021EC0F23D
:10A53000A980E36A06AA5979002312F8010B814227
:10A5400040F08F800133082BF7D1A36862682B4459
:10A550009A427ED259462046FFF7B4FE024691E069
:10A56000BDF81A30360C36041E44049608AA04A915
:10A570002046DDF810A0FFF711FF0246002840F04A
:10A58000818008A92046FFF7CCFE18B9019B9A45A7
:10A59000ECD1DAE7636805930AAA05A92046059E6F
:10A5A000FFF7FCFE024600286CD1BDF82820BDF85C
:10A5B00020309A4227D06268059B9A42ECD15645DA
:10A5C000E4D1BDF82430002BE0D0BDF822704FEA72
:10A5D0001A431B041F4408A8A368ADF82230FFF7F4
:10A5E0008AFEE36ABDF824901E68764206F02006D3
:10A5F000B9F1000F0ED108A92046FFF752FF02461D
:10A600000028C3D03EE00AA92046FFF78AFE0028B2
:10A61000D1D0D4E74E45B04628BFC8460CAA434621
:10A6200039462046FFF708FE024658BB4346A1685C
:10A630000CAA2046FFF7FCFE41460246E06AFFF7FF
:10A6400066FEA3680344A360E2B9A9EB0809474486
:10A65000CEE72046FFF736FF024600283FF47AAFE8
:10A6600010E0731B06A920460193FFF779FE00282E
:10A670007FF476AF04A92046D6F784FC0246002872
:10A680003FF474AF104615B0BDE8F08F00231A46B2
:10A69000D6F702BF13B500240094D6F7EBFF02B043
:10A6A00010BD03785B075FBF03684288C3F34A238A
:10A6B00003EB12105DBF173020F007008008002068
:10A6C00070470020704705F075BF0346BFF35B8FEE
:10A6D00053E8000F421C43E800210029F8D1BFF3E2
:10A6E0005B8F70471FB50023CDE90201CDE9003330
:10A6F0001A4619461846D7F74BFC05B05DF804FB1F
:10A700000120D7F701B90020704718B140680079DF
:10A71000D7F7FCBA4FF0FF30FAE770B5D2E901364F
:10A720009B1B8B420C4615460AD313680A4601460A
:10A73000981908F0FCFAAB682344AB60204670BD62
:10A740006FF01B00FBE770B50E4615461946044630
:10A7500018B9BDE87040D7F7D7B833B1C2F34A2370
:10A760001030120D184408F0E2FAC4E900562046F1
:10A77000BDE87040D7F770BAF8B506460D461446E6
:10A780001F4604B9F8BD214628463A46B047241A68
:10A790000544F6E710B5426881680446D2E9002313
:10A7A0000068FFF7E9FF636800221A6010BD38B542
:10A7B0004B681A68CB689A4205460C4602D1084697
:10A7C000FFF7E8FF6368BFF35B8F53E8002F511C6E
:10A7D00043E800100028F8D1BFF35B8FA3689D54B5
:10A7E000002038BD0A2838B504460D4602D10D2098
:10A7F000FFF7DDFF29462046FFF7D9FF002038BDCF
:10A800002DE9F043054687B008460E8891F8009080
:10A81000D1F808800C461746D7F71CFC011EC6F37A
:10A820008216C9F3C2091EDB4846D7F727FA03464A
:10A830002146608851F8102B0196C2F34A22002A63
:10A8400001EB0204C0F30B1008BF00210022CDE988
:10A850000407CDE90214009241462846D7F726FCAA
:10A8600007B0BDE8F0830023E2E743691BB11B7921
:10A870000B70002070476FF05700704743693BB181
:10A88000DB682BB15B691879B0FA80F0400970473A
:10A890000120704770B5044642690D46FFF7EEFF90
:10A8A00010B90323137170BD03212046A847002867
:10A8B00002DA10F1860FF6D120462B460121BDE8C1
:10A8C000704018477047002930B4044618460BDB27
:10A8D000A5680844A84207D8E068646821448468F1
:10A8E0002468A44630BC60476FF0150030BC704748
:10A8F000002930B4044618460BDBA5680844A8427A
:10A9000007D8E0686468214484686468A44630BC61
:10A9100060476FF0150030BC70470029034610B443
:10A9200010460BDB9C680844A04207D8D8685B68D7
:10A93000194483689B682BB110BC18476FF0150051
:10A9400010BC70476FF05700FAE70029034610B4B7
:10A95000104609DB9C680844A04205D8D8685B68AB
:10A96000194410BC00F099BE6FF0150010BC704780
:10A9700008B5C0688368DB689847006808BDC06890
:10A98000704708B5C0688368DB689847407908BDA0
:10A9900070B54C680368A34201D2012070BD8A687B
:10A9A0002244934201D30020F8E7D1E903254E6900
:10A9B000B54203D36FF00B038B61F4E71B1B42F826
:10A9C00035304368086902EBC00253600B690133FC
:10A9D0000B61E2E742680B68934202D90846D7F759
:10A9E00015BF4B6813444B60012070472DE9F047B9
:10A9F000894616469846044698B38268036913440C
:10AA000082693344934230D80025D4E90170A6EB23
:10AA1000050A3F1ABA4515D2B54209D223685246F3
:10AA2000184409EB050108F082F9A3685344A360B8
:10AA3000B8F1000F1CD0A068A8B12046BDE8F047CF
:10AA4000D7F760BE23683A46184409EB050108F0C1
:10AA50006EF96368A3602046D7F754FE18B93D44E9
:10AA6000D3E76FF00D00BDE8F0876FF00B00FAE759
:10AA70004046F8E770B5044600F582701E46FFF7C1
:10AA8000B5FF054636B1D4F80001FFF71BFF0023E0
:10AA9000C4F80031284670BD30B5054685B008467B
:10AAA00005F58071D7F7D6FD044698B9D5F80001B1
:10AAB000FFF765FFD5F8003102949A6801925B6850
:10AAC000009301464FF480732A4605F58270D7F74C
:10AAD000BFFE0446204605B030BD0020D7F76ABF50
:10AAE00000221146D7F72CBF0020D7F7A9BF034695
:10AAF00010B508460AB10021116053B1D0B1411E12
:10AB000011F8010F80B113F8014BA04201D13D288B
:10AB1000F6D100200EE0013313600AE03D2808D092
:10AB2000B0FA80F0400905E018782F28F6D1002A05
:10AB3000F1D1012010BD10B509B100230B6058B14F
:10AB400003461A781C4601332AB13D2A03D02F2A26
:10AB5000F7D101B10B60201A10BD0830704710B555
:10AB6000134614460A4681880068FFF793FDA04209
:10AB7000A8BF204610BD2DE9F04F97B004460192C2
:10AB80009A46894600297CD0DAB1BAFA8AF6760963
:10AB9000258F0135ADB2A84604F1080B6F1EBFB278
:10ABA000B7F5004F26D04A2303AA39465846FFF787
:10ABB00071FD002807DA10F1020F08BFB8463D46C4
:10ABC000ECE70126E4E700F158030DEB0300002356
:10ABD00000F84C3C03A94846D1F70EFD0028EED101
:10ABE00026B339465846FFF751FD002805DA17B05D
:10ABF000BDE8F08FBEB30020F9E705F57F513F3186
:10AC000089B25846FFF742FD0028F0DB238FBB4294
:10AC1000F1D12246013B22F8383F4FF40041022394
:10AC20005846D6F739FC00EAE070E0E7B846B8F5D8
:10AC3000404F29D0238F434504F1080515D308F56B
:10AC40008041019A534689B22846D6F725FC002850
:10AC5000CDDB002ECFD04846D1F7E0FC4A46034674
:10AC600041462846DDE70126E1E72246022322F895
:10AC7000388F4FF400412846D6F70EFC0028DEDA64
:10AC8000B5E76FF01500B2E76FF00B00AFE773B5F3
:10AC9000C36B03630446C3B100F108063046D6F720
:10ACA000CFF9054670B902230DF106024FF40041B9
:10ACB0003046FFF7EFFC0028ACBFBDF806304FF47C
:10ACC00000432387284602B070BD6FF01205F9E7F4
:10ACD00008B50120D6F732F808B50020D6F72EF8CF
:10ACE0004368187810B901221A7070476FF0150088
:10ACF000704743681A7812B10020187070476FF0DF
:10AD00001200704743681B78002B0CBF6FF01200D5
:10AD1000002070474268127812B100201860704716
:10AD20006FF012007047F8B545681F462B7814463F
:10AD3000A3B16B689A18B2F5805F26BFC3F57F6632
:10AD40000F36264605F108001844324607F0EFFF9B
:10AD50006B6833446B6000203C60F8BD1C466FF0AC
:10AD60001200F9E710B54368586842688418002358
:10AD700023720A604360083010BD43685B6800229C
:10AD80001A725A60704710B500201C4606F01EFD6E
:10AD90002060002010BD08B519B14068083007F0E8
:10ADA0001EFE002008BD10B5446B0020F7F7DEFB47
:10ADB00028B12368216C0020BDE81040184710BD61
:10ADC00008B54068083007F00AFE002008BD10B53D
:10ADD0000346BFF35B8F53E8000F40EA010243E8EC
:10ADE0000024002CF7D1BFF35B8F10BD10B50346D4
:10ADF000BFF35B8F53E8000F00EA010243E8002431
:10AE0000002CF7D1BFF35B8F10BD73B509018568C6
:10AE100001F51B71044616460D4401AA69462846F1
:10AE200007F047FF009B23B1284607F03FFF20466D
:10AE3000B04702B070BDF7F709BF8B6820B903F5C2
:10AE40001B700021F9F786B903F52770F9E7042193
:10AE500000F51A70FFF7BBBF00F51A7019B14FF477
:10AE60000061FFF7B4BF6FF40061FFF7BFBF08B523
:10AE700000F5197029B10121FFF7A9FF00F00100C9
:10AE800008BD6FF00101FFF7B1FFF7E7F7F756BF15
:10AE9000F8B5044680681F460379022B0D46164616
:10AEA00007D0BDE8F8404FF4805100F51A70FFF765
:10AEB0008EBF4FF0FF324FF0FF3300F53F70FFF7CA
:10AEC000BAFFA368D3F86822100508D49A6B32B988
:10AED000D3F86432990602D5204600F093FA3B4637
:10AEE00032462946204600F0DBFAA368D3F86822F0
:10AEF000120508D49A6B32B9D3F864329B0602D596
:10AF00002046D8F7C5FE606900F090F8A068BDE85B
:10AF1000F84000F53F70FFF7B9BF0CB407B504ABBC
:10AF200053F8042B0193FFF7B3FF03B05DF804EB74
:10AF300002B070470EB403B503AB082153F8042BDD
:10AF40000193FFF7A5FF02B05DF804EB03B0704773
:10AF50000EB403B503AB032153F8042B0193FFF7A1
:10AF600097FF02B05DF804EB03B070470EB403B571
:10AF700003AB012153F8042B0193FFF789FF02B0C3
:10AF80005DF804EB03B0704710B5044680684FF0DD
:10AF9000FF324FF0FF3300F53F70FFF74CFF2046C4
:10AFA000D8F794F9A068BDE8104000F53F70FFF7AE
:10AFB0006DBF70B504460E4691B30846D1F72EFB1F
:10AFC00085B2FF2D2FD814B9D8F7F2F80446A0683F
:10AFD00031464630D1F71AFBA368A3F84050A36866
:10AFE000A3F84250A0684FF0FF324FF0FF3300F556
:10AFF0003F70FFF720FF2046D8F7B2F90546A0685A
:10B0000000F53F70FFF742FFA268002382F8463048
:10B01000A268A2F84230A268A2F84030284670BD6B
:10B020006FF00705FAE76FF00B05F7E710B5026957
:10B030008368126801680446C06898472369002243
:10B040001A6010BD38B5CB681B7C022B05460C4638
:10B0500004D10A2802D10D20FFF7F4FF23692268EA
:10B060001B68D554226913680133136023691A6879
:10B0700063689A4202D12046FFF7D8FF002038BD0E
:10B0800008B510B1D1F7CAFA80B208BD10B5047B7B
:10B09000438922442144B2FBF3F003FB1022B1FBAD
:10B0A000F3F003FB1010101A10BD10B5047B438998
:10B0B00021441019B1FBF3F1B0FBF3F0401A10BDBD
:10B0C00030B5057B43892944B1FBF3F403FB14112C
:10B0D00001312A4401340180B2FBF3F103FB112258
:10B0E000848001324C1CC480428030BD2DE9F74F72
:10B0F000002607468846144699460660B2462378DD
:10B10000002B00F0BF80202B3AD0093B042B37D90D
:10B110003B685A1C3A6048F823403B684B4500F0B6
:10B12000B18000262278002AE9D0A6B91646234627
:10B130001C46272E04D05C2E25D0222E40F096806F
:10B140002046FFF79DFF611C0246204607F0FDFDEB
:10B150002278002AD3D0B242A34604F1010420D1C0
:10B160005846FFF78DFF21460246584607F0EDFD91
:10B170009BF800605C46002ED9D1C0E70026BEE7F0
:10B1800004F801ABBBE72046FFF77AFF651C0246D7
:10B190002946204607F0D9FD66782C46002EC8D1F6
:10B1A000ADE75C2A9BF80120D3D1B242104608D10A
:10B1B0005846FFF765FF21460246584607F0C5FD91
:10B1C000B0E7302A25D1022300251BF80300A0F1A7
:10B1D0003001C9B2072919D8ED000133EDB2052BB2
:10B1E00045EA0105F1D1591E594458460193009191
:10B1F000FFF746FF019B0099023BC21A584607F031
:10B20000A4FD9BF801208BF80050A2E7DBB2022BD3
:10B21000E9D1782825D1022100251BF80130A3F1BE
:10B220003000C0B2092808D82D01EDB2054302292B
:10B2300001D00423D7E70321EFE7A3F1610005283C
:10B2400005D82D01EDB2573B1D43EDB2EFE7A3F159
:10B250004100052803D82D01EDB2373BF4E7022960
:10B2600002D10BF1010474E70323BCE7202E85D043
:10B27000093E042E82D96678631C002E7FF458AFF5
:10B280001C463CE7304603B0BDE8F08F2DE9F041A5
:10B290000F4686B01646044670B1034601AC00F175
:10B2A000100518685968224603C20833AB42144699
:10B2B000F7D11868106001AC4FF0000841463246E3
:10B2C0002046D8F7CDFB08F10108054628B12968CA
:10B2D0003846D1F791F90028F0D1284606B0BDE8EC
:10B2E000F0810EB403B503AA52F8041B0192D8F7FB
:10B2F000A3FB02B05DF804EB03B0704738B5044619
:10B30000B0F84050006810B1D1F788F980B2401908
:10B3100007D0638DB0FBF3F203FB1200B0FA80F0AC
:10B32000400938BD704738B58468D4F86432B4F841
:10B3300042502068C3F340035D4310B1D1F76EF96A
:10B3400080B2638D2844B0FBF3F203FB1200B0FA25
:10B3500080F0400938BD10B504468068B0F8402040
:10B36000B0F842102030FFF7ABFEA068FFF7C6FF31
:10B3700020B16069BDE81040D8F7D6BB10BD38B524
:10B38000054680680C46B0F84210B0F840202030E6
:10B390000C44FFF795FEA868A4B2B0F8421022460C
:10B3A0002030FFF782FEA8682246B0F84210203015
:10B3B000FFF76CFEAB68A3F8424038BD8368B3F872
:10B3C0004210494209B2FFF7DABF8368B3F8401070
:10B3D000B3F84230C91A09B2FFF7D1BF8368B3F896
:10B3E00042301BB14FF0FF31FFF7C9BF7047836890
:10B3F000B3F84220B3F840309A4202D20121FFF75D
:10B40000BEBF70478068B0F84020B0F842102030CE
:10B41000FFF756BE2DE9F041054686B00F461446AB
:10B420000026A4B906B0BDE8F081D3F868229207DF
:10B43000FBD5BFF35B8F03F51A7353E8001F21F0B0
:10B44000020143E80012002AF7D1BFF35B8F68685E
:10B4500003682246D3F80C80B9196B46C047009A9E
:10B460001644A41A002ADCD1AB6819790329EED05E
:10B470000229DAD803F52773012101A807F0E8FBB8
:10B480004FF0FF324FF0FF33012101A8F8F70AFE19
:10B49000A86800F5277007F009FCD8E7FFF7BABFE6
:10B4A000114640691A46D8F7C7BA0CB407B504AAC2
:10B4B000406952F8041B0192D8F7BEFA03B05DF858
:10B4C00004EB02B070472DE9F0418768B7F840609F
:10B4D000B318FF2B05468846144626DCB7F84230E1
:10B4E000F61A46331F44B6B232463946381907F0C9
:10B4F0002CFC22464146384607F019FCAA68B2F8EF
:10B5000040302344A2F84030AB68B3F840201344E5
:10B51000002283F84620AB68D3F86412890706D46A
:10B52000B3F842201444A3F84240BDE8F08131460C
:10B530002846BDE8F041D8F739BB38B505468068E4
:10B54000B0F84220B0F84040A41AA4B29CB14632F0
:10B550001044411C224607F0F8FBAA68B2F84030BC
:10B56000013BA2F84030611E28460122BDE8384068
:10B5700089B2D8F71BBB38BD10B58368B3F840203B
:10B5800004465AB1B3F8423043B14FF0FF31FFF7F0
:10B59000F6FE2046BDE81040FFF7CFBF10BD0EB449
:10B5A00003B503AA52F8041B0192D8F745FA02B07A
:10B5B0005DF804EB03B070472DE9F843054690466B
:10B5C0000E46002967D00024335D202B23D0093B91
:10B5D000042B20D93046D1F721F8AB68598D80B2C1
:10B5E000001BA1EB0803984206EB040915D9484655
:10B5F000002710F8012B202A06D0A2F1090CBCF17B
:10B60000040F02D80A2A2DD03B4608EB07029142CC
:10B6100027D90137EDE70134D6E74B460027B8427A
:10B6200014D013F8012B0A2A19D16869FFF7FEFC20
:10B6300049463A462846FFF7EDFE6869D8F740FBD1
:10B640000134414628463C44FFF76CFE68693119D5
:10B65000FFF7A5FF6869BDE8F843D8F731BB0137AC
:10B66000DDE71F466869FFF7E1FC3A464946284690
:10B67000FFF7D0FE3C44335D202B02D0093B042B66
:10B6800001D80134F7E76869D8F71AFB4146284624
:10B69000FFF748FE9EE7BDE8F8832DE9F041876893
:10B6A000FB6804460D4616469847BB682BB13246E8
:10B6B00029462046BDE8F04118476FF05700BDE825
:10B6C000F0814168086882600A680020D360704792
:10B6D0000020704710B51C4643689868FEF78BFD44
:10B6E0002060002010BD70B544681D4623681B68AB
:10B6F00013B92A60002070BD6068FEF728FD28603D
:10B700002368BFF35B8F0433012153E8002F43E824
:10B7100000100028F9D1BFF35B8F002AEAD1204640
:10B72000D8F710FCE6E738B50D46AB4211461C468B
:10B7300004D81A4607F0FBFA204638BD0024FBE780
:10B7400007F01DBBC30903EB430303EBC30383EA09
:10B750004000C0B270472DE9F0430646A9B08846C4
:10B760001446402702F12409D8F7B8FC0346002804
:10B770003ED0402108A89847D0B3B4F9022012F176
:10B780001F0348BF02F13E036D464A4608A92846FA
:10B7900043F3471300F0EFF92246294618A800F0BA
:10B7A00006FE18B3B4F90230D91D48BF03F10E01EB
:10B7B0002A464046C91000F022FE94F9011018AA4A
:10B7C000304600F01CFE94F9011094F9002018ABEB
:10B7D00003EB8202701800F012FE2022002128469E
:10B7E00007F0CDFA012029B0BDE8F083013FBBD1BD
:10B7F0000020F8E72DE9F0471C4693F9017093F912
:10B8000000A0B3F90230A4B09046DA1D48BF03F19E
:10B810000E0204AD81460CAE2846D2100295039666
:10B8200000F001FE3A46494614A800F0FCFD14ABB6
:10B8300009EB070103EB8A003A4600F0F4FD2346CA
:10B8400032462946284600F086FDB0FA80F301947E
:10B8500024AA5B0902EB8301638801331BB20093C6
:10B8600051F8882C14A90023084600F0ACFC14AA57
:10B870003946404600F0C3FD214614A800F018FCEC
:10B880000024CDE90244074602AB2022214630467F
:10B8900007F075FA20222146284607F070FAB7FA19
:10B8A00087F0400924B0BDE8F087F0B500240646D3
:10B8B000204665B2AB4200DCF0BD51F8247052F86E
:10B8C00024503D440544AF4200F0010018BF002061
:10B8D00046F8245088BF40F001000134E9E700EB4E
:10B8E00081010023884200D3704751F8042D43EAB8
:10B8F00052030B60D307F5E770B50368DB07054615
:10B90000144604D4BDE870401146FFF7E8BF134663
:10B910000A460146FFF7C9FF214606462846FFF7BB
:10B92000DEFF46B104F18044013C55F8243043F079
:10B93000004345F8243070BD4FF0000C2DE9F74F5F
:10B94000654664464FFA8CF94B4516DC4FF0FF36DE
:10B9500006EB430601964FF00008019F53FA88FE5C
:10B960004FFA8EFEBE455FFA88F628DB00EBC30077
:10B9700040F8044C03B0BDE8F08F4FF0000E02EB2E
:10B980008C0AF04651F82E705AF80469A6FB076736
:10B9900036190EF1010E6F4134464FFA8EF64FF014
:10B9A000000B28BF4FF0010B4E45D8443D46E9DD62
:10B9B00040F82C4045460CF1010C3C46C2E70136EC
:10B9C000A94676B202EB8E0A002577B2BB4205DCAF
:10B9D00040F82E4008F101084C46BEE76FF003071F
:10B9E000774351F826C05AF80770A7FB0C7C3F1923
:10B9F0005CEB090C4FF0000B28BF4FF0010B5D44CE
:10BA0000E1463C460136E0E721EAE172920000217E
:10BA100007F0B5B910B500231A465CB2A14203DCA9
:10BA2000B2FA82F0400910BD50F82340013322439E
:10BA3000F3E74A11012350F8220001F01F018B4067
:10BA4000184070474B1E10B55BB2041D1A0603D494
:10BA50005A1E54F8221071B101335BB283B103F165
:10BA60008042013A50F82210002231B9013B02EB2A
:10BA7000431210B210BD1346E8E749080132F4E75B
:10BA80001846F7E710B500235CB2A24200DC10BDF7
:10BA900051F8234040F823400133F5E710B5013A4F
:10BAA00052B2130601D5002010BD50F8224051F8C3
:10BAB00022309C4205D802F1FF32F2D24FF0FF3023
:10BAC000F2E70120F0E730B5013A52B20023140644
:10BAD00003D5181E18BF012030BD50F8224051F880
:10BAE00022506C402343013AF1E7F0B500240646AA
:10BAF0009C46204665B2654500DBF0BD51F82470D8
:10BB000052F824303D1AED1AAF4200F0010018BF80
:10BB1000002046F8245038BF40F001000134E9E726
:10BB200070B59DF910601D4633460446FFF7BDFE13
:10BB300030B9324621462846FFF7B0FF012807D02A
:10BB400033462A4621462046BDE87040FFF7CDBF68
:10BB500070BD70B59DF910601D4633460446FFF771
:10BB6000C4FF38B133462A4621462046BDE870401E
:10BB7000FFF79BBE70BD2DE9F04FA5B01D4614AB7D
:10BB8000CDE902310190294610461746FFF75AFFCA
:10BB9000C0EB851424B2002C2646B8BF04F11F0662
:10BBA000634246F3471603F01F0304F01F093146B2
:10BBB00058BFC3F1000904A8FFF726FFB9F1000F31
:10BBC0004FEA86062DDD04AB00221E44C9F1200C8D
:10BBD00013469D421AD804AB03EB850300936F1EF6
:10BBE00024AB4FEA45084FEA8509012603EB870796
:10BBF000002C53DA24AB03EB8606019856F8881C18
:10BC00002A46FFF73FFF25B0BDE8F08F57F8230025
:10BC100000FA09F10A4346F8042B013320FA0CF22A
:10BC2000D7E704AB2A4639469819FFF72BFFD2E72E
:10BC30005AF8883C53F8202024AB03EB80030CF126
:10BC4000010C53F8803C0B44D31A34BF4FF0010B66
:10BC50004FF0000B9A425EF8882C42F8203018BF53
:10BC600059464FFA8CF04045E2DB731A5E42294692
:10BC700004A85E41FFF733FE09F190036B4400987E
:10BC800053F8802C57F8803C294643EAC273013CA4
:10BC900047F8803C24B2FFF722FEA9E724AB4FF01F
:10BCA000000CC6F1010E614603EB860A03EB8E0E13
:10BCB000D7E730B51C4691B0054693F90030684689
:10BCC000FFF73AFED4F8AC3069462846984711B0E1
:10BCD00030BD13460A46FFF7ECBF2DE9F04793F954
:10BCE000006092B0044689461046314615461F460C
:10BCF000FFF790FE002840F091803A46494602A89E
:10BD0000FFF7E7FF3B4602AA21460AA8FFF7D1FF4B
:10BD100002A908463A46FFF7DCFF3B462A46494659
:10BD20004846FFF7C6FF07F104083A462946284669
:10BD3000FFF7CFFF43462A46214620460096FFF7ED
:10BD4000EFFE43462A46294628460096FFF7E8FEBE
:10BD500043462A46214628460096FFF7FAFE3B4610
:10BD60002A4621462046FFF7A4FF434622462146A5
:10BD700028460096FFF7D4FE434600962A46214601
:10BD80002046FFF7CDFE2368DB074AD533464246FF
:10BD900021462046FFF789FD314682462046FFF7BF
:10BDA0009EFD06F18043013B54F8232042EACA720B
:10BDB00044F823203A4621462846FFF78AFF4346A7
:10BDC0000AAA294628460096FFF7C3FE43460AAA58
:10BDD000294628460096FFF7BCFE0AA908464346B6
:10BDE0002A460096FFF7B5FE3B460AAA21462046A2
:10BDF000FFF75FFF02AA4346104621460096FFF771
:10BE0000A8FE324629462046FFF73CFE4946284612
:10BE1000FFF738FE02A94846FFF734FE12B0BDE82E
:10BE2000F08731462046FFF75AFDC3E72DE9F04180
:10BE300015468AB004460E461C22002103A806F0CF
:10BE40009EFF2F1D95F9008003232A463146204688
:10BE50000293FFF73EFF3B4602AA21462046CDF85B
:10BE60000080FFF776FE2B46324621462046FFF73C
:10BE700020FFCDF800803B4605F184022146204694
:10BE8000FFF74EFE0AB0BDE8F0812DE9F0479AB009
:10BE90001646DDF888804446994614F9045B0095FF
:10BEA00007468A4623460246314602A8FFF751FE5E
:10BEB00002A942460846FFF70CFF434602AA39464C
:10BEC0003846FFF7F6FE434602AA31463046FFF7F2
:10BED000F0FE23465246494602A80095FFF720FE91
:10BEE00023465246494648460095FFF732FE234610
:10BEF0003A4631460AA80095FFF72BFE43460AAAA8
:10BF000051465046FFF7D5FE2346324639460AA829
:10BF10000095FFF705FE424649463046FFF7D9FE39
:10BF200023460AAA314630460095FFF712FE234603
:10BF30003246394612A80095FFF70BFE434612AA77
:10BF400049464846FFF7B5FE23465246494648460D
:10BF50000095FFF7FEFD424602A912A8FFF7B9FEC1
:10BF600012A923460AAA08460095FFF7F2FD2346C8
:10BF70003A4612A90AA80095FFF7EBFD0AA9434625
:10BF800002AA0846FFF795FE234652460AA95046E4
:10BF90000095FFF7DEFD2A4612A93846FFF772FD2D
:10BFA0001AB0BDE8F087F0B50F46A1B006461946B5
:10BFB000384615461C46FFF72DFD28B1304621B006
:10BFC000BDE8F040FFF720BD224639466846FFF73E
:10BFD00059FD294608A8FFF755FD214610A8FFF78F
:10BFE00013FD0123214618A81093FFF70DFD2246EB
:10BFF00008A96846FFF752FD30B9224610A930461D
:10C00000FFF740FD21B0F0BD009BDA0709D42146BF
:10C010006846FFF764FC2246294610A8FFF76CFC2F
:10C02000E5E7089BDB0707D4214608A8FFF757FC84
:10C030002246294618A8F1E7002823461CDD08AA55
:10C0400069466846FFF751FD21466846FFF747FC01
:10C05000224618A910A8FFF721FD002805DA10A92B
:10C0600023462A460846FFF720FC10A9234618AAB3
:10C070000846FFF73AFDCEE76A4608A8FFF735FD08
:10C08000214608A8FFF72BFC224610A918A8FFF7A5
:10C0900005FD002805DA18A923462A460846FFF7B9
:10C0A00004FC18A9234610AA0846FFF71EFDBFE7A7
:10C0B0000978490049B2FFF7ADBCF0B5154689B023
:10C0C0001C4607460E461A4629466846FFF701FEFB
:10C0D00023466A4639463846FFF7EBFD23462A4693
:10C0E00069466846FFF7E5FD23466A463146304615
:10C0F000FFF7DFFD09B0F0BD2DE9F0478AB0144627
:10C10000DDF848A055461F4615F9046B0096804699
:10C1100089462B460246214602A8FFF71AFD02A9CE
:10C1200052460846FFF7D5FD534602AA414640460F
:10C13000FFF7BFFD534602AA21462046FFF7B9FD8F
:10C140002B464A46394638460096FFF702FD5246CE
:10C15000394602A8FFF7BDFD02A92B464246084614
:10C160000096FFF7F6FC02A92B46224608460096E9
:10C17000FFF7EFFC2B464246214620460096FFF78C
:10C18000E8FC5346224649464846FFF792FD2B46B7
:10C1900002AA414620460096FFF7DBFC53462246A2
:10C1A00039463846FFF785FD2B464A46394638461C
:10C1B0000096FFF7CEFC324602A92046FFF762FC4C
:10C1C0000AB0BDE8F0872DE9F04FAFB09146399C39
:10C1D000029094F9006016A832461D46FFF752FC03
:10C1E000B300039301EB8603884626A819460493FF
:10C1F000FFF748FC002D00F08180294606A8FFF7D4
:10C2000041FC324616A90EA8FFF73CFC26A91EA841
:10C21000FFF738FC234606AA16A8FFF74EFFD4F80E
:10C22000A450234606AA26A916A8A847234606AA6C
:10C230001EA90EA8FFF741FFBDF9E050023D2DB247
:10C24000002D62DCD9F80050009405F001070EAB18
:10C2500003EB4719ED431EAB03EB471705F0010550
:10C260000EAB03EB451A1EAB03EB45152B465246AE
:10C270003946484604F1040BFFF707FE5B460EAA59
:10C2800016A906A80096FFF764FC06A923463A46BD
:10C290000846FFF70EFD06A9234642460846FFF76B
:10C2A00008FD06A933465A460846FFF77CFE06A954
:10C2B000049A23460846FFF7FCFC06A923464A4693
:10C2C0000846FFF7F6FC3B464A462946504600948E
:10C2D000FFF712FF234606AA1EA90EA8FFF7EDFEE0
:10C2E000029832460EA9FFF7CDFBDDE902031EA935
:10C2F0001844FFF7C7FB2FB0BDE8F08F314606A802
:10C30000FFF782FB012306937BE729464846FFF7A8
:10C3100090FBB0FA80F77F09C7F101010EAB03EB88
:10C32000411B1EAB03EB41110EAB03EB471A1EABD7
:10C3300003EB47173B465246584600940591FFF7DA
:10C34000A4FD059900940B465A4639465046FFF71E
:10C35000D3FE013D73E72DE9F843B3F9029019F1DB
:10C360001F0648BF09F13E060F4603F1240546F3B8
:10C3700047160146904633462A463846FFF795FA57
:10C38000044690B9B9EB461F06DA49463846FFF72E
:10C3900050FB041E18BF012433462A463946404646
:10C3A000FFF783FA2046BDE8F8830124F4E730B5AF
:10C3B000144695B005460CAA2346084604A90291E6
:10C3C0000392FFF7C8FFB0FA80F301945B0914AA47
:10C3D00002EB8302638801331BB2009352F8482CAE
:10C3E000002304F144012846FFF7EDFE21462846CC
:10C3F000FFF75EFEB0FA80F0400915B030BDF0B531
:10C4000000254F1E6CB28C4205F1010500DBF0BD2A
:10C410003B1B23F0030603F003039659DB0026FAC7
:10C4200003F30355EEE7F8B50E46D11C48BF911D46
:10C43000144641F387010546671EFFF7E5FA002021
:10C4400042B2A24200F1010000DBF8BDBB1A23F0AA
:10C450000301B25C03F00303DB009A406B58134303
:10C460006B50EDE7F0B591B091F9006005460C46D0
:10C47000FFF71EFE28BB271D324629463846FFF728
:10C480000DFB012820D1324605EB86013846FFF727
:10C4900005FB012818D122466846FFF71AFCD4F89C
:10C4A000A8302246294608A89847324608A9684677
:10C4B000FFF709FB002814BF6FF00200002011B045
:10C4C000F0BD4FF0FF30FAE76FF00100F7E7F0B58D
:10C4D0000C4691F9017091B02646014605463A4650
:10C4E0006846FFF7A0FF16F9440B3A46E9190DEB31
:10C4F0008000FFF798FF102231466846FFF7CEFA1A
:10C5000028B121466846FFF7ADFF11B0F0BD6FF0CE
:10C510000300FAE7CB780278534003704B884278E7
:10C52000534043700A68837883EA122383700A6851
:10C53000C3785340C370CB79027953400371CB88E1
:10C540004279534043714A68837983EA12238371A5
:10C550004A68C3795340C371CB7A027A534003725D
:10C56000427A4B89534043728A68837A83EA122362
:10C5700083728A68C37A5340C372CB7B027B534079
:10C580000373CB89427B53404373CA68837B83EA3E
:10C5900012238373CA68C37B5340C37370471FB5AC
:10C5A00002788DF8002042798DF80120827A8DF88A
:10C5B0000220C27B8DF8032002798DF80420427A94
:10C5C0008DF80520827B8DF80620C2788DF8072033
:10C5D000027A8DF80820427B8DF8092082788DF848
:10C5E0000A20C2798DF80B20027B8DF80C2042784E
:10C5F000C37A8DF80D2082798DF80E208DF80F30DA
:10C6000010236A461946FFF78EF805B05DF804FB63
:10C61000F8B5064608780C46FFF794F805466078AA
:10C62000FFF790F8A27863785340E27853405D407A
:10C630006840307060782778FFF784F80546A07866
:10C64000FFF780F8A3785F40E3785F407D40684063
:10C65000707063782778A0785F40FFF773F805461D
:10C66000E078FFF76FF8E3785F407D406840B07096
:10C670002078FFF767F8627823785340A278534018
:10C6800080EA0305E078FFF75DF8EDB24540F5700C
:10C69000F8BD70B5144688B00546002849D0002979
:10C6A00049D0002A49D010230A4668461946FFF7A8
:10C6B0003AF821466846FFF72DFF103401F1A00635
:10C6C0006846D7F7D3FD6846FFF769FF694604A8B7
:10C6D000FFF79EFF01A905A8FFF79AFF02A906A888
:10C6E000FFF796FF03A907A8FFF792FF102319464B
:10C6F0000DEB03026846FFF716F821466846103432
:10C70000FFF708FFB442DBD1D7F7B0FD6846FFF76B
:10C7100046FF21466846FFF7FDFE102319466A468C
:10C720002846FFF700F8684610220021FFF708F8B6
:10C73000012008B070BD0846FBE71046F9E710B5C8
:10C740000A460F3012F9103B002BACBF00238723A1
:10C7500012F8014D83EA44038A4200F8013902D0FD
:10C760001378DB09F4E710BD08B520B15822002189
:10C77000FEF7E6FF012008BD10B5044688B110227F
:10C780000021FEF7DDFF102204F130000021FEF74A
:10C79000D7FF0023636400224FF48033C4E91423DD
:10C7A000012010BD70B504460D46164610B311B3F6
:10C7B00058220021FEF7C4FF2946A6643046D7F769
:10C7C00061FD102200212046FEF7BAFF04F110059A
:10C7D000A26C21462046FFF75CFF21462846FFF762
:10C7E000AEFF294604F12000FFF7A9FF2046FFF71E
:10C7F000C3FF012070BD0846FCE72DE9F0410E465D
:10C8000015460446002860D0FAB100295DD0D0E971
:10C81000143253EA020158D0013BD0F8448042F16F
:10C82000FF32C0E91432B8F1000F2CD0C8F1100764
:10C8300008F13000BD4220440AD22B463246294638
:10C84000FEF771FF636C2B4463640120BDE8F08147
:10C850003B4632463946FEF766FF103D00236364CF
:10C8600045443E44631E04F10F0113F8012F93F871
:10C8700030008B4282EA00021A70F6D1A26C214687
:10C880002046FFF706FF04F10F07102D0AD8002DF0
:10C89000DBD02B463246294604F13000FEF743FF39
:10C8A0006564D2E7631E711E13F8012F11F8010FA2
:10C8B000BB4282EA00021A70F6D1A26C21462046E1
:10C8C000FFF7E7FE1036103DDFE70020BEE770B54A
:10C8D0000C460546E8B169B34A6C102A1AD11031EA
:10C8E000631E013904F10F0013F8012F93F8306033
:10C8F000724011F8016F984282EA06021A70F3D171
:10C90000A26C21462846FFF7C4FE2046FFF72CFF05
:10C91000012070BD02F130000021C2F1100220445C
:10C92000FEF70EFF636C2344802283F8302004F16D
:10C930002001D5E70846ECE708B50020D4F7FEF95A
:10C9400001460068D7F7DCBD08B5D7F775FEBDE82E
:10C950000840D7F795BE0023D5F78EBA00210120F5
:10C96000D7F7CEBD61B662B680F31188BFF36F8F83
:10C97000704772B6002383F31188BFF36F8FBFF344
:10C980004F8F30BF62B6BFF36F8F704772B6002310
:10C9900083F31188BFF36F8FBFF34F8F20BF80F3F6
:10C9A0001188BFF36F8F62B67047202809D9B0F1A4
:10C9B000004F08D80138B0FA80F0C0F11F004000E5
:10C9C0007047082070473E20704708B5D1E9043110
:10C9D0009847002008BD08B5D8F714FE002008BD10
:10C9E0007047002303824369C3607047416A8968C6
:10C9F000D8F790BEEFF31182402383F31288BFF380
:10CA00006F8F00230B60436833B9C0E9001182F3D4
:10CA10001188BFF36F8F704719604160F7E710B559
:10CA20000346EFF31181402282F31288BFF36F8F28
:10CA3000006828B15C6802681A60A04208BF5A60AA
:10CA400081F31188BFF36F8F10BD027A0132027239
:10CA50007047034618465B68002BFBD1704742685D
:10CA600010B52AB10B461C465B68002BFBD16260F7
:10CA7000416010BD10B5044620B90B7A01330B722A
:10CA8000084610BD034618465B68002BFBD1FFF734
:10CA9000E6FF2046F5E783680B44036070470368B0
:10CAA0000B6043684B6083688B60704783880268C3
:10CAB00019448180D018704730B484880568A31861
:10CAC0008380281930BC06F032B910B5838802681B
:10CAD0005C1C8480D154D01810BD034600689A882D
:10CAE000401A11441860998070478288521A034690
:10CAF00082800068084418607047034600689A887E
:10CB0000521A01449A801960704710B503681C8856
:10CB10000221FFF7EAFF204610BD02688068101A64
:10CB200070478388C2888168D21A03685B1AD01A5A
:10CB3000704703898B420AD9436803EBC10053F85D
:10CB400031302BB94368002B08BF0020704700200C
:10CB50007047F0B5037885888779C679CE71002053
:10CB600013F0070F0860C3F3C10308788F7114BF77
:10CB700003240124012B28BF012344EAC30320F02E
:10CB80001F006DBA034352BA0B704A808D80F0BD0E
:10CB900037B505460C460846FFF723FF45F8044B1A
:10CBA00008232046238250F80C4F1C44FFF7B9FF9E
:10CBB00000220346009202212246284605F00FFA81
:10CBC00003B030BD2DE9F04F85B005460E469046C6
:10CBD0001F4605F00FF820B96FF04C0005B0BDE816
:10CBE000F08F00234FF014093B6009FB08693446BD
:10CBF0004FF0010A02A9284604F0F6FFDDE90232EF
:10CC0000009368BB284605F020F80028E4D00020F7
:10CC1000E4E7A14598BF344661688A4214D121688F
:10CC20000098019206F0B7F8019A68B9237CD3B94D
:10CC3000D4E9023128469847C0B184F810A03B6877
:10CC4000013314343B60D5E714340BF1010BD845A4
:10CC5000DFD10021284605F04FF80028CAD1D1E7DE
:10CC60004FF0000BF3E76FF06F00B7E76FF02200B3
:10CC7000B4E70023D5F700B920B101280CBF052087
:10CC8000FF2070470220704702780B789A420FD33A
:10CC90000CD842784B789A420AD307D842884B88FE
:10CCA0009A4205D38CBF01200020704701207047B5
:10CCB0004FF0FF30704770B506460C4600F03EF866
:10CCC0000546304602F08AFB0346013B85F0010031
:10CCD000032B0CD8DFE803F008060902022304B195
:10CCE000237070BD0123FAE728460023F7E74FF0D1
:10CCF000FF30F6E773B546100546304600F01EF8E3
:10CD0000002304460DF1070130468DF80730FFF788
:10CD1000D2FFA84204D19DF80730013B012B09D96D
:10CD2000A04202D09DF8073023B1631B58425841FE
:10CD300002B070BD0120FBE77047704700207047CC
:10CD40000020704770B5054688B00E4600240023C9
:10CD50006A4631462046D9F72BFD28B920222946BC
:10CD6000684606F018F810B124B14FF0FF342046A1
:10CD700008B070BD0124EAE7002301461A461846B0
:10CD8000D9F716BD022805D0033801288CBF012031
:10CD9000052070470320704708B50020D3F7CEFF69
:10CDA000023801288CBF01200320704710B50446CB
:10CDB000D6F7FEF92146BDE81040FDF7D3BF70B5A8
:10CDC000BCB0044600F1100517AE0022002328462F
:10CDD000F5F7F0FF014608B93CB070BD03AB6846FB
:10CDE000CDE900460293D8F7BBFDEEE7D8F724BDA6
:10CDF00070B505460E46D9F7FFFF044618B1336BF0
:10CE00001BB129469847204670BDEA7A05F1180102
:10CE1000183005F08CFFF6E710B5044640B14B6BB7
:10CE20000BB1183098472046BDE81040D8F704BD34
:10CE300010BD0023C363A0F840307047C36B13B12B
:10CE4000B0F8400070476FF015007047F8B5C36B3D
:10CE500004460F46164603BB072A25D94D8840F6DF
:10CE6000AB136DBA08359A42ADB220D89D421ED898
:10CE7000AA4216D8D9F7C0FFE063D8B1A4F8405051
:10CE8000E06B324639460C30FFF716FEB4F84030FE
:10CE90009B1B98B2A4F84000F8BDB0F84030934214
:10CEA000EED26FF08A00F7E76FF03C00F4E76FF026
:10CEB0003E00F1E76FF00B00EEE738B50B46C16BB3
:10CEC000044661B1B0F8405005B15BB12046D9F7D6
:10CED000B1FF0023A4F84030E363284638BD6FF06B
:10CEE0001505FAE76FF03C05F7E710B50446C06B8F
:10CEF00030B1FFF77BFF0020A4F84000E06310BDD5
:10CF00006FF01500FBE7C06B00B118307047036885
:10CF100013B100230360037170478B6913B1836100
:10CF20000B7F03770020704738B505460C4608464E
:10CF300059B1D9F7CBFF40B1AB69A34206D190F804
:10CF400069302A7F9B1A5842584138BD0120FCE7BE
:10CF500070B505460E46D9F7B9FF0446A0B1314673
:10CF6000284600F0E0FD034604F1380043B1783371
:10CF700006D0BDE870404FF400420023F6F7D6B962
:10CF8000BDE8704005F0E9BA70BD08B5806918B118
:10CF900001F0F0FD033880B208BD08B5D9F796FF5F
:10CFA00020B1BDE808406C30F5F736BF08BD30B59C
:10CFB00085B014460A888B78ADF8002005460D220E
:10CFC00000210DF103008DF8023005F0D8FE6A460D
:10CFD0006946284604F07AF828B9BDF800209DF883
:10CFE00002302280A37005B030BD13B50C4601AAF3
:10CFF0000331FFF7DCFF48B9032201A9204605F001
:10D00000CAFEB0FA80F0400902B010BD0020FBE774
:10D0100001F12003013813F8012D00F8012F8B4294
:10D02000F9D1704790F8223043F0060380F822309F
:10D0300090F8293043F0040380F82930704708B590
:10D04000F2F782FFB0FA80F0400908BD70B50D46D6
:10D0500000210446FDF76FFD0D2818D1237B302BEE
:10D0600013D0312B13D1012305F8063B04F10C0634
:10D070002A462046012302210234FCF7BCFEB442BA
:10D0800005F1FF35F4D1002070BD0023ECE76FF00F
:10D090001500F9E70020704710B50C46017822789A
:10D0A0008A428AB00FD06946DAF7AAFE05A920465F
:10D0B000DAF7A6FE10220DF115010DF1010005F0C1
:10D0C0006AFE0AB010BD012A06D0022A07D072B942
:10D0D00040886388C01AF4E740686368FAE7102262
:10D0E000611C01300AB0BDE8104005F054BE6FF07D
:10D0F0001500E6E7042A0AD0102A0DD0022A4FF0C4
:10D10000000315D103700B88438001207047012371
:10D1100003700B684360F8E7022300F8013B01F15C
:10D12000100351F8042B40F8042B9942F9D1ECE795
:10D1300018467047012310B50621044600F8013B4C
:10D14000F2F702FF18B9A37963F03F03A37110BD92
:10D150000B6803608B8883808B798371037823F05D
:10D160000203037070470078C0F3400070472DE958
:10D17000F04101F10C080C46054600F10C01404657
:10D1800017461E46FFF78BFC4046FFF7C6FC0123FF
:10D1900010FA87F068826B722F8239464046FFF79B
:10D1A000A4FCE3687360628A0023E3607281638297
:10D1B00034602846BDE8F08138B5D1E90032DA6044
:10D1C0000B684A895A820D4604460868D8F734FB32
:10D1D00000211022284605F0D2FDA07AD8F770FA77
:10D1E0006169054649B1637ADB0704D4436A1B6869
:10D1F00020469B6898470023636121462846BDE886
:10D20000384005F0A2B8438A23B9C068B0FA80F06C
:10D210004009704700207047D0F8A03083B15A7B96
:10D22000D1070DD5D2060DD51B7B102B14BF0323C0
:10D2300004234372807A98428CBF002001207047FB
:10D240000223F6E70323F4E70F2807D80D280BD8AD
:10D25000052808BF032018BF02207047132803D0F9
:10D260001A2808BF0120F6E70120704710B50346D1
:10D27000BFF35B8F53E8000F40EA010243E800244C
:10D28000002CF7D1BFF35B8F10BD0B460146187819
:10D29000DAF722BE0023D4F7EFBD38B504460D46B9
:10D2A000DAF7E4FF5F3005D129462046BDE8384073
:10D2B000DAF706BF38BDBFF35B8F50E8003F0B4085
:10D2C00040E80032002AF8D1BFF35B8F7047C0F30B
:10D2D00007231070000E5370D0700023C1F3072095
:10D2E000090E9370137150719371D17170470020C2
:10D2F000704781767047704710B503884288934223
:10D3000019D8052B17D9B2F5486F14D88388B3F50F
:10D31000FA7F10D2C088A0F10A0189B240F67644A3
:10D32000A14208D801339BB25343B3EB800F34BF03
:10D330000120002010BD0020FCE7DAF753BA0020DE
:10D34000704708B5E3F708FF18B1C089003818BF67
:10D35000012008BD70B506460D4642F221000321AA
:10D36000DBF76AFB044618B9BDE87040DAF73ABE4D
:10D3700003210C30FFF79AFB06808570214642F2AC
:10D380002100BDE87040DBF7ADBE70B506460D4626
:10D3900040F206400321DBF74FFB044668B103214E
:10D3A0000C30FFF783FB0680857021460022BDE824
:10D3B000704040F20640DCF75FB86FF0680070BD67
:10D3C000C368187808B1DBF7F7B81846DCF768BA15
:10D3D00038B50221054642F21600DBF72DFB044664
:10D3E00068B102210C30FFF761FB2B8803802146D6
:10D3F0000022BDE8384042F21600DCF73DB86FF07D
:10D40000680038BDF8B507460E4642F222000621F4
:10D410001546DBF711FB044678B106210C30FFF707
:10D4200045FB3B8803804680858021460022BDE87D
:10D43000F84042F22200DCF71FB86FF06800F8BD38
:10D4400008B500200021DBF789FF18B1BDE80840CE
:10D45000DBF742BEBDE80840DEF7E0B908B50722B9
:10D4600005F099FCB0FA80F0400908BD0B68036034
:10D470008B8883808B7983717047BFF35B8F0068E3
:10D48000BFF35B8F70470428F8B50F46144626D8C3
:10D49000272142F22700DBF7CFFA054610B32721F8
:10D4A0000C30FFF703FB3946FFF7E0FF0646224644
:10D4B000C31D04F1100152F8040B43F8040B8A4217
:10D4C000F9D11022002106F1170005F058FC294679
:10D4D0000022BDE8F84042F22700DBF7CDBF6FF035
:10D4E0001500F8BD6FF06800FBE7037A5B070246A2
:10D4F00005D501462A3211F8010BFFF7C4BF70476A
:10D500000023D4F7B9BC38B50121054642F22D00FD
:10D51000DBF792FA044658B129460C30FFF7D5FAEA
:10D5200021460022BDE8384042F22D00DBF7A4BFBF
:10D530006FF0680038BD10B400F11003BFF35B8FCB
:10D5400053E8002F22F4004143E80014002CF7D1E7
:10D55000BFF35B8F130403D510BC012100F072B937
:10D5600010BC70472DE9F041D1F8048086B0044624
:10D570000D46B8F1000F1DD1037A5B071AD50E686E
:10D58000411C701CFFF76AFF2A36162241460746E7
:10D59000684605F0F4FB10226946304605F0FBFBB7
:10D5A00030B1102204F12A01304605F0F4FB00B13D
:10D5B00007B16C6006B0BDE8F08100F1100208B55B
:10D5C00003461046FFF759FF010611D5BFF35B8FE5
:10D5D00052E8000F40F4004042E800010029F7D172
:10D5E000BFF35B8F18460021BDE8084000F02AB960
:10D5F00008BD042810B50C4606D819B1E3F758FD4C
:10D6000000B1441C204610BD0024FBE718B111B145
:10D610000846DCF71FBB6FF01500704713B50446D2
:10D6200080B106216846F2F78FFC48B99DF80530B5
:10D63000694603F03F0320468DF80530FFF7E6FF0B
:10D6400002B010BD6FF01500FAE7003818BF0120D6
:10D650007047037AD90704D523F001030372DCF77E
:10D660000FBD990704D523F002030372DCF722BD36
:10D67000704700207047034610F4004F0CBF07208E
:10D680000620DA0348BF00F005009B0348BF00F006
:10D69000FB007047BFF35B8F0068BFF35B8F704781
:10D6A00010B50346BFF35B8F53E8000F00EA010299
:10D6B00043E80024002CF7D1BFF35B8F10BD01239A
:10D6C00010B403FA01F1044662B1BFF35B8F54E872
:10D6D000003F0B4344E80032002AF8D1BFF35B8FD0
:10D6E00010BC704710BCC943FFF7DABF2DE9F04FFB
:10D6F00087B005469DF84860DDF840909DF844A04D
:10D700000C4690460021102202A81F4605F037FB68
:10D71000EEB9CDE90248012202A942F20800DCF785
:10D72000D3FE044678B9BAF1000F3ED11035BFF3ED
:10D730005B8F55E8003F43F0040345E80032002AC0
:10D74000F7D1BFF35B8F204607B0BDE8F08FDBF762
:10D75000BFFC8346E4B937BB5846CEF75FFF0923C9
:10D76000012ECDE901B48DF800308DF80100CDF81F
:10D770000C80D0D1CDF810D005960222CCE714F859
:10D780003320083A012A25D901339845F7D1E2E739
:10D790000023FAE717F83320083A012A1AD901338F
:10D7A0009945F7D1D8E70023FAE7022E4FF001029E
:10D7B00008BF059202A908BF324642F2090008BF1D
:10D7C000CDF810D0CDE90279DCF77EFE0028ADD08F
:10D7D0000446B8E76FF01504B5E7436813F0080096
:10D7E0000AD05A0307D403F4C063B3F5806F14BFA3
:10D7F0000220012070470120704770B5064686B0B0
:10D800000D4642F20A000121DBF716F90446B0B1D9
:10D810000C3095B10121FFF758F906F1100203A968
:10D82000204600950723DBF7F5F80022214642F257
:10D830000A00DBF721FE06B070BD2946EBE76FF06A
:10D840006800F8E7FFF7D9BF183004F086BE002360
:10D850000B60436813B9C0E900117047196041605B
:10D860007047036800220BB9184670478B4210D1ED
:10D870000B6842B942680360914200D143600023C3
:10D880000B600120704713604368994208BF4260F3
:10D89000F5E71A461B68E6E7D0F8B000003818BF75
:10D8A00001207047084689691160C2691A60C27A0E
:10D8B0000021183005F063BABFF35B8F0068BFF337
:10D8C0005B8F704710B50346BFF35B8F53E8000FC3
:10D8D00040EA010243E80024002CF7D1BFF35B8F3C
:10D8E00010BD73B50446CDE900320D4622B9D0F81B
:10D8F000A8606B4601AAB0472846D7F79DFF019B59
:10D9000023B100996FF06D022046984702B070BDB8
:10D910000023D4F7B1BA437B072B01D1DDF72CBB31
:10D9200070472438DDF7BEBB10B50446006918B156
:10D93000D7F782FF0023236110BD10B5034600F125
:10D94000C8021046FFF7B8FF80B1BFF35B8F411CE0
:10D9500052E8004F844204D142E8001CBCF1000FA1
:10D96000F6D1BFF35B8FECD1184610BD0346FBE741
:10D970002DE9F84307460E46904600244FF0D009A3
:10D98000B44203D100231846BDE8F88309FB0470B4
:10D99000FFF7D3FF034658B1457B012D02D0073D69
:10D9A000012D03D81A884245EDD01846DDF75EFDFB
:10D9B0000134E5E710B5437B023B0446062B16D83D
:10D9C000DFE803F009041515150B090001730021A8
:10D9D0002046DDF775FD002010BD0088FFF7D5FC5F
:10D9E0000028F9D1637B072BF5D10821F0E76FF010
:10D9F0007F00F1E710B50446D0F8A00028B9207ADE
:10DA000004F17001E3F7A8FB38B1E278C3892AB9C1
:10DA100013F0210F14BF0120002010BD13F0240FBC
:10DA2000F8E70346C07A18B1D3F8A00000B1007B34
:10DA3000704710B5437B072B044625D10B060CD548
:10DA40004FF400510430FFF73DFF0423A37220463A
:10DA5000E2F7CEFCA8B9002010BD437A032BFAD818
:10DA6000837A032BF7D8BFF35B8F031D53E8001FA6
:10DA700021F4005143E80012002AF7D1BFF35B8F75
:10DA8000E3E7637AA372E7E76FF07F00E4E7407AA9
:10DA9000704738B5037A8B420446154615D100F11C
:10DAA00070010722284605F076F980B1E378072255
:10DAB00043B904F17E01284605F06DF9B0FA80F013
:10DAC000400938BD04F17701F5E70020F9E70120AE
:10DAD000F7E770307047F8B507460D4642F213007D
:10DAE0000E21DAF7A9FF0646D0B10E210C30FEF761
:10DAF000DDFF0E220446002105F041F93B8823801A
:10DB00002B8863806B88A380AB88E380EB882381BC
:10DB100031460022BDE8F84042F21300DBF7ACBC0E
:10DB20006FF06800F8BD38B5041D03462046FFF7C6
:10DB3000C3FEC0F3402580050A4604D51846BDE85B
:10DB40003840DEF7AFB90988A3F888105188A3F8E8
:10DB50008A109188A3F89010D288A3F892204FF4ED
:10DB600000612046FFF7AEFE284638BD704700230F
:10DB7000D4F782B9F8B505460F46164600234FF490
:10DB8000803204210020DDF7F7FD044620B9284645
:10DB9000BDE8F840DEF7A8BA04210C30FEF786FF96
:10DBA0000570477046802046F8BD704710B400F1FC
:10DBB0004C030122BFF35B8F53E8001F43E80024AE
:10DBC000002CF9D1BFF35B8F41B9034653F8482BC2
:10DBD0008164D2F8B41029B9C2E92C33006810BCB2
:10DBE000DDF7C2BB0B60C2F8B430F7E710B50368CD
:10DBF000D3F8B02042B1D3F8B4401168C3F8B010E4
:10DC0000A24208BFC3F8B4104C300023BFF35B8FAF
:10DC100050E8002F40E800310029F9D1BFF35B8FB5
:10DC200010BD70B5D0E9003504464BB3D3F8B02031
:10DC3000483000216AB1904234D1A26C51BBD3F874
:10DC4000B410C3F8B020884201D1C3F8B420002337
:10DC5000A36404F14C030022BFF35B8F53E8001F61
:10DC600043E800200028F9D1BFF35B8F04F13006B0
:10DC7000236BD3B96B680BB1204698470023236010
:10DC8000E3680BB1204698472B6AB3B12046BDE844
:10DC9000704018470A60D3F8B420904208BFC3F818
:10DCA000B410D4E711461268C4E7002200233046BE
:10DCB000F5F780F8D7F7C0FDDAE770BD38B5406BEF
:10DCC00030B150F8084904B1083CFFF7AAFF04B985
:10DCD00038BDA5682DB12046083DFFF7A2FF2C46B0
:10DCE000F7E72046BDE83840FFF79BBF38B5436BE8
:10DCF0000D46BBB1184650F8084904B1083C53F82A
:10DD0000043C9B680BB1294698475CB12046A46847
:10DD1000436824B19B68083C002BF4D1F6E79B686C
:10DD2000002BF0D138BD0431DDF726BD406B30B19A
:10DD3000838B8B42A0F1080001D08068F7E7704721
:10DD400010B54AB989B2FFF7F1FF28B143689B6962
:10DD500013B1BDE81040184710BD38B50D46052178
:10DD6000FFF7E4FF00231A462946DEF76DFA044662
:10DD700010B12846D7F760FD204638BD406B30B162
:10DD800083898B42A0F1080001D08068F7E77047D3
:10DD900070470346006828B1596802681A608842D3
:10DDA00008BF5A6070470346002003B970471A8ABB
:10DDB0005B681044F9E710B5D4682378023113B9D1
:10DDC0002170012010BD8B42FBD0038A023B0382ED
:10DDD00000201061F6E70620704773B5144601462F
:10DDE00005464FF49572206800F0C6FE207500BB12
:10DDF000237A2068ABB1A3F11802534253419B0030
:10DE00000193638A0093AE68238AE2682946B0478B
:10DE1000002808DB238A98420ED1002323750120B5
:10DE200008E00223ECE710F1FF0F05D34042C0B237
:10DE30002075002002B070BD0E20F9E71FB5CDE9B6
:10DE40000123002300931A46E0F71EFD05B05DF89C
:10DE500004FBF8B59368166805460F46144663B987
:10DE6000506801210C30FEF721FEA0602B681B7862
:10DE7000002B14BF022301230370A3681B78012B1E
:10DE800003D0022B1FD000201CE02B681B78002B36
:10DE9000F9D1606804210C30FEF708FEE0600780CD
:10DEA0002A68E36852885A806168728D738B088A89
:10DEB0009A4294BFC0EB0200C0EB0300042894BF59
:10DEC00000200120F8BD2B681B78022BDBD1606895
:10DED00012210C30FEF7EAFDE06007802B68E26853
:10DEE000591C0232113351F8040B42F8040B9942C9
:10DEF000F9D16168728D738B088A9A4294BFC0EB26
:10DF00000200C0EB03001228D9E770B405686A6A02
:10DF100052B3136803B1A83BA2F1A8040022114632
:10DF200000E0A83B844207D0668D648BB14238BFC5
:10DF30003146A24238BF22461C462BB1D3F8A83046
:10DF4000002BEED18442EFD1438D408B8B4201D820
:10DF500090420BD9824238BF02469942286838BFA6
:10DF6000194670BCE1F7A6BA1146EDE770BC7047E0
:10DF7000D0680378043113B90170012070478B42D7
:10DF8000FBD091680B8A0020043B0B821061704724
:10DF90000023D3F771BF2DE9F04F044685B010463A
:10DFA00090469946FFF7FFFE638B628D934228BF30
:10DFB000134683428B4640F2938063680393404646
:10DFC000FEF747FD4FF0000A06464046FFF7EBFE1E
:10DFD000628B638D06F10C079A4294BFC0EB020579
:10DFE000C0EB03053846FEF79CFD854217D240463C
:10DFF000FFF7D9FE628B638D9A4294BFC0EB020596
:10E00000C0EB03058DBB98F80A00D7F759FB002237
:10E010000023FEF7EBFC064630B9574636E038469B
:10E02000FEF77FFD0546EDE701464046FEF722FD7F
:10E030004046FFF7B8FE628D638B06F10C079A42EB
:10E0400094BFC0EB0205C0EB03053846FEF769FD3F
:10E0500085421FD24046FFF7A6FE628D638B9A422F
:10E0600094BFC0EB0205C0EB0305F168328ACDF81E
:10E070000090DBF8047003980A44ABB25946B847E5
:10E08000071E0CDABAF1000F18BF5746384605B024
:10E09000BDE8F08F3846FEF744FD0546E5E70E9BE8
:10E0A000B3B9394606F10C00FEF700FD4046FFF714
:10E0B0007AFE638D628B934228BF1346B944834234
:10E0C000BA441FFA89F9A8D9AF423FF47EAFA4E75A
:10E0D0000F9A0E9B3946304698470028E1D19CE7BD
:10E0E0000027D3E70368002203B970478B420FD1A2
:10E0F0000B683AB942680360914200D14360002343
:10E100000B60704713604368994208BF4260F6E7AE
:10E110001A461B68E8E706207047BFF35B8F50E89C
:10E12000003F43F0080240E800210029F7D1BFF387
:10E130005B8FC3F3C000704773B5166805460023B4
:10E140007068137314462946952200F015FD20735C
:10E1500080B9CDE900002946A388A2683046FFF7C0
:10E160001AFF002809DA10F1FF0F26BF4042C0B2A3
:10E170000E202073002002B070BD0120FBE72DE9C6
:10E18000F341166807460023706813731446394636
:10E19000952200F0F1FC0546207308BBA068718D44
:10E1A000728B038A914294BFC3EB0103C3EB02035A
:10E1B000012B15DD02210C30FEF778FCCDE900556E
:10E1C0008046A388A26839463046FFF7E4FE031E66
:10E1D0000ADA13F1FF0F26BF5B42DBB20E23237373
:10E1E000002002B0BDE8F081A8F800300120F8E777
:10E1F0002DE9F04104468868FFF7D5FD638D628BF9
:10E20000934228BF134683420D461DD3E165D1F8E2
:10E21000088000278F60F5F765FB41462046DEF752
:10E22000D7FC064638B1C5F80880E765F5F76EFB00
:10E230003046BDE8F081618D638B994228BF194655
:10E24000284600F0EAFDF1E76FF07906F0E738B50F
:10E25000BFF35B8F0B68BFF35B8FDB07054617D5FA
:10E2600050F8040CA0B1AB6D93B90430FFF791FDE9
:10E27000044668B10146281FFFF7BAFF002807DAF5
:10E2800055F8043C5A6822609A685C6002B99C6048
:10E2900038BD2DE9F041446A07463CB354F8A869FB
:10E2A00006B1A83E00231D4607F1040801E03446EC
:10E2B0001646E26D9AB905B98BB94046FFF769FD7C
:10E2C000054658B101462046FFF792FF00280DDAB7
:10E2D0007B682B60BB687D6003B9BD6023462EB1AF
:10E2E000D6F8A820002AE2D0A83AE0E7BDE8F081FD
:10E2F00070B504460E46002200230846F4F75AFD86
:10E30000054658B101462046DEF762FC044618B1C6
:10E310002946304604F019F8204670BD6FF001041C
:10E32000FAE7F8B50546071F00F1540350F8044C0E
:10E33000BFF35B8F53E8001F21F0040143E8001294
:10E34000002AF7D1BFF35B8F04B3AB6D8BB9636861
:10E350007BB1201DFFF71DFD014606463846FFF73D
:10E3600047FF002812DA63683360A368666003B968
:10E37000A66005F15C013846FFF7BAFF30B104F141
:10E380000C013846BDE8F840FFF7B2BFF8BD38B51C
:10E3900004460D46DEF71CFC30B1294604F160004E
:10E3A000BDE8384003F0C6BF38BD2DE9F0418846CE
:10E3B00017460121042205461E46DEF74FF90446A2
:10E3C00070B104210C30FEF771FB80F80080A0F8DA
:10E3D0000170C67021462846BDE8F041FFF7D7BF5F
:10E3E000BDE8F08137B50C46054601F10C00FEF79B
:10E3F0008CFB228A0192E2680092034613221221CA
:10E400002846DEF7D3FD03B030BD37B50C460546D0
:10E4100001F10C00FEF779FB228A0192E26800927A
:10E420000022034611462846DEF7C0FD03B030BD8A
:10E4300007B5CA681388528800920C210D22DEF7B6
:10E44000FDFF03B05DF804FB07B5CB6800221B8815
:10E4500000920A210B22DEF7F1FF03B05DF804FB06
:10E4600070B5CB681E88B3B2162B04461AD90321A7
:10E47000DEF78CFE0546B8B102210C30FEF716FB24
:10E480006FF00D0303700123437029462046FFF708
:10E490007EFF4FF4F973204663836685FFF735FDF1
:10E4A000002070BD0420FCE70E20FAE7E0F768B911
:10E4B00008B5DEF7DBFD08B3426A02B3136803B1A7
:10E4C000A83B32F88E0C32F87E2C904228BF1046C2
:10E4D00043B913E0934228BF1346984238BF184609
:10E4E000A1F1A803D3F8A8105A8B5B8D0029F1D1B4
:10E4F0009A4228BF1A46904238BF104608BD1046BF
:10E50000FCE70A8AC9680023DFF72AB970B5054617
:10E5100050F8043C55F804690446002B32D031B160
:10E52000836D7BB31B7CDA072CD505231DE03046B9
:10E53000E0F7D4FF737A012B24D0A46D14B3237CAD
:10E54000DB071FD5E368002BEFD06269617C2846AA
:10E55000DEF784F8064638B1D4E90512E368984737
:10E5600050B13046D7F768F90E23002228461146ED
:10E57000BDE87040DFF7F4B831462846DEF728FBE7
:10E580000028EED170BD70B50E46DEF76FFD044673
:10E5900028B93046D7F750F96FF07F0070BD00F111
:10E5A0000C052846314603F0C5FE606A38B150F8C4
:10E5B000A84904B1A83C2946FFF79AFE20B90020DB
:10E5C000ECE71C466FF00100002CF8D0D4F8A8301E
:10E5D00023B90230F5D020461C46ECE7A83BF8E70B
:10E5E00038B505460C46F5F77DF92846DEF73EFDC1
:10E5F00020B9F5F78BF96FF07F0038BD0023236059
:10E6000083683BB9C0E90144FFF743FEF5F77EF9A3
:10E610000020F2E71C608460F6E70120704708B52F
:10E62000DEF724FD98B1436A8BB1BFF35B8FA83B43
:10E6300003F1580252E8000F20F0080042E8000100
:10E640000029F7D1BFF35B8FD3F8A830ECE708BD02
:10E6500008B50421FFF792FB30B1BFF35B8F406D2B
:10E66000BFF35B8FC0F3C00008BD1060002070478F
:10E670000B4609895A8A914238BF11469A8B9142BA
:10E6800038BF1146DA8C914238BF11461A8D8A4242
:10E6900003D01985DB6A03B11847704710B5029C97
:10E6A000A36833B1B1F5807F28BF0E21CAB22146DD
:10E6B0009847A37DE268013BDBB2A37522B11BB989
:10E6C0002046BDE81040104710BD1060918000202A
:10E6D0007047002070470B6803608B8883808B79BC
:10E6E0008371704770B588B00021BDF8305001913A
:10E6F000164602A818221C4604F041FB1B2D0DD81B
:10E7000025441B2D0DDC2246314601A804F00FFBE9
:10E7100001A8DAF79BFC204608B070BD6FF0060434
:10E72000F9E76FF00C04F6E708B5072204F033FBB5
:10E73000B0FA80F0400908BD2DE9F04104460F46CB
:10E740009046461C002516F8013C434507D1394642
:10E750003046FFF7E9FF10B16019BDE8F0810A35D6
:10E76000282D06F10A06EED10020F6E710B5034683
:10E77000BFF35B8F53E8000F40EA010243E8002437
:10E78000002CF7D1BFF35B8F10BD10B50346BFF36C
:10E790005B8F53E8000F00EA010243E80024002CDD
:10E7A000F7D1BFF35B8F10BDBFF35B8F0068BFF382
:10E7B0005B8F70470023D3F75FBB08B5FEF71DF8EA
:10E7C00018B9BDE80840DFF71FBC002008BDF0B550
:10E7D00007683D7889B006461446E5B97B88B3F5ED
:10E7E000245F04D011D8A3F52053032B13D8ADF820
:10E7F0000A1002220DF10A012046FFF7DEFF70B178
:10E800006FF01502C4F8082106E003F55643FF3304
:10E810009BB2042B1DD90125284609B0F0BD7B8889
:10E82000ADF80A3002220DF10A012046FFF7C5FFBC
:10E830000028E5D1009003AA776813233146B84732
:10E84000021EDFDB03A92046FFF7B7FF0028E2D056
:10E85000D6E7ADF80A1002220DF10A012046FFF7B3
:10E86000ACFF0028CCD17B88ADF80A3002220DF134
:10E870000A01E8E7022A10B508D1002300F170016F
:10E880001A46007ADFF7E2FA022010BDDFF76CFCCF
:10E89000FAE713B5BDF8101010464FF006144FF00C
:10E8A000C8720829CDE900420BD8C1F108049C4286
:10E8B000A8BF1C462246694404F039FA204602B03B
:10E8C00010BD6FF00604F9E7F7B51546BDF82060F6
:10E8D0001F46FEF734FD022EADF806000ED8C6F135
:10E8E0000204BC42A8BF3C460DF10603224699191A
:10E8F000284604F01CFA204603B0F0BD6FF0060471
:10E90000F9E72DE9F0419846BDF818601546DAF7A9
:10E91000DFFB0746CDF782FE83B2B3420CD39C1BCC
:10E920004445A8BF4446A4B22246B919284604F07B
:10E93000FEF92046BDE8F0816FF00604F9E7F7B56F
:10E940001F460023BDF820608DF804301546DFF720
:10E95000F1F810B1037A8DF80430012E0DD8C6F10C
:10E960000104BC42A8BF3C4601AB22469919284687
:10E9700004F0DDF9204603B0F0BD6FF00604F9E7BE
:10E9800013B5C96810460A781C46BDF8103092B914
:10E990004A88ADF80620022B18D8C3F1020294422F
:10E9A000A8BF144622460DF10601194404F0BFF930
:10E9B000204602B010BD102B01F1010106D8C3F1B1
:10E9C00010029442A8BF14462246EEE76FF00604F8
:10E9D000EEE7F7B5C968BDF8206015461F46DFF7BA
:10E9E000CBF800B10089ADF80600022E0ED8C6F1B2
:10E9F0000204BC42A8BF3C460DF106032246991909
:10EA0000284604F094F9204603B0F0BD6FF00604E8
:10EA1000F9E708B50C3029B10121FFF7A7FEC04383
:10EA2000084008BD6FF00101FFF7AFFE00F00100E4
:10EA3000F7E710B50446FFF7ECFF38B12146012295
:10EA4000BDE8104011F8010BDFF7B2B810BD38B5C2
:10EA500004461546FFF7E1FD48B12046DFF76AF8A6
:10EA600028B1037ADB0702D50121FFF7E2FF55B990
:10EA7000207A04F17001DEF7FBFF20B18560BDE86C
:10EA80003840DFF7BBB938BD10B5BDF80810BDF888
:10EA90001040A14210460BD8641A9C42A8BF1C46E5
:10EAA000039BA4B22246194404F041F9204610BD4C
:10EAB0006FF00604FAE713B5044610B9002002B05F
:10EAC00010BD00238DF80430006842F6030301A94D
:10EAD000ADF80630FEF7E0FA0028EFD1E368988839
:10EAE0000028ECD12046DFF79FFE013080B2E6E738
:10EAF000F0B5CC6887B008461F46A3798DF804307E
:10EB0000BDF830601546FFF7D6FF2468ADF8050064
:10EB100023789BB96388ADF807300524B44219D334
:10EB2000A41BBC42A8BF3C46A4B201AB2246991923
:10EB3000284604F0FCF8204607B0F0BD631C0DF138
:10EB40000702113453F8041B42F8041BA342F9D105
:10EB50001324E3E76FF00604EDE71FB5CDE90123C9
:10EB6000002300931A46DFF78FFE05B05DF804FB23
:10EB7000DFF786BFFFF79CBC38B5D4074B8A054644
:10EB800004D513F0950F2BD0486848B3900704D5EF
:10EB900013F4957F26D0896821B302EA030414F4A4
:10EBA000DE7F0DD0EB7A2BB92846FEF723FFD8B9CC
:10EBB000052038BD14F0300F04D114F4C07F07D104
:10EBC0000020F6E72846FEF762FF0228F5D8EFE7B7
:10EBD000D5F8A030002BEBD05B7BDB06E8D5EFE768
:10EBE0000220E6E70320E4E70F20E2E72DE9FF41FA
:10EBF000437B072B06460C46174610D100238DF8A1
:10EC00000C30206842F6030303A9ADF80E30FEF77E
:10EC100043FA60B9E3689B7913F0300F03D1002009
:10EC200004B0BDE8F0812046E0F720F80446002358
:10EC300020688DF80C3003A942F60213ADF80E30AF
:10EC4000FEF72AFA18B12046E0F710F8044600252E
:10EC500042F6021820688DF800506946ADF802802F
:10EC6000FEF71AFAF0B9002320688DF80C3003A9DA
:10EC700042F60213ADF80E30FEF70EFA0028CED1A0
:10EC8000E5686C1C293514F8011C22463046FEF755
:10EC900000FF18B1B4F807301F42C1D10A34AC42AA
:10ECA000F1D1BCE720688DF8045042F6030301A9B6
:10ECB000ADF80630FEF7F0F90028D4D020688DF8C2
:10ECC00008504FF4205302A9ADF80A30FEF7E4F9DA
:10ECD0000028C8D020688DF80C5042F6010303A923
:10ECE000ADF80E30FEF7D8F90028BCD02046DFF78B
:10ECF000BDFF04460028ADD191E72DE9F04105465E
:10ED00008846DEF717FF0446E0B1037ADB0719D522
:10ED100000F10C073846FFF747FD10F0010611D14E
:10ED2000B8F1000F0FD06FF002013846FFF72DFD4C
:10ED300010F0020F284609D0FFF771FC0121204690
:10ED4000FFF777FE01263046BDE8F081FFF765FC4E
:10ED50000028F8D02846FFF77BFC0028F3D06FF09E
:10ED600002013846FFF711FD2846E5E7F8B50646EB
:10ED70000F46DEF761FE394604463046FEF7E1FAFB
:10ED800068B364B304F108056FF001012846FFF78A
:10ED9000FCFCC20703D539463046E0F7B7FB6FF0FD
:10EDA00002012846FFF7F1FC830703D539463046B8
:10EDB000DFF710FA2846FFF7F7FC80B9234603F87F
:10EDC000010BC4F80100C3F80300BFF35B8F55E8E3
:10EDD000003F45E80002002AF9D1BFF35B8FF8BD80
:10EDE00038B5A0F18F05441C15F8010C29460C35E7
:10EDF000FFF7BCFFA542F7D138BD38B5044659B17D
:10EE000000F170052946007AE0F780FB207A294658
:10EE1000BDE83840DFF7DEB938BD704707207047DE
:10EE2000BFF35B8F0068BFF35B8F084100F0010008
:10EE3000704710B50346D9B1C88910F0240F17D018
:10EE40001A7D5C7B097BA24228BF2246914201D9F0
:10EE5000002010BD820604D4187A003818BF0120A3
:10EE6000F7E70521181DFFF7DBFF0028F4D1EFE7D6
:10EE70000120EEE701238B40DB43BFF35B8F50E8BB
:10EE8000002F1A4040E800210029F8D1BFF35B8F22
:10EE90007047072070470023D2F7EEBF08B5062160
:10EEA000FEF76CFF18B9BDE80840E0F7F3BCEC389A
:10EEB00008BD01238B40BFF35B8F50E8002F1A433E
:10EEC00040E800210029F8D1BFF35B8F704708B5F7
:10EED0000E21FFF7EEFF002008BD70B5051D0E46A0
:10EEE00028460421FFF79CFF68B10022002100237F
:10EEF0000846FEF718FF044640B904212846FFF7EC
:10EF0000D8FF204670BD4FF47022EFE701210C308E
:10EF1000FDF7CCFD0670F4E738B504210446FFF791
:10EF2000DCFF054698B110210C30FDF7BFFD04F160
:10EF3000270304F1370253F8041B40F8041B9342E3
:10EF4000F9D120462946E0F713FC002038BD0820FF
:10EF5000FCE770B5D0F8EC30DB78012B044619D112
:10EF6000CD68061D10213046FFF784FF2B4604F1C3
:10EF7000B70205F1100153F8040B42F8040B8B4261
:10EF8000F9D107213046FFF74BFF28B10921304660
:10EF9000FFF78FFF002070BD0A213046FFF740FFCA
:10EFA0000028F3D12046BDE87040E0F707BE0720F7
:10EFB0007047072070470720704730B5012303FAD8
:10EFC00001F1CA43BFF35B8F50E8003F03EA02043C
:10EFD00040E80045002DF7D1BFF35B8F194214BF05
:10EFE0000120002030BD70B500F1700604460D46CA
:10EFF00007220968304603F0CEFE40B96B681A68F4
:10F0000022679A88A4F874209B7984F8763070BDC2
:10F0100038B50446031D0025BFF35B8F53E8002F6E
:10F0200043E800510029F9D1BFF35B8F04F5A070CC
:10F0300003F093FA2572BFF35B8F54E8003F44E876
:10F040000052002AF9D1BFF35B8F20460121BDE8B1
:10F050003840FFF72EBF2DE9F84FDDF82C80BDF8C2
:10F060002890044692461F46FFF718FF05460028E1
:10F070005AD0061DB9F1000F27D15AEA070324D14F
:10F0800003213046FFF7CCFED0B301213046FFF715
:10F09000C7FEA8B32C7D6B7B9C4228BF1C46224632
:10F0A00005F14701404603F042FE0F2C06D8C4F19B
:10F0B0001002002108EB040003F061FE304601213C
:10F0C000FFF7F7FE0120BDE8F88FD4F8A030F3B9C0
:10F0D00004F1700B217A5A462020E1F7C3FFC4F8EF
:10F0E000A00030B9217A5A460120E1F7BBFFC4F8ED
:10F0F000A000B9F1000F0AD15AEA070704D006E0D0
:10F10000D4F8A030002BE3D0D4F8A01071B90F21AF
:10F110003046FFF785FE20B1022206212046DCF7AB
:10F120006FFD2846FFF774FF0020CCE7CB899B06D4
:10F13000EDD50C7B1A312246B4E76FF0850070479D
:10F1400070B504460820E0F7B5FA0546E0B1061DA3
:10F1500008213046FFF78EFEBCB30721FFF78AFE79
:10F16000234605F1970204F1200153F8040B42F8FD
:10F17000040B8B42F9D10A213046FFF751FE70B1E2
:10F1800009213046FFF795FE0720E0F793FA044681
:10F19000E8B1E0F7B9FB0146C8B1204612E0102102
:10F1A0003046FFF73DFE09210028EAD13046FFF73F
:10F1B00037FE0028E8D02846E0F700FD0146002889
:10F1C000E2D02846E1F788FADEE70B21F9E770BDC7
:10F1D00070B50446A0F1EC0650F8543BE83CD3F877
:10F1E000A05003F0BAF903212046FFF719FEA0B1A1
:10F1F00008213046E1F7C0F93DB1EB8913B16B7BD3
:10F200009B0702D5284600F02BF830464FF4BC721D
:10F21000BDE87040002103F0B2BD01212046FFF798
:10F22000FFFD0028E4D10F212046FFF7F9FD00285B
:10F23000DED1E1E7DAF724BF70B504460D46164685
:10F24000E1F710FF38B931462846E1F789FE10B1E1
:10F25000C3891C43C48170BDC3891943C1817047F0
:10F2600010B5037A5B07044601D5DAF723FF214680
:10F2700011F8010BD8F794FD20464022BDE810405C
:10F28000002103F07CBD531E1944024411F80139DA
:10F2900000F8013B9042F9D1704710B5431E00F1D0
:10F2A0001002073013F8011F12F8014D1C70834241
:10F2B0001170F7D110BDF0B597B014460E4620225C
:10F2C000014605A81D461C9FFFF7DDFF20223146A1
:10F2D0000DA8FFF7D8FF2146102201A88DF8545041
:10F2E000FFF7D1FF3B46412205A901A800F058F8DD
:10F2F000044610B93846FFF7D0FF204617B0F0BDDE
:10F300002DE9F04397B00446164605A810221D4685
:10F31000DDE91F98219FFFF7B6FF1022314609A8AB
:10F32000FFF7B1FF102229460DA8FFF7ACFF1E9989
:10F33000032211A8FFF7A7FF4946D9F8010011F8E9
:10F34000013B8DF8473012908B88ADF84C30062287
:10F3500012A8FFF798FF4146062211F8013B8DF8ED
:10F360004E30D8F80130CDF84F300DF14F008B887A
:10F37000ADF85330FFF787FF2146102201A8FFF7B1
:10F3800082FF3B46412205A901A800F009F8044686
:10F3900010B93846FFF781FF204617B0BDE8F0836B
:10F3A00070B5C2B00D461646014616AA68461C4600
:10F3B000FDF7F8F918B96FF0040042B070BD32469D
:10F3C00029466846FDF719FA0028F4D06946204618
:10F3D000FDF77DFA0028EED00020EEE7F1F7B2B994
:10F3E000203870470023D2F747BD30B58BB01446A4
:10F3F0000DF10702049201220592002203468DF8C6
:10F40000182003AA8DF8071007920721022200682E
:10F410009B8808928DF824109DF82410856811436C
:10F420008DF82410AD6804A9A84718B9BDF80C30B0
:10F430005BBA23800BB030BD1FB503468DF80210B8
:10F44000080A03210122029102218DF801008DF8A2
:10F4500000201868CDF804D09B888DF80C109DF81A
:10F460000C10846841F002018DF80C10A46801A909
:10F47000A04704B010BD10B403460838BFF35B8F3B
:10F4800050E8002F511C40E80014002CF8D1BFF3C5
:10F490005B8F12B910BCE2F79BB86FF00F0210BC83
:10F4A0009A6670470369C9B20C2201FB0233186CDB
:10F4B00000F00700704770B5C9B20369EFF311851A
:10F4C000402484F31288BFF36F8F0C2606FB0134AF
:10F4D000246C14F0C00408D0A24206D085F3118831
:10F4E000BFF36F8F4FF0FF3070BD71430B440122AB
:10F4F0001A6485F31188BFF36F8F43680B445B6810
:10F5000098470020F0E78022FFF7D5BFF8B5069FA7
:10F510000469C9B2EFF31186402585F31288BFF361
:10F520006F8F0C2569430C44256C05F0070CBCF16A
:10F53000010F0BD1276486F31188BFF36F8FC4E9E5
:10F540000E2343685B5898470020F8BD05F0C005BE
:10F55000AF4286F31188BFF36F8F0CBF6FF0770057
:10F560004FF0FF30F1E713B580240094FFF7CEFF92
:10F5700002B010BD10B40069CBB21C2403FB040020
:10F58000002110BC10470020F0F728BF002001F038
:10F59000FABD1046F3F740BC0020704738B50C4662
:10F5A0001546D9F747FD28B129462046BDE8384021
:10F5B000DAF742B86FF00A0038BDF7B50F461646C5
:10F5C0004FF480650024A64203D816D0162003B05D
:10F5D000F0BD331BB3F5806F38BF1D462A4601AB23
:10F5E00039190020F5F71EFA20B9019BAB4201D171
:10F5F0002C44E8E76FF01500E9E70020E7E7002278
:10F6000008B511461046F5F7DDF9002818BF6FF070
:10F61000150008BD10B484682468A44610BC604777
:10F62000436818330B600123136070470023D2F73F
:10F6300023BCF3F7F1BB4FF0FF324FF0FF33F3F78A
:10F6400011BC0A46014651F8040B0023FFF7E2BF44
:10F6500038B50446456871B1012917D10069FFF733
:10F66000EAFFAA8EAB216068E2F7F0FC2069FFF7A1
:10F67000E0FF002038BD0069FFF7DDFF95F8363068
:10F680006A8E002B0CBFB9217921ECE76FF0850061
:10F69000F0E713B5044660680DF10601E2F70EFDD0
:10F6A00018B9BDF806301B06F5D502B010BD38B547
:10F6B00005460C4601F015FF002D07DBA84205D9D1
:10F6C000401B84428CBF0020012038BD0020FCE795
:10F6D00070B50D462846194616461C46FFF7E7FF4B
:10F6E00028B921462846BDE87040E2F7BBBF24B1E7
:10F6F00022462946304603F01AFB002070BDF7B5BC
:10F700001C461646002382682360A36013690D46D9
:10F7100001AA69469847019B5A1E01921BB96FF0D6
:10F72000150003B0F0BD0098A268476821686760C3
:10F7300085B9B31AD0F800C0634528BF63461A44A0
:10F7400003FB07112160A26002689A4206D80830C4
:10F750000090E0E76B1AB3FBF7F3EBE70020E0E77C
:10F7600013460022FFF7CBBF2DE9F047836886B030
:10F770001B698846914601A902AA98470024A2461F
:10F780002546029BAB4202D806B0BDE8F087019F38
:10F7900007EBC50700267B6804933A68B2420AEB80
:10F7A000060302D801359A46EBE7039405934946D0
:10F7B00003A8C0470028E7D0049B01361C44ECE7AF
:10F7C00043685B68D3F810350B60002070474368CE
:10F7D0005B6802EA010021EA0201C3F80805C3F8E8
:10F7E0000C150020704743685B680020C3F80815BB
:10F7F000704743685B680020C3F80C157047436886
:10F800005A68D2F8043521EA03000B40C2F8080513
:10F81000C2F80C350020704710B503695868F8B17C
:10F82000884219D19C6808685860A14200D198604C
:10F83000002008602AB15A680A609A68596002B9C3
:10F840009960002010E0814206D108682060986825
:10F850008142EDD19C60EBE7044600680028F2D1BC
:10F86000002AE8D16FF0150010BDF0B403460A4637
:10F870001979DB8800681343DC028768066906D5BE
:10F8800013F4402F03D0DA0748BF83F440233468D1
:10F8900001258D4023F48012DB074CBF2C43AC4381
:10F8A00034603B68F0BC184710B503695868F8B17C
:10F8B000884219D19C6808685860A14200D19860BC
:10F8C000002008602AB15A680A609A68596002B933
:10F8D0009960002010E0814206D108682060986895
:10F8E0008142EDD19C60EBE7044600680028F2D12C
:10F8F000002AE8D16FF0150010BDF3F78DBAA1F121
:10F900001400F3F771BC0023D2F7B6BA37B50D4631
:10F910000DF1060248210446E3F78AFA18B16FF0A8
:10F92000040003B030BD0DF1070249212046E3F782
:10F930007FFA0028F3D19DF807209DF8063043EAAE
:10F940000223AB800DF1060246212046E3F770FA50
:10F950000028E4D10DF1070247212046E3F768FAB9
:10F960000028DCD19DF807209DF8063043EA0223E9
:10F97000EB800DF1060202212046E3F759FA002838
:10F98000CDD10DF1070203212046E3F751FA0028FB
:10F99000C5D19DF807209DF8063043EA02236B800D
:10F9A0000DF1060206212046E3F742FA0028B6D1FF
:10F9B0000DF1070207212046E3F73AFA0028AED1FD
:10F9C0009DF807209DF8063043EA02232B80A8E724
:10F9D000F3F748BA00228BB21146E3F72DBB0023A0
:10F9E0001A4689B2E3F728BB8AB200231146E3F72F
:10F9F00023BB002392B289B2E3F71EBB006900214A
:10FA0000E3F704BC38B504460D4602F0E9FD28B919
:10FA100029462046BDE83840E3F7F8BB6FF00A00FE
:10FA200038BD38B50C460A7948210546E3F76EFC27
:10FA300010B16FF0040038BDA2884921120A28468F
:10FA4000E3F764FC0028F4D1A27946212846E3F7C5
:10FA50005DFC0028EDD1E2884721120A2846E3F731
:10FA600055FC0028E5D1A27802212846E3F74EFC98
:10FA70000028DED162880321120A2846E3F746FCFB
:10FA80000028D6D1227806212846E3F73FFC00283B
:10FA9000CFD122880721120A2846E3F737FC002835
:10FAA000C9D0C6E7002201210320D5F753BB38B5E2
:10FAB0000446056901221146284602F054FC012241
:10FAC00005F11800002102F04EFC2046BDE8384048
:10FAD000E4F7BCB813B501AA044600F04AF80028C0
:10FAE00005DB019B226819791868E4F7A5F902B0D3
:10FAF00010BD10B5446851B1012910D1606A0021D0
:10FB0000FFF7E8FF2046F2F709F9002010BD204674
:10FB1000F2F714F9606A0121FFF7DCFFF5E76FF0F7
:10FB20008500F3E710B443681868884217D9642A3F
:10FB300015D85B6803EBC10453F831002379012128
:10FB4000994003691B68194203D122B983681B6974
:10FB500003E0002AFAD18368DB6810BC18476FF015
:10FB6000150010BC70476422FFF7DCBF0022FFF7CE
:10FB7000D9BF30B543681360057A446804EBC50407
:10FB8000A34202D36FF0010030BD5C798C4201D0FA
:10FB90000833F0E70020F7E70023D2F76DB910B47F
:10FBA0000C46032C11461A4605D8CB1E012B05D84E
:10FBB00010BCE4F7EDBE10BCE4F77EBA6FF0850030
:10FBC00010BC7047F0B40C2707FB0214866814F8C9
:10FBD000045C45F0020504F8045CB468A446F0BC7B
:10FBE000604730B589B061F07F0144688DF8071037
:10FBF0000DF1070102910121606803911D4600216A
:10FC000023898DF81010CDE9052502A902228DF86F
:10FC10001C20FFF7D7FF09B030BD30B589B061F0C7
:10FC20007F0144688DF807100DF107011D46029110
:10FC30000121606823890391CDE905250021072270
:10FC40008DF810108DF81C2002A90222FFF7BAFFD0
:10FC500009B030BD1FB543688DF8012002225868F5
:10FC60008DF800101B8902928DF80C2001A9012249
:10FC7000CDF804D0FFF7A6FF05B05DF804FB10B582
:10FC800088B043688DF807100DF10701029101213A
:10FC900058681B890391CDE9052107228DF81C20A6
:10FCA0000024022202A98DF81040FFF78BFF08B054
:10FCB00010BD2DE9F0479846436888B0D3F804900A
:10FCC00093F808A08DF80410002301278DF8103058
:10FCD0000DF10303CDE9053707230E46144601ADA8
:10FCE0008DF81C300222534602A94846029503971C
:10FCF000FFF768FFB8B99DF8032022EA040304EA7D
:10FD000008041C43A2420ED0022303938DF8103046
:10FD10003A46534602A948468DF804608DF80540DE
:10FD20000295FFF74FFF08B0BDE8F08770B40346B7
:10FD300000681979DB8843F480320569866813F01E
:10FD4000010F4FF001042B6804FA01F414BF2343A0
:10FD5000A3432B60336870BC18470023D2F78CB8DC
:10FD600010B501F130030C46BFF35B8F53E8001F61
:10FD700041F0100143E80012002AF7D1BFF35B8F76
:10FD800054F8043C00215868E4F750FB04F13800B3
:10FD9000BDE81040F3F728BA10B501F124030C4672
:10FDA000BFF35B8F53E8001F41F0200143E80012CE
:10FDB000002AF7D1BFF35B8F54F8103C002158683C
:10FDC000E4F744FB04F12C00BDE81040F3F70CBA53
:10FDD00030B589B04368046918689B8800220DF12A
:10FDE00005018DF8052002918DF8102001210DF1FB
:10FDF0000602039105920721022206928DF81C103B
:10FE00009DF81C10856811438DF81C10AD6802A97F
:10FE1000A84700280CDBBDF8062052BA13B2D2075F
:10FE200004D5DB102380002009B030BD1B11F9E799
:10FE30006FF00400F8E77FB50469638823EA0103E3
:10FE400011400B4341689DB2C3F3072308688DF846
:10FE500001308B888DF8025003210122029102218A
:10FE60008DF80020CDF804D08DF80C109DF80C1002
:10FE7000866841F002018DF80C10B66801A9B04700
:10FE800000B9658004B070BD0D2910B528D192B1BC
:10FE9000072A25D11B68802B0BD0962B20D110224E
:10FEA0001021FFF7C8FF0028ACBF00206FF004004E
:10FEB00010BD0022F4E719685B68C1EB411401EB47
:10FEC00084014FF47A7493FBF4F303EBC1039BB208
:10FED000B3F57A6F0DD006D8FA2B08D0A3420AD01A
:10FEE0006FF08500E4E7B3F5FA5FF9D1C022C021D5
:10FEF000D7E78022FBE74022F9E703460A4600687D
:10FF00001979012303FA01F103691B68194218BF2B
:10FF100082F0010212B18368DB68184783681B69AD
:10FF2000FBE743681B68D3F88004C3F8800470477C
:10FF3000704703691A6813680BB152681847704715
:10FF400070B586B0066904460D461422002101A84A
:10FF500002F015FF02238DF8043033681B6C029306
:10FF600033689B6C01A92046CDE90335FFF7E1FF1B
:10FF700006B070BD30B587B004460D46142200218E
:10FF800001A802F0FCFE04230DEB030120468DF8CE
:10FF900004300295FFF7CDFF07B030BD10B586B035
:10FFA00004461422002101A802F0E9FE052301A95C
:10FFB00020468DF80430FFF7BCFF06B010BD70B5C9
:10FFC0000469406824680568007A10BB94F86E00E4
:10FFD00010BB94F86F6006F0FF00EEB9C4E9101290
:10FFE000C4E91200E3652065052693FBF6F323665A
:10FFF000C5F83415C5F83825C5F81001D5F8103105
:020000040005F5
:10000000C5F84C01D5F84C31012384F86E302B60D3
:1000100070BD6FF08500FBE76FF00F00F8E730B5BB
:1000200003691C6843681B68EFF31185402080F367
:100030001288BFF36F8F206CB0B1E06CB8B9042A9E
:10004000C4E91312C3F83415C3F8382505D80020C5
:1000500085F31188BFF36F8F30BDD3F8002242F0D3
:100060002002C3F80022F2E76FF00C00F0E76FF017
:100070000F00EDE70369186820B101601B680020DC
:100080005A6070476FF08500704710B5426800698C
:100090001368006860B9D3F8104164B1D26A12786D
:1000A0000A70C3F81001D3F8102101221A6010BDA4
:1000B0006FF08500FBE74FF0FF30F8E773B543685A
:1000C0000E460DF107011C681546FAF7CEFB9DF8A8
:1000D00007306BB9C4F84465C4F84855C4F82031FA
:1000E000D4F82021C4F85831D4F858310123A36042
:1000F00002B070BD38B503691D6843681C682B6C7D
:100100001BB305F1080002F06AFCEFF311824023F3
:1001100083F31288BFF36F8FEB6C53B1D4F80032C6
:1001200023F02003C4F800320023C4F84C31D4F883
:100130004C310123002085F86E0085F86F30636034
:1001400082F31188BFF36F8F38BD6FF00D00FBE7AE
:1001500010B503691968D1F8AC20D1F8B840121B6A
:1001600013D0082A28BF08224068C1F8B4201968B3
:10017000006AC1F8B0001B68D3F8A810D3F8B830F3
:10018000194402F0D4FD012010BD1046FCE70268BE
:100190000346D2F8580140B95B68DB0706D4D2F8B1
:1001A0002001003818BF012070470120704710B5AA
:1001B00043681B684FF48002C3F804230446406878
:1001C000FFF7E5FF0B6818B9012283F8C02010BDC6
:1001D000002283F8C0200B684FF0FF32C3F8BC2028
:1001E0000B682046D3E92C12BDE81040FFF766BF2C
:1001F00013B501AA0446FFF7BCFC002805DB019BF0
:10020000226819791868E3F717FE02B010BD0129BA
:100210002DE9F843054621D143680021D868FFF74E
:10022000E7FF6C682E6923680822C3F8002533684D
:1002300013B90020BDE8F88363689A07F9D518342C
:100240002046F1F7B7FC0025336893F86D309D42E6
:10025000EFDA204601F0D2F90135F5E7002949D15E
:10026000076946683B683468002B3BD0736813F01D
:10027000010918D14FF48073C4F808334FF47A7829
:100280006868FFF784FF28B9012001F088F8B8F109
:100290000108F5D1D4F858312BB9C4F82031D4F87D
:1002A00020310123E3604FF47A75D4F8583123B933
:1002B000012001F074F8013DF7D1B9F1000F03D12D
:1002C0004FF48073C4F804333B685BB173689B07D9
:1002D00008D506F11800F1F77BFC3A680023536556
:1002E0003A6893650023C4F80035F0680121FFF7F0
:1002F0007FFF9EE76FF085009CE72DE9F041466B9C
:1003000033691C6894F86C3003F0FF076BBBD6F8B8
:100310000480D8F800301022C3F80823D8F804303D
:100320009B0724D5394608F1180001F06BF9636D7D
:1003300083421EBFE36D60656366D4E91530D8F86B
:1003400004C01B1A1CF0020FD4E911211D4610D164
:10035000002B0EDA9142A06602D9551A002D25DC39
:1003600073681B681022C3F80423BDE8F081A06EF7
:10037000DDE758189042F0D8002BF1DDD4E91823BE
:10038000934218DA236C002BEAD029463046FFF757
:10039000D7FDA36C2B44A364A36D2B44A365002F4E
:1003A000DED004F1080002F01AFBD9E7236C002B21
:1003B000F7D00127E9E79B1A6366D1E738B54268B1
:1003C000036915681A68D2F8A81051B1002482F8A0
:1003D000C0401868703002F002FB0123EB60204639
:1003E00038BD6FF00D00FBE7406BFFF7E7BF002261
:1003F00001210420D4F7AEBE10B50B6813B9136009
:10040000184605E003685C681CB11460036818684E
:1004100010BD083303600B68013B0B60EDE7002360
:10042000D1F72ABD13B501AA0446FFF7A2FB0028A5
:1004300005DB019B226819791868E3F7FDFC02B01F
:1004400010BD70B50129066945680C4605D0032921
:1004500013D041B16FF0850070BD0021686BBDE81D
:100460007040FFF7DFBF96F86D3023B12846F1F7F3
:1004700021FA86F86D400121F0E70020ECE7034601
:100480000A4600681979012303FA01F103691B6820
:10049000194218BF82F0010212B18368DB68184765
:1004A00083681B69FBE710B504460068D0B1836818
:1004B000C3B149B101210830FFF7E1FF2368186992
:1004C000BDE8104001F095BD12B98388DB0409D462
:1004D000006901F08EFD20680021BDE81040083061
:1004E000FFF7CDBF10BD10B5012200210446FFF774
:1004F000DAFFA36933B9636004F11000BDE810406E
:10050000F2F78ABC10BD10B5006903688B4206D1B2
:1005100090F86C4034B9FFF7E6FF204610BD6FF04D
:100520001500FBE76FF00F00F8E738B505690446E2
:10053000296405F12800F2F76FFC002285F86C2091
:1005400020691146BDE83840FFF7ADBFF8B50C464D
:10055000054600F0C3FF0022214606462846F0F774
:10056000CBFD03212046E5F7CFFD00F023F8074639
:100570002B689B5953B100262146284600F0ACFF5A
:1005800020460121E5F7C0FD3046F8BD00F012F825
:10059000C01B0628ECD96FF07306EDE700F150039D
:1005A0009B009BB203F1804303F5883300221A605D
:1005B0001B68704708B5E5F76DFE08BD03460A469F
:1005C00000681979012303FA01F103691B681942D4
:1005D00018BF82F0010212B18368DB681847836894
:1005E0001B69FBE74368DB6992FBF3F20A60704723
:1005F00001F004BD38B5002120EAE0744FF4004555
:1006000040F2E7304FF47A720023C4FB0501C8F7CB
:10061000ADF9BDE83840F3F723BA0023D1F72CBC7D
:10062000F0B4034600681979DB8806698768346886
:10063000DA0754BF43F4B01383F4D01301258D407F
:1006400023F48012DB074CBF2C43AC4334603B687F
:10065000F0BC1847F2F772BB10B50369002483F8A9
:100660002A400069FFF7F6FF204610BD03460A4600
:1006700000681979012303FA01F103691B68194223
:1006800018BF82F0010212B18368DB6818478368E3
:100690001B69FBE70023D1F7EFBBF2F74FBBBFF3BA
:1006A0005B8F50E8003F40E80012002AF9D1BFF309
:1006B0005B8F704703460A4600681979012303FAE5
:1006C00001F103691B68194218BF82F0010212B1DF
:1006D0008368DB68184783681B69FBE701F08EBC01
:1006E000F2F79ABB0023D1F7C7BBF0B4034600680A
:1006F0001979DB88066987683468DA0754BF43F4E0
:10070000B01383F4D01301258D4023F48012DB074E
:100710004CBF2C43AC4334603B68F0BC184738B541
:10072000054601F05DFFC0B9286904304FF0FF3283
:100730004FF0FF33F2F796FB2869047F2CB10430A9
:10074000FFF7CEFF6FF00F0038BD01230377286954
:100750000430FFF7C5FF2046F6E76FF00A00F3E725
:1007600038B5054601F03CFF0446B8B928690430A5
:100770004FF0FF334FF0FF32F2F774FB2869037F2D
:100780002BB90430FFF7ACFF6FF00C0038BD0477D5
:1007900028690430FFF7A4FF2046F7E76FF00A004E
:1007A000F4E7F0B403460A461979DB88006813437E
:1007B000DC028768066906D513F4402F03D0DA07F8
:1007C00048BF83F44023346801258D4023F4801210
:1007D000DB074CBF2C43AC4334603B68F0BC18478C
:1007E00001F00CBC0023D1F747BB03691962036910
:1007F00000205A6270470023D1F73EBBC0F30723A5
:100800000870000C8870000A4B70C8707047006850
:10081000704780687047002383607047D0E90123E8
:100820009A421FBF0268D154836801331ABF8360A4
:1008300000206FF01B00704710B5D0E90123D21AD9
:10084000012A0AD90268D418D154C1F30721617072
:10085000836802338360002010BD6FF01B00FBE74C
:10086000FFF7DCBF10B5D0E90123D21A012A09D95C
:100870000268D418D154090A617083680233836016
:10088000002010BD6FF01B00FBE7024608B50846CC
:10089000D2E901315B1A032B08D913681944FFF719
:1008A000ADFF936804339360002008BD6FF01B0018
:1008B000FBE7F0B504464800451C9D4228D19DF851
:1008C0001430002B0CBF61264126013C00250A3E56
:1008D000571C8D4203D1002302F81530F0BD94F867
:1008E00001C04FEA1C13BCF19F0F86BF9B19DBB2FE
:1008F000303302F8153014F8013F03F00F03092BD1
:1009000086BF9B19DBB2303307F815300135E0E7BD
:100910006FF01500E2E7F0B5441E2646002516F8F4
:10092000010F38B9B5EB420F31D114F8012F7AB964
:100930004008F0BD0BB12028F1D0A0F13007092FFD
:1009400004D920F020004138052820D80135E6E7F9
:100950000BB1202AE9D0A2F16105052D10D8573A34
:10096000451CC00748BF0846D2B249BF10F8016B0A
:10097000120132430A7054BF0A7001462846D4E778
:10098000A2F14105052D94BF373A303AE8E76FF000
:100990001500CEE70B6801330B6070470023D1F7D9
:1009A0006BBA2DE9F041054686B00E4617469846CB
:1009B00001F0C2FF4FF47A72A0FB024302FB013147
:1009C000E40B44EA41404FF47A720023C90BC7F7A5
:1009D0007DFF0823029304AB0193BDF830300093F0
:1009E000CDE9040143463A4631462846FEF74CF825
:1009F00006B0BDE8F08137B5034600681C7905698B
:100A0000836801A95B68984740B9019B2A685A40EE
:100A10000123A3401A4214BF0120002003B030BDBF
:100A20003038F2F7E1BB0023D1F726BA07B54FF013
:100A3000FF324FF0FF33CDE90023203044F6CD42A2
:100A40000023F3F7F5FA03B05DF804FB70B4034636
:100A500000681979DB8843F480320569866813F0F1
:100A6000010F4FF001042B6804FA01F414BF234373
:100A7000A3432B60336870BC184737B50346006842
:100A80001C790569836801A95B68984740B9019B97
:100A90002A685A400123A3401A4214BF01200020B3
:100AA00003B030BD0023D1F7E7B9F2F7D9BF08B5DD
:100AB000037A052B07D8DFE803F003080C11181D93
:100AC000C368426A1A60002008BDC368426A1A609F
:100AD000F9E7C36890F824201A70F4E7026900F17E
:100AE0002401C06802F023F9EDE7416AC068CBF742
:100AF0008DFDE8E70269416AF3E7BFF35B8F0068A9
:100B0000BFF35B8F70470346BFF35B8F53E8000F63
:100B100043E80012002AF9D1BFF35B8F704700232E
:100B2000D1F7AAB970B50446A0F1B006A0F19405BA
:100B30004FF0FF334FF0FF322846F2F787F854F8B2
:100B4000A83C23B154F8A42C0021304698472846ED
:100B5000BDE87040F2F7F2B870B50446A0F1A00607
:100B6000A0F184054FF0FF334FF0FF322846F2F733
:100B70006DF854F8983C23B154F8942C0121304678
:100B800098472846BDE87040F2F7D8B808B5D0308D
:100B9000FFF7B3FF003818BF01200870002008BD20
:100BA000F8B504460E46154600F11C074FF0FF321B
:100BB0004FF0FF333846F2F749F8C4E9026538468A
:100BC000F2F7BCF80020F8BD70B504460D46164695
:100BD000EAF768FF324629462046EAF753FF3246D5
:100BE00029462046EAF73EFF324629462046EAF7E4
:100BF00029FF324629462046EAF714FF32462946A5
:100C00002046EAF7FFFE324629462046EAF7EAFE8A
:100C1000324629462046EAF7D5FE32462946204686
:100C2000EAF7C0FE324629462046EAF7ABFE3246D6
:100C300029462046EAF796FE002070BDF0B5002256
:100C4000D0F8D84200F1180315461046A24203D14D
:100C500008B101230375F0BD19461D7528B11F7A2F
:100C6000067AB7428CBF194601460132183308464E
:100C7000ECE7F2F763B82DE9F04F0A690C68182524
:100C80005543661987B0337C0746002B7ED04B68EE
:100C9000C868013B9A4234BF05F1180A4FF0000AB8
:100CA00004EB0A0801F028FE63590293CDE9040120
:100CB00054F80A300393D6E90241C9034FF47A721B
:100CC0000023E00341EA5441C7F750FED6F80490F0
:100CD000D8F804A005460E464FF000084FEAC803B6
:100CE0000298D7F800B0C3F1200120FA03F409FA02
:100CF00001F10398A3F1200229FA02F20C43C3F197
:100D0000200114430AFA01F1A3F1200220FA03F3AF
:100D10002AFA02F20B43049905981343691AE2B2C6
:100D2000DBB2A3EB020366EB000CDA1703FB0CFC4F
:100D300001FB02CCA3FB01012A4633466144C7F7FD
:100D4000C5FD22186423D2B212FB03F2FF23B2FBCB
:100D5000F3F2D2B2DBF808301B6943B14146584682
:100D6000984720B908F10108B8F1080FB6D14FF043
:100D7000FF324FF0FF33CDE9002307F538708422AE
:100D80000023F3F755F907B0BDE8F08F766854F803
:100D900005901C466425E000C0F1200206FA02F22C
:100DA000A0F1200329FA00F026FA03F310431843B8
:100DB00000F0FF00FF220023A0FB0501C7F7D6FDCE
:100DC000D7F80080C2B2D8F808301B69002BDAD0FF
:100DD0002146404698470028D5D10134082CDAD165
:100DE000D1E72DE9F7430546466B371D0022002366
:100DF0003846F1F72BFF00280DDA4FF0FF324FF0A5
:100E0000FF33CDE9002328460A220023F3F710F927
:100E100003B0BDE8F08355F8084C236962680133DC
:100E20009342236103D3637A63B30023236123696D
:100E30002268182101FB0322D2E902310029BCBF3C
:100E400000231946C90341EA534140F2E732DB036C
:100E5000981841F100014FF47A720023C7F786FD1C
:100E600002460B464FF0FF384FF0FF39CDE90089BD
:100E70002846F3F7DDF8237D73B121463046FFF7AE
:100E8000FAFE09E0237D1BB106F5387001F0A7FDDD
:100E900021463046EAF75AFE384603B0BDE8F04333
:100EA000FFF7E7BE73B50446A0F5377500220023AF
:100EB0002846F1F7CBFE00280CDA4FF0FF324FF056
:100EC000FF33CDE9002320460A220023F3F7B0F8D0
:100ED00002B070BD00231822A4F52D7002FB03F1AF
:100EE000465C5EB1A4F5387018310144FFF7C3FECB
:100EF000284602B0BDE87040FFF7BBBE0133082BA7
:100F0000ECD1F5E783685B681847F2F7A9BD08B52F
:100F100001F012FD4FF47A72A0FB020302FB0131D3
:100F2000C00B40EA4140C90B08BD0023D0F7A4BF65
:100F3000F3F710B90023D0F79FBFF1F787BEF1F7A1
:100F4000FDBE4B1E0B2B1BD80B291DD801238B403C
:100F500013F4256F16D1022916D14FF4C87290FBF5
:100F6000F2F302FB13038BB1642290FBF2F302FB5A
:100F700013036BB110F0030F14BF1C201D2070472A
:100F8000002070471E2070471F2070471D207047AB
:100F90001C2070470023D0F76FBFD0F76DBF10B58E
:100FA000EFF736F94FF0FF304FF0FF31EEF7B2F9BF
:100FB000044620B9BBF76AFE0446EEF7B3F92046B3
:100FC00010BD38B50B8A0D4673B30B7EA3B1022B4F
:100FD0002AD14FF0FF304FF0FF31EEF79BF9044676
:100FE00040B9E868C7F786FE0446EEF79BF9B4B14E
:100FF000EEF700FB204638BD4FF0FF304FF0FF31D9
:10100000EEF788F904460028F4D1E868EEF7EEFB25
:101010000446EEF787F9002CECD1EEF7EBFA284600
:10102000D4F70AFC0024E5E76FF01504E2E7EEF7D9
:10103000F5BA10B531220446002101F0A0FE2023AC
:1010400023708023A3706FF03F0363710423A372A6
:101050002823A3730223E3730423A3756FF008030B
:1010600063766FF03C03A3766FF00C03E3767E2388
:101070002377302384F820306FF03F0384F8213049
:101080007F2384F822306FF0010384F8233001239A
:1010900084F82430802384F82630042384F8273011
:1010A00084F82930402384F82D3010BD00230360DC
:1010B0004360037823F07D0343F07D03037043789E
:1010C00023F0410343F041034370704708B5032305
:1010D000C6F7FAF8002008BD01F12003013813F823
:1010E000012D00F8012F8B42F9D170470021EFF755
:1010F000B1B890F84010012901D8EFF7ABB8122031
:101100007047684620F007018D4601B5C3F7BAFE67
:10111000D3F7B6FABDE801408546704708B54FF0F1
:10112000FF314FF0FF30EEF7F5F8CBF74FFABDE89F
:101130000840EEF7F7B8684620F007018D4601B584
:10114000C3F76CFEBDE8014085467047684620F055
:1011500007018D4601B5C3F797FBD3F791FABDE8B8
:1011600001408546704708B5CBF71AF8002008BD46
:10117000F3F7D2BB08B5D3F7D7F8D3F7ABF9BDE88F
:101180000840F3F7C9BB012801D1C3F7AFB87047D6
:101190007047C2F7D1BE08B5C5F760FF30B1EFF3B5
:1011A00005800338032894BF0020012008BD704744
:1011B0000020704710B53C29046901D00C2904D1E6
:1011C000C6F78CF82060002010BD6FF08500FBE7AB
:1011D0008068183820F0070010387047042809D0BC
:1011E000052803D1481E18BF01207047431A5842F2
:1011F000584170470120704738B515460C4661B11B
:101200005AB1F9F7BEFB2544214611F8013B834250
:1012100003D1A942F9D1012038BD0020FCE738B53F
:101220000C460123114622460546F9F74CFB0028DF
:101230000FDB012221462846FFF7DEFF38B923786D
:10124000012B14BF022301232370002038BD032388
:10125000FAE70120FAE72DE9F7431D4606460F4657
:101260009046F9F785FB6C1E044440420440082C6C
:101270001AD83046F9F785FB2A468146414668462A
:1012800001F055FD621B49460DEB050001F077FDAD
:1012900023466A4639463046F9F72AFB003818BF1C
:1012A000012003B0BDE8F0834FF0FF30F9E707B548
:1012B00001238DF8042001AAFFF7CDFF03B05DF8EC
:1012C00004FB81681839012221F00701FFF7EFBF05
:1012D0008268183A22F00702FFF7A1BF13B50C4647
:1012E000C0B201A9D1F7B6F950B921460198EFF77C
:1012F000D3F904460198F9F7E5FA204602B010BD8B
:101300000124FAE713B541EA021104468DF80710EB
:10131000FFF75EFF012301460DF107022046FFF7AC
:101320009AFF02B010BDF7B50D1E69460CBF1746F7
:101330002F460446EFF7B0F978B99DF80060022E09
:1013400022D0032E0BD0012E24D135B19DF80330CD
:10135000032B02D12046FFF7B4FF03B0F0BD002DF0
:10136000FBD12046EFF776F90028F6D157B1204699
:10137000FFF7A7FF0028F0D1002231462046FFF7F3
:10138000C1FFEAE70226F7E735B9A26829462046F9
:10139000F9F7C3FA0320E0E70420DEE7004700F096
:1013A00028BEC00000F1804000F5F830C0F81015EC
:1013B000C0F814257047F0F70FB8F7B5019001A8F1
:1013C000DDE9084716461D46EFF7DCFB019BB6F149
:1013D000000C18BF4FF0010C00EB83000B1E18BF70
:1013E0000123002D43EA4C0314BF4FF00C0C4FF0C7
:1013F000000C002C43EA0C0314BF4FF4E06C4FF0D8
:10140000000C002F43EA0C03D0F8002714BF4FF460
:10141000403C4FF0000C43EA0C0322EA030301B105
:1014200009780EB13678760019430DB12D78AD00EC
:1014300031430CB12478240229430FB13F783F0493
:101440000C433C43C0F8004703B0F0BD1FB50DF19D
:101450000F03019300238DF80F1000931A461946CD
:10146000FFF7ABFF05B05DF804FB08B50146EFF7E9
:10147000DBFB40B10846EFF7BFFB00B2800000F590
:10148000807080B208BD4FF4BE70FBE738B50546EA
:1014900008460C46EFF7C8FBB0B10846EFF7B8FBBB
:1014A00090B90846EFF7A8FB2A6801238340C2F8E9
:1014B00008332A6803B202EB8303D3F8102522F025
:1014C0000302C3F8102538BD20460021BDE838408E
:1014D000FFF7BCBFEFF72EBCFFF7D8BF0846FFF7FA
:1014E000C4BF4FF080531A695869504370474FF09A
:1014F0008053186970474FF08053586970470368EC
:1015000039B10022C3F80021D3F800210122C3F829
:1015100004230122C3F84423704770B5A2F58074F8
:10152000A408012606FA04F4054614EA010008D0CE
:10153000A85830B10021A950AA581A6822431A604D
:10154000304670BD2DE9F341002304460D4601935A
:10155000904601AB4FF4A672FFF7DFFF4FF48272A3
:1015600029462046FFF7D9FF4FF48C7207462946DB
:101570002046FFF7D2FF064630B1B8F1000F1DD06C
:1015800017B1D4F83C353E4601AB4FF4887229467A
:101590002046FFF7C2FF30B1B8F1000F03D016B9F3
:1015A0000FB1D4F83C3501AB4FF490722946204678
:1015B000FFF7B3FF019802B0BDE8F0814646E3E7CC
:1015C00007B5019001A8EFF7A1FF019A012393400D
:1015D000C0F8083503B05DF804FB07B5019001A819
:1015E000EFF794FF019A01239340C0F80C3503B044
:1015F0005DF804FB03680122DA607047036801228A
:101600009A6070478B0040330268DBB20120D050F3
:1016100001F5A87152F82100704791F82020034687
:10162000032A29D8DFE802F0212519028A6850032D
:1016300004D5D3F84C250869904207D18A68520333
:101640001AD4D3F84C258969914215D0002006227E
:10165000C3F80005C3F800257047D3F84C25086986
:101660009042F3D1D3F83C25EDE7D3F84C25096936
:10167000EAE7D3F83C25FAE70120704738B5857BC7
:1016800004465DB90068062303222946F0F7CAFA2A
:101690006068062303222946F0F7C4FA012038BD0A
:1016A00030B5A2F58075AD080124AC400C4207D0DE
:1016B000815829B10021815082581A6822431A604A
:1016C00030BD13B500230C4601934FF4A47201AB57
:1016D000FFF7E6FF21464FF48272FFF7E1FF214654
:1016E0004FF49272FFF7DCFF21464FF4A872FFF728
:1016F000D7FF21464FF4A672FFF7D2FF21464FF4E1
:10170000B072FFF7CDFF4FF4AE722146FFF7C8FF6E
:10171000019802B010BD07B5019001A8F0F7ACFD2B
:10172000019A01239340C0F8083503B05DF804FB2B
:101730000369C26893429CBF81685B18013B981A99
:1017400070472DE9F041D0E902840546A8EB040674
:101750004068964220440F46144404D901F0E7FA49
:10176000EC60BDE8F0813246A4EB080401F0DFFA3A
:1017700068682246B919F1E72DE9F843C5680646BD
:10178000894617464FF000083369B46870689D4277
:1017900028BF1B19641BBC4203F1FF3328BF3C4622
:1017A0005B1B9C4228BF1C4649462844224601F048
:1017B000BEFAB3682544AB4208BF00253F1BA044D6
:1017C000A144F560E0D14046BDE8F88370B5044619
:1017D0000D461646F0F70AFF324629462046F0F736
:1017E000F9FD0446F0F70CFF204670BDF0F7C2BDCE
:1017F00008B5FFF7FBFF002008BD30B5026A0346BD
:10180000D2E9014084424FF0000002D30123D360AB
:1018100030BD1874506801305060186A4268541E18
:101820000268242505FB042218465C1950F8045B65
:1018300042F8045BA042F9D199600120E8E7F0B5D5
:10184000064604460F4694460FCE8BB001AD0FC539
:101850000FCE0FC5216A33684A682B602068A568DF
:1018600022B90223CB6000200BB0F0BDFB0713D5DB
:101870000B682426013A06FB02337E0703D41A7C48
:101880000AB10F23EEE7224603F1240153F8046B5B
:1018900042F8046B8B42F9D1B90741BF226A536801
:1018A00003F1FF335360AC4505D2236A002BDAD035
:1018B0000422DA60D7E77A0748BF20603B0701D4EB
:1018C0000120D1E706AB93E80700143484E8070051
:1018D000F6E710B502601A44029B836001294FF0BD
:1018E0000003C26003740375836101D8036210BDF5
:1018F00024224A43243A841804628350026A8C1ECC
:101900009460026A5360026AD360026A1374026AC6
:10191000022953741EBF036A24301860E7E71828B1
:1019200071F100030ED3B0F5807F71F100030BD38A
:10193000B0F5803F71F1000308D3002914BF0920DE
:101940000520704701207047022070470320704730
:1019500037B508294FF000044FF00005CDE90045E8
:101960000A460AD80146684601F0E1F9DDE90001BE
:1019700003B0BDE83040FFF7D2BF002003B030BD58
:1019800003460020884200D170471A5C002AFBD031
:101990000130F7E700B1C1607047436803608368B6
:1019A00001338360006AFFF7F5BF08B50268C368BA
:1019B0009A4205D3006A0821FFF7ECFF002008BD1A
:1019C0000120FCE738B504460D46FFF7EEFF40B1B5
:1019D00023681B78B5EB531F04D0206A0A21FFF758
:1019E000D9FF002038BD10B50446FFF7DEFF38B13F
:1019F00023681A78FF2A05D0206A0A21FFF7CAFF58
:101A0000002010BD01332360FBE710B5027D0446C2
:101A100032B1FFF7E8FF48B1002323754FF0FF32E2
:101A200020460721BDE81040FFF709BF10BD2DE992
:101A3000F84F04460E4691461D46FFF7B6FF804616
:101A400028B1A36843B90321206AFFF7A3FF4FF031
:101A500000084046BDE8F88F2268177807F01F0B92
:101A6000BBF11F0F12D12DB3206A18B1037C0BB14B
:101A70001521EAE701232B700025236863600135F7
:101A80002B442360A368013BA360E2E7BBF1170F7F
:101A900014D9ABF11803D9B203290BD801259D4005
:101AA000A94509D3E36805F1010A5244934207D2DC
:101AB0000821C9E70721C7E70521C5E70025F1E7A8
:101AC0004A460021304601F05AF915B986F800B0AF
:101AD000D2E72268711E531913F8010901F8010FAA
:101AE0009A42F9D1236A002BC7D01B7C002BC4D0AB
:101AF0000737FFB2022FC0D949463046FFF728FF0B
:101B00008245BAD015219FE738B50C4611460546E7
:101B1000FFF758FF08B9002038BD04220023A118A0
:101B20002846FFF784FF0028F5D02B682360F3E7F1
:101B300037B5002304468DF80330FFF743FFA8B103
:101B400004220DF103030DEB02012046FFF76FFFA6
:101B500060B19DF8035065B901992046FFF74DFE2D
:101B600050B963682360A3680133A360002003B009
:101B700030BD6FF00F01F0E72575F8E738B5044682
:101B80000D46FFF7C1FF48B12268E3689B1A6A68F7
:101B90009A4204D908212046FFF7FFFE002038BDF5
:101BA00038B504460D46FFF7E9FF18B123686A68A7
:101BB0001344236038BD70B50D4600210446164617
:101BC000FFF700FF38B13246294620460023BDE822
:101BD0007040FFF72CBF70BD0422FFF7ECBFFFF78A
:101BE000FBBF0222FFF7DCBF0322FFF7D9BF0421AE
:101BF000FFF79EBF10B505210446FFF799FF50B1CE
:101C0000237D4BB9A3686FF00042934205D30521B1
:101C10002046FFF7C2FE002010BD5B00A360FBE77B
:101C2000037D23B98068B0FA80F0400970470368EB
:101C3000C268934205D21878A0F1FF035842584178
:101C4000704700207047FFF7E0BEFFF7DEBE70B5BB
:101C50000D4607210446FFF7B5FE48B123681E78FC
:101C600006F01F06182E05D9206A0A21FFF792FEFA
:101C7000002070BD0023012229462046FFF7D7FE31
:101C80000028F5D0182EF4D12B781F2BF1D8152170
:101C90002046FFF782FEEBE737B50C460DF1070152
:101CA0000546FFF7D4FF58B19DF80730143BDBB26F
:101CB000012B8DF8073006D90A212846FFF76DFE63
:101CC000002003B030BD03F001032370F9E738B5FD
:101CD0000D4606210446FFF775FE08B9002038BD01
:101CE0000023042229462046FFF7A1FE0028F5D054
:101CF000A3680133A360F2E7F0B58FB00446FFF7A5
:101D000054FE00285DD023681D7800220023CDE911
:101D100002236D09234605AA04F1200718685968B3
:101D2000164603C60833BB423246F7D11868306006
:101D3000062D1CD02A1F0023012A4FF008028DF81F
:101D400004300DEB020198BF01AB05A8FFF76FFE51
:101D50000646002835D0042D3BD019D8023D012D70
:101D600021D9059B2360A368013BA3602AE001A958
:101D700005A8FFF7ACFF20B3059B089A934204D354
:101D80000821206AFFF706FE1BE01D786D09CFE7EA
:101D9000052DE6D1DDE90232B3F1004F72F1000109
:101DA00013D32946EDE7E3682168029A5B1A9A4249
:101DB00003D8059B13440593D3E708212046FFF77A
:101DC000ECFD002630460FB0F0BDDB185241CDE9E6
:101DD00002329DF8045025B16FF00F020023CDE9C7
:101DE0000223029B07938DF8285005A8FFF718FFE0
:101DF000014638B1002DB4D005A8FFF7F4FD002846
:101E0000AFD1DEE705A8FFF777FF0028EDD1D8E7CF
:101E1000FFF75FBD00B1C160704710B50368C468CB
:101E2000A34205D3006A0821FFF7F4FF002010BD8C
:101E300002F01F0242EA4111197003680133036086
:101E40000120F4E770B505460E46104619461446C3
:101E5000FFF77EFD2246431E31462846BDE870400E
:101E6000F0F7D4BBF8B51746C36802689A42044637
:101E70000D4606D3206A0821FFF7CCFF0026304626
:101E8000F8BD9B1A4A689A42F4D80E4656F8043BAD
:101E900053B104213046FFF75BFD6A6823681344A1
:101EA000E26803449A42E5D3324604233946204689
:101EB000FFF7C8FF06460028E0D02068296888425E
:101EC00002D06A6800F041FF23686A681344236007
:101ED000D5E7082A73B513460C4606D9006A0521D2
:101EE000FFF798FF002002B070BD8E1816F9012C84
:101EF000002A0FDA0A4669460C46B24204D1012193
:101F00002246FFF79FFFEEE712F8015BED4301F871
:101F1000015BF2E70021F3E713460A460021FFF7D1
:101F200091BF07B5042201910DEB0201FFF7D1FF2C
:101F300003B05DF804FB07B5042201910DEB02012B
:101F4000FFF7EAFF03B05DF804FBFFF7F4BF0222DE
:101F5000FFF788BF0322FFF785BF07B5CDE9001261
:101F60006946FFF7F7FF03B05DF804FB38B50C4690
:101F7000054611462046FFF703FD21460246284646
:101F8000BDE83840FFF7E9BF1F220421FFF745BF36
:101F90001F220521FFF741BF1F220721FFF73DBF89
:101FA000FFF7FABF10B50A4609781839072905D98D
:101FB000BDE8104001230721FFF744BF006A152147
:101FC000FFF728FF002010BD07B514318DF807106A
:101FD0000DF10701FFF7E6FF03B05DF804FB1FB545
:101FE0000024CDE90144069C0094FFF772FC04B084
:101FF00010BD08B1D3F75EBC7047704740B1C368ED
:10200000587810F001001EBF1878B0FA80F040092F
:102010007047EFF31183402383F31288BFF36F8F70
:10202000FEE710B5D0E9003433B90020E2685378F8
:1020300043F00103537010BD204698470028F4D0A8
:102040000028B8BF4042E368FF28A8BFFF201870EF
:10205000ECE700F094BE00F06ABE704710B400F1E7
:102060000C04C0E9034410BCF7F75ABB2DE9F04F4C
:1020700089B0DDE9126705463B46914606A832461F
:10208000059100F05BFCDDE9063405F1140ACDE9A9
:102090000234EFF311844FF0400888F31288BFF345
:1020A0006F8F05F10C0B05994A462846F7F7C4FADD
:1020B00030B184F31188BFF36F8F09B0BDE8F08FA2
:1020C0003E43F6D0DDE9022306A800F05BFCDDE923
:1020D00006675A46CDE9006721465046F1F74EFBA8
:1020E000EFF3118488F31288BFF36F8FDBE738B505
:1020F0000446EFF31185402383F31288BFF36F8FFB
:10210000F7F751FA04F10C0000F066FB30B12946F4
:1021100004F11400BDE83840F1F7A0BB85F3118845
:10212000BFF36F8F38BD4169836843EA010212F043
:1021300003020FD1C2600269013A01FB02338268D7
:102140009A4201D900207047C2681A604269C36090
:102150009B1AF4E76FF01500704710B5C0E9043220
:102160000023816083610446FFF7DDFF0028A8BFDC
:10217000C4E9004410BDF8B504460D46EFF31186DE
:10218000402383F31288BFF36F8FC76877B900F0DD
:1021900000FB58B1C0F8C070456100F07FFA3146CD
:1021A00004F10800BDE8F840F1F758BBE3682B6084
:1021B000A369E560013BA36186F31188BFF36F8FCC
:1021C000F8BD08B54024EFF3118384F31288BFF300
:1021D0006F8FFAF7CEFBF6E7F8B5044600F1080575
:1021E000EFF31186402383F31288BFF36F8F00F063
:1021F000D0FA6FF0220740B9E3692062A36131464B
:102200002846BDE8F840F1F729BBC0F8C07000F0DF
:1022100045FA204600F0BDFAEDE790F90E308B420A
:1022200001D0F1F7D7BA0020704703460020C3E978
:102230000200C3E9003370472DE9F843994604468C
:102240009DF820300D46904600F10806EFF3118707
:10225000402282F31288BFF36F8F03B14568304686
:1022600000F097FA60B10023C0F8C030C0F81480C5
:1022700000F014FA30463946F1F7F0FA00200CE08D
:10228000B9F1000F1BD00821F1F7C8FF38B987F367
:102290001188BFF36F8F6FF00B00BDE8F883012248
:1022A000C0F804800260016801F003015DB9226892
:1022B0000A430260626820606AB960600BE0C8F897
:1022C00000904046EFE72A68032A10D80160616851
:1022D00039B9C4E90000042104F1100000F0C7FC82
:1022E000C8E70A6802F0030202430A60E5E722F049
:1022F00003020A4302602A6802F0030240EA020372
:102300002B60E8E710B5044630B10268930703D0AC
:10231000446809B100F000FD204610BD0023C0E96B
:10232000003300F10803C0E9023300F11003C0E9F3
:102330000433704707B50123009300230A4619466A
:10234000FFF77AFF03B05DF804FB07B500230A46E8
:1023500000931946FFF770FF03B05DF804FB0068B7
:102360000021FFF7CFBF5AB18A4209D300F1100311
:10237000C0E90212C0E90000C0E904330020704740
:102380006FF015007047026801238B4022EA0303B7
:10239000036022FA01F000F001007047704710B5A9
:1023A000032104460C30FFF7EEFF30B104F11000BA
:1023B00000F08DFAB0FA80F0400910BD20B1002283
:1023C0001146D03000F03EBA704770B5C368C3F311
:1023D00040069B07044616D4856802210C30FFF79F
:1023E000D2FF80B1D5F8C8206AB194421DD12268CD
:1023F0009EB9D5F8CC30C5F8C8209C4201D1C5F8AB
:10240000CC2000232360E36813F01F001EBF43F0BD
:102410000203E36040F0020070BD3260D5F8CC20CA
:10242000944208BFC5F8CC60EBE716461268DBE7BC
:1024300073B50446EFF31185402383F31288BFF38D
:102440006F8F0023A0F11006032104380193FFF7DA
:102450009AFF28B1A369019301A93046F0F724FE41
:1024600085F31188BFF36F8F02B070BD38B5044695
:102470000D461022002100F082FC656038BDEFF3AC
:102480001183402282F31288BFF36F8FC06800F07F
:102490001F0083F31188BFF36F8F704713B501904E
:1024A0000846EFF31184402383F31288BFF36F8F44
:1024B00001A9F0F7F9FD84F31188BFF36F8F02B023
:1024C00010BD10B5FFF7EAFF041E08DDEFF3118021
:1024D000402383F31288BFF36F8FF1F7EFF92046A3
:1024E00010BD70B50D46EFF31186402383F31288BB
:1024F000BFF36F8FF0F732FE044686F31188BFF307
:102500006F8F38B14FF0FF324FF0FF3305F11000FD
:10251000F0F7A8FC204670BD10B5EFF311844023FE
:1025200083F31288BFF36F8FFFF74FFF84F3118897
:10253000BFF36F8F10BD08B5E822002100F01FFC2B
:1025400008BD38B5302204460D46002100F017FCC6
:102550004FF480736560E36038BD38B50446EFF32F
:102560001185402383F31288BFF36F8FFFF717FFA6
:102570002046FFF72AFF85F31188BFF36F8F38BD20
:10258000F8B504460D46EFF31186402383F3128815
:10259000BFF36F8FC36803F01F03002B14BF012725
:1025A000002705D186F31188BFF36F8F3846F8BD39
:1025B000FFF7F5FE2046FFF708FF29462046F0F713
:1025C00055FD86F31188BFF36F8F0028EED04FF0D2
:1025D000FF324FF0FF3305F10800F0F743FCE5E769
:1025E000EFF30580003818BF01207047883070472E
:1025F000F1F746B910B500238B4202D113600020D9
:1026000010BDC45CAA2CF9D10133F5E70A46D0E924
:102610002A01FFF7EFBFD0E9003213605A600023B0
:10262000C0E90033704708B5FFF7F5FF437B23F09F
:10263000020343730023836008BD38B504460D468A
:10264000F0F79CFF637B43F002036373E5B1A56081
:102650002B689D4209D16B68C4E900531C606C6013
:1026600012E06A689A42F6D01B68002BF3D094F906
:102670000E2093F90E108A42F3D09142F1DD5A6890
:10268000C4E9003214605C6038BD90F90E3091F9F5
:102690000E00834214BFC01A0020704710B5EFF33C
:1026A0001184402383F31288BFF36F8FF0F77EFF0E
:1026B00084F31188BFF36F8F10BD10B50446183036
:1026C00000F005F9EFF31181402383F31288BFF383
:1026D0006F8F627B12F0100204D081F31188BFF378
:1026E0006F8F10BD2046BDE81040F0F793BF08B5CE
:1026F000EFF31181402282F31288BFF36F8F83685A
:102700000BB1FFF790FF81F31188BFF36F8F08BD06
:1027100038B5EFF31184402383F31288BFF36F8F32
:1027200090F87050427B002380F870302DB121B1B9
:1027300084F31188BFF36F8F38BD12F0280FF7D1E3
:1027400083680BB1FFF76FFF437B29B903F0FB03ED
:102750004373F0F72BFFEBE703F0EB03F8E70121FE
:102760001838FFF7D5BF08B50346EFF311814022B3
:1027700082F31288BFF36F8F0068834207D008B1DD
:10278000FFF751FF81F31188BFF36F8F08BD002061
:10279000F8E738B5EFF31185402383F31288BFF3D0
:1027A0006F8F0468A0420DD034B12046FFF73BFF85
:1027B00004F1180000F08BF885F31188BFF36F8FD8
:1027C000204638BD0024F7E710B5FFF790FFBDE8BD
:1027D0001040183000F07BB838B504680546AC42AC
:1027E0004FF0000000D138BD002CFCD02046FFF790
:1027F000EBFF2046FFF752FF2C680120A542F1E7CE
:10280000EFF31181402282F31288BFF36F8F027BB6
:10281000D2070CD581F31188BFF36F8F002383F3A8
:102820001188BFF36F8F0423184602DF7047437B84
:102830001B0704D581F31188BFF36F8F7047012206
:10284000F0F7E8BE38B5EFF31185402383F3128823
:10285000BFF36F8F0468A04213D0A4B1C4F8C010B6
:1028600062612046FFF7DFFE04F1180000F02FF848
:102870002046F0F79BFE012085F31188BFF36F8F90
:1028800038BD0020F8E72046F6E72DE9F04105467F
:102890000E461746EFF31188402383F31288BFF3E7
:1028A0006F8F0468A0420FD1002088F31188BFF316
:1028B0006F8FBDE8F08139462046B0470028F4D13B
:1028C0006B68A342F0D02468002CF4D1ECE710B57B
:1028D000EFF31184402282F31288BFF36F8F0368F5
:1028E0003BB1F1F7E5F9002084F31188BFF36F8F56
:1028F00010BD6FF01500F7E770B5EFF311864022B9
:1029000082F31288BFF36F8F036873B1F1F7ECF9AC
:1029100004460D46F1F7C2F90346201A65EBE37150
:1029200086F31188BFF36F8F70BD18461946F7E71D
:1029300008B5F1F7F5FA08BDF1F7F2BAB3F1FF3FC8
:1029400008BFB2F1FF3F70B504461D46164613D0CE
:102950001A4315D06FF00102921B4FF0FF3363EB67
:102960000501002904DAF1F7DBFA821941EB0501D0
:10297000C4E90021204670BD4FF0FF321146F7E751
:102980000022FBE7B3F1FF3F08BFB2F1FF3FF8B50C
:10299000074616461C4610D054EA020311D0F1F740
:1029A000BFFAB0420A46A14103460AD2F31A64EBC9
:1029B0000204C7E900343846F8BD4FF0FF331C4627
:1029C000F7E70023FBE70023C0E9081200F1180233
:1029D000C0E90622C0E9003303634363704710B5C2
:1029E0000446FFF774FFA8B9636A0BB12046984705
:1029F00004F11800FFF7B7FE60B1FFF74FFEEFF3E9
:102A00001180402383F31288BFF36F8FBDE810401D
:102A1000F0F754BF10BD1423F0B503FB01000024F0
:102A20004FF48B76402701B9F0BD10F8073C40F811
:102A30000C4C03F03F03082BA0F1140C0CD826FA21
:102A400003F3DB0708D550F8143C2BB150F8105CA9
:102A50002B605D6040E9054482F31188BFF36F8FFE
:102A6000EFF3118287F31288BFF36F8F013960464D
:102A7000D9E7F8B50D46D0E900138842044605D1E0
:102A80006368C5E900431D6065601DE0002BF7D059
:102A9000986800B16038A2F160073946FFF7F5FD8C
:102AA0000028EDDC2668B442EAD0002EE8D0B168F8
:102AB00001B160393846FFF7E8FD002805DD73688D
:102AC000C5E900631D607560F8BD63689E42D7D09C
:102AD0003668EAE72DE9F74F00258B461446019347
:102AE00082462E464FF040082F465D4503DB3046B8
:102AF00003B0BDE8F08FEFF3118988F31288BFF3BC
:102B00006F8F9AF80D3003F03F03013B072B0FD86E
:102B1000DFE803F01F040E0A0E0E0E26DAF810305E
:102B20009B682BB1022321E0DAF810301B688BBBC5
:102B3000019B3BBB23782BB39AF80D3003F03F0386
:102B4000013B072B2FD8DFE803F032272E272E2E4C
:102B50002E37DAF810309B68002BE9D0012305E00E
:102B6000DAF810301B6A002BE2D01023DAF80C20C0
:102B7000CAF80870C2F386310B4363F39432CAF883
:102B80000C20277089F31188BFF36F8F01350AF18C
:102B9000140AAAE70423E9E7DAF8100022465146AE
:102BA0001030FFF766FFCAF808400136EAE7DAF8A6
:102BB000100022465146F4E7DAF81000224651464A
:102BC0002430EEE72DE9F041846805460E46ECB16D
:102BD0006378012B25D114F8533C9A0714D5A4F13E
:102BE00060073846FFF7F0FD082E0CBF6FF00303B7
:102BF0000023236614F8533CDB0605D154F8483C07
:102C000013B93846FFF74AFD00232370EB68C3F37E
:102C100086321643002066F39433A860EB60BDE86B
:102C2000F081022BF0D12378002BEDD054F8048CE6
:102C3000B8F1000FE8D004F11400FFF748FEA4F14A
:102C400014070023E36239464046FFF727FCDBE721
:102C500010B55205090201F47C5102F400120A4336
:102C6000017B00240A43C0E90323846010BD10B532
:102C70000346EFF31184402282F31288BFF36F8F73
:102C80000068834208D0D0E9003213605A60002304
:102C9000C0E90033FFF796FF84F31188BFF36F8F0D
:102CA00010BD0023C0E900008360704700238360EB
:102CB000704783680B60C3681360704710B5C46EBB
:102CC000826E4B68E40703EA02030BD59A420BD1EC
:102CD000012380F870300B68436608601830FFF7F6
:102CE000F6FD01E0002BF3D1002010BD0A46F1F7FC
:102CF00059BA0432D3B5044608D200260027CDE9DC
:102D0000006741F00401FFF7B1F910B9002002B0EB
:102D1000D0BD40F8044BFAE720B1011F50F8040C75
:102D2000FFF7E5B9704701460420F1F769BA0A4494
:102D3000914200F1FF3300D1704710B511F8014BFB
:102D400003F8014F9142F9D110BD884210B501EB53
:102D5000020402D98442234607D8431EA14208D068
:102D600011F8012B03F8012FF8E7024401468A42CB
:102D700000D110BD13F8014D02F8014DF7E70244F0
:102D80000346934200D1704703F8011BF9E70A227A
:102D90000021F4F75DBA10B501390244904201D127
:102DA000002005E0037811F8014FA34201D0181B61
:102DB00010BD0130F2E7C9B20346184613F8012BE3
:102DC00012B18A42F9D17047002918BF002070471C
:102DD00010B56AB10139841810F8012B11F8013FC0
:102DE0009A4203D1A04201D0002AF5D1D01A10BDD9
:102DF0001046FCE710B50139044632B111F8013F25
:102E000000F8013B013A002BF7D10021FFF7B7FF93
:102E1000204610BD2DE9F047C3F137090746884623
:102E20005FFA89F903F01F0516464FF0000A38468D
:102E300041462A465346C5F799FDD4B2092C88BFAE
:102E40004C443A46434688BFE4B2AA4204F13004F7
:102E500073EB0A0306F8014B07468846E7D2304673
:102E6000BDE8F08710B50C4600F0BAFA0028A2BF02
:102E700023680133236010BD0028A2BF136803F14B
:102E8000FF33136000F0E1BA70B505460E463146D7
:102E90002846FFF7E7FF041E09DB202CF7D0A4F13A
:102EA0000903042BF3D932462946FFF7E5FF2046F4
:102EB00070BDBDF8001068B111F0100F01D00270A4
:102EC000704711F0080F02D0C0E9002370474B078C
:102ED00001D5026070478B06FBD5028070472DE953
:102EE000F04387B01C4602AB00931746D2E9022399
:102EF0008146884600F0A6F904AB0093D7E9002389
:102F000006460D464846414600F09CF9DDE904239B
:102F1000901953EB05014FF0000728BF012737B187
:102F2000029B039A013342F10002CDE90232403C98
:102F3000DDE90223009400F0A0F907B0BDE8F083BA
:102F40002DE9F843B0FA80F68E1B002980460F4623
:102F500006F1070625DB0846F6F73CF80644384636
:102F6000F6F73EF8F41B221A3D323946404600F08F
:102F700059F9B74213DC1F2C68DC4FF0FF33A34034
:102F800038EA03030CBF01240024B0FA80F3F31ADB
:102F90009E33FE2B354627DD4FF0FF4044E00124F1
:102FA000F3E74C422046F6F71BF8351A2046F6F7B1
:102FB00017F8A5EB070909EB00023C322146404611
:102FC00000F01DF9AF422E4630DCB9F11F0F3DDC99
:102FD0004FF0FF3303FA09F338EA030327D0B0FABE
:102FE00080F3EB1A9E330024002B23EAE372CCBF5C
:102FF000134601235B1BA3F1970520FA05F1963BCD
:10300000C90720FA03F323D544B14FF0FF31A9409B
:1030100020EA010003F00101084319D0581CC0F355
:103020001600C0B140EAC250BDE8F8830023052174
:10303000B8FBF1F202EB8205A84502D101339046BC
:10304000F6E79C428CBF002401249EE700249CE705
:10305000C3F31600E6E70132E4E72DE9F04F87B04D
:103060000618994602AB41EB010400931546304621
:10307000D2E900232146DDF844B000F0E3F804ABC8
:103080000093D5E90223074688463046214600F0E2
:10309000D9F8DDE90263841951EB0306049BD5E9F5
:1030A00000014FF0000228BF0122D218059B43F116
:1030B0000003381848EB0101B84271EB0801D5E96B
:1030C00002C134BF0120002014EB0C0C46EB0101BF
:1030D00010EB0C0041F10001A04271EB060C34BF73
:1030E0004FF0010C4FF0000CCDE90423A9F1410A87
:1030F0001CEB020243F10003CDF800A000F0BDF884
:10310000109BC3E90001129B012BDDE9042329D1A7
:10311000D5E90201D5E900C5201A66EB0101674532
:1031200078EB050534BF01250025401B61F1000146
:10313000844276EB010534BF01250025521BCDF8F2
:1031400000A063F1000300F098F8DDE90423CBE967
:103150000001CDF800A02046314600F08EF807B0FF
:10316000BDE8F08F17EB070E48EB080C201946EB73
:103170000601BE457CEB080834BF01270027C719AC
:1031800041F10008D5E9000186457CEB010CD5E949
:10319000021534BF01200020381A68F1000C401AD3
:1031A0006CEB050192185B41A74278EB060534BF32
:1031B00001250025521943F10003874278EB0108ED
:1031C00034BF01250025521BA9F140050095B8E741
:1031D00010B50299A3FB0043A2FB0020001943F1A4
:1031E00000033F29DBBFA1F12002C1F140014039BA
:1031F0008B40D6BFD04023FA01F0184310BD30B544
:1032000087B00446084602A91546F5F785FF049BDA
:1032100000955A1C059B204643F10003FFF7D8FF99
:1032200007B030BD30B587B015460446084602A940
:10323000F5F7FEFEDDE9042300952046FFF7C8FF01
:1032400007B030BDF0B50F460446A0FB0201A7FB56
:1032500002524919A3FB044542F10002A7FB037384
:10326000611845F10004D219059E43F100031219BB
:1032700043F10003C6E90023F0BDF0B5059CC4F19D
:103280004007C4F1200602FA06F6A4F12005BB406F
:1032900022FA05F53343C4F120062B4301FA06F662
:1032A000A4F12005E04021FA05F53043BA40284357
:1032B000E14010431943F0BD2DE9F0410446CD0F24
:1032C000C1F30A50C1F3130154EA0107157140F22A
:1032D000FF7607D0B0420CD145F0080515710020EB
:1032E000BDE8F081002863D0B0425ED145F004050E
:1032F000F4E7002859D10120A0F2FF30002B106024
:1033000059DB0C2B59DCC3F10D05AD00012005F193
:10331000FF3CA5F12107C5F1210620FA06F600FAC7
:1033200007F700FA0CF03743061847EB0708D6F109
:10333000000E68EB480C013E48F1FF38264008EAD1
:103340000108B04277EB08080FDBC5F12008B5F1A2
:10335000200601FA08F824FA05F545EA08055CBFDD
:1033600041FA06F63543ED0703D52018044641EB34
:10337000070104EA0E0401EA0C019DF818601232FC
:1033800018460D25C6F127064FF0300E04F00F0346
:10339000240944EA017405F1FF3C0911571EB3B931
:1033A000A8420CDA65463A46F0E741F48011A3E7FB
:1033B00004460146A2E70023DFE70D23DDE782F89C
:1033C00000E01CF1010365463A46DFD188E7092B8E
:1033D000C8BF9B193033A8421370B8BF2846F0E726
:1033E00010B58378DA07044605D443F00403A370CC
:1033F0004FF0FF3010BD4FF00002D4E85F3FC4E84B
:10340000512F0029F9D19BB213B1581EC0B2F1E778
:10341000A36898470028F9DA0130A37814BF08227E
:1034200004221343E3E702690346107810B1013226
:103430001A6170476FF001007047D1E9043293427E
:103440001EBF5A1C0A61187070478B78DA0702D4C5
:103450004FF0FF307047431CFAD0BFF35B8FC0B210
:10346000431CD1E85F2F002A04D1C1E85C3FBCF1C6
:10347000000FF6D1BFF35B8FEAD18B7823F00803FE
:103480008B7070470148006870470000E0BF002063
:103490006891FC7F010000007158020000000000EC
:1034A000091A030060360500F1170500000000004E
:1034B000492A0400000000006D2A040000000000FA
:1034C000292B030078360500292B030090360500D0
:1034D000891C030000000000B1020400000000008D
:1034E00067110500000000007111050000000000D8
:1034F00099F50400C0360500FFF50400D836050034
:10350000AD1E0300A836050021530300F036050068
:10351000096403000000000089730200000000003D
:10352000C9170200000000008D31020000000000F9
:10353000B93102000000000041B5030000000000A6
:103540006556020000000000850304000000000032
:103550007511050000000000F52E040000000000B9
:103560004578030068370500AFFA040020370500EE
:10357000AD26030008370500E98F030080370500FA
:10358000F9F4030098370500355903003837050072
:103590004176030050370500B17D020000000000B5
:1035A000C5180300B0370500AD360300E03705004D
:1035B000AD360300C837050061240300F837050065
:1035C000BD7D030088380500BD7D0300703805000F
:1035D0008950030058380500D13C0300103805001D
:1035E000B1110500A0380500B541030028380500D9
:1035F000F54D03004038050069660300B838050042
:1036000045A703000000000081EA0300000000005D
:1036100071D4010000000000C95802000000000041
:10362000C96D020000000000DD98030000000000EA
:10363000059E03000000000069A0030000000000D8
:10364000C5BA030000000000A9C10300000000008B
:1036500049F1030000000000DDEF0300000000005E
:103660009FB80500544F05006C4F0500E73500205A
:1036700054C800200000000034BB050014500500B1
:1036800044500500F33500201CC900200000000054
:1036900042BB05002C50050044500500F5350020C4
:1036A00028C9002000000000C8B805000000000084
:1036B000884F0500E9350020A8C800200000000060
:1036C000D8B8050000000000904F0500EB35002041
:1036D0000000000000000000E7B805000000000046
:1036E000984F0500ED3500200000000000000000AC
:1036F00038CA0500A0520500FC520500053600201E
:10370000E42D0020D42D002010BB05000000000097
:10371000F84F0500F1350020000000000000000017
:103720001FC105001851050074510500FB3500202C
:1037300034C90020942D0020CECC05002053050074
:10374000A053050007360020042E0020F42D002091
:1037500071D305004C540500585405000B36002069
:10376000A82E0020000000008BD605006C54050038
:103770008C5405000D360020E031002000000000D0
:10378000EADC0500E4550500F85505001336002075
:1037900010320020000000007B090600000000003D
:1037A0009C5F05001536002064CB0020000000005F
:1037B0008CB80500344F05003C4F0500E53500206E
:1037C0006825002000000000FFBF050068500500CC
:1037D00090500500F7350020EC2C00200000000080
:1037E00015C00500B4500500DC500500F935002077
:1037F000402D0020000000005FBA0500A04F05002A
:10380000DC4F0500EF350020D42C0020C42C002014
:103810008AC205008C510500BC510500FD35002011
:103820000000000000000000D4C40500D8510500CD
:10383000F8510500FF35002068C90020A42D0020A4
:103840009BC805003C520500485205000136002087
:1038500036D8002000000000B7C9050064520500FA
:103860008452050003360020CCC90020C42D00205E
:10387000F0D605009C540500DC5505000F360020ED
:103880000032002000000000F9D605003C5505007C
:10389000DC55050011360020083200200000000031
:1038A000CD0A060000000000A85F050017360020C2
:1038B00018CC00200000000065CE0500A8530500CC
:1038C000D0530500093600207C2E002000000000A7
:1038D000931105009D130500000000005DC9040060
:1038E000000000005DC90400F52004009D130500E0
:1038F000951A04009D130500000000005DC9040036
:10390000A91104009D130500000000005DC904001A
:10391000000000005DC90400000000005DC9040053
:10392000000000005DC90400000000005DC9040043
:10393000000000005DC90400A8C800201D1F03008E
:10394000000000005DC90400000000005DC9040023
:10395000000000005DC9040000000000996403003D
:10396000000000005DC90400000000005DC9040003
:10397000000000005DC90400000000005DC90400F3
:10398000000000005DC90400000000005DC90400E3
:10399000000000005DC904000000000019030400DD
:1039A000000000005DC90400000000005DC90400C3
:1039B000000000005DC90400000000005DC90400B3
:1039C000000000005DC90400000000005DC90400A3
:1039D000000000005DC90400000000005DC9040093
:1039E000000000005DC90400000000005DC9040083
:1039F000000000004D140400000000005DC9040038
:103A0000000000005DC90400000000005DC9040062
:103A1000F036050059550300000000005DC90400A0
:103A2000000000005DC90400000000005DC9040042
:103A3000000000005DC90400000000005DC9040032
:103A4000000000005DC90400000000005DC9040022
:103A500058760020C04A012000100000D1C20300A7
:103A60000000000000000000000000000A0000004C
:103A700000000000B7FC050000000000000000008E
:103A8000050000006DC102000000000006000000FB
:103A900055F802000000000004000000DDC902002B
:103AA0000000000059980300FD970300000000008B
:103AB0000000000000000000000000000000000006
:103AC00000000000597102000572020000000000B1
:103AD00000000000000000000000000000000000E6
:103AE00000000000684D050008000000084E0500B9
:103AF000070000003C570500060000008058050044
:103B000015000000A4470500060000005C4A0500FF
:103B100004000000CC79050003000000A5C80500E2
:103B200003000000A065050004000000C866050051
:103B3000030000005BA005000300000087AA050049
:103B40000300000001900500030000007CA40500B4
:103B500003000000B4B60500030000000890050053
:103B60000300000056A10500030000002FB005006F
:103B700003000000C69B050003000000258E050021
:103B800003000000729F0500030000009CB60500C2
:103B900003000000D3A60500030000001381050008
:103BA00003000000848D0500030000009809060052
:103BB000030000002B0A060003000000860906002F
:103BC00003000000DB8F050003000000C6B5050000
:103BD000030000008575050003000000BAB8050069
:103BE000030000007BDD0500030000001DDE050072
:103BF0000300000065CE05000300000014E205008C
:103C00000300000074E20500030000005EE605000A
:103C10000300000090EA05000300000056EB0500D9
:103C2000030000002CEC05000300000052EC05002E
:103C300003000000C7EE050003000000F5EE0500DC
:103C4000030000009AEF050003000000B7FC050028
:103C50000300000071D30500030000001F040600EC
:103C6000030000008BD6050003000000A20506003B
:103C70000300000064060600030000003107060090
:103C800003000000750706000300000002D70500CE
:103C900003000000F3DC050003000000778E050040
:103CA000030000002ABB050003000000BD0A060057
:103CB00003000000317705000300000035C0050057
:103CC000030000002CC105000300000094C20500A1
:103CD00003000000E0C40500030000004077050079
:103CE000030000004477050003000000B0740500E5
:103CF00004000000C10B060003000000DB8B050080
:103D000003000000EA8B050003000000348C05006E
:103D100003000000508C0500030000006A0A060042
:103D2000030000005E87050003000000F187050026
:103D300003000000F9870500030000001E0D0600C7
:103D4000030000002BC0050003000000BE78050042
:103D500003000000DE8F0500030000000D81050058
:103D600003000000027E050003000000078105003B
:103D700003000000EA7D050003000000FC7D050053
:103D8000030000000E880500030000006CBA050067
:103D900003000000DBCC050003000000DB0A060086
:103DA0000300000097B805000300000046CA0500A4
:103DB00003000000BDC9050003000000B046050077
:103DC000D4A000209978050001000000D88F0500DC
:103DD00000000000C57802009D7C02000000000089
:103DE000BAAD050000000000D3E6040000000000AA
:103DF0000000000023B005000000000089E502007B
:103E000000000000000000001BB0050000000000E2
:103E1000B5DF0200F9EA02000000000094B60500D8
:103E20000000000095110300511003000000000085
:103E300029B005000000000069DC0200B5E00200C6
:103E40000000000075670200D56B02005D6C020087
:103E5000816F02001A810500982A00209CB700207B
:103E600000000000020000003448050098B7002060
:103E7000000000008C3700200D81050070620020DA
:103E8000C019012021810500302A002050A1002006
:103E900000000000020000004C4705004CA100207B
:103EA0000000000090370020F07D050098600020A1
:103EB00040F90020277D0500402A002074B400202E
:103EC00000000000020000007C47050070B40020E4
:103ED0000000000094370020027E05006061002091
:103EE000800901208456050068450500E45305005B
:103EF000C4560500B4570500045805009047050056
:103F0000245A0500DC460500405B0500805B050087
:103F1000EC5E050010460500485F05005C5F05008B
:103F20000000000000000000000000000000000091
:103F300000000000497A0500507A050000000000EA
:103F4000C92E020000000000D67B0500E07B0500C2
:103F5000000000004D2F020003000000FF7B050061
:103F6000067C0500F0460500D1AC0400000000000E
:103F70007F7A0500857A050000000000E52E02002A
:103F800002000000327C0500397C0500C03F0500BE
:103F900000000000000000000B7B0500127B050004
:103FA00000000000F9C80100010100002AEE050030
:103FB000697B050000000000352F020000000000B2
:103FC00000000000000000000000000000000000F1
:103FD00000000000039D0500287D05000000000092
:103FE000C92F020000000000C97D0500D07D05003A
:103FF00000000000BD3002000000000000000000D2
:1040000000000000000000000000000000000000B0
:10401000A53E02004D400200353F020000000000B6
:104020000000000100000002000000040000000881
:104030000000001000000020000000400000008090
:104040000000001B00000036CB9A0500D09A050046
:10405000D49A0500D89A0500DC9A0500E09A05007C
:10406000E49A0500E89A0500EC9A0500F09A05002C
:10407000F49A0500F89A0500FC9A0500009B0500DB
:10408000049B05000024F40000000700000000006D
:104090000000000009020400400600008007000044
:1040A00000000000210D060000010000F401FA00EC
:1040B000960064004B0032001E0014000A00050048
:1040C00002000100010001000001010000010001E7
:1040D000000001000100000001000B0002000A00C6
:1040E000050009000A000800140007001E00060071
:1040F000320005004B00040064000300960002003B
:10410000FA000100F40100000C0802170D01010281
:10411000090901010602091818030101090903032D
:1041200005030201230202240910040405050B0BF8
:10413000040B2B1B1B151A1A1C021D161305014913
:104140000D150500A301B103BF05EF024906A30940
:10415000C505F50B25120E021C045A03B4063006E1
:10416000600C000001000000101100400000000081
:104170000000000000000000000000000406080A23
:104180000C0E10121416181C1E20222426282A2C6D
:104190002E30323436383A3C3E40424446484A4C4F
:1041A0004E021A5000003408E80300002CA6E0A1DB
:1041B00000000000280000001800000000000000BF
:1041C000141E0000301100000000000070170000F5
:1041D000A00F00000000DC05E80300000000000064
:1041E000141E00003011000000010302D8ECF0F4AE
:1041F000F8FC0002030405060708000000000000A8
:1042000000000000000000000000000000000101AC
:10421000010102020202030303030404040405056E
:104220000505060606080900000000000000000061
:104230000000000000000000000000010101010278
:104240000202020303030304040404050505050632
:10425000060708090A0B0C0D0608080102060010E3
:104260000200FA0000000000D9C50100E5C5010008
:10427000E9C50100F1C50100F5C50100060009000E
:1042800000002A0006000600000090010103006201
:10429000746C6500000000000000000000000000D9
:1042A000000000000000000000000000000000000E
:1042B00000000000000000000000000000000000FE
:1042C00000010000000000000000000000000000ED
:1042D0000338FDD870470000010000000000000016
:1042E00005000000000000001900000000000000B0
:1042F0007D000000000000007102000000000000CE
:10430000350C000000000000093D00000000000026
:104310002D31010000000000E1F505000000000063
:1043200065CD1D0000000000F902950000000000AE
:10433000DD0EE90200000000514A8D0E0000000071
:104340009573C24800000000E941CC6B01000000F9
:104350008D49FD1A07000000C16FF286230000009E
:10436000C52EBCA2B1000000D9E9AC2D7803000035
:104370003D9160E45811000031D6E275BC56000052
:10438000F52E6E4DAEB10100C9EA268367780800AC
:10439000ED95C28F055A2A00A1EDCCCE1BC2D300E9
:1043A00025A4000A8BCA22040000000000000000BF
:1043B00000000000000000100000000000000000ED
:1043C000B9340332B7F4AD1410DB1AB30892540EAB
:1043D0000D307D951447BA1A66088F4D26ADC66D0F
:1043E000F598BF85E2B74511CA96853D92BD1DEB94
:1043F000FCA11860DCEF52163C92AE220BB8C1B49F
:10440000839D2D5B0562DA1C304C7E8F4E8BB25B38
:1044100016F4529F8B56A512FBD4827643ED8AF098
:104420008FE7F9311565191850F19BD94A13EEB48D
:10443000284CF0A686C1251F035FC270CB9E49168B
:10444000E642889C44EB2014B0650836AD6EA58525
:1044500085F0CA14E2FD031A0B899979D5B13D099B
:10446000D8DA973A35EBCF10AC363F5E73BB38CF16
:104470003E6752FA44AFBA15010000000000000088
:104480000000000000000020345065C05FC9A65243
:10449000BB13CBAEC440C21806C8DF7100D5A87CE0
:1044A000F56F0FDA58FC27136E4756357D242065CB
:1044B00002C7E768E48CA41DE9E60268D7CD39613C
:1044C0007977FCC2405BEF16798CDE43FFA751F988
:1044D00091F3B278F5BDBE11E857E9D6E8BEE87BA6
:1044E000B054AC8F848D751BEA23A499E9F9D38B62
:1044F000B7A3714061DA3E15CEE33ECB73F94808AD
:104500008C97B427D51B7010A2BFEFB9EB8532157D
:104510004DB44DB49BBB6F1996B6076CF8E7EEAD82
:1045200036D9B4F59135AE13222218AF4E6A684DD4
:1045300091DAAA3D4F40741E9FBD9EE006A1C0982F
:1045400057C2A7FDA40E90170E7D497173E3208F0B
:10455000B220D87605143B12853D7434811343B0E4
:10456000AD297A5F27F4351C03650500C265050097
:104570007C450500DDD701000000000080450500F6
:1045800027BC0500D8650500A8450500DDD701005A
:10459000010000000000000000000000000000001A
:1045A0000000000000000000AC450500F0650500BB
:1045B000F56505000000000039D40100010000008D
:1045C00030640500116605000000000075D601008A
:1045D00001010000426405004F6605000000000074
:1045E000EDD6010001010000566405008F6605004C
:1045F0000000000065D7010001010000000000007C
:1046000000000000000000000000000000000000AA
:10461000947405009974050000000000DDE30100BA
:1046200000000000000000006410B71DC8206E3BB1
:10463000AC30D9269041DC76F4516B6B5861B24DA9
:104640003C7105502083B8ED44930FF0E8A3D6D613
:104650008CB361CBB0C2649BD4D2D38678E20AA07B
:104660001CF2BDBD585000200004000001A704004A
:10467000A3A604000200000001A80400000000003E
:10468000000000000000000000000000000000002A
:10469000000000000000000000000000000000001A
:1046A0006A7805006E780500727805007678050056
:1046B000592402004D2402007D240200112402002E
:1046C000000000000524020000000000D9240200C0
:1046D000DCA0002071D80020010000001C7A050039
:1046E000237A0500203F05000000000000000000C4
:1046F000F44605000E7C0500137C05000000000058
:10470000D1AC040000000000207C0500257C0500E1
:1047100000000000D9AC0400000000000000000010
:104720000000000000000000000000000000000089
:104730003A000000E1AC0400F3AC040005AD040055
:1047400027AD040015AD0400000000008AE9002038
:104750001E0000009DB40400843E0500282A0020AD
:104760003A000000DD310200C1AD040097AD040045
:104770002532020087AD040000000000A9E90020F6
:104780001E0000009DB40400B43E0500382A00203D
:10479000947F05006A7F050000000000193A0200BE
:1047A000010000007463050081E9040000000000BE
:1047B000478005000000010070630500F1EA040075
:1047C00000000000882A002000000100258005006C
:1047D00000000000000000000000000000001000C9
:1047E0006C630500D3E90400F9E20200502A0020BE
:1047F0000000300068630500F1EA040000000000DA
:10480000482A00200000010003800500000000008D
:10481000193E02000000000000003000C3B6040092
:10482000D1B60400093F0200E7B60400D5B6040083
:1048300000000000C8E900201E0000009DB4040034
:10484000543E0500902A0020B4BA0020C02A00205F
:10485000A02A002007000000000000000000000067
:1048600000C00000083705000100000000C0000083
:1048700000020000083705000200000000C0000030
:1048800000900700083705000300000000C2000088
:10489000008E0700083705000400000000C2000079
:1048A000008E0700083705000500000000500800D2
:1048B00000900700083705000600000000E00F0028
:1048C000002000000837050008200001FFFFFFFF5F
:1048D000FFFFFFFFFFFFFFFF0000000000000000E0
:1048E0000000000001000000FFFFFFFF512563FCF6
:1048F000C2CAB9F3849E17A7ADFAE6BCFFFFFFFF5B
:10490000FFFFFFFF00000000FFFFFFFF96C298D8E7
:104910004539A1F4A033EB2D817D0377F240A463E8
:10492000E5E6BCF847422CE1F2D1176BF551BF37F1
:104930006840B6CBCE5E316B5733CE2B169E0F7CC4
:104940004AEBE78E9B7F1AFEE242E34F4B60D22791
:104950003E3CCE3BF6B053CCB0061D65BC86987687
:1049600055BDEBB3E7933AAAD835C65ADBBC040071
:104970002DBE0400E94002000000000039C9040017
:10498000002B0020F82A0020F02A00200000000060
:10499000E82A002041440200354302008943020016
:1049A000E9430200C02000200000000000000B06C8
:1049B00002000000B849050000000000E287050081
:1049C0002600020200000020EA87050022000B11E9
:1049D000F156020000000000E1C904002164020059
:1049E0001D66020000000000756902000000000062
:1049F00000000000000000000000000000000000B7
:104A00000000000000000000F9680200F96B0200DD
:104A1000F96B020000000000000000000000000030
:104A20000000000000000000000000000000000086
:104A30000000000000000000E16B02000000000028
:104A4000696C0200D0490500504A0500AB0900001E
:104A500000C30120458C05000000000080630500B4
:104A600081E9040000000000038D05000000010042
:104A70007C630500F1EA040000000000802B0020A8
:104A800000000100E18C05000000000051720200EE
:104A9000000000000000200078630500D3E9040056
:104AA000F9E20200482B002000003000082000013D
:104AB000FFFFFFFFFFFFFFFFFFFFFFFF0000000002
:104AC000000000000000000001000000FFFFFFFFE9
:104AD000512563FCC2CAB9F3849E17A7ADFAE6BCA0
:104AE000FFFFFFFFFFFFFFFF00000000FFFFFFFFD2
:104AF00096C298D84539A1F4A033EB2D817D037778
:104B0000F240A463E5E6BCF847422CE1F2D1176B12
:104B1000F551BF376840B6CBCE5E316B5733CE2BE5
:104B2000169E0F7C4AEBE78E9B7F1AFEE242E34F14
:104B30004B60D2273E3CCE3BF6B053CCB0061D6551
:104B4000BC86987655BDEBB3E7933AAAD835C65ADA
:104B5000DBBC04002DBE0400E9400200D049050082
:104B6000684B0500FB0100002CEA0120D04905003C
:104B7000784B05002E0000003CFF0120D0490500C5
:104B8000884B0500020100001C000220089B050064
:104B9000269B0500419B0500519B05005E9B05007F
:104BA000679B05006E9B0500759B05007C9B0500BF
:104BB000849B05005E9B05008C9B05009E9B050069
:104BC000B39B05000E030000299B02000F040000A8
:104BD000F59A02001A0100007D8002000504000021
:104BE000657F020013010000E9870200FF01000059
:104BF000C58402003E010000A584020005040000F7
:104C00000D82020008040000CD8B0200300300007A
:104C1000098B020010010000218102000112000036
:104C2000799A02000A1E0000C1D3040003090000A3
:104C300029890200040B000045850200060A0000D5
:104C400085920200070A0000698102000C0500003D
:104C5000B9810200050C00006591020008410000C6
:104C600015AE02000921000099AE0200D0490500EE
:104C7000784C0500470000003C010220FBA3050022
:104C800008A4050028A405001CA4050033A4050001
:104C90004AA405005AA40500F6A805006EA4050064
:104CA000D0490500AC4C05000000000004020220C1
:104CB000D0490500BC4C0500FB010000A402022005
:104CC0006DDB0400ABDB040000000000000000000E
:104CD00000000000D5C3020000000000000000003A
:104CE00000000000000000000202010061E4040076
:104CF0000404010085D6020006060100C5D50200A5
:104D000008040100CDD402000A02010049E40400B5
:104D10000C04010031E404000E040100A1D30200E0
:104D20002004010005D302001004010015D2020086
:104D300012020100E5E3040016040100D7DD0400BF
:104D40001801010017E104001E00040003E504003F
:104D5000520200000BE40400D0490500644D050038
:104D6000FD01000004180220B063050081E9040081
:104D700000000000AC63050000000100A86305000E
:104D8000F1EA040000000000602C00200000010097
:104D9000A06305000000000000000000000000000B
:104DA000000000009C630500D3E90400F9E2020062
:104DB000682C00200000030098630500F1EA04005D
:104DC00000000000582C0020000001009063050046
:104DD0003FE904007DE40200000000000000030041
:104DE0008C630500F1EA040000000000502C002054
:104DF000000001008463050001EA020000000000D9
:104E00000000000000000100DC63050081E90400EF
:104E100000000000D863050000000100D463050015
:104E2000F1EA040000000000B02C002000000100A6
:104E3000CC63050003E90400E5E6040048250020F2
:104E400000000900C8630500F1EA0400000000004A
:104E5000A82C002000000100C0630500C9E8040080
:104E6000000000000000000000000100BC6305001D
:104E7000F1EA040000000000A02C00200000010066
:104E8000B463050093E80400000000000000000087
:104E9000000001007D030300D1F10400250C030094
:104EA0000000000000000000A9070300000000004F
:104EB00000000000000000000000000000000000F2
:104EC00000000000C101030006000000B3EF040071
:104ED0000600000049FE02001000000001FA020076
:104EE000100000009D0B0300010000001DEE0400F7
:104EF00010000000AFEF04000A00000069F9020092
:104F0000100000008D09030007000000B7EF040047
:104F10001000000093EE0400010000008500030073
:104F20004000000053EF040010000000CFEE04002A
:104F300001000000203705004B000000551503005C
:104F4000F516030000100000911903006119030019
:104F500000000000E91A0300D5190300AEB80500EF
:104F600087F504008DF50400B4B80500611A03004C
:104F700007F5040067F5040000000000A5F4040034
:104F80000000000000000000551E0300AD1D0300DE
:104F90009DF5040000000000BBF5040000000000C7
:104FA00038370500C0E1E40000010000903605003C
:104FB0001700010000000000008000000001000058
:104FC000000080000000040000080000000800014C
:104FD000000003006400011F28000000991F030067
:104FE00079230300C9210300911F030021F6040067
:104FF0000100000000FF0000D1F604004929030071
:105000003D2803005D2603004D2603000400000038
:1050100000FF0000FFFF0000000300500000000040
:10502000010000000060004000000000FFFFFFFFE3
:105030000000005000000000000000000060004080
:1050400000000000BD2B0300C1F70400CFF70400EF
:10505000E7F70400F3F70400FFF70400292A030030
:1050600019F8040000000000FFFF000020370500D1
:1050700021000000100000000000000000000000FF
:1050800000000000000000000051050001000000C9
:10509000F530030005FA0400F3F90400E9F904000F
:1050A000DFF90400D5F904003D2F0300A9F804003E
:1050B00000000000FFFF0000203705002000000076
:1050C00010000000000000000000000000000000D0
:1050D000000000000051050001000000F530030051
:1050E00005FA0400F3F90400E9F90400DFF904000B
:1050F000D5F904003D2F0300A9F8040000000000CA
:1051000023FA040071340300AD2E0300ED330300D5
:105110007D3303000DF90400003000400000000062
:1051200000000000000000000000980100000101E4
:105130000D39030010000000A5FA040048510500D5
:1051400032EB0020FFFF000000300040545105000A
:10515000020000006C5105000200000064510500CF
:10516000020100001580000C1480000B1538000CA3
:105170001438000B3D3B03000000000045390300DC
:105180000000000000000000E93A030005000000F4
:1051900094510500783605000D00000078360500B2
:1051A0000B000000783605000C0000007836050082
:1051B00004000000783605000500020067FB0400CB
:1051C0006DFB0400000000000000000025FB04004F
:1051D0000000000000000000A1430300203705008C
:1051E00019000000903605001300000090360500FD
:1051F0001100000000000A009FFB040000000000F6
:10520000B54803005D400300A93F03000000000013
:10521000000000001BFC0400E3FB04007FFC040012
:1052200055FC0400B3FC04000000400700004005EA
:105230000000400300004004000040022037050049
:10524000480000000200000089FE04000000000089
:1052500000000000D1FD0400C94D03000000000063
:1052600000000000B0370500000108040000200025
:1052700000000C00983A0000881300007836050002
:105280000F0000000000000000000000000000000F
:10529000514F0300B14F0300000000000000000068
:1052A000008002400300000000000000D052050012
:1052B00000A04E000000000000A00040010400001B
:1052C00049EB002044EB002043EB002042EB0020A0
:1052D00000800240DC52050002000000F45205008C
:1052E00002000000EC5205000201000007800000EF
:1052F0000880000107000000080600017500050095
:10530000AD510300BD030500BFFF04001F000500F1
:10531000F50005008B0005006152030023FF040027
:10532000004000400000000000127A000000000071
:105330000000000000000000FFFFFFFF0000FF0072
:10534000000000000000000101000000EF03050064
:10535000FFFF000064530500FFFFFFFF0000000097
:1053600000000000004000407053050002000000F3
:105370008C5305000300000080530500030100006A
:105380001680000420800005188000061600000426
:1053900020000005180200069036050017000100E5
:1053A0006D5C030007050500B03705000804000028
:1053B00021000000783605000E0000007836050058
:1053C0000F000000640000000A000000050000005B
:1053D000ED69030079670300E505050085690300B1
:1053E000FD65030069CE05008ECF0500F85305006A
:1053F0000000000000000000FC530500A0CF0500E5
:10540000A8CF050000000000256C0300010000008B
:10541000E3CF0500C1CF0500000000003D6D030093
:1054200001000000E1CF0500E8CF0500000000000A
:10543000816B03000100000000000000000000007C
:10544000000000000000000000000000F036050031
:10545000903605000B0007002D770300B56E0300A2
:1054600031730300E5740300656F03009036050097
:105470001900000078360500020000009036050093
:1054800009000000903605000A0000001F07050013
:1054900061070500AD7B0300997903009036050094
:1054A0001C000000C83705000B000100C8370500CC
:1054B0000D000100C83705000F000000C8370500C7
:1054C0000E000000903605001E000000C8370500E1
:1054D0000A000100C837050008000100C8370500B0
:1054E0000C000000C83705000900000090360500D8
:1054F00004000000C837050003000100C83705009C
:1055000005000100C837050007000000C837050086
:10551000060000009036050005000000C8370500B1
:1055200000000100C837050002000100C83705006F
:1055300004000000C8370500010000009036050097
:1055400003000000E03705000B000100E037050014
:105550000D000100E03705000F000000E0370500F6
:105560000E000000903605001D000000E037050029
:105570000A000100E037050008000100E0370500DF
:105580000C000000E037050009000000903605001F
:1055900002000000E037050003000100E0370500CD
:1055A00005000100E037050007000000E0370500B6
:1055B00006000000903605001F000000E0370500DF
:1055C00000000100E037050002000100E03705009F
:1055D00004000000E0370500010000006D800300BA
:1055E0003D840300203705001000000078360500D8
:1055F0000600110000000000EB07050035870300DE
:10560000D9860300B18C0300598C0300018C030080
:10561000918B0300398B0300C98A0300598A030068
:10562000D589030051890300898603003186030070
:10563000000000000000000000000000FFFFFFFF6E
:10564000000000000000000000000000000000005A
:105650000100000000000000010000000000000048
:1056600000000000FFFFFFFF00000000000000003E
:1056700000000000FFFFFFFF01000000000000002D
:10568000000000007FDD0500F3DD050098560500F1
:10569000C1950300000000009C5605006A860500C5
:1056A0000BDE050000000000E9950300010000008A
:1056B00000000000000000000000000000000000EA
:1056C000000000005BEC0500E6E10500D85605008F
:1056D0001597030000000000DC56050027BC0500FC
:1056E000D865050000000000BD960300010300001E
:1056F00000000000000000000000000000000000AA
:105700000000000007100000E63400200101000046
:10571000F63400205BEC0500AEEE0500040000004E
:1057200068ED0020070000000000000000000000FD
:10573000F4E1050000000000277D0500EC63050092
:1057400081E904000000000019350020000001007C
:10575000E8630500F1EA0400000000009032002038
:10576000000001000835002000000000899E0300B1
:105770000000000000002000E4630500F1EA0400DE
:10578000000000008832002000000100F7340020F3
:10579000A309050000000000000000000000100048
:1057A000E0630500D3E90400F9E202000CCA00201E
:1057B00000003000C3E7050029E60500C8570500D2
:1057C00041A0030000000000CC5705006A860500D8
:1057D0003AE605000000000039A3030002000000C3
:1057E00000000000000000000000000000000000B9
:1057F00000000000903605001A00110090360500E8
:105800001B00110027BC0500D865050018580500CD
:105810005DA40300000000001C58050028EA0500F4
:1058200030EA05000000000031A403000100000080
:10583000F065050042EA05000000000085A40300B1
:10584000010000005AEA05005FEA050000000000C0
:105850004DA6030001000000E3E7050077EA05001C
:1058600000000000A1A503000100000000000000EE
:105870000000000000000000000000000000000028
:105880001864050081E9040000000000D435002000
:105890000000010014640500F1EA040000000000AB
:1058A000E032002000000100C3350020E5B803000D
:1058B000000000004DB70300000010001064050058
:1058C000F1EA040000000000D832002000000100CE
:1058D000B2350020E5B803000000000075B70300F2
:1058E000000010000C640500F1EA04000000000054
:1058F000D032002000000100A1350020E5B80300EF
:10590000000000009DB703000000100008640500BF
:10591000F1EA040000000000C8320020000001008D
:1059200090350020E5B8030000000000C5B7030073
:105930000000100004640500F1EA0400000000000B
:10594000C0320020000001007F350020E5B80300D0
:1059500000000000F9B7030000001000006405001B
:10596000F1EA040000000000B8320020000001004D
:105970006E350020E5B803000000000005B8030004
:1059800000001000FC630500F1EA040000000000C4
:10599000B0320020000001005D350020E5B80300B2
:1059A0000000000011B8030000001000F8630500BB
:1059B000F1EA040000000000A8320020000001000D
:1059C0004C350020E5B803000000000039B80300A2
:1059D00000001000F4630500F1EA0400000000007C
:1059E000A0320020000001003B350020E5B8030094
:1059F0000000000061B8030000001000F063050023
:105A0000F1EA0400000000009832002000000100CC
:105A10002A350020E5B8030000000000BDB80300EF
:105A2000000010003576050033ED0500385A0500FA
:105A300000000000000000003C5A0500F065050071
:105A400050ED050000000000C90B0500010000003A
:105A50006DED050079ED050000000000A5BA03001A
:105A6000010000008AED050097ED05000000000030
:105A700085BA030001000000A9ED0500B4ED0500A2
:105A80000000000065BA030001000000CAED050037
:105A9000D6ED05000000000045BA0300010000003B
:105AA000EDED0500F7ED05000000000025BA03004C
:105AB000010000000CEE050014EE050000000000DF
:105AC00005BA03000100000027EE050032EE0500D4
:105AD00000000000E5B903000100000048EE0500E9
:105AE00056EE050000000000C5B9030001000000EB
:105AF00069EE050075EE050000000000A5B9030081
:105B00000100000086EE050092EE05000000000096
:105B100085B9030001000000AAEE0500B6EE0500FD
:105B20000000000065B90300010000000000000053
:105B30000000000000000000000000000000000065
:105B4000F9EE05004CEF0500545B0500C9BB0300EE
:105B500000000000585B05005AEF050061EF0500EA
:105B600000000000F1BB0300030000000000000083
:105B70000000000000000000000000000000000025
:105B8000BBFC0500FBFB0500945B0500B9BD0300F1
:105B900000000000985B050027BC0500D8650500E3
:105BA000000000004DBD0300010300002F0D0600A2
:105BB0000DFC050000000000A5D40300010000005A
:105BC0001EFC050023FC05000000000031D6030088
:105BD000010000006806060031FC0500FC5B0500C2
:105BE000B9BD03000100000000000000000000003B
:105BF000000000000000000000000000005C050044
:105C000040FC050045FC050000000000E1BD03006C
:105C100002000000E3E705007FFC05000000000033
:105C200015BF030001000000859505008CFC0500F0
:105C30000000000089BE0300020000000000000018
:105C40000000000000000000000000000000000054
:105C5000BBFC050068060600020000004833002077
:105C6000010000000000000000000000BFFC050073
:105C70000000000000000000BBFC0500CDFC05009A
:105C80000300000049330020010000000000000074
:105C900002000000D5FC0500403300200000000099
:105CA000BBFC0500E8FC0500030000004A330020AF
:105CB000010000000000000009000000E2FC0500F7
:105CC0001C33002005000000BBFC0500EDFC0500B6
:105CD000040000004B330020190000000000000009
:105CE00000000000F4FC050000000000277D050016
:105CF000BBFC050029FD0500030000006433002003
:105D000001000000000000000300000022FD05006B
:105D10001033002000000000BBFC0500DDFC050086
:105D200003000000653300200100000000000000B7
:105D3000020000002FFD05000833002001000000D4
:105D4000BBFC05003EFD050003000000663300209B
:105D500001000000000000000200000042FD0500FC
:105D60000033002001000000BBFC05004FFD0500D2
:105D70000200000067330020010000000000000066
:105D80000000000053FD05000000000001000000BD
:105D9000BBFC050066FD0500000000006833002024
:105DA00004000000000000000F0000005CFD050082
:105DB0000000000000000000BBFC05006FFD0500B6
:105DC000020000006C330020010000000000000011
:105DD0000000000079FD0500000000000100000047
:105DE000BBFC05008AEE0500050000006D330020B5
:105DF00004000000000000000000000084FD050019
:105E00000000000058FF0500BBFC0500ADFD0500CB
:105E100005000000713300200800000000000000B1
:105E200000000000B4FD05000000000048FF050070
:105E3000BBFC0500DDFD05000500000079330020F6
:105E4000080000000000000000000000E5FD050063
:105E50000000000038FF0500BBFC05000FFE050038
:105E60000500000081330020100000000000000049
:105E70000000000016FE05000000000018FF0500ED
:105E8000BBFC05003FFE050005000000913300202B
:105E900010000000000000000000000047FE0500A8
:105EA00000000000F8FE0500BBFC050071FE0500C7
:105EB00005000000A13300201000000000000000D9
:105EC0000000000079FE050000000000D8FE05007B
:105ED000F3040600F7040600FB040600FF040600B6
:105EE00003050600070506000B050600A6050600CB
:105EF0000F050600005F050059EA030000000000DE
:105F0000045F0500360506003A05060000000000A3
:105F1000A1EC030001000000D2A205006E050600FE
:105F20000000000015EE0300030000000000000068
:105F30000000000000000000000000000000000061
:105F400000400240000400006806060053060600F8
:105F50000000000065EF03000000000035070600A8
:105F60005F070600705F050079F203000000000083
:105F7000745F05006A8605000BDE05000000000066
:105F8000A1F203000100000000000000000000007A
:105F90000000000000000000000000008DF303007E
:105FA0009F0F0500C30F0500000000000000000067
:105FB00000000000B51105001D06040000000000EF
:105FC000000000000200000005000000A70C060011
:105FD000B50C0600C90C0600D80C0600E40C06003F
:105FE000983405009834050010350500203505006B
:105FF0000036050060360500F67D0500050000004E
:10600000460D0600070000002C0D060008000000E9
:10601000350D060004000000B078050009000000FE
:106020003A0D060008000000430D06000A000000BB
:106030004E0D060006000000512563FCC2CAB9F3EC
:10604000849E17A7ADFAE6BCFFFFFFFFFFFFFFFF2F
:1060500000000000FFFFFFFFAAAAAAAAAAAAAAAAF4
:10606000AAAAAAAA5555555555555555555555558C
:106070000000000055555555522563FCC2CAB9F3BE
:10608000849E17A7ADFAE6BCFFFFFFFFFFFFFFFFEF
:1060900000000000FFFFFFFF512563FCC2CAB9F3F7
:1060A000849E17A7ADFAE6BCFFFFFFFFFFFFFFFFCF
:1060B00000000000FFFFFFFF96C298D84539A1F409
:1060C000A033EB2D817D0377F240A463E5E6BCF8B5
:1060D00047422CE1F2D1176BF551BF376840B6CB80
:1060E000CE5E316B5733CE2B169E0F7C4AEBE78E7C
:1060F0009B7F1AFEE242E34F4B60D2273E3CCE3BF1
:10610000F6B053CCB0061D65BC86987655BDEBB392
:10611000E7933AAAD835C65AFCFFFFFFFFFFFFFFFF
:10612000FFFFFFFF00000000000000000000000073
:1061300001000000FFFFFFFFFF8FFFFFFF8FFFFF4A
:10614000FE8FFFFFFE8FFFFFFD8FFFFFFC8FFFFF26
:10615000FC8FFFFF6D757465785F667265652063FF
:10616000616C6C65642077697468204E554C4C20D6
:10617000706172616D6574657200000043616E2725
:106180007420696E697469616C697A65206D7574D3
:1061900065782C20776173204E554C4C0D0A000019
:1061A0004661696C20746F20616371756972652046
:1061B0006D757465780A00004661696C20746F2003
:1061C000696E63726561736520504D20636F756EF3
:1061D0007465720A000000004661696C20746F20CB
:1061E000646563726561736520504D20636F756EE1
:1061F0007465720A000000004661696C20746F20AB
:1062000072656C65617365206D757465780A000050
:10621000436F756C64206E6F74206C6F636B2070BD
:106220006F7765722073617665206D75746578008F
:106230004661696C20746F20756E6C6F636B206DA6
:10624000757465780A0000006374782063616E6E6F
:106250006F74206265204E554C4C00000A637478C0
:10626000206973204E554C4C0A00000067E6096A0D
:1062700085AE67BB72F36E3C3AF54FA57F520E5167
:106280008C68059BABD9831F19CDE05BD89E05C1F7
:1062900007D57C3617DD703039590EF7310BC0FF4A
:1062A00011155868A78FF964A44FFABE01234567FA
:1062B00089ABCDEFFEDCBA9876543210F0E1D2C350
:1062C00000000000000000000000000000000000CE
:1062D0000000004095596959555554551555555666
:1062E000040515411054554045515544404550440E
:1062F000505555450040004040044496655556555C
:1063000045404554514115405591555555554051BD
:10631000050100005445545445550504001004106F
:10632000140440000000014055551541540400007C
:10633000440001000000004041000044504445502A
:10634000540055555455655100400040010000016E
:10635000000501001154515154555505000000002D
:1063600000000000000000000000032800000229D7
:106370000000032800000028000002290000032874
:106380000000002800002A2B00002A2B0000032810
:106390000000292B0000292B0000032800000229FF
:1063A0000000052A0000052A00000328000001184B
:1063B000000000280000042A0000042A000003282E
:1063C0000000012A0000012A000003280000002A22
:1063D0000000002A00000328000000180000002828
:1063E0000000022900000328000003280000002804
:1063F00000000328000003280000032800000328F1
:1064000000000328000003280000032800000328E0
:1064100000000328000003280000002877C295F33D
:1064200060D2EF7F3552500F2CB679806170702F9B
:106430006163746976652D66696C7465720061705C
:10644000702F696E6163746976652D66696C746519
:1064500072006170702F7265706F72742D696E7446
:10646000657276616C0061707020636F6E6669673B
:10647000206163746976652D66696C746572202588
:10648000640A0061707020636F6E66696720696ED0
:106490006163746976652D66696C74657220256424
:1064A0000A0061707020636F6E66696720726570A4
:1064B0006F72742D696E74657276616C2025640A42
:1064C0000025733A2053797374656D20696E697481
:1064D00069616C697A6174696F6E0025733A204353
:1064E000616C6C206073657474696E67735F72654C
:1064F00067697374657260206661696C65643A20CF
:106500002564006170700025733A2043616C6C2033
:106510006073657474696E67735F6C6F61645F73D9
:1065200075627472656560206661696C65643A20A5
:1065300025640025733A204C6F616465642073659F
:106540007474696E677320696E2066756C6C0025C3
:10655000733A2043616C6C2060726561645F6362B2
:1065600060206661696C65643A20256400696E7616
:10657000616C696420666F726D61740A00696E7681
:10658000616C69642072616E67650A00685F73659B
:106590007400685F636F6D6D697400696E69740083
:1065A0006170705F636F6E66696700636F6D6D61C8
:1065B0006E64206E6F7420666F756E643A2025736A
:1065C0000A004170706C69636174696F6E20636F5B
:1065D0006D6D616E64732E00436F6E6669677572D0
:1065E0006174696F6E20636F6D6D616E64732E00F0
:1065F00073686F77004C6973742063757272656E8F
:106600007420636F6E66696775726174696F6E2E50
:10661000004765742F536574206163746976652043
:1066200066696C74657220696E206D696C6C697343
:1066300065636F6E64732028666F726D61743A20B3
:106640003C31302D333630303030303E292E00474B
:1066500065742F53657420696E6163746976652073
:1066600066696C74657220696E206D696C6C697303
:1066700065636F6E64732028666F726D61743A2073
:106680003C31302D333630303030303E292E00470B
:1066900065742F536574207265706F727420696E13
:1066A00074657276616C20696E207365636F6E64C9
:1066B000732028666F726D61743A203C33302D3838
:1066C000363430303E292E006170705F7368656C1F
:1066D0006C0025733A204576656E742060435452F1
:1066E0005F4C52575F4556454E545F4641494C55A5
:1066F0005245600025733A2043616C6C20606374DE
:10670000725F6C72775F7374617274602066616926
:106710006C65643A2025640025733A204576656EE1
:106720007420604354525F4C52575F4556454E5457
:106730005F53544152545F4F4B600025733A2043DE
:10674000616C6C20606374725F6C72775F6A6F69F2
:106750006E60206661696C65643A2025640025736B
:106760003A204576656E7420604354525F4C525710
:106770005F4556454E545F53544152545F45525203
:10678000600025733A204576656E7420604354524C
:106790005F4C52575F4556454E545F4A4F494E5FD6
:1067A0004F4B600025733A204576656E7420604338
:1067B00054525F4C52575F4556454E545F4A4F49BD
:1067C0004E5F455252600025733A204576656E74DF
:1067D00020604354525F4C52575F4556454E545FBC
:1067E00053454E445F4F4B600025733A2045766514
:1067F0006E7420604354525F4C52575F4556454E6D
:10680000545F53454E445F455252600025733A2011
:10681000556E6B6E6F776E206576656E743A2025C7
:10682000640025733A2053656E642074696D657247
:1068300020657870697265640025733A2045766535
:106840006E7420604354525F434845535445525F31
:106850005A5F4556454E545F44435F434F4E4E4545
:1068600043544544600025733A204576656E742094
:10687000604354525F434845535445525F5A5F4505
:1068800056454E545F44435F444953434F4E4E4533
:1068900043544544600025733A204368616E6E6539
:1068A0006C2038206465746563746564206163746A
:1068B00069766520656467650025733A20436861E1
:1068C0006E6E656C20382064657465637465642041
:1068D000696E616374697665206564676500257318
:1068E0003A204368616E6E656C203720646574657C
:1068F00063746564206163746976652065646765A7
:106900000025733A204368616E6E656C2037206401
:106910006574656374656420696E61637469766526
:1069200020656467650025733A204368616E6E6573
:106930006C203620646574656374656420616374DB
:1069400069766520656467650025733A2043686150
:106950006E6E656C203620646574656374656420B2
:10696000696E616374697665206564676500257387
:106970003A204368616E6E656C20352064657465ED
:106980006374656420616374697665206564676516
:106990000025733A204368616E6E656C2035206473
:1069A0006574656374656420696E61637469766596
:1069B00020656467650025733A204368616E6E65E3
:1069C0006C2034206465746563746564206163744D
:1069D00069766520656467650025733A20436861C0
:1069E0006E6E656C20342064657465637465642024
:1069F000696E6163746976652065646765002573F7
:106A00003A204368616E6E656C203320646574655E
:106A10006374656420616374697665206564676585
:106A20000025733A204368616E6E656C20332064E4
:106A30006574656374656420696E61637469766505
:106A400020656467650025733A204368616E6E6552
:106A50006C203220646574656374656420616374BE
:106A600069766520656467650025733A204368612F
:106A70006E6E656C20322064657465637465642095
:106A8000696E616374697665206564676500257366
:106A90003A204368616E6E656C20312064657465D0
:106AA00063746564206163746976652065646765F5
:106AB0000025733A204368616E6E656C2031206456
:106AC0006574656374656420696E61637469766575
:106AD00020656467650025733A20536368656475B3
:106AE0006C696E67206E657874207265706F727461
:106AF00020696E20256C6C64207365636F6E64285A
:106B000073290025733A2043616C6C2060636F6DBC
:106B1000706F736560206661696C65643A202564F6
:106B20000025733A2043616C6C20606374725F6C63
:106B300072775F73656E6460206661696C65643A44
:106B400020256400756E6B6E6F776E2070617261C8
:106B50006D657465723A2025730A0025733A2043E7
:106B6000616C6C206073656E6460206661696C6541
:106B7000643A20256400636F6D6D616E6420666108
:106B8000696C65640A0025733A204465766963651B
:106B9000206E6F742072656164790025733A20431A
:106BA000616C6C20606374725F78305F7365745FD2
:106BB0006D6F646560206661696C65643A20256468
:106BC0000025733A2043616C6C20606374725F78B7
:106BD000305F6765745F7370656360206661696CC0
:106BE00065643A2025640025733A2043616C6C206B
:106BF000606770696F5F70696E5F636F6E6669670B
:106C00007572655F647460206661696C65643A20C2
:106C100025640025733A2043616C6C2060637472B4
:106C20005F656467655F696E697460206661696C41
:106C300065643A2025640025733A2043616C6C201A
:106C4000606374725F656467655F7365745F6361D9
:106C50006C6C6261636B60206661696C65643A208C
:106C600025640025733A2043616C6C206063747264
:106C70005F656467655F7365745F636F6F6C646F96
:106C8000776E5F74696D6560206661696C65643AF2
:106C90002025640025733A2043616C6C2060637486
:106CA000725F656467655F7365745F61637469765D
:106CB000655F6475726174696F6E60206661696C8E
:106CC00065643A2025640025733A2043616C6C208A
:106CD000606374725F656467655F7365745F696E36
:106CE0006163746976655F6475726174696F6E6003
:106CF000206661696C65643A2025640025733A203A
:106D000043616C6C20606374725F656467655F7774
:106D10006174636860206661696C65643A2025640B
:106D20000025733A204170706C69636174696F6EFD
:106D300020737461727465640025733A2043616C3A
:106D40006C2060696E69745F636865737465725FF7
:106D5000783060206661696C65643A20256400259E
:106D6000733A2043616C6C20606374725F7A5F7366
:106D700065745F68616E646C657260206661696CE1
:106D800065643A2025640025733A2043616C6C20C9
:106D9000606374725F7A5F656E61626C655F696E75
:106DA000746572727570747360206661696C656475
:106DB0003A2025640025733A2043616C6C2060639F
:106DC00074725F7A5F6765745F73657269616C5F27
:106DD0006E756D62657260206661696C65643A20EB
:106DE00025640025733A2053657269616C206E75C5
:106DF0006D6265723A20253038780025733A204359
:106E0000616C6C20606374725F7A5F6765745F6841
:106E1000775F7265766973696F6E60206661696C11
:106E200065643A2025640025733A2048572072652E
:106E3000766973696F6E3A20253034780025733A8D
:106E40002043616C6C20606374725F7A5F67657465
:106E50005F68775F76617269616E746020666169F0
:106E60006C65643A2025640025733A2048572076E3
:106E7000617269616E743A20253038780025733A62
:106E80002043616C6C20606374725F7A5F67657425
:106E90005F66775F76657273696F6E6020666169A1
:106EA0006C65643A2025640025733A2046572076A5
:106EB000657273696F6E3A20253038780025733A11
:106EC0002043616C6C20606374725F7A5F676574E5
:106ED0005F76656E646F725F6E616D65602066617E
:106EE000696C65643A2025640025733A2056656E06
:106EF000646F72206E616D653A2025730025733AC8
:106F00002043616C6C20606374725F7A5F676574A4
:106F10005F70726F647563745F6E616D656020662B
:106F200061696C65643A2025640025733A205072CB
:106F30006F64756374206E616D653A20257300255A
:106F4000733A2043616C6C2060696E69745F63689A
:106F500065737465725F7A60206661696C65643A16
:106F60002025640025733A2043616C6C20606374B3
:106F7000725F6C72775F696E697460206661696CBC
:106F800065643A2025640025733A20416C69766572
:106F90000025733A2043616C6C20606B5F73656DF4
:106FA0005F74616B6560206661696C65643A202579
:106FB000640025733A204465766963652060435414
:106FC000525F4241545460206E6F74207265616458
:106FD000790025733A2043616C6C20606374725FA2
:106FE000626174745F6765745F726573745F766FF6
:106FF0006C746167655F6D7660206661696C65645D
:107000003A2025640025733A2043616C6C2060634C
:1070100074725F626174745F6765745F6C6F6164E2
:107020005F766F6C746167655F6D7660206661691D
:107030006C65643A2025640025733A2042617474BB
:1070400065727920766F6C7461676520287265734C
:1070500074293A202575206D560025733A20426127
:10706000747465727920766F6C7461676520286C22
:107070006F6164293A202575206D560025733A20EA
:10708000426174746572792063757272656E7420E2
:10709000286C6F6164293A202575206D41002573A5
:1070A0003A2043616C6C20607461736B5F62617441
:1070B0007465727960206661696C65643A20256444
:1070C0000025733A2043616C6C20606374725F65C5
:1070D0006467655F6765745F616374697665602086
:1070E0006661696C65643A2025640025733A204323
:1070F00068616E6E656C2031206C6576656C3A2037
:1071000025640025733A204368616E6E656C2032F9
:10711000206C6576656C3A2025640025733A20431F
:1071200068616E6E656C2033206C6576656C3A2004
:1071300025640025733A204368616E6E656C2034C7
:10714000206C6576656C3A2025640025733A2043EF
:1071500068616E6E656C2035206C6576656C3A20D2
:1071600025640025733A204368616E6E656C203695
:10717000206C6576656C3A2025640025733A2043BF
:1071800068616E6E656C2037206C6576656C3A20A0
:1071900025640025733A204368616E6E656C203863
:1071A000206C6576656C3A2025640025733A20438F
:1071B000616C6C20607461736B5F63686573746588
:1071C000725F783060206661696C65643A2025647E
:1071D0000025733A2043616C6C20606374725F7A9F
:1071E0005F6765745F73746174757360206661694D
:1071F0006C65643A2025640025733A204443206975
:107200006E70757420636F6E6E65637465643A208A
:1072100025640025733A2043616C6C2060637472AE
:107220005F7A5F6765745F7664635F6D7660206622
:1072300061696C65643A2025640025733A20566FB5
:107240006C7461676520444320696E7075743A20E0
:107250002575206D560025733A2043616C6C2060C3
:107260006374725F7A5F6765745F766261745F6D85
:107270007660206661696C65643A20256400257338
:107280003A20566F6C74616765206261636B75703C
:1072900020626174746572793A202575206D5600FC
:1072A00025733A2043616C6C20607461736B5F637B
:1072B0006865737465725F7A60206661696C656485
:1072C0003A2025640025733A2043616C6C2060638A
:1072D00074725F616363656C5F7265616460206690
:1072E00061696C65643A2025640025733A204F7209
:1072F00069656E746174696F6E3A20256400257348
:107300003A2043616C6C20606374725F74686572CC
:107310006D5F7265616460206661696C65643A20C6
:1073200025640025733A20496E742E2074656D70B3
:10733000657261747572653A20252E3166204300AE
:1073400025733A2043616C6C20607461736B5F73CA
:10735000656E736F727360206661696C65643A2054
:10736000256400636D645F73656E640073656E64AD
:10737000007461736B5F73656E736F727300746119
:10738000736B5F636865737465725F7A00746173B1
:107390006B5F636865737465725F783000746173E6
:1073A0006B5F62617474657279006C6F6F700069F5
:1073B0006E69745F636865737465725F7A00696E85
:1073C00069745F636865737465725F7830006C72AE
:1073D000775F6576656E745F68616E646C65720078
:1073E0006D61696E0073656E645F74696D657200CE
:1073F0006374725F7A5F6576656E745F68616E64F0
:107400006C657200656467655F6368385F63616CB3
:107410006C6261636B00656467655F6368375F63B7
:10742000616C6C6261636B00656467655F6368369D
:107430005F63616C6C6261636B00656467655F6369
:1074400068355F63616C6C6261636B00656467657E
:107450005F6368345F63616C6C6261636B00656479
:1074600067655F6368335F63616C6C6261636B0067
:10747000656467655F6368325F63616C6C626163FA
:107480006B00656467655F6368315F63616C6C6244
:1074900061636B0073656E640053656E64206461A4
:1074A000746120696D6D6564696174656C792E0025
:1074B0006D61696E0000070E091C1B1215383F36FE
:1074C0003124232A2D25733A2028756E7369676E3F
:1074D0006564292063686172202A207573656420C1
:1074E000666F722025257020617267756D656E74F8
:1074F0002E2049742773207265636F6D6D656E640D
:10750000656420746F206361737420697420746FE4
:1075100020766F6964202A20626563617573652037
:107520006974206D6179206361757365206D69737D
:107530006265686176696F7220696E206365727436
:1075400061696E20636F6E66696775726174696FD9
:107550006E732E20537472696E673A22257322204F
:10756000617267756D656E743A256400636270724E
:10757000696E74665F7061636B6167655F636F6E90
:10758000766572740063627072696E74665F7061B2
:10759000636B616765004661696C656420746F2088
:1075A0007265626F6F743A207370696E6E696E6790
:1075B00020656E646C6573736C792E2E2E0A00251F
:1075C000733A204E5653206E6F7420696E69746949
:1075D000616C697A65640025733A20436F756C6449
:1075E000206E6F74206F627461696E20666C6173C7
:1075F0006820706172616D65746572730025733AFD
:1076000020556E737570706F72746564207772693F
:10761000746520626C6F636B2073697A65002573F3
:107620003A20556E61626C6520746F206765742026
:107630007061676520696E666F0025733A20496E38
:1076400076616C696420736563746F722073697A04
:10765000650025733A20436F6E66696775726174C1
:10766000696F6E206572726F72202D20736563746E
:107670006F7220636F756E740025733A2047432044
:10768000446F6E65206D61726B657220666F756EFA
:10769000640025733A204E6F20474320446F6E6587
:1076A000206D61726B657220666F756E643A207230
:1076B000657374617274696E672067630025733A3D
:1076C00020256420536563746F7273206F662025D4
:1076D000642062797465730025733A20616C6C6F65
:1076E00063207772613A2025642C20257800257369
:1076F0003A2064617461207772613A2025642C20FD
:107700002578006E76735F726561645F6869737473
:10771000006E76735F7772697465006E76735F735F
:10772000746172747570006E76735F6D6F756E74D0
:107730000066735F6E7673006C6F6767696E6700D3
:107740006C6F67006C6F675F6D676D740025733ACF
:10775000204D6573736167652028222573222920D7
:1077600064726F7070656420626563617573652013
:10777000697420657863656564732073697A652030
:107780006C696D69746174696F6E202825752900B4
:1077900025733A204D6573736167652064726F705D
:1077A0007065642062656361757365206974206526
:1077B0007863656564732073697A65206C696D69A7
:1077C000746174696F6E2028257529007A5F6C6F6B
:1077D000675F6D73675F72756E74696D655F766301
:1077E0007265617465007A5F696D706C5F7A5F6C59
:1077F0006F675F6D73675F7374617469635F6372F2
:1078000065617465001B5B306D005B2530386C75FD
:107810005D20005B253032753A253032753A2530CF
:1078200032752E253033752C253033755D200025BB
:10783000732F003C25733E200025733A200025302D
:1078400032782000202020007C00256300206D6518
:107850007373616765732064726F70706564202D47
:107860002D2D0D0A002D2D2D2000657272007772CE
:107870006E00696E6600646267004C6F67676572D0
:10788000006D657373616765732064726F707065F6
:10789000643A202020200D0A006C6F675F626163EC
:1078A0006B656E645F727474006163746976650001
:1078B00073757370656E646564006F666600706DE5
:1078C0005F6465766963650025733A20666C617351
:1078D000685F7772697465206572726F72202564C3
:1078E000206F66667365743D30782530387A78008D
:1078F00025733A20666C6173682072656164206646
:1079000061696C65643A2025640025733A206361DF
:107910006C6C6261636B206661696C65643A2025FA
:10792000640025733A204275666665722073697A31
:107930006520697320626967676572207468616E8B
:1079400020706167650025733A204275666665722E
:107950002073697A65206973206E6F7420616C6989
:10796000676E656420746F206D696E696D616C204F
:1079700077726974652D626C6F636B2D73697A65BC
:107980000025733A20496E636F72726563742070CC
:107990006172616D657465720066696E645F666CC4
:1079A0006173685F746F74616C5F73697A6500738B
:1079B000747265616D5F666C6173685F696E69742E
:1079C00000666C6173685F73796E6300535452454F
:1079D000414D5F464C4153480025733A207365740E
:1079E0002D76616C7565206661696C7572652E20F7
:1079F0006B65793A202573206572726F7228256451
:107A0000290073657474696E67735F63616C6C5F82
:107A10007365745F68616E646C6572006B65726E2D
:107A2000656C004B65726E656C20636F6D6D616E89
:107A30006473006379636C65733A202575206877F9
:107A4000206379636C65730A006379636C65730006
:107A50004B65726E656C206379636C65732E00559F
:107A60006E61626C6520746F20706172736520694D
:107A70006E7075742028657272202564290A00735F
:107A80006C656570006D7300557074696D653A20A2
:107A9000256C6C75206D730A002D70002D2D707291
:107AA0006574747900556E737570706F7274656467
:107AB000206F7074696F6E3A2025730A00757074B8
:107AC000696D653A20256C6C7520646179732C2092
:107AD000256C6C7520686F7572732C20256C6C7525
:107AE000206D696E757465732C20256C6C75207320
:107AF00065636F6E64732C20256C6C75206D696CEA
:107B00006C697365636F6E64730A00757074696D78
:107B100065004B65726E656C20757074696D652EBD
:107B20002043616E2062652063616C6C6564207720
:107B300069746820746865202D70206F72202D2D67
:107B4000707265747479206F7074696F6E7300332E
:107B50002E372E3939005A65706879722076657231
:107B600073696F6E2025730A004B65726E656C2019
:107B700076657273696F6E2E00556E61626C65205A
:107B8000746F207061727365206C6F672073657607
:107B900065726974792028657272202564290A004B
:107BA000496E76616C6964206C6F67206C657665E0
:107BB0006C3A2025640A00556E61626C6520746F12
:107BC0002066696E64206C6F6720736F75726365E1
:107BD0003A2025730A006C6F675F6C6576656C00F0
:107BE0003C6D6F64756C65206E616D653E203C7305
:107BF000657665726974792028302D34293E0072CB
:107C000065626F6F74005265626F6F742E00636FF0
:107C10006C6400436F6C64207265626F6F742E0039
:107C20007761726D005761726D207265626F6F745B
:107C30002E00746872656164004B65726E656C201D
:107C4000746872656164732E005363686564756C53
:107C500065723A2025752073696E6365206C6173C7
:107C6000742063616C6C0A00546872656164733AD5
:107C70000A004E41002573257020252D3130730AEE
:107C800000096F7074696F6E733A20307825782C14
:107C9000207072696F726974793A20256420746962
:107CA0006D656F75743A20256C6C640A00097374F5
:107CB0006174653A2025732C20656E7472793A20C0
:107CC00025700A00556E61626C6520746F206465D2
:107CD0007465726D696E6520756E75736564207369
:107CE0007461636B2073697A6520282564290A0A08
:107CF0000009737461636B2073697A6520257A7556
:107D00002C20756E7573656420257A752C2075732B
:107D100061676520257A75202F20257A7520282512
:107D200075202525290A0A004C697374206B657239
:107D30006E656C20746872656164732E0025702016
:107D40004952512025303264202573287265616CB8
:107D50002073697A652025347A75293A09756E751C
:107D60007365642025347A7509757361676520250C
:107D7000347A75202F2025347A75202825327A759B
:107D8000202525290A00257020252D33327320282F
:107D90007265616C2073697A652025347A75293A99
:107DA00009756E757365642025347A75097573617C
:107DB00067652025347A75202F2025347A75202890
:107DC000253275202525290A00737461636B7300C1
:107DD0004C69737420746872656164732073746194
:107DE000636B2075736167652E007368656C6C2E1C
:107DF0007368656C6C5F64756D6D79007368656C34
:107E00006C2E7368656C6C5F72747400537562637A
:107E10006F6D6D616E64733A0A005741524E494E60
:107E2000473A2041207072696E74207265717565E1
:107E3000737420776173206465746563746564206E
:107E40006F6E206E6F74206163746976652073684D
:107E5000656C6C206261636B656E642E0A006E6FE8
:107E600074207465726D696E617465643A2025636F
:107E70000A00506C6561736520737065636966798B
:107E8000206120737562636F6D6D616E642E0A00F0
:107E9000257325730A003A20636F6D6D616E64204F
:107EA0006E6F7420666F756E6400546F6F206D6125
:107EB0006E7920617267756D656E747320696E20CE
:107EC00074686520636F6D6D616E642E0A002573A2
:107ED0003A2077726F6E6720706172616D657465AC
:107EE0007220636F756E740A005368656C6C207441
:107EF0006872656164206572726F723A2025640051
:107F0000596F752063616E2074727920746F2063DD
:107F1000616C6C20636F6D6D616E64732077697442
:107F200068203C2D683E206F72203C2D2D68656CCA
:107F3000703E20706172616D6574657220666F724B
:107F4000206D6F726520696E666F726D6174696F06
:107F50006E2E0A000A417661696C61626C6520636D
:107F60006F6D6D616E64733A0A005072696E74735E
:107F7000207468652068656C70206D657373616737
:107F8000652E002573252D2A730025732573002D7A
:107F900068002D2D68656C7000202D2000202000C9
:107FA0002A2A2A20426F6F74696E67206E5246201B
:107FB000436F6E6E6563742053444B2076322E39C6
:107FC0002E302D3338393134663538373035392055
:107FD0002A2A2A0A002A2A2A205573696E67205AFB
:107FE0006570687972204F532076332E372E3939D9
:107FF0002D633739393863643735313362202A2AA3
:108000002A0A00029ECADC240EE5A9E093F3A3B578
:108010000200406E029ECADC240EE5A9E093F3A3A1
:10802000B50200406E029ECADC240EE5A9E093F37F
:10803000A3B50300406E029ECADC240EE5A9E093BE
:10804000F3A3B50300406E029ECADC240EE5A9E04E
:1080500093F3A3B50100406E25733A205258207265
:10806000696E67206275666665722066756C6C2E37
:108070002044726F7070696E672025642062797485
:1080800065730025733A204661696C656420746FDE
:10809000206C6F636B206D757465782C2028657279
:1080A000723A202564290025733A204661696C657F
:1080B0006420746F2073656E642025642062797477
:1080C000657320282564206572726F7229002573FC
:1080D0003A204661696C656420746F20756E6C6F20
:1080E000636B206D757465782C20286572723A2058
:1080F0002564290072785F63616C6C6261636B0058
:1081000074785F747279007368656C6C2E7368653F
:108110006C6C5F62745F6E75730062745F6E757312
:108120003A7E242000637C777BF26B6FC530016759
:108130002BFED7AB76CA82C97DFA5947F0ADD4A2DF
:10814000AF9CA472C0B7FD9326363FF7CC34A5E5AB
:10815000F171D8311504C723C31896059A07128008
:10816000E2EB27B27509832C1A1B6E5AA0523BD63C
:10817000B329E32F8453D100ED20FCB15B6ACBBE61
:10818000394A4C58CFD0EFAAFB434D338545F9020D
:108190007F503C9FA851A3408F929D38F5BCB6DA22
:1081A0002110FFF3D2CD0C13EC5F974417C4A77EC8
:1081B0003D645D197360814FDC222A908846EEB8D9
:1081C00014DE5E0BDBE0323A0A4906245CC2D3AC13
:1081D000629195E479E7C8376D8DD54EA96C56F458
:1081E000EA657AAE08BA78252E1CA6B4C6E8DD7416
:1081F0001F4BBD8B8A703EB5664803F60E6135573E
:10820000B986C11D9EE1F8981169D98E949B1E878D
:10821000E9CE5528DF8CA1890DBFE6426841992D32
:108220000FB054BB166D757465785F696E69742004
:1082300063616C6C65642077697468204E554C4CA2
:1082400020706172616D6574657200436F756C6456
:10825000206E6F7420616C6C6F63617465206D7546
:10826000746578206265666F726520696E697469ED
:10827000616C697A696E670025733A2072302F61EC
:10828000313A2020307825303878202072312F6123
:10829000323A2020307825303878202072322F6111
:1082A000333A20203078253038780025733A207210
:1082B000332F61343A2020307825303878207231DD
:1082C000322F69703A20203078253038782072318A
:1082D000342F6C723A20203078253038780025739E
:1082E0003A2020787073723A202030782530387820
:1082F0000025733A204661756C74696E6720696E5B
:10830000737472756374696F6E20616464726573EF
:108310007320287231352F7063293A203078253048
:1083200038780025733A20556E68616E646C656418
:10833000204952516E3A202564006573665F64756A
:108340006D70007A5F61726D5F666174616C5F650C
:1083500072726F720025733A202A2A2A2A2A204232
:108360005553204641554C54202A2A2A2A2A0025B2
:10837000733A202020537461636B696E67206572C5
:10838000726F720025733A202020556E73746163FA
:108390006B696E67206572726F720025733A2020D8
:1083A0002050726563697365206461746120627531
:1083B00073206572726F720025733A202020424646
:1083C000415220416464726573733A203078257895
:1083D0000025733A202020496D70726563697365CA
:1083E000206461746120627573206572726F72001F
:1083F00025733A202020496E737472756374696F17
:108400006E20627573206572726F720025733A2058
:108410002020466C6F6174696E672D706F696E7491
:10842000206C617A79207374617465207072657351
:108430006572766174696F6E206572726F72002565
:10844000733A202A2A2A2A2A205553414745204692
:1084500041554C54202A2A2A2A2A0025733A2020E2
:10846000204469766973696F6E206279207A65723B
:108470006F0025733A202020556E616C69676E6528
:1084800064206D656D6F727920616363657373003D
:1084900025733A2020204E6F20636F70726F6365E2
:1084A00073736F7220696E737472756374696F6E23
:1084B000730025733A202020496C6C6567616C203D
:1084C0006C6F6164206F66204558435F5245545578
:1084D000524E20696E746F2050430025733A20205D
:1084E00020496C6C6567616C20757365206F662030
:1084F00074686520455053520025733A202020416E
:108500007474656D707420746F206578656375741C
:108510006520756E646566696E656420696E737446
:1085200072756374696F6E0025733A202A2A2A2AAD
:108530002A204D5055204641554C54202A2A2A2A9B
:108540002A0025733A202020537461636B696E679B
:10855000206572726F722028636F6E746578742064
:1085600061726561206D69676874206265206E6F55
:10857000742076616C6964290025733A20202044B8
:10858000617461204163636573732056696F6C6128
:1085900074696F6E0025733A2020204D4D4641527C
:1085A00020416464726573733A2030782578002521
:1085B000733A202020496E737472756374696F6E0C
:1085C000204163636573732056696F6C6174696FD2
:1085D0006E005265736572766564204578636570D8
:1085E00074696F6E20280053707572696F757320FF
:1085F000696E74657272757074202849525120003A
:1086000025733A20535053454C20696E207468728C
:10861000656164206D6F646520646F6573206E6FA3
:108620007420696E6469636174652050535000253D
:10863000733A202A2A2A2A2A2048415244204641B5
:10864000554C54202A2A2A2A2A0025733A20202011
:10865000427573206661756C74206F6E2076656359
:10866000746F72207461626C6520726561640025AC
:10867000733A2020204465627567206576656E74C4
:108680000025733A2020204661756C742065736361
:10869000616C6174696F6E20287365652062656C1A
:1086A0006F77290025733A20415243485F4558436C
:1086B000455054207769746820726561736F6E202D
:1086C00025780A0025733A202A2A2A2A2A20446576
:1086D000627567206D6F6E69746F7220657863656F
:1086E0007074696F6E202A2A2A2A2A0025733A207C
:1086F0002A2A2A2A2A20257320256429202A2A2A80
:108700002A2A0072657365727665645F65786365B1
:108710007074696F6E0064656275675F6D6F6E6916
:10872000746F720075736167655F6661756C740064
:108730006275735F6661756C74006D656D5F6D6108
:108740006E6167655F6661756C7400686172645F15
:108750006661756C74006765745F657366006D7043
:10876000750025733A204661696C656420746F203A
:10877000616C6C6F63617465206E6577204D505538
:1087800020726567696F6E2025750A0025733A208F
:10879000506172746974696F6E2025753A20736137
:1087A0006E69747920636865636B206661696C65C6
:1087B000642E00726567696F6E5F616C6C6F6361D8
:1087C00074655F616E645F696E6974006D70755F7A
:1087D000636F6E6669677572655F726567696F6EF4
:1087E0007300464C4153485F30005352414D5F3057
:1087F000006E65745F627566006E65745F627566B3
:108800005F73696D706C6500000001000000736F9C
:10881000630072630067726F75700025733A2046BB
:1088200061696C656420746F2072656164206461A5
:1088300074612066726F6D20666C6173682061726E
:1088400065613A2025640025733A204661696C65AC
:108850006420746F206F70656E20666C6173682091
:10886000617265612049442025753A202564002500
:10887000733A204661696C656420746F206572618B
:10888000736520666C61736820617265613A2025AA
:10889000640025733A204661696C656420746F201A
:1088A0007265616420646174612066726F6D206618
:1088B0006C6173683A2025640025733A2043616E29
:1088C00027742062696E6420746F20746865206666
:1088D0006C61736820617265612028657272202561
:1088E00064290025733A20626164206F66667365AF
:1088F0007420283078256C78290025733A20696D1A
:1089000061676520736C6F74206572617365206F99
:1089100066203078257A78206279746573206661E4
:10892000696C6564202865727220256429002573AE
:108930003A20457261736564203078257A78206228
:1089400079746573206F6620696D61676520736C4B
:108950006F740025733A20696D61676520736C6FD1
:108960007420747261696C65722065726173652030
:108970006F66203078257A78206279746573206676
:1089800061696C6564202865727220256429002560
:10899000733A20457261736564203078257A7820B7
:1089A0006279746573206F6620696D6167652073F5
:1089B0006C6F7420747261696C65720025733A2063
:1089C00055706C6F616420746F6F206C61726765A5
:1089D00020666F7220736C6F743A202575203E20DC
:1089E000257500696D675F6D676D745F6572617392
:1089F00065645F76616C00696D675F6D676D745F5C
:108A0000666C6173685F636865636B5F656D7074E6
:108A10007900696D675F6D676D745F75706C6F610C
:108A2000645F696E737065637400696D675F6D671D
:108A30006D745F65726173655F696D6167655F64C1
:108A400061746100696D675F6D676D745F72656108
:108A50006400696D675F6D676D745F666C617368F4
:108A60005F636865636B5F656D7074795F696E6E77
:108A7000657200696D675F6D676D745F65726173C4
:108A8000655F736C6F74003C3F3F3F3E00626F6FE9
:108A90007461626C6500636F6E6669726D65640017
:108AA0007065726D616E656E7400696D6167657386
:108AB0000073706C69745374617475730025733A34
:108AC0002046616C656420626F6F745F7365745FCC
:108AD0006E657874207769746820636F64652025FB
:108AE000642C20666F7220736C6F742025642C20B8
:108AF000776974682061637469766520736C6F743C
:108B000020256420616E6420636F6E6669726D203B
:108B1000256400636F6E6669726D000A0204696DF8
:108B2000675F6D676D745F7365745F6E6578745FA2
:108B3000626F6F745F736C6F745F636F6D6D6F6E78
:108B4000002568752E2568752E256875002E2575FB
:108B50000073686100757067726164650025733A1F
:108B600020496D6167652075706C6F616420696E66
:108B70007370656374206661696C65643A2025646E
:108B80000025733A2049727265636F76657261627F
:108B90006C65206572726F723A20666C6173682032
:108BA0007772697465206661696C65643A20256432
:108BB0000005050101010106010101010302010196
:108BC0000103030303010303010606696D675F6D7B
:108BD000676D745F75706C6F6164006D63756D6750
:108BE000725F696D675F677270006D63756D677244
:108BF0005F6F735F6772700025733A204661696C1E
:108C0000656420746F20636F6D706F736520636F90
:108C10006D6D616E64206C696E65007265740073C1
:108C200068656C6C5F6D676D745F65786563006126
:108C3000726776006D63756D67725F7368656C6CE3
:108C40005F677270006D63756D677220736D700081
:108C50006D63756D67725F736D700025733A2042A6
:108C60006C7565746F6F746820534D502074726119
:108C70006E73706F727420726567697374657220A9
:108C80006661696C6564202865727220256429001C
:108C900025733A204E756C6C20637064206F626A95
:108CA00065637420666F7220636F6E6E65637469AE
:108CB0006F6E20257000736D705F62745F736574F2
:108CC000757000736D705F62745F6368725F777256
:108CD00069746500646973636F6E6E65637465645F
:108CE0000002487C997411269EAE014ECEFB287876
:108CF0002EDA02487C997411269EAE014ECEFB28D6
:108D0000782EDA0284AA6074528A8B86D34CB71DFF
:108D10001DDC538D00FFFFFFFFFFFF000000000080
:108D20000000FFFFFFFFFFFF000000000000707564
:108D3000626C69630072616E646F6D007075626C65
:108D400069632D69640072616E646F6D2D696400E2
:108D5000253032583A253032583A253032583A25A3
:108D60003032583A253032583A25303258202825AA
:108D70007329003031323334353637383961626324
:108D80006465660062745F7270610025733A204604
:108D900061696C656420746F20637265617465201D
:108DA000454343207075626C69632F707269766108
:108DB000746520706169720025733A207075626C69
:108DC0006963206B6579206973206E6F742076610A
:108DD0006C696420287265742025642900656D75AE
:108DE0006C6174655F6C655F67656E657261746503
:108DF0005F64686B65790067656E65726174655F55
:108E00006B657973003F49F6D4A3C55F3874C9B365
:108E1000E3D2103F504AFF607BEB40B7995899B8B6
:108E2000A6CD3C1ABD62745F6863695F65636300C9
:108E300025733A20496E73756666696369656E7459
:108E4000206E756D626572206F6620617267756D48
:108E5000656E74730025733A2049676E6F72696E90
:108E600067206964656E7469746965732073746FD3
:108E700072656420696E20666C6173680025733AC0
:108E800020496E76616C6964206C656E6774682039
:108E90004944206164647265737320696E20737441
:108EA0006F726167650025733A204661696C65647D
:108EB00020746F2072656164206465766963652043
:108EC0006E616D652066726F6D2073746F7261677D
:108ED00065202865727220257A64290062742F2526
:108EE000732F25303278253032782530327825308E
:108EF0003278253032782530327825752F25730069
:108F000062742F25732F2530327825303278253042
:108F10003278253032782530327825303278257510
:108F20000025733A2073657474696E67735F737597
:108F3000627379735F696E6974206661696C6564D8
:108F40002028657272202564290062742F25730021
:108F500025733A204661696C656420746F207361E3
:108F600076652049442028657272202564290043D3
:108F70004845535445520025733A20556E61626C42
:108F80006520746F20736574757020616E2069644C
:108F9000656E7469747920616464726573730064CA
:108FA0006F5F73746F72655F69640062745F73658D
:108FB0007474696E67735F696E6974007365745F5A
:108FC00073657474696E6700636F6D6D69745F7348
:108FD000657474696E67730062740062745F7365B0
:108FE0007474696E6773004254204C5720575100C7
:108FF00002FB349B5F800000800010000000000036
:109000000062745F6275660062745F64617461001F
:1090100025733A20556E61626C6520746F20616C17
:109020006C6F636174652062756666657200257396
:109030003A20436F756C64206E6F74207375626D97
:1090400069742072785F776F726B3A20256400250F
:10905000733A204461746120627566666572206FA0
:10906000766572666C6F7720286C696E6B207479F8
:10907000706520307825303278290025733A2055E4
:109080006E68616E646C6564206576656E74203010
:109090007825303278206C656E2025753A2025734E
:1090A0000025733A204861726477617265206572A9
:1090B000726F722C20686172647761726520636FD1
:1090C00064653A2025640025733A20556E61626C10
:1090D0006520746F206C6F6F6B757020636F6E6EA0
:1090E00020666F722068616E646C652025750025AE
:1090F000733A20556E61626C6520746F206C6F6FDF
:109100006B20757020636F6E6E20776974682068BD
:10911000616E646C652025750025733A20546F6F6D
:1091200020736D616C6C20282575206279746573DD
:1091300029206576656E74203078253032780025D8
:10914000733A20496E76616C696420484349204136
:10915000434C207061636B65742073697A652028C5
:109160002575290025733A2041434C2064617461C0
:10917000206C656E677468206D69736D61746368D7
:109180002028257520213D202575290025733A20AA
:10919000556E61626C6520746F2066696E64206331
:1091A0006F6E6E20666F722068616E646C6520253C
:1091B000750025733A20496E76616C6964204843D6
:1091C00049206576656E742073697A652028257557
:1091D0002900574553545F544F504449522F7A65E4
:1091E000706879722F7375627379732F626C75650D
:1091F000746F6F74682F686F73742F6863695F632F
:109200006F72652E630062745F6863695F65767470
:109210005F6765745F666C616773286864722D3E72
:10922000657674292026202831554C203C3C202886
:1092300031292900415353455254494F4E2046414C
:10924000494C205B25735D20402025733A25640A34
:109250000025733A20556E6B6E6F776E20627566CF
:1092600020747970652025750025733A20556E6845
:10927000616E646C65642076656E646F722D7370C8
:10928000656369666963206576656E74203078254C
:10929000303278206C656E2025753A2025730025C4
:1092A000733A204E6F2070656E64696E672070653A
:1092B000726970686572616C20636F6E6E6563744D
:1092C000696F6E0025733A20556E6578706563741A
:1092D000656420737461747573203078253032783A
:1092E0002025730025733A204E6F20636F6D6D61EA
:1092F0006E642073656E7420666F7220636D6420E7
:10930000636F6D706C65746520307825303478003B
:1093100025733A204F70436F6465203078253034D0
:109320007820636F6D706C6574656420696E73740A
:10933000656164206F66206578706563746564207C
:109340003078253034780025733A20657674206EA5
:10935000756D5F68616E646C657320283D257529A5
:1093600020746F6F206C6172676520282575203E20
:10937000202575290025733A204E6F20636F6E6E8D
:10938000656374696F6E20666F722068616E646CCD
:10939000652025750025733A207061636B657473D1
:1093A00020636F756E74206D69736D6174636800FE
:1093B00025733A204661696C656420746F2073657B
:1093C0007420726571756972656420736563757266
:1093D000697479206C6576656C0025733A204E6F50
:1093E000206368616E676520746F20656E637279B3
:1093F0007074696F6E2073746174652028656E6384
:1094000072797074203078253032782900756E6B4F
:109410006E6F776E006576745F666C616773202689
:10942000202831554C203C3C202830292900257328
:109430003A20496E76616C696420627566207479A1
:109440007065202575005B305D0025733A20496406
:10945000656E7469747925733A2025730025733A13
:10946000204964656E746974795B25645D3A2025D2
:10947000730025733A204843493A20766572736930
:109480006F6E20257320283078253032782920729D
:1094900065766973696F6E203078253034782C20BA
:1094A0006D616E75666163747572657220307825C2
:1094B0003034780025733A204C4D503A207665724E
:1094C00073696F6E20257320283078253032782913
:1094D00020737562766572203078253034780025E7
:1094E000733A204E6F20494420616464726573733F
:1094F0002E20417070206D7573742063616C6C2038
:1095000073657474696E67735F6C6F61642829009A
:1095100025733A20556E61626C6520746F207374F8
:109520006F7265206E616D650025733A20556E611E
:10953000626C6520746F2073656E6420746F2064A4
:10954000726976657220286572722025642900256B
:10955000733A204F7574206F6620636F6D6D616E76
:109560006420627566666572730025733A20556ED5
:10957000636C65617265642070656E64696E6720F6
:1095800073656E745F636D64007375636365737395
:109590000009636F6D6D616E64206F70636F646549
:1095A000203078253034782074696D656F75740AC1
:1095B00000657272203D3D20300009436F6E747269
:1095C0006F6C6C657220756E726573706F6E736907
:1095D00076652C20636F6D6D616E64206F70636FB4
:1095E0006465203078253034782074696D656F7536
:1095F000742077697468206572722025640A0025DA
:10960000733A206F70636F6465203078253034784A
:10961000207374617475732030782530327820257A
:10962000730025733A204661696C656420746F206D
:109630007265616420444C45206D617820646174DA
:1096400061206C656E0025733A2074785F6F6374D7
:10965000657473206578636565647320746865203C
:1096600076616C69642072616E67652025750025DE
:10967000733A2074785F74696D65206578636565F9
:109680006473207468652076616C69642072616E11
:1096900067652025750025733A204E6F6E2D4C4569
:1096A0002063617061626C6520636F6E74726F6CB1
:1096B0006C6572206465746563746564210025734C
:1096C0003A2041434C2042522F4544522062756655
:1096D00066657273206E6F7420696E697469616C5F
:1096E000697A65640025733A2056656E646F72204E
:1096F00048434920657874656E73696F6E73206E98
:109700006F7420617661696C61626C650025733AE3
:1097100020485720506C6174666F726D3A20257333
:109720002028307825303478290025733A2048578E
:109730002056617269616E743A2025732028307852
:1097400025303478290025733A204669726D776197
:1097500072653A2025732028307825303278292008
:1097600056657273696F6E2025752E2575204275BA
:10977000696C642025750025733A204661696C6523
:109780006420746F207265616420737570706F72ED
:109790007465642076656E646F7220636F6D6D61B1
:1097A0006E64730025733A204661696C65642074A9
:1097B0006F207265616420737570706F7274656478
:1097C0002076656E646F722066656174757265736C
:1097D0000025733A204843492064726976657220F7
:1097E0006973206E6F742072656164790042542041
:1097F00052582057510025733A204843492064723B
:1098000069766572206F70656E206661696C65644B
:1098100020282564290025733A204E6F2070656E3C
:1098200064696E6720636F6E6E20666F722070656C
:1098300065722025730025733A20556E6578706532
:109840006374656420484F53545F4E554D5F434FDA
:109850004D504C455445445F5041434B4554532C67
:109860002073746174757320307825303278202528
:10987000730000090909090102090909090909090F
:10988000090909090709090909090609090909094D
:1098900009090909090909090909090562745F73B8
:1098A00065745F6E616D650062745F656E61626CA8
:1098B000650062745F6465765F73686F775F696E79
:1098C000666F0068616E646C655F76735F65766570
:1098D0006E74006C655F636F6E6E5F636F6D706C4E
:1098E0006574655F6164765F74696D656F7574003A
:1098F000656E685F636F6E6E5F636F6D706C6574CD
:10990000655F6572726F725F68616E646C65006C32
:10991000655F636F6E6E5F7570646174655F636FC2
:109920006D706C657465006C655F72656D6F7465F4
:109930005F666561745F636F6D706C657465006C04
:10994000655F636F6E6E5F706172616D5F6E65679C
:109950005F7265706C79006C655F636F6E6E5F70CF
:109960006172616D5F726571006C655F64617461E5
:109970005F6C656E5F6368616E6765006C655F70E4
:1099800068795F7570646174655F636F6D706C6535
:109990007465006C655F6C746B5F6E65675F7265A4
:1099A000706C79006C655F6C746B5F7265706C795C
:1099B000006C655F6C746B5F7265717565737400C4
:1099C0006863695F646973636F6E6E5F636F6D7008
:1099D0006C657465006863695F656E637279707445
:1099E0005F6368616E6765006863695F656E637277
:1099F0007970745F6B65795F726566726573685FB5
:109A0000636F6D706C657465006863695F6861722F
:109A100064776172655F6572726F72006863695F17
:109A20006576656E74006863695F61636C00727867
:109A30005F776F726B5F68616E646C6572007278DD
:109A40005F71756575655F7075740062745F7265CE
:109A500063765F756E736166650068616E646C65E0
:109A60005F6576656E745F636F6D6D6F6E006861C4
:109A70006E646C655F6576656E74006863695F63CC
:109A80006D645F636F6D706C657465006863695FBA
:109A9000646174615F6275665F6F766572666C6F34
:109AA00077006863695F6E756D5F636F6D706C657D
:109AB0007465645F7061636B657473006863695F8C
:109AC0006576656E745F7072696F00312E3062006A
:109AD000312E3100312E3200322E3000322E310044
:109AE000332E3000342E3000342E3100342E32002C
:109AF000352E3000352E3100352E3200352E330014
:109B0000352E3400362E30005374616E64617264F9
:109B100020426C7565746F6F746820636F6E747229
:109B20006F6C6C65720056656E646F722073706541
:109B3000636966696320636F6E74726F6C6C6572C3
:109B4000004669726D77617265206C6F6164657241
:109B50000052657363756520696D616765007265A4
:109B6000736572766564006E5246353178006E52C8
:109B700046353278006E5246353378006E5246359F
:109B8000344878006E524635344C7800496E74651E
:109B90006C20436F72706F726174696F6E004E6FEC
:109BA000726469632053656D69636F6E6475637475
:109BB0006F72004E58502053656D69636F6E647507
:109BC00063746F72730062745F6863695F636F725E
:109BD000650062745F6863695F6C655F656E685F8E
:109BE000636F6E6E5F636F6D706C65746500627439
:109BF0005F6863695F6C655F726561645F6D617802
:109C00005F646174615F6C656E006863695F636D5A
:109C1000645F646F6E65006863695F636F72655F40
:109C200073656E645F636D640062745F6863695F2F
:109C3000636D645F73656E645F73796E63006274F5
:109C40005F6863695F636D645F73656E640068631A
:109C5000695F76735F696E6974006C655F696E69D0
:109C600074006863695F696E69740062745F696E2D
:109C700069740025733A20636D6420646973616CB4
:109C80006C6F7765640025733A204661696C656482
:109C900020746F2064697361626C65206164647212
:109CA000657373207265736F6C7574696F6E0025D0
:109CB000733A205265736F6C76696E67206C6973B6
:109CC000742073697A652065786365656465642EC0
:109CD00020537769746368696E6720746F20686FBA
:109CE00073742E0025733A204661696C6564207494
:109CF0006F20636C656172207265736F6C75746937
:109D00006F6E206C6973740025733A204661696C2C
:109D1000656420746F206164642049524B20746F25
:109D200020636F6E74726F6C6C65720025733A20DD
:109D30005365742070726976616379206D6F646514
:109D400020636F6D6D616E64206973206E6F742087
:109D5000737570706F727465640025733A20466184
:109D6000696C656420746F20736574207072697605
:109D7000616379206D6F64650025733A20446973CF
:109D800061626C696E6720616464726573732072CE
:109D900065736F6C7574696F6E206661696C65645C
:109DA0002028657272202564290025733A204661B7
:109DB000696C656420746F2072656D6F76652049EB
:109DC000524B2066726F6D20636F6E74726F6C6C95
:109DD00065720025733A204F6E6C792072616E6453
:109DE0006F6D20737461746963206964656E746952
:109DF0007479206164647265737320737570706F19
:109E0000727465640025733A20496E76616C6964EA
:109E100020696E70757420706172616D6574657211
:109E2000730025733A204661696C656420746F2065
:109E300072656164207075626C696320616464722C
:109E40006573730025733A20526561642053746111
:109E50007469632041646472657373657320636F12
:109E60006D6D616E64206E6F7420617661696C61E6
:109E7000626C650025733A204661696C65642074E4
:109E80006F2072656164207374617469632061641A
:109E9000647265737365730025733A204E6F207387
:109EA000746174696320616464726573736573209F
:109EB00073746F72656420696E20636F6E74726F65
:109EC0006C6C65720025733A2043616E27742073B1
:109ED000657420626F7468204944454E5449545952
:109EE0002026204E5250410062745F69645F7365A2
:109EF000745F6164765F6F776E5F61646472007631
:109F0000735F726561645F7374617469635F6164D8
:109F100064720062745F69645F726561645F70752A
:109F2000626C69635F616464720062745F69645F3C
:109F30006372656174650062745F69645F64656C17
:109F4000006C655F7365745F707269766163795FD9
:109F50006D6F64650062745F69645F61646400735F
:109F600065745F72616E646F6D5F61646472657366
:109F7000730062745F69640025733A20546F6F2028
:109F8000626967206164766572746973696E6720BF
:109F9000646174610025733A204661696C656420D0
:109FA000746F207374617274206164766572746971
:109FB0007365720025733A204661696C656420748C
:109FC0006F2073746F702061647665727469736951
:109FD0006E673A2025640025733A20436F6E7472D1
:109FE0006F6C6C65722063616E6E6F742072657346
:109FF000756D6520636F6E6E65637461626C65205C
:10A000006164766572746973696E672028256429B6
:10A010000062745F6C655F6164765F726573756D15
:10A0200065006164765F74696D656F757400627454
:10A030005F6C655F6164765F73746172745F6C6599
:10A0400067616379007365745F646174615F616403
:10A05000645F636F6D706C6574650062745F6164EA
:10A06000760025733A204543432048434920636FD7
:10A070006D6D616E6473206E6F7420617661696CC2
:10A0800061626C650025733A2043616C6C626163A8
:10A090006B20616C726561647920726567697374A5
:10A0A000657265640025733A2053656E64696E6756
:10A0B000204C452050323536205075626C69632043
:10A0C0004B657920636F6D6D616E64206661696CAC
:10A0D00065640025733A204661696C656420746F7D
:10A0E0002067656E65726174652044484B65792010
:10A0F00028657272202564290062745F64685F6B52
:10A1000065795F67656E0062745F7075625F6B652D
:10A11000795F67656E00E69D350E480103CCDBFD77
:10A12000F4AC1191F4EFB9A5F9E9A7832C5E2CBE2C
:10A1300097F2D203B0208BD28915D08E1C742430B4
:10A14000ED8FC24563765C15525ABF9A32636DEB50
:10A150002A65499C80DC62745F6563630025733AFD
:10A16000204661696C656420726561642072656D6A
:10A170006F74652066656174757265732028256447
:10A18000290025733A204661696C656420746F204C
:10A190007365742064617461206C656E2028256489
:10A1A000290025733A20556E65787065637465647F
:10A1B000206669727374204C32434150206672618C
:10A1C0006D650025733A20556E657870656374651A
:10A1D00064204C3243415020636F6E74696E756128
:10A1E00074696F6E0025733A204E6F7420656E6F30
:10A1F0007567682062756666657220737061636555
:10A2000020666F72204C32434150206461746100BB
:10A2100025733A20556E65787065637465642041D6
:10A22000434C20666C616773202830782530327883
:10A23000290025733A2041434C206C656E206D69DE
:10A24000736D6174636820282575203E202575296B
:10A250000028756E6B6E6F776E290025733A206E3D
:10A260006F207472616E736974696F6E202573005C
:10A2700025733A20496E76616C696420282575291A
:10A28000206F6C642073746174650025733A2063D9
:10A290006F6E6E202570206661696C656420746F36
:10A2A0002065737461626C6973682E205246206E5B
:10A2B0006F6973653F0025733A206E6F2076616C7D
:10A2C000696420282575292073746174652077617D
:10A2D00073207365740025733A20696E636F6D7027
:10A2E000617469626C652068616E646C65202575B7
:10A2F0000025733A20556E61626C6520746F206191
:10A300006C6C6F6361746520627566666572207738
:10A31000697468696E2074696D656F757400257362
:10A320003A20636F6E6E2025703A206E6F74206342
:10A330006F6E6E65637465640025733A20466174C0
:10A34000616C206572726F7220282564292E20446A
:10A350006973636F6E6E656374696E672025700044
:10A3600025733A20466F756E642076616C696420AF
:10A37000636F6E6E656374696F6E20282570292087
:10A380007769746820616464726573732025732033
:10A39000696E202573207374617465200025733AFB
:10A3A0002053656E64204C4520706172616D20758C
:10A3B0007064617465206661696C656420286572EB
:10A3C00072202564290025733A2053656E6420614C
:10A3D00075746F204C4520706172616D20757064DA
:10A3E000617465206661696C6564202865727220FD
:10A3F0002564290001010101010203646973636F8F
:10A400006E6E656374656400646973636F6E6E6518
:10A4100063742D636F6D706C657465007363616E3A
:10A420002D6265666F72652D696E69746961746904
:10A430006E6700696E6974696174696E672D66691B
:10A440006C7465722D6C697374006164762D636F32
:10A450006E6E65637461626C65006164762D64691B
:10A46000722D636F6E6E65637461626C6500646902
:10A4700073636F6E6E656374696E670062745F63A9
:10A480006F6E6E0062745F636F6E6E5F6578697386
:10A4900074735F6C6500706572666F726D5F617575
:10A4A000746F5F696E697469617465645F70726FFF
:10A4B000636564757265730062745F636F6E6E5F6F
:10A4C0006372656174655F7064755F74696D656FF3
:10A4D00075740062745F636F6E6E5F6C6F6F6B7527
:10A4E000705F68616E646C650062745F636F6E6E4E
:10A4F0005F7365745F73746174650073656E645F28
:10A500006275660062745F636F6E6E5F74785F7011
:10A51000726F636573736F720062745F61636C5F07
:10A52000726563760064656665727265645F776FF5
:10A53000726B0025733A20556E61626C6520746FF2
:10A5400020616C6C6F63617465206275666665720C
:10A5500020666F72206F70203078253032780025A9
:10A56000733A204E6F20617661696C61626C652080
:10A570004C3243415020636F6E7465787420666F6F
:10A580007220636F6E6E2025700025733A20457827
:10A5900070656374696E6720757020746F20256420
:10A5A00020726566732C20676F7420256400257304
:10A5B0003A20616C72656164792068617665207605
:10A5C000696577206F6E2025700025733A20546FDF
:10A5D0006F20736D616C6C204C3243415020736965
:10A5E000676E616C696E67205044550025733A2090
:10A5F0004C32434150206C656E677468206D6973FE
:10A600006D617463682028257520213D20257529FA
:10A610000025733A20496E76616C6964206964652F
:10A620006E742076616C756520696E204C324341F2
:10A6300050205044550025733A20546F6F20736D9D
:10A64000616C6C204C4520636F6E6E20706172618E
:10A650006D207273700025733A2052656A656374C9
:10A66000696E6720756E6B6E6F776E204C3243415A
:10A67000502050445520636F646520307825303277
:10A68000780025733A20546F6F20736D616C6C20D5
:10A690004C324341502050445520726563656976C1
:10A6A00065640025733A2049676E6F72696E672092
:10A6B0006461746120666F7220756E6B6E6F776E69
:10A6C000206368616E6E656C2049442030782530C7
:10A6D00034780062745F6C32636170006C655F6334
:10A6E0006F6E6E5F706172616D5F727370006C325D
:10A6F0006361705F72656376006C326361705F6185
:10A700006363657074006C326361705F637265616E
:10A7100074655F6C655F7369675F70647500627410
:10A720005F6C326361705F72656376006C32636187
:10A73000705F646174615F70756C6C0062745F6CF3
:10A74000326361705F73656E645F7064750025735A
:10A750003A20415454204D54552065786365656412
:10A7600065642C206D61782025752C2077616E74CE
:10A77000656420257A750025733A20556E61626CF8
:10A780006520746F20637265617465205555494476
:10A790003A2073697A652025750025733A20556E35
:10A7A00061626C6520746F20637265617465205509
:10A7B0005549443A2073697A652025640025733A27
:10A7C000204E6F20617661696C61626C6520415436
:10A7D0005420636F6E7465787420666F7220636FA7
:10A7E0006E6E2025700025733A204E6F20617661D1
:10A7F000696C61626C6520415454206368616E6EBF
:10A80000656C20666F7220636F6E6E202570002568
:10A81000733A20415454206368616E6E656C206EFB
:10A820006F7420636F6E6E65637465640025733AA0
:10A83000204572726F72207369676E696E6720645B
:10A840006174610025733A2052616E206F75742027
:10A850006F662054582062756666657273206F7249
:10A8600020636F6E74657874732E0025733A2047E9
:10A870006F74206572722025642C206E6F742063C3
:10A88000616C6C696E6720415454206362002573CB
:10A890003A20546F6F20736D616C6C2041545420CA
:10A8A0005044552072656365697665640025733A86
:10A8B00020556E68616E646C656420415454206359
:10A8C0006F6465203078253032780025733A20494E
:10A8D0006E76616C6964206C656E20257520666FEC
:10A8E0007220636F646520307825303278002573DC
:10A8F0003A204E6F7420636F6E6E656374656400FA
:10A9000025733A20556E61626C6520746F2066690C
:10A910006E6420415454206368616E6E656C00253E
:10A92000733A204E6F20415454206368616E6E6507
:10A930006C20666F72204D545520257A7500257362
:10A940003A204E6F2070656E64696E6720415454E2
:10A9500020726571756573740025733A20415454F3
:10A960002054696D656F757420666F72206465761A
:10A970006963652025732E20446973636F6E6E656D
:10A980006374696E672E2E2E0025733A2044697316
:10A99000636F6E6E656374696E67206661696C656E
:10A9A00064202865727220256429006174745F74C4
:10A9B000696D656F75740066696E645F7479706542
:10A9C0005F6362006174745F68616E646C655F727E
:10A9D00073700062745F6174745F726563760061A6
:10A9E00074745F6368616E5F6E65770062745F6147
:10A9F00074745F6163636570740062745F61747422
:10AA00005F6372656174655F7273705F7064750017
:10AA100062745F6174745F6368616E5F63726561C5
:10AA200074655F706475006174745F67657400625B
:10AA3000745F6174745F6372656174655F7064757F
:10AA4000006368616E5F7265715F6E6F7469665FE7
:10AA500073656E74006368616E5F726562656769D5
:10AA60006E5F6174745F74696D656F75740063689F
:10AA7000616E5F73656E64006174745F6F6E5F73A7
:10AA8000656E745F63620062745F61747400257345
:10AA90003A20496E76616C6964206B657900257394
:10AAA0003A20556E61626C6520746F206465636F37
:10AAB0006465206164647265737320257300257377
:10AAC0003A20496E76616C6964206C6F63616C201A
:10AAD0006964656E7469747920256C750025733A14
:10AAE00020556E61626C6520746F20726573746F9F
:10AAF00072652053433A206E6F20636667206C6551
:10AB000066740025733A204661696C656420746F31
:10AB1000206465636F64652076616C7565202865C7
:10AB2000727220257A64290025733A206661696C67
:10AB3000656420746F2073746F72652053432028FE
:10AB4000657272202564290025733A20756E616252
:10AB50006C6520746F20736176652053433A206ED4
:10AB60006F20636667206C6566740025733A204623
:10AB700061696C656420746F20736176652044613F
:10AB80007461626173652048617368202865727220
:10AB9000202564290025733A20546F6F206D616E63
:10ABA0007920436C69656E742043686172616374D7
:10ABB0006572697374696320436F6E666967757245
:10ABC0006174696F6E2E2053656520434F4E464970
:10ABD000475F42545F53455454494E47535F434384
:10ABE000435F53544F52455F4D41580A0025733A15
:10ABF00020434D414320757064617465206661692E
:10AC00006C65640025733A206661696C6564207424
:10AC10006F2064656C6574652053432028657272EB
:10AC2000202564290025733A204661696C656420FB
:10AC3000746F20636C656172205343202564002586
:10AC4000733A204661696C656420746F2073746F79
:10AC5000726520436C69656E742046656174757217
:10AC600065732028657272202564290025733A20B7
:10AC70004E6F20737061636520746F2073746F7200
:10AC80006520434343206366670025733A204E6F77
:10AC900020737061636520746F2073746F72652018
:10ACA000436C69656E7420537570706F727465645F
:10ACB0002046656174757265730025733A20556E80
:10ACC00061626C6520746F20726573746F726520A9
:10ACD00043463A206E6F20636667206C6566740099
:10ACE00025733A204368616E67652D6177617265EF
:10ACF00020737461747573206E6F7420666F756E47
:10AD00006420696E2073657474696E67732C2064A7
:10AD1000656661756C74696E672070656572207315
:10AD2000746174757320746F206368616E67652D3C
:10AD3000756E61776172650025733A2052656164B2
:10AD4000206261636B20626164206368616E676585
:10AD50002D61776172652076616C75653A20307877
:10AD600025782C2064656661756C74696E67207047
:10AD70006565722073746174757320746F206368E5
:10AD8000616E67652D756E61776172650025733A36
:10AD900020434D4143207365747570206661696C72
:10ADA00065640025733A20434D41432066696E690E
:10ADB0007368206661696C65640062742F63636305
:10ADC0000025733A204C696E6B206973206E6F7496
:10ADD00020656E637279707465640025733A20444F
:10ADE0006576696365206973206E6F742073756280
:10ADF0007363726962656420746F20636861726155
:10AE00006374657269737469630025733A204E6FC9
:10AE10002062756666657220617661696C61626C3C
:10AE20006520746F2073656E6420696E6469636168
:10AE300074696F6E0025733A2043434320257020C8
:10AE40006E6F74207772697461626C650025733A65
:10AE500020534320726573746F726520696E646954
:10AE6000636174696F6E206661696C656400257347
:10AE70003A204E6F20627566666572206176616960
:10AE80006C61626C6520746F2073656E64206E6FF8
:10AE900074696669636174696F6E0025733A204650
:10AEA00061696C656420746F2073657420736563D9
:10AEB000757269747920666F7220626F6E64656462
:10AEC000207065657220282564290025733A204684
:10AED00061696C656420746F2073746F72652043C0
:10AEE0004343732028657272202564290064625FE1
:10AEF000686173685F7365740063665F736574008F
:10AF000073635F736574006363635F736176650089
:10AF100062745F676174745F73746F72655F63639B
:10AF200063006363635F736574006363635F73658A
:10AF3000745F6469726563740073635F72657374D0
:10AF40006F7265007570646174655F63636300624E
:10AF5000745F676174745F636F6E6E65637465645C
:10AF600000676174745F6E6F7469667900676174FD
:10AF7000745F696E646963617465006E6F7469669D
:10AF8000795F63620062745F676174745F61747497
:10AF9000725F77726974655F6363630062745F6791
:10AFA0006174745F636C6561725F73630073635F88
:10AFB000636C6561720073635F73746F72650073B5
:10AFC000635F736176650063665F777269746500BD
:10AFD00064625F686173685F73746F726500627446
:10AFE0005F676174745F73746F72655F636600643A
:10AFF000625F686173685F66696E69736800646246
:10B000005F686173685F73657475700064625F6820
:10B010006173685F7570646174650062742F686144
:10B0200073680062742F63660062742F736300623A
:10B03000745F676174740025733A205075626C699F
:10B0400063206B6579206E6F7420617661696C6135
:10B05000626C650025733A204E6F20617661696CE1
:10B0600061626C6520534D5020636F6E7465787417
:10B0700020666F7220636F6E6E2025700025733A14
:10B0800020556E61626C6520746F2066696E642065
:10B09000534D50206368616E6E656C0025733A20D5
:10B0A0004661696C656420746F2067656E657261C6
:10B0B00074652044484B65790025733A20556E61CC
:10B0C000626C6520746F20676574206B65797320EE
:10B0D000666F722025730025733A2043616C637597
:10B0E0006C61746520636F6E6669726D206661695C
:10B0F0006C65640025733A20556E6B6E6F776E2019
:10B1000070616972696E67206D6574686F6420286C
:10B110002575290025733A2043616C63756C617451
:10B1200065204C544B206661696C65640025733A58
:10B130002043616C63756C617465206C6F63616C36
:10B140002044484B657920636865636B20666169BC
:10B150006C65640025733A2043616C63756C61749F
:10B16000652072656D6F74652044484B6579206376
:10B170006865636B206661696C65640025733A20BD
:10B1800052656D6F7465207075626C6963206B65C4
:10B19000792072656A65637465640025733A20528C
:10B1A000656D6F7465206973207573696E672044DF
:10B1B00065627567205075626C6963206B65790004
:10B1C00025733A2054686520696E2D70726F67721E
:10B1D0006573732070616972696E6720686173209E
:10B1E0006265656E2064656C657465642100257315
:10B1F0003A20534D5020646F6573206E6F74206148
:10B200006C6C6F7720612070616972696E6720666F
:10B2100061696C757265206174207468697320704F
:10B220006F696E742E204B6E6F776E206973737525
:10B23000652E20446973636F6E6E656374696E6713
:10B2400020696E73746561642E0025733A20546F13
:10B250006F20736D616C6C20534D5020504455200D
:10B2600072656365697665640025733A20534D50B5
:10B2700020636F6D6D616E642028636F646520309C
:10B280007825303278292072656365697665642097
:10B2900061667465722074696D656F7574002573DD
:10B2A0003A205265636569766564207265736572DC
:10B2B00076656420534D5020636F64652030782597
:10B2C0003032780025733A20556E68616E646C6583
:10B2D0006420534D5020636F6465203078253032F0
:10B2E000780025733A20556E6578706563746564DF
:10B2F00020534D5020636F646520307825303278BC
:10B300000025733A20496E76616C69642069646532
:10B310006E746974792025730025733A2020666F56
:10B32000722025730025733A205265667573696E25
:10B3300067206E65772070616972696E672E205490
:10B340006865206F6C6420626F6E64206D75737425
:10B3500020626520756E706169726564206669722D
:10B3600073742E0025733A2070616972696E6720CC
:10B370006661696C6564202870656572207265611C
:10B38000736F6E2030782578290025733A204E6F30
:10B39000206B65797320737061636520666F72201E
:10B3A00025730025733A20534D502054696D656F05
:10B3B00075740025733A2053432050616972204F01
:10B3C0006E6C79204D6F64652073656C6563746580
:10B3D0006420627574204C45205343206E6F7420A6
:10B3E000737570706F72746564000005061F1F2905
:10B3F00018120308020305080A00080103040105E6
:10B400000405090607010106060862745F736D7082
:10B410005F706B65795F72656164790062745F73F8
:10B420006D705F696E697400736D705F74696D65CE
:10B430006F75740062745F736D705F6469737472AA
:10B4400069627574655F6B65797300736D705F70A9
:10B45000616972696E675F636F6E6669726D0073B2
:10B46000635F736D705F636865636B5F636F6E6668
:10B4700069726D00736D705F70616972696E675F8C
:10B4800072616E646F6D00736D705F706169726977
:10B490006E675F6661696C656400736D705F696497
:10B4A000656E745F696E666F00736D705F69645F6F
:10B4B0006164645F7265706C61636500736D705F79
:10B4C0006964656E745F616464725F696E666F0063
:10B4D000736D705F64686B65795F67656E657261D7
:10B4E000746500736D705F7075626C69635F6B6526
:10B4F000795F70657269706800736D705F707562F6
:10B500006C69635F6B65790062745F736D705F7205
:10B510006563760062745F736D705F61636365700D
:10B52000740062745F736D705F7570646174655FE1
:10B530006B65797300636F6D707574655F616E64C0
:10B540005F636865636B5F616E645F73656E645FA4
:10B550007065726970685F6468636865636B0073C7
:10B560006D705F70616972696E675F636F6D706C3B
:10B5700065746500736D705F6572726F7200736DD4
:10B58000705F73656E6400736D705F73656E645F8A
:10B5900070616972696E675F636F6E6669726D0074
:10B5A000736D705F6368616E5F67657400000001B2
:10B5B000000100030100030202010002000000007C
:10B5C00000020301000362745F736D700025733A1B
:10B5D000204661696C656420746F20726561642027
:10B5E00076616C7565202865727220257A64290061
:10B5F00025733A20556E61626C6520746F20666910
:10B600006E642064656C65746564206B6579732075
:10B61000666F722025730025733A204661696C6558
:10B620006420746F20616C6C6F63617465206B655E
:10B63000797320666F722025730025733A20496E56
:10B6400076616C6964206B6579206C656E677468DF
:10B6500020257A6420213D20257A750025733A2023
:10B660004661696C656420746F2073617665206B38
:10B67000657973202865727220256429006B6579CD
:10B68000735F7365740062745F6B6579735F737465
:10B690006F72650062742F6B6579730062745F6B03
:10B6A000657973006C888391AAF5A53860370BDB48
:10B6B0005A6083BE62745F63727970746F000601B2
:10B6C0000501040103010502020103020504010151
:10B6D00001020103010401060108010C0110011817
:10B6E00001200140018025733A20496E76616C6922
:10B6F00064206761696E0025733A20496E76616C3B
:10B700006964207265666572656E63650025733ACB
:10B7100020496E76616C6964206163717569736933
:10B7200074696F6E2074696D650025733A204661F7
:10B73000696C656420746F20737461727420636F28
:10B740006E76657273696F6E0025733A2053656C6F
:10B750006563746564206368616E6E656C28732927
:10B76000206E6F7420737570706F727465643A2008
:10B7700025780025733A2053656C656374656420F1
:10B780007265736F6C7574696F6E206E6F74207361
:10B790007570706F727465643A2025640025733A81
:10B7A000204F76657273616D706C696E6720697386
:10B7B000206E6F7420737570706F727465640025ED
:10B7C000733A2043616C6962726174696F6E2069BB
:10B7D00073206E6F7420737570706F72746564007F
:10B7E00025733A2042756666657220696E76616CD3
:10B7F00069640025733A2062756666657220736914
:10B800007A6520746F6F20736D616C6C0025733ADC
:10B8100020427573206E6F74207265616479002513
:10B82000733A204465766963652072657365742098
:10B830006661696C65643A20256400746C6132301D
:10B8400032315F696E697400746C61323032315F1D
:10B850006368616E6E656C5F736574757000746C9F
:10B8600061323032315F73746172745F726561642A
:10B87000006164635F636F6E746578745F73746195
:10B8800072745F73616D706C696E6700746C6132A5
:10B8900030323140346200746C61323032310063D6
:10B8A0006C6F636B4034303030303030300068665D
:10B8B000636C6B006C66636C6B00636C6F636B5FD7
:10B8C000636F6E74726F6C0072616E646F6D403482
:10B8D0003030306430303000656E74726F70795F74
:10B8E00062745F6863690063727970746F403530A9
:10B8F0003032613030300025733A20535049207483
:10B9000072616E73616374696F6E206661696C65E4
:10B9100064207769746820636F64653A2025642F1A
:10B9200025750025733A20556E737570706F7274AB
:10B9300065642065726173652072657175657374E5
:10B940003A2073697A6520257A75206174203078F1
:10B95000256C780025733A20535049206275732076
:10B960002573206E6F742072656164790025733AC7
:10B970002057726F6E67204A454445432049443A38
:10B980002025303258202530325820253032582C8E
:10B990002065787065637465643A202530325820DC
:10B9A00025303258202530325800636F6E66696743
:10B9B0007572655F706167655F73697A650063685A
:10B9C00065636B5F6A656465635F69640073706972
:10B9D0005F666C6173685F617434355F696E69744A
:10B9E000007370695F666C6173685F617434355FA2
:10B9F0007265616400706572666F726D5F777269FF
:10BA0000746500706572666F726D5F6572617365F3
:10BA10005F6F7000726561645F7374617475735FEA
:10BA2000726567697374657200706572666F726DB6
:10BA30005F636869705F6572617365007370695FE9
:10BA4000666C6173685F617434355F6572617365DC
:10BA500000706F7765725F646F776E5F6F70006103
:10BA60007434356462363431654030007370695F18
:10BA7000666C6173685F617434350025733A2069C0
:10BA80006E76616C696420616464726573733A20D8
:10BA900030782530386C783A257A750025733A204D
:10BAA000756E616C69676E6564206164647265734C
:10BAB000733A2030782530386C783A257A7500252D
:10BAC000733A206E6F7420776F72642D616C6967B2
:10BAD0006E65643A2030782530386C783A257A756E
:10BAE00000666C6173685F6E72665F7265616400A8
:10BAF000666C6173685F6E72665F77726974650009
:10BB0000666C6173685F6E72665F65726173650013
:10BB1000666C6173682D636F6E74726F6C6C6572A6
:10BB200040343030316530303000666C6173685FAE
:10BB30006E7266006770696F403530303030333078
:10BB400030006770696F4035303030303030300051
:10BB500025733A2025733A206661696C6564207408
:10BB60006F207265616420696E707574730025734F
:10BB70003A2025733A206661696C656420746F20F1
:10BB80006170706C792074726967676572730025E3
:10BB9000733A20756E61626C6520746F2072656106
:10BBA000642066726F6D20726567697374657220B8
:10BBB0003078253032582C206572726F72202569DA
:10BBC0000025733A206661696C656420746F207289
:10BBD00065616420696E70757420706F72743A20AC
:10BBE00025640025733A2025733A206661696C65E7
:10BBF0006420746F207772697465206F7574707536
:10BC00007420706F72743A2025640025733A2025E1
:10BC1000733A206661696C656420746F206170708E
:10BC20006C792070696E20636F6E6669670025739A
:10BC30003A20756E61626C6520746F20777269744A
:10BC40006520746F2072656769737465722030783F
:10BC5000253032582C206572726F722025690025BC
:10BC6000733A206661696C656420746F2072657335
:10BC70006574207265676973746572202530327847
:10BC80003A2025640025733A206661696C6564205A
:10BC9000746F20636F6E66696775726520696E7078
:10BCA0007574206C617463683A2025640025733ACA
:10BCB000206661696C656420746F20636F6E6669CD
:10BCC0006775726520696E74657272757074206D27
:10BCD00061736B3A2025640025733A2025733A205E
:10BCE0007265736574206770696F20646576696337
:10BCF00065206973206E6F74207265616479002518
:10BD0000733A2025733A206661696C656420746F0C
:10BD100020636F6E6669677572652052455345549E
:10BD2000206C696E653A2025640025733A202573DE
:10BD30003A206661696C656420746F206465616394
:10BD4000746976617465205245534554206C696E60
:10BD5000653A2025640025733A2025733A206661F0
:10BD6000696C656420746F206170706C79207265F5
:10BD70007365742073746174650025733A202573AC
:10BD80003A20496E76616C69642076616C75652035
:10BD90006E6770696F733D25752E204578706563F9
:10BDA0007465642038206F72203136210025733A83
:10BDB0002025733A202573206973206E6F742072DA
:10BDC000656164790025733A2025733A20696E74A1
:10BDD000657272757074206770696F20646576692A
:10BDE0006365206973206E6F7420726561647900E9
:10BDF00025733A2025733A206661696C6564207466
:10BE00006F20636F6E66696775726520494E5420B6
:10BE10006C696E653A2025640025733A2025733AD3
:10BE2000206661696C656420746F20636F6E66695B
:10BE30006775726520494E5420696E74657272751B
:10BE400070743A2025640025733A2025733A2066E1
:10BE500061696C656420746F2061646420494E548C
:10BE60002063616C6C6261636B3A202564007063CF
:10BE7000616C36343136615F7472696767657273FD
:10BE80005F6170706C79007063616C36343136615B
:10BE90005F696E707574735F726561640070636171
:10BEA0006C36343136615F6F7574707574735F779B
:10BEB00072697465007063616C36347878615F69AB
:10BEC00032635F7772697465007063616C36343118
:10BED00036615F72657365745F73746174655F6109
:10BEE00070706C79000400050040FF41FF42FF4381
:10BEF000FF4F007063616C36347878615F6932633C
:10BF00005F72656164007063616C36347878615F7C
:10BF100070696E5F636F6E666967757265007063E6
:10BF2000616C36347878615F706F72745F736574BA
:10BF30005F726177007063616C36347878615F702E
:10BF4000696E5F696E746572727570745F636F6E2F
:10BF5000666967757265007063616C363478786104
:10BF60005F70726F636573735F696E707574007074
:10BF700063616C36347878615F726561645F737495
:10BF80006174655F66726F6D5F7265676973746512
:10BF90007273007063616C36347878615F696E69C2
:10BFA00074007063616C36347878615F72656164C7
:10BFB0005F696E697469616C5F696E707574730036
:10BFC0007063616C36347878615F6170706C795F32
:10BFD000696E697469616C5F7472696767657273B1
:10BFE000007063616C36347878615F6170706C7971
:10BFF0005F696E697469616C5F7374617465006315
:10C0000074725F78305F7063616C36343136615FB3
:10C0100062403231006374725F78305F7063616CCC
:10C0200036343136615F61403230007063616C36A6
:10C0300034787861006932630025733A204E656573
:10C040006420746F207573652074686520696E7450
:10C0500065726E616C2064726976657220627566C5
:10C0600066657220627574206974732073697A65DD
:10C0700020697320696E73756666696369656E749D
:10C0800020282575202B202575203E202575292E5A
:10C090002041646A75737420746865207A657068DD
:10C0A00079722C636F6E6361742D6275662D73698E
:10C0B0007A65206F72207A65706879722C666C617F
:10C0C00073682D6275662D6D61782D73697A6520B0
:10C0D00070726F70657274792028746865206F6E55
:10C0E000652077697468206772656174657220766F
:10C0F000616C75652920696E20746865202225733E
:10C1000022206E6F64652E006932635F6E726678FE
:10C110005F7477696D5F7472616E736665720069D2
:10C120003263403430303033303030006932635F56
:10C130006E7266785F7477696D0025733A20756E4C
:10C14000737570706F7274656420737065656400D8
:10C1500025733A20547279696E6720746F20747267
:10C16000616E73666572206D6F7265207468616EB2
:10C1700020746865206D6178696D756D2073697ACA
:10C180006520666F722074686973206465766963E0
:10C19000653A202564203E2025640025733A204618
:10C1A00061696C656420746F20696E697469616C83
:10C1B000697A65206465766963653A20257300694C
:10C1C00032635F6E7266785F7477696D5F636F6DFF
:10C1D0006D6F6E5F696E6974006932635F6E72665F
:10C1E000785F7477696D5F6D73675F7472616E738A
:10C1F000666572006932635F6E7266785F74776934
:10C200006D5F636F6E6669677572650025733A20AE
:10C2100025733A206E6F204C45447320666F756E0F
:10C220006420284454206368696C64206E6F6465E0
:10C2300073206D697373696E67290025733A204313
:10C24000616E6E6F7420636F6E66696775726520CC
:10C250004750494F202865727220256429002573B4
:10C260003A2025733A204750494F20646576696328
:10C2700065206E6F74207265616479006C65645F1F
:10C280006770696F5F696E6974006770696F5F6C72
:10C29000656473006C65645F6770696F000001021C
:10C2A000030405060725733A20436F756C64206EFE
:10C2B0006F74207265616420616363656C206178CE
:10C2C000697320646174610025733A2054656D7050
:10C2D00065726174757265206D6561737572656DE7
:10C2E000656E742064697361626C65640025733ADD
:10C2F00020617474725F7365742829206E6F7420D6
:10C30000737570706F72746564206F6E20746869E5
:10C3100073206368616E6E656C2E0025733A20662B
:10C3200061696C656420746F207265616420726558
:10C33000675F7265666572656E63650025733A2096
:10C340006661696C656420746F207772697465201A
:10C350007265675F6372746C310025733A206661A1
:10C36000696C656420746F20726561642072656712
:10C370005F6372746C310025733A204661696C65A5
:10C380006420746F2072656164206368697020693D
:10C39000642E0025733A20496E76616C69642063CF
:10C3A0006869702049443A20253032780A002573A4
:10C3B0003A204661696C656420746F206469736318
:10C3C0006F6E6E6563742053444F2F53413020705D
:10C3D000756C6C2D75702E0025733A204661696C62
:10C3E000656420746F207265736574206374726C69
:10C3F000207265676973746572732E0025733A2025
:10C400004661696C656420746F207365742066757D
:10C410006C6C207363616C65206374726C20726550
:10C420006769737465722E0025733A204661696CE2
:10C43000656420746F20696E697469616C697A65DE
:10C4400020696E74657272757074732E0025733A6C
:10C450002066733D25642C206F64723D307825780A
:10C46000206C705F656E3D30782578207363616C59
:10C47000653D25640000010202000102006C697341
:10C480003264685F617474725F736574006C6973A1
:10C490003264685F73616D706C655F666574636854
:10C4A0005F74656D70006C69733264685F66657493
:10C4B00063685F78797A006C69733264685F706D65
:10C4C0005F616374696F6E006C69733264685F6981
:10C4D0006E6974006C6973326468313240313900BE
:10C4E0006C69733264680025733A20427573206466
:10C4F0006576696365206973206E6F74207265616B
:10C500006479006C69733264685F6932635F696E75
:10C5100069740025733A20747269676765725F7386
:10C52000657420416E794D6F74696F6E20696E7409
:10C53000206E6F7420737570706F7274656400255F
:10C54000733A206C69733264685F73746172745FEC
:10C55000747269676765725F696E74313A20256429
:10C560000025733A204661696C656420746F20630E
:10C570006F6E66696775726520616E79206D6F7484
:10C58000696F6E20696E74657272757074002573C0
:10C590003A204661696C656420746F20656E616243
:10C5A0006C6520616E79206D6F74696F6E206465B3
:10C5B00074656374696F6E206F6E20696E74206C91
:10C5C000696E650025733A204661696C6564207464
:10C5D0006F20636F6E666967757265207461702085
:10C5E000696E746572727570740025733A204661C5
:10C5F000696C656420746F20656E61626C65206390
:10C600006C69636B20646574656374696F6E206F19
:10C610006E20696E74206C696E650025733A206C1B
:10C6200069733264685F73746172745F747269678E
:10C630006765725F696E74323A2025640025733A2B
:10C6400020636C656172696E6720696E74657272D1
:10C650007570742032206661696C65643A202564C7
:10C660000025733A20747269676765725F73657439
:10C67000204452445920696E74206E6F7420737583
:10C6800070706F727465640025733A20696E74323D
:10C690005F7468733D307825782072616E67655FDE
:10C6A000673D256420756D73323D25750025733A0D
:10C6B00020696E74325F6475723D3078257800258C
:10C6C000733A206465766963652025732069732059
:10C6D0006E6F742072656164790025733A20436F30
:10C6E000756C64206E6F7420636F6E666967757217
:10C6F000652025732E253032750025733A20436F4F
:10C70000756C64206E6F7420616464206770696F5B
:10C7100020696E74312063616C6C6261636B00250B
:10C72000733A2025733A20696E7431206F6E20258C
:10C73000732E253032750025733A20436F756C6473
:10C74000206E6F7420616464206770696F20696E69
:10C7500074322063616C6C6261636B2028256429EC
:10C760000025733A2025733A20696E7432206F6E6B
:10C770002025732E253032750025733A20496E74BA
:10C780006572727570742064697361626C65207281
:10C790006567207772697465206661696C656420DD
:10C7A000282564290025733A204275727374207716
:10C7B0007269746520746F20544853206661696CF7
:10C7C000656420282564290025733A20656E61621E
:10C7D0006C6520726567207772697465206661698F
:10C7E0006C65642028256429006C69733264685F75
:10C7F00073746172745F747269676765725F696E82
:10C800007432006C69733264685F74687265616465
:10C810005F6362006C69733264685F696E69745F3C
:10C82000696E74657272757074006C6973326468D5
:10C830005F6163635F736C6F70655F636F6E666982
:10C8400067006C69733264685F74726967676572E8
:10C850005F616E796D5F7461705F736574006C69A0
:10C86000733264685F747269676765725F6472646B
:10C87000795F7365740025733A20493243206465FB
:10C8800076202573206E6F74207265616479007460
:10C890006D703131325F696E697400746D70313161
:10C8A0003240343800544D503131320025733A2033
:10C8B0006661696C656420746F20636F6E6669677A
:10C8C000757265204750494F20666F7220504D2089
:10C8D0006F6E0025733A206661696C656420746F21
:10C8E00020736574204750494F20666F7220504D69
:10C8F00020726573756D650025733A206661696CF9
:10C90000656420746F20736574204750494F20661A
:10C910006F7220504D2073757370656E64002573BF
:10C920003A206164635F726561643A202564002582
:10C93000733A207261775F746F5F6D763A20256479
:10C940000025733A20414443206973206E6F7420A0
:10C9500072656164790025733A20506F77657220A3
:10C960004750494F206973206E6F7420726561646F
:10C97000790025733A2073657475703A2025640038
:10C9800025733A2073657175656E636520696E69FC
:10C99000743A20256400766F6C746167655F696E18
:10C9A00069740066657463680067657400706D5F24
:10C9B000616374696F6E00766261747400766F6C87
:10C9C000746167650025733A2054696D6572206152
:10C9D0006C726561647920696E697469616C697AE9
:10C9E00065640025733A204661696C656420746F44
:10C9F00020616C6C6F6361746520505049204368FE
:10CA0000616E6E656C00656E6474785F73746F70D0
:10CA100074785F7070695F696E69740075617274B3
:10CA2000655F6E7266785F72785F636F756E74694A
:10CA30006E675F696E69740075617274403430307E
:10CA4000323830303000756172745F6E7266785FB4
:10CA500075617274650025733A204661696C65647E
:10CA600020746F20616C6C6F63617465204750495E
:10CA70004F5445206368616E6E656C20666F72204E
:10CA800057414B450025733A204661696C65642027
:10CA9000746F20636F6E6669677572652057414BCE
:10CAA000452070696E0025733A2043532047504952
:10CAB0004F20706F72742025732070696E2025647A
:10CAC000206973206E6F742072656164790025732C
:10CAD0003A20557064617465206578636565647398
:10CAE0002063757272656E74206275666665720089
:10CAF00025733A2048616C662D6475706C657820EA
:10CB00006E6F7420737570706F7274656400257336
:10CB10003A20536C617665206D6F646520697320DF
:10CB20006E6F7420737570706F72746564206F6EB1
:10CB30002025730025733A204C6F6F706261636B20
:10CB4000206D6F6465206973206E6F74207375703B
:10CB5000706F727465640025733A20576F72642099
:10CB600073697A6573206F74686572207468616E8A
:10CB70002038206269747320617265206E6F7420A2
:10CB8000737570706F727465640025733A20467215
:10CB9000657175656E63696573206C6F776572206A
:10CBA0007468616E20313235206B487A206172657D
:10CBB000206E6F7420737570706F727465640025D9
:10CBC000733A204661696C656420746F20696E69F0
:10CBD0007469616C697A65206E7266782064726926
:10CBE0007665723A20253038780025733A205761EF
:10CBF0006974696E6720666F722057414B452061EA
:10CC0000636B6E6F776C6564676D656E74207469B5
:10CC10006D6564206F75740025733A2054696D65E5
:10CC20006F75742077616974696E6720666F722012
:10CC30007472616E7366657220636F6D706C65747B
:10CC400065007370695F636F6E746578745F63739A
:10CC50005F636F6E6669677572655F616C6C0073A8
:10CC600070695F6E7266785F696E6974007370696F
:10CC70005F636F6E746578745F776169745F666F08
:10CC8000725F636F6D706C6574696F6E007370694D
:10CC90005F636F6E746578745F7570646174655FEF
:10CCA0007278007370695F636F6E746578745F7516
:10CCB00070646174655F747800636F6E6669677530
:10CCC0007265007472616E73636569766500737076
:10CCD00069403430303034303030007370695F6E0A
:10CCE0007266785F7370696D0025733A2043616CDA
:10CCF0006C20606770696F5F70696E5F7365745FE9
:10CD0000647460206661696C65643A20256400255E
:10CD1000733A20414443206E6F74207265616479D8
:10CD20000025733A2043616C6C20606164635F632B
:10CD300068616E6E656C5F736574757060206661A6
:10CD4000696C65643A2025640025733A20506F723F
:10CD50007420604C4F414460206E6F742072656196
:10CD600064790025733A20506F72742060544553E3
:10CD70005460206E6F742072656164790025733A87
:10CD800020426174746572792064726976657220DC
:10CD9000627573790025733A20446576696365206E
:10CDA0006041444360206E6F742072656164790055
:10CDB00025733A2043616C6C20606164635F726527
:10CDC000616460206661696C65643A2025640025B1
:10CDD000733A2043616C6C20606164635F726177B9
:10CDE0005F746F5F6D696C6C69766F6C74736020D3
:10CDF0006661696C65643A202564006374725F62E1
:10CE00006174745F696E6974006374725F626174E7
:10CE1000745F6765745F726573745F766F6C74615D
:10CE200067655F6D765F006374725F626174745FE3
:10CE30006765745F6C6F61645F766F6C7461676562
:10CE40005F6D765F006374725F626174745F6C6FB4
:10CE500061645F006374725F626174745F756E6CAD
:10CE60006F61645F006374725F6261747400257344
:10CE70003A2043616C6C20606374725F6261747409
:10CE80005F756E6C6F616460206661696C65643AA1
:10CE90002025640025733A2043616C6C2060637424
:10CEA000725F626174745F6765745F726573745FEB
:10CEB000766F6C7461676560206661696C65643A61
:10CEC0002025640025733A2043616C6C20606374F4
:10CED000725F626174745F6765745F6C6F61645FD9
:10CEE000766F6C7461676560206661696C65643A31
:10CEF000202564007265737420766F6C74616765B9
:10CF00003A202575206D696C6C69766F6C74730AB4
:10CF1000006C6F616420766F6C746167653A2025E0
:10CF200075206D696C6C69766F6C74730A006C6F38
:10CF300061642063757272656E743A202575206D88
:10CF4000696C6C69616D70730A0025733A204361E6
:10CF50006C6C20606374725F626174745F6C6F618B
:10CF60006460206661696C65643A20256400636DC5
:10CF7000645F6D65617375726500636D645F6C6F8E
:10CF8000616400636D645F756E6C6F616400426123
:10CF9000747465727920636F6D6D616E64732E00B9
:10CFA0006D656173757265004D656173757265209D
:10CFB0006261747465727920766F6C746167652E36
:10CFC000004D616E75616C6C792061637469766186
:10CFD00074652062617474657279206C6F61642E6F
:10CFE00000756E6C6F6164004D616E75616C6C797B
:10CFF000206465616374697661746520626174742C
:10D00000657279206C6F61642E0025733A2043614C
:10D010006C6C20606B5F6D656D5F736C61625F61EE
:10D020006C6C6F6360206661696C65643A2025648E
:10D030000025733A2043616C6C2060756172745FE7
:10D0400072785F656E61626C6560206661696C65AF
:10D05000643A2025640025733A2043616C6C20609B
:10D060006B5F776F726B5F7375626D69746020665A
:10D0700061696C65643A2025640025733A20506F1D
:10D080007274206E6F742072656164790025733A42
:10D090002043616C6C206076736E7072696E74668A
:10D0A00060206661696C65643A2025640025733AE6
:10D0B0002042756666657220746F6F20736D616CB7
:10D0C0006C0025733A2054583A2025730025733A92
:10D0D0002043616C6C2060756172745F74786020AD
:10D0E0006661696C65643A2025640025733A2043C3
:10D0F000616C6C20606B5F706F6C6C602066616946
:10D100006C65643A2025640025733A204576656E87
:10D11000742060554152545F54585F41424F5254FD
:10D120004544600025733A2043616C6C2060756152
:10D1300072745F72785F6275665F7273706020668A
:10D1400061696C65643A2025640025733A20457650
:10D15000656E742060554152545F52585F53544F6E
:10D1600050504544600025733A2043616C6C206048
:10D170006F6E6F66665F7265717565737460206649
:10D1800061696C65643A2025640025733A20436127
:10D190006C6C2060726571756573745F6866636C32
:10D1A0006B60206661696C65643A202564002573B4
:10D1B0003A2043616C6C2060756172745F72785FB5
:10D1C00064697361626C6560206661696C65643A6C
:10D1D0002025640025733A2043616C6C20606F6EDB
:10D1E0006F66665F63616E63656C5F6F725F7265C9
:10D1F0006C6561736560206661696C65643A2025C1
:10D20000640025733A2043616C6C206072656C6524
:10D210006173655F6866636C6B60206661696C65ED
:10D22000643A2025640025733A2044657669636575
:10D23000206E6F742072656164793A20526573655F
:10D24000740025733A20556E61626C6520746F20FE
:10D25000636F6E66696775726520726573657420A9
:10D2600070696E3A2025640025733A2043616C6C26
:10D2700020607A5F6E72665F636C6F636B5F636F73
:10D280006E74726F6C5F6765745F6F6E6F666660F9
:10D29000206661696C65640025733A2043616C6C9B
:10D2A0002060756172745F63616C6C6261636B5F57
:10D2B00073657460206661696C65643A202564005A
:10D2C00072785F726573746172745F776F726B5F8F
:10D2D00068616E646C6572006374725F6C72775F14
:10D2E00069665F6472765F696E69740075617274F5
:10D2F0005F63616C6C6261636B006374725F6C721C
:10D30000775F69665F696E69745F006374725F6CF2
:10D3100072775F69665F72657365745F00726571CD
:10D32000756573745F6866636C6B006374725F6CC1
:10D3300072775F69665F656E61626C655F007265DA
:10D340006C656173655F6866636C6B006374725FC4
:10D350006C72775F69665F64697361626C655F00B8
:10D360006374725F6C72775F69665F73656E645F2A
:10D37000006374725F6C72775F69660025733A2090
:10D38000506F7274206052465F4C544560206E6F3F
:10D39000742072656164790025733A20506F72744D
:10D3A000206052465F4C525760206E6F7420726549
:10D3B0006164790025733A20506F72742060524680
:10D3C0005F494E5460206E6F74207265616479000D
:10D3D00025733A20506F7274206052465F4558544E
:10D3E00060206E6F742072656164790025733A2045
:10D3F00043616C6C20606770696F5F70696E5F631A
:10D400006F6E6669677572655F64746020666169D6
:10D410006C6564202852465F4C5445293A202564A7
:10D420000025733A2043616C6C20606770696F5F00
:10D4300070696E5F636F6E6669677572655F64744D
:10D4400060206661696C6564202852465F4C5257C3
:10D45000293A2025640025733A2043616C6C2060D2
:10D460006770696F5F70696E5F636F6E666967751D
:10D4700072655F647460206661696C65642028521F
:10D48000465F494E54293A2025640025733A2043CB
:10D49000616C6C20606770696F5F70696E5F636F4D
:10D4A0006E6669677572655F647460206661696C39
:10D4B0006564202852465F455854293A2025640067
:10D4C00025733A2053657474696E6720616E7465C4
:10D4D0006E6E613A204E4F4E450025733A204361EF
:10D4E0006C6C20606770696F5F70696E5F736574E4
:10D4F0005F647460206661696C6564202852465FD1
:10D50000494E54293A2025640025733A2043616C22
:10D510006C20606770696F5F70696E5F7365745FC0
:10D52000647460206661696C6564202852465F45BA
:10D530005854293A2025640025733A2053657474A1
:10D54000696E6720616E74656E6E613A20494E5453
:10D550000025733A2053657474696E6720616E7498
:10D56000656E6E613A204558540025733A20556E19
:10D570006B6E6F776E20616E74656E6E613A2025FA
:10D58000640025733A2053657474696E6720696E70
:10D59000746572666163653A204E4F4E450025738F
:10D5A0003A2043616C6C20606770696F5F70696ED0
:10D5B0005F7365745F647460206661696C65642084
:10D5C0002852465F4C5445293A2025640025733A79
:10D5D0002043616C6C20606770696F5F70696E5F7B
:10D5E0007365745F647460206661696C656420288B
:10D5F00052465F4C5257293A2025640025733A2041
:10D6000053657474696E6720696E746572666163D0
:10D61000653A204C54450025733A2053657474696B
:10D620006E6720696E746572666163653A204C525C
:10D63000570025733A20556E6B6E6F776E20696EBA
:10D64000746572666163653A202564006374725F75
:10D6500072666D75785F696E6974006374725F726B
:10D66000666D75785F7365745F696E746572666107
:10D6700063655F006374725F72666D75785F736572
:10D68000745F616E74656E6E615F006374725F7269
:10D69000666D75780025733A20556E6B6E6F776EE8
:10D6A000206D6F64653A2025640025733A20556E1D
:10D6B0006B6E6F776E206368616E6E656C3A2025C5
:10D6C00064006374725F78305F696E6974006374BC
:10D6D000725F78305F7365745F6D6F64655F006360
:10D6E00074725F78305F6765745F737065635F0045
:10D6F0006374725F78305F62006374725F78305F6A
:10D7000061006374725F78300025733A2043616C66
:10D710006C20606770696F5F70696E5F696E7465B9
:10D7200072727570745F636F6E6669677572655F3C
:10D73000647460206661696C65643A202564002524
:10D74000733A2043616C6C20606932635F77726961
:10D75000746560206661696C65643A202564002503
:10D76000733A2043616C6C20607772697465602045
:10D770006661696C65643A2025640025733A20501F
:10D780006F7274206049525160206E6F7420726510
:10D790006164790025733A2050696E2060495251C6
:10D7A0006020636F6E66696775726174696F6E2061
:10D7B0006661696C65643A2025640025733A2043EC
:10D7C000616C6C20606770696F5F6164645F636146
:10D7D0006C6C6261636B60206661696C65643A20A1
:10D7E00025640025733A2043616C6C2060693263C4
:10D7F0005F77726974655F726561646020666169F4
:10D800006C65643A2025640025733A2043616C6C92
:10D8100020607265616460206661696C65643A20AD
:10D8200025640025733A204C656761637920707226
:10D830006F746F636F6C2076657273696F6E2064AE
:10D84000657465637465640025733A205265676981
:10D850007374657220696E697469616C697A617448
:10D86000696F6E20283078303129206661696C65D7
:10D87000643A2025640025733A2052656769737401
:10D88000657220696E697469616C697A6174696F27
:10D890006E20283078303229206661696C65643AE0
:10D8A0002025640025733A20526567697374657298
:10D8B00020696E697469616C697A6174696F6E2040
:10D8C000283078303329206661696C65643A2025F8
:10D8D000640025733A205265676973746572206924
:10D8E0006E697469616C697A6174696F6E20283041
:10D8F00078303429206661696C65643A20256400BB
:10D9000025733A20526567697374657220696E6980
:10D910007469616C697A6174696F6E20283078303F
:10D920003529206661696C65643A20256400257399
:10D930003A20526567697374657220696E6974690B
:10D94000616C697A6174696F6E202830783036298D
:10D95000206661696C65643A2025640025733A206D
:10D96000526567697374657220696E697469616C68
:10D97000697A6174696F6E202830783037292066A3
:10D9800061696C65643A2025640025733A2052650C
:10D9900067697374657220696E697469616C697A0C
:10D9A0006174696F6E20283078303829206661698B
:10D9B0006C65643A2025640025733A2052656769D6
:10D9C0007374657220696E697469616C697A6174D7
:10D9D000696F6E20283078303929206661696C655E
:10D9E000643A2025640025733A2052656769737490
:10D9F000657220696E697469616C697A6174696FB6
:10DA00006E20283078306129206661696C65643A3F
:10DA10002025640025733A20526567697374657226
:10DA200020696E697469616C697A6174696F6E20CE
:10DA3000283078306229206661696C65643A202557
:10DA4000640025733A2052656769737465722069B2
:10DA50006E697469616C697A6174696F6E202830CF
:10DA600078306329206661696C65643A202564001A
:10DA700025733A20526567697374657220696E690F
:10DA80007469616C697A6174696F6E2028307830CE
:10DA90006429206661696C65643A202564002573F9
:10DAA0003A20526567697374657220696E6974699A
:10DAB000616C697A6174696F6E20283078306529ED
:10DAC000206661696C65643A2025640025733A20FC
:10DAD000526567697374657220696E697469616CF7
:10DAE000697A6174696F6E20283078306629206603
:10DAF00061696C65643A2025640025733A2052659B
:10DB000067697374657220696E697469616C697A9A
:10DB10006174696F6E202830783130292066616920
:10DB20006C65643A2025640025733A205265676964
:10DB30007374657220696E697469616C697A617465
:10DB4000696F6E20283078313129206661696C65F3
:10DB5000643A2025640025733A205265676973741E
:10DB6000657220696E697469616C697A6174696F44
:10DB70006E20283078313529206661696C65643AF9
:10DB80002025640025733A205265676973746572B5
:10DB900020696E697469616C697A6174696F6E205D
:10DBA000283078313629206661696C65643A202511
:10DBB0006400776F726B5F68616E646C657200639E
:10DBC00074725F7A5F696E6974006972715F68610F
:10DBD0006E646C6572006374725F7A5F656E616219
:10DBE0006C655F696E74657272757074735F0063E3
:10DBF00074725F7A5F6170706C795F006374725FDA
:10DC00007A5F6765745F7374617475735F006374C2
:10DC1000725F7A5F6765745F7664635F6D765F00DD
:10DC20006374725F7A5F6765745F766261745F6D5B
:10DC3000765F006374725F7A5F6765745F736572A5
:10DC400069616C5F6E756D6265725F006374725FAF
:10DC50007A5F6765745F68775F7265766973696F0D
:10DC60006E5F006374725F7A5F6765745F68775F89
:10DC700076617269616E745F006374725F7A5F6768
:10DC800065745F66775F76657273696F6E5F006358
:10DC900074725F7A5F6765745F76656E646F725FDA
:10DCA0006E616D655F0072656164006374725F7AB6
:10DCB0005F6765745F70726F647563745F6E616DCA
:10DCC000655F006374725F7A5F7365745F62757A13
:10DCD0007A65725F007772697465006374725F7A47
:10DCE0005F7365745F6C65645F006374725F7A4034
:10DCF0003130006374725F7A0025733A2044657690
:10DD000069636520604C4953324448313260206E6B
:10DD10006F742072656164790025733A2043616CE9
:10DD20006C206073656E736F725F73616D706C658C
:10DD30005F666574636860206661696C65643A203B
:10DD400025640025733A2043616C6C206073656E16
:10DD5000736F725F6368616E6E656C5F6765746038
:10DD6000206661696C65643A202564006374725FA3
:10DD7000616363656C5F72656164006374725F61A7
:10DD80006363656C00616363656C2D617869732DF5
:10DD9000783A20252E3366206D2F735E320A00619B
:10DDA0006363656C2D617869732D793A20252E3374
:10DDB00066206D2F735E320A00616363656C2D61AE
:10DDC0007869732D7A3A20252E3366206D2F735E85
:10DDD000320A006F7269656E746174696F6E3A2001
:10DDE00025640A00636D645F616363656C5F7265DF
:10DDF000616400416363656C65726F6D6574657223
:10DE000020636F6D6D616E64732E005265616420D6
:10DE100073656E736F7220646174612E0063747237
:10DE20005F616363656C5F7368656C6C0025733A52
:10DE300020426F6E6420636F756E743A20257520E2
:10DE40006F7574206F662025750025733A20436135
:10DE50006C6C206062745F756E70616972602066C0
:10DE600061696C65643A2025640025733A20416C31
:10DE70006C20626F6E6473206861766520626565F0
:10DE80006E2064656C657465640025733A2044698E
:10DE900073636F6E6E656374656420287265617369
:10DEA0006F6E3A202575290025733A20436F6E6EF8
:10DEB000656374696F6E206661696C6564202872A1
:10DEC0006561736F6E3A202575290025733A2043EA
:10DED0006F6E6E65637465640025733A2043616CF0
:10DEE0006C206062745F656E61626C656020666163
:10DEF000696C65643A2025640025733A2043616C9F
:10DF00006C206073657474696E67735F6C6F6164B5
:10DF100060206661696C65643A2025640025733A67
:10DF20002043616C6C206062745F636F6E6E5F6132
:10DF30007574685F63625F72656769737465726048
:10DF4000206661696C65643A2025640025733A2077
:10DF500043616C6C206062745F636F6E6E5F6175AD
:10DF600074685F696E666F5F63625F72656769732D
:10DF700074657260206661696C65643A202564008E
:10DF800025733A2043616C6C20606374725F696E24
:10DF9000666F5F6765745F73657269616C5F6E75EC
:10DFA0006D62657260206661696C65643A20256403
:10DFB0000025732025730025733A2043616C6C2083
:10DFC00060736E7072696E746660206661696C65FC
:10DFD000643A2025640025733A2043616C6C20600C
:10DFE00062745F7365745F6E616D65602066616900
:10DFF0006C65643A2025640025733A2043616C6C9B
:10E0000020607365745F6465766963655F6E616DDA
:10E010006560206661696C65643A2025640025733B
:10E020003A2043616C6C20606374725F696E666F46
:10E030005F6765745F626C655F706173736B657950
:10E0400060206661696C65643A2025640025733A36
:10E0500020496E76616C696420706173736B6579B9
:10E060003A20256C750025733A2043616C6C206062
:10E0700062745F706173736B65795F736574602040
:10E080006661696C65643A2025640025733A204313
:10E09000616C6C20606C6F61645F706173736B6541
:10E0A0007960206661696C65643A20256400257397
:10E0B0003A2043616C6C20607368656C6C5F6274BD
:10E0C0005F6E75735F696E697460206661696C6507
:10E0D000643A2025640025733A2043616C6C20600B
:10E0E00062745F6C655F6164765F737461727460A3
:10E0F000206661696C65643A2025640025733A20C6
:10E1000050616972696E67206661696C65643A2066
:10E1100025732028726561736F6E3A20256429008B
:10E1200025733A2050616972696E6720636F6D7064
:10E130006C657465643A2025732028626F6E64658F
:10E14000643A202564290025733A20506169726978
:10E150006E672063616E63656C6C65643A2025733D
:10E16000006C6F61645F706173736B6579007365D8
:10E17000745F6465766963655F6E616D6500617586
:10E1800074685F63616E63656C00617574685F706D
:10E19000616972696E675F636F6D706C657465004D
:10E1A000617574685F70616972696E675F666169E5
:10E1B0006C656400696E697400636F6E6E6563748C
:10E1C000656400636865636B5F616E645F6572615F
:10E1D00073655F626F6E647300646973636F6E6E04
:10E1E000656374656400424C4520636F6D6D616EBC
:10E1F00064732E00424C4520706173736B65792007
:10E2000028656D707479206F7220362064696769A3
:10E21000747329006374725F626C650025733A2021
:10E22000436F6D6D616E6420605245424F4F546084
:10E230000025733A20436F6D6D616E642060434F1B
:10E240004E4649472053415645600025733A2043C6
:10E250006F6D6D616E642060434F4E46494720529A
:10E2600045534554600077726974655F636F6D6DE7
:10E27000616E64006374725F626C655F73766300E5
:10E2800025733A204465766963652060425554548D
:10E290004F4E5F494E5460206E6F7420726561640A
:10E2A000790025733A20446576696365206042559C
:10E2B00054544F4E5F45585460206E6F7420726501
:10E2C0006164790025733A2043616C6C206067704B
:10E2D000696F5F70696E5F636F6E6669677572659F
:10E2E0005F6474602028425554544F4E5F494E5429
:10E2F00029206661696C65643A2025640025733ABB
:10E300002043616C6C20606770696F5F70696E5F3D
:10E31000636F6E6669677572655F6474602028421A
:10E320005554544F4E5F45585429206661696C65B9
:10E33000643A2025640025733A2043616C6C2060A8
:10E340006374725F656467655F696E6974602028D5
:10E35000425554544F4E5F494E5429206661696CB2
:10E3600065643A2025640025733A2043616C6C2073
:10E37000606374725F656467655F7365745F636132
:10E380006C6C6261636B602028425554544F4E5F41
:10E39000494E5429206661696C65643A2025640001
:10E3A00025733A2043616C6C20606374725F65640E
:10E3B00067655F7365745F636F6F6C646F776E5FC3
:10E3C00074696D65602028425554544F4E5F494E24
:10E3D0005429206661696C65643A202564002573C0
:10E3E0003A2043616C6C20606374725F656467659A
:10E3F0005F7365745F6163746976655F647572618C
:10E4000074696F6E602028425554544F4E5F494ED8
:10E410005429206661696C65643A2025640025737F
:10E420003A2043616C6C20606374725F6564676559
:10E430005F7365745F696E6163746976655F647547
:10E44000726174696F6E602028425554544F4E5F5C
:10E45000494E5429206661696C65643A2025640040
:10E4600025733A2043616C6C20606374725F65644D
:10E4700067655F696E6974602028425554544F4E39
:10E480005F45585429206661696C65643A202564AB
:10E490000025733A2043616C6C20606374725F6581
:10E4A0006467655F7365745F63616C6C6261636B05
:10E4B000602028425554544F4E5F455854292066D9
:10E4C00061696C65643A2025640025733A204361D4
:10E4D0006C6C20606374725F656467655F736574FC
:10E4E0005F636F6F6C646F776E5F74696D656020DA
:10E4F00028425554544F4E5F45585429206661694F
:10E500006C65643A2025640025733A2043616C6C85
:10E5100020606374725F656467655F7365745F61D3
:10E5200063746976655F6475726174696F6E60208B
:10E5300028425554544F4E5F45585429206661690E
:10E540006C65643A2025640025733A2043616C6C45
:10E5500020606374725F656467655F7365745F698B
:10E560006E6163746976655F6475726174696F6EFC
:10E57000602028425554544F4E5F45585429206618
:10E5800061696C65643A2025640074727565006683
:10E59000616C736500696E740065787400696E76ED
:10E5A000616C6964206368616E6E656C206E616D7C
:10E5B000650A0025733A2043616C6C2060677069BE
:10E5C0006F5F70696E5F6765745F64746020666119
:10E5D000696C65643A2025640025733A2043616CB8
:10E5E0006C2060726561645F627574746F6E602028
:10E5F0006661696C65643A202564007072657373A6
:10E6000065643A2025730A00696E69740072656159
:10E61000645F627574746F6E00636D645F627574BD
:10E62000746F6E5F7265616400427574746F6E2002
:10E63000636F6D6D616E64732E005265616420625C
:10E640007574746F6E2073746174652028666F72C0
:10E650006D617420696E747C657874292E00637412
:10E66000725F627574746F6E0025733A2043616C3B
:10E670006C20606974656D2D3E636260206661691F
:10E680006C65643A2025640025733A2043616C6C04
:10E690002060666C6173685F617265615F6F706551
:10E6A0006E60206661696C65643A2025640025739C
:10E6B0003A2043616C6C2060666C6173685F6172C4
:10E6C00065615F657261736560206661696C656430
:10E6D0003A2025640025733A2043616C6C206072F7
:10E6E0006573657460206661696C65643A202564B1
:10E6F0000025733A2043616C6C2060736574746903
:10E700006E67735F7361766560206661696C6564CE
:10E710003A2025640025733A2043616C6C206073B5
:10E7200061766560206661696C65643A20256400E5
:10E7300025733A2043616C6C206073657474696E54
:10E7400067735F7375627379735F696E6974602054
:10E750006661696C65643A2025640025733A20433C
:10E760006865636B696E67206120627574746F6E93
:10E7700020666F7220666163746F727920726573B0
:10E7800065740025733A20427574746F6E20686555
:10E790006C642C2077616974696E6720357300257D
:10E7A000733A205374617274696E672035732077F1
:10E7B000696E646F7720746F2072656C6561736534
:10E7C000206120627574746F6E0025733A20506565
:10E7D00072666F726D696E67206120666163746F27
:10E7E00072792072657365740025733A20427574DE
:10E7F000746F6E206E6F742072656C6561736564F2
:10E800002C20736B697070696E6720666163746F2A
:10E8100072792072657365740025733A2043616CC8
:10E820006C20606B5F6D616C6C6F6360206661690A
:10E830006C656400257320636F6E666967202573BD
:10E840002025640A00257320636F6E6669672025A2
:10E850007320252E32660A00257320636F6E666969
:10E86000672025732025730A00257320636F6E6669
:10E87000696720257320222573220A0025732063EF
:10E880006F6E66696720257320002020252D3138A2
:10E89000733A2573203C25647E25643E0A002020BF
:10E8A000252D3138733A2573203C252E32667E257E
:10E8B0002E32663E0A002020252D3138733A25730A
:10E8C000203C747275652F66616C73653E0A00208A
:10E8D00020252D3138733A25730A0020202020206E
:10E8E0002020202020202020202020202020202028
:10E8F0002D2025730A002020252D3138733A2573E9
:10E9000020286C656E3A2025642042290A00496E51
:10E9100076616C696420666F726D61740A00496E7D
:10E9200076616C69642072616E67650A0025660015
:10E93000496E76616C69642076616C75650A006960
:10E940006E76616C6964206F7074696F6E0A007610
:10E95000616C756520746F6F206C6F6E670A004C78
:10E96000656E67746820646F6573206E6F74206DC8
:10E97000617463682E0A0025732F25730025733A8E
:10E980002043616C6C20606578706F72745F66758F
:10E990006E6360206661696C65643A202564006975
:10E9A0006E697400636D645F73686F7700636D6494
:10E9B0005F7361766500636D645F72657365740093
:10E9C0006374725F636F6E6669675F685F657870B6
:10E9D0006F7274006374725F636F6E6669675F68FD
:10E9E0005F736574006374725F636F6E6669675FFF
:10E9F000617070656E645F73686F770072657365D0
:10EA000074006374725F636F6E6669675F726573CB
:10EA100065740073617665006374725F636F6E6620
:10EA200069675F73617665006D6F64756C6573000F
:10EA300053686F7720616C6C206D6F64756C6573C3
:10EA40002E0053686F7720616C6C20636F6E66696F
:10EA50006775726174696F6E2E007361766500531D
:10EA600061766520616C6C20636F6E666967757294
:10EA70006174696F6E2E00526573657420616C6CF1
:10EA800020636F6E66696775726174696F6E2E00C0
:10EA90006374725F636F6E6669670025733A205016
:10EAA0006172616D65746572206F7574206F662088
:10EAB00072616E67653A202564006374725F6564F5
:10EAC00067655F7761746368006374725F6564672C
:10EAD000655F7365745F696E6163746976655F64B1
:10EAE00075726174696F6E006374725F65646765E7
:10EAF0005F7365745F6163746976655F6475726185
:10EB000074696F6E006374725F656467655F7365D7
:10EB1000745F636F6F6C646F776E5F74696D6500AF
:10EB2000636F6F6C646F776E5F74696D657200659B
:10EB300076656E745F74696D6572006770696F5F8A
:10EB400068616E646C6572006374725F65646765AA
:10EB50005F696E6974006374725F65646765002540
:10EB6000733A20496E76616C6964207369676E61DF
:10EB7000747572653A203078253038780025733AFC
:10EB800020496E636F6D70617469626C6520766593
:10EB90007273696F6E3A20307825303278002573B1
:10EBA0003A20556E65787065637465642073697A80
:10EBB000653A203078253032780025733A20435268
:10EBC00043206D69736D617463683A203078253035
:10EBD00038782028726561642920307825303878AB
:10EBE000202863616C63756C617465642900287505
:10EBF0006E7365742900253032783A253032783AC0
:10EC0000253032783A253032783A253032783A2534
:10EC1000303278006C6F61645F756963725F637531
:10EC200073746F6D657200696E6974006374725FEE
:10EC3000696E666F0025733A2043616C6C206661D3
:10EC4000696C65643A20256400706173735F737446
:10EC500072006374725F696E666F5F626C650062FA
:10EC60006C6520706173736B65793A2025730A00B7
:10EC7000626C6520646576616464723A2025730A6B
:10EC800000636C61696D20746F6B656E3A2025734B
:10EC90000A0073657269616C206E756D6265723A07
:10ECA0002025730A006669726D776172652076654A
:10ECB0007273696F6E3A2025730A006669726D7708
:10ECC000617265206E616D653A2025730A00666980
:10ECD000726D776172652062756E646C653A20258D
:10ECE000730A006861726477617265207265766983
:10ECF00073696F6E3A2025730A00686172647761E8
:10ED000072652076617269616E743A2025730A001B
:10ED100070726F64756374206E616D653A2025733F
:10ED20000A0076656E646F72206E616D653A20250B
:10ED3000730A0044657669636520696E666F726D5B
:10ED40006174696F6E20636F6D6D616E64732E0008
:10ED500047657420616C6C20696E666F726D6174BA
:10ED6000696F6E206174206F6E63652E0076656E2C
:10ED7000646F722D6E616D65004765742076656EF7
:10ED8000646F72206E616D652E0070726F647563C2
:10ED9000742D6E616D65004765742070726F6475C7
:10EDA0006374206E616D652E0068772D76617269DF
:10EDB000616E740047657420686172647761726582
:10EDC0002076617269616E742E0068772D726576A7
:10EDD0006973696F6E00476574206861726477615A
:10EDE0007265207265766973696F6E2E0066772D85
:10EDF00062756E646C6500476574206669726D7734
:10EE00006172652062756E646C652E0066772D6E8A
:10EE1000616D6500476574206669726D7761726522
:10EE2000206E616D652E0066772D76657273696F51
:10EE30006E00476574206669726D77617265207631
:10EE4000657273696F6E2E0073657269616C2D6EE9
:10EE5000756D626572004765742073657269616CD7
:10EE6000206E756D6265722E00636C61696D2D7424
:10EE70006F6B656E0047657420636C61696D20740B
:10EE80006F6B656E2E00626C652D646576616464DF
:10EE9000720047657420424C45206465766963655D
:10EEA00020616464726573732E00626C652D7061FD
:10EEB00073736B65790047657420424C452070611F
:10EEC00073736B65792E006374725F696E666F5F32
:10EED0007368656C6C0025733A2053797374656DA3
:10EEE00020496E697469616C697A6174696F6E003A
:10EEF000696E6974006374725F6C65640067726543
:10EF0000656E0079656C6C6F7700696E76616C690F
:10EF10006420636F6D6D616E640A0025733A20434F
:10EF2000616C6C20606374725F6C65645F736574A0
:10EF300060206661696C65643A20256400636D64D5
:10EF40005F6C65645F737769746368004C45442047
:10EF5000636F6D6D616E64732E007377697463689F
:10EF600000537769746368204C4544206368616E80
:10EF70006E656C2028666F726D6174207265647CAA
:10EF8000677265656E7C79656C6C6F777C6578748B
:10EF9000206F6E7C6F6666292E006374725F6C65ED
:10EFA000645F7368656C6C00656E61626C650025FA
:10EFB000733A2043616C6C20606374725F6C72778B
:10EFC0005F74616C6B5F656E61626C656020666129
:10EFD000696C65643A2025640064697361626C65DC
:10EFE0000025733A2043616C6C20606374725F6C1F
:10EFF00072775F74616C6B5F64697361626C65608A
:10F00000206661696C65643A202564006F6E6C79D6
:10F01000206F6E6520617267756D656E742069730F
:10F020002061636365707465642028757365207161
:10F03000756F7465733F290A0074657374206D6F72
:10F040006465206973206E6F7420616374697661F2
:10F050007465640A0025733A2043616C6C20606C0F
:10F0600072775F74616C6B5F60206661696C656468
:10F070003A2025640025733A2043616C6C2060635C
:10F0800074725F6C72775F69665F726573657460D6
:10F09000206661696C65643A2025640025733A2016
:10F0A000426F6F74206D6573736167652074696D5D
:10F0B0006564206F75740025733A2057616974691F
:10F0C0006E6720256C6C64206D696C6C6973656378
:10F0D0006F6E642873290025733A2043616C6C209D
:10F0E000606374725F6C72775F74616C6B5F696E82
:10F0F000697460206661696C65643A202564002546
:10F10000733A2043616C6C20606B5F6D7367715F55
:10F1100067657460206661696C65643A20256400E7
:10F1200025733A20446571756575656420535441B3
:10F13000525420636F6D6D616E642028636F72722C
:10F14000656C6174696F6E2069643A2025642900DA
:10F1500025733A204E6F20726561736F6E20666F63
:10F1600072205354415254206F7065726174696FFC
:10F170006E202D2069676E6F72696E670025733A85
:10F180002043616C6C20606374725F72666D757889
:10F190005F6163717569726560206661696C656441
:10F1A0003A2025640025733A2043616C6C2060632B
:10F1B00074725F72666D75785F7365745F616E748B
:10F1C000656E6E6160206661696C65643A202564D5
:10F1D0000025733A2043616C6C20606374725F7227
:10F1E000666D75785F7365745F696E74657266616C
:10F1F000636560206661696C65643A20256400255A
:10F20000733A204F7065726174696F6E20424F4F80
:10F210005420737461727465640025733A204F70D2
:10F2200065726174696F6E20424F4F54207375632D
:10F230006365656465640025733A2043616C6C20E6
:10F2400060626F6F745F6F6E636560206661696C8A
:10F2500065643A2025640025733A20526570656123
:10F2600074696E6720424F4F54206F7065726174ED
:10F27000696F6E202872657472696573206C6566AB
:10F28000743A202564290025733A204F7065726115
:10F2900074696F6E20424F4F54206661696C6564DB
:10F2A0000025733A2043616C6C2060626F6F74605C
:10F2B000206661696C65643A2025640025733A20F4
:10F2C0004F7065726174696F6E20534554555020BC
:10F2D000737461727465640025733A2043616C6CC9
:10F2E00020606374725F6C72775F74616C6B5F61D6
:10F2F000745F64666F726D617460206661696C65CD
:10F30000643A2025640025733A2043616C6C2060C8
:10F310006374725F6C72775F74616C6B5F61745F52
:10F3200062616E6460206661696C65643A20256480
:10F330000025733A2043616C6C20606374725F6CCB
:10F3400072775F74616C6B5F61745F63686D61732A
:10F350006B60206661696C65643A202564002573E2
:10F360003A2043616C6C20606374725F6C72775FEB
:10F3700074616C6B5F61745F636C61737360206652
:10F3800061696C65643A2025640025733A20436105
:10F390006C6C20606374725F6C72775F74616C6B0D
:10F3A0005F61745F6D6F646560206661696C656440
:10F3B0003A2025640025733A2043616C6C20606319
:10F3C00074725F6C72775F74616C6B5F61745F6E97
:10F3D000776B60206661696C65643A20256400255E
:10F3E000733A2043616C6C20606374725F6C727757
:10F3F0005F74616C6B5F61745F61647260206661F1
:10F40000696C65643A2025640025733A2043616C79
:10F410006C20606374725F6C72775F74616C6B5F99
:10F4200061745F647260206661696C65643A20256E
:10F43000640025733A2043616C6C20606374725FD2
:10F440006C72775F74616C6B5F61745F6475747903
:10F450006379636C6560206661696C65643A202538
:10F46000640025733A2043616C6C20606374725FA2
:10F470006C72775F74616C6B5F61745F6A6F696EE9
:10F48000646360206661696C65643A2025640025C8
:10F49000733A2043616C6C20606374725F6C7277A6
:10F4A0005F74616C6B5F61745F64657661646472E4
:10F4B00060206661696C65643A2025640025733AB2
:10F4C0002043616C6C20606374725F6C72775F7450
:10F4D000616C6B5F61745F646576657569602066F9
:10F4E00061696C65643A2025640025733A204361A4
:10F4F0006C6C20606374725F6C72775F74616C6BAC
:10F500005F61745F61707065756960206661696CC8
:10F5100065643A2025640025733A2043616C6C20B1
:10F52000606374725F6C72775F74616C6B5F61743F
:10F530005F6170706B657960206661696C65643AC3
:10F540002025640025733A2043616C6C206063744D
:10F55000725F6C72775F74616C6B5F61745F6E7702
:10F560006B736B657960206661696C65643A202510
:10F57000640025733A2043616C6C20606374725F91
:10F580006C72775F74616C6B5F61745F61707073D4
:10F590006B657960206661696C65643A202564005A
:10F5A00025733A204F7065726174696F6E20534500
:10F5B00054555020737563636565646564002573F5
:10F5C0003A2043616C6C206073657475705F6F6E78
:10F5D000636560206661696C65643A202564002576
:10F5E000733A20526570656174696E6720534554A3
:10F5F0005550206F7065726174696F6E2028726556
:10F600007472696573206C6566743A2025642900FC
:10F6100025733A204F7065726174696F6E2053458F
:10F62000545550206661696C65640025733A204327
:10F63000616C6C2060736574757060206661696CC4
:10F6400065643A2025640025733A2043616C6C2080
:10F6500060737461727460206661696C65643A20DD
:10F6600025640025733A204572726F72202D206642
:10F670006C757368696E6720616C6C20636F6E7463
:10F68000726F6C20636F6D6D616E64732066726F54
:10F690006D2071756575650025733A204465717537
:10F6A00065756564204A4F494E20636F6D6D616ECC
:10F6B000642028636F7272656C6174696F6E206973
:10F6C000643A202564290025733A204E6F74207215
:10F6D0006561647920666F72204A4F494E20636FDE
:10F6E0006D6D616E64202D2069676E6F72696E6743
:10F6F0000025733A204F7065726174696F6E204AFD
:10F700004F494E20737461727465640025733A200A
:10F7100043616C6C20606374725F6C72775F7461BC
:10F720006C6B5F61745F6A6F696E60206661696CA3
:10F7300065643A2025640025733A204A6F696E207B
:10F74000726573706F6E73652074696D6564206F88
:10F7500075740025733A204F7065726174696F6E1D
:10F76000204A4F494E207375636365656465640084
:10F7700025733A2043616C6C20606A6F696E5F6F1D
:10F780006E636560206661696C65643A202564007B
:10F7900025733A20526570656174696E67204A4F1F
:10F7A000494E206F7065726174696F6E20287265B2
:10F7B0007472696573206C6566743A20256429004B
:10F7C00025733A204F7065726174696F6E204A4FDD
:10F7D000494E206661696C65640025733A20436177
:10F7E0006C6C20606A6F696E60206661696C65642C
:10F7F0003A2025640025733A20556E6B6E6F776E44
:10F80000206D6573736167653A2025640025733A3E
:10F810002044657175657565642053454E442063C9
:10F820006F6D6D616E642028636F7272656C6174B8
:10F83000696F6E2069643A202564290025733A2097
:10F840004D6573736167652054544C206578706909
:10F850007265640025733A204F7065726174696F38
:10F860006E2053454E4420737461727465640025A4
:10F87000733A2043616C6C20606374725F6C7277C2
:10F880005F74616C6B5F61745F7574786020666132
:10F89000696C65643A2025640025733A2043616CE5
:10F8A0006C20606374725F6C72775F74616C6B5F05
:10F8B00061745F63747860206661696C65643A2086
:10F8C00025640025733A2043616C6C206063747278
:10F8D0005F6C72775F74616C6B5F61745F7075747D
:10F8E0007860206661696C65643A20256400257340
:10F8F0003A2043616C6C20606374725F6C72775F56
:10F9000074616C6B5F61745F7063747860206661B2
:10F91000696C65643A2025640025733A2053656E4E
:10F920006420726573706F6E73652074696D6564B1
:10F93000206F75740025733A204F70657261746989
:10F940006F6E2053454E442073756363656564652F
:10F95000640025733A2043616C6C206073656E64AB
:10F960005F6F6E636560206661696C65643A20252F
:10F97000640025733A20526570656174696E672072
:10F9800053454E44206F7065726174696F6E202814
:10F9900072657472696573206C6566743A202564BB
:10F9A000290025733A204F7065726174696F6E206B
:10F9B00053454E44206661696C65640025733A20A6
:10F9C00054657374206D6F6465206163746976613A
:10F9D000746564202D2069676E6F72696E670025FB
:10F9E000733A20456E717565696E672053544152B4
:10F9F0005420636F6D6D616E642028636F72726551
:10FA00006C6174696F6E2069643A20256429002551
:10FA1000733A2043616C6C20606B5F6D7367715F3C
:10FA200070757460206661696C65643A20256400B5
:10FA3000636F7272656C6174696F6E2069643A20DD
:10FA400025640A0025733A204E6F7420696E204F9A
:10FA5000544141206D6F6465202D2069676E6F727F
:10FA6000696E670025733A20456E717565696E672A
:10FA7000204A4F494E20636F6D6D616E642028638C
:10FA80006F7272656C6174696F6E2069643A2025CB
:10FA900064290025733A20456E717565696E67208B
:10FAA00053454E4420636F6D6D616E642028636F13
:10FAB0007272656C6174696F6E2069643A202564A6
:10FAC000290074616C6B5F68616E646C65720069BB
:10FAD0006E697400636D645F737461727400636D4A
:10FAE000645F6A6F696E00636D645F746573745FF1
:10FAF0007561727400636D645F746573745F7265C1
:10FB000073657400636D645F746573745F636D64C3
:10FB1000006374725F6C72775F73656E6400637408
:10FB2000725F6C72775F6A6F696E006374725F6C8C
:10FB300072775F73746172740073656E645F6F6E69
:10FB400063650073656E640070726F636573735FE5
:10FB50007265715F73656E640070726F6365737355
:10FB60005F73656E645F6D736771006A6F696E5F66
:10FB70006F6E6365006A6F696E0070726F636573A4
:10FB8000735F7265715F6A6F696E0073657475701B
:10FB90005F6F6E636500736574757000626F6F747C
:10FBA0005F6F6E636500626F6F740073746172746F
:10FBB0000070726F636573735F7265715F737461F8
:10FBC000727400776169745F696E7472615F7265E7
:10FBD000715F64656C61790070726F636573735FE8
:10FBE000636D645F6D7367710064697370617463E2
:10FBF0006865725F746872656164004C6F5261572A
:10FC0000414E20636F6D6D616E64732E005374619D
:10FC1000727420696E746572666163652E006A6F26
:10FC2000696E004A6F696E206E6574776F726B2E15
:10FC3000005465737420636F6D6D616E64732E0084
:10FC40007561727400456E61626C652F4469736101
:10FC5000626C65205541525420696E74657266610C
:10FC600063652028666F726D61743A203C656E6131
:10FC7000626C657C64697361626C653E292E00521A
:10FC800065736574206D6F64656D2E0053656E64D9
:10FC900020636F6D6D616E6420746F206D6F64659D
:10FCA0006D2E2028666F726D61743A203C636F6D13
:10FCB0006D616E643E29006374725F6C7277004CF4
:10FCC00052572074657374206D6F646500616E74A3
:10FCD000656E6E6100616E74656E6E61206D6F643D
:10FCE0006500726164696F2062616E640063686DB3
:10FCF00061736B006368616E6E656C206D61736B20
:10FD00002028666F726D61743A203C4E20686578D9
:10FD100061646563696D616C206469676974733ED1
:10FD2000290064657669636520636C617373006F95
:10FD30007065726174696F6E206D6F6465006E77B7
:10FD40006B006E6574776F726B20747970650061FB
:10FD500064720061646170746976652064617461C5
:10FD6000207261746500646174617261746500641D
:10FD70007574796379636C6500647574792063794F
:10FD8000636C6500446576416464722028666F7216
:10FD90006D61743A203C38206865786164656369F8
:10FDA0006D616C206469676974733E2900646576CF
:10FDB000657569004465764555492028666F726D02
:10FDC00061743A203C313620686578616465636906
:10FDD0006D616C206469676974733E29006A6F699C
:10FDE0006E657569004A6F696E4555492028666FD2
:10FDF000726D61743A203C313620686578616465C3
:10FE000063696D616C206469676974733E29006180
:10FE100070706B6579004170704B65792028666F52
:10FE2000726D61743A203C33322068657861646594
:10FE300063696D616C206469676974733E29006E43
:10FE4000776B736B6579004E776B534B6579202820
:10FE5000666F726D61743A203C3332206865786158
:10FE6000646563696D616C206469676974733E29B8
:10FE700000617070736B657900417070534B6579E8
:10FE80002028666F726D61743A203C3332206865B9
:10FE90007861646563696D616C2064696769747316
:10FEA0003E29007072697661746500616270006F4E
:10FEB00074616100415339323300415539313500A5
:10FEC0004555383638004B5239323000494E3836B5
:10FED00035005553393135000000000000000000A6
:10FEE0000000000000000000000000000000000012
:10FEF0000000000000000000000000000000000002
:10FF000000000000000000000000000000000000F1
:10FF100000000000000000000000000000000000E1
:10FF200000000000000000000000000000000000D1
:10FF300000000000000000000000000000000000C1
:10FF400000000000000000000000000000000000B1
:10FF500000000000000000000000000000000000A1
:10FF60002B4F4B0025733A205253503A20257300F3
:10FF700025733A205552433A202573002B41434BB9
:10FF8000002B4E4F41434B002B4556454E543D31BF
:10FF90002C31002B4556454E543D312C30002B451D
:10FFA00056454E543D302C300025733A2043616C49
:10FFB0006C20606374725F6C72775F69665F7365F3
:10FFC0006E6460206661696C65643A202564002572
:10FFD000733A2043616C6C2060776169745F72656D
:10FFE00073706F6E736560206661696C65643A203A
:10FFF00025640025733A2043616C6C206063747241
:020000040006F4
:100000005F6C72775F69665F696E697460206661B4
:10001000696C65643A2025640025733A2043616C5D
:100020006C20606374725F6C72775F69665F656E87
:1000300061626C6560206661696C65643A20256464
:100040000025733A2043616C6C20606374725F6CAE
:1000500072775F69665F64697361626C6560206670
:1000600061696C65643A2025640025733A20436118
:100070006C6C206074616C6B5F636D6460206661A2
:10008000696C65643A2025640041540025733A2068
:1000900043616C6C206074616C6B5F636D645F6F57
:1000A0006B60206661696C65643A20256400415488
:1000B0002B44464F524D41543D25750041542B422F
:1000C000414E443D25750041542B434C4153533D13
:1000D00025750041542B44523D25750041542B4D4C
:1000E0004F44453D25750041542B4E574B3D2575DA
:1000F0000041542B4144523D25750041542B445539
:1001000054594359434C453D25750041542B4A4FA2
:10011000494E44433D25750041542B4A4F494E00FA
:1001200025733A2043616C6C20606374725F627562
:10013000663268657860206661696C65643A20257E
:10014000640041542B444556414444523D257300BC
:1001500041542B4445564555493D25730041542B88
:100160004150504555493D25730041542B41505055
:100170004B45593D25730041542B4E574B534B452E
:10018000593D25730041542B415050534B45593D27
:1001900025730041542B43484D41534B3D2573007B
:1001A00041542B5554582025750D25730041542B6F
:1001B0004354582025750D25730041542B50555438
:1001C000582025752C25750D25730041542B50435F
:1001D00054582025752C25750D2573006374725FA6
:1001E0006C72775F74616C6B5F61745F706374785D
:1001F000006374725F6C72775F74616C6B5F6174C3
:100200005F70757478006374725F6C72775F74618D
:100210006C6B5F61745F637478006374725F6C729F
:10022000775F74616C6B5F61745F75747800637481
:10023000725F6C72775F74616C6B5F61745F63682F
:100240006D61736B006374725F6C72775F74616C65
:100250006B5F61745F617070736B6579006374725A
:100260005F6C72775F74616C6B5F61745F6E776BEC
:10027000736B6579006374725F6C72775F74616C25
:100280006B5F61745F6170706B6579006374725F3E
:100290006C72775F74616C6B5F61745F61707065C5
:1002A0007569006374725F6C72775F74616C6B5F09
:1002B00061745F646576657569006374725F6C7202
:1002C000775F74616C6B5F61745F646576616464B1
:1002D00072006374725F6C72775F74616C6B5F61E4
:1002E000745F6A6F696E006374725F6C72775F74BB
:1002F000616C6B5F61745F6A6F696E6463006374E5
:10030000725F6C72775F74616C6B5F61745F647550
:1003100074796379636C65006374725F6C72775F84
:1003200074616C6B5F61745F616472006374725FAF
:100330006C72775F74616C6B5F61745F6E776B007A
:100340006374725F6C72775F74616C6B5F61745F12
:100350006D6F6465006374725F6C72775F74616C5B
:100360006B5F61745F6472006374725F6C72775F5D
:1003700074616C6B5F61745F636C61737300637451
:10038000725F6C72775F74616C6B5F61745F6261E6
:100390006E64006374725F6C72775F74616C6B5F24
:1003A00061745F64666F726D617400776169745F18
:1003B000726573706F6E73650074616C6B5F636DF3
:1003C000645F6F6B0074616C6B5F636D640063747A
:1003D000725F6C72775F74616C6B5F006374725FE5
:1003E0006C72775F74616C6B5F64697361626C657A
:1003F000006374725F6C72775F74616C6B5F656EC3
:1004000061626C6500726563765F6362006374723B
:100410005F6C72775F74616C6B5F696E69740063A7
:1004200074725F6C72775F74616C6B0025733A2035
:1004300043616C6C2060726571756573745F6C6686
:10044000636C6B60206661696C65643A20256400AA
:1004500025733A2043616C6C20606E7266785F721F
:1004600074635F696E697460206661696C65643A83
:100470002025640025733A2043616C6C206063740E
:10048000725F7274635F6765745F746D602066612C
:10049000696C65643A20256400253034642F25306A
:1004A00032642F2530326420253032643A253032D0
:1004B000643A253032642025730A0025733A2043BC
:1004C000616C6C20606374725F7274635F736574D7
:1004D0005F746D60206661696C65643A2025640014
:1004E000726571756573745F6C66636C6B00696EC1
:1004F0006974004D6F6E0054756500576564005453
:10050000687500467269005361740053756E00523D
:10051000544320636F6D6D616E647320666F72204B
:10052000646174652F74696D65206F7065726174A4
:10053000696F6E732E00676574004765742063757C
:100540007272656E7420646174652F74696D6520C4
:1005500028666F726D617420595959592F4D4D2F6E
:1005600044442068683A6D6D3A7373292E005365D0
:10057000742063757272656E7420646174652F7483
:10058000696D652028666F726D61742059595959DB
:100590002F4D4D2F44442068683A6D6D3A7373298E
:1005A0002E006374725F72746300636D645F7274B3
:1005B000635F67657400636D645F7274635F736526
:1005C000740074657374206D6F646520616C72656E
:1005D000616479206163746976650A007465737477
:1005E000206D6F64652061637469766174696F6EF4
:1005F00020626C6F636B65640A0025733A20576153
:100600006974696E6720666F722074657374206DFB
:100610006F646520656E7472790025733A205465A5
:100620007374206D6F646520656E747279207469CF
:100630006D6564206F75740025733A20546573747A
:10064000206D6F6465207374617274656400696EF7
:1006500069740053746172742074657374206D6FD3
:1006600064652E006374725F746573740025733A59
:100670002043616C6C206073656E736F725F617490
:1006800074725F73657460206661696C65642028AC
:1006900053454E534F525F415454525F46554C4C54
:1006A0005F5343414C45293A2025640025733A2085
:1006B00043616C6C206073656E736F725F617474FC
:1006C000725F73657460206661696C65642028538D
:1006D000454E534F525F415454525F53414D504C1D
:1006E000494E475F4652455155454E4359293A2098
:1006F00025640025733A2043616C6C206073656E3D
:10070000736F725F6368616E6E656C5F676574605E
:10071000206661696C65643A7420256400696E69BD
:1007200074006374725F746865726D5F7265616492
:10073000006374725F746865726D0074656D7065D6
:100740007261747572653A20252E326620430A0064
:10075000636D645F746865726D5F72656164005497
:100760006865726D6F6D6574657220636F6D6D6124
:100770006E64732E006374725F746865726D5F736C
:1007800068656C6C0025733A20536F667444657617
:1007900069636520436F6E74726F6C6C6572204183
:1007A00053534552543A2025732C20256400536F2F
:1007B000667444657669636520436F6E74726F6C0E
:1007C0006C6572206275696C642072657669736904
:1007D0006F6E3A200025733A20456E74726F7079FF
:1007E00020736F7572636520646576696365206E3A
:1007F0006F742072656164790025733A20466169DF
:100800006C656420746F207265676973746572200B
:1008100072616E6420736F75726365202825642988
:100820000025733A20416C6C6F6361746564206DC0
:10083000656D6F727920746F6F206C6F773A202529
:1008400075203C2025750025733A204E6F20657673
:10085000656E742062756666657220617661696C8A
:1008600061626C650025733A204E6F20646174618B
:100870002062756666657220617661696C61626C82
:10088000650025733A204576656E7420627566664C
:10089000657220746F6F20736D616C6C2E202575EE
:1008A000203E2025750025733A20556E65787065C9
:1008B00063746564206D73675F747970653A202591
:1008C000752E20546869732069662D656C736520E8
:1008D0006E656564732061206E6577206272616E5B
:1008E000636800636F6E6669677572655F6D656DDD
:1008F0006F72795F7573616765006863695F6472C1
:10090000697665725F6F70656E0069736F5F6461B1
:1009100074615F7061636B65745F70726F63657340
:100920007300646174615F7061636B65745F7072A2
:100930006F63657373006576656E745F7061636B7A
:1009400065745F70726F6365737300666574636866
:100950005F616E645F70726F636573735F68636914
:100960005F6D7367007364635F617373657274694D
:100970006F6E5F68616E646C65720062745F68635D
:10098000695F7364630062745F7364635F68636963
:100990005F6472697665720062745F7364635F633B
:1009A000727970746F0025733A207075626C696398
:1009B000206B6579206973206E6F742076616C6995
:1009C000642028657272202564290025733A205519
:1009D0006E6B6E6F776E20636F6D6D616E6400423B
:1009E000542043544C52204543444800636F6D6D7E
:1009F0006F6E5F73656372657400656364685F63DF
:100A00006D645F70726F63657373003F49F6D4A3C2
:100A1000C55F3874C9B3E3D2103F504AFF607BEB27
:100A200040B7995899B8A6CD3C1ABD62745F7364FB
:100A3000635F656364680025733A204D50534C2012
:100A40004153534552543A2025732C202564004DC0
:100A500050534C20576F726B006D5F6173736572FA
:100A6000745F68616E646C6572006D70736C5F6951
:100A70006E69740025733A206D70736C5F74696DD4
:100A800065736C6F745F73657373696F6E5F6F709E
:100A9000656E206661696C65643A20256400257383
:100AA0003A2074696D656F7574006E72665F666C6E
:100AB0006173685F73796E635F65786500666C610A
:100AC00073685F73796E635F6D70736C0074656DCE
:100AD000704034303030633030300074656D705F9A
:100AE0006E7266355F6D70736C007065726D00427A
:100AF00055473B2063616E27742068617070656E96
:100B0000007265766572740025733A205365636FD1
:100B10006E6461727920696D616765206F66206916
:100B20006D6167652070616972202825642E292017
:100B3000697320756E726561636861626C652E20F1
:100B4000547265617420697420617320656D7074DE
:100B5000790025733A20496D61676520696E646587
:100B6000783A2025642C2053776170207479706561
:100B70003A2025730025733A20496D616765206925
:100B80006E6465783A2025642C2053776170207458
:100B90007970653A206E6F6E6500626F6F745F7377
:100BA0007761705F747970655F6D756C746900044E
:100BB000010403040204010401040301030304010A
:100BC000046D6375626F6F745F7574696C0000000B
:100BD0000000000101000000000000203030303033
:100BE0003030303030303030303000010100000023
:100BF00000000100000000005465726D696E616CB8
:100C00000000000000000054545220524547474560
:100C100053000102020303030325733A2048616C69
:100C200074696E672073797374656D00556E6B6EB1
:100C30006F776E206572726F720025733A203E3EA8
:100C40003E205A455048595220464154414C204577
:100C500052524F522025643A202573206F6E204354
:100C600050552025640025733A204661756C742028
:100C7000647572696E6720696E74657272757074DE
:100C80002068616E646C696E670A0025733A2043C0
:100C9000757272656E74207468726561643A20259D
:100CA00070202825732900435055206578636570AE
:100CB00074696F6E00556E68616E646C656420695E
:100CC0006E7465727275707400537461636B206F1B
:100CD000766572666C6F77004B65726E656C206F1F
:100CE0006F7073004B65726E656C2070616E696326
:100CF000007A5F666174616C5F6572726F72006B1F
:100D00005F7379735F666174616C5F6572726F7235
:100D10005F68616E646C65720069646C65006F7316
:100D200000737973776F726B71002B00707265734B
:100D30007461727400646561640061626F727469E9
:100D40006E670073757370656E64696E67007175A8
:100D500065756564002D79A1C86A40B73CF674F9E1
:100D60000B22D3C480747282BA00FFFFFFFF1F0002
:100D7000647261676F6F6E2F6C6962732F73636843
:100D80006564756C696E672F7372632F72656D5F32
:100D900068616C5F6576656E745F74696D65722EEF
:100DA00063006E616E00286E756C6C290063646967
:100DB0006E6F70737578585B61656667414546472D
:0C0DC00000616E006E66696E6974790057
:100DE400FFFFFFFFFF1F00001F00000000000000C6
:100DF4005D40000000000000FFFFFFFF1FFF000038
:100E0400BAABBABA10101010000000000080004005
:100E140000000000000000000C00000000000000C2
:100E240000FF7F0000000000000000000000000040
:100E340091F200000000000053A80100000000002F
:100E440031A8010000000000A9F200000000000029
:100E540073A8010000000000000000000000000072
:100E6400000000000000000000000000000000007E
:100E7400000000000000000000000000000000006E
:100E8400000000000000000000000000000000005E
:100E9400000000000000000000000000000000004E
:100EA400000000000000000000000000000000003E
:100EB400000000000000000000000000000000002E
:100EC400000000000000000000000000000000001E
:100ED400000000000000000000000000000000000E
:100EE40000000000000000000000000000000000FE
:100EF40000000000000000000000000000000000EE
:100F040000000000000000000000000000000000DD
:100F140000000000000000000000000000000000CD
:100F240000000000000000000000000000000000BD
:100F340000000000000000000000000000000000AD
:100F4400000000000000000000000000000000009D
:100F5400000000000000000000000000000000008D
:100F6400000000000000000000000000000000007D
:100F7400000000000000000000000000000000006D
:100F8400000000000000000000000000000000005D
:100F9400000000000000000000000000000000004D
:100FA400000000000000000000000000000000003D
:100FB400000000000000000000000000000000002D
:100FC400000000000000000000000000000000001D
:100FD400000000000000000000000000000000000D
:100FE40000000000000000000000000000000000FD
:100FF40000000000000000000000000000000000ED
:1010040000000000000000000000000000000000DC
:1010140000000000000000000000000000000000CC
:1010240000000000000000000000000000000000BC
:1010340000000000000000000000000000000000AC
:10104400000000000000000000000000000000009C
:10105400000000000000000000000000000000008C
:1010640044230020CFC10100D5C10100D7C1010034
:1010740001C20100DBC101000BC20100E1C101009A
:1010840017C20100E7C101001DC20100E9C101004E
:10109400F7C10100FBC10100EDC10100F3C1010072
:1010A40007C2010011C201000000000099CD040034
:1010B400000000000001000000000000000000002B
:1010C400000000000000000000000000000000001C
:1010D400000000000000000000000000000000000C
:1010E40000000000000000000000000000000000FC
:1010F40000000000000000000000000000000000EC
:1011040000000000000000000000000000000000DB
:1011140000000000000000000000000000000000CB
:1011240000000000000000000000000000000000BB
:1011340000000000000000000000000000000000AB
:10114400000000000000000000000000000000009B
:10115400000000000000000000000000000000008B
:10116400000000000000000000000000000000007B
:10117400000000000000000000000000000000006B
:10118400000000000000000000000000000000005B
:10119400000000000000000000000000000000004B
:1011A400000000000000000000000000000000003B
:1011B400000000000000000000000000000000002B
:1011C4006D97020000000000000000000000000015
:1011D400000000000000000000000000000000000B
:1011E40000000000000000000000000000000000FB
:1011F40000000000000000000000000000000000EB
:1012040000000000000000000000000000000000DA
:1012140000000000000000000000000000000000CA
:1012240000000000000000000000000000000000BA
:1012340000000000000000000000000000000000AA
:10124400000000000000000000000000000000009A
:10125400000000000000000000000000000000008A
:1012640000000000983705000000000000000000A6
:10127400000000000000000000000000000000006A
:101284000000000000000000B0370500000000006E
:10129400000000000000000000000000000000004A
:1012A400513F0400000000000000000000000000A6
:1012B400902500209025002077F404000000000011
:1012C400000000000000000000000000000000001A
:1012D400B0250020B025002000000000010000001F
:1012E400C0250020C0250020C8250020C8250020D6
:1012F4000000000001000000D8250020D8250020AF
:1013040000000000000000000000000000000000D9
:1013140000000000000000000000000000000000C9
:1013240000000000000000000000000000000000B9
:1013340000000000000000008385000000000000A1
:10134400103805000000000000000000000000004C
:101354000000000000000000000000000000000089
:101364000000000000000000000000000000000079
:101374000000000000000000000000000000000069
:101384000000000000000000000000000000000059
:101394000000000000000000000000000000000049
:1013A4000000000000000000000000000000000039
:1013B4000000000000000000000000000000000029
:1013C4000000000000000000000000000000000019
:1013D4000000000000000000000000000000000009
:1013E40000000000000000000000000000000000F9
:1013F40000000000000000000000000000000000E9
:1014040000000000000000000000000000000000D8
:1014140000000000000000000000000000000000C8
:1014240000000000000000000000000000000000B8
:1014340000000000000000000000000000000000A8
:101444000000000000000000000000000000000098
:101454000000000000000000000000000000000088
:101464000000000000000000000000000000000078
:101474000000000000000000000000000000000068
:101484000000000000000000000000000000000058
:101494000000000000000000000000000000000048
:1014A4000000000000000000000000000000000038
:1014B4000000000000000000000000000000000028
:1014C4000000000000000000000000000000000018
:1014D4000000000000000000000000000000000008
:1014E40000000000000000000000000000000000F8
:1014F40000000000000000000000000000000000E8
:1015040000000000000000000000000000000000D7
:1015140000000000000000000000000000000000C7
:1015240000000000000000000000000000000000B7
:1015340000000000000000000000000000000000A7
:101544000000000000000000000000000000000097
:101554000000000000000000000000000000000087
:101564000000000000000000000000000000000077
:101574000000000000000000000000000000000067
:101584000000000000000000000000000000000057
:101594000000000000000000000000000000000047
:1015A4000000000000000000000000000000000037
:1015B4000000000000000000000000000000000027
:1015C4000000000000000000000000000000000017
:1015D4000000000000000000000000000000000007
:1015E40000000000000000000000000000000000F7
:1015F40000000000000000000000000000000000E7
:1016040000000000000000000000000000000000D6
:1016140000000000000000000000000000000000C6
:1016240000000000000000000000000000000000B6
:1016340000000000000000000000000000000000A6
:101644000000000000000000000000000000000096
:101654000000000000000000036505000000000019
:1016640075D5010025D5010005D401000000000056
:1016740032000000320000002C0100003AD80020A3
:10168400330000000000000001010101010101011B
:10169400010101010101010101010000000000003C
:1016A4000000000000000000000000000000000036
:1016B4000000000000000000000000000000000026
:1016C4000000000000000000000000000000000016
:1016D4000000000000000000000000000000000006
:1016E40000000000000000000000000000000000F6
:1016F40000000000000000000000000000000000E6
:1017040000000000000000000000000000000000D5
:1017140000000000000000000000000000000000C5
:101724000000000000000000000000007D9804009C
:10173400C3A60400892D02000000000077AB04005A
:10174400000000005BAB040000000000010000008A
:101754003447050068A400200000000001000000D8
:1017640064470500286200201480050000000C0076
:101774000000000000000000000000000000000065
:101784000000000000000000000000000000000055
:10179400000000000000000000000000053E020000
:1017A400000000000000000036800500000010006A
:1017B40000000000010000001C4805004848050026
:1017C400C031022000000000000000000000000002
:1017D4000000000000000000000000000004000001
:1017E400C0350220000000000000000000000000DE
:1017F40000000000000000000000000000040000E1
:10180400584805003FD00400083900203A00000081
:101814001C3900203A000000903800203A000000F3
:10182400583900203A00000000000000D7C9040025
:10183400000000000000000000000000DC4905007A
:101844000600010045670200000000000C4A050084
:101854000600000085CD0400000000003C4A05009D
:1018640001000900A1CD04000000000000000000F8
:101874000000000000000000000000000000000064
:101884000000000000000000000000000000000054
:1018940000000000556F020000000000000000007E
:1018A400F28C0500000014000000000049750200DD
:1018B400000000000000000000000000317B020076
:1018C40000000000000000000000000041D40400FB
:1018D400000000000000000000000000E18202009F
:1018E40000000000000000000000000051B70200EA
:1018F40000000000000000000000000051B00200E1
:101904000000000000000000E82B0020E82B00206D
:101914000000000000000000E5C8020009D8020031
:101924000DE50400000000000000000071CE02007C
:1019340023E304004FE2040051C60200000000004B
:101944000000000000000000000000000000000093
:10195400000000008DF502000000000000000000FF
:10196400FBED040000000000000000000000000087
:1019740088630500000002009463050000000A006B
:10198400A463050000002000000000000000000027
:101994000000000000000000000000000000000043
:1019A4000000000000000000000000000000000033
:1019B400000000000000000075E8040000000000C2
:1019C400B863050000000200C463050000000200C3
:1019D400D063050000000A00410903000000000074
:1019E400FFFFFFFF000000000000000051F60400AC
:1019F40000000000D42C0020D42C002001000000A2
:101A040001000000E42C0020E42C00200000000071
:101A14000000000000000000F82C0020F82C00203A
:101A24000100000001000000082D0020082D002006
:101A340000000000FDF904000000000000000000A8
:101A4400C83705000000000000000000000000008E
:101A54000000000000000000000000000000000082
:101A64000000000000000000000000004C2D0020D9
:101A74004C2D002001000000010000005C2D00201E
:101A84005C2D002000000000FDF9040000000000AF
:101A940000000000E0370500000000000000000026
:101AA4000000000000000000000000000000000032
:101AB400000000008000000000000000F3FA0400B1
:101AC400000000000000000000000000F9400300D6
:101AD4000000000068250000D14A0000A395000022
:101AE400E9C001000000000000000000754E030082
:101AF4000000000000010000000000000F020500CB
:101B040000000000C072002000000000000000007F
:101B14000000000000000000000000004304050075
:101B240000000000000000000000000098530500C1
:101B340001000000142E0020142E002000000000DC
:101B440001000000242E0020242E00202C2E002032
:101B54002C2E002000000000010000003C2E00207C
:101B64003C2E0020000000000000000000000000E7
:101B74000000000000000000000000000000000061
:101B840000000000000000003837050000000000DD
:101B94000000000059EB002051EB00200000000081
:101BA4000000000000000000000000000000000031
:101BB4000000000001000000000000000000000020
:101BC4000C00000000000000503705000000000079
:101BD4000000000000000000000000000000000001
:101BE40000000000000000000000000000000000F1
:101BF40000000000000000000000000000000000E1
:101C040000000000000000000000000000000000D0
:101C140000000000000000000000000000000000C0
:101C240000000000000000000000000000000000B0
:101C340000000000000000000000000000000000A0
:101C44000000000000000000000000000000000090
:101C54000000000000000000000000000000000080
:101C64000000000000000000000000000000000070
:101C74000000000000000000000000000000000060
:101C84000000000000000000000000000000000050
:101C94000000000000000000000000000000000040
:101CA4000000000000000000000000000000000030
:101CB4000000000000000000000000000000000020
:101CC4000000000000000000000000000000000010
:101CD4000000000000000000000000000000000000
:101CE40000000000000000000000000000000000F0
:101CF40000000000000000000000000000000000E0
:101D040000000000000000000000000000000000CF
:101D140000000000000000000000000000000000BF
:101D240000000000000000000000000000000000AF
:101D3400000000000000000000000000000000009F
:101D4400000000000000000000000000000000008F
:101D5400000000000000000000000000000000007F
:101D6400000000000000000000000000000000006F
:101D7400000000000000000000000000000000005F
:101D8400000000000000000000000000000000004F
:101D9400000000000000000000000000000000003F
:101DA400000000000000000000000000000000002F
:101DB400000000000000000000000000000000001F
:101DC400000000000000000000000000000000000F
:101DD40000000000000000000000000000000000FF
:101DE40000000000000000000000000000000000EF
:101DF40000000000000000000000000000000000DF
:101E040000000000000000000000000000000000CE
:101E140000000000000000000000000000000000BE
:101E240000000000000000000000000000000000AE
:101E3400000000000000000000000000000000009E
:101E4400000000000000000000000000000000008E
:101E5400000000000000000000000000000000007E
:101E6400000000000000000000000000000000006E
:101E7400000000000000000000000000000000005E
:101E8400000000000000000000000000000000004E
:101E9400000000000000000000000000000000003E
:101EA400000000000000000000000000000000002E
:101EB400000000000000000000000000000000001E
:101EC400000000000000000000000000000000000E
:101ED40000000000000000000000000000000000FE
:101EE40000000000000000000000000000000000EE
:101EF40000000000000000000000000000000000DE
:101F040068370500E4310020E431002000000000BF
:101F140001000000F4310020F43100200000000032
:101F2400703805000000000088380500000000003B
:101F340080370500000000000000000000000000E1
:101F4400000000000000000000000000000000008D
:101F540000000000000000005BEC05000000000031
:101F6400F9960300A1960300E9960300000000001F
:101F7400459D0300DD9C03000000000000000000FC
:101F8400000000000000000000000000000000004D
:101F9400A19D03000000000000000000299E030032
:101FA4000000000000000000F734002000001200D0
:101FB40008350020000008002A3500200000020037
:101FC4003B350020000002004C35002000000200D8
:101FD4005D350020000002006E3500200000020084
:101FE4007F35002000000200903500200000020030
:101FF400A135002000000200B235002000000200DC
:10200400C335002000000200BBFC050000000000F6
:102014009DBD030035BD03008DBD0300000000001D
:10202400A3FE05002E8D0500ABFE0500AFFE0500E6
:10203400737C0500277D05003E730500B4FE050092
:10204400BAFE0500277D0500277D0500277D0500D4
:10205400C0FE0500C6FE0500CCFE0500D2FE05004C
:1020640095E5050099E50500000005000000000065
:10207400000000000000000000000000000000005C
:102084000000000000010101000000000100000048
:10209400000000000000000000000000000000003C
:1020A400000000000000000000000000000000002C
:1020B400000000000000000000000000000000001C
:1020C400000000000000000000000000000000000C
:1020D40000000000040000000100000001000000F6
:1020E400B2070000C4330020C43300200000000005
:1020F40001000000D4330020D4330020000000008D
:1021040000000000000000000000000000000000CB
:1021140000000000000000000000000000000000BB
:1021240000000000000000000000000000000000AB
:10213400000000000000000000000000000000009B
:10214400000000000000000000000000000000008B
:10215400000000000000000000000000000000007B
:102164000000000000000000000000000800000063
:10217400FF00000000000000030000000000000059
:10218400FFFF010064340020643400206C3400201C
:102194006C340020000000005D490400B8340020C5
:1021A400B0340020A834002000000000A034002037
:1021B4001D4B0400694A04009D4A0400E54A0400DA
:1021C4008CCE00203A00003A90CE00203A00003A2B
:1021D40094CE00203A00003A98CE00203A00003A0B
:1021E400E0D30020CC3400208C3400208434002040
:1021F400803400207C340020955804008958040061
:102204007D580400010184AA6074528A8B86D34CE1
:10221400B71D1DDC538D0602EF25FF6AE57EB5B5BB
:10222400274B83B3C3CFFBB2022F9D71467DB7F713
:102234009D074DB0F4E6D40E0C02AD90097B1BC98A
:10224400AF97BB44455DACF1FAE502FAB5B2AA44D6
:102254001141A2BE49BCDDA98DC1180274F9814A9D
:10226400908F8A98044FFE101676C9E502968BE883
:10227400FDC00D0EAA204CD598AE594AA2028EC2BA
:102284004E47F7F555B11845B9539203D70C02D907
:10229400D67610E60786AB6A47A0E101789156022C
:1022A40021C70178E4929FB12547EFAFFE5D5F0E31
:1022B400022C62214B068B81A7F648F45BC240E7EF
:1022C40012021CC54DC9E91C5BAF5A427CEFD2C453
:1022D400C8AD025C23C3B28A3DC1A90042C71C0336
:1022E4009524B3027D662FAD077638A22248817407
:1022F40048857E6E027C018271BD1371A85B461213
:10230400AEBAFD4A8F00000000000000000000008B
:1023140000000000000000000000000000000000B9
:1023240000000000000000000000000000000000A9
:09233400000000000000000000A0
:10234000000000000000000000000000000000008D
:10235000000000000000000000000000000000007D
:10236000000000000000000000000000000000006D
:10237000000000000000000000000000000000005D
:10238000000000000000000000000000000000004D
:10239000000000000000000000000000000000003D
:1023A000000000000000000000000000000000002D
:1023B000000000000000000000000000000000001D
:1023C000000000000000000000000000000000000D
:1023D00000000000000000000000000000000000FD
:1023E00000000000000000000000000000000000ED
:1023F00000000000000000000000000000000000DD
:1024000000000000000000000000000000000000CC
:1024100000000000000000000000000000000000BC
:1024200000000000000000000000000000000000AC
:10243000000000000000000000000000000000009C
:10244000000000000000000000000000000000008C
:10245000000000000000000000000000000000007C
:10246000000000000000000000000000000000006C
:10247000000000000000000000000000000000005C
:10248000000000000000000000000000000000004C
:10249000000000000000000000000000000000003C
:1024A000000000000000000000000000000000002C
:1024B000000000000000000000000000000000001C
:1024C000000000000000000000000000000000000C
:0824D000000000000000000004
:1024DC000000000000000000513F0400000000005C
:1024EC000000000000000000D0370020D037002092
:1024FC00A9D901000000000000000000000000004D
:10250C0000000000000000000000000000000000BF
:10251C00513F04000000000000000000000000001B
:10252C000838002008380020F99D03000000000046
:10253C00000000000000000000000000000000008F
:10254C002838002028380020782D022000000000B8
:10255C00040000002C0000000000000044380020A3
:10256C004438002040A001200000000004000000BE
:10257C00B00000000000000060380020603800202F
:10258C00282E0220000000000A0000001C000000A1
:10259C00000000000000000000A30120002000004B
:1025AC00000000000000000090380020903800204F
:1025BC0000000000000000000E000000A438002005
:1025CC00A438002000000000000000000E000000F5
:1025DC00B8380020B83800200000000000000000CF
:1025EC000E000000CC380020CC3800200000000089
:1025FC00000000000E000000E0380020E038002051
:10260C0000000000000000000E000000F438002064
:10261C00F438002000000000000000000E00000054
:10262C0008390020083900200000000000000000DC
:10263C000E0000001C3900201C3900200000000096
:10264C00000000000E00000030390020303900205E
:10265C0000000000000000000E00000044390020C3
:10266C004439002000000000000000000E000000B3
:10267C0058390020583900200000000000000000EC
:10268C000E0000006C3900206C390020080000009E
:10269C001000000040310220C031022040310220E5
:1026AC0040310220000000009039002090390020B9
:1026BC00000000009C3900209C3900202000000004
:1026CC0010000000402F022040310220402F022039
:1026DC00402F022000000000C0390020C03900202B
:1026EC0000000000CC390020CC3900200000000094
:1026FC0001000000DC390020DC390020E439002026
:10270C00E43900200100000001000000F439002031
:10271C00F4390020FC390020FC39002000000000B6
:10272C00FFFFFFFF0C3A00200C3A0020143A002067
:10273C00143A00200000000001000000243A0020A0
:10274C00243A00202C3A00202C3A002000000000F3
:10275C00010000003C3A00203C3A0020443A0020A2
:10276C00443A0020000000000000000000000000BF
:10277C00583A0020583A0020603A0020603A002075
:10278C000000000000000000703A0020703A0020A9
:10279C00783A0020783A00200A000A001000000065
:1027AC0000000000B04C0500741602200000000070
:1027BC00000000009C3A00209C3A0020A43A002023
:1027CC00A43A00200A000A001000000011CD0200FB
:1027DC00584D0500E82B022000000000000000000E
:1027EC00C83A0020C83A0020D03A0020D03A002045
:1027FC000300030001000000000000006C4B05000A
:10280C00C8FF01200000000000000000F43A002086
:10281C00F43A0020FC3A0020FC3A002004000400AA
:10282C0010000000F5AE0200A04C050004020220CE
:10283C000000000000000000203B0020203B002096
:10284C00283B0020283B0020020002000100000071
:10285C00000000006C4C0500CC01022000000000C0
:10286C00000000004C3B00204C3B0020543B00205F
:10287C00543B00200A000A00060000000000000083
:10288C005C4B0500FCFD0120000000000000000076
:10289C00783B0020783B0020803B0020803B0020D0
:1028AC00040004000800000000000000444A050079
:1028BC00ACE901200000000000000000A43B002057
:1028CC00A43B0020AC3B0020AC3B002001000100ED
:1028DC0001000000000000007C4B050020010220DC
:0428EC0015E015E0FE
:00000001FF
