:10000000409F0020715F0000BF2501005D5F000080
:100010005D5F00005D5F00005D5F000000000000AC
:10002000000000000000000000000000E16000008F
:100030005D5F000000000000896000005D5F00005F
:1000400099620000996200009962000099620000C4
:1000500099620000996200009962000099620000B4
:1000600099620000996200009962000099620000A4
:100070009962000099620000996200009962000094
:100080009962000099620000996200009962000084
:100090009962000099620000996200009962000074
:1000A0009962000099620000996200009962000064
:1000B0009962000099620000996200009962000054
:1000C0009962000099620000996200009962000044
:1000D0009962000099620000996200009962000034
:1000E0009962000099620000996200009962000024
:1000F0009962000099620000996200009962000014
:1001000001F0FF01102A2BDB10F0070F08D010F8C8
:10011000013B013A8B422DD010F0070F42B3F6D1CC
:10012000F0B441EA012141EA014122F007047FF0E5
:1001300000070023F0E80256083C85EA010586EA3C
:10014000010685FA47F5A3FA87F586FA47F6A5FA78
:1001500087F68EB9EED1F0BC01F0FF0102F0070284
:1001600032B110F8013B013A83EA010313B1F8D12F
:100170000020704701387047002D06BF3546033810
:10018000073815F0010F07D1013015F4807F02BF49
:10019000013015F4C03F0130F0BC0138704700BF9A
:1001A00081F0004102E000BF83F0004330B54FEA28
:1001B00041044FEA430594EA050F08BF90EA020F95
:1001C0001FBF54EA000C55EA020C7FEA645C7FEA28
:1001D000655C00F0E2804FEA5454D4EB5555B8BF4B
:1001E0006D420CDD2C4480EA020281EA030382EABC
:1001F000000083EA010180EA020281EA0303362D4E
:1002000088BF30BD11F0004F4FEA01314FF4801C20
:100210004CEA113102D0404261EB410113F0004F32
:100220004FEA03334CEA133302D0524263EB4303E9
:1002300094EA050F00F0A780A4F10104D5F1200E87
:100240000DDB02FA0EFC22FA05F2801841F10001E2
:1002500003FA0EF2801843FA05F359410EE0A5F1B6
:1002600020050EF1200E012A03FA0EFC28BF4CF0E7
:10027000020C43FA05F3C01851EBE37101F000459D
:1002800007D54FF0000EDCF1000C7EEB00006EEBAA
:100290000101B1F5801F1BD3B1F5001F0CD3490834
:1002A0005FEA30004FEA3C0C04F101044FEA44528B
:1002B00012F5800F80F09A80BCF1004F08BF5FEA12
:1002C000500C50F1000041EB045141EA050130BDF2
:1002D0005FEA4C0C404141EB0101013C28BFB1F504
:1002E000801FE9D291F0000F04BF01460020B1FA4F
:1002F00081F308BF2033A3F10B03B3F120020CDA22
:100300000C3208DD02F1140CC2F10C0201FA0CF0FF
:1003100021FA02F10CE002F11402D8BFC2F1200C64
:1003200001FA02F120FA0CFCDCBF41EA0C0190401A
:10033000E41AA2BF01EB0451294330BD6FEA040463
:100340001F3C1CDA0C340EDC04F11404C4F120024E
:1003500020FA04F001FA02F340EA030021FA04F360
:1003600045EA030130BDC4F10C04C4F1200220FAB7
:1003700002F001FA04F340EA0300294630BD21FAF5
:1003800004F0294630BD94F0000F83F4801306BFBB
:1003900081F480110134013D4EE77FEA645C18BFAF
:1003A0007FEA655C29D094EA050F08BF90EA020F46
:1003B00005D054EA000C04BF1946104630BD91EA3E
:1003C000030F1EBF0021002030BD5FEA545C05D141
:1003D0004000494128BF41F0004130BD14F5800480
:1003E0003CBF01F5801130BD01F0004545F0FE41F4
:1003F00041F470014FF0000030BD7FEA645C1ABF29
:10040000194610467FEA655C1CBF0B46024650EA5F
:10041000013406BF52EA033591EA030F41F400218B
:1004200030BD00BF90F0000F04BF0021704730B511
:100430004FF4806404F132044FF000054FF00001E6
:1004400050E700BF90F0000F04BF0021704730B5A7
:100450004FF4806404F1320410F0004548BF40427C
:100460004FF000013EE700BF42004FEAE2014FEAD1
:1004700031014FEA02701FBF12F07F4393F07F4FAC
:1004800081F06051704732F07F4208BF704793F0AF
:100490007F4F04BF41F40021704730B54FF46074C2
:1004A00001F0004521F000411CE700BF50EA0102C5
:1004B00008BF704730B54FF000050AE050EA01026E
:1004C00008BF704730B511F0004502D5404261EBDE
:1004D00041014FF4806404F132045FEA915C3FF41F
:1004E000D8AE4FF003025FEADC0C18BF03325FEABC
:1004F000DC0C18BF033202EBDC02C2F1200300FA6D
:1005000003FC20FA02F001FA03FE40EA0E0021FA91
:1005100002F11444BDE600BF70B54FF0FF0C4CF47F
:10052000E06C1CEA11541DBF1CEA135594EA0C0F31
:1005300095EA0C0F00F0DEF82C4481EA030621EA6C
:100540004C5123EA4C5350EA013518BF52EA0335A7
:1005500041F4801143F4801338D0A0FB02CE4FF059
:100560000005E1FB02E506F00042E0FB03E54FF089
:100570000006E1FB03569CF0000F18BF4EF0010E81
:10058000A4F1FF04B6F5007F64F5407404D25FEA7D
:100590004E0E6D4146EB060642EAC62141EA555130
:1005A0004FEAC52040EA5E504FEACE2EB4F1FD0C72
:1005B00088BFBCF5E06F1ED8BEF1004F08BF5FEAF0
:1005C000500E50F1000041EB045170BD06F00046A2
:1005D00046EA010140EA020081EA0301B4EB5C044F
:1005E000C2BFD4EB0C0541EA045170BD41F4801147
:1005F0004FF0000E013C00F3AB8014F1360FDEBF6C
:10060000002001F0004170BDC4F10004203C35DA47
:100610000C341BDC04F11404C4F1200500FA05F3CA
:1006200020FA04F001FA05F240EA020001F000426B
:1006300021F0004110EBD37021FA04F642EB0601E1
:100640005EEA430E08BF20EAD37070BDC4F10C040B
:10065000C4F1200500FA04F320FA05F001FA04F2CF
:1006600040EA020001F0004110EBD37041F10001BB
:100670005EEA430E08BF20EAD37070BDC4F12005C6
:1006800000FA05F24EEA020E20FA04F301FA05F22E
:1006900043EA020321FA04F001F0004121FA04F2D6
:1006A00020EA020000EBD3705EEA430E08BF20EAA6
:1006B000D37070BD94F0000F0FD101F000464000E0
:1006C00041EB010111F4801F08BF013CF7D041EA62
:1006D000060195F0000F18BF704703F00046520066
:1006E00043EB030313F4801F08BF013DF7D043EA37
:1006F0000603704794EA0C0F0CEA135518BF95EAED
:100700000C0F0CD050EA410618BF52EA4306D1D173
:1007100081EA030101F000414FF0000070BD50EA92
:10072000410606BF1046194652EA430619D094EA1C
:100730000C0F02D150EA013613D195EA0C0F05D106
:1007400052EA03361CBF104619460AD181EA03015A
:1007500001F0004141F0FE4141F470014FF0000012
:1007600070BD41F0FE4141F4780170BD70B54FF0AD
:10077000FF0C4CF4E06C1CEA11541DBF1CEA13552D
:1007800094EA0C0F95EA0C0F00F0A7F8A4EB05040F
:1007900081EA030E52EA03354FEA013100F0888006
:1007A0004FEA03334FF0805545EA131343EA1263CF
:1007B0004FEA022245EA111545EA10654FEA002684
:1007C0000EF000419D4208BF964244F1FD0404F53D
:1007D000407402D25B084FEA3202B61A65EB030599
:1007E0005B084FEA32024FF480104FF4002CB6EB56
:1007F000020E75EB030E22BFB61A754640EA0C00D6
:100800005B084FEA3202B6EB020E75EB030E22BF15
:10081000B61A754640EA5C005B084FEA3202B6EB56
:10082000020E75EB030E22BFB61A754640EA9C0015
:100830005B084FEA3202B6EB020E75EB030E22BFE5
:10084000B61A754640EADC0055EA060E18D04FEAA3
:10085000051545EA16754FEA06164FEAC30343EA43
:1008600052734FEAC2025FEA1C1CC0D111F4801F10
:100870000BD141EA00014FF000004FF0004CB6E709
:1008800011F4801F04BF01430020B4F1FD0C88BFA8
:10089000BCF5E06F3FF6AFAEB5EB030C04BFB6EBB3
:1008A000020C5FEA500C50F1000041EB045170BDA6
:1008B0000EF0004E4EEA113114EB5C04C2BFD4EBD3
:1008C0000C0541EA045170BD41F480114FF0000E57
:1008D000013C90E645EA060E8DE60CEA135594EAD3
:1008E0000C0F08BF95EA0C0F3FF43BAF94EA0C0FD6
:1008F0000AD150EA01347FF434AF95EA0C0F7FF44B
:1009000025AF104619462CE795EA0C0F06D152EA9E
:1009100003353FF4FDAE1046194622E750EA410682
:1009200018BF52EA43067FF4C5AE50EA41047FF493
:100930000DAF52EA43057FF4EBAE12E74FEA4102F6
:1009400012F5001215D211D56FF47873B3EB625221
:1009500012D94FEAC12343F0004343EA505311F048
:10096000004F23FA02F018BF404270474FF00000DA
:10097000704750EA013005D111F0004008BF6FF018
:10098000004070474FF00000704700BF4FEA41023F
:10099000B2F1E04324BFB3F5001CDCF1FE5C0DD9DD
:1009A00001F0004C4FEAC0024CEA5070B2F1004F27
:1009B00040EB830008BF20F00100704711F0804F2A
:1009C00021D113F13872BCBF01F00040704741F4EF
:1009D00080114FEA5252C2F11802C2F1200C10FAF3
:1009E0000CF320FA02F018BF40F001004FEAC123D7
:1009F0004FEAD32303FA0CFC40EA0C0023FA02F37B
:100A00004FEA4303CCE77FEA625307D150EA013350
:100A10001EBF4FF0FE4040F44000704701F0004020
:100A200040F0FE4040F40000704700BF7BB972B94F
:100A30000029BEBF00204FF0004106E008BF00289B
:100A40001CBF6FF000414FF0FF3000F057B8ADF120
:100A5000080C6DE904CE002909DB002B1ADB00F03D
:100A600074F8DDF804E0DDE9022304B07047404289
:100A700061EB4101002B1BDB00F067F8DDF804E0BF
:100A8000DDE9022304B0404261EB4101524263EBD5
:100A900043037047524263EB430300F056F8DDF81E
:100AA00004E0DDE9022304B0404261EB41017047FC
:100AB000524263EB430300F048F8DDF804E0DDE95F
:100AC000022304B0524263EB4303704753B94AB95F
:100AD000002908BF00281CBF4FF0FF314FF0FF3046
:100AE00000F00CB8ADF1080C6DE904CE00F02DF863
:100AF000DDF804E0DDE9022304B07047704700BF71
:100B000010F8012B11F8013B012A28BF9A42F7D0B7
:100B1000D01A7047034613F8012B002AFBD1181A8C
:100B200001387047430803F05533C01A00F03333DF
:100B3000800800F03330184400EB10104FF0013300
:100B400000F00F305843000E70472DE9F0478646FD
:100B50008C460846089E154674461946002B40F000
:100B6000C2808542B2FA82F245D94AB1C2F120036D
:100B700000FA02FC2EFA03F3954043EA0C0C944071
:100B80004FEA154EA8B2BCFBFEF8230C0EFB18CCA6
:100B900008FB00F943EA0C43994528D9EB1808F102
:100BA000FF3704D2994502D9A8F102072B44A3EBE1
:100BB0000903A4B2B3FBFEFC0EFB1C330CFB00F0DC
:100BC00044EA0344A04214D92C190CF1FF3304D297
:100BD000A04202D9ACF102032C44241A43EA074094
:100BE0001EB1D440002334607360BDE8F0874746EF
:100BF000DDE76346F1E792BB431B01214FEA154E47
:100C0000AFB2B3FBFEFC200C0EFB1C330CFB07F851
:100C100040EA0343984562D9EB180CF1FF3004D247
:100C2000984502D9ACF102002B44A3EB0803A4B20F
:100C3000B3FBFEFC0EFB1C330CFB07F744EA03443A
:100C4000A7424ED92C190CF1FF3304D2A74202D986
:100C5000ACF102032C44E41B43EA0040C0E7C2F1BC
:100C6000200320FA03F1954090402EFA03F303434A
:100C70004FEA154EAFB2B1FBFEFC0EFB1C10190C77
:100C80000CFB07F841EA0041884504FA02F422D936
:100C900069180CF1FF3004D2884502D9ACF102008A
:100CA0002944A1EB08019BB2B1FBFEFC0EFB1C1119
:100CB0000CFB07F743EA01439F420ED9EB180CF1F6
:100CC000FF3104D29F4202D9ACF102012B44DB1B5D
:100CD00041EA004192E76046E3E76146F7E7604694
:100CE000A3E76346B7E7834206D916B90021084651
:100CF0007BE7C6E900E0F9E7B3FA83F78FB98342EF
:100D000001D3724508D8BEEB020460EB0303012057
:100D10009C461EB9002168E73846FAE7C6E9004C50
:100D2000F8E7C7F1200CBB4022FA0CF41C432EFA62
:100D30000CF120FA0CF3B84001434FEA14490EFAC3
:100D400007F5B3FBF9F81FFA84FE09FB18300B0C0A
:100D500008FB0EFA43EA00439A4502FA07F240D92B
:100D6000E31808F1FF3004D29A4502D9A8F1020035
:100D70002344A3EB0A0389B2B3FBF9F809FB183348
:100D800008FB0EFE41EA03418E452CD9611808F19B
:100D9000FF3304D28E4502D9A8F10203214443EA6D
:100DA0000040A0FB0298A1EB0E014145CE46434610
:100DB00002D306D14D4504D2B9EB020E68EB040311
:100DC0000138002EA6D0B5EB0E0261EB030101FA4B
:100DD0000CFC22FA07F34CEA0303F940C6E90031A0
:100DE00098E74046C5E74346D9E700000000000009
:100DF0002DE9F047064688B00F46904613F07DFF78
:100E00004FF47A73A0FB034503FB0155E40B012F5C
:100E100044EA45444FEAD53507D1294922462B46B5
:100E2000304611F050F9002012E0D8F8047025483F
:100E30003946FFF765FE70B123483946FFF760FE7B
:100E400048B1304621493A4611F059F96FF0040093
:100E500008B0BDE8F0872046294617A3D3E9002350
:100E6000FFF7E4FD05460C4610461946184A0023D4
:100E7000FFF7DCFD80460F46104619464EF660220D
:100E80000023FFF7D3FD82468946104619464FF4EA
:100E90007A720023FFF7CAFDCDE902A9CDE9062346
:100EA000CDE90401CDE900870A492A4623463046A8
:100EB00011F009F9B7E700BF005C2605000000004B
:100EC000816C0100926C0100956C01009E6C010028
:100ED00080EE3600B66C01002DE9F04F87B0054674
:100EE000039117461E46836804AA5B68984700284A
:100EF00031DBDDE9044AA7FB04B307FB0A37584698
:100F000019A3D3E900233946FFF7E0FDDFF860803D
:100F100002904FF0FF39D94578EB07031ED3A6FBAB
:100F200004B406FB0A4410A3D3E900232146584623
:100F3000FFF7CCFDD94578EB040403460ED30299A4
:100F4000AA6899420DD3BDF8401000911468284654
:100F5000DDE90221A04707B0BDE8F08F6FF0850002
:100F6000F9E76FF01500F6E700CA9A3B00000000B1
:100F7000FFC99A3B00000000032973B505461446DB
:100F800071D8002A40D0072A5CD15A681C683A48B8
:100F9000D1171346C4FB0031012B71F1000225DB90
:100FA00000F56E1000F65D70181831A3D3E9002328
:100FB00041F10001FFF73AFD80B202281ED004285B
:100FC0001ED008281ED0102833D103232B492A69AC
:100FD00051F823101161526814691B01302223213A
:100FE0002846A44602B0BDE870406047244818185F
:100FF00061F100011EA3D3E90023DBE70023E5E74D
:101000000123E3E70223E1E71A881E4B33F8021BB2
:101010008A420BD12E6973680DF107029B6820216B
:1010200028469847002807DA02B070BD01340B2C1F
:10103000ECD16FF01500F7E79DF80720130704D4F3
:10104000082C05D16FF08500EEE70A2C08BF0924B3
:10105000736802F00F0242EA0412DB68D2B2202168
:1010600028469847E0E702B0BDE8704007F064BC4E
:101070003AA395000000000040420F0084060020C3
:10108000632EB5FF546601002DE9F04383B0054699
:1010900000AF4FF0FF324FF0FF333B480EF0A8F89F
:1010A0003A4E304613F05EFB0346D8B93848026822
:1010B00051070ED06C4688B06A46364951613649B0
:1010C0009161032142F8101F4FF4C25102F072FBEC
:1010D000A5460BF0D7FC6FF0120420460C37BD4636
:1010E000BDE8F083D6F808804321D8F80C303046AC
:1010F00098470446B8B1264803685A0710D06D4691
:1011000088B06A46254B5361234BC2E90634042359
:1011100042F8103F00234FF4015102F04BFBAD4663
:101120000BF0B0FCD9E70D21D8F810303A46304624
:101130009847044640B1164803685B07F0D06D46F7
:1011400088B06A46164BDEE7002DE9D07868FFF7D5
:1011500079F90BA3D3E90023FFF708FB8046386831
:101160008946FFF76FF902460B4640464946FFF7AE
:101170001DF8FFF70BFC2860D2E700BFAFF300803B
:101180000000000080842E41200800203858010013
:1011900094090020956601009F9B0100469B010079
:1011A000709B01002DE9F04FABB000AFC7E90521FE
:1011B0003B6100238246FB61394813F0D3FA68BBD8
:1011C000384803685E070ED06C4688B06A46364BD6
:1011D0005361364B9361032342F8103F4FF4C251E1
:1011E0000FF0B8FFA5466FF012042E4803685B07A6
:1011F0000FD06D4688B06A462D4B53612D4BC2E926
:101200000634042342F8103F4FF401510FF0A2FFBF
:10121000AD462046AC37BD46BDE8F08FB9692048E1
:1012200001220FF088FF044640B11E4803685907A9
:101230002FD06D4688B06A461F4B1EE042F26760B1
:10124000002113F095FC164B07F128099B68FB6001
:101250002546A346A0464E46FB68B9695B68104820
:1012600007F124029847044650B30E4803685D070F
:101270000FD06D4688B06A46104B53610B4BC2E9E4
:101280000634042342F8103F4FF401510FF062FF7F
:10129000AD460022114602480FF04DFFA5E700BF02
:1012A00078580100C8090020956601002C690100EA
:1012B000A067010038690100AA660100D16601003B
:1012C0007B6A49F8043B5A1908F101084BEBE373B8
:1012D000B8F1200FBA607B6015469B46BCD1024630
:1012E000B96995480FF027FF044600289DD1DFF823
:1012F0004CB2DFF84C820546DBF8003003F0070300
:10130000022B17D9E9468CB056F825306A468D492C
:10131000C2F81480C2E9085340F2013313858A4BA6
:10132000C2E9061A584642F8103F4FF453510FF0E5
:1013300011FFCD460135202DDED1844B04222946F4
:10134000304613F03CFE00231A46082156F82100CF
:101350000131C31842EBE0721829F7D1002A02DAF2
:101360000F3342F100021B0943EA0273FB607B6901
:10137000FA68DFF8C8B11A60DBF800305A0740F1AC
:1013800083806D468AB0BB6A6A466E4E7049DFF84C
:10139000C481516140F201391362C2E9066AA2F8C0
:1013A00024904FF4345142F8108F58460FF0D2FE7B
:1013B000DBF800305B07AD4666D58AB0D7F8A430BD
:1013C0006A466549A2F82490C2E90516C2E907A356
:1013D000584642F8108F4FF434510FF0BBFEDBF843
:1013E00000305807AD464FD58AB06A465B4BC2F80D
:1013F0001CA0C2E90536D7E90113002902DA1F3320
:1014000041F10001DFF834B1524E5B0943EAC16398
:1014100040F201381362A2F824804FF4345142F8AC
:10142000106F58460FF096FEDBF800305907AD46B6
:101430002AD58AB0BB6E6A46DFF8089148495161E7
:101440001362C2E9069AA2F824804FF4345142F89C
:10145000106F58460FF07EFEDBF800305A07AD469D
:1014600012D58AB06A463F4BC2F81CA0C2E90539C2
:10147000FB681362A2F824804FF4345142F8106FD5
:1014800058460FF067FEAD463B6919687B696FF0FF
:10149000004291421B682FD099420A46A8BF1A46C3
:1014A0009942ACBFC2EB0102C2EB0302632A23DD07
:1014B0003A691360FB690133052BFB611CD01F489F
:1014C000036803F00703022B7FF676AE6C468AB002
:1014D0006A46254B5361254BC2E9063AFB69136204
:1014E00040F2013393841B4B42F8103F4FF43351C9
:1014F0000FF030FEA5465FE67B693A691B68136012
:10150000FB69052B7FF485AE0C48036813F0060FCA
:101510003FF47FAE6D468AB06A46154B5361134B5C
:10152000C2E9063A40F201331384124B42F8103FED
:101530004FF412516AE600BF78580100C809002034
:10154000F66601002C690100060000013D11010052
:101550001467010005000001306701004C670100BD
:1015600068670100836701006A660100386901004D
:10157000C2670100040000012DE9F04FB04C85B0B6
:10158000236803F00703022B00AF0FD96D4688B024
:101590006A46AC4B5361AC4B9361032342F8103F56
:1015A0004FF4C65120460FF0D5FDAD46DFF89C82C2
:1015B000A74D0026236803F00703022B26D9E9462E
:1015C00088B06A460323DFF880A2C2F81480C2F80C
:1015D00018A09B4842F8103F4FF4C6510FF0BAFDD7
:1015E000236803F00703022BCD460FD988B00136DC
:1015F0006A46984BD661C2E9053A042342F8103F87
:101600008F484FF403510FF0A5FDCD46381DFFF76D
:101610003BFD2368C0B1590710D0E94688B06A463F
:101620008D4B5361884BC2E90630042342F8103FCA
:101630004FF4015182480FF08DFDCD4600214FF44B
:10164000803013F095FAB5E703F00703022B14D9A5
:101650007868FEF709FFE9468AB06A467F4B536116
:10166000794B93610623C2E9080142F8103F7448A0
:101670004FF443510FF06EFDCD46AB68D3F80890A0
:101680001B68B9F1000F40F0C880002B40F0CB8000
:10169000002140F6CD4013F06BFAAA68D2E901238D
:1016A000002B40F0C480002A40F0C6806FF0004359
:1016B000C7E902336A486B4B07F108020021FFF7C4
:1016C00071FDB0B123685A0710D0E94688B06A4668
:1016D000654B5361654BC2E90630042342F8103F65
:1016E00057484FF401510FF035FDCD466FF00043E0
:1016F000BB605F4B5F4807F10C020121FFF752FD11
:10170000B0B123685B0710D0E94688B06A465A4BEF
:101710005361564BC2E90630042342F8103F484853
:101720004FF401510FF016FDCD466FF00043FB6002
:10173000B96823686FF00042914203F0070300F09C
:10174000A780022B10D9E94688B06A464B4B5361FB
:10175000464BC2E90631042342F8103F4FF40351CF
:1017600037480FF0F7FCCD46F96823686FF0004268
:10177000914203F0070300F09B80022B3AD9E9461F
:1017800088B06A463E4B5361384BC2E906310423A8
:1017900042F8103F4FF4035129480FF0DBFC236857
:1017A00003F00703022BCD4624D9E94688B06A46E8
:1017B000344BDFF8B8B053614FF0030AC2F818B0E9
:1017C0001F4842F810AF4FF4C6510FF0C3FC236816
:1017D00003F00703022BCD460CD988B06A462A4B8A
:1017E0001748C2E9053B4FF4C65142F810AF0FF05D
:1017F000B1FCCD46236803F00703022B7FF61EAF32
:10180000E94688B06A46214B53610F4B936103232D
:1018100042F8103F4FF4C6510CE723B96422194631
:101820002846C84734E700212846984730E71AB9C8
:1018300011462846984739E700212846904735E762
:10184000C8090020E76701004E6901000C6801002B
:10185000B8570100166801002A6801004F680100AE
:1018600067680100B40400206A680100466901004D
:10187000B00400209368010096680100BF68010071
:10188000DE680100FD6801000D6901001D690100AD
:10189000022B7FF669AFE94688B06A460C4B53616C
:1018A0000C4B9361032342F8103F4FF4C65157E7A6
:1018B000022B9FD9E94688B06A46074B5361054B16
:1018C0009361032342F8103F4FF4C65164E700BF11
:1018D000CE68010046690100ED6801002DE9F04F76
:1018E00091B08407009302F004030293C2F3C20391
:1018F00003F10103DDF86880039205460E46059367
:1019000040F0BA81041D30B1072909D86FF01B00DF
:1019100011B0BDE8F08F01F007063444C6F10806A7
:10192000009B4FF00009591E4FF0040A4FF0FF339F
:101930000193CDF810904F46CB4653460DB1009A17
:1019400022600598002800F3E8809848009A8242B7
:1019500003D397488242C0F0E080039AA4EB050EBF
:1019600092074FEA9E0000F103810F2F00F2B18031
:10197000002D00F0058107F140020DEB020C019AE9
:101980000CF8200C0CF8102C049801300490E7E0BF
:101990007A285DD84B280ED8472859D829282DD821
:1019A000252852D054D820287AD02338D0F1000BE3
:1019B0004BEB000B74E04C382E2849D8DFE800F0E0
:1019C0007048484848484848484848484B4848486C
:1019D000484848484859484B4B595959704B6D48ED
:1019E0007048184B184848827F4B48484B487F0046
:1019F00000204FF0000B4FF0040A38E02A38C0B244
:101A0000012202FA00F010EA0E0F49D110F0625CD8
:101A10002FD110EA020B43D06046013C5444B4FB82
:101A2000FAF40AFB04F4002D61D0A3EB050CA444E6
:101A3000B4453FF66BAF002868D1042B47D158F866
:101A4000043B2360043404232AE0019A013A019202
:101A50004FF0000B24E011F8010C6C2834D111F880
:101A6000023C00206C2B8346C5D14FF0080A534638
:101A7000D3E708F1070828F007080734F8E802ABB5
:101A800024F0070435B106982044B0423FF63EAF3B
:101A9000C4E900AB08344FF0000B4FF0080A53467E
:101AA00011F8010F002878D0BBF1000F7FF470AF60
:101AB0002528F5D1019B013301934FF0010B4FF025
:101AC000040AECE7584694E700208346A5E7082B74
:101AD00002D06FF015001BE708F1070828F007088F
:101AE000F8E80223C4E9002308340823D8E768B9DA
:101AF000042B02D108F10408A4E7082BE9D108F16E
:101B0000070828F0070808F10808EDE7059A013AE8
:101B1000059258F8042B009210E7039A900720D5FD
:101B2000A4EB050E4FEA9E004FF0010CBEF5007FBE
:101B3000CFD20F2FCDD8F5B107F140020DEB020E39
:101B4000C0B2019A0EF8200C0EF8102CBCF1000F58
:101B50003FF41AAF60F07F000EF8200C09F1010984
:101B60000137C5F10802043406924FF6DA7E97E792
:101B70004FF0000CDAE7BCF1000F01D00136EFE7BF
:101B8000029802360028EBD10098CDE90631FEF725
:101B9000C1FFDDE906310644E2E7631BB3F5806F60
:101BA00097D23DB9A6F10804E018B1E6F05401005F
:101BB000009F0100029A28609B082B709DF810304E
:101BC000C2B1EB7085F80290B9F1000F05D008A8FA
:101BD0000022C5F1010C97420ED1C5F101030DF1B0
:101BE00020084FF0000A01930DF1300B574512D138
:101BF000601B8DE66B70E5E710F8013B190608D510
:101C00000CEB040EB64503F07F033FF67FAE04F8FD
:101C1000013B0132DFE7B9F1000F03D098F9002052
:101C2000002A17DB029BD3B11AF80B2004F8012B12
:101C30000022019B18191044B0423FF667AE98F895
:101C4000000004F8010B00990392204613F04EF9AE
:101C5000039A14440AF1010A08F10108C6E798F84A
:101C6000002055F822300093029B45F8223000985E
:101C7000FEF750FF421CDCE76FF00D0048E600BFA6
:101C80002DE9F04F97B000AF90F802A0D7F880B0E0
:101C90003B62CBF3C0030446FA62BB61894641B99B
:101CA000457800780AEB800020444D4517D8A0EB1A
:101CB0000409E378FB61BAF1000F02D01BF0010FB9
:101CC00016D1FB6953BBFB6A1BB13A6A49462046F1
:101CD00098474D4628465C37BD46BDE8F08F461C08
:101CE0003046FEF717FF0130304409F10109DCE707
:101CF000237862687A62FA6A9900796104EB830159
:101D0000002A40F006814D460E4601EB0A094FF0CD
:101D10000008B14552D101EB0A0610E01BF0020F9A
:101D2000D1D023789A007A6162687A62FA6A04EB09
:101D30008301002A7DD14D4601EB0A0690461BF037
:101D4000050F0CBF02230123FB62FB6906EB430A6C
:101D50000BF00203BB625645BCD016F8021B16F806
:101D6000013C54F823909C4B994502D39B4B9945D9
:101D70003CD3BB69002B46D0786A0FF000FB0028EB
:101D800041D09748036813F0060F15D0E9468AB092
:101D90006A46944B5361944B93617B6AC2E9073165
:101DA00040F201339384914B42F8103F00234FF4EB
:101DB000325101F0FFFCCD46023DCCE716F8013B65
:101DC000F96254F82300FEF7A5FED7F88430F96ACB
:101DD00001304BB1D7F8883098453EBFD7F88430F2
:101DE00023F8180008F10108054492E7BB6923B104
:101DF000786A0FF0C4FA0028C3D11BF0010F05D197
:101E0000FB6AED1AA7E7BB6A002BA4D04846FEF791
:101E100081FED7F8843053B1D7F8883098453FBF5A
:101E2000D7F88420431C22F8183008F10108054433
:101E300091E7BAF1000F72D01BF0040872D0D046BF
:101E400007F14800002652463B61B96213F04EF894
:101E5000B96A3B6901EB0A02BA62FA69F969520090
:101E6000FA60BA6A02EB41023A610BF00202BA6010
:101E70003A69B96A8A4257D162787A621BF0020FD6
:101E800032440CBF4FEA580100211BF0010FD2B2BF
:101E900040F09F801BF0040F14BF40460020BB6140
:101EA0006270A070E1703A6A7969FB6A20469847CF
:101EB000051EFFF60FAFBB6923707B6A6370FB6979
:101EC000E37041463A6AFB6A84F802A007F14800D1
:101ED0009847B0F10008C0F2BD807B693A6AA9EB6F
:101EE0000A01C91AFB68C91AD7E90A0398470028EA
:101EF000C0F2B280A84408EB00054FF0000B07F1D8
:101F0000380AB34574D300213A6AFB6A08469847F9
:101F1000E0E6564607F138004FF0000893E7D04658
:101F2000564697E7464695E7BA6A12F8021BBA6228
:101F300012F8015C284A54F82500904202D3274A3F
:101F400090421ED3BA6932B1786A7B600FF017FAFB
:101F50007B6800288CD1BA6802BB08F1280207F11F
:101F6000300C08F10100944407F1580252FA80F055
:101F700008F102080CF8101C5FFA88F800F8105CF1
:101F800076E7BA693AB1786A7B600FF0F8F97B6856
:101F900000287FF46DAF1BF0010F09D006F1280275
:101FA00007F13000711C161806F8205CCEB25FE70E
:101FB0001BF0040F3FF45CAF08F1280207F130007A
:101FC00008F1010102EB000808F8105C5FFA81F8E3
:101FD0004EE7002063E700BFF0540100009F0100BE
:101FE0007809002058690100FF690100050000011F
:101FF0001BF80A3087F8373054F82390D7F884302C
:102000002BB3D7F888309B4521D2D7F8843033F8EA
:102010001B803A6AFB6A012107F1370098470028C4
:102020001ADB0544B8F1000F06D14846FEF772FDF1
:1020300000F101081FFA88F83A6AFB6A41464846EF
:102040009847002808DB05440BF1010B59E74FF0D6
:102050000008DEE745463DE605463BE6014B1860D5
:10206000704700BFB804002030B587B00025CDE927
:1020700003010446009503A90548059500F06EF894
:10208000DDE904309842B8BF255407B030BD00BF29
:10209000CD130100F0B5094E016802460A27002061
:1020A0000B4601311C78355D6D0701D41360F0BD1E
:1020B00007FB0043A3F13000F2E700BFCC9D010015
:1020C0002DE9F84F15469A46D378234A12F803B003
:1020D0006F2B81460F460BF0030B2BD026D8582BC5
:1020E0000CBF10260A26DDF8288032460023484619
:1020F0003946FEF7EBFC092A08F1FF38D4B21ED8A6
:102100003034B145E4B277F1000788F8004001D3DC
:10211000D04511D82B789B0605D5082E15D1AB7864
:1021200043F00803AB704046BDE8F88F03F0F703B7
:10213000702BD5E70826D6E781460F46D5E7BBF1D9
:10214000010F0CBF37345734DBE7102EEBD1AB78DF
:1021500043F01003E6E700BFCC9D01002DE9F04FEE
:102160009FB08246039117461C460025387810B967
:10217000284600F0A0BD252809D00399D0470028A3
:10218000C0F299857B1C01350593059FEEE7182267
:10219000002110A812F0D2FE7B78252B00F0BA8027
:1021A0000023791C98469E469C4618460E4611F818
:1021B000012B2B2A00F0E18000F2D880202A00F0C9
:1021C000DF80232A00F0DF802BB19DF8483043F0F8
:1021D00040038DF84830B8F1000F05D09DF8483025
:1021E00043F020038DF84830BEF1000F05D09DF874
:1021F000483043F010038DF84830BCF1000F05D093
:102200009DF8483043F008038DF8483028B19DF818
:10221000483043F004038DF848309DF8483003F00F
:102220004401442903D16FF386138DF848309DF89B
:1022300048300E9643F080032A2A8DF8483040F04B
:10224000A7809DF8493043F001038DF84930731C95
:102250001A782E2A9DF849200CBF0121002161F334
:1022600041028DF849200CD15A1C0E925A782A2A24
:1022700040F09E809DF8492042F004028DF84920EC
:1022800002331A786C2A00F0BF8000F2A180682A1D
:1022900000F0A7806A2A00F0C0804C2A00F0C580B8
:1022A00013F8012B0593782A8DF84B2000F2058155
:1022B0006D2A00F2C780692A00F2FF80572A00F2D7
:1022C000DE80412A04D0A2F14503022B00F2F58002
:1022D0009DF84A3002F0DF020421A2F1410661F3C9
:1022E000020372429DF849108DF84A30724162F340
:1022F000C7110A068DF84910CBB200F11D8103F019
:102300007802182A40F007816FF3C6038DF8493030
:102310000023F6E08DF84B30BB1C05939DF8492057
:102320009DF84A30D10703F0070040F1078154F8C7
:10233000041B0491002908DA9DF8481041F00401BB
:102340008DF84810049949420491560740F1FE80E7
:1023500054F8046B002E80F2FD809DF849206FF345
:1023600041028DF849204FF0FF36F3E02D2A0DD0C1
:10237000302A7FF429AF012318E74FF0010C15E74D
:102380004FF0010E12E74FF001080FE701200DE7B3
:102390000EA8FFF77FFE0E9BB3423FF459AF9DF8A6
:1023A00048201390C00F60F341028DF848204FE79A
:1023B0000EA8FFF76FFE9DF848301490C3F340025B
:1023C00042EAD07262F341038DF848300E9B58E721
:1023D000742A26D07A2A7FF463AF9DF8492006211B
:1023E0000CE05A78682A9DF8492006D1012161F352
:1023F000C6028DF84920023352E7022161F3C6027A
:102400008DF8492001334BE75A786C2A9DF8492012
:1024100001D10421EBE70321F0E79DF849200521D4
:10242000ECE79DF849200721E8E7BDF8482022F4B1
:10243000F04222F0020242F4804242F00202ADF881
:102440004820DFE76E3AD3B201229A4040F282433D
:102450001A429DF8493037D112F0240F5FD1D107CD
:102460002BD59DF84A2003F07803A3F14000032107
:1024700061F3020243428DF84A20434141E0A2F158
:102480005801C9B2012000FA01F111F4624F7FF442
:102490001FAF40F6010319429DF849301AD111F4DB
:1024A000043F0AD09DF84A2060F3020203F078034B
:1024B000402B8DF84A207FF42BAF9DF8483043F035
:1024C00001038DF8483023E79DF84A20022161F38B
:1024D0000202EBE79DF84A10022003F0780360F354
:1024E0000201402B8DF84A1002BF9DF8481041F0C0
:1024F00001018DF84810632A7FF40AAF003B18BF32
:1025000001239DF84820C2F340010B4363F34102CD
:102510008DF8482002E713F0380FCED1F8E69DF889
:102520004A20032113F0780F61F302028DF84A204C
:1025300014BF01230023E4E70123E2E79DF94810DB
:102540000029B4BF13994FF0FF31FDE691077FF5E5
:102550000AAF149E9DF8491000220428CDE91322E9
:1025600007D18A0705D49DF94920002AACBF062669
:102570000D2603F00703012BC1F3C30132D1CB1E9B
:10258000042B04D8DFE803F0204545202000236811
:1025900001294FEAE372CDE910321BD19DF9403099
:1025A000DA17CDE9103204349DF8483006939B07C2
:1025B0004FD0059B03993A4650460EF06EFF002817
:1025C000C0F279830544E0E554F8043BDA17CDE91D
:1025D0001032E9E70229E6D11AB243F3C033CDE95C
:1025E0001023E0E7022B24D1CB1E042B04D8DFE814
:1025F00003F0181010181800012954F8043B4FF08C
:10260000000214D00229CDE91032CDD19BB2109333
:10261000CAE7073424F00704F4E80223CDE91023C5
:10262000C2E754F8043B109300231193BCE7DBB2DC
:10263000CDE7042B08D1073424F00704D4E90023A4
:102640000834CDE91023AFE7032BADD154F8043B98
:10265000DDE79DF84B80B8F1780F3FF696ADB8F105
:10266000570F5CD8B8F1250F00F0A480B8F1240F03
:102670007FF68BADB8F1410F04D0A8F14503022BD2
:102680003FF683ADDDE91023002BC0F24D810699A2
:10269000080700F14C81C1F300194FEA4919C3F34F
:1026A0000A51C3F31303002940F0448152EA0300A6
:1026B00014BF4FF0010C4FF0000CD80240EA52500A
:1026C000D702CDE90C70B8F1460F47EA010740EA9E
:1026D000E17008BF4FF06608384300F0B881BCF1E4
:1026E000000F10D01B0343EA125317033A46184653
:1026F0004FF0000C002880F25681BCF1000F40F032
:102700005981CDE90C730D9B43F00043A1F2FE3BD0
:102710000D930021DDE90C230F46052060E1A8F1AF
:102720005803202B3FF631AD01A252F823F000BF31
:10273000FB2800008B2100008B2100008B21000072
:102740008B2100008B2100008B2100008B210000D9
:102750008B210000852600008B210000A7280000A7
:10276000BB28000085260000852600008526000085
:102770008B210000BB2800008B2100008B21000072
:102780008B2100008B21000001290000FB280000A4
:102790004B2800008B2100008B210000C527000082
:1027A0008B210000FB2800008B2100008B21000002
:1027B000FB28000003994046D0470028C0F27B82E6
:1027C0000135E2E4002E109F3BDB3146384612F023
:1027D00052FD002F3FF4D9AC3E18F31B4FF0000917
:1027E0009DF84A2012F01001069100F05982023340
:1027F00012F04002DDF84C80089218BF149ACDF810
:102800001C80434418BF9B18049A002A40F363823B
:10281000D31A9DF8482004935007C2F3800B00F1AF
:102820005A82510640F14A82B9F1000F07D003994C
:102830004846D0470028C0F23E820135D9463022B2
:102840003DE23846FEF766F9C6E71098002800F02A
:1028500022820DF17503009312AA17AB0021FFF736
:102860002FFCBDF84A3003F0EF0343F4F04343F08C
:1028700010030746ADF84A304FF00009002E0CDB7C
:102880009DF848200DF17503DB1B6FF386129E4205
:102890008DF8482001D9F31A1393002F3FF475AC3B
:1028A0000DF175066DE0109B8DF85C304FF000095E
:1028B0000DF15D0617AF012392E7069B1F0758BF76
:1028C000C3F30019DDE9102354BF4FEA49194FF053
:1028D0002B09002B06DA524263EB4303CDE91023A8
:1028E0004FF02D090DF175030093DDE9100117ABD1
:1028F00012AAFFF7E5FB0746C0E74FF00009F1E732
:10290000109B07293FF641ACDFE801F00C04060CF0
:1029100008080C0C1D7038E41D8036E4EA17C3E982
:10292000005232E41D6030E44FF02D09B7E64FF05D
:102930002B09B4E640F2FF70814231D108F1010861
:10294000A1495FFA88F8134311F8081001F0030158
:102950001ED101290BBF492369234E216E210CBFD3
:10296000462266228DF85C309DF848308DF85D1067
:102970006FF386138DF85E208DF848300DF15F06F9
:1029800017AFF31BB9F1000F3FF42AAF013327E76C
:10299000012915BF6E234E23612141211A46E1E72B
:1029A0004FF0000C89E6921801F1FF3140414FF0E1
:1029B000010C9FE6CDE90C20A5E6520842EAC3725D
:1029C0005B08B3F1333F59460BF1010BF5D200FB25
:1029D00003FCA2FB002301F1020B6344013F012130
:1029E0001BF1020FE9DB09B1CDE90C23BBF1000FAC
:1029F000DDE90C322EDCCBF10401A1F120000BF15A
:102A00001C0B02FA0BFB22FA00F0CA40CB400792E3
:102A100008F0DF0243EA0B03472A43EA00037ED1B2
:102A2000F91C01DBBE422BDAA8F10208002E5FFA86
:102A300088F87DDD9DF84820920606F1FF3677D4B0
:102A4000B6F1000B18BF4FF0010B721C27E04FF0DE
:102A5000000B5EE6023342F100020CA8CDE90C3215
:102A60000EF0ECFCDDE90C320BF1FF3B0137DB181B
:102A70005241002A0BF1FF3BF9DACDE90C32B5E700
:102A80009DF848209006A6EB07064ED4B6F1000B41
:102A900018BF4FF0010BF2194FF066084BD4102A03
:102AA000A8BF102210200B904FF000610020CDE94C
:102AB0000E01DDE90E01002A3FD1079A1B1842EBF7
:102AC0000101B1F1805F47D2CDE90C31069BB8F12D
:102AD000660F03F0200240F0BE80002F47DC302359
:102AE0008DF85C30002A71D1002E40F3B7812E237F
:102AF0008DF85D3087B17B42B342A8BF33469DF865
:102B00004A201393002BA6EB0306D4BF0023012316
:102B100063F345128DF84A200DF15E0340E0B8F1F1
:102B2000660F4FF0000BB6D08FE74FF0000BB2E707
:102B30004FF0000B89E70022B4E7400840EAC1707B
:102B40004908CDE90E010EA8CDE908230EF076FC68
:102B5000089A099B013AACE75B0843EAC1730CA8E9
:102B60004908CDE90C3101370EF068FCAEE717AB30
:102B70000B9900290BDD0BA90CA8CDE906320EF04C
:102B800075FC069B079A03F8010B013FF0D11397E0
:102B9000AAB9002E40F360812E2103F8011B002703
:102BA000002E1CDD0B9A002A19DD0BA90CA8069338
:102BB0000EF05CFC069B013E03F8010BF0E72E22B1
:102BC00003F8012BEBE700BFCB9D01002E238DF80E
:102BD0005D30002FA0D0002E8DDC0DF15E03BBF127
:102BE000000F4CD114961E4608F0DF03452B21D16F
:102BF000002FBABF7F422D232B23632FC8BF64222F
:102C00007370C2BFB7FBF2F303F1300102FB13771D
:102C10004FF00A0286F80080CABFB1700236033650
:102C2000B7FBF2F303F1300102FB13733033317061
:102C300073700236139B002B2BDC149B002BD4BF2C
:102C4000002301239DF84A2063F3861200238DF8A8
:102C50004A20337094E60BA90CA806920EF006FCED
:102C6000069A8DF85C00302818BF07F1FF3712B9BB
:102C7000002E40F3F3802E238DF85D304CE71E4686
:102C8000013B16F8012C302AF9D02E2A08BF1E4627
:102C9000AAE70123D6E7734E8146771F05239FE5F8
:102CA000110748BF0133A3E5104609920399D047A5
:102CB0000028099A05DA1FB0BDE8F08F2022DDF860
:102CC00010B0594600290BF1FF3BEDDC049BCDF819
:102CD00010B02B445D1AB9F1000F05D00399484696
:102CE000D0470028E7DB0135089B002B79D09DF900
:102CF0004930002B29DBDFF870913B46187819F832
:102D0000002052079B4603F101033FD49DF84A304F
:102D1000EF1B98065F4407D44246002A08F1FF38AB
:102D20003BDC079B3B449F1A9BF800002E280AD1EE
:102D30000399D0470028BEDBB8F1000F07F1010767
:102D400031DC0BF1010B5D4638E0B94699F8000023
:102D50007028C84609F1010913D1EF1B149D47449F
:102D60003D44EB1B002B34DC03993346424650466E
:102D70000EF093FB00289EDB3844049E0546064473
:102D800065E00399D0470028E0DA94E706930399B9
:102D9000D0470028069BB1DA8DE703993020D04751
:102DA0000028B9DA87E703993020D04708F1FF38C7
:102DB000C0E70399D0470028FFF67DAF287819F8BF
:102DC00000305907A84605F10105F2D4A7EB0B071F
:102DD000C4E703993020D0470028FFF66CAF0137D5
:102DE000BFE79DF84A30DA0601D41B0706D50399E0
:102DF0003020D0470028FFF65EAF0135069B3BB17F
:102E000003999DF84B00D0470028FFF654AF0135D9
:102E1000A84406E003993020D0470028FFF64BAFC6
:102E20000135A8EB0503002BF4DC039933463A4641
:102E300050460EF032FB0028FFF63DAF28449CE7D9
:102E400003992020D0470028FFF635AF0135731BCA
:102E5000002BF5DCFFF799B91746C0E60DF15D03CD
:102E6000BDE600BF2E6A0100CC9D010008B50446F6
:102E7000EFF31183202383F31288BFF36F8F06F0E3
:102E8000EBFF204603F006FC02480EF0B3FA0FF009
:102E9000AEFBFCE72F6A01002DE9F047058B0446E5
:102EA0002807904611D4022905F0070540F0CC8090
:102EB00020460EF087FD78B10138218B042811D807
:102EC000DFE800F0C2106D85950001290CBF45F0C8
:102ED000100545F02005258388F31188BFF36F8F17
:102EE000BDE8F08701F0070AAA4500F0A580002799
:102EF000B9463E46A368002B00F0BC8041F00801B3
:102F0000218388F31188BFF36F8FA168002900F037
:102F1000BA800D68002900F0B680D1F804803346ED
:102F200052462046C047002D76D02B6829461D46C4
:102F3000F0E701F007035A1F012A1BD8002221F0F5
:102F40000701062B276889B2C4E9002209D13B4654
:102F500003E0628B013262831B68002BF9D141F0E0
:102F60000201218320460EF02DFD00287AD041F089
:102F7000200176E0042B0AD121F0070189B22183D8
:102F800020460EF01FFD10B141F020012183218B5E
:102F900001F0070AAA454FD00027B946AAE72369DE
:102FA00021F0070141F00601062DD3F8009021839E
:102FB0002DD1B9F1000F3FD041F00801218388F3F2
:102FC0001188BFF36F8F3A492046C84729E021F0A6
:102FD0000701236941F0040189B2042DD3F804905C
:102FE0002183E6D000273E464FF0040A82E721F015
:102FF0000701236941F0050189B2052DD3F8089036
:103000002183D6D000273E464FF0050A72E70027FD
:103010003E464FF0060A6DE72B4687E7B9F1000FF1
:10302000D1D1EFF31188202383F31288BFF36F8F80
:10303000238B23F008032383258BEA062ED525F066
:103040001003238305F007056669218B002EBFF668
:1030500070AF00232768C4E9003321F0070141F075
:1030600001012183218B01F0070AAA454FF00009D5
:103070007FF440AF002F9CD041F00801218388F3FA
:103080001188BFF36F8F002FC8D03D683946334693
:10309000524620460EF0C2FC2F46F4E7AB067FF501
:1030A0001BAF25F02003238305F0070500E700BFD1
:1030B000491A01002DE9F047DFF858800446074619
:1030C0004FF0010914B93846BDE8F08794FAA4F529
:1030D000B5FA85F509FA05F32E0108EB05156FEA37
:1030E000030A24EA03042B7B002BEBD058F80630AC
:1030F0001B694BB94644042273682846196807EADD
:103100000A070EF097FDDDE7284698470028D9D139
:10311000F0E700BF805C010030B51049104889B06D
:10312000002211F032FE0F4D0F4900220023CDE99D
:10313000062300240E23CDE90334CDE901440B4BD3
:1031400000944FF4006228460CF0F6FA084928462D
:103150000CF02AFA204609B030BD00BF75310000DE
:10316000001C0020380B0020405E0020DD340000F1
:10317000636A010001480CF007B800BF780A00201C
:103180002DE9F047804621480F460EF02BFD0646FC
:10319000002833D000252846BDE8F087237B83B183
:1031A0002368DB680BB120469847636883F8069074
:1031B00023681B69D3B963680422196820460EF09E
:1031C00039FD013610345445E8D3B8F1000FE2D090
:1031D000002DDFD02846FFF76DFF0546002FF7D002
:1031E00000214FF4A47011F0C3FCF1E7204698478A
:1031F0000028E0D009FA06F31D43E2E7044CDFF8AB
:1032000014A005464FF00109DDE700BFD8200020DB
:10321000805C0100A05C0100014B53F82000704766
:103220002C5E010008B5034608462BB1044A136022
:1032300000F074FD002008BD6FF01500FBE700BF33
:10324000BC04002010B5044C237813B903480BF0DC
:103250009BFF0123237010BD5C2C0020780A002006
:1032600010B504460B480EF0BDFC5CB1BFF35B8F9C
:10327000094B53E8001F013943E80012002AF8D136
:10328000BFF35B8F054811F08CFD0548BDE8104089
:103290000BF07ABFD0200020D4200020001C00209A
:1032A000780A00200020064BBFF35B8F014653E8ED
:1032B000000F43E80012002AF9D1BFF35B8F70477B
:1032C000D020002070B5FFF7EDFF084C084E0546F2
:1032D000B44200D370BD63685B792BB123685B682F
:1032E00013B12946204698471034F1E7805C01006D
:1032F000A05C010010B5044C044920460EF0F4F91E
:10330000034B1C6010BD00BF30090020185E010097
:10331000C82000200E4A0F48002310B513700E4A33
:1033200013600E4A4FF400411360FFF77BFFFFF775
:10333000E1FF00F069F90A4B0A4918468B4200D3B5
:1033400010BD1A1A5C681211013222711033F5E7B0
:103350005D2C0020E11B0100D0200020D4200020A3
:10336000805C0100A05C01000146002201480023AE
:103370000EF0DBB93009002001480EF074BA00BF2E
:1033800030090020024B014618680EF0C7BA00BF92
:10339000C820002001480EF0FCBA00BF3009002010
:1033A0002DE9F041364B1878002866D0FFF7E4FF8E
:1033B000044600285DD1334B334C1B68002B19DDCC
:1033C00011F09BFC4FF47A72A0FB020302FB013167
:1033D000C30BD4E9002043EA41439B1A4FEAD131A1
:1033E00040F2E93261EB0001934271F1000101D337
:1033F000FFF768FFD4E9003213F57A7342F1000257
:10340000C4E90032BDE8F041FFF7C4BF6B685B79E7
:103410003BB121784B0717D52B6821461B682846FE
:10342000984710354545F1D32046FFF7ABFFBFF372
:103430005B8F164B53E8001F013943E80012002A46
:10344000F8D1BFF35B8FB6E720462688C1F3C207E9
:1034500000F09EFAC6F382160246002EDCD0002849
:10346000DADB01233946284600F07EF9B042D8D392
:10347000D2E7074DDFF81C80D4E7BDE8F08100BF3C
:103480005C2C0020D0200020F81B0020D42000203D
:10349000805C0100A05C010070B50D4D297861B918
:1034A0000120FFF76DFE0B4C0B4EB44206D3FFF725
:1034B00077FF0028FBD101232B7070BD63685B7917
:1034C0001BB1236820469B6898471034EDE700BF86
:1034D0005D2C0020805C0100A05C010000212DE932
:1034E000F0470846FFF74CFE044648B340F26768D1
:1034F0004FF000090CF08AFC1A4B186030B11A4BDF
:103500001B68002B02DD19480BF03EFE184FDFF858
:103510005CA0002544B12046FFF7CCFD044618B955
:103520004FF0FF384FF0FF39FFF73AFF064628B952
:10353000B5B942464B4650460BF05AFE3546E9E7D0
:103540004FF0FF384FF0FF39D4E72B689B691BB170
:1035500000221146284698471035BD42F5D3E8E7CA
:10356000044DFAE7CC200020D4200020780A002067
:10357000A05C0100805C010010B50F480EF032FB2A
:103580000E4B1B786BB1EFF31184202383F3128869
:10359000BFF36F8FFFF704FF84F31188BFF36F8FC2
:1035A00010BD074B1B68002BFAD00028F8D1054846
:1035B000BDE810400BF0E8BDD42000205D2C0020B9
:1035C000CC200020780A002010B5064B1B6804466A
:1035D00098472146A06004480EF026F9BDE8104047
:1035E000FFF7CABFBC04002030090020044A054B85
:1035F0009B1AB1EBD30F34BF52F831000020704753
:10360000585B0100805C01000B480C4B30B51B1A65
:103610000B4CDB0800210430994200D130BD10F87A
:103620003120256802F0070225F007052A4344F8F7
:10363000042B0131F0E700BF585B0100805C010002
:103640006C090020F8B50B4F0B4DED1B0646ED083D
:103650000024AC4203D14FF0FF342046F8BD57F8A8
:10366000340020B13146FDF74BFA0028F5D0013483
:10367000EFE700BF585B0100805C010000282DE9E6
:10368000F047884615461F461DDADFF89890264E0B
:103690004FF0000AA6EB090636095446B24509F177
:1036A000100902D12046BDE8F08759F80C0C3B46C2
:1036B00000792A464146FFF7E1FF844238BF0446BD
:1036C0000AF1010AEAE7194B194AD21AB5EBD20FEF
:1036D00026D203EBC5031C79BC4228BF3C46154EDD
:1036E000C0B200EB400056F825300722824023EAA2
:1036F000020304F00702824013430021032223FA4D
:1037000002F000F00700814202F1030238BF0146D7
:103710001E2AF4D123F007030B4346F82530C1E7F6
:103720000024DCE7805C0100A05C0100585B010024
:10373000805C01006C090020F8B5094D094BED1AB9
:1037400006460F46ED080024AC4200D3F8BD002128
:1037500022B23B46304601340EF064FAA4B2F3E7DD
:10376000805C0100585B010070B14168097973B158
:10377000002A17DBCBB20C4951F8220003EB4303BC
:10378000D84000F0070070474FF0FF31EFE70749DE
:103790000748401AB2EBD00F3ABF01EBC2010879DB
:1037A00018467047042070476C090020585B0100E0
:1037B000805C01002DE9F04F8FB004AFC1F34A28BF
:1037C000B8600D4691467B600C0DB8F1000F69D0D2
:1037D000002607F114034FF0040B4FF00A0AC7F854
:1037E0000C80C7E907667E620193CDF808B0CDF87A
:1037F00000A007F11C03F96832464846FEF740FA7C
:10380000B0F5006F034622D32B48036813F0060F70
:1038100019D06C468AB0D9F8041004AB274D5D610D
:10382000274DC3E9065140F2FF7119621A4640F272
:1038300001319984234B42F8103F4FF43251334603
:10384000FFF7B8FFA5462C37BD46BDE8F08FC0F3A3
:103850000A0804F11700184420F0070080083B60B4
:10386000FFF782FD68F35325044690B13B68164A82
:10387000C7E9083600F1100107F11403F961CDE939
:1038800000A3CDF808B0F96807F11C034846FEF71D
:10389000F7F968F353257B68B9682A4620460EF08D
:1038A000F1F9D0E704F1170020F007008008FFF7D6
:1038B0005BFD0446EDE700BFBC090020786A01000B
:1038C000116B010005000001571C01002DE9F04FAC
:1038D00087B002AFD7E91069BD6B796004469346A3
:1038E00098464EB3C7F80C90CDF80090FA6B33466B
:1038F00010210020FDF7F2FFB0F5006F82461CD3C7
:103900002048036813F0060F12D06C4688B002AA54
:103910001D4B53611D4B936140F2FF73D361042330
:1039200042F8103F00234FF40251FFF743FFA54632
:103930001437BD46BDE8F08FB24605F1170050447C
:1039400020F0070004F007048008FFF70DFD0BF0DE
:10395000070BE40044EA8B1444EA4A2444EA055481
:10396000054640B13EB1CDF80090FA6B3346514662
:103970001030FDF7B3FF79684346224628460EF023
:1039800081F9D5E7BC090020BB6A0100F76A010094
:10399000406820B1034BC01A40F38F0070474FF0CE
:1039A000FF3070476C0900200EB403B503AB01462D
:1039B00053F8042B044801930EF098F902B05DF817
:1039C00004EB03B0704700BFFB1C0100CA0605D41E
:1039D0008B064CBF02490349FFF7E6BF704700BFA3
:1039E000856F0100C16B01002DE9F04F89B09A4647
:1039F000149B06939DF84CB0159B0593169B179E40
:103A0000049304460D469046BBF1000F00F09D80E4
:103A100006F4807307930EF003F906F002090246DC
:103A200000283ED092492046FFF7BEFF0746B9F175
:103A3000000F08D016F0440F35D18E492A46204693
:103A4000FFF7B2FF074406F0010353B18A4B8B49DD
:103A500053F82B208A4B2046002A08BF1A46FFF74E
:103A6000A3FF06F48073002B49D006F00803002B57
:103A700063D1B8F1000F66D0824942462046FFF775
:103A800093FF0546069B3D44002B6DD1049B002B04
:103A900073D1F30700F1E58031462046FFF796FF2A
:103AA000D9E00746C3E7784B18680028CAD0774B9F
:103AB0004FF47A791B68B5FBF3F54FF46163B5FBFE
:103AC000F0F100FB115509FB05F54FF03C0CB1FB83
:103AD000F3F203FB1211B5FBF0FEB1FBFCF300FBAC
:103AE0001E550CFB131109FB05F50091B5FBF0F514
:103AF0006749CDE901E52046FFF756FFA2E706F04A
:103B00000803EBB1634B644953F82B202046FFF7C1
:103B10004BFF0546B8F1000F05D05A4942462046F2
:103B2000FFF742FF0544BAF1000FABD05B495246A4
:103B30002046FFF739FF0544A4E74FF0000AE1E70C
:103B400006F00805E6E745469CE7BAF1010F069B3B
:103B500006D1002B65D1049B002B7CD000250CE006
:103B6000002BF8D04E485DE04E48069B4E49224659
:103B70000DF0D4FB049B002B69D0DFF83081DFF817
:103B80003091049F3146102F204628BF1027FFF7A1
:103B90001DFF4FF0000A554546DC059B49461A7843
:103BA0002046FFF701FF4FF0010A1AF0070F03D17B
:103BB00041462046FFF7F8FE57453CD9059B49464C
:103BC00013F80A202046FFF7EFFE0AF1010ABAF1C6
:103BD000100FEAD1374920464FF0000AFFF7E4FE04
:103BE0005246059B9A5C344B995C11F0970F08BFC5
:103BF0002E2232492046FFF7D7FE0AF1010ABAF118
:103C0000100F1DD01AF0070F03D141462046FFF7D1
:103C1000CBFE57455246E4D841462046FFF7C4FE46
:103C2000EBE720485D46A0E741462046FFF7BCFE93
:103C30000AF1010AAFE722492046FFF7B5FEC4E7C3
:103C4000059B3B440593049BDB1B049399D1BBF17B
:103C5000000F7FF41EAF204609B0BDE8F04F0EF014
:103C600038B8074A05492046FFF79EFE14E700BF13
:103C7000F6720100356B01003C5E0100B279010073
:103C8000306B01005A6B0100E0200020DC20002096
:103C90003E6B0100505E01005E6B0100646B010031
:103CA000311D0100FB1C0100ED1C0100716B0100C6
:103CB000696B0100736B0100CC9D0100756B010005
:103CC0006F6B010073B542F20F738B4228BF0B4636
:103CD00005680F4A0446052168460DF098FB6368A5
:103CE0000C495B680646042228460DF0E4FF636831
:103CF0003246694628465B680DF0DDFF6368064979
:103D00005B68172228460DF0D6FF02B070BD00BFD9
:103D1000A78E0100906B0100786B0100074A00211B
:103D20000123904206D8064A01B901231360054BCE
:103D30001860704740085B000121F2E740420F0025
:103D4000DC200020E0200020014B0020196070479B
:103D5000F820002007B500230093084A08494FF4D3
:103D6000805301200AF0E6FE064B01221A70064B32
:103D7000064A1A6003B05DF804FB00BF782D0020EE
:103D8000A56B01005E2C002004210020612C002086
:103D90000148FFF797BF00BF805E010010B5064BDA
:103DA00018680C46FFF738FA21460346BDE8104074
:103DB00002480E22184700BFF8200020805E010054
:103DC000F8B5094D094B0A4ED5E9004701221A7092
:103DD0000CB92C60F8BD214630463A4600F01EF87A
:103DE000241A0644F4E700BFEC2000205F2C0020DA
:103DF000602C002010B9074B18707047064B1B78D9
:103E00001BB142F2107010F091BC4FF4A47000216D
:103E100010F0AEBE5E2C00205F2C00202DE9F74F85
:103E2000524F01903B780C4643B9514F8246019B5B
:103E300023449A452BD324EAE4700CE04D4E01252F
:103E40000199224601200AF0D7FDA8B10123337061
:103E50003B7843B9204603B0BDE8F08F2846FFF712
:103E6000C9FF6F1E3D4601200AF05AFE0028F1D01E
:103E70003378002BF2D1EDE73378002BEAD0013D07
:103E80002846FFF7B7FF3378002BD9D1E2E71AF8BD
:103E9000012B3B680A2A61D1374DDFF8E0905A1BAD
:103EA000012A04BF01333B60D7F80080D9F800B085
:103EB0000D2308F8013C08F101020A23BBF1000FB1
:103EC0003A6088F8003029DD2D4B196831BB2A494A
:103ED0005E46632EA2EB050201F11700A8BF632620
:103EE00011F012F8274A2449254B02F1140052F828
:103EF00004CB41F804CB8242F9D1108892788A70C1
:103F000008F118020880BBF1090F3A604FF0010276
:103F10001A6011DC202330366B752E753A6816490D
:103F2000521B01200AF068FD90B9D9F80030013326
:103F3000C9F800303D607AE70A22B6FBF2F302FBD3
:103F40001366303330362B753E236E75EB74E5E720
:103F50000B4A0023C9F800301360EBE70A498B4293
:103F60003EBF591C39601A7061E700BF5F2C00200A
:103F7000042100205E2C0020612C00200021002064
:103F8000FC200020AC6B0100602D00202DE9F341E6
:103F9000436812481C680DF1070165680DF02BFF9E
:103FA00030B99DF80710012902D10C4800F030F813
:103FB00001232B752568D5E90136D3E900482F6820
:103FC00024B96B681C6002B0BDE8F0812146304620
:103FD0004246B847241A0644F2E700BF985701004A
:103FE000F8B5074F0D4604464618B44201D128469D
:103FF000F8BD14F8011BBB6801485B689847F4E7FB
:1040000098570100014B036000207047C45E010017
:1040100070B5C4690D46002C3FD0244A2379565C04
:10402000B3423DD0224A525C9A423CD1A3689847A1
:10403000002814DA022D10D0032D0FD110F1860FB5
:104040000BD0BFF35B8F54E8003F43F0020344E81A
:104050000032002AF7D1BFF35B8F267170BD022DAD
:10406000267101D00020F9E7BFF35B8F54E8003FD1
:1040700023F0040344E80032002AF7D1BFF35B8F3A
:10408000BFF35B8F54E8003F23F0020344E80032A3
:10409000002AF7D1BFF35B8FE4E76FF05700DDE74D
:1040A0006FF07700DAE76FF08500D7E7116C010059
:1040B0000D6C010010B504460FF0A2F8034902464A
:1040C00020460EF000F8002010BD00BF2C6C01004F
:1040D00073B5134600220192044601AA58680A21CA
:1040E0000EF0B8F8019D95B920EAE0744FF400464F
:1040F000294640F2E7304FF47A720023C4FB0601F0
:10410000FCF7E4FC10F034FD284602B070BD2A46EE
:10411000024920460DF0F3FF019DF5E7586C0100C0
:1041200008B5034A03490DF0CEFF002008BD00BFCB
:10413000486D01004F6D0100F7B517460023054695
:1041400001AA0A21B86801930EF084F81749C6B293
:1041500028460DF0C6FF019C44B12246144928466A
:104160000DF0CDFF019C204603B0F0BD042E09D90F
:104170001049324628460DF0C2FF28460DF0CDFF0B
:104180000124F0E77868FFF75DFA021E07DA7A6823
:10419000094928460DF0B3FF6FF01504E3E73346F5
:1041A00012B2214620460DF03DFDDCE7726D0100A4
:1041B000D86D0100FF6D0100166E010007B50023E8
:1041C0000090694604488DF804300BF07DFF9DF89F
:1041D000040003B05DF804FB711E010010B5044635
:1041E00005F030FE0749024620460DF06CFF2046E0
:1041F00005490DF068FF054821460BF07FFF0020C0
:1042000010BD00BFA86E0100C76E01001142000082
:10421000F0B58FB0D0F8AC7004460D4610F0FEFB40
:1042200006460BF0F3FD204B2049214A002E08BF23
:104230001E46844218BF0A46234628461D4900965A
:104240000DF041FFD4E90A23CDE90023284694F973
:104250000E30227B18490DF036FF06A92022204699
:104260000BF0B2F9236F1549024628460DF02BFFDB
:1042700005A9204610F0E0FB024628B11049284667
:104280000DF021FF0FB0F0BD059B6422F91A4A43DF
:104290000091B2FBF7F20B49CDE9017228463A468C
:1042A0000DF011FFEEE700BFD16E0100716B010050
:1042B00055780100D46E0100E06E01000C6F010022
:1042C000236F0100506F0100F0B5002591B0044646
:1042D000294608AF1C2209A810F030FE134E1A22FE
:1042E0002021384610F02AFE214611480BF006FF27
:1042F00007AA4FF48051304610F092FB079A0097BE
:10430000C2F5805164234B431B0B05934FF480533C
:10431000CDE90313CDE90132204606492B46A6F12B
:1043200040020DF0D0FE284611B0F0BD007700200D
:1043300039430000A16F010070B50446D0F8AC60AD
:1043400088B00D4607A910F077FB024628B10F4947
:1043500028460DF0B8FE08B070BD204610F05EFB98
:10436000079B0096F11ACDE90131094B64224A43BB
:10437000002818BF0346B2FBF6F20649CDE90362F6
:10438000284622460DF09FFEE5E700BF236F01009F
:10439000D16E0100EA6F010038B5134605461022C0
:1043A000586800210CF086FC0446FFF707FF38B977
:1043B0000D49224628460DF0A2FE6FF0150038BDCB
:1043C0000BF024FD844204D1084928460DF097FEE5
:1043D000F3E720460BF0B8FA2846054922460DF0CF
:1043E00072FE0020EBE700BF4E7001006970010013
:1043F0009170010038B51346054610225868002117
:104400000CF058FC0446FFF7D9FE38B90D49224696
:1044100028460DF074FE6FF0150038BD0BF0F6FC69
:10442000844204D1084928460DF069FEF3E720468E
:104430000BF0A8FB2846054922460DF044FE00205B
:10444000EBE700BF4E700100C8700100EE70010084
:1044500038B5134605461022586800210CF02AFC96
:104460000446FFF7ABFE38B90D49224628460DF049
:1044700046FE6FF0150038BD0BF0C8FC844204D135
:10448000084928460DF03BFEF3E7204601F0E6FD23
:104490002846054922460DF016FE0020EBE700BF36
:1044A0004E700100227101004771010007B5064AF4
:1044B00006481268042300930021012300F0F8FA53
:1044C000002003B05DF804FB185F0100A05C010050
:1044D00037B544680A49226004F1080523640022C4
:1044E000284610F052FC41F69A12E4630023284655
:1044F000CDE900230BF0F8FF002003B030BD00BF72
:104500009D1E010010B9034B18707047A4200021B4
:1045100010F02EBB793D00202DE9F84F164ED0F853
:1045200004B0884614461D46042710F0F2F82246CF
:104530008246414600200AF05FFA8146504610F05C
:10454000F0F8B9F1000F0BD001233370DBF8003025
:10455000DBF84010012098472C600020BDE8F88F60
:104560003378002BF2D0013F3846FFF7CBFF33788A
:10457000002BDAD1EAE700BF793D002010B5816851
:104580000446083100F0C0FEA168034A2046083105
:10459000BDE8104000F040BE8F7101000EB403B5BD
:1045A000044904AA019200F075FB02B05DF804EB27
:1045B00003B07047856F010010B5836802221A713D
:1045C0008268936B0446EBB982F84A308268A2F89D
:1045D00046308268A2F844308368D3F86C32DB043A
:1045E0000BD50321084B094A0DF041FFA0686FF479
:1045F000805100F51B700DF074FC2046BDE81040A2
:1046000000F062BD10BD00BF9D710100B2790100D4
:104610002DE9F04FA5B00446542200210FA810F058
:104620008DFC00230493A36820464A3303930DF0C6
:10463000B1FE20460DF05CFE18B981496069FFF7B4
:10464000ADFFA068002714220021083010F076FC8E
:104650000DF13C0B4FF0FF38B9463D4602973E4600
:10466000BA46049B012B00F09C80142D40F09580ED
:10467000022B40F09680734B734A01210FE059469C
:10468000039A022304A800F01DFB04995BF8042F91
:104690000392034631B101290AD148B16B4A204641
:1046A0000DF0E5FE6FF00705284625B0BDE8F08F58
:1046B0002DB35BF8040C00F059FE98B167B1A56802
:1046C0000B9708350AAE0FCE0FC533682B60204616
:1046D000FFF754FF0125E7E75D4A012120460DF071
:1046E000C6FEDFE7029BC3B108F1FF38FEB9049BA9
:1046F000B8F1000F01D1022BB3D10135B1E7029B14
:104700005BB108F1FF3896B9A368DB69002B3BD099
:10471000DB68002B38D0002633E05BF8041C05AAC8
:1047200050460DF06CFD08F1FF38064638B3F368CB
:10473000ABB1A368B64603F1080CBEE80F00ACE8C5
:104740000F00DEF80030CCF80030B36833B9737C6A
:10475000FE2B04BF96F8108008F1FF38A946D6F862
:1047600004C0BCF1000F08D0B646BEE80F000AAF87
:104770000FC7DEF800303B606746B246B7E7002D52
:10478000C2D001230293B2E7324B0093324A0F9B0F
:10479000012120460DF06BFEBDE7B8F1000F7FF45C
:1047A0006EAFBAF1000F0AD09AF81130FE2B06D185
:1047B00024AB03EB850353F8543C03B10135A068E7
:1047C000436953B9002F3FF46DAFC368BB423FF458
:1047D0007EAF0B9700F1080574E7037EA5EB090592
:1047E000B3B1417E4FF6FF72FF2918BF0A469D42C2
:1047F00002D313449D420BD98368184A01212046F5
:104800000DF035FE2046FFF7B9FE6FF015054BE7BA
:1048100001210DF0A5FBA0680DF096FBA3680FAA7F
:1048200029465B6902EB8902204698470546A06845
:104830000DF08EFBA06800210DF092FB34E700BF65
:10484000856F01002D720100F7990100E1710100EF
:10485000F57101001972010013720100517201001B
:104860002DE9F041ADF5805D82B00023044601934F
:104870000DF10305A3686068D3E90E7803681E692B
:1048800001AB27B34FF4805202A9B047019BCBB1D3
:104890000121A0680DF064FBA0680DF055FB4346B4
:1048A000019A02A92046B847A0680DF051FBA06804
:1048B00000210DF055FBA3689B6B002BDAD120463D
:1048C000FFF77AFE0DF5805D02B0BDE8F0810122B0
:1048D0002946B047019B002BF4D09DF903109DF8A9
:1048E0000330A2680029C5DB5179032900F28780D3
:1048F000DFE801F0027E87850D2B4FD00A2B30D0E8
:10490000B2F86C12092B6FF3CA01A2F86C125DD0D9
:1049100013D8002B56D0082B5CD00133624AA06814
:10492000DBB2D35C13F0970F5FD00DF008FB9DF85E
:104930000310204600F090FB44E01B2BA0683FD002
:104940007F2BEAD1D0F868329E073BD50DF0F7FAFD
:10495000A368D3F86832180743D420460DF0CFFD82
:1049600030E0D2F86C12C1F3C70129B1D2F86C1251
:10497000C1F3C7010A29D0D1B2F86C1263F3CA019E
:10498000A2F86C12A668B6F844309BB94749606932
:10499000FFF704FE2046FFF70FFE6BE7D2F86C121C
:1049A000C1F3C7010029E7D0D2F86C12C1F3C701E7
:1049B0000D29E0E72046FFF72BFEC6F89002E9E755
:1049C0000123437160690DF0BAFB53E7A368D3F884
:1049D0006832F7E7A068D0F868329F07F2D50DF08B
:1049E000AEFA20460DF0AAFDECE7D0F86832E9E710
:1049F0005B2B02D102235371E4E7D2F86832002323
:104A0000F9E700215171A268D2F8681289077FF591
:104A100031AF342B0AD8302BD4D90321323B51711A
:104A2000022B2DD8DFE803F0303A2800433BDAB2FE
:104A3000092AC7D8092BC5D801A252F823F000BF14
:104A4000694A0000714A0000C5490000794A000027
:104A5000C5490000814A0000C5490000C549000061
:104A6000C5490000894A000020460DF0A5FCA9E7D1
:104A700020460DF098FCA5E720460DF08BFCA1E741
:104A800020460DF080FC9DE7A068D0F8681201F088
:104A9000010181F001010DF06EFA93E7A368D3F8EC
:104AA00068329B078ED558E7CB9D0100856F0100CA
:104AB0002DE9F04304468068D0F88C9289B00F4607
:104AC00015461E46B9F1000F5CD1904649464FF499
:104AD000257210F033FAA06800F51C7010F0DEF9B2
:104AE000A06800F51F70012211460FF0C8FEA369EF
:104AF000C3F80090A068022100F51B700DF0E2F9E8
:104B0000A36850225A85A36818221A85A3682268D0
:104B10001A60D4F80890D9F8000010B1FBF7FAFF3A
:104B200080B289F82C00A368184A25F0360565F391
:104B30000708C3F868826068036839461D68234621
:104B4000A8470546D0B9A36801221A71D4E90A0121
:104B500000220023CDE906230E230393109B049526
:104B6000CDE9016300940A4B4FF480520AF0E4FD52
:104B7000A368C3F88C02616A0AF016FD284609B0E2
:104B8000BDE8F0836FF07705F8E700BFCD1F0100A7
:104B9000DD4B000010B5044680680379012B17D166
:104BA00040F2676200230DF02BFA10B96FF00F008E
:104BB00010BD09496069FFF7F1FC2046FFF7FCFCD6
:104BC00020460DF0CEFCA0680DF0BEF90020EFE706
:104BD0006FF08500ECE700BF856F01002DE9F34120
:104BE00004468068154600F51B70002935D04FF447
:104BF00080410DF067F9A3681D64606803680021B7
:104C00009B68984770BB2046FFF7C4FF50BB174D09
:104C1000DFF85C804FF0FF364FF0FF37A06800F5FB
:104C20001C7000220721CDE9006710F043F9A0684D
:104C30000DF08EF92A46042120460DF0ABF92046EE
:104C4000424601210DF0A6F9606803685B6903B173
:104C50009847A0680DF078F9E0E76FF480410DF017
:104C600040F9C8E702B0BDE8F08100BF011F0100B4
:104C70001320010010B5054904460DF024FA204622
:104C8000034A002100F0C8FA002010BD6C72010038
:104C9000C072010013B513460446002200920A4672
:104CA00001460748FDF75AFA23691B792BB12046C4
:104CB00002B0BDE810400DF042BA02B010BD00BF16
:104CC000572101002DE9F04F85B00026DFF8A8A19B
:104CD00001910746144699460660B3462378002B97
:104CE00000F0C6801AF8033013F0080304D004F86B
:104CF00001BBF3E70026F1E73A68511C39600199DE
:104D000041F822403A684A4500F0B2801E462178B8
:104D10000029E3D0A6B90E4623461C46272E04D010
:104D20005C2E20D0222E40F0978020460DF031FAE4
:104D3000611C0246204610F0E7F821780029CDD00A
:104D4000B142A04604F101041BD140460DF021FA06
:104D500021460246404610F0D7F898F800604446D5
:104D6000002ED9D1BAE720460DF013FA651C024691
:104D70002946204610F0C8F866782C46002ECDD182
:104D8000ACE75C2998F80110D8D1B1428C4608D123
:104D900040460DF0FEF921460246404610F0B4F8B8
:104DA000B5E7302925D10025022218F802C0ACF160
:104DB0003000C0B2072819D8ED000132EDB2052A43
:104DC00045EA0005F1D1511E41444046039202914B
:104DD0000DF0DFF9039A0299023A821A404610F068
:104DE00093F898F8011088F80050A7E7D2B2022A89
:104DF000E9D1BCF1780F2AD10025022018F8002053
:104E0000A2F1300C5FFA8CFCBCF1090F09D82D011E
:104E1000EDB24CEA0505022801D00422D3E70320B5
:104E2000ECE7A2F1610CBCF1050F05D82D01EDB244
:104E3000573A1543EDB2EEE7A2F1410CBCF1050F74
:104E400003D82D01EDB2373AF3E7022802D108F179
:104E5000010473E70322B6E71AF806301B073FF593
:104E600049AF6678631C002E7FF457AF1C4635E7C8
:104E7000304605B0BDE8F08FCC9D010038B50B463B
:104E8000154648B91449154A521AB3EB920F05D288
:104E900051F82350284638BD84680CB90025F9E73D
:104EA0000F4A94420AD30F4A944207D21846226806
:104EB000294690472B68002BECD1EFE70A4A944231
:104EC00002D30A4A944205D3246814225343E518B6
:104ED000E358F0E70133F8E7D05C0100E45C01003F
:104EE000105E0100105E0100E45C0100105E010034
:104EF00001490DF0DBB900BF856F01002DE9F047D6
:104F00008568DFF86890044605F14A00FBF702FE69
:104F1000002395F82C7086B29846A268558DED1B3B
:104F2000B54209DB002E1FDD4A3360691049BDE838
:104F3000F0471A440DF0BAB91D442A444A3392F896
:104F40004AA082F84A80A26860691A4449460DF076
:104F5000ADF9A3682B4483F84AA0A3685B8DDB1BE3
:104F6000F61A00272B46D8E7BDE8F087F79901002D
:104F7000B27901002DE9F84FD0F80890D9F86832DD
:104F8000B9F846605B0705460F46904624D506F102
:104F90004A004844FBF7BEFD2C4E0446B4B9AB684A
:104FA000B3F84420A3F84620A8680DF08CF930B17E
:104FB000B8F1000F00D017B16869FFF799FF794287
:104FC000284609B2BDE8F84F0DF0BEB96869314610
:104FD0000DF06CF9013CE1E7D9F80000B9F844A004
:104FE00010B1FBF797FD80B2B9F82A3082448419DA
:104FF000B4FBF3F2BAFBF3F39A42B3461CD0144E5F
:10500000AB685445CBDA5A8DB4FBF2F302FB134381
:1050100004F1010913B96869FFF76AFFAB685B44E3
:105020000BF1010493F84A30324608212846A34682
:105030000DF01DFA4C46E3E74A36064A09EB060333
:10504000082128460DF013FAA9E700BF55780100A2
:10505000756B0100B279010013B583688DF80710F4
:10506000D3F868220446D00725D5B3F84610B3F824
:1050700044208A421FD0481CA3F846000B449DF8E8
:10508000072083F84A20A368D3F86812890710D54F
:10509000D3F8683260690B4913F0040F18BF2A2255
:1050A0000DF004F920460DF023F910B16069FFF707
:1050B0001FFF02B010BD01220DF1070120460DF0C7
:1050C000E4F9F6E7756B010010B58368094A1B68BF
:1050D000044602210DF0CBF9A368D3F868329B0790
:1050E00007D52046FFF70AFF2046BDE810400DF027
:1050F00017B910BDB279010001490DF047BA00BFE0
:10510000856F01002DE9F047054690460E460029BF
:105110005ED0DFF8C0900024335D19F803301A0721
:105120001ED43046FBF7F6FCAB685A8D80B2001BEC
:10513000A2EB0803984206EB040A13D95146002754
:1051400011F8010B19F800C01CF0080F02D00A2852
:105150002ED03B4608EB0700824228D90137EFE703
:105160000134D9E753460027B84208D1686951464F
:105170000DF00CFA6869BDE8F047FFF7BDBF13F802
:10518000012B0A2A11D168690CF0D9FF3A46514621
:1051900028460DF024F901343C446869FFF7ACFF60
:1051A000414628460DF0A3F8BBE70137DCE71F4670
:1051B00068690CF0C4FF3A46514628460DF00FF9D5
:1051C0003C44335D19F803301B07E6D50134F8E79A
:1051D000BDE8F087CC9D0100F8B50F465168044644
:1051E00015461E4611B11A46FFF78CFFAB6883B116
:1051F000314620460DF07BF82046064A3B46082102
:105200000DF035F9A968F21D2046BDE8F840FFF71A
:1052100079BFF8BDEF7201002DE9F04F89460021FA
:105220008BB0044616460D4605AA48464F1CFFF7AC
:1052300025FE98B97DB126B13246082120460DF0F1
:1052400016F9DFF8B4A0002105AA484601F1010BC8
:10525000FFF714FE60B90BB0BDE8F08F006810B125
:10526000FBF758FC80B2854238BF05463946DBE77C
:105270000768BFB13B78ABB146683846FBF74AFCDC
:105280002023A5EB00088DF813301C4A00975346E5
:10529000082120461FFA88F80DF0E9F826BB60695E
:1052A000FFF72AFF5946CFE701220DF113012046EF
:1052B00003930DF094F8039B01339AB29045F3D811
:1052C0000F4A5346082120460DF0D1F8AB1DB20716
:1052D0009BB20BD132680B498A4207D1324639461C
:1052E0002046FFF779FFDDE70023E6E71A4631465F
:1052F0002046FFF707FFD5E70D730100FA720100A2
:10530000646B0100C40BD286F7B50F6805460E46E4
:10531000EFB13846FBF7FEFB84B2114B0093082136
:105320003B46104A28460DF0A2F87168E31C9BB278
:1053300079B18A070DD108680B4A904209D10A4613
:105340003168284603B0BDE8F040FFF745BF3C4652
:10535000E3E71A46284603B0BDE8F040FFF7D2BEA7
:1053600009730100FA720100C40BD28610B5074917
:105370000446FBF7C5FB38B105492046FBF7C0FBE7
:10538000B0FA80F0400910BD0120FCE7FF72010077
:105390000273010008B504480CF02CF803480CF027
:1053A00029F8002008BD00BF167301004B730100EF
:1053B00001480BF07DB900BF5C5F010038B50446C1
:1053C00018B90F4B0F485B6898476168B1F5683FA3
:1053D00010D0B1F5680F0DD00B4DA9420AD011F4D1
:1053E0006861206807D0014608480FF0F6F90023ED
:1053F0002360656038BD14220FF0A0FDF9E700BFFF
:1054000044080020797301002C5F5CA9C4280020A7
:1054100008B520B34368B3F5683F10D10122036893
:10542000BFF35B8F53E8001F002903D143E800203E
:105430000028F7D1BFF35B8F0DD1002008BD094ACA
:1054400093420AD000684FF0FF324FF0FF3309F06B
:10545000D3FD0028F1D00448F0E70448EEE76FF4EC
:10546000E040EBE72C5F5CA9E98FFFFFEA8FFFFFCD
:1054700008B5D8B14368B3F5683F10D1002203687E
:10548000BFF35B8F53E8001F012903D143E80020DD
:105490000028F7D1BFF35B8F0BD1002008BD074A6E
:1054A000934208D0006809F01FFEF6E76FF4E04071
:1054B000F4E70348F2E70348F0E700BF2C5F5CA97C
:1054C000E98FFFFFEA8FFFFF10B5044618B91D4BA7
:1054D0001D485B6898476368B3F5683F2FD0B3F504
:1054E000680F2CD0194A934219D1236803BB18487E
:1054F0004FF0FF324FF0FF33214609F04FFD08B95E
:1055000023681BB90F4B13485B6898472068142227
:1055100000210FF013FD4FF46863636008E0B3F5FA
:10552000683F0DD83A2B03D040F6BA629342DED1E1
:1055300020680FF09DF9636843F03A03636010BD83
:10554000054AF3E744080020797301002C5F5CA949
:10555000C42800209F7301003A00003A08B50649AC
:105560000648402314220FF02AF9BDE808400449F8
:1055700004480BF00FB900BFC4230020C42800204A
:10558000645F0100785F010008B50348034A002109
:10559000121A0DF00CF808BD900A0020345E0020AD
:1055A0000748084A084908B5121A0DF002F80748DA
:1055B000074A0849BDE80840121A0CF0FABF00BFBC
:1055C00000000020880A0020009F01000000002049
:1055D00000000020009F01002DE9F047054600AFC4
:1055E0000C46002963D0DFF808A1DAF800305A072A
:1055F0005DD06E468AB0D1E90001A3686A46DFF843
:10560000F480DFF8F4C0C2F814C04FF00609C2E914
:105610000680C2E9081342F8109F00234FF441515D
:105620005046FEF7C7F8DAF800305B07B5463ED0C3
:105630008AB0D4E9030163696A46DFF8C0C05362E7
:10564000C2E905C8C2E9070142F8109F002350468D
:105650004FF44151FEF7AEF8DAF800305807B5467E
:1056600025D088B0E3696A462549D3614FF0040923
:10567000C2E9051842F8109F00234FF4015150462B
:10568000FEF798F8DAF800305907B5460FD088B021
:10569000A3696A461B49D361C2E9051842F8109F05
:1056A00000234FF401515046FEF784F8B546012D12
:1056B00017D1EFF305830E480268520711D06E46EA
:1056C00088B06A4610495161103BD3610F4991611E
:1056D000042342F8103F00234FF40151FEF76AF80B
:1056E000B5462146284609F091FABD46BDE8F08747
:1056F000D00900208E740100CC730100FF730100FB
:105700003274010045740100777401009774010040
:1057100030BFFFF7FDBF00BF054B5A699B689A4237
:105720001FBF044A536843F080535360704700BF63
:10573000342A002000ED00E02DE9F041694C236897
:105740000646580700AF0D460FD0E84688B06A46B7
:10575000654B5361654B9361032342F8103F4FF44F
:10576000C25120460CF032FFC546614B9B6AD904FA
:1057700040F19D8023685A070FD0E84688B06A46FA
:105780005C4B5361594B9361032342F8103F5548DA
:105790004FF4C2510CF01AFFC5461720544B9B6AB8
:1057A0001B0513D5236858070FD0E84688B06A4612
:1057B000514B53614D4B9361032342F8103F4948CD
:1057C0004FF4C2510CF002FFC5461820484B9B6AAB
:1057D000990532D523685A070FD0E84688B06A4643
:1057E000464B5361414B9361032342F8103F3D48C0
:1057F0004FF4C2510CF0EAFEC5463D4B996B9B6AD3
:105800001B0419D52368580710D0E84688B06A46AB
:105810003B4B5361354B3348C2E90631042342F810
:10582000103F4FF401510CF0D1FEC54626B1304A6D
:10583000936A23F40043936219202D4B9B6A5A0507
:1058400013D523685B070FD06E4688B06A462D4B90
:105850005361264B9361032342F8103F21484FF4D4
:10586000C2510CF0B3FEB5461A20214B9A6AD605F8
:105870001FD5236859070FD06C4688B06A46224B63
:1058800053611A4B9361032342F8103F15484FF4BC
:10589000C2510CF09BFEA5461B20154A936A43F4A7
:1058A0007F43936200232B70BD46BDE8F081162034
:1058B00074E79B6A9A04F0D523685B070FD06C46A7
:1058C00088B06A46114B5361084B9361032342F839
:1058D000103F04484FF4C2510CF078FEA5461C203E
:1058E000DBE700BFD0090020A97401008478010023
:1058F00000ED00E0C3740100D8740100EF740100F2
:105900000C750100257501004475010060750100EA
:10591000B0B5584C23685D0700AF0FD06D4688B016
:105920006A46554B5361554B9361032342F8103F30
:105930004FF4C25120460CF049FEAD46504B9B6AD5
:10594000980140F19580236859070FD06D4688B0C3
:105950006A464C4B5361494B9361032342F8103F15
:1059600044484FF4C2510CF031FEAD461E20444B6A
:105970009B6ADA0113D523685B070FD06D4688B0A8
:105980006A46414B53613D4B9361032342F8103FFC
:1059900038484FF4C2510CF019FEAD461F20384B69
:1059A0009B6A1D0313D5236859070FD06D4688B035
:1059B0006A46364B5361314B9361032342F8103FE3
:1059C0002C484FF4C2510CF001FEAD4621202C4B67
:1059D0009B6A5A0313D523685B070FD06D4688B0C6
:1059E0006A462B4B5361254B9361032342F8103FCA
:1059F00020484FF4C2510CF0E9FDAD462220204B67
:105A00009B6A9D0313D5236859070FD06D4688B054
:105A10006A46204B5361194B9361032342F8103FB0
:105A200014484FF4C2510CF0D1FDAD462320144B65
:105A30009B6ADA0313D523685B070FD06C4688B0E6
:105A40006A46154B53610D4B9361032342F8103F97
:105A500008484FF4C2510CF0B9FDA5462420084A6D
:105A6000936A6FEA03436FEA13439362BD46B0BD86
:105A70001D207CE7D0090020937501007878010093
:105A800000ED00E0AF750100C6750100E47501008E
:105A9000067601002F7601004D7601002DE9F047D2
:105AA0006E4D2B688A46590700AF814690460FD04D
:105AB0006C4688B06A466A4B53616A4B9361032314
:105AC00042F8103F4FF4C25128460CF07FFDA54626
:105AD000654B9B6ADA0665D52B685B070FD06C4671
:105AE00088B06A46614B53615E4B9361032342F871
:105AF000103F5A484FF4C2510CF068FDA5461124DE
:105B0000594B9B6A1E0713D52B6858070FD06C465C
:105B100088B06A46564B5361524B9361032342F857
:105B2000103F4E484FF4C2510CF050FDA5461224D0
:105B30004D4B9B6A990737D52B685A070FD06C4697
:105B400088B06A464B4B5361464B9361032342F83E
:105B5000103F42484FF4C2510CF038FDA546424B6D
:105B60005E6B9B6A1B0676D52B685C0710D06C4673
:105B700088B06A46404B53613A4B3848C2E9063612
:105B8000042342F8103F4FF401510CF01FFDA546CD
:105B9000BAF1000F04D0344A936A23F08003936271
:105BA000132403E01024ABE76FF015062E4B9B6A1D
:105BB000D80713D52B6859070FD06C4688B06A46B2
:105BC0002E4B5361274B9361032342F8103F234828
:105BD0004FF4C2510CF0FAFCA5461424224B9B6AE8
:105BE0009A0613D52B685B070FD06C4688B06A46BF
:105BF000234B53611B4B9361032342F8103F17481B
:105C00004FF4C2510CF0E2FCA5461524164B9A6ADB
:105C1000D50602D49A6A90070AD55B68190507D59C
:105C20004946304600F0F4FA10B180F309880224A6
:105C30000D4B9A6A920642BF5A6A22F400525A6287
:105C40009A6A42F0FF029A622046002388F80030E8
:105C5000BD46BDE8F0876FF01506A1E7D00900202A
:105C60007C7601008E78010000ED00E09676010060
:105C7000D8740100CD760100E976010003770100B8
:105C8000607501002DE9F0419D4B8AB0D3F8048086
:105C900000AF0446C8F30806002585F31188BFF35A
:105CA0006F8F02F07F43B3F17F4F16D102F00C03E8
:105CB000082B26D19348036859070ED06C4688B04C
:105CC0006A46914B5361914B9361032342F8103F15
:105CD0004FF4C2510CF07AFCA54600252C46002357
:105CE000FB71F31E092B00F2E580DFE813F00F00D3
:105CF000CB00CE00C700E300E300E300E300E300D5
:105D0000D10012074CBF0C460125E8E77D4E3368F1
:105D10005B070FD0E84688B06A467D4B53617D4BE8
:105D20009361032342F8103F4FF4C25130460CF008
:105D30004DFCC5460023FB71714BDA6A900714D500
:105D4000336859070FD06E4688B06A46724B53616C
:105D5000704B9361032342F8103F6A484FF4C251DD
:105D60000CF034FCB546002358E0DA6A002A07DA62
:105D700033685A07F7D06E4688B06A46674BE6E745
:105D8000DB6A5B00EFD5336858070FD0E84688B070
:105D90006A46634B53615F4B9361032342F8103FA4
:105DA00058484FF4C2510CF011FCC546544BA16940
:105DB0005A6942F480725A61BFF34F8FBFF36F8FFD
:105DC0005A6931F8021C22F480725A61BFF34F8F76
:105DD000BFF36F8F4DF60272914209D09A6AD2B228
:105DE000002A3DD0FA1D01212046FFF757FE47E06B
:105DF0003368590711D06E4688B023686A4649490E
:105E0000516144493F48C2E90613042342F8103F58
:105E10004FF401510CF0DAFBB5462368FA79DAB990
:105E200007F1080604F1200C20686168324603C2BD
:105E3000083464451646F7D17A6A002D5BD0C2F368
:105E4000080121B96FEA52226FEA42227A6207F111
:105E500008011846FFF7C0FB2837BD46BDE8F081B2
:105E60009A6A12F47F4F04D0F91D0120FFF764FCF9
:105E700006E09B6AB3F5803FFFF475AFFFF748FD7E
:105E80000346CBE7FA1D0021AEE7F91D0020EDE740
:105E90001C4803685A073FF466AF6E4688B06A46EE
:105EA000214B5361214B9361032342F8103F4FF480
:105EB000C25155E7134803685B073FF454AF1C4ACF
:105EC0001C4B18F4F87FE8468AB018BF13466A46A0
:105ED000194951611949C2E9061340F2013393840B
:105EE000103E174B16624FF4315142F8103F0CF040
:105EF0006DFBC54637E722F4FF7222F00102A5E7E9
:105F000000ED00E0D009002054770100AA780100DC
:105F1000837701009F7801009E770100C37701001D
:105F2000D5770100F8770100187801006A78010040
:105F30003B77010026770100407801005778010087
:105F400005000001044B5A6942F010025A615A6977
:105F500022F008025A61704700ED00E0EFF308807C
:105F6000EFF3098101B57246FFF78CFE01BD00BF5A
:105F7000002080F31488BFF36F8F134880F30888E4
:105F800006F098FE002011490860BFF34F8F00F023
:105F900033F8202080F311880D484FF0AA014FF408
:105FA00082520CF004FB0A484FF48251401880F3EF
:105FB0000988EFF314800221084380F31488BFF3AB
:105FC0006F8F00F0F5F80000409F002094ED00E096
:105FD000C07600200749D1F890200023C2F30722A1
:105FE0001846934200DB7047C1F89830C1F8A00012
:105FF0000133F6E700ED00E008B572B6002383F345
:106000001388FFF7E7FF144B4FF0FF32C3F88020EF
:10601000C3F88420C3F88820C3F88C20C3F89020EC
:10602000C3F89420C3F89820C3F89C20C3F88021BB
:10603000C3F88421C3F88821C3F88C21C3F89021C8
:10604000C3F89421C3F89821C3F89C2162B6BFF32A
:106050004F8FBFF36F8F08BD00E100E0084B9B68D6
:1060600083420BD1EFF3058343B1064B5A6842F0EC
:1060700080525A605A6A22F400425A6209F0CCBE39
:10608000342A002000ED00E013498A684FF0300008
:106090001044EFF3098C80E8F01F202080F3128871
:1060A000BFF36F8F0D4F4FF000664A698A603E6004
:1060B000D2F8B8000023C2F8B83080F3118804B5D4
:1060C000104600F007F9BDE8044002F1300090E806
:1060D000F01F8CF309887047342A002004ED00E09B
:1060E0001EF0040F0CBFEFF30880EFF30980816905
:1060F00011F8021C0229FFD001B572460CF05BFAC0
:1061000001BD00BF40B2002807DB044A410901235A
:1061100000F01F00834042F82130704700E100E0AA
:1061200040B200280CDB4309064900F01F00203371
:106130000122824041F82320BFF34F8FBFF36F8FBE
:10614000704700BF00E100E0054B420900F01F006E
:1061500053F82220012303FA00F01040704700BFDB
:1061600000E100E040B20028A8BF00F1604001F16A
:106170000101B8BF064B4FEA4111ACBF00F56140C9
:1061800000F00F00C9B2B4BF195480F80013704773
:1061900014ED00E0044B054A23F07F039360BFF346
:1061A0004F8FBFF36F8F70470000000000ED00E0DD
:1061B00008B5FFF7EFFF074AD2F8883023F47003E1
:1061C000C2F88830FFF7E0F9FFF7EAF900F058F875
:1061D00008F06AFE00ED00E042F8203C009B42F827
:1061E0001C3C0A49019B42F8183C029B42F8143CB3
:1061F00021F001014FF0807342F8043C42F8081C82
:106200000023203A0265C0F8B83070472914010015
:106210000A4A0346906878B113F1160FD0F8A80027
:1062200005D0A0F140029A4205D8834203D28142B0
:1062300028BF002070470020704700BF342A00208C
:1062400008B50B4B0E461546986000F043F82C46F7
:1062500086F309880020044B98472046002100223D
:106260000023024C20470000E12501002914010011
:10627000342A0020014B10221A61704700ED00E023
:10628000044800232021C2180133302B82F8001368
:10629000F9D1704700E100E008B5EFF30583064A45
:1062A000103B02EBC30152F8330049688847BDE850
:1062B0000840FFF731BA00BF98580100024B034A6B
:1062C0000348012100F0BCB80000042000000020B9
:1062D000885F0100D0F8A820054B403A1A60054AB3
:1062E0004021C3E901121846012100F0B3B800BFF4
:1062F000E028002000000B1598B503460C48026802
:10630000520700AF10D06C4688B06A460949516107
:106310000949C2E90613042342F8103F00234FF451
:106320000151FDF747FAA5466FF01500BD4698BD2F
:10633000CC090020B67801000779010010B40E4C9A
:10634000D4F89030C3F30723013B984202D910BC24
:10635000FFF7D2BFC4F898000B6823F01F03034374
:1063600043F01003C4F89C308B6843F00103C4F879
:10637000A03010BC704700BF00ED00E02DE9F041F7
:1063800084B00E4600AF984604460025B5421FDA99
:106390006068002835D0B8F1000F23D0411E0842B4
:1063A0001BD0194803685B0710D06C4688B06A465A
:1063B000164B5361164BC2E90635042342F8103FD1
:1063C00000234FF40151FDF7F5F9A5466FF01502D2
:1063D00010461037BD46BDE8F0811F28E1D923687B
:1063E0001942DED123687B600CF01DF9A368391DCA
:1063F0000343D0B2FB60FFF7A1FF10F1160FE5D009
:10640000421C01350C34C1E7CC090020E0780100C2
:1064100020790100044B0522C3F89420BFF34F8F6D
:10642000BFF36F8F704700BF00ED00E0BFF35F8FD9
:10643000024B0022C3F89420704700BF00ED00E03B
:1064400010B5034C01232278FFF798FF207010BD90
:10645000983D002008B50B4A00231278FFF78EFF05
:1064600010F1160F07D0084A0021D2F89030C3F37C
:106470000723984200DB08BDC2F89800C2F8A010BC
:106480000130F2E7983D002000ED00E02DE9F043F7
:106490005E485F49D0F890300D68C3F307239D42F2
:1064A00085B000F2B080FFF7C1FF49680022954235
:1064B00001F10C011BD1574C574F25706846FDF771
:1064C000A1FDDFF85881DFF8589106460025AE425D
:1064D00020D123784D490020D1F89020C2F3072223
:1064E0009342C0F28A80FFF795FF00204FE0C0F88A
:1064F000982051F80C3C23F01F03134343F0100382
:10650000C0F89C3051F8043C43F00103C0F8A030BF
:106510000132CCE7009800EB05114FEA051CCB686F
:106520003B40B3F5000F49D00AD8B3F5001F31D076
:10653000B3F5800F37D0B3F5801F13D00135C6E710
:10654000B3F1007F43D0B3F1805F49D0B3F1807FD6
:10655000F4D150F80C3088684A680CF064F840F0C8
:10656000887009E050F80C3088684A680CF05BF8D5
:1065700040F0885040F43020039001A92078CDE904
:106580000123FFF7DBFE002833DA6FF0150005B0BA
:10659000BDE8F08350F80C3088684A680CF043F886
:1065A00040EA0900E8E750F80C3088684A680CF0C7
:1065B0003AF840F0007040F40030DDE750F80C305D
:1065C00088684A680CF02FF840F08270D4E750F8E1
:1065D0000C3088684A680CF026F840F48020CBE73D
:1065E00050F80C3088684A680CF01DF840EA080042
:1065F000C2E7237801332370A0E7C1F89830C1F8CF
:10660000A000013368E74FF0FF30C0E700ED00E085
:10661000945F0100983D00200000F0FF000002118F
:1066200000000811014B1860704700BFF8040020FB
:1066300010B5074C2368C2180648C0F1005101F597
:1066400080218A423ABF2260C0184FF0FF3010BD4F
:10665000EC280020C0CF0020044A0123C2F84035B6
:106660004FF080420020C2F87835704700E00140CA
:1066700048B1054B054A1B68B3FBF2F35843044B82
:1066800043F00103184770473008002040420F00D4
:10669000105E0100BFF34F8F0549064BCA6802F434
:1066A000E0621343CB60BFF34F8F00BFFDE700BF35
:1066B00000ED00E00400FA0530B50D4DC0430A447A
:1066C000914201D1C04330BD11F8013B83EA00047F
:1066D00004F00F0455F8244084EA101080EA1313E4
:1066E00003F00F0355F8233083EA1010E8E700BFEA
:1066F000B45F0100142870B503460C4612D80B4A4B
:1067000012F81010D4E9000502EB4302A0FB0106C9
:106710005278002301FB0561FAF788F9C4E900010A
:10672000002070BD6FF01500FBE700BF4979010044
:1067300098B500AF07F000FA0346D0B10E480268E2
:1067400052070FD06C4688B06A460C4951610C491B
:10675000C2E90613042342F8103F4FF401510BF035
:106760008CFFA54607486FF00403436214300BF01A
:1067700082FFBD4698BD00BF7009002073790100FB
:10678000257C010000000020044B93F83A3013B13F
:10679000034807F07DBAFFF7CBBF00BF0000002021
:1067A000916A000098B503460E480268520700AF90
:1067B00013D06C468AB01B686A460B4951610B497D
:1067C000C2E9061340F201331384094B42F8103F2B
:1067D0004FF411510BF051FFA5466FF00400BD4678
:1067E00098BD00BF7009002091790100947B0100E1
:1067F0000400000110B500220F4904460F480EF0B6
:10680000C4FA002007F088F8024620B12046BDE80F
:106810001040FFF7C7BF01210720FFF7A3FC08487E
:10682000C36813B904300BF026FF20460549BDE8C4
:1068300010400BF0F5BA00BF6D6C00006000002046
:106840000000002073260100B0B584B000AF002323
:106850007B60C7F807304B79FB720B7913F020058A
:106860000C4625D08A797F2A08BFFF223A73C3F3EA
:10687000040203F01F03072B7A731BD979480268BF
:1068800055070FD06C4688B06A4677495161774901
:10689000C2E90613042342F8103F4FF401510BF0F4
:1068A000ECFEA5466FF0150528461037BD46B0BD75
:1068B000FF22DBE722780C2A26D8DFE802F009075E
:1068C00019251B251D25251F212523000122BA710D
:1068D0006278032A29D0042A29D06248036859071C
:1068E000E0D06C4688B06A46614B5361614B15E05D
:1068F0000222ECE70322EAE70422E8E70522E6E7C2
:106900000622E4E70722E2E7564803685C07C9D09D
:106910006C4688B06A46584B5361584B93610323C9
:1069200042F8103F4FF4C251B9E70122FA71628870
:1069300044F20A018A4231D843F6FE718A420CD8E9
:10694000002A55D0474803685A07ABD06C4688B038
:106950006A464B4B53614B4BE0E7A2F57F523F3AFF
:106960000B2AEFD801A151F822F000BFF96900000D
:10697000456900004569000045690000BD690000E7
:1069800045690000B96900004569000045690000DB
:106990004569000045690000F169000044F21401F6
:1069A0008A4227D044F228018A4225D044F20F01BE
:1069B0008A42C7D1032200E001223A723249012003
:1069C00000FA03F391F85020DBB2002D3CD0A579FA
:1069D0007F2D13D1134381F85030237991F8512042
:1069E00003F01F0300FA03F3134381F851300AE068
:1069F0000222E2E70422E0E70522DEE722EA0302C0
:106A0000787281F85020381D0DF010FC05460028E2
:106A10003FF44AAF134803685B073FF445AF23795F
:106A20006C468AB003F01F036A46184951610F494A
:106A30001562C2E90613052342F8103F4FF42151B5
:106A40000BF01BFEA5462FE7134381F85030237946
:106A500091F8512003F01F0300FA03F322EA030325
:106A6000C3E700BF70090020B5790100C37B0100B6
:106A7000F3790100AC7B0100D0790100BA7B010001
:106A80001B7A01009F7B0100000000204A7A010070
:106A9000F8B5037800AF002B40F0AF80694CE36A93
:106AA00094F850C01CEA030F254606D1A36A002BB8
:106AB0003FD165480BF0DFFD82E0018994F8980032
:106AC000A26D94F85160A8B90121DBB20B420CD041
:106AD0001CEA010F08D016EA010EB2F9000023D01B
:106AE00000EBD070401010800232490089B261453D
:106AF000ECD9DBE7334015D002EB41018A42D5D017
:106B0000B2F9003003EBD3735B1022F8023BF5E7D8
:106B100032F91360002EB8BF22F8130001338B4204
:106B2000F6DBC3E71846FAE70028B8BFA2F800E092
:106B3000DAE7236CB4F84C2033B144494448984711
:106B4000012835D002284BD0B4F84C30B4F8482096
:106B50009A4245D90133A4F84C3094F898305BBB85
:106B6000A36D94F8522003EB4203A36594F85210EE
:106B7000A06D06F0A1FF0346F0B136480268510748
:106B80000FD06E4688B06A46334951613349C2E935
:106B90000613042342F8103F4FF401510BF06DFD32
:106BA000B5466FF00403284863620BF064FD03E010
:106BB00094F89830002BD9D0E36B1BB9FFF7E4FDB4
:106BC000BD46F8BDBFF35B8F55E8003F5A1E45E850
:106BD00000210029F8D1BFF35B8F012BF0DDEDE739
:106BE000E36B002B3FF465AF94F89830002B7FF4F3
:106BF00060AF1B480EF0D5F85BE7022B1ED106F004
:106C00009BFF03460028DBD01248026852070FD0D2
:106C10006C4688B06A46134951611349C2E90613AC
:106C2000042342F8103F4FF401510BF026FDA54616
:106C300004486FF00403436214303BE7052BBFD1D7
:106C400037E700BF000000201400002028000020CB
:106C500078560100700900206E7A0100407C010026
:106C60006000002073790100627C0100094BBFF3D2
:106C70005B8F53E8002F511C43E800100028F8D127
:106C8000BFF35B8F0AB9FFF77FBD6FF00F025A6247
:106C9000704700BF000000202DE9F04385B0884612
:106CA00002AF4FF0FF338D484FF0FF3208F0A0FAEB
:106CB000D8F80460731EFE2B13D98948036859075E
:106CC0002ED06C4688B002AA864B5361864B9361E6
:106CD000032342F8103F4FF4C2510BF0CEFCA546FF
:106CE0001EE00024254626FA04F3DA0724D506F030
:106CF00059FEE040C3071DD4794803685D070FD0F3
:106D00006D4688B002AA794B5361774BC2E90634CD
:106D1000042342F8103F4FF401510BF0AEFCAD4696
:106D20006FF015046D480BF0A6FC20460C37BD46ED
:106D3000BDE8F0830135EDB20134082CD3D145B95B
:106D4000674803685907EBD06C4688B002AA684BC5
:106D5000BBE798F81030A3F10802062A19D8DFE83B
:106D600002F02A182C18041816000221012D98F898
:106D7000112024D0002A7BD0594803685E07CFD069
:106D80006C4688B002AA5B4B53615B4B9FE70321C3
:106D9000ECE7534802685207C2D06C4688B002AA9A
:106DA000564951615649C2E90613042342F8103F7F
:106DB0004FF4015191E70021D8E70121D6E7082AD5
:106DC00006D8DFE802F01313131313131313130081
:106DD000434803685D07A3D06C4688B002AB4949BD
:106DE00059614549C3E906121A46DEE7D8F8003072
:106DF000002B3DD05C68002C3AD1186801387F2800
:106E000036D83A707C701B683F4A1B01013B7B807F
:106E1000012382F898303B713A463C4B304606F0ED
:106E2000F7FD044600287FF47DAFD8F800206B0002
:106E300012B1928902FB0333D8F80C10994220D288
:106E400027480268540710D06C468AB002AA304D19
:106E50005561304D13620523C2E9065142F8103FD7
:106E60004FF421510BF009FCA5466FF00B0459E7D4
:106E7000254B002083F89800244B304606F098FDFF
:106E8000CFE7214E86F8525096F89830D8F808008F
:106E9000B065B146FBB1D8F8003099894D1CA9B254
:106EA00006F00AFE0446002838D00D48036859074A
:106EB0003FF438AF6D4688B002AA174B53610A4BB6
:106EC000C2E90634042342F8103F4FF401510BF09D
:106ED000D4FBAD4626E72946E2E700BF04000020C8
:106EE000700900208B7A0100707C0100AD7A0100EE
:106EF000CB7A01000E7B0100057C0100E57A0100E0
:106F0000167C0100447B010000000020916A000013
:106F10006B7B0100F37B01006E7A0100C446BCE884
:106F20000F00314D0FC5DCF800302B607462D8F8CB
:106F30000030002B55D00FCB05F1040C8CE80F006E
:106F4000F36BC6F828C0A6F84C40002B49D0BFF31D
:106F50005B8F59E8003F49E80042002AF9D1BFF3AE
:106F60005B8F96F89810E1B9F46B2048204A4FF4F3
:106F7000004C0023E4FB0C01F9F7A8FD0022CDE949
:106F80000001002305F1280009F0AEFA19484FF07E
:106F9000FF324FF0FF3308F02BF900B17062746AD2
:106FA000C0E606F0C9FD03460028EFD0124802688B
:106FB00052070FD06C4688B002AA1049516110499F
:106FC000C2E90613042342F8103F4FF401510BF0BD
:106FD00054FBA5466FF00403064873620BF04BFBAD
:106FE000D4E7FFF7D1FBD1E7280000203F420F0094
:106FF00040420F0014000020700900207379010046
:10700000DA7B0100F8B545680C796B7A026904F007
:107010001F04A34200AF17D85C4803685D070FD078
:107020006D4688B06A465A4B53615A4BC2E90634E2
:10703000042342F8103F4FF401510BF021FBAD4601
:107040006FF01500BD46F8BD2B7A002B4CD002EB3B
:107050004400B0F8A23023F460639BB2A0F8A230E1
:107060000E78043E0A2E42D8DFE806F00A410641B7
:107070004132354138413B0043F40073A0F8A2305F
:107080006B7A012B18D902EB4402B2F8A23023F438
:10709000E0439BB2A2F8A230087910F0200F4879A3
:1070A00049D0002837D18879012805D0032855D147
:1070B00043F48053A2F8A2304B78042B58D03348C5
:1070C00003685A07BCD06C4688B06A46324B16E05B
:1070D00043F48063D2E743F4C063CFE743F4006333
:1070E000CCE743F42063C9E70B78092BC8D02748C5
:1070F00003685C07A4D06C4688B06A46274B53618E
:10710000244B9361032342F8103F4FF4C2510BF01C
:10711000B7FAA54694E7012805D1887903281DD13F
:1071200043F40053C6E7022818D18879032815D103
:1071300043F44053BEE710B943F48043BAE7012853
:1071400002D143F4A043B5E7022802D143F4C0437F
:10715000B0E7032802D143F4E043ABE70B480368F0
:1071600059073FF46DAF6C4688B06A460C4BC6E7D2
:10717000488800283FF466AF044803685B073FF483
:107180005FAF6C4688B06A46064BB8E7F809002046
:10719000977C0100357E0100E47C0100B87C010091
:1071A000C97C0100FA7C01002DE9F04FDFF85C8119
:1071B000DFF85C9183B000AF836E80F8983050F8B0
:1071C000086CD0F89030C0F894303469DFF844A1EE
:1071D00094F8A050D5B9E36E2068002B00F09180A0
:1071E000D4F88430B4F8902033B104F16C0198479E
:1071F000012862D002287DD0B4F89030B4F88C20F9
:107200009A4277D90133A4F890305AE095FAA5F55F
:10721000B5FA85F504EB45037068B3F8A21041F4A4
:107220000141B9800BF056FA90B1D8F8003013F054
:10723000060F0DD0EB4688B06A460323C2E9059AD3
:107240004FF4C45142F8103F40460BF019FADD46A6
:1072500040F28A2008F098FD04F1580B08F014FD64
:1072600070683A1D01210BF00EFA002803DAA066BF
:10727000584607F089FFB7F90430002BEEDA706842
:10728000BA1D00210BF0FFF920B1A06604F15800EF
:1072900007F07AFFD4F89820B7F90630911C1B113B
:1072A000C4F898101380FB80012294F8A030AA4003
:1072B00023EA020384F8A0308AE7D4F89C30C4F8AB
:1072C0009830D4F8803004F10800002B3FF474AFFC
:1072D000BFF35B8F50E8003F5A1E40E800210029B1
:1072E000F8D1BFF35B8F012B3FF766AF0C37BD467C
:1072F000BDE8F08FD4F880301BB104F110000DF020
:1073000050FD04F1580007F03FFFEFE7F8090020B7
:10731000177D01004B7E01002DE9F04782B0066920
:1073200002AF80460D4648364FF0FF324FF0FF3334
:10733000304607F05DFF2868D8F81040D8F804A060
:1073400080B3B0F80C80D5F804904846F9F7EAFB12
:1073500008FB0000B9F1000F26D09AF80920B9FA0D
:1073600089F3C3F1200393421ED95A4803685B078F
:107370000FD06C4688B002AA574B5361574BC2E9F5
:107380000639042342F8103F4FF401510BF078F90D
:10739000A5466FF01504304607F0F6FE2046BD46C0
:1073A000BDE8F0878046CEE72B7C0C2B0CD04948FB
:1073B00002685507EDD06C4688B002AA4849516171
:1073C0004649C2E90613DCE76B7C83B14148036898
:1073D0005C07DED06C4688B002AA424B53613F4B3B
:1073E0009361032342F8103F4FF4C251CEE795F862
:1073F00012C0BCF1000F08D0364803685907C8D046
:107400006C4688B002AA384BE8E7AB6843B931480C
:1074100003685A07BDD06C4688B002AA334BDDE73B
:10742000EA68B2EB400F08D22A4803685B07B0D085
:107430006C4688B002AA2E4BD0E7C4F89830A94613
:10744000B9E80F0004F16C0EAEE80F00D9F8003077
:10745000CEF80030C4F868C02B6804F10808A3B364
:107460000FCB04F1800585E80F00E566A4F890C015
:1074700058B3BFF35B8F58E8003F48E800C2002ACA
:10748000F9D1BFF35B8F1B49D4F880501A4A4FF4EF
:1074900000408E466146E5FB00E100237046F9F7A7
:1074A00015FB0022CDE90001002308F1080009F0D6
:1074B0001BF84FF0FF324FF0FF3304F1580007F094
:1074C00097FE00B1A066A46E65E74046FFF76CFE2C
:1074D000EFE700BFF8090020367D0100607E010063
:1074E000607D01008A7D0100AC7D0100CD7D010041
:1074F000E07D01003F420F0040420F00B0B54368FD
:10750000056900AF044618680DF02CF9A0B148F2E7
:107510008351204BA5F8A210C5F8A430A5F8A810F7
:1075200060680BF0D7F80446F0B92B6DCBB905F1C4
:10753000480007F029FE14E0174803685A070ED0E8
:107540006C4688B06A46154B5361154B9361032313
:1075500042F8103F4FF4C2510BF092F8A5466FF07D
:1075600015042046BD46B0BD0B4803685B07F8D044
:107570006D4688B06A460B4B5361094BC2E906342D
:10758000042342F8103F4FF401510BF079F8AD4657
:10759000E7E700BF83858385F8090020FA7D0100B5
:1075A000287E01000C7E0100084B70B5C31A0D4601
:1075B00007499B1004465943064840220BF0C9F87E
:1075C0002B4601462046BDE870401847042900209C
:1075D000B76DDBB61856010073B50C4C0C4A40234E
:1075E000041B00930D460B460A49A410614306464E
:1075F00009480BF0D9F8011E05DA30462B4602B0D7
:10760000BDE87040184702B070BD00BF04290020DB
:1076100011280100B76DDBB6185601000022F8B53D
:10762000012105461046FEF79DFD104805F032FC8D
:107630000446B8B905F04EFC2F690D4938460AF0EA
:1076400010FA031E09DB01263E642D69084905F185
:107650001C000AF006FA031E02DA1C462046F8BD9A
:10766000EE64FBE76FF00404F8E700BFA1770000C9
:10767000006001001FB500220123CDE90223094A61
:10768000CDF800D06B46CDF804D00BF0BAF8002846
:1076900005DB4FF480420023684607F0A9FD05B0E2
:1076A0005DF804FB2328010010B5EFF311842023BB
:1076B00083F31288BFF36F8F074A136823F0020128
:1076C000DB07116002D401200CF06EF984F31188FD
:1076D000BFF36F8F10BD00BF5429002030B4104B92
:1076E0000C2202FB003301460020D3E90E529863BE
:1076F000EFF31180202484F31288BFF36F8F1C6C8A
:1077000004F0C00444F002041C6480F31188BFF349
:107710006F8F1DB12B46034830BC184730BC7047F3
:10772000042900201856010010B4EFF31182202321
:1077300083F31288BFF36F8F1748016841F002048A
:107740000460C80707D482F31188BFF36F8F01204C
:1077500010BC0CF021B94FF08041D1F80C04D1F8E5
:107760000C14C907EFD5EFF3118083F31288BFF330
:107770006F8F0A490B6C03F0C00343F002030B64E4
:1077800080F31188BFF36F8F82F31188BFF36F8F7F
:10779000002010BCFFF7A2BF5429002004290020BC
:1077A00010B1012804D07047034B1B6C5B0701D15B
:1077B000FFF794BF704700BF04290020024AC3B2FC
:1077C0001C2003FB00207047042900202DE9F04114
:1077D0003849BFF35B8F0746012251E8003F41E87B
:1077E00000200028F9D1BFF35B8F33B93249334809
:1077F0004B60CB608A600AF047F97B1E012B2BD8C7
:10780000012F07D14FF08043D3F81C3403F003035A
:10781000012B21D00DF0FCF80546F8B9284B1B7858
:10782000E3B14FF080430222C3F808230646DFF895
:1078300094804FF08044D4F81824D4F81834D2033C
:1078400015D503F00303012B01D0012F0FD155B340
:1078500086F31188BFF36F8FBDE8F081EFF31186D7
:10786000202383F31288BFF36F8F0125DFE7ADB1CB
:1078700030460AF0C9FED4F81835002BDBD1D4F815
:107880000421002AD7D0C4F80431D4F804310123EC
:10789000C4F81835C8F88031A360CCE70021212056
:1078A0000DF066F9E7E74FF080430222C3F80423A6
:1078B000D2E700BF00290020F02800202029002066
:1078C0002F5E002000E100E010B5044C2046FAF7DE
:1078D000C5FB2046FEF7A6FE002010BDE1780000A3
:1078E00073B5104E8DF807000446032501220DF1F3
:1078F0000701002007F0F0F820B101233370204683
:1079000002B070BD3378002BF9D0013D08D00DF0E6
:107910007FF80028EAD1002142200DF029F9E5E79F
:107920003570ECE7993D002008B507480CF01AFFC8
:1079300038B10648FEF776FE0448FAF78FFB0020C0
:1079400008BD6FF01200FBE7985701005179000065
:107950000A2838B5074D044604D1AB680D215B6891
:1079600028469847AB6803485B68E1B298472046D1
:1079700038BD00BF98570100024B0B600123136014
:10798000704700BF5829002000487047246001005C
:10799000B0B503460D480268520700AF11D06C46DF
:1079A0008AB06A460A4D55610A4D1162C2E9065312
:1079B000052342F8103F00234FF42151FBF7FAFE54
:1079C000A5466FF01500BD46B0BD00BFA40900205C
:1079D000AF7E0100157F010010B501221146064857
:1079E000064C0CF04CFF0CF0F4FA20600CF0EDFAB1
:1079F0006060002010BD00BF6029002058290020D1
:107A00004FF08042D2F81015D2F8103501F01E0167
:107A100023F01F030B4343F00103C2F81035024B60
:107A200000221A70704700BF9A3D00204FF080532B
:107A3000D3F83031082B20D14FF08042D2F8101506
:107A4000CB071AD5D2F8103501F01E0123F01F0321
:107A50000B43C2F81035D2F808315BB1D2F81035BB
:107A600023F01F030B4343F00103C2F810356FF0FE
:107A70008B007047024B01221A700020704700BF34
:107A80009A3D00202DE9F84300AF894615460CF0D9
:107A90009CFA2946064648460AF0D3FE03460028CB
:107AA0004AD0B9FBF6F306FB1393C84623B9B5FBDE
:107AB000F6F406FB1454C4B128480368590711D0E2
:107AC0006C468AB06A46264B5361264B1562C2E962
:107AD0000639052342F8103F00234FF42151FBF7EC
:107AE00069FEA5466FF015041FE0B5421DD34FF0A7
:107AF000FF324FF0FF331C48DFF8709007F078FB3F
:107B00000CF063FA0646FFF791FF044688B9404639
:107B100005F092FC99F800300BB1FFF771FFAD1B37
:107B2000B044F0D1104807F02FFB2046BD46BDE819
:107B3000F8836FF08B04F5E7084802685207D1D04C
:107B40006C468AB06A460A49516106491562C2E923
:107B50000619052142F8101FBFE700BFA409002045
:107B6000D07E0100347F0100602900209A3D002072
:107B7000AF7E01002DE9F0470E4600AF19463046B2
:107B80001C4690460AF05DFE0346D0B92F480268B5
:107B9000510710D06D468AB06A462D4951612D4972
:107BA0001462C2E90616052142F8101F4FF4215154
:107BB000FBF700FEAD466FF015042046BD46BDE85C
:107BC000F08744EA060515F0030511D01F48036845
:107BD0005A07F0D06D468AB06A461F4B53611D4B61
:107BE0001462C2E90636052342F8103F0023DDE7A0
:107BF000002CE2D01948DFF868A04FF0FF324FF0B8
:107C0000FF3307F0F5FA6319032BA6EB050909D832
:107C1000144AD2F80034DB07FBD500240F4807F0E4
:107C2000B3FACAE7FFF702FF60B9A8EB05034846BD
:107C3000196805F01DFC9AF800300BB1FFF7E0FE63
:107C4000043DE0E76FF08B04E8E700BFA4090020E3
:107C5000AF7E0100247F0100F37E01006029002037
:107C60009A3D002000E00140F0B544681646A06847
:107C7000227C01F01F0587B045EA421500286DD02F
:107C8000B6F5001F04D129460CF095F9002056E006
:107C90006268607CC2F8240501AA0020B6F5800F56
:107CA0000190506037D1B3F1007F14BF0523042346
:107CB0008DF804300023CDE904230393E36823FA0D
:107CC00001F111F001010DF103073AD1B6F1A07FE6
:107CD00037D105F01F036A0903F5E07326D0012AA6
:107CE0003FD1214A52F82330DB072AD4A0683A4614
:107CF00029460CF0D6F816301BD00297A06803AACC
:107D000029460BF09AFF002819DBA06801222946BA
:107D10000CF0FEF8BAE7B3F1C06F05D0B3F1007F05
:107D200014BF01230223C3E70323C1E74FF0A0429E
:107D3000D8E7A068394605F07FFA0028DDDA07B0F9
:107D4000F0BDA0683A4629460CF0ABF80028D5D122
:107D50009DF80310A06805F069FACFE76FF0850081
:107D6000EDE751F82330FFDE0003005070B54668A0
:107D70000546B06890B10CF0C3F8014670B9B06820
:107D80000CF0A2F8044678B902460949B0680CF034
:107D900085F8224605210620FEF7E4F92846054924
:107DA000BDE870400AF03CB86FF0040070BD00BF41
:107DB000B97D00003D290100420970B5034602D09B
:107DC000012A17D070BD0D4E326951680029F9D0D3
:107DD00003F01F0301250C689D400029F2D08A683A
:107DE0002A4002D04B68304698472CB12368214680
:107DF0001C46F2E7024EE7E72346F8E75856010033
:107E0000385601002DE9F043476840F20636D006A7
:107E10003B7C87B002EA060654BFC2F3401C4FF019
:107E2000030C01F01F05B6F5837F144645EA4315A0
:107E30008DF803C045D00DD8062E16D005D8A6B1B2
:107E4000022E40D06FF0150038E0B6F5807FF9D1F2
:107E500001260AE040F20222964236D0B6F5407F73
:107E600035D0B6F5007FEDD102260123220303FAB7
:107E700001F12ED57B68C3F80815B86890BB05F0F2
:107E80001F036D092BD0012D75D13D4A02EB8302F2
:107E900084F48033D2F80017C3F30043C4F34044A2
:107EA00044EA430421F4E16144EA8C0421F007012F
:107EB00044EA06230B43C2F80037002007B0BDE8B0
:107EC000F0830726D1E70426CFE70526CDE7032672
:107ED000CBE7630344BF7B68C3F80C15CDE74FF0D5
:107EE000A042D3E70DF1020229460BF0DAFF14F4A9
:107EF000403F80460CD1B86829460CF007F8B8F12D
:107F0000000FDAD19DF80210B86805F08FF9D4E7B8
:107F10004FF0000901ABCDE90199CDE90439CDF865
:107F20000C90B86803AA29460BF087FE4845C4DBCD
:107F300014F4003314D084F480349DF803308DF8A9
:107F40000E30C4F300448DF80C608DF80D40B86815
:107F50004B4603AA29460BF028FF0028CFDAACE7EE
:107F6000CDE904330DF103030393B86803AA29464E
:107F70000BF063FEF1E703F5E07350F82330FFDE0A
:107F800000030050B0B5416803460A6900AF0446DB
:107F900000690CF095FA0546C0B10E4803685B070E
:107FA00014D023686C468AB06A460B4951610B496C
:107FB000C2E9061340F201331384094B42F8103F23
:107FC00000234FF41151FBF7F5FBA5462846BD46AB
:107FD000B0BD00BFAC090020917901001380010001
:107FE0000400000198B511F00103026900AF18D137
:107FF000C1F34200012817D002281ED011480268A0
:1080000052070ED06C4688B06A460F4951610F493D
:108010009161032142F8101F4FF4C251FBF7CAFBD4
:10802000A5466FF0150006E013684FF0CC70C3F85A
:10803000240511640020BD4698BD13684FF0CD6043
:10804000F5E700BFAC090020A27F0100FC7F010022
:108050002DE9F04387B000AF0C46D0F8108097F8B8
:108060003C90154600211222B81D1E460CF066FFFA
:108070003A8F7A7104F0010314F008023B71BE607C
:108080003D611AD0144803685C0705D16FF0850084
:108090001C37BD46BDE8F0836C4688B06A460F4B7E
:1080A00053610F4B9361032342F8103F00234FF4B9
:1080B000C251FBF77FFBA546E8E7A10705D4B9F15C
:1080C000000F07D1002BE1D12022391D404606F0D8
:1080D00049FBDDE74022F8E7AC090020B87F01004A
:1080E000E27F01002DE9F0474668336800AF05469E
:1080F0001BBB48480268510716D06C468AB02968F5
:108100006A46DFF814C1C2F814C0DFF810C1C2E932
:1081100006C140F201311184414942F8101F4FF469
:108120001151FBF747FBA5466FF012043368002B93
:1081300036D12046BD46BDE8F0870024F6E7354835
:1081400003685907F5D06D4688B06A46354B5361D0
:10815000324BC2E90634042342F8103F00234FF4A7
:108160000151FBF727FBAD46E3E72A4802685207B7
:1081700013D06C468AB029686A462B4D5561274D4D
:10818000C2E9065140F201311184254942F8101F1D
:108190004FF41151FBF70EFBA5466FF01204C8E730
:1081A000002CFAD1A0464FF00109746854F8380049
:1081B00004EBC80A0CF0D6FA03460028D5D054F8D0
:1081C00038009AF80410BAF80630D0F810C0D0F889
:1081D00008A0DCF80040DA0754BF43F4B01383F47E
:1081E000D01323F4801209FA01FEDB074CBF44EAE6
:1081F0000E0424EA0E04CCF80040DAF80030984768
:10820000044600289BD1336808F101089845CCD377
:108210008FE700BFB0090020258001009580010094
:108220000400000154800100778001002DE9F04135
:1082300045682B6800AF0246002B37D11C48016807
:10824000490713D06C468AB011686A46194D5561CA
:10825000194DC2E9065140F201311184174942F823
:10826000101F4FF41151FBF7A5FAA5466FF012004D
:10827000BD46BDE8F081D5F80480260158F8060017
:108280000CF070FA034658B9094802685207EDD05D
:1082900058F806206C468AB011686A46084DD6E741
:1082A00001342B689C42E6DB0020E1E70024F8E77C
:1082B000B409002025800100D380010004000001E2
:1082C000B6800100036803F01F025B09026004D05E
:1082D000012B034818BF002070474FF0A0407047A3
:1082E000000300502DE9F04FDFF87081DFF8709146
:1082F00085B09246834600EB810140F2FF17594555
:1083000003D1002005B0BDE8F08FDBF80030580441
:10831000C3F3C322C3F3080400F19980BC4218F8E8
:1083200002604FEA136312D0192B1DD94E2B40F077
:108330009180CAF8144503A80394FFF7C3FF039B79
:10834000012505FA03F3C0F808352A4643E0192B46
:1083500008D94E2B7ED14FF0FF33CAF814350BF1FC
:10836000040BCCE74FF0FF34032B73D9043B152BE0
:1083700070D8DFE803F00B11216F6F6F6F27546F18
:108380006F6F6F6F6F6F6F6F57636669631CCAF8AB
:108390000845E4D0002504E0651CCAF80C45DED091
:1083A000012503A80394FFF78DFF039B012202FA26
:1083B00003F3C0F80C350EE0CAF81045631CCED0AC
:1083C0000025C2E7CAF80845002EF7D1601CC6D0C8
:1083D00000252A460626DBF80030019303F400400E
:1083E000002818BF002203A8009218BF012503949B
:1083F000FFF768FF039C019B009A00EB8400C3F326
:10840000412CD0F80047330243EA8C03134304EABB
:108410000904234343EA4503C0F800379FE7CAF83D
:108420000C45D1E7CAF86045621CDBF8003096D0F5
:10843000C3F30043002B7FF47EAFB1E7CAF8644575
:10844000F2E7CAF86845EFE7CAF86C45ECE76FF069
:10845000150057E76FF0850054E700BFF180010079
:10846000F0F8FCFF036803F01F025B09026004D010
:10847000012B034818BF002070474FF0A040704701
:1084800000030050B0B5054600AF002201211C20BA
:10849000FDF768FE2B69144A696818460BF00CFE5C
:1084A000041E1BDA114803685B0714D02B686D4665
:1084B0008AB06A460E4951610E49C2E9061340F27C
:1084C000013313840C4B42F8103F00234FF4115139
:1084D000FBF770F9AD462046BD46B0BD07492846BA
:1084E00009F09EFC0446F6E7DF2B0100D8090020C6
:1084F0009179010059810100040000010B2C010059
:108500002DE9F04383B000AF0329B7F828C04668CF
:10851000046905460CF0010C12D9654803685C0734
:1085200038D06C4688B06A46624B5361624BC2E9F0
:108530000631042342F8103F00234FF4015126E096
:10854000B07D01284FF0010804BF5B08520808FA0B
:1085500001F8002B00F082809A4240F28280A069EC
:1085600082422CD0207F30EA080019D0504803689E
:108570005A070FD06C4688B06A46504B5361504B37
:108580009361032342F8103F00234FF4C251FBF7DD
:1085900011F9A5466FF015000C37BD46BDE8F08314
:1085A0009646BEF5004F46D2A2616077226896F8E3
:1085B0001690C2F80C05C2F80495C2F808E5627F6F
:1085C00023FA02F292B24FF0010E68688CF00109B2
:1085D000006A42EAC93220F811205FFA88F8BEF139
:1085E000000F4DD1226801F5AC7152F82120002A0C
:1085F00010DBBCF1000F57D0B3FA83F35B09002BFB
:1086000034D17A60381DFFF72DFF7A68012393403B
:10861000C0F80C35217F21EA08012177002934D0E8
:10862000A37F002B38D11023012206F12001204620
:108630000BF054FD2EE0013008284FEA5E0EB0D159
:108640001B4803685B07A5D06C4688B06B461D4984
:1086500059611B49C3E906121A466AE79E461A4643
:10866000B3E74FF0000E47F6FF72AEE77A60381DB1
:10867000FFF7F8FE7A6801239340C0F80835C9E790
:10868000237F48EA03032377CAE728690BF05EFDDE
:108690000123A37700207FE70023A37720460BF078
:1086A0006FFD0028FAD0BEE7003B18BF0123A6E704
:1086B000D8090020F98001008081010012810100A9
:1086C000678101002B810100014B01221A60704774
:1086D00000C000400C2903690BD15B6A06490748BA
:1086E0004B4393FBF0F100FB11331160536000200A
:1086F00070476FF08500704790D0030040420F0034
:10870000044B00690022C3F80021D3F8003106F0C1
:108710003BBD00BF00C000407FB50569AB6A63B3D5
:10872000432901D00C292BD105F110064FF0FF325F
:108730004FF0FF33304606F05FFC134B0193A86AFD
:108740000323002469460394029309F09DF94FF036
:10875000FF324FF0FF33284606F04AFDA86A09F0C1
:10876000EAF90A4BD3F808256A6201225A603046BA
:1087700006F0BAFC204604B070BD6FF00A00FAE7BC
:108780006FF08500F7E700BFC986000000C0004019
:1087900010B504690020FFF711F8A0624FF0FF3216
:1087A000002120460CF06BF804F110000CF060F88A
:1087B000002201210C20FDF7D5FC0C20FDF7A2FCC6
:1087C000024B0122C3F80423002010BD00C000406A
:1087D00070B5032904691CD80F4B58560F4B5E56D1
:1087E0000F49B04202F1080201DD002070BD031DF7
:1087F00004EB43032569B3F901301B116B4393FB71
:10880000F1F501FB153342F8085C42F8043C0130F5
:10881000E7E76FF08500E9E7938301008F830100AC
:1088200040420F00B0B505696B6800AF1C6805F1E8
:10883000080207232721A047041E16DA0E48036802
:1088400013F0060F0ED06D4688B06A460B4B53618D
:108850000B4B9361032342F8103F4FF4C4510AF0CD
:1088600023FAAD462046BD46B0BD2B7A13F00F0F5C
:1088700018BF0024F6E700BFB8090020C28101003C
:10888000EE83010098B521F04003032B00AF03D124
:10889000FFF7C8FFBD4698BD0C2917D10D480368E6
:1088A00013F0060F02D16FF08500F3E76C4688B035
:1088B0006A46094B5361094B9361032342F8103F09
:1088C0004FF4C4510AF0F0F9A546ECE76FF03C0014
:1088D000E0E700BFB8090020E5810100D583010071
:1088E000B0B5436800AF1B6805469847041E15DA0B
:1088F0000D4803685B070ED06D4688B06A460B4B87
:1089000053610B4B9361032342F8103F4FF4C25164
:108910000AF0CAF9AD462046BD46B0BD0549284615
:1089200009F07EFA0446F6E7B80900200A82010041
:1089300097830100398B000098B50C48036813F049
:10894000060F00AF0ED06C4688B06A46084B5361E4
:10895000084B9361032342F8103F4FF4C4510AF0CF
:10896000A3F9A5466FF08500BD4698BDB809002063
:108970002C820100C58301002DE9F04784B006690F
:10898000D0F8049000AF05460021A4200CF0F0F8C8
:108990007368DFF87C819B68FA1D0F212846984791
:1089A000041E14DAD8F8003059072AD06D4688B072
:1089B0006A46584B5361584B9361032342F8103F6A
:1089C0004FF4C25140460AF06FF9AD4619E0FB7909
:1089D000332B1BD0D8F80020520710D06C4688B03B
:1089E0006A464E4951614C49C2E90613042342F8D4
:1089F000103F4FF4015140460AF056F9A5466FF07A
:108A0000150420461037BD46BDE8F08799F80C20C4
:108A1000D3070BD5424B44F6161142F28B40C3E903
:108A20000001404949F22D24C3E9024192071AD5B9
:108A300073681C6980231A461E212846A047041E1D
:108A400011DAD8F800305B07DBD06D4688B06A4693
:108A5000354B5361304B9361032342F8103F2C4850
:108A60004FF4C251AFE74FF0000AC7F809A087F8EA
:108A70000DA073684FF007095C6887F8089006231B
:108A800007F1080220212846A047041E08DAD8F87A
:108A900000305E07B5D06D4688B06A46234BD8E7F4
:108AA0001F4B1B68336173685246DB6823212846DD
:108AB0009847041ED8F8003006DA5D07A1D06D464D
:108AC00088B06A461A4BC4E703F00703022B15D996
:108AD0006C468CB033696A46164951610E49916102
:108AE00002200421C2E90701C2E909A3084842F8AB
:108AF000109F4FF463510AF0D7F8A54673684722D8
:108B00003275DB68202128469847044679E700BF84
:108B1000B80900205A820100B48301007682010066
:108B20008406002094B6010091820100BB820100FE
:108B3000DF8201000B830100F0B583B0066900AF4E
:108B40000546032903D8DFE801F0380C4D086FF023
:108B5000850420460C37BD46F0BDFFF70DFF0446E7
:108B6000F7E77368FA1D9B6826219847041E13DAFD
:108B70001D4803685907ECD06D4688B06A461B4B08
:108B800053611B4B9361032342F8103F4FF4C251D2
:108B90000AF08AF8AD46DCE77368327DDB68202195
:108BA00028469847041ED4DA0F4803685B07D0D0E4
:108BB0006D4688B06A460F4BE2E7736806F114020F
:108BC0009B6820219847041E08DA074803685A0763
:108BD000BFD06D4688B06A46074BD1E77368002264
:108BE000DB68DCE70024B4E7B80900203383010028
:108BF000A3830100548301007283010098B5436888
:108C00000469586800AF0BF0ADFD0346B0B90D48DC
:108C1000026852070ED06C4688B06A460A49516114
:108C20000A499161032142F8101F4FF4C251FAF72B
:108C3000C1FDA5466FF01200BD4698BD044B6360B0
:108C40000020F9E7B8090020128401002E840100F9
:108C50009461010010B50D29036914460DD1B3F9D3
:108C60000000074A4FF224435843C1170023F7F787
:108C7000DDFEC4E90002002010BD6FF08500FBE7B7
:108C800040420F0070B50D46191E066904461EDAF3
:108C9000184810184FF000034FF2244261F1000110
:108CA000F7F7C4FE728810F55C7341F10001D2063B
:108CB00016D540F6D142934271F1000117D2C0009F
:108CC00082B229466068BDE870400AF0D7B847F61E
:108CD0001223D01841F100014FF224420023DFE7B4
:108CE000B3F5376F71F1000101D20001E8E76FF0D1
:108CF000150070BDEE85FFFF0D2910B51C462DD166
:108D0000072A2BD8DFE802F01537432A2A2A2A043B
:108D10002368802B0BD0962B20D1102210210AF033
:108D2000CCF80028ACBF00206FF0040010BD00227A
:108D3000F4E72368C3EB431103EB810163684FF44D
:108D40007A7493FBF4F303EBC1039BB2B3F57A6F30
:108D50000DD006D8FA2B08D0A3420AD06FF08500B8
:108D6000E4E7B3F5FA5FF9D1C022C021D7E780224A
:108D7000FBE74022F9E76168094A2468CB17C4FB86
:108D800002130A460221BDE81040FFF77BBF61686D
:108D9000034A2468CB17C4FB02130A460321F2E7F7
:108DA00040420F00F8B546680469054600AF3068D8
:108DB0000BF0D8FC0346E8B933480268540714D0D6
:108DC00032686C468AB011686A46304D5561304D44
:108DD000C2E9065140F2013111842E4942F8101FB8
:108DE0004FF41151FAF7E6FCA5466FF01504204642
:108DF000BD46F8BD337D327A1B0103F0100343EA10
:108E0000821343F4C04300226380114628460AF0CF
:108E100054F80446A8B11C4803685907E7D06D46CA
:108E200088B06A461C4B5361194BC2E906340423CF
:108E300042F8103F00234FF40151FAF7BBFCAD4656
:108E4000D5E7F2680221D3172846FFF71BFF044637
:108E500040B10D4803685A07C9D06D4688B06A46CC
:108E60000E4BE0E732690321D3172846FFF70AFFCC
:108E700004460028BBD0044803685B07B7D06D46A2
:108E800088B06A46064BCEE76C0900203E8401009C
:108E9000C984010004000001578401007C840100A2
:108EA000A2840100F0B583B044680346E06900AFD6
:108EB000002800F089801D69032900F28280DFE824
:108EC00001F065361D0294F82010638C0669D0F815
:108ED00008C03468DA0754BF43F4B01383F4D013E6
:108EE000012523F480128D40DB074CBF2C43AC439B
:108EF0003460DCF800309847044620B9002420464E
:108F00000C37BD46F0BD314803685907F7D06D46B0
:108F100088B06A462E4B53612E4B9361032342F86F
:108F2000103F4FF4C25109F0F7FFAD46E7E70121CA
:108F300004F11C0009F0DCFF90B1244803685A07D3
:108F40000ED06E4688B06A46234B5361214B936125
:108F5000032342F8103F4FF4C25109F0DDFFB5463C
:108F6000666A1E4C1E4A4FF400400021E6FB004199
:108F700000232046F7F7AAFD02460B4638460BF0C1
:108F8000BEFED7E90023C5E90623B7E7002104F1B7
:108F90001C0009F0ADFF0028B0D00C4803685B0747
:108FA000ACD06C4688B06A460E4B5361094B936156
:108FB000032342F8103F4FF4C25109F0ADFFA5461C
:108FC0009CE76FF085049AE7044698E7FC090020C7
:108FD000E68401001A8601000D8501003F420F0062
:108FE00040420F00328501002DE9F04182B0212975
:108FF0004668036900AF154672D1B27A1B8C12F035
:109000002001727918BF1BB2002A43D0F27996F87A
:109010001080042A09BF3268F2899268128919B156
:1090200008F1FF385FFA88F8B07983FB02323946DD
:10903000C7E90032FDF75EFB044668BB7A683B680F
:10904000C8F12000B8F1200102FA00F023FA08F379
:1090500043EA00035CBF42FA01F10B4342FA08F213
:10906000C7E9003213F1004342F1000212B11E4879
:1090700008F02AFA7169386839BB4FF47A7390FBAB
:10908000F3F22A60194A434393FBF2F102FB1133D6
:109090006B6015E06FF08504154803685B070FD01F
:1090A0006D4688B06A46134B5361134BC2E90634D0
:1090B000042342F8103F4FF4015109F02DFFAD4653
:1090C00020460837BD46BDE8F0814FEAE07EA0FBB0
:1090D000010CB269002301FB0EC1F7F7A7FCCCE736
:1090E0006FF08504ECE700BF5885010040420F0097
:1090F000FC0900207C8501002A860100F0B583B0C0
:1091000021294668056900AF01D0432936D1384688
:10911000D5E906230BF018FED7E900010BF028FD76
:10912000304609F0DAFE0446B8B1164803685A071B
:109130000FD06D4688B06A46134B5361134BC2E99A
:109140000634042342F8103F4FF4015109F0E4FEC5
:10915000AD4620460C37BD46F0BD306883682946D1
:109160005B68984704460028F3D0064803685B070D
:10917000EFD06D4688B06A46054BDEE76FF0850498
:10918000E7E700BFFC0900208E850100248601006E
:10919000A78501002DE9F04182B000AFD0F804802E
:1091A000066905460022384600230BF0A8FDD7E9E2
:1091B0000023C6E90623D8F800000BF0D3FAC8B99B
:1091C0003C4803685C070ED06C4688B06A463A4B50
:1091D00053613A4B9361032342F8103F4FF4C2515D
:1091E00009F09AFEA5466FF0120420460837BD46E6
:1091F000BDE8F081D8F81C0058B10BF0B3FA40B9C3
:109200002C4803685907EED06C4688B06A462C4B50
:10921000DEE7404609F061FE0446A0B12548036838
:109220005A07E2D06D4688B06A46264B5361234BFD
:10923000C2E90634042342F8103F4FF4015109F00B
:109240006BFEAD46D1E798F80530C3B919480368FD
:109250005B0711D06C4688B06A461B4B5361174BB5
:1092600093616FF08503D361042342F8103F4FF4FC
:10927000015109F051FEA5466FF08504B5E798F855
:109280000420124901239340736098F8103033741E
:1092900098F81130737406F12003B3600223F36071
:1092A00098F8283083F00103B374284608F0B8FD1D
:1092B00004469AE7FC090020B88501000D860100EC
:1092C000CD850100E9850100F7850100A58E00002C
:1092D0002DE9F0474568D0F81080012100AF06461F
:1092E000686B09F037FEE96B481C35D0A86B09F0B4
:1092F0002BFF10F1130F044618D1424803685A0798
:109300000ED06C4688B06A463F4B53613F4B936129
:10931000032342F8103F4FF4C25109F018FEA5464E
:109320006FF012042046BD46BDE8F087431D13D1FF
:10933000344803685D07F5D06D4688B06A46344B03
:109340005361324B9361032342F8103F4FF4C251F3
:1093500009F0FDFDAD46E5E7EB6A9847D8F83050D7
:109360004FF00109D8E90C3203EBC2039D4209D347
:1093700008F1280009F04DFE2649304608F050FD5E
:109380000446CFE728680BF0EDF9C0B91D48036823
:109390005907C5D02B686C468AB019682B796A4684
:1093A0001D4D556113621D4D40F2013393841C4BDA
:1093B000C2E9065142F8103F4FF43151ADE7286839
:1093C0002979EB88D0F810C0D0F808A0DCF800406C
:1093D000DA0754BF43F4B01383F4D01323F480129C
:1093E00009FA01FEDB074CBF4EEA040424EA0E042E
:1093F000CCF80040DAF800309847041E92DB0835BC
:10940000B0E700BFEC0900203C8601004388010062
:109410006B8601009B2F01008C86010026880100CD
:1094200005000001B0B5027800AF034642B90C69EF
:10943000D4F8802032B9E06F6FF0730109F012FEAA
:10944000BD46B0BD606F48B1A16F39B1DB682BB1CB
:10945000834203D0D4F88C100BF048FD236FD4F86E
:109460008020A3B19A422FD9304803685A070ED002
:109470006D4688B06A462E4B53612E4B9361032391
:1094800042F8103F4FF4C25109F061FDAD46A36FA1
:10949000D4F88020A3B19A422FD9244803685B07EF
:1094A0000ED06D4688B06A46214B5361224B9361C2
:1094B000032342F8103F4FF4C25109F048FDAD4676
:1094C000E06F09F0E1FDBBE79B1A23677BB9E36D11
:1094D0000833E365236E013B236604F1700204F157
:1094E000600104F15C0009F01FFDE066CFE7E36E68
:1094F000002BCCD01344E366C9E79B1AA3677BB962
:10950000636E08336366A36E013BA36604F17802C1
:1095100004F1680104F1640009F006FD6067CFE71B
:10952000636F002BCCD013446367C9E7EC090020BC
:10953000B486010087880100718801002DE9F04F91
:109540008FB000AF9A464368FB608B8804698946F8
:1095500099040646934640D44FF0FF324FF0FF3354
:1095600004F1380005F044FEC4F82C907568D6F874
:1095700010802B687B6098F8853023B1D8F82830AC
:10958000994500F05481B9F804E01EF4006F2BD027
:109590008A4803685A070ED06D4688B06A46884BE1
:1095A0005361884B9361032342F8103F4FF4C2513B
:1095B00009F0CDFCAD466FF08505A36A13B19B8819
:1095C0009B0405D40023E36204F1380005F0DCFDC0
:1095D00028463C37BD46BDE8F08F236C002BBBD13D
:1095E000E36A9945B8D1C1E71EF0010F1BD073485B
:1095F00003685B0702D16FF01505DEE76D468AB0A0
:1096000033686A46704951616E49C2E9061340F2F7
:10961000013313846D4B42F8103F4FF4115109F0A0
:1096200096FCAD46E7E71EF0080F10D063480368CC
:109630005E07E0D06D4688B06A46654B5361614B6A
:109640009361032342F8103F4FF4C251E7E7CEF392
:109650004513082B08D0594803685D07CBD06D46E9
:1096600088B06A465B4BE9E7D9F80030BB60BA685E
:10967000594B9A4208D8514803685907BBD06D46E8
:1096800088B06A46554BD9E704350FCD07F1100C69
:10969000ACE80F000FCDACE80F00D7E901239A42E8
:1096A00028BF1A4695E803004D4B9A428CE8030008
:1096B00017D24C4B9A4214D24B4B9A4211D24B4B7D
:1096C0009A4260D84A4B9A425FD84A4B9A425ED837
:1096D000494B9A425DD84948494B4A49824288BF22
:1096E0000B461EF0020F7B620EF0040353D0002BDA
:1096F00014BF0323022387F82830CEF3001387F822
:109700002930D8F80030D3F808355A1C13D01EF091
:10971000020F03F01F00CEF340014FEA53134FF046
:1097200001023FD1002B3AD0934240F04981364BA1
:109730008240C3F80C2598F885302BB1404604F0E0
:109740009DFD002388F88530304A334607F110012B
:1097500040460AF0E5FD051E64DA184803685E0716
:109760003FF42BAF6E4688B06A46294B5361154BC8
:10977000C2E90635042342F8103F4FF4015109F0C5
:10978000E6FBB54619E7234BABE7234BA9E7234B91
:10979000A7E7234BA5E7003B18BF0123ABE74FF03A
:1097A000A043C5E73BB1012B40F00D81164B824031
:1097B000C3F80825BFE74FF0A043F8E7EC09002005
:1097C000D68601009D880100F48601000400000196
:1097D0001A8701003D87010047E8010070870100FA
:1097E0000048E8010024F40000127A00FF083D0060
:1097F0007F841E003F420F001FA107008FD003008F
:1098000048E8010090D003000003005025940000B8
:10981000A587010000093D0080841E0040420F0022
:1098200020A10700012388F88530C8F8289001237B
:1098300084F88430FB68D96B481C18D0986B09F009
:10984000ABFC743013D16248036813F0060F0ED0DE
:109850006D4688B06A465F4B53615F4B936103234B
:1098600042F8103F4FF4C45109F071FBAD46BBF113
:10987000000F7AD1C4F85CB00023236604F17002B3
:1098800004F1600104F15C0009F04EFBE066BAF1FE
:10989000000F72D1C4F864A00023A36604F178021B
:1098A00004F1680104F1640009F03EFB002504F1B5
:1098B00028082A46606701214046A56509F089FB12
:1098C000304609F0E1FB206E2A462B4683425CD1EC
:1098D0000023A56E1946A9425ED19A4238BF1A46A6
:1098E0004FF4FA5303FB02F5A36A4FF4004C1B68D4
:1098F000B5FBF3F540F2E730C83500214FF47A723A
:109900000023E5FB0C01F7F7E1F804F148080246F3
:109910000B46404605F06CFC0246002843D02C481C
:1099200003685A070ED06D4688B06A462B4B5361C8
:109930002B4B9361032342F8103F4FF4C25109F0BF
:1099400006FBAD4600252046C4F8805004F096FC86
:1099500084F885506FF07301304609F083FB404670
:1099600005F06CFC6FF0730527E6DBF80030E3656B
:10997000002B81D0DBF804307FE7DAF80030636633
:10998000002B89D0DAF8043087E7E16D01EBC301E1
:10999000013349680A4499E7606E00EBC100013168
:1099A0004068034497E7A56D15F1740FCAD0002DE8
:1099B0003FF403AE30691146283009F00AFBFCE59C
:1099C000C1F80C15FFDE0023C3F80835FAE700BF25
:1099D000EC090020CE870100A7880100FC87010068
:1099E0005188010000F01F0240090DD001280ED15E
:1099F0000A4B03EB82030A4AD3F80007024042EA0B
:109A00008102C3F8002770474FF0A043F1E702F549
:109A1000E072002353F82230FFDE00BF0003005045
:109A2000F0F8FCFF70B5012383400E4ABFF35B8F53
:109A3000DC4352E8001F01EA040542E80056002E0C
:109A4000F7D1BFF35B8F4FF4803282400648C0F8F5
:109A50000823BFF35F8FBFF36F8F0B4214BF01204A
:109A6000002070BDD02900200010014070B40E49C4
:109A7000D1E90034D01AC31844F1000422F07F4623
:109A8000C1E90034A6F50013B3F5400F09D2074B26
:109A90001B681A0A1B069C19054B42F10005C3E915
:109AA000004570BC06F026BC781D0020D42900209B
:109AB000801D002011B3BFF35B8F0123104A834048
:109AC00052E800CF4CEA030C42E800C10029F7D16C
:109AD000BFF35B8F0B4A4FF480338340C2F80433EB
:109AE000094BBFF35B8F1B68BFF35B8FC340DB0782
:109AF00042BF064B4FF40032C3F80021704700BF4D
:109B0000D029002000100140CC29002000E100E015
:109B10000D4B1868010A0006BFF35F8F0B4BD3F89B
:109B20000435181841F10001B3F5801F0AD2084B23
:109B3000D3E90023904271EB030303D210F180704C
:109B400041F10001704700BFD429002000100140FE
:109B5000801D00202DE9F04F85B016461F469DF868
:109B600040A00446FFF75EFF0190FFF7D1FFB0422F
:109B700071EB070354D23E4B301A67EB0101984258
:109B800071F100014FD23B4B03EB0413D3E90223E5
:109B90009F4208BF96425ED037494FF4803804F1A7
:109BA000500508FA04F8AD00C1F848832046ADB26C
:109BB00009F01AFB26F07F4B05F1804504F5A873E8
:109BC00005F58835DC464FF003090293029A2CF024
:109BD0007F4341F82230C1F84483D1F80435274A45
:109BE0006FF00200C01A604420F07F40904232D9EA
:109BF000286868B1D1F804350393A3EB0B0020F07B
:109C00007F40B0F5000F26D9204609F0EDFA039BFE
:109C1000BAF1000F07D109EB030C09F10109D5E7EF
:109C2000BAF1000F09D06FF0150520460199FFF732
:109C300041FF284605B0BDE8F08F0123104ABFF36D
:109C40005B8FA34052E8000F184342E8000100294F
:109C5000F8D1BFF35B8F07490E98230101EB041283
:109C6000C8500F9B5360C2E902670025DDE700BFC3
:109C700001008000681D002000100140FDFF7F00F2
:109C8000CC2900207FB51C4C1C4BC4F80833C4F809
:109C900048331B4B00254FF0FF304FF0FF31C4F825
:109CA0000855C3E902014FF48033C4F80433154B5F
:109CB00002264FF400320121C4F804631120C3F8D6
:109CC00080212A46FCF74EFA1120FCF71BFA0E4AB7
:109CD0000123A360236013600C4B0D4A0093CDE970
:109CE000015500232846FFF735FF3046FDF76EFD8E
:109CF000284604B070BD00BF0010014003000F00F3
:109D0000681D002000E100E0D02900206D9A0000CD
:109D1000FFFF7F002DE9F7432F4CD4F80433990758
:109D20000BD5D4F8043143B12C4A0023C4F80431D4
:109D3000D4F80431136801331360D4F80433DA0320
:109D400029D5BFF35B8F264B53E8002F22F001018A
:109D500043E800100028F7D1BFF35B8FD30702D48C
:109D6000D4F84031BBB10025C4F84051D4F840319B
:109D7000FFF7CEFEEFF31182202383F31288BFF3A7
:109D80006F8F184BD3E90267B042B94106D282F314
:109D90001188BFF36F8F03B0BDE8F0834FF0FF3839
:109DA0004FF0FF39C3E90289D3E900101D604FF479
:109DB0008033C4F84833C4F84051D4F8403182F3BA
:109DC0001188BFF36F8F0029E5D0009032463B46E3
:109DD00028468847DFE700BF00100140D429002053
:109DE000CC290020681D002030B5431C124C85B0E2
:109DF00005D08442A8BF0446012CB8BF0124FFF758
:109E000087FE0E4B0C4DD3E90013401AB0F5000F3E
:109E100010D22218AA4228BF2A4652184FF000003A
:109E200007490091CDE9010043F10003FFF792FEDD
:109E300005B030BD2A46F0E7FFFF7F00781D002007
:109E40006D9A000008B5FFF763FE024B1B68C01A4D
:109E500008BD00BF781D002010B5084C01236360C9
:109E60001120FCF75DF9064BC4F80833C4F84833F9
:109E7000044B4FF40032C3F8802110BD00100140A4
:109E800003000F0000E100E0B0B586B0436800AF0A
:109E90000446F97118680AF065FCC0B921480368E6
:109EA0005A070ED06C4688B06A461F4B53611F4B51
:109EB0009361032342F8103F4FF4C25109F0A6F911
:109EC000A5466FF0150420461837BD46B0BD63683F
:109ED000FA1D1868FA60022101229B883A613975DF
:109EE000397D846841F002013975A46807F10C01DD
:109EF000A04704460028E6D00A4803685B07E2D082
:109F00006D4688B06A460A4B5361084BC2E9063475
:109F1000042342F8103F4FF4015109F077F9AD46A0
:109F2000D1E700BF74090020FA7D0100708B0100A9
:109F3000CD8801002DE9F04385B0CB68032B02AF3B
:109F400005460E4640F203810AF062FD002840F00B
:109F5000018128694FF0FF324FF0FF3305F048F9D7
:109F600008212846FFF790FF0446A8B17B48036804
:109F70005E0700F092806E4688B002AA784B53616B
:109F8000784BC2E90634042342F8103F4FF40151E4
:109F900009F03CF9B54680E04FF064084FF028091D
:109FA0006B6818680AF0DEFBE8B96C48036859076B
:109FB0007ED06C4688B002AA6B4B53616B4B9361A9
:109FC000032342F8103F4FF4C25109F01FF9A54690
:109FD0006FF01504614803685B075ED06E4688B079
:109FE00002AA634BCBE76B681868998887F80490DE
:109FF000012300933A1DFB1C09F00BF90446A0B1A4
:10A00000564803685A0748D06E4688B002AA594B92
:10A010005361564BC2E90634042342F8103F4FF413
:10A02000015109F0F3F8B546D4E797F90330002B56
:10A030001BDA6B6818680AF095FB00283BD147488B
:10A0400003685C070ED06C4688B002AA464B536189
:10A05000494B9361032342F8103F4FF4C25109F07A
:10A06000D5F8A5466FF0150446E0B8F1010819D1FE
:10A070003A4803685E070ED06C4688B002AA3F4B90
:10A080005361384B9361032342F8103F4FF4C251A0
:10A0900009F0BCF8A5466FF0040402212846FFF73A
:10A0A000F3FE43E000214FF4A4700AF061FD77E76E
:10A0B0006FF01504F1E768681023FB7003238188B3
:10A0C000009300683B1DFA1C09F0A3F80446E0B1B8
:10A0D0002248036859070FD06E4688B002AA284B61
:10A0E0005361254BC2E90634042342F8103F4FF474
:10A0F000015109F08BF8B546184803685A07CCD0CF
:10A100006E4688B002AA1F4B39E702212846FFF7A6
:10A11000BBFE044690B97B793979B2681B0243EAE9
:10A120000143B9790B4343F317031360286905F022
:10A130002BF820460C37BD46BDE8F083074803687E
:10A140005B07AAD06E4688B002AA0F4B17E76FF0E4
:10A150001B04EEE76FF00A04EBE700BF7409002070
:10A16000F0880100578B0100FA7D01004E8B010041
:10A170004B89010020890100448B0100798901008D
:10A18000A0890100C8890100E8890100F0B585B007
:10A19000436800AF05460C46186816460AF0E2FA16
:10A1A000C0B9234803685A070ED06C4688B06A4687
:10A1B000204B5361204B9361032342F8103F4FF42F
:10A1C000C25109F023F8A5466FF015042046143754
:10A1D000BD46F0BD6B687E70A400022244F04004CE
:10A1E00018683C709B887F60BA603A733A7B8168DC
:10A1F00042F002023A738C680122391DA0470446DE
:10A200000028E3D00A4803685B07DFD06D4688B0BA
:10A210006A460A4B5361084BC2E90634042342F8EC
:10A22000103F4FF4015108F0F1FFAD46CEE700BFFB
:10A2300074090020FA7D0100668B0100178A010075
:10A24000F8B5554E336803F00703022B00AF0546FF
:10A250000FD96C4688B06A46504B5361504B93619E
:10A26000032342F8103F4FF4C651304608F0CEFFAA
:10A27000A54606212846FFF707FE0446B0B133681D
:10A280005D0710D06D4688B06A46464B5361444B1B
:10A290004148C2E90634042342F8103F4FF401510B
:10A2A00008F0B4FFAD462046BD46F8BD2B691874D2
:10A2B0002A696B689968137C43EA410313742A691D
:10A2C0006B68D968137C43EA011313742B695874C3
:10A2D0002A696B681969537C43EA410353742B69FB
:10A2E00098742A696B68917C5B690B4393742B6942
:10A2F000D8742A696B689969D37C43EA4113D37493
:10A300002A696B68D969D37C43EA8103D3742B69CA
:10A3100001461A7C2846FFF739FF044638B13368F6
:10A320005807C0D06D4688B06A461F4BAEE72B6910
:10A3300001215A7C2846FFF729FF044638B13368CB
:10A340005907B0D06D4688B06A46184B9EE72B6916
:10A3500002219A7C2846FFF719FF044638B133687A
:10A360005A07A0D06D4688B06A46114B8EE72B691C
:10A370000321DA7C2846FFF709FF044638B1336829
:10A380005B0790D06D4688B06A460A4B7EE7286925
:10A3900004F0FAFE87E700BF74090020438A010039
:10A3A000798B01005D8A0100888A0100B78A01006B
:10A3B000E68A0100158B0100004870471463010014
:10A3C00090B587B000AFFB1DF971BB601446012347
:10A3D00007F1080207F11001C7E90423FB6008F048
:10A3E00043FF0346C8B10F480268520712D06C46BB
:10A3F0008AB06A460C4951610C49C2E9061340F221
:10A4000006231362052342F8103F4FF4215108F050
:10A4100028FFA5461C37BD4690BD20460AF086F9A8
:10A42000F8E700BF90090020C08B01001A8D0100E1
:10A43000F0B50C1E8DB0054600AF4DDB4668B16A25
:10A4400004EB030C614547D30121C7E90A234FEA16
:10A45000244C07F1080364BAC7E90431FC8007F112
:10A4600020033C1D87F805C0BC604FF0000C04249D
:10A47000BB6102233971C7E908C4FC60FB6108F0C5
:10A48000FAFE314651F8040B07F1180307F11002E8
:10A4900008F0DBFE0446286908F008FFC4B1104844
:10A4A00003685B0712D06D468AB06A460D4B536154
:10A4B0000D4BC2E9063440F21D131362052342F826
:10A4C000103F4FF4215108F0CCFEAD466FF004046C
:10A4D00020463437BD46F0BD6FF01204F8E700BFE8
:10A4E00090090020C08B0100738C010090B58DB0E5
:10A4F00000AFD723FB71FB1DBB60B962012307F1DD
:10A500000801C7E9041300220146C7E90823FB60DC
:10A51000022207F12003C7E9063251F8040BFA6260
:10A5200007F1180307F1100208F08FFEC0B10E4BBF
:10A530001A68520712D06C468AB06A460B495161BC
:10A540000B49C2E90610C0211162052142F8101F13
:10A5500018464FF4215108F084FEA5466FF0040020
:10A560003437BD4690BD00BF90090020C08B01006C
:10A57000CE8C01002DE9F04F8FB006694568744913
:10A58000706400AF044606F110000AF022FA0023BE
:10A5900086F8403028680AF0E5F8F8B96D48036895
:10A5A000590714D02B686C468AB01B686A466A4902
:10A5B00051616A49C2E9061340F201331384684BC2
:10A5C00042F8103F4FF4115108F04BFEA5466FF0D2
:10A5D000120528463C37BD46BDE8F08F2B7E23B1DF
:10A5E000E8680AF0BFF80028D8D0204608F043FEFB
:10A5F000AA8F6068AB21FFF7E3FE656805F13F03B2
:10A600007B609F23FB7207F10B0301263B6107F17F
:10A6100010090023C7E90A36C7E9069607F10C0AB4
:10A620004FF0030B07F12808022329467E61C7F883
:10A6300030A0C7F834B0C7F820807B6251F8040B13
:10A6400007F1200307F1180208F0FFFD0346C0B12F
:10A6500040480268520711D06D468AB06A464149A7
:10A6600051614149C2E9061396231362052342F85A
:10A67000103F4FF4215108F0F4FDAD466FF0040592
:10A680000CE05A46514605F13F000AF01FFC70B33A
:10A69000304803685E0705D16FF01205206908F0A5
:10A6A00005FE96E795F83F6095F8401095F8413023
:10A6B00097F80C8097F80DE097F80EC06D468EB0B5
:10A6C0006A46DFF8A890C2F81490DFF89C901363F4
:10A6D0000923C2E90A61C2E90698C2E908EC44F616
:10A6E000400142F8103F08F0BCFDAD46D4E7204BD6
:10A6F000BB6107F11803D4F804A03B6204237B621A
:10A7000007F12003C7E90A3649465046FFF7EEFE37
:10A7100005460028C2D13B8AD907BFD441465046DE
:10A7200008F0A2FD034668B10A4802685207A5D0A6
:10A730006D468AB06A460B4951610E49C2E906135B
:10A74000EE2392E7204608F0F7FD0028A6D095E713
:10A750000533010090090020EC8B0100068D0100FB
:10A7600004000001C08B0100F78C0100058C010082
:10A770003D2A80A6E38C010090B587B000AF13148A
:10A780007B713B1DBB600423FB6007F1080339713B
:10A7900052BA3B610446012340687B6107F1100116
:10A7A000FA8008F061FD0346D8B1114802685207EB
:10A7B00012D06C468AB06A460E4951610E49C2E910
:10A7C000061340F29D131362052342F8103F4FF425
:10A7D000215108F046FDA5466FF004001C37BD4628
:10A7E00090BD204608F0A8FD0028F7D0F4E700BF90
:10A7F00090090020C08B0100958C01002DE9F047E5
:10A800000D1E86B0064600AF9046C0F2BB80D0F861
:10A810000490AB18D9F828209A42C0F0B380B9F858
:10A82000363095FBF3F203FB1252002A40F0AD8064
:10A83000B8FBF3F203FB1283002B40F0A68008F074
:10A840001AFD99F83830002B5AD1D9F828304345F1
:10A8500056D14F4B7B603B1DBB600423FB6007F16F
:10A8600008033B617068012307F110017B6108F068
:10A87000FBFC034600B347480268520712D06C46FF
:10A880008AB06A46444951614449C2E906134FF40B
:10A89000BF731362052342F8103F4FF4215108F0B3
:10A8A000E0FCA5466FF00404306908F0FFFC204688
:10A8B0001837BD46BDE8F087304608F03DFD044638
:10A8C0000028F1D0EEE7D9E90BA32BB1AB421CD89D
:10A8D000554501D2AAEB030A99F83930BBB9D045E6
:10A8E00015D30AF1FF332B4211D12A467C21304681
:10A8F000FFF742FF55440446A8EB0A08002CD3D1C9
:10A90000B8F1000FDFD14446CEE79A46E4E7B9F844
:10A910003430434502D8013B2B421BD0B9F83630C6
:10A92000434523D91B4803685B0710D06C468AB0A7
:10A930006A461B4B53611B4B1562C2E9063805235F
:10A9400042F8103F4FF4215108F08BFCA5466FF000
:10A950001504A9E72A4650213046FFF70DFFB9F844
:10A96000343004461D44A8EB0308C7E7013B2B42E3
:10A97000D8D12A4681213046FFF7FEFEB9F836309D
:10A980000446EFE76FF0120491E76FF015048EE7CD
:10A99000C794809A90090020C08B0100A68C01000A
:10A9A000428C0100B98C01002DE9F04FB1F1000A91
:10A9B00089B0054600AF16461C465FDBD0F8048020
:10A9C0000AEB0301D8F828308B4257D308F053FC28
:10A9D0004FF05809002C3FD0B8F83610686887F857
:10A9E00004904B4203EA0A030B44A3EB0A034FEA29
:10A9F0002A41A34279719AFA9AF128BF2346F98035
:10AA000007F110019B46B9603B1D02213B61F960D3
:10AA1000042307F10801C7E90536C7F81CB008F0A0
:10AA200023FC014600B3174803685B0712D06C464D
:10AA30008AB06A46144B5361144BC2E9063140F2A6
:10AA400039131362052342F8103F4FF4215108F0E7
:10AA500008FCA5466FF00404286908F027FC20468E
:10AA60002437BD46BDE8F08F284608F065FC002875
:10AA7000F0D15E44DA44A4EB0B04ABE76FF01204B0
:10AA8000EDE700BF90090020C08B0100878C01001A
:10AA9000B0B500AF51B1012930D0244803685A073E
:10AAA0002FD16FF015042046BD46B0BD4368083372
:10AAB00018681B790121994003691B68194218BF66
:10AAC00082F0010272B38368DB689847044600286D
:10AAD000E9D0164803685B07E5D06D4688B06A4642
:10AAE000134B5361134BC2E90634042342F8103F61
:10AAF0004FF4015108F02EFCAD46D4E74368103303
:10AB0000D6E76C4688B06A460B4B5361094BC2E9E5
:10AB10000631042342F8103F4FF4015108F01AFCAB
:10AB2000A546BEE783681B69CFE700BF9C090020EC
:10AB3000608D0100D98E0100488D0100F0B587B00D
:10AB4000154600AF59B1012933D0244803685A078C
:10AB500032D16FF0150420461C37BD46F0BD436866
:10AB60001C6814220021381D0AF0E8F90123C7E906
:10AB70000235042518233D613B75A36820465B68B8
:10AB80007919984704460028E5D0144803685B0704
:10AB9000E1D06E4688B06A46114B5361114B4FF4B9
:10ABA0000151C2E9063442F8105F08F0D3FBB54604
:10ABB000D1E743685C68D4E76C4688B06A460A4BC4
:10ABC0005361084BC2E90631042342F8103F4FF4A9
:10ABD000015108F0BFFBA546BBE700BF9C09002060
:10ABE000868D0100EB8E0100488D0100F0B55A4DB5
:10ABF00083B02B6803F00703022B00AF06460FD982
:10AC00006C4688B06A46554B5361554B936103239C
:10AC100042F8103F4FF4C651284608F09BFBA5466A
:10AC200073681A6832B95A6822B9002420460C3772
:10AC3000BD46F0BD986809F095FDA8B92B68590785
:10AC40000FD06C4688B06A46464B5361444B9361C3
:10AC5000032342F8103F40484FF4C25108F07AFBFA
:10AC6000A5466FF01504E1E77368186909F07AFDED
:10AC700038B92B685A07F4D06C4688B06A463A4B0C
:10AC8000E3E77368186809F06DFD38B92B685B0756
:10AC9000E7D06C4688B06A46344BD6E7736858688C
:10ACA00009F060FD38B92B685E07DAD06C4688B0D1
:10ACB0006A462F4BC9E77068083008F04EFB04461F
:10ACC000A0B12B685D07B1D06D4688B06A46294BAC
:10ACD0005361234B2048C2E90634042342F8103F55
:10ACE0004FF4015108F036FBAD469FE77068103015
:10ACF00008F033FB044638B12B68580796D06D46F0
:10AD000088B06A461C4BE3E740F209412123C7E9BA
:10AD1000001373681868836839461B6898470446AF
:10AD200038B12B685A0781D06D4688B06A46134BFC
:10AD3000CEE773685868836839461B6898470446AD
:10AD400000283FF472AF2B685B073FF46FAF6D468E
:10AD500088B06A460A4BBBE79C090020438A010081
:10AD6000FB8E0100A58D0100C18D0100DD8D01006C
:10AD7000F98D0100158E0100488E01007B8E0100C7
:10AD8000AA8E010030B403460C46DA8800681979AF
:10AD900002F040022243836805699C697CB113027A
:10ADA00006D52D6801238B402B4218BF82F0C0626C
:10ADB000054BA446134030BC02F0B07260476FF000
:10ADC000570030BC704700BF40000006B0B551F8D6
:10ADD000303C586800AF0C4610304FF40011FFF7BC
:10ADE000D1FF034698B10D48026852070FD06D4657
:10ADF00088B06A460A4951610A49C2E90613042328
:10AE000042F8103F4FF4015108F0F6FAAD46A4F1B4
:10AE1000100004F04FFBBD46B0BD00BFDC090020B0
:10AE2000178F010097950100B0B582B0436800AF5D
:10AE30000446C9001868F971154608F0DBFAC0B974
:10AE40001B4803685A070ED06C4688B06A46194BF7
:10AE50005361194B9361032342F8103F4FF4C251E1
:10AE600008F0CAFAA5466FF0120420460837BD461E
:10AE7000B0BD606801232A46F91D08F0C0FA0446F7
:10AE80000028F2D00A4803685B07EED06D4688B010
:10AE90006A460A4B5361084BC2E90634042342F860
:10AEA000103F4FF4015108F0A7FAAD46DDE700BFAF
:10AEB000DC09002095660100F2950100A0890100DF
:10AEC000F0B583B000AF04460D4609F0A1FD00289F
:10AED0004FD120694FF0FF324FF0FF330C3008F0B4
:10AEE000ACFA0921FA1D2046FFF79EFF0146C8B1C2
:10AEF000214803685A070FD06C4688B06A461F4B3A
:10AF000053611F4BC2E90631042342F8103F4FF44E
:10AF1000015108F071FAA5464FF0FF3528460C376D
:10AF2000BD46F0BDFB7923B920690C3008F087FAE3
:10AF3000F2E72A462046FFF777FF0546A0B10E4804
:10AF400003685B07F0D06E4688B06A460D4B5361CC
:10AF50000B4BC2E90635042342F8103F4FF4015170
:10AF600008F04AFAB546DFE720690C3008F067FAC6
:10AF7000D4E76FF00A05D1E7DC0900204D8F01000E
:10AF80003F940100798F01002DE9F04383B004461E
:10AF900000AF894615469AB109F03AFD804600286F
:10AFA0006BD120694FF0FF330C304FF0FF3208F0C7
:10AFB00044FA206990F88D3043B90C3008F03FFA1C
:10AFC000002528460C37BD46BDE8F0836368186845
:10AFD00008F010FAC8B92A4803685A070ED06D461F
:10AFE00088B06A46274B5361274B9361032342F88D
:10AFF000103F4FF4C25108F0FFF9AD4620690C3004
:10B0000008F01DFA6FF01205DBE72369606893F81A
:10B010008D6087F80780402DA8BF4025AE42A8BFAD
:10B020002E4633464A46F91D08F0E9F90546C0B1F7
:10B03000134803685B070FD06E4688B06A46134B0F
:10B040005361114BC2E90635042342F8103F4FF417
:10B05000015108F0D1F9B54620690C3008F0EFF93C
:10B06000AFE7226992F88D309B1B82F88D30206902
:10B070000C3008F0E4F93546A3E76FF00A05A0E7C5
:10B08000DC0900209566010078940100A089010088
:10B09000B0B500AF044609F0BBFC002865D12069BB
:10B0A0004FF0FF334FF0FF320C3008F0C6F9226941
:10B0B000022188322046FFF7B7FE0346A0B12C4894
:10B0C000026812F0060F0FD06D4688B06A46294913
:10B0D00051612949C2E90613042342F8103F4FF495
:10B0E000025108F089F9AD46226908218C322046C8
:10B0F000FFF79AFE0346A0B11D48026812F0060F42
:10B100000FD06D4688B06A461C4951611A49C2E9A0
:10B110000613042342F8103F4FF4025108F06CF973
:10B12000AD46226909218D322046FFF77DFE034698
:10B13000A0B10F48026812F0060F0FD06D4688B01C
:10B140006A460F4951610C49C2E90613042342F8CB
:10B15000103F4FF4025108F04FF9AD4620690C3012
:10B1600008F06DF90120BD46B0BD6FF00A00FAE7A6
:10B17000DC090020A38F0100EE940100CD8F0100B7
:10B180004D8F0100B0B582B0436800AF0446C900DE
:10B19000186839717A7108F02DF9C0B91A48036836
:10B1A0005A070ED06C4688B06A46184B5361184B4C
:10B1B0009361032342F8103F4FF4C25108F01CF989
:10B1C000A5466FF0120420460837BD46B0BD606842
:10B1D0000222391D08F0D6F904460028F3D00A48A7
:10B1E00003685B07EFD06D4688B06A46094B536130
:10B1F000074BC2E90634042342F8103F4FF40151D3
:10B2000008F0FAF8AD46DEE7DC090020956601009B
:10B2100037960100CD8801002DE9F843C369044643
:10B2200000AF50F8200C13B3216A984754F8203C23
:10B2300058684FF098611030FFF7A4FD034698B1AD
:10B240002648026852070FD06C4688B06A462449E7
:10B2500051612449C2E90613042342F8103F4FF418
:10B26000015108F0C9F8A546BD46BDE8F883036959
:10B2700093F88920022142F00602FFF783FF05467A
:10B280000028D3D0DFF85490D9F800305807CDD03B
:10B290006E4688B06A46144B5361144B4FF0040855
:10B2A000C2E906354FF4015142F8108F484608F0C4
:10B2B000A3F8D9F800305907B546B7D088B06A4628
:10B2C0000B4B5361074B4FF40151C2E90635484619
:10B2D00042F8108F08F090F8B546A7E7DC09002087
:10B2E000178F0100D6950100F98F0100CB95010061
:10B2F00024900100B0B500AF044609F089FB78BB8B
:10B3000020694FF0FF324FF0FF330C3008F095F812
:10B31000226992F8873023F0010382F8873023698D
:10B32000012193F887202046FFF72CFF0346C8B180
:10B330000E48026852070FD06D4688B06A460C4925
:10B3400051610C49C2E90613042342F8103F4FF43F
:10B35000015108F051F8AD4620690C3008F06FF843
:10B36000BD46B0BD226982F84500F5E7DC09002042
:10B3700045900100D5940100B0B500AF044609F036
:10B3800047FB78BB20694FF0FF324FF0FF330C30A2
:10B3900008F053F8226992F8873043F0010382F8ED
:10B3A00087302369012193F887202046FFF7EAFEC2
:10B3B0000346C8B10F48026852070FD06D4688B0E7
:10B3C0006A460D4951610D49C2E90613042342F84A
:10B3D000103F4FF4015108F00FF8AD4620690C30D2
:10B3E00008F02DF8BD46B0BD2369012283F8452041
:10B3F000F4E700BFDC09002045900100BD94010086
:10B40000B0B500AF044609F003FB78BB20694FF0EC
:10B41000FF324FF0FF330C3008F00FF8226992F83A
:10B42000873023F0020382F887302369012193F8E3
:10B4300087202046FFF7A6FE0346C8B10E480268E3
:10B4400052070FD06D4688B06A460C4951610C49CD
:10B45000C2E90613042342F8103F4FF4015107F0EC
:10B46000CBFFAD4620690C3007F0E9FFBD46B0BD0B
:10B47000226982F84400F5E7DC09002045900100CC
:10B48000A4940100B0B500AF044609F0C1FA78BB3E
:10B4900020694FF0FF324FF0FF330C3007F0CDFF43
:10B4A000226992F8873043F0020382F887302369DB
:10B4B000012193F887202046FFF764FE0346C8B1B8
:10B4C0000F48026852070FD06D4688B06A460D4992
:10B4D00051610D49C2E90613042342F8103F4FF4AD
:10B4E000015107F089FFAD4620690C3007F0A7FF36
:10B4F000BD46B0BD2369012283F84420F4E700BFB4
:10B50000DC090020459001008C940100B0B582B0A8
:10B5100000AF04460D4609F07BFA30BB20694FF0BE
:10B52000FF324FF0FF330C3007F087FF0821FA1D80
:10B530002046FFF779FC0146D0B11B4803685D0740
:10B540000FD06D4688B06A46184B5361184BC2E95C
:10B550000631042342F8103F4FF4015107F04CFF2D
:10B56000AD4620690C3007F06AFF0837BD46B0BD14
:10B57000FB792BB900214FF4A47009F0F9FAD5E753
:10B580002A462046FFF7FEFD03460028E9D006487C
:10B5900002685207E5D06D4688B06A460549516198
:10B5A0000349C2E90613D4E7DC090020CD8F01006E
:10B5B00051940100709001002DE9F84300AF04465A
:10B5C0000E4609F025FA002840F0F18120694FF07D
:10B5D000FF334FF0FF320C3007F02FFFB379042B0D
:10B5E00000F2CD80DFE803F0031A202D330022693A
:10B5F00092F88A3023F0010382F88A30226992F8A7
:10B600008A3023F0020382F88A303379042B00F267
:10B61000B680DFE803F048646A778B00226992F80D
:10B620008A3043F00103E7E7226992F88A3023F079
:10B63000010382F88A30226992F88A3043F00203CB
:10B64000E1E7226992F88A3043F00103F1E7AB4861
:10B6500003685A070FD06D4688B06A46A84B5361FD
:10B66000A84B93610423D36142F8103F4FF401517A
:10B6700007F0C2FEAD466FF08505A04803685A0783
:10B6800000F08D816E4688B06A469F4B53619F4B98
:10B69000C2E90635042342F8103F4FF4015107F088
:10B6A000ABFEB5467BE1226992F88A3023F00803AD
:10B6B00082F88A30226992F88A3023F0100382F8E7
:10B6C0008A30226992F88A3023F0200382F88A3087
:10B6D0007379032B53D8DFE803F0364555652269AB
:10B6E00092F88A3043F00803E2E7226992F88A3040
:10B6F00043F0080382F88A30226992F88A3043F0D6
:10B700001003DCE7226992F88A3043F0080382F8DC
:10B710008A30226992F88A3023F0100382F88A3046
:10B72000226992F88A3043F02003CFE7226992F829
:10B730008A3043F0080382F88A30226992F88A300E
:10B7400043F01003EAE76D4803685B0793D06D464A
:10B7500088B06A466E4B53616A4B93610023D36194
:10B76000042381E7226992F88A3023F0040382F8E7
:10B770008A30F37963B3013B012B7FF67CAF6FF026
:10B7800015057AE7B379EBB15C4803685E073FF4CF
:10B7900072AF6D4688B06A465D4B5361594B9361F9
:10B7A0000223DCE7B3796BB9544803685D073FF4C3
:10B7B00062AF6D4688B06A46554B5361514B9361F9
:10B7C0000323CCE7226992F88A3043F00403CEE7E2
:10B7D0002369032193F88A202046FFF7D3FC05460E
:10B7E000A8B14648036859073FF447AF6E4688B092
:10B7F0006A46484B5361434BC2E90635042342F87D
:10B80000103F4FF4015107F0F7FDB54635E7656885
:10B81000A868F4F707FE8046287B8946F4F702FE05
:10B8200002460B4640464946F4F7A0FF8046306882
:10B830008946F4F7F7FD384B0022F4F76DFE024617
:10B840000B4640464946F4F791FF09F015FE23697F
:10B8500083F88F002369C0F3072083F890006368A2
:10B8600022691B7B042B2BD192F88B3043F0800391
:10B8700082F88B302369042193F88B202046FFF750
:10B8800081FC054608B31D4803685B070FD06E4670
:10B8900088B06A46214B5361214BC2E90635042327
:10B8A00042F8103F4FF4015107F0A6FDB54613488A
:10B8B00003685B0773D06E4688B06A46194BE5E6AD
:10B8C00092F88B3003F07F03D2E7226992F88A3036
:10B8D00063F07F0382F88A302369032193F88A207A
:10B8E0002046FFF74FFC0546F0B1044803685A07AD
:10B8F000DDD06E4688B06A46064BCCE7DC090020F6
:10B900009590010016950100009101002595010018
:10B91000B5900100D5900100000030402591010054
:10B9200003950100A69101002369014693F88F2039
:10B930002046FFF727FC054640B11E4803685E0716
:10B94000B5D06E4688B06A461B4BA4E72369012137
:10B9500093F890202046FFF715FC054640B11548A6
:10B9600003685907A3D06E4688B06A46134B92E726
:10B97000226992F88A3003F07F0382F88A302369C3
:10B98000032193F88A202046FFF7FCFB0546002898
:10B99000ABD1236996E80300043383E803002069F0
:10B9A0000C3007F04CFD2846BD46BDE8F8836FF02B
:10B9B0000A05F8E7DC090020509101007B910100A5
:10B9C0002DE9F843044600AF894615469AB109F0BF
:10B9D0001FF88046002870D120694FF0FF330C30EB
:10B9E0004FF0FF3207F029FD206990F88C303BB909
:10B9F0000C3007F024FD00252846BD46BDE8F8833D
:10BA00006368186807F0F6FCC8B92D4803685A0740
:10BA10000ED06D4688B06A462A4B53612A4B93611B
:10BA2000032342F8103F4FF4C25107F0E5FCAD4646
:10BA300020690C3007F003FD6FF01205DCE7236985
:10BA4000402D93F88C6083F84680A8BF4025AE4215
:10BA50002069A8BF2E4632464946473009F046FACB
:10BA600021696068721C463107F08CFD0546C0B143
:10BA7000134803685B070FD06E4688B06A46134BC5
:10BA80005361114BC2E90635042342F8103F4FF4CD
:10BA9000015107F0B1FCB54620690C3007F0CFFC2E
:10BAA000AAE7226992F88C309B1B82F88C302069BF
:10BAB0000C3007F0C4FC35469EE76FF00A059BE7A3
:10BAC000DC0900209566010064940100CD88010026
:10BAD0002DE9F04182B0054600AF0E4649B101297B
:10BAE00000F097806FF0850420460837BD46BDE81A
:10BAF000F081026992F88A3063F07F0382F88A301D
:10BB00000369032193F88A20FFF73CFB044640B108
:10BB10008C4803685D07E7D06D4688B06A468A4B5B
:10BB20000EE0024601462846FFF72CFB0446A0B172
:10BB3000844803685B07D7D06D4688B06A46834B5C
:10BB40005361834BC2E90634042342F8103F4FF49B
:10BB5000015107F051FCAD46C6E7024601212846D7
:10BB6000FFF710FB044640B1764803685E07BBD080
:10BB70006D4688B06A46774BE2E72A6992F88A30C8
:10BB800003F07F0382F88A302B69032193F88A201F
:10BB90002846FFF7F7FA04460028B9D12A6992F837
:10BBA000873043F0100382F887302B69012193F826
:10BBB00087202846FFF7E6FA0446002894D0614D16
:10BBC0002B68580790D06E4688B06A46624B536126
:10BBD000624B4FF00408C2E906344FF4015142F8B9
:10BBE000108F284607F008FC2B685907B5463FF42C
:10BBF0007BAF88B06A465A4B5361554BC2E9063455
:10BC00004FF4015142F8108F284607F0F5FBB54676
:10BC10006AE7026992F8873023F0100382F88730D0
:10BC2000036993F88720FFF7ADFA044600B3454D4A
:10BC30002B685A073FF458AF6E4688B06A46464BA9
:10BC40005361484B4FF00408C2E906304FF40151EC
:10BC500042F8108F284607F0CFFB2B685B07B546EC
:10BC60003FF442AF88B06A463F4B53613F4BC5E754
:10BC70002A6992F88A3063F07F0382F88A302B6950
:10BC8000032193F88A202846FFF77CFA044600280F
:10BC900037D12B69014693F88F202846FFF772FAB7
:10BCA000044658B1274803685D073FF41DAF6D4651
:10BCB00088B06A46254B53612C4B43E72B693146CC
:10BCC00093F890202846FFF75DFA044648B11D48D6
:10BCD000036859073FF408AF6D4688B06A461D4BAC
:10BCE000E9E72A6992F88A3003F07F0382F88A3004
:10BCF0002B69032193F88A202846FFF743FA04466C
:10BD000048B1104803685A073FF4EEAE6D4688B05C
:10BD10006A460D4BCFE7FA1D09212846FFF784F844
:10BD2000044648B1074803685B073FF4DDAE6D4643
:10BD300088B06A460E4BBEE70021012008F018FFCC
:10BD4000D2E600BFDC090020D5900100509101002F
:10BD5000469601007B910100459001002596010067
:10BD6000CF91010000960100F791010013960100A8
:10BD70004D8F01002DE9F04182B00546006900AF0A
:10BD80000C3008F075FD28698549203008F0F5FD74
:10BD90006B68986900284ED007F02CFB70BB814877
:10BDA0000368590700F073826C4688B06A467E4B80
:10BDB00053617E4B9361032342F8103F4FF4C2510D
:10BDC00007F01AFBA5466FF01204764803685B077C
:10BDD0000FD06D4688B06A46754B5361754BC2E90A
:10BDE0000634042342F8103F4FF4015107F004FBDE
:10BDF000AD4620460837BD46BDE8F08168684FF47F
:10BE0000B011183007F0C3FA0446A0B165480368C2
:10BE10005A07EED06D4688B06A46674B5361634B54
:10BE2000C2E90634042342F8103F4FF4015107F0F1
:10BE3000E3FAAD46C9E76B682A691B7D5F490126B5
:10BE400006FA03F3C2E90D136B68186907F0D2FA1A
:10BE5000E8B9544803685E070ED06C4688B06A465D
:10BE6000514B5361564B9361032342F8103F4FF4FB
:10BE7000C25107F0C1FAA5466FF0120449480368A1
:10BE80005A07B6D06D4688B06A464E4BA5E76B6838
:10BE9000296918698368DB693031A3B13246984754
:10BEA000044690B968684FF48031103007F06FFA9B
:10BEB0000446F8B13B4803685907DFD06D4688B0A7
:10BEC0006A463D4B09E06FF05704364803685D074A
:10BED000D4D06D4688B06A463B4B5361384BC2E9BB
:10BEE0000634042342F8103F4FF4015107F084FA5E
:10BEF000AD46C3E76B68986988B9FA1D03212846E7
:10BF0000FEF792FF0446002800F0B0802548036841
:10BF10005D071DD06D4688B06A462C4B32E007F0B5
:10BF200069FAF8B91F4803685B0700F0B0816C46F6
:10BF300088B06A461C4B5361254B9361032342F83A
:10BF4000103F4FF4C25107F057FAA5466FF01204A4
:10BF5000144803685A073FF44CAF6D4688B06A46F0
:10BF60001C4B3AE768683146183007F02FFA044650
:10BF7000A0B30C4803685E073FF43BAF6D4688B042
:10BF80006A46154B5361124BC2E90634042342F84A
:10BF9000103F4FF4015107F02FFAAD46D8E700BF2C
:10BFA00019B20000DC09002095660100BB95010074
:10BFB0004C920100E395010020920100CDAD0000FC
:10BFC000A39501009A92010072920100C8920100AB
:10BFD00089950100F2920100608D01006B681E6A74
:10BFE000002E40DDAB49AC4A4FF400408C46214660
:10BFF000C6FB00C100236046F4F768FD08F0B8FDF9
:10C0000068680021183007F0E1F904460028B0D133
:10C010004FF47670002108F0ABFD6B68186907F0EB
:10C02000E9F900283CD19D4803685B0700F02F81A7
:10C030006C4688B06A469A4B53619A4B93610323CE
:10C0400042F8103F4FF4C25107F0D6F9A5466FF001
:10C050001204924803685D073FF4CBAE6D4688B08A
:10C060006A46914BB9E600200146C7E7FA790321F9
:10C0700002F07F022846FA71FFF784F8044648B1BF
:10C080008648036859073FF463AF6D4688B06A4637
:10C09000864B77E708220E212846FFF773F8B7E7AB
:10C0A00068684FF098611030FEF76CFE0446A8B146
:10C0B0007A4803685E073FF49CAE6D4688B06A46D6
:10C0C0007B4B5361774BC2E90634042342F8103F9F
:10C0D0004FF4015107F090F9AD46BAE7BF220321B2
:10C0E0002846FFF74FF80446002836D12A6992F80F
:10C0F000913043F0100382F891302B69022193F8BC
:10C1000091202846FFF73EF80446E8B163480368EB
:10C1100059070FD06D4688B06A46664B5361664B2F
:10C12000C2E90634042342F8103F4FF4015107F0EE
:10C1300063F9AD46594803685B073FF45AAE6D4654
:10C1400088B06A465D4B48E62B69032193F88A2044
:10C150002846FFF717F8044640B1504803685A07CD
:10C16000E8D06D4688B06A46504BD7E76B6893F8C5
:10C170002430002B3FD16B6893F8253033B12A6906
:10C1800092F88E3043F0200382F88E302B690F2115
:10C1900093F88E202846FEF7F5FF0446002832D09B
:10C1A0003E4D2B685E073FF424AE6E4688B06A466B
:10C1B000434B5361434B4FF00408C2E906304FF440
:10C1C0000151284642F8108F07F016F92B685807DE
:10C1D000B5463FF40EAE88B06A463B4B53613B4BCD
:10C1E0004FF40151C2E90634284642F8108F07F097
:10C1F00003F9B546FDE52A6992F88E3043F0100345
:10C2000082F88E30B7E72A6992F8893043F001034B
:10C2100082F889302B6993F88920022142F00602C6
:10C220002846FEF7AFFF0446F0B11C4D2B685907B6
:10C230003FF4DFAD6E4688B06A46254B5361254B0F
:10C240004FF00408C2E906304FF4015142F8108F54
:10C25000284607F0D1F82B685A07B5463FF4C9AD18
:10C2600088B06A461C4BB9E7296928460431FFF7B4
:10C27000A3F9044600283FF4BCAD084803685B07F7
:10C280003FF4B7AD6D4688B06A46144BA5E56FF034
:10C290001204AEE53F420F0040420F00DC090020CF
:10C2A000956601007495010016930100D590010078
:10C2B000178F0100419301005B9501006C93010011
:10C2C0009B93010045950100C7930100E395010090
:10C2D000F98F010039950100F393010015940100D5
:10C2E000B0B56F4CA0B0236803F00703022B00AF7A
:10C2F00010D96D4688B06A466A4B53616A4B9361A8
:10C30000032342F8103F00234FF4C6512046F7F7AD
:10C3100051FAAD463A46002338464FF0102503F156
:10C320002001013355F8211042F8041B202BF6D1CF
:10C330003B685E4A93421AD0226812F0060F12D070
:10C340006C4688B06A465A4951615A4991611BBA94
:10C35000D361042342F8103F00234FF402515048A8
:10C36000F7F728FAA54600208037BD46B0BD3B79D7
:10C37000022B0BD0226812F0060FF4D06C4688B066
:10C380006A464D4951614B499161E1E77B797B2BCD
:10C3900008D0226812F0060FE5D06C4688B06A46D5
:10C3A0004649EFE7D7F87730454D1BBA77212B6028
:10C3B00006F058F92B68984213D0226812F0060F45
:10C3C000D1D06C468AB06A463E4951613949106203
:10C3D000C2E90613052342F8103F00234FF422510F
:10C3E000BDE7394ABB1D07F1160153F8040B42F8AB
:10C3F000040B8B42F9D11B781370344A07F11703F1
:10C4000007F1270153F8040B42F8040B8B42F9D1D2
:10C410001B78137007F1280303CB2D4A516019884C
:10C420009B7893722B4B10601181D7F833201A60E0
:10C43000B7F8372028489A8097F839209A71D7F8AA
:10C440003A300360D7F83E304360B7F8423003819A
:10C450000A2297F844308372002104F02BFC1F4B12
:10C460001F4A186007F1650107F1450353F8040BF3
:10C4700042F8040B8B42F9D11B781370194A07F16B
:10C48000660307F1760153F8040B42F8040B8B4264
:10C49000F9D11B781370144B01221A7063E700BFA7
:10C4A00080090020438A010033970100BABECAFE0A
:10C4B0006B9601002097010089960100AA96010061
:10C4C000D8290020C69601001D3E00200C3E002009
:10C4D000013E0020FA3D0020EF3D0020DC29002035
:10C4E000CE3D0020BD3D00202E3E0020064B074AD9
:10C4F0001B78002B064B08BF134603600CBF6FF080
:10C5000004000020704700BF2E3E0020FA96010074
:10C510001D3E0020064B074A1B78002B064B08BF28
:10C52000134603600CBF6FF004000020704700BF8B
:10C530002E3E0020FA9601000C3E0020064B074AD2
:10C540001B78002B064B08BF134603600CBF6FF02F
:10C5500004000020704700BF2E3E0020FA96010024
:10C56000013E0020064B074A1B78002B064B08BFF4
:10C57000134603600CBF6FF004000020704700BF3B
:10C580002E3E0020FA960100FA3D0020014B036088
:10C5900000207047FA960100014B036000207047AD
:10C5A000FA960100014B036000207047FA960100E3
:10C5B000064B074A1B78002B064B08BF1346036047
:10C5C0000CBF6FF004000020704700BF2E3E00201B
:10C5D000FA960100EF3D0020064B074A1B78002B1E
:10C5E000064B08BF134603600CBF6FF00400002029
:10C5F000704700BF2E3E0020FA960100CE3D00207D
:10C6000030B54FF0805187B0D1F8A820D1F8A410F0
:10C61000104D0446C8B2049092B2C1F307200390B3
:10C6200042F44043C1F30740D2B2090E0290019197
:10C6300000921B0A084A1221284604F095FA28465F
:10C64000F4F768FA11280ABF00206FF01B0025607C
:10C6500007B030BDAB3D002002970100064B074AF2
:10C660001B78002B064B08BF134603600CBF6FF00E
:10C6700004000020704700BF2E3E0020FA96010003
:10C68000BD3D002013B5044601A8FFF7E7FF204693
:10C69000019A034905F017FD002002B010BD00BF4C
:10C6A0004197010013B5044601A8FFF7A9FF2046F2
:10C6B000019A034905F007FD002002B010BD00BF3C
:10C6C0005297010013B5044601A8FFF785FF2046E5
:10C6D000019A034905F0F7FC002002B010BD00BF2D
:10C6E0006397010013B5044601A8FFF761FF2046D8
:10C6F000019A034905F0E7FC002002B010BD00BF1D
:10C700007497010013B5044601A8FFF74BFF2046BC
:10C71000019A034905F0D7FC002002B010BD00BF0C
:10C720008797010013B5044601A8FFF735FF20469F
:10C73000019A034905F0C7FC002002B010BD00BFFC
:10C740009D97010013B5044601A8FFF71FFF20467F
:10C75000019A034905F0B7FC002002B010BD00BFEC
:10C76000B097010013B5044601A8FFF7FBFE204671
:10C77000019A034905F0A7FC002002B010BD00BFDC
:10C78000C597010013B5044601A8FFF7D7FE204660
:10C79000019A034905F097FC002002B010BD00BFCC
:10C7A000DC97010013B5044601A8FFF7B3FE20464D
:10C7B000019A034905F087FC002002B010BD00BFBC
:10C7C000F297010013B5044601A8FFF78FFE20463B
:10C7D000019A034905F077FC002002B010BD00BFAC
:10C7E00004980100F8B500F118041C4B0C1BE6106E
:10C7F0005E43D0F8D832B34205462BD9CB6800222D
:10C8000043F8082C01360444D5F8D832B34209D88D
:10C81000013BC5F8D832284606F01AFF0146A8B9F0
:10C820000020F8BDE26B52F8083C183B42F8083C87
:10C8300004F1300CBCE80F0004F118070FC79CE8A6
:10C840000300013687E803001834DDE7284606F0C8
:10C850001CFFE5E76FF01500E3E700BFABAAAAAA4B
:10C860002DE9F0411948036803F00703022B00AFDC
:10C870000FD96C4688B06A46154B5361154B9361CE
:10C88000032342F8103F00234FF4C651F6F792FFFE
:10C89000A54611491148002208F077FA104EDFF83A
:10C8A00044800024C6F8144306F1E0050022414606
:10C8B000284608F06AFA0134082C6E6305F1400539
:10C8C000F4D10020BD46BDE8F08100BF88090020FA
:10C8D000BD990100D7990100A33801007804002018
:10C8E00098010020E1370100012910B5044609D95B
:10C8F0005268064905F003FC204605F00EFC6FF077
:10C90000150010BD05F009FC0020FAE7E4990100CC
:10C91000F8B556684F4900AF054630461446F4F75F
:10C92000EFF8D8B14C493046F4F7EAF800284DD07A
:10C930004A493046F4F7E4F800283FD048493046E9
:10C94000F4F7DEF8002831D04649284605F0D7FB39
:10C95000284605F0E2FB6FF0150446E0A468424962
:10C960002046F4F7CDF8014600285BD13F4B9B6889
:10C970009C681B68002C31D1002B39D16FF0570413
:10C980003B4803685B0730D06D4688B06A46394B38
:10C990005361394BC2E90634042342F8103F0023A7
:10C9A0004FF40151F6F706FFAD461EE0A4682E498C
:10C9B0002046F4F7A5F868BB0321D7E7A4682A4905
:10C9C0002046F4F79DF8E8B90221CFE7A46826498C
:10C9D0002046F4F795F870B90121C7E743B9234819
:10C9E0006422A04704460028CAD12046BD46F8BDAF
:10C9F0001E489847F6E721492046F4F781F810B31E
:10CA00001F49A2E71D492046F4F77AF80028F7D11C
:10CA100002210EE019492046F4F772F80028EFD100
:10CA2000032106E015492046F4F76AF8014600287C
:10CA3000E6D10E4B9A68D2E9012333B9002A9DD082
:10CA40000A489047CEE70121F3E7002AF8D10748CA
:10CA50009847C7E7E17A0100FB990100019A0100BC
:10CA6000089A01000C9A01000A850100B8570100DC
:10CA70008C090020339A0100559A0100FF6B0100D8
:10CA8000229A0100014802F07FBB00BF200800206D
:10CA90002DE9F041424E84B0336803F00703022BC6
:10CAA00000AF10D96C4688B06A463E4B53613E4B8E
:10CAB0009361032342F8103F00234FF4C6513046E0
:10CAC000F6F778FEA546394D284607F04BFE03469B
:10CAD000D8B9326850070FD06C4688B06A463449DE
:10CAE000516131499161032142F8101F2C484FF4E4
:10CAF000C251F6F75FFEA546FFF7C4FF6FF01204C0
:10CB000020461037BD46BDE8F08180210023C7E9EB
:10CB10000013D5F80880D8F80040CCB13B46072276
:10CB20000D212846A0470446A0B9224BB860FB60FF
:10CB3000D8F80080B8F1000F27D0024607F10803AB
:10CB40000D212846C047044608BBFFF79BFFD7E7E7
:10CB50006FF0570433685A0711D06E4688B06A46A2
:10CB6000154B5361104BC2E90634042342F8103FC1
:10CB70000B4800234FF40151F6F71CFEB546EB6855
:10CB80005A786FF300025A70DFE76FF0570433688A
:10CB90005B07F4D06E4688B06A46084BE1E700BFF9
:10CBA00094090020438A01009A9B01003858010033
:10CBB0009566010090D00300C09A0100FF9A010021
:10CBC000012910B5044609D95268064905F097FABB
:10CBD000204605F0A2FA6FF0150010BD05F09DFA91
:10CBE0000020FAE7E4990100F0B583B000AF0546F4
:10CBF000381DF4F749FA0446E0B1134803685B07AF
:10CC000010D06E4688B06A46104B5361104BC2E993
:10CC10000634042342F8103F00234FF40151F6F785
:10CC2000C9FDB5460B49284605F069FA20460C3780
:10CC3000BD46F0BD7868F3F717FC02460B46284660
:10CC4000054905F040FAF1E7980900202A6801003B
:10CC5000DD9B0100B89B0100C89B0100BFF34F8F13
:10CC60000549064BCA6802F4E0621343CB60BFF388
:10CC70004F8F00BFFDE700BF00ED00E00400FA05A4
:10CC80004FF08053D3F83021082A06D1D3F834313D
:10CC9000052B02D8024AD05C70470020704700BFC5
:10CCA0002A9C0100024AD2F80034002BFBD07047C6
:10CCB00000E0014010B54FF08053D3F83021082A2E
:10CCC0004ED14FF080420021C2F80C11C2F8101171
:10CCD000C2F8381502F54042D3F80414C2F8201502
:10CCE000D3F80814C2F82415D3F80C14C2F8281588
:10CCF000D3F81014C2F82C15D3F81414C2F8301558
:10CD0000D3F81814C2F83415D3F81C14C2F840151F
:10CD1000D3F82014C2F84415D3F82414C2F84815E7
:10CD2000D3F82814C2F84C15D3F82C14C2F85015B7
:10CD3000D3F83014C2F85415D3F83414C2F860157F
:10CD4000D3F83814C2F86415D3F83C14C2F8681547
:10CD5000D3F84014C2F86C15D3F84434C2F87035D7
:10CD6000FFF78EFF18B13F4B3F4AC3F88C26FFF701
:10CD700087FF18B13D4BFB22C3F81825FFF780FF52
:10CD800070B14FF080414FF08053D1F8E42ED3F8CA
:10CD9000583222F00F0203F00F031343C1F8E43EB0
:10CDA000FFF76EFF20B1324B4FF40072C3F84026FC
:10CDB0004FF08053D3F83031082B1AD14FF0804315
:10CDC000D3F80024D20744BF6FF00102C3F8002457
:10CDD0004FF08053D3F83431052B02D8254AD35C69
:10CDE0003BB14FF01023D3F808224FF08043C3F833
:10CDF00058254FF01021D1F80C32DB0714D51E480E
:10CE00000123C0F80435FFF74DFFD1F80C3223F0B1
:10CE10000103C1F80C32FFF745FF0023C0F80435C9
:10CE2000FFF740FFFFF71AFFD1F80032002B03DBBA
:10CE3000D1F80432002B14DA0F4901234FF01020EF
:10CE4000C1F804351224FFF72DFFC0F80042FFF7A8
:10CE500029FFC0F80442FFF725FF0023C1F804357D
:10CE6000DEE710BD005000404881030000F00040A4
:10CE700000900240249C010000E00140014B002092
:10CE80001B681847E0290020014B1B68184700BFAA
:10CE9000E029002010B50C4C237993B901232371AC
:10CEA0000A4B2060002818BF184600F05BF850B904
:10CEB00023680748002BBDE8104008BF184600F063
:10CEC000A1B86FF0770010BDE02900207DCE0000F2
:10CED00089CE000008B5064B1B683BB10020F9F76E
:10CEE00033F918B9BDE80840F9F70CB908BD00BF1F
:10CEF000E02900204FF08053D3F83021082A06D1D2
:10CF0000D3F83431052B02D8024AD05C7047002098
:10CF1000704700BF309C010038B54FF080440123BA
:10CF2000C4F8083363600023C4F80031D4F800313A
:10CF300042F21075D4F80C24D4F80C34D20307D57F
:10CF4000DB0705D5012006F0EAFC013DF2D138BD32
:10CF5000FFF7D0FF0028FAD0014B00225A71F6E704
:10CF6000E829002010B508490C794CB90123086064
:10CF70000B71FFF7BFFF08B9002010BD4C71FBE734
:10CF80006FF07700F9E700BFE82900204FF08043F9
:10CF90000022C3F80021D3F80021094901221A60B8
:10CFA000096811B1C3F804237047D3F80021002A9F
:10CFB000FBD00022C3F80021D3F80031704700BF36
:10CFC000E829002010B54FF08043D3F80423D2079E
:10CFD00015D5D3F8002192B10022C3F80021012118
:10CFE000D3F80021C3F80813FFF784FF044B10B1F6
:10CFF0005A7922B95971BDE810401B68184710BD15
:10D00000E8290020074A137943B901211060117102
:10D010004FF080421846C2F8183570476FF077001D
:10D02000704700BFF029002010B54FF080431D4C21
:10D03000D3F81814D3F8182411F4803F19D002F053
:10D040000302012A03D00AB106F0BFFC00224FF010
:10D050008043C3F818250022C3F80421D3F8042123
:10D0600001229A60226872B9D3F80421002AFBD009
:10D0700011E0D3F81424D107E8D5D3F81C24920783
:10D08000E2D422681AB10222C3F8042310BDD3F8F7
:10D090000421002AFBD00022C3F80421D3F8043174
:10D0A000F4E700BFF0290020F8B54FF08043194F96
:10D0B000D3F80443012504F01A04002604B9F8BD8E
:10D0C000B4FA84F0C0F11F00830003F580739BB2B3
:10D0D00003F1804305FA00F2196824EA02040029EA
:10D0E000ECD01E601B684FF080430128C3F8082372
:10D0F0000CD1D3F81824D3F81824920706D10222B1
:10D10000C3F81805C3F804239860D7E73B68C0B29A
:10D110009847D3E7F0290020036803F01F025B095A
:10D12000026004D0012B034818BF002070474FF065
:10D13000A040704700030050034A430900F01F005D
:10D14000D35C1844C0B27047369C0100034611F00E
:10D15000010030B5CCB213D1A207C4F3400020D5F2
:10D16000124AD2F8200558604FF08053C2F82005CB
:10D17000D3F83031082B15D0003818BF012010E04B
:10D180004FF0A0414FF08055D1F820251A60C1F82A
:10D190002025D5F83051082D08BFD1F82015002AD8
:10D1A000DAD030BDD2F82035E6E700BF00030050EA
:10D1B000F7B504460846FFF7BFFF06B204EB460684
:10D1C0000D46B38ADB072BD5204606F013FD294612
:10D1D000204606F06DFC58B1204606F07FFC27681B
:10D1E00000B207EB80030022C3F81025C3F8102516
:10D1F0002946204606F09BFC0021B18201A801953A
:10D20000FFF78AFF019B00EB8300074BD0F8002754
:10D21000134043F00203C0F80037084603B0F0BDE6
:10D220006FF01500FAE700BFF0F8FCFF014806F0C8
:10D2300096BB00BF3408002010B504480C4606F029
:10D2400070FB0028A4BF2070002010BD340800200F
:10D250002DE9F04F804689B058F804ABDAF8041392
:10D26000C9B28346082241F00041504606F09AFCBC
:10D27000051E2BDA0023032106A8CDE90633FFF7AC
:10D2800065FF644B01930DF118090023019A009387
:10D2900012F8013B60490192DA0803F007038A5C47
:10D2A00022FA03F3DA071AD4009B09F10409A3B1A7
:10D2B0004FF000410022504606F074FC032106A8FE
:10D2C000FFF744FF0028DCD125F000450124002DA4
:10D2D00040F08A8009B0BDE8F08F0123D6E7009BBB
:10D2E0004E4A13440293D9F800100029DCD0029B67
:10D2F00091FAA1F11C78B1FA81F141EA4414204677
:10D30000FFF71AFF0BEB40000594878AC808BB089B
:10D3100019F80020039301F00701012303FA01F13A
:10D3200022EA010209F8002005A8FFF7F5FE059A98
:10D33000039B02F5E072C7F3820650F822205B07D8
:10D340003746C2F3014233D5D6B240463A4621466B
:10D3500006F0CEFB05A80594FFF7DEFE059B03F55E
:10D36000E07350F82330C3F301439E4207D10021FC
:10D37000204606F08EFB3146204606F08AFB05A8C3
:10D380000594FFF7C9FE059B012202FA03F3C0F8DA
:10D3900020354FF08053D3F83031082B01BFD0F83F
:10D3A0002035D0F82035D0F82035D0F820359AE750
:10D3B000022A0DD10321204606F06BFB06F005037F
:10D3C000012BDCD13A462146404606F091FBD6E7D8
:10D3D00002212046039206F05CFB032EF2D0039A52
:10D3E000032ACCD1022EECE795FAA5F3B3FA83F326
:10D3F00004FA03F225EA020503F5A2720BEB4303DC
:10D400005AF82220B3F87C10C2F30142404606F0DD
:10D410006FFB5CE7469C010050650100469C0100E3
:10D42000044AD2F80034DB07FBD50160BFF35F8FFD
:10D43000704700BF00E001404FF080531A69B0FB15
:10D44000F2F302FB13036BB9084B0222C3F8042565
:10D45000C3F80805D3F80024D207FBD50020C3F891
:10D46000040570476FF00C00704700BF00E00140FA
:10D4700010B5054C0123C4F80435FFF7D1FF002394
:10D48000C4F8043510BD00BF00E00140036803F09C
:10D490001F025B09026004D0012B034818BF002063
:10D4A00070474FF0A0407047000300502DE9F3474C
:10D4B0000B7F04466BBBDFF8D8900D1F01F11006FF
:10D4C00001F10C08012755F804AFBAF1FF3F1CD059
:10D4D0003378CDF804A001A8002B50D0FFF7D6FF79
:10D4E000019B07FA03F3C0F8083501A8CDF804A0A2
:10D4F000FFF7CCFF019B00EB8300D0F8003703EA75
:10D50000090343F00303C0F80037A84506F10106FC
:10D51000D9D191F81DC00D8B4F7D8E7D8A7EC87E3E
:10D520002368BCF1000F0BD1D1E9008ED1E902C113
:10D53000C3F86085C3F864E5C3F868C5C3F86C1523
:10D5400042EA0022C3F80C75C3F80465C3F8085515
:10D55000C3F8102520680023C0F81031D0F810213E
:10D56000C0F80831D0F80821C0F80C31D0F80C31DF
:10D5700040F3073002B0BDE8F047F8F7C3BDFFF74E
:10D5800085FF019B07FA03F3C0F80C35ADE700BF38
:10D59000F0F8FCFF80F08003042B04D8054B034413
:10D5A00013F8800C704707289ABF034B185C0020C3
:10D5B000704700BF4E9C0100539C010030B50B4BDF
:10D5C000012493F8305000220823204203D0254242
:10D5D00008D00132D2B2013B4FEA4404F5D10A70BF
:10D5E000184630BD6FF01500FBE700BFF82900209A
:10D5F000054B93F82E00431E012B03D9043818BFA6
:10D600000120704700207047F829002010B5164A05
:10D6100016490020C2F8000591F82F40D2F80433D3
:10D6200081F82E400C6823F033030CB143F0230340
:10D63000C2F81C01D2F81C41C2F81801D2F81841F6
:10D64000C2F80801D2F8082191F83320D00791F8E8
:10D65000342048BF43F08003D207034A48BF43F059
:10D660004003C2F8003310BD00700040F8290020CC
:10D6700070B50D4A002392F8301001251E4618B9E6
:10D680000BB182F8301070BD90FAA0F3B3FA83F3B7
:10D6900005FA03F40C3302EB430320EA0400DE80B6
:10D6A00021EA04010123EAE7F829002073B50023E9
:10D6B000044601AA0E464FF48071019306F097FDCF
:10D6C0004FF48A71204606F092FD4FF482710546B0
:10D6D000204606F08CFD20B11EB115B1144BD3F8D5
:10D6E000343601AA4FF48471204606F080FD4FF4D1
:10D6F0008671204606F07BFD4FF48871204606F0C7
:10D7000076FD0C4B234083B14FF48E75294601AA58
:10D71000204606F06CFD291F083589B22046ADB2BF
:10D7200006F065FDB5F5AE7FF0D1019802B070BD91
:10D7300000700040C0FF3F002DE9F04F9A464FF0C7
:10D74000805393B0D3F830411C9D082C43D1D3F8BB
:10D750003431052B03D8444CE35C002B3BD00DF156
:10D76000080C0AAF414C3E46E046002304EB031E82
:10D770000133DEF8189548F8049B082BDEF81CE509
:10D7800046F804EBF2D1D4F8F065D4F840360193B2
:10D790004FF0010E0023D4F84496D4F84886C4F81C
:10D7A000FC3FC4F8FCEF314C5CF804BB04EB031EF7
:10D7B0000133CEF818B557F804BBCEF81CB5082BCA
:10D7C000F2D1019BC4F84036F6B2C4F84496C4F8CE
:10D7D0004886C4F8F065264B002483F8334083F86C
:10D7E00034409C601C611D6083F831009C831F4B9A
:10D7F000C3F8F015C3F8F4254DB32322C3F8002372
:10D800001B4D1A4E0021012707FA01F303404FEA8E
:10D8100001121FD002F1804303F5E043EC7F95F83D
:10D820001EC0C3F810C5C3F8144553463244013135
:10D83000D2F8184524F0807444EA03630829C2F83A
:10D84000183505F10205DFD113B0BDE8F08FC3F83C
:10D850000053D5E702F1804404F5E044C4F81035E4
:10D86000C4F81435E2E700BF489C01000070004096
:10D87000F8290020F8B50446067A4779417AC0793C
:10D88000FFF788FE10B96FF01500F8BD214A01F1CD
:10D890000C0502EB4503012F987139D13046FFF793
:10D8A00079FE0028EFD002EB4505E871E378A07817
:10D8B0001B03000200F4E06003F48053034320786C
:10D8C00000F0030003432079000400F4E020034348
:10D8D0006078000100F030000343A079000600F0FA
:10D8E000807003436079000500F480100343080151
:10D8F00000F1804000F5E040C0F81835012303FA3C
:10D9000001F192F830300B4382F830300020BCE750
:10D910000020C8E7F829002070B51F4D95F82E406B
:10D92000002C36D10126FF2085F82E60FFF7A0FEDF
:10D930001A4B1B49C3F80041D3F80021C3F8044136
:10D94000D3F80421C3F81041D3F81021C3F81441CF
:10D95000D3F814311C239A0806FA02F212F0330F9E
:10D960001FBF03F1804202F5E242146012681A1FE1
:10D97000920806FA02F212F0330F1CBF5C505A589C
:10D9800008335C2BE7D10720F8F7BCFB00202860A8
:10D9900070BD6FF07700FBE7F829002000700040B1
:10D9A000FC700040014B93F830007047F8290020CC
:10D9B0002DE9FF4105460F4616469846FFF718FE2B
:10D9C000F8B90DF10F012846FFF7F8FD0446A0B99C
:10D9D0000D4BC3F8F805331E18BF01233246CDF8AE
:10D9E000008039462846FFF7A7FE084B9DF80F2018
:10D9F00083F83220022283F82E20204604B0BDE8AE
:10DA0000F0816FF00F04F8E700700040F829002063
:10DA10002DE9FF4707469946FFF7EAFD8A46144677
:10DA2000064600283DD10DF10F013846FFF7C6FD2F
:10DA3000054638BB63889DF80F803BB3B8F1010FF2
:10DA400032D8B9F1000F2FD02278637812B1B3FA2F
:10DA500083F67609CDF8009051463846FFF76CFE04
:10DA60006388134A0BB143F48053C2F8F835114B65
:10DA700083F83280227983F83520042283F83660D7
:10DA800083F82E20284604B0BDE8F087227863781A
:10DA9000002ADFD0002BDDD1B8F1010F04D8012618
:10DAA000D8E76FF00F05EDE76FF08505EAE700BFF7
:10DAB00000700040F829002030B51D4A1369044663
:10DAC0006BBB00F06043B3F1005F2BD192F8325092
:10DAD000B1FBF5F305FB131038BB0BB2002B24DDB3
:10DAE00092F82E30052B06D8032B0BD8022B0ED024
:10DAF0006FF0760030BD062BFAD10E4BC3F82C46E2
:10DB0000C3F8301693683BB1C2E90441F2E78D4295
:10DB10000BD1C2E90245EDE7C2E90241EAE76FF045
:10DB20007700E7E76FF00C00E4E76FF00600E1E74D
:10DB3000F8290020007000402DE9F341514CA36802
:10DB4000002B00F09B8094F82E20022A06D0042A95
:10DB500031D06FF0760002B0BDE8F0814A4D012669
:10DB6000C5F800652168E26849B1032184F82E10E8
:10DB7000C5F82C36C5F830262E600020EBE7C5F836
:10DB80002C36C5F830262E6006F048FB08346E604F
:10DB900021460220FFF78AFD0028F9D03A4B0022E7
:10DBA000C3F80821D3F80811C3F80C21D3F80C11DD
:10DBB000C3F80025E1E7344D4FF00108C5F80085B2
:10DBC000276857B1052284F82E20E268C5F82C3664
:10DBD000C5F83026C5F80080CFE7A18B94F8322035
:10DBE000019203EB41030093C5F82C36C5F83026AB
:10DBF000C5F8008006F012FB94F8363063BB224D66
:10DC000001236B6069460220FFF750FD0028F9D020
:10DC10000023C5F80831D5F80821C5F80C31D5F82E
:10DC20000C21A18B94F832200A44E16892B28A4216
:10DC3000A28321BF154AA383D2E90201236124BF35
:10DC4000C2E900011846104B4FF0000238BF6FF0D8
:10DC50000F00C3F800257EE7D5F8F465F6B208FAA0
:10DC600006F6013EBE42CAD9C5F804800021042050
:10DC7000FFF71CFD0028F9D00137F3E76FF00B0028
:10DC800069E700BFF829002000700040002A00204A
:10DC9000F8B50246FFF7ACFC002851D12A4E2B4CB8
:10DCA00096F82E3086F82F30072386F82E30012381
:10DCB0007260C4F80035D4F80453C4F80003E3607C
:10DCC0003AB125F0C00545F03305C4F800530020F3
:10DCD000F8BD00211020FFF7E9FC0028F9D000234F
:10DCE000C4F80431D4F80431194BC4F82C36012798
:10DCF0000223C4F83036276006F090FAA7600021AE
:10DD00002020FFF7D3FC0028F9D0104B0022C3F8E5
:10DD10000421D3F80411C3F80821D3F80811C3F87B
:10DD2000002596F82F1086F82E10C3F81C21D3F882
:10DD30001C11C3F81821D3F81821C3F80053C6E703
:10DD40006FF00F00C4E700BFF8290020007000400A
:10DD5000102A00207FB56449634E3320FFF7A6FCEC
:10DD600010F0100F05460BD0604B1022C3F80823AB
:10DD7000B218C3F82C260222C3F8302601221A60FA
:10DD80005B4CAA0694F82E300ED5072B574A05D0C7
:10DD9000D2F834369BB2E36000232361D2F8043317
:10DDA000DB0601D5FFF732FCA8071AD594F82E2020
:10DDB000A16802910023E1688DF80430062AADF8CD
:10DDC0000C101AD0072A39D0032A0AD1474AC2F8C0
:10DDD0000035C2F80035022384F82E30236801A8EC
:10DDE0009847E90751D594F82E30033B042B4CD8C3
:10DDF000DFE803F05C4B2B43600094F8353023B12F
:10DE0000236913B1394B01221A60236801A898478E
:10DE1000384B93E8030086E8030000232361A368DE
:10DE2000002BDED1314AC2F80035C2F80035042398
:10DE300084F82E3005238DF80430CFE7FFF7E6FB9A
:10DE400002238DF804306368C9E704238DF8043099
:10DE500001A823689847254BD3F8F825D20444BF7E
:10DE600001225A602269062384F82E302AB11F4B02
:10DE70006169C3F82C26C3F8301623692BB9032334
:10DE80008DF8043001A82368984794F82E30072BAA
:10DE90000AD0164B1848D3F8043300211840FFF776
:10DEA00005FC012685094DB904B070BD0F4B012258
:10DEB0005A60EAE70D4B01229A60E6E795FAA5F36E
:10DEC000B3FA83F306FA03F225EA02055A08DB43A4
:10DED00003F001038DF809308DF8046023688DF894
:10DEE000082001A89847DEE7002A002000700040C3
:10DEF000F8290020082A0020C0FF3F004FF080537F
:10DF0000D3F83021082A06D1D3F83431052B04D8B0
:10DF1000034AD05C7047002070470120704700BF63
:10DF20005B9C0100036803F01F025B09026004D0E0
:10DF3000012B034818BF002070474FF0A0407047E6
:10DF40000003005070B54B7F04460D467BB10123A2
:10DF50004361642600220221204606F089F920B997
:10DF6000012005F0DCFC013EF4D100236B77AB7F90
:10DF70005B0720D54FF08052D2E94C23082A1BD1F1
:10DF8000052B19D80E4AD35CB3B14FF0FF320023F2
:10DF9000D4F80805D4F80C15C4F80035C4F80825E1
:10DFA000C4F80C250922C4F80025C4F80035C4F8CB
:10DFB0000805C4F80C1570BD0023C4F80035FAE755
:10DFC000619C01000F4B984219D00DD80E4B98421E
:10DFD00015D007D80D4B984211D00D4BC31A58429B
:10DFE000584170470B4BF9E70B4B984207D004D8C8
:10DFF0000A4B984203D00A4BF0E70A4BEEE70120A8
:10E00000704700BF80841E0020A1070048E801007F
:10E0100090D0030040420F000024F40000093D00AE
:10E0200000127A000048E80137B51446421C054644
:10E0300018D0012902D1BBB106F058F901A8019509
:10E04000FFF770FF019B0A4A00EB8300A300D0F8A2
:10E05000005743EA41030B432A40134343F4407300
:10E06000C0F8003703B030BD06F04DF9E6E700BF59
:10E07000F0F8FCFF2DE9F84F91F8213007460C46E7
:10E08000002B00F0968091F822806569674B9D42D5
:10E0900000F0A88000F29880654B9D4200F0A580BA
:10E0A00000F28A80634B9D4200F0A280624B9D4249
:10E0B0000CBF4FF080654FF0804594F8232097F80F
:10E0C000223062F3000387F82230227CDBB262F355
:10E0D000410387F8223094F823600EBB237E20682A
:10E0E000012B94BF0023012301213246FFF79CFF3F
:10E0F000606833463246FFF797FFA27EA06833463A
:10E100003146FFF791FF237CE06883F0010332463C
:10E110000121FFF789FFE0690B463246FFF784FFD4
:10E1200094F82130002B6CD04FF0FF337B6294F8D1
:10E13000211094F812E0207E627E00296BD0E66800
:10E14000217C94F8249094F820C03B68B9F1000F2A
:10E1500012D1D4E900BAD4F80890E469C3F808B53C
:10E16000C3F80CA5C3F81095C3F86C45C3F8146543
:10E17000C3F86815C3F86485003A18BF0122022865
:10E18000C3F8C0E5C3F8245548D0032849D0012876
:10E1900001D142F00202C3F85425C3F860C57B6880
:10E1A000002B41D03868BDE8F84F40F30730F7F74F
:10E1B000A9BF4FF0020868E7204B9D420CBF4FF00B
:10E1C00080554FF0804578E71D4B9D4213D01D4B85
:10E1D0009D4213D01C4B9D420CBF4FF000454FF0A9
:10E1E00080456AE74FF0005567E74FF0006564E748
:10E1F0004FF0007561E74FF020655EE74FF0A055E6
:10E200005BE7E3687B62227C97F8223062F341038C
:10E2100087F822308BE74FF0FF3692E742F0040296
:10E22000B9E742F00602B6E7BDE8F88F80841E0029
:10E2300020A1070048E8010090D0030040420F00F1
:10E240000024F4000048E80100127A00431C07B5DE
:10E250000ED0019001A8FFF765FE019B00EB830043
:10E26000054BD0F80027134043F00203C0F80037F5
:10E2700003B05DF804FB00BFF0F8FCFF38B50446BE
:10E28000006840F30730F7F74BFF636843B121465E
:10E290001A4A51F8043BC3F808232068FFF752FEDE
:10E2A0002368D3F80805D3F80C15D3F8105594F863
:10E2B0002230DB0714D4FFF7C9FF2846FFF7C6FF5B
:10E2C0000846FFF7C3FF606AFFF7C0FF2368D3F873
:10E2D0006C05D3F81415FFF7B9FF0846FFF7B6FF32
:10E2E000FFF70CFE28B1064A2368934204BF0122BF
:10E2F0005A60002384F8203038BD00BF5201080066
:10E3000000F00240F0B590F8213085B005460E4689
:10E310001746002B40F0CC8043682BB112F0140F4D
:10E3200004BF012380F8213096E80F0005F11004A6
:10E3300084E80F00686A441C05D095F822309907DC
:10E3400017D505F0D3FF31682C6821B101F0604387
:10E35000B3F1005F06D1B36873B103F06043B3F16A
:10E36000005F09D0002385F821306FF00C0005B064
:10E37000F0BD05F0C8FFE6E7FFF7C0FD38B34E4B30
:10E380009C4224D14FF080437268D3F8000E4B4B6F
:10E390001860E2B14A4821F4FF5323F01F0383427F
:10E3A00074D85018DFF81CC1C3F34F3101228A40E2
:10E3B000002103F50053984241EA02014FEA42026C
:10E3C00001D96345F5D34FF08043C3F8001E17F021
:10E3D000010318BF0123C4F8503517F0020318BF1A
:10E3E0000123C4F8403596E80F00EC468CE80F0096
:10E3F000039BC4F84405C4F84815C4F83425C4F890
:10E4000038350023C4F8183117F01C0FD4F8183130
:10E410003FD1D4F80035073B18BF012395F82220DF
:10E4200017F0080663F382024FF0070385F82220F5
:10E43000C4F800350CD16A680123236142B9D4F8CD
:10E440001831002BFBD062464021204605F010FF1A
:10E450006B681BBBFFF752FD40B1174B9C4201BFDD
:10E46000164B1A684FF08043C3F8002E686A421CAE
:10E4700005D095F822309B070DD505F044FF1EB955
:10E48000291D2046FFF75EFD002070E74FF48071E4
:10E4900099E70123C2E705F029FFF0E717F0040F21
:10E4A0004FF0400314BFC4F80833C4F80433EBE75B
:10E4B0006FF00F005BE700BF00F00240302A002041
:10E4C000FFFF00200020012070B50246044652F8EC
:10E4D000105B4021284605F0CBFE38B3FFF70EFD58
:10E4E00040B1134B9D4201BF124B1A684FF080435D
:10E4F000C3F8002E606A421C05D094F822309B07B6
:10E5000011D505F000FF94F821301BB1211D2846DC
:10E51000FFF718FD2046002300F80C3FD4E9013135
:10E52000BDE87040184705F0E1FEECE770BD00BFA4
:10E5300000F00240302A002030B500F01F044009EE
:10E5400011D0012812D10C4800EB84001B02D0F836
:10E5500000570A4C43EA82022C4042EA410121431F
:10E56000C0F8001730BD4FF0A040EDE704F5E074AF
:10E57000002353F82430FFDE00030050F0F8FCFFC6
:10E5800013B5394B01930023C0F80431D0F80421AE
:10E59000C0F82431D0F82421C0F81C31D0F81C2157
:10E5A000C0F80831D0F80821C0F800324B6381F878
:10E5B0002F300123036291F82D209A4218BF836007
:10E5C0004B6B8A6A934204460ED24A6AD35CC0F807
:10E5D0001C350B6803B340F286238B608B68C4F84C
:10E5E0000433002002B010BD91F82C3013B1012388
:10E5F000C361EEE70B6A13F0400F4FF0010316BF43
:10E60000C361436181F82D30E3E7204605F0A8FEA1
:10E6100028B1019B013B0193019B002BF5DC91F894
:10E620002F0058B9019B002BDCDC0023C4F8003517
:10E630000523C4F800356FF08B00D3E7D4F8C43459
:10E64000C4F8C43463B19A075ABF03F001008C3890
:10E650006FF0040013F0040F18BF6FF00A00E1E739
:10E660006FF08B00DEE700BFA086010013B5314BD1
:10E6700001930023C0F80431D0F80421C0F82431FC
:10E68000D0F82421C0F81C31D0F81C21C0F8083182
:10E69000D0F808214B6381F82F308B6A012B044698
:10E6A00017D10B6A580614D40223C4F80032012390
:10E6B000236291F82D20022A18BF23600B688BB1CA
:10E6C00040F286238B608B68C4F80433002002B0CC
:10E6D00010BD0123E9E7204605F042FE28B1019B69
:10E6E000013B0193019B002BF5DC91F82F0058B9F9
:10E6F000019B002BEBDC0023C4F800350523C4F894
:10E7000000356FF08B00E2E7D4F8C434C4F8C434A9
:10E7100063B19A075ABF03F001008C386FF0040010
:10E7200013F0040F18BF6FF00A00E1E76FF08B00E1
:10E73000DEE700BFA08601000368094AC3F808238A
:10E74000D3F8002222F00302C3F800220022C3F80B
:10E750000025012380F8323080F83420704700BF54
:10E76000864204002DE9F04190F831308046012BBB
:10E7700058F804EB04460D46164605D10B78012BDC
:10E7800007D16FF076000FE0022B02D10B78012B3E
:10E79000F7D11E4BCEF8083394F8343033B1E36828
:10E7A000CEF804336FF00F00BDE8F08186F004036B
:10E7B000C3F3800384F834306662AC46BCE80F00D3
:10E7C00004F110070FC7DCF800303B606B68E362B0
:10E7D000EB68A3626B78CEF888352B78012B10D0CC
:10E7E0006BB9C6F3401684F8306041467046FFF7B7
:10E7F000C7FE6368002BD7D184F83430D4E70126F4
:10E80000F1E741467046FFF731FFF2E78642040028
:10E81000036803F01F025B09026004D0012B034868
:10E8200018BF002070474FF0A04070470003005011
:10E83000F7B5064605F0FBFE084605F0F8FE01A810
:10E840000196FFF7E5FF019B2F4D00EB83000C467F
:10E85000D0F80037019440F20D612B400B43C0F813
:10E86000003701A8FFF7D4FF019B00EB83000127CD
:10E87000D0F800372B400B43C0F80037042005F0D8
:10E880004EF8092501A80194FFF7C2FF019AD0F8BC
:10E890001035D340DB0715D401A80196FFF7B8FF68
:10E8A000019B07FA03F3C0F80C35042005F037F894
:10E8B000304605F0BCFE013D042005F030F815F0AF
:10E8C000FF05DFD101A80194FFF7A2FF019A012300
:10E8D0009340C0F80C35042005F021F8204605F0DF
:10E8E000A6FE042005F01BF801A80194FFF790FF95
:10E8F000019AD0F81035D34013F0010F0CBF6FF020
:10E900008B00002003B0F0BDF0F8FCFF08B5124BFF
:10E91000A8220021184606F011FB032203460261DB
:10E9200042610E480E4A98614FF48051DA6100222C
:10E9300019629A625A62DA6218660A4858669966DB
:10E9400009491A67DA665A6711F8010D98540132BD
:10E95000102AF9D108BD00BF900A0020679C010071
:10E960002F4E00202F3E0020809C01002DE9F84F03
:10E97000DFF8808098F80030532B8246894616468F
:10E9800001D0FFF7C3FF182707FB0A873D6FD7F8B1
:10E990006CB05D452BD9BC6E796E641BB44228BF48
:10E9A000344629444846224606F0A0FABB6E254468
:10E9B000A144361BAB4208BF0025ABEB050B5E45FF
:10E9C00028BF5E4656B1182303FB0A833246596EB0
:10E9D0004846294406F08AFA3444354424B11823C1
:10E9E00003FB0A88C8F870502046BDE8F88F002461
:10E9F000E3E700BF900A00202DE9F84FDFF87C80A4
:10EA0000182606FB008E00FB06664644DEF824400E
:10EA1000DEF828C07368A44507468946154603EB0F
:10EA2000040022D8DEF820B0ABEB040A0AF1FF3371
:10EA30009A4203D806F05AFA2C440FE063449A42F3
:10EA400019D852462C4406F051FAB4EB0B0405D009
:10EA50007068224609EB0A0106F048FA182303FB06
:10EA6000078301205C62BDE8F88F0CF1FF3CACEB42
:10EA7000040C9445DED20020F5E700BF900A002088
:10EA8000F8B5144B182700FB07751D4407FB00332E
:10EA90000E46DB6A012B14460AD0022B14D023B990
:10EAA000284605F0D1FD844208D900242046F8BD4F
:10EAB000284605F0C9FD844228BF04462246314657
:10EAC000284605F0CAFDF1E72846BDE8F84005F004
:10EAD000DFBD00BF900A0020F8B50B4B1B78532B0D
:10EAE00004460E46174601D0FFF710FF05F011FE51
:10EAF0003A46054631462046FFF7C2FF04462846FF
:10EB000005F00FFE2046F8BD900A0020034B1822A6
:10EB100002FB0033D86E1B6FC01A7047900A0020AA
:10EB2000034B182202FB00339A6A586A801A704716
:10EB3000900A00202DE9F843144C1F462378532BEC
:10EB400005468946904601D0FFF7E0FE022D1AD80F
:10EB500005F0DFFD6DB1182605FB0663E21844F8E9
:10EB60000390C2F8048006FB0542002317629362FB
:10EB70005362182303FB0544089BE36205F0D1FDB3
:10EB80000020BDE8F8834FF0FF30FAE7900A00203C
:10EB900010B4084A08490023C85C12F8014D8442A9
:10EBA00004D10133102BF7D110BC704710BCFFF714
:10EBB000ADBE00BF809C0100900A0020014B986808
:10EBC000A4307047342A0020B0B5044600AFF4F7F3
:10EBD00063FC0B4803685B070FD06D4688B06A463C
:10EBE000084B5361084B9361032342F8103F002305
:10EBF0004FF4C251F4F7DEFDAD46204605F0BDFDF1
:10EC0000D0090020819C01006F9D01002DE9F04793
:10EC1000044600AF0D46EFF31189202383F31288D9
:10EC2000BFF36F8FDFF8EC803B4AD8F8003096686E
:10EC300059076BD0042898BF384B117C94BF53F808
:10EC40002030374BEA468CB06A4636485061C2E9FC
:10EC50000831354840F202431385344BC2E90604BB
:10EC600042F8103F2B4800234FF45151F4F7A2FD16
:10EC7000D546C5B1EB69D8F80020C3F3080393B1BA
:10EC800052072CD0EA4688B06A46294B5361264B7E
:10EC90009361032342F8103F1E4800234FF4C251F2
:10ECA000F4F788FDD546D8F800305B0717D026BBAF
:10ECB0002048E8468AB06A461F4B53611A4B1062DF
:10ECC000C2E9063640F2024393841C4B42F8103FDF
:10ECD000104800234FF43151F4F76CFDC546294626
:10ECE0002046FFF771FF89F31188BFF36F8F30461D
:10ECF000F7F7B4F9BD46BDE8F087304605F08EFE63
:10ED00000028D5D00378002BD2D0D2E7002DB1D186
:10ED1000E5E700BFD0090020342A00205465010037
:10ED2000949C0100AA9C0100619D01000600000165
:10ED3000D69C0100A29C0100FB9C01000500000183
:10ED400038B50A4B53F82040013053F82050A54203
:10ED500000D838BD606830B1037EDB0701D405F010
:10ED6000E9FC0834F3E723689847FAE7686501008F
:10ED700070B52A4B2A4C2B4D012286B003201A7005
:10ED8000FFF7DEFF06F099F80420FFF7D9FF2646CB
:10ED9000AE4204F1300410D300F026FF204C224E86
:10EDA000AC4226D300F034FFF2F7E6FB1F4A137B98
:10EDB00023F00103137306B070BD54F80C3C0593A7
:10EDC00054F8103C049354F8143C039354F8183C42
:10EDD000029354F81C3C019354F8203C009354E9EE
:10EDE0000A2354E90C0100F031FC54F8303C5E6514
:10EDF000CDE7D4E90A23B3F1FF3F08BFB2F1FF3FEB
:10EE000005D052EA0301206803D100F0DBFF303463
:10EE1000C6E73146183001F0DDF9F8E72F5E002033
:10EE2000185A0100185A01003D4B0100481E0020ED
:10EE300070B5174E174D184986B0C02303FB006606
:10EE4000164B059301220F23CDE903320023CDE9B0
:10EE50000133142303FB005504464FF4046000FB08
:10EE600004110F4B00954FF40062304600F0EEFBAA
:10EE7000737B0C4AEE6023F0040373734FF48253E8
:10EE800004FB033313442C746B6006B070BD00BFE9
:10EE9000881D0020342A002000870020899D010061
:10EEA0004B480100C0760020BFB50020FFF748FFA7
:10EEB000294B83F30888294C294F636943F4007375
:10EEC00063610025E02384F82230E57725766576B6
:10EED000A57684F82050636A43F4E023636284F8E3
:10EEE0002350F7F72FF8F7F7C5F94FF0FF33A36278
:10EEF000E362F7F7CBFAF7F7E1F9F4F70BFA194801
:10EF0000194C00F045FC0120FFF71AFF0220FFF723
:10EF100017FF00F0B1FE154B15495C61154B0593C9
:10EF20000123CDE903534FF480523B46CDE901550F
:10EF30000095204600F08AFB627B064622F0040220
:10EF40002046627305F0B7FD2846FFF771FF3A4689
:10EF500031462046F7F774F90087002000ED00E005
:10EF600071ED0000081F0020481E0020342A0020F8
:10EF7000408F00205369010038B5064C064D002033
:10EF8000AC4200D338BD204605F0FFFB0028F9DB7A
:10EF90001C34F5E7000A0020000A002073B50C4677
:10EFA000EFF31181202585F31288BFF36F8FC568B9
:10EFB0005DB125602B68C3608369013383610020E4
:10EFC00081F31188BFF36F8F11E052EA030603D17A
:10EFD00025606FF00B00F3E7CDE90023024608300F
:10EFE00000F02AFD18B9034B9B681B69236002B02F
:10EFF00070BD00BF342A00202DE9F34104461746B6
:10F000001E46EFF31188202383F31288BFF36F8F1E
:10F01000C368334A7BB180689168884219D057EA47
:10F02000060318D188F31188BFF36F8F6FF00F00BC
:10F0300002B0BDE8F081916891F90E1021610133B1
:10F04000E3609368A36088F31188BFF36F8F00209B
:10F05000EEE72169F2E791F90E1090F90E3099422E
:10F06000A8BF19466FF07E029142B8BF11468B428D
:10F070002DDD05F0F5FB0546CDE900761948224661
:10F08000414600F0D9FC0028E1D0EFF3118620239F
:10F0900083F31288BFF36F8FA068D0B12368216912
:10F0A0009C420AD04BB193F90E309942A8BF194641
:10F0B0006FF07E039942B8BF194605F0D1FB40B10D
:10F0C0000848314600F04CFD6FF00A00B0E700251B
:10F0D000D2E7002DF4D186F31188BFF36F8FF3E7E9
:10F0E000342A0020305E0020F8B583680546002BE6
:10F0F00040D0234A926893423FD1C368012B03D981
:10F10000013BC3600020F8BDEFF31187202383F398
:10F110001288BFF36F8F0169806805F0A1FB2C682E
:10F12000AC4207D10023C5E9023387F31188BFF34E
:10F130006F8FE7E7002CF5D0D4E9003213605A60F6
:10F14000637B002623F002036373C4E90066A660B4
:10F1500004F1180005F089FDAC6094F90E302B61C4
:10F160002046C4F8BC6005F0A6FC0648394600F00D
:10F17000F7FCC7E76FF01500C5E74FF0FF30C2E7B7
:10F18000342A0020305E002070B5EFF31186202372
:10F1900083F31288BFF36F8F0468A0421BD0D4B1F1
:10F1A000D4E9003213605A60637B002523F0020328
:10F1B0006373C4E90055A56004F1180005F055FD1E
:10F1C0002046C4F8BC5005F076FC31460748BDE83F
:10F1D000704000F0C5BCD0E902329A4218BF01333A
:10F1E000836086F31188BFF36F8F70BD305E00209F
:10F1F00013B5EFF31181202484F31288BFF36F8FCE
:10F20000846844B1013C846081F31188BFF36F8F3F
:10F21000002002B010BD52EA030406D181F3118828
:10F22000BFF36F8F6FF00F00F3E7CDE900230246C5
:10F23000014800F001FCECE7305E00202DE9F041D0
:10F240000546EFF31187202383F31288BFF36F8FF6
:10F2500000231E466FF00A082C68A54216D0ACB1F8
:10F26000D4E9003213605A60637BA66023F0020386
:10F270006373C4E9006604F1180005F0F6FCC4F8F5
:10F28000BC80204605F017FC0123E5E70022AA60B8
:10F290002BB139460548BDE8F04100F061BC87F369
:10F2A0001188BFF36F8FBDE8F08100BF305E002092
:10F2B0002DE9FF414F4E04462027EFF3118887F3D5
:10F2C0001288BFF36F8FD4F8C450F5B9022104F14E
:10F2D000DC0005F0E0FA002868D004F1D405002233
:10F2E0000121284605F065FC0028F8D1002302938F
:10F2F0004FF0FF324FF0FF33CDE90023414604F1D8
:10F30000CC023D4800F02AFED7E7D4F8C8202B688D
:10F31000C4F8C430954208BFC4F8C830D4F8DC3013
:10F3200043F00203C4F8DC30EB6823F0040343F03D
:10F330000103EB606B6888F31188BFF36F8F284679
:10F340009847EFF3118887F31288BFF36F8FEB684C
:10F35000D80623F0010236D4EA60EB689A0716D586
:10F36000306823F00203EB6088B10368002170B1BC
:10F370004268954235D1036869BB72683360824246
:10F3800000D17360002340F8083BFFF7FDFED4F87E
:10F39000DC3023F00203C4F8DC3088F31188BFF3BB
:10F3A0006F8FDB0589D400F06FFC86E7D4F8DC3082
:10F3B000D9069BD5C4F8DC0088F31188BFF36F8FA2
:10F3C00004B0BDE8F08123F01103EB6005F11000FB
:10F3D000FFF7DAFEC1E70B607368834208BF716014
:10F3E000D0E723B11A68014618461346BFE71A460C
:10F3F000F9E700BF582A0020305E0020F8B5C36846
:10F400009A0704460F46C3F340062ED45B071CD46C
:10F410000B680BB983680B60E368DD0744BFA36822
:10F420003B603D684CBF02260126002D3CD0204B9E
:10F430009A68D5F8C0309A420AD0D5F8DC30D8079F
:10F44000C3F3800214D46FF0120600233B6025E062
:10F4500005F0DEFAD5F8DC300028F0D1D907C3F387
:10F46000C002F0D552B15B0708D46FF00F06ECE78D
:10F47000002AFAD1C3F3C003002BF6D10023236086
:10F48000D5F8C83063B9C5E93144284605F01DFAFE
:10F49000E36843F00403E3603B68A3603046F8BDD3
:10F4A0001C60C5F8C840F0E76FF01506CDE700BF57
:10F4B000342A00200146014805F07BBAE81F0020ED
:10F4C000F0B589B004460020C4E931000E9D04F176
:10F4D000CC00C4E9330004F1D400C4E9350055B3CD
:10F4E0002879002840F2011008BF0120C4F8DC0090
:10F4F00000204FF0FF364FF0FF37CDE90330CDE964
:10F500000100CDE906670D4B0094204600F014F988
:10F5100055B1296811B1204600F046F86B791BB14E
:10F52000237B43F001032373204600F04BFCC4F817
:10F53000C04009B0F0BD0120D8E700BFB1F2000023
:10F54000F7B50C46019016461D46EFF311872023B0
:10F5500083F31288BFF36F8F084605F0A7F955EAC9
:10F56000060309D101A92046FFF748FF87F3118858
:10F57000BFF36F8F03B0F0BDE368074943F00803A2
:10F58000E360019BA36232462B4604F1100000F0B9
:10F5900021FE0120EAE700BF3F4901000146014882
:10F5A000FFF7CEBFE81F002010B5044608B9054B91
:10F5B0009C681F2204F1840005F04AFE002084F8B4
:10F5C000A30010BD342A00202DE9F84F0C46A1B34A
:10F5D0009AB390F80D90DFF86880571E0846B9F18D
:10F5E000000F25D0DFF85CA00025B8F804B019EAB8
:10F5F0000B0F19D0B8F80630D8F800107E1B9E42C9
:10F6000028BF1E46324605F071FC2E4439EA0B092C
:10F6100004EB06000CD0BD1B012D28BF01252A4696
:10F62000514605F063FC354408F108086019DCE731
:10F63000002303702046BDE8F88F0348FBE700BFB6
:10F6400080650100919D0100866F01002DE9F04F5A
:10F65000D51D85B025F00705044698467F3500F195
:10F660005803C0E9163325F03F05129B2373002091
:10F67000119BA3730E463F2D4FF00401DDE90EBA36
:10F68000C4E90600DDF84C90A0606173E07306F1F8
:10F690004003A5F1400705D880F31188BFF36F8FB1
:10F6A000084602DF3A46AA21184605F047FC109B9F
:10F6B000C4E92A0735440027C4F8B0702A46CDE9CA
:10F6C00001A3CDF800B0434631462046F6F784FD4D
:10F6D000109B6765C4E91C8B84F86C70C4F878A033
:10F6E000E367EFF31183202282F31288BFF36F8F59
:10F6F000104E326AC4F88020346283F31188BFF35D
:10F700006F8FB9F1000F11D01F22494604F1840018
:10F7100005F09EFD84F8A370B3680BB1D3F8B43044
:10F72000C4F8B430284605B0BDE8F08F84F8849062
:10F73000F2E700BF342A0020F0B587B00025059518
:10F74000109D04950F9D03950E9D0295DDE912769F
:10F750000D9D01950C9D00950446FFF777FFB6F1CE
:10F76000FF3F08BFB7F1FF3F05D056EA070305D1B9
:10F77000204600F027FB204607B0F0BD3A4633464E
:10F7800004F11800014900F025FDF4E73D4B0100AC
:10F7900040F2011310B583810023C0E92A330446E7
:10F7A00000F010FF014B9C6010BD00BF342A002008
:10F7B0000A4A93686FF00A01C3F8BC100849C3F8FD
:10F7C000B8004B6843F080534B60002383F31188EB
:10F7D000BFF36F8F9368D3F8BC007047342A0020C2
:10F7E00000ED00E070B590F90D20437B002A36DB78
:10F7F000D90634D11B4C63F07F032246437352F881
:10F80000183FE169934207D1C0E900210860E06137
:10F8100011E09942F8D01B68002BF5D090F90E50FA
:10F8200093F90E60B542F4D0AE42F2DD5968C0E9FA
:10F83000003108605860A569954200D005B9E568B7
:10F84000A3685A7BD20604D1DA897F2A01D9AA6932
:10F8500032B1AB4202D0284600F0C2FB656170BDF8
:10F860006361FCE7342A002038B590F90D20437B12
:10F87000002A014604DA03F07F03437305F0E1F840
:10F880000D4D2A46AB6852F8184F944200D004B987
:10F89000EC688B4207D05A7BD20604D1DA897F2AE2
:10F8A00001D9A2692AB1A34202D0204600F098FBF8
:10F8B00023466B6138BD00BF342A0020B3F1FF3FFF
:10F8C00008BFB2F1FF3F03D00249183000F082BCFC
:10F8D000704700BF3D4B010038B5194CA168E06985
:10F8E0000B68814214BF1A46002249680B605960B8
:10F8F000A368E1692AB9134AC3E900210B60E361F7
:10F900000CE093F90E0092F90E50A84214D08542F3
:10F9100012DD5168C3E900210B605360A569094BF2
:10F920009D4200D005B9E568A3689D4202D02846F3
:10F9300000F056FB656138BD9142DCD01268D9E712
:10F94000342A00204C2A0020F8B5394CA2688242A3
:10F95000074624D1EFF305830BBBEFF31186202379
:10F9600083F31288BFF36F8F537B03F07F0343F061
:10F970001003537305F065F8234653F8185F9D4252
:10F9800000D005B9E568A3689D4202D0284600F082
:10F9900027FB65613046BDE8F840FFF709BFEFF38C
:10F9A0001185202383F31288BFF36F8F7B7BD906E9
:10F9B00004D585F31188BFF36F8FF8BDD90943F0E3
:10F9C000100219D17A73A6691A4B9E4200D006B96B
:10F9D000E668A368B34202D0304600F001FBA3689A
:10F9E00066619F42E5D1EFF30583002BE1D13A7BBD
:10F9F000D2070AD42846CEE703F07F0343F0100372
:10FA00007B73384605F01DF8DDE785F31188BFF3F9
:10FA10006F8F83F31188BFF36F8F0423184602DFC3
:10FA2000EFF31180202383F31288BFF36F8FB2E7C7
:10FA3000342A00204C2A0020F8B50E4B0C46114603
:10FA40000D4A98681060DDE90667EFF31182202205
:10FA500082F31288BFF36F8F9D68284605F003F884
:10FA6000284632463B46FFF729FF2046BDE8F840CE
:10FA7000FFF79EBE342A0020602A0020F8B5044615
:10FA8000EFF31187202383F31288BFF36F8F437B3B
:10FA900003F01F02002A0CBF0126002649B239D10B
:10FAA00003F07F03437304F0CCFF2C4D437B817341
:10FAB00063F07F032A46437352F8183F934227D1DD
:10FAC000E869C4E900200460EC610FE09842F8D0D6
:10FAD0001B68002BF5D093F90EC06145F6D08C451C
:10FAE000F4DD5968C4E900310C605C60AC69944293
:10FAF00000D004B9EC68AB689C4202D0204600F00C
:10FB00006FFA6C6187F31188BFF36F8F3046F8BDD1
:10FB1000E869DEE79B071ED5856804F092FF8173D4
:10FB20002B689D4209D16B68C4E900531C606C606E
:10FB3000E8E76A689342F6D01B68002BF3D093F98C
:10FB40000E209142F5D08A42F3DD5A68C4E90032B2
:10FB500014605C60D6E78173D4E700BF342A0020CC
:10FB600049B9EFF3058030B9054B5A699B689A4251
:10FB700001D0FFF71DBE81F31188BFF36F8F70476F
:10FB8000342A002010B5EFF31184202282F312886A
:10FB9000BFF36F8F427BD10604D484F31188BFF387
:10FBA0006F8F10BD22F010024273FFF71BFE21463B
:10FBB0000248BDE81040FFF7D3BF00BF305E002011
:10FBC000034648B9EFF3058232B9064A5169926893
:10FBD000914201D0FFF7ECBD83F31188BFF36F8F23
:10FBE000704700BF342A0020EFF31181202383F3F4
:10FBF0001288BFF36F8F054B9A68D37B013BD37399
:10FC000081F31188BFF36F8F704700BF342A002043
:10FC100070B5EFF31186202383F31288BFF36F8F43
:10FC2000144DAB68DA7B0132DA732A4652F8184F6A
:10FC3000944200D004B9EC685A7BD20604D1DA8928
:10FC40007F2A01D9A2692AB1A34202D0204600F03E
:10FC5000C7F923466B6186F31188BFF36F8FEFF30B
:10FC60001180202383F31288BFF36F8FBDE87040AB
:10FC7000FFF7A6BF342A0020024B03F11802C3E9A4
:10FC800006227047342A002070B5EFF31186202336
:10FC900083F31288BFF36F8F1B4CA168E0690B6878
:10FCA000814214BF1A46002249680B605960A3685C
:10FCB000E1692AB9154AC3E900210B60E3610CE050
:10FCC00093F90E0092F90E50A84218D0854216DD25
:10FCD0005168C3E900210B605360A5690B4B9D423D
:10FCE00000D005B9E568A3689D4202D0284600F01F
:10FCF00077F965613046BDE87040FFF759BD8A422B
:10FD0000D8D01268D5E700BF342A00204C2A002042
:10FD1000F8B550EA010306460C4603D1FFF7B4FFDD
:10FD20000020F8BDEFF31187202383F31288BFF37F
:10FD30006F8F124D124BA8681860FFF795FDA868E9
:10FD4000104923463246183000F044FAAA68537B23
:10FD500043F00403537304463846FFF729FDAB68AC
:10FD6000D3E90A23B3F1004F08BF002AD8D104F029
:10FD7000C0FF201A20EAE070D3E700BF342A002039
:10FD8000602A00203D4B01000C490D4A38B5002483
:10FD90004FF400458C462146C0FB05C10023604658
:10FDA000F0F794FEC117FFF7B3FF054A47F6FF735C
:10FDB000C0FB0234DB0B43EA444038BD3F420F0036
:10FDC00040420F0038B50446EFF31185202383F33A
:10FDD0001288BFF36F8F437B5B070FD5183004F099
:10FDE00044FF637B23F0040320466373FFF7FAFCB0
:10FDF00029460548BDE83840FFF7B2BE85F31188B3
:10FE0000BFF36F8F38BD00BF305E0020014B986894
:10FE1000704700BF342A00202DE9F8430446077BD1
:10FE2000EFF31185202383F31288BFF36F8F437B99
:10FE3000190705D585F31188BFF36F8FBDE8F883E7
:10FE4000D90943F0080260D14273A36813B1204678
:10FE500004F0FFFD04F1180004F007FFA66D04F1A3
:10FE60005808B04511D04FF0000976B1304604F083
:10FE7000F0FD06F1180004F0F8FEC6F8BC9030461C
:10FE8000FFF7B0FCA66DB045EFD1DFF8C480D8F81D
:10FE900008309C4241D1EFF30589B9F1000918BF40
:10FEA0004FF00109D8F818602A4A964200D00EB9DE
:10FEB000D8F80C60B34202D0304600F091F82046EA
:10FEC000C8F8146002F089FB204600F0DBF8B9F1B5
:10FED000000F02D02048FFF75BFCD8F808309C42A6
:10FEE00031D1EFF3058373BB227BD20718D42846A8
:10FEF000FFF75EFCFB07A1D5002383F31188BFF356
:10FF00006F8F0423184602DF98E703F07F0343F066
:10FF10000803437304F095FD97E74FF00009C1E72C
:10FF200085F31188BFF36F8F83F31188BFF36F8F51
:10FF30000423184602DFEFF31180202383F3128895
:10FF4000BFF36F8FD4E785F31188BFF36F8FD1E7CD
:10FF5000342A00204C2A0020081F0020D3B5DDE9F8
:10FF60000667089CCDE90067FFF766FD1CB1034BEF
:10FF70009B681B69236002B0D0BD00BF342A0020FB
:10FF8000427B12F01F02034610D10A4988420DD06D
:10FF90000949086868B1D9897F2909D893F90E20E1
:10FFA000064B1B689A42B8BF00207047002070477C
:10FFB00010467047881D002038080020642A002061
:10FFC000044BC01A044BC0105843044B01221A546E
:10FFD000704700BFC81F0020ABAAAAAA305E00204D
:10FFE00070B50D4B0D4D1E7CFFF7CAFF06EB4603A7
:10FFF00005EBC3050446284604F037FE084B0022F3
:020000021000EC
:100000009A553CB1621E28460649BDE87040D31798
:1000100000F0E0B870BD00BF342A0020C81F0020E7
:10002000305E0020C1FF000038B5EFF311852023BA
:1000300083F31288BFF36F8F0F4B104A9C681068D0
:10004000A04206D1FFF7CCFF85F31188BFF36F8F75
:1000500038BD00211B7C1160094AD35C002BF3D012
:100060002046FFF78DFF0028EED0637BDB0601D131
:10007000FFF732FC2046E5E7342A0020602A002002
:10008000305E0020EFF31181202383F31288BFF349
:100090006F8F0C4A136A834208D1D3F88030136201
:1000A00081F31188BFF36F8F70471346002BF7D091
:1000B000D3F880208242F8D1D0F88020C3F8802085
:1000C000EEE700BF342A0020F8B505460E46EFF3F0
:1000D0001187202383F31288BFF36F8F064B1C6AAE
:1000E00024B987F31188BFF36F8FF8BD20463146DE
:1000F000A847D4F88040F3E7342A0020F8B5064634
:100100000F46EFF31183202282F31288BFF36F8F23
:100110000C490C6A154624B983F31188BFF36F8F1D
:10012000F8BD83F31188BFF36F8F39462046B0477F
:10013000EFF3118385F31288BFF36F8FD4F88040FB
:10014000E9E700BF342A0020024B1868984208BF34
:10015000002070473C080020034B1B680BB9F9F7DF
:1001600071BE0020704700BF682A002030B570B112
:100170000B4B5B6898420AD0036843B1D3E9042172
:10018000D0E90445121941EB0501C3E90421D0E986
:10019000003213605A600023C0E9003330BD00BF55
:1001A0003C08002070B50246FFF7CEFF0849034621
:1001B00000204D68014603B970BDD3E9044600191B
:1001C00041EB06019342F7D09D42F5D01B68F2E760
:1001D0003C080020B3F1FF3F08BFB2F1FF3F2DE91B
:1001E000F84F0446994615461F467AD08160EFF3D2
:1001F0001188202383F31288BFF36F8FB9F1000FAA
:10020000DFF8E4A020DBFFF7A7FFDAE900270135DC
:1002100049F100092D1849EBE073C4E90453AD1806
:10022000064643EB07074FF00109FFF78DFFDFF8A4
:10023000BCE0DEF804A00346EBB9C4E900EACAF862
:100240000040CEF8044028E0DAE900126FF0010324
:100250005B1A4FF0FF3161EB02025B1B62EB09029C
:10026000012B72F10001BCBF01230022C0E904325E
:100270004FF00009D9E7D3E9041CD4E904208A42ED
:1002800070EB0C0B24DA891A5A686CEB0000C3E996
:100290000410C4E9003214605C60FFF755FF84422B
:1002A0000ED1134B1B685BB9B9F1000F02D1FFF7F8
:1002B00053FF0646304604F0C1FC0021F9F794FDD7
:1002C00088F31188BFF36F8F28463946BDE8F88F51
:1002D000521A60EB0C009A45C4E90420ADD01B68AB
:1002E000AAE700252F46EFE7E01F00203C0800208A
:1002F000682A00202DE9F047EFF31185202383F3CE
:100300001288BFF36F8FDFF8A490DFF8A480C9F8DC
:100310000000FFF719FF00260027D9F80030D8E9C0
:1003200000ECD91750B1D0E90442A34271EB020AA4
:100330001CDAE41A62EB0102C0E9044213EB0E037B
:100340004FF000044CEB01012046C8E90031C9F828
:10035000004004F073FC2146F9F746FD85F311884F
:10036000BFF36F8FBDE8F047FFF75EBE14EB0E02E0
:100370004CEBE473C0E90467C8E90023FFF7F6FE1D
:1003800085F31188BFF36F8F83689847EFF311856A
:10039000202383F31288BFF36F8FD9F800301B1B23
:1003A000C9F80030FFF7D0FEB7E700BF682A002089
:1003B000E01F002010B5EFF31184202383F312888F
:1003C000BFF36F8FFFF7C8FE054A0346D2E900016D
:1003D000181841EBE37184F31188BFF36F8F10BDE0
:1003E000E01F0020F8B50646EFF31187202383F3C2
:1003F0001288BFF36F8F026822B187F31188BFF3B1
:100400006F8FF8BDD0E90A54691C44F1000302293A
:1004100073F1000334D3013D44F1FF34002CBCBF21
:1004200015462C4604F069FC013041F100014019E9
:1004300044EB0101012871F100014ADB04F05DFC8D
:10044000013041F100016FF00203401944EB01015A
:1004500083426FF000438B4140DB04F04EFC0130DF
:1004600041F100016FF00102401944EB01044FF02B
:10047000FF33121A63EB04031A493046FFF7AAFE52
:10048000336B01333363336A6BB187F31188BFF386
:100490006F8F336A30469847EFF31187202383F339
:1004A0001288BFF36F8F334653F8184F9C42A4D085
:1004B000002CA2D0204604F00DFB0023C4F8BC3071
:1004C00087F31188BFF36F8F2046BDE8F84004F032
:1004D000F2BA6FF001024FF0FF33CDE700224FF088
:1004E0000043C9E7E50301002DE9F04105461C463C
:1004F00090461F46EFF31186202383F31288BFF343
:100500006F8FB4F1FF3F08BFB2F1FF3F05D186F313
:100510001188BFF36F8FBDE8F081002C09DB012A41
:1005200074F10003BCBF0122002412F1FF3844F132
:10053000FF37284604F099FBDDE906010023C5E9F1
:100540000A012B6342463B4628460249FFF742FE1A
:10055000DDE700BFE50301002DE9F04385B04FF072
:1005600000090546CDF8049000F10C07EFF311885F
:10057000202383F31288BFF36F8F8368594003EA07
:1005800002060A4053400E4901AACDE9023904F09F
:1005900033FB019C3CB1C4F8BC9020460021246E82
:1005A00004F0A9FAF6E7DDE9023223EA020338464D
:1005B000AB604146FFF7D4FA304605B0BDE8F083A2
:1005C000614E0100014BC0F8B4307047000A0020B2
:1005D00038B5064C064DAC4201D3002038BDD4E9F5
:1005E0000112204604F06AFC1434F4E7000A0020EB
:1005F000140A002007B5074B0093074907484FF03E
:10060000FF334FF48052FEF75BFF002003B05DF82C
:1006100004FB00BFC0650100809F0020E81F002090
:1006200010B50A4C23681BB101232360002010BDC4
:1006300000F0EAF80028F7D00138062803D8044B68
:1006400053F8200010BD034810BD00BF6C2A0020E5
:10065000CC650100FE8FFFFFBFF34F8F0549064BAE
:10066000CA6802F4E0621343CB60BFF34F8F00BF50
:10067000FDE700BF00ED00E00400FA0510B4094BEF
:1006800009490A4C4FF0FE32C3F800244968C3F808
:100690000424C3F80824C3F80C240023C4F800354C
:1006A00010BC084700B002504408002000A00250CF
:1006B000D0E90012014BC3E9001270474408002042
:1006C00010B5044650B1636813F0685F05D0064A60
:1006D000934202D000232360626010BD034B0448A4
:1006E0005B689847EFE700BF2C5F5CA944080020D7
:1006F000E8650100C8B143680D4A934213D013F076
:10070000685F0ED0012350E8002F194640E8001C16
:100710009CF0000FF7D1012AF5D0BFF35F8F0020C6
:10072000704704487047044870476FF4E0407047D2
:100730002C5F5CA9E98FFFFFEA8FFFFF80B1436860
:10074000094A93420AD013F0685F05D0BFF35F8F68
:1007500000230360184670470448704704487047F8
:100760006FF4E040704700BF2C5F5CA9E98FFFFF8A
:10077000EA8FFFFF10B5044620B1044B63600022EE
:10078000226010BD0248FFF779FFF6E73A00003A11
:100790001066010070B5D0E90023174C174D636057
:1007A000D0E90230C4E9023022604868D1F800C0C4
:1007B000134BC3E900C0D5F81801D1F808C0C3F83D
:1007C00008C010F0685FD1F80CC00969C3F80CC00C
:1007D000196110D00B49C5F8BC110023C5E945319A
:1007E00005F58A70C5F8B8319047236805F5DC70C7
:1007F000BDE87040184770BD60080020842A0020C2
:100800004C0800202C5F5CA938B500F02FF820B10F
:10081000032400F063F8204638BD00F031F898B9A1
:1008200000F0ACF898B90F4DD5F828391B0EF02B15
:1008300008D1D5F8242A0C4B9A420AD0072400F09C
:1008400017F8E6E70624FAE70424204638BD00241A
:10085000F5E7012000F092F804460028F7D1C5F82A
:100860000C0AD8E700B002500000E02000207047DA
:1008700000207047014BC3F8040A704700B00250D3
:1008800010B5114800F048F800B110BD0F4800F055
:1008900043F80028F9D10E4C204600F03DF800281E
:1008A000F3D10C4B0C481C6000F036F801460028D0
:1008B000EBD100F02DF8044608B1204610BD00F041
:1008C0003FF82046FAE700BFA00800209C0800205F
:1008D00098080020900800209408002008B50848D7
:1008E00000F024F8074800F021F8074800F01EF84F
:1008F000064800F01BF8BDE8084000F00BB800BF48
:10090000A00800209C0800209808002094080020DF
:1009100000207047704700BF08B5034B02681B6892
:1009200010689847002008BD6008002008B5034BF8
:1009300002685B6810689847002008BD60080020C6
:1009400070B5094C094D2069AB68984718B1084B40
:1009500008485B689847084AEB68206900211160E5
:10096000BDE87040184700BF4C0800206008002018
:100970004408002034660100802A0020F8B51A4D92
:100980001A4E0446B26828699047E8B9184F3B6888
:100990004CB1A3B1012B19D0013B3B602869F3682E
:1009A00098470020F8BD43B9124A0121C2F800154A
:1009B0001149D1F81029002AFBD101333B60F368BB
:1009C000286998470020F8BD0C48F8BD0A4AD2F8BB
:1009D0001039002BFBD1074A6FF07E40C2F800357A
:1009E000FFF748FF3B68D7E74C080020600800206D
:1009F000802A002000A0025000B00250E98FFFFFC3
:100A000038B50546002941D051F8043C0C1F002B95
:100A1000B8BFE41800F058F91D4A136833B9636091
:100A200014602846BDE8384000F054B9A34208D904
:100A3000206821188B4201BF19685B680918216082
:100A4000EDE71A465B680BB1A342FAD9116850185A
:100A5000A0420BD120680144501883421160E0D1BC
:100A600018685B68536008441060DAE702D90C2309
:100A70002B60D6E7206821188B4204BF19685B6899
:100A8000636004BF091821605460CAE738BD00BF25
:100A9000482C0020F8B5CD1C25F0030508350C2D99
:100AA00038BF0C25002D064601DBA94203D90C23D3
:100AB00033600020F8BD00F007F921490A681446A8
:100AC0009CB9204F3B6823B92146304600F03CF8E2
:100AD00038602946304600F037F8431C23D10C23F8
:100AE0003360304600F0F6F8E3E723685B1B17D469
:100AF0000B2B03D923601C44256004E06368A242E9
:100B00000CBF0B605360304600F0E4F804F10B00BA
:100B1000231D20F00700C21A1CBF1B1AA350C9E7EF
:100B200022466468CCE7C41C24F00304A042E3D04E
:100B3000211A304600F008F80130DDD1CFE700BFC0
:100B4000482C0020442C002038B5064D00230446D4
:100B500008462B60F5F76CFD431C02D12B6803B1EE
:100B6000236038BD4C2C00200CB430B5174B0C1E44
:100B70001D689DB008DA8B232B604FF0FF301DB04D
:100B8000BDE8304002B070474FF40273ADF8143046
:100B900014BF04F1FF332346049307934FF6FF730A
:100BA00002900690ADF81630209A21AB02A9284693
:100BB000019300F095F8431CBCBF8B232B60002CE5
:100BC000DDD0029B00221A70D9E700BFA4080020E4
:100BD0002DE9F043364E86460D46284615F8014B62
:100BE000375D17F00807F8D12D2C26D12C78012776
:100BF000851C3BBB302C32D00A234FF0FF38002637
:100C0000B8FBF3F803FB08F96FEA09093046A4F1D1
:100C1000300CBCF1090F29D86446A34237DDB6F188
:100C2000FF3F07D080452FD301D1A1452CDB00FB2E
:100C30000340012615F8014BE9E72B2C04BF2C7863
:100C4000851CD6E7102BD8D1302CD6D1287800F0CF
:100C5000DF005828D1D16C7810230235CDE72B78EE
:100C600003F0DF03582BF6D00823C6E7A4F1410CAC
:100C7000BCF1190F01D8373CCFE7A4F1610CBCF1EE
:100C8000190F04D8573CC8E74FF0FF36D2E7731C62
:100C900006D12223CEF80030304632B9BDE8F083C9
:100CA00007B14042002AF9D006B1691E1160F5E78C
:100CB000CC9D010013460A46014602480068FFF732
:100CC00087BF00BFA4080020014801F0C1BC00BFDD
:100CD000140A0020014801F0C1BC00BF140A002022
:100CE0002DE9F04F98468B891B069DB007460D46AF
:100CF000144610D50B6973B94021FFF7CBFE28606D
:100D0000286130B90C233B604FF0FF301DB0BDE8C7
:100D1000F08F40236B610023099320238DF8293045
:100D2000CDF80C803023DFF89C818DF82A304FF00D
:100D3000010923469A4613F8012B0AB1252AF9D155
:100D4000BAEB040B0BD05B4622462946384604F02A
:100D50009EFA013000F0A780099A5A4409929AF845
:100D60000030002B00F09F8000234FF0FF32CDE9D0
:100D700005230AF1010A049307938DF853301A935F
:100D80005446052214F8011B4E48EFF7B9F9049AAE
:100D9000D8B9D00644BF20238DF85330110744BF83
:100DA0002B238DF853309AF800302A2B15D0079A50
:100DB000544600204FF00A0C214611F8013B303B0D
:100DC000092B4BD9B0B1079214E0A0EB080309FA44
:100DD00003F313430493A246D2E7039B191D1B6838
:100DE0000391002BBBBF5B4242F0020207930793C3
:100DF000B8BF049223782E2B0AD163782A2B32D1E4
:100E0000039B1A1D1B68039243EAE37302340593A4
:100E1000DFF8B4A0217803225046EFF771F938B11A
:100E2000049BA0EB0A004022824013430134049348
:100E300014F8011B25488DF828100622EFF760F9F9
:100E4000002836D0224B1BBB039B073323F007033C
:100E500008330393099B334409936AE70CFB02327E
:100E60000C460120A8E700230134059319464FF0F2
:100E70000A0C204610F8012B303A092A03D9002B1E
:100E8000C6D00591C4E70CFB012104460123F0E71D
:100E900003AB00932A460F4B04A93846AFF30080FA
:100EA000421C0646D6D1AB895B063FF52DAF0998AB
:100EB0002CE703AB00932A46064B04A9384600F002
:100EC0000BF8EDE7CC9E0100D29E0100D69E0100FA
:100ED000000000008F5201002DE9FF470F7E0C9D9E
:100EE000782F914680460C469A4601F1430207D876
:100EF000622F0AD8002F00F0E080582F00F0BB804E
:100F000004F1420684F842703AE0A7F16303152B1E
:100F1000F6D801A151F823F0710F0100850F0100EF
:100F2000010F0100010F0100010F0100010F01007D
:100F3000850F0100010F0100010F0100010F0100E9
:100F4000010F0100A1100100151001005710010050
:100F5000010F0100010F0100C3100100010F01008A
:100F600015100100010F0100010F01005F100100C9
:100F70002B681A1D1B682A6004F1420684F842306F
:100F80000123ABE0236829681F0601F104002860F3
:100F900001D50D6803E05E06FBD5B1F9005061682C
:100FA000002D7ADA2D20002984F84300A1602DDA83
:100FB0005E486D420A231646B5FBF3F103FB115759
:100FC000C75D06F8017D2F46BB420D46F4D9082BBC
:100FD0000BD12368DF0708D5236961689942DEBF1A
:100FE000302306F8013C06F1FF36921B2261CDF852
:100FF00000A04B4603AA2146404604F0A3F9013065
:1010000071D14FF0FF3004B0BDE8F08723F0040346
:101010002360CDE72B682068191D2960050601D5DE
:101020001D6802E04106FBD51D8840486F2F14BFA4
:101030000A230823002184F843106668A660002E66
:10104000B9DB216821F004012160002DB3D1002E0D
:10105000B1D11646BBE7236843F020032360344830
:10106000782784F84570296823680E1D2E601E06B7
:1010700003D50D6804E02D48F3E75D06F9D50D882A
:10108000D90744BF43F0200323600DB11023D1E7FB
:10109000236823F020032360F8E724480A23CCE7E1
:1010A0002B6826686169181D286035061B6801D504
:1010B000196002E07006FBD51980002323611646F3
:1010C00095E72B681A1D2A601E6862680021304669
:1010D000EFF716F808B1801B606063682361002396
:1010E00084F8433083E72369324649464046D04777
:1010F000013086D023689B0714D4E068039B984294
:10110000B8BF18467FE70123324649464046D047DC
:1011100001303FF476AF0135E36803995B1AAB42C7
:10112000F1DCEAE7002504F11906F5E7DD9E010090
:10113000EE9E0100704783681B68184702680B68C1
:101140009A4202D003DB01207047002070474FF025
:10115000FF3070470023F2F72DBB836800EBC1011D
:10116000B3F5004F2CBF51F8220031F81200704740
:1011700000EBC1018068B0F5004F2CBF41F8223070
:1011800021F81230704708B50122FFF7E6FFD04082
:1011900008BD8368B3F5004F00EBC10108D34B686D
:1011A0001AB143F001034B60704723F00103FAE7E3
:1011B0004B881AB143F001034B80704723F00103C1
:1011C000FAE753000122FFF7D3BF8368B3F5004F5E
:1011D00034BF04230823481C0833A0EBD300B0FA23
:1011E00080F0C0F11F0070472DE9F0410D46866880
:1011F0000446FFF7C8FFB6F5004F014601D30128AA
:1012000032D02046FFF7E1FF04EB80010E6996B96A
:10121000E368012282401343E36002220D612B4602
:1012200029462046FFF7A4FF032229462046BDE8B1
:10123000F041FFF79DBF022231462046FFF78DFFA8
:101240002946034607462046FFF792FF032233460E
:1012500029462046FFF78CFF39462B462046FFF7EC
:1012600087FF02223146E1E7BDE8F081B2F5802F29
:101270002CBF08230423D21A2DE9F0418C18CD1D70
:1012800025F0070524F00704641B0026E408056028
:101290002146AC60EE602846FFF797FF421D9200A2
:1012A000013002F107074FEAD707A2F110023146D9
:1012B000B8BF324605F1100003F040FE3A46314611
:1012C0002846FFF77EFF3346324631462846FFF771
:1012D0004FFFA4EB0708284631460122FFF759FFCC
:1012E00042463946FFF76DFF3B46324639462846AF
:1012F000FFF73EFF21462846FFF763FF434632468D
:1013000021462846FFF734FF214628460122FFF7F1
:1013100040FF3946BDE8F041FFF766BF2DE9F047D1
:1013200006460D46174698462BB398F8004093F8AA
:101330000190DB78A40004EB430498F802301C44CD
:1013400044444FF0000ACA4509D3D8F8042008F1F4
:10135000080339463046AC46BDE8F047604714F80C
:10136000013B48F823402046EFF7D4FB013004440A
:101370000AF1010AE7E76FF01500BDE8F08770B5E4
:10138000002502462846144614F8013B0BB91846BE
:1013900009E098B18D4207D1702B04D0A3F140022F
:1013A0003A2A0BD8002070BDA3F140063A2E05D88A
:1013B00053780135941C002BE9D00020252B08BF61
:1013C00080F001002246DEE70020704730B50C684F
:1013D0008B6814B14A689A4202DC01338B6030BDDD
:1013E000013A9A4214BF05460025E5548B68F4E79C
:1013F00000F005BC0FB407B504A951F8040B019126
:1014000000F0FDFB03B05DF804EB04B070470CB4D2
:1014100007B504AB53F8042B0193F0F725FE03B096
:101420005DF804EB02B07047044608B50846114663
:101430001A46A047FEF7EAFCF4F710FED0E90021B7
:1014400030B54FF03333A2FB0324D51843EB04052A
:10145000A1FB0313521844EB0304521944F1000298
:10146000891843F10003C0E9001330BD10B50A68C4
:10147000002A03460FDD013A0A601A6844680A2010
:10148000A2FB001200FB0422100F22F07042C3E9FD
:101490000012303010BD3020FCE72DE9F041074646
:1014A000884615461E461446B44205D30EB1601B4D
:1014B00008E02378002BFAD014F8010B4146B84716
:1014C0000028F1DABDE8F0810FB407B504A951F89E
:1014D000040B0191FFF78CFF03B05DF804EB04B03F
:1014E000704710B50369024613F0080009D113686C
:1014F000D4689C4297BF126AE31AD31A01200B608A
:1015000010BD00231846FAE713B501A90446FFF7FA
:10151000E8FF20B1019BE268013B13440193206A7C
:10152000019BC01A013802B010BD10B50446501816
:101530002269236AD20702D5013B184010BD9842A8
:1015400028BFC01AFAE710B504460A46C168FFF77B
:10155000ECFF2369E06023F00803236110BD38B578
:101560000D46C2698B00016843F0020342F8213046
:10157000044601682A46FFF7D8FFE36861682060E7
:10158000984202BF236943F0080323612A4620469C
:10159000FFF7CBFF606038BD2DE9F74FC768C6691C
:1015A0009B4606EB8703009316F8273003F00303EE
:1015B000022B0446884691464FF000030BD013607F
:1015C000CBF8003023699B0713D44FF0000A504634
:1015D00003B0BDE8F08F56F8271013608908CBF8E8
:1015E0000030EFD0FFF7AFFFE368A3604FF0010AD0
:1015F000EDE7A36906EB8700984716F8272012F05D
:10160000010A0546E1D012F002021FD0B8F1000F26
:1016100003D041462046FFF7A2FF61682A462046D4
:10162000FFF783FFD4E902219142606006D12A4688
:101630002046FFF77AFF4FF0000AA060A268226000
:10164000E260226942F008022261C0E701462046BA
:101650000192FFF778FFE368A360B8F1000F04D0B0
:101660002168E369019A43F8212005EB0802CBF8D1
:10167000002021682046FFF758FF2369206043F0CF
:101680000803236116F827306FF3000306F82730AC
:10169000009BC9F80030A9E770B504461546FFF76E
:1016A00044FF2368834205D12369216023F00803A6
:1016B000236170BDE269AB0043F0020342F82130C0
:1016C000204661682A46FFF730FF6060F1E738B5D1
:1016D00003695B07044606D5456AFFF715FF854297
:1016E0002CBF6562606238BD38B50D4604461C22C9
:1016F000002103F023FCEB68A361AB6863612B68F6
:10170000E3616B682362002262622A6923B1591E79
:10171000194208BF42F001022261012204F12800AF
:101720000021BDE8384003F0AAB82DE9F04F87B09A
:1017300000250093036A03958B4204460E469246A9
:101740000595A94639D3EFF3118B202383F3128833
:10175000BFF36F8F059AD8462AB129462046FFF776
:101760009BFF0023059304A92046FFF7BAFE0499C6
:10177000B14207462AD32268E36913F8221021F008
:10178000030103F8221003EB820921683246204648
:10179000FFF7CBFEE3682060984212D0002788F361
:1017A0001188BFF36F8F039929B162690AB120468E
:1017B000904700230393002FC5D1484607B0BDE8EA
:1017C000F08F236943F008032361E7E718B120464F
:1017D000FFF7C5FEE3E7009B5AEA03021CD0019124
:1017E00003F016F90199B8B9BBF1000F14D187F3D2
:1017F0001188BFF36F8F009B524604F12800FDF75C
:10180000F7FCEFF31188202383F31288BFF36F8F67
:10181000B0FA80F77F09C2E705AB03AA2046256826
:10182000FFF7BAFE0746BAE770B504468369084673
:101830000D4698470246EFF31186202383F3128862
:10184000BFF36F8F2B7843F001032B706168204644
:10185000FFF76BFE60602046FFF739FF86F31188C3
:10186000BFF36F8F70BD2DE9F041044620270020A3
:10187000EFF3118687F31288BFF36F8F236913F09C
:10188000080FA36802D16268934200D9226AE16915
:10189000D21A5AB986F31188BFF36F8F18B104F1C9
:1018A0002800FDF771FC4FF0000834E011F8232008
:1018B00012F0030501EB8308ECD0022D03D151F89F
:1018C0002350AD0805D1D00713D4A36940469847EB
:1018D0000546A1682A462046FFF727FE2946A06054
:1018E0002046FFF730FE86F31188BFF36F8F01208B
:1018F000BEE742F0020201F823204046A369A56832
:101900009847294602462046FFF70FFEA06086F35F
:101910001188BFF36F8F4046BDE8F081F8B50446EB
:10192000836908460D4698470646EFF31187202342
:1019300083F31288BFF36F8F2B786FF300032B7044
:1019400023699B0705D5E268E36903EB82039D42A7
:101950001AD12B786FF341032B70D4E902319942ED
:1019600004D132462046FFF7E0FDA0603146204614
:10197000FFF7E9FD87F31188BFF36F8F04F12800AB
:10198000BDE8F840FDF700BC2B6860F39F032B60B7
:10199000F0E7EFF31181202383F31288BFF36F8FF9
:1019A000036913F0080F836802D14268934200D99B
:1019B000026AD31A81F31188BFF36F8F181E18BF04
:1019C00001207047038B13F0070305D10368002B38
:1019D0000CBF002003207047022B05D1408BB0FACA
:1019E00080F0400980007047012B05D10368002B6F
:1019F0000CBF0020052070470020704710B50C4632
:101A000000B111B96FF0150010BD081D00F0B7F856
:101A10000028F9D1A368032BF6D9F3E72DE9F041AB
:101A20000D4607461946281D90461E4600F0B8F898
:101A3000044638B13346424629463846A446BDE8F6
:101A4000F0416047BDE8F08110B4EFF3118220242B
:101A500084F31288BFF36F8F416110BC0121F1F74D
:101A60001BBA38B50C46054658B151B10B6843B1A5
:101A70004B6833B11C22002103F060FA2C61002076
:101A800038BD6FF01500FBE770B505460E46FFF751
:101A9000B5FF041E14DBEFF31182202383F31288B9
:101AA000BFF36F8F6B8B2C8B4FF6FF718B4204F063
:101AB000070407D182F31188BFF36F8F6FF00A0418
:101AC000204670BD022C0CD101336B8382F3118848
:101AD000BFF36F8F0023224631462846FFF79EFF53
:101AE000EEE7062C14D8DFE804F004131313041AED
:101AF0000400002333606B683BB9C5E90066ACB9EC
:101B000002212846F1F7C8F9DAE71E606E60F6E7B1
:101B100082F31188BFF36F8F6FF00404D0E782F374
:101B20001188BFF36F8F6FF08504C9E782F31188C6
:101B3000BFF36F8FC4E710B5EFF31182202383F357
:101B40001288BFF36F8F048B04F00704022C0AD0B5
:101B5000012C0CBF6FF004006FF0850082F3118838
:101B6000BFF36F8F08E0438B013B9BB2438323B9E4
:101B70002146F1F791F9204610BD2046EEE70346D5
:101B800058B1426802F00302012A03D0032A04D1AB
:101B9000026812B10020986070476FF0150070471E
:101BA0004268816002F00302032A4FF000020346FC
:101BB0000CBF006810465A607047704703785B0797
:101BC0005FBF03684288C3F34A2303EB12105DBF73
:101BD000173020F007008008002070470020704771
:101BE00001F00EBB0346BFF35B8F53E8000F421CAE
:101BF00043E800210029F8D1BFF35B8F70471FB580
:101C00000023CDE90201CDE900331A4619461846F2
:101C1000F1F75CFE05B05DF804FB0120F1F720BB95
:101C20000020704718B140680079F1F727BD4FF0E8
:101C3000FF30FAE738B5436804460D46DA711146BD
:101C4000F1F77AFD63681D60636801225A71BDE88F
:101C50003840F1F7F7BA70B515460C4669B1D2E9CC
:101C600001369B1B99420AD813680A460146981907
:101C700003F03CF9AB682344AB60204670BD6FF0C5
:101C80001B00FBE770B50E4615461946044618B909
:101C9000BDE87040F1F7E4BA33B1C2F34A23103023
:101CA000120D184403F022F9C4E900562046BDE89D
:101CB0007040F1F789BCF8B506460D4614461F463C
:101CC00004B9F8BD214628463A46B047241A0544CF
:101CD000F6E710B5426881680446D2E9002300683F
:101CE000FFF7E9FF636800221A6010BD13B50024F6
:101CF0000094F0F733FA02B010BD38B54B681A689B
:101D0000CB689A4205460C4602D10846FFF7E1FF30
:101D10006368BFF35B8F53E8002F511C43E800104A
:101D20000028F8D1BFF35B8FA3689D54002038BD15
:101D30000A2838B504460D4602D10D20FFF7DDFF15
:101D400029462046FFF7D9FF002038BD2DE9F04392
:101D5000054687B008460E8891F80090D1F80880B3
:101D60000C461746F1F714FE011EC6F38216C9F39E
:101D7000C2091EDB4846F1F739FC0346214660885C
:101D800051F8102B0196C2F34A22002A01EB0204FB
:101D9000C0F30B1008BF00210022CDE90407CDE9F4
:101DA0000214009241462846F1F71EFE07B0BDE836
:101DB000F0830023E2E743681B685B680020196139
:101DC000704743681B681A685268536070474368DD
:101DD0001B681868F1F776BF70B543681D686B68BB
:101DE00018690C46F1F718FA214603460E222868B6
:101DF000BDE870401847C3691BB11B790B70002008
:101E000070476FF057007047C3693BB1DB682BB177
:101E1000DB691879B0FA80F04009704701207047FB
:101E200070B5C56904460E460DB103232B712046DB
:101E3000FFF7EAFF98B103212046B047002802DAF5
:101E400010F1860F0BD1012125B920463346BDE89C
:101E50007040184729712046B04700232B7170BD90
:101E600008B50120F1F702F808B50020F0F7FEFFF1
:101E70000B68834204BF01230B71704710B500202B
:101E80001C4602F02FFC2060002010BD08B519B1DF
:101E90004068083002F085FF002008BD10B5446B93
:101EA0000020FCF733FE28B12368216C0020BDE838
:101EB0001040184710BD08B54068083002F071FFA7
:101EC000002008BD10B50346BFF35B8F53E8000F39
:101ED00040EA010243E80024002CF7D1BFF35B8FF6
:101EE00010BD10B50346BFF35B8F53E8000F00EA47
:101EF000010243E80024002CF7D1BFF35B8F10BD33
:101F000010B58368D3F86C32DB07044614D44068FC
:101F100003685B689847014608B9A3681871A3680D
:101F20005B6B0BB120469847A3680022C3F88C2254
:101F3000FDF76CFFF4F792F86FF00F01EFE7042163
:101F400000F51B70FFF7BEBF00F51F70FDF71CB951
:101F50004FF0FF324FF0FF3300F51F70FDF748B927
:101F600000F51B7019B14FF40061FFF7ABBF6FF4C0
:101F70000061FFF7B6BF08B500F51A7029B101215D
:101F8000FFF7A0FF00F0010008BD6FF00101FFF7AF
:101F9000A8FFF7E773B5044680680E46154600F5BE
:101FA0001C7000220023CDE9002302F083FF58B10A
:101FB000A06800F51C70314602F078FF20462B46E1
:101FC00002B0BDE87040184702B070BD38B5054694
:101FD00088680C4600F51C7025B90121BDE8384021
:101FE00002F061BF082102F05EFF012D07D1A06859
:101FF0000221BDE8384000F51B70FFF763BF38BD14
:1020000008B500F51F70FDF7F3F8B0FA80F040094D
:1020100008BD10B504468068012100F51B70FFF76C
:1020200051FFA3681B79022B02D12046F2F718FC5E
:10203000A0686FF00101BDE8104000F51B70FFF7CC
:1020400050BFF8B5044680681F460379022B0D4641
:10205000164607D0BDE8F8404FF4805100F51B70DC
:10206000FFF730BF40F267620023FFF7C9FF48B3B4
:10207000A368D3F86C22100508D49A6B32B9D3F850
:102080006832990602D5204600F0A1F93B46324657
:102090002946204600F0E6F9A368D3F86C22120521
:1020A00008D49A6B32B9D3F868329B0602D5204621
:1020B000F3F70AF8606900F042F8A068BDE8F8405C
:1020C000FFF742BFF8BD0EB403B503AB082153F8C8
:1020D000042B0193FFF7B5FF02B05DF804EB03B0EA
:1020E00070470EB403B503AB032153F8042B0193DF
:1020F000FFF7A7FF02B05DF804EB03B070470EB422
:1021000003B503AB012153F8042B0193FFF799FFAB
:1021100002B05DF804EB03B0704710B540F267629F
:10212000044600238068FFF76BFF38B12046F2F7C2
:1021300025FAA068BDE81040FFF706BF10BD10B536
:1021400002698368126801680446C0689847236979
:1021500000221A6010BD38B5CB681B7C022B0546E7
:102160000C4604D10A2802D10D20FFF7F4FF2369A1
:1021700022681B68D55422691368013313602369F0
:102180001A6863689A4202D12046FFF7D8FF002000
:1021900038BD08B510B1EEF7BDFC80B208BD10B572
:1021A000047B438922442144B2FBF3F003FB102259
:1021B000B1FBF3F003FB1010101A10BD10B5047B37
:1021C000438921441019B1FBF3F1B0FBF3F0401A3D
:1021D00010BD30B5057B43892944B1FBF3F403FB03
:1021E000141101312A4401340180B2FBF3F103FBE5
:1021F0001122848001324C1CC480428030BD2DE904
:10220000F0410F4686B01646044670B1034601AC55
:1022100000F1100518685968224603C20833AB4222
:102220001446F7D11868106001AC4FF00008414621
:1022300032462046F2F722FE08F10108054628B191
:1022400029683846EEF75CFC0028F0D1284606B035
:10225000BDE8F08173B503782D2B04460D46164674
:1022600006D16FF0150333600025284602B070BD1B
:1022700000F0F6F9002303602A4601A92046FEF784
:1022800019FD054600F0ECF90368222B02D16FF02E
:102290002103E8E700F0E4F90368002BE1D1019B9A
:1022A000A342DED01B78002BDFD0DAE70EB403B5F3
:1022B00003AA52F8041B0192F2F7ECFC02B05DF89D
:1022C00004EB03B0704738B50446B0F844500068DA
:1022D00010B1EEF71FFC80B2401907D0638DB0FB40
:1022E000F3F203FB1200B0FA80F0400938BD7047EA
:1022F00038B58468D4F86832B4F846502068C3F31F
:1023000040035D4310B1EEF705FC80B2638D2844B5
:10231000B0FBF3F203FB1200B0FA80F0400938BDC5
:1023200010B504468068B0F84420B0F8461020305C
:10233000FFF74FFFA068FFF7C6FF20B16069BDE857
:102340001040F2F7D5BD10BD38B5054680680C4683
:10235000B0F84610B0F8442020300C44FFF739FFA5
:10236000A868A4B2B0F8461022462030FFF726FF36
:10237000A8682246B0F846102030FFF710FFAB687F
:10238000A3F8464038BD8368B3F84610494209B205
:10239000FFF7DABF8368B3F84410B3F84630C91AC0
:1023A00009B2FFF7D1BF8368B3F846301BB14FF0D5
:1023B000FF31FFF7C9BF70478368B3F84620B3F811
:1023C00044309A4202D20121FFF7BEBF70478068B5
:1023D000B0F84420B0F846102030FFF7FABE2DE9DF
:1023E000FF4105460F4614460026A4B904B0BDE8D7
:1023F000F081D3F86C229207FBD5BFF35B8F03F516
:102400001B7353E8001F21F0020143E80012002A69
:10241000F7D1BFF35B8F686803682246D3F80C805E
:10242000B91903ABC047039A1644A41A002ADCD199
:10243000AB6819790329EED00229DAD84FF0FF30C2
:102440004FF0FF31CDE90001082103F51C7002F0C7
:1024500031FDA86800F51C70082102F027FDDAE7BD
:10246000FFF7BDBF114640691A46F2F713BC0CB422
:1024700007B504AA406952F8041B0192F2F70AFC5E
:1024800003B05DF804EB02B070472DE9F0418768B6
:10249000B7F84460B318FF2B05468846144626DC7F
:1024A000B7F84630F61A4A331F44B6B232463946B8
:1024B000381902F029FD22464146384602F016FD41
:1024C000AA68B2F844302344A2F84430AB68B3F8A9
:1024D00044201344002283F84A20AB68D3F86812E2
:1024E000890706D4B3F846201444A3F84640BDE853
:1024F000F08131462846BDE8F041F2F73BBD38B5E2
:1025000005468068B0F84620B0F84440A41AA4B24A
:102510009CB14A321044411C224602F0F5FCAA68E4
:10252000B2F84430013BA2F84430611E2846012233
:10253000BDE8384089B2F2F71DBD38BD10B58368DB
:10254000B3F8442004465AB1B3F8463043B14FF0D3
:10255000FF31FFF7F9FE2046BDE81040FFF7CFBF7F
:1025600010BD70B592B00023054601934FF47A7404
:102570006868036840221E6902A901ABB047019B4D
:1025800013B108B9013CF3D112B070BD0EB403B55C
:1025900003AA52F8041B0192F2F77CFB02B05DF82B
:1025A00004EB03B0704708B50020F0F75FFC02F0C1
:1025B000C5BC02F09BBC01460068F3F70DB808B536
:1025C000F3F7A6F8BDE80840F3F7A6B80023F1F743
:1025D000F1B800210120F2F7FFBF6FF085007047CE
:1025E00061B662B680F31188BFF36F8F704772B621
:1025F000002383F31188BFF36F8FBFF34F8F30BF7A
:1026000062B6BFF36F8F704772B6002383F31188F1
:10261000BFF36F8FBFF34F8F20BF80F31188BFF3DD
:102620006F8F62B67047202809D9B0F1004F08D8E3
:102630000138B0FA80F0C0F11F0040007047082058
:1026400070473E2070474FF0FF30704700207047C2
:102650004FF0FF324FF0FF33FCF7CEBCFCF744BD28
:10266000FCF7ACBA08B50A4601460020F4F724F896
:1026700008BD00207047FCF787BD0023F1F79AB82A
:102680000023F1F797B830B58BB014460DF107026F
:10269000049201220592002203468DF8182003AA15
:1026A0008DF8071007920721022200689B88089284
:1026B0008DF824109DF82410856811438DF824109E
:1026C000AD6804A9A84718B9BDF80C305BBA2380DF
:1026D0000BB030BD1FB503468DF80210080A032168
:1026E0000122029102218DF801008DF80020186866
:1026F000CDF804D09B888DF80C109DF80C108468E0
:1027000041F002018DF80C10A46801A9A04704B0A3
:1027100010BD10B403460838BFF35B8F50E8002F9C
:10272000511C40E80014002CF8D1BFF35B8F12B9A4
:1027300010BCF4F739BD6FF00F0210BC9A657047FA
:102740000369C9B20C2201FB0233186C00F00700C8
:10275000704770B5C9B20369EFF31185202484F383
:102760001288BFF36F8F0C2606FB0134246C14F023
:10277000C00408D0A24206D085F31188BFF36F8F42
:102780004FF0FF3070BD71430B4401221A6485F392
:102790001188BFF36F8F43680B445B689847002034
:1027A000F0E78022FFF7D5BFF8B5069F0469C9B2EC
:1027B000EFF31186202585F31288BFF36F8F0C2568
:1027C00069430C44256C05F0070CBCF1010F0BD1DB
:1027D000276486F31188BFF36F8FC4E90E23436823
:1027E0005B5898470020F8BD05F0C005AF4286F35E
:1027F0001188BFF36F8F0CBF6FF077004FF0FF3081
:10280000F1E713B580240094FFF7CEFF02B010BDAE
:1028100010B40069CBB21C2403FB0400002110BCDF
:1028200010471046FCF7B0BC01F0E8B8FAF7FCBB63
:1028300010B50C4601F0C3FB0023C4E900031846A1
:1028400010BD38B505460C4601F0B9FB002D07DB7D
:10285000A84205D9401B84428CBF0020012038BD0E
:102860000020FCE770B50D462846194616461C4662
:10287000FFF7E7FF28B921462846BDE87040F5F785
:1028800087B824B122462946304602F02FFB0020AB
:1028900070BD43685B68D3F810350B60002070474B
:1028A00043685B6802EA010021EA0201C3F80805F7
:1028B000C3F80C150020704743685B680020C3F81C
:1028C0000815704743685B680020C3F80C15704713
:1028D00043685A68D2F8043521EA03000B40C2F875
:1028E0000805C2F80C350020704710B50369586818
:1028F000F8B1884219D19C6808685860A14200D19B
:102900009860002008602AB15A680A609A68596085
:1029100002B99960002010E0814206D10868206069
:1029200098688142EDD19C60EBE70446006800287E
:10293000F2D1002AE8D16FF0150010BD00207047D9
:10294000FAF786BC37B50446002201210320F3F7CD
:1029500009FC63685D6901AA0021284600F02CF992
:1029600000280DDB019B2A6819791868F5F7BAFC75
:10297000002805DB204603B0BDE83040F5F702BB78
:1029800003B030BD02780B69012A07D0022A08D0B3
:1029900052B95A6603F15400FCF7F6BB6FF004021B
:1029A000F7E76FF00A02F4E76FF08B02F1E72DE929
:1029B000F04F056985B006460C469046039305F135
:1029C00044094FF0FF324FF0FF334846FCF710FC4C
:1029D00005F1540A002200235046FCF709FC284662
:1029E00001F09DFD002708F1FF3BB84501D8002309
:1029F00022E0BB4588BF237D217A86BF83F0040394
:102A0000C3F3800300230193039B0093D4E90023C5
:102A10003046F5F71DFB034670B94FF480420023A2
:102A20005046FCF7E5FB98B12846FBF785FE30469B
:102A300000F023F86FF0040328460393FBF77CFEB5
:102A40004846FCF7A1FB039B184605B0BDE8F08F94
:102A50006B6E0C34002BEDD10137C6E713B501AA1C
:102A6000044600F0A9F8002805DB019B22681979CB
:102A70001868F5F737FC02B010BD03691B68D3F87E
:102A80000805D3F80C15FBF7D3BE70B504464568AE
:102A9000066989B1012918D168690021FFF7DEFFB5
:102AA000051E07DB2046F5F76DFA316C11B12046A3
:102AB000F5F798FA284670BD304601F038FD686990
:102AC0000121BDE87040FFF7C9BF6FF08505F1E750
:102AD00010B443681868884215D95B6803EBC104D9
:102AE00053F8310023790121994003691B68194289
:102AF00003D122B983681B6903E0002AFAD18368F5
:102B0000DB6810BC18476FF0150010BC704773B538
:102B100045682868884206D9D31804D24FF47A74DD
:102B2000A3FB040313B16FF0150010E0A2FB043205
:102B3000002AF8D16D680E0105EB011163438A8903
:102B40000092496804FB00F2A859EEF7C5F902B0FB
:102B500070BD2DE9F341436815461A688A4217D9BA
:102B60005F6807EB01144FEA0118A668642200238E
:102B7000A5FB0601EDF7AAFFA28900920346616852
:102B800057F808003246EEF7A7F902B0BDE8F08129
:102B90006FF01500F9E770B546680D4600243368FC
:102BA0009C4201D3002070BD230172682946D05891
:102BB000F1F72EFA0134F2E730B543681360057A75
:102BC000446804EBC504A34202D36FF0010030BD9A
:102BD0005C798C4201D00833F0E70020F7E77047BA
:102BE00043685B6B0020C2E90030704713B501AA4F
:102BF0000446FFF7E1FF002805DB019B22681979F5
:102C00001868F5F76FFB02B010BD012973B50446D3
:102C100033D143680569186B00210026FFF7E6FFF2
:102C200031462B6801F5AC7253F82230002B0EDBD5
:102C300001A80193F5F716FC019AD0F80435D340AA
:102C400013F001031CBF01238B403343DEB201317B
:102C50000429E6D1002301206268116A00FA03F218
:102C600032420CBF01220022D20321F8132001338B
:102C7000042BF1D1002002B070BD91B90469456800
:102C8000204601F063FA204601F07AFA0028FAD0D3
:102C90000023A361A383A377286B0121FFF7A6FF7D
:102CA000E8E76FF08500E6E70023F0F783BDF0B4B6
:102CB0000C2707FB0214866814F8045C45F0020533
:102CC00004F8045CB468A446F0BC604730B589B031
:102CD00061F07F0144688DF807100DF10701029142
:102CE0000121606803911D46002123898DF8101091
:102CF000CDE9052502A902228DF81C20FFF7D7FF98
:102D000009B030BD30B589B061F07F0144688DF8FD
:102D100007100DF107011D4602910121606823890A
:102D20000391CDE90525002107228DF810108DF8BB
:102D30001C2002A90222FFF7BAFF09B030BD1FB55F
:102D400043688DF80120022258688DF800101B8915
:102D500002928DF80C2001A90122CDF804D0FFF7D2
:102D6000A6FF05B05DF804FB10B588B043688DF888
:102D700007100DF107010291012158681B89039189
:102D8000CDE9052107228DF81C200024022202A98A
:102D90008DF81040FFF78BFF08B010BD2DE9F0470C
:102DA0009846436888B0D3F8049093F808A08DF84B
:102DB0000410002301278DF810300DF10303CDE935
:102DC000053707230E46144601AD8DF81C3002224C
:102DD000534602A9484602950397FFF768FFB8B922
:102DE0009DF8032022EA040304EA08041C43A242DB
:102DF0000ED0022303938DF810303A46534602A9B1
:102E000048468DF804608DF805400295FFF74FFFA6
:102E100008B0BDE8F08730B589B043680469186828
:102E20009B8800220DF105018DF8052002918DF897
:102E3000102001210DF106020391059207210222C3
:102E400006928DF81C109DF81C10856811438DF8B2
:102E50001C10AD6802A9A84700280CDBBDF80620AD
:102E600052BA13B2D20704D5DB102380002009B078
:102E700030BD1B11F9E76FF00400F8E71FB50346FA
:102E80008DF800108DF80220110A0322029202220E
:102E900000689B888DF80110CDF804D08DF80C20C7
:102EA0009DF80C20816842F002028DF80C208C689D
:102EB000012201A9A04704B010BD38B505694068DA
:102EC0006C8824EA010411400C43A4B2224601217B
:102ED000FFF7D4FF00B96C8038BD4379014623B1B8
:102EE00051F8060B83681B6818476FF08500704720
:102EF00003460A4600681979012303FA01F10369C0
:102F00001B68194218BF82F0010212B18368DB68A6
:102F1000184783681B69FBE70023F0F74BBC0022CE
:102F200001210420F3F71EB910B50B6813B9136023
:102F3000184605E003685C681CB1146003681868F3
:102F400010BD083303600B68013B0B60EDE7002305
:102F5000F0F730BC13B501AA0446FFF72DFE002898
:102F600005DB019B226819791868F5F7BBF902B0F7
:102F700010BD03460A4600681979012303FA01F1DE
:102F800003691B68194218BF82F0010212B18368FD
:102F9000DB68184783681B69FBE7012970B50C469D
:102FA00006D14368586B0021FFF7D4FF002070BDA5
:102FB00061B90569466895F8853023B12846FBF765
:102FC0005DF985F88540706B0121EDE76FF08500B4
:102FD000EDE710B504460068D0B1037DC3B149B137
:102FE00001210830FFF7C5FF23681869BDE81040CC
:102FF00001F09CBB12B98388DB0409D4006901F09D
:1030000095FB20680021BDE810400830FFF7B1BFF4
:1030100010BD10B5012200210446FFF7DAFFA369B5
:1030200033B9636004F11000BDE81040FCF7ACB8A0
:1030300010BD10B50069C36A8B420AD1826A9342FF
:103040000AD190F8844054B92830FFF7E2FF2046B7
:1030500010BD6FF07700FBE76FF01500F8E76FF039
:103060000F00F5E738B505690446A96505F1480084
:10307000FCF78AF8002285F8842020691146BDE813
:1030800038402830FFF7A5BFF0B504694568226FC6
:10309000A36F85B006467ABB002B4ED02D8EE06E16
:1030A000676F9D4228BF1D46636F5BB1A26F4AB137
:1030B00007F06042B2F1005F04D0082DD4F88C70A4
:1030C00028BF0825E26EC4F880501AB1226F002A8A
:1030D00018BF2A4601921BB1A36F002B18BF2B46C5
:1030E000009069460022204603930297FBF70AF9F5
:1030F000014618BB05B0F0BDE16E676F2D8E084626
:10310000BBB1934228BF13469D4228BF1D460029EC
:10311000CAD001F06043B3F1005FC5D0082D28BFCD
:103120000825D4F888002A4601F0E0FED4F888008B
:10313000BAE7954228BF1546E9E71946304605B07B
:10314000BDE8F040FFF78EBFF0B587B001238DF8E2
:10315000023002238DF804306B4403930E4601AB1A
:103160000DF1030100270546029104930597FAF734
:1031700063F8041E0BDB03AA3146284600F05DFD10
:10318000041E07DA9DF803102846FAF74FF8204688
:1031900007B0F0BD3C46FAE7F8B50C46054600F02E
:1031A0000CFF002221460646284600F0B1FE03210E
:1031B0002046F6F717FC00F023F807462B689B59CA
:1031C00053B100262146284600F0F5FE2046012195
:1031D000F6F708FC3046F8BD00F012F8C01B0628D0
:1031E000ECD96FF07306EDE700F150039B009BB242
:1031F00003F1804303F5883300221A601B6870478F
:1032000008B5F6F785FC08BD002070470023F0F7ED
:10321000D1BA10B586B0009203930122089B0192A7
:103220000493002207238DF808208DF814309DF8B0
:103230001430826843F002038DF8143094680B4612
:1032400002226946A04706B010BD10B48468246805
:10325000A44610BC6047436820330B600123136011
:1032600070470023F0F7A6BA0A46014651F8040B4E
:103270000023FFF7EABF70B505694668044605F10B
:10328000100001F0B2FB4FF0FF334FF0FF32284641
:10329000FBF7AEFF95F840303BB1B28F6068AB21D1
:1032A000F7F78EF8002385F8403070BD10B504465E
:1032B000FBF76AFF04F110004FF42032BDE8104024
:1032C0000023FCF76BB938B50446456869B101299C
:1032D00015D1FFF7D0FFAA8FAB216068F7F770F820
:1032E0002069FFF7E3FF002038BDFFF7C4FF95F822
:1032F0003E306A8F002B0CBFB9217921EDE76FF0CA
:103300008500F1E7F8B5466B04467768A0F1100533
:103310004FF0FF334FF0FF322846FBF769FF7A8FFB
:1033200070687921F7F74CF8012384F8303028468B
:10333000BDE8F840FBF728BF13B5044660680DF1FF
:103340000601F7F7D3F818B9BDF806301B06F5D516
:1033500002B010BD0023F0F72DBAF0B403460068A8
:103360001979DB88066987683468DA0754BF43F443
:10337000B01383F4D01301258D4023F48012DB07B2
:103380004CBF2C43AC4334603B68F0BC1847F0B4EE
:1033900003460A461979DB8800681343DC02876814
:1033A000066906D513F4402F03D0DA0748BF83F42B
:1033B0004023346801258D4023F48012DB074CBF85
:1033C0002C43AC4334603B68F0BC184703460A46C4
:1033D00000681979012303FA01F103691B68194296
:1033E00018BF82F0010212B18368DB681847836856
:1033F0001B69FBE701F0B6B90023F0F7DBB930B584
:1034000087B004461D4600910121CDE903250191B5
:10341000072200210068A3888DF808108DF8142079
:103420009DF81420816842F002028DF814208C6807
:1034300002226946A04707B030BDFBF7DDBDFBF7B0
:1034400053BE70B505460E4601F0E2FA044690B947
:1034500028694FF0FF324FF0FF330C30FFF7EDFFDC
:103460002B69D3E9010186E8030028690C30FFF7D6
:10347000E6FF204670BD6FF00A00FBE710B504467A
:1034800001F0C6FAC0B920694FF0FF324FF0FF33A8
:103490000C30FFF7D2FF236993F8442003F10C00AE
:1034A00032B193F88C301BB1FFF7C9FF012010BD7A
:1034B000FFF7C5FF0020FAE76FF00A00F7E710B545
:1034C000044601F0A5FAC0B920694FF0FF324FF071
:1034D000FF330C30FFF7B1FF236993F8452003F168
:1034E0000C0032B193F88D301BB1FFF7A8FF01201B
:1034F00010BDFFF7A4FF0020FAE76FF00A00F7E71E
:1035000010B5044601F084FAF8B920694FF0FF3293
:103510004FF0FF330C30FFF790FF236993F84420FE
:1035200003F10C0032B193F88C201AB1FFF787FF3A
:10353000012010BD93F845201AB193F88D30002B6F
:10354000F4D1FFF77CFF0020F3E76FF00A00F0E70B
:1035500070B504460E46154601F05AFA88B920693E
:103560004FF0FF330C304FF0FF32FFF766FF236957
:10357000DE6323691D642069BDE870400C30FFF7ED
:103580005EBF70BD1FB50346CDE90112022200687F
:103590009B888DF80C209DF80C20816842F0020277
:1035A0008DF80C208C68012201A9A04704B010BD41
:1035B00070B504460D461646F9F704F93246294619
:1035C0002046F9F7EFF8324629462046F9F7DAF8AF
:1035D000324629462046F9F7C5F8324629462046A4
:1035E000F9F7B0F8324629462046F9F79BF83246FB
:1035F00029462046F9F786F8324629462046F9F74B
:1036000071F8324629462046F9F75CF832462946D9
:103610002046F9F747F8324629462046F9F732F8AE
:10362000002070BD30B48468A56813464DB9256884
:1036300055B1626842B113B12B4630BC184730BC5B
:1036400010472B4630BC18476FF0570030BC70470E
:10365000F0B50022D0F8D84200F118031546104604
:10366000A24203D108B101230375F0BD19461D75AF
:1036700028B11F7A067AB7428CBF1946014601323B
:1036800018330846ECE7FBF72FBD2DE9F04F0A6928
:103690000C6818255543671989B03B7C0646002BFA
:1036A00077D04B68C868013B9A4234BF05F1180BCC
:1036B0004FF0000B04EB0B0A01F0FFFA635904937F
:1036C000884654F80B300690D7E90241C9030593A8
:1036D0004FF47A720023E00341EA5441EDF7F6F922
:1036E000DAF804A0D7F804900B46054600274FF0FF
:1036F000640BFA00049CC2F12000A2F12001D44026
:1037000009FA00F029FA01F104430C4331680391EE
:10371000DDF814C00793C2F12000A2F120010AFADB
:1037200000F02CFA02F202432AFA01F10A43D2B263
:10373000E1B2521A0699691A63EB080CD01702FB22
:103740000CFC01FB00CCA2FB010161442A46EDF711
:103750006DF92218D2B212FB0BF2FF230398B2FBD1
:10376000F3F23946D2B2FFF75DFF18B90137082FDF
:10377000079BBED14FF0FF324FF0FF33CDE900235E
:1037800006F5387084220023FCF7AEFE09B0BDE8D0
:10379000F08F7F6854F805801C466425D6F80090A9
:1037A000E000C0F12002A0F1200307FA02F228FA9B
:1037B00000F0104327FA03F3184300F0FF00FF2244
:1037C0000023A0FB0501EDF781F92146C2B248466E
:1037D000FFF728FF0028D9D10134082CDED1D5E726
:1037E0002DE9F7430546466B371D00220023384676
:1037F000FBF702FC00280DDA4FF0FF324FF0FF33E9
:10380000CDE9002328460A220023FCF76DFE03B011
:10381000BDE8F08355F8084C236962680133934290
:10382000236103D3637A63B300232361236922688E
:10383000182101FB0322D2E902310029BCBF002379
:103840001946C90341EA534140F2E732DB039818B5
:1038500041F100014FF47A720023EDF737F9024687
:103860000B464FF0FF384FF0FF39CDE9008928466D
:10387000FCF73AFE237D73B121463046FFF705FF82
:1038800009E0237D1BB106F5387001F08AFA214664
:103890003046F8F7A7FF384603B0BDE8F043FFF71E
:1038A000F2BE73B50446A0F5377500220023284602
:1038B000FBF7A2FB00280CDA4FF0FF324FF0FF338A
:1038C000CDE9002320460A220023FCF70DFE02B0BA
:1038D00070BD00231822A4F52D7002FB03F1465C95
:1038E0005EB1A4F5387018310144FFF7CEFE2846CA
:1038F00002B0BDE87040FFF7C6BE0133082BECD123
:10390000F5E7FCF78DBE08B5F1F752FDF1F726FE9D
:10391000BDE80840FCF784BE03460020184700F0CD
:1039200005BF10B502461168B1B1BFF35B8FB1FAA4
:1039300081F3C3F11F000123834021EA030352E80E
:10394000004F8C4204D142E8003CBCF1000FF6D19C
:10395000BFF35B8FE7D110BD6FF00B00FBE710B535
:103960000368CB40DB0714D401238B400268BFF30C
:103970005B8F43EA020150E8004F944204D140E8D3
:10398000001CBCF1000FF6D1BFF35B8FEED100201D
:1039900010BD6FF01500FBE710B1012802D0704791
:1039A000F9F742BBF9F7F2BA18B1012803D100F0D8
:1039B0000AB800F023B8704708B5F9F703FBBDE873
:1039C0000840F9F771BBF9F7A7BA38B54FF0804452
:1039D0000223C4F808330123E3600023C4F8043150
:1039E000D4F8043142F21075D4F81834DB0304D54E
:1039F0000120FFF794FF013DF6D138BDFFF7E5BF89
:103A0000F7B5019001A8DDE9084716461D46F9F70C
:103A100083FB019BB6F1000C18BF4FF0010C00EBCB
:103A200083000B1E18BF0123002D43EA4C0314BF73
:103A30004FF00C0C4FF0000C002C43EA0C0314BFA9
:103A40004FF4E06C4FF0000C002F43EA0C03D0F869
:103A5000002714BF4FF4403C4FF0000C43EA0C0326
:103A600022EA030301B109780EB1367876001943D2
:103A70000DB12D78AD0031430CB1247824022943D7
:103A80000FB13F783F040C433C43C0F8004703B0FC
:103A9000F0BD1FB50DF10F03019300238DF80F103A
:103AA00000931A461946FFF7ABFF05B05DF804FB1B
:103AB00010B504460846F9F73FFB04EB4004A08A22
:103AC000C0F3401010BD10B504460846F9F734FBAA
:103AD00004EB4004A08AC0F3400010BD10B50446BA
:103AE0000846F9F729FB04EB4004A08A400B10BDFF
:103AF00070B5044608461646F9F71EFB08300D4619
:103B000034F81030DA0509D5C3F3432304EBC302BC
:103B1000314654F83330526828469847A3682BB191
:103B2000E26831462846BDE87040184770BD10B5C0
:103B300004460846F9F700FB00B204EB4000838A14
:103B4000DA051DD5C3F3432123F4F853838204F12E
:103B5000120204F1720032F8023F13F4807F03D0A6
:103B6000C3F3432399420BD08242F4D104EBC10347
:103B700000225A6004F17800BDE81040FFF7EFBE64
:103B800010BD10B50446FFF793FF40B12046FFF784
:103B9000A5FF00B2800000F5807080B210BD4FF428
:103BA000BE70FBE7F0B5034600F5807400200546C3
:103BB0000127844695420AD1D3F87C2132B10022F4
:103BC000C3F87C21D3F87C3140F00040F0BD25F0F3
:103BD000404607FA06F6314209D0D4F800E0BEF1BB
:103BE000000F04D0C4F800C0D4F800E03043013521
:103BF0000434DFE738B504460D46FFF759FFB0B18E
:103C00002046FFF760FF90B92046FFF767FF226864
:103C100001238340C2F80833236800B203EB80031A
:103C2000D3F8102522F00302C3F8102538BD28462A
:103C30000021BDE83840FFF72CBF2DE9F0431746BF
:103C400085B004460846F9F777FAD7F800800E46A3
:103C50000546B8F1000F1FD02046FFF734FF18B11A
:103C60002046FFF725FF30BB0023CDE900338DF858
:103C70000E308DF80F300DF10F0243460DF10E019D
:103C80003046FFF7BDFE2AB204EB4202938A23F0CE
:103C9000020343F0010393827B68002B34D031464A
:103CA000204693F80080D3F80490FFF70CFF28B16A
:103CB000B9F1000F1FD06FF0150028E028B204EB17
:103CC0004000838A23F4604323F020038382B9F108
:103CD000000F10D0B8F1030FEDD87B6821685B6846
:103CE00093F800C001EB8C01B8F1000F12D1C1F8BC
:103CF0001085C1F810852AB204EB4202938A23F0A2
:103D00001C0343EA88039382BB684BBB002005B0C9
:103D1000BDE8F083D1F8102522F00302C1F8102588
:103D2000226802EB8C03D3F8102522F44F3222F4E0
:103D30004072C3F810253202D3F8101502F47C52F9
:103D400042EA08420A43C3F8102504EB4C03A3F8E7
:103D50007C60838A43EA4C3343F020038382CAE7C2
:103D6000D3E9007831462046FFF7E1FE002FCDD0A1
:103D700063689F4206D004F17800FFF7D2FD002867
:103D800004DAC4E7A3689845F5D1002004EBC0032A
:103D9000C3E901782DB204EB4505C0B2AB8A43EA12
:103DA000402343F48073AB82B0E72DE9F04305462E
:103DB00085B0084617461E46F9F7BEF90C46804600
:103DC00037B32846FFF77FFE18B92846FFF770FE85
:103DD00028BB0FFA88F905EB4909B9F8143013F03C
:103DE0001C0F02D07B78012B19D001238DF80F30E6
:103DF0000023CDE900737A1CBB1C0DF10F01204696
:103E0000FFF7FEFDB9F8143043F00303A9F81430AE
:103E1000002E41D021462846FFF755FE20B96FF00D
:103E2000150005B0BDE8F08337782B6803EB8703F6
:103E30000022C3F81025C3F810250FFA88F205EB0D
:103E400042024FEA870C938A23F4604323F0200355
:103E50009382707800B32968B67861440004D1F881
:103E6000103523F4991323F4F853C1F810352302C5
:103E700000F4403003F47C5303433005D1F810556F
:103E800000F4801003432B43C1F81035938A43EAB2
:103E9000473343F0200393820020C2E7C0E90312B6
:103EA000704770B504461546FFF702FE48B1084654
:103EB000F9F742F904EB40040020A38A5B0B2B7056
:103EC00070BD6FF01500FBE738B590F88C400546E3
:103ED0009CB960222146143001F030F82868C0F8FF
:103EE0007C41D0F87C3140F30730F2F70BF9012325
:103EF00085F88C30AB67204638BD6FF07700FBE764
:103F000090F88C00003818BF01207047F9F750B9BD
:103F10002DE9F34104461746FFF7CAFD0D46266812
:103F200000B32046FFF7CFFD8046D8B92046FFF703
:103F3000D5FD05B2AD0005F5807246F80280216816
:103F4000B2582944D1F8102542F00102C1F81025D9
:103F50002FB12168012202FA00F3C1F8043302B044
:103F6000BDE8F081D6F80433002BA4BF4FF0004326
:103F7000C6F804332846F9F7DFF804EB4004A38AB7
:103F8000C3F38203042B12D0052B12D001A8019594
:103F9000F9F7C2F8019BD0F81015D94001F00101E2
:103FA0000231284602B0BDE8F041FFF772BD03219F
:103FB000F7E70221F5E7FFF71DBEFFF7E2BD4FF07F
:103FC00080531A695869504370474FF080531869FD
:103FD00070474FF080535869704730B502240C7217
:103FE000CA6004680125C4F80055096879B112F067
:103FF000040F0CBF82219221150748BF41F0200118
:10400000D406046848BF21F08001C4F800139B0067
:104010000168083312F0800006BF0122CA50C81898
:1040200030BD30B5A2F58075AD080124AC400C421E
:1040300007D0815829B10021815082581A68224343
:104040001A6030BD13B500230C4601934FF48872FB
:1040500001ABFFF7E6FF21464FF48A72FFF7E1FF5D
:1040600021464FF48E72FFF7DCFF21464FF4827237
:10407000FFF7D7FF21464FF48472FFF7D2FF2146A6
:104080004FF48672FFF7CDFF4FF48C722146FFF795
:10409000C8FF019802B010BD10B54368044633B99B
:1040A00000680221FFF7CEFF08B101232373207BB4
:1040B000023818BF012010BD70B5067B044656B902
:1040C000C0E9012319B10B7F0375F9F7EFF901235B
:1040D0002373002070BD6FF07700FBE770B40C46CF
:1040E000014615461A4651F8043B2668C3F8206578
:1040F000A688C3F82465A668C3F82865E668C3F8EF
:104100002C6503682668C3F84065A688C3F8446533
:10411000A668C3F84865E468C3F84C45046805F030
:10412000010303EB5505C4F81455D4070CD412F061
:10413000020403D0002B14BF082404240568C5F82A
:10414000004270BCFFF749BF1024F7E710B50368C1
:104150000022C3F800220368012204465A6051B1CC
:104160002046FFF799FF0028FAD023680022C3F801
:104170000025012323732046BDE81040FFF78CBFC4
:10418000FFF78ABF70B5B22104460068FFF75AFFF7
:10419000C306054607D523695E0704D5636813B1D6
:1041A000A16801209847A80607D52369190704D5F7
:1041B000636813B1A168022098472A0607D52069D1
:1041C00010F0100003D163680BB1A1689847AB07EA
:1041D0000CD523680022C3F80025012323736368EC
:1041E00023B1A1680320BDE87040184770BDA1F558
:1041F000807310B59B08012404FA03F318400CD017
:1042000001F1804101F5E041086830B1002008600B
:104210000968116819431160204610BD08B50021D6
:104220000120F9F743FA0028F9D008BD08B5024685
:10423000F9F7DEF920B9BDE808401046F9F71ABBD6
:104240006FF00F0008BD70B5A2F58074A4080126B8
:1042500006FA04F4054614EA010008D0A85830B163
:104260000021A950AA581A6822431A60304670BD2E
:104270002DE9F341002304460D460193904601AB1E
:104280004FF4A672FFF7DFFF4FF4827229462046F3
:10429000FFF7D9FF4FF48C72074629462046FFF7F7
:1042A000D2FF064630B1B8F1000F1DD017B1D4F8D7
:1042B0003C353E4601AB4FF4887229462046FFF755
:1042C000C2FF30B1B8F1000F03D016B90FB1D4F866
:1042D0003C3501AB4FF4907229462046FFF7B3FFFF
:1042E000019802B0BDE8F0814646E3E707B50190CA
:1042F00001A8F9F717FE019A01239340C0F8083589
:1043000003B05DF804FB07B5019001A8F9F70AFEB8
:10431000019A01239340C0F80C3503B05DF804FB0B
:1043200038B504461D4694F820309BB979B14869E8
:10433000F9F748FE88B1C4E901252046F9F79AFE4D
:104340000020012384F8210084F8203038BDC4E91E
:104350000125F5E76FF07700F8E76FF01500F5E756
:1043600030B5D0F804312BB10023C0F80431D0F8B7
:104370000431012391F82F2022B30022C0F8242118
:10438000D0F82441C0F81C21D0F81C41C0F8082105
:10439000D0F80821002B79D0002281F82D2091F847
:1043A0002F20002A37D14D6B8C6AA5421FBF0523F1
:1043B000C0F80025C0F80035134683F0010381F8EA
:1043C0002F3028E0D0F8244114B1C0F824210EE0A9
:1043D000D0F81C216AB3C0F81C41D0F81C214A6BEC
:1043E00001324A63D0F8245145B1C0F82441D0F8D5
:1043F00024210122426181F82F20CBE78C6AA2425E
:1044000004D24C6AA25CC0F81C25C3E791F82C20AA
:104410001AB10123C361002030BD0A6A12F0400FB7
:104420004FF0010203D0C26181F82D20F3E7426111
:10443000B0E7D0F80841002CACD0C0F80821D0F883
:104440000841D0F82441002CBFD14A6B8C6AA242AB
:10445000A0D24C6AD0F81855A5544A6B8C6A013228
:10446000651EAA424A6308D10A6A540602D402228F
:10447000C0F80022012202628CE7A242FAD10A6A45
:10448000520687D5022381F82D30C4E70120C3E707
:10449000CB7B10B433B9D1E900420368C3F80845B7
:1044A000C3F80C2503688A68C3F8242543682BB138
:1044B000006810BC40F30730F1F724BE10BC704711
:1044C00070B50D4690F83210044629BBC160C0E9B2
:1044D000012380F8311080F8351080F83410B5B120
:1044E0006B7B80F83C30AE7B80F83D605EB928681D
:1044F000062303223146FAF71FF8686806230322D1
:104500003146FAF719F829462046FFF7C1FF012383
:1045100084F83230002070BD6FF07700FBE703684D
:104520000522C3F80025022380F83230704738B5E1
:104530004368044623B1006840F30730F1F7F0FD0B
:104540002046FAF7F9F894F83D3093B994F83C50C6
:104550007DB923682A46D3F8080501212B46F9F7CF
:10456000EBFF23682A46D3F80C0501212B46F9F707
:10457000E3FF002384F8323038BD2DE9F0410146D5
:1045800086B051F8048B04464046FFF7E9FE002848
:1045900046D194F83350FDB9227C931E012B1BD8D1
:1045A000A06AE369984217D1236AA362A369E36210
:1045B000636A84F83150C3F34013032A84F830301F
:1045C000404604D106B0BDE8F041F9F7D9BF06B0C6
:1045D000BDE8F041FAF74AB804F110070FCF01AE79
:1045E0000FC63B68336065B1D8F8C454C8F8C454EA
:1045F000A90718D46A0718D405F00105C5F1040508
:10460000EDB2002384F83430636A8DF800505B0704
:1046100002D594F833301BB1D4E90131684698478C
:1046200006B0BDE8F0810125EBE70225E9E707B513
:10463000019001A8FAF7ECF8019A01239340C0F821
:10464000083503B05DF804FB0369C26893429CBF60
:1046500081685B18013B981A70472DE9F041D0E959
:1046600002840546A8EB04064068964220440F46A3
:10467000144404D900F03AFCEC60BDE8F081324605
:10468000A4EB080400F032FC68682246B919F1E78F
:104690002DE9F843C5680646894617464FF00008DD
:1046A0003369B46870689D4228BF1B19641BBC4203
:1046B00003F1FF3328BF3C465B1B9C4228BF1C46CE
:1046C00049462844224600F011FCB3682544AB4219
:1046D00008BF00253F1BA044A144F560E0D140463F
:1046E000BDE8F883F8B504460E46174600F011F809
:1046F0003A46054631462046FAF738F90446284638
:1047000000F00FF82046F8BD08B5FAF741FA00208E
:1047100008BDEFF31180202383F31288BFF36F8F5E
:10472000704780F31188BFF36F8F704708B1F1F7BE
:104730009FBF704710B5436904463BB90020E2684B
:10474000537843F001035370404210BD984700284E
:10475000F4D00028B8BF4042E368FF28A8BFFF207C
:104760001870ECE740B1C368587810F001001EBF24
:104770001878B0FA80F040097047EFF311832023D6
:1047800083F31288BFF36F8FFEE74169826842EAC4
:10479000010313F003030FD1C3600369013B03FB63
:1047A0000122002B01DA00207047C16811604169C5
:1047B000C260013B521AF4E76FF01500704710B564
:1047C000C0E904320023816083610446FFF7DDFF06
:1047D0000028A8BFC4E9004410BD2DE9F0410546FA
:1047E0000F46EFF31188202383F31288BFF36F8FF6
:1047F000C668FEB90468A0421CD0DCB1D4E900321E
:1048000013605A60637BA66023F002036373C4E9FC
:10481000006604F1180000F028FA2046C4F8BC60D5
:10482000276100F048F9414605F10800BDE8F04174
:10483000FBF796B93E60AB69EF60013BAB6188F373
:104840001188BFF36F8FBDE8F08108B52024EFF326
:10485000118384F31288BFF36F8FFDF7C8FEF6E76C
:1048600090F90E308B4201D0FBF708B90020704759
:1048700003460020C3E90200C3E9003370473AB1A0
:104880008A4205D3C0E90212C0E900000020704747
:104890006FF015007047026801238B4022EA030382
:1048A000036022FA01F000F00100704710B5032107
:1048B00004460C30FFF7EFFF30B104F1100000F0B8
:1048C000D4F9B0FA80F0400910BD20B100221146A1
:1048D000CC3000F06EB9704770B5C368C3F34006C2
:1048E0009B07044616D4856802210C30FFF7D3FFDE
:1048F00080B1D5F8C4206AB194421DD122689EB916
:10490000D5F8C830C5F8C4209C4201D1C5F8C820EC
:1049100000232360E36813F01F001EBF43F002036F
:10492000E36040F0020070BD3260D5F8C8209442C8
:1049300008BFC5F8C860EBE716461268DBE773B539
:104940000446EFF31185202383F31288BFF36F8FA2
:104950000023A0F11006032104380193FFF79BFF09
:1049600028B1A369019301A93046FAF747FD85F301
:104970001188BFF36F8F02B070BD38B504460D4685
:104980001022002100F0DAFA656038BD13B50190FD
:104990000846EFF31184202383F31288BFF36F8F4F
:1049A00001A9FAF72BFD84F31188BFF36F8F02B0D2
:1049B00010BD10B5FFF7EAFF041E08DDEFF311800C
:1049C000202383F31288BFF36F8FFBF7F9F820469B
:1049D00010BD38B5302204460D46002100F0AEFA75
:1049E0004FF480736560E36038BD38B50446EFF37B
:1049F0001185202383F31288BFF36F8FFFF756FFD3
:104A00002046FFF769FF85F31188BFF36F8F38BD2C
:104A1000EFF30580003818BF0120704784307047DD
:104A200010B500238B4202D11360002010BDC45C7E
:104A3000AA2CF9D10133F5E70A46D0E92A01FFF79C
:104A4000EFBFD0E9003213605A600023C0E90033A1
:104A5000704708B5FFF7F5FF437B23F0020343736C
:104A60000023836008BD38B504460D46FAF7FCFE06
:104A7000637B43F002036373E5B1A5602B689D423D
:104A800009D16B68C4E900531C606C6012E06A686D
:104A90009A42F6D01B68002BF3D094F90E2093F9BC
:104AA0000E108A42F3D09142F1DD5A68C4E9003217
:104AB00014605C6038BD10B5EFF31184202383F3DC
:104AC0001288BFF36F8FFAF78DFE84F31188BFF35E
:104AD0006F8F10BD08B5EFF31181202282F3128889
:104AE000BFF36F8F83680BB1FFF7B3FF81F31188BA
:104AF000BFF36F8F08BD38B5EFF31184202383F324
:104B00001288BFF36F8F90F86C50427B002380F8BF
:104B10006C302DB121B184F31188BFF36F8F38BD94
:104B200012F0280FF7D183680BB1FFF792FF437B98
:104B300023F004034373FAF755FEECE7012118381C
:104B4000FFF7D9BF08B50346EFF31181202282F3A6
:104B50001288BFF36F8F0068834207D008B1FFF758
:104B600078FF81F31188BFF36F8F08BD0020F8E74D
:104B700070B505460E46FBF7CBF8B6F1FF3F08BF10
:104B8000B5F1FF3F0446284612D04FF47A7147F63C
:104B9000FF730022C4FB0132D80B40EA4240B0F15F
:104BA000004F4FEAD23272F1000228BF6FF000408E
:104BB00070BD38B5EFF31185202383F31288BFF35E
:104BC0006F8F0468A04213D0A4B1C4F8BC10226156
:104BD0002046FFF73EFF04F1180000F046F820469B
:104BE000FAF700FE012085F31188BFF36F8F38BDFF
:104BF0000020F8E72046F6E72DE9F04105460E468D
:104C00001746EFF31188202383F31288BFF36F8FC9
:104C10000468A0420FD1002088F31188BFF36F8F82
:104C2000BDE8F08139462046B0470028F4D16B68D2
:104C3000A342F0D02468002CF4D1ECE708B502467A
:104C4000FBF782FA70B1D0E904319B1A61EBE27292
:104C5000B3F1004F72F1000104DA002AACBF18462C
:104C6000002008BD6FF00040FBE738B50246EFF3C7
:104C70001185202383F31288BFF36F8F0368CBB1B4
:104C8000FBF762FA04461046FBF770FA00224FF079
:104C900000438442C0E9042306D1FBF75DFAFFF725
:104CA000CDFF0021F5F7A0F8002085F31188BFF3B0
:104CB0006F8F38BD6FF01500F7E770B5EFF3118611
:104CC000202282F31288BFF36F8F036873B1FBF762
:104CD00069FA04460D46FBF73FFA0346201A65EBD6
:104CE000E37186F31188BFF36F8F70BD18461946C4
:104CF000F7E708B5FBF75EFB08BDFBF75BBBB3F15D
:104D0000FF3F08BFB2F1FF3F70B506461D4614468F
:104D100014D01A4316D0002B08DBFBF74BFB041909
:104D200041EB0501C6E90041304670BD6FF001035B
:104D30001C1B4FF0FF3363EB0501F3E74FF0FF342B
:104D40002146EFE70024FBE7B3F1FF3F08BFB2F1D4
:104D5000FF3FF8B5074616461C4610D054EA02033A
:104D600011D0FBF727FBB0420A46A14103460AD205
:104D7000F31A64EB0204C7E900343846F8BD4FF07B
:104D8000FF331C46F7E70023FBE70023C0E90812C6
:104D900000F11802C0E90622C0E90033036343634F
:104DA000704710B50446FFF760FFA8B9636A0BB1FE
:104DB0002046984704F11800FFF7C4FE60B1FFF7E2
:104DC0007AFEEFF31180202383F31288BFF36F8FF5
:104DD000BDE81040FAF7F4BE10BD2DE9F3470446D4
:104DE000DDE90A9815460E4659B302F0010AFBF7B1
:104DF0000DF80746EFF31181202383F31288BFF3E8
:104E00006F8FA80744BF0023A360A36803EA0600CE
:104E1000BAF1000F0CD086420CD16A0744BF83431D
:104E2000A36081F31188BFF36F8F02B0BDE8F087F4
:104E30000028F2D159EA080305D181F31188BFF3A4
:104E40006F8F0020F1E7C7E919652246CDE9009888
:104E500004F10C00FAF7F0FD0028F2D1786EE4E7D7
:104E600010B5D0E919424B6812F0010F03EA0403B0
:104E700001D09C4210D17BB14366520744BF8A687F
:104E80001A430B6848BF8A6003660123086080F8F4
:104E90006C301830FFF7E9FE002010BD0023C0E998
:104EA0000000836070470A46FBF756BB0A460021A4
:104EB000FBF752BB5200FFF790BF704710B400F1F0
:104EC0000C04C0E9034410BCFCF7D0B910B501399B
:104ED0000244904201D1002005E0037811F8014F0F
:104EE000A34201D0181B10BD0130F2E70A449142E1
:104EF00000F1FF3300D1704710B511F8014B03F8F2
:104F0000014F9142F9D110BD884210B501EB020466
:104F100002D98442234607D8431EA14208D011F883
:104F2000012B03F8012FF8E7024401468A4200D121
:104F300010BD13F8014D02F8014DF7E70244034696
:104F4000934200D1704703F8011BF9E7022B10B51B
:104F50000AD09208013A03680C6840F8044B002A12
:104F600041F8043BF6DC10BD02440C78037800F8ED
:104F7000014B01F8013B131A002BF6DCF3E7F8B5FF
:104F80000F46164604461D469847002831463846C7
:104F90000CDAA847002802DA3C462046F8BD314624
:104FA0002046A8470028F8DA3446F6E7A847002844
:104FB000F2DC31462046A8470028F5DAEDE72DE976
:104FC000F04F95B00646009340EA02039B07144653
:104FD00018D1B2F1040818BF4FF001080023019363
:104FE00004FB01F7F319062906EB040B029328D8FA
:104FF000029B9B4510D3019B002B40F0188115B0FC
:10500000BDE8F08F4FF00208E8E7434622463946F4
:105010002846FFF79BFF0FE05D460EE02F1B009B2D
:10502000294638469847002809DDB8F1000FECD131
:105030002B683A682A603B603D46AE42EED3A344FB
:10504000D6E74FEA51093F1B072904FB096937449A
:1050500021D0282944D9CD086543009B06EB4502A1
:1050600071193046FFF78BFF494609EB0502009B9B
:105070008246481BFFF783FF3A46009B8146791B17
:10508000A7EB4500FFF77BFF02464946009B5046D1
:10509000FFF775FF8146B8F1000F24D13368D9F8C6
:1050A00000203260C9F80030D946BA465D46002378
:1050B000B94557D803933146009B48469847002886
:1050C000039B2CDC0AD1B8F1000F13D12B68D9F85F
:1050D00000202A60C9F8003025440123A144E7E7F5
:1050E0003A46B246D1E74346224649463046FFF7A4
:1050F0002DFFD9E74346224649462846FFF726FFBB
:10510000EAE70BD1B8F1000F1ED13B68DAF80020B6
:105110003A60CAF80030AAEB040A01233F1BB945E4
:1051200020D803933146009B384698470028039BBC
:10513000E7DAB8F1000F0ED1D9F800303A68C9F8B3
:1051400000203B603F1BC8E7434622465146384695
:10515000FFF7FCFEDFE74346224639464846FFF7A5
:10516000F5FEEFE7FBB9029B9B45BFF444AF5D46FC
:1051700015E04346224639462846FFF7E7FE0DE094
:105180002F1B009B294638469847002809DDB8F1B7
:10519000000FEED12B683A682A603B603D46AE4274
:1051A000EED3A344DFE7A9EB050BAA1B5A45A8BF22
:1051B0005A462AB14346A9EB02013046FFF7C6FE24
:1051C000029BA3EB0A02AAEB0705121BAA4228BF07
:1051D0002A462AB102994346891A4846FFF7B6FE85
:1051E000029B5D455F46A3EB050004D933462F467D
:1051F00006465D461846A54223D9B5FBF4F1019B4E
:10520000072B0ED8B7FBF4F7019A14AB03EBC203DC
:1052100043F8406C43F83C7C134601330193064647
:10522000DEE6009B2246FFF7CAFEA7420CD8019B90
:10523000013B0193019A14AB03EBC20353E9100144
:10524000EDE7A7427FF6D7AEB7FBF4F13046E6E7CD
:1052500010B50139034632B111F8014F03F8014B83
:10526000013A002CF7D11A440021934200D110BD1D
:1052700003F8011BF9E710B5024601448A421346C0
:1052800003D01C780132002CF8D1181A10BD2DE97A
:10529000F0478E681F46BE420B6882460C46904619
:1052A0002DD8B1F90C2012F4906F26D065690969E8
:1052B00005EB4505A3EB010905EBD5757B1C4B44BC
:1052C0006D109D4238BF1D46530527D52946FBF773
:1052D000E1FB064660B321694A46FFF707FEA38952
:1052E00023F4906343F08003A381266165614E44FB
:1052F000A5EB09052660A5603E46BE4200D93E46A4
:10530000206832464146FFF7FFFDA3689B1BA36060
:105310002368334423600020BDE8F0872A4600F06C
:105320007EF806460028E0D121695046FBF768FB6D
:105330000C23CAF80030A38943F04003A3814FF047
:10534000FF30E9E72DE9F047164698468A680B6971
:10535000DDF820909342B8BF1346336091F84320A4
:1053600007460C460AB1013333602368990642BFF1
:10537000336802333360256815F0060506D104F161
:10538000190AE36832689B1AAB4226DC94F8433072
:105390002268003B18BF012392062BD404F143027C
:1053A00041463846C84701301ED02368226903F0C1
:1053B0000603042B02BFE5683368ED1AA3680CBF2F
:1053C00025EAE57500259342C4BF9B1AED18002617
:1053D0001A34B5421AD1002008E001235246414652
:1053E0003846C847013003D14FF0FF30BDE8F087A1
:1053F0000135C6E7E1185A1C302081F843002244E9
:1054000094F8451082F843100233C7E7012322467F
:1054100041463846C8470130E6D00136D9E7F8B5ED
:10542000074615460C4621B9BDE8F8401146FBF782
:1054300031BB22B9FBF7E4FA00242046F8BD00F0A6
:1054400013F8A842F9D229463846FBF723FB064653
:105450000028F1D021462A46FFF748FD214638466C
:10546000FBF7CEFA3446E8E751F8043C181F002B4E
:10547000BCBF0B58C01870470A1EF8B5C2F30A53D8
:10548000A3F2FF34B4BF4FF0FF350125C2F313027E
:10549000132C42F480120FDC002C04DA013418BF04
:1054A00000252846F8BD4FF4002323411344C4F1DE
:1054B0001404E3405D43F4E71E2C10D8A3F213411B
:1054C0004FF00043CB401B1828BF01328A40142CF8
:1054D000C4F1340114BFCB4000231343EAE7EBF7D8
:0854E0002DFA0546DDE700008E
:0854E80062B6FE7F0100000026
:1054F000596600000000000000000000185601007E
:10550000094701000000000079EF000000000000E2
:10551000D105010000000000000000003856010025
:10552000000000005856010003390100000000008F
:10553000C978000000000000297900000000000088
:10554000859C0000000000001931000000000000F0
:10555000AD44000000000000E1C2000000000000B7
:105560004D26010000000000073901000000000086
:10557000F50501000000000000000000B856010021
:1055800000000000D856010000000000785601001D
:10559000000000009856010000000000385701008C
:1055A000000000001857010000000000F85601003C
:1055B000000000005857010000000000985701004B
:1055C000000000007857010000000000585801005A
:1055D00000000000B857010000000000D85701008B
:1055E00000000000F85701000000000018580100FA
:1055F0000000000038580100000000007858010049
:10560000955300000000000061C800000000000089
:0856100091CA00000000000037
:10561800867E01000C6001003C5B01000C09002043
:10562800042900201D760000000000000000000092
:10563800687F01002C600100485A01001009002011
:10564800702900206D7D0000000000009C050020EE
:10565800767F010040600100485A010012090020CD
:105668007C2900206D7D000000000000AC050020B2
:105678007B7C010000000000185A01000809002086
:1056880000000000F5670000000000008C05002005
:10569800447F010000000000305A01000E0900207C
:1056A80000000000D97900000000000000000000A0
:1056B800887F0100546001006C5A01001409002021
:1056C800CC0500204529010000000000BC05002091
:1056D8009481010010610100BC5A01001A090020E0
:1056E80054060020858400000000000044060020C5
:1056F800B2880100EC610100345B0100240900203C
:10570800B4060020D192000000000000A40600208A
:10571800888B01006C620100AC6201002609002040
:105728004407002041A20000000000000000000023
:105738009F8B01008C620100AC62010028090020E7
:105748005807002041A200000000000000000000EF
:10575800737E0100F45F0100245A01000A09002049
:10576800A0000020FD740000000000000000000000
:10577800288D0100B8620100FC6201002A0900209E
:105788005001002075A50000000000006C070020F3
:10579800599601003C630100646301002E09002052
:1057A8008C07002075BD0000000000007C07002069
:1057B800A380010098600100845A010016090020A6
:1057C80000000000E580000000000000000000006C
:1057D800E0800100C8600100A05A010018090020FB
:1057E800000000002D8200000000000034060020A8
:1057F800AA81010000000000E05A01001C090020F5
:1058080088290020918700000000000000000000A7
:10581800FF83010084610100C45A01001E090020B1
:10582800B4290020E1880000000000007406002070
:10583800D5840100A8610100FC5A0100200900205C
:10584800582C0020A58D000000000000000000007A
:105858002E860100C0610100185B010022090020AA
:10586800401D0020959100000000000094060020D3
:10587800078F01001C630100346301002C0900201C
:10588800AB3D0020EDAB0000000000000000000070
:10589800B93901001939010000000000D3250100C1
:1058A80000000000D3250100CC0500207B45010045
:1058B800B4060020C9E4000000000000D325010060
:1058C800FC0400204129010055DD000019390100C0
:1058D80000000000D325010000000000D3250100CE
:1058E80000000000D325010000000000D3250100BE
:1058F800F85701000187000000000000D3250100CF
:1059080000000000D325010000000000D32501009D
:1059180000000000D325010000000000159D0000D4
:1059280000000000D325010000000000D32501007D
:1059380000000000D325010000000000D32501006D
:1059480000000000D325010000000000D32501005D
:1059580000000000D325010000000000D32501004D
:1059680000000000D325010000000000D32501003D
:10597800540600208541010000000000D3250100E5
:1059880000000000D325010000000000D32501001D
:1059980000000000D325010000000000D32501000D
:1059A80000000000D325010000000000D3250100FD
:1059B80000000000D325010000000000D3250100ED
:1059C80000000000D325010000000000D3250100DD
:1059D80000000000D325010000000000D3250100CD
:1059E80000000000D325010000000000D3250100BD
:1059F80000000000D325010000000000D3250100AD
:105A080000000000D325010000000000D32501009C
:105A180049680000996C00005802000005700000F9
:085A28001973000000100000DA
:105A300065280100757B0000857A000089790000E7
:085A4000312801007979000012
:105A4800057E000093280100A1280100B928010063
:105A5800C5280100D1280100697C0000EB2801005D
:045A6800000000003A
:105A6C00E57F000000000000AF29010000000000ED
:085A7C00000000007B2A01007C
:105A84000000000000000000D12A01000000000016
:105A94000000000000000000000000000000000002
:105AA40000000000532B01000F2B01000000000038
:085AB4000000000000000000EA
:085ABC0001850000E12B01004F
:105AC400790F00000000000000000000858800003D
:105AD400D18700000000000000000000000000006A
:105AE400000000000000000019870000D5860000B7
:105AF4000000000000000000F98C0000000000001D
:105B040000000000172E0100558C0000000000006A
:105B14000000000000000000000000000000000081
:105B2400FD900000E98F000000000000000000006C
:085B34003D9500003330010033
:105B3C0075760000A3270100032801000000000077
:0C5B4C00412701000000000000000000E4
:105B5800DF84010003000000887C010003000000CE
:105B6800B68B010003000000186A01000300000062
:105B7800A17E010003000000389701000300000027
:105B8800AE99010003000000DC9901000300000049
:105B9800B29A010003000000358D010003000000E7
:105BA800AE9B010003000000149C010003000000EC
:105BB800108F0100030000001073010003000000B3
:105BC8005E7F010003000000847F010003000000E5
:105BD800957F010003000000AD8001000300000074
:105BE800E9800100030000000B84010003000000AD
:105BF8006B6A0100030000006F6A010003000000E7
:105C0800E56B010003000000536901000400000077
:105C1800B2780100030000008E9D0100030000001F
:105C2800036C010003000000A181010003000000D3
:105C38006196010003000000857101000300000067
:105C48007F71010003000000457901000300000096
:105C5800BF88010003000000586A0100030000002B
:105C6800B8810100030000007E7E010003000000EF
:085C7800348601000300000066
:105C8000645E0100E4200020C46B010001000000FC
:105C9000A85E0100C0040020D46B010001000000D8
:105CA000866F0100D0040020302100200000000099
:105CB00002000000345F01002C21002000000000E1
:105CC000E409002085710100381C00208066002056
:105CD000485F0100B0630100C45E0100CC640100B4
:045CE0000C6501004E
:105CE40000000000000000000000000000000000B0
:105CF40000000000426C0100496C0100000000003B
:105D0400B540000000000000356E01003F6E010048
:105D14000000000039410000030000005E6E010035
:105D2400656E0100D85E0100611E010000000000E4
:105D3400786C01007E6C010000000000D14000007E
:105D440002000000916E0100986E0100845D010064
:105D54000000000000000000046D01000B6D010054
:105D640000000000F10D0000010100001199010084
:105D7400626D0100000000002141000000000000ED
:105D8400000000000000000000000000000000000F
:105D9400000000005B710100607101000000000060
:105DA4005144000002000000876F01008C6F010065
:105DB40000000000DD410000000000002B85010010
:105DC4000171010000000000F54300000200000022
:105DD4002D7001003470010000000000C942000071
:105DE4000000000050850100A670010000000000C2
:105DF40099430000020000000000000000000000C1
:0C5E040000000000000000000000000092
:105E10000338FDD870470000F80B00200004000094
:105E20001B1C0100BD1B0100020000004D1D0100F4
:105E30000000000000000000000000000000000062
:105E40000000000000000000000000000000000052
:105E500000000000956B0100996B01009D6B010033
:105E6000A16B01009D3D0000913D0000C13D00007F
:105E7000553D000000000000493D0000000000000A
:105E80001D3E0000EC200020602C002001000000DE
:105E9000985E010008210020E13F00002021002041
:105EA000783D002001000000D91D0100CF1D010038
:105EB0008D3F0000C31D010000000000B71D010060
:105EC00000000000156C01001C6C0100E45C010086
:105ED0000000000000000000DC5E01006D6E0100AB
:105EE000726E010000000000611E01000000000051
:105EF0007F6E0100846E010000000000691E010039
:105F00000000000000000000000000000000000091
:105F100000000000000000003A000000D144000032
:105F2000B71E01008D1E0100194500007D1E0100F5
:105F3000000000007A3D00201E00000061240100E6
:105F4000A05C0100C804002004730100D6720100A7
:105F500000000000754C000001000000000000007F
:105F6000A7250100F0040020E8040020E004002040
:105F700000000000D8040020C9540000BD530000F8
:105F800011540000715400000000002000000000C7
:105F900000000B06020000009C5F010000000000F2
:105FA0003679010026000202000000203E7901003F
:105FB00022000B11000000006410B71DC8206E3BCA
:105FC000AC30D9269041DC76F4516B6B5861B24D00
:105FD0003C7105502083B8ED44930FF0E8A3D6D66A
:105FE0008CB361CBB0C2649BD4D2D38678E20AA0D2
:105FF0001CF2BDBDB85601004B00000000010000BE
:10600000D9750000A9750000000000002977000084
:10601000A9760000957E01002D28010029280100A5
:106020009B7E01000400000000FF0000FFFF000055
:1060300000030050FC0400200000000001000000EC
:10604000FFFFFFFF00000050FC04002000000000E4
:1060500000000000000000000000000000009801A7
:1060600000000101852901006C6001000030004042
:106070007860010002000000906001000200000052
:1060800088600100020100001580000C1480000BE4
:106090001538000C1438000B05000000A06001004A
:1060A000385601000D000000385601000B000000BA
:1060B000385601000C0000003856010004000000B2
:1060C000385601000500020004000000D060010005
:1060D000D856010002000000002D31010000000030
:1060E000D856010000000000002D31010000000022
:1060F000D856010001000000002D31010000000011
:10610000D856010003000000002D310100000000FE
:10611000000000000000000000000000000000007F
:106120000000000000040000E8030201010100007B
:10613000502C0020040000000000000000000000BF
:10614000486101000024F40000C0014054610100D6
:10615000020000007461010004000000646101009D
:10616000040100002B8000162C8000172D800018E1
:10617000248000192B0000162C0000172D00001899
:1061800024000019FD8B0000B85601001900000022
:106190000A000000052D0100CD2C0100692D010031
:1061A0003F2D01009D2D0100B85601004800000060
:1061B00002000000C068780440FF100500000000E5
:1061C00058570100000109040000200001000000F0
:1061D0000C000000983A00008813000038560100B7
:1061E0000F000000640000000000000000127A00B0
:1061F000000000000000000000000000FFFFFFFFA3
:106200000000FF000000000000000000000000008F
:1062100000000001010000001F2F0100FFFF00002F
:106220003062010000000000FFFFFFFF00000000DF
:10623000004000403C620100020000005862010082
:10624000030000004C6201000301000016800004FE
:1062500020800005188000061600000420000005BC
:10626000180200065856010017000100B856010038
:1062700047000000070000000300000001000000CC
:10628000000000000000000000000000B8560100FF
:1062900046000000070000000300000001000000AD
:1062A00000000000000000000000000009320100B2
:1062B000359F000001100000F8560100C0E1E40025
:1062C0000001000058560100170001000000000006
:1062D000010000000000000000800000000100003C
:1062E0000000800000000400000800000008000119
:1062F000000003006400011F2800000031A400001A
:10630000A9A90000FDA70000B9A30000000000003B
:10631000573201000100000000FF00003857010063
:10632000185701005856010002001100585601008C
:106330001F00110091AA00003DAB0000B8560100FB
:10634000510000000000E10001000000585601006B
:10635000040001000000000000000000E80300004D
:1063600000000000C1AE00000DB5000000000000FC
:10637000B9B5000043340100C1B9000089AF000085
:1063800085B4000001B400007D34010079B3000041
:10639000F5B2000000000000BF3401000000000062
:1063A000000000000135010091B0000051350100EE
:1063B0003C97010015980100C46301000000000033
:1063C00000000000C8630100329801003798010006
:1063D00000000000B13501000100000054980100E8
:1063E0006098010000000000C5C700000100000027
:1063F000719801007E98010000000000A5C7000010
:1064000001000000909801009B980100000000002E
:1064100085C7000001000000B1980100BD9801008F
:106420000000000065C7000001000000D4980100D2
:10643000DE9801000000000045C7000001000000D8
:10644000F3980100FB9801000000000025C7000040
:10645000010000000E9901001999010000000000E0
:1064600005C70000010000002F9901003D990100BF
:1064700000000000E5C60000010000005099010086
:106480005C99010000000000C5C60000010000008A
:106490006D9901007999010000000000A5C6000077
:1064A00001000000919901009D9901000000000089
:1064B00085C6000001000000000000000000000090
:1064C000000000000000000000000000E099010052
:1064D000649A0100E0640100E9C8000000000000C7
:1064E000E4640100729A0100799A01000000000042
:1064F00011C90000030000000000000000000000BF
:10650000000000000000000000000000B29B01003D
:10651000EC9B010020650100C1CB000000000000E1
:1065200024650100BE770100029C0100000000000C
:10653000E9CB0000010000000000000000000000A6
:106540000000000000000000000000000800000043
:1065500003000000179D0100259D0100399D0100E9
:10656000489D0100549D0100F0540100F0540100C9
:106570004055010048550100005601001856010021
:10658000939D010001000500B39D0100020007007A
:10659000999D010004000800A29D0100080004006C
:1065A000F56B010010000900A79D01002000080004
:1065B000B09D010040000A00BB9D01008000060064
:1065C000C29D01000001000000000000FF8FFFFFDE
:1065D000FF8FFFFFFE8FFFFFFE8FFFFFFD8FFFFF8F
:1065E000FC8FFFFFFC8FFFFF6D757465785F66722F
:1065F00065652063616C6C65642077697468204E02
:10660000554C4C20706172616D65746572000000BC
:1066100043616E277420696E697469616C697A657B
:10662000206D757465782C20776173204E554C4C25
:106630000D0A0000436F756C64206E6F74206C6FE0
:10664000636B20706F7765722073617665206D755E
:1066500074657800000001000A001900320064002F
:10666000C800900154064005001525733A20436880
:10667000616E6E656C2025733A2052657065617499
:10668000696E67206D6561737572656D656E7420E6
:10669000282564290025733A2044657669636520BE
:1066A0006E6F742072656164790025733A204361CE
:1066B0006C6C20606374725F78335F7365745F70B5
:1066C0006F77657260206661696C65643A20256445
:1066D0000025733A2043616C6C20606374725F78AC
:1066E000335F6D65617375726560206661696C65A5
:1066F000643A2025640025733A204368616E6E6514
:106700006C2025733A2053616D706C652025753AB5
:106710002025640025733A204368616E6E656C2005
:1067200025733A204D696E696D756D3A20256400B8
:1067300025733A204368616E6E656C2025733A209C
:106740004D6178696D756D3A2025640025733A2096
:106750004368616E6E656C2025733A2041766572E0
:106760006167653A2025640025733A204368616EAD
:106770006E656C2025733A204D656469616E3A2020
:1067800025640025733A204368616E6E656C202590
:10679000733A2046696C74657265643A202564001A
:1067A00025733A2043616C6C2060726561645F7789
:1067B000656967687460206661696C65643A202564
:1067C000640025733A204368616E6E656C20257302
:1067D0003A20546F6F206D616E7920726570657418
:1067E0006974696F6E730025733A204275696C6431
:1067F0002074696D653A204D617920203420323053
:1068000032362031363A32333A33320025733A2069
:10681000416C6976650025733A204379636C652085
:1068200073746172743A2025640025733A204361C1
:106830006C6C20606374725F746865726D5F726502
:10684000616460206661696C65643A202564002596
:10685000733A2054656D70657261747572653A2083
:10686000252E326620430041310025733A204361D2
:106870006C6C206066696C7465725F7765696768C7
:106880007460206661696C656420284131293A2072
:1068900025640041320025733A2043616C6C20600E
:1068A00066696C7465725F77656967687460206695
:1068B00061696C656420284132293A2025640025ED
:1068C000733A204131207261773A202564002573A4
:1068D0003A204131207261773A204E2F41002573D2
:1068E0003A204132207261773A2025640025733ABC
:1068F000204132207261773A204E2F410025733AB1
:10690000204231207261773A204E2F410025733AA0
:10691000204232207261773A204E2F410025733A8F
:10692000204379636C652073746F700072656164D5
:106930005F7765696768740066696C7465725F7714
:106940006569676874006D656173757265006D6176
:10695000696E006D61696E0025733A2028756E734B
:1069600069676E6564292063686172202A207573E7
:10697000656420666F722025257020617267756DD1
:10698000656E742E2049742773207265636F6D6D78
:10699000656E64656420746F20636173742069742C
:1069A00020746F20766F6964202A206265636175A8
:1069B0007365206974206D6179206361757365204A
:1069C0006D69736265686176696F7220696E2063B4
:1069D00065727461696E20636F6E66696775726156
:1069E00074696F6E732E20537472696E673A222534
:1069F000732220617267756D656E743A2564006359
:106A0000627072696E74665F7061636B6167655F07
:106A1000636F6E766572740063627072696E74661D
:106A20005F7061636B61676500286E696C29004661
:106A300061696C656420746F207265626F6F743A6F
:106A4000207370696E6E696E6720656E646C657325
:106A5000736C792E2E2E0A007379735F6765746FDD
:106A60007074006C6F6767696E67006C6F67006CAD
:106A70006F675F6D676D740025733A204D657373A2
:106A8000616765202822257322292064726F707047
:106A9000656420626563617573652069742065783B
:106AA00063656564732073697A65206C696D6974C8
:106AB0006174696F6E20282575290025733A204D71
:106AC0006573736167652064726F707065642062BE
:106AD00065636175736520697420657863656564B5
:106AE000732073697A65206C696D69746174696F6C
:106AF0006E2028257529007A5F6C6F675F6D73675C
:106B00005F72756E74696D655F76637265617465D9
:106B1000007A5F696D706C5F7A5F6C6F675F6D7331
:106B2000675F7374617469635F6372656174650044
:106B30001B5B306D005B2530386C755D20005B257C
:106B40003032753A253032753A253032752E25307F
:106B500033752C253033755D200025732F003C25BF
:106B6000733E200025733A20002530327820002023
:106B70002020007C00256300206D657373616765CC
:106B8000732064726F70706564202D2D2D0D0A00C6
:106B90002D2D2D20006572720077726E00696E6671
:106BA00000646267004C6F67676572006D657373A0
:106BB000616765732064726F707065643A2020208D
:106BC000200D0A006C6F675F6261636B656E645FC6
:106BD000727474006C6F675F6261636B656E645F93
:106BE00075617274006C6F675F75617274006163C8
:106BF000746976650073757370656E646564006FA3
:106C0000666600706D5F646576696365000001010A
:106C100003010003016B65726E656C004B65726E5B
:106C2000656C20636F6D6D616E6473006379636C76
:106C300065733A202575206877206379636C6573E6
:106C40000A006379636C6573004B65726E656C2036
:106C50006379636C65732E00556E61626C65207498
:106C60006F20706172736520696E7075742028657D
:106C70007272202564290A00736C656570006D735B
:106C800000557074696D653A20256C6C75206D73C4
:106C90000A002D70002D2D70726574747900556E88
:106CA000737570706F72746564206F7074696F6E45
:106CB0003A2025730A00757074696D653A20256C59
:106CC0006C7520646179732C20256C6C7520686F5D
:106CD0007572732C20256C6C75206D696E757465EA
:106CE000732C20256C6C75207365636F6E64732C38
:106CF00020256C6C75206D696C6C697365636F6EB3
:106D000064730A00757074696D65004B65726E6519
:106D10006C20757074696D652E2043616E2062650C
:106D20002063616C6C6564207769746820746865A1
:106D3000202D70206F72202D2D7072657474792053
:106D40006F7074696F6E7300342E332E3939005AA8
:106D500065706879722076657273696F6E2025732D
:106D60000A004B65726E656C2076657273696F6E92
:106D70002E005468697320636F6D6D616E642069C5
:106D8000732064657072656361746564206173204B
:106D900069742069732061206475706C6963617423
:106DA000652E2055736520276C6F6720656E6162C4
:106DB0006C652720636F6D6D616E642066726F6D08
:106DC000206C6F6767696E6720636F6D6D616E64BD
:106DD00073207365742E0A00556E61626C652074B1
:106DE0006F207061727365206C6F672073657665C4
:106DF000726974792028657272202564290A004915
:106E00006E76616C6964206C6F67206C6576656C6A
:106E10003A2025640A00556E61626C6520746F200B
:106E200066696E64206C6F6720736F757263653A74
:106E30002025730A006C6F675F6C6576656C003C9B
:106E40006D6F64756C65206E616D653E203C736589
:106E50007665726974792028302D34293E00726578
:106E6000626F6F74005265626F6F742E00636F6C97
:106E70006400436F6C64207265626F6F742E0077DC
:106E800061726D005761726D207265626F6F742E52
:106E900000746872656164004B65726E656C207485
:106EA0006872656164732E005363686564756C6510
:106EB000723A2025752073696E6365206C61737466
:106EC0002063616C6C0A00546872656164733A0AED
:106ED000004E41002573257020252D3130730A00A6
:106EE000096F7074696F6E733A20307825782C20A2
:106EF0007072696F726974793A2025642074696DC3
:106F0000656F75743A20256C6C640A0009737461AE
:106F100074653A2025732C20656E7472793A2025A9
:106F2000700A00556E61626C6520746F2064657430
:106F300065726D696E6520756E7573656420737416
:106F400061636B2073697A6520282564290A0A0029
:106F500009737461636B2073697A6520257A752CD7
:106F600020756E7573656420257A752C20757361A4
:106F7000676520257A75202F20257A7520282575AC
:106F8000202525290A0A006C697374004C69737402
:106F9000206B65726E656C20746872656164732E17
:106FA0000025702049525120253032642025732855
:106FB0007265616C2073697A652025347A75293A87
:106FC00009756E757365642025347A75097573616A
:106FD00067652025347A75202F2025347A7520287E
:106FE00025327A75202525290A00257020252D3384
:106FF000327320287265616C2073697A65202534AC
:107000007A75293A09756E757365642025347A7529
:107010000975736167652025347A75202F20253422
:107020007A752028253275202525290A0073746178
:10703000636B73004C697374207468726561647368
:1070400020737461636B2075736167652E005468EB
:1070500072656164204944202570206973206E6F39
:10706000742076616C69640A004572726F723A53DB
:1070700068656C6C207468726561642063616E6E13
:107080006F742062652073757370656E6465640A41
:107090000054687265616420257020737573706593
:1070A0006E6465640A006B65726E656C207468724C
:1070B0006561642073757370656E64203C746872DA
:1070C0006561645F69643E004572726F723A53682D
:1070D000656C6C207468726561642063616E6E6FAC
:1070E0007420626520726573756D65640A0054686A
:1070F0007265616420257020726573756D65640A20
:10710000006B65726E656C207468726561642072D4
:107110006573756D65203C7468726561645F696450
:107120003E004572726F723A5368656C6C207468E9
:10713000726561642063616E6E6F74206265206B9E
:10714000696C6C65640A000A205468726561642089
:107150002570206B696C6C65640A006B696C6C004F
:107160006B65726E656C20746872656164206B6912
:107170006C6C203C7468726561645F69643E007386
:1071800068656C6C2E7368656C6C5F727474005308
:107190007562636F6D6D616E64733A0A0057415298
:1071A0004E494E473A2041207072696E74207265D4
:1071B0007175657374207761732064657465637499
:1071C0006564206F6E206E6F7420616374697665EC
:1071D000207368656C6C206261636B656E642E0A57
:1071E000006E6F74207465726D696E617465643AC7
:1071F0002025630A00506C656173652073706563B8
:10720000696679206120737562636F6D6D616E646C
:107210002E0A00257325730A003A20636F6D6D6195
:107220006E64206E6F7420666F756E6400546F6FAD
:10723000206D616E7920617267756D656E74732063
:10724000696E2074686520636F6D6D616E642E0ACF
:107250000025733A2077726F6E6720706172616DDE
:107260006574657220636F756E740A00596F7520BE
:1072700063616E2074727920746F2063616C6C207E
:10728000636F6D6D616E64732077697468203C2D47
:10729000683E206F72203C2D2D68656C703E20701A
:1072A0006172616D6574657220666F72206D6F72B8
:1072B0006520696E666F726D6174696F6E2E0A006B
:1072C0000A417661696C61626C6520636F6D6D6106
:1072D0006E64733A0A005072696E74732074686544
:1072E0002068656C70206D6573736167652E00554D
:1072F000736167653A202573200025732573002D7F
:1073000068002D2D68656C7000202D200020200065
:10731000666C617368002A2A2A20426F6F74696E56
:1073200067206E524620436F6E6E6563742053442F
:107330004B2076332E332E302D3136656636386548
:107340006135663565202A2A2A0A002A2A2A20550C
:1073500073696E67205A6570687972204F53207682
:10736000342E332E39392D656334393965636636E9
:10737000623061202A2A2A0A006D757465785F6977
:107380006E69742063616C6C656420776974682031
:107390004E554C4C20706172616D6574657200438E
:1073A0006F756C64206E6F7420616C6C6F636174B8
:1073B00065206D75746578206265666F72652069F9
:1073C0006E697469616C697A696E670025733A2029
:1073D00072302F61313A20203078253038782020E3
:1073E00072312F61323A20203078253038782020D1
:1073F00072322F61333A20203078253038780025DA
:10740000733A2072332F61343A2020307825303897
:1074100078207231322F69703A2020307825303848
:1074200078207231342F6C723A2020307825303831
:10743000780025733A2020787073723A20203078D3
:10744000253038780025733A204661756C74696E72
:107450006720696E737472756374696F6E206164FE
:10746000647265737320287231352F7063293A2056
:107470003078253038780025733A20556E68616E73
:10748000646C6564204952516E3A2025640065732E
:10749000665F64756D70007A5F61726D5F666174BE
:1074A000616C5F6572726F720025733A202A2A2A16
:1074B0002A2A20425553204641554C54202A2A2A34
:1074C0002A2A0025733A202020537461636B696E69
:1074D00067206572726F720025733A202020556E06
:1074E000737461636B696E67206572726F720025D9
:1074F000733A20202050726563697365206461745B
:107500006120627573206572726F720025733A2074
:1075100020204246415220416464726573733A20D0
:10752000307825780025733A202020496D707265E7
:10753000636973652064617461206275732065728C
:10754000726F720025733A202020496E7374727531
:107550006374696F6E20627573206572726F72005A
:1075600025733A202020466C6F6174696E672D7018
:107570006F696E74206C617A792073746174652010
:10758000707265736572766174696F6E2065727270
:107590006F720025733A202A2A2A2A2A205553413D
:1075A0004745204641554C54202A2A2A2A2A00259C
:1075B000733A2020204469766973696F6E2062797E
:1075C000207A65726F0025733A202020556E616C19
:1075D00069676E6564206D656D6F727920616363A4
:1075E0006573730025733A2020204E6F20636F70FF
:1075F000726F636573736F7220696E7374727563F3
:1076000074696F6E730025733A202020496C6C6595
:1076100067616C206C6F6164206F66204558435F22
:1076200052455455524E20696E746F2050430025C8
:10763000733A202020496C6C6567616C2075736516
:10764000206F662074686520455053520025733AB8
:10765000202020417474656D707420746F206578EB
:10766000656375746520756E646566696E65642012
:10767000696E737472756374696F6E0025733A2056
:107680002A2A2A2A2A204D5055204641554C54205A
:107690002A2A2A2A2A0025733A202020537461635B
:1076A0006B696E67206572726F722028636F6E74EB
:1076B0006578742061726561206D69676874206205
:1076C00065206E6F742076616C6964290025733AB9
:1076D00020202044617461204163636573732056E8
:1076E000696F6C6174696F6E0025733A2020204DBC
:1076F0004D46415220416464726573733A2030787C
:1077000025780025733A202020496E7374727563C2
:1077100074696F6E204163636573732056696F6C83
:107720006174696F6E005265736572766564204599
:107730007863657074696F6E202800537075726984
:107740006F757320696E7465727275707420284944
:107750005251200025733A20535053454C20696EF6
:1077600020746872656164206D6F646520646F6564
:1077700073206E6F7420696E646963617465205054
:1077800053500025733A202A2A2A2A2A2048415297
:1077900044204641554C54202A2A2A2A2A0025737F
:1077A0003A202020427573206661756C74206F6EDC
:1077B00020766563746F72207461626C65207265F7
:1077C00061640025733A2020204465627567206556
:1077D00076656E740025733A2020204661756C74BE
:1077E00020657363616C6174696F6E2028736565D1
:1077F0002062656C6F77290025733A204152434817
:107800005F4558434550542077697468207265611C
:10781000736F6E2025780A0025733A202A2A2A2AB7
:107820002A204465627567206D6F6E69746F7220DF
:10783000657863657074696F6E202A2A2A2A2A0087
:1078400025733A202A2A2A2A2A20257320256429EA
:10785000202A2A2A2A2A0072657365727665645F77
:10786000657863657074696F6E0064656275675FE3
:107870006D6F6E69746F720075736167655F6661C5
:10788000756C74006275735F6661756C74006D650C
:107890006D5F6D616E6167655F6661756C740068D0
:1078A0006172645F6661756C74006765745F6573AF
:1078B00066006D70750025733A204661696C6564D9
:1078C00020746F20616C6C6F63617465206E6577E6
:1078D000204D505520726567696F6E2025750A002E
:1078E00025733A20506172746974696F6E20257532
:1078F0003A2073616E69747920636865636B2066F2
:1079000061696C65642E00726567696F6E5F616C9A
:107910006C6F636174655F616E645F696E6974004A
:107920006D70755F636F6E6669677572655F7265AE
:1079300067696F6E7300464C4153485F3000535285
:10794000414D5F3000736F630006010501040107BC
:107950000203010502020103020504010101020103
:1079600003010401060108010C01100118012001A6
:1079700040018025733A2043616E6E6F74207374EA
:107980006172742073616D706C696E673A20256452
:107990000025733A204661696C656420746F206924
:1079A0006E697469616C697A65206465766963657E
:1079B0003A2025730025733A20496E76616C69641C
:1079C000206368616E6E656C2049443A202564002E
:1079D00025733A2053656C656374656420414443A4
:1079E000206761696E206973206E6F742076616C08
:1079F00069640025733A2053656C6563746564207F
:107A0000414443207265666572656E6365206973E3
:107A1000206E6F742076616C69640025733A205380
:107A2000656C6563746564204144432061637175CE
:107A300069736974696F6E2074696D65206973205C
:107A40006E6F742076616C69640025733A2043611F
:107A50006E6E6F7420636F6E666967757265206302
:107A600068616E6E656C2025643A2025640025737C
:107A70003A204661696C656420746F2073657420D8
:107A80006275666665723A2025640025733A20495E
:107A90006E76616C69642073656C656374696F6E82
:107AA000206F66206368616E6E656C730025733AA3
:107AB000204368616E6E656C202575206E6F7420A2
:107AC000636F6E666967757265640025733A204E50
:107AD0006F206368616E6E656C20636F6E666967A8
:107AE000757265640025733A2041444320726573C2
:107AF0006F6C7574696F6E2076616C756520256496
:107B0000206973206E6F742076616C696400257340
:107B10003A204F76657273616D706C696E6720698B
:107B20007320737570706F7274656420666F722055
:107B300073696E676C65206368616E6E656C206F3B
:107B40006E6C790025733A204F76657273616D70A3
:107B50006C696E672076616C756520256420697399
:107B6000206E6F742076616C69640025733A205032
:107B7000726F7669646564206275666665722069F5
:107B80007320746F6F20736D616C6C202825752FC6
:107B900025752900696E69745F73616164630061B2
:107BA00063715F74696D655F7365740072656665A6
:107BB00072656E63655F736574006761696E5F739C
:107BC0006574006164635F6E7266785F6368616E9E
:107BD0006E656C5F7365747570006164635F636F7D
:107BE0006E746578745F656E61626C655F74696DF3
:107BF000657200636865636B5F6275666665725F78
:107C000073697A65006765745F6F76657273616D1D
:107C1000706C696E67006765745F7265736F6C7511
:107C200074696F6E006164635F636F6E746578740E
:107C30005F73746172745F73616D706C696E6700FD
:107C40006164635F636F6E746578745F757064619F
:107C500074655F6275666665725F706F696E746584
:107C600072006576656E745F68616E646C65720043
:107C700073746172745F726561640061646340343F
:107C800030303037303030006164635F6E72667858
:107C90005F73616164630025733A20696E76616C7D
:107CA0006964206368616E6E656C2073656C6563E2
:107CB00074696F6E2025750025733A20496E7661D0
:107CC0006C6964206761696E0025733A20496E769D
:107CD000616C6964206368616E6E656C20636F6EB1
:107CE0006669670025733A20496E76616C69642085
:107CF0007265666572656E63650025733A20496E2C
:107D000076616C6964206163717569736974696F08
:107D10006E2074696D650025733A204661696C6553
:107D20006420746F20737461727420636F6E766563
:107D30007273696F6E0025733A2053656C656374C6
:107D40006564206368616E6E656C287329206E6FB0
:107D50007420737570706F727465643A20257800B2
:107D600025733A2053656C6563746564207265738E
:107D70006F6C7574696F6E206E6F742073757070A0
:107D80006F727465643A2025640025733A204F763B
:107D9000657273616D706C696E67206973206E6FB8
:107DA0007420737570706F727465640025733A2067
:107DB00043616C6962726174696F6E206973206ED1
:107DC0006F7420737570706F727465640025733AF8
:107DD0002042756666657220696E76616C69640022
:107DE00025733A206275666665722073697A65202C
:107DF000746F6F20736D616C6C0025733A2042754F
:107E000073206E6F742072656164790025733A2067
:107E1000446576696365207265736574206661697F
:107E20006C65643A20256400746C61323032785F8E
:107E3000696E697400746C61323032785F636861B6
:107E40006E6E656C5F736574757000746C61323052
:107E500032785F706572666F726D5F726561640023
:107E6000746C61323032785F73746172745F726502
:107E7000616400746C613230323140346200746C81
:107E8000613230323100636C6F636B4034303030BC
:107E900030303030006866636C6B006C66636C6B0E
:107EA00000636C6F636B5F636F6E74726F6C002541
:107EB000733A20696E76616C6964206164647265EE
:107EC00073733A2030782530386C783A257A75000B
:107ED00025733A20756E616C69676E656420616414
:107EE00064726573733A2030782530386C783A259F
:107EF0007A750025733A206E6F7420776F72642D47
:107F0000616C69676E65643A2030782530386C782A
:107F10003A257A7500666C6173685F6E72665F728F
:107F200065616400666C6173685F6E72665F77722C
:107F300069746500666C6173685F6E72665F657216
:107F400061736500666C6173682D636F6E74726F28
:107F50006C6C657240343030316530303000666CA6
:107F60006173685F6E7266006770696F40353030AC
:107F70003030333030006770696F4035303030302A
:107F80003030300069326300693263403430303061
:107F900033303030006932635F6E7266785F7477B9
:107FA000690025733A20756E737570706F72746511
:107FB000642073706565640025733A2031302D624A
:107FC0006974204932432041646472206465766993
:107FD000636573206E6F7420737570706F72746553
:107FE00064006932635F6E7266785F7477695F6D93
:107FF00073675F7472616E73666572006932635F86
:108000006E7266785F7477695F636F6E66696775B5
:108010007265006932635F6E7266785F7477695F5C
:10802000696E69740025733A2025733A206E6F20BB
:108030004C45447320666F756E6420284454206359
:1080400068696C64206E6F646573206D6973736911
:108050006E67290025733A2043616E6E6F7420634A
:108060006F6E666967757265204750494F202865B5
:108070007272202564290025733A2025733A20471F
:1080800050494F20646576696365206E6F74207275
:1080900065616479006C65645F6770696F5F696EC4
:1080A0006974006770696F5F6C656473006C656408
:1080B0005F6770696F0025733A2025733A207077E7
:1080C0006D20646576696365206E6F7420726561EA
:1080D0006479006C65645F70776D5F696E697400C8
:1080E00070776D5F6C656473006C65645F70776D4D
:1080F00000000102030405060725733A20496E7645
:10810000616C6964206368616E6E656C3A202575E8
:108110002E0025733A20496E636F6D706174696239
:108120006C6520706572696F642E0025733A20506B
:1081300072657363616C657220666F722070657220
:10814000696F645F6379636C6573202575206E6F5A
:108150007420666F756E642E0070776D5F6E726648
:10816000785F696E69740070776D5F706572696FB2
:10817000645F636865636B5F616E645F7365740001
:1081800070776D5F6E7266785F7365745F63796335
:108190006C65730070776D4034303031633030304F
:1081A0000070776D5F6E7266780074656D70403434
:1081B000303030633030300074656D705F6E7266E1
:1081C000350025733A20436F756C64206E6F742000
:1081D0007265616420616363656C206178697320F6
:1081E000646174610025733A2054656D7065726135
:1081F00074757265206D6561737572656D656E74F9
:108200002064697361626C65640025733A2046617D
:10821000696C656420746F20696E697469616C694A
:108220007A6520746865206275732E0025733A2084
:10823000617474725F7365742829206E6F74207383
:108240007570706F72746564206F6E2074686973E6
:10825000206368616E6E656C2E0025733A2046615E
:10826000696C656420746F2072656164206368695D
:10827000702069642E0025733A20496E76616C691E
:108280006420636869702049443A20253032780AB6
:108290000025733A204661696C656420746F206420
:1082A0006973636F6E6E6563742053444F2F53413F
:1082B000302070756C6C2D75702E0025733A204639
:1082C00061696C656420746F2072657365742063E6
:1082D00074726C207265676973746572732E002501
:1082E000733A204661696C656420746F207365740D
:1082F0002066756C6C207363616C65206374726CAE
:108300002072656769737465722E0025733A206662
:10831000733D25642C206F64723D30782578206C85
:10832000705F656E3D30782578207363616C653DC4
:1083300025640025733A206661696C656420746F5A
:108340002072656164207265675F7265666572653B
:108350006E63650025733A206661696C65642074FC
:108360006F207772697465207265675F6374726CE1
:10837000310025733A206661696C656420746F2052
:1083800072656164207265675F6374726C310000AE
:10839000010202000102006C69733264685F696E59
:1083A0006974006C69733264685F706D5F616374D7
:1083B000696F6E006C69733264685F696E69745FBF
:1083C00063686970006C69733264685F61747472A9
:1083D0005F736574006C69733264685F73616D709C
:1083E0006C655F66657463685F74656D70006C6969
:1083F000733264685F66657463685F78797A006C6D
:1084000069733264683132403139006C69733264A7
:10841000680025733A204275732064657669636548
:10842000206973206E6F74207265616479006C69D5
:10843000733264685F6932635F696E6974002573C3
:108440003A2049324320646576202573206E6F748C
:108450002072656164790025733A204661696C6514
:108460006420746F2073657420636F6E666967752E
:10847000726174696F6E20282564290025733A2083
:108480004661696C656420746F2073657420744C58
:108490006F77207468726573686F6C642028256438
:1084A000290025733A204661696C656420746F2049
:1084B00073657420744869676820746872657368AE
:1084C0006F6C64202825642900746D703131325F2F
:1084D000696E697400746D70313132403438005403
:1084E0004D503131320025733A206661696C656404
:1084F00020746F20636F6E666967757265204750E0
:10850000494F20666F7220504D206F6E0025733AE0
:10851000206661696C656420746F20736574204700
:1085200050494F20666F7220504D20726573756DF3
:10853000650025733A206661696C656420746F205C
:10854000736574204750494F20666F7220504D204C
:1085500073757370656E640009636F6E7665727310
:10856000696F6E20726573756C74206973206F7506
:1085700074206F662072616E67650A0025733A2069
:108580007261775F746F5F6D763A202564002573A2
:108590003A206164635F7365747570206661696C0D
:1085A00065643A2025640025733A206164635F7234
:1085B0006561643A2025640025733A2041444320D4
:1085C0006973206E6F742072656164790025733A57
:1085D00020506F776572204750494F206973206E95
:1085E0006F742072656164790025733A2073657435
:1085F00075703A2025640025733A2073657175659E
:108600006E636520696E69743A20256400766F6C2C
:10861000746167655F696E697400706D5F61637432
:10862000696F6E00666574636800676574007662E2
:1086300061747400766F6C746167650025733A200D
:108640004661696C656420746F20616C6C6F636156
:108650007465204750494F5445206368616E6E65CC
:108660006C20666F722057414B450025733A2046B7
:1086700061696C656420746F20636F6E66696775ED
:1086800072652057414B452070696E0025733A2072
:108690004353204750494F20706F72742025732038
:1086A00070696E202564206973206E6F7420726576
:1086B0006164790025733A205570646174652065A2
:1086C0007863656564732063757272656E74206289
:1086D00075666665720025733A2048616C662D6484
:1086E00075706C6578206E6F7420737570706F7222
:1086F0007465640025733A20536C617665206D6F54
:108700006465206973206E6F7420737570706F726A
:10871000746564206F6E2025730025733A204C6FBA
:108720006F706261636B206D6F6465206973206E8A
:108730006F7420737570706F727465640025733A7E
:1087400020576F72642073697A6573206F7468654F
:1087500072207468616E20382062697473206172BF
:1087600065206E6F7420737570706F72746564002D
:1087700025733A204672657175656E63696573206D
:108780006C6F776572207468616E20313235206BB2
:10879000487A20617265206E6F7420737570706FF7
:1087A000727465640025733A204661696C656420C3
:1087B000746F20696E697469616C697A65206E7284
:1087C0006678206472697665723A202564002573A4
:1087D0003A2057616974696E6720666F722057414D
:1087E0004B452061636B6E6F776C6564676D656E7A
:1087F000742074696D6564206F75740025733A2068
:1088000054696D656F75742077616974696E67204E
:10881000666F72207472616E7366657220636F6D2D
:10882000706C657465007370695F636F6E746578F2
:10883000745F63735F636F6E6669677572655F61AE
:108840006C6C007370695F6E7266785F696E6974D4
:10885000007370695F636F6E746578745F776169C8
:10886000745F666F725F636F6D706C6574696F6E55
:10887000007370695F636F6E746578745F757064A0
:108880006174655F7278007370695F636F6E7465A1
:1088900078745F7570646174655F747800636F6E7F
:1088A000666967757265007472616E736365697677
:1088B00065007370694034303030343030300073CC
:1088C00070695F6E7266785F7370696D0025733AC8
:1088D0002043616C6C20606932635F7772697465F4
:1088E0005F647460206661696C65643A2025640089
:1088F00025733A2043616C6C206073656E645F631E
:108900006D64602028434D445F53544152545F537B
:10891000594E4329206661696C65643A20256400DC
:1089200025733A2043616C6C20606932635F726525
:10893000675F726561645F627974655F647460200B
:108940006661696C65643A2025640025733A2043AA
:10895000616C6C2060726561645F7265676020287D
:108960005245475F434F4E4649475F322920666173
:10897000696C65643A2025640025733A205265616C
:1089800063686564206D6178696D756D204452443B
:108990005920706F6C6C20617474656D7074730015
:1089A00025733A2043616C6C20606932635F777293
:1089B0006974655F726561645F6474602066616993
:1089C0006C65643A2025640025733A2043616C6C21
:1089D0002060726561645F646174616020666169D2
:1089E0006C65643A2025640025733A2043616C6C01
:1089F000206073656E645F636D64602028434D443E
:108A00005F504F574552444F574E29206661696C5D
:108A100065643A2025640025733A2043616C6C201C
:108A2000606932635F7265675F77726974655F6200
:108A30007974655F647460206661696C65643A206E
:108A400025640025733A2053797374656D20696E2F
:108A5000697469616C697A6174696F6E0025733A33
:108A60002043616C6C206073656E645F636D64604D
:108A70002028434D445F524553455429206661697F
:108A80006C65643A2025640025733A2043616C6C60
:108A9000206077726974655F72656760202852454F
:108AA000475F434F4E4649475F3029206661696CF6
:108AB00065643A2025640025733A2043616C6C207C
:108AC0006077726974655F726567602028524547F8
:108AD0005F434F4E4649475F3129206661696C65A7
:108AE000643A2025640025733A2043616C6C206051
:108AF00077726974655F7265676020285245475FC9
:108B0000434F4E4649475F3229206661696C656470
:108B10003A2025640025733A2043616C6C2060770D
:108B2000726974655F7265676020285245475F43CC
:108B30004F4E4649475F3329206661696C65643A48
:108B400020256400726561645F6461746100726510
:108B500061645F726567006164733132326330341F
:108B60005F726561640077726974655F7265670042
:108B700073656E645F636D64006164733132326388
:108B800030345F696E6974006374725F78335F615B
:108B900064733132326330345F61324034370063A2
:108BA00074725F78335F6164733132326330345F83
:108BB00061314034360061647331323263303400E5
:108BC00025733A20535049207472616E7361637447
:108BD000696F6E206661696C6564207769746820CE
:108BE000636F64653A2025642F25750025733A204C
:108BF00053504920627573202573206E6F74207264
:108C0000656164790025733A2057726F6E67204A58
:108C1000454445432049443A2025303258202530E8
:108C2000325820253032582C206578706563746581
:108C3000643A2025303258202530325820253032F1
:108C4000580025733A20556E737570706F72746595
:108C50006420657261736520726571756573743A1D
:108C60002073697A6520257A752061742030782513
:108C70006C78007370695F666C6173685F617434EF
:108C8000355F7265616400706572666F726D5F77E3
:108C90007269746500706572666F726D5F6572618E
:108CA00073655F6F7000706572666F726D5F636889
:108CB00069705F6572617365007370695F666C618E
:108CC00073685F617434355F6572617365007265E6
:108CD00061645F7374617475735F726567697374DF
:108CE000657200636F6E6669677572655F70616754
:108CF000655F73697A6500636865636B5F6A656465
:108D000065635F6964007370695F666C6173685F57
:108D1000617434355F696E697400706F7765725F76
:108D2000646F776E5F6F70006174343564623634DF
:108D300031654030006374725F7370695F666C61A7
:108D400073685F617434350025733A20556E6B6E1D
:108D50006F776E206368616E6E656C3A20256400E3
:108D600025733A2043616C6C20606770696F5F7097
:108D7000696E5F7365745F647460206661696C65B9
:108D8000643A2025640025733A2043616C6C2060AE
:108D90006164635F7265616460206661696C6564CB
:108DA0003A2025640025733A20446576696365207E
:108DB0006E6F742072656164792028707772302933
:108DC0000025733A20446576696365206E6F7420D0
:108DD0007265616479202870777231290025733AB1
:108DE00020446576696365206E6F742072656164E6
:108DF00079202861646330290025733A2044657620
:108E0000696365206E6F74207265616479202861E2
:108E1000646331290025733A2043616C6C206067DC
:108E200070696F5F70696E5F636F6E666967757298
:108E3000655F647460206661696C65642028707782
:108E40007230293A2025640025733A2043616C6C06
:108E500020606770696F5F70696E5F636F6E6669CF
:108E6000677572655F647460206661696C65642013
:108E70002870777231293A2025640025733A2043FF
:108E8000616C6C20606164635F6368616E6E656CC9
:108E90005F736574757060206661696C6564202815
:108EA00061646330293A2025640025733A204361C8
:108EB0006C6C20606164635F6368616E6E656C5F9B
:108EC000736574757060206661696C6564202861E3
:108ED000646331293A202564006374725F78335FDC
:108EE0007365745F706F7765725F006374725F782B
:108EF000335F6D6561737572655F006374725F786F
:108F0000335F696E6974006374725F78335F610008
:108F10006374725F78330025733A2043616C6C2070
:108F2000606770696F5F70696E5F696E7465727299
:108F30007570745F636F6E6669677572655F647480
:108F400060206661696C65643A2025640025733A87
:108F50002043616C6C2060726561645F7265676953
:108F60007374657260202852584C564C29206661F3
:108F7000696C65643A2025640025733A2043616C6E
:108F80006C2060726561645F726567697374657295
:108F900060202852485229206661696C65643A2035
:108FA00025640025733A2043616C6C206072656112
:108FB000645F7265676973746572602028494952FD
:108FC00029206661696C65643A2025640025733A3E
:108FD0002043616C6C2060726561645F72656769D3
:108FE0007374657260202854584C564C2920666171
:108FF000696C65643A2025640025733A2043616CEE
:109000006C206077726974655F72656769737465F7
:109010007260202846435229206661696C65643A73
:109020002025640025733A2043616C6C2060666CD7
:109030007573685F6669666F60206661696C6564F8
:109040003A2025640025733A2043616C6C206077D8
:10905000726974655F7265676973746572602028F0
:1090600049455229206661696C65643A202564008F
:1090700025733A2043616C6C206077726974655F78
:10908000726567697374657260206661696C656496
:109090003A2025640025733A204461746120626996
:1090A0007473206E6F7420737570706F7274656462
:1090B0003A2025750025733A2053746F7020626939
:1090C0007473206E6F7420737570706F7274656442
:1090D0003A2025750025733A2043616C6C20607737
:1090E000726974655F726567697374657260202860
:1090F0004C435229206661696C65643A20256400FE
:1091000025733A2043616C6C2060636F6E666967FB
:109110007572655F6C696E6560206661696C656417
:109120003A2025640025733A2043616C6C206077F7
:10913000726974655F72656769737465726020280F
:109140004D435229206661696C65643A20256400AC
:1091500025733A2043616C6C206077726974655F97
:109160007265676973746572602028444C4C2920CD
:109170006661696C65643A2025640025733A204372
:10918000616C6C206077726974655F726567697382
:10919000746572602028444C4829206661696C65BA
:1091A000643A2025640025733A2043616C6C20608A
:1091B000636F6E6669677572655F6261756472611F
:1091C000746560206661696C65643A2025640025D9
:1091D000733A2043616C6C2060656E61626C655F00
:1091E000736C6565705F6D6F646560206661696C46
:1091F00065643A2025640025733A2043616C6C2035
:109200006064697361626C655F736C6565705F6DE6
:109210006F646560206661696C65643A202564004E
:1092200025733A2043616C6C20606770696F5F70D2
:10923000696E5F636F6E6669677572655F6474609F
:10924000206661696C65643A2025640025733A20C4
:1092500043616C6C2060636F6E6669677572655FF1
:10926000726573657460206661696C65643A202577
:10927000640025733A2043616C6C20606770696FED
:109280005F6164645F63616C6C6261636B602066E4
:1092900061696C65643A2025640025733A20436156
:1092A0006C6C2060636F6E6669677572655F696E6E
:1092B000746572727570745F70696E602066616942
:1092C0006C65643A2025640025733A2043616C6C18
:1092D0002060726561645F7265676973746572604E
:1092E00020284C435229206661696C65643A202528
:1092F000640025733A2043616C6C20607472696766
:109300006765725F726573657460206661696C651C
:10931000643A2025640025733A2043616C6C206018
:10932000656E61626C655F696E746572727570748A
:109330005F70696E60206661696C65643A202564BF
:109340000025733A2043616C6C2060777269746504
:109350005F7265676973746572602028454652299B
:10936000206661696C65643A2025640025733A20A3
:1093700043616C6C2060656E61626C655F656E68F0
:10938000616E6365645F66656174757265736020A4
:109390006661696C65643A2025640025733A204350
:1093A000616C6C206077726974655F726567697360
:1093B0007465726020284546435229206661696CB5
:1093C00065643A2025640025733A2043616C6C2063
:1093D00060656E61626C655F65787472615F666519
:1093E00061747572657360206661696C65643A20AA
:1093F00025640025733A2043616C6C2060656E61C2
:10940000626C655F6669666F60206661696C656441
:109410003A2025640025733A2043616C6C20607308
:1094200063313669733778785F636F6E6669677525
:10943000726560206661696C65643A20256400731A
:1094400063313669733778785F706F6C6C5F696E03
:10945000007363313669733778785F706F6C6C5F57
:109460006F7574007363313669733778785F666936
:10947000666F5F66696C6C00736331366973377849
:10948000785F6669666F5F72656164007363313629
:1094900069733778785F6972715F74785F656E6140
:1094A000626C65007363313669733778785F69720F
:1094B000715F74785F64697361626C6500736331B6
:1094C0003669733778785F6972715F72785F656E3D
:1094D00061626C65007363313669733778785F69F0
:1094E00072715F72785F64697361626C6500736347
:1094F000313669733778785F6972715F757064614E
:10950000746500636F6E6669677572655F62617529
:10951000647261746500636F6E6669677572655F1A
:109520006C696E65007363313669733778785F6391
:109530006F6E66696775726500656E61626C655F06
:109540006669666F00656E61626C655F65787472EE
:10955000615F666561747572657300656E61626CEA
:10956000655F656E68616E6365645F66656174758D
:1095700072657300656E61626C655F696E746572B9
:10958000727570745F70696E007472696767657276
:109590005F7265736574006972715F68616E646C97
:1095A000657200636F6E6669677572655F696E7478
:1095B0006572727570745F70696E00636F6E666954
:1095C000677572655F726573657400666C75736844
:1095D0005F6669666F00776F726B5F68616E646C5F
:1095E0006572007363313669733778785F696E69C5
:1095F0007400726561645F72656769737465720097
:1096000064697361626C655F736C6565705F6D6FD3
:10961000646500706D5F636F6E74726F6C5F72650E
:1096200073756D6500656E61626C655F736C656511
:10963000705F6D6F64650077726974655F726567EE
:10964000697374657200706D5F636F6E74726F6CB6
:109650005F73757370656E64007561727440353147
:10966000007363313669733778780025733A20497F
:109670006E76616C6964207369676E61747572657A
:109680003A203078253038780025733A20496E63C7
:109690006F6D70617469626C652076657273696F55
:1096A0006E3A203078253032780025733A20556E96
:1096B00065787065637465642073697A653A2030F3
:1096C00078253032780025733A20435243206D6963
:1096D000736D617463683A203078253038782028BB
:1096E00072656164292030782530387820286361DC
:1096F0006C63756C61746564290028756E7365749C
:109700002900253032783A253032783A25303278BF
:109710003A253032783A253032783A25303278009E
:109720006C6F61645F756963725F637573746F6D8D
:10973000657200696E6974006374725F696E666F4A
:1097400000626C6520706173736B65793A202573D4
:109750000A00626C6520646576616464723A202553
:10976000730A00636C61696D20746F6B656E3A20DB
:1097700025730A0073657269616C206E756D626590
:10978000723A2025730A006669726D7761726520EE
:1097900076657273696F6E3A2025730A0066697286
:1097A0006D77617265206E616D653A2025730A00E0
:1097B0006669726D776172652062756E646C653A78
:1097C0002025730A00686172647761726520726592
:1097D000766973696F6E3A2025730A006861726456
:1097E000776172652076617269616E743A202573C3
:1097F0000A0070726F64756374206E616D653A2043
:1098000025730A0076656E646F72206E616D653A2D
:109810002025730A0044657669636520696E666F6A
:10982000726D6174696F6E20636F6D6D616E6473CC
:109830002E0073686F770047657420616C6C206937
:109840006E666F726D6174696F6E206174206F6EE9
:1098500063652E0076656E646F722D6E616D6500B6
:109860004765742076656E646F72206E616D652E3B
:109870000070726F647563742D6E616D650047656D
:10988000742070726F64756374206E616D652E0054
:1098900068772D76617269616E740047657420681F
:1098A000617264776172652076617269616E742E8F
:1098B0000068772D7265766973696F6E004765740D
:1098C0002068617264776172652072657669736978
:1098D0006F6E2E0066772D62756E646C650047654D
:1098E00074206669726D776172652062756E646C52
:1098F000652E0066772D6E616D6500476574206684
:1099000069726D77617265206E616D652E00667794
:109910002D76657273696F6E004765742066697293
:109920006D776172652076657273696F6E2E007354
:10993000657269616C2D6E756D6265720047657444
:109940002073657269616C206E756D6265722E00A0
:10995000636C61696D2D746F6B656E004765742073
:10996000636C61696D20746F6B656E2E00626C654F
:109970002D646576616464720047657420424C45CD
:109980002064657669636520616464726573732E13
:1099900000626C652D706173736B65790047657447
:1099A00020424C4520706173736B65792E0063749F
:1099B000725F696E666F5F7368656C6C0025733AE1
:1099C0002053797374656D20496E697469616C699F
:1099D0007A6174696F6E00696E6974006374725F96
:1099E0006C656400636F6D6D616E64206E6F7420D2
:1099F000666F756E643A2025730A00677265656E3E
:109A00000079656C6C6F770065787400696E7661BB
:109A10006C6964206368616E6E656C206E616D6553
:109A20000A00696E76616C696420636F6D6D616EAA
:109A3000640A0025733A2043616C6C206063747281
:109A40005F6C65645F73657460206661696C6564F2
:109A50003A20256400636D645F6C65645F737769A9
:109A6000746368004C454420636F6D6D616E647370
:109A70002E00737769746368005377697463682094
:109A80004C4544206368616E6E656C2028666F7279
:109A90006D6174207265647C677265656E7C796542
:109AA0006C6C6F777C657874206F6E7C6F6666294E
:109AB0002E006374725F6C65645F7368656C6C0024
:109AC00025733A2043616C6C206073656E736F720E
:109AD0005F617474725F73657460206661696C6540
:109AE00064202853454E534F525F415454525F46B1
:109AF000554C4C5F5343414C45293A202564002581
:109B0000733A2043616C6C206073656E736F725F93
:109B1000617474725F73657460206661696C6564FA
:109B2000202853454E534F525F415454525F534186
:109B30004D504C494E475F4652455155454E43594D
:109B4000293A2025640025733A2043616C6C20601B
:109B500073656E736F725F73616D706C655F666560
:109B600074636860206661696C65643A20256400EE
:109B700025733A2043616C6C206073656E736F725D
:109B80005F6368616E6E656C5F67657460206661B7
:109B9000696C65643A7420256400696E69740063B9
:109BA00074725F746865726D5F726561640063747E
:109BB000725F746865726D00636F6D6D616E6420B5
:109BC0006661696C65640A0074656D7065726174C4
:109BD0007572653A20252E326620430A00636D6453
:109BE0005F746865726D5F72656164005468657268
:109BF0006D6F6D6574657220636F6D6D616E6473FA
:109C00002E00526561642073656E736F722064610B
:109C100074612E006374725F746865726D5F73683F
:109C2000656C6C00000000000001010000000000F5
:109C30000101010000000020303030303030303081
:109C400030303030303000010100010101010900E5
:109C500000000D01020304050607080001010101CF
:109C6000010100000000005465726D696E616C00B6
:109C7000000000000000545452205245474745530D
:109C80000025733A2048616C74696E67207379739C
:109C900074656D00556E6B6E6F776E206572726FB6
:109CA0007200756E6B6E6F776E0025733A203E3EC4
:109CB0003E205A455048595220464154414C204577
:109CC00052524F522025643A202573206F6E204354
:109CD00050552025640025733A204661756C742028
:109CE000647572696E6720696E74657272757074DE
:109CF0002068616E646C696E670A0025733A2043C0
:109D0000757272656E74207468726561643A20259C
:109D100070202825732900435055206578636570AD
:109D200074696F6E00556E68616E646C656420695D
:109D30006E7465727275707400537461636B206F1A
:109D4000766572666C6F77004B65726E656C206F1E
:109D50006F7073004B65726E656C2070616E696325
:109D6000007A5F666174616C5F6572726F72006B1E
:109D70005F7379735F666174616C5F6572726F7235
:109D80005F68616E646C65720069646C65006F7316
:109D9000002B0064756D6D7900736C656570696E7C
:109DA0006700646561640061626F7274696E670068
:109DB00073757370656E64696E670071756575653E
:109DC0006400737973776F726B710000202020201C
:109DD000202020202028282828282020202020205B
:109DE000202020202020202020202020881010103B
:109DF0001010101010101010101010100404040493
:109E00000404040404041010101010101041414107
:109E10004141410101010101010101010101010172
:109E20000101010101010110101010101042424205
:109E30004242420202020202020202020202020242
:109E400002020202020202101010102000000000A4
:109E50000000000000000000000000000000000002
:109E600000000000000000000000000000000000F2
:109E700000000000000000000000000000000000E2
:109E800000000000000000000000000000000000D2
:109E900000000000000000000000000000000000C2
:109EA00000000000000000000000000000000000B2
:109EB00000000000000000000000000000000000A2
:109EC000000000000000000000000000232D302BE7
:109ED0002000686C4C0065666745464700303132AB
:109EE0003334353637383941424344454600303102
:109EF0003233343536373839616263646566000061
:109F00000000000004000020040000200000000009
:109F100001000000140000201400002000000000D8
:109F20000100000000000000000000000000000030
:109F30000000000000000000000000000000000021
:109F40000000000000000000000000000000000011
:109F50000000000000000000000000000000000001
:109F600000000000000000000000000000000000F1
:109F700000000000000000000000000000000000E1
:109F800000000000000000000000000000000000D1
:109F900000000000000000000000000000000000C1
:109FA0005857010000000000000000000000000001
:109FB0000000000000000000E503010000000000B8
:109FC0000000000000000000C8000020C8000020C1
:109FD0001327010000000000000000000000000046
:109FE0000000000000000000E8000020E800002061
:109FF0000000000001000000F8000020F800002030
:10A00000000000000100000000000000000000004F
:10A010000000000000000000000000000000000040
:10A020000000000000000000000000000000000030
:10A030000000000000000000000000000000000020
:10A040000000000000000000000000000000000010
:10A05000500100205001002001000000010000001C
:10A0600000000000000000000000000000000000F0
:10A0700000000000000000000000000000000000E0
:10A0800000000000000000000000000000000000D0
:10A090000000000000000000B857010000000000B0
:10A0A00000000000000000000000000000000000B0
:10A0B00000000000000000000000000000000000A0
:10A0C0000000000000000000000000000000000090
:10A0D0000000000000000000000000000000000080
:10A0E0000000000000000000000000000000000070
:10A0F0000000000000000000000000000000000060
:10A10000000000000000000000000000000000004F
:10A11000000000000000000000000000000000003F
:10A12000000000000000000000000000000000002F
:10A13000000000000000000000000000000000001F
:10A14000000000000000000000000000000000000F
:10A1500000000000000000000000000000000000FF
:10A1600000000000000000000000000000000000EF
:10A1700000000000000000000000000000000000DF
:10A1800000000000000000000000000000000000CF
:10A1900000000000000000000000000000000000BF
:10A1A00000000000000000000000000000000000AF
:10A1B000000000000000000000000000000000009F
:10A1C000000000000000000000000000000000008F
:10A1D000000000000000000000000000000000007F
:10A1E000000000000000000000000000000000006F
:10A1F000000000000000000000000000000000005F
:10A20000000000000000000000000000000000004E
:10A21000000000000000000000000000000000003E
:10A22000000000000000000000000000000000002E
:10A23000000000000000000000000000000000001E
:10A24000000000000000000000000000000000000E
:10A2500000000000000000000000000000000000FE
:10A2600000000000000000000000000000000000EE
:10A2700000000000000000000000000000000000DE
:10A2800000000000000000000000000000000000CE
:10A2900000000000000000000000000000000000BE
:10A2A00000000000000000000000000000000000AE
:10A2B000000000000000000000000000000000009E
:10A2C000000000000000000000000000000000008E
:10A2D000000000000000000000000000000000007E
:10A2E000000000000000000000000000000000006E
:10A2F000000000000000000000000000000000005E
:10A30000000000000000000000000000000000004D
:10A31000000000000000000000000000000000003D
:10A32000000000000000000000000000000000002D
:10A33000000000000000000000000000000000001D
:10A34000000000000000000000000000000000000D
:10A3500000000000000000000000000000000000FD
:10A3600000000000000000000000000000000000ED
:10A3700000000000000000000000000000000000DD
:10A3800000000000000000000000000000000000CD
:10A3900000000000000000000000000000000000BD
:10A3A00000000000000000000000000000000000AD
:10A3B000FFFFFF7FFFFFFF7FC9130100DD1B0100CF
:10A3C000905E01000000000000000000010000009D
:10A3D0001C5F0100F81C00203C0A00203A0000002D
:10A3E000500A00203A000000280A00203A0000002D
:10A3F000640A00203A000000472601000060004087
:10A40000000000000000000000000000000000004C
:10A41000000000000000000000000000000000003C
:10A42000000000000000000000000000000000002C
:10A43000000000000000000000000000000000001C
:10A44000000000000000000000000000000000000C
:10A4500000000000000000000000000000000000FC
:10A4600000000000000000000000000000000000EC
:10A4700000000000000000000000000000000000DC
:10A48000000000000000000000000000800000004C
:10A490000000000073260100000000000000000022
:10A4A000000000003D290100000000000000000045
:10A4B000000000003D2901000000000080000000B5
:10A4C000000000008B2A0100000000000030004066
:10A4D000000000000000000000000000000000007C
:10A4E000000000000000000000000000000000006C
:10A4F000000000000000000000000000000000005C
:10A50000000000000000000000000000000000004B
:10A5100010060020100600200100000001000000CD
:10A52000200600202006002000000000010000009E
:10A53000000000000000000000000000972B010058
:10A540000000000000000000000000000B2C0100D3
:10A550000000000000C001400000000000000000FA
:10A5600000000000000000000000000000000000EB
:10A57000000000000000000000000000398B000017
:10A580000000000068250000D14A0000A3950000EB
:10A59000E9C001000000000000000000A58E0000DE
:10A5A0000000000000000000000000009B2F0100E0
:10A5B000000000000040004000000000000000001B
:10A5C000000000000000000000000000000000008B
:10A5D000000000000000000000000000000000007B
:10A5E000000000006462010001000000EC06002091
:10A5F000EC0600200000000001000000FC06002026
:10A60000FC06002000000000010000000000000027
:10A61000000000000000000000000000000000003A
:10A62000000000000000000000000000000000002A
:10A63000F85601000000000000000000A33D0020CB
:10A640009B3D00204407002044070020000000003C
:10A6500001000000000000005807002058070020FB
:10A6600000000000010000000000000000000000E9
:10A6700000000000C73201000000000000000000E0
:10A6800000000000D1BA000000000000985701004F
:10A6900000C20100000103000000000000000000F3
:10A6A00000000000000000000000000000000000AA
:10A6B000000000000000000000000000000000009A
:10A6C000000000000000000000000000000000008A
:10A6D000000000000000000000000000000000007A
:10A6E000000000000000000000000000000000006A
:10A6F000000000000000000000000000000000005A
:10A700000000000000000000000000000000000049
:10A710000000000000000000000000000000000039
:10A720002008002020080020000000000100000098
:10A730000090D003FF000000900200003C080020C1
:10A740003C08002000000000590601008808002095
:10A750008008002078080020000000007008002019
:10A7600075070100C1060100F50601003D07010063
:10A77000702A00203A00003A742A00203A00003A79
:10A78000782A00203A00003A7C2A00203A00003A59
:10A79000980800205C080020540800205008002081
:10A7A0004C080020A8080020000000000000000065
:10A7B0000000000000000000000000000000000099
:10A7C0000000000000000000000000000000000089
:10A7D0000000000000000000000000000000000079
:10A7E0000000000000000000000000000000000069
:10A7F0000000000000000000000000000000000059
:08A80000000000000000000050
:10A808000000000000000000000000000000000040
:10A818000000000000000000000000000000000030
:08A82800000000000000000028
:10A830000000000000000000000000000000000018
:10A840000000000000000000000000000000000008
:10A8500000000000000000000000000000000000F8
:08A860000000000000000000F0
:04A8680000000000EC
:10A86C0000000000000000000000000000000000DC
:10A87C0000000000000000000000000000000000CC
:10A88C0000000000000000000000000000000000BC
:10A89C0000000000000000000000000000000000AC
:10A8AC00000000000000000000000000000000009C
:10A8BC00000000000000000000000000000000008C
:10A8CC00000000000000000000000000000000007C
:10A8DC00000000000000000000000000000000006C
:10A8EC00000000000000000000000000000000005C
:04A8FC000000000058
:10A9000000000000C0AF0020002000000000000098
:04A910000000000043
:10A91400140A0020140A00200000000000000000B7
:10A924000E000000280A0020280A00200000000071
:10A93400000000000E0000003C0A00203C0A002039
:10A9440000000000000000000E000000500A00207B
:10A95400500A002000000000000000000E0000006B
:10A96400640A0020640A00200000000000000000C7
:04A974000E000000D1
:10A97800780A0020780A002000000000010000008A
:04A9880015E015E0E1
:0400000300005F7129
:00000001FF
