:020000040000FA
:10000000809C0020ED3E0000BDC40000D93E0000F1
:10001000D93E0000D93E0000D93E0000000000009B
:100020000000000000000000000000006940000027
:10003000D93E00000000000005400000D93E00004D
:100040002D4200002D4200002D4200002D420000F4
:100050002D4200002D4200002D4200002D420000E4
:100060002D4200002D4200002D4200002D420000D4
:100070002D4200002D4200002D4200002D420000C4
:100080002D4200002D4200002D4200002D420000B4
:100090002D4200002D4200002D4200002D420000A4
:1000A0002D4200002D4200002D4200002D42000094
:1000B0002D4200002D4200002D4200002D42000084
:1000C0002D4200002D4200002D4200002D42000074
:1000D0002D4200002D4200002D4200002D42000064
:1000E0002D4200002D4200002D4200002D42000054
:1000F0002D4200002D4200002D4200002D42000044
:100100007BB972B90029BEBF00204FF0004106E064
:1001100008BF00281CBF6FF000414FF0FF3000F017
:1001200057B8ADF1080C6DE904CE002909DB002BAE
:100130001ADB00F061F8DDF804E0DDE9022304B029
:100140007047404261EB4101002B1BDB00F054F88B
:10015000DDF804E0DDE9022304B0404261EB410137
:10016000524263EB43037047524263EB430300F098
:1001700043F8DDF804E0DDE9022304B0404261EB1E
:1001800041017047524263EB430300F035F8DDF85C
:1001900004E0DDE9022304B0524263EB43037047FD
:1001A00053B94AB9002908BF00281CBF4FF0FF31DE
:1001B0004FF0FF3000F00CB8ADF1080C6DE904CE43
:1001C00000F01AF8DDF804E0DDE9022304B070471E
:1001D000704700BF10F8012B11F8013B012A28BF1E
:1001E0009A42F7D0D01A7047034613F8012B002A21
:1001F000FBD1181A013870472DE9F04786468C4626
:100200000846089E154674461946002B40F0C280E9
:100210008542B2FA82F245D94AB1C2F1200300FA0E
:1002200002FC2EFA03F3954043EA0C0C94404FEA8B
:10023000154EA8B2BCFBFEF8230C0EFB18CC08FB35
:1002400000F943EA0C43994528D9EB1808F1FF3728
:1002500004D2994502D9A8F102072B44A3EB090364
:10026000A4B2B3FBFEFC0EFB1C330CFB00F044EA13
:100270000344A04214D92C190CF1FF3304D2A0423C
:1002800002D9ACF102032C44241A43EA07401EB100
:10029000D440002334607360BDE8F0874746DDE753
:1002A0006346F1E792BB431B01214FEA154EAFB203
:1002B000B3FBFEFC200C0EFB1C330CFB07F840EAE2
:1002C0000343984562D9EB180CF1FF3004D29845EE
:1002D00002D9ACF102002B44A3EB0803A4B2B3FB98
:1002E000FEFC0EFB1C330CFB07F744EA0344A74259
:1002F0004ED92C190CF1FF3304D2A74202D9ACF12C
:1003000002032C44E41B43EA0040C0E7C2F120038F
:1003100020FA03F1954090402EFA03F303434FEA8D
:10032000154EAFB2B1FBFEFC0EFB1C10190C0CFB02
:1003300007F841EA0041884504FA02F422D9691815
:100340000CF1FF3004D2884502D9ACF102002944F7
:10035000A1EB08019BB2B1FBFEFC0EFB1C110CFBD8
:1003600007F743EA01439F420ED9EB180CF1FF3126
:1003700004D29F4202D9ACF102012B44DB1B41EABB
:10038000004192E76046E3E76146F7E76046A3E78E
:100390006346B7E7834206D916B9002108467BE7D2
:1003A000C6E900E0F9E7B3FA83F78FB9834201D3D6
:1003B000724508D8BEEB020460EB030301209C46A3
:1003C0001EB9002168E73846FAE7C6E9004CF8E7AD
:1003D000C7F1200CBB4022FA0CF41C432EFA0CF19E
:1003E00020FA0CF3B84001434FEA14490EFA07F51E
:1003F000B3FBF9F81FFA84FE09FB18300B0C08FB5D
:100400000EFA43EA00439A4502FA07F240D9E3188C
:1004100008F1FF3004D29A4502D9A8F10200234422
:10042000A3EB0A0389B2B3FBF9F809FB183308FB05
:100430000EFE41EA03418E452CD9611808F1FF33C5
:1004400004D28E4502D9A8F10203214443EA0040B8
:10045000A0FB0298A1EB0E014145CE46434602D3D4
:1004600006D14D4504D2B9EB020E68EB0403013806
:10047000002EA6D0B5EB0E0261EB030101FA0CFCD5
:1004800022FA07F34CEA0303F940C6E9003198E782
:100490004046C5E74346D9E72DE9F047064688B010
:1004A0000F4690460DF0EDFD4FF47A73A0FB034527
:1004B00003FB0155E40B012F44EA45444FEAD535CF
:1004C00007D1294922462B4630460BF06DFC00200F
:1004D00012E0D8F8047025483946FFF77BFE70B16A
:1004E00023483946FFF776FE48B1304621493A465F
:1004F0000BF076FC6FF0040008B0BDE8F0872046F2
:10050000294617A3D3E90023FFF7FAFD05460C4659
:1005100010461946184A0023FFF7F2FD80460F46A1
:10052000104619464EF660220023FFF7E9FD824689
:100530008946104619464FF47A720023FFF7E0FD12
:10054000CDE902A9CDE90623CDE90401CDE9008773
:100550000A492A46234630460BF026FCB7E700BF7F
:10056000005C260500000000A5F30000B6F30000C3
:10057000B9F30000C2F3000080EE3600DAF30000A9
:100580002DE9F04F87B00546039117461E46836854
:1005900004AA5B689847002831DBDDE9044AA7FB21
:1005A00004B307FB0A37584619A3D3E90023394699
:1005B000FFF7F6FDDFF8608002904FF0FF39D94574
:1005C00078EB07031ED3A6FB04B406FB0A4410A372
:1005D000D3E9002321465846FFF7E2FDD94578EBE1
:1005E000040403460ED30299AA6899420DD3BDF8BC
:1005F0004010009114682846DDE90221A04707B0A9
:10060000BDE8F08F6FF08500F9E76FF01500F6E7B1
:1006100000CA9A3B00000000FFC99A3B10B4014693
:10062000084B9B689C681B6814B93BB910BC7047A9
:1006300023B92346034810BC64221847014810BC64
:10064000184700BFE0E400000146064B9A68D2E973
:1006500001230BB91AB970470AB902481847014873
:10066000104700BFE0E4000098B53348026800AFCF
:1006700002F007020B46A1B1012938D0AAB36C469B
:1006800088B06A462D4951612D49C2E906130423F9
:1006900042F8103F00234FF4015101F0BFF9A54685
:1006A00023E0022A0ED96C4688B06A46254951617A
:1006B00023499161032142F8101F4FF4C65101F004
:1006C000ADF9A5460020FFF7BFFF002140F26760AB
:1006D0000AF0CFFC0120FFF7A1FF40F26760002184
:1006E0000AF0C7FC0120FFF7AFFFBD4698BD022A04
:1006F0000FD96C4688B06A46134B5361104B936117
:10070000032342F8103F00234FF4C65101F086F94D
:10071000A5460120FFF798FF002140F267600AF02C
:10072000A8FC0020FFF77AFF40F2676000210AF082
:10073000A0FC0020D7E700BFFC07002000F000006D
:10074000AFF00000D4EF0000EAEF00002DE9F04325
:10075000644C85B0236803F00703022B00AF10D967
:100760006D4688B06A46604B5361604B93610323CA
:1007700042F8103F00234FF4C651204601F04EF9D5
:10078000AD465B480DF0B2F90346D0B92268500778
:100790000FD06D4688B06A46564951615349916100
:1007A000032142F8101F4F484FF4C25101F036F9AF
:1007B000AD46002383F31188BFF36F8F03231846E0
:1007C00002DF4B4E4C49B36800221B683046984705
:1007D000E0B12368590711D06D4688B06A46474B8F
:1007E0005361424BC2E90630042342F8103F3D48B2
:1007F00000234FF4015101F011F9AD46002383F3BA
:100800001188BFF36F8F0323184602DF3C4B0FCBD9
:1008100087E80F00B36836485B683A4600213D46DA
:100820009847E0B123685A0711D0E84688B06A4675
:10083000344B53612D4BC2E90630042342F8103F7C
:10084000284800234FF4015101F0E8F8C546002381
:1008500083F31188BFF36F8F0323184602DFB36859
:1008600023485B682A4601219847E0B123685B076B
:1008700011D06D4688B06A46224B53611B4BC2E9CA
:100880000630042342F8103F164800234FF401516C
:1008900001F0C4F8AD46002383F31188BFF36F8FD6
:1008A0000323184602DF184D104EDFF83880236806
:1008B00003F00703022B0ED9E94688B06A460323EA
:1008C000C2E9055642F8103F00234FF4C651404696
:1008D00001F0A4F8CD464FF4203000210AF0C9FB06
:1008E000E5E700BFFC07002016F00000AAF00000BA
:1008F00018E500003BF000006906000050F0000021
:1009000090E9000079F00000A0F000002DE9F04F20
:1009100091B08407009302F004030293C2F3C20370
:1009200003F10103DDF86880039205460E46059346
:1009300040F0BA81041D30B1072909D86FF01B00BF
:1009400011B0BDE8F08F01F007063444C6F1080687
:10095000009B4FF00009591E4FF0040A4FF0FF337F
:100960000193CDF810904F46CB4653460DB1009AF7
:1009700022600598002800F3E8809848009A824297
:1009800003D397488242C0F0E080039AA4EB050E9F
:1009900092074FEA9E0000F103810F2F00F2B18011
:1009A000002D00F0058107F140020DEB020C019AC9
:1009B0000CF8200C0CF8102C049801300490E7E09F
:1009C0007A285DD84B280ED8472859D829282DD801
:1009D000252852D054D820287AD02338D0F1000BC3
:1009E0004BEB000B74E04C382E2849D8DFE800F0C0
:1009F0007048484848484848484848484B4848484C
:100A0000484848484859484B4B595959704B6D48CC
:100A10007048184B184848827F4B48484B487F0025
:100A200000204FF0000B4FF0040A38E02A38C0B223
:100A3000012202FA00F010EA0E0F49D110F0625CB8
:100A40002FD110EA020B43D06046013C5444B4FB62
:100A5000FAF40AFB04F4002D61D0A3EB050CA444C6
:100A6000B4453FF66BAF002868D1042B47D158F846
:100A7000043B2360043404232AE0019A013A0192E2
:100A80004FF0000B24E011F8010C6C2834D111F860
:100A9000023C00206C2B8346C5D14FF0080A534618
:100AA000D3E708F1070828F007080734F8E802AB95
:100AB00024F0070435B106982044B0423FF63EAF1B
:100AC000C4E900AB08344FF0000B4FF0080A53465E
:100AD00011F8010F002878D0BBF1000F7FF470AF40
:100AE0002528F5D1019B013301934FF0010B4FF005
:100AF000040AECE7584694E700208346A5E7082B54
:100B000002D06FF015001BE708F1070828F007086E
:100B1000F8E80223C4E9002308340823D8E768B9B9
:100B2000042B02D108F10408A4E7082BE9D108F14D
:100B3000070828F0070808F10808EDE7059A013AC8
:100B4000059258F8042B009210E7039A900720D5DD
:100B5000A4EB050E4FEA9E004FF0010CBEF5007F9E
:100B6000CFD20F2FCDD8F5B107F140020DEB020E19
:100B7000C0B2019A0EF8200C0EF8102CBCF1000F38
:100B80003FF41AAF60F07F000EF8200C09F1010964
:100B90000137C5F10802043406924FF6DA7E97E772
:100BA0004FF0000CDAE7BCF1000F01D00136EFE79F
:100BB000029802360028EBD10098CDE90631FFF704
:100BC00013FBDDE906310644E2E7631BB3F5806FF2
:100BD00097D23DB9A6F10804E018B1E654E300004D
:100BE000080F0100029A28609B082B709DF81030B6
:100BF000C2B1EB7085F80290B9F1000F05D008A8DA
:100C00000022C5F1010C97420ED1C5F101030DF18F
:100C100020084FF0000A01930DF1300B574512D117
:100C2000601B8DE66B70E5E710F8013B190608D5EF
:100C30000CEB040EB64503F07F033FF67FAE04F8DD
:100C4000013B0132DFE7B9F1000F03D098F9002032
:100C5000002A17DB029BD3B11AF80B2004F8012BF2
:100C60000022019B18191044B0423FF667AE98F875
:100C7000000004F8010B0099039220460DF027FBB9
:100C8000039A14440AF1010A08F10108C6E798F82A
:100C9000002055F822300093029B45F8223000983E
:100CA000FFF7A2FA421CDCE76FF00D0048E600BF38
:100CB0002DE9F04F97B000AF90F802A0D7F880B0C0
:100CC0003B62CBF3C0030446FA62BB61894641B97B
:100CD000457800780AEB800020444D4517D8A0EBFA
:100CE0000409E378FB61BAF1000F02D01BF0010F99
:100CF00016D1FB6953BBFB6A1BB13A6A49462046D1
:100D000098474D4628465C37BD46BDE8F08F461CE7
:100D10003046FFF769FA0130304409F10109DCE798
:100D2000237862687A62FA6A9900796104EB830138
:100D3000002A40F006814D460E4601EB0A094FF0AD
:100D40000008B14552D101EB0A0610E01BF0020F7A
:100D5000D1D023789A007A6162687A62FA6A04EBE9
:100D60008301002A7DD14D4601EB0A0690461BF017
:100D7000050F0CBF02230123FB62FB6906EB430A4C
:100D80000BF00203BB625645BCD016F8021B16F8E6
:100D9000013C54F823909C4B994502D39B4B9945B9
:100DA0003CD3BB69002B46D0786A0AF076FA00285B
:100DB00041D09748036813F0060F15D0E9468AB072
:100DC0006A46944B5361944B93617B6AC2E9073145
:100DD00040F201339384914B42F8103F00234FF4CB
:100DE000325100F01BFECD46023DCCE716F8013B28
:100DF000F96254F82300FFF7F7F9D7F88430F96A5D
:100E000001304BB1D7F8883098453EBFD7F88430D1
:100E100023F8180008F10108054492E7BB6923B1E3
:100E2000786A0AF03AFA0028C3D11BF0010F05D105
:100E3000FB6AED1AA7E7BB6A002BA4D04846FFF770
:100E4000D3F9D7F8843053B1D7F8883098453FBFED
:100E5000D7F88420431C22F8183008F10108054413
:100E600091E7BAF1000F72D01BF0040872D0D0469F
:100E700007F14800002652463B61B9620DF027FA9F
:100E8000B96A3B6901EB0A02BA62FA69F969520070
:100E9000FA60BA6A02EB41023A610BF00202BA60F0
:100EA0003A69B96A8A4257D162787A621BF0020FB6
:100EB00032440CBF4FEA580100211BF0010FD2B29F
:100EC00040F09F801BF0040F14BF40460020BB6120
:100ED0006270A070E1703A6A7969FB6A20469847AF
:100EE000051EFFF60FAFBB6923707B6A6370FB6959
:100EF000E37041463A6AFB6A84F802A007F14800B1
:100F00009847B0F10008C0F2BD807B693A6AA9EB4E
:100F10000A01C91AFB68C91AD7E90A0398470028C9
:100F2000C0F2B280A84408EB00054FF0000B07F1B7
:100F3000380AB34574D300213A6AFB6A08469847D9
:100F4000E0E6564607F138004FF0000893E7D04638
:100F5000564697E7464695E7BA6A12F8021BBA6208
:100F600012F8015C284A54F82500904202D3274A1F
:100F700090421ED3BA6932B1786A7B600AF08DF96B
:100F80007B6800288CD1BA6802BB08F1280207F1FF
:100F9000300C08F10100944407F1580252FA80F035
:100FA00008F102080CF8101C5FFA88F800F8105CD1
:100FB00076E7BA693AB1786A7B600AF06EF97B68C5
:100FC00000287FF46DAF1BF0010F09D006F1280255
:100FD00007F13000711C161806F8205CCEB25FE7EE
:100FE0001BF0040F3FF45CAF08F1280207F130005A
:100FF00008F1010102EB000808F8105C5FFA81F8C3
:101000004EE7002063E700BF54E30000080F010033
:10101000C4070020C3F000006AF1000005000001D1
:101020001BF80A3087F8373054F82390D7F884300B
:101030002BB3D7F888309B4521D2D7F8843033F8CA
:101040001B803A6AFB6A012107F1370098470028A4
:101050001ADB0544B8F1000F06D14846FFF7C4F883
:1010600000F101081FFA88F83A6AFB6A41464846CF
:101070009847002808DB05440BF1010B59E74FF0B6
:101080000008DEE745463DE605463BE6014B1860B5
:10109000704700BF7805002080B505460E4617460C
:1010A000984608F0FDFE03460DF04AF9DFF8189067
:1010B000044649F80030424630463946A84754F8BD
:1010C000090002F089FF00BF0800000008B50446CF
:1010D000EFF31183202383F31288BFF36F8F05F0A2
:1010E0009DF8204603F0C8FA02480AF0FDF80BF01C
:1010F000FDF9FCE794F100002DE9F047058B04466B
:101100002807904611D4022905F0070540F0CC804D
:1011100020460AF067FB78B10138218B042811D8EA
:10112000DFE800F0C2106D85950001290CBF45F085
:10113000100545F02005258388F31188BFF36F8FD4
:10114000BDE8F08701F0070AAA4500F0A580002756
:10115000B9463E46A368002B00F0BC8041F0080170
:10116000218388F31188BFF36F8FA168002900F0F5
:10117000BA800D68002900F0B680D1F804803346AB
:1011800052462046C047002D76D02B6829461D4682
:10119000F0E701F007035A1F012A1BD8002221F0B3
:1011A0000701062B276889B2C4E9002209D13B4612
:1011B00003E0628B013262831B68002BF9D141F09E
:1011C0000201218320460AF00DFB00287AD041F06D
:1011D000200176E0042B0AD121F0070189B2218396
:1011E00020460AF0FFFA10B141F020012183218B43
:1011F00001F0070AAA454FD00027B946AAE723699C
:1012000021F0070141F00601062DD3F8009021835B
:101210002DD1B9F1000F3FD041F00801218388F3AF
:101220001188BFF36F8F3A492046C84729E021F063
:101230000701236941F0040189B2042DD3F8049019
:101240002183E6D000273E464FF0040A82E721F0D2
:101250000701236941F0050189B2052DD3F80890F3
:101260002183D6D000273E464FF0050A72E70027BB
:101270003E464FF0060A6DE72B4687E7B9F1000FAF
:10128000D1D1EFF31188202383F31288BFF36F8F3E
:10129000238B23F008032383258BEA062ED525F024
:1012A0001003238305F007056669218B002EBFF626
:1012B00070AF00232768C4E9003321F0070141F033
:1012C00001012183218B01F0070AAA454FF0000993
:1012D0007FF440AF002F9CD041F00801218388F3B8
:1012E0001188BFF36F8F002FC8D03D683946334651
:1012F000524620460AF0A2FA2F46F4E7AB067FF5E5
:101300001BAF25F02003238305F0070500E700BF8E
:1013100069B800002DE9F047DFF858800446074619
:101320004FF0010914B93846BDE8F08794FAA4F5E6
:10133000B5FA85F509FA05F32E0108EB05156FEAF4
:10134000030A24EA03042B7B002BEBD058F8063069
:101350001B694BB94644042273682846196807EA9A
:101360000A070AF053FBDDE7284698470028D9D141
:10137000F0E700BF0CE8000030B51049104889B014
:1013800000220CF080FE0F4D0F4900220023CDE912
:10139000062300240E23CDE90334CDE901440B4B91
:1013A00000944FF40062284608F02EFA08492846B7
:1013B00008F05AF9204609B030BD00BFD51300002F
:1013C000101A002048090020805B00203D17000013
:1013D000C8F10000014807F007BF00BF84080020E3
:1013E0002DE9F047804621480F460AF0E7FA064605
:1013F000002833D000252846BDE8F087237B83B141
:101400002368DB680BB120469847636883F8069031
:1014100023681B69D3B963680422196820460AF05F
:10142000F5FA013610345445E8D3B8F1000FE2D094
:10143000002DDFD02846FFF76DFF0546002FF7D0BF
:1014400000214FF4A4700CF057FDF1E720469847B7
:101450000028E0D009FA06F31D43E2E7044CDFF868
:1014600014A005464FF00109DDE700BFC01E0020B3
:101470000CE800001CE80000014B53F82000704706
:10148000BCE9000008B5034608462BB1044A1360C6
:1014900000F074FD002008BD6FF01500FBE700BFF1
:1014A0007C05002010B5044C237813B9034807F0DD
:1014B0009BFE0123237010BDA42900208408002076
:1014C00010B504460B480AF079FA5CB1BFF35B8FA4
:1014D000094B53E8001F013943E80012002AF8D1F4
:1014E000BFF35B8F05480CF0DAFD0548BDE81040FE
:1014F00007F07ABEB81E0020BC1E0020101A002083
:10150000840800200020064BBFF35B8F014653E8A0
:10151000000F43E80012002AF9D1BFF35B8F704738
:10152000B81E002070B5FFF7EDFF084C084E0546C9
:10153000B44200D370BD63685B792BB123685B68EC
:1015400013B12946204698471034F1E70CE8000013
:101550001CE8000010B5044C0449204609F0D4FFF3
:10156000034B1C6010BD00BF88070020A8E90000E5
:10157000B01E00200E4A0F48002310B513700E4A0B
:1015800013600E4A4FF400411360FFF77BFFFFF733
:10159000E1FF00F06DF90A4B0A4918468B4200D36F
:1015A00010BD1A1A5C681211013222711033F5E76E
:1015B000A5290020B9B90000B81E0020BC1E0020DB
:1015C0000CE800001CE8000001460022014800234E
:1015D00009F0BBBF8807002001480AF054B800BFDB
:1015E00088070020024B014618680AF0A7B800BF20
:1015F000B01E002001480AF0DCB800BF88070020B8
:101600002DE9F041364B1878002866D0FFF7E4FF4B
:10161000044600285DD1334B334C1B68002B19DD89
:101620000CF02FFD4FF47A72A0FB020302FB013194
:10163000C30BD4E9002043EA41439B1A4FEAD1315E
:1016400040F2E93261EB0001934271F1000101D3F4
:10165000FFF768FFD4E9003213F57A7342F1000214
:10166000C4E90032BDE8F041FFF7C4BF6B685B79A5
:101670003BB121784B0717D52B6821461B682846BC
:10168000984710354545F1D32046FFF7ABFFBFF330
:101690005B8F164B53E8001F013943E80012002A04
:1016A000F8D1BFF35B8FB6E720462688C1F3C207A7
:1016B00000F0A2FAC6F382160246002EDCD0002803
:1016C000DADB01233946284600F082F9B042D8D34C
:1016D000D2E7074DDFF81C80D4E7BDE8F08100BFFA
:1016E000A4290020B81E0020081A0020BC1E0020DB
:1016F0000CE800001CE8000070B50D4D297861B9B8
:101700000120FFF76DFE0B4C0B4EB44206D3FFF7E2
:1017100077FF0028FBD101232B7070BD63685B79D4
:101720001BB1236820469B6898471034EDE700BF43
:10173000A52900200CE800001CE8000000212DE98C
:10174000F0470846FFF74CFE044658B340F267687E
:101750004FF000090CF0F4FD1B4B1C4A1B581360A2
:1017600033B11B4B1B68002B02DD1A4807F03CFD10
:10177000194FDFF860A0002544B12046FFF7CAFDED
:10178000044618B94FF0FF384FF0FF39FFF738FF24
:10179000064628B9B5B942464B46504607F058FDB3
:1017A0003546E9E74FF0FF384FF0FF39D2E72B68B5
:1017B0009B691BB100221146284698471035BD424F
:1017C000F5D3E8E7054DFAE708000000B41E002055
:1017D000BC1E0020840800201CE800000CE800006B
:1017E00010B50F480AF0EAF80E4B1B786BB1EFF317
:1017F0001184202383F31288BFF36F8FFFF700FF5C
:1018000084F31188BFF36F8F10BD074B1B68002B4B
:10181000FAD00028F8D10548BDE8104007F0E4BC34
:10182000BC1E0020A5290020B41E00208408002032
:1018300010B5064B1B68044698472146A060044833
:1018400009F002FFBDE81040FFF7CABF7C05002089
:1018500088070020044A054B9B1AB1EBD30F34BF15
:1018600052F831000020704754E700000CE80000F7
:101870000B480C4B30B51B1A0B4CDB080021043015
:10188000994200D130BD10F83120256802F00702DE
:1018900025F007052A4344F8042B0131F0E700BF87
:1018A00054E700000CE80000C4070020F8B50B4F17
:1018B0000B4DED1B0646ED080024AC4203D14FF062
:1018C000FF342046F8BD57F8340020B13146FEF70A
:1018D00081FC0028F5D00134EFE700BF54E7000099
:1018E0000CE8000000282DE9F047884615461F4601
:1018F0001DDADFF89890264E4FF0000AA6EB090695
:1019000036095446B24509F1100902D12046BDE816
:10191000F08759F80C0C3B4600792A464146FFF700
:10192000E1FF844238BF04460AF1010AEAE7194B95
:10193000194AD21AB5EBD20F26D203EBC5031C7994
:10194000BC4228BF3C46154EC0B200EB400056F8E2
:1019500025300722824023EA020304F00702824076
:1019600013430021032223FA02F000F00700814212
:1019700002F1030238BF01461E2AF4D123F0070307
:101980000B4346F82530C1E70024DCE70CE80000F3
:101990001CE8000054E700000CE80000C407002029
:1019A000F8B5094D094BED1A06460F46ED0800241F
:1019B000AC4200D3F8BD002122B23B463046013490
:1019C0000AF01CF8A4B2F3E70CE8000054E70000AA
:1019D00070B14168097973B1002A17DBCBB20C49A9
:1019E00051F8220003EB4303D84000F00700704792
:1019F0004FF0FF31EFE707490748401AB2EBD00F2D
:101A00003ABF01EBC20108791846704704207047BD
:101A1000C407002054E700000CE800002DE9F04F57
:101A20008FB004AFC1F34A28B8600D4691467B6081
:101A30000C0DB8F1000F69D0002607F114034FF028
:101A4000040B4FF00A0AC7F80C80C7E907667E62EC
:101A50000193CDF808B0CDF800A007F11C03F96898
:101A600032464846FFF724F9B0F5006F034622D30B
:101A70002B48036813F0060F19D06C468AB0D9F8CA
:101A8000041004AB274D5D61274DC3E9065140F2B8
:101A9000FF7119621A4640F201319984234B42F8D2
:101AA000103F4FF432513346FFF7B8FFA5462C37AD
:101AB000BD46BDE8F08FC0F30A0804F117001844D2
:101AC00020F0070080083B60FFF77EFD68F3532598
:101AD000044690B13B68164AC7E9083600F1100188
:101AE00007F11403F961CDE900A3CDF808B0F96856
:101AF00007F11C034846FFF7DBF868F353257B68C2
:101B0000B9682A46204609F0A9FFD0E704F117007A
:101B100020F007008008FFF757FD0446EDE700BFFF
:101B2000F4070020DDF1000076F20000050000015E
:101B30002FBA00002DE9F04F87B002AFD7E9106946
:101B4000BD6B79600446934698464EB3C7F80C9037
:101B5000CDF80090FA6B334610210020FEF7D6FE38
:101B6000B0F5006F82461CD32048036813F0060FBF
:101B700012D06C4688B002AA1D4B53611D4B936175
:101B800040F2FF73D361042342F8103F00234FF467
:101B90000251FFF743FFA5461437BD46BDE8F08F5D
:101BA000B24605F11700504420F0070004F0070486
:101BB0008008FFF709FD0BF0070BE40044EA8B14E3
:101BC00044EA4A2444EA0554054640B13EB1CDF802
:101BD0000090FA6B334651461030FEF797FE796855
:101BE00043462246284609F039FFD5E7F40700208E
:101BF00020F200005CF20000406820B1034BC01AE4
:101C000040F38F0070474FF0FF307047C40700204B
:101C10000EB403B503AB014653F8042B04480193FB
:101C200002F0CAFC02B05DF804EB03B0704700BFDD
:101C3000C5BA0000CA0605D48B064CBF0249034949
:101C4000FFF7E6BF704700BFA9F6000026F30000CB
:101C50002DE9F04F89B09B46149B06939DF84CA04C
:101C6000159B0593169B179E049304460D469046BC
:101C7000BAF1000F00F09D8006F48073079309F01D
:101C8000BBFE06F00209024600283ED091492046DC
:101C9000FFF7BEFF0746B9F1000F08D016F0440F5A
:101CA00035D18D492A462046FFF7B2FF074406F09A
:101CB000010353B1894B8A4953F82A20894B2046A6
:101CC000002A08BF1A46FFF7A3FF06F48073002B13
:101CD00049D006F00803002B63D1B8F1000F66D09D
:101CE000814942462046FFF793FF0546069B3D4447
:101CF000002B6DD1049B002B73D1F30700F1E4801E
:101D000031462046FFF796FFD8E00746C3E7774BFA
:101D100018680028CAD0764B4FF47A791B68B5FB57
:101D2000F3F54FF46163B5FBF0F100FB115509FBCE
:101D300005F54FF03C0CB1FBF3F203FB1211B5FBC0
:101D4000F0FEB1FBFCF300FB1E550CFB131109FB6D
:101D500005F50091B5FBF0F56649CDE901E52046B2
:101D6000FFF756FFA2E706F00803EBB1624B6349A9
:101D700053F82A202046FFF74BFF0546B8F1000F25
:101D800005D0594942462046FFF742FF0544BBF1C2
:101D9000000FABD05A495A462046FFF739FF054499
:101DA000A4E74FF0000BE1E706F00805E6E745463B
:101DB0009CE7BBF1010F069B06D1002B64D1049B6D
:101DC000002B7BD000250CE0002BF8D04D485CE0C8
:101DD0004D48069B4D49224609F02EFA049B002BE4
:101DE00068D0DFF82C81DFF82C91049F3146102F4A
:101DF000204628BF1027FFF71DFF4FF0000B5D4561
:101E000045DC059B49461A782046FFF701FF4FF055
:101E1000010B1BF0070F03D141462046FFF7F8FEE8
:101E20005F453BD9059B494613F80B202046FFF739
:101E3000EFFE0BF1010BBBF1100FEAD13649204642
:101E40004FF0000BFFF7E4FE5A46059B9A5CA2F1A7
:101E500020015F2928BF2E2230492046FFF7D8FEF7
:101E60000BF1010BBBF1100F1DD01BF0070F03D1BD
:101E700041462046FFF7CCFE5F455A46E5D841462D
:101E80002046FFF7C5FEEBE71F485546A1E7414650
:101E90002046FFF7BDFE0BF1010BB0E720492046BD
:101EA000FFF7B6FEC5E7059B3B440593049BDB1B90
:101EB00004939AD1BAF1000F7FF41FAF204609B006
:101EC000BDE8F04F09F0F1BD064A05492046FFF78D
:101ED0009FFE15E729FA00009AF20000CCE9000005
:101EE0007602010095F20000BFF20000C81E00203B
:101EF000C41E0020A3F20000E0E90000C3F20000CD
:101F0000C9F20000FBBA0000C5BA0000B9450000E4
:101F1000D6F20000CEF20000D8F20000DAF20000A3
:101F2000D4F2000073B542F20F738B4228BF0B4608
:101F300005680F4A04460521684608F0ABFD636852
:101F40000C495B6806460422284609F0A0FD636838
:101F50003246694628465B6809F099FD6368064980
:101F60005B681722284609F092FD02B070BD00BFE1
:101F70000A060100F5F20000DDF20000074A002128
:101F80000123904206D8064A01B901231360054B8C
:101F90001860704740085B000121F2E740420F00E3
:101FA000C41E0020C81E0020014B0020196070478D
:101FB000E01E002007B500230093084A08494FF4AB
:101FC0008053012006F0ECFD064B01221A70064BEF
:101FD000064A1A6003B05DF804FB00BFC02A002067
:101FE0000AF30000A6290020EC1E0020A9290020E9
:101FF0000148FFF797BF00BF10EA000010B5064B7D
:1020000018680C46FFF738FA21460346BDE8104031
:1020100002480E22184700BFE01E002010EA000010
:10202000F8B5094D094B0A4ED5E9004701221A704F
:102030000CB92C60F8BD214630463A4600F01EF837
:10204000241A0644F4E700BFD41E0020A72900206C
:10205000A829002010B9074B18707047064B1B7851
:102060001BB142F210700BF025BD4FF4A47000219B
:102070000BF042BFA6290020A72900202DE9F74F29
:10208000524F01903B780C4643B9514F8246019B19
:1020900023449A452BD324EAE4700CE04D4E0125ED
:1020A00001992246012006F0DDFCA8B1012333701E
:1020B0003B7843B9204603B0BDE8F08F2846FFF7D0
:1020C000C9FF6F1E3D46012006F060FD0028F1D0DB
:1020D0003378002BF2D1EDE73378002BEAD0013DC5
:1020E0002846FFF7B7FF3378002BD9D1E2E71AF87B
:1020F000012B3B680A2A61D1374DDFF8E0905A1B6B
:10210000012A04BF01333B60D7F80080D9F800B042
:102110000D2308F8013C08F101020A23BBF1000F6E
:102120003A6088F8003029DD2D4B196831BB2A4907
:102130005E46632EA2EB050201F11700A8BF6326DD
:102140000CF0D3F8274A2449254B02F1140052F829
:1021500004CB41F804CB8242F9D1108892788A707E
:1021600008F118020880BBF1090F3A604FF0010234
:102170001A6011DC202330366B752E753A681649CB
:10218000521B012006F06EFC90B9D9F800300133E3
:10219000C9F800303D607AE70A22B6FBF2F302FB91
:1021A0001366303330362B753E236E75EB74E5E7DE
:1021B0000B4A0023C9F800301360EBE70A498B4251
:1021C0003EBF591C39601A7061E700BFA729002083
:1021D000EC1E0020A6290020A9290020E81E0020CE
:1021E000E41E002011F30000A82A0020014B036028
:1021F0000020704720EA000010B504460AF086FC73
:1022000003490246204609F0CFFD002010BD00BF63
:1022100050F3000073B5134600220192044601AA50
:1022200058680A2100F054FE019D95B920EAE07437
:102230004FF40046294640F2E7304FF47A7200230B
:10224000C4FB0601FDF7ACFF0BF056FE284602B0BA
:1022500070BD2A460249204609F0C2FD019DF5E7FE
:102260007CF3000008B5034A034909F09DFD0020F6
:1022700008BD00BF6CF4000073F40000F7B517460A
:102280000023054601AA0A21B868019300F020FE48
:102290001749C6B2284609F095FD019C44B1224673
:1022A0001449284609F09CFD019C204603B0F0BD6E
:1022B000042E09D910493246284609F091FD2846D6
:1022C00009F09CFD0124F0E77868FFF7EFFA021EA1
:1022D00007DA7A680949284609F082FD6FF015048B
:1022E000E3E7334612B22146204609F087FBDCE7DC
:1022F00096F40000FCF4000023F500003AF500001D
:1023000007B500230090694604488DF8043007F0B3
:1023100025FF9DF8040003B05DF804FB91BB0000AD
:1023200010B5044603F070FF07490246204609F045
:102330003BFD2046054909F037FD0548214607F0D9
:1023400027FF002010BD00BFCCF50000EBF500001A
:102350005523000070B58EB004460D46D0F8A86035
:102360000BF020FD03460BF0EBFF214A21491058EA
:10237000214A002B18BF1A460092204A2346844265
:1023800018BF0A4628461E4909F00EFDD4E90A2363
:10239000CDE90023284694F90E30227B194909F033
:1023A00003FD06A92022204607F06EF9236F164987
:1023B0000246284609F0F8FC05A920460BF000FD6E
:1023C000024628B11149284609F0EEFC0EB070BD56
:1023D000059B6422F11A4A430091B2FBF6F20C49C4
:1023E000CDE901622846324609F0DEFCEEE700BF87
:1023F00008000000D6F20000F5F500008FFF000095
:10240000F8F5000004F6000030F6000047F6000082
:1024100074F60000F0B5002591B00446294608AFD7
:102420001C2209A80BF07BFF134E1A2220213846EC
:102430000BF075FF2146114807F0AAFE07AA4FF4DA
:10244000805130460BF0B0FC079A0097C2F58051DE
:1024500064234B431B0B05934FF48053CDE90313C7
:10246000CDE90132204606492B46A6F1400209F08B
:102470009BFC284611B0F0BD40740020852400006C
:10248000C5F6000070B50446D0F8A86088B00D46C7
:1024900007A90BF095FC024628B10F49284609F020
:1024A00083FC08B070BD20460BF07CFC079B0096B7
:1024B000F11ACDE90131094B64224A43002818BFC3
:1024C0000346B2FBF6F20649CDE9036228462246EE
:1024D00009F06AFCE5E700BF47F60000F5F50000EB
:1024E0000EF7000038B51346054610225868002143
:1024F00008F0FCFA0446FFF703FF38B90E492246FC
:10250000284609F06DFC6FF0150038BD0BF018FF80
:102510000A4B1B589C4204D10949284609F060FC2B
:10252000F1E7204607F078FA28460649224609F0E6
:102530003BFC0020E9E700BF72F700000800000044
:102540008DF70000B5F7000038B513460546102298
:102550005868002108F0CAFA0446FFF7D1FE38B9DE
:102560000E492246284609F03BFC6FF0150038BDA5
:102570000BF0E6FE0A4B1B589C4204D10949284641
:1025800009F02EFCF1E7204607F064FB28460649D7
:10259000224609F009FC0020E9E700BF72F70000BD
:1025A00008000000F4F700001AF8000038B51346E0
:1025B000054610225868002108F098FA0446FFF7F3
:1025C0009FFE38B90E492246284609F009FC6FF0F3
:1025D000150038BD0BF0B4FE0A4B1B589C4204D1C9
:1025E0000949284609F0FCFBF1E7204601F0F4FC1C
:1025F00028460649224609F0D7FB0020E9E700BF3C
:1026000072F700000800000055F800007AF800009A
:1026100007B5064A064812680423009300210123E7
:1026200000F016FB002003B05DF804FB74EA000024
:102630001CE8000037B544680A49226004F1080527
:102640002364002228460BF01EFD41F69A12E46333
:1026500000232846CDE9002307F090FF002003B0B7
:1026600030BD00BFBDBB000010B9034B18707047F0
:10267000A42000210BF040BCC03A00202DE9F84F07
:10268000164ED0F804B0884614461D4604270BF0B9
:1026900004FA224682464146002006F0E3F98146CC
:1026A00050460BF002FAB9F1000F0BD00123337042
:1026B000DBF80030DBF84010012098472C60002048
:1026C000BDE8F88F3378002BF2D0013F3846FFF792
:1026D000CBFF3378002BDAD1EAE700BFC03A002005
:1026E00010B58368D3F86C32DB07044616D4406813
:1026F00003685B689847014608B9A3681871A36826
:102700005B6B0BB120469847A3680BF019FE0022C3
:10271000C3F88C22034B185801F05EFC6FF00F01D8
:10272000EDE700BF0800000010B5816804460831DD
:1027300000F088FDA168034A20460831BDE810403A
:1027400000F018BDC2F800000EB403B5044904AA95
:10275000019200F06FFB02B05DF804EB03B070472C
:10276000A9F6000010B5836802221A718268936B83
:102770000446EBB982F84A308268A2F84630826893
:10278000A2F844308368D3F86C32DB040BD5032104
:10279000084B094A09F080FDA0686FF4805100F5EC
:1027A0001B7009F02EFA2046BDE8104000F0A4BCD2
:1027B00010BD00BFD0F80000760201002DE9F04FF7
:1027C000A5B00446542200210FA80BF0A8FD002359
:1027D0000493A36820464A33039309F0F0FC204693
:1027E00009F09BFC18B981496069FFF7ADFFA0684B
:1027F00000271422002108300BF091FD0DF13C0B55
:102800004FF0FF38B9463D4602973E46BA46049B14
:10281000012B00F09C80142D40F09580022B40F09D
:102820009680734B734A01210FE05946039A0223A5
:1028300004A809F055FB04995BF8042F03920346A2
:1028400031B101290AD148B16B4A204609F024FD73
:102850006FF00705284625B0BDE8F08F2DB35BF873
:10286000040C00F021FD98B167B1A5680B970835FD
:102870000AAE0FCE0FC533682B602046FFF754FF1A
:102880000125E7E75D4A0121204609F005FDDFE764
:10289000029BC3B108F1FF38FEB9049BB8F1000FE9
:1028A00001D1022BB3D10135B1E7029B5BB108F135
:1028B000FF3896B9A368DB69002B3BD0DB68002B9F
:1028C00038D0002633E05BF8041C05AA504609F016
:1028D000D7FB08F1FF38064638B3F368ABB1A368FD
:1028E000B64603F1080CBEE80F00ACE80F00DEF8B6
:1028F0000030CCF80030B36833B9737CFE2B04BFD2
:1029000096F8108008F1FF38A946D6F804C0BCF14B
:10291000000F08D0B646BEE80F000AAF0FC7DEF8BA
:1029200000303B606746B246B7E7002DC2D00123B6
:102930000293B2E7324B0093324A0F9B01212046AB
:1029400009F0AAFCBDE7B8F1000F7FF46EAFBAF151
:10295000000F0AD09AF81130FE2B06D124AB03EBFE
:10296000850353F8543C03B10135A068436953B95A
:10297000002F3FF46DAFC368BB423FF47EAF0B97AF
:1029800000F1080574E7037EA5EB0905B3B1417EAC
:102990004FF6FF72FF2918BF0A469D4202D3134427
:1029A0009D420BD98368184A0121204609F074FC26
:1029B0002046FFF7B9FE6FF015054BE7012109F03E
:1029C00040F9A06809F031F9A3680FAA29465B69AC
:1029D00002EB8902204698470546A06809F029F9CC
:1029E000A068002109F02DF934E700BFA9F6000026
:1029F00060F900008A0C010014F9000028F90000B9
:102A00004CF9000046F9000084F900002DE9F0417E
:102A1000ADF5805D82B00023044601930DF10305FE
:102A2000A3686068D3E90E7803681E6901AB27B319
:102A30004FF4805202A9B047019BCBB10121A0689D
:102A400009F0FFF8A06809F0F0F84346019A02A9DE
:102A50002046B847A06809F0ECF8A068002109F00A
:102A6000F0F8A3689B6B002BDAD12046FFF77AFEC3
:102A70000DF5805D02B0BDE8F08101222946B04726
:102A8000019B002BF4D09DF903209DF80330A06832
:102A9000002AC5DB4279032A00F28380DFE802F0D6
:102AA000027B83810D2B41D00A2B22D0B0F86C22FF
:102AB000092B6FF3CA02A0F86C224CD008D8002B67
:102AC0004CD0082BA0684DD00246D2F8683245E0C1
:102AD0001B2BA0683CD07F2B4ED0203B5E2B0246A8
:102AE000F3D809F09DF89DF80310204600F0CCFAC9
:102AF00034E0D0F86C22C2F3C7022AB1D0F86C22BD
:102B0000C2F3C7020A2ADFD1B0F86C2263F3CA020B
:102B1000A0F86C22A668B6F844309BB94B496069AE
:102B2000FFF712FE2046FFF71DFE79E7D0F86C2272
:102B3000C2F3C702002AE7D0D0F86C22C2F3C70262
:102B40000D2AE0E72046FFF739FEC6F89002E9E7D4
:102B50000123437102E0A368D3F86832606909F089
:102B60005FF95DE7D0F868329F07F7D509F058F8AC
:102B7000204609F0F8FBF1E7D0F868329E07EDD562
:102B800009F04EF8A368D3F868321807F0D420464D
:102B900009F0CAFBE2E75B2B01D10223D9E7D0F8A9
:102BA00068320023D5E700224271A268D2F8681289
:102BB00089077FF535AF342B0AD8302BCED90321C6
:102BC000323B5171022B2DD8DFE803F0303A280058
:102BD000433BDAB2092AC1D8092BBFD801A252F867
:102BE00023F000BF0D2C0000152C00005D2B000011
:102BF0001D2C00005D2B0000252C00005D2B00002B
:102C00005D2B00005D2B00002D2C0000204609F0FC
:102C1000E8FAA3E7204609F0DBFA9FE7204609F02F
:102C2000CEFA9BE7204609F0C3FA97E7A068D0F8F0
:102C3000681201F0010181F0010109F00DF88DE742
:102C4000A368D3F868329B0788D5A0E7A9F60000EF
:102C50002DE9F04304468068D0F88C9289B00F4685
:102C600015461E46B9F1000F5CD1904649464FF417
:102C700025720BF054FBA06800F51C700BF08CFA69
:102C8000A06800F51F70012211460AF0BCFFA3697D
:102C9000C3F80090A068022100F51B7008F0A2FFA5
:102CA000A36850225A85A36818221A85A36822684F
:102CB0001A60D4F80890D9F8000010B1FDF794FA22
:102CC00080B289F82C00A368184A25F0360565F310
:102CD0000708C3F868826068036839461D682346A0
:102CE000A8470546D0B9A36801221A71D4E90A01A0
:102CF00000220023CDE906230E230393109B0495A5
:102D0000CDE9016300940A4B4FF4805206F07CFD3C
:102D1000A368C3F88C02616A06F0A6FC284609B0D5
:102D2000BDE8F0836FF07705F8E700BFAFBC0000A7
:102D30007D2D000010B5044680680379012B17D162
:102D400040F26762002308F0CCFF10B96FF00F006B
:102D500010BD09496069FFF7F7FC2046FFF702FD47
:102D6000204609F013FBA06808F05FFF0020EFE7A2
:102D70006FF08500ECE700BFA9F600002DE9F341F4
:102D800004468068154600F51B70002935D04FF4C5
:102D9000804108F027FFA3681D6460680368002174
:102DA0009B68984770BB2046FFF7C4FF50BB174D88
:102DB000DFF85C804FF0FF364FF0FF37A06800F57A
:102DC0001C7000220721CDE900670BF0F1F9A06823
:102DD00008F02FFF2A460421204608F04CFF204629
:102DE0004246012108F047FF606803685B6903B150
:102DF0009847A06808F019FFE0E76FF4804108F0F9
:102E000000FFC8E702B0BDE8F08100BFE126000086
:102E1000F5BC000010B50549044608F0C5FF204682
:102E2000034A002100F0A6F9002010BD9FF9000020
:102E3000F3F9000010B5044613460A460146064859
:102E400001F0BAFB23691B7923B12046BDE810408D
:102E500008F0E6BF10BD00BF39BE000038B50B4614
:102E6000154648B91449154A521AB3EB920F05D2C8
:102E700051F82350284638BD84680CB90025F9E77D
:102E80000F4A94420AD30F4A944207D21846226846
:102E9000294690472B68002BECD1EFE70A4A944271
:102EA00002D30A4A944205D3246814225343E518F6
:102EB000E358F0E70133F8E74CE800005CE8000075
:102EC00088E9000088E900005CE8000088E900006B
:102ED000F7B503782D2B0446164605D16FF0150380
:102EE0003360002003B0F0BD0BF02AFA0B4F002333
:102EF0000546C3510A46204601A907F0F7FDEB59E4
:102F0000222B02D16FF02103EAE7002BE6D1019BCF
:102F1000A342E3D01B78002BE4D0DFE70C000000D5
:102F2000014909F0D8B800BFA9F600002DE9F04723
:102F30008568DFF86890044605F14A00FDF754F90A
:102F4000002395F82C7086B29846A268558DED1B2B
:102F5000B54209DB002E1FDD4A3360691049BDE828
:102F6000F0471A4409F0B7B81D442A444A3392F88E
:102F70004AA082F84A80A26860691A44494609F06A
:102F8000AAF8A3682B4483F84AA0A3685B8DDB1BD7
:102F9000F61A00272B46D8E7BDE8F0878A0C010017
:102FA000760201002DE9F84FD0F80890D9F8683280
:102FB000B9F846605B0705460F46904624D506F1F2
:102FC0004A004844FDF710F92C4E0446B4B9AB68EA
:102FD000B3F84420A3F84620A86809F089F830B176
:102FE000B8F1000F00D017B16869FFF799FF794277
:102FF000284609B2BDE8F84F09F0BBB86869314608
:1030000009F069F8013CE1E7D9F80000B9F844A0FB
:1030100010B1FDF7E9F880B2B9F82A30824484197A
:10302000B4FBF3F2BAFBF3F39A42B3461CD0144E4E
:10303000AB685445CBDA5A8DB4FBF2F302FB134371
:1030400004F1010913B96869FFF76AFFAB685B44D3
:103050000BF1010493F84A30324608212846A34672
:1030600009F01AF94C46E3E74A36064A09EB06032B
:103070000821284609F010F9A9E700BF8FFF0000DA
:10308000DAF200007602010013B583688DF80710AC
:10309000D3F868220446D00725D5B3F84610B3F814
:1030A00044208A421FD0481CA3F846000B449DF8D8
:1030B000072083F84A20A368D3F86812890710D53F
:1030C000D3F8683260690B4913F0040F18BF2A2245
:1030D00009F001F8204609F020F810B16069FFF707
:1030E0001FFF02B010BD01220DF10701204609F0BB
:1030F000E1F8F6E7DAF2000010B58368094A1B68C8
:103100000446022109F0C8F8A368D3F868329B0787
:1031100007D52046FFF70AFF2046BDE8104009F01A
:1031200014B810BD76020100014909F044B900BF8E
:10313000A9F60000F8B50F465168044615461E462C
:1031400011B11A4609F044F9AB6883B13146204603
:1031500008F0E2FF2046064A3B46082109F09CF8A9
:10316000A968F21D2046BDE8F84009F031B9F8BD64
:1031700022FA00002DE9F04F0F46002189B00446E5
:1031800016460D4603AA384601F10108FFF766FE10
:10319000A8B98DB126B132460821204609F07CF845
:1031A000DFF89090DFF890B0002103AA384601F1D3
:1031B000010AFFF753FE60B909B0BDE8F08F00685F
:1031C00010B1FDF711F880B2854238BF054641467F
:1031D000D8E7D0F80080B8F1000F0FD098F8003091
:1031E00063B14668154ACDE900584B460821204690
:1031F00009F052F826B96069FFF796FF5146D4E707
:103200004B465A460821204609F046F8AB1DB20746
:103210009BB209D131680A4A914205D132464146F2
:103220002046FFF787FFE9E71A463146204609F0B6
:10323000CFF8E3E747FA0000C9F200002DFA0000DA
:10324000C40BD286F7B50F6805460E46EFB1384677
:10325000FCF7CAFF84B2114B009308213B46104A89
:10326000284609F019F87168E31C9BB279B18A0706
:103270000DD108680B4A904209D10A4631682846A8
:1032800003B0BDE8F040FFF755BF3C46E3E71A4600
:10329000284603B0BDE8F04009F09AB843FA0000B0
:1032A00034FA0000C40BD28610B507490446FCF777
:1032B00091FF38B105492046FCF78CFFB0FA80F049
:1032C000400910BD0120FCE739FA00003CFA00007B
:1032D00008B5044808F008F8034808F005F800208D
:1032E00008BD00BF50FA000085FA0000014807F051
:1032F00029BA00BFB8EA000038B5044618B90F4B28
:103300000F485B6898476168B1F5683F10D0B1F528
:10331000680F0DD00B4DA9420AD011F468612068E6
:1033200007D0014608480AF01CFC002323606560B2
:1033300038BD14220AF0F3FFF9E700BF140700209C
:10334000B3FA00002C5F5CA98826002008B520B3E2
:103350004368B3F5683F10D101220368BFF35B8F68
:1033600053E8001F002903D143E800200028F7D1CB
:10337000BFF35B8F0DD1002008BD094A93420AD0EC
:1033800000684FF0FF324FF0FF3305F065FE002874
:10339000F1D00448F0E70448EEE76FF4E040EBE7D3
:1033A0002C5F5CA9E98FFFFFEA8FFFFF08B5D8B15A
:1033B0004368B3F5683F10D100220368BFF35B8F09
:1033C00053E8001F012903D143E800200028F7D16A
:1033D000BFF35B8F0BD1002008BD074A934208D092
:1033E000006805F0B1FEF6E76FF4E040F4E703484B
:1033F000F2E70348F0E700BF2C5F5CA9E98FFFFF0D
:10340000EA8FFFFF10B5044618B91D4B1D485B68D5
:1034100098476368B3F5683F2FD0B3F5680F2CD099
:10342000194A934219D1236803BB18484FF0FF3261
:103430004FF0FF33214605F0E1FD08B923681BB9C1
:103440000F4B13485B6898472068142200210AF04C
:1034500066FF4FF46863636008E0B3F5683F0DD81A
:103460003A2B03D040F6BA629342DED120680AF0CC
:10347000C3FB636843F03A03636010BD054AF3E79A
:1034800014070020B3FA00002C5F5CA988260020F6
:10349000D9FA00003A00003A08B506490648402328
:1034A00014220AF050FBBDE808400449044807F024
:1034B000BBB900BF8821002088260020C0EA000098
:1034C000D4EA000008B50348034A0021121A08F0A4
:1034D000EDFF08BDA0080020785B00200748084ADF
:1034E000084908B5121A08F0E3FF0748074A0849D7
:1034F000BDE80840121A08F0DBBF00BF0000002042
:1035000094080020080F01000000002000000020A7
:10351000080F01002DE9F047054600AF0C460029D1
:1035200063D0DFF808A1DAF800305A075DD06E46A4
:103530008AB0D1E90001A3686A46DFF8F480DFF8B9
:10354000F4C0C2F814C04FF00609C2E90680C2E90F
:10355000081342F8109F00234FF441515046FEF7E4
:103560005DFADAF800305B07B5463ED08AB0D4E9A0
:10357000030163696A46DFF8C0C05362C2E905C847
:10358000C2E9070142F8109F002350464FF4415111
:10359000FEF744FADAF800305807B54625D088B06F
:1035A000E3696A462549D3614FF00409C2E9051869
:1035B00042F8109F00234FF401515046FEF72EFAB7
:1035C000DAF800305907B5460FD088B0A3696A46CB
:1035D0001B49D361C2E9051842F8109F00234FF43C
:1035E00001515046FEF71AFAB546012D17D1EFF3F7
:1035F00005830E480268520711D06E4688B06A46AD
:1036000010495161103BD3610F499161042342F885
:10361000103F00234FF40151FEF700FAB546214652
:10362000284605F023FBBD46BDE8F08704080020CE
:10363000C8FB000006FB000039FB00006CFB00002B
:103640007FFB0000B1FB0000D1FB000030BFFFF7A3
:10365000FDBF00BF2DE9F0410B4EDFF8308006EBD7
:103660000807CC1B05463246094920460AF02FFEC2
:10367000A01942460021083C0AF051FEC5F8B440AA
:1036800007F10800BDE8F08100000000080000001C
:1036900088E90000054B5A699B689A421FBF044A9B
:1036A000536843F080535360704700BF8C2700205D
:1036B00000ED00E02DE9F041694C2368064658070B
:1036C00000AF0D460FD0E84688B06A46654B53619F
:1036D000654B9361032342F8103F4FF4C2512046DB
:1036E00008F0F3FEC546614B9B6AD90440F19D800A
:1036F00023685A070FD0E84688B06A465C4B53618E
:10370000594B9361032342F8103F55484FF4C2517F
:1037100008F0DBFEC5461720544B9B6A1B0513D5EA
:10372000236858070FD0E84688B06A46514B53616A
:103730004D4B9361032342F8103F49484FF4C25167
:1037400008F0C3FEC5461820484B9B6A990532D540
:1037500023685A070FD0E84688B06A46464B536143
:10376000414B9361032342F8103F3D484FF4C2514F
:1037700008F0ABFEC5463D4B996B9B6A1B0419D5FF
:103780002368580710D0E84688B06A463B4B53611F
:10379000354B3348C2E90631042342F8103F4FF459
:1037A000015108F092FEC54626B1304A936A23F4CF
:1037B0000043936219202D4B9B6A5A0513D5236849
:1037C0005B070FD06E4688B06A462D4B5361264B7F
:1037D0009361032342F8103F21484FF4C25108F08F
:1037E00074FEB5461A20214B9A6AD6051FD5236868
:1037F00059070FD06C4688B06A46224B53611A4B6A
:103800009361032342F8103F15484FF4C25108F06A
:103810005CFEA5461B20154A936A43F47F439362DE
:1038200000232B70BD46BDE8F081162074E79B6A2B
:103830009A04F0D523685B070FD06C4688B06A46BF
:10384000114B5361084B9361032342F8103F044826
:103850004FF4C25108F039FEA5461C20DBE700BF3B
:1038600004080020E3FB0000BEFF000000ED00E0C4
:10387000FDFB000012FC000029FC000046FC0000DB
:103880005FFC00007EFC00009AFC0000B0B5584CC4
:1038900023685D0700AF0FD06D4688B06A46554B70
:1038A0005361554B9361032342F8103F4FF4C251CB
:1038B000204608F00AFEAD46504B9B6A980140F145
:1038C0009580236859070FD06D4688B06A464C4BE7
:1038D0005361494B9361032342F8103F44484FF42E
:1038E000C25108F0F2FDAD461E20444B9B6ADA013E
:1038F00013D523685B070FD06D4688B06A46414BED
:1039000053613D4B9361032342F8103F38484FF415
:10391000C25108F0DAFDAD461F20384B9B6A1D03EB
:1039200013D5236859070FD06D4688B06A46364BC9
:103930005361314B9361032342F8103F2C484FF4FD
:10394000C25108F0C2FDAD4621202C4B9B6A5A03A0
:1039500013D523685B070FD06D4688B06A462B4BA2
:103960005361254B9361032342F8103F20484FF4E5
:10397000C25108F0AAFDAD462220204B9B6A9D0350
:1039800013D5236859070FD06D4688B06A46204B7F
:103990005361194B9361032342F8103F14484FF4CD
:1039A000C25108F092FDAD462320144B9B6ADA0306
:1039B00013D523685B070FD06C4688B06A46154B59
:1039C00053610D4B9361032342F8103F08484FF4B5
:1039D000C25108F07AFDA5462420084A936A6FEA8E
:1039E00003436FEA13439362BD46B0BD1D207CE7DD
:1039F00004080020CDFC0000B2FF000000ED00E054
:103A0000E9FC000000FD00001EFD000040FD00007C
:103A100069FD000087FD00002DE9F0476E4D2B6821
:103A20008A46590700AF814690460FD06C4688B051
:103A30006A466A4B53616A4B9361032342F8103F15
:103A40004FF4C251284608F040FDA546654B9B6ADD
:103A5000DA0665D52B685B070FD06C4688B06A46DE
:103A6000614B53615E4B9361032342F8103F5A4808
:103A70004FF4C25108F029FDA5461124594B9B6A09
:103A80001E0713D52B6858070FD06C4688B06A46BE
:103A9000564B5361524B9361032342F8103F4E48FB
:103AA0004FF4C25108F011FDA54612244D4B9B6AFC
:103AB000990737D52B685A070FD06C4688B06A46ED
:103AC0004B4B5361464B9361032342F8103F4248EE
:103AD0004FF4C25108F0F9FCA546424B5E6B9B6A5D
:103AE0001B0676D52B685C0710D06C4688B06A46FA
:103AF000404B53613A4B3848C2E90636042342F83A
:103B0000103F4FF4015108F0E0FCA546BAF1000F58
:103B100004D0344A936A23F080039362132403E0B1
:103B20001024ABE76FF015062E4B9B6AD80713D510
:103B30002B6859070FD06C4688B06A462E4B5361EC
:103B4000274B9361032342F8103F23484FF4C2519F
:103B500008F0BBFCA5461424224B9B6A9A0613D599
:103B60002B685B070FD06C4688B06A46234B5361C5
:103B70001B4B9361032342F8103F17484FF4C25187
:103B800008F0A3FCA5461524164B9A6AD50602D464
:103B90009A6A90070AD55B68190507D549463046E9
:103BA00000F0FAFA10B180F3098802240D4B9A6AEA
:103BB000920642BF5A6A22F400525A629A6A42F04E
:103BC000FF029A622046002388F80030BD46BDE817
:103BD000F0876FF01506A1E704080020B6FD00008D
:103BE000C8FF000000ED00E0D0FD000012FC000066
:103BF00007FE000023FE00003DFE00009AFC0000CE
:103C00002DE9F0419D4B8AB0D3F8048000AF044603
:103C1000C8F30806002585F31188BFF36F8F02F003
:103C20007F43B3F17F4F16D102F00C03082B26D14E
:103C30009348036859070ED06C4688B06A46914B8A
:103C40005361914B9361032342F8103F4FF4C251EB
:103C500008F03BFCA54600252C460023FB71F31E13
:103C6000092B00F2E580DFE813F00F00CB00CE0057
:103C7000C700E300E300E300E300E300D100120724
:103C80004CBF0C460125E8E77D4E33685B070FD03B
:103C9000E84688B06A467D4B53617D4B93610323B0
:103CA00042F8103F4FF4C251304608F00EFCC546B2
:103CB0000023FB71714BDA6A900714D533685907FA
:103CC0000FD06E4688B06A46724B5361704B936159
:103CD000032342F8103F6A484FF4C25108F0F5FB45
:103CE000B546002358E0DA6A002A07DA33685A0733
:103CF000F7D06E4688B06A46674BE6E7DB6A5B0042
:103D0000EFD5336858070FD0E84688B06A46634B52
:103D100053615F4B9361032342F8103F58484FF4BF
:103D2000C25108F0D2FBC546544BA1695A6942F40E
:103D300080725A61BFF34F8FBFF36F8F5A6931F8AA
:103D4000021C22F480725A61BFF34F8FBFF36F8F52
:103D50004DF60272914209D09A6AD2B2002A3DD041
:103D6000FA1D01212046FFF757FE47E03368590747
:103D700011D06E4688B023686A464949516144496A
:103D80003F48C2E90613042342F8103F4FF40151A3
:103D900008F09BFBB5462368FA79DAB907F1080603
:103DA00004F1200C20686168324603C2083464457F
:103DB0001646F7D17A6A002D5BD0C2F3080121B90B
:103DC0006FEA52226FEA42227A6207F1080118462E
:103DD000FFF7A0FB2837BD46BDE8F0819A6A12F4D0
:103DE0007F4F04D0F91D0120FFF764FC06E09B6AB9
:103DF000B3F5803FFFF475AFFFF748FD0346CBE70F
:103E0000FA1D0021AEE7F91D0020EDE71C4803680C
:103E10005A073FF466AF6E4688B06A46214B53613D
:103E2000214B9361032342F8103F4FF4C25155E7F1
:103E3000134803685B073FF454AF1C4A1C4B18F44B
:103E4000F87FE8468AB018BF13466A46194951619F
:103E50001949C2E9061340F201339384103E174B0F
:103E600016624FF4315142F8103F08F02EFBC54660
:103E700037E722F4FF7222F00102A5E700ED00E02F
:103E8000040800208EFE0000E4FF0000BDFE0000DC
:103E9000D9FF0000D8FE0000FDFE00000FFF00006B
:103EA00032FF000052FF0000A4FF000075FE00007A
:103EB00060FE00007AFF000091FF00000500000195
:103EC000044B5A6942F010025A615A6922F0080202
:103ED0005A61704700ED00E0EFF30880EFF30981CD
:103EE00001B57246FFF78CFE01BD00BF002080F3D4
:103EF0001488BFF36F8F134880F3088803F0AEFD7A
:103F0000002011490860BFF34F8F00F033F82020E4
:103F100080F311880D484FF0AA014FF4825208F047
:103F2000C5FA0A484FF48251401880F30988EFF32C
:103F300014800221084380F31488BFF36F8F00F0D0
:103F4000FBF80000809C002094ED00E0007400204D
:103F50000749D1F890200023C2F307221846934264
:103F600000DB7047C1F89830C1F8A0000133F6E7D4
:103F700000ED00E008B572B6002383F31388FFF765
:103F8000E7FF144B4FF0FF32C3F88020C3F88420C2
:103F9000C3F88820C3F88C20C3F89020C3F894207D
:103FA000C3F89820C3F89C20C3F88021C3F884216B
:103FB000C3F88821C3F88C21C3F89021C3F8942159
:103FC000C3F89821C3F89C2162B6BFF34F8FBFF3AB
:103FD0006F8F08BD00E100E0084B9B6883420BD166
:103FE000EFF3058343B1064B5A6842F080525A60A2
:103FF0005A6A22F400425A6205F058BF8C2700200A
:1040000000ED00E015498A684FF030001044EFF3EE
:10401000098C80E8F01F202080F31288BFF36F8F97
:104020000F4F4FF000664A698A603E60D2F8B400D4
:104030000C4C2060D2F8B8000023C2F8B83080F3EE
:10404000118804B5104600F00FF9BDE8044002F1F4
:10405000300090E8F01F8CF3098870478C2700200F
:1040600004ED00E0A42600201EF0040F0CBFEFF3C7
:104070000880EFF30980816911F8021C0229FFD042
:1040800001B5724608F016FA01BD00BF40B2002823
:1040900007DB044A4109012300F01F00834042F876
:1040A0002130704700E100E040B200280CDB4309FA
:1040B000064900F01F0020330122824041F82320EE
:1040C000BFF34F8FBFF36F8F704700BF00E100E079
:1040D000054B420900F01F0053F82220012303FA88
:1040E00000F01040704700BF00E100E040B200283F
:1040F000A8BF00F1604001F10101B8BF064B4FEAD3
:104100004111ACBF00F5614000F00F00C9B2B4BF6F
:10411000195480F80013704714ED00E0044B054A71
:1041200023F07F039360BFF34F8FBFF36F8F704710
:104130000000000000ED00E008B5FFF7EFFF074AC0
:10414000D2F8883023F47003C2F88830FFF7BAF948
:10415000FFF7C4F900F05EF804F0D6FE00ED00E0D1
:1041600042F8203C009B42F81C3C0A49019B42F863
:10417000183C029B42F8143C21F001014FF080737F
:1041800042F8043C42F8081C0023203A0265C0F8BB
:10419000B8307047991000000A4A0346906878B119
:1041A00013F1160FD0F8A40005D0A0F140029A42F6
:1041B00005D8834203D2814228BF002070470020E7
:1041C000704700BF8C27002008B515460C4A0D4BE0
:1041D0009060D0F8B4201A600E4600F045F82C46E6
:1041E00086F309880020044B9847204600210022CE
:1041F0000023024C20470000DFC40000991000009B
:104200008C270020A4260020014B10221A61704741
:1042100000ED00E0044800232021C2180133302BB8
:1042200082F80013F9D1704700E100E008B5EFF320
:104230000583064A103B02EBC30152F8330049687C
:104240008847BDE80840FFF725BA00BF34E5000005
:10425000024B034A0348012100F0BCB800000420CF
:1042600000000020E4EA0000D0F8A420054B403A0A
:104270001A60054A4021C3E901121846012100F0E5
:10428000B3B800BFA826002000000B1598B5034660
:104290000C480268520700AF10D06C4688B06A46DE
:1042A000094951610949C2E90613042342F8103F44
:1042B00000234FF40151FDF7B1FBA5466FF0150047
:1042C000BD4698BD00080020F0FF0000410001003D
:1042D00010B40E4CD4F89030C3F30723013B98423E
:1042E00002D910BCFFF7D2BFC4F898000B6823F0C6
:1042F0001F03034343F01003C4F89C308B6843F062
:104300000103C4F8A03010BC704700BF00ED00E00E
:104310002DE9F04184B00E4600AF984604460025D2
:10432000B5421FDA6068002835D0B8F1000F23D0FD
:10433000411E08421BD0194803685B0710D06C4629
:1043400088B06A46164B5361164BC2E90635042302
:1043500042F8103F00234FF40151FDF75FFBA546E3
:104360006FF0150210461037BD46BDE8F0811F28DA
:10437000E1D923681942DED123687B6008F0D2F8C6
:10438000A368391D0343D0B2FB60FFF7A1FF10F112
:10439000160FE5D0421C01350C34C1E7000800209F
:1043A0001A0001005A000100044B0522C3F89420B2
:1043B000BFF34F8FBFF36F8F704700BF00ED00E07A
:1043C000BFF35F8F024B0022C3F89420704700BFF9
:1043D00000ED00E010B5034C01232278FFF798FFB1
:1043E000207010BDDF3A002008B50B4A0023127878
:1043F000FFF78EFF10F1160F07D0084A0021D2F800
:104400009030C3F30723984200DB08BDC2F8980040
:10441000C2F8A0100130F2E7DF3A002000ED00E022
:104420002DE9F0435E485F49D0F890300D68C3F342
:1044300007239D4285B000F2B080FFF7C1FF4968B5
:104440000022954201F10C011BD1574C574F2570AA
:104450006846FDF7CBFEDFF85881DFF85891064635
:104460000025AE4220D123784D490020D1F890207C
:10447000C2F307229342C0F28A80FFF795FF002023
:104480004FE0C0F8982051F80C3C23F01F03134371
:1044900043F01003C0F89C3051F8043C43F0010392
:1044A000C0F8A0300132CCE7009800EB05114FEACC
:1044B000051CCB683B40B3F5000F49D00AD8B3F5D3
:1044C000001F31D0B3F5800F37D0B3F5801F13D064
:1044D0000135C6E7B3F1007F43D0B3F1805F49D027
:1044E000B3F1807FF4D150F80C3088684A6808F046
:1044F00019F840F0887009E050F80C3088684A6874
:1045000008F010F840F0885040F43020039001A9E2
:104510002078CDE90123FFF7DBFE002833DA6FF0C6
:10452000150005B0BDE8F08350F80C3088684A6883
:1045300007F0F8FF40EA0900E8E750F80C30886817
:104540004A6807F0EFFF40F0007040F40030DDE70C
:1045500050F80C3088684A6807F0E4FF40F0827039
:10456000D4E750F80C3088684A6807F0DBFF40F465
:104570008020CBE750F80C3088684A6807F0D2FFFB
:1045800040EA0800C2E7237801332370A0E7C1F8AE
:104590009830C1F8A000013368E74FF0FF30C0E762
:1045A00000ED00E0F0EA0000DF3A00200000F0FF3C
:1045B0000000021100000811F0B587B007460E4652
:1045C00014460021102268461D4609F0A8FE022369
:1045D0008DF802302A46054B019321466846CDE905
:1045E000047606F0E9FA07B0F0BD00BF45C500004B
:1045F00008B5024B1B689847002008BDB426002070
:10460000034B044A1860937843F002039370704799
:10461000B4260020B005002008B50649064821F060
:104620000701C1F1005202F5802206F0ADFD002025
:1046300008BD00BF07CD0020B8260020044A012392
:10464000C2F840354FF080420020C2F878357047FC
:1046500000E0014048B1054B054A1B68B3FBF2F38B
:104660005843044B43F001031847704700070020EC
:1046700040420F00A0E90000BFF34F8F0549064BF1
:10468000CA6802F4E0621343CB60BFF34F8F00BFF0
:10469000FDE700BF00ED00E00400FA0530B50D4D68
:1046A000C0430A44914201D1C04330BD11F8013BDF
:1046B00083EA000404F00F0455F8244084EA101043
:1046C00080EA131303F00F0355F8233083EA101028
:1046D000E8E700BF10EB0000084B70B5C31A0D46A9
:1046E00007499B10044659430648402207F045FFFE
:1046F0002B4601462046BDE870401847D8260020CA
:10470000B76DDBB61CE4000073B50C4C0C4A4023BB
:10471000041B00930D460B460A49A410614306464C
:10472000094807F055FF011E05DA30462B4602B056
:10473000BDE87040184702B070BD00BFD826002009
:1047400039C60000B76DDBB61CE400000022F8B5E6
:10475000012105461046FFF7C9FC104803F06EFA28
:104760000446B8B903F08AFA2F690D49384607F0B4
:1047700088F8031E09DB01263E642D69084905F10E
:104780001C0007F07EF8031E02DA1C462046F8BD26
:10479000EE64FBE76FF00404F8E700BFD1480000C7
:1047A00050EB00001FB500220123CDE90223094A86
:1047B000CDF800D06B46CDF804D007F036FF0028C6
:1047C00005DB4FF480420023684604F041FD05B04C
:1047D0005DF804FB4BC6000010B5EFF311842023F5
:1047E00083F31288BFF36F8F074A136823F0020127
:1047F000DB07116002D4012008F03AFC84F3118831
:10480000BFF36F8F10BD00BF2827002030B4104BBE
:104810000C2202FB003301460020D3E90E529863BC
:10482000EFF31180202484F31288BFF36F8F1C6C88
:1048300004F0C00444F002041C6480F31188BFF348
:104840006F8F1DB12B46034830BC184730BC7047F2
:10485000D82600201CE4000010B4EFF311822023BE
:1048600083F31288BFF36F8F1748016841F0020489
:104870000460C80707D482F31188BFF36F8F01204B
:1048800010BC08F0EDBB4FF08041D1F80C04D1F81A
:104890000C14C907EFD5EFF3118083F31288BFF32F
:1048A0006F8F0A490B6C03F0C00343F002030B64E3
:1048B00080F31188BFF36F8F82F31188BFF36F8F7E
:1048C000002010BCFFF7A2BF28270020D826002018
:1048D00010B1012804D07047034B1B6C5B0701D15A
:1048E000FFF794BF704700BFD82600202DE9F041A4
:1048F0003849BFF35B8F0746012251E8003F41E88A
:1049000000200028F9D1BFF35B8F33B93249334817
:104910004B60CB608A6006F0C7FF7B1E012B2BD853
:10492000012F07D14FF08043D3F81C3403F0030369
:10493000012B21D009F030FA0546F8B9284B1B7835
:10494000E3B14FF080430222C3F808230646DFF8A4
:1049500094804FF08044D4F81824D4F81834D2034B
:1049600015D503F00303012B01D0012F0FD155B34F
:1049700086F31188BFF36F8FBDE8F081EFF31186E6
:10498000202383F31288BFF36F8F0125DFE7ADB1DA
:10499000304607F0B8FDD4F81835002BDBD1D4F839
:1049A0000421002AD7D0C4F80431D4F804310123FB
:1049B000C4F81835C8F88031A360CCE70021212065
:1049C00009F09AFAE7E74FF080430222C3F8042384
:1049D000D2E700BFD4260020C4260020F426002001
:1049E000765B002000E100E010B5044C2046FCF7A7
:1049F0004DFB2046FFF704FE002010BD014A0000D9
:104A000073B5104E8DF807000446032501220DF101
:104A10000701002004F096F820B1012333702046EE
:104A200002B070BD3378002BF9D0013D08D009F0F9
:104A3000B3F90028EAD10021422009F05DFAE5E748
:104A40003570ECE7E03A0020024B0B600123136065
:104A5000704700BF2C2700200048704774EB00000F
:104A6000B0B503460D480268520700AF11D06C463E
:104A70008AB06A460A4D55610A4D1162C2E9065371
:104A8000052342F8103F00234FF42151FCF7C6FFE5
:104A9000A5466FF01500BD46B0BD00BFE807002079
:104AA000AC0001001201010010B5012211460648B8
:104AB000064C09F0A8F808F0F0FD206008F0E9FDC8
:104AC0006060002010BD00BF342700202C2700208C
:104AD0004FF08042D2F81015D2F8103501F01E01C7
:104AE00023F01F030B4343F00103C2F81035024BC0
:104AF00000221A70704700BFE13A00204FF0805347
:104B0000D3F83031082B20D14FF08042D2F8101565
:104B1000CB071AD5D2F8103501F01E0123F01F0380
:104B20000B43C2F81035D2F808315BB1D2F810351A
:104B300023F01F030B4343F00103C2F810356FF05D
:104B40008B007047024B01221A700020704700BF93
:104B5000E13A00202DE9F84300AF8946154608F0F8
:104B600098FD29460646484607F07FFD0346002883
:104B70004AD0B9FBF6F306FB1393C84623B9B5FB3D
:104B8000F6F406FB1454C4B128480368590711D041
:104B90006C468AB06A46264B5361264B1562C2E9C1
:104BA0000639052342F8103F00234FF42151FCF74A
:104BB00035FFA5466FF015041FE0B5421DD34FF039
:104BC000FF324FF0FF331C48DFF8709004F040FBD9
:104BD00008F05FFD0646FFF791FF044688B940469E
:104BE00003F0FEFA99F800300BB1FFF771FFAD1B2F
:104BF000B044F0D1104804F0F7FA2046BD46BDE8B5
:104C0000F8836FF08B04F5E7084802685207D1D0AB
:104C10006C468AB06A460A49516106491562C2E982
:104C20000619052142F8101FBFE700BFE807002062
:104C3000CD0001003101010034270020E13A0020BD
:104C4000AC0001002DE9F0470E4600AF1946304692
:104C50001C46904607F009FD0346D0B92F4802686C
:104C6000510710D06D468AB06A462D4951612D49D1
:104C70001462C2E90616052142F8101F4FF42151B3
:104C8000FCF7CCFEAD466FF015042046BD46BDE8EE
:104C9000F08744EA060515F0030511D01F480368A4
:104CA0005A07F0D06D468AB06A461F4B53611D4BC0
:104CB0001462C2E90636052342F8103F0023DDE7FF
:104CC000002CE2D01948DFF868A04FF0FF324FF017
:104CD000FF3304F0BDFA6319032BA6EB050909D8CD
:104CE000144AD2F80034DB07FBD500240F4804F047
:104CF0007BFACAE7FFF702FF60B9A8EB0503484655
:104D0000196803F089FA9AF800300BB1FFF7E0FE5A
:104D1000043DE0E76FF08B04E8E700BFE807002000
:104D2000AC00010021010100F00001003427002047
:104D3000E13A002000E00140F0B544681646A06862
:104D4000227C01F01F0587B045EA421500286DD08E
:104D5000B6F5001F04D1294608F091FC002056E06A
:104D60006268607CC2F8240501AA0020B6F5800FB5
:104D70000190506037D1B3F1007F14BF05230423A5
:104D80008DF804300023CDE904230393E36823FA6C
:104D900001F111F001010DF103073AD1B6F1A07F45
:104DA00037D105F01F036A0903F5E07326D0012A05
:104DB0003FD1214A52F82330DB072AD4A0683A4673
:104DC000294608F0D2FB16301BD00297A06803AA30
:104DD000294608F096FA002819DBA0680122294626
:104DE00008F0FAFBBAE7B3F1C06F05D0B3F1007F6A
:104DF00014BF01230223C3E70323C1E74FF0A042FE
:104E0000D8E7A068394603F0EBF80028DDDA07B0F0
:104E1000F0BDA0683A46294608F0A7FB0028D5D186
:104E20009DF80310A06803F0D5F8CFE76FF0850078
:104E3000EDE751F82330FFDE00030050420970B562
:104E4000034602D0012A17D070BD0D4E3269516859
:104E50000029F9D003F01F0301250C689D400029AB
:104E6000F2D08A682A4002D04B68304698472CB16D
:104E7000236821461C46F2E7024EE7E72346F8E79F
:104E800054E4000038E4000038B54568A86890B1E3
:104E900008F09AFB014670B9A86808F079FB04464F
:104EA00058B902460649A86808F05CFB224605216D
:104EB0000620FFF71BF9002038BD6FF00400FBE768
:104EC0003D4E00002DE9F043476840F20636D0061B
:104ED0003B7C87B002EA060654BFC2F3401C4FF089
:104EE000030C01F01F05B6F5837F144645EA431510
:104EF0008DF803C045D00DD8062E16D005D8A6B122
:104F0000022E40D06FF0150038E0B6F5807FF9D161
:104F100001260AE040F20222964236D0B6F5407FE2
:104F200035D0B6F5007FEDD102260123220303FA26
:104F300001F12ED57B68C3F80815B86890BB05F061
:104F40001F036D092BD0012D75D13D4A02EB830261
:104F500084F48033D2F80017C3F30043C4F3404411
:104F600044EA430421F4E16144EA8C0421F007019E
:104F700044EA06230B43C2F80037002007B0BDE81F
:104F8000F0830726D1E70426CFE70526CDE70326E1
:104F9000CBE7630344BF7B68C3F80C15CDE74FF044
:104FA000A042D3E70DF10202294608F0DEFA14F41C
:104FB000403F80460CD1B868294608F00BFBB8F199
:104FC000000FDAD19DF80210B86803F003F8D4E7B7
:104FD0004FF0000901ABCDE90199CDE90439CDF8D5
:104FE0000C90B86803AA294608F08BF94845C4DB41
:104FF00014F4003314D084F480349DF803308DF819
:105000000E30C4F300448DF80C608DF80D40B86884
:105010004B4603AA294608F02CFA0028CFDAACE761
:10502000CDE904330DF103030393B86803AA2946BD
:1050300008F067F9F1E703F5E07350F82330FFDE7D
:10504000000300502DE9F0474668336800AF05467D
:105050001BBB48480268510716D06C468AB02968C5
:105060006A46DFF814C1C2F814C0DFF810C1C2E903
:1050700006C140F201311184414942F8101F4FF43A
:105080001151FCF7CBFCA5466FF012043368002BDE
:1050900036D12046BD46BDE8F0870024F6E7354806
:1050A00003685907F5D06D4688B06A46354B5361A1
:1050B000324BC2E90634042342F8103F00234FF478
:1050C0000151FCF7ABFCAD46E3E72A480268520702
:1050D00013D06C468AB029686A462B4D5561274D1E
:1050E000C2E9065140F201311184254942F8101FEE
:1050F0004FF41151FCF792FCA5466FF01204C8E77B
:10510000002CFAD1A0464FF00109746854F8380019
:1051100004EBC80A08F0EAFC03460028D5D054F88E
:1051200038009AF80410BAF80630D0F810C0D0F859
:1051300008A0DCF80040DA0754BF43F4B01383F44E
:10514000D01323F4801209FA01FEDB074CBF44EAB6
:105150000E0424EA0E04CCF80040DAF80030984738
:10516000044600289BD1336808F101089845CCD348
:105170008FE700BFEC07002081010100F101010071
:1051800004000001B0010100D30101002DE9F0414C
:1051900045682B6800AF0246002B37D11C480168D8
:1051A000490713D06C468AB011686A46194D55619B
:1051B000194DC2E9065140F201311184174942F8F4
:1051C000101F4FF41151FCF729FCA5466FF0120097
:1051D000BD46BDE8F081D5F80480260158F80600E8
:1051E00008F084FC034658B9094802685207EDD01C
:1051F00058F806206C468AB011686A46084DD6E712
:1052000001342B689C42E6DB0020E1E70024F8E74C
:10521000F0070020810101002F02010004000001BD
:1052200012020100036803F01F025B09026004D050
:10523000012B034818BF002070474FF0A040704773
:10524000000300502DE9F04FDFF87081DFF8709116
:1052500085B09246834600EB810140F2FF17594525
:1052600003D1002005B0BDE8F08FDBF80030580412
:10527000C3F3C322C3F3080400F19980BC4218F8B9
:1052800002604FEA136312D0192B1DD94E2B40F048
:105290009180CAF8144503A80394FFF7C3FF039B4A
:1052A000012505FA03F3C0F808352A4643E0192B17
:1052B00008D94E2B7ED14FF0FF33CAF814350BF1CD
:1052C000040BCCE74FF0FF34032B73D9043B152BB1
:1052D00070D8DFE803F00B11216F6F6F6F27546FE9
:1052E0006F6F6F6F6F6F6F6F57636669631CCAF87C
:1052F0000845E4D0002504E0651CCAF80C45DED062
:10530000012503A80394FFF78DFF039B012202FAF6
:1053100003F3C0F80C350EE0CAF81045631CCED07C
:105320000025C2E7CAF80845002EF7D1601CC6D098
:1053300000252A460626DBF80030019303F40040DE
:10534000002818BF002203A8009218BF012503946B
:10535000FFF768FF039C019B009A00EB8400C3F3F6
:10536000412CD0F80047330243EA8C03134304EA8C
:105370000904234343EA4503C0F800379FE7CAF80E
:105380000C45D1E7CAF86045621CDBF8003096D0C6
:10539000C3F30043002B7FF47EAFB1E7CAF8644546
:1053A000F2E7CAF86845EFE7CAF86C45ECE76FF03A
:1053B000150057E76FF0850054E700BF4D0201006C
:1053C000F0F8FCFF036803F01F025B09026004D0E1
:1053D000012B034818BF002070474FF0A0407047D2
:1053E00000030050F0B5044683B0002200AF012155
:1053F0001C20FEF77BFE2369304A6168184608F0DE
:10540000BFF9051E1CDA2E4803685B0714D0236819
:105410006C468AB06A462B4951612B49C2E9061392
:1054200040F201331384294B42F8103F00234FF41C
:105430001151FCF7F3FAA54628460C37BD46F0BDDE
:10544000636825691E6B3A1D0021304607F0EFF9AD
:10545000002805DB7B68326819791868FFF7F2FECF
:10546000002631462B6801F5AC7253F82230002B30
:105470000EDB7B60381DFFF7A5FF7A68D0F8043596
:10548000D34013F001031CBF01238B403343DEB232
:1054900001310429E6D1002301206268116A00FA73
:1054A00003F232420CBF01220022D20321F8132062
:1054B0000133042BF1D10025BEE700BF55C8000021
:1054C0000808002055020100D90201000400000173
:1054D0002DE9F04383B000AF0329B7F828C0466830
:1054E000046905460CF0010C12D9654803685C0795
:1054F00038D06C4688B06A46624B5361624BC2E951
:105500000631042342F8103F00234FF4015126E0F6
:10551000B07D01284FF0010804BF5B08520808FA6B
:1055200001F8002B00F082809A4240F28280A0694C
:1055300082422CD0207F30EA080019D050480368FE
:105540005A070FD06C4688B06A46504B5361504B97
:105550009361032342F8103F00234FF4C251FCF73C
:105560005DFAA5466FF015000C37BD46BDE8F08327
:105570009646BEF5004F46D2A2616077226896F843
:105580001690C2F80C05C2F80495C2F808E5627FCF
:1055900023FA02F292B24FF0010E68688CF0010912
:1055A000006A42EAC93220F811205FFA88F8BEF199
:1055B000000F4DD1226801F5AC7152F82120002A6C
:1055C00010DBBCF1000F57D0B3FA83F35B09002B5B
:1055D00034D17A60381DFFF7F5FE7A6801239340D5
:1055E000C0F80C35217F21EA08012177002934D049
:1055F000A37F002B38D11023012206F12001204681
:1056000008F0D0F82EE0013008284FEA5E0EB0D145
:105610001B4803685B07A5D06C4688B06B461D49E4
:1056200059611B49C3E906121A466AE79E461A46A3
:10563000B3E74FF0000E47F6FF72AEE77A60381D11
:10564000FFF7C0FE7A6801239340C0F80835C9E728
:10565000237F48EA03032377CAE7286908F0DAF8CA
:105660000123A37700207FE70023A377204608F0DB
:10567000EBF80028FAD0BEE7003B18BF0123A6E7ED
:1056800008080020790201000003010092020100D5
:10569000E7020100AB0201002DE9F0474568D0F8B0
:1056A0001080012100AF0646686B07F0F5F8E96B42
:1056B000481C35D0A86B07F0CDF910F1130F044644
:1056C00018D1424803685A070ED06C4688B06A4623
:1056D0003F4B53613F4B9361032342F8103F4FF41C
:1056E000C25107F0D6F8A5466FF012042046BD4619
:1056F000BDE8F087431D13D1344803685D07F5D03A
:105700006D4688B06A46344B5361324B9361032334
:1057100042F8103F4FF4C25107F0BBF8AD46E5E741
:10572000EB6A9847D8F830504FF00109D8E90C32AD
:1057300003EBC2039D420AD308F1280007F0EFF8FB
:1057400073680021586B07F0A7F80024CEE728689B
:1057500008F0CCF9C0B91D4803685907C4D02B68BC
:105760006C468AB019682B796A461C4D55611362E4
:105770001B4D40F2013393841A4BC2E9065142F8A3
:10578000103F4FF43151ACE728682979EB88D0F805
:1057900010C0D0F808A0DCF80040DA0754BF43F48A
:1057A000B01383F4D01323F4801209FA01FEDB074F
:1057B0004CBF4EEA040424EA0E04CCF80040DAF8A8
:1057C00000309847041E91DB0835AFE71808002029
:1057D0002A03010031050100590301007A03010089
:1057E0001405010005000001B0B5027800AF0346C2
:1057F00042B90C69D4F8802032B9E06F6FF07301C0
:1058000007F0B6F8BD46B0BD606F48B1A16F39B1C1
:10581000DB682BB1834203D0D4F88C1008F057FD1D
:10582000236FD4F88020A3B19A422FD9304803685F
:105830005A070ED06D4688B06A462E4B53612E4BE8
:105840009361032342F8103F4FF4C25107F021F84F
:10585000AD46A36FD4F88020A3B19A422FD9244833
:1058600003685B070ED06D4688B06A46214B5361D2
:10587000224B9361032342F8103F4FF4C25107F0CB
:1058800008F8AD46E06F07F085F8BBE79B1A236781
:105890007BB9E36D0833E365236E013B236604F1B6
:1058A000700204F1600104F15C0006F0DFFFE066C5
:1058B000CFE7E36E002BCCD01344E366C9E79B1A15
:1058C000A3677BB9636E08336366A36E013BA3666F
:1058D00004F1780204F1680104F1640006F0C6FFE7
:1058E0006067CFE7636F002BCCD013446367C9E7D1
:1058F00018080020A2030100750501005F050100E2
:105900002DE9F04F8FB000AF9A464368FB608B885B
:105910000469894699040646934640D44FF0FF3205
:105920004FF0FF3304F1380003F092FCC4F82C90E0
:105930007568D6F810802B687B6098F8853023B1A5
:10594000D8F82830994500F05481B9F804E01EF4E5
:10595000006F2BD08A4803685A070ED06D4688B076
:105960006A46884B5361884B9361032342F8103F8A
:105970004FF4C25106F08DFFAD466FF08505A36A66
:1059800013B19B889B0405D40023E36204F1380023
:1059900003F02AFC28463C37BD46BDE8F08F236C57
:1059A000002BBBD1E36A9945B8D1C1E71EF0010FC6
:1059B0001BD0734803685B0702D16FF01505DEE763
:1059C0006D468AB033686A46704951616E49C2E9D2
:1059D000061340F2013313846D4B42F8103F4FF42D
:1059E000115106F056FFAD46E7E71EF0080F10D044
:1059F000634803685E07E0D06D4688B06A46654B31
:105A00005361614B9361032342F8103F4FF4C2513D
:105A1000E7E7CEF34513082B08D0594803685D0724
:105A2000CBD06D4688B06A465B4BE9E7D9F80030C9
:105A3000BB60BA68594B9A4208D851480368590765
:105A4000BBD06D4688B06A46554BD9E704350FCDBB
:105A500007F1100CACE80F000FCDACE80F00D7E950
:105A600001239A4228BF1A4695E803004D4B9A42FB
:105A70008CE8030017D24C4B9A4214D24B4B9A42FB
:105A800011D24B4B9A4260D84A4B9A425FD84A4B4C
:105A90009A425ED8494B9A425DD84948494B4A4997
:105AA000824288BF0B461EF0020F7B620EF0040399
:105AB00053D0002B14BF0323022387F82830CEF3E2
:105AC000001387F82930D8F80030D3F808355A1C6D
:105AD00013D01EF0020F03F01F00CEF340014FEA77
:105AE00053134FF001023FD1002B3AD0934240F0C4
:105AF0004981364B8240C3F80C2598F885302BB18C
:105B0000404602F0DBFD002388F88530304A3346FA
:105B100007F11001404607F03BFF051E64DA184804
:105B200003685E073FF42BAF6E4688B06A46294B88
:105B30005361154BC2E90635042342F8103F4FF478
:105B4000015106F0A6FEB54619E7234BABE7234B00
:105B5000A9E7234BA7E7234BA5E7003B18BF012389
:105B6000ABE74FF0A043C5E73BB1012B40F00D81FF
:105B7000164B8240C3F80825BFE74FF0A043F8E773
:105B800018080020C40301008B050100E203010096
:105B900004000001080401002B04010047E8010093
:105BA0005E0401000048E8010024F40000127A00BD
:105BB000FF083D007F841E003F420F001FA1070029
:105BC0008FD0030048E8010090D00300000300508C
:105BD000E95700009304010000093D0080841E0085
:105BE00040420F0020A10700012388F88530C8F843
:105BF0002890012384F88430FB68D96B481C18D0A6
:105C0000986B06F04FFF743013D16248036813F0AD
:105C1000060F0ED06D4688B06A465F4B53615F4BEE
:105C20009361032342F8103F4FF4C45106F031FE54
:105C3000AD46BBF1000F7AD1C4F85CB000232366F7
:105C400004F1700204F1600104F15C0006F00EFE44
:105C5000E066BAF1000F72D1C4F864A00023A36615
:105C600004F1780204F1680104F1640006F0FEFD1D
:105C7000002504F128082A46606701214046A565F1
:105C800006F02DFE304606F085FE206E2A462B4695
:105C900083425CD10023A56E1946A9425ED19A4287
:105CA00038BF1A464FF4FA5303FB02F5A36A4FF4C8
:105CB000004C1B68B5FBF3F540F2E730C835002116
:105CC0004FF47A720023E5FB0C01FAF769FA04F14C
:105CD000480802460B46404603F0BAFA024600283E
:105CE00043D02C4803685A070ED06D4688B06A46E8
:105CF0002B4B53612B4B9361032342F8103F4FF41E
:105D0000C25106F0C6FDAD4600252046C4F88050BD
:105D100002F0D4FC84F885506FF07301304606F031
:105D200027FE404603F0BAFA6FF0730527E6DBF86A
:105D30000030E365002B81D0DBF804307FE7DAF830
:105D400000306366002B89D0DAF8043087E7E16D14
:105D500001EBC301013349680A4499E7606E00EB27
:105D6000C10001314068034497E7A56D15F1740F38
:105D7000CAD0002D3FF403AE30691146283006F03A
:105D8000AEFDFCE5C1F80C15FFDE0023C3F80835B5
:105D9000FAE700BF18080020BC04010095050100C7
:105DA000EA0401003F05010000F01F0240090DD088
:105DB00001280ED10A4B03EB82030A4AD3F80007ED
:105DC000024042EA8102C3F8002770474FF0A04327
:105DD000F1E702F5E072002353F82230FFDE00BF46
:105DE00000030050F0F8FCFF70B5012383400E4A19
:105DF000BFF35B8FDC4352E8001F01EA040542E871
:105E00000056002EF7D1BFF35B8F4FF480328240F3
:105E10000648C0F80823BFF35F8FBFF36F8F0B42B4
:105E200014BF0120002070BD602700200010014039
:105E300070B40E49D1E90034D01AC31844F10004FB
:105E400022F07F46C1E90034A6F50013B3F5400FF8
:105E500009D2074B1B681A0A1B069C19054B42F115
:105E60000005C3E9004570BC04F08EBA601B002039
:105E700064270020681B002011B3BFF35B8F012350
:105E8000104A834052E800CF4CEA030C42E800C1BC
:105E90000029F7D1BFF35B8F0B4A4FF48033834067
:105EA000C2F80433094BBFF35B8F1B68BFF35B8FF2
:105EB000C340DB0742BF064B4FF40032C3F800215A
:105EC000704700BF60270020001001405C270020C1
:105ED00000E100E00D4B1868010A0006BFF35F8F78
:105EE0000B4BD3F80435181841F10001B3F5801FAE
:105EF0000AD2084BD3E90023904271EB030303D28B
:105F000010F1807041F10001704700BF642700204C
:105F100000100140681B00202DE9F04F85B01646A7
:105F20001F469DF840A00446FFF75EFF0190FFF773
:105F3000D1FFB04271EB070354D23E4B301A67EBEE
:105F40000101984271F100014FD23B4B03EB041366
:105F5000D3E902239F4208BF96425ED037494FF4EF
:105F6000803804F1500508FA04F8AD00C1F8488300
:105F70002046ADB206F0BEFD26F07F4B05F1804510
:105F800004F5A87305F58835DC464FF00309029344
:105F9000029A2CF07F4341F82230C1F84483D1F8B3
:105FA0000435274A6FF00200C01A604420F07F4099
:105FB000904232D9286868B1D1F804350393A3EB35
:105FC0000B0020F07F40B0F5000F26D9204606F0E8
:105FD00091FD039BBAF1000F07D109EB030C09F106
:105FE0000109D5E7BAF1000F09D06FF01505204679
:105FF0000199FFF741FF284605B0BDE8F08F012366
:10600000104ABFF35B8FA34052E8000F184342E8E9
:1060100000010029F8D1BFF35B8F07490E982301D7
:1060200001EB0412C8500F9B5360C2E902670025C0
:10603000DDE700BF01008000501B00200010014080
:10604000FDFF7F005C2700207FB51C4C1C4BC4F873
:106050000833C4F848331B4B00254FF0FF304FF096
:10606000FF31C4F80855C3E902014FF48033C4F886
:106070000433154B02264FF400320121C4F80463A7
:106080001120C3F880212A46FEF730F81120FDF7D1
:10609000FDFF0E4A0123A360236013600C4B0D4AE1
:1060A0000093CDE9015500232846FFF735FF304620
:1060B000FEF71CFC284604B070BD00BF0010014074
:1060C00003000F00501B002000E100E060270020CB
:1060D000315E0000FFFF7F002DE9F7432F4CD4F81D
:1060E000043399070BD5D4F8043143B12C4A00236B
:1060F000C4F80431D4F80431136801331360D4F8C0
:106100000433DA0329D5BFF35B8F264B53E8002F06
:1061100022F0010143E800100028F7D1BFF35B8FA4
:10612000D30702D4D4F84031BBB10025C4F84051A4
:10613000D4F84031FFF7CEFEEFF31182202383F332
:106140001288BFF36F8F184BD3E90267B042B94191
:1061500006D282F31188BFF36F8F03B0BDE8F083DE
:106160004FF0FF384FF0FF39C3E90289D3E900103F
:106170001D604FF48033C4F84833C4F84051D4F85C
:10618000403182F31188BFF36F8F0029E5D0009072
:1061900032463B4628468847DFE700BF00100140F3
:1061A000642700205C270020501B002030B5431CD2
:1061B000124C85B005D08442A8BF0446012CB8BF5C
:1061C0000124FFF787FE0E4B0C4DD3E90013401A54
:1061D000B0F5000F10D22218AA4228BF2A46521842
:1061E0004FF0000007490091CDE9010043F10003A1
:1061F000FFF792FE05B030BD2A46F0E7FFFF7F00B3
:10620000601B0020315E000008B5FFF763FE024B03
:106210001B68C01A08BD00BF601B002010B5084CE9
:10622000012363601120FDF73FFF064BC4F80833DC
:10623000C4F84833044B4FF40032C3F8802110BD3A
:106240000010014003000F0000E100E010B403461D
:106250000C46DA880068197902F04002224383680C
:106260009C6934B1054BA446134010BC02F0B072D7
:1062700060476FF0570010BC704700BF4000000639
:10628000B0B5A0F5AC7000AF046860684FF4803121
:10629000103006F03FFC034698B11A4802685107D7
:1062A0000FD06D4688B06A46174951611749C2E957
:1062B0000613042342F8103F4FF4015106F054FC3A
:1062C000AD46206900234FF4A47200F5DC7003F0A2
:1062D00091F9031E13DA0B48026852070FD06C467F
:1062E00088B06A460A4951610849C2E90613042385
:1062F00042F8103F4FF4015106F036FCA546BD466A
:10630000B0BD00BFDC070020BB050100E9060100AD
:10631000E7050100B0B5A0F5C47000AF046860687F
:106320004FF48031183006F0F5FB034698B11A4857
:10633000026851070FD06D4688B06A46174951610F
:106340001749C2E90613042342F8103F4FF40151E4
:1063500006F00AFCAD46206900234FF4A47200F554
:10636000F47003F047F9031E13DA0B480268520772
:106370000FD06C4688B06A460A4951610849C2E9A3
:106380000613042342F8103F4FF4015106F0ECFBD2
:10639000A546BD46B0BD00BFDC070020BB0501001F
:1063A00000070100E705010098B5A0F5DC7000AF1B
:1063B000036858684FF088611030FFF747FF0346C5
:1063C00098B10B48026852070FD06C4688B06A46F5
:1063D000084951610849C2E90613042342F8103FF5
:1063E0004FF4015106F0C0FBA546BD4698BD00BF65
:1063F000DC0700200D0601001707010098B5A0F585
:10640000F47000AF036858684FF088611830FFF7E8
:106410001DFF034698B10B48026852070FD06C4627
:1064200088B06A46084951610849C2E90613042345
:1064300042F8103F4FF4015106F096FBA546BD46C9
:1064400098BD00BFDC0700200D0601002E070100EB
:10645000B0B5A1F5907100AF0C6860684FF4001101
:106460001030FFF7F3FE034698B118480268510751
:106470000FD06D4688B06A46154951611549C2E989
:106480000613042342F8103F4FF4015106F06CFB51
:10649000AD46206900F59C7003F03CF8031E13DA4A
:1064A0000A48026852070FD06C4688B06A460A490B
:1064B00051610849C2E90613042342F8103F4FF422
:1064C000015106F051FBA546BD46B0BDDC070020DA
:1064D0000D0601004507010043060100B0B5A1F516
:1064E000967100AF0C6860684FF400111830FFF728
:1064F000ADFE034698B11848026851070FD06D46AB
:1065000088B06A46154951611549C2E9061304234A
:1065100042F8103F4FF4015106F026FBAD462069CA
:1065200000F5A47002F0F6FF031E13DA0A480268B1
:1065300052070FD06C4688B06A460A495161084933
:10654000C2E90613042342F8103F4FF4015106F04C
:106550000BFBA546BD46B0BDDC0700200D060100C3
:106560005407010043060100B0B5A0F5A47000AFC8
:10657000046860684FF40031183006F0CBFA034627
:1065800098B12348026851070FD06D4688B06A461B
:10659000204951612049C2E90613042342F8103F03
:1065A0004FF4015106F0E0FAAD46206904304FF097
:1065B000FF324FF0FF3302F04FFD226993691BB1A8
:1065C000D2690121204698472069043006F0CFFAAD
:1065D000206900234FF4A47200F5C47003F00AF898
:1065E000031E13DA0A48026852070FD06C4688B0BF
:1065F0006A460A4951610849C2E90613042342F870
:10660000103F4FF4015106F0AFFAA546BD46B0BDAC
:10661000DC070020BB050100D2060100E7050100F0
:106620002DE9F041784E88B0336803F00703022B60
:1066300000AF05460FD96C4688B06A46734B53616C
:10664000734B9361032342F8103F4FF4C651304619
:1066500006F08AFAA5462869043007F0CDFA2869C1
:106660006C4900F59C7007F04CFB28696A4900F5FD
:10667000A47007F046FB2869684900F5AC7007F084
:106680006CFB2869664900F5C47007F066FB286951
:10669000644900F5DC7007F060FB2869624900F589
:1066A000F47007F05AFB10220021B81807F037FEEB
:1066B0004FF0FF33C7E90033C7E9023307233B75C7
:1066C00004237B754FF47A733B832B69BC465033AC
:1066D00007F1200E3C46624603CA724518605960B5
:1066E000944603F10803F6D12B6907F1200C7033AF
:1066F000224603CA624518605960144603F1080334
:10670000F6D16A682B6912791A652A696423A2F89E
:10671000683069682A69097B11672A69A2F888309C
:10672000296901F1200300225031184607F028F8AA
:10673000044628BB296901F1380302467031184626
:1067400007F01EF80446D8B968684FF4803110305D
:1067500006F0E0F90446C0B133685A0710D06D4620
:1067600088B06A46314B5361294B2748C2E9063449
:10677000042342F8103F4FF4015106F0F5F9AD46FD
:1067800020462037BD46BDE8F08168684FF480316F
:10679000183006F0BFF904460028DDD16B682A697D
:1067A0001B7D23494FF0010808FA03F3C2E949139E
:1067B0006B6820491B7F2A6908FA03F3C2E94C136E
:1067C0006B68296918698368DB6901F59071C3B149
:1067D00042469847044660B96B682969986983689E
:1067E000DB6901F5967163B142469847044600287B
:1067F000C6D033685B07C3D06D4688B06A460E4B7F
:10680000B1E76FF05704F4E7DC07002067060100EA
:10681000630701003D6800006965000081620000B7
:1068200015630000A9630000FD630000BB050100C3
:1068300051640000DD64000081060100B0B5A0F5E0
:106840009C7000AF046860684FF40031103006F0AF
:1068500061F9034698B12348026851070FD06D468D
:1068600088B06A46204951612049C2E906130423D1
:1068700042F8103F4FF4015106F076F9AD46206919
:1068800004304FF0FF324FF0FF3302F0E5FB226996
:1068900093691BB1D26900212046984720690430D2
:1068A00006F065F9206900234FF4A47200F5AC707E
:1068B00002F0A0FE031E13DA0A48026852070FD046
:1068C0006C4688B06A460A4951610849C2E9061314
:1068D000042342F8103F4FF4015106F045F9A54654
:1068E000BD46B0BDDC070020BB050100BB060100B2
:1068F000E70501002DE9F04100AF04468846164641
:1069000007F04AFA002840F03481206904304FF043
:10691000FF324FF0FF3302F09FFBB8F1000F40F061
:10692000A48060684FF400111030FFF78FFC05461B
:10693000C0B1914803685B070FD06E4688B06A46C5
:106940008E4B53618E4BC2E90635042342F8103F4B
:106950004FF4015106F008F9B5462069043006F0FD
:1069600006F969E0206931780822B03006F0E7F8CE
:10697000206931790422B03006F0E1F82069317ADB
:106980000222B03006F0DBF82069317B0222B03001
:1069900006F0D5F8206902221146B03006F0CFF893
:1069A00020690A46B030294606F0C9F8206902225B
:1069B0001146B03006F0C3F8206901221146B0300C
:1069C00006F0BDF820690A46B030294606F0B7F84F
:1069D00020690122B03006F0B2F82269D2F8E43022
:1069E000581C5833C2F8E4004FF4004022F813005A
:1069F000236903F1B002C3F890202369D3F8E4209F
:106A0000A3F894202369C3F898502369C3F89C50D5
:106A100000214FF4A47007F06FFA2069012300F100
:106A200090011A46203006F0BDFE48B120690430BE
:106A300006F09DF86FF004052846BD46BDE8F081DC
:106A400000214FF4A47007F057FA60684FF0886196
:106A50001030FFF7FBFB054600287FF46AAF206982
:106A6000043006F084F80025E6E7B8F1010F79D18B
:106A700060684FF400111830FFF7E8FB0546002866
:106A80007FF457AF206931780822E83006F057F8D4
:106A9000206931790422E83006F051F82069317A12
:106AA0000222E83006F04BF82069317B0222E83000
:106AB00006F045F8206902221146E83006F03FF85A
:106AC00020690A46E830294606F039F82069022292
:106AD0001146E83006F033F8206942464146E83076
:106AE00006F02DF8206942462946E83006F027F8DE
:106AF00020694246E83006F022F82269D2F81C31BB
:106B0000581C7433C2F81C014FF4004022F81300E3
:106B1000236903F1E802C3F8A0202369D3F81C21FC
:106B2000A3F8A4202369C3F8A8502369C3F8AC5084
:106B300000214FF4A47007F0DFF92069434600F10B
:106B4000A0014246383006F02DFE00287FF46EAFDB
:106B500000214FF4A47007F0CFF960684FF088610E
:106B6000183076E72069043006F001F86FF015055B
:106B700062E76FF00A055FE7DC0700200D06010001
:106B8000A90601000048704768ED000090B587B085
:106B900000AFFB1DF971BB601446012307F1080229
:106BA00007F11001C7E90423FB6006F00EF8034665
:106BB000C8B10F480268520712D06C468AB06A46C4
:106BC0000C4951610C49C2E9061340F206231362D5
:106BD000052342F8103F4FF4215105F0F3FFA5467D
:106BE0001C37BD4690BD204606F064FFF8E700BFA5
:106BF000E007002076070100BC080100F0B50C1E7C
:106C00008DB0054600AF4DDB4668B16A04EB030C5E
:106C1000614547D30121C7E90A234FEA244C07F114
:106C2000080364BAC7E90431FC8007F120033C1D66
:106C300087F805C0BC604FF0000C0424BB61022340
:106C40003971C7E908C4FC60FB6105F0C5FF314636
:106C500051F8040B07F1180307F1100205F0A6FF25
:106C60000446286905F0D3FFC4B1104803685B07E8
:106C700012D06D468AB06A460D4B53610D4BC2E986
:106C8000063440F21D131362052342F8103F4FF4FF
:106C9000215105F097FFAD466FF0040420463437CC
:106CA000BD46F0BD6FF01204F8E700BFE00700201A
:106CB000760701002908010090B58DB000AFD723F9
:106CC000FB71FB1DBB60B962012307F10801C7E935
:106CD000041300220146C7E90823FB60022207F1E2
:106CE0002003C7E9063251F8040BFA6207F11803D2
:106CF00007F1100205F05AFFC0B10E4B1A68520797
:106D000012D06C468AB06A460B4951610B49C2E900
:106D10000610C0211162052142F8101F18464FF4D9
:106D2000215105F04FFFA5466FF004003437BD46F2
:106D300090BD00BFE0070020760701008408010035
:106D40002DE9F04F8FB0066945687449706400AF53
:106D5000044606F1100007F000F8002386F84030E2
:106D6000286806F0C3FEF8B96D480368590714D0C7
:106D70002B686C468AB01B686A466A4951616A4949
:106D8000C2E9061340F201331384684B42F8103F06
:106D90004FF4115105F016FFA5466FF01205284675
:106DA0003C37BD46BDE8F08F2B7E23B1E86806F086
:106DB0009DFE0028D8D0204605F00EFFAA8F6068FF
:106DC000AB21FFF7E3FE656805F13F037B609F237E
:106DD000FB7207F10B0301263B6107F11009002349
:106DE000C7E90A36C7E9069607F10C0A4FF0030B0C
:106DF00007F12808022329467E61C7F830A0C7F8AA
:106E000034B0C7F820807B6251F8040B07F12003EF
:106E100007F1180205F0CAFE0346C0B140480268F7
:106E2000520711D06D468AB06A46414951614149C5
:106E3000C2E9061396231362052342F8103F4FF46C
:106E4000215105F0BFFEAD466FF004050CE05A4637
:106E5000514605F13F0007F0B7F970B330480368B9
:106E60005E0705D16FF01205206905F0D0FE96E7A8
:106E700095F83F6095F8401095F8413097F80C80F0
:106E800097F80DE097F80EC06D468EB06A46DFF8B1
:106E9000A890C2F81490DFF89C9013630923C2E90C
:106EA0000A61C2E90698C2E908EC44F6400142F8DA
:106EB000103F05F087FEAD46D4E7204BBB6107F1DC
:106EC0001803D4F804A03B6204237B6207F120037B
:106ED000C7E90A3649465046FFF7EEFE0546002848
:106EE000C2D13B8AD907BFD44146504605F06DFE5A
:106EF000034668B10A4802685207A5D06D468AB0B9
:106F00006A460B4951610E49C2E90613EE2392E726
:106F1000204605F0A3FE0028A6D095E729CC000066
:106F2000E0070020A2070100CA08010004000001D8
:106F300076070100AD080100BB0701003D2A80A6CD
:106F40009908010090B587B000AF13147B713B1D09
:106F5000BB600423FB6007F10803397152BA3B613F
:106F60000446012340687B6107F11001FA8005F0B7
:106F70002CFE0346D8B111480268520712D06C4665
:106F80008AB06A460E4951610E49C2E9061340F2C1
:106F90009D131362052342F8103F4FF4215105F071
:106FA00011FEA5466FF004001C37BD4690BD20467B
:106FB00005F054FE0028F7D0F4E700BFE0070020FA
:106FC000760701004B0801002DE9F0470D1E86B041
:106FD000064600AF9046C0F2BB80D0F80490AB18D4
:106FE000D9F828209A42C0F0B380B9F8363095FB22
:106FF000F3F203FB1252002A40F0AD80B8FBF3F22B
:1070000003FB1283002B40F0A68005F0E5FD99F804
:107010003830002B5AD1D9F82830434556D14F4B40
:107020007B603B1DBB600423FB6007F108033B61F1
:107030007068012307F110017B6105F0C6FD03466E
:1070400000B347480268520712D06C468AB06A46BD
:10705000444951614449C2E906134FF4BF731362B6
:10706000052342F8103F4FF4215105F0ABFDA54632
:107070006FF00404306905F0CAFD20461837BD469C
:10708000BDE8F087304605F0E9FD04460028F1D060
:10709000EEE7D9E90BA32BB1AB421CD8554501D281
:1070A000AAEB030A99F83930BBB9D04515D30AF1D8
:1070B000FF332B4211D12A467C213046FFF742FF95
:1070C00055440446A8EB0A08002CD3D1B8F1000FB0
:1070D000DFD14446CEE79A46E4E7B9F83430434579
:1070E00002D8013B2B421BD0B9F83630434523D997
:1070F0001B4803685B0710D06C468AB06A461B4B7E
:1071000053611B4B1562C2E90638052342F8103F54
:107110004FF4215105F056FDA5466FF01504A9E77F
:107120002A4650213046FFF70DFFB9F834300446A7
:107130001D44A8EB0308C7E7013B2B42D8D12A46E0
:1071400081213046FFF7FEFEB9F836300446EFE7FE
:107150006FF0120491E76FF015048EE7C794809AE0
:10716000E0070020760701005C080100F807010035
:107170006F0801002DE9F04FB1F1000A89B0054612
:1071800000AF16461C465FDBD0F804800AEB030113
:10719000D8F828308B4257D305F01EFD4FF0580920
:1071A000002C3FD0B8F83610686887F804904B423E
:1071B00003EA0A030B44A3EB0A034FEA2A41A34262
:1071C00079719AFA9AF128BF2346F98007F11001E4
:1071D0009B46B9603B1D02213B61F960042307F126
:1071E0000801C7E90536C7F81CB005F0EEFC0146FA
:1071F00000B3174803685B0712D06C468AB06A4632
:10720000144B5361144BC2E9063140F23913136237
:10721000052342F8103F4FF4215105F0D3FCA54659
:107220006FF00404286905F0F2FC20462437BD46BF
:10723000BDE8F08F284605F011FD0028F0D15E442E
:10724000DA44A4EB0B04ABE76FF01204EDE700BFE8
:10725000E0070020760701003D080100B0B56F4C43
:10726000A0B0236803F00703022B00AF10D96D46CE
:1072700088B06A466A4B53616A4B9361032342F8B4
:10728000103F00234FF4C6512046FAF7C7FBAD4626
:107290003A46002338464FF0102503F12001013310
:1072A00055F8211042F8041B202BF6D13B685E4AAA
:1072B00093421AD0226812F0060F12D06C4688B0A2
:1072C0006A465A4951615A4991611BBAD3610423F4
:1072D00042F8103F00234FF402515048FAF79EFB4A
:1072E000A54600208037BD46B0BD3B79022B0BD0B0
:1072F000226812F0060FF4D06C4688B06A464D49F9
:1073000051614B499161E1E77B797B2B08D0226881
:1073100012F0060FE5D06C4688B06A464649EFE7A2
:10732000D7F87730454D1BBA77212B6005F015F95A
:107330002B68984213D0226812F0060FD1D06C4609
:107340008AB06A463E49516139491062C2E9061362
:10735000052342F8103F00234FF42251BDE7394A7C
:10736000BB1D07F1160153F8040B42F8040B8B42C6
:10737000F9D11B781370344A07F1170307F127017D
:1073800053F8040B42F8040B8B42F9D11B781370AD
:1073900007F1280303CB2D4A516019889B7893721B
:1073A0002B4B10601181D7F833201A60B7F83720C3
:1073B00028489A8097F839209A71D7F83A300360B4
:1073C000D7F83E304360B7F8423003810A2297F87D
:1073D00044308372002103F089FB1F4B1F4A186061
:1073E00007F1650107F1450353F8040B42F8040B5C
:1073F0008B42F9D11B781370194A07F1660307F124
:10740000760153F8040B42F8040B8B42F9D11B7838
:107410001370144B01221A7063E700BFCC070020E1
:1074200067060100C6090100BABECAFEFE080100D7
:10743000B30901001C0901003D0901006827002073
:1074400059090100643B0020533B0020483B0020C9
:10745000413B0020363B00206C270020153B0020DC
:10746000043B0020753B0020064B074A1B78002B8D
:10747000064B08BF134603600CBF6FF004000020EA
:10748000704700BF753B00208D090100643B002060
:10749000064B074A1B78002B064B08BF13460360B8
:1074A0000CBF6FF004000020704700BF753B002048
:1074B0008D090100533B0020064B074A1B78002B27
:1074C000064B08BF134603600CBF6FF0040000209A
:1074D000704700BF753B00208D090100483B00202C
:1074E000064B074A1B78002B064B08BF1346036068
:1074F0000CBF6FF004000020704700BF753B0020F8
:107500008D090100413B0020014B036000207047C2
:107510008D090100014B0360002070478D090100B7
:10752000014B0360002070478D090100064B074A9C
:107530001B78002B064B08BF134603600CBF6FF08F
:1075400004000020704700BF753B00208D0901003A
:10755000363B0020064B074A1B78002B064B08BF22
:10756000134603600CBF6FF004000020704700BF9B
:10757000753B00208D090100153B002070B54FF0D0
:10758000805186B0D1F8A820D1F8A410114D04463E
:10759000C8B2049092B2C1F30720039042F4404372
:1075A000C1F30740D2B2090E0290019100921B0A6A
:1075B000094A1221284603F06DFA06462846F8F7D4
:1075C00013FEB0420ABF00206FF01B00256006B01A
:1075D00070BD00BFF23A002095090100064B074A32
:1075E0001B78002B064B08BF134603600CBF6FF0DF
:1075F00004000020704700BF753B00208D0901008A
:10760000043B002013B5044601A8FFF7E7FF20461E
:10761000019A034904F0C8FB002002B010BD00BF6E
:10762000D409010013B5044601A8FFF7A7FF2046BF
:10763000019A034904F0B8FB002002B010BD00BF5E
:10764000E509010013B5044601A8FFF783FF2046B2
:10765000019A034904F0A8FB002002B010BD00BF4E
:10766000F609010013B5044601A8FFF75FFF2046A5
:10767000019A034904F098FB002002B010BD00BF3E
:10768000070A010013B5044601A8FFF749FF204689
:10769000019A034904F088FB002002B010BD00BF2E
:1076A0001A0A010013B5044601A8FFF733FF20466C
:1076B000019A034904F078FB002002B010BD00BF1E
:1076C000300A010013B5044601A8FFF71DFF20464C
:1076D000019A034904F068FB002002B010BD00BF0E
:1076E000430A010013B5044601A8FFF7F9FE20463E
:1076F000019A034904F058FB002002B010BD00BFFE
:10770000580A010013B5044601A8FFF7D5FE20462C
:10771000019A034904F048FB002002B010BD00BFED
:107720006F0A010013B5044601A8FFF7B1FE204619
:10773000019A034904F038FB002002B010BD00BFDD
:10774000850A010013B5044601A8FFF78DFE204607
:10775000019A034904F028FB002002B010BD00BFCD
:10776000970A0100F8B500F118041C4B0C1BE61039
:107770005E43D0F8D832B34205462BD9CB680022FD
:1077800043F8082C01360444D5F8D832B34209D85E
:10779000013BC5F8D832284605F0BEFA0146A8B923
:1077A0000020F8BDE26B52F8083C183B42F8083C58
:1077B00004F1300CBCE80F0004F118070FC79CE877
:1077C0000300013687E803001834DDE7284605F09A
:1077D000C0FAE5E76FF01500E3E700BFABAAAAAA7D
:1077E0002DE9F0411948036803F00703022B00AFAD
:1077F0000FD96C4688B06A46154B5361154B93619F
:10780000032342F8103F00234FF4C651FAF706F95C
:10781000A54611491148002206F035FC104EDFF84C
:1078200044800024C6F8144306F1E00500224146D6
:10783000284606F028FC0134082C6E6305F140054B
:10784000F4D10020BD46BDE8F08100BFD407002080
:10785000500C01006A0C01006BCF000040050020B5
:1078600060020020A9CE0000012910B5044609D904
:107870005268064904F0B4FA204604F0BFFA6FF0EB
:10788000150010BD04F0BAFA0020FAE7770C0100E9
:10789000F8B556684F4900AF054630461446F8F72C
:1078A00099FCD8B14C493046F8F794FC00284DD0EB
:1078B0004A493046F8F78EFC00283FD04849304608
:1078C000F8F788FC002831D04649284604F088FAA9
:1078D000284604F093FA6FF0150446E0A468424984
:1078E0002046F8F777FC014600285BD13F4B9B68A8
:1078F0009C681B68002C31D1002B39D16FF05704E4
:107900003B4803685B0730D06D4688B06A46394B08
:107910005361394BC2E90634042342F8103F002377
:107920004FF40151FAF77AF8AD461EE0A4682E49EB
:107930002046F8F74FFC68BB0321D7E7A4682A4923
:107940002046F8F747FCE8B90221CFE7A4682649AA
:107950002046F8F73FFC70B90121C7E743B9234837
:107960006422A04704460028CAD12046BD46F8BD7F
:107970001E489847F6E721492046F8F72BFC10B33C
:107980001F49A2E71D492046F8F724FC0028F7D13B
:1079900002210EE019492046F8F71CFC0028EFD11F
:1079A000032106E015492046F8F714FC014600289B
:1079B000E6D10E4B9A68D2E9012333B9002A9DD053
:1079C0000A489047CEE70121F3E7002AF8D107489B
:1079D0009847C7E78E0C0100920C0100980C01003B
:1079E0009F0C0100A30C01004D0B0100E0E400001E
:1079F000D8070020CE0C0100F00C0100B90C0100EA
:107A0000BD0C0100BFF34F8F0549064BCA6802F455
:107A1000E0621343CB60BFF34F8F00BFFDE700BFB1
:107A200000ED00E00400FA054FF08053D3F8302158
:107A3000082A06D1D3F83431052B02D8024AD05C8B
:107A400070470020704700BF610D0100024AD2F864
:107A50000034002BFBD0704700E0014010B54FF020
:107A60008053D3F83021082A4ED14FF080420021B4
:107A7000C2F80C11C2F81011C2F8381502F54042D4
:107A8000D3F80414C2F82015D3F80814C2F824154A
:107A9000D3F80C14C2F82815D3F81014C2F82C151A
:107AA000D3F81414C2F83015D3F81814C2F83415EA
:107AB000D3F81C14C2F84015D3F82014C2F84415AA
:107AC000D3F82414C2F84815D3F82814C2F84C157A
:107AD000D3F82C14C2F85015D3F83014C2F854154A
:107AE000D3F83414C2F86015D3F83814C2F864150A
:107AF000D3F83C14C2F86815D3F84014C2F86C15DA
:107B0000D3F84434C2F87035FFF78EFF18B13F4BFD
:107B10003F4AC3F88C26FFF787FF18B13D4BFB2285
:107B2000C3F81825FFF780FF70B14FF080414FF088
:107B30008053D1F8E42ED3F8583222F00F0203F02C
:107B40000F031343C1F8E43EFFF76EFF20B1324B41
:107B50004FF40072C3F840264FF08053D3F8303111
:107B6000082B1AD14FF08043D3F80024D20744BF2A
:107B70006FF00102C3F800244FF08053D3F8343182
:107B8000052B02D8254AD35C3BB14FF01023D3F824
:107B900008224FF08043C3F858254FF01021D1F848
:107BA0000C32DB0714D51E480123C0F80435FFF75B
:107BB0004DFFD1F80C3223F00103C1F80C32FFF76E
:107BC00045FF0023C0F80435FFF740FFFFF71AFF19
:107BD000D1F80032002B03DBD1F80432002B14DA89
:107BE0000F4901234FF01020C1F804351224FFF78C
:107BF0002DFFC0F80042FFF729FFC0F80442FFF74D
:107C000025FF0023C1F80435DEE710BD0050004019
:107C10004881030000F00040009002405B0D01002D
:107C200000E00140014B00201B681847702700202E
:107C3000014B1B68184700BF7027002010B50C4C83
:107C4000237993B9012323710A4B2060002818BFC0
:107C5000184600F05BF850B923680748002BBDE8D0
:107C6000104008BF184600F0A1B86FF0770010BDB3
:107C700070270020257C0000317C000008B5064BF1
:107C80001B683BB10020FCF723FA18B9BDE8084097
:107C9000FCF7FCB908BD00BF702700204FF08053EF
:107CA000D3F83021082A06D1D3F83431052B02D875
:107CB000024AD05C70470020704700BF670D01008A
:107CC00038B54FF080440123C4F8083363600023C3
:107CD000C4F80031D4F8003142F21075D4F80C2405
:107CE000D4F80C34D20307D5DB0705D5012005F005
:107CF0007AF9013DF2D138BDFFF7D0FF0028FAD064
:107D0000014B00225A71F6E77827002010B5084988
:107D10000C794CB9012308600B71FFF7BFFF08B95C
:107D2000002010BD4C71FBE76FF07700F9E700BF52
:107D3000782700204FF080430022C3F80021D3F8B9
:107D40000021094901221A60096811B1C3F804230E
:107D50007047D3F80021002AFBD00022C3F800218D
:107D6000D3F80031704700BF7827002010B54FF0DE
:107D70008043D3F80423D20715D5D3F8002192B15C
:107D80000022C3F800210121D3F80021C3F8081311
:107D9000FFF784FF044B10B15A7922B95971BDE83D
:107DA00010401B68184710BD78270020074A137938
:107DB00043B90121106011714FF080421846C2F89A
:107DC000183570476FF07700704700BF802700209C
:107DD00010B54FF080431D4CD3F81814D3F8182475
:107DE00011F4803F19D002F00302012A03D00AB136
:107DF00005F04FF900224FF08043C3F81825002208
:107E0000C3F80421D3F8042101229A60226872B9D0
:107E1000D3F80421002AFBD011E0D3F81424D107B1
:107E2000E8D5D3F81C249207E2D422681AB10222C2
:107E3000C3F8042310BDD3F80421002AFBD000228C
:107E4000C3F80421D3F80431F4E700BF80270020F1
:107E5000F8B54FF08043194FD3F80443012504F0DF
:107E60001A04002604B9F8BDB4FA84F0C0F11F006A
:107E7000830003F580739BB203F1804305FA00F29F
:107E8000196824EA02040029ECD01E601B684FF038
:107E900080430128C3F808230CD1D3F81824D3F861
:107EA0001824920706D10222C3F81805C3F8042348
:107EB0009860D7E73B68C0B29847D3E78027002097
:107EC000036803F01F025B09026004D0012B034822
:107ED00018BF002070474FF0A040704700030050CB
:107EE000034A430900F01F00D35C1844C0B2704736
:107EF0006D0D0100034611F0010030B5CCB213D175
:107F0000A207C4F3400020D5124AD2F820055860D9
:107F10004FF08053C2F82005D3F83031082B15D02C
:107F2000003818BF012010E04FF0A0414FF08055FD
:107F3000D1F820251A60C1F82025D5F83051082D38
:107F400008BFD1F82015002ADAD030BDD2F820358C
:107F5000E6E700BF00030050F7B504460846FFF708
:107F6000BFFF06B204EB46060D46B38ADB072BD5EE
:107F7000204605F0A3F92946204605F0FDF858B142
:107F8000204605F00FF9276800B207EB80030022B6
:107F9000C3F81025C3F810252946204605F02BF913
:107FA0000021B18201A80195FFF78AFF019B00EB38
:107FB0008300074BD0F80027134043F00203C0F8BA
:107FC0000037084603B0F0BD6FF01500FAE700BFB8
:107FD000F0F8FCFF014805F026B800BF04070020B8
:107FE00010B504480C4605F000F80028A4BF207026
:107FF000002010BD040700202DE9F04F804689B015
:1080000058F804ABDAF80413C9B28346082241F0E9
:108010000041504605F02AF9051E2BDA0023032102
:1080200006A8CDE90633FFF765FF644B01930DF118
:1080300018090023019A009312F8013B604901924C
:10804000DA0803F007038A5C22FA03F3DA071AD48A
:10805000009B09F10409A3B14FF0004100225046F2
:1080600005F004F9032106A8FFF744FF0028DCD13E
:1080700025F000450124002D40F08A8009B0BDE8BC
:10808000F08F0123D6E7009B4E4A13440293D9F8A0
:1080900000100029DCD0029B91FAA1F11C78B1FA02
:1080A00081F141EA44142046FFF71AFF0BEB400030
:1080B0000594878AC808BB0819F80020039301F0CB
:1080C0000701012303FA01F122EA010209F8002065
:1080D00005A8FFF7F5FE059A039B02F5E072C7F3CA
:1080E000820650F822205B073746C2F3014233D59F
:1080F000D6B240463A46214605F05EF805A80594FA
:10810000FFF7DEFE059B03F5E07350F82330C3F361
:1081100001439E4207D10021204605F01EF831465A
:10812000204605F01AF805A80594FFF7C9FE059B3F
:10813000012202FA03F3C0F820354FF08053D3F840
:108140003031082B01BFD0F82035D0F82035D0F8D9
:108150002035D0F820359AE7022A0DD10321204698
:1081600004F0FBFF06F00503012BDCD13A46214663
:10817000404605F021F8D6E702212046039204F09C
:10818000ECFF032EF2D0039A032ACCD1022EECE7A7
:1081900095FAA5F3B3FA83F304FA03F225EA02058C
:1081A00003F5A2720BEB43035AF82220B3F87C10BC
:1081B000C2F30142404604F0FFFF5CE77D0D010081
:1081C000D0EE00007D0D0100044AD2F80034DB0738
:1081D000FBD50160BFF35F8F704700BF00E0014037
:1081E0004FF080531A69B0FBF2F302FB13036BB933
:1081F000084B0222C3F80425C3F80805D3F800246D
:10820000D207FBD50020C3F8040570476FF00C00BF
:10821000704700BF00E0014010B5054C0123C4F8D1
:108220000435FFF7D1FF0023C4F8043510BD00BFAB
:1082300000E00140036803F01F025B09026004D004
:10824000012B034818BF002070474FF0A040704733
:10825000000300502DE9F3470B7F04466BBBDFF8AA
:10826000D8900D1F01F1100601F10C08012755F8F7
:1082700004AFBAF1FF3F1CD03378CDF804A001A8B9
:10828000002B50D0FFF7D6FF019B07FA03F3C0F88D
:10829000083501A8CDF804A0FFF7CCFF019B00EB47
:1082A0008300D0F8003703EA090343F00303C0F862
:1082B0000037A84506F10106D9D191F81DC00D8BF4
:1082C0004F7D8E7D8A7EC87E2368BCF1000F0BD166
:1082D000D1E9008ED1E902C1C3F86085C3F864E535
:1082E000C3F868C5C3F86C1542EA0022C3F80C75E0
:1082F000C3F80465C3F80855C3F8102520680023A7
:10830000C0F81031D0F81021C0F80831D0F8082199
:10831000C0F80C31D0F80C3140F3073002B0BDE8A2
:10832000F047FBF7B3BEFFF785FF019B07FA03F3A6
:10833000C0F80C35ADE700BFF0F8FCFF4FF08053FC
:10834000D3F83021082A06D1D3F83431052B04D8CC
:10835000034AD05C7047002070470120704700BF7F
:108360007F0D0100036803F01F025B09026004D067
:10837000012B034818BF002070474FF0A040704702
:108380000003005070B54B7F04460D467BB10123BE
:108390004361642600220221204605F0A1FA20B99B
:1083A000012004F020FE013EF4D100236B77AB7F67
:1083B0005B0720D54FF08052D2E94C23082A1BD10D
:1083C000052B19D80E4AD35CB3B14FF0FF3200230E
:1083D000D4F80805D4F80C15C4F80035C4F80825FD
:1083E000C4F80C250922C4F80025C4F80035C4F8E7
:1083F0000805C4F80C1570BD0023C4F80035FAE771
:10840000850D01000F4B984219D00DD80E4B9842A4
:1084100015D007D80D4B984211D00D4BC31A5842B6
:10842000584170470B4BF9E70B4B984207D004D8E3
:108430000A4B984203D00A4BF0E70A4BEEE70120C3
:10844000704700BF80841E0020A1070048E801009B
:1084500090D0030040420F000024F40000093D00CA
:1084600000127A000048E80137B51446421C054660
:1084700018D0012902D1BBB105F070FA01A801950D
:10848000FFF770FF019B0A4A00EB8300A300D0F8BE
:10849000005743EA41030B432A40134343F440731C
:1084A000C0F8003703B030BD05F065FAE6E700BF5D
:1084B000F0F8FCFF2DE9F84F91F8213007460C4603
:1084C000002B00F0968091F822806569674B9D42F1
:1084D00000F0A88000F29880654B9D4200F0A580D6
:1084E00000F28A80634B9D4200F0A280624B9D4265
:1084F0000CBF4FF080654FF0804594F8232097F82B
:10850000223062F3000387F82230227CDBB262F370
:10851000410387F8223094F823600EBB237E206845
:10852000012B94BF0023012301213246FFF79CFF5A
:10853000606833463246FFF797FFA27EA068334655
:108540003146FFF791FF237CE06883F00103324658
:108550000121FFF789FFE0690B463246FFF784FFF0
:1085600094F82130002B6CD04FF0FF337B6294F8ED
:10857000211094F812E0207E627E00296BD0E6681C
:10858000217C94F8249094F820C03B68B9F1000F46
:1085900012D1D4E900BAD4F80890E469C3F808B558
:1085A000C3F80CA5C3F81095C3F86C45C3F814655F
:1085B000C3F86815C3F86485003A18BF0122022881
:1085C000C3F8C0E5C3F8245548D0032849D0012892
:1085D00001D142F00202C3F85425C3F860C57B689C
:1085E000002B41D03868BDE8F84F40F30730FBF767
:1085F0004DBD4FF0020868E7204B9D420CBF4FF085
:1086000080554FF0804578E71D4B9D4213D01D4BA0
:108610009D4213D01C4B9D420CBF4FF000454FF0C4
:1086200080456AE74FF0005567E74FF0006564E763
:108630004FF0007561E74FF020655EE74FF0A05501
:108640005BE7E3687B62227C97F8223062F34103A8
:1086500087F822308BE74FF0FF3692E742F00402B2
:10866000B9E742F00602B6E7BDE8F88F80841E0045
:1086700020A1070048E8010090D0030040420F000D
:108680000024F4000048E80100127A00431C07B5FA
:108690000ED0019001A8FFF765FE019B00EB83005F
:1086A000054BD0F80027134043F00203C0F8003711
:1086B00003B05DF804FB00BFF0F8FCFF38B50446DA
:1086C000006840F30730FBF7EFFC636843B12146D5
:1086D0001A4A51F8043BC3F808232068FFF752FEFA
:1086E0002368D3F80805D3F80C15D3F8105594F87F
:1086F0002230DB0714D4FFF7C9FF2846FFF7C6FF77
:108700000846FFF7C3FF606AFFF7C0FF2368D3F88E
:108710006C05D3F81415FFF7B9FF0846FFF7B6FF4D
:10872000FFF70CFE28B1064A2368934204BF0122DA
:108730005A60002384F8203038BD00BF5201080081
:1087400000F00240F0B590F8213085B005460E46A5
:108750001746002B40F0CC8043682BB112F0140F69
:1087600004BF012380F8213096E80F0005F11004C2
:1087700084E80F00686A441C05D095F822309907F8
:1087800017D505F0EBF831682C6821B101F0604392
:10879000B3F1005F06D1B36873B103F06043B3F186
:1087A000005F09D0002385F821306FF00C0005B080
:1087B000F0BD05F0E0F8E6E7FFF7C0FD38B34E4B3B
:1087C0009C4224D14FF080437268D3F8000E4B4B8B
:1087D0001860E2B14A4821F4FF5323F01F0383429B
:1087E00074D85018DFF81CC1C3F34F3101228A40FE
:1087F000002103F50053984241EA02014FEA420288
:1088000001D96345F5D34FF08043C3F8001E17F03C
:10881000010318BF0123C4F8503517F0020318BF35
:108820000123C4F8403596E80F00EC468CE80F00B1
:10883000039BC4F84405C4F84815C4F83425C4F8AB
:1088400038350023C4F8183117F01C0FD4F818314C
:108850003FD1D4F80035073B18BF012395F82220FB
:1088600017F0080663F382024FF0070385F8222011
:10887000C4F800350CD16A680123236142B9D4F8E9
:108880001831002BFBD062464021204605F028F825
:108890006B681BBBFFF752FD40B1174B9C4201BFF9
:1088A000164B1A684FF08043C3F8002E686A421CCA
:1088B00005D095F822309B070DD505F05CF81EB960
:1088C000291D2046FFF75EFD002070E74FF4807100
:1088D00099E70123C2E705F041F8F0E717F0040F2C
:1088E0004FF0400314BFC4F80833C4F80433EBE777
:1088F0006FF00F005BE700BF00F002408827002008
:10890000FFFF00200020012070B50246044652F807
:10891000105B4021284604F0E3FF38B3FFF70EFD5B
:1089200040B1134B9D4201BF124B1A684FF0804378
:10893000C3F8002E606A421C05D094F822309B07D1
:1089400011D505F018F894F821301BB1211D2846E7
:10895000FFF718FD2046002300F80C3FD4E9013151
:10896000BDE87040184704F0F9FFECE770BD00BFA8
:1089700000F002408827002008B5124BA8220021F1
:10898000184605F0CCFC03220346026142610E4802
:108990000E4A98614FF48051DA61002219629A629E
:1089A0005A62DA6218660A485866996609491A676F
:1089B000DA665A6711F8010D98540132102AF9D17C
:1089C00008BD00BFA00800208B0D0100764B0020E1
:1089D000763B0020A40D01002DE9F84FDFF88080E0
:1089E00098F80030532B82468946164601D0FFF78F
:1089F000C3FF182707FB0A873D6FD7F86CB05D45AA
:108A00002BD9BC6E796E641BB44228BF344629440E
:108A10004846224605F05BFCBB6E2544A144361B4C
:108A2000AB4208BF0025ABEB050B5E4528BF5E4699
:108A300056B1182303FB0A833246596E484629442F
:108A400005F045FC3444354424B1182303FB0A885F
:108A5000C8F870502046BDE8F88F0024E3E700BF57
:108A6000A00800202DE9F84FDFF87C80182606FBCF
:108A7000008E00FB06664644DEF82440DEF828C07F
:108A80007368A44507468946154603EB040022D8BF
:108A9000DEF820B0ABEB040A0AF1FF339A4203D8A8
:108AA00005F015FC2C440FE063449A4219D8524655
:108AB0002C4405F00CFCB4EB0B0405D07068224686
:108AC00009EB0A0105F003FC182303FB07830120CF
:108AD0005C62BDE8F88F0CF1FF3CACEB040C9445F4
:108AE000DED20020F5E700BFA0080020F8B5144B47
:108AF000182700FB07751D4407FB00330E46DB6A91
:108B0000012B14460AD0022B14D023B9284604F0B6
:108B10005FFF844208D900242046F8BD284604F0AF
:108B200057FF844228BF044622463146284604F0B7
:108B300058FFF1E72846BDE8F84004F06DBF00BFDC
:108B4000A0080020F8B50B4B1B78532B04460E46AB
:108B5000174601D0FFF710FF04F09FFF3A46054685
:108B600031462046FFF7C2FF0446284604F09DFF29
:108B70002046F8BDA0080020034B182202FB00335A
:108B8000D86E1B6FC01A7047A0080020034B182234
:108B900002FB00339A6A586A801A7047A0080020C6
:108BA0002DE9F843144C1F462378532B054689467C
:108BB000904601D0FFF7E0FE022D1AD804F06DFFB9
:108BC0006DB1182605FB0663E21844F80390C2F85D
:108BD000048006FB05420023176293625362182348
:108BE00003FB0544089BE36204F05FFF0020BDE83F
:108BF000F8834FF0FF30FAE7A008002010B4084ACD
:108C000008490023C85C12F8014D844204D10133A5
:108C1000102BF7D110BC704710BCFFF7ADBE00BFE2
:108C2000A40D0100A0080020B0B5044600AFF8F77D
:108C300063FD0B4803685B070FD06D4688B06A463A
:108C4000084B5361084B9361032342F8103F002304
:108C50004FF4C251F8F7E2FEAD46204604F051FF52
:108C600004080020A50D0100930E01002DE9F04736
:108C7000044600AF0D46EFF31189202383F31288D9
:108C8000BFF36F8FDFF8EC803B4AD8F8003096686E
:108C900059076BD0042898BF384B117C94BF53F808
:108CA0002030374BEA468CB06A4636485061C2E9FC
:108CB0000831354840F202431385344BC2E90604BB
:108CC00042F8103F2B4800234FF45151F8F7A6FE0D
:108CD000D546C5B1EB69D8F80020C3F3080393B1BA
:108CE00052072CD0EA4688B06A46294B5361264B7E
:108CF0009361032342F8103F1E4800234FF4C251F2
:108D0000F8F78CFED546D8F800305B0717D026BBA5
:108D10002048E8468AB06A461F4B53611A4B1062DE
:108D2000C2E9063640F2024393841C4B42F8103FDE
:108D3000104800234FF43151F8F770FEC54629461C
:108D40002046FFF771FF89F31188BFF36F8F30461C
:108D5000FBF742F9BD46BDE8F087304605F022F842
:108D60000028D5D00378002BD2D0D2E7002DB1D186
:108D7000E5E700BF040800208C270020D4EE0000A7
:108D8000B80D0100CE0D0100850E010006000001A6
:108D9000FA0D0100C60D01001F0E010005000001C3
:108DA00038B50A4B53F82040013053F82050A54203
:108DB00000D838BD606830B1037EDB0701D404F011
:108DC0007DFE0834F3E723689847FAE7E8EE0000F1
:108DD00070B52A4B2A4C2B4D012286B003201A7005
:108DE000FFF7DEFF05F0E7F90420FFF7D9FF26467D
:108DF000AE4204F1300410D300F05EFF204C224E4E
:108E0000AC4226D300F06CFFF7F7A0FC1F4A137B9F
:108E100023F00103137306B070BD54F80C3C0593A6
:108E200054F8103C049354F8143C039354F8183C41
:108E3000029354F81C3C019354F8203C009354E9ED
:108E40000A2354E90C0100F061FC54F8303C5E65E3
:108E5000CDE7D4E90A23B3F1FF3F08BFB2F1FF3FEA
:108E600005D052EA0301206803D100F0F5FF303449
:108E7000C6E73146183001F0F7F9F8E7765B0020D5
:108E8000B4E60000B4E60000C5DE0000301C00209F
:108E900070B5174E174D184986B0C02303FB006606
:108EA000164B059301220F23CDE903320023CDE9B0
:108EB0000133142303FB005504464FF4046000FB08
:108EC00004110F4B00954FF40062304600F01EFC79
:108ED000737B0C4AEE6023F0040373734FF48253E8
:108EE00004FB033313442C746B6006B070BD00BFE9
:108EF000701B00208C27002040840020AD0E010054
:108F0000D3DB000000740020BFB50020FFF748FF4E
:108F1000294B83F30888294C294F636943F4007374
:108F200063610025E02384F82230E57725766576B5
:108F3000A57684F82050636A43F4E023636284F8E2
:108F40002350FAF7BDFFFBF75FF94FF0FF33A36241
:108F5000E362FBF765FAFBF77BF9F8F70BFB1948BF
:108F6000194C00F07DFC0120FFF71AFF0220FFF7EB
:108F700017FF00F0E9FE154B15495C61154B059391
:108F80000123CDE903534FF480523B46CDE901550F
:108F90000095204600F0BAFB627B064622F00402F0
:108FA0002046627304F04BFF2846FFF771FF3A46F4
:108FB00031462046FBF708F94084002000ED00E030
:108FC000D18D0000F01C0020301C00208C270020D8
:108FD000808C0020BEF0000038B5064C064D002005
:108FE000AC4200D338BD204604F093FD0028F9DBE5
:108FF0001C34F5E7200800202008002073B50C463B
:10900000EFF31181202585F31288BFF36F8FC568B8
:109010005DB125602B68C3608369013383610020E3
:1090200081F31188BFF36F8F11E052EA030603D179
:1090300025606FF00B00F3E7CDE90023024608300E
:1090400000F062FD18B9034B9B681B69236002B0F6
:1090500070BD00BF8C2700202DE9F3410446174660
:109060001E46EFF31188202383F31288BFF36F8F1E
:10907000C368334A7BB180689168884219D057EA47
:10908000060318D188F31188BFF36F8F6FF00F00BC
:1090900002B0BDE8F081916891F90E1021610133B1
:1090A000E3609368A36088F31188BFF36F8F00209B
:1090B000EEE72169F2E791F90E1090F90E3099422E
:1090C000A8BF19466FF07E029142B8BF11468B428D
:1090D0002DDD04F089FD0546CDE9007619482246CC
:1090E000414600F011FD0028E1D0EFF31186202366
:1090F00083F31288BFF36F8FA068D0B12368216912
:109100009C420AD04BB193F90E309942A8BF194640
:109110006FF07E039942B8BF194604F065FD40B177
:109120000848314600F084FD6FF00A00B0E70025E2
:10913000D2E7002DF4D186F31188BFF36F8FF3E7E8
:109140008C270020775B0020F8B583680546002B4C
:1091500040D0234A926893423FD1C368012B03D980
:10916000013BC3600020F8BDEFF31187202383F398
:109170001288BFF36F8F0169806804F035FD2C6899
:10918000AC4207D10023C5E9023387F31188BFF34E
:109190006F8FE7E7002CF5D0D4E9003213605A60F6
:1091A000637B002623F002036373C4E90066A660B4
:1091B00004F1180004F01DFFAC6094F90E302B612F
:1091C0002046C4F8BC6004F03AFE0648394600F078
:1091D0002FFDC7E76FF01500C5E74FF0FF30C2E77E
:1091E0008C270020775B002070B5EFF311862023D9
:1091F00083F31288BFF36F8F0468A0421BD0D4B1F1
:10920000D4E9003213605A60637B002523F0020327
:109210006373C4E90055A56004F1180004F0E9FE89
:109220002046C4F8BC5004F00AFE31460748BDE8A9
:10923000704000F0FDBCD0E902329A4218BF013301
:10924000836086F31188BFF36F8F70BD775B00205A
:1092500013B5EFF31181202484F31288BFF36F8FCD
:10926000846844B1013C846081F31188BFF36F8F3F
:10927000002002B010BD52EA030406D181F3118828
:10928000BFF36F8F6FF00F00F3E7CDE900230246C5
:10929000014800F039FCECE7775B00202DE9F04154
:1092A0000546EFF31187202383F31288BFF36F8FF6
:1092B00000231E466FF00A082C68A54216D0ACB1F8
:1092C000D4E9003213605A60637BA66023F0020386
:1092D0006373C4E9006604F1180004F08AFEC4F860
:1092E000BC80204604F0ABFD0123E5E70022AA6024
:1092F0002BB139460548BDE8F04100F099BC87F331
:109300001188BFF36F8FBDE8F08100BF775B00204D
:109310002DE9FF414F4E04462027EFF3118887F3D4
:109320001288BFF36F8FD4F8C450F5B9022104F14D
:10933000DC0004F074FC002868D004F1D40500229D
:109340000121284604F0F9FD0028F8D100230293FA
:109350004FF0FF324FF0FF33CDE90023414604F1D7
:10936000CC023D4800F044FED7E7D4F8C8202B6873
:10937000C4F8C430954208BFC4F8C830D4F8DC3013
:1093800043F00203C4F8DC30EB6823F0040343F03D
:109390000103EB606B6888F31188BFF36F8F284679
:1093A0009847EFF3118887F31288BFF36F8FEB684C
:1093B000D80623F0010236D4EA60EB689A0716D586
:1093C000306823F00203EB6088B10368002170B1BC
:1093D0004268954235D1036869BB72683360824246
:1093E00000D17360002340F8083BFFF7FDFED4F87E
:1093F000DC3023F00203C4F8DC3088F31188BFF3BB
:109400006F8FDB0589D400F0A7FC86E7D4F8DC3049
:10941000D9069BD5C4F8DC0088F31188BFF36F8FA1
:1094200004B0BDE8F08123F01103EB6005F11000FA
:10943000FFF7DAFEC1E70B607368834208BF716013
:10944000D0E723B11A68014618461346BFE71A460B
:10945000F9E700BFB0270020775B0020F8B5C368AC
:109460009A0704460F46C3F340062ED45B071CD46C
:109470000B680BB983680B60E368DD0744BFA36822
:109480003B603D684CBF02260126002D3CD0204B9E
:109490009A68D5F8C0309A420AD0D5F8DC30D8079F
:1094A000C3F3800214D46FF0120600233B6025E062
:1094B00004F072FCD5F8DC300028F0D1D907C3F3F2
:1094C000C002F0D552B15B0708D46FF00F06ECE78D
:1094D000002AFAD1C3F3C003002BF6D10023236086
:1094E000D5F8C83063B9C5E93144284604F0B1FB6A
:1094F000E36843F00403E3603B68A3603046F8BDD3
:109500001C60C5F8C840F0E76FF01506CDE700BF56
:109510008C2700200146014804F00FBCD01D00201C
:10952000F0B589B004460020C4E931000E9D04F175
:10953000CC00C4E9330004F1D400C4E9350055B3CC
:109540002879002840F2011008BF0120C4F8DC008F
:1095500000204FF0FF364FF0FF37CDE90330CDE963
:109560000100CDE906670D4B0094204600F04CF950
:1095700055B1296811B1204600F076F86B791BB11E
:10958000237B43F001032373204600F065FCC4F8FD
:10959000C04009B0F0BD0120D8E700BF1193000022
:1095A00037B501900846EFF31184202181F312882A
:1095B000BFF36F8FC16811F01E0F16D153EA020579
:1095C00008D101A9FFF74AFF84F31188BFF36F8F19
:1095D00003B030BD41F00801C160019981620449C6
:1095E000103000F041FE0120EEE70020ECE700BF64
:1095F000C7DC000001460148FFF7D2BFD01D0020A4
:10960000F7B50C46019016461D46EFF3118720234F
:1096100083F31288BFF36F8F084604F00BFB55EA03
:10962000060309D101A92046FFF718FF87F3118827
:10963000BFF36F8F03B0F0BDE368074943F0080341
:10964000E360019BA36232462B4604F1100000F058
:109650000BFE0120EAE700BFC7DC0000014601481D
:10966000FFF7CEBFD01D002010B5044608B9054B4A
:109670009C681F2204F1840004F0B6FD002084F8E9
:10968000A30010BD8C2700202DE9F84F0C46A1B394
:109690009AB390F80D90DFF86880571E0846B9F12C
:1096A000000F25D0DFF85CA00025B8F804B019EA57
:1096B0000B0F19D0B8F80630D8F800107E1B9E4268
:1096C00028BF1E46324604F002FE2E4439EA0B093A
:1096D00004EB06000CD0BD1B012D28BF01252A4636
:1096E000514604F0F4FD354408F108086019DCE740
:1096F000002303702046BDE8F88F0348FBE700BF56
:1097000000EF0000B50E0100AAF600002DE9F04FB1
:10971000D51D85B025F0070504461F467F3500F1AD
:109720005803C0E9163325F03F05129B2373002030
:109730000E46119BDDF838B0DDF84C80A0600421A6
:109740003F2DC4E906006173A373E07306F1400A7C
:10975000A5F1400905D880F31188BFF36F8F084643
:1097600002DF4A463544AA21504604F0D8FD294676
:109770002046F9F76FFF0730109B20F00700C4E97F
:1097800029A9C4F8AC0002930F9B2D1ACDE900B3B0
:109790002A463B4631462046FAF7E2FC0F9BA36778
:1097A0004FF00009109BC4F85490C4E91C7B84F866
:1097B0006C90E367EFF31182202181F31288BFF3ED
:1097C0006F8F104E316AC4F88010346282F31188B2
:1097D000BFF36F8FB8F1000F11D01F22414604F183
:1097E000840004F001FD84F8A390B3680BB1D3F8B2
:1097F000B030C4F8B030284605B0BDE8F08F84F82A
:109800008480F2E78C270020F0B587B0002505950D
:10981000109D04950F9D03950E9D0295DDE912762E
:109820000D9D01950C9D00950446FFF76FFFB6F165
:10983000FF3F08BFB7F1FF3F05D056EA070305D148
:10984000204600F009FB204607B0F0BD3A463346FB
:1098500004F11800014900F007FDF4E7C5DE00003F
:1098600040F2011310B583810023C0E92933044677
:1098700000F0F2FE014B9C6010BD00BF8C27002061
:109880000A4A93686FF00A01C3F8BC100849C3F88C
:10989000B8004B6843F080534B60002383F311887A
:1098A000BFF36F8F9368D3F8BC0070478C270020FC
:1098B00000ED00E070B590F90D20437B002A36DB07
:1098C000D90634D11B4C63F07F032246437352F810
:1098D000183FE169934207D1C0E900210860E061C7
:1098E00011E09942F8D01B68002BF5D090F90E508A
:1098F00093F90E60B542F4D0AE42F2DD5968C0E98A
:10990000003108605860A569954200D005B9E56846
:10991000A3685A7BD20604D1DA897F2A01D9AA69C1
:1099200032B1AB4202D0284600F0A4FB656170BDA5
:109930006361FCE78C27002038B590F90D20437B4C
:10994000002A014604DA03F07F03437304F03DFA72
:109950000D4D2A46AB6852F8184F944200D004B916
:10996000EC688B4207D05A7BD20604D1DA897F2A71
:1099700001D9A2692AB1A34202D0204600F07AFBA5
:1099800023466B6138BD00BF8C270020B3F1FF3F39
:1099900008BFB2F1FF3F03D00249183000F064BCA9
:1099A000704700BFC5DE000038B5194CA168E069FA
:1099B0000B68814214BF1A46002249680B60596047
:1099C000A368E1692AB9134AC3E900210B60E36186
:1099D0000CE093F90E0092F90E50A84214D0854283
:1099E00012DD5168C3E900210B605360A569094B82
:1099F0009D4200D005B9E568A3689D4202D0284683
:109A000000F038FB656138BD9142DCD01268D9E7BF
:109A10008C270020A4270020F8B5394CA268824288
:109A2000074624D1EFF305830BBBEFF31186202308
:109A300083F31288BFF36F8F537B03F07F0343F0F0
:109A40001003537304F0C1F9234653F8185F9D4285
:109A500000D005B9E568A3689D4202D0284600F011
:109A600009FB65613046BDE8F840FFF709BFEFF339
:109A70001185202383F31288BFF36F8F7B7BD90678
:109A800004D585F31188BFF36F8FF8BDD90943F072
:109A9000100219D17A73A6691A4B9E4200D006B9FA
:109AA000E668A368B34202D0304600F0E3FAA36848
:109AB00066619F42E5D1EFF30583002BE1D13A7B4C
:109AC000D2070AD42846CEE703F07F0343F0100301
:109AD0007B73384604F079F9DDE785F31188BFF32D
:109AE0006F8F83F31188BFF36F8F0423184602DF53
:109AF000EFF31180202383F31288BFF36F8FB2E757
:109B00008C270020A4270020F8B50E4B0C461146E8
:109B10000D4A98681060DDE90667EFF31182202294
:109B200082F31288BFF36F8F9D68284604F05FF9B7
:109B3000284632463B46FFF729FF2046BDE8F8405D
:109B4000FFF79EBE8C270020B8270020F8B50446FA
:109B5000EFF31187202383F31288BFF36F8F437BCA
:109B600003F01F02002A0CBF0126002649B239D19A
:109B700003F07F03437304F028F92C4D437B81737A
:109B800063F07F032A46437352F8183F934227D16C
:109B9000E869C4E900200460EC610FE09842F8D065
:109BA0001B68002BF5D093F90EC06145F6D08C45AB
:109BB000F4DD5968C4E900310C605C60AC69944222
:109BC00000D004B9EC68AB689C4202D0204600F09B
:109BD00051FA6C6187F31188BFF36F8F3046F8BD7F
:109BE000E869DEE79B071ED5856804F0EEF881730F
:109BF0002B689D4209D16B68C4E900531C606C60FE
:109C0000E8E76A689342F6D01B68002BF3D093F91B
:109C10000E209142F5D08A42F3DD5A68C4E9003241
:109C200014605C60D6E78173D4E700BF8C27002006
:109C300049B9EFF3058030B9054B5A699B689A42E0
:109C400001D0FFF71DBE81F31188BFF36F8F7047FE
:109C50008C27002010B5EFF31184202282F31288A4
:109C6000BFF36F8F427BD10604D484F31188BFF316
:109C70006F8F10BD22F010024273FFF71BFE2146CA
:109C80000248BDE81040FFF7D3BF00BF775B00205C
:109C9000034648B9EFF3058232B9064A5169926822
:109CA000914201D0FFF7ECBD83F31188BFF36F8FB2
:109CB000704700BF8C270020EFF31181202383F32E
:109CC0001288BFF36F8F054B9A68D37B013BD37328
:109CD00081F31188BFF36F8F704700BF8C2700207E
:109CE00070B5EFF31186202383F31288BFF36F8FD3
:109CF000144DAB68DA7B0132DA732A4652F8184FFA
:109D0000944200D004B9EC685A7BD20604D1DA89B7
:109D10007F2A01D9A2692AB1A34202D0204600F0CD
:109D2000A9F923466B6186F31188BFF36F8FEFF3B8
:109D30001180202383F31288BFF36F8FBDE870403A
:109D4000FFF7A6BF8C270020024B03F11802C3E9DE
:109D5000062270478C27002070B5EFF31186202370
:109D600083F31288BFF36F8F1B4CA168E0690B6807
:109D7000814214BF1A46002249680B605960A368EB
:109D8000E1692AB9154AC3E900210B60E3610CE0DF
:109D900093F90E0092F90E50A84218D0854216DDB4
:109DA0005168C3E900210B605360A5690B4B9D42CC
:109DB00000D005B9E568A3689D4202D0284600F0AE
:109DC00059F965613046BDE87040FFF759BD8A42D8
:109DD000D8D01268D5E700BF8C270020A427002028
:109DE000F8B550EA010306460C4603D1FFF7B4FF6D
:109DF0000020F8BDEFF31187202383F31288BFF30F
:109E00006F8F124D124BA8681860FFF795FDA86878
:109E1000104923463246183000F026FAAA68537BD0
:109E200043F00403537304463846FFF729FDAB683B
:109E3000D3E90A23B3F1004F08BF002AD8D104F0B8
:109E40001CF9201A20EAE070D3E700BF8C2700201D
:109E5000B8270020C5DE000038B50446EFF31185B1
:109E6000202383F31288BFF36F8F437B5B070FD5EB
:109E7000183004F0BEF8637B23F0040320466373BC
:109E8000FFF718FD29460548BDE83840FFF7D0BE6A
:109E900085F31188BFF36F8F38BD00BF775B00205B
:109EA000014B9868704700BF8C2700202DE9F843CC
:109EB0000446077BEFF31185202383F31288BFF359
:109EC0006F8F437B190705D585F31188BFF36F8F1B
:109ED000BDE8F883D90943F0080260D14273A36852
:109EE00013B1204603F079FF04F1180004F081F863
:109EF000A66D04F15808B04511D04FF0000976B1B5
:109F0000304603F06AFF06F1180004F072F8C6F854
:109F1000BC903046FFF7CEFCA66DB045EFD1DFF820
:109F2000C480D8F808309C4241D1EFF30589B9F1DB
:109F3000000918BF4FF00109D8F818602A4A964264
:109F400000D00EB9D8F80C60B34202D0304600F011
:109F500091F82046C8F8146002F0BEFA204600F0DE
:109F6000DBF8B9F1000F02D02048FFF779FCD8F8F0
:109F700008309C4231D1EFF3058373BB227BD207BB
:109F800018D42846FFF77CFCFB07A1D5002383F3F8
:109F90001188BFF36F8F0423184602DF98E703F0A0
:109FA0007F0343F00803437303F00FFF97E74FF07D
:109FB0000009C1E785F31188BFF36F8F83F3118820
:109FC000BFF36F8F0423184602DFEFF311802023C5
:109FD00083F31288BFF36F8FD4E785F31188BFF343
:109FE0006F8FD1E78C270020A4270020F01C0020D1
:109FF000D3B5DDE90667089CCDE90067FFF784FD6E
:10A000001CB1034B9B681B69236002B0D0BD00BF2D
:10A010008C270020427B12F01F02034610D10A4910
:10A0200088420DD00949086868B1D9897F2909D8C3
:10A0300093F90E20064B1B689A42B8BF0020704768
:10A040000020704710467047701B00200807002052
:10A05000BC270020044BC01A044BC0105843044BCB
:10A0600001221A54704700BFB01D0020ABAAAAAA53
:10A07000775B002070B50D4B0D4D1E7CFFF7CAFFBE
:10A0800006EB460305EBC3050446284603F0B1FF83
:10A09000084B00229A553CB1621E28460649BDE88D
:10A0A0007040D31700F0E0B870BD00BF8C270020CF
:10A0B000B01D0020775B002055A0000038B5EFF3FD
:10A0C0001185202383F31288BFF36F8F0F4B104A43
:10A0D0009C681068A04206D1FFF7CCFF85F3118879
:10A0E000BFF36F8F38BD00211B7C1160094AD35C20
:10A0F000002BF3D02046FFF78DFF0028EED0637BC6
:10A10000DB0601D1FFF750FC2046E5E78C27002055
:10A11000B8270020775B0020EFF31181202383F321
:10A120001288BFF36F8F0C4A136A834208D1D3F8A9
:10A130008030136281F31188BFF36F8F704713462D
:10A14000002BF7D0D3F880208242F8D1D0F88020BD
:10A15000C3F88020EEE700BF8C270020F8B5054645
:10A160000E46EFF31187202383F31288BFF36F8F1E
:10A17000064B1C6A24B987F31188BFF36F8FF8BDB3
:10A1800020463146A847D4F88040F3E78C270020CA
:10A19000F8B506460F46EFF31183202282F31288AA
:10A1A000BFF36F8F0C490C6A154624B983F31188ED
:10A1B000BFF36F8FF8BD83F31188BFF36F8F3946FC
:10A1C0002046B047EFF3118385F31288BFF36F8FFA
:10A1D000D4F88040E9E700BF8C270020024B1868C4
:10A1E000984208BF002070470C070020034B1B68F3
:10A1F0000BB9FCF709B80020704700BFC02700204A
:10A2000030B570B10B4B5B6898420AD0036843B11C
:10A21000D3E90421D0E90445121941EB0501C3E952
:10A220000421D0E9003213605A600023C0E90033F2
:10A2300030BD00BF0C07002070B50246FFF7CEFF0F
:10A240000849034600204D68014603B970BDD3E9B3
:10A250000446001941EB06019342F7D09D42F5D028
:10A260001B68F2E70C070020B3F1FF3F08BFB2F113
:10A27000FF3F2DE9F84F0446994615461F467AD010
:10A280008160EFF31188202383F31288BFF36F8F6F
:10A29000B9F1000FDFF8E4A020DBFFF7A7FFDAE950
:10A2A0000027013549F100092D1849EBE073C4E995
:10A2B0000453AD18064643EB07074FF00109FFF7BB
:10A2C0008DFFDFF8BCE0DEF804A00346EBB9C4E97B
:10A2D00000EACAF80040CEF8044028E0DAE90012AB
:10A2E0006FF001035B1A4FF0FF3161EB02025B1B61
:10A2F00062EB0902012B72F10001BCBF01230022B5
:10A30000C0E904324FF00009D9E7D3E9041CD4E9CD
:10A3100004208A4270EB0C0B24DA891A5A686CEB21
:10A320000000C3E90410C4E9003214605C60FFF768
:10A3300055FF84420ED1134B1B685BB9B9F1000F76
:10A3400002D1FFF753FF0646304603F03BFE0021E3
:10A35000FBF72CFF88F31188BFF36F8F284639462F
:10A36000BDE8F88F521A60EB0C009A45C4E904204E
:10A37000ADD01B68AAE700252F46EFE7C81D0020D7
:10A380000C070020C02700202DE9F047EFF31185CE
:10A39000202383F31288BFF36F8FDFF8A490DFF8D8
:10A3A000A480C9F80000FFF719FF00260027D9F89C
:10A3B0000030D8E900ECD91750B1D0E90442A342EB
:10A3C00071EB020A1CDAE41A62EB0102C0E90442F2
:10A3D00013EB0E034FF000044CEB01012046C8E9DB
:10A3E0000031C9F8004003F0EDFD2146FBF7DEFE29
:10A3F00085F31188BFF36F8FBDE8F047FFF75EBEAE
:10A4000014EB0E024CEBE473C0E90467C8E90023C7
:10A41000FFF7F6FE85F31188BFF36F8F83689847C7
:10A42000EFF31185202383F31288BFF36F8FD9F8E0
:10A4300000301B1BC9F80030FFF7D0FEB7E700BFA4
:10A44000C0270020C81D002010B5EFF31184202381
:10A4500083F31288BFF36F8FFFF7C8FE054A0346E8
:10A46000D2E90001181841EBE37184F31188BFF3BE
:10A470006F8F10BDC81D0020F8B50646EFF3118799
:10A48000202383F31288BFF36F8F026822B187F312
:10A490001188BFF36F8FF8BDD0E90A54691C44F1ED
:10A4A0000003022973F1000334D3013D44F1FF346A
:10A4B000002CBCBF15462C4603F0E3FD013041F1F2
:10A4C0000001401944EB0101012871F100014ADB50
:10A4D00003F0D7FD013041F100016FF00203401994
:10A4E00044EB010183426FF000438B4140DB03F0FA
:10A4F000C8FD013041F100016FF00102401944EB49
:10A5000001044FF0FF33121A63EB04031A4930467B
:10A51000FFF7AAFE336B01333363336A6BB187F302
:10A520001188BFF36F8F336A30469847EFF3118776
:10A53000202383F31288BFF36F8F334653F8184FED
:10A540009C42A4D0002CA2D0204603F087FC00231C
:10A55000C4F8BC3087F31188BFF36F8F2046BDE885
:10A56000F84003F06CBC6FF001024FF0FF33CDE711
:10A5700000224FF00043C9E779A400002DE9F04123
:10A5800005461C4690461F46EFF31186202383F3B1
:10A590001288BFF36F8FB4F1FF3F08BFB2F1FF3FE6
:10A5A00005D186F31188BFF36F8FBDE8F081002CD1
:10A5B00009DB012A74F10003BCBF0122002412F15F
:10A5C000FF3844F1FF37284603F013FDDDE90601AB
:10A5D0000023C5E90A012B6342463B46284602494F
:10A5E000FFF742FEDDE700BF79A400002DE9F0434C
:10A5F00085B04FF000090546CDF8049000F10C0736
:10A60000EFF31188202383F31288BFF36F8F8368E1
:10A61000594003EA02060A4053400E4901AACDE917
:10A62000023903F0ADFC019C3CB1C4F8BC9020465B
:10A630000021246E03F023FCF6E7DDE9023223EA71
:10A6400002033846AB604146FFF7F2FA304605B0E8
:10A65000BDE8F0835DE10000014BC0F8B030704709
:10A660002008002038B5064C064DAC4201D300202E
:10A6700038BDD4E90112204603F09EFD1434F4E7FE
:10A68000200800203408002007B5074B0093074935
:10A6900007484FF0FF334FF48052FEF741FF002090
:10A6A00003B05DF804FB00BF40EF0000C09C002039
:10A6B000D01D002010B50A4C23681BB10123236074
:10A6C000002010BD00F0EAF80028F7D00138062875
:10A6D00003D8044B53F8200010BD034810BD00BF41
:10A6E000C42700204CEF0000FE8FFFFFBFF34F8F09
:10A6F0000549064BCA6802F4E0621343CB60BFF31E
:10A700004F8F00BFFDE700BF00ED00E00400FA0539
:10A7100010B4094B09490A4C4FF0FE32C3F800242B
:10A720004968C3F80424C3F80824C3F80C240023A0
:10A73000C4F8003510BC084700B0025014070020D0
:10A7400000A00250D0E90012014BC3E9001270478B
:10A750001407002010B5044650B1636813F0685F19
:10A7600005D0064A934202D000232360626010BDE8
:10A77000034B04485B689847EFE700BF2C5F5CA978
:10A780001407002068EF0000C8B143680D4A9342E7
:10A7900013D013F0685F0ED0012350E8002F194644
:10A7A00040E8001C9CF0000FF7D1012AF5D0BFF360
:10A7B0005F8F0020704704487047044870476FF46B
:10A7C000E04070472C5F5CA9E98FFFFFEA8FFFFF35
:10A7D00080B14368094A93420AD013F0685F05D0FC
:10A7E000BFF35F8F0023036018467047044870472B
:10A7F000044870476FF4E040704700BF2C5F5CA9CD
:10A80000E98FFFFFEA8FFFFF10B5044620B1044B2C
:10A8100063600022226010BD0248FFF779FFF6E76F
:10A820003A00003A90EF000070B5D0E90023174CD1
:10A83000174D6360D0E90230C4E9023022604868F5
:10A84000D1F800C0134BC3E900C0D5F81801D1F806
:10A8500008C0C3F808C010F0685FD1F80CC00969DF
:10A86000C3F80CC0196110D00B49C5F8BC11002306
:10A87000C5E9453105F58A70C5F8B83190472368B8
:10A8800005F5DC70BDE87040184770BD300700204A
:10A89000DC2700201C0700202C5F5CA938B500F0E5
:10A8A0002FF820B1032400F063F8204638BD00F0F3
:10A8B00031F898B900F0ACF898B90F4DD5F82839AF
:10A8C0001B0EF02B08D1D5F8242A0C4B9A420AD043
:10A8D000072400F017F8E6E70624FAE704242046E8
:10A8E00038BD0024F5E7012000F092F80446002866
:10A8F000F7D1C5F80C0AD8E700B002500000E020FC
:10A900000020704700207047014BC3F8040A7047CD
:10A9100000B0025010B5114800F048F800B110BD69
:10A920000F4800F043F80028F9D10E4C204600F003
:10A930003DF80028F3D10C4B0C481C6000F036F8B1
:10A9400001460028EBD100F02DF8044608B120465E
:10A9500010BD00F03FF82046FAE700BF7007002066
:10A960006C070020680700206007002064070020B3
:10A9700008B5084800F024F8074800F021F8074817
:10A9800000F01EF8064800F01BF8BDE8084000F093
:10A990000BB800BF700700206C070020680700207C
:10A9A0006407002000207047704700BF08B5034BC4
:10A9B00002681B6810689847002008BD3007002017
:10A9C00008B5034B02685B6810689847002008BD13
:10A9D0003007002070B5094C094D2069AB689847D5
:10A9E00018B1084B08485B689847084AEB6820692B
:10A9F00000211160BDE87040184700BF1C0700200F
:10AA00003007002014070020B4EF0000D8270020F2
:10AA1000F8B51A4D1A4E0446B26828699047E8B94D
:10AA2000184F3B684CB1A3B1012B19D0013B3B60DF
:10AA30002869F36898470020F8BD43B9124A0121FC
:10AA4000C2F800151149D1F81029002AFBD10133B1
:10AA50003B60F368286998470020F8BD0C48F8BDB2
:10AA60000A4AD2F81039002BFBD1074A6FF07E401A
:10AA7000C2F80035FFF748FF3B68D7E71C07002006
:10AA800030070020D827002000A0025000B002505C
:10AA9000E98FFFFF0CB430B589B005460C461C2287
:10AAA000002101A803F03BFC02238DF806300E4B79
:10AAB0000293059523462CB1B4F1004F28BF4FF007
:10AAC0000043013B1D440DAA0C99069501A8009274
:10AAD00000F072F814B1059B00221A7009B0BDE8AD
:10AAE000304002B0704700BF2FE30000242AF0B5C9
:10AAF000044601D8012A40D103F022FC2D4B162236
:10AB00001A5001B10C600020F0BD2F463D4615F8EB
:10AB1000010B2028F9D0A0F10906042E0346F4D930
:10AB20002B282CD02D282CD101267B78BD1C302B36
:10AB30002DD1287840F02000782824D132F0100060
:10AB400021D16B782C46102202350020392B82BF90
:10AB500003F1FF3343F02003263B303B9A421AD9DE
:10AB6000A0FB02040CB9C01801D346F002062F4620
:10AB70002C4617F8013B3D46E8E70746C6E70026A6
:10AB8000D3E70026D3E7002A08BF0822DDE7002A22
:10AB900008BF0A22D9E701B10C60F20748BF404262
:10ABA000B307B1D503F0CCFB024B22221A504FF071
:10ABB000FF30A9E70C0000002DE9F04F8DB043688D
:10ABC0000293837815469A07804640F10D81002450
:10ABD0000E78002E00F00A81252E0BD04B1C03931B
:10ABE0000134029B4146304698470028C0F2F68067
:10ABF0000399EDE74E788B1C252E0393F0D00027A8
:10AC0000B946BB46BBF11F0F38D8A6F12003102B65
:10AC10000AD8DFE803F02A090930090909210909DE
:10AC20000928092D09091F00A6F13003092B33D982
:10AC30002A2E37D11BF0400F55F8043B40F082809C
:10AC4000002BA7BF4BF0200B9946C3F100094BF036
:10AC5000280B01E04BF0010B039B13F8016B0393EE
:10AC6000002ECFD130E04BF0020B4BF0040BF3E79A
:10AC70004BF0080BF0E74BF0100BEDE7BBF17F0F4B
:10AC800019D8A6F13003092BD2D81BF0400F03D0FE
:10AC90000A2101FB0737DFE70A2101FB09394BF0E5
:10ACA000200BD9E72E2E06D11BF0400F40F09E80DE
:10ACB0004BF0400BD0E76C2E31D02BD8682E36D01D
:10ACC0006A2E3CD04C2E3AD0002F46F02003B8BF5D
:10ACD0002BF04002A3F16501BCBF1FFA82FB0027E5
:10ACE000022901D9612B2FD1073525F00705DFF89F
:10ACF000ACA2083507271BF0080F66D00AEB070B3C
:10AD000056465E4563D1A4EB0A0A06EB0A02A9EB9C
:10AD100007096FE1742E9FD07A2E9DD0D4E71BF0E7
:10AD2000800F18BF4BF4007B4BF0800B94E71BF4B3
:10AD3000807F18BF4BF4007B4BF4807B8CE74BF497
:10AD4000207B89E71F4687E7A6F16301122900F2FD
:10AD5000F080DFE811F013004F00EE00EE00EE008F
:10AD6000EE004F00EE00EE00EE00EE00EE00FE0002
:10AD7000E900EE00EE001B00EE00AF0055F8043BCA
:10AD80008DF8183001270DF1180AB4E755F804AB17
:10AD9000834BBAF1000F08BF9A461BF0400F14BF57
:10ADA00039464FF0FF31504603F02EFA0746A2E72E
:10ADB000029B41462020984700280FDB013EB74206
:10ADC000F6D34C44A41BB14698E74E46F7E716F875
:10ADD000010B029B41469847002892DA98F802300E
:10ADE00043F0040388F802304FF0FF3420460DB0E2
:10ADF000BDE8F08F1BF0800F34D01BF4007F2CD007
:10AE0000073525F00705AA4669685AF8080B2BF0A4
:10AE100010050029ADB237DA404261EB410145F43B
:10AE200080650DF1180B0A235A4603F0F9F9A0EBDF
:10AE30000B0301936B0662D5019B25F001019F4234
:10AE400089B240F3A180002E00F0998015F0100225
:10AE500040F09C80BB460D4623E0AA465AF8040BFE
:10AE6000C117D4E7AA461BF4807F5AF8041B01D10E
:10AE70000846F5E71BF4007F15BF48B208B241F35E
:10AE8000C01141F3C031C2E750EA0103C9D11BF040
:10AE9000400FC6D0002FC4D12BF0110295B2BB4693
:10AEA000019740F2064115EA01021CBF0BF1010BAC
:10AEB00000222CE02BF010021FFA82FB0A231BF069
:10AEC000800C49D01BF400711DBF073525F0070524
:10AED000AA46AA461ABF5AF8080B69685AF8040B22
:10AEE00050EA010545D12BF016051BF0400FADB21D
:10AEF00042D0002F40D12BF0170295B2019715F0E8
:10AF0000100248D0019B002E42D103F1010B29070A
:10AF10005AD4EB0706D5D9456FDD0199A9EB0B0390
:10AF20005F18CB465B4649E04BF0100B10237826A8
:10AF3000C5E7782B04D1C6F1780343F01003BEE7D0
:10AF4000029B4146252098470028FFF647AF023470
:10AF500047E608230026B2E7AA461BF480715AF898
:10AF6000040BBDD01BF400711ABFC0B2614680B2A1
:10AF7000B6E72BF0060295B20DF1180B54E725F059
:10AF80001105ADB2BB468CE70D46B8E73B460D4612
:10AF900003F1020BBBE7DDF804B082E7000F01000C
:10AFA000F90E0100CDE904324146029B202098476A
:10AFB0000028FFF613AF049B059A01339945F1DC95
:10AFC000A4EB0B01CC189B460AB3029B41463020F0
:10AFD00098470028FFF602AF8EB901342744019B41
:10AFE000391B994224DC1D465DBB019AA9EB0B0974
:10AFF000224455461446914435E0019F92E70234BD
:10B0000041463046029B98470028E7DAE6E640F2E0
:10B0100006410D42E2D015F0020F14BF2B20202074
:10B0200015F4806F04F10104414618BF2D20E9E7B3
:10B03000029B414630209847002804F10104CEDAF3
:10B04000CCE606AB013D4146585D029B984700287F
:10B05000CADAC3E6029B414620209847002804F143
:10B060000104FFF6BBAEA9EB0403002BF2DCBFE545
:10B07000704702F041BF836800EBC101B3F5004F98
:10B080002CBF51F8220031F81200704700EBC101CB
:10B090008068B0F5004F2CBF41F8223021F8123003
:10B0A000704708B50122FFF7E6FFD04008BD83686E
:10B0B000B3F5004F00EBC10108D34B681AB143F060
:10B0C00001034B60704723F00103FAE74B881AB184
:10B0D00043F001034B80704723F00103FAE753006C
:10B0E0000122FFF7D3BF8368B3F5004F34BF0423B9
:10B0F0000823481C0833A0EBD300B0FA80F0C0F15D
:10B100001F0070472DE9F0410D4686680446FFF7A1
:10B11000C8FFB6F5004F014601D3012832D02046C2
:10B12000FFF7E1FF04EB80010E6996B9E3680122A5
:10B1300082401343E36002220D612B4629462046DC
:10B14000FFF7A4FF032229462046BDE8F041FFF7A0
:10B150009DBF022231462046FFF78DFF2946034658
:10B1600007462046FFF792FF032233462946204632
:10B17000FFF78CFF39462B462046FFF787FF022258
:10B180003146E1E7BDE8F081B2F5802F2CBF0823FE
:10B190000423D21A2DE9F0418C18CD1D25F00705A6
:10B1A00024F00704641B0026E40805602146AC6017
:10B1B000EE602846FFF797FF421D9200013002F132
:10B1C00007074FEAD707A2F110023146B8BF32464F
:10B1D00005F1100003F0A3F83A4631462846FFF780
:10B1E0007EFF3346324631462846FFF74FFFA4EB39
:10B1F0000708284631460122FFF759FF42463946E3
:10B20000FFF76DFF3B46324639462846FFF73EFFC3
:10B2100021462846FFF763FF43463246214628462B
:10B22000FFF734FF214628460122FFF740FF394649
:10B23000BDE8F041FFF766BF2DE9F04706460D4631
:10B24000174698462BB398F8004093F80190DB78A6
:10B25000A40004EB430498F802301C4444444FF02B
:10B26000000ACA4509D3D8F8042008F10803394672
:10B270003046AC46BDE8F047604714F8013B48F85B
:10B2800023402046F4F7B0FF013004440AF1010ADC
:10B29000E7E76FF01500BDE8F08770B500250246BE
:10B2A0002846144614F8013B0BB9184609E098B13A
:10B2B0008D4207D1702B04D0A3F140023A2A0BD85B
:10B2C000002070BDA3F140063A2E05D85378013511
:10B2D000941C002BE9D00020252B08BF80F0010032
:10B2E0002246DEE7002070470FB407B504A951F8E5
:10B2F000040B019100F06FFB03B05DF804EB04B0A8
:10B30000704710B50369024613F0080009D11368AD
:10B31000D4689C4297BF126AE31AD31A01200B60CB
:10B3200010BD00231846FAE713B501A90446FFF73C
:10B33000E8FF20B1019BE268013B13440193206ABE
:10B34000019BC01A013802B010BD10B50446501858
:10B350002269236AD20702D5013B184010BD9842EA
:10B3600028BFC01AFAE710B504460A46C168FFF7BD
:10B37000ECFF2369E06023F00803236110BD38B5BA
:10B380000D46C2698B00016843F0020342F8213088
:10B39000044601682A46FFF7D8FFE3686168206029
:10B3A000984202BF236943F0080323612A462046DE
:10B3B000FFF7CBFF606038BD2DE9F74FC768C6695E
:10B3C0009B4606EB8703009316F8273003F0030330
:10B3D000022B0446884691464FF000030BD01360C1
:10B3E000CBF8003023699B0713D44FF0000A504676
:10B3F00003B0BDE8F08F56F8271013608908CBF82A
:10B400000030EFD0FFF7AFFFE368A3604FF0010A11
:10B41000EDE7A36906EB8700984716F8272012F09E
:10B42000010A0546E1D012F002021FD0B8F1000F68
:10B4300003D041462046FFF7A2FF61682A46204616
:10B44000FFF783FFD4E902219142606006D12A46CA
:10B450002046FFF77AFF4FF0000AA060A268226042
:10B46000E260226942F008022261C0E701462046FC
:10B470000192FFF778FFE368A360B8F1000F04D0F2
:10B480002168E369019A43F8212005EB0802CBF813
:10B49000002021682046FFF758FF2369206043F011
:10B4A0000803236116F827306FF3000306F82730EE
:10B4B000009BC9F80030A9E770B504461546FFF7B0
:10B4C00044FF2368834205D12369216023F00803E8
:10B4D000236170BDE269AB0043F0020342F8213002
:10B4E000204661682A46FFF730FF6060F1E738B513
:10B4F00003695B07044606D5456AFFF715FF8542D9
:10B500002CBF6562606238BD38B50D4604461C220A
:10B51000002102F004FFEB68A361AB6863612B6854
:10B52000E3616B682362002262622A6923B1591EBB
:10B53000194208BF42F001022261012204F12800F1
:10B540000021BDE8384002F05EBB2DE9F04F87B026
:10B5500000250093036A03958B4204460E469246EB
:10B560000595A94639D3EFF3118B202383F3128875
:10B57000BFF36F8F059AD8462AB129462046FFF7B8
:10B580009BFF0023059304A92046FFF7BAFE049908
:10B59000B14207462AD32268E36913F8221021F04A
:10B5A000030103F8221003EB82092168324620468A
:10B5B000FFF7CBFEE3682060984212D0002788F3A3
:10B5C0001188BFF36F8F039929B162690AB12046D0
:10B5D000904700230393002FC5D1484607B0BDE82C
:10B5E000F08F236943F008032361E7E718B1204691
:10B5F000FFF7C5FEE3E7009B5AEA03021CD0019166
:10B6000002F0CAFB0199B8B9BBF1000F14D187F35E
:10B610001188BFF36F8F009B524604F12800FDF79D
:10B6200017FEEFF31188202383F31288BFF36F8F87
:10B63000B0FA80F77F09C2E705AB03AA2046256868
:10B64000FFF7BAFE0746BAE770B5044683690846B5
:10B650000D4698470246EFF31186202383F31288A4
:10B66000BFF36F8F2B7843F001032B706168204686
:10B67000FFF76BFE60602046FFF739FF86F3118805
:10B68000BFF36F8F70BD2DE9F041044620270020E5
:10B69000EFF3118687F31288BFF36F8F236913F0DE
:10B6A000080FA36802D16268934200D9226AE16957
:10B6B000D21A5AB986F31188BFF36F8F18B104F10B
:10B6C0002800FDF791FD4FF0000834E011F8232029
:10B6D00012F0030501EB8308ECD0022D03D151F8E1
:10B6E0002350AD0805D1D00713D4A369404698472D
:10B6F0000546A1682A462046FFF727FE2946A06096
:10B700002046FFF730FE86F31188BFF36F8F0120CC
:10B71000BEE742F0020201F823204046A369A56873
:10B720009847294602462046FFF70FFEA06086F3A1
:10B730001188BFF36F8F4046BDE8F081F8B504462D
:10B74000836908460D4698470646EFF31187202384
:10B7500083F31288BFF36F8F2B786FF300032B7086
:10B7600023699B0705D5E268E36903EB82039D42E9
:10B770001AD12B786FF341032B70D4E9023199422F
:10B7800004D132462046FFF7E0FDA0603146204656
:10B79000FFF7E9FD87F31188BFF36F8F04F12800ED
:10B7A000BDE8F840FDF720BD2B6860F39F032B60D8
:10B7B000F0E7EFF31181202383F31288BFF36F8F3B
:10B7C000036913F0080F836802D14268934200D9DD
:10B7D000026AD31A81F31188BFF36F8F181E18BF46
:10B7E00001207047038B13F0070305D10368002B7A
:10B7F0000CBF002003207047022B05D1408BB0FA0C
:10B8000080F0400980007047012B05D10368002BB0
:10B810000CBF0020052070470020704710B50C4673
:10B8200000B111B96FF0150010BD081D00F093F8BC
:10B830000028F9D1A368032BF6D9F3E72DE9F041ED
:10B840000D4607461946281D90461E4600F094F8FE
:10B85000044638B13346424629463846A446BDE838
:10B86000F0416047BDE8F08110B4EFF3118220246D
:10B8700084F31288BFF36F8F416110BC0121F5F78B
:10B880003BBC38B50C46054658B151B10B6843B1C5
:10B890004B6833B11C22002102F041FD2C610020D5
:10B8A00038BD6FF01500FBE770B505460E46FFF793
:10B8B000B5FF041E14DBEFF31182202383F31288FB
:10B8C000BFF36F8F6B8B2C8B4FF6FF718B4204F0A5
:10B8D000070407D182F31188BFF36F8F6FF00A045A
:10B8E000204670BD022C0CD101336B8382F311888A
:10B8F000BFF36F8F0023224631462846FFF79EFF95
:10B90000EEE7062C14D8DFE804F004131313041A2E
:10B910000400002333606B683BB9C5E90066ACB92D
:10B9200002212846F5F7E8FBDAE71E606E60F6E7CD
:10B9300082F31188BFF36F8F6FF00404D0E782F3B6
:10B940001188BFF36F8F6FF08504C9E782F3118808
:10B95000BFF36F8FC4E7034658B1426802F0030299
:10B96000012A03D0032A04D1026812B10020986092
:10B9700070476FF0150070474268816002F0030263
:10B98000032A4FF0000203460CBF006810465A60BD
:10B990007047704703785B075FBF03684288C3F353
:10B9A0004A2303EB12105DBF173020F00700800818
:10B9B000002070470020704701F0A8B80346BFF38D
:10B9C0005B8F53E8000F421C43E800210029F8D1A7
:10B9D000BFF35B8F70471FB50023CDE90201CDE9AE
:10B9E00000331A4619461846F6F7A4F805B05DF874
:10B9F00004FB0120F5F764BD0020704718B14068D2
:10BA00000079F5F76FBF4FF0FF30FAE738B54368BC
:10BA100004460D46DA711146F5F7C2FF63681D60F2
:10BA2000636801225A71BDE83840F5F73BBD70B537
:10BA300015460C4669B1D2E901369B1B99420AD8DA
:10BA400013680A460146981902F041FCAB6823448A
:10BA5000AB60204670BD6FF01B00FBE770B50E4673
:10BA600015461946044618B9BDE87040F5F728BDDB
:10BA700033B1C2F34A231030120D184402F027FCF0
:10BA8000C4E900562046BDE87040F5F7D1BEF8B5D0
:10BA900006460D4614461F4604B9F8BD2146284601
:10BAA0003A46B047241A0544F6E710B54268816863
:10BAB0000446D2E900230068FFF7E9FF636800222B
:10BAC0001A6010BD38B54B681A68CB689A420546B3
:10BAD0000C4602D10846FFF7E8FF6368BFF35B8FAF
:10BAE00053E8002F511C43E800100028F8D1BFF3A1
:10BAF0005B8FA3689D54002038BD0A2838B50446E2
:10BB00000D4602D10D20FFF7DDFF29462046FFF745
:10BB1000D9FF002038BD2DE9F043054687B008461F
:10BB20000E8891F80090D1F808800C461746F6F779
:10BB300063F8011EC6F38216C9F3C2091EDB48462C
:10BB4000F5F788FE03462146608851F8102B0196D0
:10BB5000C2F34A22002A01EB0204C0F30B1008BF13
:10BB600000210022CDE90407CDE9021400924146EC
:10BB70002846F6F76DF807B0BDE8F0830023E2E74A
:10BB800008B50120F5F7A2FA08B50020F5F79EFAEE
:10BB90000B68834204BF01230B71704710B500206E
:10BBA0001C4601F063FF2060002010BD08B519B1EC
:10BBB0004068083002F073FA002008BD10B5446BED
:10BBC0000020FCF7D9FF28B12368216C0020BDE8D4
:10BBD0001040184710BD08B54068083002F05FFA01
:10BBE000002008BD10B50346BFF35B8F53E8000F7C
:10BBF00040EA010243E80024002CF7D1BFF35B8F39
:10BC000010BD10B50346BFF35B8F53E8000F00EA89
:10BC1000010243E80024002CF7D1BFF35B8F10BD75
:10BC2000042100F51B70FFF7DDBF00F51F70FDF765
:10BC3000DBBA4FF0FF324FF0FF3300F51F70FDF716
:10BC400007BB00F51B7019B14FF40061FFF7CABFC5
:10BC50006FF40061FFF7D5BF08B500F51A7029B180
:10BC60000121FFF7BFFF00F0010008BD6FF00101E7
:10BC7000FFF7C7FFF7E773B5044680680E46154621
:10BC800000F51C7000220023CDE9002302F090FA99
:10BC900058B1A06800F51C70314602F085FA2046C4
:10BCA0002B4602B0BDE87040184702B070BD38B5F1
:10BCB000054688680C4600F51C7025B90121BDE8D1
:10BCC000384002F06EBA082102F06BFA012D07D15C
:10BCD000A0680221BDE8384000F51B70FFF782BF65
:10BCE00038BD08B500F51F70FDF7B2FAB0FA80F064
:10BCF000400908BD10B504468068012100F51B709D
:10BD0000FFF770FFA3681B79022B02D12046F6F7DC
:10BD10007DFEA0686FF00101BDE8104000F51B70CA
:10BD2000FFF76FBFF8B5044680681F460379022B02
:10BD30000D46164607D0BDE8F8404FF4805100F597
:10BD40001B70FFF74FBF40F267620023FFF7C9FF88
:10BD500048B3A368D3F86C22100508D49A6B32B9A3
:10BD6000D3F86832990602D5204600F045FA3B46E2
:10BD700032462946204600F08AFAA368D3F86C229E
:10BD8000120508D49A6B32B9D3F868329B0602D5F3
:10BD90002046F7F7B1F9606900F042F8A068BDE805
:10BDA000F840FFF742BFF8BD0EB403B503AB08215E
:10BDB00053F8042B0193FFF7B5FF02B05DF804EBD5
:10BDC00003B070470EB403B503AB032153F8042B43
:10BDD0000193FFF7A7FF02B05DF804EB03B07047D3
:10BDE0000EB403B503AB012153F8042B0193FFF705
:10BDF00099FF02B05DF804EB03B0704710B540F254
:10BE00006762044600238068FFF76BFF38B1204665
:10BE1000F6F78AFCA068BDE81040FFF706BF10BD2A
:10BE200010B502698368126801680446C0689847C3
:10BE3000236900221A6010BD38B5CB681B7C022B29
:10BE400005460C4604D10A2802D10D20FFF7F4FF65
:10BE5000236922681B68D554226913680133136073
:10BE600023691A6863689A4202D12046FFF7D8FF17
:10BE7000002038BD08B510B1F4F7B6F980B208BD9E
:10BE800010B5047B438922442144B2FBF3F003FB49
:10BE90001022B1FBF3F003FB1010101A10BD10B507
:10BEA000047B438921441019B1FBF3F1B0FBF3F09B
:10BEB000401A10BD30B5057B43892944B1FBF3F42A
:10BEC00003FB141101312A4401340180B2FBF3F168
:10BED00003FB1122848001324C1CC480428030BD9F
:10BEE0002DE9F74F00260746884614469946066016
:10BEF000B2462378002B00F0BF80202B3AD0093BBC
:10BF0000042B37D93B685A1C3A6048F823403B68F9
:10BF10004B4500F0B18000262278002AE9D0A6B96E
:10BF2000164623461C46272E04D05C2E25D0222EF2
:10BF300040F096802046FFF79DFF611C0246204698
:10BF400002F0D3F92278002AD3D0B242A34604F1FA
:10BF5000010420D15846FFF78DFF2146024658467E
:10BF600002F0C3F99BF800605C46002ED9D1C0E70F
:10BF70000026BEE704F801ABBBE72046FFF77AFFD7
:10BF8000651C02462946204602F0AFF966782C4629
:10BF9000002EC8D1ADE75C2A9BF80120D3D1B24274
:10BFA000104608D15846FFF765FF2146024658461D
:10BFB00002F09BF9B0E7302A25D1022300251BF8B7
:10BFC0000300A0F13001C9B2072919D8ED000133EF
:10BFD000EDB2052B45EA0105F1D1591E59445846E9
:10BFE00001930091FFF746FF019B0099023BC21AA3
:10BFF000584602F07AF99BF801208BF80050A2E72E
:10C00000DBB2022BE9D1782825D1022100251BF8CB
:10C010000130A3F13000C0B2092808D82D01EDB2DB
:10C020000543022901D00423D7E70321EFE7A3F159
:10C030006100052805D82D01EDB2573B1D43EDB237
:10C04000EFE7A3F14100052803D82D01EDB2373BFE
:10C05000F4E7022902D10BF1010474E70323BCE7E2
:10C06000202E85D0093E042E82D96678631C002ECE
:10C070007FF458AF1C463CE7304603B0BDE8F08F74
:10C080002DE9F0410F4686B01646044670B10346CE
:10C0900001AC00F1100518685968224603C2083344
:10C0A000AB421446F7D11868106001AC4FF000089D
:10C0B000414632462046F6F7D1FE08F10108054612
:10C0C00028B129683846F4F785F80028F0D12846C9
:10C0D00006B0BDE8F0810EB403B503AA52F8041B04
:10C0E0000192F6F7A7FE02B05DF804EB03B07047CB
:10C0F00038B50446B0F84450006810B1F4F774F84D
:10C1000080B2401907D0638DB0FBF3F203FB12003D
:10C11000B0FA80F0400938BD704738B58468D4F86B
:10C120006832B4F846502068C3F340035D4310B151
:10C13000F4F75AF880B2638D2844B0FBF3F203FBA6
:10C140001200B0FA80F0400938BD10B5044680688E
:10C15000B0F84420B0F846102030FFF7ABFEA068DE
:10C16000FFF7C6FF20B16069BDE81040F6F7D8BE02
:10C1700010BD38B5054680680C46B0F84610B0F8DA
:10C18000442020300C44FFF795FEA868A4B2B0F814
:10C19000461022462030FFF782FEA8682246B0F8FB
:10C1A00046102030FFF76CFEAB68A3F8464038BD60
:10C1B0008368B3F84610494209B2FFF7DABF8368D3
:10C1C000B3F84410B3F84630C91A09B2FFF7D1BF2B
:10C1D0008368B3F846301BB14FF0FF31FFF7C9BF9A
:10C1E00070478368B3F84620B3F844309A4202D2CD
:10C1F0000121FFF7BEBF70478068B0F84420B0F857
:10C2000046102030FFF756BE2DE9FF4105460F4688
:10C2100014460026A4B904B0BDE8F081D3F86C221E
:10C220009207FBD5BFF35B8F03F51B7353E8001F29
:10C2300021F0020143E80012002AF7D1BFF35B8F1F
:10C24000686803682246D3F80C80B91903ABC0476D
:10C25000039A1644A41A002ADCD1AB681979032981
:10C26000EED00229DAD84FF0FF304FF0FF31CDE9A0
:10C270000001082103F51C7001F09AFFA86800F581
:10C280001C70082101F090FFDAE7FFF7BDBF1146EF
:10C2900040691A46F6F7CEBD0CB407B504AA40694A
:10C2A00052F8041B0192F6F7C5FD03B05DF804EBEC
:10C2B00002B070472DE9F0418768B7F84460B318C1
:10C2C000FF2B05468846144626DCB7F84630F61A9A
:10C2D0004A331F44B6B232463946381902F005F8DF
:10C2E00022464146384601F0F2FFAA68B2F84430CF
:10C2F0002344A2F84430AB68B3F84420134400222E
:10C3000083F84A20AB68D3F86812890706D4B3F8DB
:10C3100046201444A3F84640BDE8F0813146284643
:10C32000BDE8F041F6F73EBE38B505468068B0F886
:10C330004620B0F84440A41AA4B29CB14A3210443A
:10C34000411C224601F0D1FFAA68B2F84430013BFB
:10C35000A2F84430611E28460122BDE8384089B267
:10C36000F6F720BE38BD10B58368B3F84420044604
:10C370005AB1B3F8463043B14FF0FF31FFF7F9FE41
:10C380002046BDE81040FFF7CFBF10BD70B592B09A
:10C390000023054601934FF47A74686803684022CD
:10C3A0001E6902A901ABB047019B13B108B9013C5A
:10C3B000F3D112B070BD0EB403B503AA52F8041B3A
:10C3C0000192F6F737FD02B05DF804EB03B0704759
:10C3D0002DE9F843054690460F46002960D0002419
:10C3E0003B5D202B23D0093B042B20D93846F3F7A3
:10C3F000FBFEAB68598D80B2001BA1EB080398428D
:10C4000007EB040915D94846002610F8012B202A0D
:10C4100006D0A2F1090CBCF1040F02D80A2A2ED0D2
:10C42000334608EB0602914228D90136EDE7013484
:10C43000D6E74B460026B04208D168694946FFF767
:10C44000BAFF6869BDE8F843F6F76EBE13F8012B32
:10C450000A2A11D16869FFF7E3FC324649462846AB
:10C46000FFF7D2FE013434446869F6F75DFE4146B9
:10C470002846FFF751FEB9E70136DCE71E4668693A
:10C48000FFF7CEFC324649462846FFF7BDFE34444E
:10C490003B5D202B02D0093B042BE5D80134F7E7A4
:10C4A000BDE8F88308B50020F4F710FE01F037BFAF
:10C4B00001F00DBF01460068F7F72CB808B5F7F793
:10C4C000C5F8BDE80840F7F7E5B80023F5F7A6BAC8
:10C4D00000210120F7F71EB86FF08500704761B6A4
:10C4E00062B680F31188BFF36F8F704772B6002376
:10C4F00083F31188BFF36F8FBFF34F8F30BF62B6E6
:10C50000BFF36F8F704772B6002383F31188BFF3B8
:10C510006F8FBFF34F8F20BF80F31188BFF36F8FF2
:10C5200062B67047202809D9B0F1004F08D8013809
:10C53000B0FA80F0C0F11F0040007047082070473B
:10C540003E20704708B5D1E904319847002008BD66
:10C5500008B5F8F74DF8002008BD08B50A460146B1
:10C560000020F8F79BF808BD0369C9B20C2201FB53
:10C570000233186C00F00700704770B5C9B2036948
:10C58000EFF31185202484F31288BFF36F8F0C26FC
:10C5900006FB0134246C14F0C00408D0A24206D07B
:10C5A00085F31188BFF36F8F4FF0FF3070BD71437B
:10C5B0000B4401221A6485F31188BFF36F8F43681F
:10C5C0000B445B6898470020F0E78022FFF7D5BF57
:10C5D000F8B5069F0469C9B2EFF31186202585F3EB
:10C5E0001288BFF36F8F0C2569430C44256C05F04E
:10C5F000070CBCF1010F0BD1276486F31188BFF340
:10C600006F8FC4E90E2343685B5898470020F8BD3C
:10C6100005F0C005AF4286F31188BFF36F8F0CBFE2
:10C620006FF077004FF0FF30F1E713B580240094EE
:10C63000FFF7CEFF02B010BD10B40069CBB21C24CE
:10C6400003FB0400002110BC10471046FCF7CCBDD2
:10C6500000F038BDFBF7BCBB10B50C4601F013F879
:10C660000023C4E90003184610BD38B505460C4642
:10C6700001F009F8002D07DBA84205D9401B8442D0
:10C680008CBF0020012038BD0020FCE770B50D46AE
:10C690002846194616461C46FFF7E7FF28B92146EB
:10C6A0002846BDE87040F8F7DBB924B12246294698
:10C6B000304601F00CFE002070BD43685B68D3F883
:10C6C00010350B600020704743685B6802EA010088
:10C6D00021EA0201C3F80805C3F80C1500207047D1
:10C6E00043685B680020C3F80815704743685B68BF
:10C6F0000020C3F80C15704743685A68D2F8043517
:10C7000021EA03000B40C2F80805C2F80C350020EE
:10C71000704710B503695868F8B1884219D19C6810
:10C7200008685860A14200D19860002008602AB1D2
:10C730005A680A609A68596002B99960002010E04E
:10C74000814206D10868206098688142EDD19C60E2
:10C75000EBE7044600680028F2D1002AE8D16FF028
:10C76000150010BDFBF748BC10B443681868884238
:10C7700015D95B6803EBC10453F83100237901211B
:10C78000994003691B68194203D122B983681B6968
:10C7900003E0002AFAD18368DB6810BC18476FF009
:10C7A000150010BC704773B545682868884206D9E3
:10C7B000D31804D24FF47A74A3FB040313B16FF0BF
:10C7C000150010E0A2FB0432002AF8D16D680E01BA
:10C7D00005EB011163438A890092496804FB00F26A
:10C7E000A859F3F7CDFE02B070BD2DE9F3414368BF
:10C7F00015461A688A4217D95F6807EB01144FEA99
:10C800000118A66864220023A5FB0601F3F7C8FC03
:10C81000A28900920346616857F808003246F3F790
:10C82000AFFE02B0BDE8F0816FF01500F9E730B55A
:10C8300043681360057A446804EBC504A34202D33D
:10C840006FF0010030BD5C798C4201D00833F0E715
:10C850000020F7E7704743685B6B0020C2E90030B7
:10C860007047002201210420F7F740BC10B50B6887
:10C8700013B91360184605E003685C681CB11460C6
:10C880000368186810BD083303600B68013B0B6038
:10C89000EDE70023F5F7C2B813B501AA0446FFF788
:10C8A000C6FF002805DB019B226819791868F8F794
:10C8B000C9FC02B010BD03460A460068197901237D
:10C8C00003FA01F103691B68194218BF82F00102E3
:10C8D00012B18368DB68184783681B69FBE710B5F2
:10C8E00004460068D0B1037DC3B149B101210830CD
:10C8F000FFF7E1FF23681869BDE8104001F0DAB8DE
:10C9000012B98388DB0409D4006901F0D3F82068E8
:10C910000021BDE810400830FFF7CDBF10BD10B5B5
:10C92000012200210446FFF7DAFFA36933B96360EF
:10C9300004F11000BDE81040FCF756BC10BD10B566
:10C940000069C36A8B420AD1826A93420AD190F885
:10C95000844054B92830FFF7E2FF204610BD6FF045
:10C960007700FBE76FF01500F8E76FF00F00F5E7D1
:10C9700038B505690446A96505F14800FCF734FCA3
:10C98000002285F8842020691146BDE8384028300F
:10C99000FFF7A5BFF0B504694568226FA36F85B0A6
:10C9A00006467ABB002B4ED02D8EE06E676F9D42FF
:10C9B00028BF1D46636F5BB1A26F4AB107F06042AA
:10C9C000B2F1005F04D0082DD4F88C7028BF082580
:10C9D000E26EC4F880501AB1226F002A18BF2A46AE
:10C9E00001921BB1A36F002B18BF2B460090694624
:10C9F0000022204603930297FBF7A4FE014618BBD2
:10CA000005B0F0BDE16E676F2D8E0846BBB1934255
:10CA100028BF13469D4228BF1D460029CAD001F0F9
:10CA20006043B3F1005FC5D0082D28BF0825D4F8B6
:10CA300088002A4601F04BFCD4F88800BAE79542FA
:10CA400028BF1546E9E71946304605B0BDE8F04075
:10CA5000FFF78EBFF0B587B001238DF802300223B7
:10CA60008DF804306B4403930E4601AB0DF10301C6
:10CA700000270546029104930597FBF7B1FA041EBF
:10CA80000BDB03AA3146284600F03BFC041E07DA04
:10CA90009DF803102846FBF79DFA204607B0F0BD2D
:10CAA0003C46FAE7F8B50C46054600F0EAFD0022E0
:10CAB00021460646284600F08FFD03212046F9F75F
:10CAC00073F900F023F807462B689B5953B10026F1
:10CAD0002146284600F0D3FD20460121F9F764F9EC
:10CAE0003046F8BD00F012F8C01B0628ECD96FF0F4
:10CAF0007306EDE700F150039B009BB203F1804306
:10CB000003F5883300221A601B68704708B5F9F7EF
:10CB1000E1F908BD70B403460C46DA88006819795B
:10CB20002243056986682B6801248C4012F0010FAE
:10CB300014BF2343A3432B60336870BC1847F0B580
:10CB4000013A48F2050748F25F0641FA02F313F092
:10CB5000010F436B0CBF3C4634465D1C013A4563F4
:10CB600020F81340F1D2F0BD0023F4F757BFFCF7D3
:10CB7000EBBAF8B505460F46164601F00DF9044626
:10CB800088B9286904304FF0FF324FF0FF33FCF7CB
:10CB900063FA2B699F612B69DE6128690430FFF716
:10CBA000E6FF2046F8BD6FF00A00FBE710B484688A
:10CBB0002468A44610BC6047436820330B600123FF
:10CBC000136070470023F4F729BF0A46014651F865
:10CBD000040B0023FFF7EABF70B5056946680446F9
:10CBE00005F1100001F0C5F84FF0FF334FF0FF32B0
:10CBF0002846FCF72DFB95F840303BB1B28F6068BA
:10CC0000AB21F9F7C3FF002385F8403070BD10B5A4
:10CC10000446FCF7E9FA04F110004FF42032BDE8B5
:10CC200010400023FCF71ABDF8B5466B0446776840
:10CC3000A0F110054FF0FF334FF0FF322846FCF70C
:10CC400007FB7A8F70687921F9F7A0FF012384F838
:10CC500030302846BDE8F840FCF7C6BA13B50446A4
:10CC600060680DF10601FAF727F818B9BDF806302B
:10CC70001B06F5D502B010BD70B504460D4616462C
:10CC8000FAF760FD324629462046FAF74BFD324658
:10CC900029462046FAF736FD324629462046FAF75D
:10CCA00021FD324629462046FAF70CFD3246294638
:10CCB0002046FAF7F7FC324629462046FAF7E2FC0E
:10CCC000324629462046FAF7CDFC32462946204610
:10CCD000FAF7B8FC324629462046FAF7A3FC32465A
:10CCE00029462046FAF78EFC002070BD30B48468D7
:10CCF000A56813464DB9256855B1626842B113B1B4
:10CD00002B4630BC184730BC10472B4630BC184768
:10CD10006FF0570030BC7047F0B50022D0F8D84211
:10CD200000F1180315461046A24203D108B10123B1
:10CD30000375F0BD19461D7528B11F7A067AB742F2
:10CD40008CBF19460146013218330846ECE7FCF760
:10CD5000FBB92DE9F04F0A690C681825554367198E
:10CD600089B03B7C0646002B77D04B68C868013BF6
:10CD70009A4234BF05F1180B4FF0000B04EB0B0A7D
:10CD800001F05FF963590493884654F80B3006901C
:10CD9000D7E90241C90305934FF47A720023E003F7
:10CDA00041EA5441F3F7FCF9DAF804A0D7F804900B
:10CDB0000B46054600274FF0640BFA00049CC2F1B5
:10CDC0002000A2F12001D44009FA00F029FA01F173
:10CDD00004430C4331680391DDF814C00793C2F19A
:10CDE0002000A2F120010AFA00F02CFA02F202431C
:10CDF0002AFA01F10A43D2B2E1B2521A0699691A2B
:10CE000063EB080CD01702FB0CFC01FB00CCA2FB6F
:10CE1000010161442A46F3F773F92218D2B212FBDA
:10CE20000BF2FF230398B2FBF3F23946D2B2FFF7BD
:10CE30005DFF18B90137082F079BBED14FF0FF32B5
:10CE40004FF0FF33CDE9002306F53870842200232C
:10CE5000FDF794FB09B0BDE8F08F7F6854F80580BA
:10CE60001C466425D6F80090E000C0F12002A0F135
:10CE7000200307FA02F228FA00F0104327FA03F31E
:10CE8000184300F0FF00FF220023A0FB0501F3F789
:10CE900087F92146C2B24846FFF728FF0028D9D1BA
:10CEA0000134082CDED1D5E72DE9F7430546466B62
:10CEB000371D002200233846FCF7CEF800280DDA93
:10CEC0004FF0FF324FF0FF33CDE9002328460A220E
:10CED0000023FDF753FB03B0BDE8F08355F8084C81
:10CEE0002369626801339342236103D3637A63B396
:10CEF0000023236123692268182101FB0322D2E960
:10CF000002310029BCBF00231946C90341EA53413D
:10CF100040F2E732DB03981841F100014FF47A72D6
:10CF20000023F3F73DF902460B464FF0FF384FF070
:10CF3000FF39CDE900892846FDF720FB237D73B139
:10CF400021463046FFF705FF09E0237D1BB106F5BA
:10CF5000387001F0A4F821463046FAF703FC384651
:10CF600003B0BDE8F043FFF7F2BE73B50446A0F589
:10CF70003775002200232846FCF76EF800280CDAEB
:10CF80004FF0FF324FF0FF33CDE9002320460A2255
:10CF90000023FDF7F3FA02B070BD00231822A4F5B8
:10CFA0002D7002FB03F1465C5EB1A4F538701831B8
:10CFB0000144FFF7CEFE284602B0BDE87040FFF7FF
:10CFC000C6BE0133082BECD1F5E7FDF773BB08B5FE
:10CFD000F6F78CF9F6F760FABDE80840FDF76ABB92
:10CFE00003460020184700F065BD10B502461168E1
:10CFF000B1B1BFF35B8FB1FA81F3C3F11F0001231D
:10D00000834021EA030352E8004F8C4204D142E8F6
:10D01000003CBCF1000FF6D1BFF35B8FE7D110BD30
:10D020006FF00B00FBE710B50368CB40DB0714D4AF
:10D0300001238B400268BFF35B8F43EA020150E893
:10D04000004F944204D140E8001CBCF1000FF6D11F
:10D05000BFF35B8FEED1002010BD6FF01500FBE732
:10D0600010B1012802D07047FAF7B2BEFAF762BEDB
:10D0700018B1012803D100F00AB800F023B87047B6
:10D0800008B5FAF773FEBDE80840FAF7E1BEFAF713
:10D0900017BE38B54FF080440223C4F8083301238B
:10D0A000E3600023C4F80431D4F8043142F210756F
:10D0B000D4F81834DB0304D50120FFF794FF013DB9
:10D0C000F6D138BDFFF7E5BFF7B5019001A8DDE95E
:10D0D000084716461D46FAF7F3FE019BB6F1000C11
:10D0E00018BF4FF0010C00EB83000B1E18BF01238B
:10D0F000002D43EA4C0314BF4FF00C0C4FF0000C12
:10D10000002C43EA0C0314BF4FF4E06C4FF0000C0A
:10D11000002F43EA0C03D0F8002714BF4FF4403C23
:10D120004FF0000C43EA0C0322EA030301B1097833
:10D130000EB13678760019430DB12D78AD0031432C
:10D140000CB12478240229430FB13F783F040C43EB
:10D150003C43C0F8004703B0F0BD1FB50DF10F030D
:10D16000019300238DF80F1000931A461946FFF71C
:10D17000ABFF05B05DF804FB10B504460846FAF7AE
:10D18000AFFE04EB4004A08AC0F3401010BD10B500
:10D1900004460846FAF7A4FE04EB4004A08AC0F354
:10D1A000400010BD10B504460846FAF799FE04EB9E
:10D1B0004004A08A400B10BD70B5044608461646D0
:10D1C000FAF78EFE08300D4634F81030DA0509D52E
:10D1D000C3F3432304EBC302314654F8333052689F
:10D1E00028469847A3682BB1E26831462846BDE837
:10D1F0007040184770BD10B504460846FAF770FE37
:10D2000000B204EB4000838ADA051DD5C3F3432145
:10D2100023F4F853838204F1120204F1720032F80D
:10D22000023F13F4807F03D0C3F3432399420BD012
:10D230008242F4D104EBC10300225A6004F1780069
:10D24000BDE81040FFF7EFBE10BD10B50446FFF774
:10D2500093FF40B12046FFF7A5FF00B2800000F524
:10D26000807080B210BD4FF4BE70FBE7F0B503468E
:10D2700000F58074002005460127844695420AD1B6
:10D28000D3F87C2132B10022C3F87C21D3F87C3161
:10D2900040F00040F0BD25F0404607FA06F6314266
:10D2A00009D0D4F800E0BEF1000F04D0C4F800C0EB
:10D2B000D4F800E0304301350434DFE738B50446E4
:10D2C0000D46FFF759FFB0B12046FFF760FF90B958
:10D2D0002046FFF767FF226801238340C2F8083326
:10D2E000236800B203EB8003D3F8102522F0030279
:10D2F000C3F8102538BD28460021BDE83840FFF7A7
:10D300002CBF2DE9F043174685B004460846FAF7CE
:10D31000E7FDD7F800800E460546B8F1000F1FD094
:10D320002046FFF734FF18B12046FFF725FF30BB3A
:10D330000023CDE900338DF80E308DF80F300DF15C
:10D340000F0243460DF10E013046FFF7BDFE2AB233
:10D3500004EB4202938A23F0020343F00103938219
:10D360007B68002B34D03146204693F80080D3F8F8
:10D370000490FFF70CFF28B1B9F1000F1FD06FF038
:10D38000150028E028B204EB4000838A23F46043B0
:10D3900023F020038382B9F1000F10D0B8F1030FFE
:10D3A000EDD87B6821685B6893F800C001EB8C01C5
:10D3B000B8F1000F12D1C1F81085C1F810852AB25A
:10D3C00004EB4202938A23F01C0343EA880393820E
:10D3D000BB684BBB002005B0BDE8F083D1F8102539
:10D3E00022F00302C1F81025226802EB8C03D3F867
:10D3F000102522F44F3222F44072C3F81025320275
:10D40000D3F8101502F47C5242EA08420A43C3F8EA
:10D41000102504EB4C03A3F87C60838A43EA4C3369
:10D4200043F020038382CAE7D3E9007831462046DF
:10D43000FFF7E1FE002FCDD063689F4206D004F1D4
:10D440007800FFF7D2FD002804DAC4E7A368984506
:10D45000F5D1002004EBC003C3E901782DB204EB41
:10D460004505C0B2AB8A43EA402343F48073AB82E4
:10D47000B0E72DE9F043054685B0084617461E463D
:10D48000FAF72EFD0C46804637B32846FFF77FFE9D
:10D4900018B92846FFF770FE28BB0FFA88F905EB8C
:10D4A0004909B9F8143013F01C0F02D07B78012B16
:10D4B00019D001238DF80F300023CDE900737A1CB9
:10D4C000BB1C0DF10F012046FFF7FEFDB9F814302B
:10D4D00043F00303A9F81430002E41D0214628461A
:10D4E000FFF755FE20B96FF0150005B0BDE8F083D9
:10D4F00037782B6803EB87030022C3F81025C3F8A5
:10D5000010250FFA88F205EB42024FEA870C938A46
:10D5100023F4604323F020039382707800B32968DA
:10D52000B67861440004D1F8103523F4991323F43C
:10D53000F853C1F81035230200F4403003F47C5353
:10D5400003433005D1F8105500F4801003432B43FA
:10D55000C1F81035938A43EA473343F0200393829E
:10D560000020C2E7C0E90312704770B504461546B3
:10D57000FFF702FE48B10846FAF7B2FC04EB40049C
:10D580000020A38A5B0B2B7070BD6FF01500FBE7CA
:10D5900038B590F88C4005469CB96022214614307D
:10D5A00000F0BDFE2868C0F87C41D0F87C3140F323
:10D5B0000730F6F76BFD012385F88C30AB6720460A
:10D5C00038BD6FF07700FBE790F88C00003818BF8B
:10D5D00001207047FAF7C0BC2DE9F3410446174615
:10D5E000FFF7CAFD0D46266800B32046FFF7CFFDC2
:10D5F0008046D8B92046FFF7D5FD05B2AD0005F548
:10D60000807246F802802168B2582944D1F810256A
:10D6100042F00102C1F810252FB12168012202FA5F
:10D6200000F3C1F8043302B0BDE8F081D6F804334A
:10D63000002BA4BF4FF00043C6F804332846FAF786
:10D640004FFC04EB4004A38AC3F38203042B12D0E3
:10D65000052B12D001A80195FAF732FC019BD0F8F6
:10D660001015D94001F001010231284602B0BDE891
:10D67000F041FFF772BD0321F7E70221F5E7FFF75D
:10D680001DBEFFF7E2BD4FF080531A695869504341
:10D6900070474FF08053186970474FF080535869B6
:10D6A000704730B502240C72CA6004680125C4F8C2
:10D6B0000055096879B112F0040F0CBF8221922144
:10D6C000150748BF41F02001D406046848BF21F087
:10D6D0008001C4F800139B000168083312F0800039
:10D6E00006BF0122CA50C81830BD30B5A2F58075FA
:10D6F000AD080124AC400C4207D0815829B100216B
:10D70000815082581A6822431A6030BD13B5002335
:10D710000C4601934FF4887201ABFFF7E6FF2146F8
:10D720004FF48A72FFF7E1FF21464FF48E72FFF744
:10D73000DCFF21464FF48272FFF7D7FF21464FF4FA
:10D740008472FFF7D2FF21464FF48672FFF7CDFFB8
:10D750004FF48C722146FFF7C8FF019802B010BD4C
:10D7600010B54368044633B900680221FFF7CEFFC5
:10D7700008B101232373207B023818BF012010BD9C
:10D7800070B5067B044656B9C0E9012319B10B7F79
:10D790000375FAF75FFD01232373002070BD6FF05E
:10D7A0007700FBE770B40C46014615461A4651F85F
:10D7B000043B2668C3F82065A688C3F82465A668DC
:10D7C000C3F82865E668C3F82C6503682668C3F8C3
:10D7D0004065A688C3F84465A668C3F84865E46850
:10D7E000C3F84C45046805F0010303EB5505C4F884
:10D7F0001455D4070CD412F0020403D0002B14BF2C
:10D80000082404240568C5F8004270BCFFF749BF2E
:10D810001024F7E710B503680022C3F8002203685C
:10D82000012204465A6051B12046FFF799FF0028B3
:10D83000FAD023680022C3F8002501232373204671
:10D84000BDE81040FFF78CBFFFF78ABF70B5B2216B
:10D8500004460068FFF75AFFC306054607D523694B
:10D860005E0704D5636813B1A16801209847A80634
:10D8700007D52369190704D5636813B1A16802208D
:10D8800098472A0607D5206910F0100003D1636875
:10D890000BB1A1689847AB070CD523680022C3F8E9
:10D8A000002501232373636823B1A1680320BDE829
:10D8B0007040184770BD70B5A2F58074A4080126A9
:10D8C00006FA04F4054614EA010008D0A85830B15D
:10D8D0000021A950AA581A6822431A60304670BD28
:10D8E0002DE9F341002304460D460193904601AB18
:10D8F0004FF4A672FFF7DFFF4FF4827229462046ED
:10D90000FFF7D9FF4FF48C72074629462046FFF7F0
:10D91000D2FF064630B1B8F1000F1DD017B1D4F8D0
:10D920003C353E4601AB4FF4887229462046FFF74E
:10D93000C2FF30B1B8F1000F03D016B90FB1D4F85F
:10D940003C3501AB4FF4907229462046FFF7B3FFF8
:10D95000019802B0BDE8F0814646E3E707B50190C3
:10D9600001A8FAF7FFFC019A01239340C0F808359B
:10D9700003B05DF804FB07B5019001A8FAF7F2FCCB
:10D98000019A01239340C0F80C3503B05DF804FB05
:10D9900038B504461D4694F820309BB979B14869E2
:10D9A000FAF730FD88B1C4E901252046FAF782FD77
:10D9B0000020012384F8210084F8203038BDC4E918
:10D9C0000125F5E76FF07700F8E76FF01500F5E750
:10D9D0000369C26893429CBF81685B18013B981A37
:10D9E00070472DE9F041D0E902840546A8EB040612
:10D9F0004068964220440F46144404D900F067FC66
:10DA0000EC60BDE8F0813246A4EB080400F05FFC56
:10DA100068682246B919F1E72DE9F843C56806465A
:10DA2000894617464FF000083369B46870689D4214
:10DA300028BF1B19641BBC4203F1FF3328BF3C46BF
:10DA40005B1B9C4228BF1C4649462844224600F0E6
:10DA50003EFCB3682544AB4208BF00253F1BA044F1
:10DA6000A144F560E0D14046BDE8F883F8B504462E
:10DA70000E46174600F011F83A4605463146204654
:10DA8000FAF7AAFF0446284600F00FF82046F8BD32
:10DA900008B5FBF7B3F8002008BDEFF31180202391
:10DAA00083F31288BFF36F8F704780F31188BFF341
:10DAB0006F8F704708B1F6F7CDBD704710B5436959
:10DAC00004463BB90020E268537843F001035370E9
:10DAD000404210BD98470028F4D00028B8BF40420B
:10DAE000E368FF28A8BFFF201870ECE740B1C368C7
:10DAF000587810F001001EBF1878B0FA80F0400985
:10DB00007047EFF31183202383F31288BFF36F8FE5
:10DB1000FEE74169826842EA010313F003030FD173
:10DB2000C3600369013B03FB0122002B01DA0020E3
:10DB30007047C16811604169C260013B521AF4E745
:10DB40006FF01500704710B5C0E904320023816002
:10DB500083610446FFF7DDFF0028A8BFC4E9004445
:10DB600010BD2DE9F04105460F46EFF31188202343
:10DB700083F31288BFF36F8FC668FEB90468A042B2
:10DB80001CD0DCB1D4E9003213605A60637BA6601C
:10DB900023F002036373C4E9006604F1180000F087
:10DBA00028FA2046C4F8BC60276100F048F94146D5
:10DBB00005F10800BDE8F041FCF73AB83E60AB69FA
:10DBC000EF60013BAB6188F31188BFF36F8FBDE855
:10DBD000F08108B52024EFF3118384F31288BFF39A
:10DBE0006F8FFEF783FCF6E790F90E308B4201D081
:10DBF000FBF7ACBF0020704703460020C3E90200DA
:10DC0000C3E9003370473AB18A4205D3C0E9021232
:10DC1000C0E90000002070476FF0150070470268EF
:10DC200001238B4022EA0303036022FA01F000F093
:10DC30000100704710B5032104460C30FFF7EFFFD9
:10DC400030B104F1100000F0D4F9B0FA80F04009CE
:10DC500010BD20B100221146CC3000F06EB97047E3
:10DC600070B5C368C3F340069B07044616D48568A5
:10DC700002210C30FFF7D3FF80B1D5F8C4206AB180
:10DC800094421DD122689EB9D5F8C830C5F8C42089
:10DC90009C4201D1C5F8C82000232360E36813F03B
:10DCA0001F001EBF43F00203E36040F0020070BD9E
:10DCB0003260D5F8C820944208BFC5F8C860EBE7C9
:10DCC00016461268DBE773B50446EFF3118520238F
:10DCD00083F31288BFF36F8F0023A0F11006032196
:10DCE00004380193FFF79BFF28B1A369019301A9B1
:10DCF0003046FBF7B3FB85F31188BFF36F8F02B09B
:10DD000070BD38B504460D461022002100F007FB17
:10DD1000656038BD13B501900846EFF311842023E8
:10DD200083F31288BFF36F8F01A9FBF797FB84F38E
:10DD30001188BFF36F8F02B010BD10B5FFF7EAFF77
:10DD4000041E08DDEFF31180202383F31288BFF354
:10DD50006F8FFBF79DFF204610BD38B5302204467B
:10DD60000D46002100F0DBFA4FF480736560E3603C
:10DD700038BD38B50446EFF31185202383F31288AC
:10DD8000BFF36F8FFFF756FF2046FFF769FF85F35C
:10DD90001188BFF36F8F38BDEFF30580003818BFCF
:10DDA000012070478430704710B500238B4202D1A8
:10DDB0001360002010BDC45CAA2CF9D10133F5E733
:10DDC0000A46D0E92901FFF7EFBFD0E9003213601E
:10DDD0005A600023C0E90033704708B5FFF7F5FF2C
:10DDE000437B23F0020343730023836008BD38B5EF
:10DDF00004460D46FBF7A0FD637B43F0020363730B
:10DE0000E5B1A5602B689D4209D16B68C4E9005358
:10DE10001C606C6012E06A689A42F6D01B68002BA6
:10DE2000F3D094F90E2093F90E108A42F3D0914268
:10DE3000F1DD5A68C4E9003214605C6038BD10B589
:10DE4000EFF31184202383F31288BFF36F8FFBF766
:10DE500031FD84F31188BFF36F8F10BD08B5EFF368
:10DE60001181202282F31288BFF36F8F83680BB178
:10DE7000FFF7B3FF81F31188BFF36F8F08BD38B58B
:10DE8000EFF31184202383F31288BFF36F8F90F890
:10DE90006C50427B002380F86C302DB121B184F3AB
:10DEA0001188BFF36F8F38BD12F0280FF7D1836848
:10DEB0000BB1FFF792FF437B23F004034373FBF79F
:10DEC000F9FCECE701211838FFF7D9BF08B5034684
:10DED000EFF31181202282F31288BFF36F8F006865
:10DEE000834207D008B1FFF778FF81F31188BFF3B1
:10DEF0006F8F08BD0020F8E770B505460E46FBF7AA
:10DF00006FFFB6F1FF3F08BFB5F1FF3F044628465B
:10DF100012D04FF47A7147F6FF730022C4FB01322E
:10DF2000D80B40EA4240B0F1004F4FEAD23272F1D2
:10DF3000000228BF6FF0004070BD38B5EFF31185C7
:10DF4000202383F31288BFF36F8F0468A04213D09D
:10DF5000A4B1C4F8BC1022612046FFF73EFF04F1D3
:10DF6000180000F046F82046FBF7A4FC012085F3DA
:10DF70001188BFF36F8F38BD0020F8E72046F6E721
:10DF80002DE9F04105460E461746EFF31188202390
:10DF900083F31288BFF36F8F0468A0420FD1002073
:10DFA00088F31188BFF36F8FBDE8F08139462046B2
:10DFB000B0470028F4D16B68A342F0D02468002C4D
:10DFC000F4D1ECE708B50246FCF708F970B1D0E9E6
:10DFD00004319B1A61EBE272B3F1004F72F1000160
:10DFE00004DA002AACBF1846002008BD6FF00040DC
:10DFF000FBE738B50246EFF31185202383F312883F
:10E00000BFF36F8F0368CBB1FCF7E8F80446104606
:10E01000FCF7F6F800224FF000438442C0E90423E5
:10E0200006D1FCF7E3F8FFF7CDFF0021F8F7BEF8C3
:10E03000002085F31188BFF36F8F38BD6FF0150096
:10E04000F7E770B5EFF31186202282F31288BFF351
:10E050006F8F036873B1FCF7EFF804460D46FCF7C9
:10E06000C5F80346201A65EBE37186F31188BFF308
:10E070006F8F70BD18461946F7E708B5FCF7E4F94D
:10E0800008BDFCF7E1B90023C0E9081200F118024D
:10E09000C0E90622C0E9003303634363704710B54B
:10E0A0000446FFF7A6FFA8B9636A0BB1204698475C
:10E0B00004F11800FFF70AFF60B1FFF7C0FEEFF3AD
:10E0C0001180202383F31288BFF36F8FBDE81040C7
:10E0D000FBF7DEBD10BD2DE9F3470446DDE90A98E4
:10E0E00015460E4659B302F0010AFBF7D9FE074662
:10E0F000EFF31181202383F31288BFF36F8FA807FA
:10E1000044BF0023A360A36803EA0600BAF1000F2E
:10E110000CD086420CD16A0744BF8343A36081F3CD
:10E120001188BFF36F8F02B0BDE8F0870028F2D1ED
:10E1300059EA080305D181F31188BFF36F8F0020DE
:10E14000F1E7C7E919652246CDE9009804F10C0012
:10E15000FBF7DAFC0028F2D1786EE4E710B5D0E9DD
:10E1600019424B6812F0010F03EA040301D09C42EC
:10E1700010D17BB14366520744BF8A681A430B68CB
:10E1800048BF8A6003660123086080F86C3018304D
:10E19000FFF72FFF002010BD0023C0E900008360BF
:10E1A00070470A46FCF722BA0A460021FCF71EBA5D
:10E1B0005200FFF790BF704710B400F10C04C0E9A3
:10E1C000034410BCFCF7E0BF10B501390244904293
:10E1D00001D1002005E0037811F8014FA34201D0DE
:10E1E000181B10BD0130F2E710B50139044632B1F9
:10E1F00011F8013F00F8013B013A002BF7D1002153
:10E2000000F08DF8204610BD10B5024601448A4248
:10E21000134603D01C780132002CF8D1181A10BD17
:10E22000F0B5C3F137070446FFB203F01F031046F1
:10E23000082BE6B233D0102B3ED06508A40844EA80
:10E24000817445EAC1752D194FEA910242EB5102E2
:10E25000290941EA02716D1842EB1212290A41EABA
:10E2600002616D1842EB1222290C41EA02416D183D
:10E2700042EB1242AD1842F10002EC0844EA42744B
:10E28000D10804EB8402A6EB4205EDB2092D0CD9AE
:10E290000134A5F10A0541F10001EDB212E0E408F4
:10E2A00044EA417406F00705C908303554EA010212
:10E2B00000F8015BBCD1F0BD240944EA017406F00A
:10E2C0000F050909092D84BFED19EDB2EDE70A44E8
:10E2D000914200F1FF3300D1704710B511F8014BA6
:10E2E00003F8014F9142F9D110BD884210B501EBFE
:10E2F000020402D98442234607D8431EA14208D013
:10E3000011F8012B03F8012FF8E7024401468A4275
:10E3100000D110BD13F8014D02F8014DF7E702449A
:10E320000346934200D1704703F8011BF9E7D1E996
:10E33000043293421EBF5A1C0A61187070470000D5
:10E340000148006870470000A4260020881EFF7F57
:10E35000010000003D460000000000000000000039
:10E360001CE4000091DA000000000000D98F0000DA
:10E370000000000065A60000000000000000000092
:10E3800038E400000000000054E40000E949000007
:10E3900000000000CBCF000000000000496000003A
:10E3A00000000000791300000000000011260000AA
:10E3B000000000005D72000000000000194600002F
:10E3C00000000000CFCF00000000000089A6000080
:10E3D00000000000000000008CE4000000000000CD
:10E3E00070E4000000000000A8E40000000000004D
:10E3F000C4E4000000000000E0E4000000000000B1
:10E40000FCE400000000000018E50000D13200002C
:10E4100000000000E1770000000000008300010020
:10E420005CEB000038E7000074070020D8260020CD
:10E430004D47000000000000650101007CEB00007A
:10E44000CCE600007807002044270020894E000019
:10E45000000000007301010090EB0000CCE600001A
:10E460007A07002050270020894E0000000000009D
:10E470004101010000000000B4E600007607002022
:10E4800000000000A94A0000000000001403010081
:10E490001CEC000028E70000800700205006002048
:10E4A000E553000000000000A005010078EC00002A
:10E4B00030E7000082070020700600209956000017
:10E4C00000000000DE0801000CED000050ED00002F
:10E4D0008607002018020020416D000000000000A7
:10E4E000FF010100A4EB0000F0E600007C07002023
:10E4F0000000000045500000000000003C02010048
:10E50000D4EB00000CE700007E07002000000000B4
:10E510008D510000000000006F070100E4EC0000D6
:10E5200004ED0000840700200000002021660000A8
:10E530000000000081D00000E1CF000000000000DA
:10E54000D1C4000000000000D1C4000000000000A1
:10E55000D1C40000700600200989000000000000FE
:10E56000D1C40000C005002065C700000000000005
:10E57000D1C4000000000000D1C400000000000071
:10E58000D1C4000000000000D1C400000000000061
:10E59000D1C4000000000000D1C400000000000051
:10E5A000D1C4000000000000D1C400000000000041
:10E5B000D1C4000000000000D1C400000000000031
:10E5C000D960000000000000D1C40000000000007D
:10E5D000D1C4000000000000D1C400000000000011
:10E5E000D1C4000000000000D1C400000000000001
:10E5F000D1C4000000000000D1C4000000000000F1
:10E60000D1C4000000000000D1C4000000000000E0
:10E61000D1C40000500600204DD8000000000000CA
:10E62000D1C4000000000000D1C4000000000000C0
:10E63000D1C4000000000000D1C4000000000000B0
:10E64000D1C4000000000000D1C4000000000000A0
:10E65000D1C4000000000000D1C400000000000090
:10E66000D1C4000000000000D1C400000000000080
:10E67000D1C4000000000000D1C400000000000070
:10E68000D1C4000000000000D1C400000000000060
:10E69000D1C4000000000000D1C400000000000050
:10E6A000D1C4000000000000D1C400000000000040
:10E6B000D1C400008DC60000454C0000554B000041
:10E6C000594A000059C60000494A0000C54E0000E2
:10E6D000BBC60000C9C60000E1C60000EDC60000D0
:10E6E000F9C60000394D000013C70000000000000B
:10E6F000000000000000000069C7000000000000EA
:10E700000000000000000000000000000000000009
:10E7100000000000EBC70000A7C7000000000000D9
:10E720000000000000000000D154000057C80000A5
:10E73000015900003FC90000A5470000CBC50000FB
:10E740002BC600000000000069C5000000000000AA
:10E750000000000083F10000030000009E000100A3
:10E7600003000000CB09010003000000410C010080
:10E77000030000006F0C0100030000004D0D0100BC
:10E78000030000006F07010003000000EB08010018
:10E79000030000004AFA0000030000005B010100D2
:10E7A000030000000902010003000000450201000F
:10E7B00003000000D0F1000003000000D4F10000CD
:10E7C00003000000BEF0000004000000ECFF0000A9
:10E7D00003000000B20E010003000000210301004D
:10E7E00003000000B8F8000003000000B2F80000C9
:10E7F000030000007F00010003000000AD050100E0
:10E8000003000000BDF1000003000000F4E9000077
:10E81000CC1E002029F3000001000000AAF6000031
:10E8200088050020F41E0020000000000200000007
:10E8300090EA0000F01E00200000000010080020F8
:10E84000B8F80000481A0020C0630020A4EA0000C5
:10E8500070ED000020EA00008CEE000000000000D7
:10E8600000000000000000000000000000000000A8
:10E8700066F300006DF3000000000000F9210000C5
:10E880000000000059F5000063F5000000000000E2
:10E890007D2200000300000082F5000089F50000E1
:10E8A00034EA000081BB0000000000009CF300007F
:10E8B000A2F300000000000015220000020000008A
:10E8C000B5F50000BCF50000FCE800000000000009
:10E8D0000000000028F400002FF4000000000000F9
:10E8E0009904000001010000A40B010086F400005F
:10E8F0000000000065220000000000000000000091
:10E900000000000000000000000000000000000007
:10E910008EF8000093F8000000000000AD25000014
:10E9200002000000ABF60000B0F60000000000009E
:10E9300021230000000000002DF8000034F8000042
:10E9400000000000492500000200000051F700000F
:10E9500058F700000000000015240000000000002F
:10E96000CAF70000D2F7000000000000E524000014
:10E970000200000000000000000000000000000095
:08E9800000000000000000008F
:10E990002000000001000000010000000000000055
:10E9A0000338FDD870470000080A0020000400006A
:10E9B000F3B9000095B900000200000017BB000089
:10E9C0000000000000000000000000000000000047
:10E9D0000000000000000000000000000000000037
:10E9E00000000000FAF20000FEF2000002F3000056
:10E9F00006F30000FD1F0000F11F000021200000B1
:10EA0000B51F000000000000A91F0000000000006A
:10EA10007D200000D41E0020A82900200100000055
:10EA200039F3000040F300005CE800000000000043
:10EA30000000000038EA000091F5000096F50000A3
:10EA40000000000081BB000000000000A3F50000F2
:10EA5000A8F500000000000089BB000000000000D5
:10EA600000000000000000000000000000000000A6
:10EA7000000000003A00000035260000D7BB00006F
:10EA8000ADBB00007D2600009DBB00000000000023
:10EA9000C13A00201E0000008BC200001CE80000EC
:10EAA000800500203EFA000009FA00000000000086
:10EAB000152E00000100000000000000A5C40000A9
:10EAC000A8050020A00500209805002000000000F7
:10EAD0009005002005340000F93200004D3300009D
:10EAE000AD330000000000200000000000000B0615
:10EAF00002000000F8EA00000000000070000100C1
:10EB000026000202000000207800010022000B1104
:10EB1000000000006410B71DC8206E3BAC30D92641
:10EB20009041DC76F4516B6B5861B24D3C710550ED
:10EB30002083B8ED44930FF0E8A3D6D68CB361CB15
:10EB4000B0C2649BD4D2D38678E20AA01CF2BDBDC9
:10EB500009470000D94600000000000059480000A5
:10EB6000D94700009200010055C6000051C60000C0
:10EB7000980001000400000000FF0000FFFF0000FB
:10EB800000030050C005002000000000010000004C
:10EB9000FFFFFFFF00000050C00500200000000044
:10EBA0000000000005000000ACEB000038E40000AD
:10EBB0000D00000038E400000B00000038E4000005
:10EBC0000C00000038E400000400000038E40000FD
:10EBD0000500020004000000DCEB00008CE40000F3
:10EBE00002000000002D3101000000008CE4000054
:10EBF00000000000002D3101000000008CE4000046
:10EC000001000000002D3101000000008CE4000034
:10EC100003000000002D3101000000000000000092
:10EC200000000000000000000000000000000000E4
:10EC300000040000E8030201010100009C290020FB
:10EC400004000000000000000000000054EC000080
:10EC50000024F40000C0014060EC0000010000004E
:10EC600068EC0000040000002B0000162C000017C8
:10EC70002D0000182400001900127A000000000086
:10EC80000000000000000000FFFFFFFF0000FF0089
:10EC90000000000000000000000000000000000173
:10ECA0000100000063C80000FFFF0000BCEC000092
:10ECB00000000000FFFFFFFF0000000000400040D8
:10ECC000C8EC000001000000D0EC000003000000D0
:10ECD00016000004200000051802000654E400009D
:10ECE0001700010054E400001F00000054E400007D
:10ECF0001D00000054E400000200000054E4000085
:10ED00000300000073CB0000F5680000A8E40000D9
:10ED1000C0E1E4000001000054E40000170001001D
:10ED20000000000001000000000000000080000062
:10ED30000001000000008000000004000008000046
:10ED400000080001000003006400011F280000000B
:10ED5000FD6B000075710000C96F0000856B00003D
:10ED600000000000B9CB00000100000000FF00001F
:10ED7000CF090100A80A010084ED00000000000096
:10ED80000000000088ED0000C50A0100CA0A010069
:10ED90000000000079CC000001000000E70A01003B
:10EDA000F30A0100000000004577000001000000A8
:10EDB000040B0100110B010000000000257700008A
:10EDC00001000000230B01002E0B010000000000D9
:10EDD0000577000001000000440B0100500B01000A
:10EDE00000000000E576000001000000670B010054
:10EDF000710B010000000000C5760000010000005A
:10EE0000860B01008E0B010000000000A5760000BB
:10EE100001000000A10B0100AC0B0100000000008C
:10EE20008576000001000000C20B0100D00B01003C
:10EE3000000000006576000001000000E30B010007
:10EE4000EF0B01000000000045760000010000000B
:10EE5000000C01000C0C01000000000025760000F1
:10EE600001000000240C0100300C01000000000033
:10EE70000576000001000000000000000000000016
:10EE8000000000000000000000000000730C010002
:10EE9000FF0C0100A0EE00006978000000000000F7
:10EEA000A4EE00000D0D0100140D01000000000093
:10EEB0009178000003000000000000000000000046
:10EEC000000000000000000000000000080000003A
:10EED000030000003B0E0100490E01005D0E010021
:10EEE0006C0E0100780E010054E3000054E30000B2
:10EEF0009CE30000A4E300000CE400001CE400001C
:10EF0000B70E010001000500E10E0100020007003C
:10EF1000BD0E010004000800C60E01000800040038
:10EF2000CB0E010010000900D50E010020000800E2
:10EF3000DE0E010040000A00E90E0100800006001C
:10EF4000F00E01000001000000000000FF8FFFFF35
:10EF5000FF8FFFFFFE8FFFFFFE8FFFFFFD8FFFFF85
:10EF6000FC8FFFFFFC8FFFFF6D757465785F667225
:10EF700065652063616C6C65642077697468204EF8
:10EF8000554C4C20706172616D65746572000000B3
:10EF900043616E277420696E697469616C697A6572
:10EFA000206D757465782C20776173204E554C4C1C
:10EFB0000D0A0000436F756C64206E6F74206C6FD7
:10EFC000636B20706F7765722073617665206D7555
:10EFD0007465780025733A204D6F74696F6E204C0C
:10EFE0002064657465637465640025733A204D6F11
:10EFF00074696F6E20522064657465637465640083
:10F0000025733A20556E6B6E6F776E206576656E50
:10F01000743A2025640025733A204275696C642097
:10F0200074696D653A204D6179202031203230328B
:10F03000362031393A30343A31380025733A204499
:10F040006576696365206E6F74207265616479000E
:10F0500025733A2043616C6C20606374725F733374
:10F060005F7365745F68616E646C65726020666171
:10F07000696C65643A2025640025733A2043616C0D
:10F080006C20606374725F73335F636F6E66696771
:10F0900075726560206661696C65643A202564005C
:10F0A00025733A20416C697665006D61696E006375
:10F0B00074725F73335F68616E646C6572006D615A
:10F0C000696E0025733A2028756E7369676E6564F2
:10F0D000292063686172202A207573656420666F39
:10F0E000722025257020617267756D656E742E2003
:10F0F00049742773207265636F6D6D656E64656416
:10F1000020746F206361737420697420746F20769B
:10F110006F6964202A206265636175736520697474
:10F12000206D6179206361757365206D6973626517
:10F13000686176696F7220696E20636572746169B7
:10F140006E20636F6E66696775726174696F6E7346
:10F150002E20537472696E673A22257322206172E1
:10F1600067756D656E743A25640063627072696ECE
:10F1700074665F7061636B6167655F636F6E766510
:10F1800072740063627072696E74665F7061636B43
:10F19000616765004661696C656420746F20726503
:10F1A000626F6F743A207370696E6E696E67206566
:10F1B0006E646C6573736C792E2E2E0A00737973EE
:10F1C0005F6765746F7074006C6F6767696E670066
:10F1D0006C6F67006C6F675F6D676D740025733AC5
:10F1E000204D6573736167652028222573222920CD
:10F1F00064726F7070656420626563617573652009
:10F20000697420657863656564732073697A652025
:10F210006C696D69746174696F6E202825752900A9
:10F2200025733A204D6573736167652064726F7052
:10F23000706564206265636175736520697420651B
:10F240007863656564732073697A65206C696D699C
:10F25000746174696F6E2028257529007A5F6C6F60
:10F26000675F6D73675F72756E74696D655F7663F6
:10F270007265617465007A5F696D706C5F7A5F6C4E
:10F280006F675F6D73675F7374617469635F6372E7
:10F2900065617465001B5B306D005B2530386C75F3
:10F2A0005D20005B253032753A253032753A2530C5
:10F2B00032752E253033752C253033755D200025B1
:10F2C000732F003C25733E200025733A2000253023
:10F2D00032782000202020007C00256300206D650E
:10F2E0007373616765732064726F70706564202D3D
:10F2F0002D2D0D0A002D2D2D2000657272007772C4
:10F300006E00696E6600646267004C6F67676572C5
:10F31000006D657373616765732064726F707065EB
:10F32000643A202020200D0A006C6F675F626163E1
:10F330006B656E645F727474006B65726E656C00F1
:10F340004B65726E656C20636F6D6D616E647300EA
:10F350006379636C65733A2025752068772063793B
:10F36000636C65730A006379636C6573004B657247
:10F370006E656C206379636C65732E00556E6162F7
:10F380006C6520746F20706172736520696E707592
:10F39000742028657272202564290A00736C6565E3
:10F3A00070006D7300557074696D653A20256C6C42
:10F3B00075206D730A002D70002D2D7072657474A8
:10F3C0007900556E737570706F72746564206F701C
:10F3D00074696F6E3A2025730A00757074696D65E3
:10F3E0003A20256C6C7520646179732C20256C6C37
:10F3F0007520686F7572732C20256C6C75206D6993
:10F400006E757465732C20256C6C75207365636F45
:10F410006E64732C20256C6C75206D696C6C69733F
:10F4200065636F6E64730A00757074696D65004B77
:10F4300065726E656C20757074696D652E20436110
:10F440006E2062652063616C6C6564207769746806
:10F4500020746865202D70206F72202D2D707265CC
:10F46000747479206F7074696F6E7300342E332E4C
:10F470003939005A65706879722076657273696FE0
:10F480006E2025730A004B65726E656C207665727E
:10F4900073696F6E2E005468697320636F6D6D61C0
:10F4A0006E6420697320646570726563617465645D
:10F4B0002061732069742069732061206475706C09
:10F4C00069636174652E2055736520276C6F672012
:10F4D000656E61626C652720636F6D6D616E64207F
:10F4E00066726F6D206C6F6767696E6720636F6D02
:10F4F0006D616E6473207365742E0A00556E6162CF
:10F500006C6520746F207061727365206C6F67206A
:10F510007365766572697479202865727220256436
:10F52000290A00496E76616C6964206C6F67206CF3
:10F530006576656C3A2025640A00556E61626C65DB
:10F5400020746F2066696E64206C6F6720736F751E
:10F550007263653A2025730A006C6F675F6C65768D
:10F56000656C003C6D6F64756C65206E616D653E09
:10F57000203C73657665726974792028302D3429B2
:10F580003E007265626F6F74005265626F6F742E19
:10F5900000636F6C6400436F6C64207265626F6F10
:10F5A000742E007761726D005761726D2072656212
:10F5B0006F6F742E00746872656164004B65726EC3
:10F5C000656C20746872656164732E0053636865AE
:10F5D00064756C65723A2025752073696E636520C9
:10F5E0006C6173742063616C6C0A005468726561AD
:10F5F00064733A0A004E41002573257020252D3191
:10F6000030730A00096F7074696F6E733A20307836
:10F6100025782C207072696F726974793A2025649C
:10F620002074696D656F75743A20256C6C640A00EE
:10F630000973746174653A2025732C20656E7472A9
:10F64000793A2025700A00556E61626C6520746FEE
:10F650002064657465726D696E6520756E7573657D
:10F660006420737461636B2073697A652028256454
:10F67000290A0A0009737461636B2073697A652033
:10F68000257A752C20756E7573656420257A752C26
:10F6900020757361676520257A75202F20257A757E
:10F6A00020282575202525290A0A006C6973740015
:10F6B0004C697374206B65726E656C20746872653A
:10F6C0006164732E00257020495251202530326428
:10F6D000202573287265616C2073697A6520253452
:10F6E0007A75293A09756E757365642025347A75C3
:10F6F0000975736167652025347A75202F202534BC
:10F700007A75202825327A75202525290A0025704A
:10F7100020252D33327320287265616C2073697A3D
:10F72000652025347A75293A09756E7573656420EC
:10F7300025347A750975736167652025347A7520DB
:10F740002F2025347A752028253275202525290A71
:10F7500000737461636B73004C6973742074687216
:10F760006561647320737461636B20757361676591
:10F770002E00546872656164204944202570206918
:10F7800073206E6F742076616C69640A0045727232
:10F790006F723A5368656C6C20746872656164209E
:10F7A00063616E6E6F742062652073757370656E31
:10F7B0006465640A00546872656164202570207372
:10F7C000757370656E6465640A0073757370656E39
:10F7D00064006B65726E656C20746872656164208C
:10F7E00073757370656E64203C7468726561645FE4
:10F7F00069643E004572726F723A5368656C6C20A2
:10F800007468726561642063616E6E6F74206265F6
:10F8100020726573756D65640A0054687265616471
:10F8200020257020726573756D65640A00726573BA
:10F83000756D65006B65726E656C207468726561CC
:10F840006420726573756D65203C746872656164CF
:10F850005F69643E004572726F723A5368656C6C02
:10F86000207468726561642063616E6E6F742062DB
:10F8700065206B696C6C65640A000A2054687265C7
:10F880006164202570206B696C6C65640A006B698B
:10F890006C6C006B65726E656C2074687265616477
:10F8A000206B696C6C203C7468726561645F69648C
:10F8B0003E007368656C6C2E7368656C6C5F727467
:10F8C0007400537562636F6D6D616E64733A0A0004
:10F8D0005741524E494E473A2041207072696E742A
:10F8E0002072657175657374207761732064657427
:10F8F0006563746564206F6E206E6F74206163743D
:10F90000697665207368656C6C206261636B656EF7
:10F91000642E0A006E6F74207465726D696E617476
:10F9200065643A2025630A00506C65617365207335
:10F93000706563696679206120737562636F6D6DB0
:10F94000616E642E0A00257325730A003A20636FE6
:10F950006D6D616E64206E6F7420666F756E6400ED
:10F96000546F6F206D616E7920617267756D656E81
:10F97000747320696E2074686520636F6D6D616EAD
:10F98000642E0A0025733A2077726F6E67207061CB
:10F9900072616D6574657220636F756E740A0059CB
:10F9A0006F752063616E2074727920746F206361BB
:10F9B0006C6C20636F6D6D616E6473207769746821
:10F9C000203C2D683E206F72203C2D2D68656C70A8
:10F9D0003E20706172616D6574657220666F722081
:10F9E0006D6F726520696E666F726D6174696F6E9E
:10F9F0002E0A000A417661696C61626C6520636F52
:10FA00006D6D616E64733A0A005072696E74732092
:10FA10007468652068656C70206D657373616765D7
:10FA20002E0055736167653A2025732000257325E4
:10FA30002D2A730025732573002D68002D2D686510
:10FA40006C7000202D2000202000666C617368001F
:10FA50002A2A2A20426F6F74696E67206E524620F0
:10FA6000436F6E6E6563742053444B2076332E33A0
:10FA70002E302D3136656636386561356635652040
:10FA80002A2A2A0A002A2A2A205573696E67205AD0
:10FA90006570687972204F532076342E332E3939B1
:10FAA0002D656334393965636636623061202A2AF0
:10FAB0002A0A006D757465785F696E6974206361E8
:10FAC0006C6C65642077697468204E554C4C2070CE
:10FAD0006172616D6574657200436F756C64206E50
:10FAE0006F7420616C6C6F63617465206D757465F3
:10FAF00078206265666F726520696E697469616CF1
:10FB0000697A696E670025733A2072302F61313A45
:10FB10002020307825303878202072312F61323A19
:10FB20002020307825303878202072322F61333A07
:10FB300020203078253038780025733A2072332F12
:10FB400061343A2020307825303878207231322FD5
:10FB500069703A2020307825303878207231342F7F
:10FB60006C723A20203078253038780025733A209E
:10FB700020787073723A202030782530387800254C
:10FB8000733A204661756C74696E6720696E737490
:10FB900072756374696F6E2061646472657373203B
:10FBA000287231352F7063293A2030782530387823
:10FBB0000025733A20556E68616E646C6564204957
:10FBC00052516E3A202564006573665F64756D70EE
:10FBD000007A5F61726D5F666174616C5F657272FD
:10FBE0006F720025733A202A2A2A2A2A2042555366
:10FBF000204641554C54202A2A2A2A2A0025733AA5
:10FC0000202020537461636B696E67206572726F88
:10FC1000720025733A202020556E737461636B69FE
:10FC20006E67206572726F720025733A2020205033
:10FC30007265636973652064617461206275732005
:10FC40006572726F720025733A202020424641523D
:10FC500020416464726573733A20307825780025FA
:10FC6000733A202020496D70726563697365206462
:10FC700061746120627573206572726F7200257302
:10FC80003A202020496E737472756374696F6E2018
:10FC9000627573206572726F720025733A2020209E
:10FCA000466C6F6174696E672D706F696E74206C3D
:10FCB000617A7920737461746520707265736572FE
:10FCC000766174696F6E206572726F720025733A87
:10FCD000202A2A2A2A2A20555341474520464155A1
:10FCE0004C54202A2A2A2A2A0025733A202020440C
:10FCF00069766973696F6E206279207A65726F0028
:10FD000025733A202020556E616C69676E6564200A
:10FD10006D656D6F72792061636365737300257320
:10FD20003A2020204E6F20636F70726F636573738B
:10FD30006F7220696E737472756374696F6E73008D
:10FD400025733A202020496C6C6567616C206C6FCC
:10FD50006164206F66204558435F52455455524EAA
:10FD600020696E746F2050430025733A202020498B
:10FD70006C6C6567616C20757365206F66207468B4
:10FD80006520455053520025733A20202041747459
:10FD9000656D707420746F20657865637574652077
:10FDA000756E646566696E656420696E73747275DC
:10FDB0006374696F6E0025733A202A2A2A2A2A2042
:10FDC0004D5055204641554C54202A2A2A2A2A00B3
:10FDD00025733A202020537461636B696E67206538
:10FDE00072726F722028636F6E746578742061720E
:10FDF0006561206D69676874206265206E6F74208C
:10FE000076616C6964290025733A2020204461746E
:10FE100061204163636573732056696F6C61746917
:10FE20006F6E0025733A2020204D4D4641522041EF
:10FE30006464726573733A20307825780025733ACC
:10FE4000202020496E737472756374696F6E20414F
:10FE500063636573732056696F6C6174696F6E00BC
:10FE60005265736572766564204578636570746960
:10FE70006F6E20280053707572696F757320696EFC
:10FE80007465727275707420284952512000257370
:10FE90003A20535053454C20696E20746872656156
:10FEA00064206D6F646520646F6573206E6F7420CD
:10FEB000696E646963617465205053500025733A1C
:10FEC000202A2A2A2A2A2048415244204641554CB9
:10FED00054202A2A2A2A2A0025733A2020204275F3
:10FEE00073206661756C74206F6E20766563746F25
:10FEF00072207461626C6520726561640025733ADA
:10FF00002020204465627567206576656E74002543
:10FF1000733A2020204661756C7420657363616CB0
:10FF20006174696F6E20287365652062656C6F77F8
:10FF3000290025733A20415243485F4558434550B4
:10FF400054207769746820726561736F6E2025781C
:10FF50000A0025733A202A2A2A2A2A204465627533
:10FF600067206D6F6E69746F722065786365707459
:10FF7000696F6E202A2A2A2A2A0025733A202A2A03
:10FF80002A2A2A20257320256429202A2A2A2A2A77
:10FF90000072657365727665645F65786365707419
:10FFA000696F6E0064656275675F6D6F6E69746F0F
:10FFB000720075736167655F6661756C7400627568
:10FFC000735F6661756C74006D656D5F6D616E6108
:10FFD00067655F6661756C7400686172645F666115
:10FFE000756C74006765745F657366006D7075008D
:10FFF00025733A204661696C656420746F20616CDA
:020000040001F9
:100000006C6F63617465206E6577204D505520726A
:100010006567696F6E2025750A0025733A20506167
:1000200072746974696F6E2025753A2073616E6908
:10003000747920636865636B206661696C65642E02
:1000400000726567696F6E5F616C6C6F6361746588
:100050005F616E645F696E6974006D70755F636F78
:100060006E6669677572655F726567696F6E73004A
:10007000464C4153485F30005352414D5F3000734E
:100080006F6300636C6F636B4034303030303030FE
:1000900030006866636C6B006C66636C6B00636C4D
:1000A0006F636B5F636F6E74726F6C0025733A20C1
:1000B000696E76616C696420616464726573733A19
:1000C0002030782530386C783A257A750025733AD7
:1000D00020756E616C69676E656420616464726529
:1000E00073733A2030782530386C783A257A750069
:1000F00025733A206E6F7420776F72642D616C697E
:10010000676E65643A2030782530386C783A257A05
:100110007500666C6173685F6E72665F72656164BC
:1001200000666C6173685F6E72665F777269746592
:1001300000666C6173685F6E72665F65726173659D
:1001400000666C6173682D636F6E74726F6C6C65A2
:100150007240343030316530303000666C61736825
:100160005F6E7266006770696F40353030303033D3
:100170003030006770696F403530303030303030AB
:100180000025733A2025733A206E6F204C45447346
:1001900020666F756E6420284454206368696C641F
:1001A000206E6F646573206D697373696E672900D3
:1001B00025733A2043616E6E6F7420636F6E6669BB
:1001C00067757265204750494F2028657272202557
:1001D00064290025733A2025733A204750494F205F
:1001E000646576696365206E6F74207265616479F9
:1001F000006C65645F6770696F5F696E6974006742
:1002000070696F5F6C656473006C65645F677069CB
:100210006F0025733A2025733A2070776D2064654E
:1002200076696365206E6F74207265616479006C15
:1002300065645F70776D5F696E69740070776D5F7C
:100240006C656473006C65645F70776D000001021B
:10025000030405060725733A204661696C6564202E
:10026000746F20696E697469616C697A6520646570
:10027000766963653A2025730025733A20496E76C6
:10028000616C6964206368616E6E656C3A202575E7
:100290002E0025733A20496E636F6D706174696238
:1002A0006C6520706572696F642E0025733A20506A
:1002B00072657363616C657220666F72207065721F
:1002C000696F645F6379636C6573202575206E6F59
:1002D0007420666F756E642E0070776D5F6E726647
:1002E000785F696E69740070776D5F706572696FB1
:1002F000645F636865636B5F616E645F7365740000
:1003000070776D5F6E7266785F7365745F63796333
:100310006C65730070776D4034303031633030304D
:100320000070776D5F6E7266780025733A204661C3
:10033000696C656420746F20616C6C6F63617465B7
:10034000204750494F5445206368616E6E656C20AC
:10035000666F722057414B450025733A204661690C
:100360006C656420746F20636F6E66696775726573
:100370002057414B452070696E0025733A20435346
:10038000204750494F20706F727420257320706988
:100390006E202564206973206E6F7420726561641D
:1003A000790025733A20557064617465206578631F
:1003B000656564732063757272656E74206275661C
:1003C0006665720025733A2048616C662D6475700D
:1003D0006C6578206E6F7420737570706F727465C1
:1003E000640025733A20536C617665206D6F6465F7
:1003F000206973206E6F7420737570706F727465EE
:1004000064206F6E2025730025733A204C6F6F7047
:100410006261636B206D6F6465206973206E6F7419
:1004200020737570706F727465640025733A20577D
:100430006F72642073697A6573206F7468657220C7
:100440007468616E2038206269747320617265205F
:100450006E6F7420737570706F72746564002573AD
:100460003A204672657175656E63696573206C6FBD
:10047000776572207468616E20313235206B487A5E
:1004800020617265206E6F7420737570706F727466
:1004900065640025733A204661696C656420746F59
:1004A00020696E697469616C697A65206E7266781C
:1004B000206472697665723A2025640025733A20BB
:1004C00057616974696E6720666F722057414B45AA
:1004D0002061636B6E6F776C6564676D656E742009
:1004E00074696D6564206F75740025733A205469D2
:1004F0006D656F75742077616974696E6720666FCA
:1005000072207472616E7366657220636F6D706CB9
:10051000657465007370695F636F6E746578745F8E
:1005200063735F636F6E6669677572655F616C6C3C
:10053000007370695F6E7266785F696E69740073CC
:1005400070695F636F6E746578745F776169745FFB
:10055000666F725F636F6D706C6574696F6E007348
:1005600070695F636F6E746578745F7570646174D1
:10057000655F7278007370695F636F6E746578741D
:100580005F7570646174655F747800636F6E66692F
:1005900067757265007472616E7363656976650074
:1005A00073706940343030303430303000737069EB
:1005B0005F6E7266785F7370696D0025733A2043D1
:1005C000616C6C20606770696F5F70696E5F636FEC
:1005D0006E6669677572655F647460206661696CD8
:1005E00065643A2025640025733A2043616C6C20D1
:1005F000606B5F776F726B5F7363686564756C6562
:1006000060206661696C65643A2025640025733A50
:100610002043616C6C20606770696F5F70696E5F0A
:10062000696E746572727570745F636F6E66696708
:100630007572655F647460206661696C65643A20F8
:1006400025640025733A2043616C6C20606B5F77F2
:100650006F726B5F7375626D697460206661696C3F
:1006600065643A2025640025733A205379737465D4
:100670006D20696E697469616C697A6174696F6E05
:100680000025733A2043616C6C20606770696F5F6E
:100690006164645F63616C6C6261636B602066615E
:1006A000696C65643A202564006374725F73335F1C
:1006B000636F6E6669677572655F00636C65617212
:1006C0005F615F776F726B5F68616E646C65725FAC
:1006D0003000636C6561725F615F776F726B5F683A
:1006E000616E646C65725F3100636C6561725F623C
:1006F0005F776F726B5F68616E646C65725F30000C
:10070000636C6561725F625F776F726B5F68616E69
:10071000646C65725F3100636C6561725F635F7703
:100720006F726B5F68616E646C65725F3000636CE2
:100730006561725F635F776F726B5F68616E646C37
:1007400065725F31006770696F5F68616E646C65C8
:10075000725F30006770696F5F68616E646C6572AC
:100760005F31006374725F73335F696E6974006335
:1007700074725F73330025733A20535049207472AA
:10078000616E73616374696F6E206661696C656424
:10079000207769746820636F64653A2025642F258B
:1007A000750025733A2053504920627573202573D4
:1007B000206E6F742072656164790025733A20574A
:1007C000726F6E67204A454445432049443A2025CC
:1007D000303258202530325820253032582C2065B0
:1007E000787065637465643A20253032582025306E
:1007F000325820253032580025733A20556E7375D3
:1008000070706F72746564206572617365207265C3
:1008100071756573743A2073697A6520257A75203D
:100820006174203078256C78007370695F666C6144
:1008300073685F617434355F7265616400706572FE
:10084000666F726D5F777269746500706572666F4E
:10085000726D5F65726173655F6F7000706572665F
:100860006F726D5F636869705F6572617365007355
:1008700070695F666C6173685F617434355F65725F
:1008800061736500726561645F7374617475735F31
:10089000726567697374657200636F6E6669677508
:1008A00072655F706167655F73697A65006368652B
:1008B000636B5F6A656465635F696400706F776529
:1008C000725F646F776E5F6F70007370695F666CE4
:1008D0006173685F617434355F696E697400617457
:1008E00034356462363431654030006374725F734E
:1008F00070695F666C6173685F617434350025737D
:100900003A20496E76616C6964207369676E617420
:100910007572653A203078253038780025733A2092
:10092000496E636F6D70617469626C652076657283
:1009300073696F6E3A203078253032780025733A2B
:1009400020556E65787065637465642073697A6597
:100950003A203078253032780025733A20435243CC
:10096000206D69736D617463683A20307825303882
:100970007820287265616429203078253038782005
:100980002863616C63756C61746564290028756EF9
:100990007365742900253032783A253032783A254B
:1009A0003032783A253032783A253032783A25306C
:1009B0003278006C6F61645F756963725F63757331
:1009C000746F6D657200696E6974006374725F693B
:1009D0006E666F00626C6520706173736B65793A47
:1009E0002025730A00626C65206465766164647218
:1009F0003A2025730A00636C61696D20746F6B6522
:100A00006E3A2025730A0073657269616C206E75F9
:100A10006D6265723A2025730A006669726D7761AE
:100A200072652076657273696F6E3A2025730A00CD
:100A30006669726D77617265206E616D653A202519
:100A4000730A006669726D776172652062756E6403
:100A50006C653A2025730A0068617264776172657B
:100A6000207265766973696F6E3A2025730A006893
:100A7000617264776172652076617269616E743A41
:100A80002025730A0070726F64756374206E616D47
:100A9000653A2025730A0076656E646F72206E6178
:100AA0006D653A2025730A0044657669636520699F
:100AB0006E666F726D6174696F6E20636F6D6D61CC
:100AC0006E64732E0073686F770047657420616CE5
:100AD0006C20696E666F726D6174696F6E206174EF
:100AE000206F6E63652E0076656E646F722D6E6189
:100AF0006D65004765742076656E646F72206E6167
:100B00006D652E0070726F647563742D6E616D6516
:100B1000004765742070726F64756374206E616D38
:100B2000652E0068772D76617269616E7400476585
:100B300074206861726477617265207661726961A0
:100B40006E742E0068772D7265766973696F6E001A
:100B5000476574206861726477617265207265769A
:100B60006973696F6E2E0066772D62756E646C65B1
:100B700000476574206669726D77617265206275E1
:100B80006E646C652E0066772D6E616D650047653D
:100B900074206669726D77617265206E616D652E75
:100BA0000066772D76657273696F6E0047657420F5
:100BB0006669726D776172652076657273696F6EB2
:100BC0002E0073657269616C2D6E756D62657200C1
:100BD0004765742073657269616C206E756D62651E
:100BE000722E00636C61696D2D746F6B656E0047CA
:100BF000657420636C61696D20746F6B656E2E0087
:100C0000626C652D6465766164647200476574206A
:100C1000424C452064657669636520616464726551
:100C200073732E00626C652D706173736B65790050
:100C300047657420424C4520706173736B65792E53
:100C4000006374725F696E666F5F7368656C6C00D9
:100C500025733A2053797374656D20496E69746900
:100C6000616C697A6174696F6E00696E69740063A2
:100C700074725F6C656400636F6D6D616E64206E8D
:100C80006F7420666F756E643A2025730A00726572
:100C90006400677265656E0079656C6C6F770065DE
:100CA000787400696E76616C6964206368616E6E49
:100CB000656C206E616D650A006F666600696E7610
:100CC000616C696420636F6D6D616E640A002573E9
:100CD0003A2043616C6C20606374725F6C65645F82
:100CE00073657460206661696C65643A20256400F0
:100CF000636D645F6C65645F737769746368004CEF
:100D0000454420636F6D6D616E64732E0073776967
:100D100074636800537769746368204C45442063AA
:100D200068616E6E656C2028666F726D61742072EA
:100D300065647C677265656E7C79656C6C6F777CC9
:100D4000657874206F6E7C6F6666292E00637472FE
:100D50005F6C65645F7368656C6C00000000000088
:100D6000010100000000000101010000000020302E
:100D70003030303030303030303030303000010002
:100D800001010101010100000000005465726D695C
:100D90006E616C0000000000000054545220524567
:100DA000474745530025733A2048616C74696E6764
:100DB0002073797374656D00556E6B6E6F776E205E
:100DC0006572726F7200756E6B6E6F776E00257351
:100DD0003A203E3E3E205A45504859522046415402
:100DE000414C204552524F522025643A2025732011
:100DF0006F6E204350552025640025733A204661CC
:100E0000756C7420647572696E6720696E746572A2
:100E1000727570742068616E646C696E670A002573
:100E2000733A2043757272656E74207468726561DE
:100E3000643A2025702028257329004350552065E9
:100E40007863657074696F6E00556E68616E646C6E
:100E5000656420696E746572727570740053746194
:100E6000636B206F766572666C6F77004B65726E90
:100E7000656C206F6F7073004B65726E656C2070CF
:100E8000616E6963007A5F666174616C5F6572723E
:100E90006F72006B5F7379735F666174616C5F651D
:100EA00072726F725F68616E646C65720069646C07
:100EB00065006F73002B0064756D6D7900736C6550
:100EC0006570696E67006465616400737573706551
:100ED0006E6465640061626F7274696E6700737539
:100EE0007370656E64696E67007175657565640021
:100EF000737973776F726B7100286E756C6C290053
:100F00002A666C6F61742A0018E50000000000007A
:100F100000000000000000000000000000000000D1
:100F2000000000000000000000C0014000000000C0
:100F300000000000000000000000000000000000B1
:100F4000001002400000000000000000000000004F
:100F50000000000000000000000000000000000091
:100F60000000000000000000000000000000000081
:100F70000000000000000000000000000000000071
:100F80000000000000000000000000000000000061
:100F90000000000000000000000000000000000051
:100FA0000000000000000000000000000000000041
:100FB0000000000000000000000000000000000031
:100FC0000000000000000000000000000000000021
:100FD0000000000000000000000000000000000011
:100FE0000000000000000000000000000000000001
:100FF00000000000000000000000000000000000F1
:1010000000000000000000000000000000000000E0
:1010100000000000000000000000000000000000D0
:1010200000000000000000000000000000000000C0
:1010300000000000000000000000000000000000B0
:1010400000000000000000000000000000000000A0
:101050000000000000000000000000000000000090
:101060000000000000000000000000000000000080
:101070000000000000000000000000000000000070
:101080000000000000000000000000000000000060
:101090000000000000000000000000000000000050
:1010A0000000000000000000000000000000000040
:1010B0000000000000000000000000000000000030
:1010C0000000000000000000000000000000000020
:1010D0000000000000000000000000000000000010
:1010E0000000000000000000000000000000000000
:1010F00000000000000000000000000000000000F0
:1011000000000000000000000000000000000000DF
:1011100000000000000000000000000000000000CF
:101120001802002018020020010000000100000049
:1011300000000000000000000000000000000000AF
:10114000000000000000000000000000000000009F
:10115000000000000000000000000000000000008F
:101160000000000000000000E0E4000000000000BB
:10117000000000000000000000000000000000006F
:10118000000000000000000000000000000000005F
:10119000000000000000000000000000000000004F
:1011A000000000000000000000000000000000003F
:1011B000000000000000000000000000000000002F
:1011C000000000000000000000000000000000001F
:1011D000000000000000000000000000000000000F
:1011E00000000000000000000000000000000000FF
:1011F00000000000000000000000000000000000EF
:1012000000000000000000000000000000000000DE
:1012100000000000000000000000000000000000CE
:1012200000000000000000000000000000000000BE
:1012300000000000000000000000000000000000AE
:10124000000000000000000000000000000000009E
:10125000000000000000000000000000000000008E
:10126000000000000000000000000000000000007E
:10127000000000000000000000000000000000006E
:10128000000000000000000000000000000000005E
:10129000000000000000000000000000000000004E
:1012A000000000000000000000000000000000003E
:1012B000000000000000000000000000000000002E
:1012C000000000000000000000000000000000001E
:1012D000000000000000000000000000000000000E
:1012E00000000000000000000000000000000000FE
:1012F00000000000000000000000000000000000EE
:1013000000000000000000000000000000000000DD
:1013100000000000000000000000000000000000CD
:1013200000000000000000000000000000000000BD
:1013300000000000000000000000000000000000AD
:10134000000000000000000000000000000000009D
:10135000000000000000000000000000000000008D
:10136000000000000000000000000000000000007D
:10137000000000000000000000000000000000006D
:10138000000000000000000000000000000000005D
:10139000000000000000000000000000000000004D
:1013A000000000000000000000000000000000003D
:1013B000000000000000000000000000000000002D
:1013C000000000000000000000000000000000001D
:1013D000000000000000000000000000000000000D
:1013E00000000000000000000000000000000000FD
:1013F00000000000000000000000000000000000ED
:1014000000000000000000000000000000000000DC
:1014100000000000000000000000000000000000CC
:1014200000000000000000000000000000000000BC
:1014300000000000000000000000000000000000AC
:10144000000000000000000000000000000000009C
:10145000000000000000000000000000000000008C
:10146000000000000000000000000000000000007C
:10147000000000000000000000000000000000006C
:10148000E5B20000B5B90000000000000100000056
:1014900078EA0000081B0020480800203A000000FD
:1014A0005C0800203A000000340800203A000000E8
:1014B000700800203A0000000000000051C5000044
:1014C000000000000000000000600040000000007C
:1014D000000000000000000000000000000000000C
:1014E00000000000000000000000000000000000FC
:1014F00000000000000000000000000000000000EC
:1015000000000000000000000000000000000000DB
:1015100000000000000000000000000000000000CB
:1015200000000000000000000000000000000000BB
:1015300000000000000000000000000000000000AB
:10154000000000000000000000000000000000009B
:10155000000000000000000000C00140000000008A
:10156000000000000000000000000000000000007B
:1015700000000000000000000040004000000000EB
:10158000000000000000000000000000000000005B
:10159000000000000000000000000000000000004B
:1015A0000000000000000000DCEC00000100000072
:1015B000A8060020A806002000000000010000008E
:1015C000B8060020B806002000000000010000005E
:1015D000000000000000000000000000000000000B
:1015E00000000000000000000000000000000000FB
:1015F00000000000A8E4000000000000000000005F
:10160000EA3A0020E23A00200090D003FF000000F8
:10161000900200000C0700200C07002000000000D2
:10162000EDA60000580700205007002048070020C2
:10163000000000004007002009A8000055A7000096
:1016400089A70000D1A70000C82700203A00003A6F
:10165000CC2700203A00003AD02700203A00003A78
:10166000D42700203A00003A680700202C07002009
:1016700024070020200700201C0700200000000095
:10168000000000000000000000000000000000005A
:10169000000000000000000000000000000000004A
:1016A000000000000000000000000000000000003A
:1016B000000000000000000000000000000000002A
:1016C000000000000000000000000000000000001A
:1016D000000000000000000000000000000000000A
:1016E00000000000000000000000000000000000FA
:1016F00000000000000000000000000000000000EA
:1017000000000000000000000000000000000000D9
:1017100000000000000000000000000000000000C9
:1017200000000000000000000000000000AD0020EC
:10173000002000000000000000000000340800202D
:101740003408002000000000000000000E0000002F
:1017500048080020480800200000000000000000A9
:101760000E0000005C0800205C0800200000000063
:10177000000000000E00000070080020700800202B
:1017800000000000000000000E000000840800209F
:1017900084080020000000000100000015E015E0B2
:00000001FF
