:10000000009600207D3C0000BDB20000693C00006D
:10001000693C0000693C0000693C000000000000F1
:10002000000000000000000000000000693D00002A
:10003000693C000000000000613F0000693C0000D6
:10004000DD3F0000DD3F0000DD3F0000DD3F000040
:10005000DD3F0000DD3F0000DD3F0000DD3F000030
:10006000DD3F0000DD3F0000DD3F0000DD3F000020
:10007000DD3F0000DD3F0000DD3F0000DD3F000010
:10008000DD3F0000DD3F0000DD3F0000DD3F000000
:10009000DD3F0000DD3F0000DD3F0000DD3F0000F0
:1000A000DD3F0000DD3F0000DD3F0000DD3F0000E0
:1000B000DD3F0000DD3F0000DD3F0000DD3F0000D0
:1000C000DD3F0000DD3F0000DD3F0000DD3F0000C0
:1000D000DD3F0000DD3F0000DD3F0000DD3F0000B0
:1000E000DD3F0000DD3F0000DD3F0000DD3F0000A0
:1000F000DD3F0000DD3F0000DD3F0000DD3F000090
:100100007BB972B90029BEBF00204FF0004106E064
:1001100008BF00281CBF6FF000414FF0FF3000F017
:1001200057B8ADF1080C6DE904CE002909DB002BAE
:100130001ADB00F061F8DDF804E0DDE9022304B029
:100140007047404261EB4101002B1BDB00F054F88B
:10015000DDF804E0DDE9022304B0404261EB410137
:10016000524263EB43037047524263EB430300F098
:1001700043F8DDF804E0DDE9022304B0404261EB1E
:1001800041017047524263EB430300F035F8DDF85C
:1001900004E0DDE9022304B0524263EB43037047FD
:1001A00053B94AB9002908BF00281CBF4FF0FF31DE
:1001B0004FF0FF3000F00CB8ADF1080C6DE904CE43
:1001C00000F01AF8DDF804E0DDE9022304B070471E
:1001D000704700BF10F8012B11F8013B012A28BF1E
:1001E0009A42F7D0D01A7047034613F8012B002A21
:1001F000FBD1181A013870472DE9F0478C468E461E
:10020000089E154604461946002B40F0D0807245E2
:1002100047D9B2FA82F74FB1C7F120030EFA07FCB3
:1002200020FA03F3BD4043EA0C0CBC404FEA154EE4
:10023000A8B2BCFBFEF8230C0EFB18CC08FB00F99F
:1002400043EA0C43994528D9EB1808F1FF3204D250
:10025000994502D9A8F102022B44A3EB0903A4B2E9
:10026000B3FBFEFC0EFB1C330CFB00F044EA034422
:10027000A04214D92C190CF1FF3304D2A04202D9A8
:10028000ACF102032C44241A43EA02401EB1FC40A4
:10029000002334607360BDE8F0874246DDE76346C3
:1002A000F1E7002A79D0B2FA82F3002B3FD0194649
:1002B000C1F1200302FA01F52EFA03F20EFA01FE53
:1002C00020FA03F343EA0E034FEA154E00FA01F455
:1002D000B2FBFEFCAFB20EFB1C201A0C0CFB07F8A5
:1002E00042EA004290455AD9AA180CF1FF3004D2D4
:1002F000904502D9ACF102002A44A2EB08029BB25D
:10030000B2FBFEFC0EFB1C220CFB07F743EA024388
:100310009F4246D9EB180CF1FF3204D29F4202D91A
:10032000ACF102022B44DB1B42EA004202E0AEEBDE
:10033000020301224FEA154EAFB2B3FBFEFC200CC4
:100340000EFB1C330CFB07F840EA034398452AD9FF
:10035000EB180CF1FF3004D2984502D9ACF1020041
:100360002B44A3EB0803A4B2B3FBFEFC0EFB1C332F
:100370000CFB07F744EA0344A74216D92C190CF1E9
:10038000FF3304D2A74202D9ACF102032C44E41B90
:1003900043EA00400F46114678E71F2188E7604690
:1003A000ABE76246BFE76046DBE76346EFE77345CE
:1003B00006D916B9002108466DE7C6E9000EF9E72F
:1003C000B3FA83F787B9734501D3824207D8841AF9
:1003D0006EEB030301209C461EB900215BE7384603
:1003E000FAE7C6E9004CF8E7C7F1200CBB4022FA57
:1003F0000CF51D4320FA0CF12EFA0CF30EFA07FE51
:1004000041EA0E014FEA154900FA07F4B3FBF9F887
:100410001FFA85FE09FB18300B0C08FB0EFA43EAA5
:1004200000439A4502FA07F240D9EB1808F1FF3071
:1004300004D29A4502D9A8F102002B44A3EB0A0387
:1004400089B2B3FBF9F809FB183308FB0EFE41EA49
:1004500003418E452CD9691808F1FF3304D28E452B
:1004600002D9A8F10203294443EA0040A0FB029804
:10047000A1EB0E014145CE46434602D306D14C4581
:1004800004D2B9EB020E68EB05030138002EA4D0AC
:10049000B4EB0E0261EB030101FA0CFC22FA07F344
:1004A0004CEA0303F940C6E9003196E74046C5E748
:1004B0004346D9E7000000002DE9F047064688B022
:1004C0000F4690460CF01BFC4FF47A73A0FB0345DB
:1004D00003FB0155E40B012F44EA45444FEAD535AF
:1004E00007D1294922462B4630460AF06FFB0020EF
:1004F00012E0D8F8047025483946FFF76BFE70B15A
:1005000023483946FFF766FE48B1304621493A464E
:100510000AF078FB6FF0040008B0BDE8F0872046D1
:10052000294617A3D3E90023FFF7EAFD05460C4649
:1005300010461946184A0023FFF7E2FD80460F4691
:10054000104619464EF660220023FFF7D9FD824679
:100550008946104619464FF47A720023FFF7D0FD02
:10056000CDE902A9CDE90623CDE90401CDE9008753
:100570000A492A46234630460AF028FBB7E700BF5F
:10058000005C2605000000004CE000005DE000007B
:1005900060E0000069E0000080EE360081E00000CD
:1005A00098B5104900AF0AF011FB0F4803685B07CC
:1005B0000FD06C4688B06A460C4B05930C4B0693E3
:1005C000032342F8103F00234FF4C25101F078F9A1
:1005D000A546EFF31183202383F31288BFF36F8FB7
:1005E000FEE700BF74DB000024030020ADDB000049
:1005F0004FF6000098B50D4900AF0AF0E7FA0C4835
:1006000003685B070FD06C4688B06A46094B0593B8
:10061000094B0693032342F8103F00234FF4C251C5
:1006200001F04EF9A54600231B60FFDECADB000087
:1006300024030020F3DB00003DF6000098B51149CB
:1006400000AF0AF0C3FA104803685B070FD06C468E
:1006500088B06A460D4B05930D4B0693032342F871
:10066000103F00234FF4C25101F02AF9A5460023A0
:1006700083F31188BFF36F8F0422104602DF184600
:10068000BD4698BD1CDC00002403002035DC0000C2
:100690002EF600002DE9F0475E4C236803F00703B7
:1006A000022B00AF10D96D4688B06A465A4B0593AD
:1006B0005A4B0693032342F8103F00234FF4C651D0
:1006C000204601F0FDF8AD4642F2107006F0F6F952
:1006D000E0B123685D0711D06D4688B06A46504B83
:1006E00005934E4BCDE90630042342F8103F4948AC
:1006F00000234FF4015101F0E3F8AD46002383F3EA
:100700001188BFF36F8F0323184602DF454806F0B8
:1007100005FAE0B12368590711D06D4688B06A46E2
:10072000414B05933D4BCDE90630042342F8103F81
:10073000384800234FF4015101F0C2F8AD460023C0
:1007400083F31188BFF36F8F0323184602DF06F08F
:100750004DFAE0B123685A0711D06D4688B06A4659
:10076000324B05932D4BCDE90630042342F8103F60
:10077000284800234FF4015101F0A2F8AD460023B0
:1007800083F31188BFF36F8F0323184602DFDFF86E
:10079000A080224E0025236803F00703022B12D904
:1007A000EA4688B005F101096A460423CDE90586C9
:1007B000079542F8103F174800234FF4035101F00A
:1007C0007FF84D46D546174806F058FAD8B1236849
:1007D0005B0710D0E94688B06A46164B0790CDE912
:1007E0000536042342F8103F0A4800234FF4015114
:1007F00001F066F8CD46002383F31188BFF36F8FB5
:100800000323184602DF00214FF420300CF097F943
:10081000C1E700BF2403002053DC000029F60000DC
:1008200078DC0000C0190020A3DC0000CADC000056
:10083000EFDC000005DD00002DE9F04F91B08407EA
:10084000009302F004030293C2F3C20303F1010315
:10085000DDF868A0039205460E46059340F09D81A1
:10086000041D00284AD101F00706341DC6F1080610
:10087000009B00275A1E4FF004084FF0FF330193EE
:100880000497B946BB4643460DB1009921600598CF
:10089000002800F3D78090480099814203D38F4805
:1008A0008142C0F0CF80039911F0020CA4EB050047
:1008B00040F0D680B9F10F0F00F2CF80002D00F08C
:1008C000D68009F140010DEB010EC0F387000199BC
:1008D0000EF8200C0EF8101CBCF1000F00F0C380C5
:1008E00060F07F000EF8200C013709F10109C5F115
:1008F0000801043406914FF6DA7E8CE00729B7D858
:100900006FF01B0011B0BDE8F08F7A285BD84B2840
:100910000FD8472857D829282ED8252850D052D864
:10092000202818BF23280CBF4FF0010B4FF0000BFD
:1009300071E04C382E2846D8DFE800F06D4545457B
:100940004545454545454545484545454545454554
:1009500045564548485656566D486A456D451848AF
:100960001845457F7C48454548457C0000204FF0B0
:10097000000B4FF0040835E02A38C0B2012101FA1B
:1009800000F010EA0E0F46D110F0625C2CD110EA94
:10099000010B40D06046013C4444B4FBF8F408FB32
:1009A00004F425B1A3EB050CA444B445A8D8002851
:1009B00070D00599013905915AF8041B009163E73D
:1009C0000199013901914FF0000B24E012F8010C5C
:1009D0006C2834D112F8023C00206C2B8346C8D11D
:1009E0004FF008084346D6E70AF1070A2AF0070A3B
:1009F0000734FAE802BC24F0070435B10698204415
:100A0000B0423FF67DAFC4E900BC08344FF0000BA4
:100A10004FF00808434612F8010F002853D0BBF1ED
:100A2000000F7FF472AF2528F5D1019B01330193AC
:100A30004FF0010B4FF00408ECE7584697E7002011
:100A40008346A8E7039988077FF551AF601B4FF0F5
:100A5000010CB0F5007FFFF42DAF6FF0150051E7EA
:100A60004FF0000CF5E70498013004903DE7BCF12D
:100A7000000F01D0013638E70298023600287FF4D3
:100A800034AF0098CDE90632FFF7AEFBDDE9063260
:100A900006442AE7042B08D10AF1040015B1DAF85C
:100AA0000010216004348246B5E70AF1070323F001
:100AB000070303F1080A1DB1D3E90001C4E90001ED
:100AC00008340823A7E7631BB3F5806FC5D23DB98F
:100AD000A6F10804E01815E790CF000064F90000C3
:100AE000029A28609B082B709DF81030AAB1EB7019
:100AF000AF702FB108A80022C5F1010C91450ED1AD
:100B0000C5F101030DF120084FF0000A01930DF12A
:100B1000300BD14512D1601BF4E66B70E8E710F89A
:100B2000013B190608D50CEB040EB64503F07F0314
:100B30003FF6E6AE04F8013B0132DFE71FB198F95A
:100B40000020002A17DB029BD3B11AF80B2004F80F
:100B5000012B0022019B18191044B0423FF6D0AE81
:100B600098F8000004F8010B0099039220460CF05D
:100B70004EF9039A14440AF1010A08F10108C8E782
:100B800098F8002055F822300093029B45F8223057
:100B90000098FFF729FB421CDCE76FF00D00B1E67F
:100BA0002DE9F04F97B000AFC7E90A3205468A46F3
:100BB00049B903784678807800EB8300284456458D
:100BC00024D8A0EB050AD7F8803095F80280D7F832
:100BD000804003F00103FB61EB787B62B8F1000F0A
:100BE0000CBF002404F001041BB1D7F880309A0731
:100BF00015D4A4B9FB6A1BB1BA6A51462846984776
:100C0000564630465C37BD46BDE8F08F441C204652
:100C1000FFF7EAFA013020440AF1010ACFE7D7F8DA
:100C20008030C3F3C0033B622B78BB619B003B6108
:100C30006B687B61BB6905EB830BFB6A002B7DD185
:100C40005646D844BCB11C461BF8013B55F823005E
:100C5000FFF7CAFAD7F88430013043B1D7F88830AB
:100C6000A34282BFD7F8843023F814000134C3456F
:100C70000644E9D1D846D7F8803013F0050F0CBFF1
:100C80004FF0020B4FF0010B4FF000097B6A9945C2
:100C9000B7D298F8013055F823A0B14B9A4508F126
:100CA0000208C0F05181AF4B3A6A9A452CBF00232D
:100CB00001233AB318F8021C7869FB6209F0E1F9E4
:100CC000FB6AF8B1A848036813F0060F16D0EA468D
:100CD0008AB06A46A54B0593A54B06937B69CDE97F
:100CE000073140F20133ADF82430A24B42F8103FF7
:100CF00000234FF4325100F0E3FDD546023E09F1E6
:100D00000109C3E723B1FB6933B9A6EB0B06F6E78C
:100D1000D7F880309B07F2D55046FFF765FAD7F831
:100D200084304BB1D7F888309C423FBFD7F884203D
:100D3000431C22F8143001340644E0E7002C69D14A
:100D4000B8F1000F6CD0D7F8803058076BD5C1468A
:100D500007F14800424659460CF059F80BEB0803DE
:100D6000FB6000220233796A8A425ED3D7F8802082
:100D700095F801B0F969920704EB0B03DBB254BF9D
:100D80004FEA59020022002940F0A680D7F88010CF
:100D900011F0040F14BF494600216B70A970EA706E
:100DA0003969BA6AFB6A28469847061EFFF629AFDA
:100DB000BB692B707B6AEB704946BA6AFB6A85F89F
:100DC00001B085F8028007F148009847B0F10009AA
:100DD000C0F2B6803B697A6A786A03EB4201FB682D
:100DE000BA6A414403EB4000AAEB0101FB6A984751
:100DF0000028C0F2A780B14409EB00064FF0000BB9
:100E000007F1380AA34569D30021BA6AFB6A08468C
:100E10009847F6E644464FF0000907F1380099E795
:100E2000C14644469AE7A14698E713F8016CDFF8FB
:100E300030C155F8260013F8021C6045C0F08A80C6
:100E4000DFF820C16045386A2CBF4FF0000B4FF02F
:100E5000010B38B17869C7E9013209F012F9D7E915
:100E60000132F0B9BBF1000F1ED0F96949B1611C24
:100E700004F1280007F13004041904F8206CCCB206
:100E80000FE0D7F8801049070BD509F1280007F1CA
:100E9000300C09F1010100EB0C0909F8106C5FFA44
:100EA00081F9013202335EE7D7F880008007DED493
:100EB00009F1280C07F1300EF44409F101000CF897
:100EC000101C07F1580151FA80F009F102095FFA8C
:100ED00089F900F8106CE4E700215EE71BF80A309E
:100EE00087F8373055F82390D7F884302BB3D7F8EC
:100EF00088309B4521D2D7F8843033F81B80BA6AFA
:100F0000FB6A012107F13700984700281ADB0644E5
:100F1000B8F1000F06D14846FFF766F900F1010865
:100F20001FFA88F8BA6AFB6A414648469847002883
:100F300008DB06440BF1010B64E74FF00008DEE725
:100F40004E465EE606465CE63B6A002B3FF4E0AEAA
:100F50000023AFE6386A0028A6D04FF0000B79E7EF
:100F600090CF000064F9000000030020D9DD0000EC
:100F70005DF6000005000001014B1860704700BFDE
:100F80004800002080B505460E461746984607F0F3
:100F900053FF034603F034F8DFF81890044649F88D
:100FA0000030424630463946A84754F8090002F05E
:100FB000C1FF00BF0800000008B50446EFF311832D
:100FC000202383F31288BFF36F8F04F0EBFC2046DD
:100FD00003F02EFA024809F073F80AF087F9FCE7EB
:100FE00091DE00002DE9F047058B044628071746DF
:100FF0000CD501290CBF45F0100545F020052583CF
:1010000087F31188BFF36F8FBDE8F087022905F0E1
:10101000070540F09480204609F0CAFA052864D8F4
:1010200001A353F820F000BF011000003F110000A1
:10103000EB100000AD100000C7100000D910000038
:1010400001F007035A1F012A1FD8002221F00701CF
:10105000062BD4F8008089B2C4E9002209D14346A6
:1010600003E0628B013262831B68002BF9D141F0EF
:1010700002012183204609F09BFA4FF00009002865
:101080006DD041F02001218369E0042B0AD121F0C9
:10109000070189B22183204609F08AFA10B141F094
:1010A000200121834FF00008C14658E02369D3F89E
:1010B0000090238B23F0070343F0060323834FF0B4
:1010C000000846464BE02369D3F80490238B23F0B5
:1010D000070343F00403F1E72369D3F80890238B57
:1010E00023F0070343F00503E8E74FF00008C1468B
:1010F000E7E7012243F00803238387F31188BFF356
:101100006F8F002A3BD1B8F1000F4AD1B9F1000F1F
:1011100002D02D492046C847EFF31187202383F3DF
:101120001288BFF36F8F238B23F008039BB22383B6
:10113000D9063FD523F01002228303F00705666924
:10114000218B002EBFF67CAF0023D4F8008021F065
:101150000701C4E9003341F0010121839946238B43
:1011600003F0070AAA4502D0A268002AC1D1B8F14B
:10117000000F02D1B9F1000FDAD00022BAE7A1685E
:101180000029C0D00D680029BDD04F6833465246B3
:101190002046B8471DB12B6829461D46F3E72B466C
:1011A000FAE74146334652462046D8F8008009F017
:1011B0002BFAA8E79A067FF523AF23F020022283BB
:1011C00003F0070527E700BF35A600002DE9F0472B
:1011D000DFF85480044607464FF0010994FAA4F55D
:1011E000B5FA85F509FA05F32E0108EB05156FEA46
:1011F000030A24EA03042B7B63B158F806301B6909
:101200006BB94644032273682846196807EA0A073F
:1012100009F0D6FA002CE1D13846BDE8F08728461F
:1012200098470028F6D1ECE720D4000010B50F490C
:101230000F4888B000220BF064FD00220023CDE9A6
:10124000062300240E23CDE90334CDE90144094BE4
:10125000094900944FF40062084807F00BFB084965
:10126000064807F03DFA204608B010BD8512000080
:1012700048150020F11500000055002088040020CA
:10128000C5DE0000014807F023B800BFCC030020F2
:101290002DE9F047804621480F4609F069FA0646D5
:1012A000002833D000252846BDE8F087237B83B192
:1012B0002368DB680BB120469847636883F8069083
:1012C00023681B69D3B9636803221968204609F0B3
:1012D00077FA013610345445E8D3B8F1000FE2D064
:1012E000002DDFD02846FFF771FF0546002FF7D00D
:1012F00000214FF4A4700BF022FCF1E72046984740
:101300000028E0D009FA06F31D43E2E7044CDFF8B9
:1013100014A005464FF00109DDE700BFD4190020F5
:1013200020D4000040D40000014B53F82000704747
:1013300034D6000008B5034608462BB1044A1360B2
:1013400000F038FD002008BD6FF01500FBE700BF7E
:101350004C00002010B5044C237813B9034806F064
:10136000B7FF0123237010BD44230020CC030020CD
:1013700010B504460B4809F0FBF95CB1BFF35B8F75
:10138000094B53E8001F013943E80012002AF8D145
:10139000BFF35B8F054808F0D5F80548BDE810405D
:1013A00006F096BFCC190020D01900204815002067
:1013B000CC030020064BBFF35B8F002253E8000FE5
:1013C00043E800210029F9D1BFF35B8F704700BFCC
:1013D000CC19002070B5FFF7EDFF084C084E05460C
:1013E000B44200D370BD63685B792BB123685B683E
:1013F00013B12946204698471034F1E720D4000065
:1014000040D4000010B5044C0449204608F065FFA4
:10141000034B1C6010BD00BFC402002020D600009A
:10142000C41900200E4A0F48002310B513700E4A4D
:1014300013600E4A4FF400411360FFF77BFFFFF784
:10144000E1FF00F06DF90A4B0A4918468B4200D3C0
:1014500010BD1A1A5C681211013222711033F5E7BF
:10146000452300206DA70000CC190020D0190020D2
:1014700020D4000040D4000001460022014800238F
:1014800008F04CBFC4020020014808F0E3BF00BFD1
:10149000C4020020024B0146186809F036B800BFAC
:1014A000C4190020014809F06BB800BFC402002035
:1014B0002DE9F041374B1B78002B68D0FFF7E4FF94
:1014C000044600285FD1344B344D1B68002B19DDD6
:1014D0000BF015FC4FF47A76A0FB063206FB0121D7
:1014E000D5E90020DB0B43EA41439B1A4FEAD13197
:1014F00040F2E93261EB0001934271F1000101D346
:10150000FFF768FFD5E9003213F57A7342F1000264
:10151000C5E90032002C3AD0BDE8F041FFF7C2BF68
:101520006B685B793BB121784B0717D52B68214657
:101530001B682846984710354545F1D32046FFF7EC
:10154000A9FFBFF35B8F164B53E8001F013943E837
:101550000012002AF8D1BFF35B8FB4E7204626883B
:10156000C1F3C20700F098FAC6F382160246002EB5
:10157000DCD00028DADB01233946284600F07AF96E
:10158000B042D8D3D2E7074DDFF81C80D4E7002063
:10159000BDE8F08144230020CC1900204015002034
:1015A000D019002020D4000040D4000070B50D4DAB
:1015B000297861B90120FFF76BFE0B4C0B4EB4424A
:1015C00006D3FFF775FF0028FBD101232B7070BDF8
:1015D00063685B791BB1236820469B689847103489
:1015E000EDE700BF4523002020D4000040D40000D8
:1015F00000212DE9F8430846FFF74AFE044648B3A8
:1016000040F267684FF0000902F0FAFC1A4B1B4ADF
:101610001B58136033B11A4B1B68002B02DD1948AD
:1016200006F056FE184F002544B12046FFF7CEFDC8
:10163000044618B94FF0FF384FF0FF39FFF738FF75
:10164000064628B9B5B90F4842464B4606F074FE27
:101650003546E9E74FF0FF384FF0FF39D4E72B6804
:101660009B691BB100221146284698471035BD42A0
:10167000F5D3E8E7054DFAE708000000C819002097
:10168000D0190020CC03002040D4000020D400005A
:1016900010B50F4809F06CF80E4B1B786BB1EFF3E7
:1016A0001184202383F31288BFF36F8FFFF700FFAD
:1016B00084F31188BFF36F8F10BD074B1B68002B9D
:1016C000FAD00028F8D10548BDE8104006F000BE69
:1016D000D019002045230020C8190020CC03002089
:1016E00010B5064B1B68044698472146A060044885
:1016F00008F091FEBDE81040FFF7CABF4C00002083
:10170000C4020020044A054B9B1AB1EBD30F34BF2F
:1017100052F831000020704778D3000020D4000038
:10172000084B094A09489B1ADB080021994200D15D
:101730007047026822F0070242F0030240F8042BCF
:101740000131F3E720D4000078D30000000300202B
:10175000F8B50B4F0B4BDB1B0646DD080024AC42F3
:1017600003D14FF0FF342046F8BD57F8340020B1C4
:101770003146FEF72FFD0028F5D00134EFE700BF1A
:1017800078D3000020D4000000282DE9F0478846D7
:1017900015461F461DDADFF89890264E4FF0000AD6
:1017A000A6EB090636095446B24509F1100902D1E3
:1017B0002046BDE8F08759F80C0C3B4600792A46D4
:1017C0004146FFF7E1FF844238BF04460AF1010AAF
:1017D000EAE7194B194AD21AB5EBD20F26D203EB1E
:1017E000C5031C79BC4228BF3C46154EC0B200EB75
:1017F000400056F825300722824023EA020304F015
:101800000702824013430021032223FA02F000F072
:101810000700814202F1030238BF01461E2AF4D1BB
:1018200023F007030B4346F82530C1E70024DCE72B
:1018300020D4000040D4000078D3000020D4000061
:1018400000030020F8B5094D094BED1A06460F4676
:10185000ED080024AC4200D3F8BD002122B23B4683
:101860003046013408F0A4FFA4B2F3E720D400000E
:1018700078D3000070B14168097973B1002A17DB91
:10188000CBB20C4951F8220003EB4303D84000F0DF
:10189000070070474FF0FF31EFE707490748401A4C
:1018A000B2EBD00F3ABF01EBC2010879184670477E
:1018B000042070470003002078D3000020D40000EB
:1018C0002DE9F04F8FB004AFC1F34A26B8600D4642
:1018D00090467B600C0D002E67D04FF000090A2364
:1018E0004FF0040B07F1140AFE60C7E90799C7F827
:1018F00024900093CDF808B0CDF804A007F11C03A4
:10190000F9684A464046FFF74BF9B0F5006F0346C9
:1019100022D32A48036813F0060F19D06C468AB008
:10192000D8F8041004AB264D5D61264DC3E906517D
:1019300040F2FF7119621A4640F201319984224B3C
:1019400042F8103F4FF432514B46FFF7B9FFA5461E
:101950002C37BD46BDE8F08FC0F30A0604F117002E
:10196000184420F0070080083B60FFF785FD66F310
:101970005325044680B13B68144A00F11001C7E9C1
:101980000839F961CDE901AB0A230093F96807F141
:101990001C034046FFF704F966F353257B68B968DA
:1019A0002A46204608F034FFD2E704F1170020F061
:1019B00007008008FFF760FD0446EDE71C030020E8
:1019C000DADE000090F6000005000001E3A7000049
:1019D0002DE9F04F85B002AFD7E90E6A054688467B
:1019E000144699464EB3C7F804A0CDF800A07A6B10
:1019F000334610210020FEF71FFFB0F5006F83462D
:101A00001DD32248036813F0060F12D06C4688B02D
:101A100002AA1F4B53611F4B936140F2FF73D361C6
:101A2000042342F8103F00234FF40251FFF748FF10
:101A3000A5460C37BD46BDE8F08FB346304604F0EE
:101A4000070205F00704E4003B6B44EA821444EA11
:101A5000402444EA03543B6B03F11700584420F040
:101A600007008008FFF708FD054640B13EB1CDF8FC
:101A700000A07A6B334659461030FEF7DDFE4B4628
:101A800022464146284608F0C3FED2E71C03002048
:101A90001DDF000076F60000406820B1034BC01A3D
:101AA00040F38F0070474FF0FF3070470003002075
:101AB0000EB403B503AB014653F8042B044801935D
:101AC00002F056FC02B05DF804EB03B0704700BFB3
:101AD00079A80000CA0605D48B064CBF0249034909
:101AE000FFF7E6BF704700BF57E30000CDDF0000FF
:101AF0002DE9F04F89B09846159B0693DDE916A3B2
:101B00009DF85090189F059204460D460493B9F134
:101B1000000F00F0B08007F48073079308F046FED2
:101B200007F0020B0246002874D078492046FFF7E0
:101B3000BFFF0646BBF1000F08D017F0440F6BD172
:101B400073492A462046FFF7B3FF064407F0010316
:101B500053B1704B704953F82920704B2046002A2E
:101B600008BF1A46FFF7A4FF07F48073002B07F0A5
:101B7000080318BF4FF00008002B79D0684B694963
:101B800053F829202046FFF793FF0546059B2BB10C
:101B900065491A462046FFF78BFF0544B8F1000F50
:101BA00005D0624942462046FFF782FF054460485F
:101BB0003544069B1BB15F49224608F031FA049B6D
:101BC000002B00F08E80DDF810803946B8F1100F40
:101BD000204628BF4FF01008FFF77CFF0026B542D3
:101BE00050DC002633461AF8032053492046FFF7FD
:101BF0005FFF0136102E4BD0710703D14F492046AD
:101C0000FFF756FF46453346EDD34D492046FFF7D3
:101C10004FFFEEE706468DE74A4B1868002894D040
:101C2000494B4FF47A7B1B68B5FBF3F54FF46163C6
:101C3000B5FBF0F100FB11550BFB05F54FF03C0C2B
:101C4000B1FBF3F203FB1211B5FBF0FEB1FBFCF3A9
:101C500000FB1E550CFB13110BFB05F50091B5FBAA
:101C6000F0F53A49CDE901E52046FFF721FF6CE7A1
:101C700007F008058AE7B8F1010F0CBF2C4834487B
:101C80004D4696E72D492046FFF712FF0136A6E79D
:101C9000304920460026FFF70BFF33461AF8032091
:101CA0002D49A2F120035F2B28BF2E222046FFF7EB
:101CB000FFFE0136102E0DD0720703D11F492046BA
:101CC000FFF7F6FE46453346E8D31C492046FFF7AA
:101CD000EFFEEEE7049BB3EB0803C24404937FF4EA
:101CE00072AFB9F1000F0AD0FB0704D50B4A0A49BD
:101CF0002046FFF7DDFE39462046FFF7EBFE204683
:101D000009B0BDE8F04F08F0AABD00BFD7E600005B
:101D10005EDF000044D6000056EE000059DF0000F0
:101D200058D6000083DF000089DF00008DDF00004F
:101D300079A800007143000092DF00009ADF0000E4
:101D400098DF0000DC190020D819002067DF0000B0
:101D5000AFA800009CDF00009EDF000073B542F2D8
:101D60000F738B4228BF0B4605680F4A04460521B6
:101D7000684607F013FE63680C495B680646042258
:101D8000284608F05EFD63683246694628465B686F
:101D900008F057FD636806495B681722284608F07B
:101DA00050FD02B070BD00BF25F10000C7F6000075
:101DB000AFF60000074A00210123904206D8064AE8
:101DC00001B901231360054B1860704740085B00A0
:101DD0000121F2E740420F00D8190020DC19002051
:101DE000014B002019607047F419002007B500234B
:101DF0000093084A08494FF48053012005F068FF1A
:101E0000064B01221A70064B064A1A6003B05DF8B1
:101E100004FB00BF60240020B1DF00004623002047
:101E2000001A0020492300200148FFF797BF00BF98
:101E300088D6000010B5064B18680C46FFF774FAF8
:101E400021460346BDE8104002480E22184700BF55
:101E5000F419002088D60000F8B5094D094B0A4E48
:101E6000D5E9004701221A700CB92C60F8BD214653
:101E700030463A4600F01EF8241A0644F4E700BF44
:101E8000E8190020472300204823002010B9074B01
:101E900018707047064B1B781BB142F210700AF0A5
:101EA0002ABC4FF4A47000210AF049BE462300204A
:101EB000472300202DE9F74F534F01903B780C4604
:101EC0004BB9DFF848818246019B23449A452ED3C3
:101ED00024EAE4700CE04E4E0125019922460120CF
:101EE00005F052FEA8B1012333703B7843B9204678
:101EF00003B0BDE8F08F2846FFF7C8FF6F1E3D46D0
:101F0000012005F0DBFE0028F1D03378002BF2D160
:101F1000EDE7337833B1013D2846FFF7B7FF33785B
:101F2000002BDAD13378002BE1D00020E0E71AF85B
:101F3000013BD8F800500A2B5DD1364EDFF8D8901F
:101F4000AB1B012B08BF0135D9F800B00D2305F8F4
:101F5000013C6A1C0A23BBF1000FC8F800202B705B
:101F600029DD2E4B196831BB2A495F46632FA2EB4E
:101F7000060201F11700A8BF63270AF056FF284A9E
:101F80002449264B02F1140052F804CB41F804CB4B
:101F90008242F9D1108892788A70088005F118027F
:101FA0000121BBF1090FC8F80020196011DC2023C2
:101FB0003037737537751749921B012005F0E4FD22
:101FC00098B9D9F800300133C9F80030C8F800607A
:101FD0007AE70A21B7FBF1F301FB1377303330378F
:101FE00033753E237775F374E5E70C4A0023C9F88F
:101FF00000301360EAE70B4A95423EBF6A1CC8F8FE
:1020000000202B7060E700BF47230020001A00204B
:102010004623002049230020FC190020F819002045
:10202000B8DF000048240020014B03600020704707
:1020300098D6000010B5044609F02DFD034902466C
:10204000204608F0C3FD002010BD00BFF7DF0000F0
:1020500037B5134600220192044601AA58680A21A6
:1020600000F016FE019D95B920EAE0744FF4004C93
:10207000294640F2E7304FF47A720023E4FB0C016A
:10208000FEF78EF80AF05BFD284603B030BD2A4605
:102090000249204608F0B6FD019DF5E723E0000067
:1020A00008B5034A034908F091FD002008BD00BFB0
:1020B00013E1000019E10000F7B5174600230546BB
:1020C00001AA0A21B868019300F0E2FD1749C6B2DF
:1020D000284608F089FD019C44B12246144928464F
:1020E00008F090FD019C204603B0F0BD042E09D9F4
:1020F00010493246284608F085FD284608F090FD34
:102100000124F0E77868FFF723FB021E07DA7A68FC
:102110000949284608F076FD6FF01504E3E73346D9
:1021200012B22146204608F043FBDCE744E1000000
:10213000AAE10000D1E10000E8E1000007B50023BA
:102140000090694604488DF8043006F0CDFF9DF8F4
:10215000040003B05DF804FB47A9000038B504464D
:10216000EFF31185202383F31288BFF36F8F03F001
:102170000FFC024685F31188BFF36F8F0649204696
:1021800008F024FD2046054908F020FD04482146BA
:1021900006F0C4FF002038BD7AE2000099E200009A
:1021A000A521000070B58EB004460D46D0F8A060A1
:1021B0000AF000FC034601F023FF214A1158214A8E
:1021C0002148002B18BF1A460092204A23468C4211
:1021D00018BF024628461E4908F0F8FCD4E90A2335
:1021E000CDE90023284694F90E30A289194908F058
:1021F000EDFC06A92022204606F082FAA36E1649BD
:102200000246284608F0E2FC05A920460AF0E0FB59
:10221000024628B11149284608F0D8FC0EB070BD1E
:10222000059B6422F11A4A430091B2FBF6F20C4975
:10223000CDE901622846324608F0C8FCEEE700BF4F
:1022400008000000A3E200009ADF00001AEC000082
:10225000A6E20000B2E20000DEE20000F5E20000CB
:1022600022E3000030B591B008AD044620220021E1
:1022700028460AF0F3FD1A22202128460AF0EEFD36
:102280002146104806F04AFF07AA4FF480510E4835
:102290000AF092FB079A0095C2F5805164234B43E4
:1022A0001B0B05934FF48053CDE90132064ACDE96B
:1022B0000313204605490023403A08F087FC00201C
:1022C00011B030BDD1220000C06D002073E30000CA
:1022D00070B50446D0F8A06088B00D4607A90AF092
:1022E00077FB024628B10F49284608F06FFC08B07A
:1022F00070BD20460AF05EFB079B0096F11ACDE9FF
:102300000131094B64224A43002818BF0346B2FB3F
:10231000F6F20649CDE903622846224608F056FC4B
:10232000E5E700BFF5E20000A3E20000BCE3000027
:1023300038B51346054610225868002107F058FBAF
:102340000446FFF7FBFE38B90E492246284608F03E
:1023500059FC6FF0150038BD01F052FE0A4B1B58B6
:102360009C4204D10949284608F04CFCF1E720467C
:1023700006F098FB28460649224608F027FC002074
:10238000E9E700BF20E40000080000003BE4000093
:1023900063E4000038B51346054610225868002152
:1023A00007F026FB0446FFF7C9FE38B90E4922465E
:1023B000284608F027FC6FF0150038BD01F020FE1C
:1023C0000A4B1B589C4204D10949284608F01AFCC4
:1023D000F1E720460AF04BFB28460649224608F062
:1023E000F5FB0020E9E700BF20E400000800000042
:1023F000A2E40000C8E4000038B5134605461022E8
:102400005868002107F0F4FA0446FFF797FE38B940
:102410000E492246284608F0F5FB6FF0150038BD3E
:1024200001F0EEFD0A4B1B589C4204D10949284695
:1024300008F0E8FBF1E7204601F07CFD284606495C
:10244000224608F0C3FB0020E9E700BF20E40000BB
:102450000800000003E5000028E5000007B504239C
:1024600000933A2201230021034800F0FBFA0020E8
:1024700003B05DF804FB00BF40D4000037B54468EA
:102480000A49226004F108052364002228460AF064
:1024900038FC41F69A12E46300232846CDE9002374
:1024A00007F018F8002003B030BD00BF73A900008A
:1024B00010B9034B18707047A42000210AF03FBBED
:1024C000603400202DE9F84F164ED0F804B088464D
:1024D00014461D4604270AF001F922468246414669
:1024E000002005F051FB814650460AF0FFF8B9F193
:1024F000000F0BD001233370DBF80030DBF8401005
:10250000012098472C600020BDE8F88F3378002B1D
:10251000F2D0013F3846FFF7CBFF3378002BDAD1FA
:10252000EAE700BF6034002010B58368D3F870324A
:10253000DB05044616D4406803685B68984701468B
:1025400008B9A3681871A3685B6B0BB12046984764
:10255000A36801F055FD0022C3F89022034B1858E0
:1025600001F0E8FC6FF00F01EDE700BF080000008C
:1025700010B581680446083100F03CFDA168034AAB
:1025800020460831BDE8104000F0D4BC70E50000E2
:102590000EB403B5044904AA019200F02BFB02B06B
:1025A0005DF804EB03B0704757E300000149FFF703
:1025B000EFBF00BF57E300002DE9F04FA5B0044680
:1025C000542200210FA80AF049FC00230493A368B9
:1025D00020464C33029308F0E4FC204608F08FFCC0
:1025E00010B96069FFF7E2FFA068002714220021FC
:1025F00008300AF033FC0DF13C0B4FF0FF38BA46BF
:102600003D4603973E46B946049B012B05D0142D49
:1026100000F0D280B8F1000F1AD1B9F1000F0AD042
:1026200099F81130FE2B06D124AB03EB850353F848
:10263000543C03B10135A0684369002B40F08A8007
:10264000CFB1C3689F422BD00B9700F1080522E061
:102650005946029A022304A808F054FB04995BF837
:10266000042F0292034631B101290AD148B1564ADA
:10267000204608F003FD6FF00705284625B0BDE8A9
:10268000F08FC5B15BF8040C00F0E4FC98B167B1C1
:10269000A5680B9708350AAE0FCE0FC533682B60BF
:1026A0002046FFF765FF0125E7E7484A012120465C
:1026B00008F0E4FCDFE7039B33B95BF8041C05AAD0
:1026C000484608F0CFFB064608F1FF383EB3F368F2
:1026D000ABB1A368B64603F1080CBEE80F00ACE846
:1026E0000F00DEF80030CCF80030B36833B9737CEB
:1026F000FE2B04BF96F8108008F1FF38AA46D6F8E2
:1027000004C0BCF1000F08D0B646BEE80F000AAF07
:102710000FC7DEF800303B606746B14602E055B1B6
:1027200001230393B8F1000F03D1049B022B7FF424
:102730006BAF013568E7A368DB6913B1DB68002B79
:10274000EED1234B0093234A0F9B0121204608F032
:1027500095FCE5E7037EA5EB0A05B3B1417E4FF694
:10276000FF72FF2918BF0A469D4202D313449D42BF
:102770000BD98368184A0121204608F07FFC2046C7
:10278000FFF7F6FE6FF0150577E7012108F040F935
:10279000A06808F031F9A3680FAA29465B6902EB2B
:1027A0008A02204698470546A06808F029F9A068E3
:1027B000002108F02DF960E7022B7FF42EAF074BC4
:1027C000074A012154E700BF7EE5000092E50000C2
:1027D000B6E50000B0E50000EEE50000CAE5000047
:1027E0001BF0000010B5836802221A7183689B6B8E
:1027F0000446BBB908F0D1F88368D3F87032DB0423
:102800000BD50321084B094A08F038FCA0686FF487
:10281000805100F51C7008F0DAF82046BDE8104041
:1028200000F046BB10BD00BF09E6000056EE0000F8
:102830002DE9F043ADF20C4D01AD002304462B60B1
:102840000DF10306A3686068D3F838800268176941
:10285000B8F1000F26D0D3F83C904FF480622B469D
:1028600002A9B8472B68CBB10121A06808F0D0F8C5
:10287000A06808F0C1F84B462A6802A92046C04764
:10288000A06808F0BDF8A068002108F0C1F8A368AE
:102890009B6B002BD6D12046FFF7A4FF0DF20C4D09
:1028A000BDE8F0832B4601223146B8472B68002B48
:1028B000F4D096F900103378A2680029C2DB517970
:1028C00003297AD8DFE801F002727B790D2B21D041
:1028D0000A2B1FD0B2F87012092B21F0FF01A2F8C9
:1028E000701204D007D8002B41D0082B43D0A36826
:1028F000D3F86C323BE01B2B36D07F2B46D0203BED
:102900005E2BF4D8A06808F071F83178204600F00A
:1029100097FA2CE0D2F87012C9B221B1D2F8701235
:10292000C9B28B42E3D1B2F8701263F30701A2F887
:102930007012A768BB79012B06D16069FFF736FEDC
:10294000A36802229A71A9E7B7F8443033B96069E5
:10295000FFF72CFE2046FFF745FF73E72046FFF701
:102960002BFEC7F89402F5E7A36801225A7160694B
:1029700008F068F966E7A068D0F86C329B07F6D5D6
:1029800008F034F8204608F0E0FBF0E7A068D0F843
:102990006C329F07EBD508F029F8A368D3F86C32A6
:1029A0001807EFD4204608F0B1FBE0E75B2B02D11B
:1029B00002235371DBE7D2F86C320023F9E70021E0
:1029C0005171A268D2F86C1289077FF53BAF342BA6
:1029D0000AD8302BCBD90321323B5171022B2DD891
:1029E000DFE803F0303A2800433BDAB2092ABED8C8
:1029F000092BBCD801A252F823F000BF252A000001
:102A00002D2A00006F290000352A00006F290000E0
:102A10003D2A00006F2900006F2900006F29000087
:102A2000452A0000204608F0CEFAA0E7204608F02C
:102A3000C1FA9CE7204608F0B4FA98E7204608F06F
:102A4000A9FA94E7A068D0F86C1201F0010181F0B6
:102A5000010107F0E8FF8AE7A368D3F86C329B070F
:102A600085D59FE72DE9F04304468068D0F8909221
:102A700089B00F4615461E46B9F1000F5DD190464C
:102A800049464FF426720AF0E9F9A06800F51D7076
:102A90000AF0A5F9A06800F520700122114609F09E
:102AA000DDFEA369C3F80090A0684FF4007100F543
:102AB0001C7007F07DFFA36850225A85A368182276
:102AC0001A85A36822681A60D4F80890D9F8000023
:102AD00010B1FDF789FB80B289F82C00A368184A71
:102AE00025F0360565F30708C3F86C826068036853
:102AF00039461D682346A8470546D0B9A368012278
:102B00001A71D4E90A0100220023CDE906230E231D
:102B10000393109B0495CDE901630094094B4FF496
:102B2000805205F0A7FEA368C3F89002616A05F021
:102B3000D7FD284609B0BDE8F0836FF07705F8E7C8
:102B40007DAA0000492B0000F7B5044680681546B1
:102B500000F51C70002932D04FF4804107F028FFA7
:102B6000A3681D646068036800219B68984758BB90
:102B7000204607F0BCFF38BB4FF0FF364FF0FF3761
:102B8000A06800F51D7000220721CDE900670AF05A
:102B900032F9A06807F034FF0C4A0421204607F000
:102BA00051FF20460A4A012107F04CFF6068036884
:102BB0005B6903B19847A06807F01EFFE0E76FF478
:102BC000804107F004FFCBE703B0F0BD29250000EA
:102BD000BDAA000010B50549044607F0F7FF2046DE
:102BE000034A002100F0A6F9002010BD4DE60000C8
:102BF000A1E6000010B5044613460A460146064801
:102C000001F0B6FB23691B7923B12046BDE81040D3
:102C100008F018B810BD00BF5DAC000038B50B4619
:102C2000154648B91449154A521AB3EB920F05D20A
:102C300051F82350284638BD84680CB90025F9E7BF
:102C40000F4A94420AD30F4A944207D21846226888
:102C5000294690472B68002BECD1EFE70A4A9442B3
:102C600002D30A4A944205D3246814225343E51838
:102C7000E358F0E70133F8E770D4000080D4000097
:102C8000ACD50000ACD5000080D40000ACD500006D
:102C9000F7B503782D2B0446154605D16FF01503C3
:102CA0002B60002003B0F0BD01F0AAF90B4F002308
:102CB0000646C3510A46204601A906F099FEF3597B
:102CC000222B02D16FF02103EAE7002BE6D1019B12
:102CD000A342E3D01B78002BE4D0DFE70C00000018
:102CE000014908F0EAB800BF57E300002DE9F047BA
:102CF0008468054604F14C00FDF776FA002294F84A
:102D00002C8087B29146668DA6EB0806BE4209DB91
:102D1000002F21DD4C32686910492244BDE8F0479C
:102D200008F0CBB8164434444C3294F84CA084F8E4
:102D30004C90AB680A4968691A4408F0BEF8AB6861
:102D40003344324683F84CA0AC68638DA3EB080390
:102D5000FF1A4FF00008D6E7BDE8F08756EE0000F6
:102D60001BF000002DE9F84FD0F80890D9F86C322C
:102D7000B9F846605B0705460F46904623D506F135
:102D80004C004844FDF730FA0446B4B9AB68B3F8D8
:102D90004420A3F84620A86808F09CF830B1B8F1A8
:102DA000000F00D017B16869FFF79AFF79422846F3
:102DB00009B2BDE8F84F08F0CEB81E49686908F0BE
:102DC0007CF8013CE1E7D9F80000B9F844A010B163
:102DD000FDF70AFA80B2B9F82A3082448419B4FBAC
:102DE000F3F2BAFBF3F39A42B3461AD05445AB68F8
:102DF000CCDA5A8DB4FBF2F302FB1343661C13B911
:102E00006869FFF76DFFAB680B4A5B440BF1010487
:102E100093F84C3008212846A34608F02FF9344691
:102E2000E4E74C36054A09EB06030821284608F07A
:102E300025F9ABE71AEC00009EDF000056EE00001B
:102E400013B583688DF80710D3F86C220446D007B9
:102E500025D5B3F84610B3F844208A421FD0481C49
:102E6000A3F846000B449DF8072083F84C20A36884
:102E7000D3F86C12890710D5D3F86C3260690B490E
:102E800013F0040F18BF2A2208F017F8204608F0A4
:102E900036F810B16069FFF723FF02B010BD0122C0
:102EA0000DF10701204608F0F7F8F6E79EDF000075
:102EB00010B583689A79044622B91B68084A022132
:102EC00008F0DCF8A368D3F86C329B0707D52046DE
:102ED000FFF70CFF2046BDE8104008F028B810BDF1
:102EE00056EE0000014908F06AB900BF57E3000040
:102EF000F8B50F465168054616461C4611B11A46EC
:102F000008F06AF9B3688BB12146284607F0F6FF4E
:102F1000074A08213B46284608F0B0F8B168E21D90
:102F200021B12846BDE8F84008F056B9F8BD00BF09
:102F3000D0E600002DE9F0430E46002189B004469A
:102F400017460D4603AA304601F10108FFF766FE59
:102F500088B96DB127B13A460821204608F08EF8AD
:102F6000002103AA304601F10108FFF757FE60B9BE
:102F700009B0BDE8F083006810B1FDF735F980B203
:102F8000854238BF05464146DCE7D0F80090B9F1EC
:102F9000000F0FD099F8003063B14768124B134A05
:102FA000CDE900590821204608F068F827B9606982
:102FB000FFF798FF4146D4E70B4B0D4A2046082106
:102FC00008F05CF8384608F0E8F8AB1D9BB228B171
:102FD0003A4649462046FFF78BFFEBE71A4639464B
:102FE000204608F0F9F8E5E7D0F60000DBE600003F
:102FF0008DDF0000F7B50F6805460E46D7B138469D
:10300000FDF7F2F884B2114B009308213B462846A5
:103010000F4A08F033F87168084608F0BEF8E31C60
:103020009BB248B10A463168284603B0BDE8F0407B
:10303000FFF75EBF3C46E6E731B11A46284603B0CB
:10304000BDE8F04008F0C8B803B0F0BDCCF6000011
:10305000E2E6000010B507490446FDF7BBF838B1B9
:1030600005492046FDF7B6F8B0FA80F0400910BDDA
:103070000120FCE7E7E60000EAE6000008B50448A6
:1030800007F01EF8034807F01BF8002008BD00BF3A
:10309000F7E600002CE70000014806F01FBB00BF68
:1030A0002CD7000038B5044618B90F4B0F485B68A1
:1030B00098476168B1F5683F10D0B1F5680F0DD041
:1030C0000B4DA9420AD011F46861206807D001466F
:1030D000084809F071FB00232360656038BD1422A5
:1030E00009F0BCFEF9E700BF3002002059E70000FC
:1030F0002C5F5CA9A021002008B520B34368B3F57C
:10310000683F10D101220368BFF35B8F53E8001FB3
:10311000002903D143E800200028F7D1BFF35B8FDB
:103120000DD1002008BD094A93420AD000684FF033
:10313000FF324FF0FF3305F009F80028F1D00448C2
:10314000F0E70448EEE76FF4E040EBE72C5F5CA9A2
:10315000E98FFFFFEA8FFFFF08B5D8B14368B3F5E9
:10316000683F10D100220368BFF35B8F53E8001F54
:10317000012903D143E800200028F7D1BFF35B8F7A
:103180000BD1002008BD074A934208D0006805F023
:103190004FF8F6E76FF4E040F4E70348F2E703483E
:1031A000F0E700BF2C5F5CA9E98FFFFFEA8FFFFF0C
:1031B00010B5044618B91D4B1D485B6898476368F5
:1031C000B3F5683F2FD0B3F5680F2CD0194A93425E
:1031D00019D1236803BB18484FF0FF324FF0FF337B
:1031E000214604F085FF08B923681BB90F4B13482B
:1031F0005B68984720681422002109F02FFE4FF4E5
:103200006863636008E0B3F5680F0DD83A2B03D00C
:1032100040F6BA629342DED1206809F018FB636879
:1032200043F03A03636010BD054AF3E73002002023
:1032300059E700002C5F5CA9A02100207FE7000077
:103240003A00003A08B5064906484023142209F01E
:10325000A6FABDE808400449044806F0B1BA00BF28
:10326000A01C0020A021002034D7000048D7000077
:1032700008B50348034A0021121A08F017F808BDE0
:10328000E0030020D85400200748084A084908B540
:10329000121A08F00DF80748074A0849BDE8084027
:1032A000121A08F005B800BF00000020DC0300205F
:1032B00064F90000000000200000002064F9000014
:1032C0002DE9F047054600AF0C46002963D0DFF832
:1032D00008A1DAF800305A075DD06E468AB0D1E90D
:1032E0000001A3686A46DFF8F480DFF8F4C0CDF887
:1032F00014C04FF00609CDE90680CDE9081342F865
:10330000109F00234FF441515046FEF7D9FADAF8E6
:1033100000305B07B5463ED08AB0D4E9030163694B
:103320006A46DFF8C0C00993CDE905C8CDE90701B9
:1033300042F8109F002350464FF44151FEF7C0FA67
:10334000DAF800305807B54625D088B0E3696A46F8
:10335000254907934FF00409CDE9051842F8109F5D
:1033600000234FF401515046FEF7AAFADAF8003074
:103370005907B5460FD088B0A3696A461B49079321
:10338000CDE9051842F8109F00234FF40151504633
:10339000FEF796FAB546012D17D1EFF305830E48D7
:1033A0000268520711D06E4688B06A4610490591EE
:1033B000103B07930F490691042342F8103F002366
:1033C0004FF40151FEF77CFAB5462146284604F039
:1033D000C3FCBD46BDE8F0872C030020D3F60000F7
:1033E000ACE70000DFE7000012E8000025E800007D
:1033F00057E80000DCF6000030BFFFF7FDBF00BF5C
:103400002DE9F0410B4EDFF8308006EB0807CC1BAE
:10341000054632460949204609F0F9FCA019424602
:103420000021083C09F01AFDC5F8AC4007F108007E
:10343000BDE8F0810000000008000000ACD50000ED
:103440002DE9F0476E4D2B688A46590700AF81463B
:1034500090460FD06C4688B06A466A4B05936A4B1B
:103460000693032342F8103F4FF4C251284607F059
:103470002CFFA546654B9B6ADA0665D52B685B0772
:103480000FD06C4688B06A46614B05935E4B06933D
:10349000032342F8103F5A484FF4C25107F015FF7A
:1034A000A5461124594B9B6A1E0713D52B68580754
:1034B0000FD06C4688B06A46564B0593524B069324
:1034C000032342F8103F4E484FF4C25107F0FDFE6F
:1034D000A54612244D4B9B6A990737D52B685A078E
:1034E0000FD06C4688B06A464B4B0593464B06930B
:1034F000032342F8103F42484FF4C25107F0E5FE63
:10350000A546424B5E6B9B6A1B0676D52B685C0713
:1035100010D06C4688B06A46404B05933A4B384809
:10352000CDE90636042342F8103F4FF4015107F06D
:10353000CCFEA546BAF1000F04D0344A936A23F0BA
:1035400080039362132403E01024ABE76FF01506A9
:103550002E4B9B6AD80713D52B6859070FD06C46A2
:1035600088B06A462E4B0593274B0693032342F8F7
:10357000103F23484FF4C25107F0A7FEA54614247C
:10358000224B9B6A9A0613D52B685B070FD06C46BB
:1035900088B06A46234B05931B4B0693032342F8DE
:1035A000103F17484FF4C25107F08FFEA54615246F
:1035B000164B9A6AD50602D49A6A90070AD55B68B8
:1035C000190507D54946304600F066FC10B180F376
:1035D000098802240D4B9A6A920642BF5A6A22F465
:1035E00000525A629A6A42F0FF029A622046002311
:1035F00088F80030BD46BDE8F0876FF01506A1E7FA
:103600002C0300206EE8000025F7000000ED00E02C
:1036100088E80000BFE80000D6E80000F2E80000FB
:103620000CE900002FE90000B0B5584C23685D0795
:1036300000AF0FD06D4688B06A46554B0593554B89
:103640000693032342F8103F4FF4C251204607F07F
:103650003CFEAD46504B9B6A980140F19580236833
:1036600059070FD06D4688B06A464C4B0593494BBD
:103670000693032342F8103F44484FF4C25107F029
:1036800024FEAD461E20444B9B6ADA0113D5236805
:103690005B070FD06D4688B06A46414B05933D4BA2
:1036A0000693032342F8103F38484FF4C25107F005
:1036B0000CFEAD461F20384B9B6A1D0313D52368B3
:1036C00059070FD06D4688B06A46364B0593314B8B
:1036D0000693032342F8103F2C484FF4C25107F0E1
:1036E000F4FDAD4621202C4B9B6A5A0313D5236869
:1036F0005B070FD06D4688B06A462B4B0593254B70
:103700000693032342F8103F20484FF4C25107F0BC
:10371000DCFDAD462220204B9B6A9D0313D5236818
:1037200059070FD06D4688B06A46204B0593194B58
:103730000693032342F8103F14484FF4C25107F098
:10374000C4FDAD462320144B9B6ADA0313D52368CE
:103750005B070FD06C4688B06A46154B05930D4B3E
:103760000693032342F8103F08484FF4C25107F074
:10377000ACFDA5462420084A936A6FEA03436FEA2A
:1037800013439362BD46B0BD1D207CE72C0300208F
:1037900062E900000FF7000000ED00E07EE90000A4
:1037A00095E90000B3E90000D5E90000FEE900005A
:1037B0001CEA00002DE9F041694C236806465807D1
:1037C00000AF0D460FD0E84688B06A46654B0593BA
:1037D000654B0693032342F8103F4FF4C251204635
:1037E00007F073FDC546614B9B6AD90440F19D808B
:1037F00023685A070FD0E84688B06A465C4B0593A9
:10380000594B0693032342F8103F55484FF4C251D9
:1038100007F05BFDC5461720544B9B6A1B0513D56B
:10382000236858070FD0E84688B06A46514B059385
:103830004D4B0693032342F8103F49484FF4C251C1
:1038400007F043FDC5461820484B9B6A990532D5C1
:1038500023685A070FD0E84688B06A46464B05935E
:10386000414B0693032342F8103F3D484FF4C251A9
:1038700007F02BFDC5463D4B996B9B6A1B0419D580
:103880002368580710D0E84688B06A463B4B05933A
:10389000354B3348CDE90631042342F8103F4FF44D
:1038A000015107F012FDC54626B1304A936A23F450
:1038B0000043936219202D4B9B6A5A0513D5236848
:1038C0005B070FD06E4688B06A462D4B0593264B9A
:1038D0000693032342F8103F21484FF4C25107F0EA
:1038E000F4FCB5461A20214B9A6AD6051FD52368E9
:1038F00059070FD06C4688B06A46224B05931A4B85
:103900000693032342F8103F15484FF4C25107F0C5
:10391000DCFCA5461B20154A936A43F47F4393625F
:1039200000232B70BD46BDE8F081162074E79B6A2A
:103930009A04F0D523685B070FD06C4688B06A46BE
:10394000114B0593084B0693032342F8103F04489C
:103950004FF4C25107F0B9FCA5461C20DBE700BFBD
:103960002C0300204BEA00001BF7000000ED00E0F4
:1039700065EA0000BFE800007AEA000097EA00006C
:10398000B0EA0000CFEA00002FE900002DE9F04185
:103990009E4B8AB0D3F8048000AF0446C8F30806F3
:1039A000002585F31188BFF36F8F02F07F43B3F1D9
:1039B0007F4F16D102F00C03082B26D194480368E0
:1039C00059070ED06C4688B06A46924B0593924BCD
:1039D0000693032342F8103F4FF4C25107F075FCE1
:1039E000A54600252C460023FB71F31E092B00F28F
:1039F000E880DFE813F00F00CE00D100CA00E60037
:103A0000E600E600E600E600D40012074CBF0C46D4
:103A10000125E8E77E4E33685B070FD0E84688B0A3
:103A20006A467E4B05937E4B0693032342F8103F74
:103A30004FF4C251304607F048FCC5460023FB71E5
:103A4000724BDA6A900714D5336859070FD06E4667
:103A500088B06A46734B5361714B9361032342F8FC
:103A6000103F6B484FF4C25107F02FFCB5460023BE
:103A700052E0DA6A002A07DA33685A07F7D06E464E
:103A800088B06A46684BE6E7DB6A5B00EFD53368CF
:103A900058070FD0E84688B06A46644B0593604BE0
:103AA0000693032342F8103F59484FF4C25107F0E0
:103AB0000CFCC546554BA1695A6942F480725A61A3
:103AC000BFF34F8FBFF36F8F31F8022C596921F488
:103AD00080715961BFF34F8FBFF36F8F02F47F4145
:103AE000B1F55F4F3AD1D2B2022A37D133685907C4
:103AF00011D06E4688B023686A464D490591484901
:103B00004348CDE90613042342F8103F4FF4015116
:103B100007F0DBFBB5462368FA79DAB907F1080646
:103B200004F1200C20686168324603C20834644501
:103B30001646F7D17A6A002D65D0C2F3080121B983
:103B40006FEA52226FEA42227A6207F108011846B0
:103B5000FFF7B6FB2837BD46BDE8F0819A6AD2B2BE
:103B60002AB1FA1D01212046FFF76AFC0FE09A6A8C
:103B700012F47F4F04D0F91D0120FFF71BFE06E071
:103B80009B6AB3F5803FFFF472AFFFF74DFD03462C
:103B9000C2E7FA1D0021E6E7F91D0020EDE71C4809
:103BA00003685A073FF463AF6E4688B06A46214BFC
:103BB0000593214B0693032342F8103F4FF4C25163
:103BC00052E7134803685B073FF451AF1B4A1C4B95
:103BD00018F4F87FE8468AB008BF13466A461949C8
:103BE00005911949CDE9061340F20133ADF82430AF
:103BF000103E164B08964FF4315142F8103F07F033
:103C000064FBC54633E76FF308029DE700ED00E073
:103C10002C03002019EB000041F7000048EB0000E6
:103C200036F7000063EB000088EB00009AEB000021
:103C3000BDEB0000DDEB000001F70000EBEA000047
:103C400000EB000005EC0000EEF6000005000001AE
:103C5000044B5A6942F010025A615A6922F0080274
:103C60005A61704700ED00E0EFF30880EFF309813F
:103C700001B57246FFF78AFE01BD00BF002080F348
:103C80001488BFF36F8F134880F3088803F05AF845
:103C9000002011490860BFF34F8F00F033F8202057
:103CA00080F311880D484FF0AA014FF4825207F0BB
:103CB000FDFA0A484FF48251401880F30988EFF367
:103CC00014800221084380F31488BFF36F8F00F043
:103CD000B3F800000096002094ED00E0806D002015
:103CE0000749D1F890200023C2F3072218469342D7
:103CF00000DB7047C1F89830C1F8A0000133F6E747
:103D000000ED00E008B572B6002383F31388FFF7D7
:103D1000E7FF144B4FF0FF32C3F88020C3F8842034
:103D2000C3F88820C3F88C20C3F89020C3F89420EF
:103D3000C3F89820C3F89C20C3F88021C3F88421DD
:103D4000C3F88821C3F88C21C3F89021C3F89421CB
:103D5000C3F89821C3F89C2162B6BFF34F8FBFF31D
:103D60006F8F08BD00E100E01EF0040F0CBFEFF301
:103D70000880EFF30980816911F8021C0229FFD045
:103D800001B5724607F096FA01BD00BF40B20028A7
:103D900007DB044A4109012300F01F00834042F879
:103DA0002130704700E100E040B200280CDB4309FD
:103DB000064900F01F0020330122824041F82320F1
:103DC000BFF34F8FBFF36F8F704700BF00E100E07C
:103DD000054B420900F01F0053F82220012303FA8B
:103DE00000F01040704700BF00E100E040B2002842
:103DF000A8BF00F1604001F10101B8BF064B4FEAD6
:103E00004111ACBF00F5614000F00F00C9B2B4BF72
:103E1000195480F80013704714ED00E0044B054A74
:103E200023F07F039360BFF34F8FBFF36F8F704713
:103E30000000000000ED00E008B5FFF7EFFF074AC3
:103E4000D2F8883023F47003C2F88830FFF710FAF4
:103E5000FFF71AFA00F0B6F804F0CEF800ED00E033
:103E600042F8203C009B42F81C3C0A49019B42F866
:103E7000183C029B42F8143C21F001014FF0807382
:103E800042F8043C42F8081C0023203A0265C0F8BE
:103E9000B0307047850F00000A4A0346906878B139
:103EA00013F1160FD0F89C0005D0A0F14002934208
:103EB00005D3834203D2814228BF002070470020EF
:103EC000704700BFEC22002008B515460C4A0D4B88
:103ED0009060D0F8AC201A600E4600F0A3F82C4693
:103EE00086F309880020044B9847204600210022D1
:103EF0000023024C20470000DFB20000850F0000C5
:103F0000EC220020BC210020014B10221A617047D6
:103F100000ED00E0054B5A699B689A421FBF044AB6
:103F2000536843F080535360704700BFEC22002079
:103F300000ED00E0084B9B6883420BD1EFF3058353
:103F400043B1064B5A6842F080525A605A6A22F4D2
:103F500000425A6204F076BFEC22002000ED00E03F
:103F600015498A684FF030001044EFF3098C80E85F
:103F7000F01F202080F31288BFF36F8F0F4F4FF098
:103F800000664A698A603E60D2F8AC000C4C206042
:103F9000D2F8B0000023C2F8B03080F3118804B525
:103FA000104600F03FF8BDE8044002F1300090E810
:103FB000F01F8CF309887047EC22002004ED00E02C
:103FC000BC210020044800232021C2180133302BDB
:103FD00082F80013F9D1704700E100E008B5EFF373
:103FE0000583064A103B02EBC30152F833004968CF
:103FF0008847BDE80840FFF78DBF00BF68D10000CB
:104000000148006870470000BC210020024B034AB1
:104010000348012100F0BCB800E0032000000020AC
:1040200058D70000D0F89C30054A403B1360054B40
:104030004021C2E901131046012100F0B3B800BFCE
:10404000C021002000000B1598B503460C480268FB
:10405000520700AF10D06C4688B06A4609490591F6
:104060000949CDE90613042342F8103F00234FF419
:104070000151FDF725FCA5466FF01500BD4698BD22
:104080002803002020EC000049F7000010B50E4C7A
:10409000D4F89020C2F30722013A904204D9FFF7E6
:1040A000D3FF6FF0150010BDC4F898000A6822F025
:1040B0001F02024342F01002C4F89C208A6842F0BA
:1040C0000102C4F8A020EEE700ED00E02DE9F04188
:1040D00084B00E4600AF984604460025B5421FDA6C
:1040E0006068002835D0B8F1000F23D0411E084287
:1040F0001BD0194803685B0710D06C4688B06A462D
:10410000164B0593164BCDE90635042342F8103FB4
:1041100000234FF40151FDF7D3FBA5466FF01502C4
:1041200010461037BD46BDE8F0811F28E1D923684D
:104130001942DED123687B6007F0F4F8A368391DCB
:104140000343D0B2FB60FFF7A1FF10F1160FE5D0DB
:10415000421C01350C34C1E7280300204AEC000062
:1041600062F70000044B0522C3F89420BFF34F8F81
:10417000BFF36F8F704700BF00ED00E0BFF35F8FAC
:10418000024B0022C3F89420704700BF00ED00E00E
:1041900010B5034C01232278FFF798FF207010BD63
:1041A0007F34002008B50B4A00231278FFF78EFFFA
:1041B00010F1160F07D0084A0021D2F89030C3F34F
:1041C0000723984200DB08BDC2F89800C2F8A0108F
:1041D0000130F2E77F34002000ED00E02DE9F043EC
:1041E0005D485E49D0F890300C68C3F307239C42C9
:1041F00085B000F2AE80FFF7C1FF4968002294420B
:1042000001F10C011AD1564F564D3C706846FDF72E
:104210000BFF554C554E81464FF00008C14520D14B
:104220003B784D490020D1F89020C2F307229342F9
:10423000C0F28980FFF796FF002050E0C0F8982078
:1042400051F80C3C23F01F03134343F01003C0F854
:104250009C3051F8043C43F00103C0F8A030013217
:10426000CDE7009800EB08114FEA081CCB6823400B
:10427000B3F5000F49D00BD8B3F5001F32D0B3F51A
:10428000800F37D0B3F5801F14D008F10108C5E7BF
:10429000B3F1007F42D0B3F1805F48D0B3F1807FAB
:1042A000F3D150F80C3088684A6807F03BF840F0CA
:1042B000887009E050F80C3088684A6807F032F8D6
:1042C00040F0885040F43020039001A93878CDE9BF
:1042D0000123FFF7DBFE002831DA6FF0150005B08F
:1042E000BDE8F08350F80C3088684A6807F01AF887
:1042F0003043E9E750F80C3088684A6807F012F854
:1043000040F0007040F40030DEE750F80C30886870
:104310004A6807F007F840F08270D5E750F80C3093
:1043200088684A6806F0FEFF40F48020CCE750F829
:104330000C3088684A6806F0F5FF2843C4E73B78EC
:1043400001333B70A1E7C1F89830C1F8A0000133F8
:1043500069E74FF0FF30C2E700ED00E064D70000EE
:104360007F340020000002110000F0FF000008115F
:10437000F0B587B007460E46144600211022684665
:104380001D4608F06BFD02238DF802302A46054BCE
:10439000019321466846CDE9047605F08FFB07B00E
:1043A000F0BD00BF45B3000008B5024B1B6898473D
:1043B000002008BDCC210020034B044A18609378EC
:1043C00043F0020393707047CC210020800000204E
:1043D00008B50649064821F00701C1F1005202F56F
:1043E000783205F0DCFD002008BD00BFD3C60020F8
:1043F000D0210020044A0123C2F840354FF080420A
:104400000020C2F87835704700E0014048B1054B04
:10441000054A1B68B3FBF2F35843044B43F0010316
:10442000184770471C02002040420F00B0D5000022
:10443000BFF34F8F0549064BCA6802F4E06213438D
:10444000CB60BFF34F8F00BFFDE700BF00ED00E082
:104450000400FA05084B70B5C31A0D4607499B10B6
:10446000044659430648402206F080FF2B46014689
:104470002046BDE870401847F0210020B76DDBB63C
:1044800050D0000073B50C4C0C4A4023041B009321
:104490000D460B460A49A41061430646094806F03A
:1044A00091FF014628B130462B4602B0BDE870406E
:1044B000184702B070BD00BFF021002031B40000E9
:1044C000B76DDBB650D000000022F8B501210546DB
:1044D0001046FFF78BFC104802F01CFD0446B8B9EB
:1044E00002F038FD2F690D49384606F0B0F8031E7A
:1044F00009DB01263E642D69084905F11C0006F020
:10450000A6F8031E02DA1C462046F8BDEE64FBE75F
:104510006FF00404F8E700BF4946000084D70000AC
:104520001FB500220123CDE902236C46074A6B46E2
:10453000CDE9004406F075FF28B94FF4804200230E
:10454000684603F0F9FE04B010BD00BF43B400009C
:1045500010B5EFF31184202383F31288BFF36F8F1C
:10456000074A136823F00201DB07116002D401201F
:1045700007F0E1FB84F31188BFF36F8F10BD00BF1C
:104580004022002030B4104B0C2202FB00330146C5
:104590000020D3E90E529863EFF31180202484F3B6
:1045A0001288BFF36F8F1C6C04F0C00444F0020447
:1045B0001C6480F31188BFF36F8F1DB12B46034835
:1045C00030BC184730BC7047F021002050D00000AC
:1045D00010B4EFF31180202282F31288BFF36F8FA3
:1045E00017490B6843F0020413F001030C601AD062
:1045F0004FF08043D3F80C14D3F80C3413F00103BC
:1046000011D0EFF3118182F31288BFF36F8F0D4A3F
:10461000136C03F0C00343F00203136481F31188A9
:10462000BFF36F8F012380F31188BFF36F8F1BB12E
:1046300010BC0020FFF7A6BF10BC012007F073BB21
:1046400040220020F021002010B1012804D0704742
:10465000034B1B6C5B0701D1FFF794BF704700BF92
:10466000F02100202DE9F0413849BFF35B8F8046EF
:10467000012251E8003F41E800200028F9D1BFF3B2
:104680005B8F33B9324933484B60CB608A6005F0A9
:10469000F1FF08F1FF33012B4BD8B8F1010F07D11F
:1046A0004FF08043D3F81C3403F00303012B40D0B8
:1046B00008F07AF9054658B1EFF31186202383F309
:1046C0001288BFF36F8F0125234F4FF080441EE007
:1046D000224B1B78002BEFD04FF080430222C3F80F
:1046E00008230646F0E735B3304606F00CFED4F852
:1046F000183563B9D4F804214AB1C4F80431D4F8A8
:1047000004310123C4F81835C7F88031A360D4F808
:104710001824D4F81834D203E5D503F00303012B91
:1047200002D0B8F1010FDED155B186F31188BFF385
:104730006F8FBDE8F0810021212008F000FAD6E754
:104740004FF080430222C3F80423F2E7EC2100205B
:10475000DC2100200C22002000E100E0D3540020E6
:1047600008B50448FCF708FC0248FFF725FE0020C6
:1047700008BD00BF7947000073B5104E8DF80700E3
:104780000446032501220DF10701002003F072FA0F
:1047900020B101233370204602B070BD3378002B66
:1047A000F9D0013D08D008F0FFF80028EAD1002137
:1047B000422008F0C4F9E5E73570ECE780340020CA
:1047C000024B0B6001231360704700BF442200209E
:1047D00000487047A8D70000B0B503460D480268EE
:1047E000520700AF11D06C468AB06A460A4D059553
:1047F0000A4D0891CDE90653052342F8103F0023E6
:104800004FF42151FDF75CF8A5466FF01500BD4649
:10481000B0BD00BF18030020B0EC000078F7000026
:1048200010B5012211460648064C08F017F807F0AB
:1048300086FD206007F07FFD6060002010BD00BF96
:104840004C220020442200204FF08042D2F8101564
:10485000D2F8103501F01E0123F01F030B4343F083
:104860000103C2F81035024B00221A70704700BFD6
:10487000813400204FF08053D3F83031082B20D101
:104880004FF08042D2F81015CB071AD5D2F8103568
:1048900001F01E0123F01F030B43C2F81035D2F8BC
:1048A00008315BB1D2F8103523F01F030B4343F0FE
:1048B0000103C2F810356FF08B007047024B0122E4
:1048C0001A700020704700BF813400202DE9F843A2
:1048D00000AF8946154607F02EFD29460646484694
:1048E00006F0BFFD034600284AD0B9FBF6F306FBED
:1048F0001393C84623B9B5FBF6F406FB1454C4B1B0
:1049000028480368590711D06C468AB06A46264B7E
:104910000593264B0895CDE90639052342F8103F4B
:1049200000234FF42151FCF7CBFFA5466FF015048F
:104930001FE0AE421DD84FF0FF324FF0FF331C484E
:10494000DFF8709003F0F8FC07F0F5FC0646FFF77F
:1049500091FF044688B9404602F096FD99F8003070
:104960000BB1FFF771FFAD1BB044F0D1104803F05D
:10497000AFFC2046BD46BDE8F8836FF08B04F5E739
:10498000084802685207D1D06C468AB06A460A4984
:10499000059106490895CDE90619052142F8101F31
:1049A000BFE700BF18030020D1EC000097F700001C
:1049B0004C22002081340020B0EC00002DE9F047AB
:1049C0000E4600AF194630461C46904606F049FD9B
:1049D0000346D0B92F480268510710D06D468AB0FF
:1049E0006A462D4905912D490894CDE90616052101
:1049F00042F8101F4FF42151FCF762FFAD466FF0F3
:104A000015042046BD46BDE8F08746EA040515F0CA
:104A1000030511D01F4803685A07F0D06D468AB0CD
:104A20006A461F4B05931D4B0894CDE906360523B6
:104A300042F8103F0023DDE7002CE2D01948DFF8F0
:104A400068A04FF0FF324FF0FF3303F075FC63199D
:104A5000032BA6EB050909D8144AD2F80034DB076A
:104A6000FBD500240F4803F033FCCAE7FFF702FF31
:104A700060B9A8EB05034846196802F021FD9AF8D1
:104A800000300BB1FFF7E0FE043DE0E76FF08B0470
:104A9000E8E700BF18030020B0EC000087F7000033
:104AA000F4EC00004C2200208134002000E00140A2
:104AB0002DE9F043476840F20636D0063B7C87B0CC
:104AC00002EA060654BFC2F3401C4FF0030C01F08B
:104AD0001F05B6F5837F144645EA43158DF803C0DC
:104AE00044D00DD8062E16D005D8A6B1022E3FD040
:104AF0006FF0150037E0B6F5807FF9D101260AE0A6
:104B000040F20222964235D0B6F5407F34D0B6F559
:104B1000007FEDD10226220330D57A6801238B4035
:104B2000C2F80835B868A0BB05F01F036D092DD089
:104B3000012D77D13E4A02EB8302C4F30043D2F841
:104B4000001783F00103C4F3404444EA430421F412
:104B5000E16144EA8C0421F0070144EA06230B4397
:104B6000C2F80037002007B0BDE8F0830726D2E77F
:104B70000426D0E70526CEE70326CCE7630341BF32
:104B800001237A688B40C2F80C35CBE74FF0A04286
:104B9000D1E70DF10202294607F03DFB14F4403F36
:104BA00080460CD1B868294607F06AFBB8F1000FBF
:104BB000D8D19DF80210B86802F062FBD2E74FF03E
:104BC000000901ABCDE90199CDE90439CDF80C908C
:104BD000B86803AA294607F0F3F94845C2DB14F484
:104BE000003314D0C4F300449DF803308DF80E3028
:104BF00084F001048DF80C608DF80D40B8684B46C8
:104C000003AA294607F08FFA0028CFDAAAE7CDE9F0
:104C100004330DF103030393B86803AA294607F090
:104C2000CFF9F1E703F5E07350F82330FFDE00BF62
:104C300000030050420970B5034602D0012A17D084
:104C400070BD0D4E326951680029F9D003F01F0381
:104C500001250C689D400029F2D08A682A4002D0C4
:104C60004B68304698472CB1236821461C46F2E732
:104C7000024EE7E72346F8E788D000006CD000003A
:104C800038B54568A86890B107F0F4FA014670B9E4
:104C9000A86807F0D3FA044658B902460649A8683E
:104CA00007F0B6FA224605210620FFF79FF80020FC
:104CB00038BD6FF00400FBE7354C0000F0B54468E8
:104CC0001646A068227C01F01F0587B045EA421510
:104CD00000286DD0B6F5001F04D1294607F023FB4C
:104CE000002056E06268607CC2F8240501AA00201A
:104CF000B6F5800F0190506037D1B3F1007F14BF3B
:104D0000052304238DF804300023CDE90423039305
:104D1000E36823FA01F111F001010DF103073AD123
:104D2000B6F1A07F37D105F01F036A0903F5E073E0
:104D300026D0012A3FD1214A52F82330DB072AD45A
:104D4000A0683A46294607F066FA16301BD002974B
:104D5000A06803AA294607F033F9002819DBA068E8
:104D60000122294607F08EFABAE7B3F1C06F05D0E9
:104D7000B3F1007F14BF01230223C3E70323C1E77C
:104D80004FF0A042D8E7A068394602F07FFA002829
:104D9000DDDA07B0F0BDA0683A46294607F03BFAD5
:104DA0000028D5D19DF80310A06802F069FACFE77A
:104DB0006FF08500EDE751F82330FFDE000300506F
:104DC000036803F01F025B09026004D0012B034853
:104DD00018BF002070474FF0A040704700030050FC
:104DE0002DE9F04F00EB8109564985B0174606467C
:104DF00040F2FF1AB14503D1002005B0BDE8F08FA5
:104E00003268C2F3C72818F00808C2F3C323C2F3FC
:104E1000080440F093804C48544508BF4FF0FF34DD
:104E2000B2F1D05FC55C4FEA126311D2032B11D9E6
:104E3000043B152B0ED8DFE803F010171C0D0D0DE9
:104E40000D292F0D0D0D0D0D0D0D0D0D326B6E710C
:104E50004E2B15D06FF08500CFE7C7F808454FF00F
:104E6000000B621C26D10FE0C7F80C454FF0010B78
:104E7000F7E7C7F81045631C06D04FF0000B5BE066
:104E8000631CC7F814454CD10436B3E7C7F808458E
:104E9000002DF0D10625EEE7C7F80C45F8E7C7F876
:104EA00060457388601C03F00103EDD0002B38D1FE
:104EB0004FF0010B03A80394FFF782FF039A844687
:104EC000012000FA02F2CCF80C253268019202F4BB
:104ED000004CBCF1000F08BF804603A818BF4FF07C
:104EE000010B0394FFF76CFF039C019A00EB840015
:104EF000C2F34122D0F800472D0245EA820545EA77
:104F000008050C40254345EA4B05C0F80057BBE7B0
:104F1000C7F86445C5E7C7F86845C2E7C7F86C45F8
:104F2000BFE703A80394FFF74BFF039A012303FA9B
:104F300002F2C0F808259B465846C6E76FF01500F8
:104F40005BE700BFF0F8FCFFA7F7000098B50C483E
:104F500003685B0700AF0FD06C4688B06A46094B08
:104F60000593094B0693032342F8103F00234FF4A7
:104F7000C251FCF7A5FCA5466FF07300BD4698BD75
:104F800048030020BCED0000DBF700002DE9F041F4
:104F90000D1E046900AF06460BDAE16D06F0CFFC8A
:104FA000C4F88C5004F17C0003F092F9BD46BDE8D2
:104FB000F081D4F8A830ABB19D4230D939480368AC
:104FC0005A070FD0E84688B06A46374B0593374BEF
:104FD0000693032342F8103F00234FF4C251FCF71D
:104FE0006FFCC546D4F8B030ABB19D4238D92D48DE
:104FF00003685B070FD06C4688B06A462A4B05935E
:105000002B4B0693032342F8103F00234FF4C25169
:10501000FCF756FCA546304606F0B9FBC6E75B1B1D
:10502000C4F8A830A3B9D4F890300833C4F890304D
:10503000D4F89430013BC4F8943004F1A80204F190
:10504000940104F1900006F01CFBC4F8A400C9E729
:10505000D4F8A430002BC5D02B44C4F8A430C1E749
:105060005B1BC4F8B030A3B9D4F898300833C4F847
:105070009830D4F89C30013BC4F89C3004F1B00265
:1050800004F19C0104F1980006F0FBFAC4F8AC00AE
:10509000C1E7D4F8AC30002BBDD02B44C4F8AC3001
:1050A000B9E700BF48030020E6ED0000C5F70000A7
:1050B000AFF700002DE9F04198468B8804690E4651
:1050C00099040746154600F182804FF0FF324FF0F9
:1050D000FF3304F16C0003F02FF92666002D7FD119
:1050E000C4F890500023C4F8943004F1A80204F1ED
:1050F000940104F1900006F0C4FA0546C4F8A40037
:10510000B8F1000F74D1C4F898800023C4F89C3023
:1051100004F1B00204F19C0104F1980006F0B1FA28
:105120000023D4F894C0C4F8AC00C4F88C301A46FC
:10513000624566D10022D4F89CE01146714568D1E1
:1051400093422CBFC4F8A030C4F8A02015B1D4F805
:10515000A8302BB900286FD0D4F8B030002B6BD01A
:105160003146384600F0B0F8054610BB04F15C0843
:10517000E66504F1B405284603F004F930493846E1
:1051800006F0C6FB4FF0FF324FF0FF33284603F026
:10519000D3F83146384606F0BCFB384606F0F7FA3D
:1051A000404606F0CEFA054600283BD1B3889A0463
:1051B0000AD4E36D13B19B889B0405D400232366B6
:1051C00004F16C0003F084F82846BDE8F081636FB9
:1051D000002B7FF47AAF236E9E427FF476AF7DE79B
:1051E0002B68C4F89030002B3FF47CAF6B687AE7F3
:1051F000D8F80030C4F89830002B86D0D8F80430A6
:1052000084E7D4F8901001EBC201013249680B44E5
:105210008EE7D4F898C00CEBC10C0131DCF804C067
:1052200062448BE710F1740FC3D1384606F0C8FB17
:10523000404606F086FABCE76FF01505B9E700BFF7
:1052400003B8000002461248824210B517D2114836
:10525000824214D21048824211D2104B9A420FD887
:105260000F4B9A420ED80F4B9A420DD80E4B9A42D2
:105270000CD80E4C0E4B0F48A24298BF184610BDDA
:105280000D48FCE70D48FAE70D48F8E70D48F6E74A
:105290000048E8010024F40000127A00FF083D00F5
:1052A0007F841E003F420F001FA107008FD0030024
:1052B00048E8010090D0030000093D0080841E00F2
:1052C00040420F0020A107002DE9F0418AB0056996
:1052D00095F8283000AF06460C460BB3EA6A0B6817
:1052E0009A421DD12A6B4B689A4219D195F84030E9
:1052F000097D994214D1B5F84420238B9A420FD1ED
:105300006A6BA36859B393420AD1AB6BE26853400E
:1053100033F47F4304D1EA6B23699A4200F0FF80A3
:10532000A28812F400631FD08148036859070FD088
:105330006C4688B06A467F4B05937F4B06930323E8
:1053400042F8103F00234FF4C251FCF7B9FAA546CA
:105350006FF0850630462837BD46BDE8F0819A4299
:10536000DED1AA6BE368D8E712F001011BD07048C8
:105370000268520714D06C468AB031686A466F4D95
:1053800005956D4DCDE9065140F20131ADF8201083
:105390006B4942F8101F4FF41151FCF791FAA546E2
:1053A0006FF01506D6E712F0080311D060480368C5
:1053B0005E07F5D06C4688B06A46624B05935E4B3B
:1053C0000693032342F8103F0B464FF4C251E4E723
:1053D00002F4FC61B1F5807F0ED055480268550794
:1053E000DED06C4688B06A46574951615249916196
:1053F000032142F8101FE8E720685449884208D882
:105400004B4802685407CBD06C4688B06A46504976
:10541000EBE72968D6F80480D1F80815481C11D0AC
:1054200012F0020201F01F0C4FF001004FEA51117F
:1054300053D100294ED0814273D1464B00FA0CF073
:10544000C3F80C054FF0FF33FB60206898F81E305E
:10545000BB74FFF7F7FED8F81830834294BF7B6126
:105460007861A388990703F0040242D5002A0CBF93
:1054700002220322C3F300137B764FF0FF33FB615C
:1054800098F8203087F82030012387F8233087F8F8
:10549000243095F828303A766BB33946284607F021
:1054A00023F8064670B3224803685B073FF452AF07
:1054B0006C4688B06A46284B05931F4BCDE90636EB
:1054C000042342F8103F00234FF40151FCF7F8F990
:1054D000A5463FE74FF0A043B0E739B1012923D1FA
:1054E0001C4B00FA0CF0C3F80805ABE74FF0A043E3
:1054F000F7E79208BEE7194A33463946284606F0D0
:10550000D4FFCEE705F12C0304F11C0254F8041B70
:1055100043F8041B9442F9D1012385F82830002672
:1055200018E7C2F80C25FFDEC3F80835FBE700BF1B
:105530004803002015EE0000FBF7000033EE0000EA
:105540000400000159EE00007CEE000047E8010075
:10555000AFEE000000030050E4EE0000DBB80000F6
:1055600070B5012383400F4ABFF35B8FDC4352E8E1
:10557000001F01EA040542E80056002EF7D1BFF3F0
:105580005B8F4FF4803282400748C0F80823BFF396
:105590005F8FBFF36F8F03EA0100003818BF01204F
:1055A00070BD00BF782200200010014070B4124985
:1055B000D1E90034D01AC31844F1000422F07F4628
:1055C000C1E90034A6F50013B3F5400F09D20B4B27
:1055D0001B681A0A1B069C19094B42F10005C3E916
:1055E0000045EFF31181202383F31288BFF36F8FFF
:1055F00070BC03F075BE00BF901600207C22002016
:105600009816002011B3BFF35B8F0123104A83402B
:1056100052E800CF4CEA030C42E800C10029F7D160
:10562000BFF35B8F0B4A4FF480338340C2F80433DF
:10563000094BBFF35B8F1B68BFF35B8FC340DB0776
:1056400042BF064B4FF40032C3F80021704700BF41
:1056500078220020001001407422002000E100E0C8
:105660000D4B1868010A0006BFF35F8F0B4BD3F890
:105670000435181841F10001B3F5801F0AD2084B18
:10568000D3E90023904271EB030303D210F1807041
:1056900041F10001704700BF7C2200200010014052
:1056A000981600202DE9F04F85B016461F469DF84C
:1056B00040A00446FFF754FF0190FFF7D1FFB0422E
:1056C00071EB07035ED23E4B301A67EB0101984243
:1056D00071F1000109D36FF0150520460199FFF71C
:1056E00091FF284605B0BDE8F08F364B03EB04135D
:1056F000D3E902239F4208BF964254D032494FF467
:10570000803804F1500508FA04F8AD00C1F8488368
:105710002046ADB206F0B3F926F07F4B05F1804587
:1057200004F5A87305F58835DC464FF003090293AC
:10573000029A2CF07F4341F82230C1F84483D1F81B
:105740000435224A6FF00200C01A604420F07F4006
:10575000904228D9286868B1D1F804350393A3EBA7
:105760000B0020F07F40B0F5000F1CD9204606F05A
:1057700086F9039BBAF1000FADD109EB030C09F1D7
:105780000109D5E7BAF1000FA5D10123104ABFF3F3
:105790005B8FA34052E8000F184342E80001002944
:1057A000F8D1BFF35B8F07490E98230101EB041278
:1057B000C8500F9B5360C2E9026700258DE700BF08
:1057C000010080008016002000100140FDFF7F00D6
:1057D000742200207FB51C4C1C4BC4F80833C4F85D
:1057E00048331B4B00254FF0FF304FF0FF31C4F81A
:1057F0000855C3E902014FF48033C4F80433154B54
:1058000002264FF400320121C4F804631120C3F8CA
:1058100080212A46FEF7EAFA1120FEF7B7FA0E4A6F
:105820000123A360236013600C4B0D4A0093CDE964
:10583000015500232846FFF735FF3046FEF712FFDB
:10584000284604B070BD00BF0010014003000F00E7
:105850008016002000E100E078220020AD55000015
:10586000FFFF7F002DE9F7432E4CD4F8043399074E
:105870000BD5D4F8043143B12B4A0023C4F80431CA
:10588000D4F80431136801331360D4F80433DA0315
:1058900043D5BFF35B8F254B53E8002F22F0010166
:1058A00043E800100028F7D1BFF35B8FD30702D481
:1058B000D4F840318BB30025C4F84051D4F84031BE
:1058C000FFF7CEFEEFF31182202383F31288BFF39C
:1058D0006F8F174BD3E90267B042B94120D34FF025
:1058E000FF304FF0FF31C3E90201D3E900981D609A
:1058F0004FF48033C4F84833C4F84051D4F84031F1
:1059000082F31188BFF36F8FB9F1000F05D0CDF886
:10591000008032463B460020C84703B0BDE8F08314
:10592000A946EDE7001001407C22002074220020EF
:105930008016002030B5431C124C85B005D084423F
:10594000A8BF0446012CB8BF0124FFF789FE0E4B07
:105950000C4DD3E90013401AB0F5000F10D22218F5
:10596000AA4228BF2A4652184FF00000074900916A
:10597000CDE9010043F10003FFF794FE05B030BD0F
:105980002A46F0E7FFFF7F0090160020AD5500008B
:1059900008B5FFF765FE024B1B68C01A08BD00BFC3
:1059A0009016002010B5084C012363601120FEF70B
:1059B000FBF9064BC4F80833C4F84833044B4FF4E2
:1059C0000032C3F8802110BD0010014003000F0019
:1059D00000E100E037B5046994F835300D464BBB63
:1059E0000B7B022B29D10B680BBB94F834204B683E
:1059F000D2B9134A591E914219D823630DF10701F8
:105A0000204606F0D5FD10F10C0F0BD0AB689DF8C9
:105A1000070013B1021D44F8223094F834300133EA
:105A200084F8343003B030BD226B9A42E6D06FF078
:105A30001500F7E76FF00F00F4E76FF08500F1E76E
:105A4000FEFFCF0710B50022046901211020FEF7E8
:105A5000CDF900232046034ABDE81040194606F060
:105A600083BD00BF695A0000F8B50A4E0C460127F5
:105A700004B9F8BD94FAA4F5B5FA85F52B1D56F8CE
:105A8000233013B104482946984707FA05F524EA5C
:105A90000504EDE7E4010020C0D000000048704795
:105AA00098D8000090B587B000AFFB1DF971BB60BE
:105AB0001446012307F1080207F11001C7E9042386
:105AC000FB6006F034F80346C8B10F48026852077D
:105AD00012D06C468AB06A460C4905910C49CDE952
:105AE000061340F206230893052342F8103F4FF4B3
:105AF000215106F019F8A5461C37BD4690BD204639
:105B000006F0F9FDF8E700BF0803002035EF0000BC
:105B1000ADF80000F0B50C1E8DB0054600AF4DDBB2
:105B20004668B16A04EB030C614547D30121C7E91C
:105B30000A234FEA244C07F1080364BAC7E9043189
:105B4000FC8007F120033C1D87F805C0BC604FF0C6
:105B5000000C0424BB6102233971C7E908C4FC604E
:105B6000FB6105F0EBFF314651F8040B07F1180318
:105B700007F1100205F0CCFF0446286905F0F9FF93
:105B8000C4B1104803685B0712D06D468AB06A46FC
:105B90000D4B05930D4BCDE9063440F21D130893D0
:105BA000052342F8103F4FF4215105F0BDFFAD46EB
:105BB0006FF0040420463437BD46F0BD6FF0120488
:105BC000F8E700BF0803002035EF00001AF80000D6
:105BD00090B58DB000AFD723FB71FB1DBB60B962E0
:105BE000012307F10801C7E9041300220146C7E9B0
:105BF0000823FB60022207F12003C7E9063251F8AF
:105C0000040BFA6207F1180307F1100205F080FF98
:105C1000C0B10E4B1A68520712D06C468AB06A4661
:105C20000B4905910B49CDE90610C02108910521CA
:105C300042F8101F18464FF4215105F075FFA54694
:105C40006FF004003437BD4690BD00BF080300204C
:105C500035EF000075F800002DE9F04F8FB00669B0
:105C600045687549706400AF044606F1100006F0FF
:105C70007CFE002386F84030286806F058FD00BB03
:105C80006E480368590715D02B686C468AB01B68AC
:105C90006A466B4905916B49CDE9061340F2013321
:105CA000ADF82030684B42F8103F4FF4115105F029
:105CB0003BFFA5466FF0120528463C37BD46BDE8C0
:105CC000F08F2B7E23B1E86806F031FD0028D7D095
:105CD000204605F033FFAA8F6068AB21FFF7E2FE94
:105CE000656805F13F037B609F23FB7207F10B039F
:105CF00001263B6107F110090023C7E90A36C7E90D
:105D0000069607F10C0A4FF0030B07F1280802234F
:105D100029467E61C7F830A0C7F834B0C7F82080A4
:105D20007B6251F8040B07F1200307F1180205F01C
:105D3000EFFE0346C0B141480268520711D06D46DC
:105D40008AB06A46414905914149CDE90613962337
:105D50001362052342F8103F4FF4215105F0E4FE91
:105D6000AD466FF004050CE05A46514605F13F0080
:105D700007F07CF870B3314803685E0705D16FF017
:105D80001205206905F0F5FE96E795F83F6095F855
:105D9000401095F8413097F80C8097F80DE097F88F
:105DA0000EC06D468EB06A46DFF8A890CDF814900C
:105DB000DFF89C900C930923CDE90A61CDE90698A0
:105DC000CDE908EC44F6400142F8103F05F0ACFE86
:105DD000AD46D4E7204BD4F804A0BB6107F118030B
:105DE0003B6204237B62494607F120035046C7E922
:105DF0000A36FFF7EDFE05460028B2D13B8AD907E7
:105E0000BFD44146504605F092FE034668B10B48A8
:105E100002685207A5D06D468AB06A460B490591C3
:105E20000E49CDE90613EE2392E7204605F0C8FEA1
:105E30000028A6D095E700BF8DBB00000803002016
:105E400061EF0000BBF800000400000135EF000026
:105E50009EF800007AEF00003D2A80A68AF8000034
:105E600090B587B000AF13147B713B1DBB6004235A
:105E7000FB6007F10803397152BA3B610446012304
:105E800040687B6107F11001FA8005F050FE03467F
:105E9000D8B111480268520712D06C468AB06A46DF
:105EA0000E4905910E49CDE9061340F29D13089362
:105EB000052342F8103F4FF4215105F035FEA54669
:105EC0006FF004001C37BD4690BD204605F078FEFB
:105ED0000028F7D0F4E700BF0803002035EF0000EA
:105EE0003CF800002DE9F0470C1E86B0814600AF5B
:105EF0001546C0F2B880D0F80480A318D8F828203E
:105F00009A42C0F0B080B8F8363094FBF3F603FB49
:105F10001646002E40F0AA80B5FBF3F203FB1253A5
:105F2000002B40F0A38005F009FE98F83830002BD4
:105F30005CD1D8F82830AB4258D14E4B7B603B1D2A
:105F4000BB600423FB6007F108033B61D9F8040040
:105F5000012307F110017B6105F0E9FD0346D0B193
:105F600045480268520702D16FF0040619E06C46FA
:105F70008AB06A46414905914149CDE906134FF47B
:105F8000BF730893052342F8103F4FF4215105F0E9
:105F9000CBFDA546E8E7484605F012FE0646002878
:105FA000E2D1D9F8100005F0E4FD30461837BD46BF
:105FB000BDE8F087D8E90BA32BB1A34219D854450B
:105FC00001D2AAEB030A98F83930A3B9554512D388
:105FD0000AF1FF3323420ED122467C214846FFF7C7
:105FE0003FFF5444A5EB0A050028BDD1002DE1D1A7
:105FF000D7E79A46E7E7B8F83430AB4202D8013B1E
:1060000023421BD0B8F83630AB4221D91A48036876
:106010005B0710D06E468AB06A461A4B05931A4B3E
:106020000894CDE90635052342F8103F4FF421517D
:1060300005F07AFDB5466FF01506B2E7224650210D
:106040004846FFF70DFFB8F834301C44ED1ACBE793
:10605000013B2342DAD1224681214846FFF700FF67
:10606000B8F83630F1E76FF012069EE76FF01506CC
:106070009BE700BFC794809A0803002035EF00001B
:106080004DF80000B7EF000060F800002DE9F04F78
:10609000B1F1000A89B0054600AF16461C465FDB29
:1060A000D0F804800AEB0301D8F828308B4257D38C
:1060B00005F044FD4FF05809002C3FD0B8F83610D9
:1060C000686887F804904B4203EA0A030B44A3EB89
:1060D0000A034FEA2A41A34279719AFA9AF128BF3A
:1060E0002346F98007F110019B46B9603B1D022150
:1060F0003B61F960042307F10801C7E90536C7F8D9
:106100001CB005F014FD014600B3174803685B0797
:1061100012D06C468AB06A46144B0593144BCDE9F5
:10612000063140F239130893052342F8103F4FF42B
:10613000215105F0F9FCA5466FF00404286905F02B
:1061400018FD20462437BD46BDE8F08F284605F0EF
:1061500037FD0028F0D15E44DA44A4EB0B04ABE732
:106160006FF01204EDE700BF0803002035EF0000D8
:106170002EF80000024A03481C23002105F054BDFC
:10618000AC220020A4D00000014B00201960704711
:10619000942200200148FBF7E1BD00BF5CDA00005B
:1061A00010B5064B18680C46FBF7BEF821460346AF
:1061B000BDE8104002480E22184700BF942200207C
:1061C0005CDA0000012910B5044609D95268064975
:1061D00004F018FD204604F023FD6FF0150010BDFB
:1061E00004F01EFD0020FAE708F000002DE9F04F52
:1061F000394B1E7885B005463EB9384904F002FD9A
:106200006FF00A0005B0BDE8F08F354FBC89002C57
:1062100036D0DFF8D080B8F8043063B37989D8F885
:1062200000001944091B91FBF3F203FB121189B220
:10623000B1FBF3F203FB1211082300EBC1010DEBDC
:106240000302294805F0CDFCA8B9BDF80830274A5B
:106250000821284604F0ADFCDDF80CA0BAF1000FCF
:1062600013D1234A0821284604F0A3FC214A08211F
:10627000284604F09EFC013CA4B2002CCBD102E0E5
:106280001D4904F0A3FC0020BCE7DFF87090334602
:1062900009F1780BD9F800201AEA020F0ED0D9F8CC
:1062A000042000921649174A002B18BF11460B46CE
:1062B000154A0821284604F07CFC002309F108094E
:1062C000D945E7D1002BD1D0104A534608212846A2
:1062D00004F06FFCCAE700BFD234002021F00000B8
:1062E000AC22002098220020A4D000003BF0000047
:1062F0004BF0000057E3000032F00000C8D9000066
:106300001FF0000058E30000E2E60000D8E70000BC
:1063100002460B46014801F019BF00BF7C03002074
:10632000014801F085BF00BF7C03002038B50F4B4A
:106330001B7805462BB90E4904F064FC6FF00A0087
:1063400038BD4FF0FF314FF0FF30FFF7E1FF094B51
:1063500000245C819C81FFF70DFFFFF7E1FF2846D9
:10636000054904F033FC2046EAE700BFD2340020A0
:1063700021F00000AC22002050F0000038B50F4B97
:106380001B7805462BB90E4904F03CFC6FF00A005F
:1063900038BD4FF0FF314FF0FF30FFF7B9FF094B29
:1063A00000245C729C61FFF7E5FEFFF7B9FF284609
:1063B000054904F00BFC2046EAE700BFD234002078
:1063C00021F00000AC22002050F0000038B50F4B47
:1063D0001B7805462BB90E4904F014FC6FF00A0037
:1063E00038BD4FF0FF314FF0FF30FFF791FF094B01
:1063F0000024C3E90444FFF7BDFEFFF791FF2846E0
:10640000054904F0E3FB2046EAE700BFD234002050
:1064100021F00000AC22002050F000002DE9F041F6
:10642000204B1B7892B004463BB91F4904F0EAFBAD
:106430006FF00A0012B0BDE8F0814FF0FF304FF06E
:10644000FF31FFF765FF194B5A7A3AB918492046D0
:1064500004F0BCFBFFF764FF0020EBE79E690EB978
:106460001449F4E7144BDF680DF10808402E354657
:1064700028BF402539462B464246104805F0B1FB5F
:106480000F4ACDF800802B460821204604F091FBEE
:10649000761B2F44EAD10B4A0821204604F089FBE1
:1064A000D8E700BFD234002021F00000AC22002049
:1064B00063F0000032F0000098220020A4D0000019
:1064C00076F0000057E300002DE9F047294B1B78D8
:1064D00092B080463BB9284904F094FB6FF00A0063
:1064E00012B0BDE8F0874FF0FF304FF0FF31FFF7FB
:1064F0000FFF224A224B17695E69BE4228BF3E4603
:106500003EB92049404604F061FBFFF709FF002037
:10651000E6E71C69D2F808903C44A41B0DF1080A78
:10652000B4FBF7F307FB1344402EA7EB04053346F7
:1065300028BF40239D4228BF1D4604EB09012B467E
:106540005246114805F04DFB2B46104ACDF800A0ED
:106550000821404604F02DFB2C44761BB4FBF7F3D6
:1065600007FB1344E0D10A4A0821404604F021FB0E
:10657000CBE700BFD234002021F000009822002099
:10658000AC22002032F00000A4D0000076F0000021
:1065900057E300002DE9F74F274B1B7882460E4644
:1065A0000F46002B38D000200021FFF7B1FE98BB2A
:1065B000224B1C6964B35EB3DFF884809B68D8F813
:1065C00010500193A64224BF311B2746A4EB050BB4
:1065D00028BF8A44BB4501991A48D94628BFB94605
:1065E0004B465246691805F01FFB88B9BB4517D3C7
:1065F0003D44B5FBF4F304FB1355D8F81430C8F848
:1066000010503B44A34294BFC8F81430C8F814405B
:10661000FFF7B0FDFFF784FE304603B0BDE8F08F12
:1066200001990848A7EB09030AEB090205F0FCFAF7
:106630000028DDD0ECE700BFD234002098220020F3
:10664000AC220020A4D000002DE9F04F934E95B06D
:10665000336803F00703022B00AF0FD96C4688B0F4
:106660006A468F4B05938F4B0693032342F8103FE6
:106670004FF4C651304605F0FBFAA546DFF82892E4
:10668000484606F054F800BB33685A0716D06C46EB
:106690008AB0D9F800306A468449059181497F481B
:1066A000CDE9061340F20133ADF82030804B42F8BB
:1066B000103F4FF4115105F0DBFAA5466FF01205BB
:1066C00028465437BD46BDE8F08FD9F80830484613
:1066D0001B689847051E14DA33685B07F0D06C46D8
:1066E00088B06A46734B53616E4BC2E9063504238A
:1066F00042F8103F4FF40151684805F0B9FAA54639
:10670000DEE7B5F5AE7F19D233685E0713D06C466D
:106710008AB06A46684B0593624B6048CDE90635FE
:106720006FF00B030893052342F8103F4FF42151FB
:1067300005F09EFAA5466FF00B05C1E7DFF87C81F6
:106740005F4C08226D08A8F804205C22C8F80820D5
:1067500005F12E021C23C8F80C202E3D22460021F4
:106760004846C8F81050C8F8003005F03AFA054617
:1067700038B133685C07A3D06C4688B06A46514B89
:10678000B1E7DFF8449123684B4503D1A588681E23
:10679000454245410023FB6007F10C0004F0E2FE96
:1067A000002878D0336813F0060F10D0EA4688B07E
:1067B0006A46464B05933B4BCDE90630042342F82D
:1067C000103F36484FF4025105F052FAD5460023E7
:1067D000FB60002D40F08280336803F00703022B3A
:1067E0000FD96D4688B06A46394B05932D4B0693F9
:1067F000032342F8103F29484FF4C65105F038FAF8
:10680000AD4634481622002106F028FB314B43F8F0
:10681000069C0123A3802A4AB8F80450D3884FF677
:10682000FF718B421EBF01339BB2D3803B8200229B
:10683000FB68D8F800107A827B61002D00F0AD80F3
:106840006089082301EBC00107F11002164805F02A
:10685000EBF9002840F0A38063890133B3FBF5F224
:1068600005FB12336381A3899D4201D90133A381C2
:106870000023C4E904332372FFF77CFC054600289B
:1068800000F0A38033685A073FF41AAF6C4688B013
:106890006A46114B27E704F08EFE9AE70C030020AE
:1068A0007BF00000CFF80000A4D0000095F00000BD
:1068B00004000001AFF00000D7F000009822002093
:1068C000AC22002000F100004543525428F10000A2
:1068D00055F10000B22200201AF20000237AF96874
:1068E00013B911F4887F96D0326812F0060F11D0D8
:1068F0006D468AB06A464F4805904F480893052375
:10690000CDE9060142F8103F4C484FF4225105F002
:10691000AFF9AD46D8F808307B60D8E903B9D4E9BF
:1069200004539945CA4628BF9A46C4F818A0BAF13C
:10693000000F2ED0B9F1000F2BD04D44ED1AB5FB4E
:10694000F9F309FB13555246402A28BF4022A9EB10
:10695000050379683A48934228BF1346691807F13E
:1069600010023B6005F03DF900284DD13B683448EA
:1069700007F11002594605F057F9002844D13B6849
:106980001D44BAEB030AB5FBF9F29B4409FB12550F
:10699000D9D12C4B01225A723DE76FF01B003368AE
:1069A00059073FF465AF6D4688B06A46264B05939C
:1069B000214BCDE90630042342F8103F1F484FF425
:1069C000015105F055F9AD4652E7204B01221A70EE
:1069D000014604221E4803F0F3FE336803F0070368
:1069E000022B7FF66DAEE188FB686C468AB06A4682
:1069F00018480590104808930523CDE9060142F890
:106A0000103F4FF4235177E633685B073FF403AF41
:106A10006D4688B06A46104B0593074BCDE90630AA
:106A2000042342F8103F05484FF4015105F020F9C6
:106A3000AD46F0E68BF10000CFF800000C0300201B
:106A4000A4D00000AC220020F5F10000D2340020D8
:106A500020D400003DF20000D7F10000B0B582B0B4
:106A6000044600AFFAF7A2FD0F4803685B070ED09B
:106A70006D4688B06A460D4B05930D4B0693032374
:106A800042F8103F4FF4C25105F0F2F8AD46094B01
:106A90001B7833B101230848FB71FA1D082105F06A
:106AA000C3F8204605F056FE0C0300205EF20000FD
:106AB000D4F80000D2340020A4D0000098B50346DA
:106AC00000AF114ABFF35B8F1068BFF35B8FB8B1A3
:106AD0000E4803685B070FD06C4688B06A460C4BC3
:106AE00005930C4B0693032342F8103F00234FF409
:106AF000C251FAF7E5FEA5466FF00F00BD4698BDFE
:106B0000054A1360FAE700BFCC22002010030020E2
:106B100056F400001CF90000C8220020B0B584B073
:106B2000054600AF2A4C204605F001FE0346C0B9D9
:106B30002848026852070ED06C4688B06A4626493B
:106B4000059126490691032142F8101F4FF4C251C6
:106B5000FAF7B6FEA5466FF0150420461037BD467D
:106B6000B0BD10220021384606F078F91C4B1B6896
:106B70007B6002233B731B4BBFF35B8F012253E807
:106B8000001F43E800200028F9D1BFF35B8FA36802
:106B900020469B6839469847041E15DA0D4803685D
:106BA0005B07DAD06D4688B06A460F4B05930B4BF6
:106BB000CDE90634042342F8103F00234FF401517D
:106BC000FAF77EFEAD46C8E72C600024C5E700BF9B
:106BD000C0D000001003002071F400000BF9000089
:106BE000C8220020CC22002086F40000B0B500AFFF
:106BF0001D4C204605F09BFD0346B8B91B480268B2
:106C000052070ED06C4688B06A4619490591194959
:106C10000691032142F8101F4FF4C251FAF750FEBB
:106C2000A5466FF015042046BD46B0BDA3682046BA
:106C30001B680221984704460028F4D00B480368DB
:106C40005B07F0D06D4688B06A460B4B0593094B45
:106C5000CDE90634042342F8103F00234FF40151DC
:106C6000FAF72EFEAD46DEE7C0D00000100300208C
:106C700071F40000FCF80000B0F40000B0B5054667
:106C800000AF1E4C204605F052FD0346B8B91C4823
:106C9000026852070ED06C4688B06A4619490591C1
:106CA00019490691032142F8101F4FF4C251FAF717
:106CB00007FEA5466FF015042046BD46B0BD296805
:106CC000A3682046DB68984704460028F4D00C48A7
:106CD00003685B07F0D06D4688B06A460B4B05939E
:106CE000094BCDE90634042342F8103F00234FF44A
:106CF0000151FAF7E5FDAD46DEE700BFC0D0000068
:106D00001003002071F40000EEF80000D0F4000041
:106D1000BFF34F8F0549064BCA6802F4E062134384
:106D2000CB60BFF34F8F00BFFDE700BF00ED00E079
:106D30000400FA05024AD2F80034002BFBD0704759
:106D400000E0014010B54FF08053D3F83021082AFD
:106D50004ED14FF080420021C2F80C11C2F8101140
:106D6000C2F8381502F54042D3F80414C2F82015D1
:106D7000D3F80814C2F82415D3F80C14C2F8281557
:106D8000D3F81014C2F82C15D3F81414C2F8301527
:106D9000D3F81814C2F83415D3F81C14C2F84015EF
:106DA000D3F82014C2F84415D3F82414C2F84815B7
:106DB000D3F82814C2F84C15D3F82C14C2F8501587
:106DC000D3F83014C2F85415D3F83414C2F860154F
:106DD000D3F83814C2F86415D3F83C14C2F8681517
:106DE000D3F84014C2F86C15D3F84434C2F87035A7
:106DF00004F04CFF18B13C4B3C4AC3F88C2604F01D
:106E000045FF18B13A4BFB22C3F8182504F03EFFAA
:106E100058B14FF080424FF08051D2F8E43ED1F8A3
:106E2000581261F30303C2F8E43E04F02FFF20B1CF
:106E3000304B4FF40072C3F840264FF08053D3F824
:106E40003031082B17D14FF08043D3F80024D207FC
:106E500044BF6FF00102C3F800244FF08053D3F811
:106E60003431042B81BF4FF01023D3F808224FF0A8
:106E70008043C3F858254FF01021D1F80C32DB07BE
:106E800014D51D480123C0F80435FFF753FFD1F88E
:106E90000C3223F00103C1F80C32FFF74BFF002343
:106EA000C0F80435FFF746FFFFF732FFD1F8003294
:106EB000002B03DBD1F80432002B14DA0E49012336
:106EC0004FF01020C1F804351224FFF733FFC0F84B
:106ED0000042FFF72FFFC0F80442FFF72BFF00230B
:106EE000C1F80435DEE710BD0050004048810300C2
:106EF00000F000400090024000E00140014B002003
:106F00001B681847D0220020014B1B68184700BFA0
:106F1000D022002010B50C4C237993B901232371A2
:106F20000A4B2060002818BF184600F049F850B9F5
:106F300023680748002BBDE8104008BF184600F042
:106F40008FB86FF0770010BDD0220020FD6E0000DA
:106F5000096F000008B5064B1B683BB10020FCF729
:106F600037FF18B9BDE80840FCF710BF08BD00BFE7
:106F7000D022002038B54FF080440123C4F80833F4
:106F800063600023C4F80031D4F8003142F2107578
:106F9000D4F80C24D4F80C34D20307D5DB0705D57C
:106FA000012004F083FE013DF2D138BD04F0D2FE91
:106FB0000028FAD0014B00225A71F6E7D8220020AF
:106FC00010B508490C794CB9012308600B7104F025
:106FD000C1FE08B9002010BD4C71FBE76FF07700CF
:106FE000F9E700BFD82200204FF080430022C3F809
:106FF0000021D3F80021094901221A60096811B162
:10700000C3F804237047D3F80021002AFBD00022E4
:10701000C3F80021D3F80031704700BFD822002008
:1070200010B54FF08043D3F80423D20715D5D3F819
:10703000002192B10022C3F800210121D3F80021E0
:10704000C3F8081304F086FE044B10B15A7922B934
:107050005971BDE810401B68184710BDD8220020A8
:10706000074A137943B90121106011714FF0804232
:107070001846C2F8183570476FF07700704700BFA8
:10708000E022002010B54FF080431D4CD3F81814B7
:10709000D3F8182411F4803F1AD002F00302012A19
:1070A00001D092B900224FF08043C3F81825002286
:1070B000C3F80421D3F8042101229A6022688AB916
:1070C000D3F80421002AFBD014E004F054FEE9E7D1
:1070D000D3F81424D107E5D5D3F81C249207F4D4AF
:1070E00022681AB10222C3F8042310BDD3F8042188
:1070F000002AFBD00022C3F80421D3F80431F4E7BE
:10710000E0220020F8B54FF08043194FD3F8044334
:10711000012504F01A04002604B9F8BDB4FA84F07D
:10712000C0F11F00830003F580739BB203F180431D
:1071300005FA00F2196892B224EA02040029EBD0A1
:107140001E601B684FF08043022AC3F808230BD14E
:10715000D3F81814D3F81814890705D1C3F81855B3
:10716000C3F804239D60D7E73B68C0B29847D3E7D4
:10717000E0220020036803F01F025B09026004D0D4
:10718000012B034818BF002070474FF0A040704704
:1071900000030050034A430900F01F00D35C184469
:1071A000C0B2704731F90000024611F0010030B55D
:1071B00015D18B07C1F3400022D51249D1F8200523
:1071C00050604FF08052C1F82005D2F83021082AD3
:1071D00008BFD1F82025003818BF012010E04FF07B
:1071E000A0444FF08055D4F820351360C4F8203502
:1071F000D5F83051082D08BFD4F82045002BD8D041
:1072000030BD00BF00030050F7B504460846FFF745
:10721000C1FF04EB40060D46B38ADB072AD52046A2
:1072200004F0ACFE2946204604F018FE50B120467A
:1072300004F02AFE276807EB80000023C0F8103511
:10724000C0F810352946204604F047FE0021B182DF
:1072500001A80195FFF78EFF019B00EB8300074B10
:10726000D0F80027134043F00203C0F80037084667
:1072700003B0F0BD6FF01500FAE700BFF0F8FCFFB7
:10728000014804F033BD00BF2002002010B50448BF
:107290000C4604F00DFD0028A4BF2070002010BD96
:1072A000200200202DE9F04F074689B057F8049BD3
:1072B000D9F80413C9B28346082241F00041484678
:1072C00004F034FE051E2FDA0023032106A8CDE9C1
:1072D0000633FFF769FF634B01930DF118084FF078
:1072E000000A019A604912F8013B0192DA0803F0A2
:1072F00007038A5C22FA03F3DB071CD40AF10103BB
:10730000022B08F104084FF0010AEAD14FF00041C6
:107310000022484604F00AFE032106A8FFF744FFB6
:107320000028D8D125F000450124002D40F08480AC
:1073300009B0BDE8F08F4D4B53440293D8F800607C
:10734000002EDBD0029B96FAA6F61C78B6FA86F6DB
:1073500046EA44142046FFF71DFF0BEB4000F208FD
:10736000818A18F802000594C1F382030393009305
:1073700006F00706012303FA06F620EA060008F8DD
:10738000020005A8FFF7F6FE059A039B02F5E072DE
:1073900011F0100F50F82260C6F3014633D0009A66
:1073A0003846214604F07AFD05A80594FFF7E2FE71
:1073B000059B03F5E073F6B250F82330C3F30143A5
:1073C0009E4207D10021204604F039FD3146204677
:1073D00004F035FD05A80594FFF7CCFE059B0122BE
:1073E00002FA03F3C0F820354FF08053D3F8303160
:1073F000082B01BFD0F82035D0F82035D0F8203543
:10740000D0F820359AE7022E14BF0221032120462E
:10741000039304F014FD039B032B03D0022E07D12A
:10742000012BD7D1009A2146384604F037FDD1E729
:10743000032ECFD1022BF4E795FAA5F3B3FA83F329
:1074400004FA03F225EA020503F5A2720BEB4303EB
:1074500059F82220B3F87C10C2F30142384604F0F8
:107460001DFD62E741F9000070DA000041F90000FB
:10747000044AD2F80034DB07FBD50160BFF35F8F0D
:10748000704700BF00E001404FF080531A69B0FB25
:10749000F2F302FB13036BB9084B0222C3F8042575
:1074A000C3F80805D3F80024D207FBD50020C3F8A1
:1074B000040570476FF00C00704700BF00E001400A
:1074C00010B5054C0123C4F80435FFF7D1FF0023A4
:1074D000C4F8043510BD00BF00E00140036803F0AC
:1074E0001F025B09026004D0012B034818BF002073
:1074F00070474FF0A04070470003005073B5164628
:10750000421C1C460546069B18D0012902D1BBB17E
:1075100004F079FF01A80195FFF7E0FF019B00EB64
:1075200083002402D0F80027074B44EA86040C436A
:1075300013401C4344EA4101C0F8001702B070BD7B
:1075400004F06EFFE6E700BFF0F8FCFF104B984236
:107550001BD011D80F4B984217D008D80E4A0F4BAA
:10756000984218BF90420CBF0120002070470C4B7E
:10757000C31A5842584170470A4B984205D002D866
:10758000094A0A4BECE70A4BF2E70120704700BFBB
:1075900080841E0020A1070090D0030048E801006D
:1075A00040420F000024F40000127A0000093D0060
:1075B0000048E8012DE9F74F91F8213007460C46C5
:1075C000002B00F0A98091F822806569714B9D42E3
:1075D00000F0BB8000F2AB806F4B9D4200F0B880A2
:1075E00000F29D806D4B9D4200F0B5806C4B9D423A
:1075F00014BF4FF080454FF0806594F8232097F832
:10760000223062F3000387F82230227CDBB262F37F
:10761000410387F8223094F82360002E32D162694A
:10762000604B9A420CBF4FF003094FF00009237ED4
:10763000012B94BF00230123009320684B46324660
:107640000121FFF75BFF009660684B46324601213F
:10765000FFF754FF0096A27EA0684B463146FFF725
:107660004DFF237C83F001030093E0684B463246D4
:107670000121FFF743FF01210091E0694B463246AB
:10768000FFF73CFF94F82130002B6DD04FF0FF3313
:107690007B6294F8211094F812E0207E627E00292B
:1076A0006CD0E668217C94F8249094F820C03B6864
:1076B000B9F1000F12D1D4E900BAD4F80890E46906
:1076C000C3F808B5C3F80CA5C3F81095C3F86C450A
:1076D000C3F81465C3F86815C3F86485003A18BF89
:1076E00001220228C3F8C0E5C3F8245549D0032875
:1076F0004AD0012801D142F00202C3F85425C3F850
:1077000060C57B68002B42D0386840F3073003B077
:10771000BDE8F04FFCF73ABB4FF0020855E7224BAB
:107720009D4214BF4FF080454FF0805565E71F4BD9
:107730009D4213D01B4B9D4213D01D4B9D4214BF45
:107740004FF080454FF0004557E74FF0005554E7A4
:107750004FF0006551E74FF000754EE74FF02065A0
:107760004BE74FF0A05548E7E3687B62227C97F82F
:10777000223062F3410387F822308AE74FF0FF3668
:1077800091E742F00402B8E742F00602B5E703B021
:10779000BDE8F08F80841E0020A1070048E80100AA
:1077A00090D003000048E80140420F000024F4009C
:1077B00000127A00431C07B50ED0019001A8FFF714
:1077C0008DFE019B00EB8300054BD0F80027134092
:1077D00043F00203C0F8003703B05DF804FB00BFBC
:1077E000F0F8FCFF38B50446006840F30730FCF7BA
:1077F000DBFA636843B121461A4A51F8043BC3F8E7
:107800000823206804F019FE2368D3F80805D3F88C
:107810000C15D3F8105594F82230DB0714D4FFF779
:10782000C9FF2846FFF7C6FF0846FFF7C3FF606A97
:10783000FFF7C0FF2368D3F86C05D3F81415FFF7E2
:10784000B9FF0846FFF7B6FF04F07DFD28B1064AF0
:107850002368934204BF01225A60002384F8203039
:1078600038BD00BF5201080000F00240F0B590F8AA
:10787000213085B005460E461746002B40F0C080EB
:1078800043682BB112F0140F04BF012380F821309C
:1078900096E80F0005F1100484E80F00686A441CA4
:1078A00005D095F82230990717D504F0ACFD316862
:1078B0002C6821B101F06043B3F1005F06D1B368D9
:1078C00073B103F06043B3F1005F09D0002385F882
:1078D00021306FF00C0005B0F0BD04F0A1FDE6E72B
:1078E00004F031FD38B3484B9C4224D14FF0804323
:1078F0007268D3F8000E454B1860E2B1444821F499
:10790000FF5323F01F0383426AD85018DFF804C1E5
:10791000C3F34F3101228A40002103F500539842FE
:1079200041EA02014FEA420201D96345F5D34FF023
:107930008043C3F8001E17F0010318BF0123C4F8E9
:10794000503517F0020318BF0123C4F84035D6E9BB
:1079500000C1D6E902230020C4F844C5C4F8481584
:10796000C4F83425C4F83835C4F81801D4F818011F
:1079700017F008064FF00700C4F8000512D1686838
:107980004FF0010EC4F810E060B9D4F818010028D7
:10799000FBD0CDE900C1CDE9022340216A46204653
:1079A00004F0F3FC6B680BBB04F0CDFC40B1164B4C
:1079B0009C4201BF154B1A684FF08043C3F8002E5C
:1079C000686A421C05D095F822309B070BD504F05D
:1079D00027FD1EB9291D204604F02FFD00207AE75F
:1079E0004FF48071A3E704F00EFDF2E717F0040FE7
:1079F0004FF0400314BFC4F80833C4F80433EDE774
:107A00006FF00F0067E700BF00F00240E82200209F
:107A1000FFFF00200020012070B50246044652F806
:107A2000105B4021284604F0B0FC38B304F08BFC16
:107A300040B1134B9D4201BF124B1A684FF0804377
:107A4000C3F8002E606A421C05D094F822309B07D0
:107A500011D504F0E5FC94F821301BB1211D284616
:107A600004F0EBFC2046002300F80C3FD4E9013180
:107A7000BDE87040184704F0C6FCECE770BD00BFDD
:107A800000F00240E82200200368034A01F5C071BB
:107A900043F82120704700BF3546526E08B5124B9F
:107AA000A8220021184605F0D9F9032203460261F5
:107AB00042610E480E4A98614FF48051DA6100220B
:107AC00019629A625A62DA6218660A4858669966BA
:107AD00009491A67DA665A6711F8010D985401329C
:107AE000102AF9D108BD00BFE0030020F8F400001F
:107AF000D3440020D334002053F900002DE9F84F7F
:107B0000DFF8808098F80030532B8246894616466D
:107B100001D0FFF7C3FF182707FB0A873D6FD7F88F
:107B20006CB05D452BD9BC6E796E641BB44228BF26
:107B3000344629444846224605F069F9BB6E25447F
:107B4000A144361BAB4208BF0025ABEB050B5E45DD
:107B500028BF5E4656B1182303FB0A833246596E8E
:107B60004846294405F053F93444354424B11823D8
:107B700003FB0A88C8F870502046BDE8F88F00243F
:107B8000E3E700BFE00300202DE9F74FDFF888802E
:107B9000182606FB008700FB066646447D6AD7F878
:107BA00028C07368AC4581468B46144603EB05003C
:107BB00025D83B6AA3EB050A0AF1FF3E724507D8B8
:107BC0002C4405F024F97C62012003B0BDE8F08F5D
:107BD000E64472451ED85246019305F018F9019B00
:107BE0002C44E41A05D0706822460BEB0A0105F01C
:107BF0000EF9182303FB0988C8F82440E4E70CF1C8
:107C0000FF3CACEB050C944504D3254405F0FFF88C
:107C10007D62D9E70020D8E7E0030020F8B5144BD7
:107C2000182700FB07751D4407FB00330E46DB6A6F
:107C3000012B14460AD0022B14D023B9284604F095
:107C4000E8FC844208D900242046F8BD284604F008
:107C5000E0FC844228BF044622463146284604F010
:107C6000E1FCF1E72846BDE8F84004F0F6BC00BFAF
:107C7000E0030020F8B50B4B1B78532B04460E464F
:107C8000174601D0FFF70AFF04F028FD3A460546E3
:107C900031462046FFF7C2FF0446284604F026FD81
:107CA0002046F8BDE0030020034B182202FB0033FE
:107CB000D86E1B6FC01A7047E0030020034B1822D8
:107CC00002FB00339A6A586A801A7047E00300206A
:107CD0002DE9F843144C1F462378532B054689465B
:107CE000904601D0FFF7DAFE022D1AD804F0F6FC18
:107CF0006DB1182605FB0663E21844F80390C2F83C
:107D0000048006FB05420023176293625362182326
:107D100003FB0544089BE36204F0E8FC0020BDE897
:107D2000F8834FF0FF30FAE7E003002010B4084A70
:107D300008490023C85C12F8014D844204D1013384
:107D4000102BF7D110BC704710BCFFF7A7BE00BFC7
:107D500053F90000E00300202DE9F047044600AF8E
:107D60000D46EFF31189202383F31288BFF36F8F41
:107D7000DFF8F0803C4AD8F80030966859076DD09B
:107D8000042898BF394B117C94BF53F82030384BEE
:107D9000EA468CB06A4637480590CDE90831364846
:107DA00040F20243ADF82830344BCDE9060442F8E6
:107DB000103F2C4800234FF45151F9F781FDD5466F
:107DC000C5B1EB69C3F30803A3B1D8F800305A0773
:107DD0002DD0EA4688B06A46294B0593264B069378
:107DE000032342F8103F1F4800234FF4C251F9F714
:107DF00067FDD546D8F800305B0718D02EBB214868
:107E0000E8468AB06A46204B05931B4B0890CDE9A3
:107E1000063640F20243ADF824301C4B42F8103FC6
:107E2000104800234FF43151F9F74AFDC546294661
:107E30002046FEF713FE89F31188BFF36F8F30469B
:107E4000FCF778F8BD46BDE8F087304604F0B2FD97
:107E50000028D4D00378002BD1D0D1E7002DB0D1A9
:107E6000E5E700BF2C030020EC22002074DA0000BC
:107E700001F5000017F5000054F9000006000001AC
:107E800043F500000FF5000068F500000500000153
:107E900038B50A4B53F82040013053F82050A54222
:107EA00000D838BD606830B1037EDB0701D404F030
:107EB00026FC0834F3E723689847FAE788DA0000DD
:107EC00070B52A4B2A4C2B4D86B0012203201A7024
:107ED000FFF7DEFF04F092FF0420FFF7D9FF2646EC
:107EE000AE4204F130040FD300F0E2FE204CAC426D
:107EF00026D300F0F1FEF8F7CDFB1F4A938923F05B
:107F00000103938106B070BD54F80C3C059354F8FE
:107F1000103C049354F8143C039354F8183C029317
:107F200054F81C3C019354F8203C009354E90A2374
:107F300054E90C0100F022FC54F8303C5E65CEE7B9
:107F4000D4E90A23B3F1FF3F08BFB2F1FF3F05D0E8
:107F500052EA0301206803D104F00AFE3034C6E778
:107F60000649183001F02CF9F8E700BFD35400207F
:107F7000E8D20000E8D2000058170020EDCA000047
:107F800070B5174E174D184986B0B82303FB00662D
:107F9000164B059301220F23CDE903320023CDE9CF
:107FA0000133142303FB005504464FF4046000FB27
:107FB00004110F4B00954FF40062304600F0DEFBD9
:107FC000337C0C4AEE6023F0040333744FF4825385
:107FD00004FB033313442C746B6006B070BD00BF08
:107FE000A0160020EC220020C07D0020CEF500006D
:107FF00029C80000806D00207FB50020FFF748FFF2
:10800000294B83F30888294C636943F40073636147
:108010000025E02384F82230E57725766576A5767D
:1080200084F82050636A43F4E023636284F82350A9
:10803000FBF70EFEFBF768FF4FF0FF33A362E3622E
:10804000FCF7CCF8FBF7E2FFF9F7ECF91848194C0C
:1080500000F03CFC0120FFF71BFF0220FFF718FF98
:1080600000F064FE144B15495C61154B0593012328
:108070004FF48052CDE90353CDE90155114B0095E2
:10808000204600F07BFB237C064623F004032046B9
:10809000237404F0DDFC2846FFF772FF094A3146DD
:1080A0002046FBF711FF00BFC07D002000ED00E07F
:1080B0001018002058170020EC2200200086002015
:1080C000CCDD0000C17E000038B5074C074DAC4246
:1080D00001D3002038BD204604F03FFB08B91C3412
:1080E000F5E76FF01500F5E7540300205403002076
:1080F00073B50C46EFF31181202585F31288BFF389
:108100006F8FC5685DB125602B68C36083690133DB
:108110008361002081F31188BFF36F8F11E052EA71
:10812000030603D125606FF00B00F3E7CDE90023D0
:108130000246083000F02EFD18B9034B9B685B69BE
:10814000236002B070BD00BFEC2200202DE9F34196
:10815000044617461E46EFF31188202383F3128846
:10816000BFF36F8F304BC2689B6872B180689842D2
:1081700017D057EA060216D188F31188BFF36F8F24
:108180006FF00F0002B0BDE8F08193F90E1021618D
:108190000132C4E9023288F31188BFF36F8F0020E7
:1081A000F0E72169F3E793F90E1090F90E30994248
:1081B00030DA9942A8BF194604F041FB0546CDE9E3
:1081C00000761A482246414600F0E4FC0028E6D03A
:1081D000EFF31186202383F31288BFF36F8FA0681B
:1081E000D0B1236821699C420AD04BB193F90E307B
:1081F0009942A8BF19466FF07F039942B8BF19464C
:1082000004F01DFB40B10948314604F095FC6FF0C5
:108210000A00B7E70025D2E7002DF4D186F31188D4
:10822000BFF36F8FF3E700BFEC220020D45400208F
:10823000F8B583680546002B40D0234A92689342E4
:108240003FD1C368012B03D9013BC3600020F8BDB7
:10825000EFF31187202383F31288BFF36F8F016937
:10826000806804F0ECFA2C68A54207D10023C5E928
:10827000023387F31188BFF36F8FE7E7002CF5D047
:10828000D4E9003213605A60237C002623F00203F5
:108290002374C4E90066A66004F1180004F0F6FC3B
:1082A000AC6094F90E302B612046C4F8B46004F041
:1082B000CFFB0648394604F03FFCC7E76FF01500D6
:1082C000C5E74FF0FF30C2E7EC220020D454002075
:1082D00070B5EFF31186202383F31288BFF36F8FFD
:1082E0000468A0421BD0D4B1D4E9003213605A60B4
:1082F000237C002523F002032374C4E90055A56004
:1083000004F1180004F0C2FC2046C4F8B45004F094
:108310009FFB31460748BDE8704004F00DBCD0E932
:1083200002329A4218BF0133836086F31188BFF38B
:108330006F8F70BDD454002013B5EFF3118120244A
:1083400084F31288BFF36F8F846844B1013C84606A
:1083500081F31188BFF36F8F002002B010BD52EA85
:10836000030406D181F31188BFF36F8F6FF00F0004
:10837000F3E7CDE900230246014800F00BFCECE7EF
:10838000D454002070B50546EFF31186202383F303
:108390001288BFF36F8F00232C68A54219D0C4B197
:1083A000D4E9003213605A60227C002322F00202DA
:1083B000C4E900332274A36004F1180004F066FCE1
:1083C0006FF00A03C4F8B430204604F041FB0123E7
:1083D000E2E70022AA6023B986F31188BFF36F8F0A
:1083E00070BD31460248BDE8704004F0A5BB00BF37
:1083F000D45400202DE9FF41544E04462027EFF3CA
:10840000118887F31288BFF36F8FD4F8BC50F5B989
:10841000022104F1D40004F02DFA002870D004F1F8
:10842000CC0500220121284604F0C2FB0028F8D127
:10843000002302934FF0FF324FF0FF33CDE90023CA
:10844000414604F1C402424800F09EFDD7E7D4F84B
:10845000C0202B68C4F8BC30954208BFC4F8C030B7
:10846000D4F8D43043F00203C4F8D430EB6823F0DE
:10847000040343F00103EB606B6888F31188BFF3DA
:108480006F8F28469847EFF3118887F31288BFF360
:108490006F8FEB68D80623F001023ED4EA60EB68E8
:1084A0009A0717D5306823F00203EB6090B1036898
:1084B000002178B1426895423DD10368002934D14A
:1084C00072683360904200D17360002340F8083B2B
:1084D000FFF7FEFED4F8D43023F00203C4F8D43002
:1084E000DB0530D4D4F8BC30003B18BF012388F33F
:1084F0001188BFF36F8F002B81D000F01FFC7EE747
:10850000D4F8D430D90693D5C4F8D40088F31188B0
:10851000BFF36F8F04B0BDE8F08123F01103EB606F
:1085200005F11000FFF7D4FEB9E70B6073689842BD
:1085300008BF7160C9E701461BB11A6818461346A7
:10854000B7E71A46FAE70023D1E700BF102300205F
:10855000D4540020F8B5C3689A0704460E46C3F306
:10856000400542D45F0742D40B680BB983680B60A7
:10857000E368D80744BFA368336037684CBF02255F
:10858000012557B31B4B9A68D7F8B8309A421ED1D1
:1085900004F00AFA80F00100C0B2D7F8D430D9074D
:1085A000C3F380021CD5F2B1F8B100232360D7F8E1
:1085B000C03073B9C7E92F44384604F075F9E36851
:1085C00043F00403E3603368A3602846F8BD00204D
:1085D000E3E71C60C7F8C040EEE76FF0150506E062
:1085E0006FF0120503E01B07DFD56FF00F050023C6
:1085F0003360EAE7EC220020F0B589B004460020A1
:10860000C4E92F000E9D04F1C400C4E9310004F157
:10861000CC00C4E9330055B32879002840F201109A
:1086200008BF0120C4F8D40000204FF0FF364FF0FF
:10863000FF37CDE90330CDE90100CDE906670D4BE9
:108640000094204600F016F955B1296811B1204672
:1086500000F046F86B791BB1A38943F00103A381B5
:10866000204604F085FAC4F8B84009B0F0BD0120F6
:10867000D8E700BFF5830000F7B50C460190164619
:108680001D46EFF31187202383F31288BFF36F8F0A
:10869000084604F0FAF855EA060309D101A9204674
:1086A000FFF758FF87F31188BFF36F8F03B0F0BD5A
:1086B000E368074943F00803E360019BA362324685
:1086C0002B4604F1100000F07BFD0120EAE700BF1B
:1086D0001DC9000001460148FFF7CEBFE818002081
:1086E00010B5044608B9054B9C681F2204F17C00B4
:1086F00004F0CCFB002084F89B0010BDEC2200208D
:108700002DE9F0470C4681B37AB390F81090184FDA
:10871000561E00256019B9F1000F04D104F8059028
:108720002046BDE8F087B7F804A019EA0A0F1AD06E
:10873000FB883968A6EB0508984528BF984642464D
:1087400004F065FB39EA0A0945440CD0A6EB05089C
:10875000B8F1010F28BF4FF00108601905494246E2
:1087600004F055FB45440837D4E7034CD8E700BF75
:10877000A0DA0000D6F5000058E300002DE9F04F24
:10878000D51D85B025F0070504461F467F3500F14D
:108790005803C0E9163325F03F05129BA381002042
:1087A0000E46119BDDF838B0DDF84C80A060042146
:1087B0003F2DC4E906002174A373E07306F1400A5B
:1087C000A5F1400905D880F31188BFF36F8F0846E3
:1087D00002DF4A463544AA21504604F03FFB2946B1
:1087E0002046FAF70DFE0730109B20F00700C4E981
:1087F00027A9C4F8A40002930F9B2D1ACDE900B35A
:108800002A463B4631462046FBF72AFB0F9B23674F
:108810004FF00009109BC4F85490C4E91A7B6367B9
:10882000EFF31182202181F31288BFF36F8F104E76
:10883000316AA167346282F31188BFF36F8FB8F198
:10884000000F11D01F22414604F17C0004F01EFBF2
:1088500084F89B90B3680BB1D3F8A830C4F8A83063
:10886000284605B0BDE8F08F84F87C80F2E700BFB1
:10887000EC220020F0B587B000250595109D0495E9
:108880000F9D03950E9D0295DDE912760D9D0195D4
:108890000C9D00950446FFF771FFB6F1FF3F08BF3E
:1088A000B7F1FF3F05D056EA070305D1204604F093
:1088B0005FF9204607B0F0BD3A46334604F1180090
:1088C000014900F07DFCF4E7EDCA0000012310B57A
:1088D000037483810023C0E92733044600F088FE37
:1088E000014B9C6010BD00BFEC2200200A4A936837
:1088F0006FF00A01C3F8B4100849C3F8B0004B6820
:1089000043F080534B60002383F31188BFF36F8FD4
:108910009368D3F8B4007047EC22002000ED00E02B
:1089200070B590F91020037C002A2FDBD9062DD1D9
:108930001A4C63F07F032246037452F8183FE16932
:10894000934207D1C0E900210860E0610FE099423D
:10895000F8D01B68002BF5D093F90E6090F90E50FB
:10896000AE42F4DD5968C0E9003108605860A5697D
:10897000954200D005B9E568A3681A7CD20606D1F5
:10898000DA897F2A03D9AA690AB9636170BDAB424B
:1089900002D0284600F03AFB6561F7E7EC220020A0
:1089A00038B590F91020037C002A014604DA03F060
:1089B0007F03037404F014F80D4D2A46AB6852F897
:1089C000184F944200D004B9EC688B4207D01A7C4F
:1089D000D20604D1DA897F2A01D9A2692AB1A34239
:1089E00002D0204600F012FB23466B6138BD00BF69
:1089F000EC220020B3F1FF3F08BFB2F1FF3F03D0EC
:108A00000249183000F0DCBB704700BFEDCA00001F
:108A1000034648B9EFF3058232B9064A51699268B4
:108A2000914201D0FFF762BF83F31188BFF36F8FCC
:108A3000704700BFEC22002038B5184CA168E069EF
:108A40000B68814214BF1A46002249680B605960C6
:108A5000A368E1692AB9124AC3E900210B60E36106
:108A60000AE092F90E5093F90E00854212DD51682A
:108A7000C3E900210B605360A569094B9D4200D0FA
:108A800005B9E568A3689D4202D0284600F0BEFA09
:108A9000656138BD8A42DED01268DBE7EC22002037
:108AA00004230020F8B5394CA2688242054624D13F
:108AB000EFF305830BBBEFF31186202383F31288BA
:108AC000BFF36F8F137C03F07F0343F01003137425
:108AD00003F086FF234653F8185F9D4200D005B986
:108AE000E568A3689D4202D0284600F08FFA6561D0
:108AF0003046BDE8F840FFF7F9BEEFF311872023B9
:108B000083F31288BFF36F8F2B7CD90604D587F3CC
:108B10001188BFF36F8FF8BDD90943F010022BD134
:108B20002A74A6691A4B9E4200D006B9E668A3686B
:108B3000B34202D0304600F069FAA36866619D42F4
:108B4000E5D1EFF30583002BE1D1AA89D20711D536
:108B500087F31188BFF36F8F83F31188BFF36F8F93
:108B60000423184602DFEFF31187202383F31288D2
:108B7000BFF36F8F3846BCE703F07F0343F0100369
:108B80002B74284603F02CFFCBE700BFEC2200201B
:108B900004230020F8B50E4B0C4611460D4A986888
:108BA0001060DDE90667EFF31182202282F312885C
:108BB000BFF36F8F9D68284603F024FF2846324696
:108BC0003B46FFF717FF2046BDE8F840FFF78EBE93
:108BD000EC22002018230020F8B50446EFF311879B
:108BE000202383F31288BFF36F8F037C03F01F02EF
:108BF000002A0CBF0126002649B235D103F07F03BD
:108C0000037403F0EDFE294D037C817363F07F0351
:108C10002A46037452F8183FE869934207D1C4E921
:108C200000200460EC610DE09842F8D01B68002B36
:108C3000F5D093F90EC08C45F6DD5968C4E90031D2
:108C40000C605C60AC69944200D004B9EC68AB681D
:108C50009C4202D0204600F0D9F96C6187F311885C
:108C6000BFF36F8F3046F8BD9B071CD5856803F0B6
:108C7000B7FE81732B689D4209D16B68C4E900532C
:108C80001C606C60EAE76A689A42F6D01B68002BA9
:108C9000F3D093F90E208A42F5DD5A68C4E9003218
:108CA00014605C60DAE78173D8E700BFEC22002033
:108CB000EFF31181202383F31288BFF36F8F054BED
:108CC0009A68D37B013BD37381F31188BFF36F8F15
:108CD000704700BFEC22002070B5EFF3118620230F
:108CE00083F31288BFF36F8F0F4DAB68DA7B0132CD
:108CF000DA732A4652F8184F944200D004B9EC684F
:108D00001A7CD20604D1DA897F2A01D9A2692AB154
:108D10009C4202D0204600F079F923466B61304630
:108D2000BDE87040FFF774BEEC220020024B03F157
:108D30001802C3E906227047EC22002070B5EFF359
:108D40001186202383F31288BFF36F8F1A4CA1681A
:108D5000E0690B68814214BF1A46002249680B6023
:108D60005960A368E1692AB9144AC3E900210B607C
:108D7000E3610AE092F90E5093F90E00854216DD88
:108D80005168C3E900210B605360A5690B4B9D42FC
:108D900000D005B9E568A3689D4202D0284600F0DE
:108DA00035F965613046BDE87040FFF79FBD8A42E6
:108DB000DAD01268D7E700BFEC220020042300209D
:108DC000F8B550EA010306460C4603D1FFF7B6FF9B
:108DD0000020F8BDEFF31187202383F31288BFF33F
:108DE0006F8F124D124BA8681860FFF7D9FDA86865
:108DF000104923463246183000F0E2F9AA68137C85
:108E000043F00403137404463846FFF76FFDAB6864
:108E1000D3E90A23B3F1004F08BF002AD8D103F0E9
:108E20006AFF201A20EAE070D3E700BFEC2200209E
:108E300018230020EDCA0000014B9868704700BF5E
:108E4000EC2200202DE9F84304468789EFF31186D0
:108E5000202383F31288BFF36F8F037C190705D596
:108E600086F31188BFF36F8FBDE8F883D90943F00B
:108E7000080272D10274A36813B1204603F0B8FD52
:108E800004F1180003F002FFA56D04F15808A8458D
:108E900011D04FF0000975B1284603F0A9FD05F186
:108EA000180003F0F3FEC5F8B4902846FFF738FD2C
:108EB000A56DA845EFD1DFF8C480D8F808309C42F2
:108EC00053D1EFF30589B9F1000918BF4FF001093B
:108ED000D8F818502A4A954200D00DB9D8F80C504D
:108EE000AB4202D0284600F091F82046C8F8145052
:108EF00002F0F2F9204600F0D9F8B9F1000F02D0E3
:108F00002048FFF7E3FCD8F808309C4230D1EFF35B
:108F100005836BBBA289D20711D586F31188BFF3F5
:108F20006F8F83F31188BFF36F8F0423184602DF1E
:108F3000EFF31186202383F31288BFF36F8F30463F
:108F4000FFF7D4FCFB078FD5002383F31188BFF311
:108F50006F8F0423184602DF86E703F07F0343F098
:108F60000803037403F03CFD85E74FF00009AFE709
:108F700086F31188BFF36F8FE4E700BFEC22002077
:108F80000423002010180020D3B5DDE90667089CF3
:108F9000CDE90067FFF7FEFD1CB1034B9B685B69E1
:108FA000236002B0D0BD00BFEC220020027C12F092
:108FB0001F02034610D10A4988420DD009490868AA
:108FC00068B1D9897F2909D893F90E20064B1B680F
:108FD0009A42B8BF00207047002070471046704783
:108FE000A0160020240200201C230020044BC01ADD
:108FF000044BC0105843044B01221A54704700BF61
:10900000C8180020ABAAAAAAD454002070B50C4BF3
:109010000C4D1E7CFFF7CAFF182303FB06550446C0
:10902000284603F033FE084B00229A553CB1621EDD
:1090300028460649BDE87040D31700F0C1B870BD9E
:10904000EC220020C8180020D4540020ED8F00002E
:1090500038B5EFF31185202383F31288BFF36F8FA8
:109060000F4B104A9C681068A04206D1FFF7CEFF54
:1090700085F31188BFF36F8F38BD00211B7C116011
:10908000094AD35C002BF3D02046FFF78FFF00285E
:10909000EED0237CDB0601D1FFF7CEFC2046E5E7CE
:1090A000EC22002018230020D4540020EFF311817B
:1090B000202383F31288BFF36F8F0A4A136A834217
:1090C00007D19B6F136281F31188BFF36F8F7047D5
:1090D0001346002BF7D09A6F8242F9D1826F9A67BC
:1090E000F1E700BFEC220020F8B505460E46EFF38D
:1090F0001187202383F31288BFF36F8F064B1C6AFE
:1091000024B987F31188BFF36F8FF8BD204631462D
:10911000A847A46FF4E700BFEC220020F8B506468C
:109120000F46EFF31183202282F31288BFF36F8F73
:109130000B490C6A154624B983F31188BFF36F8F6E
:10914000F8BD83F31188BFF36F8F39462046B047CF
:10915000EFF3118385F31288BFF36F8FA46FEAE7F3
:10916000EC220020024B1868984208BF002070478C
:1091700028020020034B1B680BB9FCF709BC002038
:10918000704700BF2023002030B570B10B4B5B68E7
:1091900098420AD0036843B1D3E90421D0E90445D9
:1091A000121941EB0501C3E90421D0E90032136033
:1091B0005A600023C0E9003330BD00BF2802002000
:1091C000B3F1FF3F08BFB2F1FF3F2DE9F84F04466E
:1091D000994615461F467AD08160EFF31188202307
:1091E00083F31288BFF36F8FB9F1000FDFF8E4A0AB
:1091F00020DBFFF7BFFFDAE90027013549F100095D
:109200002D1849EBE073C4E90453AD18064643EB4F
:1092100007074FF00109FFF7A5FFDFF8BCE0DEF814
:1092200004A00346EBB9C4E900EACAF80040CEF84E
:10923000044028E0DAE900126FF001035B1A4FF0F6
:10924000FF3161EB02025B1B62EB0902012B72F141
:109250000001BCBF01230022C0E904324FF0000925
:10926000D9E7D3E9041CD4E904208A4270EB0C0B43
:1092700024DA891A5A686CEB0000C3E90410C4E9C7
:10928000003214605C60FFF76DFF84420ED1134B17
:109290001B685BB9B9F1000F02D1FFF76BFF0646FF
:1092A000304603F0DCFC0021FCF744FB88F3118816
:1092B000BFF36F8F28463946BDE8F88F521A60EB2E
:1092C0000C005345C4E90420ADD01B68AAE7002573
:1092D0002F46EFE7E018002028020020202300207E
:1092E0002DE9F047DFF8A890DFF8A880C9F8000062
:1092F0000246FFF737FF0D4600260027D8E9001386
:109300004FEAE27E50B1D0E9044CA2427EEB0C0A57
:109310001BDAA41A6CEB0E06C0E9044652184FF093
:10932000000443EB0E032046C8E90023C9F80040BF
:1093300003F095FC2146FCF7FDFA85F31188BFF395
:109340006F8FBDE8F047FFF783BE611843EBE4730E
:10935000C0E90467C8E90013FFF716FF01224FF0C8
:109360000043C0E9042385F31188BFF36F8F83683E
:109370009847EFF31185202383F31288BFF36F8F93
:10938000D9F80020121BC9F80020FFF7EBFEB5E763
:1093900020230020E018002010B5EFF311842023D3
:1093A00083F31288BFF36F8FFFF7E4FE054A03468D
:1093B000D2E90001181841EBE37184F31188BFF37F
:1093C0006F8F10BDE0180020F8B50446EFF3118749
:1093D000202383F31288BFF36F8FD0E90423B3F106
:1093E000004F08BF012A04D087F31188BFF36F8FA5
:1093F000F8BDD0E90A566A1C46F10003022A73F14F
:10940000000334D3013D46F1FF36002EBCBF0025DA
:109410002E4603F074FC013041F10001401946EB87
:109420000101012871F1000148DB03F068FC013003
:1094300041F100016FF00203401946EB0101834244
:109440006FF000438B413EDB03F059FC013041F1EA
:1094500000016FF00102401946EB0103121A4FF0B0
:10946000FF3161EB03031A492046FFF7A9FE236B86
:1094700001332363236A63B187F31188BFF36F8FCE
:1094800020469847EFF31187202383F31288BFF318
:109490006F8F54F8185FA542A6D0002DA4D028469F
:1094A00003F0FFFA0023C5F8B43087F31188BFF347
:1094B0006F8F2846BDE8F84003F0CABA6FF001028A
:1094C0004FF0FF33CFE700224FF00043CBE700BF60
:1094D000C99300002DE9F04105461C4690461F4601
:1094E000EFF31186202383F31288BFF36F8FB4F15B
:1094F000FF3F08BFB2F1FF3F05D186F31188BFF3EC
:109500006F8FBDE8F081002C09DB012A74F10003A4
:10951000BCBF0122002412F1FF3844F1FF37284676
:1095200003F0B4FBDDE906010023C5E90A012B6362
:1095300042463B4628460249FFF742FEDDE700BFB0
:10954000C993000070B50546EFF31184202686F319
:109550001288BFF36F8F03F099FB20B184F3118859
:10956000BFF36F8F70BD6B6A63B184F31188BFF373
:109570006F8F6B6A28469847EFF3118486F3128841
:10958000BFF36F8F05F1180003F0C0FA0028E5D093
:1095900003F05EFA21460248BDE8704003F0CCBA01
:1095A000D554002073B50446EFF31186202383F3CE
:1095B0001288BFF36F8F8368594003EA02050A409F
:1095C0005340009300226B460849019203F013FBBD
:1095D000DDE9003223EA020304F10C00A360314606
:1095E00003F0AAFA284602B070BD00BFA1CD00006A
:1095F000014BC0F8A83070475403002038B5064C22
:10960000064DAC4201D3002038BDD4E901122046FA
:1096100003F0F5FB1434F4E7540300206803002042
:1096200007B5074B0093074907484FF0FF334FF446
:109630008052FEF7E1FF002003B05DF804FB00BF9D
:10964000E0DA000040960020E818002010B50A4C2F
:1096500023681BB101232360002010BD00F0F0F847
:109660000028F7D00138062803D8044B53F820000F
:1096700010BD034810BD00BF24230020ECDA000019
:10968000FE8FFFFFBFF34F8F0549064BCA6802F4F8
:10969000E0621343CB60BFF34F8F00BFFDE700BF15
:1096A00000ED00E00400FA0510B4094B09490A4C2A
:1096B0004FF0FE32C3F800244968C3F80424C3F80D
:1096C0000824C3F80C240023C4F8003510BC084754
:1096D00000B002503002002000A00250D0E9001279
:1096E000014BC3E9001270473002002010B5044658
:1096F00050B1636813F0685F05D0064A934202D008
:1097000000232360626010BD034B04485B689847E8
:10971000EFE700BF2C5F5CA93002002008DB0000EF
:10972000C8B143680D4A934213D013F0685F0ED05E
:10973000012350E8002F194640E8001C9CF0000F60
:10974000F7D1012AF5D0BFF35F8F0020704704489E
:109750007047044870476FF4E04070472C5F5CA985
:10976000E98FFFFFEA8FFFFF80B14368094A934208
:109770000AD013F0685F05D0BFF35F8F002303604A
:109780001846704704487047044870476FF4E0403B
:10979000704700BF2C5F5CA9E98FFFFFEA8FFFFFD6
:1097A00010B5044620B1044B63600022226010BD56
:1097B0000248FFF779FFF6E73A00003A30DB000095
:1097C00010B5D0E90023194C6360D0E90230C4E938
:1097D00002302260164BD1F800C0C3F800C0D1F8A7
:1097E00004C0C3F804C01348D1F808C0C3F808C0C7
:1097F000D1F80CC00969C3F80CC01961436813F0B3
:10980000685F04D00C490023C0E9003190470B4841
:10981000436813F0685F07D0074923680022C0E956
:109820000021BDE81040184710BD00BF4C020020C9
:10983000380200206C0200202C5F5CA9640200202A
:1098400008B500F013F830B900F014F828B9064A4A
:10985000C2F80C0A08BD032008BD00F009F800F0AA
:1098600043F8042008BD00BF00B00250002070473C
:109870000020704710B5154800F05EF800B110BD2B
:10988000134800F059F80028F9D1124C204600F096
:1098900053F80028F3D1104B10481C6000F04CF82E
:1098A0000028ECD10E4800F047F80028E7D10D4819
:1098B00000F042F801460028E1D100F039F80446F2
:1098C00008B900F04DF8204610BD00BFAC020020E2
:1098D000A8020020A40200209C020020A002002078
:1098E000980200209402002008B50B4800F02EF8E2
:1098F0000A4800F02BF80A4800F028F8094800F060
:1099000025F8094800F022F8084800F01FF8BDE8E3
:10991000084000F00FB800BFAC020020A8020020F1
:10992000A4020020A002002098020020940200203F
:1099300000207047704700BF08B5034B02681B68E2
:1099400010689847002008BD4C02002008B5034B62
:1099500002685B6810689847002008BD4C02002030
:1099600070B5094C094D2069AB68984718B1084B90
:1099700008485B689847084AEB6820690021116035
:10998000BDE87040184700BF380200204C0200209C
:109990003002002054DB0000402300200CB430B51E
:1099A0008BB004460D462022002102A803F056FA8F
:1099B00002238DF80A30002D0C4B0393069412DB22
:1099C00001D06B1E1C440FAA0E99079402A80192A5
:1099D00000F074F815B1069B00221A700BB0BDE8B8
:1099E000304002B070470024EDE700BF79CF00009F
:1099F000242AF0B5044601D8012A40D1FAF700FB29
:109A00002D4B16221A5001B10C600020F0BD2F46DC
:109A10003D4615F8010B2028F9D0A0F10906042EC7
:109A20000346F4D92B282CD02D282CD101262B78B5
:109A3000BD1C302B2DD1287840F02000782824D16F
:109A400032F0100021D16B782C4610220235002014
:109A5000392B82BF03F1FF3343F02003263B303B19
:109A60009A421AD9A0FB02040CB9C01801D346F0DF
:109A700002062F462C4617F8013B3D46E8E707460D
:109A8000C6E70026D3E70026D3E7002A08BF08224E
:109A9000DDE7002A08BF0A22D9E701B10C60F2070E
:109AA00048BF4042B307B1D5FAF7AAFA024B2222C7
:109AB0001A504FF0FF30A9E70C0000002DE9F04FDD
:109AC0008BB04368009383789C078046924640F1B0
:109AD000F98000250878002800F0F68025280AD0B3
:109AE0004B1C019301354146009B98470028C0F26A
:109AF000E3800199EEE74E788B1C252E0193F1D07F
:109B00000027B9463C460A221F2C22D8A6F1200382
:109B1000102B20D8DFE803F0141F1F1A1F1F1F0B84
:109B20001F1F1F121F171F1F090044F00104019B74
:109B300013F8016B0193002EE6D13AE044F00204E1
:109B400044F00404F3E744F00804F0E744F01004A0
:109B5000EDE77F2C24D8A6F13003092B08D8600646
:109B60004EBF02FB073702FB093944F02004DEE751
:109B70002A2E0DD161065AF8043B53D4002BA7BFFF
:109B800044F020049946C3F1000944F02804CEE7CC
:109B90002E2E05D1630600F1978044F04004C6E7FD
:109BA0006C2E2ED028D8682E32D06A2E37D04C2E6C
:109BB00035D0002F46F02003B8BF24F04004A3F1B5
:109BC0006502BCBFA4B20027022A01D9612B2BD1A8
:109BD0000AF1070A2AF0070A9C4E0AF1080A072729
:109BE000210760D506EB070B34465C455DD1AE1B03
:109BF000A219A9EB070959E1742E98D07A2E96D0B4
:109C0000D7E7260648BF44F4007444F080048EE78A
:109C1000E00548BF44F4007444F4807487E744F4DA
:109C2000207484E71F4682E7A6F16302122A00F23D
:109C3000D880DFE812F013004D00D600D600D60021
:109C4000D6004D00D600D600D600D600D600E800DB
:109C5000D100D600D6001A00D600A0005AF8043B66
:109C60008DF81030012704AEBAE75AF8046B784B30
:109C7000002E08BF1E4614F0400F14BF39464FF0A7
:109C8000FF31304603F015F90746A9E7009B41462E
:109C90002020984700280FDB013CA742F6D34D4413
:109CA0002D1BA1469EE74C46F7E714F8010B009BDD
:109CB00041469847002898DA98F8023043F00403A8
:109CC00088F802304FF0FF3528460BB0BDE8F08F22
:109CD000220630D5A3052AD50AF1070A2AF0070380
:109CE0009A4659685AF8080B24F0100B00291FFAFD
:109CF0008BFB2FDA404261EB41014BF4806B04ACEB
:109D00000A23224603F0E1F81BF0400FA0EB040207
:109D100000F08E802BF001049742A4B240F38F80B4
:109D2000002E40F08E802BF01104A4B21DE05AF8F2
:109D3000040BC117D8E7E0055AF8041B01D4084604
:109D4000F7E7A2054BBF48B208B241F3C01141F397
:109D5000C031C9E750EA0103D1D16306CFD5002F46
:109D6000CDD124F01104A4B23A463B4640F206415C
:109D70000C4262D124E024F01004A4B20A2314F0AF
:109D8000800243D014F400711FBF0AF1070A2AF0C1
:109D900007029246516814BF5AF8080B5AF8040B90
:109DA00050EA01023ED124F0160B62061FFA8BFB2B
:109DB0003CD5002F3AD124F01704A4B23A463B46D2
:109DC00021075AD4E10705D5994572DDA9EB0303B4
:109DD0009F184B469B464AE044F010041023782617
:109DE000CDE7782B04D1C6F1780343F01003C6E722
:109DF000009B4146252098470028FFF65DAF0235BD
:109E00004146304670E608230026B8E714F4807116
:109E10005AF8040BC4D014F400711ABFC0B2114632
:109E200080B2BDE724F006041FFA84FB04AC68E7A7
:109E300013465C46E10699D52EB90133C0E71346B7
:109E4000F8E73B46F6E70233BAE700BF21F6000029
:109E50001AF60000CDE902324146009B20209847C7
:109E60000028FFF629AFDDE902320BF1010BD945DD
:109E7000F0DCEB1A03EB0B055B46E10627D5CDE9D9
:109E800002324146009B302098470028FFF614AF6D
:109E9000DDE902327EB901352F44791B8A4229DB84
:109EA000144604AE9CBB2A44A9EB03091546914411
:109EB00042E017468EE7CDE9023202354146304690
:109EC000009B98470028DDE90232E5DAF4E640F22B
:109ED00006410C42E0D014F0020F14BF2B202020CA
:109EE00014F4806FCDE9023205F10105414618BF37
:109EF0002D20E5E7CDE902324146009B302098470E
:109F00000028DDE9023205F10105C6DAD4E6013C9C
:109F1000CDE90232305D009B414698470028DDE9DB
:109F20000232BFDAC8E6009B41462020984700284D
:109F300005F10105FFF6C0AEA9EB0503002BF2DC2D
:109F4000D7E500BF704700EBC1004088400870476C
:109F5000F8B50346FFF7F7FFB0FA80F0C0F11F0035
:109F600003EB800CCA00DCF81060171D0C460632AB
:109F70008DB256B9012101FA00F0D9680143D960C8
:109F8000CCF81040DD539D52F8BDF1000431585A11
:109F9000D85303EBC0009E52C5805D52F4E7043AEB
:109FA0002DE9F843CC1D114424F0070421F00706E5
:109FB000A6EB04084FEAD807B7FA87F2C2F12405E6
:109FC000AD004FF000090735C2F12002ED08046032
:109FD0004946A760C4F80C90920004F1100002F00A
:109FE0003DFFAAB2530043F0010363807B1B9BB289
:109FF00004EBC5015800A4F80090488024F83520EF
:10A00000A6F8029024F8083004EBC70329465A88C2
:10A0100042F001025A802046BDE8F843FFF798BF9E
:10A020002DE9F04706460D46174698462BB398F89B
:10A03000004093F80190DB78A40004EB430498F807
:10A0400002301C4444444FF0000ACA4509D3D8F8F2
:10A05000042008F1080339463046AC46BDE8F04715
:10A06000604714F8013B48F823402046F6F7BCF857
:10A07000013004440AF1010AE7E76FF01500BDE87A
:10A08000F08730B502460024002012F8013B43B1AE
:10A0900078B18C4207D1702B04D0A3F140053A2D42
:10A0A00007D8002030BDA3F140053A2D01D8013476
:10A0B000EAE7252B08BF80F00100E6E700207047A3
:10A0C0000FB407B504A951F8040B019100F05DFB32
:10A0D00003B05DF804EB04B0704710B503690246A5
:10A0E00013F0080009D11368D4689C4297BF126A24
:10A0F000E31AD31A01200B6010BD00231846FAE7BB
:10A1000013B501A90446FFF7E8FF20B1019BE268FF
:10A11000013B13440193206A019BC01A013802B02D
:10A1200010BD10B5044650182269236AD20702D523
:10A13000013B184010BD984228BFC01AFAE710B57D
:10A1400004460A46C168FFF7ECFF2369E06023F08C
:10A150000803236110BD38B50D46C2698B00016844
:10A1600043F0020342F82130044601682A46FFF713
:10A17000D8FFE36861682060984202BF236943F01A
:10A18000080323612A462046FFF7CBFF606038BDF5
:10A190002DE9F74FD0F80CB0C669009216F82B20C5
:10A1A00002F00302022A08BF56F82B209A4606EB5B
:10A1B0008B030F4601934FF00001009B0CBFC2F3CD
:10A1C0009D09894619600446CAF80010B9F1000FCC
:10A1D00007D04946FFF7B3FFE368A3604FF00108DB
:10A1E00004E001698A0705D44FF00008404603B037
:10A1F000BDE8F08F816906EB8B00884716F82B10BD
:10A2000011F001080546EFD08B071DD51FB1394667
:10A210002046FFF7A0FF61682A462046FFF781FF2E
:10A22000D4E902138B42606007D12A462046FFF72B
:10A2300078FF4FF000080146A0602369216043F0D9
:10A240000803E1602361D1E701462046FFF777FF6D
:10A25000E168A1601FB12068E16941F82090EA1926
:10A26000CAF8002021682046FFF75BFF22692060C2
:10A2700042F00802226116F82B2022F0010206F8B3
:10A280002B20DDE900321A60A8E770B504461546B8
:10A29000FFF747FF2368834205D12369216023F03C
:10A2A0000803236170BDE269AB0043F0020342F88A
:10A2B0002130204661682A46FFF733FF6060F1E7EE
:10A2C00038B503695B07044606D5456AFFF718FFF2
:10A2D00085422CBF6562606238BD38B50D460446C4
:10A2E0001C22002102F0BAFDEB68A361AB68636138
:10A2F0002B68E3616B682362002262622A6923B1E2
:10A30000591E194208BF42F001022261012204F1E4
:10A3100028000021BDE8384002F0A0BA2DE9F04F36
:10A320009846036A87B000258B4204460E46934642
:10A3300003950595AA4638D3EFF31189202383F3BB
:10A340001288BFF36F8F059A2AB129462046FFF77E
:10A350009CFF0023059304A92046FFF7BEFE049945
:10A36000B14207462AD32268E36913F8221021F08C
:10A37000030103F8221003EB820A216832462046CB
:10A38000FFF7CFFEE3682060984212D0002789F3E0
:10A390001188BFF36F8F039929B162690AB1204612
:10A3A000904700230393002FC6D1504607B0BDE865
:10A3B000F08F236943F008032361E7E718B12046D3
:10A3C000FFF7C9FEE3E75BEA08031CD0019102F046
:10A3D000EBFA0199B8B9B9F1000F14D189F31188DA
:10A3E000BFF36F8F5A46434604F12800FDF7A4FFE0
:10A3F000EFF31189202383F31288BFF36F8FB0FA34
:10A4000080F77F09C3E705AB03AA20462568FFF75D
:10A41000BFFE0746BBE770B50446836908460D4694
:10A4200098470246EFF31186202383F31288BFF387
:10A430006F8F2B7843F001032B7061682046FFF784
:10A4400070FE60602046FFF73BFF86F31188BFF384
:10A450006F8F70BD2DE9F843044600272026EFF3E7
:10A46000118586F31288BFF36F8F2369A2681907DD
:10A4700002D46368934200D2236A9B1A002B42D015
:10A48000E06910F8221011F0030300EB82093AD0C2
:10A49000022B04D150F822305FEA930805D1CB0794
:10A4A00020D4A369484698478046A1684246204682
:10A4B000FFF737FE0127A06041462046FFF73FFE29
:10A4C0003B4685F31188BFF36F8F002BC7D137B19F
:10A4D000B9F1000F03D104F12800FDF7F9FE484659
:10A4E000BDE8F88341F0020100F822104846A36954
:10A4F000D4F808809847414602462046FFF711FEEF
:10A500000023A060DDE79946DBE7F8B504468369E0
:10A5100008460D4698470646EFF31187202383F33C
:10A520001288BFF36F8F2B7823F001032B70236900
:10A530009B0705D5E268E36903EB82039D421AD1CC
:10A540002B7823F002032B70D4E90231994204D115
:10A5500032462046FFF7E5FDA06031462046FFF772
:10A56000EEFD87F31188BFF36F8F04F12800BDE87B
:10A57000F840FDF7ADBE2B6860F39F032B60F0E75A
:10A58000EFF31181202383F31288BFF36F8F0269E9
:10A590008368120702D442689A4200D2026AD31A30
:10A5A00081F31188BFF36F8F181E18BF0120704709
:10A5B000038B13F0070306D10368002B18BF032099
:10A5C00008BF00207047022B05D1408BB0FA80F005
:10A5D000400980007047012B04D10368002B18BF8D
:10A5E0000520EDE70020704710B50C4600B111B909
:10A5F0006FF0150010BD081D00F087F80028F9D194
:10A60000A368032BF6D9F3E72DE9F0410D46074681
:10A610001946281D90461E4600F088F8044638B1B9
:10A620003346424629463846A446BDE8F0416047D5
:10A63000BDE8F08110B4EFF31182202484F3128876
:10A64000BFF36F8F416110BC0121F6F7CBBC38B569
:10A650000C46054658B151B10B6843B14B6833B154
:10A660001C22002102F0FAFB2C61002038BD6FF0A3
:10A670001500FBE7F8B504460E46FFF7B5FF051ECB
:10A680003BDBEFF31182202383F31288BFF36F8F3C
:10A69000638B278B4FF6FF718B4207F007072ED095
:10A6A000062F2FD8DFE807F0182E082E1804180000
:10A6B0006FF08505002303E0013363830225012346
:10A6C00082F31188BFF36F8FBBB100233A46314646
:10A6D0002046FFF799FF10E000233360636823B939
:10A6E000C4E9006627B13D46E4E71E606660F9E70D
:10A6F00002212046F6F776FC3D462846F8BD6FF06D
:10A700000A05D7E76FF00405D4E7034658B142685D
:10A7100002F00302012A03D0032A04D1026812B115
:10A720000020986070476FF01500704742688160A4
:10A7300002F00302032A4FF0000203460CBF006838
:10A7400010465A607047704703785B075FBF036825
:10A750004288C3F34A2303EB12105DBF173020F089
:10A7600007008008002070470020704701F093B96F
:10A770000346BFF35B8F53E8000F421C43E8002100
:10A780000029F8D1BFF35B8F70471FB50023CDE9D7
:10A790000201CDE900331A4619461846F7F718F9B1
:10A7A00005B05DF804FB0120F6F7E2BD002070471C
:10A7B00018B140680079F6F7E7BF4FF0FF30FAE7CD
:10A7C00038B5436804460D46DA711146F7F73AF892
:10A7D00063681D60636801225A71BDE83840F6F76E
:10A7E000B9BD70B515460C4669B1D2E901369B1B5F
:10A7F00099420AD813680A460146981902F007FBE5
:10A80000AB682344AB60204670BD6FF01B00FBE7D4
:10A8100070B50E4615461946044618B9BDE8704095
:10A82000F6F7A6BD33B1C2F34A231030120D184417
:10A8300002F0EDFAC4E900562046BDE87040F6F794
:10A840004FBFF8B506460D4614461F4604B9F8BD7D
:10A85000214628463A46B047241A0544F6E710B583
:10A86000426881680446D2E900230068FFF7E9FFE7
:10A87000636800221A6010BD38B54B681A68CB684F
:10A880009A4205460C4602D10846FFF7E8FF636886
:10A89000BFF35B8F53E8002F511C43E800100028E2
:10A8A000F8D1BFF35B8FA3689D54002038BD0A2800
:10A8B00038B504460D4602D10D20FFF7DDFF2946CD
:10A8C0002046FFF7D9FF002038BD2DE9F0430546AB
:10A8D00089B008460E8891F80090D1F808800C469F
:10A8E0001746F7F7D9F8011EC6F38216C9F3C20955
:10A8F0001FDB4846F6F706FF03462146608851F8FD
:10A90000102B0296C2F34A22002A01EB0204C0F384
:10A910000B1008BF00210022CDE90507CDE9031483
:10A92000CDE9002241462846F7F7E2F809B0BDE834
:10A93000F0830023E1E708B50120F6F73DFB08B5F9
:10A940000020F6F739FB0B68834204BF01230B712B
:10A95000704710B500201C4601F0A9FE20600020C1
:10A9600010BD08B519B140680830FEF7EBFD0020B6
:10A9700008BD10B5446B0020FDF796F928B1236897
:10A98000216C0020BDE81040184710BD08B5406894
:10A990000830FEF7D7FD002008BD8268002382F84A
:10A9A0004C308268A2F846308268A2F84430704782
:10A9B00010B50346BFF35B8F53E8000F40EA010276
:10A9C00043E80024002CF7D1BFF35B8F10BD10B516
:10A9D0000346BFF35B8F53E8000F00EA010243E830
:10A9E0000024002CF7D1BFF35B8F10BD4FF48061C2
:10A9F00000F51C70FFF7DCBF00F52070FDF768BCA8
:10AA00004FF0FF324FF0FF3300F52070FDF794BC9C
:10AA100000F51C7019B14FF40061FFF7C9BF6FF466
:10AA20000061FFF7D4BF08B500F51B7029B1012103
:10AA3000FFF7BEFF00F0010008BD6FF00101FFF756
:10AA4000C6FFF7E773B5044680680E46154600F565
:10AA50001D7000220023CDE9002302F0CCF958B18B
:10AA6000A06800F51D70314602F0C1F920462B4662
:10AA700002B0BDE87040184702B070BD38B50C4652
:10AA8000051EA06814BF0821012100F51D7002F009
:10AA9000ABF9012D08D1A0684FF40071BDE8384032
:10AAA00000F51C70FFF784BF38BD08B500F52070B5
:10AAB000FDF742FCB0FA80F0400908BD10B504462D
:10AAC00080684FF4807100F51C70FFF771FFA36878
:10AAD0001B79022B02D12046F7F7AAFEA0686FF47B
:10AAE0008071BDE8104000F51C70FFF770BF10B515
:10AAF000044680680379012B16D140F26762002377
:10AB0000FFF7D3FF10B96FF00F0010BD204600F023
:10AB10002FFB6069F7F74AFD2046F7F763FEA06850
:10AB2000FFF76AFF0020F0E76FF08500EDE7F8B56A
:10AB3000044680681F460379022B0D46164607D04F
:10AB4000BDE8F8404FF4805100F51C70FFF730BFAE
:10AB500040F267620023FFF7A8FF48B3A368D3F869
:10AB60007022100508D49A6B32B9D3F86C3299066A
:10AB700002D5204600F032FA3B46324629462046AE
:10AB800000F077FAA368D3F87022120508D49A6B04
:10AB900032B9D3F86C329B0602D52046F8F788F913
:10ABA000606900F04FF8A068BDE8F840FFF724BFE7
:10ABB000F8BD0CB407B504AB53F8042B0193FFF7B1
:10ABC000B6FF03B05DF804EB02B070470EB403B5F6
:10ABD00003AB082153F8042B0193FFF7A8FF02B041
:10ABE0005DF804EB03B070470EB403B503AB03216B
:10ABF00053F8042B0193FFF79AFF02B05DF804EBC2
:10AC000003B070470EB403B503AB012153F8042B16
:10AC10000193FFF78CFF02B05DF804EB03B07047BF
:10AC200010B540F26762044600238068FFF73DFFDD
:10AC300038B12046F7F79CFCA068BDE81040FFF74C
:10AC4000DBBE10BD10B50269836812680168044656
:10AC5000C0689847236900221A6010BD38B5CB68D8
:10AC60001B7C022B05460C4604D10A2802D10D207C
:10AC7000FFF7F4FF236922681B68D5542269136823
:10AC80000133136023691A6863689A4202D120462F
:10AC9000FFF7D8FF002038BD08B510B1F5F7A4FACA
:10ACA00080B208BD10B5047B438922442144B2FB25
:10ACB000F3F003FB1022B1FBF3F003FB1010101AAA
:10ACC00010BD10B5047B438921441019B1FBF3F189
:10ACD000B0FBF3F0401A10BD30B5057B4389294421
:10ACE000B1FBF3F403FB141101312A440134018058
:10ACF000B2FBF3F103FB1122848001324C1CC480AF
:10AD0000428030BD2DE9F74F00260746884614469D
:10AD100099460660B2462378002B00F09F80202BD6
:10AD200023D0093B042B20D93B685A1C3A6048F8D1
:10AD300023403B684B4500F0918000262578002D8C
:10AD4000E9D0002E7BD1272D03D05C2D10D0222DF1
:10AD50006BD12046FFF7A0FF611C0246204602F09F
:10AD600064F82E46A3465C46E8E704F801ABD2E758
:10AD700004F1010B2046FFF78FFF5946024620469B
:10AD800002F053F8EFE75C2D56D162789642F1D08D
:10AD9000302A21D102230025E25CA2F13001C9B2A0
:10ADA000072916D8ED000133EDB2052B45EA010560
:10ADB000F2D1591E2144204601930091FFF76CFF08
:10ADC000019B0099023BC21A204602F02EF8257022
:10ADD000C9E7DBB2022BECD1782A2DD10221002564
:10ADE000635CA3F13002D2B2092A08D82D01EDB27A
:10ADF00015434B1C042B4FF00301DAD0F0E7A3F10D
:10AE00006102052A05D82D01EDB2573B1D43EDB275
:10AE1000EFE7A3F14102052A03D82D01EDB2373B3C
:10AE2000F4E7022908D00323C3E7202D3FF473AFD2
:10AE3000093D042D7FF66FAF04F1010B93E7B54296
:10AE400004F1010B9FD12046FFF726FF5946024629
:10AE5000204601F0EAFFA346002684E7304603B00F
:10AE6000BDE8F08F2DE9F0410F4686B01646044646
:10AE700070B1034601AC00F110051868596822460C
:10AE800003C20833AB421446F7D11868106001AC16
:10AE90004FF00008414632462046F7F7BFFE08F162
:10AEA0000108054628B129683846F5F793F90028C6
:10AEB000F0D1284606B0BDE8F0810EB403B503AA70
:10AEC00052F8041B0192F7F795FE02B05DF804EB0F
:10AED00003B0704738B50446B0F84450006810B16C
:10AEE000F5F782F980B2401907D0638DB0FBF3F219
:10AEF00003FB1200B0FA80F0400938BD704738B546
:10AF00008468D4F86C32B4F846502068C3F3400328
:10AF10005D4310B1F5F768F980B2638D2844B0FB4A
:10AF2000F3F203FB1200B0FA80F0400938BD10B50F
:10AF300004468068B0F84420B0F846102030FFF78F
:10AF4000CBFEA068FFF7C6FF20B16069BDE81040E6
:10AF5000F7F7C6BE10BD38B5054680680C46B0F898
:10AF60004610B0F8442020300C44FFF7B5FEA86826
:10AF7000A4B2B0F8461022462030FFF7A2FEA8681F
:10AF80002246B0F846102030FFF78CFEAB68A3F8DD
:10AF9000464038BD8368B3F84610494209B2FFF70E
:10AFA000DABF8368B3F84410B3F84630C91A09B25F
:10AFB000FFF7D1BF8368B3F846301BB14FF0FF31C4
:10AFC000FFF7C9BF70478368B3F84620B3F8443031
:10AFD0009A4202D20121FFF7BEBF70478068B0F8E5
:10AFE0004420B0F846102030FFF776BE2DE9FF412F
:10AFF00005460F4614460026A4B904B0BDE8F0810A
:10B00000D3F870229205FBD5BFF35B8F03F51C7359
:10B0100053E8001F21F4007143E80012002AF7D121
:10B02000BFF35B8F686803682246D3F80C80B919B8
:10B0300003ABC047039A1644A41A002ADCD1AB68BC
:10B0400019790329EED00229DAD84FF0FF304FF0FA
:10B05000FF31CDE90001082103F51D7001F0CBFEA1
:10B06000A86800F51D70082101F0C1FEDAE7FFF7BE
:10B07000BDBF114640691A46F7F7BCBD0CB407B511
:10B0800004AA406952F8041B0192F7F7B3FD03B01C
:10B090005DF804EB02B070472DE9F0418768B7F81E
:10B0A0004460B318FF2B05468846144626DCB7F8E3
:10B0B0004630F61A4C331F44B6B232463946381978
:10B0C00001F0B3FE22464146384601F0A0FEAA68D0
:10B0D000B2F844302344A2F84430AB68B3F84420BB
:10B0E0001344002283F84C20AB68D3F86C12890714
:10B0F00006D4B3F846201444A3F84640BDE8F081D6
:10B1000031462846BDE8F041F7F72CBE38B5054674
:10B110008068B0F84620B0F84440A41AA4B29CB1AC
:10B120004C321044411C224601F07FFEAA68B2F85E
:10B130004430013BA2F84430611E28460122BDE89C
:10B14000384089B2F7F70EBE38BD10B58368B3F842
:10B15000442004465AB1B3F8463043B14FF0FF31B2
:10B16000FFF7F9FE2046BDE81040FFF7CFBF10BD46
:10B1700070B592B00023054601934FF47A74686865
:10B18000036840221E6902A901ABB047019B13B1BD
:10B1900008B9013CF3D112B070BD78B10378C42B6B
:10B1A0000BD143780B2B08D18378D22B05D1C078F3
:10B1B000A0F18603584258417047002070470EB4F2
:10B1C00003B503AA52F8041B0192F7F713FD02B06E
:10B1D0005DF804EB03B070472DE9F8430546884657
:10B1E0001746002418F80430202B21D0093B042BEB
:10B1F0001ED94046F4F7F8FFAB68598D80B2001BAA
:10B20000CB1B984208EB040914D94846002610F8D5
:10B21000012B202A06D0A2F1090CBCF1040F02D8A0
:10B220000A2A2DD03346BA19914228D90136EEE7C1
:10B230000134D7E74B460026B04208D16869494639
:10B24000FFF7BDFF6869BDE8F843F7F74BBE13F899
:10B25000012B0A2A11D16869FFF7F4FC32464946EE
:10B260002846FFF7C3FE013434446869F7F73AFE15
:10B2700039462846FFF742FEBBE70136DCE71E46AB
:10B280006869FFF7DFFC324649462846FFF7AEFE05
:10B29000344418F80430202B02D0093B042BE4D8A6
:10B2A0000134F6E708B50020F5F786FE01F0D6BDBB
:10B2B00001F0ADBD01460068F8F702B808B5F8F72F
:10B2C0009BF8BDE80840F8F725BE0023F6F7F8BA6A
:10B2D00000210120F7F7F4BF6FF08500704761B6D9
:10B2E00062B680F31188BFF36F8F704772B6002388
:10B2F00083F31188BFF36F8FBFF34F8F30BF62B6F8
:10B30000BFF36F8F704772B6002383F31188BFF3CA
:10B310006F8FBFF34F8F20BF80F31188BFF36F8F04
:10B3200062B67047202809D9B0F1004F08D801381B
:10B33000B0FA80F0C0F11F0040007047082070474D
:10B340003E20704708B5D1E904319847002008BD78
:10B3500008B5F9F729F8002008BD0369C9B20C2225
:10B3600002FB0133186C00F00700704770B503460C
:10B37000C9B20069EFF31186202484F31288BFF369
:10B380006F8F0C2505FB0104246C14F0C00401D060
:10B39000A24211D105FB010001220264002086F3C4
:10B3A0001188BFF36F8F30B95B680C2202FB013349
:10B3B0005B689847002070BD4FF0FF30EFE78022B8
:10B3C000FFF7D4BFF8B5069F04690546C9B2EFF38D
:10B3D000118C202080F31288BFF36F8F0C2606FBA0
:10B3E0000146306C00F0070EBEF1010F10D137643A
:10B3F00000268CF31188BFF36F8F3EB90C204143B8
:10B400000C44C4E90E236B685B5898473046F8BD7E
:10B4100000F0C00087420CBF6FF077064FF0FF3698
:10B42000E7E713B580240094FFF7CCFF02B010BD0E
:10B4300010B40069CBB21C2404FB0300002110BC33
:10B4400010471046FCF744BF00F0AEBCFBF71ABE35
:10B4500010B50C4600F069FF0023C4E9000318464C
:10B4600010BD38B505460C4600F05FFF002D07DB28
:10B47000A84205D9401B84428CBF0020012038BD62
:10B480000020FCE770B50D462846194616461C46B6
:10B49000FFF7E7FF30B921462846F9F79DF96FF02D
:10B4A000150070BD24B122462946304601F0AFFC9C
:10B4B0000020F6E743685B68D3F810350B60002086
:10B4C000704743685B6802EA010021EA0201C3F8A1
:10B4D0000805C3F80C150020704743685B6800201E
:10B4E000C3F80815704743685B680020C3F80C1563
:10B4F000704743685B68D3F8042521EA02001140D5
:10B50000C3F80805C3F80C150020704730B503696F
:10B51000586800B30024884219D108688CB99C6827
:10B520005860A14200D19860002008602AB15A6892
:10B530000A609A68596002B9996000200FE02846B5
:10B54000E9E720609868814208BF9C60ECE70568E5
:10B550000446002DF3D1002AE9D16FF0150030BD6B
:10B56000FBF7A0BE4FF08043D3F8002402F00103A4
:10B57000910748BF43F01003110748BF43F480739D
:10B58000D10348BF43F08003510348BF43F0200379
:10B59000510748BF43F00203910348BF43F08003C3
:10B5A000110348BF43F08003D20248BF43F00803B1
:10B5B0000360002070474FF080434FF0FF32C3F824
:10B5C00000240020704730B543681360057A446852
:10B5D00004EBC504A34202D36FF0010030BD5C79D7
:10B5E0008C4203F10803F0D10020F7E700207047F8
:10B5F00043685868704708B5436800215A6818685E
:10B6000001F02CFC002008BD10B50C461146426824
:10B6100010681A46204401F0FAFB002010BD10B556
:10B6200004461046626814681A46214401F0EFFB94
:10B63000002010BD43685868704708B54368002172
:10B640005A68186801F00AFC002008BD10B50C46C5
:10B650001146426810681A46204401F0D8FB0020C9
:10B6600010BD10B504461046626814681A4621449D
:10B6700001F0CDFB002010BD002201210420F8F7CD
:10B68000B5BB10B50B6813B91360184605E0036825
:10B690005C681CB114600368186810BD083303604F
:10B6A0000B68013B0B60EDE710B5036804468BB1F6
:10B6B0001A7D7AB1186901F01EF8236898681B7B1F
:10B6C0000121994003691B68194283680CBF1B69FB
:10B6D000DB689847A36933B9636004F11000BDE8E3
:10B6E0001040FCF7F5BD10BD08B50069C36D8B4275
:10B6F00004D15C30FFF7D8FF002008BD4FF0FF30C9
:10B70000FBE738B50446056900F086F9C0B90122A7
:10B71000014605F1B40001F0A1F805F15C00FFF766
:10B72000C3FF0321204600F04EF9002802DA10F191
:10B73000860F05D10121204600F045F900EAE070AE
:10B7400038BD70B50646446C4FF4FA535C4356F866
:10B75000203B4FF4004C1B68B4FBF3F40546C8349F
:10B7600040F2E73000214FF47A720023E4FB0C0131
:10B77000F4F716FD02460B463046FCF7DDFD20B11E
:10B78000F9F7E4FB6FF0730070BD286BFCE7F7B5C9
:10B790000669D6F8A820D6F8B05007469AB9C5B1C0
:10B7A0002C46D6F8A41031B33ABB1146D6F8AC30CB
:10B7B0002BB3002D04BF2C4623460094384600F0DE
:10B7C000F1F803B0F0BDA5B195422C4628BF144650
:10B7D000E7E7F16D8B88DB0401D400F0B0F80023BB
:10B7E000C6F88C3006F17C0003B0BDE8F040FCF7F1
:10B7F0006FBD1446D5E70A46D8E72246D6E71C4671
:10B80000DBE70069B430FCF763BD03460A46006815
:10B810001979012303FA01F103691B68194218BF62
:10B8200082F0010212B18368DB68184783681B69E4
:10B83000FBE7F0B504694768D4E915128B1A85B0A7
:10B84000064604D1BB6805B0BDE8F0401847BD8B83
:10B85000E16C9D4228BF1D4621B101F06043B3F168
:10B86000005F06D1236D3BB103F06043B3F1005F8D
:10B8700002D0082D28BF08250023A36451B111442C
:10B8800001F06043B3F1005F04D038692A4601F04B
:10B89000BEFA3969236D43B1A26D134403F06042CF
:10B8A000B2F1005F1CBF7B69A364002914BF2A4664
:10B8B0000022002BCDE90123009108BF0025694635
:10B8C000002220460395FBF7D1FF014618B17368AB
:10B8D00030469B68984705B0F0BD70B50C690E46C0
:10B8E000A16C054639B1A36D206D2A69184401F099
:10B8F0008EFA0023A3642969AA68A36D91422CBF24
:10B900005B189B18A3653046BDE87040FFF791BFF8
:10B91000084710B503691B680722C3F800250B7D93
:10B920000C465BB1012104F10800FFF76EFF237D97
:10B9300023B12069BDE8104000F0DDBE10BD38B570
:10B9400003691C680B7D0D464BB1086900F0D3FEFE
:10B950002B7D23B1002105F10800FFF756FF4FF0C2
:10B960008053D3F83021082A18D1D3F83431ABB939
:10B970004FF0FF32D4F80805D4F80C15C4F80035A0
:10B98000C4F80825C4F80C250922C4F80025C4F819
:10B990000035C4F80805C4F80C1538BD0023C4F8F8
:10B9A0000035FAE710B40469C4E91313019B93420C
:10B9B0002CBF636562650023A36510BCFFF739BF28
:10B9C000006900F0ADBD012913B515D008D90239C1
:10B9D00001298CBF6FF015006FF0850002B010BD1B
:10B9E000046994F828302BB12046FBF7FBFE0023B6
:10B9F00084F828300020F1E743685C6801AA002140
:10BA00002046FFF7E0FD0028E8DB019B226819795A
:10BA10001868F9F7E5F9E1E72DE9F84343680446CA
:10BA20001B6898476368DE7FDC6800250127B54204
:10BA300002D30020BDE8F88320682179E388D0F89C
:10BA400010E0D0F80890DEF800C0DA0754BF43F4E5
:10BA5000B01383F4D01323F4801207FA01F8DB0744
:10BA60004CBF48EA0C032CEA0803CEF80030D9F8A2
:10BA70000030984708340028DCD10135D7E700F1C1
:10BA800050039B009BB203F1804303F588330022EF
:10BA90001A601B68704708B5F9F7E2FD08BD4FF062
:10BAA000FF30704708B5006990F83430994207D2EA
:10BAB00090F835303BB1C9B2FBF7E6FF002008BD76
:10BAC0006FF01500FBE76FF00A00F8E71FB5046997
:10BAD00000230193CA070393236B02935CBF0123E6
:10BAE00001938B0758BF019B01A958BF43F008037E
:10BAF000204658BF019300F046FD002806DB204693
:10BB000000F050FD012384F83530002004B010BD52
:10BB100010B484682468A44610BC6047436820338E
:10BB20000B600123136070470023F5F7C9BE0A4676
:10BB3000014651F8040B0023FFF7EABF70B5056911
:10BB40004668044605F1100000F01BFF4FF0FF337C
:10BB50004FF0FF322846FCF7EFFB95F840303BB141
:10BB6000B28F6068AB21F9F79DFF002385F8403064
:10BB700070BD10B50446FCF7ABFB04F110004FF4A8
:10BB80002032BDE810400023FCF7A4BDF8B5466B99
:10BB900004467768A0F110054FF0FF334FF0FF32F5
:10BBA0002846FCF7C9FB7A8F70687921F9F77AFF8C
:10BBB000012384F830302846BDE8F840FCF788BB04
:10BBC00013B5044660680DF10601FAF701F828B9CB
:10BBD000BDF806301B06F5D502B010BD6FF00400AD
:10BBE000FAE72DE9F04106460D4617461C46ABB173
:10BBF000D0F80880D8F800309847002D11DB844237
:10BC00000FD8031BAB420CD3D8F804E023463A46C6
:10BC100029463046F446BDE8F04160471846BDE885
:10BC2000F0816FF01500FAE72DE9F04106460D4668
:10BC300017461C46ABB1D0F80880D8F800309847BA
:10BC4000002D11DB84420FD8031BAB420CD3D8F874
:10BC500008E023463A4629463046F446BDE8F0411E
:10BC600060471846BDE8F0816FF01500FAE77047AD
:10BC70000023F5F725BEFDF7E9BC08B5F7F70CFA88
:10BC8000F7F7E0FABDE80840FDF7E0BC4FF080535D
:10BC9000D3F83021082A03BFD3F83401B0FA80F07A
:10BCA00040090020704703460020184700F023BDDC
:10BCB00010B502461168B1B1BFF35B8FB1FA81F3E1
:10BCC000C3F11F000123834021EA030352E8004F20
:10BCD0008C4204D142E8003CBCF1000FF6D1BFF326
:10BCE0005B8FE7D110BD6FF00B00FBE710B5036869
:10BCF000CB40DB0714D401238B400268BFF35B8F7A
:10BD000043EA020150E8004F944204D140E8001C8D
:10BD1000BCF1000FF6D1BFF35B8FEED1002010BD58
:10BD20006FF01500FBE710B1012802D07047FBF758
:10BD3000A9B9FBF759B918B1012803D100F019B816
:10BD400000F032B8704708B5FBF76AF9BDE8084063
:10BD5000FBF7D8B94FF08053D3F83021082A06D129
:10BD6000D3F8340102288CBF002001207047002046
:10BD70007047FBF7FFB838B54FF080440223C4F892
:10BD800008330123E3600023C4F80431D4F80431FC
:10BD900042F21075D4F81834DB0304D50120FFF704
:10BDA00085FF013DF6D138BDFFF7E5BFF7B501903E
:10BDB00001A8DDE9084716461D46FBF7DBF9019BA4
:10BDC000B6F1000C18BF4FF0010C00EB83000B1E06
:10BDD00018BF0123002D43EA4C030CBF4FF0000CA9
:10BDE0004FF00C0C002C43EA0C030CBF4FF0000C7E
:10BDF0004FF4E06C002F43EA0C03D0F800270CBF8F
:10BE00004FF0000C4FF4403C43EA0C0322EA0303DA
:10BE100001B109780EB13678760019430DB12D784D
:10BE2000AD0031430CB12478240229430FB13F788F
:10BE30003F040C433C43C0F8004703B0F0BD1FB5BE
:10BE40000DF10F03019300238DF80F1000931A4694
:10BE50001946FFF7ABFF05B05DF804FB10B50446CB
:10BE60000846FBF797F904EB4004207DC0F340102F
:10BE700010BD10B504460846FBF78CF904EB4004EE
:10BE8000207DC0F3400010BD10B504460846FBF706
:10BE900081F904EB4004A08A400B10BD70B5044644
:10BEA00008461646FBF776F908300D4634F8103090
:10BEB000DA0509D5C3F3432304EBC302314654F832
:10BEC0003330526828469847A3682BB1E268314660
:10BED0002846BDE87040184770BD10B504460846B6
:10BEE000FBF758F904EB4000838ADA051DD5C3F34C
:10BEF000432123F4F853838204F1120204F1720007
:10BF000032F8023F13F4807F03D0C3F343239942F6
:10BF10000BD08242F4D104EBC10300225A6004F139
:10BF20007800BDE81040FFF7E1BE10BDF0B5034654
:10BF300000F58074002005460127844695420AD109
:10BF4000D3F87C2132B10022C3F87C21D3F87C31B4
:10BF500040F00040F0BD25F0404607FA06F63142B9
:10BF600009D0D4F800E0BEF1000F04D0C4F800C03E
:10BF7000D4F800E0304301350434DFE738B5044637
:10BF80000D46FFF76BFFA8B12046FFF772FF88B997
:10BF90002046FFF779FF226801238340C2F8083367
:10BFA000236803EB8000D0F8103523F00303C0F8BA
:10BFB000103538BD28460021BDE83840FFF73FBFA7
:10BFC0002DE9F043174685B004460846FBF7E2F832
:10BFD000D7F800800E460546B8F1000F1ED0204667
:10BFE000FFF747FF18B12046FFF738FF20BB0023BB
:10BFF000CDE900338DF80E308DF80F300DF10F02C2
:10C0000043460DF10E013046FFF7D0FE04EB45022A
:10C01000938A23F0020343F0010393827B689BB36E
:10C020003146204693F80080D3F80490FFF721FFB3
:10C0300028B1B9F1000F1FD06FF0150027E004EB15
:10C040004500838A23F4604323F020038382B9F1FF
:10C05000000F11D0B8F1030FEED87B6821685B6840
:10C0600093F800C04FEA8C031944B8F1000F11D1C6
:10C07000C1F81085C1F8108504EB4502938A23F0BE
:10C080001C0343EA88039382BB6843BB002005B0CE
:10C09000BDE8F083D1F8102522F00302C1F8102585
:10C0A00022681344D3F8102522F44F3222F4407250
:10C0B000C3F810253202D3F8101502F47C5242EA7C
:10C0C00008420A43C3F8102504EB4C03A3F87C6034
:10C0D000838A43EA4C3343F020038382CCE7D3E9DD
:10C0E000007831462046FFF7F8FE002FCED0636877
:10C0F0009F4206D004F17800FFF7DAFD002804DA49
:10C10000C5E7A3689845F5D1002004EBC003C3E957
:10C11000017804EB4505C0B2AB8A43EA402343F4FF
:10C120008073AB82B2E72DE9F043054685B008463F
:10C1300016461F46FBF72EF80C46804626B32846C7
:10C14000FFF797FE18B92846FFF788FE18BB05EBE6
:10C150004809B9F8143003F01C0313B17378012BAC
:10C1600019D001238DF80F300023CDE90063721C34
:10C17000B31C0DF10F012046FFF718FEB9F814307B
:10C1800043F00303A9F81430002F3FD0214628467E
:10C19000FFF76FFE20B96FF0150005B0BDE8F08322
:10C1A0003E782B6803EB86030022C3F81025C3F802
:10C1B000102505EB48024FEA860C938A23F460436E
:10C1C00023F020039382787800B32968BF78614414
:10C1D0000004D1F8103523F4991323F4F853C1F86F
:10C1E0001035230200F4403003F47C530343380538
:10C1F000D1F8105500F4801003432B43C1F81035DB
:10C20000938A43EA463343F0200393820020C4E735
:10C21000C0E90312704770B504461546FFF71EFECD
:10C2200048B10846FAF7B6FF04EB40040020A38AA1
:10C230005B0B2B7070BD6FF01500FBE738B590F805
:10C240008C4005469CB960222146143000F006FE61
:10C250002868C0F87C41D0F87C3140F30730F7F70C
:10C2600095FD012385F88C30AB67204638BD6FF013
:10C270007700FBE790F88C00003818BF012070476A
:10C28000FAF7C2BF2DE9F34104461746FFF7E6FD72
:10C290000D462668F0B12046FFF7EBFD8046C8B991
:10C2A0002046FFF7F1FD820002F5807346F8038017
:10C2B000F35823681344D3F8102542F00102C3F861
:10C2C000102527B1226801238340C2F8043302B04D
:10C2D000BDE8F081D6F80433002BA4BF4FF0004333
:10C2E000C6F804332846FAF755FF04EB4004A38A46
:10C2F000C3F38203042B12D0052B12D001A80195A1
:10C30000FAF738FF019BD0F81015D94001F0010170
:10C310000231284602B0BDE8F041FFF790BD03218D
:10C32000F7E70221F5E7FFF729BE4FF080531A69BE
:10C330005869504370474FF08053186970474FF069
:10C340008053586970474FF08053D3F83021082A42
:10C3500005D1D3F83401003818BF01207047002000
:10C36000704730B50546900840380124844014EAEF
:10C37000010009D0A85838B10021A950AA5813B11A
:10C380001A6822431A60012030BD2DE9F3410023D1
:10C3900004460D460193904601AB4FF4A672FFF799
:10C3A000E0FF4FF4827229462046FFF7DAFF4FF490
:10C3B0008C72074629462046FFF7D3FF064630B168
:10C3C000B8F1000F1DD017B1D4F83C353E4601AB93
:10C3D0004FF4887229462046FFF7C3FF30B1B8F109
:10C3E000000F03D016B90FB1D4F83C3501AB4FF4B0
:10C3F000907229462046FFF7B4FF019802B0BDE8CD
:10C40000F0814646E3E707B5019001A8FBF766F81F
:10C41000019A01239340C0F8083503B05DF804FB8E
:10C4200007B5019001A8FBF759F8019A0123934041
:10C43000C0F80C3503B05DF804FB70B54B7F0446C3
:10C440000D467BB101234361642600220221204670
:10C45000FFF79BFF20B90120FFF728FC013EF4D134
:10C4600000236B774FF08053D3F83021082A18D17E
:10C47000D3F83431ABB94FF0FF32D4F80805D4F813
:10C480000C15C4F80035C4F80825C4F80C25092299
:10C49000C4F80025C4F80035C4F80805C4F80C1524
:10C4A00070BD0023C4F80035FAE770B51D4690F85A
:10C4B0002030044616468BB919B14869FBF746F897
:10C4C00078B1C4E9016511B12046FBF773F800208B
:10C4D000012384F8210084F8203070BD6FF07700CC
:10C4E000FBE76FF01500F8E738B590F82020054617
:10C4F0006AB190F8212002F0FF045AB94869FBF7AD
:10C5000025F850B12846FBF755F8204638BD6FF0A6
:10C510007600FBE76FF00F00F8E76FF01500F5E726
:10C52000011D0068FFF789BF38B5D1E90051044605
:10C530000023C8034FF47A72490CF3F731FE2368E5
:10C54000C3F80C55C3F80405A36863B1246800233D
:10C55000C4F8003144F30730D4F80031F7F716FC83
:10C560000123C4F8043338BD38B5C0E90223437948
:10C5700033B90123437109B1FFF7D6FF002038BD5D
:10C580006FF07700FBE708B543792BB1022B06D09B
:10C59000FFF7CAFF002008BD6FF07600FBE76FF0E1
:10C5A0000F00F8E7036801221A6002234371704705
:10C5B00010B5EFF31184202383F31288BFF36F8F3C
:10C5C0000379072B11D80B700133037102680978C6
:10C5D000D2F8080501238B400343C2F80835002038
:10C5E00084F31188BFF36F8F10BD6FF00B00F7E776
:10C5F0000368D3F80414D3F800214AB10022C3F829
:10C600000021D3F80031D0E902324FF4807018478E
:10C6100070470369C26893429CBF81685B18013B05
:10C62000981A70472DE9F041D0E902840546A8EB3D
:10C6300004064068964220440F46144404D900F092
:10C64000E6FBEC60BDE8F0813246A4EB080400F0A4
:10C65000DEFB68682246B919F1E72DE9F843C568A1
:10C660000646894617464FF000083369B46870687B
:10C670009D4228BF1B19641BBC4203F1FF3328BF36
:10C680003C465B1B9C4228BF1C4649462844224628
:10C6900000F0BDFBB3682544AB4208BF00253F1B3B
:10C6A000A044A144F560E0D14046BDE8F883F8B568
:10C6B00004460E46174600F011F83A460546314644
:10C6C0002046FBF71BFA0446284600F00FF82046E8
:10C6D000F8BD08B5FBF72AFB002008BDEFF3118079
:10C6E000202383F31288BFF36F8F704780F3118884
:10C6F000BFF36F8F704708B1F7F788BE704710B56A
:10C70000436904463BB90020E268537843F00103D3
:10C710005370404210BD98470028F4D00028B8BF9D
:10C720004042E368FF28A8BFFF201870ECE740B143
:10C73000C368587810F001001EBF1878B0FA80F076
:10C7400040097047EFF31183202383F31288BFF36E
:10C750006F8FFEE708B5FFF7F5FF10B542696AB1C4
:10C76000836842EA0301890708D10169A2FB011429
:10C7700024B95B182CBF0121002102D36FF01500F2
:10C7800005E0C1609B1A02698A4201D8002010BDF1
:10C79000C2681A604269C36001319B1AF3E710B5A1
:10C7A000C0E904320023816083610446FFF7D5FFAE
:10C7B00008B9C4E9004410BD2DE9F04105460F4613
:10C7C000EFF31188202383F31288BFF36F8FC668BD
:10C7D000FEB90468A0421CD0DCB1D4E90032136079
:10C7E0005A60237CA66023F002032374C4E9006628
:10C7F00004F1180000F04AFA2046C4F8B4606761FA
:10C8000000F026F9414605F10800BDE8F04100F0CE
:10C8100093B93E60AB69EF60013BAB6188F311886F
:10C82000BFF36F8FBDE8F08108B52024EFF31183CB
:10C8300084F31288BFF36F8FFEF758FDF6E790F987
:10C840000E308B4201D0FCF7C7B900207047034679
:10C850000020C3E90200C3E9003370473AB18A42BD
:10C8600005D3C0E90212C0E90000002070476FF054
:10C8700015007047026801238B4022EA030303601E
:10C8800022FA01F000F00100704710B503210446C0
:10C890000C30FFF7EFFF30B104F1100000F0F6F9B3
:10C8A000B0FA80F0400910BD20B100221146C4301A
:10C8B00000F07EB9704770B5C368C3F340069B07AC
:10C8C000044616D4856802210C30FFF7D3FF80B1EF
:10C8D000D5F8BC206AB194421DD122689EB9D5F822
:10C8E000C030C5F8BC209C4201D1C5F8C02000234F
:10C8F0002360E36813F01F001EBF43F00203E360F0
:10C9000040F0020070BD3260D5F8C020944208BFEC
:10C91000C5F8C060EBE716461268DBE773B504465E
:10C92000EFF31185202383F31288BFF36F8F002369
:10C930000193D0E90423B3F1004F08BF012A05D0C9
:10C9400085F31188BFF36F8F02B070BDA0F11006A0
:10C9500003210438FFF78EFF0028F1D0A36901936B
:10C9600001A93046FBF7F6FDEAE738B53022044668
:10C970000D46002100F072FA4FF480736560E360A9
:10C9800038BD38B50446EFF31185202383F31288B0
:10C99000BFF36F8FFFF779FF2046FFF78CFF85F31A
:10C9A0001188BFF36F8F38BDEFF30580003818BFD3
:10C9B000012070477C30704710B500238B4202D1B4
:10C9C0001360002010BDC45CAA2CF9D10133F5E737
:10C9D00008B50A46D0E92701FFF7EEFF002008BDA1
:10C9E000D0E9003213605A600023C0E90033704779
:10C9F00008B5FFF7F5FF037C23F00203037400235F
:10CA0000836008BD38B504460D46FBF7C9FF237C9B
:10CA100043F002032374D5B1A5602B689D4209D170
:10CA20006B68C4E900531C606C6010E06A689A424D
:10CA3000F6D01B68002BF3D093F90E1094F90E205A
:10CA40009142F3DD5A68C4E9003214605C6038BD7D
:10CA500010B5EFF31184202383F31288BFF36F8F97
:10CA6000FBF75EFF84F31188BFF36F8F10BD10B525
:10CA7000EFF31184202282F31288BFF36F8F027CC0
:10CA8000D10604D484F31188BFF36F8F10BD22F058
:10CA900010020274FBF744FF2046BDE81040FBF78C
:10CAA000B7BF08B5EFF31181202282F31288BFF3DC
:10CAB0006F8F83680BB1FFF79BFF81F31188BFF382
:10CAC0006F8F08BD08B5037C13F0280F01460CD109
:10CAD00083680BB1FFF78CFF0B7C23F004030B740E
:10CAE0000846BDE80840FBF71BBF08BD10B5EFF3D3
:10CAF0001184202383F31288BFF36F8F1838FFF758
:10CB0000E1FF84F31188BFF36F8F10BD08B50346B2
:10CB1000EFF31181202282F31288BFF36F8F006838
:10CB2000834207D008B1FFF763FF81F31188BFF399
:10CB30006F8F08BD0020F8E70846FBF769BF38B5DE
:10CB40000C460546FCF73CF9B4F1FF3F08BFB5F1D0
:10CB5000FF3F1FBF47F6FF7300224FF47A71E0FBDF
:10CB600001321ABFD80B40EA42404FF0FF3038BDC7
:10CB700038B50446EFF31185202383F31288BFF301
:10CB80006F8F037C5B070ED5183000F07FF8237C95
:10CB900023F0040320462374FBF7C2FE2846BDE8B9
:10CBA0003840FBF735BF85F31188BFF36F8F38BD71
:10CBB00038B5EFF31185202383F31288BFF36F8F0D
:10CBC0000468A04213D0A4B1C4F8B4106261204636
:10CBD000FFF70EFF04F1180000F058F82046FBF7AD
:10CBE0009FFE012085F31188BFF36F8F38BD0020B1
:10CBF000F8E72046F6E72DE9F04706460F4691464E
:10CC00009A46EFF31188202383F31288BFF36F8FC6
:10CC10000068864206D028B17368984214BF056840
:10CC2000002568B90024B9F1000F02D05146204612
:10CC3000C84788F31188BFF36F8F2046BDE8F0879F
:10CC40005146B84704460028EDD135B17368AB4270
:10CC500000D02C6828462546E3E72C46FAE708B5BD
:10CC60000246FCF77FFA70B1D0E904319B1A61EB00
:10CC7000E272B3F1004F72F1000104DA002AACBF96
:10CC80001846002008BD6FF00040FBE738B50246AB
:10CC9000EFF31185202383F31288BFF36F8F0368AE
:10CCA000D3B1FCF75FFA04461046FCF76DFA002298
:10CCB0004FF000438442C0E9042305D0002085F3EF
:10CCC0001188BFF36F8F38BDFCF754FAFFF7C7FF29
:10CCD0000021F8F72FFEF1E7D0E90413B3F1004F7C
:10CCE00008BF012904D100204FF00041C2E904012E
:10CCF0006FF01500E3E708B5FCF74EFB08BDFCF745
:10CD00004BBB0023C0E9081200F11802C0E906225B
:10CD1000C0E900330363436370472DE9F3470446DA
:10CD2000DDE90A9815460E4659B302F0010AFCF7F0
:10CD300083F80746EFF31181202383F31288BFF3B2
:10CD40006F8FA80744BF0023A360A36803EA06000F
:10CD5000BAF1000F0CD086420CD16A0744BF83435E
:10CD6000A36081F31188BFF36F8F02B0BDE8F08735
:10CD70000028F2D159EA080305D181F31188BFF3E5
:10CD80006F8F0020F1E7C7E918652246CDE90098CA
:10CD900004F10C00FBF7FEFE0028F2D1386EE4E748
:10CDA00010B50446D0E918020B6812F0010F03EA2F
:10CDB000000301D0984210D17BB12366520742BFD5
:10CDC0004A681A434A6004F11800FFF75FFF002326
:10CDD000C4F8B4302046FFF775FE002010BD0023D4
:10CDE000C0E90000836070470A46FCF7DBBB0A46D7
:10CDF0000021FCF7D7BB5200FFF78FBF704710B47C
:10CE000000F10C04C0E9034410BCFDF7C8B80A44A3
:10CE1000914200F1FF3300D1704710B511F8014B7A
:10CE200003F8014F9142F9D110BD884210B501EBD2
:10CE3000020402D98442234607D8431EA14207D0E8
:10CE400011F8012B03F8012FF8E70244824200D1C8
:10CE500010BD13F8011D02F8011DF7E70244034657
:10CE6000934200D1704703F8011BF9E710B501396F
:10CE70000244904201D1002005E0037811F8014FEF
:10CE8000A34201D0181B10BD0130F2E710B50139E3
:10CE9000034632B111F8014F03F8014B013A002C5F
:10CEA000F7D11A440021934200D110BD03F8011BB1
:10CEB000F9E710B5024601448A42134603D01C78B4
:10CEC0000132002CF8D1181A10BDF0B5C3F13707A4
:10CED0000446FFB203F01F031046082BE6B233D01E
:10CEE000102B3ED06508A40844EA817445EAC17558
:10CEF0002D194FEA910242EB5102290941EA0271D0
:10CF00006D1842EB1212290A41EA02616D1842EBD8
:10CF10001222290C41EA02416D1842EB1242AD186F
:10CF200042F10002EC0844EA4274D10804EB8402A6
:10CF3000A6EB4205EDB2092D0CD90134A5F10A0585
:10CF400041F10001EDB212E0E40844EA417406F058
:10CF50000705C908303554EA010200F8015BBCD16D
:10CF6000F0BD240944EA017406F00F050909092DF2
:10CF700084BFED19EDB2EDE7D1E9043293421EBF53
:08CF80005A1C0A611870704789
:08CF88007032FF7F0100000080
:10CF9000F5430000000000000000000050D0000039
:10CFA000D3C6000000000000C9800000000000009F
:10CFB000FD95000000000000000000006CD00000A3
:10CFC0000000000088D0000000000000A4D0000095
:10CFD000614700000000000077BC00000000000076
:10CFE00000000000C0D00000D55700000000000085
:10CFF0002D120000000000005D2400000000000071
:10D00000D14300000000000000000000F8D0000044
:10D0100000000000DCD000007BBC0000000000002D
:10D0200021960000000000000000000014D1000064
:10D030000000000030D10000000000004CD10000D2
:10D040007D30000000000000496600000000000084
:10D0500087EC000090D700005CD30000B0020020F5
:10D06000F0210020C9440000000000003AED00005B
:10D07000B0D7000000D30000B40200205C220020E2
:10D08000814C00000000000048ED0000C4D7000003
:10D0900000D30000B602002068220020814C00006E
:10D0A0000000000096ED0000E8D7000034D3000037
:10D0B000BC02002000000000000000000000000092
:10D0C0001AEF0000000000004CD30000C002002056
:10D0D000E4010020455A00000000000056ED000069
:10D0E000D8D7000024D30000B802002000000000C0
:10D0F000EDB500000000000069ED0000E0D7000081
:10D1000024D30000BA02002000000000EDB50000AA
:10D110000000000016ED000000000000E8D2000052
:10D12000B2020020000000002148000000000000C2
:10D1300008EE0000F0D7000044D30000BE0200203B
:10D140002001002003B7000000000000E8EF00000D
:10D150003CD8000080D80000C2020020000000205F
:08D16000595C00000000000012
:10D1680047BD0000A7BC000000000000D1B20000CD
:10D1780000000000D1B2000000000000D1B20000A1
:10D1880020010020197A000000000000D1B2000040
:10D198009000002061B5000000000000D1B200003E
:10D1A80000000000D1B2000000000000D1B2000071
:10D1B80000000000D1B2000000000000D1B2000061
:10D1C80000000000D1B2000000000000D1B2000051
:10D1D80000000000D1B2000000000000D1B2000041
:10D1E800E4010020F1C500000000000065580000BF
:10D1F80000000000D1B2000000000000D1B2000021
:10D2080000000000D1B2000000000000D1B2000010
:10D2180000000000D1B2000000000000D1B2000000
:10D2280000000000D1B2000000000000D1B20000F0
:10D2380000000000D1B2000000000000D1B20000E0
:10D2480000000000D1B2000000000000D1B20000D0
:10D2580000000000D1B2000000000000D1B20000C0
:10D2680000000000D1B2000000000000D1B20000B0
:10D2780000000000D1B2000000000000D1B20000A0
:10D2880000000000D1B2000000000000D1B2000090
:10D2980000000000D1B2000000000000D1B2000080
:10D2A80000000000D1B2000000000000D1B2000070
:10D2B80000000000D1B2000000000000D1B2000060
:10D2C80000000000D1B2000000000000D1B2000050
:10D2D80000000000D1B2000000000000D1B2000040
:10D2E80085B40000BD490000CD480000D1470000CA
:08D2F80051B40000C147000021
:10D30000B14A0000B5B40000C3B40000DBB40000B3
:10D31000E7B40000F3B40000BD4C00000DB5000000
:04D320000000000009
:10D32400F1B500001FB6000009B60000F7B5000013
:10D3340035B6000063B600004DB600003BB60000F1
:08D34400B5500000E9B600003D
:10D34C00CDBA00009FBA0000D5590000A5BA000064
:10D35C0021450000BFB3000023B400000000000012
:0CD36C005BB300000000000000000000A7
:10D3780080DE000003000000A2EC000003000000B3
:10D38800F5EF0000030000004CF40000030000006B
:10D39800EFF4000003000000F1E6000003000000C5
:10D3A80030ED000003000000CDDE000003000000A7
:10D3B800D1DE000003000000CCDD00000400000006
:10D3C8001CEC000003000000D3F50000030000007F
:10D3D800D1DD0000030000007CED00000300000028
:10D3E800A4ED00000300000066E500000300000053
:10D3F80060E500000300000083EC0000030000006B
:10D408000CEF000003000000BADE0000030000007B
:08D418002CEF000003000000EE
:10D4200040DA00008022002040F4000000000000EC
:10D430006CD60000E0190020D0DF000001000000E1
:10D4400058E3000058000020081A002000000000E7
:10D450000200000004D70000041A002000000000B1
:10D460004003002066E5000080150020405D00209C
:10D47000B8D5000018D7000098D60000A0D800004A
:10D48000000000000000000000000000000000009C
:10D49000000000000DE0000014E0000000000000AB
:10D4A000352000000000000007E2000011E200004B
:10D4B00000000000B92000000300000030E200007E
:10D4C00037E20000ACD6000037A9000000000000E1
:10D4D00043E0000049E0000000000000512000008F
:10D4E0000200000063E200006AE2000020D50000B4
:10D4F0000000000000000000CFE00000D6E00000C7
:10D5000000000000B9040000010100002CE100004F
:10D5100034E1000000000000A12000000000000035
:10D5200000000000000000000000000000000000FB
:10D53000000000003CE5000041E5000000000000A4
:10D54000F92300000200000059E300005EE3000040
:10D55000000000005D21000000000000DBE400008E
:10D56000E2E400000000000095230000020000003B
:10D57000FFE3000006E40000000000006522000058
:10D580000000000078E4000080E4000000000000DB
:10D590003123000002000000000000000000000035
:0CD5A0000000000000000000000000007F
:10D5B0000338FDD87047000029DD00002EDD000093
:10D5C000CCD500000000000000000000D0D5000015
:10D5D0004DDD000053DD0000000000003D060000AE
:10D5E000010000006BDD000074DD000000000000A1
:10D5F000F5050000010000009CDD0000A1DD000039
:10D6000000000000A1050000010000000000000073
:10D61000000000000000000000000000000000000A
:10D620004005002000040000A7A7000049A7000053
:10D6300002000000CBA80000000000000000000075
:10D6400000000000000000000000000000000000DA
:10D65000000000000000000000000000A1DF00004A
:10D66000A5DF0000A9DF0000ADDF0000351E0000CF
:10D67000291E0000591E0000ED1D000000000000E2
:10D68000E11D000000000000B51E0000E8190020A8
:10D690004823002001000000E0DF0000E7DF000079
:10D6A00080D400000000000000000000B0D60000A0
:10D6B0003FE2000044E200000000000037A9000043
:10D6C0000000000051E2000056E2000000000000EF
:10D6D0003FA9000000000000000000000000000062
:10D6E0000000000000000000000000007D24000099
:10D6F0008DA9000063A90000C524000053A9000003
:10D7000000000000613400201E0000006FB0000027
:10D7100040D4000050000020ECE60000B7E6000016
:10D7200000000000D52B00000100000000000000F8
:10D73000A5B20000780000207000002068000020E2
:10D740000000000060000020B1310000A5300000A2
:10D75000F9300000593100000000002000000000F6
:10D7600000000B06020000006CD700000000000063
:10D7700074EC000026000202000000207CEC000097
:10D7800022000B11854400005544000000000000F9
:10D79000D14500005145000096EC00004DB400005A
:10D7A00049B400009CEC00000400000000FF0000F1
:10D7B000FFFF000000030050900000200000000068
:10D7C00001000000FFFFFFFF00000050900000205C
:10D7D00000000000000000002005004001000000E3
:10D7E0001C0500400100000000E0032000200000B4
:10D7F00079B6000014D800008D4F000034D8000026
:10D800008A3400208234002000127A00FFFFFF01DA
:10D81000000000000040004020D80000010000008F
:10D8200028D80000030000001600000420000005B6
:10D830001802000688D000001700010030D1000057
:10D84000C0E1E4000001000088D0000017000100E2
:10D850000000000001000000000000000080000047
:10D86000000100000000800000000400000800002B
:10D8700000080001000003006400011F28000000F0
:10D88000155B00008D600000E55E00009D5A000001
:10D89000000000001DBB00000100000000FF0000B0
:10D8A00050F4000071F20000B4D80000C56100001F
:10D8B00000000000B8D80000CDDE000095F20000A6
:10D8C00088D90000C5610000010000006EDD000085
:10D8D000B7F2000048D90000C56100000100000057
:10D8E000D8F20000DEF2000008D90000C561000097
:10D8F0000100000000000000000000000000000027
:10D9000000000000000000000CD90000FAF2000046
:10D91000FFF2000000000000ED61000001000000C7
:10D920001CF3000022F30000000000002D63000043
:10D9300001000000000000000000000000000000E6
:10D9400000000000000000004CD90000FAF20000C6
:10D9500040F30000000000001D6400000100000012
:10D960001CF3000061F30000000000007D63000074
:10D9700001000000000000000000000000000000A6
:10D9800000000000000000008CD90000FAF2000046
:10D9900083F3000000000000C964000001000000E3
:10D9A0001CF30000A5F3000000000000CD630000A0
:10D9B0000100000000000000000000000000000066
:10D9C000000000000000000001000000C8F300009B
:10D9D00002000000CCF3000004000000D5F30000BA
:10D9E00008000000DEF3000010000000E7F3000074
:10D9F00020000000F0F3000040000000F6F30000FB
:10DA000080000000FFF30000000100000EF40000A1
:10DA10000002000015F40000000400001CF40000E7
:10DA20000008000020F400000010000026F40000B0
:10DA3000002000002FF400000040000034F400003B
:10DA4000A1610000956100006FBC000000000000B3
:10DA500000000000896100000000000095650000E2
:10DA600088220020923400204000000008000000BE
:10DA70000300000084F5000092F50000A6F5000008
:10DA8000B5F50000C1F5000090CF000090CF000078
:10DA9000E8CF0000F0CF000040D0000050D00000E0
:10DAA000D8F500000100050002F6000002000700A2
:10DAB000DEF5000004000800E7F50000080004009F
:10DAC000ECF5000010000900F6F500002000080049
:10DAD000FFF5000040000A000AF600008000060082
:10DAE00011F600000001000000000000FF8FFFFFA2
:10DAF000FF8FFFFFFE8FFFFFFE8FFFFFFD8FFFFFFA
:10DB0000FC8FFFFFFC8FFFFF6D757465785F667299
:10DB100065652063616C6C65642077697468204E6C
:10DB2000554C4C20706172616D6574657200000027
:10DB300043616E277420696E697469616C697A65E6
:10DB4000206D757465782C20776173204E554C4C90
:10DB50000D0A0000436F756C64206E6F74206C6F4B
:10DB6000636B20706F7765722073617665206D75C9
:10DB7000746578006C6F636B696E6720696E74659D
:10DB800072727570747320616E64207370696E6E4A
:10DB9000696E6720286578706563742077617463A7
:10DBA00068646F67207265736574290A0025733A8B
:10DBB0002041626F757420746F2068616E67206FFA
:10DBC0006E20707572706F73650074726967676537
:10DBD00072696E6720627573206661756C742028A7
:10DBE0006E756C6C2064657265666572656E6365E2
:10DBF000290A0025733A2041626F757420746F20E2
:10DC000064657265666572656E6365204E554C4C41
:10DC1000206F6E20707572706F7365007472696723
:10DC2000676572696E67206B65726E656C207061E6
:10DC30006E69630A0025733A2041626F757420741F
:10DC40006F2070616E6963206F6E20707572706FE7
:10DC500073650025733A204275696C642074696DA0
:10DC6000653A204A756C203231203230323620310C
:10DC7000353A30343A33360025733A2043616C6CC0
:10DC800020606374725F77646F675F7365745F743D
:10DC9000696D656F757460206661696C65643A20B2
:10DCA00025640025733A2043616C6C2060637472B4
:10DCB0005F77646F675F696E7374616C6C60206618
:10DCC00061696C65643A2025640025733A204361DC
:10DCD0006C6C20606374725F77646F675F737461EC
:10DCE000727460206661696C65643A202564002561
:10DCF000733A20416C6976652C20636F756E74658C
:10DD0000722025640025733A2043616C6C206063A7
:10DD100074725F77646F675F6665656460206661D3
:10DD2000696C65643A2025640064656D6F006374F6
:10DD3000725F74726163652064656D6F20666175E2
:10DD40006C7420636F6D6D616E64732E006372611D
:10DD5000736800547269676765722061206B657231
:10DD60006E656C2070616E69632E0062757366610A
:10DD7000756C740054726967676572206120627502
:10DD800073206661756C7420284E554C4C20646578
:10DD90007265666572656E6365292E0068616E67DF
:10DDA000004C6F636B20696E74657272757074736A
:10DDB00020616E64207370696E20287761746368D7
:10DDC000646F67207265736574292E006D61696EDA
:10DDD000006F735F686561700025733A2028756E67
:10DDE0007369676E6564292063686172202A2075F3
:10DDF00073656420666F72202525702061726775D7
:10DE00006D656E742E2049742773207265636F6D83
:10DE10006D656E64656420746F206361737420693E
:10DE20007420746F20766F6964202A2062656361B4
:10DE3000757365206974206D617920636175736500
:10DE4000206D69736265686176696F7220696E2002
:10DE50006365727461696E20636F6E66696775725F
:10DE60006174696F6E732E20537472696E673A2203
:10DE700025732220617267756D656E743A256400A2
:10DE800063627072696E74665F7061636B6167650F
:10DE9000004661696C656420746F207265626F6F03
:10DEA000743A207370696E6E696E6720656E646C7B
:10DEB0006573736C792E2E2E0A007379735F676514
:10DEC000746F7074006C6F6767696E67006C6F6762
:10DED000006C6F675F6D676D740025733A204D6548
:10DEE0007373616765202822257322292064726F6D
:10DEF0007070656420626563617573652069742064
:10DF0000657863656564732073697A65206C696DF3
:10DF100069746174696F6E20282575290025733A2C
:10DF2000204D6573736167652064726F70706564FE
:10DF30002062656361757365206974206578636527
:10DF40006564732073697A65206C696D69746174A6
:10DF5000696F6E2028257529001B5B306D005B25DD
:10DF600030386C755D20005B253032753A253032D3
:10DF7000753A253032752E253033752C25303375A2
:10DF80005D20003C25733E200025732F0025733A49
:10DF90002000253032782000202020007C002563DE
:10DFA000006572720077726E00696E660064626767
:10DFB000004C6F67676572006D65737361676573A9
:10DFC0002064726F707065643A202020200D0A0072
:10DFD0006C6F675F6261636B656E645F727474001F
:10DFE0006B65726E656C004B65726E656C20636F5D
:10DFF0006D6D616E6473006379636C65733A20259F
:10E0000075206877206379636C65730A00637963B0
:10E010006C6573004B65726E656C206379636C652B
:10E02000732E00556E61626C6520746F2070617292
:10E03000736520696E70757420286572722025647E
:10E04000290A00736C656570006D73005570746902
:10E050006D653A20256C6C75206D730A002D70007B
:10E060002D2D70726574747900556E737570706FB4
:10E0700072746564206F7074696F6E3A2025730A3C
:10E0800000757074696D653A20256C6C752064614B
:10E0900079732C20256C6C7520686F7572732C2039
:10E0A000256C6C75206D696E757465732C20256CFC
:10E0B0006C75207365636F6E64732C20256C6C75B2
:10E0C000206D696C6C697365636F6E64730A0075AB
:10E0D0007074696D65004B65726E656C2075707447
:10E0E000696D652E2043616E2062652063616C6CF2
:10E0F0006564207769746820746865202D70206FCE
:10E1000072202D2D707265747479206F7074696F30
:10E110006E7300342E342E31005A65706879722087
:10E1200076657273696F6E2025730A007665727367
:10E13000696F6E004B65726E656C207665727369EF
:10E140006F6E2E005468697320636F6D6D616E642D
:10E150002069732064657072656361746564206111
:10E16000732069742069732061206475706C696321
:10E170006174652E2055736520276C6F6720656E6E
:10E1800061626C652720636F6D6D616E64206672DD
:10E190006F6D206C6F6767696E6720636F6D6D616F
:10E1A0006E6473207365742E0A00556E61626C652F
:10E1B00020746F207061727365206C6F67207365C7
:10E1C0007665726974792028657272202564290A3F
:10E1D00000496E76616C6964206C6F67206C6576AF
:10E1E000656C3A2025640A00556E61626C65207486
:10E1F0006F2066696E64206C6F6720736F75726341
:10E20000653A2025730A006C6F675F6C6576656CF4
:10E21000003C6D6F64756C65206E616D653E203CE1
:10E2200073657665726974792028302D34293E0033
:10E230007265626F6F74005265626F6F742E006357
:10E240006F6C6400436F6C64207265626F6F742E34
:10E25000007761726D005761726D207265626F6F39
:10E26000742E00746872656164004B65726E656C33
:10E2700020746872656164732E0053636865647509
:10E280006C65723A2025752073696E6365206C6138
:10E2900073742063616C6C0A005468726561647306
:10E2A0003A0A004E41002573257020252D31307328
:10E2B0000A00096F7074696F6E733A2030782578A0
:10E2C0002C207072696F726974793A202564207409
:10E2D000696D656F75743A20256C6C640A0009736A
:10E2E000746174653A2025732C20656E7472793AD6
:10E2F0002025700A00556E61626C6520746F206481
:10E30000657465726D696E6520756E7573656420E0
:10E31000737461636B2073697A6520282564290A08
:10E320000A0009737461636B2073697A6520257A2A
:10E33000752C20756E7573656420257A752C207593
:10E340007361676520257A75202F20257A7520282E
:10E350002575202525290A0A006C697374004C690B
:10E360007374206B65726E656C207468726561648D
:10E37000732E00257020495251202530326420250B
:10E3800073287265616C2073697A652025347A750B
:10E39000293A09756E757365642025347A75097597
:10E3A000736167652025347A75202F2025347A75AE
:10E3B000202825327A75202525290A002570202558
:10E3C0002D33327320287265616C2073697A652061
:10E3D00025347A75293A09756E757365642025347C
:10E3E0007A750975736167652025347A75202F2049
:10E3F00025347A752028253275202525290A0073B1
:10E400007461636B73004C69737420746872656126
:10E41000647320737461636B2075736167652E008C
:10E420005468726561642049442025702069732016
:10E430006E6F742076616C69640A004572726F7247
:10E440003A5368656C6C207468726561642063611E
:10E450006E6E6F742062652073757370656E64658F
:10E46000640A0054687265616420257020737573B6
:10E4700070656E6465640A0073757370656E640020
:10E480006B65726E656C207468726561642073756B
:10E490007370656E64203C7468726561645F696462
:10E4A0003E004572726F723A5368656C6C207468F6
:10E4B000726561642063616E6E6F742062652072A4
:10E4C0006573756D65640A00546872656164202522
:10E4D0007020726573756D65640A00726573756D81
:10E4E00065006B65726E656C20746872656164208E
:10E4F000726573756D65203C7468726561645F69EF
:10E50000643E004572726F723A5368656C6C207499
:10E5100068726561642063616E6E6F74206265204D
:10E520006B696C6C65640A000A20546872656164EA
:10E53000202570206B696C6C65640A006B696C6CDB
:10E54000006B65726E656C20746872656164206B27
:10E55000696C6C203C7468726561645F69643E003C
:10E560007368656C6C2E7368656C6C5F7274740094
:10E57000537562636F6D6D616E64733A0A006E6FFE
:10E5800074207465726D696E617465643A202563E8
:10E590000A00506C65617365207370656369667904
:10E5A000206120737562636F6D6D616E642E0A0069
:10E5B000257325730A003A20636F6D6D616E6420C8
:10E5C0006E6F7420666F756E6400546F6F206D619E
:10E5D0006E7920617267756D656E747320696E2047
:10E5E00074686520636F6D6D616E642E0A0025731B
:10E5F0003A2077726F6E6720706172616D65746525
:10E600007220636F756E740A005741524E494E472F
:10E610003A2041207072696E74207265717565735D
:10E620007420776173206465746563746564206F1A
:10E630006E206E6F742061637469766520736865FF
:10E640006C6C206261636B656E642E0A00596F7595
:10E650002063616E2074727920746F2063616C6C2A
:10E6600020636F6D6D616E64732077697468203C00
:10E670002D683E206F72203C2D2D68656C703E2009
:10E68000706172616D6574657220666F72206D6F66
:10E69000726520696E666F726D6174696F6E2E0AA5
:10E6A000000A417661696C61626C6520636F6D6D13
:10E6B000616E64733A0A005072696E7473207468F4
:10E6C000652068656C70206D6573736167652E00E9
:10E6D00055736167653A20257320002573252D2A1F
:10E6E000730025732573002D68002D2D68656C70EF
:10E6F00000666C617368002A2A2A20426F6F746971
:10E700006E67206E524620436F6E6E6563742053B1
:10E71000444B2076332E342E302D3564383639660E
:10E72000346637666234202A2A2A0A002A2A2A20D6
:10E730005573696E67205A6570687972204F53204F
:10E7400076342E342E312D3166616361346462304B
:10E75000623035202A2A2A0A006D757465785F694F
:10E760006E69742063616C6C6564207769746820DD
:10E770004E554C4C20706172616D6574657200433A
:10E780006F756C64206E6F7420616C6C6F63617464
:10E7900065206D75746578206265666F72652069A5
:10E7A0006E697469616C697A696E670025733A20D5
:10E7B00072302F61313A202030782530387820208F
:10E7C00072312F61323A202030782530387820207D
:10E7D00072322F61333A2020307825303878002586
:10E7E000733A2072332F61343A2020307825303844
:10E7F00078207231322F69703A20203078253038F5
:10E8000078207231342F6C723A20203078253038DD
:10E81000780025733A2020787073723A202030787F
:10E82000253038780025733A204661756C74696E1E
:10E830006720696E737472756374696F6E206164AA
:10E84000647265737320287231352F7063293A2002
:10E850003078253038780025733A20556E68616E1F
:10E86000646C6564204952516E3A2025640025731A
:10E870003A202A2A2A2A2A204D5055204641554C12
:10E8800054202A2A2A2A2A0025733A202020537449
:10E8900061636B696E67206572726F722028636FA7
:10E8A0006E746578742061726561206D6967687443
:10E8B000206265206E6F742076616C696429002582
:10E8C000733A202020556E737461636B696E672004
:10E8D0006572726F720025733A2020204461746162
:10E8E000204163636573732056696F6C6174696F4F
:10E8F0006E0025733A2020204D4D46415220416440
:10E9000064726573733A20307825780025733A2055
:10E910002020496E737472756374696F6E20416351
:10E92000636573732056696F6C6174696F6E00253F
:10E93000733A202020466C6F6174696E672D706F8A
:10E94000696E74206C617A792073746174652070CB
:10E950007265736572766174696F6E206572726F2D
:10E96000720025733A202A2A2A2A2A205553414721
:10E9700045204641554C54202A2A2A2A2A0025732C
:10E980003A2020204469766973696F6E206279208D
:10E990007A65726F0025733A202020556E616C698C
:10E9A000676E6564206D656D6F7279206163636564
:10E9B00073730025733A2020204E6F20636F7072AE
:10E9C0006F636573736F7220696E737472756374AD
:10E9D000696F6E730025733A202020496C6C65675F
:10E9E000616C206C6F6164206F66204558435F52F4
:10E9F000455455524E20696E746F20504300257364
:10EA00003A202020496C6C6567616C207573652025
:10EA10006F662074686520455053520025733A2074
:10EA20002020417474656D707420746F2065786562
:10EA30006375746520756E646566696E65642069CA
:10EA40006E737472756374696F6E0025733A202A51
:10EA50002A2A2A2A20425553204641554C54202A1E
:10EA60002A2A2A2A0025733A202020537461636BD6
:10EA7000696E67206572726F720025733A202020DC
:10EA80005072656369736520646174612062757397
:10EA9000206572726F720025733A20202042464131
:10EAA0005220416464726573733A2030782578008F
:10EAB00025733A202020496D707265636973652063
:10EAC0006461746120627573206572726F720025D3
:10EAD000733A202020496E737472756374696F6E87
:10EAE00020627573206572726F7200526573657271
:10EAF00076656420457863657074696F6E202800C0
:10EB000053707572696F757320696E746572727572
:10EB100070742028495251200025733A20535053D5
:10EB2000454C20696E20746872656164206D6F6465
:10EB30006520646F6573206E6F7420696E6469630D
:10EB4000617465205053500025733A202A2A2A2ADE
:10EB50002A2048415244204641554C54202A2A2A12
:10EB60002A2A0025733A2020204275732066617599
:10EB70006C74206F6E20766563746F7220746162AE
:10EB80006C6520726561640025733A20202044651D
:10EB9000627567206576656E740025733A202020C3
:10EBA0004661756C7420657363616C6174696F6E26
:10EBB00020287365652062656C6F77290025733A9C
:10EBC00020415243485F455843455054207769746B
:10EBD0006820726561736F6E2025780A0025733A8C
:10EBE000202A2A2A2A2A204465627567206D6F6EC2
:10EBF00069746F7220657863657074696F6E202A1E
:10EC00002A2A2A2A0025733A202A2A2A2A2A202553
:10EC10007320256429202A2A2A2A2A006D7075006B
:10EC200025733A204661696C656420746F20616CBD
:10EC30006C6F63617465206E6577204D505520724E
:10EC40006567696F6E2025750A0025733A2050614B
:10EC500072746974696F6E2025753A20636F6865F8
:10EC600072656E636520636865636B206661696CBD
:10EC700065642E00464C4153485F30005352414D6D
:10EC80005F3000736F6300636C6F636B40343030D0
:10EC90003030303030006866636C6B006C66636CDB
:10ECA0006B00636C6F636B5F636F6E74726F6C008D
:10ECB00025733A20696E76616C69642061646472C0
:10ECC0006573733A2030782530386C783A257A7538
:10ECD0000025733A20756E616C69676E656420610A
:10ECE0006464726573733A2030782530386C783AF2
:10ECF000257A750025733A206E6F7420776F7264E1
:10ED00002D616C69676E65643A2030782530386C07
:10ED1000783A257A7500666C6173682D636F6E743E
:10ED2000726F6C6C65724034303031653030300059
:10ED3000666C6173685F6E7266006770696F4035FC
:10ED400030303030333030006770696F40353030EC
:10ED500030303030300067707265677265743240F1
:10ED6000343030303035323000677072656772652C
:10ED70007431403430303030353163007265746145
:10ED8000696E65645F6D656D5F6E72665F677072F8
:10ED900065677265740072657461696E65646D653E
:10EDA0006D40300072657461696E65645F6D656D9C
:10EDB0005F7A65706879725F72616D0025733A20C1
:10EDC00054696D656F75742077616974696E672029
:10EDD000666F72207472616E7366657220636F6D08
:10EDE000706C6574650025733A20557064617465B4
:10EDF00020657863656564732063757272656E74EF
:10EE00002062756666657200737069403430303018
:10EE1000343030300025733A2048616C662D6475BB
:10EE2000706C6578206E6F7420737570706F72747B
:10EE300065640025733A20536C617665206D6F64BC
:10EE400065206973206E6F7420737570706F7274B3
:10EE50006564206F6E2025730025733A204C6F6F18
:10EE6000706261636B206D6F6465206973206E6FE3
:10EE70007420737570706F727465640025733A2026
:10EE8000576F72642073697A6573206F7468657256
:10EE9000207468616E203820626974732061726525
:10EEA000206E6F7420737570706F727465640025C6
:10EEB000733A204672657175656E63696573206C7F
:10EEC0006F776572207468616E20313235206B482F
:10EED0007A20617265206E6F7420737570706F7226
:10EEE0007465640025733A204661696C656420741A
:10EEF0006F20636F6E666967757265206E726678E3
:10EF0000206472697665723A202564007370695FC7
:10EF10006E7266785F7370696D00776174636864A0
:10EF20006F67403430303130303030007764745F98
:10EF30006E7266780025733A2053504920747261CE
:10EF40006E73616374696F6E206661696C656420BD
:10EF50007769746820636F64653A2025642F25758E
:10EF60000025733A20535049206275732025732081
:10EF70006E6F742072656164790025733A20577250
:10EF80006F6E67204A454445432049443A20253066
:10EF90003258202530325820253032582C206578C0
:10EFA0007065637465643A2025303258202530320C
:10EFB0005820253032580025733A20556E737570ED
:10EFC000706F72746564206572617365207265711B
:10EFD000756573743A2073697A6520257A752061A6
:10EFE00074203078256C780061743435646236346E
:10EFF00031654030006374725F7370695F666C6185
:10F0000073685F6174343500636F6D6D616E642089
:10F010006E6F7420666F756E643A2025730A002C3B
:10F02000006E6F7420696E697469616C697A6564D9
:10F030000A003C656D7074793E0A00626F6F74203F
:10F0400025753A20636175736520006E6F6E6500EB
:10F05000636F6D6D616E6420737563636565646570
:10F06000640A006E6F206661756C7420736E617047
:10F0700073686F740A00252E2A730025733A205393
:10F08000797374656D20696E697469616C697A6100
:10F0900074696F6E0025733A204465766963652054
:10F0A00060257360206E6F7420726561647900253D
:10F0B000733A2043616C6C206072657461696E659F
:10F0C000645F6D656D5F73697A6560206661696C08
:10F0D00065643A2025640025733A2052657461699D
:10F0E0006E656420726567696F6E20282564204212
:10F0F0002920746F6F20736D616C6C3A2025640059
:10F1000025733A2043616C6C206072657461696E8E
:10F1100065645F6D656D5F726561646020666169DD
:10F120006C65643A2025640025733A2043616C6C59
:10F1300020606877696E666F5F6765745F7265737C
:10F1400065745F636175736560206661696C656491
:10F150003A2025640025733A2052657461696E6512
:10F160006420747261636520696E76616C69642CD9
:10F1700020696E697469616C697A696E67202863B9
:10F180006F6C64207374617274290025733A205087
:10F19000726576696F757320626F6F742066617532
:10F1A0006C74656420286361757365203078253040
:10F1B00038782C206D61726B6572202575292C20A2
:10F1C000636170747572696E67206C6F6720736E0F
:10F1D000617073686F740025733A204661756C74B2
:10F1E00020736E617073686F74206661696C65640A
:10F1F0003A2025640025733A205265636F72646972
:10F200006E6720626F6F7420726561736F6E206627
:10F2100061696C65643A2025640025733A20436176
:10F220006C6C206073746F72655F68656164657291
:10F2300060206661696C65643A2025640025733A34
:10F2400020426F6F74202325752C207265736574BE
:10F250002063617573652030782530387800257318
:10F260003A2048616C74696E672073797374656DB8
:10F270000054726163652028706F73742D6D6F7216
:10F2800074656D2064656275672920636F6D6D61BB
:10F290006E64732E005072696D617279206C6F67B5
:10F2A0002072696E672062756666657220636F6D95
:10F2B0006D616E64732E005072652D6661756C749D
:10F2C000206C6F6720736E617073686F7420636F5A
:10F2D0006D6D616E64732E00726573657400426FAC
:10F2E0006F742F7265736574207265636F7264202A
:10F2F000636F6D6D616E64732E0073686F7700537A
:10F30000686F772074686520626F6F742F72657301
:10F310006574207265636F7264732E00636C65613F
:10F320007200436C6561722074686520626F6F744F
:10F330002F7265736574207265636F7264732E003B
:10F3400053686F7720746865207072652D666175EB
:10F350006C74206C6F6720736E617073686F742EAD
:10F3600000436C65617220746865207072652D665B
:10F3700061756C74206C6F6720736E617073686F59
:10F38000742E0053686F7720746865207072696D01
:10F39000617279206C6F672072696E672062756692
:10F3A0006665722E00436C6561722074686520701A
:10F3B00072696D617279206C6F672072696E672067
:10F3C0006275666665722E0070696E00736F667492
:10F3D000776172650062726F776E6F757400706F1F
:10F3E0007765722D6F6E007761746368646F670074
:10F3F0006465627567007365637572697479006C22
:10F400006F772D706F7765722D77616B65006C6F0C
:10F41000636B75700070617269747900706C6C0058
:10F42000636C6F636B00686172647761726500750D
:10F430007365720074656D706572617475726500D4
:10F440006C6F675F6261636B656E645F6374725F4C
:10F4500074726163650025733A2054696D656F7538
:10F460007420616C7265616479206C6F636B656494
:10F470000025733A20446576696365206E6F7420B9
:10F4800072656164790025733A2043616C6C206079
:10F490007764745F696E7374616C6C5F74696D65B9
:10F4A0006F757460206661696C65643A202564003C
:10F4B00025733A2043616C6C20607764745F7365D8
:10F4C00074757060206661696C65643A202564001B
:10F4D00025733A2043616C6C20607764745F6665C5
:10F4E000656460206661696C65643A202564006328
:10F4F00074725F77646F67005465726D696E616CDA
:10F5000000556E6B6E6F776E206572726F7200754C
:10F510006E6B6E6F776E0025733A203E3E3E205A2A
:10F52000455048595220464154414C204552524F73
:10F53000522025643A202573206F6E2043505520B9
:10F5400025640025733A204661756C7420647572D9
:10F55000696E6720696E7465727275707420686177
:10F560006E646C696E670A0025733A204375727287
:10F57000656E74207468726561643A202570202875
:10F580002573290043505520657863657074696F51
:10F590006E00556E68616E646C656420696E74659A
:10F5A000727275707400537461636B206F7665724C
:10F5B000666C6F77004B65726E656C206F6F707351
:10F5C000004B65726E656C2070616E6963006964E2
:10F5D0006C65006F73002B0064756D6D7900736C42
:10F5E000656570696E67006465616400737573704A
:10F5F000656E6465640061626F7274696E67007342
:10F60000757370656E64696E6700717565756564A4
:10F6100000737973776F726B7100286E756C6C294B
:10F62000002A666C6F61742A006D61696E00636DFB
:10F63000645F64656D6F5F637261736800636D64BE
:10F640005F64656D6F5F6275736661756C7400638E
:10F650006D645F64656D6F5F68616E6700636270A3
:10F6600072696E74665F7061636B6167655F636F1B
:10F670006E76657274007A5F6C6F675F6D73675F3B
:10F6800072756E74696D655F76637265617465002D
:10F690007A5F696D706C5F7A5F6C6F675F6D7367BF
:10F6A0005F7374617469635F637265617465002080
:10F6B0006D657373616765732064726F70706564E4
:10F6C000202D2D2D0D0A002D2D2D2000202D200068
:10F6D0002020006573665F64756D70007A5F6172EB
:10F6E0006D5F666174616C5F6572726F72007265E6
:10F6F0007365727665645F657863657074696F6E53
:10F700000064656275675F6D6F6E69746F72007516
:10F71000736167655F6661756C74006275735F66BF
:10F7200061756C74006D656D5F6D616E6167655FBD
:10F730006661756C7400686172645F6661756C7493
:10F74000006765745F65736600726567696F6E5FF9
:10F75000616C6C6F636174655F616E645F696E6933
:10F7600074006D70755F636F6E6669677572655F53
:10F77000726567696F6E7300666C6173685F6E7245
:10F78000665F7265616400666C6173685F6E726665
:10F790005F777269746500666C6173685F6E72662C
:10F7A0005F6572617365000001020304050607735B
:10F7B00070695F636F6E746578745F75706461748F
:10F7C000655F7278007370695F636F6E74657874DB
:10F7D0005F7570646174655F7478007370695F63EE
:10F7E0006F6E746578745F776169745F666F725F5E
:10F7F000636F6D706C6574696F6E007370695F6EB6
:10F800007266785F7370696D5F636F6D6D6F6E5F49
:10F81000636F6E666967757265007370695F666CA9
:10F820006173685F617434355F726561640070652F
:10F8300072666F726D5F777269746500706572666B
:10F840006F726D5F65726173655F6F700070657276
:10F85000666F726D5F636869705F65726173650082
:10F860007370695F666C6173685F617434355F657E
:10F870007261736500726561645F7374617475733E
:10F880005F726567697374657200636F6E6669673E
:10F890007572655F706167655F73697A650063683B
:10F8A00065636B5F6A656465635F696400706F7749
:10F8B00065725F646F776E5F6F70007370695F660B
:10F8C0006C6173685F617434355F696E6974006977
:10F8D0006E6974006B5F7379735F666174616C5FEE
:10F8E0006572726F725F68616E646C6572006374DA
:10F8F000725F77646F675F66656564006374725FEB
:10F9000077646F675F7374617274006374725F779A
:10F91000646F675F696E7374616C6C006374725FAF
:10F9200077646F675F7365745F74696D656F757415
:10F930000000203030303030303030303030303037
:10F94000300001000000000000545452205245478E
:10F95000474553007A5F666174616C5F6572726FD0
:04F960007200000031
:10F964000000002000000020010000000100000051
:10F974000000000000000000000000000000000083
:10F984000000000000000000000000000000000073
:10F994000000000000000000000000000000000063
:10F9A4000000000000000000BDA0000069A70000E6
:10F9B4000000000001000000ECD600003816002012
:10F9C400900300203A000000A40300203A00000045
:10F9D400680300203A000000B80300203A00000049
:10F9E4000000000051B3000000000000000000000F
:10F9F4000060004000000000000000000000000063
:10FA040000000000000000000000000000000000F2
:10FA140000000000000000000000000000000000E2
:10FA240000000000000000000000000000000000D2
:10FA340000000000000000000000000000000000C2
:10FA440000000000000000000000000000000000B2
:10FA540000000000000000000000000000000000A2
:10FA64000000000000000000000000000000000092
:10FA74000000000000000000000000000000000082
:10FA840000400040000000000000000000000000F2
:10FA94000000000000000000000000000000000062
:10FAA4000000000000000000000000000000000052
:10FAB4000000000000000000000000000000000042
:10FAC4000000000000000000000000000000000032
:10FAD4000000000000000000000000000000000022
:10FAE4000000000000000000000000008C01002065
:10FAF4008C01002000000000010000009C01002097
:10FB04009C01002000000000010000000000000033
:10FB140000000000000000000000000000000000E1
:10FB240000000000000000000000000000000000D1
:10FB340000000000000000000000000000000000C1
:10FB44000000000000000140000000000000000070
:10FB540000000000000000000000000000000000A1
:10FB64000000000000000000000000000000000091
:10FB74000000000000000000000000000090D0031E
:10FB8400FF0000009002000028020020280200204C
:10FB940000000000859600008C02002084020020F2
:10FBA4007C0200200000000074020020A1970000E5
:10FBB400ED96000021970000699700006402002080
:10FBC4006C020020282300203A00003A2C23002055
:10FBD4003A00003A302300203A00003A342300204F
:10FBE4003A00003A382300203A00003A3C2300202F
:10FBF4003A00003A5C02002060020020A4020020C7
:10FC040048020020400200203C020020380200206C
:10FC140000000000000000000000000000000000E0
:04FC240000000000DC
:10FC280000000000000000000000000000000000CC
:10FC380000000000000000000000000000000000BC
:10FC480000000000000000000000000000000000AC
:08FC58000000000000000000A4
:04FC600000000000A0
:10FC64000000000000000000000000000000000090
:10FC74000000000000000000000000000000000080
:10FC84000000000000000000000000000000000070
:10FC94000000000000000000000000000000000060
:10FCA4000000000000000000000000000000000050
:04FCB400000000004C
:10FCB8000000000080A600204C200000000000008A
:04FCC8000000000038
:10FCCC006803002068030020000000000000000012
:10FCDC000E0000007C0300207C03002000000000CC
:10FCEC00000000000E000000900300209003002094
:10FCFC0000000000000000000E000000A403002023
:10FD0C00A403002000000000000000000E00000012
:10FD1C00B8030020B8030020000000000000000021
:04FD2C000E000000C5
:10FD3000CC030020CC0300200000000001000000E4
:04FD400015E015E0D5
:0400000300003C7D40
:00000001FF
