:10000000C098002095410000B5CC0000814100005F
:10001000814100008141000081410000000000009A
:100020000000000000000000000000008943000004
:1000300081410000000000005543000081410000A4
:100040004545000045450000454500004545000088
:100050004545000045450000454500004545000078
:100060004545000045450000454500004545000068
:100070004545000045450000454500004545000058
:100080004545000045450000454500004545000048
:100090004545000045450000454500004545000038
:1000A0004545000045450000454500004545000028
:1000B0004545000045450000454500004545000018
:1000C0004545000045450000454500004545000008
:1000D00045450000454500004545000045450000F8
:1000E00045450000454500004545000045450000E8
:1000F00045450000454500004545000045450000D8
:100100007BB972B90029BEBF00204FF0004106E064
:1001100008BF00281CBF6FF000414FF0FF3000F017
:1001200057B8ADF1080C6DE904CE002909DB002BAE
:100130001ADB00F069F8DDF804E0DDE9022304B021
:100140007047404261EB4101002B1BDB00F05CF883
:10015000DDF804E0DDE9022304B0404261EB410137
:10016000524263EB43037047524263EB430300F098
:100170004BF8DDF804E0DDE9022304B0404261EB16
:1001800041017047524263EB430300F03DF8DDF854
:1001900004E0DDE9022304B0524263EB43037047FD
:1001A00053B94AB9002908BF00281CBF4FF0FF31DE
:1001B0004FF0FF3000F00CB8ADF1080C6DE904CE43
:1001C00000F022F8DDF804E0DDE9022304B0704716
:1001D000704700BF10F8012B11F8013B012A28BF1E
:1001E0009A42F7D0D01A7047034611F8012B03F852
:1001F000012B002AF9D17047034613F8012B002A7E
:10020000FBD1181A013870472DE9F04786468C4615
:100210000846089E154674461946002B40F0C280D9
:100220008542B2FA82F245D94AB1C2F1200300FAFE
:1002300002FC2EFA03F3954043EA0C0C94404FEA7B
:10024000154EA8B2BCFBFEF8230C0EFB18CC08FB25
:1002500000F943EA0C43994528D9EB1808F1FF3718
:1002600004D2994502D9A8F102072B44A3EB090354
:10027000A4B2B3FBFEFC0EFB1C330CFB00F044EA03
:100280000344A04214D92C190CF1FF3304D2A0422C
:1002900002D9ACF102032C44241A43EA07401EB1F0
:1002A000D440002334607360BDE8F0874746DDE743
:1002B0006346F1E792BB431B01214FEA154EAFB2F3
:1002C000B3FBFEFC200C0EFB1C330CFB07F840EAD2
:1002D0000343984562D9EB180CF1FF3004D29845DE
:1002E00002D9ACF102002B44A3EB0803A4B2B3FB88
:1002F000FEFC0EFB1C330CFB07F744EA0344A74249
:100300004ED92C190CF1FF3304D2A74202D9ACF11B
:1003100002032C44E41B43EA0040C0E7C2F120037F
:1003200020FA03F1954090402EFA03F303434FEA7D
:10033000154EAFB2B1FBFEFC0EFB1C10190C0CFBF2
:1003400007F841EA0041884504FA02F422D9691805
:100350000CF1FF3004D2884502D9ACF102002944E7
:10036000A1EB08019BB2B1FBFEFC0EFB1C110CFBC8
:1003700007F743EA01439F420ED9EB180CF1FF3116
:1003800004D29F4202D9ACF102012B44DB1B41EAAB
:10039000004192E76046E3E76146F7E76046A3E77E
:1003A0006346B7E7834206D916B9002108467BE7C2
:1003B000C6E900E0F9E7B3FA83F78FB9834201D3C6
:1003C000724508D8BEEB020460EB030301209C4693
:1003D0001EB9002168E73846FAE7C6E9004CF8E79D
:1003E000C7F1200CBB4022FA0CF41C432EFA0CF18E
:1003F00020FA0CF3B84001434FEA14490EFA07F50E
:10040000B3FBF9F81FFA84FE09FB18300B0C08FB4C
:100410000EFA43EA00439A4502FA07F240D9E3187C
:1004200008F1FF3004D29A4502D9A8F10200234412
:10043000A3EB0A0389B2B3FBF9F809FB183308FBF5
:100440000EFE41EA03418E452CD9611808F1FF33B5
:1004500004D28E4502D9A8F10203214443EA0040A8
:10046000A0FB0298A1EB0E014145CE46434602D3C4
:1004700006D14D4504D2B9EB020E68EB04030138F6
:10048000002EA6D0B5EB0E0261EB030101FA0CFCC5
:1004900022FA07F34CEA0303F940C6E9003198E772
:1004A0004046C5E74346D9E72DE9F047064688B000
:1004B0000F4690460DF027FD4FF47A73A0FB0345DD
:1004C00003FB0155E40B012F44EA45444FEAD535BF
:1004D00007D1294922462B4630460CF026F8002049
:1004E00012E0D8F8047025483946FFF773FE70B162
:1004F00023483946FFF76EFE48B1304621493A4657
:100500000CF021F86FF0040008B0BDE8F087204639
:10051000294617A3D3E90023FFF7F2FD05460C4651
:1005200010461946184A0023FFF7EAFD80460F4699
:10053000104619464EF660220023FFF7E1FD824681
:100540008946104619464FF47A720023FFF7D8FD0A
:10055000CDE902A9CDE90623CDE90401CDE9008763
:100560000A492A46234630460BF0DFFFB7E700BFB3
:10057000005C26050000000090F80000A1F80000D3
:10058000A4F80000ADF8000080EE3600C5F80000C9
:10059000B0B5836800AF5B6A9847044698B10B48D2
:1005A00003685B070FD06D4688B06A46084B5361FD
:1005B000084BC2E90634042342F8103F4FF40151BE
:1005C0000BF0B8F9AD462046BD46B0BDE4010020B1
:1005D00018F2000061F50000014809F089BB00BF76
:1005E0008C0200202DE9F04F6E4CA1B0236803F07F
:1005F0000703022B02AF0FD96D4688B002AA6A4BDF
:1006000053616A4B9361032342F8103F4FF4C65184
:1006100020460BF08FF9AD4665480DF078FAD0B959
:1006200023685A070FD06D4688B002AA614B536108
:100630005E4B9361032342F8103F5A484FF4C25176
:100640000BF078F9AD46002383F31188BFF36F8F69
:100650000323184602DF564D5749AB6800221B6C36
:100660002846984710F1860F40F08980236803F0F0
:100670000703022B0FD96E4688B002AA4F4B536175
:100680004A4B9361032342F8103F4FF4C65145484B
:100690000BF050F9B546AB6845481B6807F15408A4
:1006A000414698472368002800F09C805E0710D0E0
:1006B0006E4688B002AA424B5361424BC2E90630F3
:1006C000042342F8103F37484FF401510BF032F940
:1006D000B546236813F0060F0FD06E4688B002AA05
:1006E000394B5361314B9361032342F8103F4FF470
:1006F000C4512C480BF01EF9B5462D4EDFF8CCA0A6
:100700004FF0000909F10109314A4B46202107F158
:1007100034000AF0A7FD0DF0F6FB4FF47A72A0FB4F
:10072000020302FB0131C00B4FF47A72002340EA4E
:100730004140C90BFFF7E4FC264ACDE90001202126
:1007400040460AF08FFD30460BF0F1F8002800F02B
:10075000158223685B0700F02F82EB4688B002AA5F
:100760001D4B53611D4BC2E90630042342F8103F74
:100770000C484FF401510BF0DDF8DD461CE2002877
:1007800089D023685B0786D06E4688B002AA144BD6
:100790005361064BC2E90630042342F8103F4FF480
:1007A000015174E7E40100203FF20000B0F50000C1
:1007B000C0E4000064F20000D905000079F20000F6
:1007C000E4F20000AAF5000081F3000054F50000F7
:1007D000D1F40000D9F40000C8F300006CF500006B
:1007E000B4F2000003F00703022B6BD96E4688B009
:1007F0007B6D02AADFF84492914951614FF0040ADF
:10080000C2E906938F4842F810AF4FF403510BF042
:1008100091F8236803F00703022BB54652D98AB03A
:1008200002AA894B8748C2E9053907F15803D36109
:1008300040F201331384854B42F8103F4FF41351BB
:100840000BF078F8236803F00703022BB54639D97B
:1008500088B0BB6E02AA7E49D361C2E90519794806
:1008600042F810AF4FF403510BF064F8236803F023
:100870000703022BB54625D98AB0D7E91B1302AA74
:100880007448C2E907130523C2E905094FF423514F
:1008900042F8103F6B480BF04DF8236803F0070354
:1008A000022BB5460ED988B07B6F02AA6A49D36184
:1008B000C2E90519634842F810AF4FF403510BF039
:1008C00039F8B54665480BF032F80146002834D0B7
:1008D0002368580710D06E4688B002AA604B536157
:1008E000604BC2E90631042342F8103F55484FF4EB
:1008F00001510BF01FF8B5464FF48030002109F08C
:10090000D3FD56480BF013F8002800F0B980236897
:100910005A0700F0D2806E4688B002AA504B53614D
:10092000514BC2E90630042342F8103F45484FF4CA
:1009300001510AF0FFFFB546BFE0182207F134006D
:100940000DF038FD4FF4C872F023C7E90F23AE68ED
:10095000424802234FF0010987F84490FB6407F1F5
:100960003401F3699847014638B123685B07C3D067
:100970006E4688B002AA3D4BB1E7182207F11C0071
:100980000DF018FD782340F28F12C7E90832BB62E0
:1009900087F82C90B369314807F11C01984758B18A
:1009A00023685E07A8D06E4688B002AA304B536118
:1009B0002C4BC2E9063096E76423A022C7E9152331
:1009C00050212823C7E91713C7F86600C7F86A0043
:1009D000A7F86E0087F8649087F86590F3691F4860
:1009E0004146984738B123685B0785D06E4688B08A
:1009F00002AA1E4BDBE71F4B0FCB07F10C0C8CE858
:100A00000F001648736A6146984740B123685E0735
:100A10003FF472AF6E4688B002AA174BC7E7B368BF
:100A20000E48984700283FF467AF236859073FF402
:100A300063AF6E4688B002AA104BB8E7AAF5000073
:100A40000AF30000E401002023F300000400000189
:100A50003CF3000056F300006CF30000C0E400001B
:100A6000C8F3000099F500008AF50000EBF30000E0
:100A700012F4000010E8000018F2000039F4000041
:100A8000D5F808909648D9F830309847064600289F
:100A900032D023685B0710D0E94688B002AA914B98
:100AA0005361914BC2E90630042342F8103F8F484E
:100AB0004FF401510AF03EFFCD4600214FF4803043
:100AC00009F0F2FCAB6886481B69002198470028B2
:100AD0003FF413AE23685A073FF40FAE6E4688B05A
:100AE00002AA834B5361834BC2E90630042342F8C8
:100AF000103F4FF40151FCE5DFF8E4A1002114227E
:100B000007F158000DF056FC4FF0010BEF237E6506
:100B1000FE653B6687F864B0D9F818304146504608
:100B20009847C0B123685E0710D06E4688B002AA0D
:100B3000714B53616C4BC2E90630042342F8103FFD
:100B40006A484FF401510AF0F5FEB546AB686448B7
:100B50009B6B9847B1E71036B6F5C07FCED1D9F878
:100B600034305F48594698470028A6D02368590773
:100B7000A3D06E4688B002AA604BD0E6AB687B601B
:100B800030461B6B984738B12368590714D0EB46A1
:100B900088B002AA534BE4E5594B0FCB07F10C0C7C
:100BA0008CE80F0061463046FFF7F2FC002843D086
:100BB0007B6830469B6B984752480022002309F01F
:100BC000BDF898B9236803F00703022B0ED9EB4652
:100BD00088B002AA4C4B4548C2E9053A032342F8C3
:100BE000103F4FF4C6510AF0A5FEDD46DFF81CB1F8
:100BF000AB684146DB6B3046984710F13D0F15D08E
:100C0000236803F0070300284CD07BB1EB4688B083
:100C100002AA3F4BD061C2E9053A042342F8103FD3
:100C200032484FF401510AF085FEDD4600214FF4B1
:100C3000004009F039FC65E5C8237822C7E907328E
:100C40004FF0010B40F2024207F13403BA8487F8F7
:100C500026B0BB6207F11C013046FFF799FC002863
:100C6000A6D1D423C822C7E907234FF48073BB84DD
:100C700087F826B0C7F8288007F11C013046FFF737
:100C800087FC002894D17B6859465B6B30469847B7
:100C9000002891D023685B078ED0EB4688B002AA6B
:100CA000164B5EE5022B17D9C7F804D08AB0BB6D8E
:100CB00097F8540097F8551002AA53620623C2E928
:100CC0000701C2E905BA094842F8103F4FF4435101
:100CD0000AF030FED7F804D0BB6D002B88D1A5E711
:100CE000C0E400005DF400008AF50000E40100208B
:100CF000ADF40000B0F5000012F4000086F400002E
:100D000010E800008C020020E7F4000021F500004C
:100D1000FAF400002DE9F04F91B08407009302F03F
:100D200004030293C2F3C20303F10103DDF86890E8
:100D3000039205460E46059340F0BA81041D30B17A
:100D4000072909D86FF01B0011B0BDE8F08F01F042
:100D50000706341DC6F10806009B4FF00008591E17
:100D60004FF0040A4FF0FF330193CDF8108047464F
:100D7000C34653460DB1009A22600598002800F33F
:100D8000E8809848009A824203D397488242C0F094
:100D9000E080039AA4EB050E92074FEA9E0000F153
:100DA00003810F2F00F2B180002D00F0058107F1C3
:100DB00040020DEB020C019A0CF8200C0CF8102CE0
:100DC000049801300490E7E07A285DD84B280ED8CB
:100DD000472859D829282DD8252852D054D820283A
:100DE0007AD02338D0F1000B4BEB000B74E04C3879
:100DF0002E2849D8DFE800F070484848484848485D
:100E0000484848484B484848484848484859484B4B
:100E10004B595959704B6D487048184B18484882C7
:100E20007F4B48484B487F0000204FF0000B4FF0AD
:100E3000040A38E02A38C0B2012202FA00F010EAAF
:100E40000E0F49D110F0625C2FD110EA020B43D093
:100E50006046013C5444B4FBFAF40AFB04F4002D50
:100E600061D0A3EB050CA444B4453FF66BAF00285A
:100E700068D1042B47D159F8043B23600434042380
:100E80002AE0019A013A01924FF0000B24E011F898
:100E9000010C6C2834D111F8023C00206C2B8346E5
:100EA000C5D14FF0080A5346D3E709F1070929F0E5
:100EB00007090734F9E802AB24F0070435B10698B6
:100EC0002044B0423FF63EAFC4E900AB08344FF0D7
:100ED000000B4FF0080A534611F8010F002878D094
:100EE000BBF1000F7FF470AF2528F5D1019B0133D2
:100EF00001934FF0010B4FF0040AECE7584694E7DA
:100F000000208346A5E7082B02D06FF015001BE7F1
:100F100009F1070929F00709F9E80223C4E90023C8
:100F200008340823D8E768B9042B02D109F1040971
:100F3000A4E7082BE9D109F1070929F0070909F10C
:100F40000809EDE7059A013A059259F8042B009239
:100F500010E7039A900720D5A4EB050E4FEA9E00F8
:100F60004FF0010CBEF5007FCFD20F2FCDD8F5B1D9
:100F700007F140020DEB020EC0B2019A0EF8200CF0
:100F80000EF8102CBCF1000F3FF41AAF60F07F0098
:100F90000EF8200C08F101080137C5F108020434ED
:100FA00006924FF6DA7E97E74FF0000CDAE7BCF1D5
:100FB000000F01D00136EFE7029802360028EBD18E
:100FC0000098CDE90631FFF717F9DDE9063106444F
:100FD000E2E7631BB3F5806F97D23DB9A6F1080431
:100FE000E018B1E6E8E3000010150100029A28605D
:100FF0009B082B709DF81030C2B1EB7085F8028011
:10100000B8F1000F05D008A80022C5F1010C9742E5
:101010000ED1C5F101030DF120094FF0000A019333
:101020000DF1300B574512D1601B8DE66B70E5E773
:1010300010F8013B190608D504EB0C0EB64503F079
:101040007F033FF67FAE04F8013B0132DFE7B8F1E2
:10105000000F03D099F90020002A17DB029BD3B1BF
:101060001AF80B2004F8012B0022019B9818204449
:10107000B0423FF667AE99F8000004F8010B009902
:10108000039220460DF06EF9039A14440AF1010A06
:1010900009F10109C6E799F8002055F822300093BC
:1010A000029B45F822300098FFF7A6F8421CDCE7C7
:1010B0006FF00D0048E600BF2DE9F04F97B000AF8C
:1010C00090F802A0D7F880B03B62CBF3C00304468F
:1010D000FA62BB61894641B9457800780AEB800025
:1010E00020444D4517D8A0EB0409E378FB61BAF121
:1010F000000F02D01BF0010F16D1FB6953BBFB6A36
:101100001BB13A6A4946204698474D4628465C3707
:10111000BD46BDE8F08F461C3046FFF76DF8013044
:10112000304409F10109DCE7237862687A62FA6ADF
:101130009900796104EB8301002A40F006814D4655
:101140000E4601EB0A094FF000084E4552D101EB63
:101150000A0610E01BF0020FD1D023789A007A61C2
:1011600062687A62FA6A04EB8301002A7DD14D46F7
:1011700001EB0A0690461BF0050F0CBF022301236A
:10118000FB62FB6906EB430A0BF00203BB625645A8
:10119000BCD016F8021B16F8013C54F823909C4B67
:1011A000994502D39B4B99453CD3BB69002B46D054
:1011B000786A0AF070FC002841D09748036813F061
:1011C000060F15D0E9468AB06A46944B5361944B9A
:1011D00093617B6AC2E9073140F201339384914BFA
:1011E00042F8103F00234FF4325100F01BFECD4671
:1011F000023DCCE716F8013BF96254F82300FEF7F4
:10120000FBFFD7F88430F96A01304BB1D7F888304A
:1012100098453EBFD7F8843023F8180008F101083C
:10122000054492E7BB6923B1786A0AF034FC0028D0
:10123000C3D11BF0010F05D1FB6AED1AA7E7BB6A0A
:10124000002BA4D04846FEF7D7FFD7F8843053B11F
:10125000D7F8883098453FBFD7F88420431C22F840
:10126000183008F10108054491E7BAF1000F72D077
:101270001BF0040872D0D04607F148000026524601
:101280003B61B9620DF06EF8B96A3B6901EB0A0285
:10129000BA62FA69F9695200FA60BA6A02EB41026D
:1012A0003A610BF00202BA603A69B96A8A4257D1D0
:1012B00062787A621BF0020F32440CBF4FEA580189
:1012C00000211BF0010FD2B240F09F801BF0040FF1
:1012D00014BF40460020BB616270A070E1703A6AA2
:1012E0007969FB6A20469847051EFFF60FAFBB6978
:1012F00023707B6A6370FB69E37041463A6AFB6A5C
:1013000084F802A007F148009847B0F10008C0F245
:10131000B7807B693A6AA9EB0A01C91AFB68C91A46
:10132000D7E90A0398470028C0F2AC80A84408EB2C
:1013300000054FF0000B07F1380AB34574D30021C4
:101340003A6AFB6A08469847E0E6564607F13800D5
:101350004FF0000893E7D046564697E7464695E794
:10136000BA6A12F8021BBA6212F8015C284A54F8F1
:101370002500904202D3274A90421ED3BA6932B167
:10138000786A7B600AF087FB7B6800288CD1BA689A
:1013900002BB08F1280207F1300C08F10100944467
:1013A00007F1580252FA80F008F102080CF8101CFC
:1013B0005FFA88F800F8105C76E7BA693AB1786AA3
:1013C0007B600AF068FB7B6800287FF46DAF1BF040
:1013D000010F09D006F1280207F13000711C161820
:1013E00006F8205CCEB25FE71BF0040F3FF45CAF61
:1013F00008F1280207F1300008F1010102EB0008B2
:1014000008F8105C5FFA81F84EE7002063E700BF40
:10141000E8E3000010150100C4010020B5F500004C
:101420005CF60000050000011BF80A3087F8373031
:1014300054F82390D7F88430FBB133F81B803A6A14
:10144000FB6A012107F13700984700281ADB0544A1
:10145000B8F1000F06D14846FEF7CEFE00F10108B4
:101460001FFA88F83A6AFB6A4146484698470028BE
:1014700008DB05440BF1010B5FE7D7F88480DEE75A
:10148000454643E6054641E6014B1860704700BFFC
:101490000000002080B505460E461746984609F024
:1014A00021F803460CF096FFDFF81890044649F83F
:1014B0000030424630463946A84754F8090002F049
:1014C000F1FE00BF0800000008B50446EFF31183E9
:1014D000202383F31288BFF36F8F04F073FB204641
:1014E00002F08AFE02480AF0FDFA0BF0F8FBFCE776
:1014F00086F600002DE9F047058B04462807904644
:1015000011D4022905F0070540F0CC8020460AF0EE
:1015100054FD78B10138218B042811D8DFE800F0A0
:10152000C2106D85950001290CBF45F0100545F0EE
:101530002005258388F31188BFF36F8FBDE8F087FE
:1015400001F0070AAA4500F0A5800027B9463E46EB
:10155000A368002B00F0BC8041F00801218388F3D0
:101560001188BFF36F8FA168002900F0BA800D6861
:10157000002900F0B680D1F8048033465246204658
:10158000C047002D76D02B6829461D46F0E701F0B4
:1015900007035A1F012A1BD8002221F00701062B3E
:1015A000276889B2C4E9002209D13B4603E0628B77
:1015B000013262831B68002BF9D141F002012183C3
:1015C00020460AF0FAFC00287AD041F0200176E0AB
:1015D000042B0AD121F0070189B2218320460AF0A9
:1015E000ECFC10B141F020012183218B01F0070AAE
:1015F000AA454FD00027B946AAE7236921F0070181
:1016000041F00601062DD3F8009021832DD1B9F1C8
:10161000000F3FD041F00801218388F31188BFF308
:101620006F8F3A492046C84729E021F00701236916
:1016300041F0040189B2042DD3F804902183E6D04F
:1016400000273E464FF0040A82E721F00701236994
:1016500041F0050189B2052DD3F808902183D6D039
:1016600000273E464FF0050A72E700273E464FF03E
:10167000060A6DE72B4687E7B9F1000FD1D1EFF3EA
:101680001188202383F31288BFF36F8F238B23F0FD
:1016900008032383258BEA062ED525F01003238328
:1016A00005F007056669218B002EBFF670AF002399
:1016B0002768C4E9003321F0070141F001012183CB
:1016C000218B01F0070AAA454FF000097FF440AFD3
:1016D000002F9CD041F00801218388F31188BFF3CB
:1016E0006F8F002FC8D03D6839463346524620469A
:1016F0000AF08FFC2F46F4E7AB067FF51BAF25F011
:101700002003238305F0070500E700BF3FC000006A
:101710002DE9F047DFF85880044607464FF00109ED
:1017200014B93846BDE8F08794FAA4F5B5FA85F502
:1017300009FA05F32E0108EB05156FEA030A24EAFE
:1017400003042B7B002BEBD058F806301B694BB9F8
:101750004644042273682846196807EA0A0700F01D
:1017600021FBDDE7284698470028D9D1F0E700BFE4
:10177000C4E6000030B51049104889B000220CF0D2
:10178000C4FB0F4D0F4900220023CDE9062300249E
:101790000E23CDE90334CDE901440B4B00944FF403
:1017A0000062284608F0C4FB0849284608F0ECFA15
:1017B000204609B030BD00BFD117000068130020DB
:1017C000A8020020C0570020111B0000AFF6000047
:1017D000014808F08DBA00BF740200202DE9F047DF
:1017E00080461F480F460AF0E3FC0646002830D02A
:1017F00000252846BDE8F087237B6BB12368DB68B2
:101800000BB12046984723681B69D3B9636804224B
:101810001968204600F0C6FA013610344C45EBD367
:10182000B8F1000FE5D0002DE2D02846FFF770FF99
:101830000546002FF7D000214FF4A47008F034FEC5
:10184000F1E7204698470028E0D00AFA06F31D4346
:10185000E2E7044CDFF8109005464FF0010ADDE79F
:10186000F0170020C4E60000D4E60000014B53F856
:10187000200070476CE8000008B5034608462BB10D
:10188000044A136000F07EFD002008BD6FF01500D3
:10189000FBE700BF0400002010B5044C237813B907
:1018A000034808F025FA0123237010BD68260020A4
:1018B0007402002010B504460B480AF079FC5CB1B4
:1018C000BFF35B8F094B53E8001F013943E8001257
:1018D000002AF8D1BFF35B8F05480CF022FB0548C6
:1018E000BDE8104008F004BAE8170020EC1700200B
:1018F00068130020740200200020064BBFF35B8FAA
:10190000014653E8000F43E80012002AF9D1BFF363
:101910005B8F7047E817002070B5FFF7EDFF084CAC
:10192000084E0546B44200D370BD63685B792BB1A5
:1019300023685B6813B12946204698471034F1E7C5
:10194000C4E60000D4E6000010B5044C044920466B
:101950000AF0CFF9034B1C6010BD00BF80010020CE
:1019600058E80000E0170020094A0A4808B500239B
:101970001370094A1360094A4FF400411360FFF7DE
:101980007BFFFFF7E1FFBDE8084000F05BB900BF57
:1019900069260020ADC10000E8170020EC170020E8
:1019A00001460022014800230AF0C4B9800100204A
:1019B00001480AF05ABA00BF80010020024B0146DC
:1019C00018680AF0A6BA00BFE017002001480AF024
:1019D000DBBA00BF800100202DE9F041354B1878BB
:1019E000002864D0FFF7E4FF044698B1BFF35B8F93
:1019F000314B53E8001F013943E80012002AF8D1A7
:101A0000BFF35B8F2D4DDFF8B88045452DD32046C1
:101A1000FFF7D4FF2B4B2C4C1B68002B19DD0CF06F
:101A200072FA4FF47A72A0FB020302FB0131C30B7E
:101A3000D4E9002043EA41439B1A4FEAD13140F2F6
:101A4000E93261EB0001934271F1000101D3FFF72C
:101A500063FFD4E9003213F57A7342F10002C4E95E
:101A60000032BDE8F041FFF7B1BF6B685B793BB175
:101A700021784B0706D52B6821461B6828469847D6
:101A80001035C2E720462688C1F3C20700F0B8FA35
:101A9000C6F382160246002EEDD00028EBDB0123B0
:101AA0003946284600F098F9B042E9D3E3E7BDE8AB
:101AB000F08100BF68260020EC170020C4E600007B
:101AC000D4E60000E81700206013002070B50D4D2B
:101AD000297861B90120FFF781FE0B4C0B4EB4420F
:101AE00006D3FFF779FF0028FBD101232B7070BDCF
:101AF00063685B791BB1236820469B689847103464
:101B0000EDE700BF69260020C4E60000D4E600002F
:101B100000212DE9F0470846FFF760FE044658B360
:101B200040F267684FF000090CF054FC1B4B1C4A54
:101B30001B58136033B11B4B1B68002B02DD1A4886
:101B400008F0D6F8194FDFF860A0002544B1204610
:101B5000FFF7DEFD044618B94FF0FF384FF0FF39AC
:101B6000FFF73AFF064628B9B5B942464B465046FC
:101B700008F0E4F83546E9E74FF0FF384FF0FF3959
:101B8000D2E72B689B691BB1002211462846984773
:101B90001035BD42F5D3E8E7054DFAE7080000002F
:101BA000E4170020EC17002074020020D4E60000A7
:101BB000C4E6000010B50F480AF0FAFA0E4B1B7885
:101BC0006BB1EFF31184202383F31288BFF36F8F7F
:101BD000FFF702FF84F31188BFF36F8F10BD074B2F
:101BE0001B68002BFAD00028F8D10548BDE810404A
:101BF00008F07EB8EC17002069260020E4170020CA
:101C00007402002010B5064B1B6804469847214615
:101C1000A06004480AF00AF9BDE81040FFF7CABF07
:101C20000400002080010020044A054B9B1AB1EB00
:101C3000D30F34BF52F831000020704754E6000043
:101C4000C4E600000B480C4B30B51B1A0B4CDB08EC
:101C500000210430994200D130BD10F831202568B0
:101C600002F0070225F007052A4344F8042B01314E
:101C7000F0E700BF54E60000C4E60000C401002005
:101C8000F8B50B4F0B4DED1B0646ED080024AC429A
:101C900003D14FF0FF342046F8BD57F8340020B18F
:101CA0003146FEF797FA0028F5D00134EFE700BF80
:101CB00054E60000C4E6000000282DE9F0478846FD
:101CC00015461F461DDADFF89890264E4FF0000AA1
:101CD000A6EB090636095446B24509F1100902D1AE
:101CE0002046BDE8F08759F80C0C3B4600792A469F
:101CF0004146FFF7E1FF844238BF04460AF1010A7A
:101D0000EAE7194B194AD21AB5EBD20F26D203EBE8
:101D1000C5031C79BC4228BF3C46154EC0B200EB3F
:101D2000400056F825300722824023EA020304F0DF
:101D30000702824013430021032223FA02F000F03D
:101D40000700814202F1030238BF01461E2AF4D186
:101D500023F007030B4346F82530C1E70024DCE7F6
:101D6000C4E60000D4E6000054E60000C4E600002B
:101D7000C4010020F8B5094D094BED1A06460F467F
:101D8000ED080024AC4200D3F8BD002122B23B464E
:101D9000304601340AF02CFAA4B2F3E7C4E600009E
:101DA00054E6000038B50B4BC31A0D461B11114603
:101DB000426801331371436804469971FFF7DAFFF3
:101DC00063681D60636801225A71BDE83840FFF7FF
:101DD00063BD00BFC4E6000070B14168097973B10A
:101DE000002A17DBCBB20C4951F8220003EB430366
:101DF000D84000F0070070474FF0FF31EFE7074988
:101E00000748401AB2EBD00F3ABF01EBC201087984
:101E10001846704704207047C401002054E60000B3
:101E2000C4E600002DE9F04F8FB004AFC1F34A289B
:101E3000B8600D4691467B600C0DB8F1000F69D07B
:101E4000002607F114034FF0040B4FF00A0AC7F8FD
:101E50000C80C7E907667E620193CDF808B0CDF823
:101E600000A007F11C03F96832464846FFF724F941
:101E7000B0F5006F034622D32B48036813F0060F1A
:101E800019D06C468AB0D9F8041004AB274D5D61B7
:101E9000274DC3E9065140F2FF7119621A4640F21C
:101EA00001319984234B42F8103F4FF432513346AD
:101EB000FFF7B8FFA5462C37BD46BDE8F08FC0F34D
:101EC0000A0804F11700184420F0070080083B605E
:101ED000FFF766FD68F35325044690B13B68164A48
:101EE000C7E9083600F1100107F11403F961CDE9E3
:101EF00000A3CDF808B0F96807F11C034846FFF7C6
:101F0000DBF868F353257B68B9682A4620460AF057
:101F10008DF9D0E704F1170020F007008008FFF7E3
:101F20003FFD0446EDE700BFDC010020C4F60000E1
:101F30005DF700000500000101C200002DE9F04F2F
:101F400087B002AFD7E91069BD6B7960044693464C
:101F500098464EB3C7F80C90CDF80090FA6B334614
:101F600010210020FEF7D6FEB0F5006F82461CD38C
:101F70002048036813F0060F12D06C4688B002AAFE
:101F80001D4B53611D4B936140F2FF73D3610423DA
:101F900042F8103F00234FF40251FFF743FFA546DC
:101FA0001437BD46BDE8F08FB24605F11700504426
:101FB00020F0070004F007048008FFF7F1FC0BF0A5
:101FC000070BE40044EA8B1444EA4A2444EA05542B
:101FD000054640B13EB1CDF80090FA6B334651460C
:101FE0001030FEF797FE79684346224628460AF0ED
:101FF0001DF9D5E7DC01002007F7000043F70000DA
:10200000406820B1034BC01A40F38F0070474FF077
:10201000FF307047C40100200EB403B503AB014686
:1020200053F8042B0448019302F058FC02B05DF809
:1020300004EB03B0704700BF95C20000CA0605D488
:102040008B064CBF02490349FFF7E6BF704700BF4C
:1020500036FB000011F800002DE9F04F89B09B46D7
:10206000149B06939DF84CA0159B0593169B179EF9
:10207000049304460D469046BAF1000F00F09D808F
:1020800006F4807307930AF0B1F806F002090246DD
:1020900000283ED091492046FFF7BEFF0746B9F120
:1020A000000F08D016F0440F35D18D492A4620463E
:1020B000FFF7B2FF074406F0010353B1894B8A4989
:1020C00053F82A20894B2046002A08BF1A46FFF7FA
:1020D000A3FF06F48073002B49D006F00803002B01
:1020E00063D1B8F1000F66D0814942462046FFF720
:1020F00093FF0546069B3D44002B6DD1049B002BAE
:1021000073D1F30700F1E48031462046FFF796FFD4
:10211000D8E00746C3E7774B18680028CAD0764B4B
:102120004FF47A791B68B5FBF3F54FF46161B5FBA9
:10213000F0F300FB135509FB05F54FF03C0CB3FB26
:10214000F1F201FB1231B5FBF0FEB1FBFCF300FB39
:102150001E550CFB131109FB05F50091B5FBF0F5BD
:102160006649CDE901E52046FFF756FFA2E706F0F4
:102170000803EBB1624B634953F82A202046FFF76E
:102180004BFF0546B8F1000F05D05949424620469D
:10219000FFF742FF0544BBF1000FABD05A495A4646
:1021A0002046FFF739FF0544A4E74FF0000BE1E7B5
:1021B00006F00805E6E745469CE7BBF1010F069BE4
:1021C00006D1002B64D1049B002B7BD000250CE0B2
:1021D000002BF8D04D485CE04D48069B4D49224607
:1021E00009F028FC049B002B68D0DFF82C81DFF875
:1021F0002C91049F3146102F204628BF1027FFF74F
:102200001DFF4FF0000B5D4545DC059B49461A78E4
:102210002046FFF701FF4FF0010B1BF0070F03D122
:1022200041462046FFF7F8FE5F453BD9059B4946EE
:1022300013F80B202046FFF7EFFE0BF1010BBBF16B
:10224000100FEAD1364920464FF0000BFFF7E4FEAD
:102250005A46059B9A5CA2F120015F2928BF2E22D5
:1022600030492046FFF7D8FE0BF1010BBBF1100FF0
:102270001DD01BF0070F03D141462046FFF7CCFECF
:102280005F455A46E5D841462046FFF7C5FEEBE7D5
:102290001F485546A1E741462046FFF7BDFE0BF11A
:1022A000010BB0E720492046FFF7B6FEC5E7059BC6
:1022B0003B440593049BDB1B04939AD1BAF1000FB6
:1022C0007FF41FAF204609B0BDE8F04F09F0D5BF3D
:1022D000064A05492046FFF79FFE15E781F70000F3
:1022E00085F700007CE800005C0901007CF7000035
:1022F000AAF70000F8170020F41700208EF700005E
:1023000090E80000AEF70000B4F70000CBC2000078
:1023100095C20000DD480000C1F70000B9F70000D9
:10232000C3F70000C5F70000BFF7000073B542F225
:102330000F738B4228BF0B4605680F4A04460521E0
:10234000684608F08FFF63680C495B680646042204
:10235000284609F084FF63683246694628465B6870
:1023600009F07DFF636806495B681722284609F07B
:1023700076FF02B070BD00BFAAF40000E0F70000D5
:10238000C8F70000074A00210123904206D8064AF8
:1023900001B901231360054B1860704740085B00CA
:1023A0000121F2E740420F00F4170020F817002047
:1023B000014B0020196070471018002007B500235A
:1023C0000093084A08494FF48053012007F03CF974
:1023D000064B01221A70064B064A1A6003B05DF8DC
:1023E00004FB00BF84270020F5F700006A260020C8
:1023F0001C1800206D2600200148FFF797BF00BF82
:10240000C0E8000010B5064B18680C46FFF72EFA1E
:1024100021460346BDE8104002480E22184700BF7F
:1024200010180020C0E80000F8B5094D094B0A4E0D
:10243000D5E9004701221A700CB92C60F8BD21467D
:1024400030463A4600F01EF8241A0644F4E700BF6E
:10245000041800206B2600206C26002010B9074BC2
:1024600018707047064B1B781BB142F210700BF0CE
:1024700049BB4FF4A470002108F016B86A2600206A
:102480006B2600202DE9F74F524F01903B780C4608
:1024900043B9514F8246019B23449A452BD324EAEA
:1024A000E4700CE04D4E012501992246012007F011
:1024B0002FF8A8B1012333703B7843B9204603B00D
:1024C000BDE8F08F2846FFF7C9FF6F1E3D4601208B
:1024D00007F0B0F80028F1D03378002BF2D1EDE707
:1024E0003378002BEAD0013D2846FFF7B7FF337859
:1024F000002BD9D1E2E71AF8012B3B680A2A61D1F7
:10250000374DDFF8E0905A1B012A04BF01333B60CE
:10251000D7F80080D9F800B00D2308F8013C08F185
:1025200001020A23BBF1000F3A6088F8003029DD70
:102530002D4B196831BB2A495E46632EA2EB05027A
:1025400001F11700A8BF63260BF01AFF274A2449A0
:10255000254B02F1140052F804CB41F804CB82421F
:10256000F9D1108892788A7008F118020880BBF1BE
:10257000090F3A604FF001021A6011DC2023303657
:102580006B752E753A681649521B012006F0C0FF84
:1025900090B9D9F800300133C9F800303D607AE7CE
:1025A0000A22B6FBF2F302FB1366303330362B758A
:1025B0003E236E75EB74E5E70B4A0023C9F8003043
:1025C0001360EBE70A498B423EBF591C39601A7011
:1025D00061E700BF6B2600201C1800206A2600203F
:1025E0006D2600201818002014180020FCF70000A9
:1025F0006C270020014B036000207047D0E80000EA
:1026000010B504460AF04BFD03490246204609F086
:102610008CFF002010BD00BF3BF8000073B51346CF
:1026200000220192044601AA58680A2100F03EFEE9
:10263000019D95B920EAE0744FF40046294640F226
:10264000E7304FF47A720023C4FB0601FDF7A8FDC2
:1026500007F02AFF284602B070BD2A4602492046EC
:1026600009F071FF019DF5E767F8000008B5034A1E
:10267000034909F05AFF002008BD00BF57F90000C8
:102680005EF900002DE9F34117460023044601AA34
:10269000B86801930A2100F009FE019DC6B24DB150
:1026A0002A461449204609F04EFF019D284602B0F3
:1026B000BDE8F081042E09D90F493246204609F0C1
:1026C00042FF204609F065FF0125EFE77868FFF734
:1026D000D7FAB0F1000804DA7A680849204609F010
:1026E00032FF002133460FFA88F2084609F080FDD8
:1026F000DCE700BF89F90000B0F90000C7F900006D
:1027000010B5044603F054FA07490246204609F082
:102710000CFF2046054909F008FF0548214607F04F
:102720009DFF002010BD00BF59FA000078FA00009C
:102730003527000070B58EB004460D46D0F89C6079
:102740000BF093FA03460BF045FE214A214910583D
:10275000214A002B18BF1A460092204A2346844281
:1027600018BF0A4628461E4909F0DFFED4E90A23AD
:10277000CDE90023284694F90E30227B194909F04F
:10278000D4FE06A92022204607F00EFB636E1649F0
:102790000246284609F0C9FE05A920460BF075FA45
:1027A000024628B11149284609F0BFFE0EB070BD9F
:1027B000059B6422F11A4A430091B2FBF6F20C49E0
:1027C000CDE901622846324609F0AFFEEEE700BFD0
:1027D00008000000C1F7000082FA0000EC020100CE
:1027E00085FA000091FA0000BDFA0000D4FA00005A
:1027F00001FB0000F0B5002591B00446294608AF62
:102800001C2209A80BF0D6FD134E1A2220213846AF
:102810000BF0D0FD2146114807F020FF07AA4FF426
:10282000805130460BF025FA079A0097C2F5805187
:1028300064234B431B0B05934FF48053CDE90313E3
:10284000CDE90132204606492B46A6F1400209F0A7
:102850006CFE284611B0F0BD807000206528000095
:1028600052FB000070B50446D0F89C6088B00D465D
:1028700007A90BF00AFA024628B10F49284609F0C9
:1028800054FE08B070BD20460BF0EFF9079B009690
:10289000F11ACDE90131094B64224A43002818BFDF
:1028A0000346B2FBF6F20649CDE90362284622460A
:1028B00009F03BFEE5E700BFD4FA000082FA000011
:1028C0009BFB000007B5064A0648126804230093E4
:1028D0000021012300F022FB002003B05DF804FB7F
:1028E00024E90000D4E6000037B544680A492260B4
:1028F00004F108052364002228460BF006FB41F68C
:102900009A12E46300232846CDE9002308F094F8E6
:10291000002003B030BD00BF81C3000010B9034BDD
:1029200018707047A420002107F0BEBD8437002036
:102930002DE9F047154ED0F804A0884614461D46F0
:10294000042706F0ADFE22464146002006F0E0FDD9
:10295000814606F0AFFEB9F1000F0BD001233370B2
:10296000DAF80030DAF84010012098472C60002097
:10297000BDE8F0873378002BF2D0013F3846FFF7EF
:10298000CDFF3378002BDCD1EAE700BF843700208D
:1029900010B58368D3F86832DB07044616D4406864
:1029A00003685B689847014608B9A3681871A36873
:1029B0005B6B0BB120469847A3680BF00BFD002220
:1029C000C3F81023034B185801F06CFC6FF00F0193
:1029D000EDE700BF0800000010B58168044608312B
:1029E00000F0BAFDA168034A20460831BDE8104056
:1029F00000F058BD0FFC00000EB403B5044904AA52
:102A0000019200F005FC02B05DF804EB03B07047E2
:102A100036FB000010B5836802221A718268936B3E
:102A20000446EBB982F846308268A2F842308268E8
:102A3000A2F840308368D3F86832DB040BD5032159
:102A4000084B094A0AF036F8A0686FF4805100F587
:102A50001A7009F0B8FC2046BDE8104000F004BD33
:102A600010BD00BF1DFC00005C0901002DE9F04F06
:102A7000A5B00446542200210FA80BF09BFC0023B4
:102A80000493A36820464633039309F0A3FF20462E
:102A900009F04EFF18B985496069FFF7ADFFA068DE
:102AA00000271422002108300BF084FC0DF13C0BB0
:102AB0004FF0FF38B9463D4602973E46BA46049B62
:102AC000012B00F09C80142D40F09580022B40F0EB
:102AD0009680774B774A01210FE05946039A0223EB
:102AE00004A809F005FE04995BF8042F039203463D
:102AF00031B101290AD148B16F4A204609F0DAFF05
:102B00006FF00705284625B0BDE8F08F2DB35BF8C0
:102B1000040C00F041FD98B167B1A5680B9708352A
:102B20000AAE0FCE0FC533682B602046FFF754FF67
:102B30000125E7E7614A0121204609F0BBFFDFE7F5
:102B4000029BC3B108F1FF38FEB9049BB8F1000F36
:102B500001D1022BB3D10135B1E7029B5BB108F182
:102B6000FF3896B9A368DB69002B3BD0DB68002BEC
:102B700038D0002633E05BF8041C05AA504609F063
:102B800087FE08F1FF38064638B3F368ABB1A36897
:102B9000B64603F1080CBEE80F00ACE80F00DEF803
:102BA0000030CCF80030B36833B9737CFE2B04BF1F
:102BB00096F8108008F1FF38A946D6F804C0BCF199
:102BC000000F08D0B646BEE80F000AAF0FC7DEF808
:102BD00000303B606746B246B7E7002DC2D0012304
:102BE0000293B2E7364B0093364A0F9B01212046F1
:102BF00009F060FFBDE7B8F1000F7FF46EAFBAF1E6
:102C0000000F0AD09AF81130FE2B06D124AB03EB4B
:102C1000850353F8543C03B10135A068436953B9A7
:102C2000002F3FF46DAFC368BB423FF47EAF0B97FC
:102C300000F1080574E7037EA5EB0905B3B1417EF9
:102C40004FF6FF72FF2918BF0A469D4202D3134474
:102C50009D420BD983681C4A0121204609F02AFFB6
:102C60002046FFF7B9FE6FF015054BE7012109F08B
:102C7000E0FBA06800F53F7009F0F5FBA3680FAA20
:102C8000294602EB89025B69204698470546A06801
:102C90004FF0FF324FF0FF3300F53F7009F0B8FB03
:102CA000A068002109F0C5FB2CE700BF36FB00003F
:102CB000ADFC00006C04010061FC000075FC00002C
:102CC00099FC000093FC0000D1FC000070B50446A4
:102CD000806886B0012100F51A7009F065FBA368D1
:102CE0001B79022B20D100230193A36860689E6B9F
:102CF00003681D6901AB0EB3102202A9A847019B0E
:102D000093B1A068012109F094FB019A02A9204621
:102D1000B047A068002109F08CFBA3689B6B002BD7
:102D2000E3D12046FFF776FEA0686FF0010100F5C1
:102D30001A7006B0BDE8704009F045BB01220DF1E4
:102D40000301A847019B002BEED09DF903209DF8BD
:102D50000310A368002AC8DB5A79032A00F2818095
:102D6000DFE802F00278817F0D2940D00A2921D0C6
:102D7000B3F868226FF3CA02A3F868220929A06891
:102D80004AD007D80029B0D0082948D00346D3F844
:102D90006432AAE71B293CD07F294BD020395E2919
:102DA0000346F4D809F040FB9DF80310204600F0DC
:102DB00023FB9AE7D3F86822C2F3C7022AB1D3F8FB
:102DC0006822C2F3C7020A2AE1D1B3F8682261F38C
:102DD000CA02A3F86822A568B5F840309BB94E49ED
:102DE0006069FFF709FE2046FFF714FE7DE7D3F880
:102DF0006822C2F3C702002AE7D0D3F86822C2F3E0
:102E0000C7020D2AE0E72046FFF730FEC5F814039D
:102E1000E9E70123437168E7D0F8643265E7D0F849
:102E200064329B077FF561AF09F0FEFA204609F096
:102E3000A8FE5AE7D0F864329E077FF556AF09F036
:102E4000F3FAA368D3F864321D07EFD4204609F0E3
:102E500079FE4AE75B2902D102225A7145E7D3F88D
:102E600064220022F9E700225A71A268D2F8643283
:102E700098077FF53AAF34290CD830297FF635AF63
:102E8000A1F1320303215171022B2FD8DFE803F0A7
:102E9000323C2A00A1F14303DAB2092A3FF625AFFA
:102EA000092B3FF622AF01A252F823F0D52E0000E5
:102EB000DD2E0000EB2C0000E52E0000EB2C0000C6
:102EC000ED2E0000EB2C0000EB2C0000EB2C0000A2
:102ED000F52E0000204609F08FFD06E7204609F098
:102EE00082FD02E7204609F075FDFEE6204609F066
:102EF0006AFDFAE6A068D0F8641201F0010181F0E1
:102F0000010109F0A1FAF0E6A368D3F864329B0747
:102F10007FF5EBAE9AE700BF36FB00002DE9F047E6
:102F2000044680680F46D0F8101388B015461E4638
:102F300000296BD190464FF446720BF03BFAA06823
:102F400000F53F700AF074FE4FF42B7A4FF41B79B2
:102F5000A06848440BF047F9A068002200EB090381
:102F60000121504409F110090BF014F9B9F52B7F38
:102F70000AF1140AECD1A36900221A60A0680221A8
:102F800000F51A7009F010FAA36850225A85A36858
:102F900018221A85A36822681A60D4F80890D9F814
:102FA000000010B1FDF728F980B289F82C00A36861
:102FB000184A25F0360565F30708C3F8648260688F
:102FC000036839461D682346A8470546D0B9A3685B
:102FD00001221A71D4E90A0100220023CDE9062357
:102FE0000E230393109B0495CDE9016300940A4BD3
:102FF0004FF4805206F09CFFA368C3F81003616A87
:1030000006F0C2FE284608B0BDE8F0876FF07705ED
:10301000F8E700BF15C400006130000010B5044699
:1030200080680379012B15D14FF0FF324FF0FF3349
:1030300000F53F7009F0ECF908496069FFF7DCFC26
:103040002046FFF7E7FCA06800F53F7009F00BFA97
:10305000002010BD6FF08500FBE700BF36FB0000CD
:10306000F8B504468068154600F51A70002935D079
:103070004FF4804109F098F9A368DD636068036844
:1030800000219B689847002844D12046FFF7C6FFDF
:1030900000283FD1204E214FA06800F52B704FF043
:1030A000FF324FF0FF33032107F000FD0546A06813
:1030B0004FF0FF324FF0FF3300F53F709DB109F044
:1030C000A7F920462B46164A012109F0F3FCA06817
:1030D000BDE8F84000F53F7009F0C5B96FF48041D4
:1030E00009F071F9C8E709F093F932460221204648
:1030F00009F078F920463A46294609F073F96068E4
:1031000003685B6903B19847A06800F53F7009F058
:10311000AAF9C1E7F8BD00BF91290000CD2C00003D
:10312000ECFC000010B50549044609F0FEF9204604
:10313000034A002100F0B6F9002010BD03FD000095
:1031400057FD0000F8B517461E460A4629490446B1
:1031500009F0EBF93EB33A782749204609F0E5F942
:1031600001256A0703D12549204609F0DEF9AE4260
:103170001ED97A5D2049204609F0D7F90135102D76
:10318000EFD11F49204609F0D0F9B6B91B492046B6
:1031900009F0CBF90125AE422B4610D8174920463D
:1031A00009F0C3F915E01749204609F0BEF90125D9
:1031B0001449204609F0B9F9E0E700252B46FA5CEE
:1031C0001149A2F120035F2B28BF2E22204609F0CF
:1031D000ACF90135102D06D06B07DCD1074920462C
:1031E00009F0A3F9D7E720460849BDE8F84009F0FF
:1031F0009CB900BF6DFD0000B9F70000C1F70000E9
:10320000C3F70000BFF70000C5F7000074FD000021
:1032100010B5044613460A460146064801F05EFB17
:1032200023691B7923B12046BDE8104009F0C6B9D7
:1032300010BD00BFD5C5000038B50B46154648B9CE
:103240001449154A521AB3EB920F05D251F8235084
:10325000284638BD84680CB90025F9E70F4A944226
:103260000AD30F4A944207D218462268294690474B
:103270002B68002BECD1EFE70A4A944202D30A4AAA
:10328000944205D3246814225343E518E358F0E729
:103290000133F8E704E7000014E7000004E8000049
:1032A00008E8000014E7000004E80000F7B516463F
:1032B000027800232D2A0446019305D16FF01503EF
:1032C0003360002003B0F0BD0BF084F80B4F0546CF
:1032D000C3510A46204601A908F066F8EB59222B93
:1032E00002D16FF02103EBE7002BE7D1019BA34252
:1032F000E4D01B78002BE5D0E0E700BF0C00000015
:10330000014909F0F3BA00BF36FB00002DE9F04790
:103310008568DFF86890044605F14600FCF76CFF0D
:10332000002395F82C7086B29846A268558DED1B47
:10333000B54209DB002E1FDD463360691049BDE848
:10334000F0471A4409F0D2BA1D442A44463392F891
:1033500046A082F84680A26860691A44494609F08E
:10336000C5FAA3682B4483F846A0A3685B8DDB1BDA
:10337000F61A00272B46D8E7BDE8F0876C04010059
:103380005C0901002DE9F04183681746B3F842203B
:103390000D46D3F86412463213444A07044621D539
:1033A0001846FCF729FFDFF848800646A6B9A3684F
:1033B000B3F84020A3F84220A06809F0A4FA20B195
:1033C00007B115B16069FFF79BFF6942204609B25A
:1033D000BDE8F04109F0D8BA6069414609F086FAC3
:1033E000013EE3E7034A082109F064FBDFE700BF81
:1033F000EC0201005C09010013B583688DF8071029
:10340000D3F864220446D00725D5B3F84210B3F8A8
:1034100040208A421FD0481CA3F842000B449DF86C
:10342000072083F84620A368D3F86412890710D5D3
:10343000D3F8643260690B4913F0040F18BF2A22D5
:1034400009F054FA204609F073FA10B16069FFF7E9
:1034500057FF02B010BD01220DF10701204609F00F
:1034600037FBF6E7C5F7000010B58368094A1B680B
:103470000446022109F01EFBA368D3F864329B07BF
:1034800007D52046FFF742FF2046BDE8104009F06F
:1034900067BA10BD5C090100014909F085BB00BF96
:1034A00036FB00002DE9F04F0E46002189B004469E
:1034B00017460D4603AA304601F10108FFF7BCFE8E
:1034C000B0B995B127B13A460821204609F0F2FA81
:1034D0001E4FDFF87C90DFF87CA0002103AA304665
:1034E00001F10108FFF7A8FE60B909B0BDE8F08F4F
:1034F000006810B1FCF780FE80B2854238BF0546F7
:103500004146D7E703688BB11A787AB1D0F804B096
:103510004A46CDE9005308213B46204609F0CAFA45
:10352000BBF1000F04D16069FFF7B6FF4146D5E754
:10353000524620463B46082109F0BCFAAA1D92B229
:103540005946204609F03DFBF0E700BFAAFD000008
:1035500090FD0000B4F70000F7B50F6805460E4671
:10356000A7B13846FCF748FE84B2094B00932846C1
:10357000084A3B46082109F09DFAE21C716892B2A4
:10358000284603B0BDE8F04009F01BBB3C46ECE721
:10359000A6FD000097FD000010B507490446FCF7A2
:1035A00019FE38B105492046FCF714FEB0FA80F048
:1035B000400910BD0120FCE79CFD00009FFD0000BC
:1035C00008B5044808F08EFABDE80840024808F043
:1035D00089BA00BFADFD0000E2FD0000014807F020
:1035E00099BC00BF68E9000038B5044618B90F4B14
:1035F0000F485B6898476168B1F5683F10D0B1F536
:10360000680F0DD00B4DA9420AD011F468612068F3
:1036100007D0014608480AF0D2FA0023236065600B
:1036200038BD14220AF0C6FEF9E700BF14010020DD
:1036300010FE00002C5F5CA93C20002008B520B3E0
:103640004368B3F5683F10D101220368BFF35B8F75
:1036500053E8001F002903D143E800200028F7D1D8
:10366000BFF35B8F0DD1002008BD094A93420AD0F9
:1036700000684FF0FF324FF0FF3306F085FA002864
:10368000F1D00448F0E70448EEE76FF4E040EBE7E0
:103690002C5F5CA9E98FFFFFEA8FFFFF08B5D8B167
:1036A0004368B3F5683F10D100220368BFF35B8F16
:1036B00053E8001F012903D143E800200028F7D177
:1036C000BFF35B8F0BD1002008BD074A934208D09F
:1036D000006806F0D1FAF6E76FF4E040F4E703483B
:1036E000F2E70348F0E700BF2C5F5CA9E98FFFFF1A
:1036F000EA8FFFFF10B5044618B91D4B1D485B68E3
:1037000098476368B3F5683F2FD0B3F5680F2CD0A6
:10371000194A934219D1236803BB18484FF0FF326E
:103720004FF0FF33214606F001FA08B923681BB9B0
:103730000F4B13485B6898472068142200210AF059
:1037400039FE4FF46863636008E0B3F5683F0DD855
:103750003A2B03D040F6BA629342DED120680AF0D9
:1037600067FA636843F03A03636010BD054AF3E704
:103770001401002010FE00002C5F5CA93C200020FA
:1037800036FE00003A00003A08B5064906484023D4
:1037900014220AF006FABDE808400449044807F07C
:1037A0002BBC00BF3C1B00203C20002070E9000027
:1037B00084E900002DE9F047054600AF0C460029DA
:1037C00063D0DFF808A1DAF800305A075DD06E4602
:1037D0008AB0D1E90001A3686A46DFF8F480DFF817
:1037E000F4C0C2F814C04FF00609C2E90680C2E96D
:1037F000081342F8109F00234FF441515046FEF742
:1038000011FBDAF800305B07B5463ED08AB0D4E948
:10381000030163696A46DFF8C0C05362C2E905C8A4
:10382000C2E9070142F8109F002350464FF441516E
:10383000FEF7F8FADAF800305807B54625D088B018
:10384000E3696A462549D3614FF00409C2E90518C6
:1038500042F8109F00234FF401515046FEF7E2FA60
:10386000DAF800305907B5460FD088B0A3696A4628
:103870001B49D361C2E9051842F8109F00234FF499
:1038800001515046FEF7CEFAB546012D17D1EFF3A0
:1038900005830E480268520711D06E4688B06A460A
:1038A00010495161103BD3610F499161042342F8E3
:1038B000103F00234FF40151FEF7B4FAB5462146FC
:1038C000284605F055FFBD46BDE8F087EC01002015
:1038D00025FF000063FE000096FE0000C9FE000008
:1038E000DCFE00000EFF00002EFF000030BFFFF7DF
:1038F000FDBF00BF2DE9F0410B4EDFF8308006EB35
:103900000807CC1B05463246094920460AF02AFD25
:10391000A01942460021083C0AF04CFDC5F8A84019
:1039200007F10800BDE8F081000000000800000079
:1039300008E80000074A936893F90E10002907DB96
:10394000526993421FBF044A536843F08053536047
:10395000704700BF5424002000ED00E02DE9F04145
:10396000694C23680646580700AF0D460FD0E8465D
:1039700088B06A46654B5361654B9361032342F8F7
:10398000103F4FF4C251204609F09BF9C546614BE8
:103990009B6AD90440F19D8023685A070FD0E846FE
:1039A00088B06A465C4B5361594B9361032342F8DC
:1039B000103F55484FF4C25109F083F9C54617200E
:1039C000544B9B6A1B0513D5236858070FD0E84654
:1039D00088B06A46514B53614D4B9361032342F8C3
:1039E000103F49484FF4C25109F06BF9C546182001
:1039F000484B9B6A990532D523685A070FD0E84691
:103A000088B06A46464B5361414B9361032342F8A9
:103A1000103F3D484FF4C25109F053F9C5463D4BA4
:103A2000996B9B6A1B0419D52368580710D0E84688
:103A300088B06A463B4B5361354B3348C2E9063187
:103A4000042342F8103F4FF4015109F03AF9C546FA
:103A500026B1304A936A23F40043936219202D4B18
:103A60009B6A5A0513D523685B070FD06E4688B052
:103A70006A462D4B5361264B9361032342F8103F56
:103A800021484FF4C25109F01CF9B5461A20214BC8
:103A90009A6AD6051FD5236859070FD06C4688B09F
:103AA0006A46224B53611A4B9361032342F8103F3D
:103AB00015484FF4C25109F004F9A5461B20154AD8
:103AC000936A43F47F43936200232B70BD46BDE8A5
:103AD000F081162074E79B6A9A04F0D523685B078F
:103AE0000FD06C4688B06A46114B5361084B936106
:103AF000032342F8103F04484FF4C25109F0E1F8A3
:103B0000A5461C20DBE700BFEC01002040FF0000C1
:103B10001B03010000ED00E05AFF00006FFF0000F2
:103B200086FF0000A3FF0000BCFF0000DBFF0000D9
:103B3000F7FF0000B0B5584C23685D0700AF0FD009
:103B40006D4688B06A46554B5361554B93610323CC
:103B500042F8103F4FF4C251204609F0B2F8AD468A
:103B6000504B9B6A980140F19580236859070FD00C
:103B70006D4688B06A464C4B5361494B93610323B1
:103B800042F8103F44484FF4C25109F09AF8AD464C
:103B90001E20444B9B6ADA0113D523685B070FD0C4
:103BA0006D4688B06A46414B53613D4B9361032398
:103BB00042F8103F38484FF4C25109F082F8AD4640
:103BC0001F20384B9B6A1D0313D5236859070FD05C
:103BD0006D4688B06A46364B5361314B936103237F
:103BE00042F8103F2C484FF4C25109F06AF8AD4634
:103BF00021202C4B9B6A5A0313D523685B070FD0F7
:103C00006D4688B06A462B4B5361254B9361032365
:103C100042F8103F20484FF4C25109F052F8AD4627
:103C20002220204B9B6A9D0313D5236859070FD090
:103C30006D4688B06A46204B5361194B936103234C
:103C400042F8103F14484FF4C25109F03AF8AD461B
:103C50002320144B9B6ADA0313D523685B070FD02C
:103C60006C4688B06A46154B53610D4B9361032334
:103C700042F8103F08484FF4C25109F022F8A54617
:103C80002420084A936A6FEA03436FEA134393625E
:103C9000BD46B0BD1D207CE7EC0100202A000100DC
:103CA0000F03010000ED00E0460001005D0001008F
:103CB0007B0001009D000100C6000100E40001003E
:103CC0002DE9F0476E4D2B688A46590700AF8146B3
:103CD00090460FD06C4688B06A466A4B53616A4B77
:103CE0009361032342F8103F4FF4C251284608F075
:103CF000E8FFA546654B9B6ADA0665D52B685B072E
:103D00000FD06C4688B06A46614B53615E4B93613D
:103D1000032342F8103F5A484FF4C25108F0D1FF34
:103D2000A5461124594B9B6A1E0713D52B685807CB
:103D30000FD06C4688B06A46564B5361524B936124
:103D4000032342F8103F4E484FF4C25108F0B9FF28
:103D5000A54612244D4B9B6A990737D52B685A0705
:103D60000FD06C4688B06A464B4B5361464B93610B
:103D7000032342F8103F42484FF4C25108F0A1FF1C
:103D8000A546424B5E6B9B6A1B0676D52B685C078B
:103D900010D06C4688B06A46404B53613A4B384865
:103DA000C2E90636042342F8103F4FF4015108F0EF
:103DB00088FFA546BAF1000F04D0344A936A23F075
:103DC00080039362132403E01024ABE76FF0150621
:103DD0002E4B9B6AD80713D52B6859070FD06C461A
:103DE00088B06A462E4B5361274B9361032342F8F8
:103DF000103F23484FF4C25108F063FFA546142436
:103E0000224B9B6A9A0613D52B685B070FD06C4632
:103E100088B06A46234B53611B4B9361032342F8DE
:103E2000103F17484FF4C25108F04BFFA546152428
:103E3000164B9A6AD50602D49A6A90070AD55B682F
:103E4000190507D54946304600F02EFB10B180F326
:103E5000098802240D4B9A6A920642BF5A6A22F4DC
:103E600000525A629A6A42F0FF029A622046002388
:103E700088F80030BD46BDE8F0876FF01506A1E771
:103E8000EC010020130101002503010000ED00E01A
:103E90002D0101006FFF000064010100800101009D
:103EA0009A010100F7FF00002DE9F0419D4B8AB017
:103EB000D3F8048000AF0446C8F30806002585F354
:103EC0001188BFF36F8F02F07F43B3F17F4F16D19C
:103ED00002F00C03082B26D19348036859070ED033
:103EE0006C4688B06A46914B5361914B93610323B2
:103EF00042F8103F4FF4C25108F0E3FEA5460025FA
:103F00002C460023FB71F31E092B00F2E580DFE84D
:103F100013F00F00CB00CE00C700E300E300E30086
:103F2000E300E300D10012074CBF0C460125E8E78F
:103F30007D4E33685B070FD0E84688B06A467D4BFC
:103F400053617D4B9361032342F8103F4FF4C251FC
:103F5000304608F0B6FEC5460023FB71714BDA6AA5
:103F6000900714D5336859070FD06E4688B06A465B
:103F7000724B5361704B9361032342F8103F6A48C0
:103F80004FF4C25108F09DFEB546002358E0DA6AAE
:103F9000002A07DA33685A07F7D06E4688B06A46B7
:103FA000674BE6E7DB6A5B00EFD5336858070FD055
:103FB000E84688B06A46634B53615F4B93610323C5
:103FC00042F8103F58484FF4C25108F07AFEC546F7
:103FD000544BA1695A6942F480725A61BFF34F8F02
:103FE000BFF36F8F5A6931F8021C22F480725A6154
:103FF000BFF34F8FBFF36F8F4DF60272914209D01E
:104000009A6AD2B2002A3DD0FA1D01212046FFF75C
:1040100057FE47E03368590711D06E4688B02368D1
:104020006A464949516144493F48C2E9061304239D
:1040300042F8103F4FF4015108F043FEB5462368A3
:10404000FA79DAB907F1080604F1200C20686168F2
:10405000324603C2083464451646F7D17A6A002D09
:104060005BD0C2F3080121B96FEA52226FEA422203
:104070007A6207F108011846FFF79CFB2837BD4616
:10408000BDE8F0819A6A12F47F4F04D0F91D012037
:10409000FFF764FC06E09B6AB3F5803FFFF475AF61
:1040A000FFF748FD0346CBE7FA1D0021AEE7F91DF7
:1040B0000020EDE71C4803685A073FF466AF6E46E0
:1040C00088B06A46214B5361214B9361032342F828
:1040D000103F4FF4C25155E7134803685B073FF4A4
:1040E00054AF1C4A1C4B18F4F87FE8468AB018BF3E
:1040F00013466A46194951611949C2E9061340F24B
:1041000001339384103E174B16624FF4315142F83D
:10411000103F08F0D6FDC54637E722F4FF7222F0C3
:104120000102A5E700ED00E0EC010020EB01010039
:10413000410301001A0201003603010035020100AB
:104140005A0201006C0201008F020100AF0201005F
:1041500001030100D2010100BD010100D7020100ED
:10416000EE02010005000001044B5A6942F0100202
:104170005A615A6922F008025A61704700ED00E066
:10418000EFF30880EFF3098101B57246FFF78CFE6B
:1041900001BD00BF002080F31488BFF36F8F04F0CF
:1041A00021F8002011490860BFF34F8F104880F3B9
:1041B000088800F045F8202080F311880D484FF062
:1041C000AA014FF4825209F0CDFC0A484FF4825103
:1041D000401880F30988EFF314800221084380F32C
:1041E0001488BFF36F8F00F027F9000094ED00E012
:1041F000C098002040700020BFF34F8F0549064B48
:10420000CA6802F4E0621343CB60BFF34F8F00BF74
:10421000FDE700BF00ED00E00400FA050749D1F812
:1042200090200023C2F307221846934200DB704718
:10423000C1F89830C1F8A0000133F6E700ED00E0C6
:1042400008B572B6002383F31388FFF7E7FF144B1A
:104250004FF0FF32C3F88020C3F88420C3F88820D1
:10426000C3F88C20C3F89020C3F89420C3F898209A
:10427000C3F89C20C3F88021C3F88421C3F88821A7
:10428000C3F88C21C3F89021C3F89421C3F8982176
:10429000C3F89C2162B6BFF34F8FBFF36F8F08BD89
:1042A00000E100E0084B9B6883420BD1EFF30583EC
:1042B00043B1064B5A6842F080525A605A6A22F45F
:1042C00000425A6209F0C1BD5424002000ED00E014
:1042D0000A4A93686FF00A01C3F8B0100849C3F89E
:1042E000AC004B6843F080534B60002383F311888C
:1042F000BFF36F8F9368D3F8B00070475424002049
:1043000000ED00E010B50446EFF31183202383F3A2
:104310001288BFF36F8F0C4B586998600B4B4FF0AE
:1043200000625A600A4BD0F8A8201A600022D0F828
:10433000AC30C0F8AC2083F31188BFF36F8F00F06E
:104340001FF9204610BD00BF5424002000ED00E0FE
:10435000582000200B498A684FF030001044EFF3DA
:10436000098C80E8F01F74467046FFF7CBFFA64625
:1043700004498A6802F1300090E8F01F8CF3098844
:1043800070470000542400201EF0040F0CBFEFF310
:104390000880EFF30980816911F8021C0229FFD01F
:1043A00001B508F083FC01BD40B2002807DB044AD8
:1043B0004109012300F01F00834042F8213070477B
:1043C00000E100E040B200280CDB4309064900F0A0
:1043D0001F0020330122824041F82320BFF34F8F7A
:1043E000BFF36F8F704700BF00E100E0054B42094B
:1043F00000F01F0053F82220012303FA00F01040C0
:10440000704700BF00E100E040B20028A8BF00F103
:10441000604001F10101B8BF064B4FEA4111ACBF4A
:1044200000F5614000F00F00C9B2B4BF195480F824
:104430000013704714ED00E00B4A08B50B4B22F057
:104440007F029A60BFF34F8FBFF36F8FD3F888203E
:1044500022F47002C3F8882005F09CFA06F022F9D5
:1044600000F064F805F0DEFA0000000000ED00E066
:1044700042F8203C009B42F81C3C0A49019B42F850
:10448000183C029B42F8143C21F001014FF080736C
:1044900042F8043C42F8081C0023203A0265C0F8A8
:1044A000AC307047951400000A4A0346906878B112
:1044B00013F1160FD0F8980005D0A0F140029A42EF
:1044C00005D8834203D2814228BF002070470020D4
:1044D000704700BF5424002008B515460C4A0D4B08
:1044E0009060D0F8A8201A600E4600F049F82C46DB
:1044F00086F309884FF00000074B984720464FF09D
:1045000000014FF000024FF00003044C204700BFB1
:104510005424002058200020D1CC00009514000025
:10452000014B10221A61704700ED00E0044800239F
:104530002021C2180133302B82F80013F9D17047C3
:1045400000E100E008B5EFF30583064A103B02EBFB
:10455000C30152F8330049688847BDE80840FFF7B7
:10456000E9B900BFD4E40000024B034A034801212B
:1045700000F0BCB8000004200000002094E9000016
:10458000D0F89820054B403A1A60054A4021C3E90B
:1045900001121846012100F0B3B800BF5C200020D2
:1045A00000000B1598B503460C480268520700AF8F
:1045B00010D06C4688B06A46094951610949C2E980
:1045C0000613042342F8103F00234FF40151FDF776
:1045D00029FCA5466FF01500BD4698BDE8010020F6
:1045E0004D0301009E03010010B40E4CD4F890302E
:1045F000C3F30723013B984202D910BCFFF7D2BF97
:10460000C4F898000B6823F01F03034343F0100322
:10461000C4F89C308B6843F00103C4F8A03010BC90
:10462000704700BF00ED00E02DE9F04184B00E4678
:1046300000AF984604460025B5421FDA606800289E
:1046400035D0B8F1000F23D0411E08421BD01948C5
:1046500003685B0710D06C4688B06A46164B5361FE
:10466000164BC2E90635042342F8103F00234FF4ED
:104670000151FDF7D7FBA5466FF015021046103724
:10468000BD46BDE8F0811F28E1D923681942DED17B
:1046900023687B6008F03FFBA368391D0343D0B259
:1046A000FB60FFF7A1FF10F1160FE5D0421C0135AA
:1046B0000C34C1E7E801002077030100B7030100D3
:1046C000044B0522C3F89420BFF34F8FBFF36F8FC5
:1046D000704700BF00ED00E0BFF35F8F024B002288
:1046E000C3F89420704700BF00ED00E010B5034C04
:1046F00001232278FFF798FF207010BDA337002018
:1047000008B50B4A00231278FFF78EFF10F1160F41
:1047100007D0084A0021D2F89030C3F3072398420B
:1047200000DB08BDC2F89800C2F8A0100130F2E723
:10473000A337002000ED00E02DE9F0435748584929
:10474000D0F890300D68C3F307239D4285B000F286
:10475000A180FFF7C1FF49680022954201F10C01D9
:104760001AD1504C504F25706846FDF743FFDFF8D3
:104770003C81DFF83C9106460025AE421FD12378EC
:1047800046490020D1F89020C2F3072293427BDBF8
:10479000FFF796FF00204CE0C0F8982051F80C3C41
:1047A00023F01F03134343F01003C0F89C3051F86B
:1047B000043C43F00103C0F8A0300132CDE700987B
:1047C00000EB05114FEA051CCB683B40B3F5000F29
:1047D00044D00AD8B3F5001F2ED0B3F5800F34D0E3
:1047E000B3F5801F10D00135C7E7B3F1807F3ED00D
:1047F000B3F1007FF7D150F80C3088684A6808F0B0
:104800008AFA40F4802009E050F80C3088684A6841
:1048100008F081FA40F0885040F43020039001A95C
:104820002078CDE90123FFF7DFFE002828DA6FF0BA
:10483000150005B0BDE8F08350F80C3088684A6870
:1048400008F069FA40EA0800E8E750F80C30886898
:104850004A6808F060FA40EA0900DFE750F80C30D7
:1048600088684A6808F057FA40F08270D6E750F836
:104870000C3088684A6808F04EFA40F08870CDE73E
:10488000237801332370AEE7C1F89830C1F8A00057
:10489000013377E74FF0FF30CBE700BF00ED00E0DA
:1048A000A0E90000A33700200000F0FF000008117D
:1048B0000000020708B5024B1B689847002008BD9E
:1048C00068200020034B044A1860937843F00203E9
:1048D000937070476820002038000020F0B587B042
:1048E00007460E4614460021102268461D4609F070
:1048F00061FD02238DF802302A46054B01932146C3
:104900006846CDE9047606F0B5FD07B0F0BD00BFFE
:1049100037CD000008B50649064821F00701C1F16E
:10492000005202F5802207F048F8002008BD00BFC1
:1049300047C900206C200020044A0123C2F84035FA
:104940004FF080420020C2F87835704700E0014007
:1049500020B1034B800143F001031847704700BFAB
:1049600050E80000084B70B5C31A0D4607499B106C
:10497000044659430648402208F0F1F92B46014607
:104980002046BDE8704018478C200020B76DDBB68C
:1049900070E4000073B50C4C0C4A4023041B0093D8
:1049A0000D460B460A49A41061430646094808F023
:1049B00001FA011E05DA30462B4602B0BDE8704010
:1049C000184702B070BD00BF8C2000201DCE000033
:1049D000B76DDBB670E4000010B5EFF3118420234F
:1049E00083F31288BFF36F8F074A136823F0020125
:1049F000DB07116002D4012008F0F8FE84F311886F
:104A0000BFF36F8F10BD00BFDC200020002270B507
:104A1000012104461046FFF7F7FC0F4803F06CFD38
:104A20000E4B984215D103F077FD26690C493046AC
:104A300007F012FB00280BDB0125356424690849C7
:104A400004F11C0007F008FB002801DBE5640020EE
:104A500070BD6FF00400FBE7654B00000000AD0B7C
:104A6000C0E900007FB500220123CDE9022304AB99
:104A7000CDE90433094ACDF800D06B46CDF804D017
:104A800008F0C5F9002805DB4FF480420023684692
:104A900005F054F907B05DF804FB00BF3BCE000001
:104AA00030B4104B0C2202FB003301460020D3E946
:104AB0000E529863EFF31180202484F31288BFF321
:104AC0006F8F1C6C04F0C00444F002041C6480F37B
:104AD0001188BFF36F8F1DB12B46034830BC1847B8
:104AE00030BC70478C20002070E4000010B4EFF35D
:104AF0001182202383F31288BFF36F8F1748016858
:104B000041F002040460C80707D482F31188BFF3A0
:104B10006F8F012010BC03F011BD4FF08041D1F820
:104B20000C04D1F80C14C907EFD5EFF3118083F30F
:104B30001288BFF36F8F0A490B6C03F0C00343F078
:104B400002030B6480F31188BFF36F8F82F3118827
:104B5000BFF36F8F002010BCFFF7A2BFDC20002046
:104B60008C20002010B1012804D07047034B1B6C2F
:104B70005B0701D1FFF794BF704700BF8C20002076
:104B80002DE9F0413849BFF35B8F0746012251E818
:104B9000003F41E800200028F9D1BFF35B8F33B913
:104BA000324933484B60CB608A6007F068FA7B1E5D
:104BB000012B2BD8012F07D14FF08043D3F81C34A1
:104BC00003F00303012B21D009F049F80546F8B999
:104BD000284B1B78E3B14FF080430222C3F808232F
:104BE0000646DFF894804FF08044D4F81824D4F8B7
:104BF0001834D20315D503F00303012B01D0012F84
:104C00000FD155B386F31188BFF36F8FBDE8F081E4
:104C1000EFF31186202383F31288BFF36F8F0125F2
:104C2000DFE7ADB1304608F067F8D4F81835002B4F
:104C3000DBD1D4F80421002AD7D0C4F80431D4F849
:104C400004310123C4F81835C8F88031A360CCE7DB
:104C50000021212005F028FCE7E74FF080430222E5
:104C6000C3F80423D2E700BF88200020782000206A
:104C7000A8200020A557002000E100E010B5044C5A
:104C80002046FCF701FC2046FFF71CFE002010BD6B
:104C9000954C000073B5104E8DF8070004460325AF
:104CA00001220DF10701002004F0A2FC20B1012334
:104CB0003370204602B070BD3378002BF9D0013D2F
:104CC00008D008F0CCFF0028EAD10021422005F0EE
:104CD000EBFBE5E73570ECE7A4370020F0B5406862
:104CE000057B01F01F0444EA4514056987B0002DD7
:104CF00064D0B2F5001F00F1100506D12146284608
:104D000008F0F4FD002007B0F0BD01AE0027B2F5B9
:104D1000800F0197776039D1B3F1007F14BF05236D
:104D200004238DF804300023CDE9046303938368E2
:104D300023FA01F111F001011AD1B2F1A07F17D1CC
:104D400004F01F03620903F5E0732AD0012A3BD166
:104D50001F4A52F82330DB070AD40DF1030632460E
:104D60002146284603F0C8FE1A4B98421CD00296F2
:104D700003AA2146284603F081FD174B984220D113
:104D800001222146284603F01BFFBBE7B3F1C06FA9
:104D900005D0B3F1007F14BF01230223C1E7032331
:104DA000BFE74FF0A042D4E73146284603F002FFA8
:104DB000094B9842DBD06FF00B00A4E76FF0850041
:104DC000A1E76FF015009EE751F82330FFDE00BF2A
:104DD000000300500400AD0B0000AD0B38B5456872
:104DE0002B69B3B11035284603F0D4FE044680B9D0
:104DF0000146284603F09AFE084B98420BD1084919
:104E00002246284603F072FE224605210620FFF7BF
:104E1000FBFA002038BD6FF00400FBE70000AD0B8B
:104E2000254E0000420970B5034602D0012A17D072
:104E300070BD0D4E326951680029F9D003F01F038F
:104E400001250C689D400029F2D08A682A4002D0D2
:104E50004B68304698472CB1236821461C46F2E740
:104E6000024EE7E72346F8E798E4000084E40000F8
:104E70002DE9F043466840F20635D006337B87B013
:104E800002EA050554BFC2F34010032001F01F07DA
:104E9000B5F5837F144647EA43178DF8030045D0E4
:104EA0000FD8062D18D007D8B5B1022D40D06FF01D
:104EB000150007B0BDE8F083B5F5807FF7D1012577
:104EC0000AE040F20222954234D0B5F5407F33D05B
:104ED000B5F5007FEBD102250123220303FA01F18E
:104EE0002CD57368C3F80815326982BB07F01F031D
:104EF0007F0929D0012F77D13E4A02EB830284F447
:104F00008033D2F80017C3F30043C4F3404444EAAB
:104F1000430421F4E16144EA800421F0070144EAFA
:104F200005230B43C2F800370020C2E70725D3E76B
:104F30000425D1E70525CFE70325CDE7630344BF6B
:104F40007368C3F80C15CFE74FF0A042D5E71036D1
:104F50000DF102023946304603F0CEFD14F4403F15
:104F600080460CD13946304608F0BEFC224B9845AD
:104F7000DAD19DF80210304603F016FED4E701ABFB
:104F80004FF0000903AA39463046CDE90439CDE98E
:104F90000199CDF80C9003F071FC174B984286D123
:104FA00014F4003315D09DF803308DF80E3084F4DE
:104FB0008034C4F300444B4603AA394630468DF88A
:104FC0000C508DF80D4003F013FD0B4B9842CDD0E3
:104FD0006DE7CDE9043303AA0DF1030339463046EA
:104FE000039303F04BFCF0E703F5E07352F8233032
:104FF000FFDE00BF000300500000AD0B2DE9F341C0
:105000004FF000085668CDF8048005461446304637
:1050100004F062FB074648B928461949324607F0B2
:1050200092FA6FF0120002B0BDE8F081A0680A2287
:10503000414606F043F9BB685B684400C3B101A96F
:1050400038469847A0B9019B04F00E0123F00E03E7
:1050500019430191BB6838461B68984700280CDA51
:1050600028460849324607F06EFA6FF00400DAE786
:1050700004F00E0141F01001EBE70020D3E700BF80
:10508000290401004B0401002DE9F04F044685B0CE
:105090005068174604F020FB814648B920467A68DC
:1050A000284907F050FA6FF0120005B0BDE8F08F04
:1050B0002549DFF898A0204607F037FA4FF000089E
:1050C0004646434652460821204607F013FADFF8C9
:1050D00080B045462B1F732B07D95A46082120461E
:1050E00007F008FA18E0A846EBE70DF10303019377
:1050F0000023029302238DF80C300122ABB201A9E8
:10510000484607F0F2FED0B9124A2B460821204645
:1051100007F0F0F90136F6B2013508F11003AB42A1
:10512000D8D10D49204607F000FA802DDBD120466A
:105130007B680A49324607F0F8F90020B5E7084ACB
:10514000CCE700BF2904010070040100A5040100A0
:10515000BFF70000B9F7000036FB0000B004010003
:10516000AC0401002DE9F04F89B00646DDF848A0F7
:105170009DF84C900D4617469846084604F0ACFA48
:10518000044648B9304622492A4607F0DCF96FF058
:10519000120009B0BDE8F08F10220021384606F059
:1051A0008DF81FFA80FBB8F1000F27D010220021E4
:1051B000404606F083F80546404607F0B2FE08ABCD
:1051C0001B1A183BCDE90230CDE905A900232DBA01
:1051D0008DF8103007238DF81C3001955B460222B4
:1051E00002A9204607F081FE00280FDA304609495F
:1051F0003A4607F0A8F96FF00400CAE703238DF8D8
:105200001030CDE902A95B460122E9E70020C0E7A2
:1052100029040100C804010030B585B001230193C1
:1052200011460DF10F030093D2E9022349680546A8
:10523000FFF798FF044628B99DF80F200349284638
:1052400007F073F9204605B030BD00BFE804010047
:105250002DE9F04F89B006469DF84C408A469046AD
:105260001D46084604F038FA074648B930462A4930
:10527000524607F068F96FF0120009B0BDE8F08FF0
:1052800010220021404606F019F810220021824623
:10529000284606F013F88346284607F042FE0546E6
:1052A00063199BFA8BF0102B039006DDC5F11002F9
:1052B0001A493046D4B207F02AF90DF10F094FF020
:1052C000000B5C4519DC08AB5B1B103B0093022311
:1052D0008DF808302C441FFA8AF3012269463846BB
:1052E000019407F002FE002813DA30460C494246CA
:1052F00007F029F96FF00400BFE7129B102253F862
:105300002B00002105F0DAFF0BF1010B09F8010F6A
:10531000D7E70020B1E700BF29040100F60401002F
:105320001C05010038B505461446506804F0D4F950
:1053300040B962680B49284607F005F96FF012047E
:10534000204638BD83685B694BB198470446002806
:10535000F6D005492246284607F0F5F8F0E76FF049
:105360005704F6E7290401003B05010002780B69A8
:10537000012A08D0022A08D04AB9064A5A6303F122
:105380001C0004F0B5BC044AF8E7044AF6E7044AF6
:10539000F4E700BF0000AD0B0100AE0B0200AE0B46
:1053A0000100AD0B2DE9F04FD0F81090D0F804803B
:1053B00085B005460C461746029309F1040A4FF0E2
:1053C000FF324FF0FF33504604F0B8FC09F11C0BDC
:1053D00000230022584604F0B1FC404603F0A0FE32
:1053E0007B1E00260393B74201D8002322E0039BD3
:1053F000217AB34283BF237D83F00403C3F3800388
:1054000000230193029B0093D4E90023284600F077
:10541000A7F8034670B94FF480420023584604F0C1
:105420008DFC98B1404603F08BFE284600F086F8CC
:105430006FF004034046029303F082FE504604F0EE
:1054400057FC029B184605B0BDE8F08FD9F8343000
:10545000034A934204F10C04EAD10136C3E700BFCA
:105460000000AD0B98B5044640682346826900AF42
:1054700000F1080103F010FE104B98421CD01048B8
:1054800003685B0714D023686C468AB06A460D49EE
:1054900051610D49C2E9061340F2013313840B4BED
:1054A00042F8103F00234FF41151FCF7BBFCA54616
:1054B0006FF00F00BD4698BD0020FBE70000AD0B6C
:1054C000D4010020F70701008C080100040000014E
:1054D00098B511F001034268046900AF18D1C1F317
:1054E0004200012817D002281ED011480268520736
:1054F0000ED06C4688B06A460E4951610E499161E2
:10550000032142F8101F4FF4C251FCF78BFCA54653
:105510006FF0150006E013684FF0CC72C3F8242535
:1055200000202160BD4698BD13684FF0CD62F5E7BD
:10553000D40100201B0801007508010008B543686C
:105540001B68D3F80805D3F80C1503F0FFFE034BD6
:10555000984214BF6FF00F00002008BD0000AD0B93
:105560002DE9F04387B000AF0C46D0F8048097F8DF
:105570003C90154600211222B81D1E4608F01AFF65
:105580003A8F7A7104F0010314F008023B71BE6097
:105590003D611AD01A4803685C0705D16FF0850099
:1055A0001C37BD46BDE8F0836C4688B06A46154B93
:1055B0005361154B9361032342F8103F00234FF4CE
:1055C000C251FCF72FFCA546E8E7A10705D4B9F1C5
:1055D000000F11D1002BE1D12022391D404603F0EC
:1055E000CBFD0A4B984209D00B3398420CBF6FF0A9
:1055F0000F006FF00400D3E74022EEE70020CFE772
:10560000D4010020310801005B0801000000AD0B4F
:10561000036803F01F025B09026004D0012B0348FA
:1056200018BF002070474FF0A040704700030050A3
:105630002DE9F04F544FDFF8548185B092468146F2
:1056400000EB810140F2FF16494503D1002005B06F
:10565000BDE8F08FD9F800305804C3F3C322C3F378
:10566000080400F18B801B0E043BBD5CB44208BFF4
:105670004FF0FF34152B00F28480DFE803F00B12AB
:1056800023828282822B5A828282828282828282D8
:105690005D737679621CCAF808456CD109F104097A
:1056A000D2E7631CCAF80C45F8D04FF0010B03A8F1
:1056B0000394FFF7ADFF039B012202FA03F3C0F846
:1056C0000C3511E0CAF81045601CE7D04FF0000B14
:1056D0005A4609E0CAF80845002DF5D1631CDDD013
:1056E0004FF0000B5A460625D9F80030019303F419
:1056F0000040002818BF002203A8009218BF4FF0F6
:10570000010B0394FFF784FF039C019B009A00EBBD
:105710008400C3F3412CD0F800472B0243EA8C03EA
:10572000134304EA0804234343EA4B03C0F8003759
:10573000B4E7CAF80C45CFE7CAF86045621CD9F84F
:105740000030ABD0C3F30043002BAED003A80394CA
:10575000FFF75EFF039B4FF0010B0BFA03F3C0F85A
:105760000835B5E7CAF86445E8E7CAF86845E5E7EB
:10577000CAF86C45E2E74FF0000B98E76FF01500B0
:1057800065E76FF0850062E79E080100F0F8FCFF16
:1057900070B5012383400E4ABFF35B8FDC4352E8B0
:1057A000001F01EA040542E80056002EF7D1BFF3BE
:1057B0005B8F4FF4803282400648C0F80823BFF365
:1057C0005F8FBFF36F8F0B4214BF0120002070BDAD
:1057D000FC2000200010014070B40E49D1E90034D3
:1057E000D01AC31844F1000422F07F46C1E9003406
:1057F000A6F50013B3F5400F09D2074B1B681A0A30
:105800001B069C19054B42F10005C3E9004570BC1D
:1058100005F022B8B014002000210020B8140020A8
:1058200011B3BFF35B8F0123104A834052E800CFCE
:105830004CEA030C42E800C10029F7D1BFF35B8FAB
:105840000B4A4FF480338340C2F80433094BBFF353
:105850005B8F1B68BFF35B8FC340DB0742BF064B08
:105860004FF40032C3F80021704700BFFC20002035
:1058700000100140F820002000E100E00D4B186806
:10588000010A0006BFF35F8F0B4BD3F804351818DD
:1058900041F10001B3F5801F0AD2084BD3E9002380
:1058A000904271EB030303D210F1807041F10001CB
:1058B000704700BF0021002000100140B8140020F4
:1058C0002DE9F04F85B016461F469DF840A00446CE
:1058D000FFF75EFF0190FFF7D1FFB04271EB0703C6
:1058E00054D23E4B301A67EB0101984271F100012E
:1058F0004FD23B4B03EB0413D3E902239F4208BF73
:1059000096425ED037494FF4803804F1500508FACA
:1059100004F8AD00C1F848832046ADB207F0B3FBF0
:1059200026F07F4B05F1804504F5A87305F5883511
:10593000DC464FF003090293029A2CF07F4341F8B2
:105940002230C1F84483D1F80435274A6FF00200B1
:10595000C01A604420F07F40904232D9286868B174
:10596000D1F804350393A3EB0B0020F07F40B0F592
:10597000000F26D9204607F086FB039BBAF1000FE3
:1059800007D109EB030C09F10109D5E7BAF1000FC2
:1059900009D06FF0150520460199FFF741FF284611
:1059A00005B0BDE8F08F0123104ABFF35B8FA34021
:1059B00052E8000F184342E800010029F8D1BFF374
:1059C0005B8F07490E98230101EB0412C8500F9B0F
:1059D0005360C2E902670025DDE700BF01008000D7
:1059E000A014002000100140FDFF7F00F8200020DF
:1059F0007FB51C4C1C4BC4F80833C4F848331B4B10
:105A000000254FF0FF304FF0FF31C4F80855C3E9CF
:105A100002014FF48033C4F80433154B02264FF4CF
:105A200000320121C4F804631120C3F880212A4602
:105A3000FEF7EAFC1120FEF7B7FC0E4A0123A36033
:105A4000236013600C4B0D4A0093CDE901550023F0
:105A50002846FFF735FF3046FFF792F8284604B096
:105A600070BD00BF0010014003000F00A014002013
:105A700000E100E0FC200020D9570000FFFF7F007C
:105A80002DE9F7432F4CD4F8043399070BD5D4F8FC
:105A9000043143B12C4A0023C4F80431D4F8043152
:105AA000136801331360D4F80433DA0329D5BFF344
:105AB0005B8F264B53E8002F22F0010143E80010D2
:105AC0000028F7D1BFF35B8FD30702D4D4F840315D
:105AD000BBB10025C4F84051D4F84031FFF7CEFEE9
:105AE000EFF31182202383F31288BFF36F8F184BDB
:105AF000D3E90267B042B94106D282F31188BFF3FD
:105B00006F8F03B0BDE8F0834FF0FF384FF0FF39DF
:105B1000C3E90289D3E900101D604FF48033C4F853
:105B20004833C4F84051D4F8403182F31188BFF3B0
:105B30006F8F0029E5D0009032463B4628468847C3
:105B4000DFE700BF0010014000210020F820002006
:105B5000A014002030B5431C124C85B005D08442FF
:105B6000A8BF0446012CB8BF0124FFF787FE0E4BE7
:105B70000C4DD3E90013401AB0F5000F10D22218D3
:105B8000AA4228BF2A4652184FF000000749009148
:105B9000CDE9010043F10003FFF792FE05B030BDEF
:105BA0002A46F0E7FFFF7F00B0140020D95700001D
:105BB00008B5FFF763FE024B1B68C01A08BD00BFA3
:105BC000B014002010B5084C012363601120FEF7CB
:105BD000F9FB064BC4F80833C4F84833044B4FF4C0
:105BE0000032C3F8802110BD0010014003000F00F7
:105BF00000E100E098B50C4803685B0700AF0ED0E9
:105C00006C4688B06A46094B5361094B9361032384
:105C100042F8103F4FF4C25107F053FAA5466FF017
:105C20001200BD4698BD00BFCC010020A6080100AF
:105C30006F0B010010B504694FF0FF334FF0FF32D6
:105C4000204607F041FA237F2BB1204607F03EFAA9
:105C50006FF0770010BD08F0BDFB01222277034AE8
:105C600012581846C4E90823F4E700BF08000000F2
:105C700010B503691A7F72B108F0ACFB074A196AC4
:105C80001258914207D1002418461C775C6207F035
:105C90001DFA204610BD6FF01500FBE7080000005C
:105CA0002DE9F04F91B0066900AF8946054606F52B
:105CB000917107F12C0090464FF4807201F03EFA8A
:105CC0007369B049013373614A46C9F8003007F17E
:105CD0002C0001F0B3FC10BBAB4803685B0717D086
:105CE000FB6BAA4A6C468AB0002B08BF13466A4673
:105CF000A7495161A749C2E9061340F20133138451
:105D0000A54B42F8103F4FF4115107F0DAF9A546C0
:105D10006FF0790420464437BD46BDE8F08FBC6B78
:105D2000D5F810A0B4F5807F00F29780C4F3072364
:105D30008AF820418AF8213122460AF591714FF6FE
:105D4000FF7005F0FAFD0AEB04030AF5907283F880
:105D50002201000A83F823016B68043418689B88C9
:105D6000FA6102223C6287F8242097F82420816897
:105D700042F0020287F824208C68012207F11C01FE
:105D8000A047044600286AD1D9F800307B612B690E
:105D90003B6108F0B8F84FF47A72A0FB020302FBF3
:105DA0000131C30B43EA414313F5FA734FEAD13192
:105DB000FB60DFF8D4A141F10003BB60D5F810907F
:105DC0006B6809F5097218689B88FA614FF0030B3C
:105DD00040223A6287F824B097F82420816842F084
:105DE000020287F824208C68012207F11C01A047D9
:105DF0000446D0B9B9F82422BAB13C2A48D962483D
:105E0000036813F0060F10D06C4688B06B466349E8
:105E100059616349C3E906121A46042342F8103F48
:105E20004FF4025107F04DF9A54608F06CF84FF415
:105E30007A72A0FB020302FB0131FA68C30B43EA4A
:105E400041439342BB684FEAD131994180F2B88017
:105E50000021212004F028FBB0E76FF079044A48C4
:105E6000036813F0060F0FD06D4688B06A464D4B9D
:105E70005361484BC2E90634042342F8103F4FF403
:105E8000025107F01EF9AD46B3690133B36141E732
:105E900009EB02034FF6FF7093F8271293F82632AE
:105EA00043EA012309F22621C7E9003205F045FD46
:105EB0003B6883422AD13B697A6803F2262107F1C5
:105EC0001C0001F0B7FC3849424607F11C0007F0FE
:105ED00087FC60BBDAF8003013F0060FA5D0BB6A70
:105EE0002A4A6C468AB0002B08BF13466A462F49DF
:105EF00051612F492448C2E9061340F2013313844B
:105F0000254B42F8103F4FF412518BE71E480368AF
:105F100013F0060F89D06C4688B06A46254B536152
:105F20001F4B93614FF4C45142F810BF7AE7D8F881
:105F300000307A699A420DD1B8F80430022B7FF410
:105F4000E9AE98F80830062B96BF1B4A6FF00404A0
:105F5000D456DFE6DAF8002012F0060F3FF465AF02
:105F60006C468AB06A46154951611149C2E9061367
:105F70007B691362052342F8103F4FF422515046CB
:105F800050E700BFD4EE0000CC010020B8080100AB
:105F9000BF080100D70B0100040000010009010047
:105FA000BE0B0100DF0801008CEE00003F0901007C
:105FB000C90B010025090100680B01005F09010000
:105FC0000E48036813F0060F11D06C4688B06A467D
:105FD0000B4B53610B4B93616FF07303D36104233D
:105FE00042F8103F4FF4025107F06BF8A546B36931
:105FF0000133B3616FF073048CE600BFCC01002065
:1060000095090100D70B0100F0B5B5B000AF0D4602
:1060100006690446A022002107F1300008F0CAF901
:10602000002D35D00F23BB864FF0FF324FF0FF33EA
:10603000304607F049F820463A1D07F13001FFF7D6
:106040002FFE0446304607F041F8C4B93B89042BC3
:1060500019D01148026852070FD06C4688B06A46C2
:106060000E4951610E49C2E90613042342F8103F5C
:106070004FF4015107F025F8A5466FF0460420467D
:10608000D437BD46F0BDBB892B803B696B60F6E71A
:106090006FF01504F3E700BFCC010020B90901003F
:1060A000DF0B010070B50669B4B005460C46A022AE
:1060B00000210CA808F07EF9F38C33B9BCB104219F
:1060C000284607F018F834B070BD0E23ADF8343010
:1060D000084B0E9301AA06F11C030CA928460F9346
:1060E0008DF84040FFF7DCFD00237362EBE72046AC
:1060F000E9E700BFB9D0000038B505692A7F03463B
:106100008AB108F067F9094A2C6A125894420AD1F8
:1061100000222A771846FFF7C5FF0446284606F0F6
:10612000D5FF204638BD6FF01504FAE708000000DF
:106130002DE9F04186B00469E28C00AF884602F197
:1061400028012144C2F1E0020546381D00F0F6FFA7
:1061500001220221381D07F0BEFAE0B9304EE28C70
:10616000336842BB59070FD06C4688B06A462D4B46
:1061700053612D4B9361032342F8103F4FF4C251FA
:10618000304606F09EFFA5466FF00B0420461837F8
:10619000BD46BDE8F08125494246381D01F07AF838
:1061A0000028DBD0E28C3B691344E384A38C0133E9
:1061B000A3840024EAE75A0711D5A38C6C4688B063
:1061C0006A461B4951611849C2E90613042342F883
:1061D000103F4FF40451304606F073FFA5460021EE
:1061E0002846FFF75FFF0446A0B133685B07CDD0B8
:1061F0006D4688B06A460F4B53610B4BC2E90630BF
:10620000042342F8103F06484FF4015106F059FFAD
:10621000AD46BBE741462846FFF78AFF0446B5E78F
:10622000CC010020D2090100B10B0100D0EB00002D
:10623000030A01002C0A01002DE9F047B4B000AFB9
:106240000C46D0F810808146A022002107F13000D2
:1062500008F0B0F8002C57D0236913B96369002BFC
:1062600052D10C23BB864FF0FF324FF0FF33404634
:1062700006F02AFF002663692168B9639A1B6168EA
:10628000F963802AA168396428BF8022217B87F8BE
:106290004410BE642169A7F84E20B2461644B342AA
:1062A0008CBF00230123514407F1500087F84C3084
:1062B00008F058F83A1D07F130014846FFF7F0FCA6
:1062C0000546E8B1124803685B0711D06C468AB0F6
:1062D0006A46104B5361104BC2F820A0C2E9063544
:1062E000052342F8103F4FF4215106F0EAFEA5467F
:1062F000404606F0EBFE2846D037BD46BDE8F087A5
:1063000063699E42B7D3F3E76FF01505F3E700BF6B
:10631000CC0100204D0A01009E0B01002DE9F04147
:10632000294B96B03F2602AF0C461B78FB73002129
:106330000546324607F11000C7E90111B981B9736A
:1063400008F038F8002C3CD0D4F80C80B8F1000FDD
:1063500037D04046F9F750FFB04203461BD91B48DF
:106360000268520705D16FF079005037BD46BDE88D
:10637000F0816C468AB002AA15495161154916622E
:10638000C2E90613052342F8103F4FF4215106F0ED
:1063900098FEA546E7E762682168A37ABB73C7E960
:1063A000011207F10F002289BA814146F9F71CFF5B
:1063B0004C2300930B223B1D0521284606F006FFC7
:1063C000D3E76FF01500D0E737FB0000CC010020C9
:1063D000780A01008C0B0100F0B5B5B000AF0C4697
:1063E00006690546A022002107F1300007F0E2FF10
:1063F000002C57D00223BB864FF0FF324FF0FF3303
:10640000304606F061FE28463A1D07F13001FFF7DD
:1064100047FC0546304606F059FEBDB123480368E7
:1064200059070FD06C4688B06A46214B5361214B07
:10643000C2E90635042342F8103F4FF4015106F03B
:1064400040FEA5462846D437BD46F0BD3B89032B08
:1064500016D01648026852070FD06C4688B06A46BC
:10646000154951611349C2E90613042342F8103F4C
:106470004FF4015106F025FEA5466FF04605E1E711
:10648000FB6823603B6A63617B6AA361BB6AE3616B
:10649000FB6A23620F2207F11001201D07F0EFFEB7
:1064A000E574CFE76FF01505CCE700BFCC01002005
:1064B000990A01007B0B0100B90901002DE9F8439D
:1064C00046680569B06800AF88469146002800F02C
:1064D000DF8007F01CFBC0B9704803685E070ED070
:1064E0006C4688B06A466E4B53616E4B93610323D2
:1064F00042F8103F4FF4C25106F0E3FDA5466FF09D
:1065000012042046BD46BDE8F883B068317BB8F17F
:10651000000F2DD183689C699CB143464FF4001253
:10652000A047044678B9C5E94600B0688368DB69CE
:1065300005F58671002B00F0AE8022469847044690
:10654000DFE76FF05704554803685D07D9D06D4603
:1065500088B06A46544B5361524BC2E90634042357
:1065600042F8103F4FF4015106F0ABFDAD46C8E7CD
:10657000F38943F4803242F01002D0F810C0D0F812
:1065800008E013F0010F4FF00104DCF8003004FACA
:1065900001F414BF2343A343CCF80030DEF80030ED
:1065A0009847044640B13D4803685907A9D06D4655
:1065B00088B06A463D4BCEE7C5E94689337B3C4A05
:1065C0004FF0010808FA03F3C5E94423B068836873
:1065D000DB6905F58679002B3DD042464946984750
:1065E0000446002839D1B068317B836802699C6910
:1065F000002C4AD0136808FA01F818EA030F14BFF8
:106600004FF000734FF080634FF0A072A047044634
:1066100000283FF476AF214803685B070FD0E846B7
:1066200088B06A46204B53611E4BC2E906340423EE
:1066300042F8103F4FF4015106F043FDC5460022D9
:10664000C5F81821B0688368DB69002B3FF459AFA7
:106650004946984755E76FF05704104803685A07B2
:106660000FD06E4688B06A46124B53610D4BC2E99B
:106670000634042342F8103F4FF4015106F021FD87
:10668000B5460023C5F818313BE76FF05704C2E761
:106690006FF0850435E76FF0570432E7CC01002036
:1066A000B70A0100F10B0100DB0A0100110B010028
:1066B000A7D000003D0B010070B505460C46074E03
:1066C000304607F024FA30B92846054905F03BFF6B
:1066D0006FF0120070BD26600020FBE7C0E40000F0
:1066E0001D0C010070B50C460546104920461646A3
:1066F000F9F770FD78B10E492046F9F76BFD50B1FE
:106700000C492046F9F766FD20B10B492046F9F700
:1067100061FD18B901203070002070BD284607497E
:10672000224605F010FF6FF01500F6E72F0C010070
:10673000ED030100350C010083F500003B0C010066
:1067400070B50C460646164920461546F9F742FD37
:10675000D8B114492046F9F73DFDB0B112492046A1
:10676000F9F738FD88B111492046F9F733FD48B1F2
:106770000F492046F9F72EFD20B10E492046F9F7C2
:1067800029FD20B92870002070BD0120FAE73046AD
:106790000949224605F0D7FE6FF01500F4E700BF67
:1067A000441201005C0C010083F50000610C010043
:1067B000650C0100ED0301006B0C01002DE9F041B7
:1067C00082B000AF8846391D05461646FFF774FFB4
:1067D0000446B8B97168FA1C2846FFF7B1FF0446B1
:1067E00080B9B8F1020F12D90A220146B06804F04C
:1067F000DBFD642802460BD91449284605F0A3FEA8
:106800006FF0150420460837BD46BDE8F0816422CC
:106810007868F9788368DB68984704460028F1D0E7
:106820000B4803685B07EDD06D4688B06A46094B9C
:106830005361094BC2E90634042342F8103F4FF478
:10684000015106F0A5FDAD46DCE700BF800C01005C
:10685000CC0100208F0C01002B0E01002DE9F0412E
:1068600088B000AF0646884615460021182207F179
:10687000080007F09FFD391D3046FFF71DFF044655
:10688000002843D101460A22686804F017FD21461A
:10689000B8600A22A86804F011FD2146F8600A22B7
:1068A000E86804F00BFD214638610A22286904F0EB
:1068B00005FD6969786107F118023046FFF712FF9C
:1068C000044618BBB8F1060F25D901460A22A8696B
:1068D00004F06AFDF86107F10801786806F055FDDB
:1068E000044698B10D4803685B070FD06D4688B029
:1068F0006A460B4B53610B4BC2E90634042342F842
:10690000103F4FF4015106F043FDAD4620462037BD
:10691000BD46BDE8F0810120DCE700BFCC010020CE
:1069200012F400004A0E01002DE9F04186B000AFDC
:1069300006468846154600211422381D07F03AFD08
:1069400039463046FFF7B8FE0446002846D10146D6
:106950000A22686804F0B2FC214678600A22A8681E
:1069600004F0ACFC2146B8600A22E86804F01CFD83
:106970002969F86007F110023046FFF7B3FE0446BC
:1069800060BB696907F111023046FFF7D9FE044682
:1069900020BBB8F1060F05D901460A22A86904F008
:1069A00003FD044638687C618368391D1B6A98477B
:1069B000044698B10C4803685B070FD06D4688B059
:1069C0006A460A4B53610A4BC2E90634042342F873
:1069D000103F4FF4015106F0DBFCAD46204618375E
:1069E000BD46BDE8F08100BFCC010020B20C010023
:1069F0005C0E0100F0B583B000AF391D05461646A8
:106A0000FFF75AFE0446E0B9746820492046F9F7BA
:106A1000E1FB0146D0B11E492046F9F7DBFBA0B1EE
:106A20001C492046F9F7D6FB60B31B492046F9F70D
:106A3000D1FB48B322461949284605F084FD6FF082
:106A4000150420460C37BD46F0BD012178688368E7
:106A50001B69984704460028F3D0114803685B0778
:106A6000EFD06D4688B06A460E4B53610E4BC2E9BB
:106A70000634042342F8103F4FF4015106F088FC1D
:106A8000AD46DEE70221E1E70321DFE789120100DD
:106A9000DB0C0100E00C0100E70C0100ED0C010033
:106AA000CC010020ADF40000350E0100B0B58AB075
:106AB00000AF39460546FFF7FFFD0446D0B93868F8
:106AC0008368391D1B6898470446B8B119480368A4
:106AD0005B070FD06D4688B06A46174B5361174B62
:106AE000C2E90634042342F8103F4FF4015106F086
:106AF0004FFCAD4620462837BD46B0BD7A681049E8
:106B0000284605F012FD07F1080228460D4905F058
:106B10000CFDBA690C49284605F007FDD7E90723A3
:106B200028460A4905F001FD7A6A0949284605F018
:106B3000FCFCDFE7CC010020E4F200000D0E0100B8
:106B40001C0D0100320D0100480D01005F0D010018
:106B5000720D0100F0B587B002AF391D0646FFF790
:106B6000ABFD054668B97868836807F10801DB6BFF
:106B7000984710F13D0F044607D11A49304605F0F9
:106B8000D4FC28461437BD46F0BDA8B116480368AA
:106B90005B070FD06D4688B002AA144B5361144BAB
:106BA000C2E90634042342F8103F4FF4015106F0C5
:106BB000EFFBAD462546E4E73B7A022B96BF0D4A34
:106BC0000D4A52F823207B7A012B96BF0B490A4BC2
:106BD00051F82330F96800913046094905F0A5FCC9
:106BE000CFE700BF860D0100CC010020FAF40000C1
:106BF0003E110100FCEF0000840D0100F4EF0000E5
:106C0000900D0100B0B582B000AF391DFFF754FD03
:106C10000446C8B9786883689B689847044698B169
:106C20000B4803685B070FD06D4688B06A46094B76
:106C30005361094BC2E90634042342F8103F4FF474
:106C4000015106F0A5FBAD4620460837BD46B0BD54
:106C5000CC01002039F40000200E01002DE9F041A4
:106C60009CB000AF391DFFF727FD0446D0B97D6801
:106C7000AB6828465B6898470446C0B1464803683D
:106C80005D070FD06D4688B06A46444B5361444B54
:106C9000C2E90634042342F8103F4FF4015106F0D4
:106CA00077FBAD4620467037BD46BDE8F081AB6846
:106CB00028461B6B9847044640B13748036859077C
:106CC000F0D06D4688B06A46364BDFE701461822A1
:106CD00007F1540007F06EFB4FF4C872F023C7E9C8
:106CE00017234FF00108022387F86480FB66AB6826
:106CF00007F15401DB69284698472146182207F11D
:106D0000240007F057FB782340F28F1207F124018B
:106D10002846C7E90A323B6387F8348006F035FB22
:106D20001422214607F1400007F044FB1E4C87F86F
:106D30004C80C823FB637B6407F13C01EF232846AA
:106D4000BB6406F022FB94E8070007F1080383E820
:106D50000700AA68194652690C342846904794E8FF
:106D60000F0007F1140686E80F00AB6831465B6A36
:106D700028469847AB6841465B6B284698470446CF
:106D800000288FD0044803685B078BD06D4688B01D
:106D90006A46064B7AE700BFCC010020C8F300002A
:106DA000481101005DF4000020E8000086F40000B6
:106DB0002DE9F04186B000AF06460021154607F1E7
:106DC0000800102207F0F6FA391D3046FFF774FC70
:106DD000044608BB01460A22686804F06FFA0A22DA
:106DE000B8602146A86804F069FA0A22F8602146D2
:106DF000E86804F063FA0A2280462146286904F014
:106E00005DFAB8F1040F02460BD91E4942463046DE
:106E100005F099FB6FF0150420461837BD46BDE814
:106E2000F081062801D91849F1E77874696987F873
:106E3000108007F112023046FFF754FC0446002888
:106E4000EAD1AB6978687B61836807F108015B6A06
:106E5000984704460028DFD00C4803685B07DBD066
:106E60006D4688B06A460A4B53610A4BC2E9063444
:106E7000042342F8103F4FF4015106F089FAAD4661
:106E8000CAE700BFB50D0100CD0D0100CC01002007
:106E900018F20000670E01002DE9F04188B000AF44
:106EA00006468846154600211C22381D07F082FA46
:106EB00039463046FFF700FC0446002848D1014619
:106EC0000A22686804F0FAF9214678600A22A86864
:106ED00004F0F4F92146B8600A22E86804F064FA84
:106EE0002146F8600A22286904F05EFA696938616F
:106EF00007F114023046FFF7F5FB044640BBA969D1
:106F000007F115023046FFF71BFC044600BBB8F141
:106F1000070F22D8B8610020F86138688368391DEE
:106F2000DB699847044698B1134803685B070FD0A4
:106F30006D4688B06A46114B5361114BC2E9063465
:106F4000042342F8103F4FF4015106F021FAAD46F8
:106F500020462037BD46BDE8F08101460A22E86997
:106F600004F022FAB8F1080FB861D4D0286A0A22D6
:106F7000214604F019FACFE7CC010020EBF3000022
:106F8000530E0100F0B585B000AF00233946C7E9C4
:106F9000013306461546FB60FFF78EFB044670BBC7
:106FA00001460A22686804F089F9214678600A22BD
:106FB000A86804F083F9E968B86007F10C0230466C
:106FC000FFF790FB0446D0B938688368391D5B69C8
:106FD0009847044698B10C4803685B070FD06D468C
:106FE00088B06A46094B5361094BC2E90634042351
:106FF00042F8103F4FF4015106F0CAF9AD46204661
:107000001437BD46F0BD00BFCC010020E60D0100E5
:10701000400E0100B0B582B000AF391DFFF74CFB48
:107020000446C8B9786883685B689847044698B195
:107030000B4803685B070FD06D4688B06A46094B62
:107040005361094BC2E90634042342F8103F4FF460
:10705000015106F09DF9AD4620460837BD46B0BD4A
:10706000CC010020C8F30000160E010000B5837D9E
:107070003F2B8BB0014649D813F030001CD020289C
:1070800002D10B6A188806E03028FAD0102806D101
:107090000A6A22B11078B0FA80F040090CE00A6860
:1070A000906880B903F00F02052A0ED8CB694A8A8E
:1070B0001A44934203D101200BB05DF804FB13F88E
:1070C000011B0029F5D00020F6E7062A01D1CB6983
:1070D000D8E7072A02D1CB691878DCE70B2A01D15F
:1070E000488AD8E703F00E03082BE5D1CA69496A3C
:1070F000684606F0FDF90028DDD06846FFF7B6FFC8
:107100000028D9D0684606F016FAF4E703F0C0026A
:10711000802A01D1C069BEE7402AD4D103F00F0311
:107120000A2B02D1CB691868B5E70368024AD86810
:107130009042B0D1F6E700BFF9D5000010B5044C7D
:1071400082600022C0E90041C0E9032210BD00BFF7
:1071500029D60000F8B50446C36815469AB10668FA
:107160008EB1D31802D287689F4207D22369084A9A
:10717000002B08BF134623610020F8BDB04710B9AB
:107180002369044AF4E7E3682B44E3600120F4E751
:10719000551101006111010010B48C7D4B8A04F07F
:1071A0000F04022C17D1012B05D1CB691A780023CB
:1071B00010BC06F042BA022B02D1CB691A88F6E75E
:1071C000042B02D1CB691A68F1E7082B1FD1CB69D8
:1071D000D3E90023ECE7012B08D1CB6993F9002018
:1071E000D317032CE4D110BC06F066BA022B03D1EE
:1071F000CB69B3F90020F3E7042B02D1CB691A68FD
:10720000EEE7082B03D1CB69D3E90023E9E7036953
:10721000034A002B08BF1346036110BC00207047CF
:107220006A1101004A8A042A02D1C96906F04DBADE
:10723000082A02D1C96906F04BBA02690349002A3B
:1072400008BF0A4602610020704700BF6A110100B2
:107250008A7D02F00F020B460B2A11D8DFE802F0FC
:107260000C0C0C0C0E060A0A0A0A100A01211A8AD2
:1072700006F031BA0221FAE70021F8E70521F6E726
:107280000369034A002B08BF1346036100207047BF
:107290007C1101002DE9F04186B00E461746002111
:1072A0001422044601A807F085F83A46314601A8A1
:1072B00000F0C4F910B9059B236108E0049D4FF06C
:1072C00000082A464346204606F0B7F918B90020C0
:1072D00006B0BDE8F081216821B92A462046FFF7B3
:1072E00039FFF5E7E368A2682B44934205D9236987
:1072F0000E4A002B08BF1346DEE7636801913A4649
:10730000314601A8CDE90235CDE9048800F096F9AF
:10731000049AE3681344E360AA42029B6360059BFE
:1073200001D12361D4E7024AE3E700BF5511010010
:107330008F11010070B5CB6904460D46002B7FD03C
:10734000FFF786FF002873D0A87D00F00F030B2BFA
:1073500073D8DFE803F00611111117171D355252CB
:10736000726FEB691A78003A204618BF0122BDE817
:107370007040002306F061B929462046BDE8704000
:10738000FFF70ABF29462046BDE87040FFF74ABF15
:10739000E96909B90A460EE03F280A880AD86B8ACB
:1073A000023B934206D22369264A002B08BF1346AC
:1073B00023613DE002312046BDE8704006F091B9FE
:1073C00000F0C00080286B8AE9690ED013B92369E8
:1073D0001D4AEAE7013B0029DCD000229A42885C82
:1073E00006D00028E7D00132F8E74FF0FF33F2E78C
:1073F0000028E0D02369154AD7E76A6A12B92369E1
:10740000134AD2E7092B06D0EA69696A2046BDE82B
:107410007040FFF73FBF2A6A002AF5D052F8083CB7
:10742000002BF1D0043A2946204698470028EBD19A
:10743000002070BD6A8AE969BDE72369054AB4E79F
:107440000120F6E7A3110100B7110100CA110100E4
:10745000DE1101007C1101002DE9F0438B7D03F06A
:107460003002302A87B005460C4612D10B6A1A88C2
:107470000B8A9A4214D1E269A37DEAB913F0300F66
:107480000ED12B69694A002B08BF13462B610020DF
:1074900007E0102AEFD10A6A32B11378002BEAD143
:1074A000012007B0BDE8F0833F2BE4D80846FFF782
:1074B000DDFD0028DFD0F3E703F0C002402A0CD145
:1074C0002368DB68002BEBD0224629460020984732
:1074D0000028E5D12B69564AD5E703F03001202971
:1074E00040F09D80216A0E88002ED9D0802A20D1BC
:1074F00003F00F03052B5ED8228A0221284606F0EE
:10750000EAF80028C3D0A37D03F00F03042B16D1A3
:10751000B7003A460023284606F08FF80028B6D078
:10752000296879BB3A46284607B0BDE8F043FFF723
:1075300011BEA28AB242DBD22B693E4AA3E7052BD9
:1075400001D1F700E5E71422002101A806F032FF7F
:10755000D4F81C800027214601A8FFF71DFE28B99A
:107560002B69002B92D1059B334A8CE7E369628A31
:1075700001371344E361BBB29E42ECD8049FC4F8C8
:107580001C80C6E70027A37D03F00E03042B2146D1
:1075900028460DD1FFF746FE00283FF478AFE36997
:1075A000628A01371344E361BBB29E42EBD877E7AE
:1075B000FFF7F2FDF0E74FF00008A37D03F0CE03E4
:1075C000862B27D1E769D7F80090C4F81C90214694
:1075D0002846B9F1000F1AD1FFF73AFE08B9E76162
:1075E00055E7012201A928468DF80490FFF7B2FD66
:1075F000E76100283FF44BAFE369628A08F10108B4
:107600001344E3611FFA88F39E42D6D848E7FFF798
:1076100091FEEDE721462846FFF78CFEE9E721467B
:10762000284607B0BDE8F043FFF784BEF71101001C
:107630000E1201001D120100B808010030B595B00E
:107640000446684605F0D4FF70B39DF8163003F089
:107650000F030A2B21D1079B1D681DB9684605F051
:107660006AFFF1E72B685B68294623B120469847FB
:1076700058B1AD68F1E70AA805F0BCFF40B923692D
:107680000A4A002B08BF13462361002015B030BD05
:107690000AA92046FFF7E0FEEAE769462046FFF721
:1076A000DBFE0028DAD1F0E70120EFE73512010018
:1076B00010B5836804463BB9C368094A002B08BF6C
:1076C0001346E360002010BD03680122984710B9FB
:1076D000E368044AF2E7A368013BA360F3E700BF55
:1076E00047120100611101002DE9F3410E460DF131
:1076F000070105461446FFF7DBFF074658B9AB689C
:1077000023B10027384602B0BDE8F081002CF8D044
:1077100001232370F5E79DF907309DF80740002B02
:1077200032DA04F07F044FF007080DF10701284614
:10773000FFF7BEFF0028E4D0B8F11F0F9DF8073017
:1077400024D9B8F13E0F03F07F0207D8C2B1002C54
:107750000CDAFF2B0AD108F10708E6E76AB1002C22
:1077600004DA012B02D1B8F13F0F0DD0EB68114ABA
:10777000002B08BF1346EB60C3E7B8F13F0FF5D10C
:107780001B0608F10708D0D43460BBE7B8F11C0F22
:1077900009D113F0700F03D003F07802782AE5D1F5
:1077A00044EA0374ECE703F07F0202FA08F21443A0
:1077B000E6E700BF5512010030B5044685B0154616
:1077C000002A2FD0A9B90268174B9A4211D0102D68
:1077D00006D82A4669462046FFF7EEFF05B030BDC1
:1077E000102269462046FFF7E7FF0028F6D0103D3B
:1077F000EDE7A368AB4207D2E3680C4A002B08BF51
:107800001346E3600020E9E723682A4620469847AC
:1078100010B9E368064AF1E7A368AB4234BF00231E
:107820005B1BA3600120D9E703D7000047120100CA
:107830006111010010B5034C82600022C0E90041D3
:10784000C26010BD03D700002DE9F34100260746B2
:107850008846354634460DF107013846FFF728FFC4
:1078600058B13F2C9DF8071010D1012909D9FB68A8
:10787000114A002B08BF1346FB60002002B0BDE890
:10788000F08145EAC175C8E90065F7E701F07F02BC
:10789000A4F12003C4F1200C02FA03F322FA0CFC39
:1078A00043EA0C03A2401D430B0646EA020604F11C
:1078B0000704D0D4E7E700BF5512010013B5044612
:1078C000052921D8DFE801F0030F1720201E01222F
:1078D00001A92046FFF770FF18B19DF90430002B75
:1078E000F5DB02B010BD08220021204602B0BDE841
:1078F0001040FFF761BF01A905F00EFF0028F0D08E
:10790000019AF1E70422EFE7C368034A002B08BF9E
:107910001346C3600020E4E76512010073B50D460D
:1079200001A9044605F0F8FE064660B194E80F0090
:1079300085E80F0001998A4209D2E368064A002BC4
:1079400008BF1346E3600026304602B070BDA96050
:10795000A3685B1AA360F7E77712010070B5937D07
:1079600003F00F0386B0044615460B2B00F2588136
:10797000DFE813F00C001D001D001D008F009B00B0
:10798000A700CC00EC00EC00560128010139C9B277
:10799000FD2906D8E368994A002B08BF1346E36027
:1079A00043E0E96906B0BDE8704005F0DEBE01398C
:1079B000C9B2FD29EED9022B31D102A9FFF744FF4C
:1079C0000646002831D06B8A082B07D1DDE9020179
:1079D000EB69C3E90001304606B070BD042B0CD141
:1079E000EA69029B1360DDE902010022914208BFAF
:1079F0009842F0D0E368824ACEE7022B04D1029B82
:107A0000EA6913809BB2EEE7012B05D1029BEA697C
:107A1000137003F0FF03E6E7E3687A4ABCE7032B41
:107A200005D102A905F0AEFE70B90026D3E769467C
:107A3000FFF70AFF0028F8D0DDE90032698A08293B
:107A400018BFDA17CDE902326B8A082B06D1DDE9BF
:107A50000201EB69C3E900010126BCE7042B0AD14E
:107A6000EA69029B1360DDE90201DA17914208BF5F
:107A70009842BFD1F0E7022B04D1EA69BDF9083082
:107A80001380F0E7012BC7D1EA699DF90830137024
:107A9000E9E7052902D0FF297FF47CAFE969204698
:107AA00006B0BDE8704005F082BE012902D0FF2972
:107AB0007FF470AFE969204606B0BDE8704005F07C
:107AC00082BE02297FF466AF02A905F025FE0028D8
:107AD000ABD0029AB2F5803F02D3E3684A4A5BE733
:107AE000AB7D03F0C003802B02F1020102D1E368F9
:107AF000464A51E76B8A9942EFD8E96921F8022B8F
:107B0000204606B0BDE87040FFF756BE02297FF45C
:107B100041AF02A9EE6905F0FFFD002885D0029A69
:107B2000531C02D1E3683A4A36E7AB7D03F0C00349
:107B3000802B02F10101DAD06B8A994202D9E36805
:107B4000344A29E70023B3543146D9E702297FF4A8
:107B500021AF02A9FFF7E2FE00283FF466AF6B6A8F
:107B600013B9E3682C4A17E7AB7D03F00F03092B29
:107B70000AD0AB7D3F2B1FD90023EA69696A02A8AE
:107B800000F0EEF906460FE02A6A002AF1D052F81A
:107B9000083C002BEDD0043A294602A89847049BE4
:107BA00006460BB10028E4D102A9204605F0CBFD22
:107BB00000287FF410AF38E703F03003203B18BFF4
:107BC0000123DAE702297FF4E5AE02A905F0A4FD5E
:107BD000064600283FF429AF0299B1F5803FBFF473
:107BE0007CAF6A8A19B9E86906F0E4FBF3E68A42D9
:107BF00002D0E368094ACFE6E96981E78F12010004
:107C00009F1201006A110100B1120100C0120100AF
:107C1000D2120100E1120100DE110100F112010097
:107C2000C368014AB8E600BF7C110100F0B5937D3E
:107C300003F0C007402F8FB005460E46144600F0F3
:107C40009180802F00F08B805FB903F0300CBCF185
:107C5000200F3DD008D8BCF1000F34D0BCF1100F7C
:107C60002AD0EB686E4A5FE0BCF1300FF9D103F027
:107C70000E03082B116A128A6DD10B8893426AD0C9
:107C80003946628AE06906F095FB616A8B682BB918
:107C9000CB681BB94B681B68002B5CD0E26904A859
:107CA00005F026FC002856D004A800F0C9F80028EA
:107CB00051D1EB685B4A37E0136A0BB101221A70AD
:107CC0002246314628460FB0BDE8F040FFF746BED9
:107CD000176AB2F812C039889269022E0CFB012291
:107CE000E26131D103F00F03052B2DD804A9FFF772
:107CF00015FE064670B9002623E02246FF2104A89F
:107D0000FFF72CFEA8B13B8801333B80E369628A10
:107D10001344E361069B1BB13A88A38A9A42ECD3D1
:107D2000069B43B1EB68404A002B08BF1346EB604B
:107D3000E1E70646F4E704A9284605F004FD00281B
:107D4000D9D030460FB0F0BD3B885A1C3A80A28A89
:107D50009A42E7D9B4E7236A228A1A80B0E7C36857
:107D6000324AE1E71368DB6823B90FB0BDE8F040A1
:107D7000FFF7A4BD02291CD104A9FFF7CFFD0028FD
:107D8000B9D02368069EDB682246002104A89847E4
:107D900028B9EB68002BCAD1079B254AC4E7069B8C
:107DA0000BB19E42EDD804A9284605F0CCFC06464E
:107DB000C7E7012921D0052927D069BB01AF0136CA
:107DC0000B2E02D1EB681B4AAEE70122394628464A
:107DD000FFF7F2FC00288ED017F9013B002BEEDBF9
:107DE000154B049301ABCDE90536002123680791BB
:107DF000DB68224604A89847D9E7082201A9FFF7C3
:107E0000DBFC08260028EBD175E704220DEB02010C
:107E1000FFF7D2FC0426F5E7C368084A84E700BFF1
:107E20007C1101002213010013130100C012010094
:107E3000391301005512010003D70000651201003B
:107E400070B590B004461022002102A806F0B2FAE4
:107E5000002301938DF8023023689B6843BB002503
:107E6000A37D03F00F020A2A42D1E3691E68002EA7
:107E700031D1019BABB1228A934212D19DF80210FD
:107E8000224602A8FFF7D2FE10B30DF1030301AAA8
:107E90000DF1020102A805F042FCC8B1236A03B14A
:107EA0001D70204605F047FB0028D9D1012010E0C5
:107EB0002A4ACDE902234FF0FF33049301AA0DF1C2
:107EC00003030DF1020102A805F029FC0028C6D128
:107ED000002010B070BD314606A805F019FB28B18E
:107EE000357306A8FFF7ACFF0028F1D0B668BEE7EF
:107EF0003F2B2AD803F03002102A1BD1236A03B18A
:107F00001D70A37D03F00E03082B18D1616A8B68E6
:107F100023B9CB6813B94B681B6883B1E26906A823
:107F200005F0E6FA0028A4D006A8FFF789FF00288C
:107F30009FD1CDE79A06E4D5236A1D8099E7628A2E
:107F4000E069002106F036FA93E703F0C002802AC8
:107F50008FD1A2699B0615608BD5EDE703D7000092
:107F60002DE9F04F9BB004469B4606A80023CDE9BF
:107F70000433ADF80A3005F0BBFA90BB00264FF68B
:107F8000FF79B2463746A368002B39D14FF6FF730D
:107F9000994504D0BDF80A30B34240F0BC80069B3E
:107FA0005B8AE3B1402B28BF4023590904A8002273
:107FB00095B2A94200F2D68003F01F02DB060ED074
:107FC0001AAB03EB8101C2F12003DBB24FF0FF32A9
:107FD00022FA03F351F8582C9A4240F0CA8001204B
:107FE0001BE01BF0010FC9D106A8FFF729FF0028ED
:107FF000C4D1E368604A002B08BF1346E3600BE07E
:108000000DF1090303AA02A9204605F088FB38B93F
:108010009DF80930002BB9D100201BB0BDE8F08FCE
:10802000DDF80C80B8F1000F05D11BF0040FADD1C5
:10803000E368524ADFE7414606A805F087FA28B10F
:108040009DF82E3003F00F020A2A50D18FB906A8EE
:1080500005F0ADFA28B9BAF1000F0CD14FF0FF3797
:1080600007E00D9BD3F800A0BAF1000FF6D0BDF8E1
:108070002870B84532D3A36801939DF80830009367
:108080005546A368019A35B39A427FF47CAF2B68BA
:108090001B689C4643B1009B424629462046E04768
:1080A0000028B9D0AD68ECE7294610A805F030FAF1
:1080B00010B9E368324A9EE7BDF850309845F1D1D7
:1080C000119B002BEED0012300992B7310AA2046A0
:1080D000FFF7ACFDE4E79A427FF455AF9DF8081036
:1080E0002046FFF7EBFB00287FF44DAF94E703F049
:1080F0003003202B22D10E9A0BAB9A4217D1BDF838
:1081000020304B4510D04FF6FF72914506D0BDF898
:108110000A20B24202D0E3681A4A6CE70022BDF896
:108120002C60ADF80A2099460DF10A030E939DF8D4
:10813000081006AA2046FFF779FDD4E7002BF6D1F8
:10814000BDF824303F2BF2D859091AAA02EB81015D
:1081500003F01F020123934051F8582C134341F8B8
:10816000583CE4E750F8045B013502F101023FF4AA
:108170001FAFE368044A3EE72213010049130100E0
:108180003512010052130100F7110100BFF34F8FA8
:108190000549064BCA6802F4E0621343CB60BFF3A3
:1081A0004F8F00BFFDE700BF00ED00E00400FA05BF
:1081B0004FF08053D3F83021082A06D1D3F8343158
:1081C000052B02D8024AD05C70470020704700BFE0
:1081D00079130100024AD2F80034002BFBD070471B
:1081E00000E0014010B54FF08053D3F83021082A49
:1081F0004ED14FF080420021C2F80C11C2F810118C
:10820000C2F8381502F54042D3F80414C2F820151C
:10821000D3F80814C2F82415D3F80C14C2F82815A2
:10822000D3F81014C2F82C15D3F81414C2F8301572
:10823000D3F81814C2F83415D3F81C14C2F840153A
:10824000D3F82014C2F84415D3F82414C2F8481502
:10825000D3F82814C2F84C15D3F82C14C2F85015D2
:10826000D3F83014C2F85415D3F83414C2F860159A
:10827000D3F83814C2F86415D3F83C14C2F8681562
:10828000D3F84014C2F86C15D3F84434C2F87035F2
:10829000FFF78EFF18B13F4B3F4AC3F88C26FFF71C
:1082A00087FF18B13D4BFB22C3F81825FFF780FF6D
:1082B00070B14FF080414FF08053D1F8E42ED3F8E5
:1082C000583222F00F0203F00F031343C1F8E43ECB
:1082D000FFF76EFF20B1324B4FF40072C3F8402617
:1082E0004FF08053D3F83031082B1AD14FF0804330
:1082F000D3F80024D20744BF6FF00102C3F8002472
:108300004FF08053D3F83431052B02D8254AD35C83
:108310003BB14FF01023D3F808224FF08043C3F84D
:1083200058254FF01021D1F80C32DB0714D51E4828
:108330000123C0F80435FFF74DFFD1F80C3223F0CC
:108340000103C1F80C32FFF745FF0023C0F80435E4
:10835000FFF740FFFFF71AFFD1F80032002B03DBD5
:10836000D1F80432002B14DA0F4901234FF010200A
:10837000C1F804351224FFF72DFFC0F80042FFF7C3
:1083800029FFC0F80442FFF725FF0023C1F8043598
:10839000DEE710BD005000404881030000F00040BF
:1083A000009002407313010000E0014030B5046802
:1083B000CCB1BFF35B8FB4FA84F3C3F11F03DBB21C
:1083C00001229A4024EA020250E8005FA54204D14B
:1083D00040E8002CBCF1000FF6D1BFF35B8FE6D173
:1083E00002480B7030BD0248FCE700BF0000AD0B37
:1083F0000200AD0B10B50368CB40DB0714D401239A
:108400008B400268BFF35B8F43EA020150E8004FE4
:10841000944204D140E8001CBCF1000FF6D1BFF338
:108420005B8FEED1014810BD0148FCE70000AD0BA9
:108430000400AD0BF7B5044618B1012823D003B0F2
:10844000F0BD4FF080430222C3F808230122DA6016
:10845000C3F80401D3F80431064601238DF8073030
:1084600042F210754FF08047D4B1012CE7D1D7F814
:108470000C3403F48033AEBB83B3012005F0B4F9B0
:10848000013DF4D12AE04FF080430022C3F80803F5
:108490005860C3F80021D3F800310DF10706DCE77E
:1084A000D7F8183403F480333EB9002BC7D001202D
:1084B00005F09AF9013DF3D1C1E7D7F8182402F08D
:1084C00003023260002BBAD09DF80700012803D1C7
:1084D00005F08AF9013DC7D1012CB0D1054B00222E
:1084E0005A71ACE7D7F80C2402F001023270002B6D
:1084F000EAD1F3E768230020044B1A7922B901225C
:1085000018609A800248704702487047682300202C
:108510000000AD0B0C00AD0B08B5074B1B682BB171
:108520000020FBF763FF08B9FBF73EFF4FF08043E5
:108530000022C3F8182508BD6823002010B510B12B
:10854000012843D010BD4FF08043D3F81814D3F85E
:108550001824C80321D502F00303012B04D013B162
:108560000020FFF767FF00234FF080420220C2F88F
:10857000183508224FF4827303F1804300211960FB
:1085800002F180421C6801241460154A12680AB383
:108590004FF08043C3F80403D4E7D3F81424D10781
:1085A000E1D5D3F81C249207DAD40D4A12681AB127
:1085B0000222C3F80423C5E7D3F80421002AFBD024
:1085C0000022C3F80421D3F80431BBE700224FF4A2
:1085D0008073D1E71A68002AFCD019601B68B1E7E4
:1085E0006823002010B54FF08043D3F800216AB112
:1085F0000022C3F80021D3F800210122C3F8082388
:10860000114B587910B95A711B6898474FF0804345
:10861000D3F8042172B10022C3F80421D3F8042155
:10862000D3F81824D3F81824920704D10122C3F8F0
:1086300018259A6010BD0222C3F80823024BBDE83A
:1086400010401B680120184768230020036803F0CE
:108650001F025B09026004D0012B034818BF0020F1
:1086600070474FF0A040704700030050034A430991
:1086700000F01F00D35C1844C0B270477F130100A4
:1086800070B50546FFF7F2FF0C4C08300E4634F883
:108690001030DA0508D5C3F3432304EBC3022846A0
:1086A00054F8333052689847A3682BB1E2683146DA
:1086B0002846BDE87040184770BD00BF800000200C
:1086C00008B5FFF7D3FF034B083033F81000400B19
:1086D00008BD00BF8000002008B5FFF7C7FF034BAF
:1086E000083033F81000C0F3400008BD80000020BF
:1086F00008B5FFF7BBFF034B083033F81000C0F399
:10870000401008BD80000020034611F0010010B5A4
:10871000CCB20DD1A207C4F3400012D5094AD2F859
:1087200020055860C2F82005003818BF012008E075
:108730004FF0A041D1F820251A60C1F82025002A69
:10874000E8D010BD0003005010B5FFF78FFF124AAC
:10875000083032F81030D9051CD5C3F3432123F477
:10876000F85322F8103002F10E04002034F8023FD2
:1087700013F4807F03D0C3F3432399420AD001301E
:108780003028F3D1002342F831300448BDE81040CE
:10879000FFF730BE10BD00BF80000020F8000020B1
:1087A000F0B5054600200446012607468C420BD151
:1087B000114BD3F87C2132B10022C3F87C21D3F8CD
:1087C0007C3140F00040F0BDE3B29B0003F58072C5
:1087D0009B0806FA03F31D420BD002F1804202F51A
:1087E000C042D2F800C0BCF1000F02D0176012687E
:1087F00018430134DAE700BF00600040F7B50646D1
:108800000846FFF733FF194F00F108050C4637F80B
:108810001530DB0727D5304605F042F82046FFF734
:1088200067FF40B12046FFF74BFF316800F5A270AB
:10883000002341F820302046FFF786FF002301A8DF
:1088400027F815300194FFF701FF019B00EB83002F
:10885000074BD0F80027134043F00203C0F800375D
:10886000044803B0F0BD0448FBE700BF80000020CF
:10887000F0F8FCFF0000AD0B0400AD0B2DE9FF414B
:10888000164680460846FFF7F1FE0D46316804465D
:1088900009B32846FFF720FF18B12846FFF728FF45
:1088A00010BB0023CDE900338DF80E308DF80F306A
:1088B0000DF10F020B4628460DF10E0104F098FF52
:1088C000474A04F1080132F8113023F0020343F063
:1088D000010322F81130736863B328461F78596882
:1088E000FFF7FAFE10B1D1B13E4826E03C4A04F150
:1088F000080032F8103023F02003DB04DB0C22F8F0
:10890000103061B1032FEFD87168496891F800C049
:10891000D8F80010A7B90CF5A27C41F82C70304AA9
:1089200004F1080132F8113023F01C0343EA8703F5
:1089300022F81130B3684BBB2B4804B0BDE8F0817E
:1089400001EB8C0143EA4C33D1F810E52EF0030E15
:10895000C1F810E5D8F8001001EB8C0E43F02003AD
:10896000DEF8101522F8103021F44F3121F4407157
:10897000CEF810152902DEF8108501F47C5141EA89
:10898000074141EA0801CEF81015C8E7D3E90067AE
:108990002846FFF7D9FE002ECED0114DD5E9002391
:1089A000964203D19F4201D1002209E00F480DF108
:1089B0000F01FFF7FBFC0C4B9842BED19DF80F2036
:1089C00045F8326005EBC20308345F6035F81430B7
:1089D00043EA422343F4807325F81430ACE700BF28
:1089E000800000200400AD0B0000AD0BF80000205B
:1089F0002DE9F0430C4685B08046204611461E46C0
:108A0000FFF734FE054629B32046FFF765FE18B987
:108A10002046FFF76DFE18BB314F05F1080937F806
:108A2000193013F01C0F02D04B78012B18D0012302
:108A30008DF80F300023CDE900134A1C8B1C204613
:108A40000DF10F0104F0D4FE37F8193043F00303A1
:108A500027F81930002E41D02046FFF73DFE18B907
:108A6000204805B0BDE8F08396F800C0D8F8003083
:108A70001B4F0CF5A272002143F8221005F10802E9
:108A800037F8121021F02001C904C90C27F8121080
:108A900075781DB3D8F80000B67800EB8C002D0473
:108AA000D0F8103523F4991323F4F853C0F8103597
:108AB000230203F47C5305F440353605D0F810E565
:108AC0002B4306F4801641EA4C31334341F0200138
:108AD00043EA0E0327F81210C0F810350248C0E729
:108AE000800000200400AD0B0000AD0B014BC3E97A
:108AF000021270478000002010B508461446FFF7A8
:108B0000F7FD50B10846FFF7B1FD054B083033F8CB
:108B1000103004485B0B237010BD0348FCE700BF16
:108B2000800000200000AD0B0400AD0B70B5164DA9
:108B300095F8804006462CBB2146602205F11000C6
:108B400005F038FC30682E6F21468E420ED100238E
:108B5000C0F87C31D0F87C3140F30730FBF724FCBF
:108B600001230A4885F88030AB6770BDCBB29B000B
:108B700003F580727C2B08BF845001F1010108BF0E
:108B80008358E2E70248F0E7800000200000AD0BC8
:108B90000C00AD0B034B93F88000003818BF012088
:108BA000704700BF800000200148FFF723BC00BFD2
:108BB000F40000200148FFF7F9BB00BFF4000020DB
:108BC00073B503681646D3F80423002AA8BF4FF0F4
:108BD00000420546A8BFC3F8042308460C46FFF729
:108BE00087FD00B30846FFF777FD0146D8B9204658
:108BF000FFF766FD04B2A40004F5807203462868FE
:108C00008150296882582144D1F8102542F0010290
:108C1000C1F810252EB12968012202FA03F3C1F828
:108C2000043302B070BD2046FFF720FD0F4B083023
:108C300033F81030C3F38203042B12D0052B12D06B
:108C400001A80194FFF702FD019AD0F81035D34036
:108C500003F00103991C204602B0BDE8704004F007
:108C600010BE0321F7E70221F5E700BF80000020D6
:108C70002DE9F04F694BDFF8A881D3F80403D8F849
:108C80007010C0B289B040F00040FFF789FD051EAA
:108C90002FDAC24600235AF87C1F06A8CDE9063316
:108CA000FFF732FD5F4B01930DF118094FF0000BF8
:108CB000019A12F8013B0192DA0803F007031AF84F
:108CC000022022FA03F3DA071CD409F10409BBF1EC
:108CD000000F14D0D8F870104FF00040FFF760FD7F
:108CE000D8F87C1006A8FFF70FFD0028DAD125F090
:108CF00000450124002D79D109B0BDE8F08F4FF077
:108D0000010BD5E7484B5B440293D9F800100029CA
:108D1000DBD0029B91FAA1F11C78B1FA81F141EA12
:108D200044142046FFF7A2FC0830059438F8107070
:108D3000C808BB0819F80020039301F007010123BC
:108D400003FA01F122EA010209F8002005A8FFF761
:108D50007DFC059A039B02F5E072C7F3820650F88A
:108D600022205B073746C2F3014224D5204639460C
:108D7000D6B2FFF785FC05A80594FFF767FC059BB5
:108D800003F5E07350F82330C3F301439E4207D14B
:108D90000021204604F075FD3146204604F071FDA7
:108DA00005A80594FFF752FC059B012202FA03F384
:108DB000C0F82035A9E7022A0CD10321204604F08F
:108DC00060FD06F00503012BEAD139462046FFF786
:108DD00057FCE5E702212046039204F052FD032EE2
:108DE000F3D0039A032ADBD1022EEDE795FAA5F31F
:108DF000B3FA83F304FA03F29B0003F1804303F513
:108E0000C04325EA0205D3F81005D3F81015C0F3C6
:108E10000520C1F30141FFF733FC6BE70060004020
:108E2000800000208F1301008F13010030B500F087
:108E30001F04400911D0012812D10C4800EB840016
:108E40001B02D0F800570A4C43EA82022C4042EA47
:108E500041012143C0F8001730BD4FF0A040EDE7BD
:108E600004F5E074002353F82430FFDE00030050C3
:108E7000F0F8FCFFCB7B10B433B9D1E900420368B2
:108E8000C3F80845C3F80C2503688A68C3F824258D
:108E900003793C225343054AD3582BB1006810BCD8
:108EA00040F30730FBF780BA10BC704770230020F6
:108EB00013B53B4B01930023C0F80431D0F80421D3
:108EC000C0F82431D0F82421C0F81C31D0F81C217E
:108ED000C0F80831D0F80821C0F800324B6381F89F
:108EE0002F300123036291F82D209A4218BF83602E
:108EF0004B6B8A6A934204460ED24A6AD35CC0F82E
:108F00001C350B6803B340F286238B608B682548C1
:108F1000C4F8043302B010BD91F82C3013B1012312
:108F2000C361EEE70B6A13F0400F4FF0010316BF69
:108F3000C361436181F82D30E3E7204604F0D8FC9B
:108F400028B1019B013B0193019B002BF5DC91F8BB
:108F50002F305BB91348019B002BDBDC0023C4F8E6
:108F6000003505231048C4F80035D3E7D4F8C434DD
:108F7000C4F8C4348BB10D4A0B4813F0010F18BF6D
:108F8000104613F0020F02F1010218BF104613F051
:108F9000040F074B18BF1846DDE70348DBE700BFA7
:108FA000A08601000000AD0B0100AD0B0000AE0B70
:108FB0000200AE0B13B5334B01930023C0F804310C
:108FC000D0F80421C0F82431D0F82421C0F81C3195
:108FD000D0F81C21C0F80831D0F808214B6381F883
:108FE0002F308B6A012B044617D10B6A5B0614D411
:108FF0000223C4F800320123236291F82D20022AB3
:1090000018BF23600B688BB140F286238B608B689E
:109010001D48C4F8043302B010BD0123E9E720461F
:1090200004F066FC28B1019B013B0193019B002BDE
:10903000F5DC91F82F305BB91348019B002BEADC7B
:109040000023C4F8003505231048C4F80035E2E7D2
:10905000D4F8C434C4F8C4348BB10D4A0B4813F0AF
:10906000010F18BF104613F0020F02F1010218BFE2
:10907000104613F0040F074B18BF1846DDE70348EE
:10908000DBE700BFA08601000000AD0B0100AD0BC7
:109090000000AE0B0200AE0B2DE9F84390F80490EF
:1090A0001C4E07463C2000FB09F035180C4695F88D
:1090B0002E1061BBA96032506B6085F82D1085F8C9
:1090C000311085F83010CCB1637B85F8383094F8D6
:1090D0000E8085F83980B8F1000F0BD12068062387
:1090E00003224146FFF7A2FE6068062303224146A1
:1090F000FFF79CFE21463846FFF7BCFE3C2303FBEE
:1091000009660548012386F82E30BDE8F883034838
:10911000FBE700BF702300200000AD0B0C00AD0B7F
:10912000036802790521C3F80015044B3C2101FBBB
:109130000233022283F82E20704700BF70230020E4
:1091400003680B4A0179C3F80823D3F8002222F000
:109150000302C3F800220022C3F80025054B3C207F
:1091600000FB0133012183F82E1083F83020704773
:1091700086420400702300202DE9F047314F047926
:10918000D0F800903C2303FB04730D4693F82D3078
:10919000012B944604D10B78012B06D12A4811E00B
:1091A000022B02D10B78012BF8D13C26274BC9F8B2
:1091B000083306FB047696F830302BB1B3682448A8
:1091C000C9F80433BDE8F0878CF00403C3F38003CF
:1091D00086F83030C6F820C0A846B8E80F0006F17F
:1091E0000C0EAEE80F00D8F80030CEF800306B68F7
:1091F000B362EB6873626B78C9F888352B78C4EB7F
:10920000041A012B07EB8A0A17D09BB9CCF3401C38
:109210003C2303FB04735146484683F82CC0FFF7F8
:1092200047FE3C235C433A193B59002BCAD182F8D4
:109230003030C7E74FF0010CEAE751464846FFF7E8
:10924000B9FEEEE7702300200500AD0B8642040056
:109250000B00AD0BF0B5324C324887B0214604F01C
:1092600047FB002859D194F82F70FFB9227B931E39
:10927000012B1BD8606AA369984217D1E369636226
:109280006369A362236A274884F82D70C3F34013EF
:10929000032A84F82C3004D107B0BDE8F040FFF772
:1092A00007BE07B0BDE8F040FFF784BE1E4E0FCEEC
:1092B00001AD0FC533682B6047B31A4AD2F8C434E6
:1092C000C2F8C43413F0020106D001238DF8003037
:1092D000002384F8303007E013F0040209D00223A1
:1092E0008DF8003084F83010D4E900316846984792
:1092F00013E013F0010305D003238DF8003084F848
:109300003020F1E704228DF80020E2E7236A8DF88F
:1093100000705B0784F83070E6D507B0F0BD00BF81
:1093200070230020003000407C230020036803F0FD
:109330001F025B09026004D0012B034818BF002004
:1093400070474FF0A040704700030050F7B5064645
:1093500004F066FB084604F063FB01A80196FFF7E2
:10936000E5FF019B2E4D00EB83000C46D0F8003743
:10937000019440F20D612B400B43C0F8003701A867
:10938000FFF7D4FF019B00EB83000127D0F80037E3
:109390002B400B43C0F80037042004F025FA0925C0
:1093A00001A80194FFF7C2FF019AD0F81035D3400D
:1093B000DB0715D401A80196FFF7B8FF019B07FA58
:1093C00003F3C0F80C35042004F00EFA304604F024
:1093D00027FB013D042004F007FA15F0FF05DFD15B
:1093E00001A80194FFF7A2FF019A01239340C0F85E
:1093F0000C35042004F0F8F9204604F011FB042099
:1094000004F0F2F901A80194FFF790FF019AD0F857
:1094100010350448D34003F00103C01A03B0F0BD77
:10942000F0F8FCFF0100AD0B08B5124BA82200219B
:10943000184604F0BFFF03220346026142610E4852
:109440000E4A98614FF48051DA61002219629A62E3
:109450005A62DA6218660A485866996609491A67B4
:10946000DA665A6711F8010D98540132102AF9D1C1
:1094700008BD00BFAC23002091130100A5470020C8
:10948000A5370020AA1301002DE9F84FDFF87C80F2
:1094900098F800308246894616460BB9FFF7C4FF9C
:1094A000182707FB0A873D6FD7F86CB05D452BD9AD
:1094B000BC6E796E641BB44228BF344629444846CA
:1094C000224604F04FFFBB6E2544A144361BAB423D
:1094D00008BF0025ABEB050B5E4528BF5E4656B1C5
:1094E000182303FB0A833246596E4846294404F088
:1094F00039FF3444354424B1182303FB0A88C8F8E3
:1095000070502046BDE8F88F0024E3E7AC2300202C
:109510002DE9F84FDFF87C80182606FB008E00FB53
:1095200006664644DEF82440DEF828C07368A44589
:1095300007468946154603EB040022D8DEF820B022
:10954000ABEB040A0AF1FF339A4203D804F00AFF96
:109550002C440FE063449A4219D852462C4404F03C
:1095600001FFB4EB0B0405D07068224609EB0A0139
:1095700004F0F8FE182303FB078301205C62BDE8BA
:10958000F88F0CF1FF3CACEB040C9445DED20020CC
:10959000F5E700BFAC230020F8B5144B182700FBFB
:1095A00007751D4407FB00330E46DB6A012B14468A
:1095B0000AD0022B14D023B9284604F03EFA844284
:1095C00008D900242046F8BD284604F036FA844223
:1095D00028BF044622463146284604F037FAF1E710
:1095E0002846BDE8F84004F04CBA00BFAC23002088
:1095F00070B50A4B1B7804460D4616460BB9FFF7AB
:1096000013FF00F04DF8324629462046FFF7C4FF0D
:10961000044600F04FF8204670BD00BFAC23002088
:10962000034B182202FB0033D86E1B6FC01A704721
:10963000AC230020034B182202FB00339A6A586ABD
:10964000801A7047AC2300202DE9F041134C1E46D0
:1096500023780546884617460BB9FFF7E5FE022D2D
:1096600019D800F01DF865B1182005FB0003E218B9
:1096700044F80380576000FB0542002316629362A2
:109680005362182303FB0544069BE36200F012F8C3
:109690000020BDE8F0814FF0FF30FAE7AC23002056
:1096A00003484FF0FF324FF0FF3300F06DBA00BFB8
:1096B0004C020020014800F0DFBA00BF4C0200203D
:1096C000034A044B02609B1A1420B3FBF0F070476E
:1096D00070E40000D4E4000070B5054600B30478DF
:1096E0003CB1104C104EB44205D30E4CB4420BD3D7
:1096F0000024204670BD204604F009FA10B123680A
:10970000AB42F6D01434EEE7204604F000FA28B15C
:1097100021682846F6F75EFD0028EAD01434E5E714
:109720000446E6E770E40000D4E40000B0B5044667
:1097300000AFF8F7CBF90B4803685B070FD06D4615
:1097400088B06A46084B5361084B9361032342F883
:10975000103F00234FF4C251F8F764FBAD4620469A
:1097600004F0E0F9EC010020AB13010099140100B2
:109770002DE9F047044600AF0D46EFF31189202391
:1097800083F31288BFF36F8FDFF8EC803B4AD8F881
:109790000030966859076BD0042898BF384B117C6D
:1097A00094BF53F82030374BEA468CB06A463648AF
:1097B0005061C2E90831354840F202431385344B09
:1097C000C2E9060442F8103F2B4800234FF45151E0
:1097D000F8F728FBD546C5B1EB69D8F80020C3F3EC
:1097E000080393B152072CD0EA4688B06A46294B49
:1097F0005361264B9361032342F8103F1E48002318
:109800004FF4C251F8F70EFBD546D8F800305B078D
:1098100017D026BB2048E8468AB06A461F4B5361E2
:109820001A4B1062C2E9063640F2024393841C4B85
:1098300042F8103F104800234FF43151F8F7F2FA84
:10984000C54629462046FFF771FF89F31188BFF30B
:109850006F8F3046FAF726FDBD46BDE8F0873046EB
:1098600004F003FA0028D5D00378002BD2D0D2E739
:10987000002DB1D1E5E700BFEC0100205424002009
:1098800024F10000BE130100D41301008B14010069
:109890000600000100140100CC1301002514010092
:1098A0000500000138B5094B53F82040013053F84A
:1098B0002050A54200D838BD636823B1204604F08B
:1098C00039F90834F5E723689847FAE738F10000DA
:1098D00070B52B4B2B4C2C4D012286B003201A70F7
:1098E000FFF7E0FFF9F76CFE04F040F90420FFF702
:1098F000D9FF2646AE4204F1300410D300F016FD25
:10990000204C224EAC4226D300F024FDF6F76AFE2E
:109910001F4A137B23F00103137306B070BD54F884
:109920000C3C059354F8103C049354F8143C0393F6
:1099300054F8183C029354F81C3C019354F8203C12
:10994000009354E90A2354E90C0100F075FA54F825
:10995000303C5E65CDE7D4E90A23B3F1FF3F08BF91
:10996000B2F1FF3F05D052EA0301206803D104F0B1
:109970007EF93034C6E73146183000F0F3FEF8E7E0
:10998000A557002054E6000054E60000D1DD000099
:109990007815002008B50348034A0021121A04F084
:1099A000E1F808BDA8020020A857002070B5174EA6
:1099B000174D184986B0B82303FB0066164B059374
:1099C00001220F23CDE903320023CDE90133142313
:1099D00003FB005504464FF4046000FB04110F4BD9
:1099E00000954FF40062304600F026FA737B0C4A73
:1099F000EE6023F0040373734FF4825304FB0333CC
:109A000013442C746B6006B070BD00BFC0140020FE
:109A10005424002080800020B31401000BDC0000DF
:109A200040700020BFB50020FFF73CFF2E4B83F3B2
:109A300008882E4D2E4E6B692E4F43F400736B61D8
:109A40000024E02385F82230EC772C766C76AC7617
:109A500085F820406B6A43F4E0236B6285F823406D
:109A6000FAF782FBFAF75CFD4FF0FF33AB62EB6273
:109A7000214DFAF761FEFAF777FDF7F775FF40F22F
:109A800001132846AB81C5E9264401F08FF8B56083
:109A900004F03CF80120FFF705FF0220174DFFF707
:109AA00001FF00F077FC164B756105930123154902
:109AB0000094CDE903434FF480523B46CDE9014485
:109AC000284600F0B9F96A7B064622F004022846CF
:109AD0006A7304F022F92046FFF768FF3A463146E0
:109AE0002846FAF7F9FC00BF8080002000ED00E076
:109AF00054240020D1980000301600207815002052
:109B000085F50000C088002038B5064C064D0020C1
:109B1000AC4200D338BD204604F029F80028F9DB18
:109B20001C34F5E7FC010020FC01002073B50C4655
:109B3000EFF31181202585F31288BFF36F8FC5687D
:109B40005DB125602B68C3608369013383610020A8
:109B500081F31188BFF36F8F11E052EA030603D13E
:109B600025606FF00B00F3E7CDE9002302460830D3
:109B700000F028FB18B9034B9B685B69236002B0B7
:109B800070BD00BF542400202DE9F3410446174660
:109B90001E46EFF31188202383F31288BFF36F8FE3
:109BA000C368334A7BB180689168884219D057EA0C
:109BB000060318D188F31188BFF36F8F6FF00F0081
:109BC00002B0BDE8F081916891F90E102161013376
:109BD000E3609368A36088F31188BFF36F8F002060
:109BE000EEE72169F2E791F90E1090F90E309942F3
:109BF000A8BF19466FF07E029142B8BF11468B4252
:109C00002DDD04F00DF80546CDE900761948224611
:109C1000414600F0D7FA0028E1D0EFF31186202367
:109C200083F31288BFF36F8FA068D0B123682169D6
:109C30009C420AD04BB193F90E309942A8BF194605
:109C40006FF07E039942B8BF194603F0E9FF40B1B7
:109C50000848314600F026FB6FF00A00B0E7002507
:109C6000D2E7002DF4D186F31188BFF36F8FF3E7AD
:109C700054240020A657002038B5836804466BB3EF
:109C8000194A926893422CD1C368012B03D9013B36
:109C9000C360002038BDEFF31185202383F31288C1
:109CA000BFF36F8F0169806803F0BAFF204604F0AC
:109CB000A9F8A06060B190F90E2022610022C0F8DE
:109CC000B02004F02AF80948294600F0EBFAE0E752
:109CD000E06085F31188BFF36F8FDAE76FF015004E
:109CE000D8E74FF0FF30D5E754240020A6570020D6
:109CF00038B50446EFF31185202383F31288BFF3B0
:109D00006F8F04F07FF850B10022C0F8B02004F04B
:109D100004F829460848BDE8384000F0C3BAD4E941
:109D200002329A4218BF0133A360022104F11000ED
:109D300004F03FFAEDE700BFA657002013B5EFF39C
:109D40001181202484F31288BFF36F8F846844B19B
:109D5000013C846081F31188BFF36F8F002002B053
:109D600010BD52EA030406D181F31188BFF36F8F4F
:109D70006FF00F00F3E7CDE900230246014800F041
:109D800021FAECE7A657002010B5044608B9054BA8
:109D90009C681F2204F1780004F071FA002084F816
:109DA000970010BD542400202DE9F74F0C46D1B385
:109DB000CAB3477BDFF87480561E08466FB34FF076
:109DC00000094D464FF0010A0AFA09FB17EA0B0F8A
:109DD0001DD0D8F80410721B8A4228BF0A46D8F852
:109DE0000010019204F0BEFA019A37EA0B071544FD
:109DF00004EB050011D0A6EB050BBBF1010F28BF4A
:109E00004FF0010B0A495A4604F0ACFA5D4409F1DF
:109E1000010908F108086019D6E7002303702046FD
:109E200003B0BDE8F08F0348FAE700BF50F100002F
:109E3000BB14010037FB00002DE9F04FD51D85B0A4
:109E400025F0070504461F467F3500F15803C0E999
:109E5000163325F03F05129B237300200E46119BFD
:109E6000DDF838B0DDF84C80A06004213F2DC4E956
:109E700006006173A373E07306F1400AA5F140097F
:109E800005D880F31188BFF36F8F084602DF4A467A
:109E90003544AA21504604F08DFA29462046F9F7A8
:109EA00029FD0730109B20F00700C4E926A9C4F85B
:109EB000A00002930F9B2D1ACDE900B32A463B4622
:109EC00031462046FAF7D4FA0F9BE3664FF00009BB
:109ED000109BC4F85490C4E9197B2367EFF31182F7
:109EE000202181F31288BFF36F8F104E316A6167B2
:109EF000346282F31188BFF36F8FB8F1000F11D075
:109F00001F22414604F1780004F0B9F984F89790D3
:109F1000B3680BB1D3F8A430C4F8A430284605B018
:109F2000BDE8F08F84F87880F2E700BF5424002069
:109F3000F0B587B000250595109D04950F9D0395FC
:109F40000E9D0295DDE912760D9D01950C9D009503
:109F50000446FFF771FFB6F1FF3F08BFB7F1FF3FBF
:109F600005D056EA070305D1204600F0ADF920469A
:109F700007B0F0BD03493A46334604F1180000F03B
:109F8000F1FBF4E7D1DD000038B50D4D2B4653F859
:109F9000184F9C4200D004B9EC68AB6838B95A7BC2
:109FA000D20604D1A26912B9DA897F2A05D89C4267
:109FB00002D0204600F0DCFA23466B6138BD00BFBA
:109FC0005424002008B590F90D20437B002A014657
:109FD00004DA03F07F03437303F05CFE044B9868DC
:109FE000431A58425841BDE80840FFF7CDBF00BFB3
:109FF0005424002070B490F90D30427B002B29DBF3
:10A00000D30627D183692BBB134962F07F024273C9
:10A010000A4652F8184F944218BF2346CC6923B918
:10A02000C0E900242060C8610CE090F90E5093F95B
:10A030000E60B5420AD0AE4208DD5A68C0E900326F
:10A040001060586070BC0020FFF79EBF9C42E7D0B4
:10A050001B68E4E770BC7047542400202DE9F041F0
:10A06000002A427B0E460CBF1021082111420446F3
:10A070000FD141EA0203D20918D1437308291BD03A
:10A080000120FFF781FFBFF35F8F637B23F0600345
:10A0900063732D4B9B68A3424FD1EFF30583002BD5
:10A0A0004BD13046BDE8F041FAF712B903F07F0317
:10A0B000437303F0EFFDE1E7A36813B1204603F01B
:10A0C000F1FD04F1180003F005FFA56D04F1580738
:10A0D000AF4211D04FF0000875B1284603F0E2FD01
:10A0E00005F1180003F0F6FEC5F8B0802846FFF72A
:10A0F00081FFA56DAF42EFD1134FBB689C4206D0E4
:10A100000120FFF741FF204600F08AFABBE7EFF39A
:10A110000583002BF4D001200C4DFFF735FF2046BE
:10A1200000F07EFA40F20113AB8128460023C5E916
:10A13000263300F03BFDBD60A5E786F31188BFF331
:10A140006F8FBDE8F08100BF54240020301600203E
:10A1500070B590F90D20437B002A014604DA03F024
:10A160007F03437303F096FD4B7B154A63F07F0337
:10A1700010464B7350F8183FD469834208BF002340
:10A1800023B9C1E900042160D1610CE091F90E50BE
:10A1900093F90E60B5420ED0AE420CDD5868C1E9AD
:10A1A0000030016059609068431A5842BDE8704021
:10A1B0005841FFF7E9BE9C42E3D01B68E0E700BFCF
:10A1C00054240020F8B5124B0C461146114A9868E9
:10A1D0001060DDE90676EFF31182202282F3128807
:10A1E000BFF36F8F9D68284603F066FDB6F1FF3F11
:10A1F00008BFB7F1FF3F06D007493A46334605F19D
:10A20000180000F0AFFA2046BDE8F840FAF760B851
:10A210005424002078240020D1DD0000F8B5044645
:10A22000EFF31186202383F31288BFF36F8F437BF4
:10A23000DA0649B219D18569BDB903F07F034373CA
:10A2400003F028FD437B164A817363F07F03437359
:10A25000134653F8180F984218BF0546D0695DB9E8
:10A26000C4E900300460D46111E0A173002086F3DA
:10A270001188BFF36F8FF8BD95F90E70B9420BD0FE
:10A280008F4209DD6B68C4E900531C606C600120DB
:10A29000FFF77AFE0120EAE7A842E1D02D68DEE769
:10A2A0005424002049B9EFF3058030B9054B5A69B1
:10A2B0009B689A4201D0FAF70BB881F31188BFF37B
:10A2C0006F8F70475424002010B5EFF311842022C3
:10A2D00082F31288BFF36F8F427B510704D484F35B
:10A2E0001188BFF36F8F10BD22F004024273FFF795
:10A2F00081FE21460248BDE81040FFF7D3BF00BFF2
:10A30000A6570020034648B9EFF3058232B9064A42
:10A3100051699268914201D0F9F7DABF83F311884D
:10A32000BFF36F8F704700BF54240020EFF31181FB
:10A33000202383F31288BFF36F8F054B9A68D37B7A
:10A34000013BD37381F31188BFF36F8F704700BF58
:10A350005424002038B5EFF31185202484F31288AB
:10A36000BFF36F8F0A4B9A68D37B0133D3730020FE
:10A37000FFF70AFE85F31188BFF36F8FEFF31180AB
:10A3800084F31288BFF36F8FBDE83840FFF7BABF80
:10A3900054240020024B03F11802C3E9062270473F
:10A3A00054240020F8B5EFF31185202383F312889D
:10A3B000BFF36F8F19498868437B03F07F034373B2
:10A3C00003F068FC8B685A7B084662F07F025A7380
:10A3D00050F8182FCC69824208BF002222B9C3E985
:10A3E00000042360CB610CE093F90E6092F90E70CB
:10A3F000BE420ED0B7420CDD5168C3E900210B60AC
:10A4000053600120FFF7C0FD2846BDE8F840F9F78A
:10A410005FBFA242E3D01268E0E700BF54240020EF
:10A4200050EA01032DE9F04105460E4603D1FFF73E
:10A43000B9FF00202BE0831C71F1FF3329DB03F00F
:10A440005EFD2C18EFF31188202383F31288BFF3ED
:10A450006F8F124F124BB8681860FFF7B3FDB868E2
:10A4600010492A463346183000F07CF9BA68537B0D
:10A4700043F0100353734046F9F72AFF03F03FFD02
:10A48000201A63EB0303012873F10003D1DBBDE85D
:10A49000F0816FF00104241AD4E700BF5424002097
:10A4A00078240020D1DD0000B1F1FF3F08BFB0F1FA
:10A4B000FF3F08B506D10A4B986803F03DFC4FF00A
:10A4C000FF3008BDFFF7ACFF4FF47A7147F6FF731A
:10A4D0000022C0FB0132D80B40EA4240F1E700BF46
:10A4E00054240020014B9868704700BF542400207A
:10A4F000D3B5DDE90667089CCDE90067FFF762FE8A
:10A500001CB1034B9B685B69236002B0D0BD00BFE8
:10A5100054240020044BC01A044BC0105843044B71
:10A5200001221A54704700BFE8160020ABAAAAAA5D
:10A53000A6570020C3897F2B12D80A4B1B6863B132
:10A54000094B90F90E201B689A4209DB437BDB061E
:10A5500006D1064BC31A18BF012303F00100704750
:10A560000023FAE7802400207C240020C01400206F
:10A5700070B50E4B0E4C1E7C06EB460304EBC30479
:10A580000546204603F0A6FC0A4B002228469A55B1
:10A59000FFF7D0FF48B1084B08491A68013A204636
:10A5A000D317BDE8704000F0DDB870BD5424002022
:10A5B000E8160020A65700208024002015A50000E2
:10A5C00038B5EFF31185202383F31288BFF36F8F23
:10A5D000104B114A9C681068A04206D1FFF7C8FFD3
:10A5E00085F31188BFF36F8F38BD00211B7C11608C
:10A5F0000A4AD35C002BF3D02046FFF79BFF0028CC
:10A60000EED0637BDB0602D12046FFF7A1FD20469A
:10A61000E4E700BF5424002078240020A65700203F
:10A62000EFF31181202383F31288BFF36F8F0A4A5F
:10A63000136A834207D15B6F136281F31188BFF302
:10A640006F8F70471346002BF7D05A6F8242F9D1B3
:10A65000426F5A67F1E700BF54240020F8B5064660
:10A660000F46EFF31183202282F31288BFF36F8F1E
:10A670000B490C6A154624B983F31188BFF36F8F19
:10A68000F8BD83F31188BFF36F8F39462046B0477A
:10A69000EFF3118385F31288BFF36F8F646FEAE7DE
:10A6A0005424002008B50648064A0749121A03F048
:10A6B0005BFABDE80840054A0549064803F054BA6C
:10A6C00000000020A402002010150100000000007E
:10A6D0001015010000000020034B1B680BB9FBF7AD
:10A6E00067BA0020704700BF8424002030B570B1E5
:10A6F0000B4B5B6898420AD0036843B1D3E904214D
:10A70000D0E90445121941EB0501C3E90421D0E960
:10A71000003213605A600023C0E9003330BD00BF2F
:10A720000401002010B50E4B1C689C4204D1FFF7B9
:10A73000D3FF6FF0004010BDFFF7CEFF002CF8D024
:10A74000D4E904321B1A62EBE072B3F1004F72F1EC
:10A750000001EEDA002AACBF18460020EBE700BF8C
:10A7600004010020B3F1FF3F08BFB2F1FF3FF8B58D
:10A7700004461D4616465ED08160EFF31187202304
:10A7800083F31288BFF36F8F013275F1FF3324DA40
:10A790002E49D1E900206FF001039B1A4FF0FF32E0
:10A7A00062EB00009E1B60EB0500012E70F10003C0
:10A7B00001DA01260020C4E90460254ED6F800C065
:10A7C0007568B44508BF4FF0000CBCF1000F0DD107
:10A7D000C4E900652C6074601CE0FFF77DFF013662
:10A7E00045F10005361845EBE070E4E7DCE90420AC
:10A7F000D4E90431934271EB000E1DDAD21ADCF871
:10A80000043060EB0100CCE90420C4E900C31C6003
:10A81000CCF804403368B34209D09C4207D10D4BB9
:10A820001C6824B9FFF77EFF2146FBF793F987F3F5
:10A830001188BFF36F8FF8BD9B1A61EB0001AC4527
:10A84000C4E90431C4D0DCF800C0BEE70017002022
:10A8500004010020842400202DE9F84FEFF3118C2F
:10A86000202383F31288BFF36F8FDFF8B0A0DFF8E7
:10A87000B0902C4FC9F80000DAF8000000245045D1
:10A8800008BF00200025D7E90021D9F80030E046B4
:10A8900078B3D0E9046C4FEAE37EB3427EEB0C0B55
:10A8A00005DAF61A6CEB0E04C0E9046421E0B21874
:10A8B00041EBE671C0E90445C7E90021FFF716FF47
:10A8C00088F31188BFF36F8F83689847EFF311887F
:10A8D000202383F31288BFF36F8FD9F80030DAF8A2
:10A8E00000009B1B5045C446C9F80030CBD1D7E9C6
:10A8F00000219A1841EBE3730024C7E90023C9F84B
:10A900000040FFF70FFF2146FBF724F988F3118879
:10A91000BFF36F8FBDE8F84FFFF752BE0401002070
:10A92000842400200017002010B5EFF311842023A9
:10A9300083F31288BFF36F8FFFF7CEFE054A0346FD
:10A94000D2E90001181841EBE37184F31188BFF3D9
:10A950006F8F10BD00170020F8B50446EFF3118784
:10A96000202383F31288BFF36F8F026822B187F32D
:10A970001188BFF36F8FF8BDD0E90A36581C46F135
:10A980000001022871F1000127D3012B76F10001AB
:10A99000BCBF012316465D1E46F1FF3603F0B3FA35
:10A9A000013041F10001401946EB0101012871F12C
:10A9B00000013ADB03F0A7FA013041F100016FF02A
:10A9C0000102401946EB0103121A4FF0FF3161EB0F
:10A9D000030318492046FFF7C5FE236B01332363A9
:10A9E000236A6BB187F31188BFF36F8F236A204608
:10A9F0009847EFF31187202383F31288BFF36F8FFB
:10AA000054F8185FA542B2D0002DB0D0284603F00C
:10AA1000ADF90023C5F8B03087F31188BFF36F8F0D
:10AA20002846BDE8F84003F078B96FF001024FF016
:10AA3000FF33CEE759A900002DE9F04105461C4639
:10AA400090461F46EFF31186202383F31288BFF34D
:10AA50006F8FB4F1FF3F08BFB2F1FF3F05D186F31E
:10AA60001188BFF36F8FBDE8F081531C74F1FF3381
:10AA700009DB012A74F10003BCBF0122002412F19A
:10AA8000FF3844F1FF37284603F024FADDE90601D8
:10AA90000023C5E90A012B63034942463B46284689
:10AAA000FFF760FEDBE700BF59A900002DE9F74F73
:10AAB0001D46274B9F68012387F8603087F8613077
:10AAC00052EA050316460CBF0123002307F160027A
:10AAD000804603F0A1FA8146EFF3118B4FF0200A74
:10AAE0008AF31288BFF36F8F97F860404CB9014624
:10AAF0005A46404603F031FA8BF31188BFF36F8F4B
:10AB00000BE0002387F8603056EA050309D18BF388
:10AB10001188BFF36F8F6FF00A04204603B0BDE8C1
:10AB2000F08FCDE900650B4A0B485946FFF74AFB09
:10AB30000446EFF311858AF31288BFF36F8F2A461C
:10AB40004946404603F009FA85F31188D6E700BF6D
:10AB5000542400200C010020A757002038B50346DC
:10AB6000EFF31185202282F31288BFF36F8FC1604B
:10AB7000012181600068834206D185F31188BFF30B
:10AB80006F8F0024204638BDD0E9003213605A6030
:10AB90000023C0E9003303F0B7FA2946044602480F
:10ABA000FFF780FBEEE700BFA7570020014BC0F87E
:10ABB000A4307047FC01002038B5064C064DAC426D
:10ABC00001D3002038BDD4E90112204603F018FB60
:10ABD0001434F4E7FC010020100200201FB5094ADC
:10ABE00092E8030002AB83E803004FF48052009325
:10ABF000054906484FF0FF3300F006F9002005B084
:10AC00005DF804FB3CE800000099002008170020D4
:10AC10002DE9F043DFF8348185B005464FF0FF366B
:10AC20004FF0FF37EFF31189202383F31288BFF32E
:10AC30006F8FD5F8B8408CB9022105F1D00003F030
:10AC4000E7FA002860D10023CDE90067029305F1FF
:10AC5000C00249463E48FFF74BFCE3E7D5F8BC206D
:10AC60002368C5F8B830944208BFC5F8BC30D5F8A1
:10AC7000D03043F00203C5F8D030E36823F004037A
:10AC800043F00103E360636889F31188BFF36F8FBA
:10AC900020469847EFF31189202383F31288BFF3EE
:10ACA0006F8FE368D90623F0010237D4E260E368CE
:10ACB0009A071AD5D8F8000023F00203E360A0B188
:10ACC0000268002188B143689C4237D1036869BBA0
:10ACD000D8F80420C8F80030824201D1C8F8043006
:10ACE000002340F8083BFFF703F8D5F8D03023F0F5
:10ACF0000203C5F8D03089F31188BFF36F8FDB05ED
:10AD000090D4FFF74FFB8DE705F1C8040022012125
:10AD1000204603F0BCF80028F8D194E723F0110393
:10AD2000E36004F11000FEF7E3FFC0E70B60D8F822
:10AD30000430834208BFC8F80410D1E722B1136879
:10AD4000014610461A46BDE71346F9E7882400205D
:10AD5000A7570020F8B5C3689A0704460F46C3F307
:10AD600040062CD45B071AD40B680BB983680B60C0
:10AD7000E368DD0744BFA3683B603D684CBF022623
:10AD80000126002D3AD01F4B9B68AB420AD0D5F864
:10AD9000D030D807C3F3800214D46FF0120600231A
:10ADA0003B6025E002F05BFFD5F8D0300028F0D101
:10ADB000D907C3F3C002F0D552B15B0708D46FF0D6
:10ADC0000F06ECE7002AFAD1C3F3C003002BF6D13B
:10ADD00000232360D5F8BC3063B9C5E92E4428466A
:10ADE00003F021FAE36843F00403E3603B68A360E7
:10ADF0003046F8BD1C60C5F8BC40F0E76FF01506A2
:10AE0000CDE700BF54240020F0B589B004460020EF
:10AE1000C4E92E000E9D04F1C000C4E9300004F125
:10AE2000C800C4E932004DB32879002840F201106F
:10AE300008BF0120C4F8D00000204FF0FF364FF0CB
:10AE4000FF37CDE90330CDE90100CDE906670C4BB2
:10AE500000942046FFF76CF855B1296811B12046DF
:10AE6000FEF792FF6B791BB1237B43F00103237341
:10AE7000204609B0BDE8F04002F0F9BE0120D9E754
:10AE800011AC000010B50A4C23681BB101232360EC
:10AE9000002010BD00F0EAF80028F7D0013806289D
:10AEA00003D8044B53F8200010BD034810BD00BF69
:10AEB0009024002090F10000FE8FFFFFBFF34F8F22
:10AEC0000549064BCA6802F4E0621343CB60BFF346
:10AED0004F8F00BFFDE700BF00ED00E00400FA0562
:10AEE00010B4094B09490A4C4FF0FE32C3F8002454
:10AEF0004968C3F80424C3F80824C3F80C240023C9
:10AF0000C4F8003510BC084700B0025014010020FE
:10AF100000A00250D0E90012014BC3E900127047B3
:10AF20001401002010B5044650B1636813F0685F47
:10AF300005D0064A934202D000232360626010BD10
:10AF4000034B04485B689847EFE700BF2C5F5CA9A0
:10AF500014010020ACF10000C8B143680D4A9342CF
:10AF600013D013F0685F0ED0012350E8002F19466C
:10AF700040E8001C9CF0000FF7D1012AF5D0BFF388
:10AF80005F8F0020704704487047044870476FF493
:10AF9000E04070472C5F5CA9E98FFFFFEA8FFFFF5D
:10AFA00080B14368094A93420AD013F0685F05D024
:10AFB000BFF35F8F00230360184670470448704753
:10AFC000044870476FF4E040704700BF2C5F5CA9F5
:10AFD000E98FFFFFEA8FFFFF10B5044620B1044B55
:10AFE00063600022226010BD0248FFF779FFF6E798
:10AFF0003A00003AD4F1000070B5D0E90023174CB4
:10B00000174D6360D0E90230C4E90230226048681D
:10B01000D1F800C0134BC3E900C0D5F81801D1F82E
:10B0200008C0C3F808C010F0685FD1F80CC0096907
:10B03000C3F80CC0196110D00B49C5F8BC1100232E
:10B04000C5E9453105F58A70C5F8B83190472368E0
:10B0500005F5DC70BDE87040184770BD3001002078
:10B06000A82400201C0100202C5F5CA938B500F04A
:10B070002FF820B1032400F063F8204638BD00F01B
:10B0800031F898B900F0ACF898B90F4DD5F82839D7
:10B090001B0EF02B08D1D5F8242A0C4B9A420AD06B
:10B0A000072400F017F8E6E70624FAE70424204610
:10B0B00038BD0024F5E7012000F092F8044600288E
:10B0C000F7D1C5F80C0AD8E700B002500000E02024
:10B0D0000020704700207047014BC3F8040A7047F6
:10B0E00000B0025010B5114800F048F800B110BD92
:10B0F0000F4800F043F80028F9D10E4C204600F02C
:10B100003DF80028F3D10C4B0C481C6000F036F8D9
:10B1100001460028EBD100F02DF8044608B1204686
:10B1200010BD00F03FF82046FAE700BF7001002094
:10B130006C010020680100206001002064010020F3
:10B1400008B5084800F024F8074800F021F807483F
:10B1500000F01EF8064800F01BF8BDE8084000F0BB
:10B160000BB800BF700100206C01002068010020B6
:10B170006401002000207047704700BF08B5034BF2
:10B1800002681B6810689847002008BD3001002045
:10B1900008B5034B02685B6810689847002008BD3B
:10B1A0003001002070B5094C094D2069AB68984703
:10B1B00018B1084B08485B689847084AEB68206953
:10B1C00000211160BDE87040184700BF1C0100203D
:10B1D0003001002014010020F8F10000A424002018
:10B1E000F8B51A4D1A4E0446B26828699047E8B976
:10B1F000184F3B684CB1A3B1012B19D0013B3B6008
:10B200002869F36898470020F8BD43B9124A012124
:10B21000C2F800151149D1F81029002AFBD10133D9
:10B220003B60F368286998470020F8BD0C48F8BDDA
:10B230000A4AD2F81039002BFBD1074A6FF07E4042
:10B24000C2F80035FFF748FF3B68D7E71C01002034
:10B2500030010020A424002000A0025000B00250C1
:10B26000E98FFFFF0CB430B589B005460C461C22AF
:10B27000002101A803F09EF802238DF806300E4B42
:10B280000293059523462CB1B4F1004F28BF4FF02F
:10B290000043013B1D440DAA0C99069501A800929C
:10B2A00000F0E8F814B1059B00221A7009B0BDE85F
:10B2B000304002B0704700BFC5E30000242A2DE9EA
:10B2C000F041044601D8012A4CD103F083F8354BF4
:10B2D00016221A5001B10C6000273846BDE8F081F3
:10B2E00035462E4616F8010B2028F9D0A0F10907A3
:10B2F000042F0346F4D92B2836D02D2837D14FF010
:10B30000010C6B78AE1C302B38D1307840F0200027
:10B3100078282FD132F010002CD1737834461022C7
:10B3200002360CF1004001380027B0FBF2FE02FBB0
:10B330001E08392B82BF03F1FF3343F02003263B65
:10B34000303B9A421ED9774502DC03D1984501D2A1
:10B350004CF0020C354607FB023715F8013B34462A
:10B360002E46E6E70546BCE74FF0000CC9E74FF074
:10B37000000CC8E7002A08BF0822D2E7002A08BF4D
:10B380000A22CEE701B10C601CF0010F18BF7F420A
:10B390001CF0020FA1D0074603F01CF8014B22223B
:10B3A0001A509AE70C000000242AF0B5044601D890
:10B3B000012A40D103F00EF82D4B16221A5001B18C
:10B3C0000C600020F0BD2F463D4615F8010B2028EB
:10B3D000F9D0A0F10906042E0346F4D92B282CD06D
:10B3E0002D282CD101267B78BD1C302B2DD128781F
:10B3F00040F02000782824D132F0100021D16B7861
:10B400002C46102202350020392B82BF03F1FF3376
:10B4100043F02003263B303B9A421AD9A0FB02049A
:10B420000CB9C01801D346F002062F462C4617F877
:10B43000013B3D46E8E70746C6E70026D3E700267E
:10B44000D3E7002A08BF0822DDE7002A08BF0A2246
:10B45000D9E701B10C60F20748BF4042B307B1D54C
:10B4600002F0B8FF024B22221A504FF0FF30A9E73A
:10B470000C0000002DE9F04F8DB0436802938378F3
:10B4800015469A07804640F10D8100240E78002E63
:10B4900000F00A81252E0BD04B1C03930134029B34
:10B4A0004146304698470028C0F2F6800399EDE700
:10B4B0004E788B1C252E0393F0D00027B946BB464F
:10B4C000BBF11F0F38D8A6F12003102B0AD8DFE8F4
:10B4D00003F02A0909300909092109090928092D58
:10B4E00009091F00A6F13003092B33D92A2E37D1C1
:10B4F0001BF0400F55F8043B40F08280002BA7BFA3
:10B500004BF0200B9946C3F100094BF0280B01E0EA
:10B510004BF0010B039B13F8016B0393002ECFD16B
:10B5200030E04BF0020B4BF0040BF3E74BF0080B51
:10B53000F0E74BF0100BEDE7BBF17F0F19D8A6F148
:10B540003003092BD2D81BF0400F03D00A2101FB96
:10B550000737DFE70A2101FB09394BF0200BD9E758
:10B560002E2E06D11BF0400F40F09E804BF0400B7A
:10B57000D0E76C2E31D02BD8682E36D06A2E3CD036
:10B580004C2E3AD0002F46F02003B8BF2BF04002DB
:10B59000A3F16501BCBF1FFA82FB0027022901D974
:10B5A000612B2FD1073525F00705DFF8ACA2083550
:10B5B00007271BF0080F66D00AEB070B56465E45BF
:10B5C00063D1A4EB0A0A06EB0A02A9EB07096FE1B3
:10B5D000742E9FD07A2E9DD0D4E71BF0800F18BF19
:10B5E0004BF4007B4BF0800B94E71BF4807F18BF7B
:10B5F0004BF4007B4BF4807B8CE74BF4207B89E79A
:10B600001F4687E7A6F16301122900F2F080DFE808
:10B6100011F013004F00EE00EE00EE00EE004F00C0
:10B62000EE00EE00EE00EE00EE00FE00E900EE009F
:10B63000EE001B00EE00AF0055F8043B8DF818300B
:10B6400001270DF1180AB4E755F804AB834BBAF1A2
:10B65000000F08BF9A461BF0400F14BF39464FF049
:10B66000FF31504602F01BFE0746A2E7029B41460F
:10B670002020984700280FDB013EB742F6D34C4408
:10B68000A41BB14698E74E46F7E716F8010B029B5C
:10B6900041469847002892DA98F8023043F00403B4
:10B6A00088F802304FF0FF3420460DB0BDE8F08F2F
:10B6B0001BF0800F34D01BF4007F2CD0073525F011
:10B6C0000705AA4669685AF8080B2BF010050029EF
:10B6D000ADB237DA404261EB410145F480650DF1CE
:10B6E000180B0A235A4602F0E6FDA0EB0B03019368
:10B6F0006B0662D5019B25F001019F4289B240F3A0
:10B70000A180002E00F0998015F0100240F09C807E
:10B71000BB460D4623E0AA465AF8040BC117D4E7EE
:10B72000AA461BF4807F5AF8041B01D10846F5E7AE
:10B730001BF4007F15BF48B208B241F3C01141F3BA
:10B74000C031C2E750EA0103C9D11BF0400FC6D097
:10B75000002FC4D12BF0110295B2BB46019740F2E5
:10B76000064115EA01021CBF0BF1010B00222CE07F
:10B770002BF010021FFA82FB0A231BF0800C49D029
:10B780001BF400711DBF073525F00705AA46AA4620
:10B790001ABF5AF8080B69685AF8040B50EA0105F9
:10B7A00045D12BF016051BF0400FADB242D0002F53
:10B7B00040D12BF0170295B2019715F0100248D036
:10B7C000019B002E42D103F1010B29075AD4EB074C
:10B7D00006D5D9456FDD0199A9EB0B035F18CB4660
:10B7E0005B4649E04BF0100B10237826C5E7782B19
:10B7F00004D1C6F1780343F01003BEE7029B414633
:10B80000252098470028FFF647AF023447E6082373
:10B810000026B2E7AA461BF480715AF8040BBDD08B
:10B820001BF400711ABFC0B2614680B2B6E72BF0BC
:10B83000060295B20DF1180B54E725F01105ADB2D3
:10B84000BB468CE70D46B8E73B460D4603F1020BBD
:10B85000BBE7DDF804B082E706150100FF14010024
:10B86000CDE904324146029B202098470028FFF68C
:10B8700013AF049B059A01339945F1DCA4EB0B014E
:10B88000CC189B460AB3029B4146302098470028BB
:10B89000FFF602AF8EB901342744019B391B994250
:10B8A00024DC1D465DBB019AA9EB0B0922445546D9
:10B8B0001446914435E0019F92E7023441463046F8
:10B8C000029B98470028E7DAE6E640F206410D427F
:10B8D000E2D015F0020F14BF2B20202015F4806F4A
:10B8E00004F10104414618BF2D20E9E7029B4146BF
:10B8F00030209847002804F10104CEDACCE606ABEC
:10B90000013D4146585D029B98470028CADAC3E6CC
:10B91000029B414620209847002804F10104FFF6CD
:10B92000BBAEA9EB0403002BF2DCBFE570478368D4
:10B930005B6818470023F6F775BA0A448A4200D1BB
:10B94000704711F8013B40BA80B25840C0F303136E
:10B950004340180380B24340580100F4FF50584060
:10B96000ECE700EBC100408840087047F8B503469B
:10B97000FFF7F7FFB0FA80F0C0F11F0003EB800C77
:10B98000CA00DCF81060171D0C4606328DB256B99D
:10B99000012101FA00F0D9680143D960CCF81040C8
:10B9A000DD539D52F8BDF1000431585AD85303EBD2
:10B9B000C0009E52C5805D52F4E7043A2DE9F04183
:10B9C000CC1D114424F0070421F007010E1BF708D9
:10B9D000B7FA87F2C2F12405AD004FF00008073531
:10B9E000C2F12002ED0804604146A760C4F80C8053
:10B9F000920004F1100002F0DDFC6B0043F0010343
:10BA0000638004EBC5027B1B5900A4F800805180C1
:10BA1000A21924F83550A2F80280A35304EBC703FF
:10BA200029465A8842F001025A802046BDE8F0417A
:10BA3000FFF79CBF2DE9F04706460D46174698468E
:10BA40002BB398F8004093F80190DB78A40004EB46
:10BA5000430498F802301C4444444FF0000ACA459D
:10BA600009D3D8F8042008F1080339463046AC461B
:10BA7000BDE8F047604714F8013B48F823402046F2
:10BA8000F4F7BAFB013004440AF1010AE7E76FF06A
:10BA90001500BDE8F08770B500250246284614461B
:10BAA00014F8013B0BB9184609E098B18D4207D153
:10BAB000702B04D0A3F140023A2A0BD8002070BDAD
:10BAC000A3F140063A2E05D853780135941C002B7B
:10BAD000E9D00020252B08BF80F001002246DEE7D8
:10BAE000002070470FB407B504A951F8040B019169
:10BAF00000F06BFB03B05DF804EB04B0704710B5C9
:10BB00000369024613F0080009D11368D4689C4207
:10BB100097BF126AE31AD31A01200B6010BD0023ED
:10BB20001846FAE713B501A90446FFF7E8FF20B16C
:10BB3000019BE268013B13440193206A019BC01AF8
:10BB4000013802B010BD10B5044650182269236AAE
:10BB5000D20702D5013B184010BD984228BFC01A39
:10BB6000FAE710B504460A46C168FFF7ECFF2369FF
:10BB7000E06023F00803236110BD38B50D46C269AB
:10BB80008B00016843F0020342F82130044601684B
:10BB90002A46FFF7D8FFE36861682060984202BF39
:10BBA000236943F0080323612A462046FFF7CBFFB1
:10BBB000606038BD2DE9F74FC768C6699B4616F827
:10BBC000273003F00303022B04468846914606EB18
:10BBD000870A4FF0000309D01360CBF800302369C7
:10BBE000990710D4002003B0BDE8F08F56F8271055
:10BBF00013608908CBF80030F1D0FFF7B2FFE3689B
:10BC0000A3600120EFE7A3695046984716F8273054
:10BC1000DA070546E6D513F002031DD0B8F1000F90
:10BC200003D041462046FFF7A8FF61682A46204618
:10BC3000FFF789FFD4E902319942606004D12A46B6
:10BC40002046FFF780FFA060A3682360E3602369BC
:10BC500043F008032361D4E7014620460193FFF730
:10BC600080FFE268A260B8F1000F04D02168E269A9
:10BC7000019B42F8213005EB0802CBF80020216837
:10BC80002046FFF760FF2369206043F0080323612B
:10BC900016F827306FF3000306F82730C9F800A024
:10BCA000AFE770B504461546FFF74DFF23688342A2
:10BCB00005D12369216023F00803236170BDE26987
:10BCC000AB0043F0020342F82130204661682A4667
:10BCD000FFF739FF6060F1E738B503695B07044699
:10BCE00006D5456AFFF71EFF85422CBF656260627C
:10BCF00038BD38B50D4604461C22002102F05AFB1F
:10BD0000EB68A361AB6863612B68E3616B682362D6
:10BD1000002262622A6923B1591E194208BF42F00B
:10BD200001022261012204F128000021BDE838400F
:10BD300001F085BF2DE9F04F87B000250093036A1D
:10BD400003958B4204460E4692460595A94639D383
:10BD5000EFF3118B202383F31288BFF36F8F059AC3
:10BD6000D8462AB129462046FFF79BFF00230593BA
:10BD700004A92046FFF7C3FE0499B14207462AD31F
:10BD80002268E36913F8221021F0030103F822105E
:10BD900003EB8209216832462046FFF7D4FEE368B0
:10BDA0002060984212D0002788F31188BFF36F8F6C
:10BDB000039929B162690AB1204690470023039391
:10BDC000002FC5D1484607B0BDE8F08F236943F086
:10BDD00008032361E7E718B12046FFF7CEFEE3E74B
:10BDE000009B5AEA030319D0019101F038FF019931
:10BDF000A0B98BF31188BFF36F8F009B524604F1FB
:10BE00002800FDF79BFFEFF31188202383F31288AE
:10BE1000BFF36F8FB0FA80F77F09C5E705AB03AAC0
:10BE200020462568FFF7C6FE0746BDE770B5044605
:10BE3000836908460D4698470246EFF31186202392
:10BE400083F31288BFF36F8F2B7843F001032B70BD
:10BE500061682046FFF777FE60602046FFF73CFFF1
:10BE600086F31188BFF36F8F70BD2DE9F041044652
:10BE70002027EFF3118687F31288BFF36F8F2369B2
:10BE800013F0080FA36802D16268934200D9226AB6
:10BE9000E169D21A32B986F31188BFF36F8F4FF080
:10BEA000000833E011F8232012F0030001EB8308AF
:10BEB000F1D0022803D151F82350AD0805D1D007A5
:10BEC00012D4A369404698470546A1682A462046F1
:10BED000FFF739FE2946A0602046FFF742FE86F3B1
:10BEE0001188BFF36F8FC4E742F0020201F82320EC
:10BEF0004046A369A5689847294602462046FFF7B1
:10BF000022FEA06086F31188BFF36F8F4046BDE824
:10BF1000F081F8B50446836908460D469847064601
:10BF2000EFF31187202383F31288BFF36F8F2B78F1
:10BF30006FF300032B7023699B0705D5E268E36963
:10BF400003EB82039D421AD12B786FF341032B70D0
:10BF5000D4E90231994204D132462046FFF7F3FD7D
:10BF6000A06031462046FFF7FCFD87F31188BFF340
:10BF70006F8F04F12800BDE8F840FDF7B9BE2B68CB
:10BF800060F39F032B60F0E7EFF31181202383F32D
:10BF90001288BFF36F8F036913F0080F836802D113
:10BFA0004268934200D9026AD31A81F31188BFF321
:10BFB0006F8F181E18BF01207047038B13F0070303
:10BFC00005D10368002B0CBF002003207047022B13
:10BFD00005D1408BB0FA80F0400980007047012BFA
:10BFE00005D10368002B0CBF0020052070470020FE
:10BFF000704710B50C4600B111B96FF0150010BDB7
:10C00000081D00F093F80028F9D1A368032BF6D996
:10C01000F3E72DE9F0410D4607461946281D9046E5
:10C020001E4600F097F8044638B13346424629468A
:10C030003846A446BDE8F0416047BDE8F08110B441
:10C04000EFF31182202484F31288BFF36F8F4161D4
:10C0500010BC0121F5F74EBA38B50C46054658B16B
:10C0600051B10B6843B14B6833B11C22002102F07F
:10C07000A1F92C61002038BD6FF01500FBE770B509
:10C0800005460E46FFF7B5FF041E14DBEFF31182E1
:10C09000202383F31288BFF36F8F6B8B2C8B4FF6AB
:10C0A000FF718B4204F0070407D182F31188BFF3BC
:10C0B0006F8F6FF00A04204670BD022C0CD1013343
:10C0C0006B8382F31188BFF36F8F002322463146C2
:10C0D0002846FFF79EFFEEE7062C14D8DFE804F0B1
:10C0E00004131313041A0400002333606B683BB974
:10C0F000C5E90066ACB902212846F5F7FBF9DAE795
:10C100001E606E60F6E782F31188BFF36F8F6FF0E9
:10C110000404D0E782F31188BFF36F8F6FF08504BA
:10C12000C9E782F31188BFF36F8FC4E7034640B1BC
:10C13000426802F00302022A06D0032A04D0012A30
:10C1400005D06FF0150070471A68002AF9D000205A
:10C150009860704710B54268816002F00302022ABD
:10C1600003464FF0000407D0032A02D05C60002091
:10C1700001E018685C6010BD18685C600028F6D0AB
:10C18000FEF7ECFCF3E7704703785B075FBF0368DB
:10C190004288C3F34A2303EB12105DBF173020F02F
:10C1A00007008008002070470020704700F077BF2C
:10C1B0000346BFF35B8F53E8000F421C43E80021A6
:10C1C0000029F8D1BFF35B8F70471FB50023CDE97D
:10C1D0000201CDE900331A4619461846F5F7AEFEBE
:10C1E00005B05DF804FB0120F5F764BB0020704743
:10C1F00018B140680079F5F75FBD4FF0FF30FAE7FE
:10C2000070B5D2E901369B1B8B420C4615460AD30A
:10C2100013680A460146981902F0A4F8AB68234453
:10C22000AB60204670BD6FF01B00FBE770B50E469B
:10C2300015461946044618B9BDE87040F5F73ABBF3
:10C2400033B1C2F34A231030120D184402F08AF8B9
:10C25000C4E900562046BDE87040F5F7D3BCF8B5F8
:10C2600006460D4614461F4604B9F8BD2146284629
:10C270003A46B047241A0544F6E710B5426881688B
:10C280000446D2E900230068FFF7E9FF6368002253
:10C290001A6010BD38B54B681A68CB689A420546DB
:10C2A0000C4602D10846FFF7E8FF6368BFF35B8FD7
:10C2B00053E8002F511C43E800100028F8D1BFF3C9
:10C2C0005B8FA3689D54002038BD0A2838B504460A
:10C2D0000D4602D10D20FFF7DDFF29462046FFF76E
:10C2E000D9FF002038BD2DE9F043054687B0084648
:10C2F0000E8891F80090D1F808800C461746F5F7A3
:10C300007FFE011EC6F38216C9F3C2091EDB484632
:10C31000F5F78AFC03462146608851F8102B0196F8
:10C32000C2F34A22002A01EB0204C0F30B1008BF3B
:10C3300000210022CDE90407CDE902140092414614
:10C340002846F5F789FE07B0BDE8F0830023E2E751
:10C3500008B50120F5F7B8F808B50020F5F7B4F8EE
:10C3600010B500201C4601F0B6FB2060002010BD77
:10C3700008B519B14068083001F0D3FD002008BDB0
:10C3800010B5446B0020FDF74BF928B12368216CF0
:10C390000020BDE81040184710BD08B540680830BF
:10C3A00001F0BFFD002008BD10B50346BFF35B8F51
:10C3B00053E8000F40EA010243E80024002CF7D1C3
:10C3C000BFF35B8F10BD10B50346BFF35B8F53E81F
:10C3D000000F00EA010243E80024002CF7D1BFF36C
:10C3E0005B8F10BD73B50901856801F51B710446AB
:10C3F00016460D4401AA6946284601F0FCFE009B42
:10C4000023B1284601F0F4FE2046B04702B070BDCB
:10C41000FDF7BABB8B6820B903F51B700021FEF74E
:10C420009DBB03F52770F9E7042100F51A70FFF7AB
:10C43000BBBF00F51A7019B14FF40061FFF7B4BF2C
:10C440006FF40061FFF7BFBF08B500F5197029B19F
:10C450000121FFF7A9FF00F0010008BD6FF0010105
:10C46000FFF7B1FFF7E7FDF707BCF8B504468068B2
:10C470001F460379022B0D46164607D0BDE8F8404B
:10C480004FF4805100F51A70FFF78EBF4FF0FF3266
:10C490004FF0FF3300F53F70FFF7BAFFA368D3F802
:10C4A0006822100508D49A6B32B9D3F86432990621
:10C4B00002D5204600F0ABFA3B46324629462046DC
:10C4C00000F0F3FAA368D3F86822120508D49A6B37
:10C4D00032B9D3F864329B0602D52046F6F7C4FF82
:10C4E000606900F06BF8A068BDE8F84000F53F70A7
:10C4F000FFF7B9BF0CB407B504AB53F8042B019395
:10C50000FFF7B3FF03B05DF804EB02B070470EB461
:10C5100003B503AB022153F8042B0193FFF7A5FFEA
:10C5200002B05DF804EB03B070470EB403B503AB83
:10C53000082153F8042B0193FFF797FF02B05DF831
:10C5400004EB03B070470EB403B503AB012153F8FD
:10C55000042B0193FFF789FF02B05DF804EB03B0F1
:10C5600070472DE9F04107460E4614460D460CB9BA
:10C57000BDE8F081102CA04628BF4FF010082A46D5
:10C58000A91B43463846F6F7DDFDA4EB08044544F5
:10C59000EDE710B5044680684FF0FF324FF0FF33EF
:10C5A00000F53F70FFF734FF2046F6F715FAA06854
:10C5B000BDE8104000F53F70FFF755BF10B50269A8
:10C5C0008368126801680446C0689847236900229E
:10C5D0001A6010BD38B5CB681B7C022B05460C4693
:10C5E00004D10A2802D10D20FFF7F4FF2369226845
:10C5F0001B68D554226913680133136023691A68D4
:10C6000063689A4202D12046FFF7D8FF002038BD68
:10C6100008B510B1F3F7F0FD80B208BD2DE9F3477E
:10C62000804601A80C461546FDF74AF8019E1423E2
:10C6300003FB006600270198B04201D300201AE0F6
:10C6400001F065FAF0B1DDF804A0DAF80090B9F174
:10C65000000F17D099F80030A3B144B12046F3F78A
:10C66000CBFD49460246204601F0F7FD50B92DB9F1
:10C6700047450BD1019802B0BDE8F0875046A84766
:10C680000028F5D1019B14330193D4E70137F9E772
:10C6900010B5047B438922442144B2FBF3F003FB31
:10C6A0001022B1FBF3F003FB1010101A10BD10B5EF
:10C6B000047B438921441019B1FBF3F1B0FBF3F083
:10C6C000401A10BD30B5057B43892944B1FBF3F412
:10C6D00003FB141101312A4401340180B2FBF3F150
:10C6E00003FB1122848001324C1CC480428030BD87
:10C6F0002DE9F74F002607468846144699460660FE
:10C70000B2462378002B00F0BF80202B3AD0093BA3
:10C71000042B37D93B685A1C3A6048F823403B68E1
:10C720004B4500F0B18000262278002AE9D0A6B956
:10C73000164623461C46272E04D05C2E25D0222EDA
:10C7400040F096802046FFF763FF611C02462046BA
:10C7500001F016FE2278002AD3D0B242A34604F19B
:10C76000010420D15846FFF753FF214602465846A0
:10C7700001F006FE9BF800605C46002ED9D1C0E7B0
:10C780000026BEE704F801ABBBE72046FFF740FFF9
:10C79000651C02462946204601F0F2FD66782C46CB
:10C7A000002EC8D1ADE75C2A9BF80120D3D1B2425C
:10C7B000104608D15846FFF72BFF2146024658463F
:10C7C00001F0DEFDB0E7302A25D1022300251BF859
:10C7D0000300A0F13001C9B2072919D8ED000133D7
:10C7E000EDB2052B45EA0105F1D1591E59445846D1
:10C7F00001930091FFF70CFF019B0099023BC21AC5
:10C80000584601F0BDFD9BF801208BF80050A2E7CF
:10C81000DBB2022BE9D1782825D1022100251BF8B3
:10C820000130A3F13000C0B2092808D82D01EDB2C3
:10C830000543022901D00423D7E70321EFE7A3F141
:10C840006100052805D82D01EDB2573B1D43EDB21F
:10C85000EFE7A3F14100052803D82D01EDB2373BE6
:10C86000F4E7022902D10BF1010474E70323BCE7CA
:10C87000202E85D0093E042E82D96678631C002EB6
:10C880007FF458AF1C463CE7304603B0BDE8F08F5C
:10C890002DE9F0410F4686B01646044670B10346B6
:10C8A00001AC00F1100518685968224603C208332C
:10C8B000AB421446F7D11868106001AC4FF0000885
:10C8C000414632462046F6F7B7FC08F10108054616
:10C8D00028B129683846F3F77DFC0028F0D12846B6
:10C8E00006B0BDE8F0810022FFF798BE0EB403B594
:10C8F00003AA52F8041B0192F6F78AFC02B05DF815
:10C9000004EB03B0704738B50446B0F840500068F7
:10C9100010B1F3F771FC80B2401907D0638DB0FB02
:10C92000F3F203FB1200B0FA80F0400938BD704703
:10C9300038B58468D4F86432B4F842502068C3F340
:10C9400040035D4310B1F3F757FC80B2638D284478
:10C95000B0FBF3F203FB1200B0FA80F0400938BDDF
:10C9600010B504468068B0F84020B0F8421020307E
:10C97000FFF7A8FEA068FFF7C6FF20B16069BDE819
:10C980001040F6F7BDBC10BD38B5054680680C46B2
:10C99000B0F84210B0F8402020300C44FFF792FE6F
:10C9A000A868A4B2B0F8421022462030FFF77FFEFC
:10C9B000A8682246B0F842102030FFF769FEAB6845
:10C9C000A3F8424038BD8368B3F84210494209B227
:10C9D000FFF7DABF8368B3F84010B3F84230C91AE2
:10C9E00009B2FFF7D1BF8368B3F842301BB14FF0F3
:10C9F000FF31FFF7C9BF70478368B3F84220B3F82F
:10CA000040309A4202D20121FFF7BEBF70478068D2
:10CA1000B0F84020B0F842102030FFF753BE2DE9A7
:10CA2000F041054686B00F4614460026A4B906B06C
:10CA3000BDE8F081D3F868229207FBD5BFF35B8F86
:10CA400003F51A7353E8001F21F0020143E80012B6
:10CA5000002AF7D1BFF35B8F686803682246D3F8DA
:10CA60000C80B9196B46C047009A1644A41A002AD4
:10CA7000DCD1AB6819790329EED00229DAD803F5A5
:10CA80002773012101A801F085FB4FF0FF324FF021
:10CA9000FF33012101A8FEF709F8A86800F5277007
:10CAA00001F0A6FBD8E7FFF7BABF114640691A4666
:10CAB000F6F7AEBB0CB407B504AA406952F8041BE4
:10CAC0000192F6F7A5FB03B05DF804EB02B07047E6
:10CAD0002DE9F0418768B7F84060B318FF2B054691
:10CAE0008846144626DCB7F84230F61A46331F440F
:10CAF000B6B232463946381901F042FC2246414668
:10CB0000384601F02FFCAA68B2F840302344A2F85E
:10CB10004030AB68B3F840201344002283F846202D
:10CB2000AB68D3F86412890706D4B3F842201444E2
:10CB3000A3F84240BDE8F08131462846BDE8F04107
:10CB4000F6F720BC38B505468068B0F84220B0F84A
:10CB50004040A41AA4B29CB146321044411C224663
:10CB600001F00EFCAA68B2F84030013BA2F8403058
:10CB7000611E28460122BDE8384089B2F6F702BCA2
:10CB800038BD10B58368B3F8402004465AB1B3F8F5
:10CB9000423043B14FF0FF31FFF7F6FE2046BDE8CB
:10CBA0001040FFF7CFBF10BD0EB403B503AA52F873
:10CBB000041B0192F6F72CFB02B05DF804EB03B006
:10CBC00070472DE9F843054690460E46002967D088
:10CBD0000024335D202B23D0093B042B20D9304681
:10CBE000F3F70AFBAB68598D80B2001BA1EB080379
:10CBF000984206EB040915D94846002710F8012B86
:10CC0000202A06D0A2F1090CBCF1040F02D80A2A8E
:10CC10002DD03B4608EB0702914227D90137EDE7BB
:10CC20000134D6E74B460027B84214D013F8012B45
:10CC30000A2A19D16869FFF7C1FC49463A462846D5
:10CC4000FFF7EDFE6869F6F727FC013441462846F8
:10CC50003C44FFF76CFE68693119FFF7A5FF68696E
:10CC6000BDE8F843F6F718BC0137DDE71F466869F1
:10CC7000FFF7A4FC3A4649462846FFF7D0FE3C445D
:10CC8000335D202B02D0093B042B01D80134F7E798
:10CC90006869F6F701FC41462846FFF748FE9EE723
:10CCA000BDE8F88308B50020F4F70EFC01460068E3
:10CCB000F6F780BD08B5F6F719FEBDE80840F6F7AF
:10CCC00039BE0023F5F7AEB800210120F6F772BD9A
:10CCD00061B662B680F31188BFF36F8F704772B68A
:10CCE000002383F31188BFF36F8FBFF34F8F30BFE3
:10CCF00062B6BFF36F8F704772B6002383F311885B
:10CD0000BFF36F8FBFF34F8F20BF80F31188BFF346
:10CD10006F8F62B67047202809D9B0F1004F08D84C
:10CD20000138B0FA80F0C0F11F00400070470820C1
:10CD300070473E20704708B5D1E90431984700207C
:10CD400008BD08B5F7F7B6FD002008BD0369C9B2F4
:10CD50000C2201FB0233186C00F00700704770B51D
:10CD6000C9B20369EFF31185202484F31288BFF35D
:10CD70006F8F0C2606FB0134246C14F0C00408D01D
:10CD8000A24206D085F31188BFF36F8F4FF0FF30BA
:10CD900070BD71430B4401221A6485F31188BFF3FF
:10CDA0006F8F43680B445B6898470020F0E7802250
:10CDB000FFF7D5BFF8B5069F0469C9B2EFF3118636
:10CDC000202585F31288BFF36F8F0C2569430C442F
:10CDD000256C05F0070CBCF1010F0BD1276486F31D
:10CDE0001188BFF36F8FC4E90E2343685B589847DF
:10CDF0000020F8BD05F0C005AF4286F31188BFF3EF
:10CE00006F8F0CBF6FF077004FF0FF30F1E713B575
:10CE100080240094FFF7CEFF02B010BD10B400696B
:10CE2000CBB21C2403FB0400002110BC10470020DF
:10CE3000FBF784BB002000F0D9BC1046FCF758BFBC
:10CE400043685B68D3F810350B6000207047436877
:10CE50005B6802EA010021EA0201C3F80805C3F891
:10CE60000C150020704743685B680020C3F8081564
:10CE7000704743685B680020C3F80C15704743682F
:10CE80005A68D2F8043521EA03000B40C2F80805BD
:10CE9000C2F80C350020704710B503695868F8B126
:10CEA000884219D19C6808685860A14200D19860F6
:10CEB000002008602AB15A680A609A68596002B96D
:10CEC0009960002010E0814206D1086820609868CF
:10CED0008142EDD19C60EBE7044600680028F2D166
:10CEE000002AE8D16FF0150010BDF0B40C2707FB45
:10CEF0000214866814F8045C45F0020504F8045C2A
:10CF0000B468A446F0BC604710B50C460021FFF79A
:10CF1000EAFC00B1006820600023C4E90133E3604B
:10CF200010BD10B50446F3F767F9431C032B4FEA15
:10CF3000530009D92378302B06D1637803F0DF033F
:10CF4000582B08BF00F1FF300428A8BF042010BDF3
:10CF5000F0B5032987B0064615461CD9E8681022AB
:10CF60000021FEF7ABF91028A8BF10200446E3B259
:10CF700002AF01930097D5E9011200233046F8F77C
:10CF8000F1F8054620B9224639463046FFF7E9FA5E
:10CF9000284607B0F0BD1024E9E7F0B5042987B0B2
:10CFA000064614461CD9206910220021FEF786F996
:10CFB0001028A8BF10200546EBB202AF01930097DE
:10CFC000D4E9022361683046F8F7CCF8044620B96A
:10CFD0002A4639463046FFF7C4FA204607B0F0BD6E
:10CFE0001025E9E707B501230193114602F110036B
:10CFF0000093D2E902234968F8F72AF903B05DF8F3
:10D0000004FB13B504391446C9B202F110030191AF
:10D010000093D2E902236168F8F71AF902B010BD53
:10D0200037B50446002201210320F7F7EDF96368C4
:10D03000DD6901AA0021284600F012F800280DDB66
:10D04000019B2A6819791868F8F7F2FA002805DBBD
:10D05000204603B0BDE83040F8F704BA03B030BD55
:10D0600030B543681360057A446804EBC504A342F5
:10D0700002D36FF0010030BD5C798C4201D00833DF
:10D08000F0E70020F7E700F150039B009BB203F1AB
:10D09000804303F5883300221A601B68704708B587
:10D0A000F8F7ECFB08BDCA68A1F586731AB10969E7
:10D0B000D3F808011047704711684A890C31FAF714
:10D0C00049B80023F4F7AEBEFCF75EBDFCF7D4BD53
:10D0D00038B504460569284600F0AAFDC5F80841A0
:10D0E0006368186800F013FD18B9BDE83840F8F718
:10D0F00081BD002038BD70B5B4B0066904460D4648
:10D10000A02200210CA801F055F94FF0FF33304662
:10D110004FF0FF32ADF83450FFF7D6FF01AA0CA94B
:10D120002046F8F7BDFD04463046FFF7CFFF204606
:10D1300034B070BD0421FFF7DEBF0321FFF7DBBF72
:10D1400070B5B4B0066904460D46A02200210CA8B3
:10D1500001F030F90623ADF8343030464FF0FF339C
:10D160004FF0FF328DF83850FFF7AEFF01AA0CA93F
:10D170002046F8F795FD04463046FFF7A7FF204606
:10D1800034B070BDF0B5B5B0076904460E4615461B
:10D190000021A0220CA801F00DF90523ADF83430D0
:10D1A00038464FF0FF334FF0FF328DF838600F955F
:10D1B000FFF78AFF01AA0CA92046F8F771FD044683
:10D1C0003846FFF783FF204635B0F0BD2DE9F04328
:10D1D0000669B5B0044617461D464FF0FF324FF0C2
:10D1E000FF3330468846DDF8F090FFF76DFF317F62
:10D1F000C1B14E2200210DF1320001F0DBF82946C9
:10D200004A460DA8ADF8308001F0ACF80CA92046D4
:10D21000F8F78EFF04463046FFF758FF204635B03A
:10D22000BDE8F083A0220CA801F0C4F84A462946C4
:10D230000EA8ADF8347001F095F801AA0CA92046AB
:10D24000F8F72EFDE6E770B5102686B00C460546C9
:10D250003246002102A801F0ADF88CB12368029398
:10D2600063680393A3680493237B8DF814300096BE
:10D2700002AB0D2206212846FFF7A8FF06B070BDBD
:10D280006FF01500FAE770B5142688B00C46054615
:10D290003246002103A801F08DF89CB1D4E90123A6
:10D2A00021680593A389ADF8183023690793CDE968
:10D2B0000312009603AB0A2204212846FFF786FFDB
:10D2C00008B070BD6FF01500FAE770B51C268AB083
:10D2D0000C4605463246002103A801F06BF8BCB1AC
:10D2E000D4E90112E3682068CDE90523238AADF86B
:10D2F0001C3063690893A3690993CDE90301009683
:10D3000003AB092203212846FFF760FF0AB070BD76
:10D310006FF01500FAE770B5182688B00C46054680
:10D320003246002102A801F045F8ACB1236802930F
:10D3300063680393A3680493E3680593237C8DF8E3
:10D34000183063690793009602AB08220221284631
:10D35000FFF73CFF08B070BD6FF01500FAE77FB52E
:10D3600081B10B6803934B6804930B7A8DF81430EA
:10D370000C23009307226B440121FFF727FF07B01E
:10D380005DF804FB6FF01500F9E783689B691847A7
:10D390000023F4F747BDFDF775BD08B5F6F71EF994
:10D3A000F6F7F2F9BDE80840FDF76CBDF0B5066888
:10D3B0000289338A9A4271D231684289930051F8C6
:10D3C000222002F00301C2F3072401298475C2F36D
:10D3D00085051FD002292AD0002935D1C2F3036365
:10D3E000C2F307474FF0010C120F42824268A0F8C7
:10D3F00014C00582002A34D18261026204F00E0456
:10D40000082C05BFC2897368002353F82230436299
:10D410000120F0BD31681944C2F30B4C49680B0F71
:10D4200045EA83158FB2130FC1F30B42DDE7316874
:10D430001944D1E901374FEA124C1A0A45EA82121F
:10D4400095B25BB28A89D0E732681A44D2E90137D3
:10D45000190A45EA8111B2F810C092898DB25BB207
:10D46000C3E73A44826104F0C00123B1D31A802992
:10D47000036209D10FE004F03005202DF7D13F2CD5
:10D4800004D800F114030362C261B7E78029FAD11E
:10D4900000F1140303621368C361AFE70020B8E72B
:10D4A0000389016810B501339BB203810A8A9A424D
:10D4B00003D80023C0E9023310BD0B68428953F83A
:10D4C000221001240B0A01F0030104FA01F10A44BD
:10D4D0004281828903F03001002908BF0132828134
:10D4E000C28903F00E03082B08BF0132C281E3E7B3
:10D4F00070B504460E46154600212022083000F083
:10D5000059FFC4E900652046BDE87040FFF74EBFF3
:10D5100038B50B680C4699680B681B681B0A03F04A
:10D52000C003802B054614BF6268221D0C34FFF730
:10D53000DFFF2C6238BD10B50446FFF7B1FFFFF7DF
:10D5400035FF2089003818BF012010BDF8B5038AC7
:10D550008B4204460D4601D10120F8BD0668B28A0F
:10D560008A4201D20020F8E78B4288BF338A0789BC
:10D5700088BF03812046FFF793FF6289336853F821
:10D58000223085EA93039B0606D02389BB42F1D162
:10D590002046FFF70BFFE5E7FFF708FF238AAB42C2
:10D5A000F3D1A37D03F00F030A2BEED0D4E738B5F7
:10D5B000837D03F00F030A2B044617D0058920460C
:10D5C000FFF76EFF236862891B6853F82230C3F3AC
:10D5D00003230A2B03D1BDE83840FFF7E7BE2389B8
:10D5E000AB42ECD1FFF7E2FE002038BD0120FCE7A2
:10D5F000FFF77EBFFFF78CBF10B40B461146528A6F
:10D60000082A0ED1CA6962B128B114681CB104326B
:10D61000234610BC184723B1146814B104321846CD
:10D62000F6E7012010BC704710B503464068841827
:10D630005C6000F097FE012010BDF0B5802A85B037
:10D6400073F100010646D4B201A906D28DF8044058
:10D650000122F9F77FFD05B0F0BDD50904F07F0484
:10D660000846002253EA050C174602F1010208D1D0
:10D670003A4602F110036B44013203F80C4C304679
:10D68000E7E764F07F04042A00F8014B05F07F040B
:10D690004FEAD515E6D1002BEBD0180100F0700051
:10D6A0000443DB08002BE4D064F07F04545403F0FF
:10D6B0007F040132DB09F5E7921843EB030182EAAC
:10D6C000E37281EAE373FFF7B8BF0422F9F742BDC2
:10D6D0000822F9F73FBD13465B0F41EAC202FFF78C
:10D6E000ACBF70B5002304460D461646FFF7A5FFF4
:10D6F00030B1324629462046BDE87040F9F72ABDD0
:10D7000070BD03460846596810B58C185C6008B1B6
:10D7100000F028FE012010BD0022F9F7E5BF37B563
:10D7200015461A46002313700C460B702B6001A996
:10D73000F9F7DAFF28B1019BDA0803F007032A6042
:10D74000237003B030BD38B58A6805460C462AB947
:10D7500063686B60E368EB60012038BD0021204600
:10D76000FAF72AF80028F3D1F7E713B50C4601A918
:10D77000FFF7D2FF20B1019B003B18BF01232370AC
:10D7800002B010BD13B50C466946FAF75DF860B1FA
:10D79000DDE900134A0842EAC372C9074FEA53039E
:10D7A00044BFD243DB43C4E9002302B010BD13B52C
:10D7B00004220C460DEB0201F9F7FEFF08B1019BB4
:10D7C000236002B010BD13B508220C466946F9F774
:10D7D000F3FF18B1DDE90023C4E9002302B010BD56
:10D7E0000023FAF7BDBB004700F08CB9FAF722BE60
:10D7F000F7B5019001A8DDE9084716461D46FAF77E
:10D8000025FF019BB6F1000C18BF4FF0010C00EB97
:10D8100083000B1E18BF0123002D43EA4C0314BFE5
:10D820004FF00C0C4FF0000C002C43EA0C0314BF1B
:10D830004FF4E06C4FF0000C002F43EA0C03D0F8DB
:10D84000002714BF4FF4403C4FF0000C43EA0C0398
:10D8500022EA030301B109780EB136787600194344
:10D860000DB12D78AD0031430CB124782402294349
:10D870000FB13F783F040C433C43C0F8004703B06E
:10D88000F0BD1FB50DF10F03019300238DF80F10AC
:10D8900000931A461946FFF7ABFF05B05DF804FB8D
:10D8A00038B5054608460C46FAF722FFB0B10846DF
:10D8B000FAF712FF90B90846FAF702FF2A68012327
:10D8C0008340C2F808332A6803B202EB8303D3F81B
:10D8D000102522F00302C3F8102538BD2046002190
:10D8E000BDE83840FFF7CDBFFAF788BFFFF7D8BFD4
:10D8F00030B5D0F804312BB10023C0F80431D0F892
:10D900000431012391F82F2022B30022C0F82421F2
:10D91000D0F82441C0F81C21D0F81C41C0F80821DF
:10D92000D0F80821002B79D0002281F82D2091F821
:10D930002F20002A37D14D6B8C6AA5421FBF0523CB
:10D94000C0F80025C0F80035134683F0010381F8C4
:10D950002F3028E0D0F8244114B1C0F824210EE083
:10D96000D0F81C216AB3C0F81C41D0F81C214A6BC6
:10D9700001324A63D0F8245145B1C0F82441D0F8AF
:10D9800024210122426181F82F20CBE78C6AA24238
:10D9900004D24C6AA25CC0F81C25C3E791F82C2085
:10D9A0001AB10123C361002030BD0A6A12F0400F92
:10D9B0004FF0010203D0C26181F82D20F3E74261EC
:10D9C000B0E7D0F80841002CACD0C0F80821D0F85E
:10D9D0000841D0F82441002CBFD14A6B8C6AA24286
:10D9E000A0D24C6AD0F81855A5544A6B8C6A013203
:10D9F000651EAA424A6308D10A6A540602D402226A
:10DA0000C0F80022012202628CE7A242FAD10A6A1F
:10DA1000520687D5022381F82D30C4E70120C3E7E1
:10DA200007B5019001A8FBF781FC019A01239340FF
:10DA3000C0F8083503B05DF804FB0369C26893427F
:10DA40009CBF81685B18013B981A70472DE9F04133
:10DA5000D0E902840546A8EB0406406896422044BB
:10DA60000F46144404D900F07DFCEC60BDE8F08161
:10DA70003246A4EB080400F075FC68682246B91928
:10DA8000F1E72DE9F843C5680646894617464FF089
:10DA900000083369B46870689D4228BF1B19641B75
:10DAA000BC4203F1FF3328BF3C465B1B9C4228BFAE
:10DAB0001C4649462844224600F054FCB3682544DD
:10DAC000AB4208BF00253F1BA044A144F560E0D154
:10DAD0004046BDE8F88370B504460D461646FBF790
:10DAE000DFFD324629462046FBF7CEFC0446FBF715
:10DAF000E1FD204670BDFBF797BC08B5FFF7FBFFC3
:10DB0000002008BD08B1F6F723BF7047704740B149
:10DB1000C368587810F001001EBF1878B0FA80F082
:10DB200040097047EFF31183202383F31288BFF37A
:10DB30006F8FFEE710B5D0E9003433B90020E268FA
:10DB4000537843F00103537010BD204698470028D6
:10DB5000F4D00028B8BF4042E368FF28A8BFFF20E8
:10DB60001870ECE700F026BC00F0FCBB7047416980
:10DB7000836843EA010212F003020FD1C260026916
:10DB8000013A01FB023382689A4201D900207047B2
:10DB9000C2681A604269C3609B1AF4E76FF015000F
:10DBA000704710B5C0E904320023816083610446E8
:10DBB000FFF7DDFF0028A8BFC4E9004410BDF8B599
:10DBC00004460D46EFF31186202383F31288BFF33A
:10DBD0006F8FC76877B900F015F958B1C0F8B07009
:10DBE000456100F09AF8314604F10800BDE8F840BC
:10DBF000FCF758BBE3682B60A369E560013BA361B8
:10DC000086F31188BFF36F8FF8BD08B52024EFF3BA
:10DC1000118384F31288BFF36F8FFFF760F8F6E784
:10DC200090F90E308B4201D0FCF7F8BA0020704713
:10DC300003460020C3E90200C3E9003370475AB12C
:10DC40008A4209D300F11003C0E90212C0E90000C2
:10DC5000C0E90433002070476FF015007047EFF300
:10DC60000580003818BF0120704778307047FCF7F6
:10DC70002BBB10B500238B4202D11360002010BDD6
:10DC8000C45CAA2CF9D10133F5E70A46D0E9260194
:10DC9000FFF7EFBFD0E9003213605A600023C0E9FC
:10DCA0000033704708B5FFF7F5FF437B23F002030D
:10DCB00043730023836008BD38B504460D46FCF766
:10DCC00081F9637B43F002036373E5B1A5602B68C0
:10DCD0009D4209D16B68C4E900531C606C6012E07E
:10DCE0006A689A42F6D01B68002BF3D094F90E2094
:10DCF00093F90E108A42F3D09142F1DD5A68C4E9DB
:10DD0000003214605C6038BD90F90E3091F90E005D
:10DD1000834214BFC01A0020704710B5EFF311847E
:10DD2000202383F31288BFF36F8FFCF763F984F32A
:10DD30001188BFF36F8F10BD10B50446183000F086
:10DD4000C9F8EFF31181202383F31288BFF36F8F9B
:10DD5000627B12F0100204D081F31188BFF36F8F41
:10DD600010BD2046BDE81040FCF778B908B5EFF3C8
:10DD70001181202282F31288BFF36F8F83680BB169
:10DD8000FFF790FF81F31188BFF36F8F08BD38B59F
:10DD90000446EFF31185202383F31288BFF36F8FBE
:10DDA000437B13F0280F0BD183680BB1FFF77AFF89
:10DDB000637B51B903F0FB0363732046FCF71AF948
:10DDC00085F31188BFF36F8F38BD03F0EB03F3E7E2
:10DDD00001211838FFF7DBBF08B50346EFF31181C7
:10DDE000202282F31288BFF36F8F0068834207D02E
:10DDF00008B1FFF757FF81F31188BFF36F8F08BD9C
:10DE00000020F8E738B5EFF31185202383F312885B
:10DE1000BFF36F8F0468A0420DD034B12046FFF7E6
:10DE200041FF04F1180000F055F885F31188BFF3A5
:10DE30006F8F204638BD0024F7E710B5FFF796FF37
:10DE4000BDE81040183000F045B8EFF311812022F2
:10DE500082F31288BFF36F8F027BD2070CD581F358
:10DE60001188BFF36F8F002383F31188BFF36F8F87
:10DE70000423184602DF7047437B1B0704D581F358
:10DE80001188BFF36F8F70470122FCF7E7B838B5F0
:10DE9000EFF31185202383F31288BFF36F8F04689B
:10DEA000A04213D0A4B1C4F8B01062612046FFF7BD
:10DEB000F9FE04F1180000F00DF82046FCF79AF87E
:10DEC000012085F31188BFF36F8F38BD0020F8E77C
:10DED0002046F6E710B5EFF31184202282F3128872
:10DEE000BFF36F8F03683BB1FCF700FC002084F3A5
:10DEF0001188BFF36F8F10BD6FF01500F7E708B5FD
:10DF0000FCF712FD08BDFCF70FBD0023C0E90812A5
:10DF100000F11802C0E90622C0E90033036343633D
:10DF2000704710B50446FFF7D5FFA8B9636A0BB177
:10DF30002046984704F11800FFF74EFF60B1FFF745
:10DF4000ECFEEFF31180202383F31288BFF36F8F71
:10DF5000BDE81040FCF7D6B910BD1423F0B503FBA3
:10DF6000010000244FF48B76202701B9F0BD10F892
:10DF7000073C40F80C4C03F03F03082BA0F1140CB5
:10DF80000CD826FA03F3DB0708D550F8143C2BB164
:10DF900050F8105C2B605D6040E9054482F3118805
:10DFA000BFF36F8FEFF3118287F31288BFF36F8F88
:10DFB00001396046D9E7F8B50D46D0E9001388422B
:10DFC000044605D16368C5E900431D6065601DE036
:10DFD000002BF7D0986800B16038A2F1600739468D
:10DFE000FFF792FE0028EDDC2668B442EAD0002E4E
:10DFF000E8D0B16801B160393846FFF785FE0028E6
:10E0000005DD7368C5E900631D607560F8BD636870
:10E010009E42D7D03668EAE72DE9F74F00258B46B8
:10E020001446019382462E464FF020082F465D4548
:10E0300003DB304603B0BDE8F08FEFF3118988F3BE
:10E040001288BFF36F8F9AF80D3003F03F03013B46
:10E05000072B0FD8DFE803F01F040E0A0E0E0E2662
:10E06000DAF810309B682BB1022321E0DAF8103087
:10E070001B688BBB019B3BBB23782BB39AF80D30FD
:10E0800003F03F03013B072B2FD8DFE803F03227D3
:10E090002E272E2E2E37DAF810309B68002BE9D071
:10E0A000012305E0DAF810301B6A002BE2D01023C0
:10E0B000DAF80C20CAF80870C2F386310B4363F318
:10E0C0009432CAF80C20277089F31188BFF36F8F40
:10E0D00001350AF1140AAAE70423E9E7DAF8100087
:10E0E000224651461030FFF766FFCAF80840013655
:10E0F000EAE7DAF8100022465146F4E7DAF81000B1
:10E10000224651462430EEE72DE9F0418468054669
:10E110000E46ECB16378012B25D114F8533C9A07D5
:10E1200014D5A4F160073846FFF787FE082E0CBF10
:10E130006FF003030023236514F8533CDB0605D17D
:10E1400054F8483C13B93846FFF7E7FD0023237025
:10E15000EB68C3F386321643002066F39433A8605D
:10E16000EB60BDE8F081022BF0D12378002BEDD0DD
:10E1700054F8048CB8F1000FE8D004F11400FFF754
:10E18000A9FEA4F114070023E3623946404600F0DB
:10E1900051F8DBE710B55205090201F47C5102F495
:10E1A00000120A43017B00240A43C0E90323846070
:10E1B00010BD10B50346EFF31184202282F31288BC
:10E1C000BFF36F8F0068834208D0D0E9003213603C
:10E1D0005A600023C0E90033FFF796FF84F31188EB
:10E1E000BFF36F8F10BD0023C0E90000836070474C
:10E1F00000238360704783680B60C36813607047B7
:10E2000010B400F10C04C0E9034410BCFDF7D5BB09
:10E21000026801238B4022EA0303036022FA01F023
:10E2200000F00100704720B100221146C030FFF716
:10E230002EBE704713B501900846EFF311842023DA
:10E2400083F31288BFF36F8F01A9FCF783FD84F37A
:10E250001188BFF36F8F02B010BD10B56AB10139DC
:10E26000841810F8012B11F8013F9A4203D1A04203
:10E2700001D0002AF5D1D01A10BD1046FCE710B528
:10E280000139044632B111F8013F00F8013B013A6F
:10E29000002BF7D1002100F08DF8204610BD10B5FD
:10E2A000024601448A42134603D01C780132002CF6
:10E2B000F8D1181A10BDF0B5C3F137070446FFB204
:10E2C00003F01F031046082BE6B233D0102B3ED0CC
:10E2D0006508A40844EA817445EAC1752D194FEA1E
:10E2E000910242EB5102290941EA02716D1842EB99
:10E2F0001212290A41EA02616D1842EB1222290C1E
:10E3000041EA02416D1842EB1242AD1842F100029F
:10E31000EC0844EA4274D10804EB8402A6EB4205FF
:10E32000EDB2092D0CD90134A5F10A0541F1000126
:10E33000EDB212E0E40844EA417406F00705C908AA
:10E34000303554EA010200F8015BBCD1F0BD24096C
:10E3500044EA017406F00F050909092D84BFED197F
:10E36000EDB2EDE70A44914200F1FF3300D170476E
:10E3700010B511F8014B03F8014F9142F9D110BDCE
:10E38000884210B501EB020402D98442234607D823
:10E39000431EA14208D011F8012B03F8012FF8E722
:10E3A000024401468A4200D110BD13F8014D02F823
:10E3B000014DF7E702440346934200D1704703F84A
:10E3C000011BF9E7D1E9043293421EBF5A1C0A61CE
:10E3D00018707047014800687047000058200020FE
:08E3E000F41DFF7F01000000A5
:10E3E80039490000000000000D4A000070E40000F8
:10E3F800FBDA000000000000099B0000000000009C
:10E40800B9AB000000000000DD4D000084E400000E
:10E41800DD4D000098E400007D4C00000000000085
:10E4280097D3000000000000F15900000000000030
:10E438007517000000000000C5280000000000005B
:10E4480015490000000000009BD3000000000000F8
:10E45800DDAB00000000000021D00000ACE40000AB
:08E46800D1D00000C0E4000067
:10E47000E0030100CCE90000E4E9000074010020A1
:10E480008C2000200904010000EA000030EA0000AE
:10E4900076010020E02000201704010018EA0000A7
:10E4A00030EA000078010020EC200020DD070100A8
:10E4B00020EB00005CEB00007A0100204800002007
:10E4C0000C0C0100A0EF0000B0EF00007C01002068
:04E4D0000421002003
:10E4D400E5850000E7D7000000000000C9CC00007B
:10E4E40000000000C9CC000055920000E7D70000EE
:10E4F40000000000C9CC000000000000C9CC0000EE
:10E50400718C0000E7D7000000000000C9CC0000B7
:10E5140000000000C9CC000000000000C9CC0000CD
:10E5240000000000C9CC000000000000C9CC0000BD
:10E5340000000000C9CC000000000000C9CC0000AD
:10E5440000000000C9CC000000000000C9CC00009D
:10E5540000000000C9CC000000000000815A000047
:10E5640000000000C9CC000000000000C9CC00007D
:10E5740000000000C9CC000000000000C9CC00006D
:10E5840000000000C9CC000000000000C9CC00005D
:10E5940000000000C9CC000000000000C9CC00004D
:10E5A40000000000C9CC000000000000C9CC00003D
:10E5B40000000000C9CC000000000000C9CC00002D
:10E5C40000000000C9CC000000000000C9CC00001D
:10E5D40000000000C9CC000000000000C9CC00000D
:10E5E40000000000C9CC000000000000C9CC0000FD
:10E5F40000000000C9CC000000000000C9CC0000ED
:10E6040000000000C9CC000000000000C9CC0000DC
:10E6140000000000C9CC000000000000C9CC0000CC
:10E6240000000000C9CC000000000000C9CC0000BC
:10E6340000000000C9CC000000000000C9CC0000AC
:10E6440000000000C9CC000000000000C9CC00009C
:10E6540075F6000003000000FB0301000300000046
:10E66400160C010004000000250401000300000052
:10E67400EA07010003000000D307010003000000C3
:10E68400B7F6000003000000BBF600000300000022
:10E6940085F50000040000004903010003000000A8
:10E6A400B81401000300000005FC00000300000092
:10E6B400FFFB000003000000DC0301000300000076
:10E6C400A4E80000FC17002014F80000010000007A
:10E6D40037FB000010000020241800200000000078
:10E6E4000200000040E900002018002000000000A3
:10E6F400F401002005FC0000A013002000600020AD
:10E7040008F0000054E9000054EA0000D0E80000DA
:10E7140000000000000000000000000000000000F5
:10E724000000000051F8000058F80000000000004C
:10E734000126000000000000E6F90000F0F90000E6
:10E744000000000085260000030000000FFA00000E
:10E7540016FA0000E4E8000051C3000000000000C5
:10E7640087F800008DF80000000000001D2600005E
:10E774000200000042FA000049FA0000B4E7000079
:10E78400000000000000000013F900001AF9000066
:10E7940000000000A90400000101000071F900005C
:10E7A40079F90000000000006D2600000000000060
:10E7B4000000000000000000000000000000000055
:10E7C4000000000038FB00003DFB000000000000DA
:10E7D4000127000000000000DEFB0000E5FB000054
:10E7E40000000000F5270000000000000000000009
:10E7F4000000000000000000000000000000000015
:04E8040009CF000038
:10E81000C800000008000000010101007AF50000B6
:10E82000C80000007800000001000000C8000000DF
:10E8300008000000010101007AF50000F614010053
:10E8400000010000000000000000000000000000C7
:10E850000338FDD87047000060030020000400006A
:10E86000E7C1000089C1000002000000E7C200000B
:10E870000000000000000000000000000000000098
:10E880000000000000000000000000000000000088
:10E8900000000000E5F70000E9F70000EDF70000D8
:10E8A000F1F7000005240000F923000029240000EE
:10E8B000BD23000000000000B123000000000000A4
:10E8C00085240000041800206C26002001000000B0
:10E8D00024F800002BF8000014E7000000000000FE
:10E8E00000000000E8E800001EFA000023FA000023
:10E8F0000000000051C300000000000030FA0000DA
:10E9000035FA00000000000059C3000000000000BC
:10E9100000000000000000000000000000000000F7
:10E92000000000003A000000E92800009BC300003E
:10E9300071C300003129000061C300000000000025
:10E94000853700201E000000A7CA0000D4E60000A2
:10E9500008000020A1FD000077FD0000000000007D
:10E96000253100000100000000000000A5CC0000DF
:10E9700030000020280000202000002000000000BF
:10E9800018000020F5360000E93500003D36000093
:10E990009D360000000000200000000000000B0673
:10E9A00002000000A8E9000000000000CD03010003
:10E9B0002600020700000020D503010022000B11F1
:10E9C000954900006549000000000000ED4A000084
:10E9D000D9490000EF0301002FCE000035CE000022
:10E9E000F5030100654A0000AFCD00000FCE000026
:10E9F000000000004DCD00000000000000000000FD
:10EA0000FFFF0000000300500000000001000000B4
:10EA10000060004000000000FFFFFFFF000000500A
:10EA20000000000000000000006000400000000046
:10EA3000714E000041CE00004FCE000067CE0000B6
:10EA400073CE00007FCE0000DD4C000099CE0000A8
:10EA500000000000250401005E05010068EA0000D6
:10EA600000000000000000006CEA00006B050100DF
:10EA70007005010004E80000895000000200000059
:10EA8000960501009E05010004E8000025530000E2
:10EA90000200000055020100C605010004E8000064
:10EAA0009BCF000004010000100601001A060100BF
:10EAB00004E8000019520000040000006006010094
:10EAC0006C06010004E8000051CF000003010000C3
:10EAD000EF060100F506010004E8000003D0000085
:10EAE00004100000440701004F07010004E8000083
:10EAF000E5CF0000050000002B0801009D07010084
:10EB000004E80000FD4F00000300000000000000CA
:10EB100000000000000000000000000000000000F5
:10EB20000030004000000000000000000000000075
:10EB300000009801000001016D53000040EB00004F
:10EB4000003000404CEB00000100000054EB0000DE
:10EB5000020000001538000C1438000BD1540000DE
:10EB600000000000A55300000000000000000000AD
:10EB70003D55000090EB00008CEB00000000000011
:10EB8000000000000300000003000000000000007F
:10EB900004120010081201100C12044000000000C2
:10EBA000C0EB0000B8EB000000000000F9D5000049
:10EBB0000200000002000000D0EB00000000000096
:10EBC000056801000000080008100810000000009F
:10EBD00004EC0000E8EB0000000000000000000072
:10EBE000060000000600000094ED00005CED00004F
:10EBF0001CED0000E4EC0000A8EC000038EC000084
:10EC0000000000000538014004000C0009380140F4
:10EC1000040018000D38014004001C0011380140A8
:10EC2000040014001538014004004C00193801405C
:10EC3000040010000000000054EC000050EC000044
:10EC400000000000000000000400000004000000BC
:10EC50000000000004120040081104400C1108409C
:10EC600010120C100000000084EC000080EC00008A
:10EC70000000000000000000070000000700000086
:10EC80000000000004120040081204400C1208406A
:10EC900010120C1014121040181014101D16010040
:10ECA0001600820000000000C4EC0000C0EC000070
:10ECB0000000000000000000060000000600000048
:10ECC0000000000004110040081104400C1208105C
:10ECD0001012091014120A10191701000B0040003D
:10ECE0000000000000ED0000FCEC0000000000004F
:10ECF0000000000006000000060000000000000008
:10ED000004110040081104400C12084010120C10AD
:10ED100014100D10181210400000000038ED000013
:10ED200034ED0000000000000000000008000000BA
:10ED30000800000000000000041100400811044019
:10ED40000C12084010120C40141210101810111060
:10ED50001C121440201218400000000078ED000042
:10ED600074ED00000000000000000000060000003C
:10ED700006000000000000000411004008110440DB
:10ED80000C11084010110C401412101018121440ED
:10ED900000000000B0ED0000ACED0000000000003D
:10EDA000000000000300000003000000000000005D
:10EDB00004110040081104400C120810000000006B
:10EDC000DCED0000D8ED00000000000000000000B5
:10EDD000010000000100000000000000041200100B
:10EDE0000000000000EE0000FCED0000000000004C
:10EDF000000000000200000002000000000000000F
:10EE000004100010081204400000000028EE00006A
:10EE100024EE0000000000000000000006000000DA
:10EE20000600000000000000041200400917010065
:10EE3000040010000C1214401012184014121C4050
:10EE4000181220400000000064EE000060EE000098
:10EE500000000000000000000100000001000000B0
:10EE600000000000041200100000000088EE000006
:10EE700084EE000000000000000000000000000020
:10EE8000000000000000000000000000B4EE0000E0
:10EE9000A4EE0000000000000000000004000000DC
:10EEA0000400000048EE00000CEE000074EB0000CF
:10EEB0000000000004120040093801400800010071
:10EEC0000D380140080024001138014008000800F6
:10EED0000000000028EF0000ECEE00000000000041
:10EEE000000000000F0000000F0000006CEE0000AA
:10EEF0006CEE00006CEE0000E4ED0000C0ED0000E0
:10EF000094ED00005CED00001CED0000E4EC00005E
:10EF1000A8EC000068EC000038EC0000A0EB00005A
:10EF20006CEE0000000000000412004009380140AF
:10EF3000080001000D3801400800010011380140AF
:10EF40000800010015380140080008001938014088
:10EF5000080001001D38014008000C002138014064
:10EF6000080018002538014008001C00293801401D
:10EF7000080014002D38014008004C0031380140D1
:10EF80000800980035380140080010003938014069
:10EF900008000C003D38014008000100000000009E
:10EFA000ACE400001300000084E40000060011003F
:10EFB000D96300003BD1000035D1000085D10000AD
:10EFC00041D100005FD3000017D30000CBD2000076
:10EFD00087D200001D6300003962000047D20000A4
:10EFE000355C0000F9600000715C00000960000001
:10EFF000BD640000700E0100760E01007B0E010062
:10F00000800E0100870E01001A0C01008D0E010018
:10F010001CF00000000000000000000020F00000D4
:10F02000AA0E0100AF0E010000000000AD6A000052
:10F0300001000000D90E0100DF0E010000000000F9
:10F040001570000001000000F60E0100FD0E010029
:10F0500000000000056C000001000000220F01000C
:10F06000280F010000000000BD6700000201000041
:10F07000640F01006B0F010000000000F569000043
:10F0800002000000A60F0100AC0F0100000000000C
:10F09000856F000004000000D40F0100D90F0100AB
:10F0A000000000005D68000006010000141001006F
:10F0B0001910010000000000996E00000702000016
:10F0C000661001006D1001000000000029690000B9
:10F0D00006010000AC100100B110010000000000AA
:10F0E000B16D00000700000066020100F61001008B
:10F0F00000000000556B0000010000000C11010031
:10F1000015110100000000005D6C0000010000000E
:10F1100000000000000000000000000000000000EF
:10F1200000000000411401004F14010063140100AD
:10F13000721401007E140100E8E30000E8E300001F
:10F1400030E4000038E4000070E4000070E40000E7
:10F15000BD14010005000000E714010007000000D5
:10F16000C314010008000000CC14010004000000DA
:10F17000D114010009000000DB14010008000000A8
:10F18000E41401000A000000EF1401000600000072
:10F19000FF8FFFFFFF8FFFFFFE8FFFFFFE8FFFFF41
:10F1A000FD8FFFFFFC8FFFFFFC8FFFFF6D75746508
:10F1B000785F667265652063616C6C656420776951
:10F1C0007468204E554C4C20706172616D65746599
:10F1D0007200000043616E277420696E6974696172
:10F1E0006C697A65206D757465782C207761732061
:10F1F0004E554C4C0D0A0000436F756C64206E6FC9
:10F2000074206C6F636B20706F776572207361760A
:10F2100065206D757465780025733A2043616C6CC8
:10F2200020606374725F64315F647261775F7465DC
:10F23000787460206661696C65643A2025640025F5
:10F24000733A204275696C642074696D653A204197
:10F25000756720313320323032362031363A32363B
:10F260003A30340025733A20446576696365206E30
:10F270006F742072656164790025733A204E6F20A7
:10F28000616C657274206C696E6520776972656463
:10F29000202D2D20706F6C6C696E67206063747216
:10F2A0005F64315F6765745F6576656E7460206F5B
:10F2B0006E6C790025733A2043616C6C2060637436
:10F2C000725F64315F7365745F616C6572745F63F4
:10F2D000616C6C6261636B60206661696C65643A45
:10F2E0002025640025733A2043616C6C20606374B0
:10F2F000725F64315F6765745F696E666F60206618
:10F3000061696C65643A2025640025733A20507267
:10F310006F746F636F6C2076657273696F6E3A20DD
:10F3200025750025733A204669726D7761726520F4
:10F3300076657273696F6E3A2025730025733A20E3
:10F340004861726477617265207265766973696F6E
:10F350006E3A2025750025733A205265736F6C75DF
:10F3600074696F6E3A2025757825750025733A20EB
:10F3700053707269746520736C6F74733A202575CD
:10F380000025733A20436F6E74696E75696E67204D
:10F39000776974686F7574206120646973706C613B
:10F3A00079202D2D2060643160207368656C6C209D
:10F3B000636F6D6D616E6473207374617920617623
:10F3C00061696C61626C650025733A2043616C6C05
:10F3D00020606374725F64315F636C65617260208A
:10F3E0006661696C65643A2025640025733A2043A0
:10F3F000616C6C20606374725F64315F647261770A
:10F400005F7265637460206661696C65643A20258B
:10F41000640025733A2043616C6C20606374725FF2
:10F4200064315F647261775F6C696E6560206661EC
:10F43000696C65643A2025640025733A2043616C49
:10F440006C20606374725F64315F636F6D6D6974AB
:10F4500060206661696C65643A2025640025733A12
:10F460002043616C6C20606374725F64315F626121
:10F470007463685F626567696E60206661696C6568
:10F48000643A2025640025733A2043616C6C206047
:10F490006374725F64315F62617463685F656E6438
:10F4A00060206661696C65643A2025640025733AC2
:10F4B0002043616C6C20606374725F64315F6275BD
:10F4C0007A7A657260206661696C65643A202564A9
:10F4D000007469636B20256400757074696D652024
:10F4E000256C6C6420730025733A20416C6572743E
:10F4F0002061737365727465640025733A204361FB
:10F500006C6C20606374725F64315F6765745F6503
:10F5100076656E7460206661696C65643A20256466
:10F520000025733A20427574746F6E206576656E9F
:10F53000743A20627574746F6E3D25642061637443
:10F54000696F6E3D25642072656D61696E696E67D5
:10F550003D257500647261696E5F6576656E7473D2
:10F560000062617463685F746578740072656E64CC
:10F5700065725F73746174757300434845535445F5
:10F5800052204431006D61696E0072656E6465726F
:10F590005F737472697065730072656E6465725F23
:10F5A000696D6D6564696174650070726F62650094
:10F5B0006D61696E0025733A2028756E7369676EF8
:10F5C0006564292063686172202A20757365642050
:10F5D000666F722025257020617267756D656E7487
:10F5E0002E2049742773207265636F6D6D656E649C
:10F5F000656420746F206361737420697420746F74
:10F6000020766F6964202A206265636175736520C6
:10F610006974206D6179206361757365206D69730C
:10F620006265686176696F7220696E2063657274C5
:10F6300061696E20636F6E66696775726174696F68
:10F640006E732E20537472696E673A2225732220DE
:10F65000617267756D656E743A25640063627072DD
:10F66000696E74665F7061636B6167655F636F6E1F
:10F67000766572740063627072696E74665F706141
:10F68000636B616765004661696C656420746F2017
:10F690007265626F6F743A207370696E6E696E671F
:10F6A00020656E646C6573736C792E2E2E0A006C67
:10F6B0006F6767696E67006C6F67006C6F675F6D7F
:10F6C000676D740025733A204D657373616765201B
:10F6D0002822257322292064726F7070656420626D
:10F6E0006563617573652069742065786365656419
:10F6F000732073697A65206C696D69746174696FD0
:10F700006E20282575290025733A204D6573736195
:10F7100067652064726F70706564206265636175EF
:10F720007365206974206578636565647320736907
:10F730007A65206C696D69746174696F6E20282523
:10F740007529007A5F6C6F675F6D73675F72756EA6
:10F7500074696D655F76637265617465007A5F696F
:10F760006D706C5F7A5F6C6F675F6D73675F7374EA
:10F77000617469635F637265617465001B5B306D02
:10F7800000257320005B2530386C755D20005B25FB
:10F790003032753A253032753A253032752E2530A3
:10F7A00033752C253033755D200025732F003C25E3
:10F7B000733E200025733A20002530327820002047
:10F7C0002020007C00256300206D657373616765F0
:10F7D000732064726F70706564202D2D2D0D0A00EA
:10F7E0002D2D2D20006572720077726E00696E6695
:10F7F00000646267004C6F67676572006D657373C4
:10F80000616765732064726F707065643A202020B0
:10F81000200D0A006C6F675F6261636B656E645FE9
:10F82000727474006B65726E656C004B65726E6508
:10F830006C20636F6D6D616E6473006379636C65DA
:10F84000733A202575206877206379636C65730AA5
:10F85000006379636C6573004B65726E656C206341
:10F8600079636C65732E00556E61626C6520746FF0
:10F8700020706172736520696E70757420286572DE
:10F8800072202564290A00736C656570006D730031
:10F89000557074696D653A20256C6C75206D730A1E
:10F8A000002D70002D2D70726574747900556E7383
:10F8B0007570706F72746564206F7074696F6E3AE2
:10F8C0002025730A00757074696D653A20256C6C8B
:10F8D0007520646179732C20256C6C7520686F75B8
:10F8E00072732C20256C6C75206D696E7574657350
:10F8F0002C20256C6C75207365636F6E64732C20EF
:10F90000256C6C75206D696C6C697365636F6E64D2
:10F91000730A00757074696D65004B65726E656C75
:10F9200020757074696D652E2043616E20626520BC
:10F9300063616C6C65642077697468207468652005
:10F940002D70206F72202D2D707265747479206F68
:10F950007074696F6E7300332E372E3939005A6513
:10F96000706879722076657273696F6E2025730AEC
:10F970000076657273696F6E004B65726E656C2000
:10F9800076657273696F6E2E00556E61626C6520CC
:10F99000746F207061727365206C6F672073657679
:10F9A00065726974792028657272202564290A00BD
:10F9B000496E76616C6964206C6F67206C65766552
:10F9C0006C3A2025640A00556E61626C6520746F84
:10F9D0002066696E64206C6F6720736F7572636553
:10F9E0003A2025730A006C6F675F6C6576656C0062
:10F9F0003C6D6F64756C65206E616D653E203C7377
:10FA0000657665726974792028302D34293E00723C
:10FA100065626F6F74005265626F6F742E00636F62
:10FA20006C6400436F6C64207265626F6F742E00AB
:10FA30007761726D005761726D207265626F6F74CD
:10FA40002E00746872656164004B65726E656C208F
:10FA5000746872656164732E005363686564756CC5
:10FA600065723A2025752073696E6365206C617339
:10FA7000742063616C6C0A00546872656164733A47
:10FA80000A004E41002573257020252D3130730A60
:10FA900000096F7074696F6E733A20307825782C86
:10FAA000207072696F726974793A202564207469D4
:10FAB0006D656F75743A20256C6C640A0009737467
:10FAC0006174653A2025732C20656E7472793A2032
:10FAD00025700A00556E61626C6520746F20646544
:10FAE0007465726D696E6520756E757365642073DB
:10FAF0007461636B2073697A6520282564290A0A7A
:10FB00000009737461636B2073697A6520257A75C7
:10FB10002C20756E7573656420257A752C2075739D
:10FB200061676520257A75202F20257A7520282584
:10FB300075202525290A0A006C697374004C6973C5
:10FB400074206B65726E656C207468726561647395
:10FB50002E00257020495251202530326420257313
:10FB6000287265616C2073697A652025347A75295D
:10FB70003A09756E757365642025347A7509757355
:10FB80006167652025347A75202F2025347A752009
:10FB90002825327A75202525290A00257020252D53
:10FBA00033327320287265616C2073697A65202571
:10FBB000347A75293A09756E757365642025347A2F
:10FBC000750975736167652025347A75202F2025A6
:10FBD000347A752028253275202525290A0073746A
:10FBE00061636B73004C697374207468726561643F
:10FBF0007320737461636B2075736167652E007386
:10FC000068656C6C2E7368656C6C5F7274740053FD
:10FC10007562636F6D6D616E64733A0A005741528D
:10FC20004E494E473A2041207072696E74207265C9
:10FC3000717565737420776173206465746563748E
:10FC40006564206F6E206E6F7420616374697665E1
:10FC5000207368656C6C206261636B656E642E0A4C
:10FC6000006E6F74207465726D696E617465643ABC
:10FC70002025630A00506C656173652073706563AD
:10FC8000696679206120737562636F6D6D616E6462
:10FC90002E0A00257325730A003A20636F6D6D618B
:10FCA0006E64206E6F7420666F756E6400546F6FA3
:10FCB000206D616E7920617267756D656E74732059
:10FCC000696E2074686520636F6D6D616E642E0AC5
:10FCD0000025733A2077726F6E6720706172616DD4
:10FCE0006574657220636F756E740A005368656C85
:10FCF0006C20746872656164206572726F723A205C
:10FD0000256400596F752063616E207472792074C8
:10FD10006F2063616C6C20636F6D6D616E64732026
:10FD200077697468203C2D683E206F72203C2D2D31
:10FD300068656C703E20706172616D6574657220DB
:10FD4000666F72206D6F726520696E666F726D618D
:10FD500074696F6E2E0A000A417661696C61626C8B
:10FD60006520636F6D6D616E64733A0A00253038EB
:10FD7000583A20007C0A005072696E7473207468CF
:10FD8000652068656C70206D6573736167652E0012
:10FD90002573252D2A730025732573002D68002DEA
:10FDA0002D68656C7000202D20002020002A2A2A52
:10FDB00020426F6F74696E67206E524620436F6EEB
:10FDC0006E6563742053444B2076322E392E302DCD
:10FDD000333839313466353837303539202A2A2AD4
:10FDE0000A002A2A2A205573696E67205A657068AE
:10FDF0007972204F532076332E372E39392D3532F4
:10FE000066633830623235303863202A2A2A0A0085
:10FE10006D757465785F696E69742063616C6C657B
:10FE2000642077697468204E554C4C207061726173
:10FE30006D6574657200436F756C64206E6F74201D
:10FE4000616C6C6F63617465206D75746578206298
:10FE500065666F726520696E697469616C697A693B
:10FE60006E670025733A2072302F61313A202030BE
:10FE70007825303878202072312F61323A202030B6
:10FE80007825303878202072322F61333A202030A4
:10FE900078253038780025733A2072332F61343A50
:10FEA0002020307825303878207231322F69703A2E
:10FEB0002020307825303878207231342F6C723A17
:10FEC00020203078253038780025733A202078704B
:10FED00073723A20203078253038780025733A2024
:10FEE0004661756C74696E6720696E7374727563B0
:10FEF00074696F6E20616464726573732028723157
:10FF0000352F7063293A20307825303878002573F2
:10FF10003A20556E68616E646C6564204952516E7A
:10FF20003A202564006573665F64756D70007A5FC2
:10FF300061726D5F666174616C5F6572726F720091
:10FF400025733A202A2A2A2A2A204255532046413C
:10FF5000554C54202A2A2A2A2A0025733A20202088
:10FF6000537461636B696E67206572726F720025EE
:10FF7000733A202020556E737461636B696E67203D
:10FF80006572726F720025733A202020507265638B
:10FF90006973652064617461206275732065727293
:10FFA0006F720025733A202020424641522041645E
:10FFB00064726573733A20307825780025733A208F
:10FFC0002020496D70726563697365206461746196
:10FFD00020627573206572726F720025733A20205B
:10FFE00020496E737472756374696F6E20627573E5
:10FFF000206572726F720025733A202020466C6F64
:020000021000EC
:100000006174696E672D706F696E74206C617A79A6
:1000100020737461746520707265736572766174A3
:10002000696F6E206572726F720025733A202A2AFA
:100030002A2A2A205553414745204641554C5420F1
:100040002A2A2A2A2A0025733A2020204469766920
:1000500073696F6E206279207A65726F0025733A3A
:10006000202020556E616C69676E6564206D656D3A
:100070006F7279206163636573730025733A202082
:10008000204E6F20636F70726F636573736F7220A1
:10009000696E737472756374696F6E730025733A59
:1000A000202020496C6C6567616C206C6F61642056
:1000B0006F66204558435F52455455524E20696E35
:1000C000746F2050430025733A202020496C6C65E2
:1000D00067616C20757365206F66207468652045C4
:1000E0005053520025733A202020417474656D707E
:1000F0007420746F206578656375746520756E640F
:100100006566696E656420696E737472756374697F
:100110006F6E0025733A202A2A2A2A2A204D50552C
:10012000204641554C54202A2A2A2A2A0025733A6F
:10013000202020537461636B696E67206572726F53
:10014000722028636F6E7465787420617265612017
:100150006D69676874206265206E6F742076616CCB
:100160006964290025733A2020204461746120418C
:1001700063636573732056696F6C6174696F6E0099
:1001800025733A2020204D4D46415220416464722F
:100190006573733A20307825780025733A20202043
:1001A000496E737472756374696F6E204163636521
:1001B00073732056696F6C6174696F6E005265735A
:1001C000657276656420457863657074696F6E202A
:1001D000280053707572696F757320696E7465724B
:1001E000727570742028495251200025733A2053AB
:1001F0005053454C20696E20746872656164206DAF
:100200006F646520646F6573206E6F7420696E641F
:100210006963617465205053500025733A202A2A7F
:100220002A2A2A2048415244204641554C54202A2B
:100230002A2A2A2A0025733A202020427573206634
:1002400061756C74206F6E20766563746F722074B4
:1002500061626C6520726561640025733A2020201C
:100260004465627567206576656E740025733A2073
:1002700020204661756C7420657363616C617469DC
:100280006F6E20287365652062656C6F7729002585
:10029000733A20415243485F4558434550542077B4
:1002A00069746820726561736F6E2025780A002575
:1002B000733A202A2A2A2A2A204465627567206D0B
:1002C0006F6E69746F7220657863657074696F6EA4
:1002D000202A2A2A2A2A0025733A202A2A2A2A2A68
:1002E00020257320256429202A2A2A2A2A007265BB
:1002F0007365727665645F657863657074696F6E47
:100300000064656275675F6D6F6E69746F7200750A
:10031000736167655F6661756C74006275735F66B3
:1003200061756C74006D656D5F6D616E6167655FB1
:100330006661756C7400686172645F6661756C7487
:10034000006765745F657366006D70750025733AAC
:10035000204661696C656420746F20616C6C6F630A
:10036000617465206E6577204D5055207265676910
:100370006F6E2025750A0025733A205061727469EA
:1003800074696F6E2025753A2073616E69747920E7
:10039000636865636B206661696C65642E007265D5
:1003A00067696F6E5F616C6C6F636174655F616ECE
:1003B000645F696E6974006D70755F636F6E666906
:1003C000677572655F726567696F6E7300464C4151
:1003D00053485F30005352414D5F3000736F6300EC
:1003E000636C6F636B4034303030303030300068D5
:1003F00066636C6B006C66636C6B00636C6F636B45
:100400005F636F6E74726F6C006770696F40353038
:10041000303030333030006770696F403530303005
:100420003030303000693263004932433A2044654D
:100430007669636520647269766572202573206E23
:100440006F7420666F756E642E0A004932433A203D
:100450004661696C656420746F20636F6E666967BE
:10046000757265206465766963653A2025730A00B4
:100470002020202020302020312020322020332036
:1004800020342020352020362020372020382020FE
:1004900039202061202062202063202064202065F4
:1004A0002020660A00253032783A20002D2D2000C9
:1004B0002575206465766963657320666F756E6463
:1004C000206F6E2025730A004661696C6564207494
:1004D0006F20726561642066726F6D206465766955
:1004E00063653A2025730A004F75747075743A205D
:1004F000307825780A00546F6F206D616E79206224
:10050000797465732070726F76696465642C206CF1
:10051000696D69742069732025640A004661696CFD
:10052000656420746F20777269746520746F20642D
:1005300065766963653A2025730A004932433A209B
:10054000427573207265636F7665727920666169A2
:100550006C65642028657272202564290A0049327E
:100560004320636F6D6D616E6473007363616E0031
:100570005363616E20493243206465766963657315
:100580000A55736167653A207363616E203C646548
:10059000766963653E007265636F766572005265C9
:1005A000636F76657220493243206275730A557312
:1005B0006167653A207265636F766572203C646599
:1005C000766963653E005265616420627974657383
:1005D0002066726F6D20616E20493243206465761B
:1005E0006963650A55736167653A207265616420C5
:1005F0003C6465766963653E203C616464723E20BC
:100600003C7265673E205B3C62797465733E5D00B9
:10061000726561645F62797465005265616420612E
:1006200020627974652066726F6D20616E20493298
:1006300043206465766963650A55736167653A208E
:10064000726561645F62797465203C646576696394
:10065000653E203C616464723E203C7265673E00EA
:100660006469726563745F72656164005265616498
:1006700020627974652073747265616D206469729B
:100680006563746C792066726F6D20616E204932EB
:10069000432064657669636520776974686F757453
:1006A0002077726974696E6720612072656769736B
:1006B0007465722061646472657373206669727315
:1006C000740A55736167653A206469726563745F83
:1006D00072656164203C6465766963653E203C61B7
:1006E0006464723E205B3C62797465733E5D0077A2
:1006F00072697465005772697465206279746573F4
:1007000020746F20616E20493243206465766963EE
:10071000650A55736167653A207772697465203C94
:100720006465766963653E203C616464723E203C8A
:100730007265673E205B3C62797465313E2C202EE9
:100740002E2E5D0077726974655F6279746500575B
:10075000726974652061206279746520746F20610C
:100760006E20493243206465766963650A5573617A
:1007700067653A2077726974655F62797465203CB9
:100780006465766963653E203C616464723E203C2A
:100790007265673E203C76616C75653E00436F6E06
:1007A00066696775726520493243206275732073EC
:1007B000706565640A55736167653A207370656595
:1007C00064203C6465766963653E203C73706565B2
:1007D000643E006932635F7368656C6C0069326304
:1007E000403430303033303030006932635F6E7205
:1007F00066785F7477690025733A204661696C6595
:100800006420746F20696E697469616C697A65200F
:100810006465766963653A2025730025733A20750F
:100820006E737570706F7274656420737065656443
:100830000025733A2031302D6269742049324320FB
:10084000416464722064657669636573206E6F74B9
:1008500020737570706F72746564006932635F6EC7
:100860007266785F7477695F6D73675F7472616ECB
:1008700073666572006932635F6E7266785F747763
:10088000695F636F6E666967757265006932635F81
:100890006E7266785F7477695F696E6974000001D3
:1008A00002030405060725733A20427573206E6F14
:1008B0007420726561647900286E6F6E6529002569
:1008C000733A2043616C6C206070625F656E636F89
:1008D000646560206661696C65643A202573002553
:1008E000733A2043616C6C20606672616D655F7362
:1008F000656E6460206661696C65643A20256400F9
:1009000025733A20526573706F6E7365206C656E47
:10091000677468206F7574206F662072616E6765FA
:100920003A2025750025733A20526573706F6E73F7
:100930006520435243206D69736D617463680025BF
:10094000733A2043616C6C206070625F6465636F12
:10095000646560206661696C65643A2025730025D2
:10096000733A2044697363617264696E67207374BB
:10097000616C6520726573706F6E73653A206E6F7F
:100980006E636520257520286578706563746564DD
:10099000202575290025733A2043616C6C20607016
:1009A0006F6C6C5F726573706F6E736560206661EB
:1009B000696C65643A2025640025733A20556E659C
:1009C00078706563746564207265706C793A20256F
:1009D000640025733A204F7065726174696F6E20F0
:1009E000646F6573206E6F742066697420616E2079
:1009F000656D7074792062617463682062756666E3
:100A000065720025733A2042617463682066756CD4
:100A10006C202D2D20666C757368696E67202575B6
:100A2000206F7065726174696F6E730025733A2070
:100A300043616C6C206062617463685F73656E64AF
:100A400060206661696C65643A2025640025733A0C
:100A50002043616C6C2060726571756573746020F1
:100A60006661696C65643A20256420286F66667348
:100A7000657420257A75290025733A2054657874A9
:100A800020746F6F206C6F6E673A20257A7520286E
:100A90006D617820257A75290025733A2043616CB1
:100AA0006C20607265717565737460206661696C35
:100AB00065643A2025640025733A20416C657274A0
:100AC000204750494F20636F6E74726F6C6C657273
:100AD000206E6F742072656164790025733A20433B
:100AE000616C6C20606770696F5F70696E5F696EC2
:100AF000746572727570745F636F6E666967757224
:100B0000655F647460206661696C65643A20256481
:100B10000025733A2043616C6C20606770696F5FD9
:100B200070696E5F636F6E6669677572655F647426
:100B300060206661696C65643A2025640025733A1B
:100B40002043616C6C20606770696F5F6164645FF3
:100B500063616C6C6261636B5F6474602066616981
:100B60006C65643A2025640000FBFBEAFEF0C36379
:100B700074725F64315F696E6974006374725F647C
:100B8000315F6765745F696E666F5F006374725F83
:100B900064315F647261775F746578745F00637459
:100BA000725F64315F7365745F7370726974655FDF
:100BB0000062617463685F617070656E6400667284
:100BC000616D655F7265637600706F6C6C5F7265F6
:100BD00073706F6E73650072657175657374006311
:100BE00074725F64315F6765745F6576656E745FAC
:100BF000006374725F64315F7365745F616C65720A
:100C0000745F63616C6C6261636B5F006374725FDD
:100C10006431403133006374725F6431006465761F
:100C2000696365206E6F742072656164790A00776C
:100C30006869746500626C61636B00696E76616CF3
:100C4000696420636F6C6F723A202573202877687F
:100C50006974657C626C61636B290A0074727565E6
:100C6000006F66660066616C736500696E76616C24
:100C7000696420626F6F6C65616E3A2025730A00AB
:100C8000696E76616C69642072616E67650A002521
:100C9000733A2043616C6C20606374725F64315FEF
:100CA000706F77657260206661696C65643A2025B3
:100CB000640025733A2043616C6C20606374725F3A
:100CC00064315F647261775F636972636C65602031
:100CD0006661696C65643A202564006C6F6E67001C
:100CE000646F75626C6500616C61726D00696E762F
:100CF000616C6964207061747465726E3A2025734A
:100D0000202873686F72747C6C6F6E677C646F757B
:100D1000626C657C616C61726D290A0070726F741F
:100D20006F636F6C2076657273696F6E3A202575FC
:100D30000A006669726D7761726520766572736903
:100D40006F6E3A2025730A0068617264776172657C
:100D5000207265766973696F6E3A2025750A007294
:100D600065736F6C7574696F6E3A2025757825759B
:100D70000A0073707269746520736C6F74733A2023
:100D800025750A003F006E6F206576656E740A0057
:100D9000627574746F6E3A20257320616374696F95
:100DA0006E3A2025732072656D61696E696E673ACF
:100DB0002025750A00696E76616C696420666F6E25
:100DC000743A2025642028302D34290A00696E7673
:100DD000616C696420616C69676E3A202564202823
:100DE000302D36290A0025733A2043616C6C20604F
:100DF0006374725F64315F7075745F706978656C7D
:100E000060206661696C65643A20256400636D64E6
:100E10005F696E666F00636D645F636C656172002D
:100E2000636D645F636F6D6D697400636D645F70A3
:100E30006F77657200636D645F62757A7A657200C0
:100E4000636D645F706978656C00636D645F6C6985
:100E50006E6500636D645F7265637400636D645FEB
:100E6000636972636C6500636D645F7465787400B8
:100E7000636C69636B00686F6C64006C656674001A
:100E80006D6964646C650072696768740043484505
:100E9000535445522D443120646973706C6179203C
:100EA000636F6D6D616E64732E00696E666F0052C4
:100EB000656164206669726D77617265207665721E
:100EC00073696F6E20616E642070616E656C20675F
:100ED000656F6D657472792E00636C656172004395
:100EE0006C65617220746865206261636B20627555
:100EF000666665722E00636F6D6D6974005377616D
:100F00007020746865206261636B20627566666537
:100F100072206F6E746F207468652070616E656CEE
:100F20002E00706F77657200537769746368207460
:100F300068652070616E656C206F6E206F72206F27
:100F400066662028666F726D61743A203C6F6E7C15
:100F50006F66663E205B6272696768746E65737364
:100F60005D292E0062757A7A657200506C61792075
:100F7000612062757A7A6572207061747465726E30
:100F80002028666F726D61743A203C73686F7274CA
:100F90007C6C6F6E677C646F75626C657C616C6184
:100FA000726D3E292E00706978656C00447261771D
:100FB000206120706978656C2028666F726D61749D
:100FC0003A203C783E203C793E203C636F6C6F7247
:100FD0003E292E006C696E650044726177206120A5
:100FE0006C696E652028666F726D61743A203C787A
:100FF000303E203C79303E203C78313E203C7931F7
:101000003E203C636F6C6F723E205B77696474684E
:101010005D292E007265637400447261772061203F
:1010200072656374616E676C652028666F726D61AE
:10103000743A203C783E203C793E203C773E203C70
:10104000683E203C636F6C6F723E203C66696C6C3E
:101050003E205B7261646975735D205B626F7264D0
:1010600065725D292E00636972636C65004472616C
:1010700077206120636972636C652028666F726DEA
:1010800061743A203C63783E203C63793E203C7298
:101090003E203C636F6C6F723E203C66696C6C3E18
:1010A000205B626F726465725D292E0074657874CE
:1010B0000044726177206120746578742028666F1F
:1010C000726D61743A203C783E203C793E203C664B
:1010D0006F6E7420302D343E203C616C69676E2049
:1010E000302D363E203C636F6C6F723E203C746541
:1010F00078743E292E00506F70206F6E65206275E7
:1011000074746F6E206576656E742E0073656C6600
:101110007465737400447261772061207465737420
:10112000206672616D65207573696E6720657665EE
:101130007279207072696D69746976652E00636DCD
:10114000645F6576656E7400636D645F73656C667D
:10115000746573740073747265616D2066756C6C70
:1011600000696F206572726F7200696E76616C69DA
:101170006420646174615F73697A6500696E766189
:101180006C6964206669656C6420747970650073AD
:1011900075626D73672073697A65206368616E6735
:1011A00065640062797465732073697A6520657877
:1011B000636565646564007A65726F2D6C656E6742
:1011C000746820737472696E6700756E7465726DF1
:1011D000696E6174656420737472696E6700696E0C
:1011E00076616C6964206669656C6420646573630C
:1011F000726970746F72006D697373696E672072C3
:1012000065717569726564206669656C6400636107
:101210006C6C6261636B206572726F7200617272D6
:101220006179206D61782073697A652065786365DE
:101230006564656400696E76616C696420657874C4
:10124000656E73696F6E00656E642D6F662D7374C5
:101250007265616D00766172696E74206F76657279
:10126000666C6F7700696E76616C6964207769726D
:10127000655F7479706500706172656E7420737457
:101280007265616D20746F6F2073686F7274007780
:10129000726F6E6720776972652074797065006976
:1012A0006E746567657220746F6F206C617267651C
:1012B000006279746573206F766572666C6F770073
:1012C0006E6F206D616C6C6F6320737570706F72E0
:1012D000740073697A6520746F6F206C6172676542
:1012E00000737472696E67206F766572666C6F77D3
:1012F00000696E636F7272656374206669786564F5
:10130000206C656E677468206279746573207369F8
:101310007A65006172726179206F766572666C6FB2
:1013200077006661696C656420746F207365742052
:1013300064656661756C74730063616C6C62616393
:101340006B206661696C6564007A65726F207461F8
:10135000670077726F6E672073697A6520666F72B7
:1013600020666978656420636F756E7420666965B0
:101370006C6400000000000001010000000000009B
:10138000203030303030303030303030303030009D
:10139000015465726D696E616C0000000000000010
:1013A000545452205245474745530025733A20482C
:1013B000616C74696E672073797374656D00556E26
:1013C0006B6E6F776E206572726F7200756E6B6EEA
:1013D0006F776E0025733A203E3E3E205A455048B6
:1013E000595220464154414C204552524F522025DB
:1013F000643A202573206F6E2043505520256400E9
:1014000025733A204661756C7420647572696E6745
:1014100020696E746572727570742068616E646C98
:10142000696E670A0025733A2043757272656E749F
:10143000207468726561643A20257020282573291C
:101440000043505520657863657074696F6E005570
:101450006E68616E646C656420696E746572727525
:10146000707400537461636B206F766572666C6F85
:1014700077004B65726E656C206F6F7073004B6503
:10148000726E656C2070616E6963007A5F6661746C
:10149000616C5F6572726F72006B5F7379735F6608
:1014A0006174616C5F6572726F725F68616E646CAB
:1014B00065720069646C65006F73002B0064756D64
:1014C0006D79007072657374617274006465616433
:1014D0000073757370656E6465640061626F727429
:1014E000696E670073757370656E64696E6700710D
:1014F000756575656400737973776F726B71002819
:101500006E756C6C29002A666C6F61742A0000008D
:10151000E1BA0000A9C100000000000001000000C5
:1015200028E9000058140020240200203A0000009E
:10153000380200203A000000100200203A000000AB
:10154000600200203A0000000000000043CD0000CF
:101550000000000000000000000000004C0000201F
:101560004C00002001000000010000005C00002091
:101570005C000020640000206400002000000000E7
:101580000100000074000020740000200000000032
:10159000000000000000000000000000000000004B
:1015A000000000000000000000000000000000003B
:1015B000000000000000000000000000000000002B
:1015C000000000000000000000000000000000001B
:1015D000000000000000000000000000000000000B
:1015E00000000000000000000000000000000000FB
:1015F00000000000000000000000000000000000EB
:1016000008000000FF0000000000000003000000D0
:101610000000000004010020040100200C01002053
:101620000C01002000000000BDAE000058010020A9
:10163000500100204801002000000000400100206F
:10164000D9AF000025AF000059AF0000A1AF0000E6
:10165000942400203A00003A982400203A00003AEE
:101660009C2400203A00003AA02400203A00003ACE
:10167000680100202C01002024010020200100200E
:041680001C01002029
:0A168400000000000000000000005C
:10169000000000000000000000000000000000004A
:1016A000000000000000000000000000000000003A
:1016B000000000000000000000000000000000002A
:1016C000000000000000000000000000000000001A
:0416D0000000000016
:1016D4000000000000000000000000000000000006
:1016E40000000000000000000000000000000000F6
:1016F40000000000000000000000000000000000E6
:081704000000000000000000DD
:10170C000000000040A900200020000000000000A4
:04171C0000000000C9
:101720001002002010020020000000000000000055
:101730000E0000002402002024020020000000000F
:10174000000000000E0000003802002038020020D7
:1017500000000000000000000E0000004C0200200D
:101760004C02002000000000000000000E000000FD
:101770006002002060020020000000000000000065
:041780000E00000057
:101784007402002074020020000000000100000028
:1017940084020020840200208C0200208C0200209D
:1017A40000000000010000009C0200209C020020B8
:0417B40015E015E047
:040000030000419523
:00000001FF
