:10000000805D012075CC0100A97A030061CC01005C
:1000100061CC010061CC010061CC01000000000056
:1000200000000000000000000000000069CE010098
:1000300061CC01000000000035CE010061CC010060
:1000400029D00100E7A9030029D0010029D001002F
:1000500029D0010029D0010029D0010029D00100B8
:100060009DA9030029D0010029D00100D1A90300D6
:1000700029D0010029D0010029D0010029D0010098
:1000800029D0010029D0010029D0010029D0010088
:1000900029D0010029D0010029D0010029D0010078
:1000A00029D0010029D0010029D0010029D0010068
:1000B00029D0010029D0010029D0010029D0010058
:1000C00029D0010029D0010029D0010029D0010048
:1000D00029D0010029D0010029D0010029D0010038
:1000E00029D0010029D0010029D0010029D0010028
:1000F00029D0010029D0010029D0010029D0010018
:100100002DE9F00791E8F807B2E802105B1854EB0C
:100110000C04B2E802104D4156EB0C06B2E8021096
:100120004F4158EB0C08B2E8021059EB01095AEBA9
:100130000C0A80E8F80780410130BDE8F0077047FD
:100140002DE9F00791E8F807B2E802105B1A74EBAA
:100150000C04B2E802108D4176EB0C06B2E80210F6
:100160008F4178EB0C08B2E8021079EB01097AEBC9
:100170000C0A80E8F80780414042BDE8F00770476C
:100180002DE9F007524290E87800B1E88007174067
:10019000DB1918EA020854EB080419EA020955EBC6
:1001A00009051AEA020A56EB0A0678C090E87800B8
:1001B000B1E8800717407B4118EA020854EB0804B5
:1001C00019EA020955EB09051AEA020A56EB0A0672
:1001D00078C080410130BDE8F00770472DE9F00795
:1001E000524290E87800B1E880071740DB1B18EA1C
:1001F000020874EB080419EA020975EB09051AEA0A
:10020000020A76EB0A0678C090E87800B1E8800729
:100210001740BB4118EA020874EB080419EA020906
:1002200075EB09051AEA020A76EB0A0678C08041E6
:100230004042BDE8F00770472DE9F00152424FF00F
:10024000040890E8300091E8C000A31B1340E41AB2
:10025000F618EB1B1340ED1AFF1830C0C0C1B8F1FF
:100260000108EED1BDE8F001704700BF00B592E88B
:10027000DC072DE9DC07B1E8805702B4A7FB025187
:100280000A95A8FB020BE7FB6310E9FB62B00B9138
:10029000A8FB0351EAFB6201E7FB64B5E7FB6605D7
:1002A000E8FB6615CDF830B0A9FB03B6EAFB631690
:1002B000ECFB6356E8FB640BE9FB641BEAFB645B45
:1002C000ECFB646B0D90ACFB0230059CEEFB6250C6
:1002D000E9FB6460EAFB64B0E7FB6431E8FB64516E
:1002E000069CE8FB6461E9FB64B1EAFB64010E93E0
:1002F000A7FB0432079CE7FB6462E8FB64B2E9FBFE
:100300006402EAFB6412049CE9FB6453EAFB646345
:10031000089CE7FB64B3E8FB6403E9FB6413EAFBB6
:1003200064230F955DF8049B99E80006DDF80080D2
:10033000A9FB0854EAFB68B4DDF81080ECFB680404
:10034000EEFB6814E9FB6824EAFB6834DDF80480FE
:10035000EEFB6865E9FB68B5EAFB6805DDF814802B
:10036000ECFB6815EEFB6825E9FB6835EAFB6845A0
:100370000F96DDF80880AEFB0876E9FB6806EAFB1D
:100380006816DDF81880ECFB6826EEFB6836E9FBA2
:100390006846EAFB6856DDF80C80ECFB68B7EEFBBC
:1003A0006807E9FB6817EAFB6827DDF81C80ECFBAF
:1003B0006837EEFB6847E9FB6857EAFB686708B0F7
:1003C00000BD00BF2DE9F14F87B0FFF74FFFDDF80B
:1003D0001C8008F1200888E8FF00FFBC87E87F0840
:1003E000BDE8F08F00B591E89857A3FB0352019543
:1003F000A3FB0401E3FB6420E3FB67100292A3FB71
:100400000752E3FB6802E4FB6415E3FB6805E3FBCA
:1004100069250391A4FB07B6E3FB6926E3FB6A5653
:10042000E4FB670BE4FB682BE3FB6A5BE3FB6C6BB1
:100430000490A4FB0810E4FB6950E3FB6C60E3FB51
:100440006EB0E7FB6721E4FB6951E4FB6A61E3FB03
:100450006EB1E4FB6E010592A7FB0832E4FB6A6211
:10046000E4FB6CB2E4FB6E02E7FB6E12E7FB685341
:10047000E7FB6963E4FB6CB3E7FB6C03E7FB6E131C
:10048000E8FB6E230695A7FB0954E7FB6AB4E7FB7C
:100490006C04E8FB6C14E8FB6E24E9FB6E34E8FBAB
:1004A0006865E7FB6AB5E8FB6A05E8FB6C15E9FBE4
:1004B0006C25E9FB6E35EAFB6E450796A8FB0976CD
:1004C000E8FB6A06E9FB6A16E9FB6C26EAFB6C3678
:1004D000EAFB6E46ECFB6E56E8FB69B7E9FB690781
:1004E000E9FB6A17EAFB6A27EAFB6C37ECFB6C470F
:1004F000ECFB6E57EEFB6E6700BD00BF2DE9F14FC0
:1005000087B0FFF76FFFDDF81C8008F1200888E84E
:10051000FF00FFBC87E87F08BDE8F08F30B44FF0E4
:10052000000310F8014B11F8015B013A84EA05045D
:1005300043EA0403F5D1A3F101034FEAD37030BCC1
:10054000704700BF4FF0000310F8012B013943EA58
:100550000203F9D1A3F101034FEAD370704700BF42
:1005600030B411F8014B12F8015B6C4000F8014BFC
:10057000013BF6D130BC70472DE9F00791E8F80750
:10058000B2E802105B1854EB0C04B2E802104D41C3
:1005900056EB0C06B2E802104F4158EB0C08B2E8DB
:1005A000021059EB01095AEB0C0A8941B3F1FF33F0
:1005B00074F1FF3475F1FF3576F1000677F100072D
:1005C00078F1000879F101097AF1FF3A51F100015F
:1005D0005B184C414D4156F1000657F1000758F1A8
:1005E000000859EBD1795AEB010A80E8F807BDE819
:1005F000F00770472DE9F00791E8F807B2E802101C
:100600005B1A74EB0C04B2E802108D4176EB0C0619
:10061000B2E802108F4178EB0C08B2E8021079EBD7
:1006200001097AEB0C0A89415B184C414D4156F1A6
:10063000000657F1000758F1000859EBD1795AEB41
:10064000010A80E8F807BDE8F007704718EB0408D6
:1006500059EB05095AEB060A5BEB070B5FF0000C40
:100660004CF1000C18EB050859EB06095AEB070A88
:100670005BEB070B50EB0C005FF0000C51EB0C0137
:1006800052EB0C0263414CF1000CB8EB070879F116
:1006900000097AF1000A7BEB040BA841B141A241A9
:1006A000B3416CF1000CBBEB050BB041B941AA4161
:1006B000BB416CF1000C4CF001068CF0020718EB0A
:1006C000060859EB6C095AEB6C0A7BEB6C0B70EB70
:1006D0006C0471EB6C0572EB670653EB6C076CEB0B
:1006E0006C0C18EB0C0059EB0C015AEB0C025BF193
:1006F000000354F1000455F1000556EBDC7657EB8E
:100700000C0770472DE9F14F87B0FFF7AFFDDDF81B
:100710001080DDF81490DDF818A0FFF797FFBDE812
:10072000000FFFF793FF03B05DF8048B88E8FF002C
:10073000BDE8F08F2DE9F14F87B0FFF753FEDDF8EC
:100740001080DDF81490DDF818A0FFF77FFFBDE8FA
:10075000000FFFF77BFF03B05DF8048B88E8FF0014
:10076000BDE8F08F074B1B78002B4FF00003836030
:100770000360054B436014BF02220122FF23C271B4
:1007800003727047800F002048010800064B074A9B
:10079000DB7802604FF442728280C371082200232A
:1007A00082710372704700BF800F002081730100C7
:1007B000064B074A1B7902604FF4B8728280C371FE
:1007C0000822FF2382710372704700BF800F002050
:1007D0003B6F01002DE9F341C41D002824F00704FC
:1007E000064614BF2046002000F00AFD071E04DA6A
:1007F0006FF00B0002B0BDE8F0810EB9FC42F7D4F7
:10080000354D297AE879AB7A6A7A0331033013F0EF
:10081000F9FA0028ECDBA978EB783C440334002E8D
:10082000194424F0030400FB01F114BF204600200A
:1008300000F072FE20440EB90028D9DB2B79044663
:10084000B3B1697C19446B791944FF29D0DC0330BA
:10085000002E20F0030414BF20460020AA89C9B24C
:1008600000F0CAFE0028C3DB04440EB9002CBFDB35
:10087000012000F0BBFCC8B1E97AB9B195F8283085
:100880000734002B15BF402325234FF48172282203
:1008900024F00704002E14BF2046002004F05CFF63
:1008A0000028A5DB04440EB9002CA1DBAB7BE3B12F
:1008B0002B799BB10734002E24F0070414BF204687
:1008C0000020A97B09F0B0FD002891DB044466B943
:1008D000002C0ADA8CE700BF800F0020012000F016
:1008E00085FC10B1EB7A002BE4D1714B1B6893B1FE
:1008F000A97981B10334002E24F0030414BF2046EB
:100900000020EA7B98470028FFF672AF044416B92E
:10091000002CFFF66DAF674B1B688BB1297C79B15A
:100920000334002E24F0030414BF2046002098470F
:100930000028FFF65DAF044416B9002CFFF658AF4F
:100940005D4B1F68AFB1697C99B10334002E2B7DDC
:10095000009324F0030414BF20460020EB7CAA7C03
:10096000B8470028FFF644AF044416B9002CFFF640
:100970003FAF072000F03AFC98B1A97989B1033460
:10098000002E24F0030414BF20460020AA7D00F0AE
:1009900021FF0028FFF62CAF044416B9002CFFF607
:1009A00027AF95F82100B6FA86F77F09A0B1EB7E54
:1009B000297E033424F00704194444F004043B4620
:1009C0002246C9B200F048FF0028FFF611AF0444E8
:1009D00016B9002CFFF60CAF95F82210002957D05D
:1009E0000734002E24F0070814BF40460020AA8CCC
:1009F00013F01DFA041EFFF6FBAE444416B9002C9A
:100A0000FFF6F6AE1EB1A98C40460DF0FFFF297F20
:100A100000293FD095F82030002B3BD0EA8B0734DB
:100A2000002E24F0070802F1240214BF40460020E3
:100A300092B213F0FCF9041EFFF6DAAE444416B984
:100A4000002CFFF6D5AEAB7E297E95F8200003344E
:100A500024F00704194444F004043B462246C9B27A
:100A600000F0ECFE0028FFF6C3AE044416B9002CDB
:100A7000FFF6BEAE36B1EA8B297F083292B240460D
:100A80000DF0CAFFEB6A5BB176B1EC620020B1E613
:100A90008846B7E7002EF5D0002211461046EFE752
:100AA000002EF3D12046A5E62834FBD5A0E600BFF2
:100AB0005C00002064000020600000201FB572B6BA
:100AC000184B1D6BE5B9BFF34F8F1749174BCA6819
:100AD00002F4E0621343CB60BFF34F8F00BFFDE72A
:100AE000B2FBF6F2DCB20133002AF9D104F11003B3
:100AF0006B4403F80C2C0A2234B901A8A847E2E79A
:100B0000024600230A26EDE7631E04AEDCB256FA65
:100B100083F3B0FBF2F602FB1600303003F80C0C46
:100B20003046E9E7800F002000ED00E00400FA0500
:100B300013B5114CA37A8DF80130637A8DF800302B
:100B4000237AADF804306846E379ADF8023007F057
:100B5000FFFB18B1D9210320FFF7B0FF207D07F07C
:100B600053FC08B1DC21F6E7E07C07F047FC08B154
:100B7000DD21F0E702B010BD800F002038B505463A
:100B800000283ED011F0F0F910B94FF0FF3038BD19
:100B900016F03BFDB0F5FA7FF7D81C4C1C482563D6
:100BA000002500F09DFA26222946A01C84F8345026
:100BB000257084F82850E56211F0EEFD1B22E271E9
:100BC00040F21B3240F20113228140F20232638074
:100BD000628101231F222371A281A3754FF4027247
:100BE000F723E281E38344F60112FB236282A384AC
:100BF000EFF3108472B600F03FFE2CB962B62046C7
:100C0000C5E76FF01500C2E72846C0E7800F002057
:100C1000310B000038B51446002840F0B3805B4D1E
:100C200095F83430032B00F0AA80B1B112B96FF0FF
:100C3000150038BD0139142900F2A480DFE801F065
:100C40000B1C1F2F59627F356568793B414F5485D6
:100C50008896999C8E001378AB700020FFF7BAFD40
:100C60000028B7BF0123022385F834306FF00B0052
:100C7000A8BF85F83430DCE71378EB70EDE79378A4
:100C8000002BD4D0D378002BD1D013781A2BCED907
:100C900053781A2BCBD91368C5F80730DDE71378E2
:100CA0006A799342C3D32B71D7E713782A79934299
:100CB000BDD86B71D1E713782A799342B7D86B749A
:100CC000CBE71378002BB2D05378013BDBB2F82B83
:100CD000ADD813886B822E4B92789A70BDE710784E
:100CE00068750BF037FFB8E71378002B9FD0AB7512
:100CF000B3E7012000F07AFA237808B1012B96D9E6
:100D0000EB72AAE71388AB81A7E71378AB71A4E76E
:100D1000072000F06BFA10B92378012B87D9072040
:100D200000F064FA10B12378002B80D02378EB73A5
:100D300093E71378082B3FF67AAF2B748DE713886F
:100D4000FF2B3FF674AFAB7387E71378EB7584E73F
:100D500013780E2B3FF66BAF2B767EE723680D4A98
:100D6000EB61636853602389138176E713786B76B0
:100D700073E71378EB7670E71378AB766DE74FF097
:100D8000FF3056E76FF02C0053E700BF800F0020C4
:100D9000920F00209C0F0020F8B50D46064630B398
:100DA00029B311F0070422D1124F97F83430012BE8
:100DB00002D16FF00B00F8BD032B02D14FF0FF30D2
:100DC000F9E700F0C1F80028F8D02846FFF702FD47
:100DD0000028EEDB16F088FB3046F96A07F0BAFB14
:100DE000FFF7A6FE032387F834302046E3E76FF0D1
:100DF0001500E0E7800F002010B5074C94F8343060
:100E0000032B03D107F0C2FB08F040FC13F057F9A5
:100E1000002084F8340010BD800F002050B1074B33
:100E200003F1140253F8041B40F8041B9342F9D158
:100E3000002070476FF01500704700BFDD350400DB
:100E400010B5074B93F834403CB907F039FB032049
:100E5000044900F0C3F9204610BD4FF0FF30FBE716
:100E6000800F0020B107000010B5074B93F8344005
:100E70003CB907F039FB0220044900F0AFF92046E5
:100E800010BD4FF0FF30FBE7800F00208D07000002
:100E900010B5074B93F834403CB907F047FB0120ED
:100EA000044900F09BF9204610BD4FF0FF30FBE7EE
:100EB000800F00206507000010B5054B93F8344003
:100EC0001CB907F0AFFA204610BD4FF0FF30FBE72A
:100ED000800F002010B5054B93F834401CB914F076
:100EE000BCF8204610BD4FF0FF30FBE7800F00201C
:100EF00010B5054B93F834401CB914F0B1F82046F6
:100F000010BD4FF0FF30FBE7800F002008B5064B07
:100F100093F83430032B03D006F08CFE002008BD7C
:100F20004FF0FF30FBE700BF800F0020024B02684C
:100F30001A600020704700BFB80F0020014B1B68EB
:100F4000184700BFB80F0020024B1868003818BFC0
:100F500001207047B80F0020F7B52E4E0446071D3C
:100F60002C48376008F0AAFB0228054606D129491B
:100F7000204612F0BCF8284603B0F0BD042842D148
:100F80003378092B0AD0252B1ED03146204612F08B
:100F900013F9B0F5817F2DD3722112E005213E2097
:100FA00012F078F80028F0D1F378327901A943EAF9
:100FB00002236846ADF8003012F0FAFC0028CFD0CA
:100FC00053210820FFF77AFD1A213E2012F062F823
:100FD0000028DAD17368C3F30F23ADF804306946F3
:100FE000112301A88DF8063012F004FD0028B7D0B7
:100FF0006521E6E70028B3D0A178207812F04AF8FE
:101000000028B8D1ACE70828B5D10249204612F033
:101010009DF8B0E7BC0F0020074B4FF0FF3141F6C1
:10102000FF72C3E9001205490022C1E900221F2115
:10103000C3E90212704700BF00000020C01000206A
:101040003F280CD801380B4BC0F3421200F01F00B0
:1010500053F8223023FA00F000F001007047FF2817
:1010600006D04038C0F34212034B00F01F00EFE7F8
:101070000120704700000020C01000200146074BEF
:10108000006849681A4603C240F48C221A6041F095
:10109000107242F4FF625A60704700BF00000020E7
:1010A0000246024B0068516803C37047C01000201D
:1010B0000246024B0068516803C3704708000020D5
:1010C0000138064BC0F3421203EB820300F01F000D
:1010D0009B6823FA00F000F0010070470000002038
:1010E000014B1860704700BFC810002010B5FFF713
:1010F00093FF13F080FA034B1B68044603B1984733
:10110000204610BDC81000200B880288F0B5C3F33C
:101110000E049EB204F11403C57CC35A02352A445E
:101120002B4497B213FA82F3013B4288B3FBF7F3E7
:1011300013FB07439BB29A42044A93BF22EA060379
:10114000324013439BB20B80F0BD00BF0080FFFF15
:101150004A1E062A08B50346084604D84FF4D17142
:101160001520FFF7ABFC094A914202D940F2A311C6
:10117000F6E711B903B1196008BD2BB11B68002255
:10118000C3E901211A1D1A600430F5E7FAFFFF7F59
:1011900010B5114B00EB41041A786389B3FBF2F3ED
:1011A00003FB0223013A1A44B2F5706F027928BF9B
:1011B00000231A448378B2FBF3F0194403FB102098
:1011C000091AB1FBF3F003FB101313446FEA434316
:1011D0006FEA5343638110BDCC100020024B03EB38
:1011E00080035960704700BFCC100020034B03EB15
:1011F00080035868003818BF01207047CC100020C9
:101200002DE9F04F10F0070A85B0054604D040F2F2
:1012100061111720FFF752FC554F07F14006B14608
:101220000446B0464FF0010B57F8043B8DF80BA075
:101230003BB101A898479DF80A30082B01D9E82155
:10124000E7E79DF80B1081BB05B13160B94506F1A8
:101250000406E9D12DB3DFF81CE100238EF800303D
:101260001E460F2258F82200013A60B190F804A0FF
:101270008178BAF1FF0F66D14FF000078E420771F7
:101280003CBFCEB20123511CECD10BB18EF80060F3
:101290000F2640F6FF6A58F82670002F65D1013EF0
:1012A000F9D2601B05B0BDE8F08F9DF80AC0BCF113
:1012B000020FE64601F1050238BF4FF0020E0EF1B3
:1012C000FF3004EB42040444CEF100002040BDF89E
:1012D00008406444013CCCF1000C04EA0C04B4F571
:1012E000803F4FEA420301D3F82192E775B1C31A58
:1012F000336099701C8083F803B09DF80C201A713C
:10130000019A1A814FEA124CA3F806C004FB0104AB
:101310009CE758F82C90B9F1000F06D099F804B06A
:10132000D34504BF99F802904F440CF1FF3CBCF147
:10133000000FEEDA3944FF29A0D90BB18EF8006016
:1013400040F2271165E794460027F0E707EB4103D9
:101350003846A3F80AA0FFF71BFF09F10109BB7883
:101360005FFA89F18B42F1D899E74FF00009F6E76F
:10137000D0100020CC100020F8B54FF6FF7303808A
:10138000184B03EB81030546586CB8B18678037996
:10139000B3FBF6F206FB1233DBB219460A1D00EB73
:1013A0004202B2F902705488002F09DB0131B1FB0F
:1013B000F6F206FB1211C9B28B42EFD10020F8BD44
:1013C000FF29FBD0C4F30E03C4782B8024B94FF45B
:1013D000D5711720FFF772FB5380BDE8F84012F07B
:1013E000F0BC00BFCC1000201D4B03EB810370B597
:1013F0005C6C054644B3030404D54FF4DC7117203C
:10140000FFF75CFB0146204612F0BDFCFF280146B9
:1014100004D02046BDE8704012F0D3BCA078B5FBE4
:10142000F0F300FB1353DBB219460A1D04EB42062E
:10143000B6F90260002E09DB0131B1FBF0F200FBCE
:101440001211C9B28B42F0D1002070BDFF29FBD030
:101450008B4204EB42021CBF0023E3705580D8E7A7
:10146000CC100020094B03EB810310B55C6C0146E6
:10147000204612F088FCFF28014604D02046BDE833
:10148000104012F09EBC002010BD00BFCC10002008
:10149000F8B5104B03EB810307465C6C0146204610
:1014A00012F071FCFF28054611D0E688238953EA23
:1014B000064606D00146204612F083FC0146384617
:1014C000B04720462946FFF763FE0020F8BD0520FF
:1014D000FCE700BFCC10002038B50E4B827903EB3F
:1014E00082030446586C08B9052038BD8278E1793A
:1014F0009142F9D24B1CE37100EB41035D89B3F9D2
:101500000A30002BF3DBA58012F05BFC206000208A
:10151000EBE700BFCC10002070B5044610F00300CC
:101520000E4603D04F211820FFF7C8FAFFF710FE30
:10153000054624B1034831460460FFF709FE2846FA
:1015400070BD00BF501100202DE9F14FDFF870B0E1
:101550009DF828A09DF82C901E46DBF80030074629
:101560000D4690461BB961211820FFF7A7FA524695
:101570000921404612F08DFA4A4684B209213046CC
:1015800012F087FA14FA80F1DBF8000012F0D0FBB9
:10159000386018B9286001B0BDE8F08F04442C60B1
:1015A000386853464146092212F02CFA28684B4607
:1015B0000922314601B0BDE8F04F12F023BA00BF56
:1015C0005011002070B50E46044612F075FA05461B
:1015D000304612F071FA044B2A1821461868BDE80B
:1015E000704012F0C9BB00BF50110020014B1868B9
:1015F00012F092BB501100201F2AF8B50446134682
:101600000ED89200033222F00303B3F5803F2DD2AF
:10161000184DACB1A00710D05F210920FFF74EFA9A
:10162000FF2B4FEA420204D9FF339A42A8BF1A4661
:10163000E8E77C2AB8BF7C22E4E729706C602B8144
:1016400022F0030201EB81031204D80001276B682A
:10165000120C0025EEB28E4200D3F8BD14B126184C
:101660001F705E60104401352833F3E74FF0FF3000
:10167000F3E700BF5411002038B5144A14785368BA
:101680000021C8B2844203D8AB210920FFF716FA23
:101690001846013105782833002DF2D000218170E1
:1016A00001241289447044688161C161920800F18B
:1016B0002001051D21F8022B994245F8044B1444E2
:1016C000F8D100234361037038BD00BF54110020DE
:1016D0000A4B1B89B3F5FF7F4FEA930006D25A08E5
:1016E0009B1A9BB2984238BF18467047B3F5EE6F0D
:1016F00001D8FF22F4E740F27263F3E754110020AF
:101700002DE9F8434B7880460C4602F0040602F0BF
:10171000FB07D3B1DFB12E4BD4F804901D89B7BBC2
:1017200001236370AD08A761E76104F120034A4615
:10173000211D04F1280023F8025B984241F8042B94
:101740002A44F8D10023636101E0002FE3D0FF2396
:10175000A370002E18BF0226A3191B7D032B03D1F3
:10176000022F1CBF0136F6B2A31901221A7506F129
:101770000C0204EB8606002324F812307268A37072
:10178000C8F80020A8F804304046BDE8F8830021DE
:1017900014226170A01810F0FFFFB5F5FF7F0FD283
:1017A0006B08ED1AADB209EB0502C4F8049025846C
:1017B000A2606384C4F80C90A5842261E384C6E728
:1017C000B5F5EE6F4FF0FF03EBD940F27265EAE733
:1017D000541100202DE9F84305460C46F720052159
:1017E000914612F056F9061E22DB1DB914FB06F0D5
:1017F000BDE8F88315F0030703D098211920FFF7FF
:101800005DF9DFF83480C8F81050A8F81460A5B26C
:10181000BBB29D42EAD9B8F814C0D8F810004B46C4
:1018200007FB0C000522F72112F0ECF80137EFE777
:101830004FF0FF30DCE700BF6811002007B5CDE9AD
:1018400000230B4603490246081D12F012FC03B0A8
:101850005DF804FB8011002013B5064CCDE9002390
:101860000B46024604F1080104F10C0012F001FCE1
:1018700002B010BD80110020134B012200214FF057
:10188000FF309A60C3F80012C3F80803C3F80015CC
:10189000C3F804259A60C3F80803C3F80015C3F819
:1018A00004250A490A4A03F580334FF40040C3F87F
:1018B0000825C1F88000BFF34F8FBFF36F8FC1F8C9
:1018C0008001C3F80825704700F0004000E100E007
:1018D0000000F63F8C46302300B50CF8033B054B67
:1018E0008E4607CBCEF80300CCF80410CCF80820C5
:1018F0005DF804FB9C11002010B5154C0CF0E0F9CC
:101900000BF0CCFA636A608C00219847237E9BB968
:10191000104B628C93E8030008F010FEE36A18880D
:1019200008F036FD636B94F8301094F83100984756
:10193000002384F8383010BD94E8070004F10C034C
:1019400083E80700044904F1190014F0EDFBDFE718
:1019500090110020B8110020D5180000034B93F817
:10196000383003B97047FFF7C7BF00BF90110020A0
:1019700008B540F22B410620FFF7A0F808B5094B47
:1019800093F83820022A07D1DA7A42F00102DA729B
:10199000BDE80840FFF7B0BF40F253212720FFF712
:1019A0008DF800BF9011002070B5364E96F82830A3
:1019B00005460BB1012825D001292AD8336C2846C9
:1019C0009847044628B396F8303013BB96F8283071
:1019D00013B31DBB96F84420D106C2F300152DD4D5
:1019E000F26C316D1278C2F3001201B382F001047F
:1019F000BBB1738F9A0715D5F36BDC78023C18BF27
:101A0000012407E0738F1807D6D5F36BDB78022B20
:101A1000D2D10124204670BD012DDBD00024204608
:101A200070BD738F002BF4D1002DF3D0F6E7B6F81C
:101A300054100029DAD0002BF3D0DAE7F16B0A78E2
:101A400002F00302032A02D1CA78022A18D0B06C2D
:101A500012F0C5F848B9F36B1B7803F00303032BAE
:101A600006D196F828300546BAE796F82830B7E749
:101A700006F0C8FE80F0010596F82830EDB2AFE719
:101A80000025ADE79011002070B5254CE56AE26CA9
:101A900095F8A430A265064694F85C000BB10430BA
:101AA000C0B295F87D100EB9FF282FD00BF0B6FD0F
:101AB00095F8A43023B3206E0CF01EFA94F8283069
:101AC000216EA06D003B18BF012384F88030D5E95A
:101AD0004223C4E91E230BF085F946B995F87D3001
:101AE000033B012B94BF282000200CF073FA95F8DB
:101AF0007C1000200CF0D6FA022384F8383070BD38
:101B0000A06D0CF0F9F90BF0C9F9E6E795F87C2027
:101B10008A42CFD00BF082FD95F8A430CAE700BF0F
:101B2000901100202DE9F0413B4C94F83830E56AE3
:101B3000012B82B069D15FFA83F895F8943006469C
:101B40000F4673B1638F002143F00403638785F868
:101B50009410636A0420984794F828300BB185F8F4
:101B60009680E16B0B7803F00303032B2ED04B78A8
:101B700043B3022385F89A3095F8A430DBB1E36AC9
:101B800093F87D10D5E94223C4E91E2394F8283048
:101B900094F85C200139003BC9B218BF0123032926
:101BA00084F8803036D81D4B00205B5C00901C49C7
:101BB00001200BF09FF806B9E7B902B0BDE8F0418B
:101BC000FFF79ABE012385F89A30D5E795F89A3049
:101BD00063B9638F43F0020363870220636A984707
:101BE000E16B0B7803F00303032BC0D1032385F8CB
:101BF0009A30C1E731463046FFF7D6FE0028DCD1E7
:101C000002B0BDE8F041FFF73FBF40F2A4412720FA
:101C1000FEF754FFFFF7ACFE9011002000C903004F
:101C2000F811002070B5814CE56A94F85C3095F8A5
:101C3000A42082B000218DF805100AB10433DBB274
:101C400095F87C1010B9FF2B00F0AF80FF200BF04F
:101C5000E5FC95F89A30032B00F2E380DFE803F00F
:101C6000021C807094F8C230ADF806307048A5F8B8
:101C70006C3006F0A1FD002840F09D80A06C0DF1B5
:101C800005020DF1060111F03FFFE06320B195F868
:101C9000E130002B00F0A7806648E06395F89B20B8
:101CA0000378D20002F0080203F0F303134395F81F
:101CB0009C20920002F00402134303F0EF0203F0B1
:101CC0000303032B027002D1C378022B11D0A06C46
:101CD00011F085FF48B9E06B027802F00303032B93
:101CE00007D006F08FFD002876D1E06B027842F035
:101CF0001002027095F8A33013B14378002B41D144
:101D00000CF0FAF80BF0CAF8E66B07F0DFFD20B133
:101D1000337803F00303032B61D095F87D10012085
:101D20000CF0C0F9E36B444A18889978A4F8440091
:101D3000012384F8C430917084F8383002B070BD4B
:101D40003B4806F039FD002861D0E06BC3781B2BBF
:101D500014D1012105F110000BF092FCE06B0DE0B5
:101D6000B5F86C30A06CADF806300DF105020DF140
:101D7000060111F0C9FEE06300284DD0012384F86C
:101D8000C3308BE7206E0CF0B7F894F82860E16B55
:101D9000206ED5E94023B6FA86F67609C4E91E23FB
:101DA00084F880600BF01EF8AEE795F87D308B422A
:101DB0007FF44CAF4DE7638FE16B626A43F480734D
:101DC0004FF4807063879047E06B012185F8951090
:101DD000C3781B2BD2D1BDE7E06B027889E70120E5
:101DE0000DF0B8FC99E79DF8053043B1BDF8061039
:101DF00014F041F90123E06B84F8C3304EE703800F
:101E00008370E06B012114F02BF8E06BEEE740F2F9
:101E1000FD212720FEF752FE40F2F3212720FEF796
:101E20004DFE40F20B312720FEF748FE90110020B6
:101E3000CC11002020120020D41100202DE9F04FF9
:101E4000B84C94F83830E66A87B00022022B04922E
:101E500040F01282638C884613F04001074606D199
:101E6000636A40209847638C43F040036384002FEB
:101E70005CD096F8A430002B40F05C81D4F858A0D8
:101E80009AF8013099B2A4F85410002940F06A8100
:101E9000002323659AF80050638C96F89B10C5F3D5
:101EA000800243F400739142638400F0F080D4F820
:101EB0002C9099F89A20FAB1022A00F0B78194F890
:101EC0002830002189F89A1023B199F89630002B18
:101ED00040F0A28199F89530002B40F07F8199F86D
:101EE0009B30D4F858A0012B0CBF0023012389F8A4
:101EF0009B309AF80050638C96F89C10C5F3C00292
:101F000043F40063914263844FF0000900F0C780FE
:101F1000002507F0DBFCF0B19AF8003003F0030372
:101F2000032B18D101200DF015FC14E096F8A42025
:101F3000002A40F0F38043F48063638496F87D3098
:101F400094F8CE20033B0132012B84F8CE2040F2DE
:101F5000D4800025A94696F8A33003B394F828301E
:101F600096F87C10F069B3FA83F35B0984F880304B
:101F700041F64B53984294BF042000200139D6E922
:101F80004023C9B20329C4E91E2300F27A81664BBB
:101F900000225B5C00926549FB220AF0ABFEB8F1BF
:101FA000000F08D194F8CE100120FFF7FDFC804609
:101FB000002800F0DF800CF0B1F84FF00108002D90
:101FC0003BD1B9F1000F09D094F82830002B40F034
:101FD0009A80B4F809300133A4F80930002F4BD0AF
:101FE000B4F8053000220133A4F8053084F8CE207F
:101FF0004F4808F0BBF9049830B111F06DFEE16A6A
:102000000022027207F0AAFB35B1E16A00232B72AD
:102010000C22284607F070FBB8F1000F32D1638C18
:102020001B0607D4636A414680209847638C43F0BF
:102030008003638407B0BDE8F08FA16D236D4D78F8
:10204000002B00F02081B4F854201846033210F021
:102050002BFB0DF10E0205A9A065D4F8C80011F004
:1020600051FE059811F038FE294601220546D4F8A4
:10207000C80011F0FEFDA4E7B4F807300133A4F85E
:102080000730B5E7FFF738FC07B0BDE8F08F96F8EA
:102090009C10C5F3C0029142B9467FF439AF05F0F8
:1020A0000305032DD4F82CB06AD143F48053638424
:1020B000638F012043F00103514663878BF894003E
:1020C000636A9847D4F858A000259BF89C30013BE0
:1020D00018BF01238BF89C309AF80130002B3FF495
:1020E00018AFDBF808310133CBF80831DBF80C31DD
:1020F00043F10003CBF80C310BE7012000250DF074
:1021000029FBA94627E7B4F80530B4F80710B6F85C
:1021100098200B4313433FF461AF5AE70AF030FFB6
:10212000638C08E79011002000C90300F81100201B
:10213000B81100200AF0EAFE0AF0CCFED4F858A04C
:102140009AF8013000287FF49DAE002B61D09AF8F8
:10215000002096F89C10C2F3C002914277D099B249
:10216000A4F85410D4F8C80011F05AFDD4F858A0BF
:1021700020658FE6FFF756FD002D3FF422AF5CE7A8
:10218000002DA2D09AF80150002D9ED043F4805328
:1021900063849BF8A4500BF011FA042894F8CC3017
:1021A00006D1002D14BF1B221F22934228BF1346C5
:1021B000D4F858A09AF801209A424ED8256D002DE7
:1021C0003FF4A7AE94F8CD30002B53D0636A0021C2
:1021D000202098470025D4F858A09AE6002589F8D1
:1021E000955006F0F9FA002852D0638F43F00803A7
:1021F00063872946636A08209847D9F8003101337C
:10220000C9F80031D9F8043143F10003C9F80431A9
:1022100065E6A4F854303BE6638F89F8961043F0E6
:10222000100363871020636A984753E6A06C04A9E3
:1022300011F08DFC88B3D9F800310133C9F80031B1
:10224000D9F8043143F10003C9F8043137E601231A
:1022500084F83130FFF750FBECE694F83030012081
:1022600043F0100384F8303000250DF073FAD4F8F1
:1022700058A04EE63D4628E74FF4A3612720FEF71D
:102280001DFCFFF775FB40F295412720FEF716FC79
:1022900040F225412720FEF711FC40F20E41272095
:1022A000FEF70CFC70B50D4B0D4C0E4A1A6094F8FD
:1022B00038301BB1E1212720FEF700FC03F0FF02BC
:1022C00006460D46227608F031F9012104F190000E
:1022D00013F0C6FDE664256670BD00BF68000020EF
:1022E00090110020DC27000010B5074A92F8383022
:1022F00013B10C24204610BD03F0FF04147608F03F
:1023000015F9204610BD00BF90110020024B01229C
:1023100083F8CD20704700BF90110020F0B5BF4C6E
:1023200085B002AD85E8030094F838000A9E0028C5
:1023300040F0BD81002A00F0BA81002B00F0B78187
:10234000002E00F0B48100F0FF0184F8CD1084F875
:10235000301084F8CE1084F8311084F8C41084F85A
:10236000C3106187618495E80300236404F12803A6
:1023700083E80300E56A626266630BF0E1F90AF044
:102380008DFD95F980000BF0E3FAA86B0BF098FD3A
:10239000286A0BF0E3FA95F8B4000BF0E9FA94F828
:1023A0002860EA6941F64B53002E00F0C2809A4241
:1023B00000F20D814D200BF0E7F801200BF000FC3E
:1023C000E36A93F800327426002B40F00A8195F8F6
:1023D0007D20314601200BF01BFC914B18680BF05F
:1023E00075FDD5E90523A264C4F8C83095F88B3093
:1023F0004BB9D5F8843033B1B5F8CE10B5F8982084
:102400008A4200F00281D5F81411D5F81821D5F8C8
:102410001C31844ED5F810010FC6D5F82031C4F810
:102420008130E36AD5F82421C6F80D2093F89E2068
:10243000A2F12601012940F28B8093F89F102629F2
:1024400000F08680213A012A40F20F81242900F011
:10245000EF8093F87C60032E08BF042605F1440743
:102460003146384613F021FF314613F073F9B5F8C1
:10247000503095F87D100246934228BF13463846E7
:1024800084F8C23013F0D7FE95F87D1095F8A4704B
:10249000B5F85860042908BF032113F05BF90FB9A0
:1024A000043080B2B04228BF3046C6B284F8CC6057
:1024B00007F00CFA10B12B2E38BF2B2694F8280009
:1024C00084F85C6000285ED195F8A330DBB101236D
:1024D00084F88030D5E94023C4E91E23EA6941F637
:1024E0004B539A4298BF042095F87C30013BDBB2F5
:1024F000032B00F2E1804C4A0021D35C0091FB22C7
:1025000048490AF0F7FB0120FFF78CFB0023C4E9E0
:102510000033A360D5F88C302988B5F8980095F879
:10252000B4206080218022710BB101221A6005B0B5
:10253000F0BD9A4258D84D200BF026F830460BF0EB
:102540003FFB95F87C206E2100200BF061FB44E7F7
:1025500094F82820002A33D193F8422293F87C6023
:10256000002A3FF47BAFF31E012B40F28B80D31E79
:10257000012B40F28780012E3FF470AF012A14BF77
:10258000022601266AE795F8A430ABB195F87D10D4
:10259000D5E942230139C9B201200329C4E91E2328
:1025A00084F8800000F288801F4B5B5C0021009162
:1025B00032461C490AF09EFB0120FFF765FAA5E7A9
:1025C00093F8D62293F87C60002ACCD146E7962077
:1025D0000AF0DAFFE36A93F800329D26002B3FF4FD
:1025E000F6AE0BF09BF8F2E696200AF0CDFF95F8D8
:1025F0007C200D4B0D4803EB4203998801F5FA71DD
:10260000A0FB013189096E319EE7B5F888100A44B4
:102610000121A5F8CE201960F5E600BF9011002039
:1026200068000020F811002000C90300D34D62109B
:1026300094F82820002A3FF40CAF93F84E2193F829
:10264000751093F87C6002EA01035A071AD413F05C
:10265000010220D19B077FF501AFF31EDBB2012BF6
:1026600010D9012E18BF0226F8E62429E0D094F8EC
:102670002820002A3FF4EDAE93F84E2193F87C60B9
:10268000500701D50426E9E612F0010309D19107AC
:102690007FF5E4AEE1E7033E012E8CBF164604262B
:1026A000DCE6033E012E8CBF1E460426D6E640F231
:1026B0006F112720FEF702FAFFF75AF908B5124BFF
:1026C00093F8382092B193F8282022B993F8383043
:1026D000012B14D108BD93F83820022A0AD1DB6AF5
:1026E000D3F81802BDE808400BF040BCBDE8084034
:1026F000FFF702B940F235212720FEF7DFF940F25B
:1027000031212720FEF7DAF990110020FFF7F4B805
:10271000014B1876704700BF90110020014B93F8D1
:10272000C400704790110020034B93F8C30010B908
:10273000588CC0F30030704790110020024B588C29
:10274000C0F3C020704700BF90110020014B93F8E8
:10275000CE007047901100202DE9F0411E4F8207F6
:10276000FE6A82B0044613D4E3070ED5D6E942329E
:1027700096F89C10013342F100020129C6E9423269
:102780000CBF0023012386F89C3002B0BDE8F08125
:102790003B6DE3B1B7F854200D46B96D18460332CE
:1027A00091F801800FF080FF0DF1020201A9B865D8
:1027B000D7F8C80011F0A6FA019811F08DFA01229D
:1027C00028604146D7F8C80011F053FACCE740F230
:1027D00095412720FEF772F9901100207D19000025
:1027E0003D1E0000251B00005D19000008B540F2E9
:1027F000C1310620FEF762F92DE9F843002800F008
:10280000E0800446072900F2D380DFE801F0AB2422
:1028100024A7D11F9ECD0146204614F098FBD4F882
:102820004C3100F1DB059D4240F2C680E81A3228A7
:1028300038BF322003210FF011F8C4F84C5106467E
:10284000204614F043FC002E00F09D802046BDE899
:10285000F84314F03CBC14F0BBFBD4F81C2100235B
:1028600005460E4684F8483184F85131BAB150EA31
:10287000010314D0CA00C3001B1A42EA507262EB73
:102880000102D4F838115B18D4F83C1142EB010274
:10289000D4E95601834272EB0103C0F09080022319
:1028A00004F5A47784F8503138460EF01BFA00285E
:1028B00000F08B8094F8683103F0FF01002B6BD19E
:1028C000D4E958026FF000439A4208BFB0F1FF3FCD
:1028D00013D02046D4E9569814F039FBD4F860316F
:1028E000D4F86421B3EB090300F1DB0062EB0802CA
:1028F0001B1A62F10002002A4BDB94F818013946DA
:102900000EF0E2FA00286AD0D4E95601D4E94C323C
:10291000834272EB01071FD255EA06071CD0C01A8A
:1029200061EB020133462A460FF020FE05FB01F35E
:10293000D4E94C2100FB0636A5FB0053551933445E
:1029400043EB0103C4E94C5306E090F818010EF084
:102950009BF9002384F84031BDE8F883BDE8F843D3
:102960000BF0F0BB08F0D0FDD4F84C01CB380EF0E2
:10297000D3FE78B3204614F069FB00283FF44BAF38
:10298000204614F0A3FBD4E95623C4E94E23BDE846
:10299000F883204608F0C0FD94F818010EF074F991
:1029A000002384F84031AFE7F4213020FEF786F8A9
:1029B000F8213020FEF782F8C4F84C51E0E70123FB
:1029C0006EE7D7213020FEF779F840F2926130208F
:1029D000FEF774F840F251213020FEF76FF840F214
:1029E00096613020FEF76AF82DE9F04F04468BB06F
:1029F0000020174694F87DB002930E46069012F020
:102A0000A3FB94F801220B2A00F2C483734B33F822
:102A1000125094F89F200392284487F0010285B257
:102A2000049227B3B4F89092B4F898A0A6EB0909E1
:102A30000FFA89F9A6EB0A0AB9F1000F0FFA8AFA20
:102A400004F51878C0F254826549029A097801F0B9
:102A5000FF07002940F05C8294F84432032B00F217
:102A6000B083DFE813F0BB018201C1003A0094F8A3
:102A70004422032AD6D1039A0E2AD3D1B4F8D42201
:102A8000B242CFD1B4F81C12B4F892220A44C4F86E
:102A90004022D4F84C22C4F83822E269C4F83C221F
:102AA000204609F075FFD4F8DC22E169914205D097
:102AB00004F1280014F008FDD4F8DC22E261D4F817
:102AC000D822E263B4F8D622A4F84020D4F8E02259
:102AD0006262022284F84422A4E7E169029B01FBBE
:102AE00009F0002B00F08282B4F81C32002B40F079
:102AF0007D8284F85B32D4F84C5294F89E1005FB2A
:102B000019092629CDF8189000F0BF8294F89F107B
:102B1000262900F0BA82BAB3B3BBD4E9A0C2D4E983
:102B20009E01604571EB020280F0468394F87D00BF
:102B3000C21E012A40F2FC820BF074FE294DD4F82B
:102B4000801200F5234E0EF1A10EA5FB0E3ED4E936
:102B50009E2394F87D008439A0F1030C8A1A9144D5
:102B6000BCF1010FA9EB9E1940F220830BF05AFE35
:102B700000F2E732A5FB0232B4F81C32D4F84C5212
:102B800092094A44103A06929A44ABF1030305FBBA
:102B90000AFADBB20AF1300A012B4FEA4A0A40F284
:102BA000B78258460BF03EFE0E4B00F52340A13095
:102BB000A3FB00304FEA901958460BF02BFE0AF1A8
:102BC0007405074AE1694D442B18536041F64B5296
:102BD000914240F2A08206986EE000BF10C9030047
:102BE00060120020D34D6210E36BD4F83C022946FA
:102BF000184414F000FD2946C4F84802E069BA4DB3
:102C000014F0F9FCE26994F87D9041F64B539A4236
:102C100098BF0230C4F84C0248460BF003FEA9F1FD
:102C2000030900F55F40B9F1010F00F14100A5FB78
:102C3000003094BF2821002101EB90118031204603
:102C400013F099FBB4F81C32002B00F0D781D4F8B4
:102C50003C32E26BD4F8480294F87DA013441B1A6E
:102C6000AAF103010693C9B2D4F83832D4F840224D
:102C7000B4F8409002FB0305303501294FEA4505C1
:102C800009F1740940F2FC8150460BF0CBFD964BE4
:102C900000F52340A130A3FB00304FEA901B5046C3
:102CA0000BF0B8FD4D44914AE1695D442B18536027
:102CB0000698012284F84422D4F84C526FF4AD7285
:102CC0004D1B15449D42A0EB0700D4F88872069076
:102CD00028BF1D46D4F88C32C4F81852381843F176
:102CE0000003C4F874320023C4F8700284F8603220
:102CF00004F1440013F09DFAD4E99C230544C4E98F
:102D0000A223C4F86452A4F8906209F089F820B1B3
:102D1000D4F864321E33C4F86432B4F80812039A4B
:102D20008E1B002336B29E4284F86832C4BF022351
:102D300084F868320E2A029A00F0B381002A40F02B
:102D4000B38194F84432002B40F0CF8194F85C02B8
:102D500041460EF0B9F8002800F01E82049B84F86A
:102D6000583200200BB0BDE8F08FD4F84C02E26975
:102D7000D4F84832D4F84012B4F81C5294F87DB01C
:102D8000121A09FB02F20692D4F83822B4F84090E5
:102D90003033AA4402FB0135C9438A44ABF1030333
:102DA00000FB0A55012B4FEA450509F1740940F271
:102DB000618158460BF036FD4B4B00F52340A130A6
:102DC000A3FB00304FEA901A58460BF023FD4D4408
:102DD000464A55442B185360069883E094F87D10BA
:102DE00094F81602DFF800A112F0DCFC8146E06BDB
:102DF0002946484414F0FFFB2946C4F84802E0691C
:102E000014F0F9FBE26941F64B539A4298BF023045
:102E1000C4F84C0207A908A80BF088F9079B009397
:102E2000D4E9A201DDE908230EF082FF94F87D3099
:102E30000593054618460BF0F5FC059B00F55F4031
:102E4000033B012B00F1410094BF28210021AAFB84
:102E5000003001EB90118031204613F08CFAD4F849
:102E60009432E26B94F87D00069305920BF0DAFC45
:102E70004AF2A13B00EB0B03AAFB0331069B059A28
:102E8000D4F84802943B13441B1A4B445B1B94F840
:102E90007D20B4F84090A3EB91130693D31E00F16C
:102EA0003005012B4FEA450509F1960940F2E5800E
:102EB000104605920BF0B6FC8344AAFB0B3A059A28
:102EC0004FEA9A1A10460BF0A5FC4D44074A5544A8
:102ED0002B1853600698D4F89422821AB2F5917F89
:102EE000C0F05F81E169E7E6D34D62106012002017
:102EF000D4E99E01C4E9A201B4490978002284F80A
:102F00005B22D146012201F0FF0700293FF4A4AD66
:102F1000059214F076FB059A074600283FF49CAD15
:102F2000B4F83012012940F2AE8094F8441202291C
:102F300000F0A98094F85A12002940F0A480E069BA
:102F400041F64B57B84240F2FE8094F801120B292B
:102F500000F220819E4B33F8115094F8443205F56D
:102F6000C865012BADB240F0F28094F8A230032B7B
:102F700040F00381D4F83C02E76B074429460592F0
:102F800014F039FB03463846D4F83872C4F83832A6
:102F9000DB1BD4F84072294603FB07F714F02BFB28
:102FA000D4F84832C4F84802C01A07442946E069F8
:102FB00014F021FBE369059A41F64B518B42B4F8BA
:102FC0001C32D4F8401253446FEA0101A3EB090309
:102FD0000B44D4F84C1298BF0230C4F84C02401A8B
:102FE00000FB0377012384F85A3235E594F85B320D
:102FF000002B00F08A80754B5B685DE6029B002B1E
:103000003FF425AED4F83C32E26B94F87D0003EB3C
:10301000020B0BF007FC00F52340A130A5FB0030AC
:103020004FEA9019D4F84802D4F8802294F87DA091
:10303000ABF1940BABEB000B9344AAF10301D4E981
:103040009E23C9B20129ABEB020B7AD950460BF093
:10305000E9FB94F87DA000F2E732A5FB0235AAF166
:103060000301D4F84802AD09C9B2ABEB09022A4406
:103070000692F9E54FF0650AA6E64FF0650A21E7EA
:103080004FF0650B0BE60027E6E4B4F8D412711A92
:1030900009043FF540AD94F8D712002918BF8B46BC
:1030A00039E5002A3FF452AEB4F83022D2B1B4F878
:1030B000320294F8341200FB01118A4200F101003F
:1030C0007FF744AE002B3FF441AE002384F8683212
:1030D000A4F8320206F000FC00F00700013084F88A
:1030E000340233E6A4F8322230E6E169D4F84C32F7
:1030F0004046C91A12F0FDFA80B200283FF426AE0D
:10310000149B13B3188001202CE6B4F81C32F2E4AF
:103110004FF0650950E5084606AB51462D4A12F0BE
:103120005EFB2A4B84F85B025B680698E169C3E5A5
:10313000D4E99E01ACF1E90CACEB000C3C22E1447B
:103140001FE53C2591E70F4686E401200AE6294663
:10315000059214F050FAE369059ABB42B4F81C7268
:10316000D4F84C3298BF02305744A7EB0907C4F893
:103170004C02C01A00FB07F734E794F87D1094F86E
:103180001602E76B059212F00DFB059A0744D4F87E
:103190003C02F3E6FFF72AFB40F27B513020FDF7BB
:1031A0008DFC40F2C6413020FDF788FCB4F81C329B
:1031B000D4F84C523C22E4E440F21A513020FDF79E
:1031C0007DFC40F232513020FDF778FC6012002087
:1031D00010C9030064120020F0B585B0002800F08B
:1031E00015810446072900F20081DFE811F0920002
:1031F000080008007B00FE0080008800FA0014F040
:1032000068FBD4E99E23801A61EB0301012871F168
:103210000003C0F20D816FF00102002382428B4156
:10322000C0F20181E3690BB1B0FBF3F394F89F2086
:103230000E2A00F0CF80B4F89810B4F856220B4450
:103240009BB2D11A0D0454BF531C01339BB2A4F896
:10325000563294F85932B4F8561223B9B4F80C32F5
:103260008B4200F0C680B4F8D400B4F89830B4F8BB
:103270009222724F0344B4F8D200013B01321B1A70
:10328000A4F892229EB202AD3B6853B1013989B2D3
:10329000002220469847B4F85612014489B2A4F897
:1032A0005612731A18046ED4002300951A4620464D
:1032B000FFF79AFB00284AD1D4F884303BB3B4F826
:1032C000CE20B4F856329B1A1BB2002B1FDDB4F887
:1032D00088100B44013BB3FBF1F313FB0123A4F86B
:1032E000CE3014E005B0BDE8F0400AF02BBF01205D
:1032F0000CF030FA05B0BDE8F040FFF707BA90F8DF
:103300004432042B40F08B80002380F8443205B017
:10331000F0BD90F8583253B3B0F85622B0F8983058
:103320009A426BD0D31AA0F80E32A0F89820D4E9B4
:103330009C232046C4E99E2309F018FA94F813321E
:10334000002BE4D005B0BDE8F04014F03EB80128F1
:1033500060D1B4F85612B4F80832CA1A12042FD445
:10336000BDF80830194489B2A4F856128CE7B0F8B9
:103370005432B0F89810B0F85422A0F898205B1A94
:10338000A0F80E32D3E794F8A2200394002A0CBFD1
:103390003E220822012384F8C12028468DF80830F7
:1033A00006F08AFD204614F012F8002384F8443217
:1033B00094F85C020DF068FC202384F85C32A6E7E8
:1033C000BDF80820114489B2721A12F4004F18BFD8
:1033D0001946C9E7B4F85612013189B2A4F8561259
:1033E00041E7CB213020FDF769FBCF213020FDF7ED
:1033F00065FB013189B2A4F8561234E7B0F80C32FB
:10340000A0F898309B1AA0F80E3290E7A621302041
:10341000FDF754FB40F254613020FDF74FFBC5210E
:103420003020FDF74BFB40F207613020FDF746FBF3
:1034300040F206613020FDF741FB00BF6C00002028
:103440002DE9F043D0F81C310026D0E9568983B02D
:1034500080F8206105460F4683F8162280F8406107
:103460000121D0F81C0105F0F5FDD5F81C41C4E997
:103470009E8995F8183184F85C32C4E9A289C4F8B1
:10348000947284F84462A4F89062334600963246FF
:1034900031462046FFF7A8FAD0B9012384F8443218
:1034A000C4F84002C4F83802A4F85602A4F8540242
:1034B00084F85902B4F89830A4F89202013BA4F8B9
:1034C00098300AF0A5FC03B0BDE8F0430DF068BAEF
:1034D00040F2F3113020FDF7F1FA00BFD0F81C01E3
:1034E000704700BF2DE9F04385B000230322CDE9EA
:1034F0000033FF268DF806206846FDF7EDFF0446F1
:1035000020BB009D95F84031002BF5D085F868610F
:103510000121284613F0DDFD95F84031002BEBD05A
:1035200095F818010DF032FF95F818010EF0BEFA6B
:1035300095F818010DF0A8FB00283CD085F8404113
:103540006846FDF7C9FF04460028DAD0DFF87C8022
:10355000012388F80830002502264FF6FF771AE08D
:10356000029BE3B193F85C22202A18D01888B84255
:103570001BD00221FDF776FF814608B390F85C026C
:103580000EF094FA99F85C0289F844420DF07CFB45
:10359000202389F85C32CDE902558DF80E6002A82F
:1035A000FDF79AFF04460028DAD0002388F8083097
:1035B00005B0BDE8F08340F2DF113020FDF77EFA60
:1035C00040F22B113020FDF779FA00BF6012002085
:1035D000054B0022012142F210705A725881197075
:1035E0001A72FFF77FBF00BF601200202DE9F84379
:1035F00090F84031002B76D1044688460146564863
:10360000154603F0FF070DF013FB202806466AD08D
:103610005822394604F58C700FF0BEF884F8186112
:10362000C4F81C81FF2384F84031B8F1000F06D0A4
:1036300006F06AF900F00700013088F8340202232E
:103640004FF00008A4F8503184F8488113F0DFFFF0
:1036500000F19E062046B6B213F0F8FC002846D0D2
:1036600011F072FD00F5CD6189B2284613F0C3FF59
:103670002844C4F84C0114F02CF9301841F1000131
:103680004FF00109C4F85801A4F82680C4F85C1171
:1036900084F82091204613F0EFFC002845D04946DD
:1036A000204613F054FCA5F2D7452D1AC4F8245136
:1036B0004FF0FF326FF00043C4E9582394F818012B
:1036C00004F5A4710DF000FC00283FD0D4E9562386
:1036D0002046C4E94C23C4E94E23002113F0F9FC31
:1036E0003846BDE8F8830C273846BDE8F883014624
:1036F000204613F02CFCDFF86480DB30C4F84C016A
:10370000B8F80A0008B1E08CB8B9064414F0E1F842
:10371000361841F10001C4E95661002DC8D0AE1938
:1037200041F10001C4E95861C8E7484613F076FD4D
:10373000DB3D2D1AC4F82451BAE706F0E5F8B8F8D5
:103740000A30B0FBF3F202FB1300DEE740F2C111D6
:103750003020FDF7B3F900BFF92700006012002008
:1037600090F840310BB90020704710B50446FF2394
:1037700080F86831012113F0ACFC94F840310BB9AA
:10378000002010BD94F818010DF000FE94F8180107
:103790000EF08CF994F818010DF076FA20B10023A0
:1037A00084F84031002010BD40F2DF113020FDF7D9
:1037B00085F900BF014B5872704700BF60120020AE
:1037C00090F8682182B910B502F0FF0490F820212A
:1037D00012B90122104610BDD0E949319942F9D9F8
:1037E00007F09AFE2246F5E700221046704700BF18
:1037F00010B5044609F0E8FE074BDA68824208D3A8
:10380000E16941F64B52914203D9187A80F00100E8
:1038100010BD002010BD00BF6012002008B540F2AE
:10382000FF1112F0B0FDB0F5296F28BF4FF42960E9
:1038300080B208BD90F81332002B75D1F0B503F0BB
:10384000FF0590F84432032B85B0044601D005B043
:10385000F0BD14F03EF8D4E99E23801A61EB030119
:10386000012871F10003F2DB6FF00103834275EB75
:1038700001035CDBE369B4F89820002B55D0B0FB62
:10388000F3F080B2531C184480B2A4F85402B4F888
:103890005422B4F80C329B1A1BB2002BD7DD94F8DB
:1038A0005C020DF073FD0028D1D0FF2384F859325B
:1038B000B4F89850B4F8D420B4F8D230214F15445D
:1038C000013DED1A3B68ADB20DF10E066BB1B4F8D7
:1038D0005412013989B2002220469847B4F8543274
:1038E00010FA83F39BB2A4F85432B4F85432EB1AB2
:1038F0001B04ACD4B4F85412009689B20023012200
:103900002046FFF771F80028A1D0012814D1B4F89F
:103910005432BDF80E2012FA83F39BB2A4F854324D
:103920003B68002BD3D1E0E770471846AAE740F286
:10393000AF513020FDF7C2F840F2F6513020FDF7CC
:10394000BDF800BF6C0000202DE9F043044683B0B1
:10395000062900F20081DFE801F0042512222B3253
:103960007600D0E99E23D0E9A00182428B41C0F0CD
:1039700093807B4B1B7A03F0FF02002B7DD0042346
:1039800084F844320AF044FA0DF00AF8B4F89820AA
:10399000A4F856220023A4F8923284F8593203B0D6
:1039A000BDE8F083032380F8443203B0BDE8F08320
:1039B00009F012FEC4E9A00103B0BDE8F08390F85D
:1039C0007D30DFF89C91C569D0F84C22033B40F272
:1039D0006D1840F24511012B88BF884699F80930CF
:1039E00095428CBFAD1A00251BB9436C9D4228BF80
:1039F0001D4604F14400D4F8187212F01AFC074472
:103A000002200DF0D7FEED1B25EAE575854228BFA3
:103A10000546022128460DF021FF00B92F444246F9
:103A20003946204612F094FCE269D4F81832C9F8FD
:103A30000C00D0180DF070FE0028B0D140F27931A2
:103A40003020FDF73BF890F87D5028460AF0EAFE5A
:103A5000033D444900F55F40012D00F14100A1FB09
:103A6000003094BF2821002101EB901180312046C5
:103A700003B0BDE8F04312F07EBCB4F80C12009223
:103A800001232046FEF7B0FF00283FF47BAF40F251
:103A9000CA613020FDF712F894F85A32002B3FF437
:103AA00068AF94F84432032B7FF463AF94F87D80C1
:103AB00011F04AFB94F801320B2B4AD82A4AD4F869
:103AC000806232F81330D4F81892C51803F5C86331
:103AD0009FB2D4E99E234046B61A0AF09BFEA8F195
:103AE0000302012AADB2A9EB000930D940460AF021
:103AF00099FE1C4B00F52342A132A3FB02239B0934
:103B0000A9EB0303A3F174025208D43B9D3205FBD9
:103B100003F3B3FBF7F36033A2EB53018E424FEA9A
:103B2000530302D313449E4201D913F06CFDE069A4
:103B3000294613F060FDE26941F64B539A4298BF63
:103B400002300023C4F84C0284F85A3211E765238E
:103B5000D6E7FEF74BFE40F265713020FCF7AEFF72
:103B600060120020D34D621010C90300012A70B505
:103B7000064609D0022A14460D461ED04AB140F22C
:103B80008F713020FCF79AFF09F01EFDC6F89402F1
:103B900070BD09F019FD224601462846FFF750FC8A
:103BA0000F4995F8180132460BF0C4FD0028EFD1FB
:103BB0004FF4EF613020FCF781FFD0F8941201221E
:103BC0002846FFF73DFC064995F8180132460BF0F0
:103BD000B1FD0028DCD140F289713020FCF76EFF86
:103BE000D9310000F8B5044651B101295BD1002359
:103BF00080F820310AF00CF9BDE8F8400CF0D0BE96
:103C0000C58C002D47D12046D4E94C7613F0E0F95D
:103C1000401941F10001C01946EB010100220223C5
:103C2000C4E95601C4E94C0184F84821A4F8503194
:103C300094F8683103F0FF01002BDBD1D4E958027E
:103C40006FF000439A4208BFB0F1FF3F0CD194F8E7
:103C5000180104F5A4710DF037F90028CAD140F21B
:103C6000E9613020FCF72AFF2046D4E9565613F0CC
:103C70006EF9D4F86031D4F864215B1B00F1DB00ED
:103C800062EB06021B1A62F10002002ADFDA20460C
:103C900007F042FCAEE705F01FFEE58CB0FBF5F344
:103CA00003FB1505AFE740F29F713020FCF706FFDC
:103CB00090F84001003818BF01207047014B58812F
:103CC000704700BF6012002008B540F2B7213220D3
:103CD000FCF7F4FE10B582B090F8023173B903F02E
:103CE000FF02ADF804209DF804209DF80530002067
:103CF00062F3070063F30F2002B010BD0C463638A4
:103D000002F092F9182204232270ADF80430EAE799
:103D1000044B1B680022A3F8BB2083F8BD2083F866
:103D2000902070477012002008B505F073FA034B1D
:103D3000187009F0C5FF032008BD00BF1000002067
:103D400038B5124C20688C3001F08AFD256801F0EE
:103D500029FD2368C5F88C00D3F88C0060B101F010
:103D600051FD70B10AF0C8F800200AF033F9236859
:103D7000042283F8902038BD40F2EF413220FCF756
:103D80009DFE40F2F1413220FCF798FE70120020B7
:103D900070B53F4C236893F89020032A064635D02F
:103DA00093F89020042A31D093F854309B0733D1F4
:103DB0006568002D52D0236893F85420002A43D020
:103DC0007EB3284612F015F818B9284612F02CF8E0
:103DD00030B3236893F89020022A4ED993F89020AC
:103DE000082A4FD893F89030A26803F180431269F3
:103DF000033B284652F8233098470C2829D8A3685B
:103E0000DB68BDE8704053F820301847D3F88C00C9
:103E100001F0F8FC0546CCE701F00AFD0546C8E7CD
:103E2000236893F89020022A1DD993F89020082A3D
:103E30001ED893F89030A26803F180435269033B87
:103E400052F823309847D8E741F2BB313220FCF7D3
:103E500035FE41F2CE313220FCF730FE41F2B53171
:103E60003220FCF72BFE41F29B313220FCF726FE7C
:103E700041F29C313220FCF721FE41F23B313220ED
:103E8000FCF71CFE41F23C313220FCF717FE00BF6C
:103E90007012002008B54FF462713220FCF70EFE5C
:103EA00030B50478264D8DB004F00F0402A92246E7
:103EB00001F0A4FE05F0AEF9042C287002D0032016
:103EC0000DB030BD1F4A039B146893F800C094F8EE
:103ED0009E108C45F3D193F801C094F89F108C4547
:103EE000EDD193F802C094F8A0108C45E7D193F877
:103EF00003C094F8A1108C45E1D193F804C094F864
:103F0000A2108C45DBD1597994F8A3309942D6D1CF
:103F10009DF8191094F8A4309942D0D17F280CD084
:103F20000090137C127B04F18C0002A97F242C707A
:103F300001F0E4FD03200DB030BDFFF7ABFF00BF83
:103F400010000020701200202DE9F04F044687B0C9
:103F5000062905D8DFE801F0D0502E0404040A0039
:103F600009F0AEFE032007B0BDE8F08FB14D286820
:103F700090F89230002B00F0E98090F854309907C7
:103F800040F13A81AC4A92F900307F2B00F0F38186
:103F900002932B7B01932146FF237F24009300F1A2
:103FA000420314708C30062201F0FCFC00232B74B9
:103FB0000920D8E709F084FE9E4B186890F8542039
:103FC0009507CFD090F89220002ACBD09A4D95F942
:103FD00000207F2A00F0CF8102921A7B2146FF2326
:103FE0007F24CDE9003200F1420302228C302C7094
:103FF00001F0D8FC0320B6E78E4D827C296891F849
:10400000483091F892A091F89390012A83F0010B27
:1040100000F0A280002691F8542012F0040000F075
:10402000A58091F84D70002F00F0A08091F84E709F
:10403000082F40F09E8091F841704FF00008BC4678
:1040400078B3626891F85B0092F800E0864500F072
:1040500039810023059391F89120082A06D0059B09
:1040600091F84E00904208BF01230593B8F1000F6C
:1040700040F0DE80BBF1000F40F01D814046B9F1F9
:10408000000F09D02B6893F85630012B02D01BB9D2
:10409000059B0BB1002844D109F012FE2B6893F860
:1040A000542093073FF45EAF09F00AFEBAF1000F07
:1040B0003FF458AF2968A36891F84100A27C4231CF
:1040C00011F0A5FA18B9B8F1000F00F035815A4E79
:1040D00096F900307F2B00F04E8102932B7B2868ED
:1040E000CDE9007321467F2400F1420301228C3088
:1040F000347001F057FC35E74E4D286890F8543085
:104100005F071BD590F89330002B45D0636890F87B
:104110005B201978914200F0A98090F85630012B6D
:1041200001D10A201FE790F84E30082B03D090F8F9
:1041300091209A42F5D009F0C3FD286890F892309A
:1041400073BB90F89330002B7FF40CAF09F0B8FDEF
:10415000032007B0BDE8F08F8268567906F0C006EC
:10416000A6F14006B6FA86F6760954E791F8917002
:104170005EE7384604F0E6FC002818BF8346002EB0
:1041800040F0CA80296891F8417091F85420B046F7
:10419000BC4602F0040053E790F89230002BD5D0D3
:1041A00090F854309E0749D4D8077FF5DBAE590705
:1041B00000F1DA80204B93F900207F2A00F0DB80A9
:1041C00002922A7B0192FF2200927F2018702868B9
:1041D000214600F1420300228C3001F0E3FB032072
:1041E0002B6893F89320002A7FF4BDAE93F89230A9
:1041F000002B7FF4B8AEA9E7DA07A7D55B0700F17B
:10420000B0800D4A92F900307F2B00F0B480029309
:1042100028682B7B01937F26FF230093214600F122
:10422000420316708C30062201F0BCFB03209AE694
:10423000012024E770120020100000204F4A92F95C
:1042400000307F2B00F0978002932B7B0193214657
:10425000FF237F24009300F1420314708C3000226E
:1042600001F0A0FB01232B740920B9E7597890F8DD
:104270005C2091427FF451AF997890F85D20914293
:104280007FF44BAFD97890F85E2091427FF445AF30
:10429000197990F85F2091427FF43FAF5A7990F8F6
:1042A00060309A427FF439AF627C90F85A309A427B
:1042B0007FF433AF35E7A368A27C4231604611F04A
:1042C000A6F9DCE692F801E091F85C0086457FF4FF
:1042D000C0AE92F802E091F85D0086457FF4B9AE79
:1042E00092F803E091F85E0086457FF4B2AE92F852
:1042F00004E091F85F0086457FF4ABAE507991F809
:10430000602090427FF4A5AE637C91F85A209A1AFF
:104310005342534105939EE6A168384604F0F4FDEC
:104320002968804691F841C091F85420F8B14CF0CA
:10433000020702F0040083E6286890F85530023B3B
:10434000012B3FF60FAE002E3FF40CAE0B4E96F94C
:1043500000307F2B0FD002932A7BFE23CDE9003261
:10436000C0E609F0ADFC4CE709F0AAFC22E767467D
:1043700002F0040064E6FFF78DFD00BF100000208E
:1043800010B5104A136893F8901002290FD993F8CA
:104390009010082910D893F89030926803F1804368
:1043A0009268033BBDE8104052F82330184741F2B1
:1043B000BB413220FCF782FB41F2BC413220FCF7CA
:1043C0007DFB00BF7012002038B51C4D2B6893F8A0
:1043D0009020022A2CD8027C83F89820C1681967A3
:1043E0001A44044692F8BE2083F8BA2042685A67FD
:1043F000037A022B0ED009F0A3F909F039FE08F078
:10440000EFFB0F4809F062FD0E4809F059FD0E4818
:1044100009F0A4FA637C03B938BD2868643011F050
:10442000ECF82B68DB6E002BF6D001221A6038BD49
:1044300040F6E2013220FCF741FB00BF7012002081
:10444000DC00002055555500D6BE898E2DE9F0417F
:104450006A4C6368D4F80080002205461A8018462A
:104460000F4609F049FD032D38D0052D4BD060686B
:1044700008F19E0111F0B3FA98F8A410606811F0E9
:10448000C2FA236893F8482093F8417003F142067A
:104490005AB193F85420520719D493F8910004F0BC
:1044A0006DFD00281CBF064601276068314611F0EB
:1044B0008FFA6068394611F099FA514BD3F80431FC
:1044C000002B40F09680052D12D0BDE8F08193F8C6
:1044D0004D20002AE1D093F84E00E0E760680378B1
:1044E00023F00F0343F0030303700C234370BFE773
:1044F000236831681A6DC2F80A10B188D1811B6D2A
:104500005F72BDE8F081D4E90006317821F02F0117
:1045100041EA471141F00501222331707370036DA8
:104520001B6AC6F80F30026D936BF3741F0A1B0CE5
:1045300037757375D369B2F8407041F64B518B42B1
:10454000D16B3BD9DFF8BCC0ACFB01E1890AACFB05
:1045500007C7BF0AF175C1F30721B775317629493D
:10456000A1FB0313C3F38F2373761B0AB376938CDB
:10457000F3761B0A3377D38C73771B0AB377D2F8A1
:10458000A730C6F81F3092F8AB3086F82330036DA1
:1045900096F8242093F8B23022F01F0203F01F0394
:1045A000134386F8243004F05DF896F8243003F0C5
:1045B0001F0343EA401386F8243058E7DFF848C069
:1045C000ACFB01E14909ACFB07C77F09F175C1F3F9
:1045D0000721B7753176A3F57A7741F270718F4272
:1045E000BDD80A49A1FB03139B0903F550639BB295
:1045F000BAE740F22F613220FCF760FA7012002017
:10460000001000405917B7D11F85EB51D34D6210F0
:1046100010B50A4C04F0FEFD094A637B10701BB90B
:1046200009F04EFB032010BD09F022FD08F0D8FA76
:104630000023637309F044FB032010BD70120020B7
:104640001000002010B50E4C637B8BB9206800F180
:10465000BB020023012180F89010A0F8BB308C3001
:10466000937001F0FDF82068BDE8104002F08CBBAB
:1046700009F0FEFC08F0B4FA00236373E6E700BF1C
:10468000701200202DE9F047072986B00E46044637
:1046900091464ED14068002800F09080637C012B49
:1046A00000F0BF80DFF8DC82D8F8003093F891008A
:1046B000082861D004AA0DF10F0104F035FB002891
:1046C00000F079819DF80F0004A912F095F90746D2
:1046D000D8F8005095F8543013F0030140F0B28040
:1046E00013F0040385F8921076D185F89330A64B29
:1046F0001B6833B149462046984785F89400D8F89E
:104700000050636843B1627C85F8A4201A68C5F83C
:104710009E209B88A5F8A23095F894300120002BAC
:1047200000F04E81A3680BB1072E3AD006B0BDE869
:10473000F0874768002F00F09080437C012BB1D1B7
:104740007B7903F0C003402BACD1DFF8388298F8B6
:104750000D30002B71D0D8F8005010F09CFFD8F825
:10476000003085F8910093F8910088F80C0001233F
:10477000082888F80E309DD16168607C12F03CF901
:10478000D8F80020616807469132607C04F002FA94
:1047900000289DD1D8F80050A5F8920085F8940023
:1047A000C0E795F891100829C0D00028BED018465F
:1047B00004F0F0FA012388F80F30B7E7DFF8C4817E
:1047C000002A4DD0D8F8005095F8543013F0030764
:1047D00040F09180394683E7062E95F84D3003D896
:1047E000002B82D13B4680E795F893A0082E6ED827
:1047F000B9F1000F00F0BE80BAF1000F67D0626817
:10480000002AEDD1D5F88C00019301F0F1F918B927
:10481000019B002B00F0CB800127D8F800503B46CD
:1048200063E7437903F0C003402B7FF43BAFDFF82D
:10483000548198F80D30002B4BD1D8F8003093F804
:10484000910035E7062E95F84C1032D800297FF4F8
:1048500047AF3A463946174642E7DFF8288137E73F
:10486000D8F8002092F8543013F0030118BF01214A
:1048700013F0040382F8921005D02378A3F101030A
:10488000B3FA83F35B0982F8933092F88030002BFF
:104890003FF44CAFD8F80030D86F503012F0ECFD38
:1048A00000287FF443AFD8F80030012283F8942029
:1048B0003CE7082E3AD9002213F0040385F8922031
:1048C0003FF413AF95F84D3095F893A08EE7002391
:1048D0000BE7B9F1000F7FF43EAFD8F8005095F820
:1048E000BA1001297FF439AF04F036FA88F80D00C8
:1048F0000028A2D02FE795F84C1095F892A0074613
:10490000BAF1000FD7D06268002A9FD1D5F88C0089
:10491000019101F06DF910B90199002942D03A4690
:104920000127D8F8005095F8543093E795F892A0F5
:10493000B9F1000FE4D16268002A87D16278D0060D
:1049400024D5012185F892105907C0D595F84D302E
:1049500095F893A00193D30612D4D5F88C0001F0FA
:1049600047F9019B00283FF454AFBAF1000F3FF420
:1049700050AF51E76268002A7FF432AF6278E9E70E
:104980000123B2E67012002070000020D5F88C00E0
:10499000019101F02DF901990028BED0BAF1000F64
:1049A000BBD0BCE704F0F0F83A460746B9E704F09C
:1049B000EBF8074631E740F6A2313220FCF77EF8EB
:1049C000B5F89200003818BF0120ABE670B5194E5B
:1049D0008AB0054604F01EFC3368174A93F8543039
:1049E000107013F0060F16D12C7804F00F04224635
:1049F0002846694601F002F9214600226846FFF781
:104A000041FE21466846FFF79FFA737B044643B98F
:104A100020460AB070BD01229621002009F00CF951
:104A2000E2E709F025FB08F0DBF80023204673736A
:104A30000AB070BD701200201000002010B5104C9C
:104A4000206801218C3000F02FFF637B8BB9206838
:104A500000F1BB020023012180F89010A0F8BB30C8
:104A60008C30937000F0FCFE2068BDE8104002F02E
:104A70008BB909F0FDFA08F0B3F800236373E6E799
:104A80007012002038B5174D00210320FFF7DEFC1F
:104A90002868032101F04EFB40B10121084609F0CE
:104AA00001FB2B68092283F8902038BD6B7B8BB902
:104AB000286800F1BB0200230121A0F8BB3080F878
:104AC00090108C30937000F0CBFE2868BDE8384021
:104AD00002F05AB9044609F0CBFA08F081F86C7379
:104AE000E6E700BF7012002010B5B0B9A9B1204AA6
:104AF000136893F89010082930D993F890100C2976
:104B000031D893F89030926803F180435268093BA2
:104B1000BDE8104052F823301847154C2068012199
:104B20008C3000F0C1FE637B8BB9206800F1BB02C2
:104B30000023012180F89010A0F8BB308C309370D6
:104B400000F08EFE2068BDE8104002F01DB909F0AB
:104B50008FFA08F045F800236373E6E741F28B41D2
:104B60003220FBF7ABFF41F28C413220FBF7A6FF6E
:104B700070120020F0B55D4C206883B08C3000F0DE
:104B80006FFE256800F00EFE2368C5F88C00D3F890
:104B90008C00002800F0A58000F034FE05460028B7
:104BA00000F09A80236893F8B030002B58D1206829
:104BB00090F8983090F89020034493F8BE7080F8F5
:104BC000BA701AB190F89030012B62D190F8992008
:104BD000474B1344187908F0CBFE236893F89820CC
:104BE000134493F8BE60022E51D032D9F31E012B2C
:104BF00031D800F0D1FD314608F010FD284609F00B
:104C00007BF93146012008F0B9FE012F37D0681D2D
:104C100004F0D0F8607348B1033F012F94BF5525CD
:104C2000502507F0BFFF284609F016FA2368002236
:104C3000082103202173E281227483F89110A3F8E4
:104C4000922083F8942083F8812083F8900003B0A9
:104C5000F0BD012ECDD040F2EB713220FBF72EFFDC
:104C6000236893F8542093F8B100196DC3F83C11F0
:104C7000024383F85420002283F8B02097E7E81C11
:104C800004F098F860730028D0D04025C9E70D20C3
:104C9000B1E7002101F04EFA08B1206896E7637B86
:104CA00093B9206800F1BB020023012180F8901025
:104CB000A0F8BB308C30937000F0D2FD206803B0B8
:104CC000BDE8F04002F060B8019009F0D1F907F0BA
:104CD00087FF01986073E4E740F24E413220FBF712
:104CE000EDFE40F24C413220FBF7E8FE701200204E
:104CF00028C9030008B504F08DFA044B187008F0B9
:104D0000DFFFBDE80840FFF735BF00BF10000020FF
:104D100010B50C4C04F07EFA0B4A637B10702BB973
:104D200008F0CEFFBDE81040FFF724BF09F0A0F95E
:104D300007F056FF0023637308F0C2FFBDE8104080
:104D4000FFF718BF701200201000002038B504468D
:104D5000FFF73AFB237A032B76D03E4D002B48D148
:104D60002A683D4992F8993092F84B000133A1FB33
:104D7000034C0CF4FF7404EB5C041B1B40FA03FCB3
:104D80001CF0010FDCB216D10133A1FB034C2CF057
:104D9000010404EB5C041B1B40FA03FC1CF0010F34
:104DA000DCB208D10133A1FB034121F0010404EB83
:104DB00051015B1ADCB282F8994092F9580008F070
:104DC000C7FDFFF7D7FE2C6894F8483083B1D4E9CB
:104DD0002A126FF000439A4208BFB1F1FF3F07D09B
:104DE00012F077FDD4E92A23904271EB030302D23B
:104DF00038BD2A68E1E7012004F052F80028F7D016
:104E00002D6803F08BFF044612F063FD63011B1B4A
:104E10004FEAD46262F10002520242EAD3525B02CC
:104E20001B1942F1000C4FEA8C1E9A014EEA936E58
:104E3000D31A6EEB0C021B1942F100021B1842EB55
:104E40000101C5E92A3138BD40F613113220FBF7C4
:104E500035FE00BF70120020ABAAAAAA90F83E004F
:104E6000003818BF012070472DE9F843012107469B
:104E70000020FCF7F7FA012104460846FCF7F2FA95
:104E80000546204601F0BEF802E094F890301BB1D0
:104E900094F89030012BF8D1002D41D0284601F034
:104EA000B1F802E095F890301BB195F89030012BE5
:104EB000F8D100F065FC00210E463F2240F20119B6
:104EC0004FF0070820460DF067FC04F16400A4F8D9
:104ED0004C9084F8546084F8996084F8587084F891
:104EE0004B8010F083FB3F223146E66628460DF0EA
:104EF00053FCA5F84C9085F8546085F8996085F8C6
:104F0000587085F84B8005F1640010F06FFBEE6679
:104F1000002384F88030E36784F8B030BDE8F8837C
:104F200000F02EFC3F22294620460DF035FC40F2D1
:104F300001120723A4F84C2084F8545084F89950A7
:104F400084F8587084F84B3004F1640010F04EFB84
:104F5000E566DDE7F8B51D4E03460F46002001214A
:104F60007360FCF741FA38B34FF4A4720021044691
:104F70000DF012FC01210846FCF736FA054688B10F
:104F80004FF4A47200210DF007FCB368CBB1384692
:104F9000FFF76AFF204601F017F82846BDE8F84001
:104FA00001F012B8B36863B13846FFF75DFF2046E1
:104FB000BDE8F84001F008B840F67F013220FBF769
:104FC0007DFD40F689013220FBF778FD701200204C
:104FD000014B024A9A60704770120020C400002002
:104FE000036823B1054A916813600B68184710B530
:104FF00040F653113220FBF761FD00BF7012002014
:1050000010B5104C206801218C3000F04DFC637B02
:105010008BB9206800F1BB020023012180F89010B9
:10502000A0F8BB308C30937000F01AFC2068BDE80B
:10503000104001F0A9BE09F01BF807F0D1FD0023D4
:105040006373E6E77012002090F8403013F0FD0F14
:1050500014BF0120002003F013BC00BF38B590F846
:105060004030044613F0FD0F00F1420114BF01204F
:10507000002084F8410003F0EBFB94F84030023B41
:10508000DBB2012B94BF0123002384F8483000D900
:1050900038BD03F043FE054612F01BFC6B015B1BA1
:1050A0004FEAD56262F10002520242EAD3525B0239
:1050B0005B1942F1000C4FEA8C1E9A014EEA936E86
:1050C000D31A6EEB0C025B1942F100021B1842EB83
:1050D0000101C4E92A31002003F0E2FE0028D7D103
:1050E00040F6F6113220FBF7E9FC00BF2DE9F04154
:1050F000D0F8E8509DF81840954203D190F8402030
:105100008A4202D00020BDE8F08114F0020190F83C
:1051100042511DD10E460A4601E0954242D38718FE
:10512000013697F8BEC0ACF10307012F88BF4CEAE7
:10513000010100EB820C53F82270DCF8EC2002F144
:10514000690C98BF41F004016745F2B2E5D0D9E798
:105150000026B4463146324602E0F2B2954221D3EF
:1051600000EB020E0CF101089EF8BEE0AEF1030761
:10517000012F00EB820298BF5FFA88FCD2F8EC2086
:1051800053F82C7002F169028CBF4EEA010141F024
:1051900004010CF1010EBA4206F101065FFA8EFC21
:1051A000DBD0AFE704F00500401AB0FA80F0400908
:1051B000BDE8F08190F85430590702460DD413F041
:1051C000030000D1704792F8550000F0FD00A0F1F7
:1051D0000100B0FA80F04009704790F85600A0F145
:1051E0000100B0FA80F04009704700BF30B50129D6
:1051F00083B004460CD094F854309B0718D1002398
:10520000A4F8BB3084F8BD3084F8903003B030BDD2
:105210000A4D6B7B002BEED0019108F029FF07F0BF
:10522000DFFC00236B7394F8543001999B07E6D0A0
:1052300004F18C0000F038FBE1E700BF70120020A1
:105240009A300FF07BBF00BF0149363010F066BFC7
:10525000D53C000010B5012104460020FCF702F9FE
:1052600070B3637880F85430227812F001031DBFC8
:10527000012380F8BE300221012112F0020F05D077
:1052800000EB030C0B4602218CF8BE10520703D52D
:105290000344042283F8BE20A37880F84030E378EA
:1052A00080F8553013F0FD0F0CBF0123002380F868
:1052B0004C30237980F84B30637980F8573010BD3B
:1052C00040F6AB213220FBF7F9FB00BF10B590F898
:1052D0009030022B0BD104468C3000F0E5FA00230D
:1052E000A4F8BB3084F8BD3084F8903010BD40F68F
:1052F000D7213220FBF7E2FB08B500231A461946F6
:10530000643003F0E9F900280CBF0C20002008BD30
:1053100008B501210020FCF7A5F828B190F880001D
:10532000003818BF012008BD40F647313220FBF796
:10533000C5FB00BF2DE9F04304468DB00D460020AB
:105340000121FCF78FF8002800F0F6810646C830EE
:1053500000F074FE002847D096F85430042B43D058
:10536000666A002E00F04781B24F07F10C039E429F
:1053700074D007F108039E4270D003F025F906F1BE
:105380003709074602A9484600F0D2FC002F40F03A
:105390003E81E37ADB0605F11C0000F13E81002E20
:1053A00000F0C7809DF80830022B00F0C280014653
:1053B00094F82E30E522484610F0A1FC94F82E30E7
:1053C0008046434484F82E30484610F090FC94F810
:1053D0002E30181AB0FA80F04009002F44D108F19D
:1053E0001803944FDAB2ACE03046FFF737FD0646BB
:1053F0000028B5D1636A8F4FEBB107F1080807F1B8
:105400000C05616A0B68636241450E704E708E70C8
:10541000CE700DD0A9420BD038680EF040FDEFF3EE
:10542000108272B63B790133DBB23B7102B962B6CE
:10543000636A002BE5D13868A4F108010EF02FFD56
:10544000EFF3108272B63B790133DBB23B7102B9E4
:1054500062B64FF40073ADF804305EE003F0B4F8C8
:1054600000286AD04FF00008E37AD90640F16D8138
:105470005A0703D5E37EFE2B00F036810321297005
:10548000A27AEA7008F10A0313FB02F302336B708D
:10549000637B6B71D4F80E30C5F80630638A6B817C
:1054A00085F80C80A844237E88F80D30E37A13F049
:1054B000080700F0F880DFF880815E4F042346453E
:1054C0002B715FD12B79022262F34613626A2B7132
:1054D0006AB1EFF3108272B6636A19686162002ADA
:1054E00000F0A58000221A705A709A70DA7038683D
:1054F000A4F108010EF0D3FCEFF3108272B63B79F1
:105500000133DBB23B71002A00F08F8002264FF09E
:1055100004088DF804808DF805609DF804209DF83E
:105520000530002062F3070063F30F200DB0BDE8E3
:10553000F083002F40F009813E4F18224FF0000801
:10554000012004232B70A37AEB7013FB02F30233C8
:105550006B70D4F80B30D4F80F20D4F81310D4F8B3
:1055600017C0C5F810C06B60AA60E960D4F81B30A2
:10557000D4F81F20AA616B6185F81B80DFF8B88022
:1055800046459FD008F104094E4557D0002E7CD0E7
:1055900048B3636A63B1EFF3108272B6636A196845
:1055A000616202B962B600221A705A709A70DA709B
:1055B000386831460EF073FCEFF3108272B63B7917
:1055C0000133DBB23B7102B962B6636A0022434524
:1055D00084F82E203FF476AF4B4500F0A1809DF873
:1055E0000830022B75D02B79012666F346132B71F8
:1055F0004FF004088DE702F0E7FF04F12F0907469A
:1056000002A9484600F094FB002F3FF4C2AEE37AB3
:10561000DB0605F10D007FF5C2AE9DF818800599F7
:1056200042460DF041F80120D7E662B66EE762B659
:1056300058E700BF841200208C120020636A63B117
:10564000EFF3108272B6636A1968616202B962B6DA
:1056500000221A705A709A70DA70637D93BB2A79AF
:1056600063F346122A714FF004083868A4F1080168
:105670000EF015FCEFF3108272B63B790133DBB20A
:105680003B71EAB962B6022643E794F80B8018F042
:1056900010083FF43EAF2B79386866F34613A4F147
:1056A00008012B7126E703F00302032A19D05B07D8
:1056B0000BD4022A3DD0002A43D1264F29715DE741
:1056C000022626E74FF00008CFE70123214F2B7178
:1056D00054E72B7923F0680301262B714FF004085F
:1056E00017E72F711B4F49E711222A70A27AEA703F
:1056F000120102326A7001222A71627B6A71D4F847
:105700000E20C5F80620628A6A812B73E369C5F80A
:105710000D30238CA5F81130237E0E4FEB742DE74E
:105720002B7962F34613626A2B71002A7FF4D1AEA3
:10573000DDE6084F2A7121E740F2C1113320FBF763
:10574000BDF99A213320FBF7B9F953213320FBF738
:10575000B5F900BF84120020303270B592B2054610
:105760000C461E460EF063FB35B1044A002315605B
:10577000147456741471536170BD00BF84120020FC
:1057800010B5044C20680EF074FB237C23710022BA
:10579000626110BD84120020014B587C704700BF2D
:1057A00084120020F8B5164D6E69F6B928680EF01F
:1057B00066FB04466861E8B12B7900F10807013BFC
:1057C000DBB23146302238462B710CF0E5FFE37C2A
:1057D000FF22012047F6FF7160F34613E1836275F3
:1057E00084F82320E3743846F8BD40F23F1133209B
:1057F000FBF764F94FF4A1713320FBF75FF900BFA9
:105800008412002008B5094B5B6933B103F108022B
:10581000904206D103F1370008BD3D213320FBF74C
:105820004DF94FF4AA713320FBF748F98412002098
:1058300010B50A4C606908B1373010BD20680EF011
:105840001EFB606128B12379013BDBB22371373045
:1058500010BD40F25F113320FBF730F984120020B5
:1058600038B5104C6169054679B1026801F1080349
:105870009A4204BF0023036020680EF010FB2379D6
:1058800001330022DBB223716261296849B12068CB
:1058900008390EF004FB237901330022DBB22371B7
:1058A0002A6038BD841200200129F8B50D4604464F
:1058B0003DD00368002B2AD0364E5F7D47B30022CF
:1058C000B260EFF3108172B65A6A002A4CD0986A1F
:1058D000314A02609A6201B962B627688FB12F49D6
:1058E000384610F024FC0023F360EFF3108272B608
:1058F0007B6A002B30D0B96A294B0B60BB6202B9BE
:1059000062B6012D34D00023012D23600CD0F8BDE8
:10591000A3F1080130680EF0C2FA33792760013331
:10592000DBB2012D3371F2D100237361F8BD194E42
:1059300002687169A1B101F108039A4207D0306889
:105940000EF0ADFA327923680132D2B23271002200
:105950007261002BB1D1E7E7114B7B62BB62CEE7EE
:105960001346002BA9D1DFE70B4A5A629A62B2E7CD
:10597000716959B1226801F108039A4206D0306872
:105980000EF08DFA33790133DBB23371002373618A
:10599000B9E700BF841200208C12002035530000AC
:1059A000901200202DE9F843524E04689DF82080A3
:1059B0000F4631790025994605609DF928309DF8FC
:1059C000240081B93068A4F108010EF068FA337937
:1059D0000133DBB233717369002B00F08180002347
:1059E0007361BDE8F8830121C4F80950C4F80D5073
:1059F000C4F81150C4F81550C4F81950C4F81D501B
:105A0000A4F82150A172062A65D8DFE802F02A31F5
:105A100038643D640400E27A22F0120242F012027D
:105A2000E272237601232375082847F6FF73E38289
:105A300004F10E022FD004F10D0103F075F90028D6
:105A400053D0637B43F002036373E37A5B072DD487
:105A5000FF23E376002323722749204610F05EFBE4
:105A6000B9E7E27A22F0130242F01302E272D8E7B9
:105A7000E27A22F0150242F01502E272D1E7E27AF0
:105A800042F01002E272CCE7E27A22F01A0242F00F
:105A90001A02E272C5E77B7C63737B681968C4F8FD
:105AA0000E109B889380E37A5B07D1D5A8F102039F
:105AB000012B04F11C0207D9BB681968E1619B88BE
:105AC000938084F81B80C5E7D9F80030E361B9F80A
:105AD00004309380F5E740F219413320FAF7EEFFE6
:105AE00040F2A1113320FAF7E9FFB9213320FAF788
:105AF000E5FF00BF8412002035530000F8B53A4E90
:105B00009DF918E0844610463279DCF80040002503
:105B1000CCF8005072B93068A4F108010EF0BFF95A
:105B200033790133DBB233717369002B52D0002318
:105B30007361F8BDC4F809506289C4F811500F466A
:105B400041F6012141EA032122F4DF5241F6FF33FD
:105B500022F01F020B4013436381012323750828A1
:105B600047F6FF73C4F81550C4F80D50C4F8195027
:105B7000C4F81D50A4F8215084F818E0E38204F121
:105B80000E0214D004F10D0103F0CEF838B3637B9C
:105B900043F002036373E37A5B0713D4FF23E376D6
:105BA000002323721149204610F0B8FABCE77B7C31
:105BB00063737B681968C4F80E109B889380E37A3E
:105BC0005B07EBD5BB681968E1619B882384FF22E2
:105BD000E276E5E740F2A1113320FAF76FFFB92131
:105BE0003320FAF76BFF00BF84120020355300000A
:105BF00018B1407BFF3818BF0120704770B50C46C4
:105C0000054616460FF0FBFE607428460FF002FFB3
:105C1000A074062E13D8DFE806F00419041204124B
:105C200004000023EA1CC4E90123012161706B78A0
:105C3000063BDBB223743BB10935E56070BD002340
:105C4000C4E9013363702374E36070BD0023032152
:105C50006A1823740935C4E901256170E36070BDD9
:105C600070B5C3780C4613F03F015BD005460FF0CA
:105C7000C6FE607428460FF0CDFEA0742B796370C9
:105C8000E878830923702B7913F0010641D14FF096
:105C9000050C4FF00B0E624613F002011CBF05EB22
:105CA0000C017246A160590744BF0132D2B213F011
:105CB0000801666002D0961CA918F2B2616113F067
:105CC000100102D0D61CA918F2B2A16113F0200174
:105CD00003D002F11206A918F2B213F04003E161F9
:105CE00002D0AB180132D2B200F03F00011D891A78
:105CF00011F0FF01236214BFAB180B4663626B788F
:105D0000013B1B1ADBB2237453B10A441544E5600E
:105D100070BD4FF00B0C6E1D4FF0110E6246BBE7CD
:105D2000E36070BD20462822BDE870400CF034BD11
:105D300070B5067806F00F06072E25D00C460546EE
:105D40000FF05DFE607428460FF064FEA074062E0E
:105D500013D8DFE806F0041D041204120400002327
:105D6000EA1CC4E90123012161706B78063BDBB2B8
:105D700023743BB10935E56070BD0023C4E90133EC
:105D800063702374E36070BDBDE87040FFF768BFC7
:105D9000002303216A1823740935C4E901256170C1
:105DA000E36070BD08B540F2A6312120FAF786FE07
:105DB00070B50446FF2380F8393190F8B8000BF035
:105DC000E5FA94F8B8000BF071FE94F8B9000BF006
:105DD000DDFA94F8B9000BF069FE00212046FFF7C8
:105DE00005FA94F840313BB1D4F8303153B104F5A1
:105DF000887001F0C9FA09E0D4F83C0110B1D4F878
:105E0000303133B304F5887001F026FA002684F8A7
:105E1000396194F84051204615F0FF0518BF0C2554
:105E2000FFF76AFA84F84061C4F83C6184F838618D
:105E300094F8B8000AF028FF80B1202694F8B90041
:105E400084F8B8600AF020FF68B184F8B960284689
:105E500070BD00F5007001F0FFF9D3E740F2FB21BF
:105E60002120FAF72BFE40F2FF212120FAF726FE2F
:105E7000F8B5044611F02DFDD4F83C2105460E4638
:105E8000002A56D04FF0000C94F842016146634658
:105E900004EB83030CF1010CD3F8EC205FFA8CF3D4
:105EA000693283421144F3D9D4F8E870B94214BF7F
:105EB0000127022738460BF07DFC312837D9431CD7
:105EC0005DD0D4E93E3219188A4298BFD01AD4F86E
:105ED000C830D4F8CC205B1B62EB0606012B76F1B0
:105EE000000255DB00229842B2415ADA41F288366C
:105EF000864228BF064611F0ECFCC5F17405054446
:105F0000B54214D8394630460BF0A8FC78B9D4E92C
:105F10003F20D4F8F830334430449342C4F8F8308A
:105F2000C4F8000144D0BDE8F8400BF0F5BB0020F8
:105F3000F8BDD4F8E8C094F842010727ACFB07E7A6
:105F40001146134604EB83030132D3F8EC30693376
:105F50001944D3B28342F5D98C451BD0D4F8E02044
:105F6000D4F8D030D4F8E4109B1AD4F8D42062EBE3
:105F70000102734572EB070311D301279AE7D4E9B5
:105F80003E30C61A41F288339E4228BF1E46B2E711
:105F90000026B0E75EEA070301D003278AE702275D
:105FA00088E741F28830834228BF03461E46A2E7B5
:105FB000D4E94423C4E93823B5E700BF014B187086
:105FC000704700BF110000200D4B002210B51A6071
:105FD0001A6841F669039A420CD8044690F83831A1
:105FE00023B190F838310BB1FFF7E2FE0023A4F89B
:105FF000343110BD40F625012120FAF75FFD00BFC6
:106000009C12002010B5044690F8383113B190F876
:1060100038311BB90023A4F8343110BDFFF7C8FE96
:106020000023A4F8343110BD90F8383103F0FF029A
:106030000BB910467047FFF7BBBE00BF90F8700069
:10604000003818BF0120704730B585B090F838315E
:10605000002B56D103F0FF020B780392CDE9012209
:1060600013F001023ED194460125964613F0020436
:1060700007D00DF1100C0CEB8E0EAC46CD684EF82F
:106080000C5C13F0040334D10CF1FF3C5FFA8CFC80
:1060900080F842C14968C0F8E810C0F8201140F209
:1060A0007121A0F824111AB101996939C0F8EC10D6
:1060B0005CB104A901EB820100EB820451F80C1CD5
:1060C00001326939C4F8EC10D2B24BB104AB03EB26
:1060D000820300EB820053F80C3C693BC0F8EC30C3
:1060E00005B030BD8C680194944602254FF0010E36
:1060F000BCE70DF1100E0EEB8C0E0D694EF80C5C2A
:10610000C6E740F2B9212120FAF7D8FCD0F83C21AB
:1061100008B552B190F8383103F0FF020BB91046C0
:1061200008BDBDE80840FFF743BE4FF43B71212096
:10613000FAF7C4FC70B590F8393113B10025284640
:1061400070BD04460D4611F0C4FB94F8BA20062D2C
:106150004DD8DFE805F0270404073B0404000125BF
:10616000284670BD033A012A94BF4FF461764FF47C
:106170005776D4F8D020D4F8F830801AED3B064496
:10618000B3428CBF01250025D9D82046FFF770FE09
:106190000028D4D0D4F8F850ED3DAE422CBF0025F5
:1061A0000125CCE7531EDBB2032B1CD81249042A6D
:1061B000CB5C0ED05E1D032AF6B210D0022A0BBFB4
:1061C00006360536B600F6009836D2E74FF402766A
:1061D000CFE75E1DF6B2B60106F5C876F4E73601E4
:1061E00006F5BF76F0E7FD210520FAF767FC4FF4CE
:1061F00052712120FAF762FC34C9030070B50C46D5
:1062000006460021D4F8080201F080F80546B542A0
:1062100004F500700AD0294601F042F800233362E9
:106220008DB900220023C4E9802370BDAB68D4F887
:106230000822934217D39342F569306238BF134660
:10624000B360002DEDD001F0D1F8A8B1D5E900324E
:10625000A9685B1842F10002B5F92410A4F82412D1
:10626000C4E9803270BDA9690029E4D0294601F053
:1062700017F800232B62E6E740F209712120FAF7B4
:106280001DFC00BF2DE9F04F8FB00446BDF86080C3
:1062900002920F461E4611F01CFBD4F8ECB0CDE97B
:1062A000030194F842010BF169010D4650B101233D
:1062B00004EB83020133D2F8EC20DBB2693298425E
:1062C0001544F5D2D4F8E8206EB3AA4200F0C2819A
:1062D000029B5BBBD4E94423D4F8E800111843F1D6
:1062E0000009039B9E1AB6FBF0F600FB06F6761833
:1062F000A6EB030349F10009B3F59A7F80F02482ED
:10630000D4F8D830DDF808A0A3EB0208B8FBF0F809
:1063100000FB0828A6EB0808861949F10009534636
:10632000B8FBF0F800E1029B002B60D04FF0000AB0
:10633000039B069213F5FA66049B43F1000901F0F2
:1063400049F800F0D7FF0346194604F58870059315
:10635000079000F0A5FFD4F83C11DDE9053231B11A
:106360000798CDE90523FFF749FFDDE905231BB1B8
:10637000B3F92410A4F83411AA420CBFD4F8185170
:10638000D4F8E8508BB11A6898685968801841F1C0
:106390000001CDE900692A4600F0D6FF8542034698
:1063A000C0F02883861949F10009059301F018F817
:1063B000D4F8E810059B01F2CF721344B3FBF1F35C
:1063C00001FB03F3F31AC4F8103169F10003C4F8B8
:1063D0001431B8F1000F40F0A4814FF0FF306FF09E
:1063E00000414346C4E932014FF001089CE0D4E982
:1063F0004453039E761BB6FBF2F602FB06F67519B4
:10640000039E06F59A76A6EB050643F10009B24213
:1064100094BFA6EB020AB246002800F0A7828A4584
:1064200023BFAAF16902A2EB0B0A01210021012876
:1064300019D0D4F8F03003F16902924505D3AAF1DE
:1064400069020131A2EB030AC9B202280BD0D4F8C9
:10645000F43003F16902924505D3AAF169020131D2
:10646000A2EB030AC9B204EB8103D3F8ECB00B46EC
:10647000E21892F8BE00421ED2B2032A00F2B6829F
:10648000DFF8B8C21CF80220042802F105085FFA00
:1064900088F800F04882032800F0598202280BBFD8
:1064A00008F1060808F105084FEA88084FEAC8080D
:1064B000CDE9051308F0B6F9A14A00F52340A13053
:1064C000A2FB00300AF1ED02904408EB90108345E6
:1064D000DDE90513C0F0FE8104EB8302D2F8EC2065
:1064E000A2EB0A0BBBF1000FC0F28B82D4F81011A3
:1064F000D4F8D020761949F10009521AD4F8145171
:1065000000F17D82D4F8E800B2FBF0F200FB02F269
:10651000521845F10005C4E94425B21A00F16F8212
:10652000B2FBF0F84FF0000AE21892F8BE00421EEB
:10653000D2B2032A00F25A8280498A5C042802F10E
:106540000505EDB200F06881032800F08C81022877
:106550000BBF06350535AD00ED00059308F062F977
:10656000774A00F52340A130A2FB0030D4F8C820C0
:10657000911BD4F8CC2062EB0902012905F1ED054D
:1065800072F1000305EB9015059BC0F242810020DB
:106590008B4570EB020200DB8B4604EB8303D3F8E0
:1065A000EC00584528BF5846C4F8FC00BAF1000F6B
:1065B00003D1B8F1000F40F05C81D4F83C31029A6D
:1065C0002AB1D4E94412C4E93469C4E9381200227A
:1065D000C4E93669C4F8F8507A72002B00F02081C3
:1065E00094F842C11146134604EB83030132D3F8F9
:1065F000EC3069331944D3B29C45F5D2D4F8E83075
:10660000994214BF012302233B727D60BAF1000F4F
:1066100000F0FA8001233B70039AD4F8C830D4F814
:10662000CC109B1A049A61EB0201012B71F100025C
:10663000C0F21D81434A00249A4274EB010100DA42
:1066400013465B1B3B6185428CBF002001200FB0CD
:10665000BDE8F08F94F8383123B1B4F93431002B10
:106660007FF436AE029B002B40F0DA81D4E932127F
:106670006FF000439A4208BFB1F1FF3F00F04B8139
:1066800094F84131234493F8BE00431EDBB2032B40
:1066900000F2AC81294A0428D35C00F06A815D1DB8
:1066A0000328EDB200F06B8102280BBF06350535DB
:1066B000AD00ED0008F0B6F8214A00F52343A13300
:1066C000A2FB0323ED3505EB9315039B099513F509
:1066D0009A730C93049B43F100030D934FF0000851
:1066E000022308A88DF82080ADF828300AF0FAFAC5
:1066F000002800F098810C99D4F8C8200D98521AFF
:10670000D4F8CC1061EB0003521B63F10003002BA3
:10671000DDE9036943464FF0010ABFF605AFC34602
:1067200002E742F2107331464A46E8FB0312C4E91D
:10673000321200234FF00108F6E600BF34C903000F
:10674000D34D62100040420F94F8BE00029B8DF8BA
:106750002030431EDBB2032B00F24881B44AD35CE5
:10676000042803F10505EDB200F0FC80032800F0D9
:106770002A8102280BBF06350535AD00ED0008F073
:1067800051F8D4F8E810D4F8D830D4F83C6100F5CA
:106790002342D4F810011B1AB3FBF1F301FB03F3FE
:1067A0001B18A4480C9302F1A102A0FB020205F100
:1067B000ED05D4F8140105EB9212099240F10000A6
:1067C00000220D908DF82920002E00F0DC8094F836
:1067D00042511046134604EB83030132D3F8EC30E8
:1067E00069331844D3B2AB42F5D981420CBF0220C1
:1067F00001208DF8280008A80EF07BFF0023DDE9BA
:106800000C6980469A468FE6C7E9046987F800A0BC
:1068100019E74FF0000BC0E6AD0105F5C8759CE621
:10682000D4F8E8E094F842C14FF007081A46AEFBEE
:10683000088B194604EB83030132D3F8EC3069333B
:106840001944D3B29C45F5D28E4557D0D4F8E030E8
:10685000D4F8E420F31A69EB0202434572EB0B0310
:1068600036D30123D0E62D0105F5BF7575E600236B
:10687000E7E64FEA4801B4F9340189B20FF08DFD23
:10688000B4F83421D4F83C31121A12B2A4F83421ED
:1068900063B1A3F82422D3F800221218C3F800220F
:1068A000D3F8042242EBE072C3F80422D4F810219A
:1068B000C117361841EB09091018D4F81421C4F88F
:1068C000100141EB0202D4F8FC00C4F8142176E672
:1068D000022399E694F842218A4229D9D4F8E82083
:1068E0004B1C96425FFA83F880F0958004EB880297
:1068F0004346D2F8ECB00BF16906F3E5D4F8D0309A
:10690000D4F8D420F31A69EB0202434572EB0B036F
:10691000DED2032378E6DDF80880DDE9036943462B
:106920004FF0010A00E64FEA881808F5C878BFE57D
:10693000D4F8E82096420FD3B6EB420F4FEA42015B
:1069400064D204EB83020E46D2F8ECB0CAE54FEAFB
:10695000081808F5BF78ABE5164604EB8302D2F8B9
:10696000ECB0BFE5AD0105F5C87508E70146034683
:106970007EE55D1DEDB2AD0105F5C8759AE62D0108
:1069800005F5BF7596E6072594F842E1A1FB055889
:10699000B446324604EB82020136D2F8EC2069326A
:1069A0009444F2B29645F5D2614512D0D4F8E02075
:1069B0009B1AD4F8E42060EB0202AB4272EB0803AE
:1069C00005D3012015E72D0105F5BF75D7E6022097
:1069D0000FE7D4F8D0209A1AD4F8D43060EB030330
:1069E000AA4273EB0803F2D2032002E7FD2105203F
:1069F000FAF764F840F269312120FAF75FF8FFF7FF
:106A0000D1F940F24F412120FAF758F840F24641BF
:106A10002120FAF753F840F229412120FAF74EF8E5
:106A20004FF0010A84E440F295412120FAF746F83C
:106A300034C90300D34D6210F0B5044689B007296C
:106A400000F2AB80DFE801F03D090925A92A07A47F
:106A50002046FEF7F9FB09B0F0BDB0F8BC30C3F337
:106A60000C03002B40F0908000220092012302A929
:106A70002046FFF707FC0028EAD094F8B80002A9E6
:106A80000AF022FA0028E6D140F23D712120FAF7FF
:106A900015F809B0BDE8F04007F054BB90F8393163
:106AA00053B9B0F8BC30C3F30C03002B66D090F898
:106AB000BA30033B012B7DD909B0BDE8F040FEF7A9
:106AC0009FBA90F8393103F0FF054BB10121FEF771
:106AD0008DFB07F09DF909B0BDE8F04009F060BFFB
:106AE0000AF0ECF8D4F81031B0EB030CC4E934012F
:106AF00000F1818094F84261D4F8E8700294059521
:106B0000B6B1BCFBF7F207FB0233C01A2A462B468C
:106B100004EB8303D3F8EC3003F16901814203D81D
:106B200069380135C01AEDB20132D3B29E42EFD2BC
:106B3000B4F8BC3084F84151C3F30C038DF81850FD
:106B400083BBBC4538BF0123BC458DF8103034BF32
:106B50000027012702A88DF81970FEF741FAD4F832
:106B6000F800DD38C4F800010AF0D6FD00287FF4F3
:106B700072AF40F295112120F9F7A0FFFFF778F9E5
:106B800000287FF468AF97E70021FEF79FFB6BE7D3
:106B900040F2CB112120F9F791FF40F2CF112120D3
:106BA000F9F78CFFD4F80421039203238DF81030F9
:106BB0000027CFE790F80831002B7FF47DAF01214B
:106BC00080F8081144F236500AF048FE00287FF49D
:106BD00073AFD4F8F830D4F8000144F236521044C0
:106BE0001344C4F8F830C4F800010AF095FD0028F9
:106BF0007FF431AF60E7FFF7D5F800BF30B589B05B
:106C000090F83821002A45D1044602F0FF03FF2204
:106C100080F8382180F8393190F8425180F84131BC
:106C2000A0F834319C46184604EB83030CF1010CA8
:106C3000D3F8EC205FFA8CF369329D421044F3D212
:106C4000D4F8E830984220D0D4F8EC2002F169035F
:106C50004DB1D4F8F030D232012D134403D0D4F822
:106C6000F42069331344C4F8183100910023012241
:106C700002A92046FFF706FBB0B194F8B80002A9BC
:106C80000AF022F958B109B030BD41F28833C4F896
:106C90001831EAE74FF41B712120F9F70FFF40F29A
:106CA00082212120F9F70AFF40F281212120F9F702
:106CB00005FF00BF38B590F838318BBB0D4651B396
:106CC000044621461B4809F0B3FF202884F8B80089
:106CD0001AD01848214609F0ABFF202884F8B900E3
:106CE0000DD0C4F83C5195F8283203F0FF01E3B908
:106CF00084F840112046FFF781FF012038BD94F849
:106D0000B80009F0C1FF08B1002038BD40F2912160
:106D10002120F9F7D3FE40F29D212120F9F7CEFE84
:106D20004FF427712120F9F7C9FE40F2A621212056
:106D3000F9F7C4FE396A000038B504460D4611481B
:106D4000214609F075FF202884F8B80012D00D48BC
:106D5000214609F06DFF202884F8B90005D02046AF
:106D60002946FFF74BFF012038BD94F8B80009F021
:106D70008BFF08B1002038BD40F291212120F9F7A6
:106D80009DFE00BF396A000010B588B090F8392127
:106D900072B902F0FF0300931A4602A90446FFF7F6
:106DA00071FA60B194F8B80002A90AF08DF880B1C8
:106DB00007F02EF808B0BDE8104009F0F1BD2046FC
:106DC000FEF742FA07F024F808B0BDE8104009F0D9
:106DD000E7BD40F224712120F9F770FE2DE9F04360
:106DE000DFF88080012383B088F8003000254FF65B
:106DF000FF7720261DE0009BEBB193F82822D2B14B
:106E00001888B8421DD02146FAF72CFB8146F0B114
:106E100090F829020AF04AFE99F8290289F82842D6
:106E200009F032FFC0B189F8296209F5007000F05D
:106E300013FACDE900556846FAF74EFB04460028E0
:106E4000D9D0002388F8003003B0BDE8F08340F2C9
:106E5000BF113520F9F732FE4FF4D7713520F9F71D
:106E60002DFE00BFA01200202DE9F84F0C4691F82E
:106E70009E90054617461E46002B40F09D8094F8D4
:106E80002832032B00F21881DFE803F04C0288025D
:106E9000D4F81C80DFF82CA2DAF80030002B6CD07C
:106EA00031462046984700FB088700F09FFA0028EB
:106EB00068D000200346D4F80022D4F80412BA188F
:106EC00041F10001121843EB0103C4E98023C5E935
:106ED00004234FF0000B85F800B094F89E3003F0C7
:106EE000FD020C2A60D0262B5ED0204610F07EFAE0
:106EF000002800F0D58094F82832012BDAB216BFB2
:106F000002232A722B7200236B7204F144000FF0EB
:106F100090F9686026B1A9F10E09B9F1010F50D8B6
:106F2000BDE8F88F002F00F0BD8094F87D8094F8C4
:106F30007C20DFF890A1012384F82832624B404680
:106F400033F8127007F06EFCA8F103085F4907F2EE
:106F50009D77B8F1010F0744A1FB073794BF2821A3
:106F6000002101EB9711F03120460FF004FADAF816
:106F700000304FF00008002B92D1474600F036FA5F
:106F8000002896D1B4F9240202210FF006FAB4F8D1
:106F900024321B1AA4F82432C3178CE70323D4F835
:106FA000308284F8283275E7204610F01FFA4FF03F
:106FB000010B00232B72A6E70121204605F07AFD84
:106FC0005DE7414628460EF094FB86B2204610F05D
:106FD0000DFA8146BBF1000F14D1864212D385F819
:106FE00008B0D4E9803207FB00F15B1842F10002DF
:106FF0002B616A61002F5AD0414628460EF079FB7A
:10700000484486B23146204605F054FDDAF8003097
:1070100073B10121204698472B6908FB00F813EB58
:1070200008032B616B69304443F1000386B26B6146
:1070300000F0DCF9E0B1D5E90430D4F88420C4E9EB
:107040008030002A3FF46CAFB4F8CE20B4F898300A
:107050009B1A1BB2002B7FF763AFB4F888100B4468
:10706000013BB3FBF1F313FB0123A4F8CE3057E748
:107070007600B6F5803FB4BFB1B24FF6FF71B4F9F8
:1070800024020FF08AF9B4F824222B69121AA4F80A
:1070900024226A69C31842EBE0702B616861CCE777
:1070A000834686E740F223213520F9F707FD40F2B9
:1070B000A7213520F9F702FD40F25D213520F9F7CF
:1070C000FDFC00BFEC0000205CC90300D34D621042
:1070D000024B0022C3E90022FFF780BEA01200206D
:1070E000FFF77CBE014B5870704700BFA012002014
:1070F00008B540F2A3110FF046F9B0F5296F28BF8B
:107100004FF4296080B208BD70B5044686B00429EA
:1071100000F28580DFE801F0670D031249000423C7
:1071200084F8283206F074FE06B0BDE8704009F01D
:1071300037BC032380F8283206B070BDC269D0F88E
:107140005032C0F830229A4204D0283010F0BCF9F6
:10715000D4F85032D4F84C2294F87C0094F87D6036
:107160003149E263B4F84822A4F84020D4F854220C
:10717000E36131F810506262304607F053FB033E82
:107180002A4905F29D75012E0544A1FB053594BFE2
:107190002821002101EB9511F03120460FF0EBF88A
:1071A000022384F8283206B070BD90F87D6090F814
:1071B0007C201D4B304633F8125007F033FB033E62
:1071C0001A4905F29D75012E0544A1FB053594BFB2
:1071D0002821002101EB9511F031204606B0BDE8D1
:1071E00070400FF0C8B8124B1A7802F0FF03002A63
:1071F00095D1014601226846FFF736FE94F8290230
:10720000694609F061FE28B1B4F898300133A4F85A
:10721000983087E740F2E2213520F9F74FFC40F241
:107220003D313520F9F74AFC5CC90300D34D6210AB
:10723000A0120020024B0022C3E90022704700BFC9
:10724000A8120020034B186808B10C207047586042
:10725000704700BFA8120020C369ABB110B4D0E9D9
:107260000214DA68D0F818C0C3F818C021441144D9
:107270008269D96032B1D36100220023C0E90623BC
:1072800010BC7047DA60F7E7826904490A6002B10E
:10729000D36100220023C0E906237047A812002012
:1072A00008B5C161A1B18B698861836173B1D8618F
:1072B000C1690023C36041B1CB6823B182689342A6
:1072C00011D39B1AC3600023CB6008BDC360F3E7F2
:1072D000074A136883611BB1D861C1691060E8E790
:1072E0001060C36008BD2D213720F9F7E7FB00BF10
:1072F000A8120020044B1B6823B118469B69002B81
:10730000FBD1704718467047A81200200D4B1B6830
:10731000B3B100B584464FF0FF3E002000E01346B5
:10732000DA68944503D8964584BF184696469A690C
:10733000002AF4D111B9002808BF18465DF804FBF3
:1073400018467047A812002030B585B0DDE9083432
:10735000C01A61EB0404002C15460BDB214603AA7E
:10736000009202AB2A460BF0F5F8002C039805DBDF
:1073700005B030BD404264EB4401F0E70028F7D08F
:10738000281A05B030BD00BF036A2DE93048DBB1D3
:1073900082689C68A24217D3D0E90615D0E906BCE2
:1073A000C3E906BC4DB1AB61996951B1C068CB610D
:1073B0000244121BDA60BDE83088054D2B600029BD
:1073C000F4D1D960BDE83088CD213720F9F776FBBC
:1073D000A8120020014B01221A717047A812002048
:1073E000014B00221A717047A8120020014B187936
:1073F000704700BFA8120020F0B5070CA7F5AA42FD
:10740000144B543A012A03EA90231FD927F4004071
:1074100042F6AA22801A18BF012000221621164621
:107420001F2487EA060562EA0505013510D0DD0351
:10743000ADB245EA5606E503ADB2013945EA52025E
:107440004FEA53034FEA5404EBD1F0BD0020E4E7C8
:107450000020FAE7E0FF3F00F8B58D1FADB240F61F
:107460007A4C65450746BDF824601046BDF81820E3
:107470003BD8841FA4B264458CBF00240124254658
:10748000AFBB1D4F3F796FB15CB96FF450654D19BB
:10749000062D06D86FF450640419062C8CBF002406
:1074A00001242546FDB1814224D803FB0666B6F5CA
:1074B000FA7F1FDCA2F10A039BB240F67644A34296
:1074C00018D80CF004FE42F210735A4300FB06F188
:1074D000B2EB410F0ED9BDF81C50BDF8200085421B
:1074E0008CBF002501252846F8BD0024C7E797F882
:1074F0008170C8E70025F6E768130020304BF0B52F
:10750000B0F87070B0F86E605D880C4611461A884D
:10751000974228BF1746964228BF16461B2E85B0B5
:107520002ED0B5F5A47F2DD040F648039D4201AA88
:1075300028BF1D460CF0F4FDBDF80A309F4228BF5D
:107540001F46BDF80C30E780AB4228BF2B46238195
:10755000BDF806309E4228BF1E46BDF80830668042
:107560009D4228BF1D46A580FF232370E3881B3B57
:107570009BB2E02B08D940F2F7513920F9F79EFA77
:107580001B2FCED105B0F0BD63881B3B9BB2E02B17
:1075900002D940F2F951F0E72389A3F5A4739BB215
:1075A00040F64812934202D940F2FB51E5E7A38826
:1075B000A3F5A4739BB29342E4D940F2FD51DCE7FA
:1075C00068130020012821D8022B0DD1114BA2F500
:1075D0007A7098421CD8A1F57A70984218D88A42DD
:1075E0008CBF1220002070470B48824210D8012B1C
:1075F00007D140F252739A420AD9084BA1F6C4103F
:10760000EBE7042BF9D140F6C313F4E712207047DF
:1076100030207047A7F970028FFD7002CBF3700223
:107620000138C0B2032808B504D940F2173106204A
:10763000F9F744FA014B185C08BD00BFCCC9030040
:107640000138C0B2032808B504D940F2173106202A
:10765000F9F734FA014B185C08BD00BF36CA0300C5
:107660000138C0B2032808B504D940F2173106200A
:10767000F9F724FA014B185C08BD00BFB4CA030037
:1076800010B504460A48FDF7E5FD20460949FEF716
:10769000DBFC2046FDF7D8FC38B12046FDF7DEFCC8
:1076A0002046FDF7CDFD002010BD1220FCE700BFF5
:1076B000841300208C1300202DE9FF410678012E51
:1076C000804640F0988031460020F9F7CBFE054611
:1076D00020B940F6C5613920F9F7F0F9B8F804305F
:1076E000002B40F08280FDF7B9FB00287FD195F890
:1076F0003831002B7DD12846FFF7C2FF0446002811
:107700006FD131463046574FF9F7ACFE97F8381035
:10771000064619B110B940F6E161DCE73A7F002373
:10772000CDE9023312F001031CBFF86A0290520740
:1077300041BF04AA02EB83037A6B43F8082C0029AB
:1077400045D096F83831002B41D0B8F80230002BE4
:107750003DD13B7F0093BA6AB97F02AB3046FDF75B
:10776000C5FCA0B33046FEF7D1FC06F140038046CD
:1077700005F14002703653F8041B42F8041BB34273
:10778000F9D12846FFF77CFF024610B140F603719D
:10779000A1E7B8F10C0F07D101462846FFF7CCFA54
:1077A000F8B940F6077196E7B8F1000F02D040F63D
:1077B0000C7190E77B7F296D43F0040385F854300A
:1077C0002846FFF777FA60B940F60E7183E7B8F8FC
:1077D0000420B8F802102846FFF7AEFA002808BFC8
:1077E0000724204604B0BDE8F0811124F9E73A24CB
:1077F000F7E70C24F5E701210020F9F733FE0546F1
:1078000010B940F6217166E7FEF70EFC0446002829
:10781000E7D195F8543095F8B02022B195F8B12011
:10782000134385F8B000053B012BDAD82B6D13B953
:1078300040F631714FE701210846F9F713FE29465A
:1078400006464FF4A4720AF02FFF0423316D86F828
:1078500054303046FFF72EFA0028C2D140F6367178
:1078600039E700BF68130020F7B5114B9C7EDD7E21
:107870009F8B064614B900F0CFFE0446A5B900F070
:10788000CBFE054614B9092003B0F0BD0028FAD09C
:10789000304601A98DF804408DF80550ADF806700A
:1078A0000DF07CFF0020EFE7002CF1D1EBE700BFEB
:1078B000EC17002010B503210020F9F7D3FD044692
:1078C00070B90321F9F790FD044620B940F23D312B
:1078D0003920F9F7F3F8034B93F950100FF0EDFA54
:1078E000204610BD6813002038B50DF08FFE01F062
:1078F00035F900F09FFE0EF0EFFB01F0ADFC02F059
:10790000A5FD01F0D1FC012000F058FE164B174AEE
:107910001A6000251B22164C5D839A80DD831D842E
:107920001D76144BA576F92258682283124A1B89CA
:107930002260E0611422294604F124002384A580FA
:10794000A5750AF029FF012342F21072C4E90A2248
:1079500084F8243084F8393084F8445004F13A0033
:10796000BDE838400FF0B6BDEC17002003021B0045
:1079700068130020CCC903001B004801044B41F6EA
:107980004C521B21C3E9022219745A61FFF7ACBFA4
:10799000EC17002073B5384DAB68044640F8443FFF
:1079A000FBF73CFF064600F031FE2B7C84F84C30A0
:1079B000324BA4F84E6010F0200F1B681DBFAA8840
:1079C0006988A4F86E101B2208BFA4F86E20A4F8E2
:1079D00070201BB194F980102088984728490B79B2
:1079E000003B18BF012384F88130264B1B6813B17C
:1079F00020880831984794F88130002B41F64C5389
:107A000018BF4FF47A73E3612046FFF72DFF064657
:107A100048B120880221F9F73BFD40B340F2B9514B
:107A20003920F9F74BF8184B1B6813B10146208831
:107A3000984704F128000FF047FDAB886A88697801
:107A4000019103332978009103329BB292B204F181
:107A5000180104F11400F9F777FD636913B940F2D6
:107A6000CE51DDE7A3691BB940F2CF51D8E7092613
:107A7000304602B070BD00BFEC170020F4000020BB
:107A80006813002004010020000100202DE9F341CB
:107A900005460E460FF056FA002800F0AE80284644
:107AA0000FF0D4FA30B1B6F80130013B7F2B01D989
:107AB000122404E028460FF0CDFA20B90C24204609
:107AC00002B0BDE8F0812846FCF7F2F80028F5D1B5
:107AD00028460FF0DCF980460028EFD1284603F055
:107AE00007FB0028E4D0B6F80170F17842F2107379
:107AF00028465F430FF096FA04213078F9F7B2FC7C
:107B0000062104463078F9F7ADFC002C77D038B167
:107B100041F661113920F8F7D1FF90F8BD80044695
:107B2000404E3368002B6CD0403420460FF0B0FC40
:107B3000002866D020460FF09FFC002861D1B8F1E4
:107B4000000F08D0384B20461B689847002858D0B3
:107B500041F67511DEE735493368496942462046EA
:107B6000984700284DD041F67A11D3E728460FF008
:107B70006DFA40B902210DF10600F9F7FDFB06464A
:107B800058B90D249BE728460FF072FA0028F1D16E
:107B9000274B1B79002BEDD18AE7002101F05AFA1F
:107BA000BDF806303380284631460FF083FA284668
:107BB0000FF05EFAA0B928460FF064FA014630468D
:107BC000FFF7E8FE044600287FF479AF3A463146D5
:107BD0002846FBF70BFD044620B141F6A61199E7B4
:107BE0000121ECE7124BDB6C002B3FF468AF02463F
:107BF00006F5A1713046984761E742245FE7002807
:107C00008BD128460FF01AFA01460028AED13A4629
:107C10002846FBF7EBFC044600283FF450AF41F642
:107C2000831177E7FC000020F8000020EC1700200B
:107C30006813002008B501F0D9FA0CF002FB024BE2
:107C400083F8500008BD00BF68130020014B93F972
:107C50005000704768130020034B5A8802801B783D
:107C600083700020704700BFEC1700207FB5837839
:107C70001A2B064609D8042B05D9012202FA03F370
:107C8000314A134205D112251AE0292B01D03B2B92
:107C9000F9D13088B0F5706FF5D269460DF005FD69
:107CA00088B9019B93F8402102F0FF05C2B9B27870
:107CB00083F84121FF2283F8402168460EF0E5F960
:107CC000284604B070BD30880921F9F7CBFB044683
:107CD000002837D0B0F8AC0102A90DF0E6FC08B1DD
:107CE0000C25EDE7B4F8AE010821F9F7BBFB20B98C
:107CF00040F6E8013920F8F7E1FE03781BB994F863
:107D0000C831032BECD1039B93F85621002AE7D10D
:107D100094F8F02102F0FF05002AE1D1B4F8B02177
:107D2000A3F8582194F8B42183F85A21027D83F8EE
:107D30005B21B27883F85C2184F8F021FF2283F87C
:107D40005621BDE70225BBE7200038040188A1F1D8
:107D50001B039BB2E02B0CD84288A2F5A4739BB204
:107D600044F24810834204D8034B002019805A8003
:107D700070471220704700BF68130020034B1A8819
:107D80005B88028043800020704700BF681300209A
:107D900038B504784278857804F0010352EA03018B
:107DA00004F0020401D1112038BDBCB9002DFAD075
:107DB000002B08BF144601E00024254620460CF0A5
:107DC0004AFA0028EFD028460CF045FA0028EAD0FD
:107DD000054B00209C76DD769883E5E7002BEBD100
:107DE00014461D46EAE700BFEC17002013B50088D3
:107DF00069460DF05AFC18B10224204602B010BDAD
:107E00009DF8003001984BB90CF06EF90028F3D0C2
:107E1000019890F8523123B13A24EEE70CF072F950
:107E2000F4E790F8EC3003F0FF04002BF4D190F865
:107E3000E3309B0706D1FF2380F8523168460EF0ED
:107E400024F9DAE70249E4300EF06EF9D5E700BF15
:107E50005D6901002DE9F8430378032B044603D93B
:107E600012252846BDE8F8834378032BF8D8437ED3
:107E700085780BB9012DF3D115F0F80FF0D1A807D3
:107E800051D5022DECD14F4B5B79002BE8D000F09F
:107E9000C3FB35EA000340F0918094F8029019F09A
:107EA000010506D02269A168E0780123FFF78AFB6B
:107EB000054619F0020F07D02269A168E078022375
:107EC000FFF780FB0543EDB219F0040F07D02269DC
:107ED000A168E0780423FFF775FB0543EDB2002DA0
:107EE000BFD1B9F1050F0FD194F80490E168626930
:107EF00004234846FFF766FB00285DD1E3784B4535
:107F00005CD1A368994259D1237E013B062BA7D8A7
:107F100001210020F9F7A6FA814638B940F6C6518A
:107F20003920F8F7CBFD69079AD0B0E7C830FEF7E3
:107F300085F818B199F854309A0741D194F819C0CE
:107F4000E278A178A068B4F8009094F818E0BCF149
:107F5000000C18BF4FF0010C012A1ABFB2FA82F2CE
:107F600052090222CB071ED54B0727690BD566693C
:107F7000BB19984207D243089F4228BF1F46C31B24
:107F80009E4228BF1E460F4BC3E90A07C3E90C8671
:107F900019775A77A3F81E9083F820E083F821C060
:107FA00083F824105DE7022902D1D4F81080EAE7B3
:107FB0004B0748BF2669E6E7054652E7112550E71B
:107FC0000C254EE76813002000B589B043798DF881
:107FD000043083798DF8053001238DF8063003785D
:107FE0008DF80730B0F8013040F271214B43039314
:107FF000B0F803204A430D49059291F820108DF8FE
:108000001C1000218DF81D100949A2F6C4128A42E5
:1080100009D8A3F6C4138B4205D801A8FFF71AFFAD
:1080200009B05DF804FB3020FAE700BF68130020B8
:108030003C369C002DE9FF410778EF2F04460D46A2
:1080400001D91225A5E0B0F80130ADF80C309DF94A
:108050000C209DF80C30002AF3DB9DF80D209607CC
:10806000EFD1D8066CD4990603F0030265D5002A37
:10807000E7D11A0703D503F06703012BE1D1637839
:108080001E0711D42179E278E07942EA0122617970
:1080900042EA0142A17941EA0021207A41EA004105
:1080A0008A42CED81F2ACCD9627A013A062AC8D889
:1080B000A27A032AC5D813F0040102D1023A012A98
:1080C00003D8E27A012ABCD811B9A27C032AB8D815
:1080D00013F01001227D44D0012AB2D1237E012B5E
:1080E000AFD800294DD06378D80703D500F018FA2F
:1080F00000284DD06378227D03F0180108295AD159
:10810000022A45D11B0709D4E279A37943EA022365
:10811000227A43EA0243B3F5804F39D81FFA87F831
:1081200003214046F9F79EF90646002849D0FBF79F
:10813000BFFD002851D00C252BE0032A99D180E700
:1081400013F0600F7FF47DAF03F00F0203F007031D
:10815000052B94D0931E012B91D9002A7FF471AF87
:108160008DE7022A04D103F06F03092B7FF469AF76
:10817000A37D013B022B3FF664AFE37D0F2BADD90E
:108180005FE700F049FA81070AD4237D022B04D16E
:108190001125284604B0BDE8F081A37D022BF7D05D
:1081A00000F03AFA42079ED4237D032BF0D0A37D42
:1081B000032B98D1ECE7022AA4D0A27E002AA1D0FA
:1081C000E6E703214046F9F70FF90646002840D0BC
:1081D000214B93F950100EF070FE002138460FF03D
:1081E00037F918BB30460EF026FF21462870E074A0
:1081F000304602F0D5FF637E0546002BC9D000282B
:10820000C7D1F16C02466846F9F77AFAF06C2A4653
:1082100001210BF080FEF16C68460422F9F770FA38
:10822000F06C2A4629460BF076FEB2E740300FF09C
:108230002FF90028D6D0637813F0330F7FF401AF05
:108240003046A77D0EF01EFFFFF7EAF98742C9D03E
:1082500071E707259DE700BF6813002030B502795C
:10826000042A8BB0034658D84488B4F5804F54D8BC
:108270002B4810440021827C457BADF8041042F06D
:10828000100242EA4502C57D007F8DF80C1042EADB
:10829000850242EAC00202F01F028DF80420BDF8F8
:1082A0000420ADF80D201A888DF80F208DF81240AB
:1082B000120A240A8DF811108DF814108DF8102070
:1082C0008DF813405A7B8DF815205A798DF81620B9
:1082D0009A79D3F807008DF81720B3F80B209B7B11
:1082E0008DF81E307F238DF81F30012306908DF806
:1082F0002110ADF81C208DF820308DF8223003A815
:108300008DF823108DF824108DF825108DF8261087
:1083100001A9FFF78FFE0BB030BD1220FBE700BFB5
:10832000CCC9030013B50378044653B1002301A858
:10833000019306F079FB019B9B0702D00C2002B051
:1083400010BD024B22781A710020F8E76813002054
:108350000278034672B1427862B142881A2A09D97A
:1083600082881A2A06D9044A006810609B88938084
:108370000020704712207047EC170020024B026863
:108380009A600020704700BFEC1700200378A3F12B
:108390000A02112A9DBF024A00201374122070475E
:1083A000EC1700200378FF2B16D14378FF2B13D155
:1083B0008378FF2B10D1C378FF2B0DD1037923F0E5
:1083C000E0021F2A08D113F0E00F05D0034A5B0931
:1083D00082F8203000207047122070476813002078
:1083E0000378012B9FBF044A03F00103002082F8A9
:1083F000393088BF1220704768130020014B18766F
:108400000020704768130020014B58760020704709
:1084100068130020024B1B6803B1184711207047F6
:10842000F000002008B5052000F0D4F804F0EEFAC2
:10843000014B024ADA6408BD68130020FD74000095
:1084400008B5FEF7F7FEFEF743FEFFF7FFFBBDE8BA
:10845000084001460148FCF77DBD00BFBC13002069
:1084600008B502F027FEFBF7B3F8BDE80840014865
:1084700002F00ABEBC13002008B50DF0C5F806488E
:1084800000F58471F9F70EFF02200BF0A2FCBDE8A5
:10849000084000200BF09DBCBC13002008B5074B22
:1084A000012283F80A2202F00DFE03F0ABFCFFF775
:1084B000E3FFBDE8084001F0F9B800BFBC1300209D
:1084C00010B5064C064904F503700CF0E5FD04F503
:1084D00004700449BDE810400CF0DEBDBC13002060
:1084E000080100201001002010B5094C094904F5CD
:1084F00003700CF0D1FD04F5047007490CF0CCFDBD
:1085000004F505700549BDE810400CF0C5BD00BF7D
:10851000BC13002030010020380100202801002079
:10852000014B93F80A027047BC13002010B5064CAB
:10853000064904F503700CF0AFFD04F5047004491E
:10854000BDE810400CF0A8BDBC13002018010020AD
:108550002001002038B5094C0D4601F083F8D4F80D
:108560000C02C4F804510CF08FFDFFF707FA01F07C
:10857000E3F9012384F8183238BD00BFBC13002092
:10858000014B93F818027047BC13002010B50A4C39
:10859000D4F810020CF078FDD4F814020CF074FD3D
:1085A000FFF7A2F9202000F023F8262000F020F8A1
:1085B000002384F8183210BDBC130020014B83F84F
:1085C00019027047BC130020014B93F81902704741
:1085D000BC130020C2080549012300F0070003FA7C
:1085E00000F08B5C18438854704700BF18000020CF
:1085F000C208054900F0070001238340885C20EA97
:1086000003008854704700BF18000020014BD3E9D5
:108610000001704718000020054B1868C0F3C02205
:10862000C0F30020400040EA820040F001007047A3
:108630001800002008B50EF0E8FF084A002332F8C1
:108640002310814205D302EB83039B78044A137005
:1086500008BD01330C2BF2D10023F7E706CA030053
:10866000D6150020024B1878072828BF072070472E
:10867000D615002010B544682388A4F8A83184F8E2
:10868000A71194F87C00FEF7DBFF84F8AA0194F8A8
:108690007D00FEF7D5FF054984F8AB0104F5CF70E6
:1086A0000DF042FD002384F84C3110BD4D51010006
:1086B000406808490388A0F89A3190F8743080F82F
:1086C0009C3190F8753080F89D3100F291100DF0DA
:1086D00025BD00BF6351010030B50568044608465A
:1086E00051B115B12179994215D1FF2161712371E1
:1086F00022600023637130BD002DFCD0FF23637125
:10870000237921600122054902FA03F3C1F80835F3
:1087100060711046EFE70020EDE700BF00F0014078
:10872000044B002283F832204FF6FF729A86DA86D5
:108730001A877047D8150020054B9A8E824201BFD8
:10874000002283F832204FF6FF729A86704700BFEE
:10875000D8150020014BD886704700BFD8150020DF
:10876000094A0346908E4FF6FF71884206D192F86F
:108770003210012905D01A600120704700201860CE
:1087800070470020704700BFD8150020064B93F8B3
:108790003220012A1FBF0120DA8E83F832009A8628
:1087A00008BF0020704700BFD8150020014B188774
:1087B000704700BFD8150020064B0246198F988ECF
:1087C000884205D193F8320018B113600120704738
:1087D00000207047D8150020094B998E1A8F9142BE
:1087E00001D0002070474FF6FF729A8693F832202E
:1087F000002AF6D0002283F832200120704700BF03
:10880000D8150020054B998E1A8F914203BF93F81B
:108810003200B0FA80F0400901207047D8150020DE
:1088200050B90A4A1346012003F8010B0868C2F840
:1088300001008A889A807047012805D1034B0A6895
:108840009A608A88D8719A81704700BF12160020FA
:1088500048B90A4B187880B1D3F80120B3F8053035
:108860000A608B807047012806D1044BD87920B16B
:108870009A680A609B89F4E700207047121600206E
:1088800020B9054B187800F00100704701280ABF95
:10889000014B0020D879F6E712160020F7B5002228
:1088A0008B888DF80600ADF8043008680C4B8DF805
:1088B0000720019D1C78014603F5AC73D0B28442B9
:1088C00001D8082009E0D3E90076AE4208BF8F4204
:1088D00003F1080302F10102F0D103B0F0BD00BFC3
:1088E0002016002030B5094B01465C78002203F5C4
:1088F0008173D0B2844201D8082005E013F8015BEF
:108900008D4202F10102F4D130BD00BF20160020DB
:10891000F8B52E4C6278013AD2B22318824293F80D
:108920000251627032D0130101019E1C8F1C26443B
:10893000274406F1100C56F804EB47F804EB6645A3
:10894000F9D1823382312344214403F1100653F8D4
:10895000047B41F8047BB342F9D1A618211896F89C
:10896000023181F802314FF48577062313FB02723E
:1089700013FB0070A318A258225004EB000C9B8834
:10898000ACF8043096F83A3181F83A312846FFF7CE
:10899000A9FF082818D12378013BDBB29D42237040
:1089A00012D02B3304EBC30393E8030005F12B0231
:1089B00004EBC20282E803002078FFF793FF082847
:1089C0001CBF241884F80251F8BD00BF20160020F7
:1089D000F0B5254D95F8984189B0224605F29911D8
:1089E000684609F061FE214668460CF02EFE0446FA
:1089F000B8B300EB4001C9B202A8F8F79FFA601EB5
:108A000095F8A161C0B2012495F8982105E0731C86
:108A1000B3FBF2F102FB1133DEB206F120030DEBE2
:108A2000030111F8203C002BF1D100EB4002203271
:108A30006A4406EB46032B4412F8187C83F8A271B3
:108A400012F8177C12F8162C83F8A37183F8A4216E
:108A500001F8204C0138AB19C0B2FF2883F89941C6
:108A6000D2D109B0F0BD00BF2016002070B5064677
:108A700088B00C46002A4FD02A4A92F8A131D0186B
:108A800090F8991121B94FF480712820F8F716F861
:108A900003EB43011144013391F8A251E57091F8C1
:108AA000A35191F8A41161710021257180F89911E9
:108AB00092F89811B3FBF1F001FB103382F8A13169
:108AC00092F8C23123B9184902F5DD700DF029FB87
:108AD000657905F03F0545F0400565710D220021DF
:108AE000684609F059FEE3788DF80F3023798DF848
:108AF0000E3004AA0423694630468DF80D5009F063
:108B000069FB9DF81F3023709DF81E3063709DF83F
:108B10001D30A37008B070BD03216018F8F70EFA7D
:108B2000D6E700BF20160020D1890000044B5A78F8
:108B3000824286BF1B1893F84A010020704700BF8D
:108B400020160020044B5A78824286BF1B1893F8E7
:108B500042010020704700BF20160020064B002273
:108B60004FF461711A8083F8C32183F8C421A3F8FC
:108B7000C61183F8C221704720160020014B83F8EC
:108B8000C401704720160020014B93F8C4017047C0
:108B90002016002010B51446FFF780FE082803D1E8
:108BA000012000F0010010BDFFF79CFE064B5A7833
:108BB0008242F5D904B12070184490F83A31012B63
:108BC000EED090F84A01ECE7201600202DE9F0479E
:108BD0008246894617469846FFF760FE08280546F4
:108BE000064603D0FFF77EFE082863D1334C637836
:108BF000072B61D8082D18D12678731C072E2370F7
:108C000003D96B212820F7F759FF06F12B03DAB2BD
:108C1000D9F8000044F8320004EBC20104EBC303AE
:108C2000B9F804208A8083F806A065786B1C2901B6
:108C300063704B1C07F11002234412F8010D03F876
:108C4000010FBA42F9D1813108F11003214413F820
:108C5000012D01F8012F9845F9D1102140460CF063
:108C60003CFD2544102185F8420138460CF035FDC5
:108C700085F80261667885F84A01002385F83A3163
:108C800031460F480CF0E1FC314605460D480CF02A
:108C9000DCFC012D03D8002818BF0135EDB284F8A3
:108CA00098510025284684F8A151FFF791FE2846E7
:108CB000BDE8F0871220FBE70720F9E72016002027
:108CC000621700206A17002010B5064B587801384B
:108CD00040B2002800DA10BDC4B22046FFF718FEEB
:108CE000601EF5E720160020014B83F8C301704792
:108CF00020160020014B93F8C30170472016002076
:108D0000431E9BB24AF2B71293429DBF024BA3F897
:108D1000C60101200020704720160020014BB3F847
:108D2000C60170472016002030B50A4B5C7884429B
:108D30000ED9184490F802012B3003EBC004A5793A
:108D40000D7053F830001060A3889380012030BD6F
:108D50000020FCE72016002070B506460D4605F001
:108D600087F903F03DFF0A4B93F8C3415CB1597892
:108D700059B1981C82333246002D08BF184603F0C3
:108D8000F9FE03F057FF204670BD0C46FBE700BF1D
:108D90002016002008B5064B03EB01130246012103
:108DA00003F1820003F0E6FEBDE8084003F042BF95
:108DB000201600200246074810B590F8C34124B1A0
:108DC000417821B1023003F0D5FE204610BD0C469B
:108DD000FBE700BF201600202DE9F74F2F4C9A46E5
:108DE000637883428046894656D9231893F84251C6
:108DF00085F00105F9B193F84A31E3B945F002076E
:108E00000135BAF1000F18D1FA070AD5062101FB86
:108E1000084104EB0810524601F585718230FFF7D6
:108E200025FEBB0734D504EB0810524649460230F4
:108E3000FFF71CFE2CE02F46E3E794F8A1614FF00A
:108E4000010B002DE0D0A319019393F8991199B962
:108E50000092DAB100F040FD06EB46012144019B8F
:108E600081F8A2014FEA102C009A81F8A3C1000CEE
:108E700081F8A40183F899B194F898310136B6FBD2
:108E8000F3F103FB1166F6B2013DDAE747F00407A0
:108E9000384603B0BDE8F08F0027F9E72016002020
:108EA000F8B5184C064648B3617804F5A1700CF08B
:108EB000CCFB94F898510746294604F299100CF01F
:108EC000C4FB2D1AEDB2AF421AD8002506270FE0D9
:108ED000E21892F8422152B907FB034104EB031355
:108EE000324601F5857103F18200FFF7BFFD0135C0
:108EF0006278EBB29A42EBD80120F8BD0546E5E76F
:108F00000020FAE720160020F0B51B4E737883424C
:108F100089B007460D462CD9331893F8424144BB1B
:108F20000D222146684609F037FCEB788DF80F30AA
:108F30002B798DF80E3006EB07106B798DF80D301C
:108F400004AA04236946823009F044F92A789DF87E
:108F50001F309A420AD16A789DF81E309A4205D194
:108F6000AC789DF81D00231A5C425C41204609B094
:108F7000F0BD0020FBE700BF20160020074B5A7809
:108F8000824209D91A1892F842212AB9062202FB14
:108F9000003000F5857070470020704720160020D3
:108FA000064B5A78824281BF1B1893F83A01B0FAF7
:108FB00080F0400998BF0020704700BF20160020B5
:108FC000F8B50E4607460621304615460CF085FBDF
:108FD000044640B10A482946427800F59D7009F0E0
:108FE000DBFB2046F8BD314638460CF04AFB08282A
:108FF0001FBF034BC018012480F83A51F1E700BFAE
:109000002016002030B50024A0F84240B0F84640B9
:1090100042F210754C43B4FBF2F4A0F84640541EE3
:1090200005FB0343B3FBF2F3A0F84430084BB3FB5A
:10903000F2F30133A0F84A30838F05FB0344436BFE
:10904000B4FBF2F459438463B1FBF2F2426330BDE6
:10905000005A620270B504460D4649BB4FF4427295
:1090600009F09AFB012384F8A6306FF0360384F8E8
:10907000F330042384F8F4306FF03B0384F8F530C8
:109080006F2384F8F6306FF03F0384F8F7302B231A
:1090900084F8F230FE2384F832317F2384F89D3047
:1090A000202384F8F85084F8F95084F85C3270BDBD
:1090B000012922D10023A0F81C3280F81332154B6D
:1090C000C2691344B3FBF2F3C0F8C83040F6B833BA
:1090D000A0F8CC301146C38C9030FFF793FF09F015
:1090E00091F930B1206AFEF787F910B984F800527F
:1090F000DDE7002384F80032D9E70229D7D1B0F8A0
:10910000E232D0F8DC22C169BDE870409030FFF750
:1091100079BF00BF7FC3C90170B504460D4649BB86
:109120004FF4267209F038FB012384F8A6306FF063
:10913000360384F8F330042384F8F4306FF03B03F3
:1091400084F8F5306F2384F8F6306FF03F0384F82D
:10915000F7302B2384F8F230FE2384F832317F235A
:1091600084F89D30202384F8F85084F8F95084F86E
:10917000293270BD012912D1C2690D4B1344B3FBD2
:10918000F2F3C0F8C83040F6B833A0F8CC30C38C46
:10919000114604F19000BDE87040FFF733BF02298B
:1091A000E7D1B0F85632D0F85022C169F1E700BFDC
:1091B0007FC3C901034B80F880101B680BB1008886
:1091C0001847704740010020074B93F900301844BE
:1091D000142804DC10F17F0F03DB40B27047142029
:1091E00070476FF07E007047E8170020084B1B782F
:1091F0005B4240FA83F0142804DC10F17F0F03DB9C
:1092000040B27047142070476FF07E00704700BF77
:10921000E817002007B57F230DF107008DF8073010
:1092200004F034FF9DF9073068B10A4A5078404293
:1092300043FA80F0142808DC10F17F0F07DB40B2FE
:1092400003B05DF804FB1846FAE71420F8E76FF066
:109250007E00F5E7E8170020024B00221A705A70D2
:10926000704700BFE8170020054B1B7833B9054B4A
:109270001A681B7902600371012070470020704753
:10928000EA17002020000020054BFF221A70054A33
:10929000016811600179117100221A70704700BFD6
:1092A000EA1700202000002007B5064B1868009040
:1092B0001B798DF804306846FFF7E6FF03B05DF8D0
:1092C00004FB00BFF23504000346407848B1DB7868
:1092D0003A2B05D8034AD35C1B1A584258417047B1
:1092E000012070473ACA03003A2908B5C17003D873
:1092F000064B5B5C437008BDFF2904D04FF48961C5
:109300002A20F7F7DBFB0123F4E700BF3ACA03008A
:109310002DE9F04385B0894602A9144698460CF021
:10932000C4F9054600283DD1039E34B9012486F8CE
:10933000A540204605B0BDE8F08377692146384650
:109340000AF081FB014678B3194B5B88A3422DD309
:1093500001AA38460AF0BAFC96F8A5300198002B0D
:109360000CBF494602210CF07BFD01982246414684
:10937000033009F099F9214638460AF0A9FB044662
:1093800018B97A212B20F7F799FB9DF808302BB1FB
:1093900002A80CF07AFE039BA3F80A52002386F879
:1093A000A530C6E70124C4E70446C2E72C46C0E75F
:1093B000EC170020024B987FC04300F0010070477B
:1093C000EC170020034B987F80F00200C0F34000B0
:1093D000704700BFEC17002083230B70014B1B78F4
:1093E000CB707047101800207FB505460C4621B998
:1093F0004FF48B711020F7F761FB03888B800023FB
:109400004B72866930460AF053FC014610B940F2AF
:109410001F11EFE701AA30460AF058FCE08010B9AE
:109420004FF49271E6E7FB2802D94FF49371E1E71C
:1094300001980CF01DFD012801D0022805D12072F1
:10944000206828B940F23D11D4E74FF49B71D1E771
:109450000199E288033109F027F930460AF03EFC11
:1094600010B94FF4A171C5E7002130460AF094FB12
:1094700010B940F24711BDE70A4BDA7F82B11A8C6E
:109480002888013A02A91A840CF00FF910B14FF4A0
:10949000A871AFE7039AB2F8B6300133A2F8B6303C
:1094A00004B070BDEC1700202DE9F347DFF85891A8
:1094B00006460D464FF0050800272B693BB11B7A85
:1094C0002BB12C699CB9002002B0BDE8F0876C6814
:1094D000237A012BF7D0EFF3108372B66A68126813
:1094E0006A6003B962B6237A002BE6D02C6194F847
:1094F00008A05FFA8AFA84F808800AF1FF330B2B80
:1095000074D8DFE803F0700612266D3D4C3D3D3DFA
:109510003D60636823B94FF4EE711020F7F7CEFA7F
:1095200031462046984704201BE0636813B940F297
:10953000E511F2E73146204698470346C3F3072377
:10954000012BADF80400C0B253D0022B09D12F611A
:1095500051E0636813B940F2EF11DEE72046984707
:109560000020EFF3108372B6227A052AD1B201D01F
:10957000002944D127722F61002B3CD162B63AE01A
:10958000D9F80030002BEBD060685246314698473E
:10959000BAF10A0FC7D100232B61042094E7636856
:1095A0000BB9DB21B9E70D2232701988A6F8031038
:1095B000012200245869B2707271B47121460AF018
:1095C000EBFA2C61E9E7606810B940F21A21A4E7D0
:1095D0000E4B31461B68984700232B61022073E72E
:1095E00040F2232199E740F2262196E740F2292113
:1095F00093E70323237200283FF45FAF64E7002B57
:109600007FF45BAF62B658E74801002044010020B8
:1096100070B5134C1426231D32460021184609F05C
:10962000BBF803460125257400210433324604F1BA
:109630001800C4E9013309F0AFF884F8245004F1AC
:109640001C03C4E906330023E362236384F8343047
:10965000C4F83530C4F8393084F83D3070BD00BFEF
:109660001018002010B5084C2378FF2B04D04FF4BD
:10967000B7711020F7F722FA08F0F4FD2070BDE86A
:109680001040FFF7C5BF00BF2500002010B5034CF8
:10969000207808F003FEFF23237010BD2500002072
:1096A000014B187808F00ABE25000020014B024A41
:1096B0001A60704744010020E993000038B50B4D53
:1096C00005F118010446FFF7EFFE70B9AB681B7A8D
:1096D0000C2B04D1064BDA7F0AB11B8C2BB1204630
:1096E0000449BDE83840FFF7DFBE38BD1018002040
:1096F000EC1700201418002010B51346027A22B18E
:1097000040F2C9211020F7F7D9F90A46BDE8104008
:10971000014601480CF0E2BC14180020044890F8FF
:1097200034301BB903492C300CF0F5BC704700BF36
:1097300010180020CF6001000346064890F83E2034
:109740003AB190F83D2022B900F8353B02490CF0BF
:10975000E2BC704710180020D993000010B50A46EB
:10976000037A23B140F2D1211020F7F7A7F901467F
:10977000BDE81040014807230CF0B0BC28180020B9
:109780001346027A0AB1037270470A46014601483D
:109790000CF0A4BC141800201B234FF01B12838470
:1097A000038482618382C260038541B94FF4A4734C
:1097B000094AC3844384C261C382026170474FF483
:1097C0002963C38443844FF4A47203F12963C36102
:1097D000C2820361704700BF480148010346084642
:1097E000B3F86820B3F85C10B3F852C0F0B48A4202
:1097F00093F87D40B3F86060B3F85870B3F85650F2
:1098000028BF0A46B3F86A10A3F85220033CB142BD
:10981000E4B228BF3146012C8BBFB3F85A604FF435
:1098200029660C464FF42964974238BF17468E428A
:1098300038BF0E469445A3F85640A3F85870A3F8D5
:109840005A6026D12C1B18BF0124B3F86420B3F84A
:109850005E50B3F85060B3F85410954228BF1546D7
:1098600093F87C20033A012A15D9B3F86220B3F8A3
:109870006670BA4228BF3A46AE42A3F85050A3F8E9
:10988000542002D1914200D144B1F0BC04490CF003
:109890004BBC0124D9E74FF42962EDE7F0BC7047D7
:1098A000356101000B8BA2F80B304B8BA2F80D3009
:1098B0008B8BA2F80F30CB8BA2F809000249A2F8DB
:1098C000113010460CF02ABC97610100014B18784A
:1098D000704700BF4F180020094AD2E900034340F7
:1098E00083EAB01181EA43214FEAF3435360054B09
:1098F000116058434FEAF06000EB8000704700BFF2
:1099000050180020BB79379E094AD2E90003434032
:1099100083EAB01181EA43214FEAF3435360054BD8
:10992000116058434FEAF06000EB8000704700BFC1
:1099300028000020BB79379E10B50A4C0948082141
:10994000F7F7FCFAD4E900231343F7D0064CFFF7EE
:10995000DBFF2060FFF7D8FF236860600343F6D089
:1099600010BD00BF2800002050180020174B184AD7
:109970009A60184A5A60184A1A60184A9A62184A35
:10998000DA62184ADA60184A9A61184A1A63184A61
:109990001A62184ADA64184A9A64184A5A62184BCA
:1099A000184A9A60184A5A62184ADA62184A1A61C2
:1099B000184A5A61184A9A61184A1A63184A9A64EE
:1099C000184ADA64184A9A63704700BF4C010020B5
:1099D00097640100CD640100456501001D67010029
:1099E0008F670100DD9F0000A56701009DA20000B8
:1099F000E5A0000099680100BD6801005DA10000BC
:109A000038020020B964010045680100C767010001
:109A10006B670100EB67010085A000007B69010016
:109A20001B690100FF6801002B680100044B054A17
:109A30005A65054B054A1A65054A5A65704700BFC5
:109A40004C0100203F66010038020020256601001D
:109A5000C5660100054B064A9A65064A1A66064B1A
:109A6000064A9A65064ADA65704700BF4C01002035
:109A70001F530100C753010038020020E7510100C5
:109A8000CD5501002A2A73B505460C462ED82A2A40
:109A90002FD8DFE812F0330074007E008A00A200A5
:109AA00088008800B100B300B90088008800BE00BB
:109AB000C900B3002E002E00CD0088008800E80009
:109AC000E800EF00F60002012E002E0021013E0109
:109AD0004B01510157016201640166016801730184
:109AE0007B01920194012E002E008301FF2A00F0D9
:109AF000688140F2FE315120F6F7E0FF4168D1F86D
:109B00005032B1F8482241F64B50834294BF642052
:109B100040F2E240B2FBF0F241F64B50D2B2834247
:109B20002271D1F84C2294BF642040F2E240B2FB93
:109B3000F0F292B26271120AA3F57A70A27141F248
:109B4000707290429DBF4FF47A72B3FBF2F303F54B
:109B5000506340F2E24288BFB3FBF2F39BB2E37181
:109B60001B0A2372B1F8543263721B0AA372B1F854
:109B70005612204602B0BDE870400CF09DB9436813
:109B8000D3F838122046013102B0BDE870400CF025
:109B9000C7B902784368012A02D193F8343101E051
:109BA00093F84131237102B070BD4568204605F538
:109BB0001F710CF0C4F905F5217120460CF0C9F9AC
:109BC00005F5177120460CF0CAF905F5907120468D
:109BD00002B0BDE870400CF0D0B94168204601F2F7
:109BE00026210CF0D2F96968204601F5927102B085
:109BF000BDE870400CF0CBB94368CEE7084602B030
:109C0000BDE8704000F000BB02B0BDE8704000F05D
:109C10000DBB0E230B7159234B7100238B716B23EA
:109C2000CB7110230B72BEE7436893F82A31B9E772
:109C3000037846687BB996F8343163B196F82D11F4
:109C400020460CF010FA96F82C11204602B0BDE820
:109C500070400CF00CBA96F82B1120460CF003FA69
:109C600096F82A11F1E74168204602B0BDE870403D
:109C70000CF0F9BB436893F84E21227193F84F31F1
:109C800009E0436893F84C21012AF4D093F8782036
:109C90000A7193F87930637185E7456895F8430256
:109CA0000BF033FB014620460CF0C8F995F8420250
:109CB000C31E012B07D895F87C30DA1E012A02D882
:109CC000984218BF00200BF020FB0146204602B04E
:109CD000BDE870400CF0AEB9456800232046012174
:109CE0008DF804300CF0C8F82A7C6B7C032A08BF7E
:109CF000002203F01F0343EA82139DF8042002F0C0
:109D00002002134301A920468DF804300CF0BDF861
:109D100049E743680F211888F7F7A4FB00F15B01BE
:109D2000204602B0BDE870400CF061B9084602B0B0
:109D3000BDE870400DF0B8BB084602B0BDE8704009
:109D40000DF0BABB244B1B68002B3FF42CAF294607
:109D5000204602B0BDE870401847204BF3E7204B87
:109D6000F1E7204BEFE7204B1B68002B3FF41BAFC4
:109D70000246232002B0BDE8704018471A4B1B680A
:109D8000002B3FF410AF02462420F3E7164B1B686C
:109D9000002B3FF408AF02462520EBE743680F2174
:109DA0001888F7F75FFB00F17D0200F15B012046A8
:109DB00002B0BDE870400CF026B90C4BC3E70C4B69
:109DC000C1E7436893F8CF22D3F8D012204602B0FF
:109DD000BDE870400CF05CB8280300202C03002084
:109DE00024030020300300203C030020380300201F
:109DF000340300203A289ABF024B53F82000002079
:109E0000704700BF4C0100203A289ABF024B53F81C
:109E100020000020704700BF3802002030F8023CCC
:109E2000F7B504460D467BB100238DF804308DF85C
:109E300005309DF80430002063F307009DF80530DD
:109E400063F30F2003B0F0BD184B30F8B86C1B68FB
:109E50000BB128389847164B1B680BB13046984712
:109E60000A2300272B70AF70A5F80360637A54F8BB
:109E7000A00C6B7109F0ACFE18B9B2216320F6F7A3
:109E80001DFE3046FEF758FC39463046F7F700FB1A
:109E900002213046F7F7FCFA18B9064B1B6803B1EC
:109EA000984704238DF804300023C0E740030020C6
:109EB0004803002044030020F7B545686E69044656
:109EC0004FF6FF770DF102010DF101023046ADF8BA
:109ED000027009F019FE01A9304609F038FE40B1C0
:109EE000019809F0F9FE616800220272FFF736FC62
:109EF000E8E7044905F1B80003B0BDE8F0400CF014
:109F00000DB900BF1D9E0000F0B5044685B00D469A
:109F1000FF2600F8B56C10F8B63CF3B1174F3B784C
:109F20001BB148211F20F6F7C9FD0C21381DF7F79A
:109F300005F83E70002304F8B53C2A46092302F8D0
:109F4000033BD4F80930C5F80330D4F80D30536022
:109F5000D4F81130936005B0F0BD01A80C21F6F7DC
:109F6000EDFFA4F5E073039A1A6001AB03CB44F84C
:109F7000BE0C44F8BA1C04F8B66CDBE75818002095
:109F800010B5054C23782BB90C21201DF6F7D6FF10
:109F9000FF23237010BD00BF58180020024690F820
:109FA0002E32BBB990F82F3203F0FF010BB1002025
:109FB0007047094B18780028F9D01970D968C2F891
:109FC0002411043303CBC2F82602C2F82A12FF235D
:109FD00082F82E32012070475818002038B54268A8
:109FE00092F89F3004460D463BB1142B05D0123B2E
:109FF0000B2B94BF0820012038BDD2F8383183BB29
:10A0000092F8E23013B920460CF0EBF9616828466B
:10A0100001F21E210BF0AAFF6168284601F590713C
:10A020000BF0AFFF61680B88A1F8ED32284601F212
:10A03000EF210BF089FF6168284601F2F7210BF050
:10A040008BFF6368002583F82E5260680C4900F589
:10A0500039700CF060F86368162283F89F20284658
:10A06000CAE70C22032120460CF0D4F9636832229F
:10A07000204683F89F200CF0B4F90020BCE700BF15
:10A08000099F000038B5436893F89F201D2A0446B5
:10A0900004D040F2BB111F20F6F710FD93F8E21038
:10A0A0001D88002283F8E12003F5F37069B10B49A4
:10A0B00083F8E220A3F8F05183F8EF210CF02BF89D
:10A0C0006368002283F89F2038BD012283F8EF11D6
:10A0D000A3F8F051024983F8F221EFE70967010084
:10A0E000FB66010010B5034600785B6820B993F861
:10A0F0009F202AB1012021E0D3F89020D207F9D483
:10A100004C688968144A21F41E5121F01001224044
:10A110000904090CC3F8F220C2F30762C3F8F61071
:10A1200042F00802002183F8F520A3F8DE1030B9D0
:10A13000012283F8E020042283F89F2010BD93F8C9
:10A14000E020013283F8E020D3F8902042F00102B1
:10A15000C3F890200846F1E72FC904F770B54368AB
:10A1600093F89E20042A34D14E688C681B4A0578E7
:10A17000324024F41E54C3F8F22024F01004C2F339
:10A18000076242F008022404240C83F8F520002220
:10A19000C3F8F64083F8DC2083F89E2015B94268A6
:10A1A00082F8535193F8B42102F0FF049AB91A8847
:10A1B000A3F8B62183F8B5414A68C3F8B8218A6884
:10A1C000C3F8BC21064903F5D6700BF0A4FF204666
:10A1D00070BD0124FBE70024F9E700BF2FC904F795
:10A1E00009680100406890F8B43153B90388A0F8B9
:10A1F000B6311A2380F8B531024900F5D6700BF05C
:10A200008ABF70470968010010B50446FEF7FEF9E1
:10A2100021F41E51044B21F0100109040340090CE4
:10A220006360A16010BD00BF2FC904F737B50C46AD
:10A230004568FEF7EBF90A4B95F8F22021F41E5120
:10A2400021F01001034009040093090C13408DF81C
:10A25000003001916B4603CB6060A16003B030BD5C
:10A260002FC904F7DB0410B5144604D5037D13B1E0
:10A270000023436310BD436B013343630CF05EFB6B
:10A28000D0E90D239A42F5D30023436302492046C7
:10A29000BDE810400BF048BF8B68010070B5446802
:10A2A000067894F89E30012B0D4609D026B994F813
:10A2B0009F302BB1012043E0D4F890309807F9D4B7
:10A2C00094F8E330990719D428460BF063FE84F81C
:10A2D000ED00B5F80530A4F8EE30B5F80730A4F875
:10A2E000F03094F8E33043F0020284F8E320DA0718
:10A2F00010D51D4904F1E4000BF016FF94F8E3308B
:10A30000DB0713D4EEB994F89F3043B14E214020BF
:10A31000F6F7D4FB94F85231002BEAD1EEE7012393
:10A3200084F89F3084F8E030A4F8DE6094F89E3022
:10A33000012B4FF0000003D184F89E0084F8DC006C
:10A3400070BDD4F8903013F0020201D05521DEE741
:10A3500043F00203C4F8903094F8E030A4F8DE2013
:10A36000013384F8E030E1E75D69010070B54568CC
:10A370000446FEF74FFF054B85F89D001B6801461C
:10A380001BB12046BDE87040184770BD5003002047
:10A39000024B1B6803B11847704700BF4C030020F5
:10A3A000F0B5204E054630780024147080B1431E6D
:10A3B0007768DBB2181B01280BDC07EBC40057F8E9
:10A3C00034604068884208BFAE4212D11470012048
:10A3D000F0BD1819461007EBC60E57F836C0DEF868
:10A3E0000460AC45C0F347008E412CBF03460446D1
:10A3F000E0E7B54271EB000002D214700020E7E7FD
:10A4000007EBC30057F833404068884208BFAC42AE
:10A4100001D11370DBE7A542814128BF01331370DE
:10A42000ECE700BF7818002010F0070208B503D051
:10A4300063214820F6F742FB18B1034B19725860AC
:10A440001A70C80008BD00BF78180020014B002218
:10A450001A70704778180020014B187A704700BFB7
:10A46000781800202DE9D3430CF0BAFA0DF1070259
:10A4700007460E46FFF794FF98B9114C2278237ACD
:10A4800093420ED0616813466FF0604E9DF807004E
:10A49000984209D301EBC003C3E900760132227070
:10A4A000012002B0BDE8D08303EB0E0001EBC00039
:10A4B000D0E90089013BC0E90289DBB2E6E700BFD1
:10A4C0007818002037B50CF08BFA0DF10702FFF772
:10A4D00067FF0446A0B10C4A9DF807001378556841
:10A4E000013BDBB213701A1AD2B2411CD200834274
:10A4F00038BF002205EBC10105EBC00008F08EF863
:10A50000204603B030BD00BF781800200A468223E1
:10A5100002F8033B04480368C1F803304368536002
:10A5200083689360704700BF81180020024816229C
:10A53000002108F031B900BF8118002017B402AB28
:10A5400003E903001A48437D7BB30B469DF80010D6
:10A5500001BB93F87C10174A32F811204FF47A713E
:10A5600002F23F62B2FBF1F2D3E980146E3144F1A2
:10A570000004521844F1000419880180426084608C
:10A58000B3F898300C49438002220C3003B010BC61
:10A59000FFF7F6B8520608D51A880280D3F8802251
:10A5A0004260D3F884228260EAE703B010BC7047AF
:10A5B0008118002076CA03000DA500000F4B33F868
:10A5C000113010B5042900F1FF3403F2E7334FF4E2
:10A5D0007A724FEAC414B3FBF2F309D003290AD00C
:10A5E00002290CBF6022F022234400FB023010BD80
:10A5F0004FF4D262F8E740F2BE22F5E780CA0300CA
:10A6000010B5264B1A68D2F80F300362537D117DC6
:10A610001B0443EA0123D17C0B438363B2F8191076
:10A620006FF45063CB18062B96BF4FF47A7340F249
:10A63000E243A1F550615943C161937D41F64B540A
:10A64000A14285BFC3EB431403EB840303EB8303F5
:10A6500003EB830395BF03EB83035B009B009BB27B
:10A66000A0F8403041F64B54B2F81730A14294BFE5
:10A67000642140F2E2414B43C363B2F81B30838450
:10A68000B2F81D30C38492F8243003F01F025B0936
:10A6900080F8B22080F8013210BD00BF9818002069
:10A6A00038B5074D044600F1690128680BF090F9B0
:10A6B00094F868102868BDE838400BF097B900BFDF
:10A6C00098180020F7B5044680300AF096FFD4F8B9
:10A6D00088300BB101221A606388DB0727D500237D
:10A6E000CDE90033134E256A02238DF80630FF238F
:10A6F00086F8203005F10A076846F6F7EDFEB0B996
:10A70000009CA542F8D06A7A607A3B4604F10A01BF
:10A710000AF07DFF0028EFD0A37886F82030D4F827
:10A720000330C6F82130044BB4F807209A8003B0F8
:10A73000F0BD00BF98180020B918002038B5084DAA
:10A74000044600F169010623286800220BF06EFA26
:10A7500094F868102868BDE838400BF047B900BF8E
:10A7600098180020F8B504460E466588C07F15F09D
:10A770000401134618BF04F177013246FEF72CFBA3
:10A78000C20705460BD5012384F86830E07FFEF749
:10A79000F5FB0368C4F869308388A4F86D30AB0713
:10A7A0000CD5094E0127306884F8767004F17701E2
:10A7B0000BF015F9306839460BF025F985F00400E7
:10A7C000C0F38000F8BD00BF9818002010B5044603
:10A7D000084694F8E0306BBB237884F8E130082910
:10A7E00004F1E30216D004F1E201FEF79DFA20B96C
:10A7F00040F6FB612D20F6F761F994F8E23043F062
:10A80000020384F8E23004F1D8000B49BDE810409F
:10A810000BF081BC094B1868034613F8031BC1F306
:10A82000801184F8E210D0F80310C4F8E3109B887C
:10A830009380E8E710BD00BF236A0100981800204C
:10A8400070B504460E461546FDF7BEFE98B923784E
:10A8500084F8C830637CA4F8C96084F8C7500BB191
:10A8600094F8483084F8CB3004F1BE000249BDE8CA
:10A8700070400BF050BC70BD396E010038B5B0F8B7
:10A8800048301A4D0133A0F84830AB7C04462BB158
:10A8900003F0EEFB02F0A4F90023AB7400232B714C
:10A8A00094F891302BB101212046BDE83840F9F7EA
:10A8B00099B9637CBBB1B4F848209A4213D3012103
:10A8C0002046F9F78FF96388DB0748BF236A2046E3
:10A8D00044BF19884322BDE838405CBF43224FF68D
:10A8E000FF71FFF7ADBF0021DEE700BF9818002021
:10A8F00010B5094C2379012B02D02379022B05D105
:10A90000A37C1BB103F0B4FB02F06AF9A06ABDE8B6
:10A910001040FFF7B3BF00BF98180020074A034656
:10A92000906A03B909B9FFF7A9BF1379D26A03F195
:10A9300080431269033B52F82330184798180020CF
:10A940002DE9F043032985B0054690467BD090F869
:10A9500090300529DBB202D14288D60760D5002BA2
:10A960005ED10127DFF8E89099F81260B6B10AF0DD
:10A9700092FE082888F8000014D002AA0DF1070101
:10A98000FEF7D2F920B940F685612D20F6F796F84A
:10A990009DF8070002A90CF02FF8064698F8003041
:10A9A000082B08D1D9F8001011F8030BC0F3801060
:10A9B0000CF022F80646D9F8001095F86F2011F82F
:10A9C000030B05F17003C0F380100AF020FED9F8E4
:10A9D0000010044611F8030BC0F380100AF051FE7A
:10A9E0008146FEF7DDFA014640B1B9F1080F1BD0F0
:10A9F0004846FEF79BF880F00101C9B298F80000C4
:10AA0000082815D094B9EB7F1C1A604260416B880E
:10AA10005A0706D421B996B96B7D93B1BB4210D0C9
:10AA2000002005B0BDE8F0830021E7E70120EEE754
:10AA300014B181F00104E4B204F00100E7E730460C
:10AA4000EFE70120EDE743889B07E9D5022789E777
:10AA5000981800202DE9F341444C2379012B07D0AD
:10AA60002379022B04D040F63C412D20F6F726F83E
:10AA7000A26A176A0FB197F88170A8B90125A37C63
:10AA80001BB103F0F5FA02F0ABF8002D6BD0A06A11
:10AA9000F8F796FE002860D003F012F9E36A9B688D
:10AAA00002B0BDE8F0411847216811F8096B02F1C6
:10AAB0006903F00992F868200AF0A9FD0028DDD0AA
:10AAC00006F00F06052E20682CD190F8243003F0F4
:10AAD0001F03102B26D9D4F8288098F813500DB3F3
:10AAE00008230DF10702314640468DF80730FFF785
:10AAF00027FF0028C3D098F8F130002BBFD122687F
:10AB000008F1F201D31C233253F8040B41F8040B73
:10AB10009342F9D11B880B8008F1E90014490BF02E
:10AB2000FAFAACE739460AF096FF0028A6D0237956
:10AB3000A06A012B05D02379022B02D040F61541E3
:10AB400093E72379E26A03F180435269013B31467E
:10AB500052F823309847054691E7A06A02B0BDE855
:10AB6000F041FFF78BBE02B0BDE8F08198180020DD
:10AB70003B6A0100032973B5044604D0052927D098
:10AB8000012002B070BD08230DF107028DF80730D7
:10AB9000FFF7D6FE0028F3D0237C23B19DF80710E1
:10ABA0002046FFF713FE0F4D2B68062204265A702D
:10ABB0001E702046FFF774FD94F85C20A16D286894
:10ABC0000AF03AFF28682E7103F096F90020D8E7C2
:10ABD000054B1B6823B1984780F00100C0B2D0E755
:10ABE0001846CEE79818002058030020F8B5044610
:10ABF0000F4619B300F1300528460CF0E8FAA0B969
:10AC000063881A072ED528460CF0F8FA064628461F
:10AC10000CF0DDFA301AC0B20CF000FB444A936825
:10AC20000344284693600CF0AEFA28460CF0B0FAC4
:10AC300002F09EFE2179252002F0F0FC3C4D94F8B4
:10AC4000762028680023037043706388103B0D2B27
:10AC50005ED8DFE803F0595D550C5D405D5D5D5DDC
:10AC60005D5D5D402046BDE8F840FFF707BE062366
:10AC70004370202303702046FFF712FD638823F002
:10AC800008039BB2152B05D094F85420216D286839
:10AC90000AF0C3FE286803F02FF9032321792B71F2
:10ACA000002002F06BFE064607B9E86063881B07C8
:10ACB00004D50CF0B0FA0644C4F828616388103B50
:10ACC0000D2B30D8DFE803F0322F29292F292F2F21
:10ACD0002F2F2F2F2F290C2343702123037042B1D4
:10ACE00004F177010AF07BFE012128680AF08BFE4F
:10ACF000C1E704F170010AF072FE94F86F10F4E7F6
:10AD0000062303704370B6E7022303700623F9E7B6
:10AD100040F226612D20F5F7D1FE21790120BDE812
:10AD2000F84003F0BFB940F6AA41F3E7F8BD00BF11
:10AD30009818002038B54388102B044604D1BDE88C
:10AD400038400121FFF752BF0B4DAB7C23B101F01E
:10AD500029FF402003F080F9286803F0CDF86088CF
:10AD600010F0040002D1217903F09CF9002003F0D7
:10AD700031F901232B7138BD98180020024B0121B5
:10AD8000986AFFF733BF00BF981800202DE9FF47EE
:10AD900008230DF10702052104468DF80730FFF75F
:10ADA000CFFD002800F08580444D206AFFF728FC85
:10ADB0002B68D3F81F0093F823208DF80C20029005
:10ADC000226AD3F80310C2F80310B3F80710A2F8F0
:10ADD00007101B78206AC3F380138370384B1B68FD
:10ADE00013B1012221469847266A2868B7780E23B6
:10ADF0004FF00808437080F8008000210AF03CFF03
:10AE0000002228684FF003010AF03DFF2046FFF7BB
:10AE100095FC286839460AF0F6FD062301222868C9
:10AE2000F11C0AF003FF6179FF2002F0F7FB2868AC
:10AE300003F062F8266A677994F914A00DEB080113
:10AE400006F1A6000AF013FD86F87C7086F87D7086
:10AE50004FF0FF0986F87E90F91E01298CBF002172
:10AE6000012106F14400FEF797FC51463046FEF7FB
:10AE7000A1F9216A9DF80720002384F89D300B88F2
:10AE8000A4F89E304FF6FF73A4F8BC3084F8BB9052
:10AE900020460BF06AFF236A1A88A4F8D52093F89D
:10AEA000A63084F8D73085F80480012004B0BDE8CE
:10AEB000F0872046FFF7E2FCF7E700BF9818002074
:10AEC0005C0300202DE9FF4708230DF1070205214F
:10AED00004468DF80730FFF733FD064620B90026FB
:10AEE000304604B0BDE8F087414F396897F820201C
:10AEF00011F8030B07F12103C0F380100AF087FB60
:10AF000005460028EBD13A68216A104691F8A63030
:10AF100010F803CB03EA5C1303F0010381F8A630B9
:10AF2000D2F80330C1F803308388A1F80730134604
:10AF3000D4F820C013F81F1BC1F380118CF8021045
:10AF4000D2F81F001B79029060468DF80C30FFF795
:10AF500057FBD4F8208094F914A002A908F1A600A8
:10AF60000AF085FC40F20113A8F87C304FF0FF098D
:10AF700088F87E90294608F14400FEF70DFC514602
:10AF80004046FEF717F9216A84F89D500B88A4F813
:10AF90009E304FF6FF739DF80720A4F8BC30204682
:10AFA00084F8BB900BF0E1FE124904F194000BF021
:10AFB000B2F8236A10491A88A4F8D52093F8A6306D
:10AFC00084F8D73004F1CC000BF0A5F8236A2A46A8
:10AFD00019882046FFF734FC084B3D711B68002B95
:10AFE0003FF47EAF206A2A462146984778E700BFA3
:10AFF00098180020196D01000D6A01005C03002003
:10B0000010B5154CA37C1BB103F032F801F0E8FD3C
:10B01000A06AF8F7D5FB20B1A06A438803F01803B3
:10B0200023B9A06ABDE81040FFF728BC2379012BA3
:10B0300007D02379022B04D040F643312D20F5F7B9
:10B040003DFD2379E26A03F18043D268013BBDE80C
:10B05000104052F8233018479818002010B50948BE
:10B06000037903F0FF0453B924222146043007F08A
:10B0700093FB02F0FDFF01F0B3FD204610BD0C2450
:10B08000FBE700BF9818002010B5094C002323717E
:10B090002060FFF7E3FF20B140F2F6212D20F5F705
:10B0A0000DFDE36A13B940F2F921F7E710BD00BFC7
:10B0B00098180020014B024ADA6270479818002065
:10B0C0007CB50000044B054A1A60054B054A1A601E
:10B0D000054B064A1A60704758030020C5AE0000B1
:10B0E0005C0300206D3B0000540300208DAD000088
:10B0F000F8B5867DB31EDBB2012B04468CBF00275A
:10B10000012796B3023E18BF0126012B2DD800F16E
:10B11000700190F86F000AF0B4FA054663889B0648
:10B1200005D4082D2CD02846FDF70CFD40BBE57753
:10B13000A77784F86860FDF7F1FD05460CF0C9FBC0
:10B14000164BA5FB03351B1845EB01050022C4E98E
:10B15000183584F8762011462046FFF703FB70B9B6
:10B1600040F293412D20F5F7A9FC0825D6E704F11C
:10B1700069013046FDF76CFB0028D8D10020F8BDEE
:10B18000002EF4D0637F002BF8D0D4F81730C4F829
:10B190006930B4F81B30A4F86D30C8E740420F00A6
:10B1A0002DE9F04F07460C4605460FCF9BB00EAE7B
:10B1B0000FC60FCF0FC697E80F0086E80F0006A84E
:10B1C0006E7995F812900BF0C3FFA37A029323785F
:10B1D0000393237D6178013BDBB2022B01F07F08F2
:10B1E00000F28180684A1344C9069F7B06D4A37D80
:10B1F000013BDBB2022B76D813449E7BB9F1010FE1
:10B2000005D1042F08BF0327042E08BF0326617A47
:10B2100006A80BF0A4FF237DA27E022B08BF617D50
:10B2200002F1010206BF0131C9B20121D2B206A862
:10B230000BF097FF18F0080F6CD106A80BF0DEFF9B
:10B240006378DA06824653D4F6F742FA39468146E5
:10B250005046FFF7B3F9CDF800800146012332468E
:10B2600048460BF0F9FB2279E37843EA022362793E
:10B2700040F2712143EA024300F2D7204B43B0FB76
:10B28000F1F04843984238D84FF0000B94F818A0DA
:10B290000593A37C04930AF1FF33D3F1000AE86C11
:10B2A0004AEB030A08F0C5FE8146E86C08F0D1FEBF
:10B2B000484538BF484680B2059B0DF1180960B378
:10B2C00008A9CDE90A3BCDF82090ADF824808DF88F
:10B2D00030708DF831600BF0F0FC059BE8B945202B
:10B2E0001BB0BDE8F08F40F229310620F5F7E6FBF0
:10B2F0002822414600F04EF9B5E7E379A27942EA07
:10B300000322237A42EA034201FB02F3984298BFE8
:10B310000346B9E700239B46B8E7CDE9103B049B01
:10B320008DF84D30039A029B8DF83C708DF83D608E
:10B330008DF848A08DF84E308DF83820ADF83A8061
:10B340000EAF0FCF2E460FC60FCF0FC697E80F00D8
:10B3500086E80F0099E803002863A986E37A13F0D2
:10B36000FD0F14BF0123002385F86F30E3682B67BE
:10B37000238AA5F87430E27D95F8463062F307130E
:10B3800085F846300020ABE780CA03002DE9FF4175
:10B39000564E3279044602F0FF0312B90278FF2AB2
:10B3A00004D140F6A9112D20F5F788FB3382B36054
:10B3B0007371B37180F891304D4B00934D4B0193F5
:10B3C0004D4B0293F36A68465B68039302F07EFD7F
:10B3D00002F0B6F902F04CFE01F002FC474802F020
:10B3E000BDFA04F13005464802F06AFD28460BF02C
:10B3F000CAFE28460BF0CCFE02F0BAFA21792520CD
:10B4000002F00CF994F9140002F0A2FA04F15001D0
:10B41000E06C08F09DFD04F158010746E06C08F06F
:10B42000BEFD80461FB194F82430002B38D1B8F10E
:10B43000000F37D094F82550A37F13B963885B07BA
:10B4400009D5D4E918126FF000439A4208BFB1F150
:10B45000FF3F29D185BB002F08BF474694F89330A2
:10B4600003B9AFB1638813F0100511D1606CC0F35C
:10B470000B200BF009FE94F8463084F8450023F0C9
:10B480000F03C0F30320184384F8460084F8935058
:10B4900030680330FDF78EFCB07404B0BDE8F08175
:10B4A0000125C9E74546C7E70CF013FAD4E918238C
:10B4B000904271EB0303CDD3012205EA020120463D
:10B4C000FFF750F968B1FDF729FC05460CF001FAC9
:10B4D0000C4BA5FB03351B1845EB0105C4E91835DA
:10B4E000B9E7002DB7D040F6DE115CE798180020D0
:10B4F00001B0000055AA00001DA90000D6BE898E2B
:10B500005555550040420F00024B9862DB6A1B689C
:10B51000184700BF9818002043881A0710B5044642
:10B5200011D5036A10493C2280F89D201B88A0F8A1
:10B530009E30FF2380F8BB304FF6FF73A0F8BC307D
:10B5400094300AF0E8FD6388DB0743BF236A3C229E
:10B5500019883C2258BF4FF6FF712046FFF770F95B
:10B56000FF2384F8913010BD196D010075AB000008
:10B5700035AD00008B6E0100856E01009B700100EF
:10B58000F1A800007DAD000078B5000070B50000A6
:10B590006CB500000138022808B503D9C3212F205B
:10B5A000F5F78CFA13290A4B05D811290CD8102964
:10B5B00007D0D121F3E71529FBD103EB4003D8884D
:10B5C00001E033F8100008BD03EB40039889FAE767
:10B5D00092CA0300F8B52F4B1A88402842EA0002AD
:10B5E0001A8005D104219868BDE8F840F8F7ACB995
:10B5F000802801D10521F6E700F00302032A04D1D7
:10B6000040F6CA113120F5F759FA10F0020418BFBC
:10B61000D960C50705D5CA781961062A0DD00B2A4D
:10B6200018D02CB1DA68D278052A1FD00B2A2AD07C
:10B63000820644BF08221A75F8BD9A6892F89F10D6
:10B640001929EED1002600270121C2E9406782F8BE
:10B65000A310E6E79A6892F89F10132901BF002112
:10B6600082F8A310012182F8E210DAE79A6892F8D2
:10B670009F101729DCD100240025C2E94245012191
:10B6800082F8A410D4E79A6892F89F101229CFD1BB
:10B690000021F5E7C818002013B5044601A8FDF7FE
:10B6A0005FF820B940F2CA713120F5F707FA32226B
:10B6B0000021019807F070F8019803210AF0D0FBEF
:10B6C0000198037823F0100303702146FDF70CFE68
:10B6D000019906482246FEF7D5F9FDF757F810B94B
:10B6E00040F2D471E0E702B010BD00BFCC180020DA
:10B6F00070B5274CA36893F8D66293F8D752002E02
:10B700003FD193F87C10002D3DD193F87D2083F834
:10B710007C1083F87D20FF2283F87E201D4B1B6860
:10B720000BB1A0689847A36893F84C31012B02D065
:10B7300056EA050303D018480021FCF79BFFA068D8
:10B7400044300AF076FD0546A06800F27511FEF758
:10B7500045F8A0680621F8F7F7F8A06844300AF029
:10B7600068FD8542044610D204F004F80146601BCF
:10B77000322838BF322006F071F8B0FA80F0400964
:10B7800070BD3146BFE72A46C1E70120F8E700BF98
:10B79000C818002074030020CC1800200029A0F154
:10B7A0000E0310B508BF1F21182B22D8DFE803F0C5
:10B7B0000D2121210D210D21120D212121212136C3
:10B7C00021213C21212F2F2F4700BDE810400021CF
:10B7D0000BF028BD1E4CA36893F89E20222A0AD1A4
:10B7E000201DFCF747FFA368002283F89E2083F802
:10B7F000DC20002010BD2F2AFBD193F89F30A3F14D
:10B800002102062AEFD92F2BEDD02A21E8E7114B90
:10B810001B68002BEDD0BDE8104018470E4B1B688D
:10B82000002BE6D01D20F6E70C4B1B68002BE0D068
:10B8300007480A46BDE81040806820211847084B99
:10B840001B68002BD5D0BDE810400648184700BF44
:10B85000C818002070030020880300206403002023
:10B8600098030020CC180020134B097902469868F1
:10B8700090F89E30222B13D02F2B11D0292B11D0D2
:10B88000042B11D0102B11D01E2B11D090F89F003B
:10B8900024280FD0302B14BFFE202620FFF77EBFB8
:10B8A0001620FBE72320F9E70E20F7E71220F5E743
:10B8B0001420F3E71720F1E7C818002008B50C4B57
:10B8C0009B6893F83221FE2A04D040F2D9713120CE
:10B8D000F5F7F4F883F8320111B9A3F8DE1008BDCA
:10B8E0000022A3F8D820012283F8DC20F7E700BF6C
:10B8F000C8180020104B1A7DCAB970B99B68D96965
:10B9000041F64B52914215D9B3F86C10B3F8502060
:10B9100091420FD81846F7F76BBF1A88120708D55F
:10B920009B6893F8A000083818BF012070470020DA
:10B9300070470120704700BFC81800204368D3F843
:10B94000903013F0300F2DE9F74304460D4656D1E1
:10B9500008460AF039FB30B92946204603B0BDE855
:10B96000F0430AF06CBD284666680AF029FB0746DA
:10B9700028460AF021FB804628460AF023FB814630
:10B9800028460AF01BFB443600904B464246394697
:10B9900030460AF083FC1B4B1A88920711D5DA68EF
:10B9A000D278142A0DD16268D2F8903043F0100397
:10B9B000C2F8903020460AF014FD002003B0BDE824
:10B9C000F083626892F89E101E29ECD092F8432111
:10B9D000002AE8D1626892F84221002AE3D1616826
:10B9E000D1F8902042F02002C1F890209A681146C8
:10B9F00002F5BF7231F8440BFDF754FFDAE701207E
:10BA0000DCE700BFC818002010B5164BDB681979B9
:10BA1000436893F89E200A2A09D193F829218A4283
:10BA200005D1002283F89E2083F8DC2010BDD3F8D6
:10BA3000902012F0080407D022F00802BDE8104060
:10BA4000C3F890200AF0D7BCFF2905D1342283F82F
:10BA50009E2083F8CC42E9E740F2DE413120F5F741
:10BA60002DF800BFC818002010B504460879626898
:10BA7000262892F89E303BD8112807D80E2839D1B5
:10BA800022460121BDE810400BF0CCBBA0F1120210
:10BA9000142A2FD80FF2040C5CF822F081BA0000AF
:10BAA000F5BA000081BA0000F5BA0000F9BA00004A
:10BAB00081BA0000F5BA0000F5BA0000F5BA00003E
:10BAC000F5BA0000F5BA000047BB0000F5BA000067
:10BAD000F5BA0000F5BA0000F5BA0000F5BA0000AA
:10BAE00035BB0000F5BA0000F5BA00004FBB0000FE
:10BAF000FF2833D0002010BD222B01D02F2BF9D1ED
:10BB000020460AF065FC636893F89F20232AF1D051
:10BB100093F8F32022F0010283F8F320626892F890
:10BB2000F33023F0080382F8F3301A212046FCF7A3
:10BB3000A1FDDFE7292BDDD10C4B1B68002BD9D0F1
:10BB400020469847D6E7332BD4D1094BF5E7094B6C
:10BB50001B68002BCED020469847CBE7064B9B694D
:10BB6000002BC7D0012382F8CE32C3E77803002030
:10BB70008C03002090030020C8180020F7B5934CD8
:10BB80000546002840F0DD8023881F0752D5A368B2
:10BB900093F83221222A13D02A2A01D01C2A05D157
:10BBA000002283F854218A480AF012FCA36893F813
:10BBB0003221FE2A11D14FF4AA613120F4F77EFF21
:10BBC00083F85601834B1B68002BECD0A06800F56E
:10BBD000AB7100F59C709847E5E7FE2283F83221AF
:10BBE00093F89F201B2A08D1002683F8E16078484B
:10BBF0000AF001FCA36883F89F60A36893F89E2075
:10BC0000342A3AD0402A41D0212A0AD193F89F20E1
:10BC1000A2F12101062901D92F2A2CD12F2283F844
:10BC20009E20A36893F8A020082A02BF0222227750
:10BC300083F832212388DE0757D5A368276993F854
:10BC40009F30123B0B2B0DD8FB78023BDBB2092B4C
:10BC500000F2B780012202FA03F340F233321342BA
:10BC600000F0AF803846FDF72FFB98B939465848A9
:10BC70000AF0E5FB89E02222D1E7012283F8CD22F8
:10BC8000002283F89E2083F8DC20CAE750480AF09F
:10BC90009FFBC6E7FE78012E01D9162E0FD1A368AF
:10BCA00093F89E000AF0BCFB48B1A36893F89E206D
:10BCB000212A04D0222A40D12F2283F89E20112E3F
:10BCC00067D058D8072E66D00D2E66D03046FEF7C6
:10BCD00091F80346002855D1FF2EC7D1A369002B48
:10BCE000C4D0A368012283F8CE222388580706D542
:10BCF000A26892F8A020072A04BF012222779907A0
:10BD00000FD5E368DE780D2E49D0112E49D0072ECD
:10BD100049D03046FEF778F80346002845D02C4835
:10BD200098472388DA060CD5A36893F89F200B2A3E
:10BD300007D10C2283F89F2003E0162E0CBF20258C
:10BD40000225237D1B0713D5A36893F89F30123B70
:10BD50000B2B38D9002601A903200196F6F7FCFC2D
:10BD6000019B2BB11E720C22A1680198FDF7C4FC47
:10BD7000284603B0F0BD142EA8D1174B1B68002B2A
:10BD80003FF474AF2169124898470028ADD00546AA
:10BD9000D7E7124BF6E7124BF4E7124BF2E7124BE0
:10BDA000BDE7124BBBE7124BB9E7FF2E06D1A268E5
:10BDB000342182F89E1082F8CC02B2E740F244515E
:10BDC000FBE60825BDE70825D2E700BFC81800201C
:10BDD000CC18002068030020840300205373010066
:10BDE00069BA000069B80000C1720100DF72010089
:10BDF00009BA0000024B002098611862704700BF2A
:10BE0000C818002008B5054B00229A611A62FDF798
:10BE1000ADFDBDE80840FEF7B3B800BFC81800206C
:10BE2000024B9869003818BF01207047C8180020DD
:10BE30002DE9F043814CB4F800800E46A16818F457
:10BE4000007F0ABFB1F8D2200023013201F1900532
:10BE500087B007461ABFA1F8D23081F81732A1F88F
:10BE6000D22028460BF053FA28B1434601F5B672AA
:10BE70002846FEF7F7F9238803F4C06343B1A068AE
:10BE800090F8A230002B00F0AF80032B00F0B280BE
:10BE9000A168238891F8A220012A04D11D0544BF7E
:10BEA000022281F8A220002F40F07C8158065DBF5D
:10BEB000B1F83022013292B23A46A1F8302203F0B2
:10BEC0000A020A2A0DD1E268D278022A09D123F0A7
:10BED000080330462380FFF751FE08230643F6B2DD
:10BEE00023803046FFF74AFEA3690643F6B2002BD3
:10BEF0005FD01422002101A806F04EFCA36893F83D
:10BF00007D0002F08FFCA368054693F87D0002F0E7
:10BF100081FCA2681388ADF80430B2F89830ADF80F
:10BF20000830D3694FF47A7105F5FA75B5FBF1F570
:10BF30000544ADF80A5041F27070A3F57A75854258
:10BF400099BFB3FBF1F303F5506340F2E241B3FB59
:10BF5000F1F39BB2ADF8063092F8CE3233B12069DE
:10BF6000C31C049309F07AFF8DF81400A2689DF8B1
:10BF70000C3092F8CD2262F300038DF80C3001A84A
:10BF8000A3699847A3680499002283F8CE2283F816
:10BF9000CD2271B193F8CC225AB993F89E20342A5D
:10BFA00007D09DF8142022B10878FF2827D11B2A3A
:10BFB0002CD9A36893F83221FE2A4FD1002E4DD1FF
:10BFC00093F8A020073A012A48D993F840312BB3BF
:10BFD000A36893F84121A3F8D66083F834210121A6
:10BFE0000220FFF76BFC39E0012180F8A210F7F77F
:10BFF000ABFC4DE7022380F8A2300121F7E70728C8
:10C00000D7D1022AD5D14878FF28D2D1012083F890
:10C01000CC02C3F8D01283F8CF22CAE7A06890F808
:10C020009F30A3F11105EDB20C2D40F27B81D0F8C9
:10C030009030DA0704D531460920D2E7C81800202D
:10C04000990740F10E8131460C20FFF737FCA268BA
:10C0500092F8E33043F0010382F8E330A568B5F8C5
:10C06000103295F814820133A5F81032B8F1000FA0
:10C0700000F0B182F6F762FB10B10023A5F8103290
:10C08000A16891F8A230012B40F2F18291F8A03022
:10C09000082B40F0C182B1F8D230022B40F2E78287
:10C0A000B1F8D4500135ADB2B1F89830DFF8A082C4
:10C0B0002B44A1F80832D8F80030002B00F0DB82C6
:10C0C0004B8E012B40F2D782F6F72EFB0246A0687A
:10C0D000D8F80080B0F89810C047A36800F10108B4
:10C0E000B3F832901FFA88F8A36893F81522002A53
:10C0F00052D1012D50D993F89F200AB10C2A4BD16F
:10C1000093F89E20002A47D193F8A020002A43D11B
:10C1100093F8A220022A3FD193F81722002A3BD19C
:10C12000586907F055FD002836D0A36893F83221EE
:10C13000FE2A31D1B3F80A22012A2DD9B3F8101200
:10C140009A8C914228D2B3F82E0128BB521A92B28F
:10C15000013DADB2B5FBF9F5954228BF154619FB77
:10C1600005881FFA88F893F88B307BB9A268D2F85B
:10C1700084305BB1B2F8CE30B2F898209B1A9AB2F4
:10C180001BB2002B02DD9845A8BF9046003DA36876
:10C1900018BF012583F81252A368B3F898008044B1
:10C1A000A3F80C822288A36855065BBFB3F81C2253
:10C1B000B3F80E1200225218A3F81C2293F8403153
:10C1C0002BB9A36893F8A030073B012B07D8A368CD
:10C1D000B3F8D620B3F80E120A44A3F8D620A2680A
:10C1E00092F8DC0030B1B2F8D830B2F80E120B443D
:10C1F000A2F8D83092F9E0100029C1BFB2F8DE30C1
:10C20000B2F80E525B19A2F8DE3092F8C1305BB979
:10C21000002F40F07B82237F022B40F0308292F887
:10C220003431062B18BF1623A26892F8C0202AB911
:10C23000A268484882F8C130FDF73EFEA0680BF0C6
:10C24000C6F8454B1B681BB1444AA0681168984763
:10C25000A368002283F8132207B0BDE8F043FCF77F
:10C26000BBBA5A0702D531461320BAE6190706D5DC
:10C2700090F8283180F8343131460720B1E61A06AB
:10C2800002D500211B20ACE613F030013FD090F81E
:10C290004331002B40F04082A36893F84231F3B160
:10C2A000A06890F89F30262B00F5A17100F2D622ED
:10C2B0002BD090F89E30A3F1260CDCF1000343EB69
:10C2C0000C0309F0BFFFA268D2F8903023F02003DE
:10C2D00043F01003C2F89030002382F84231A06886
:10C2E000D0F89030DA0640F1178200F27511FDF7B0
:10C2F00075FAA368B3F86620A3F83421B3F86A206E
:10C30000A3F83621002115206BE60123D9E713F0AD
:10C31000400201D0242064E6DB0540F1FD81114696
:10C320001E205EE6123B0B2B54D8DFE803F00653C9
:10C330005353091953535353534400210B2050E6D0
:10C34000FDF72CFE00283FF489AE0021042048E6CA
:10C3500094030020CC18002060030020300000204F
:10C3600090F8C832012B08D100210520FFF7A6FA6A
:10C37000A368002283F8C82270E6A36893F8C83245
:10C38000022BD8B27FF46AAEA36893F8E25006227B
:10C390001DB183F834210021E8E79B4803210AF00E
:10C3A00039F8A36893F8F23013F0040F294614BF4C
:10C3B00011200D20DAE70021062012E600211120CD
:10C3C0000FE693F84C21012A04D193F84D31002B4C
:10C3D00000F0B381A36893F89E2082B993F89F2060
:10C3E000113A0C2A40F2B08193F8D020002A00F0D4
:10C3F000AB8101211220F4E500212020F1E50A2A79
:10C4000040F09E8193F8292183F83421012134E7FB
:10C41000A36893F852319BB1A36893F8E33013F00B
:10C4200003050DD101210C20FFF748FAA36893F80A
:10C43000E32042F0010283F8E32083F852519BE7A6
:10C44000A36893F8423153B3A36893F8433133BBE5
:10C45000A06890F89F30262B00F5A17100F2D6223B
:10C460001BD090F89E30A3F1260CDCF1000343EBC7
:10C470000C0309F0E7FEA368002283F842210121A2
:10C480001420FFF71BFAA368B3F86620A3F8342141
:10C49000B3F86A20A3F83621E0E50123E9E7A368B1
:10C4A00093F84C21012A70D193F84D31002B6CD1B7
:10C4B000A06890F89F50A5F12103062B65D92F2D78
:10C4C00063D090F87C104B1EDBB2032B09D890F898
:10C4D0007D20DFF838E1013AD2B2032A1EF803C00A
:10C4E00004D940F217310620F4F7E8FABCF1020F44
:10C4F00090F84E3110D0BCF1030F0FD0BCF1010FFA
:10C5000004D1012B14BF002301234BB90B3D042D93
:10C5100023D90121162064E5022BF3E7042BF1E770
:10C520001EF8022090F84F31022A24D0032A24D08A
:10C53000012AEBD1012B14BF00230123002BE5D0EE
:10C54000B0F8983000F53572B0F8500108F0CAFE26
:10C550000146A8B92C48FCF78DF8A36893F89E20F3
:10C56000002A7FF47BAD93F8CC32002B3FF476ADFC
:10C570000121FF2035E5022BDDE7042BC6D1DFE7E3
:10C58000A368282283F89E2068E5A36893F85631B3
:10C5900013B10121222024E5A36893F854313BB163
:10C5A0001B4B1B6818489847FE28D6D0012118E578
:10C5B000A36893F85E3113B101211D2011E5A36832
:10C5C00093F8603113B1012126200AE5114B1B6855
:10C5D000002BE7D1C1E7F6F7A1F808B1A5F8108262
:10C5E000F6F7B4F800283FF44BAD95F81732013355
:10C5F000DBB2022B85F8173282BF0023A5F8103278
:10C6000085F817323CE500BFCC180020B0CA030003
:10C610009C0300207C03002091F8D0301BB191F8DE
:10C620009E30102B23D1B1F8D450B1F8D2204B8ECC
:10C630000135AD1A01F190004FEA8308A5EB83059F
:10C640000AF065FEA8B1D1F8C820531CD1F8C42067
:10C650009B1AA3EB0803B1F82E21AB42A8BF2B46CF
:10C66000151F9D42B8BF1D46012D3FF71CAD01258A
:10C670001AE52B46EFE74FF00109C84634E5012BD8
:10C6800009D192F8A130002B7FF4CEADA068002133
:10C69000F7F75AF9D5E55EB1F00635D4310735D450
:10C6A000B20635D4B30735D140F64C1131201BE723
:10C6B00038B1B2F8D800B2F8DA30984201D3222368
:10C6C000B2E5002905DDB2F8DE10B2F8DA309942A1
:10C6D000F5D2B2F8D610B2F8D43099420BD2A36892
:10C6E00093F8A210B3F8D22051B1B3F8D4309342EA
:10C6F000CCD8082398E592F84031002BDFD1EEE743
:10C70000052AC3D93E238FE51E238DE53D238BE506
:10C71000232389E52A2387E5A36893F89F202B2A02
:10C720003FF46AAE322A3FF449AE232A7FF452AE78
:10C7300093F84C21022A7FF444AE0021172050E4E4
:10C740000C2D3FF60AAF89E40C2D7FF687AC93F8E9
:10C750005331002B3FF45CAE01210E20FFF7AEF801
:10C76000A368002283F8532106E600BF73B56C4D21
:10C77000002401262E71A8602C802C752C77FF23B5
:10C7800080F81332AB681888FBF7E4FFAB681888B1
:10C79000FCF70CF8AB68B3F80A22EAB193F832213F
:10C7A000FE2A19D193F84031B3B1AB6893F8A020B9
:10C7B000073AB24210D993F84121A3F8D64083F842
:10C7C000342102203146FFF779F8AB68022083F864
:10C7D0001242FEF761FF04E0AB6893F83201FE28D5
:10C7E000F7D1AC68638EB4F80E12B4F81022012BA6
:10C7F00001F1FF3189B238BF0123B1FBF3F31344D8
:10C80000A4F81032B4F8D2300B44A4F8D23004F1BA
:10C8100090000AF07CFD20B1D4F8C4300B44C4F879
:10C82000C430B4F80A32012B9CBF0133A4F80A3299
:10C83000002609B184F8176294F89F3084F81262D8
:10C84000A3F10B02012A1FD8B4F89830B4F8D4220F
:10C850009B1A190432D404F2D62104F1A60009F07F
:10C8600006F8AB6883F89F60FF2283F8FA20A96876
:10C87000B1F80E2201F1900009F03FF8A0B340F6A4
:10C88000D7013120F4F71AF9262B17D1B4F8D422A6
:10C89000B4F898309B1A1A0410D484F89F60FEF7FD
:10C8A00027FFAB68014630B983F84C0102B0BDE800
:10C8B0007040FFF7BDBA83F84C61D8E794F89E301A
:10C8C000262B01D0282BD2D1B4F89830B4F8D4223A
:10C8D0009B1A1B04CBD4002384F89E30FEF708FF7C
:10C8E00001460028C3D1E1E70E4B0F49009303C96D
:10C8F0000E4B0F4AF5F712FD296A19B195F824007D
:10C9000001F08CFBAB6893F89F30123B0B2B04D8E3
:10C9100002B0BDE87040F5F7F9BC02B070BD00BFD1
:10C92000C818002031BE0000CC180020F5B8000067
:10C93000D5B5000038B50446084694F8C83213B19E
:10C940000C25284638BD94F89F30163B012BF7D8AC
:10C9500094F8EC3203F0FF05002BF1D1A1B194F86B
:10C960002E3223B940F6A1113120F4F7A7F8074B76
:10C970009968052301F5887201F21E2105F02AFC51
:10C98000012384F8C832DCE70223FAE7C818002044
:10C99000D0F8DC32C269934210B5044604D1D0F815
:10C9A000E012426A914223D02288A4F8CA21A3F55A
:10C9B0007A7141F2707291429DBF4FF47A72B3FB6B
:10C9C000F2F303F5506340F2E24288BFB3FBF2F3A7
:10C9D0009BB2A4F8CC31B4F8E032A4F8CE31B4F86C
:10C9E000E2320949A4F8D03104F5E07009F09CFB6B
:10C9F00002212046FCF72EFB002384F89F300323FE
:10CA000084F8A23010BD00BF2565010008B5FDF710
:10CA10000DF8024B024A1A6008BD00BF84030020D3
:10CA20003DB9000038B590F89E300E3B012B04460E
:10CA30003CD8B0F89830B0F8462201339BB29A4205
:10CA400034D10388A0F8CA31D0F8503241F2707264
:10CA5000A3F57A7191429DBF4FF47A72B3FBF2F362
:10CA600003F5506340F2E24288BFB3FBF2F39BB29E
:10CA7000A0F8CC31B0F85432A0F8CE310025B0F88F
:10CA80005632A0F8D03180F8C951094900F5E0705C
:10CA900009F04AFB84F8445202212046FCF73CFB93
:10CAA00003212046FAF730FB84F89E5038BD00BFC2
:10CAB00025650100B0F82A320B4470B5A0F82A327F
:10CAC000B0F8D23000F190060B440446A0F8D23002
:10CAD00030460D460AF02CFCA0B1D4F8C4300B440B
:10CAE000C4F8C4302146304609F028FFD4E9312388
:10CAF0009A4207D300231649C4F8C43004F5B6702F
:10CB000009F012FB94F8DC3023B1B4F8D8302B4490
:10CB1000A4F8D83094F9E03023B1B4F8DE302B44D7
:10CB2000A4F8DE3094F8403123B994F8A030073BE4
:10CB3000012B04D8B4F8D6302B44A4F8D6302046C4
:10CB4000FFF770FFB4F898100D44A4F8985070BD2A
:10CB50008B680100014B1874704700BF5419002006
:10CB6000034B00214FF480521970A3F80120704745
:10CB7000D419002070B50646022014460D4600F078
:10CB800023FA064B01221A70054B033CC3F81045EB
:10CB9000C3F80865C3F8045570BD00BFD419002060
:10CBA00000F0004008B5022000F00EFA09480A4BD8
:10CBB0000A494FF0010C80F800C000224FF4000039
:10CBC000C3F80021C3F80421C3F80821C1F8040503
:10CBD00008BD00BFD419002000F0004000F0014063
:10CBE000114B1A786AB1114A11494FF40000C2F88A
:10CBF0000805D1F800213AB91021002099705A7027
:10CC00001870002000F0E0B9D1F80421002AF3D018
:10CC1000D1F8082112B110210022EEE7D1F800145A
:10CC20000122C9B2E9E700BFD419002000F0014099
:10CC300000F0004008B5022000F0C6F9064B074896
:10CC4000002201210170C3F80021C3F80421C3F8B8
:10CC50000821196008BD00BF00F00040D419002071
:10CC600008B5114B1A78587892B1104AC823D2F8F7
:10CC7000001141B1D2F8040120B1D2F80801B0FA94
:10CC800080F0400908BD013B13F0FF03EFD101E044
:10CC9000022803D1F5213B20F3F710FFA0F101009A
:10CCA000B0FA80F0400908BDD419002000F000401F
:10CCB0000A4B1A787AB10A4BD3F800214AB1D3F85B
:10CCC000042132B1D3F808211AB9D3F80004C0B254
:10CCD0007047102070479878704700BFD419002023
:10CCE00000F00040024B00221A809A70704700BF8B
:10CCF000D81900202DE9F843044601201D460E46B0
:10CD00009DF820902F4F904600F05EF904F003004C
:10CD100040EA054040F08070C7F80405C7F8086590
:10CD2000294E357105F042FB38B9D7F8182522F0A5
:10CD3000FF0242EA0802C7F81825244B244AC3F828
:10CD4000082514F0FB0F05D1224AC3F89825FC3AB8
:10CD5000C3F89C25B9F1020F2FD81F4B13F80950C7
:10CD6000B9F1000F20D1174B012CC3F8205506D084
:10CD70000123022C7370F4700BD9BDE8F88303F51E
:10CD800080331649164AC3F89815C3F89C25747069
:10CD9000F4700C4B012200213270C3F80011C3F86B
:10CDA00000121A60BDE8F8830AF0C1FD0028DAD14C
:10CDB00040F2EB113C20F3F781FE4FF4F1713C207F
:10CDC000F3F77CFE00F00040D819002000F001408D
:10CDD0000000020200F10040C8CB030050110040E7
:10CDE0000CF00040284B5A7870B5002A42D0274AF0
:10CDF000C2F80C15C2F81005DC7801259D70ECB165
:10CE0000042C13D0197881B31B79023B0021012B2C
:10CE1000C2F8041105D81E480323C0F85011C2F807
:10CE20001C351C4B1C4AC3F8042570BD00211D7025
:10CE3000C2F80411C2F80052156070BD1B78F3B13E
:10CE4000144BC2F804414FF40034C3F80445D2F83F
:10CE5000006116B15560C3F808450B7803704B7834
:10CE6000043343708B78837070BD40F20D113C2009
:10CE7000F3F724FE4FF404713C20F3F71FFEE12189
:10CE80003C20F3F71BFE00BFD819002000F0004043
:10CE90000010004000F00140000002020A4B1A7826
:10CEA0006AB10A490A48C1F808050022C1F8982564
:10CEB000C1F89C25C1F89825C1F89C251A7000225C
:10CEC000A3F80120704700BFD819002000F00140EE
:10CED0000000020208B50B4B1B784BB10A4BD3F88C
:10CEE000042152B1D3F80004003818BF012008BD56
:10CEF00040F276213C20F3F7E1FD40F277213C201F
:10CF0000F3F7DCFDD819002000F00040F8B5184B0D
:10CF10001B783BB3174CD4F8043113BB164B0222D9
:10CF2000C4F804231F691A6942F010021A61D4F888
:10CF3000043107F0100753B9104E4FF40045C6F8FE
:10CF400080510AF00FFDD4F80431002BF7D027B937
:10CF5000094A136923F010031361064B0222C3F838
:10CF60000823F8BD40F287213C20F3F7A7FD00BF5E
:10CF7000D819002000F0004000ED00E000E100E0E2
:10CF8000014B01229A60704700F0004008B50B4B3E
:10CF90004FF40042C3F88020BFF34F8FBFF36F8F71
:10CFA000074B0022C3F80025C3F80025FFF776FFE2
:10CFB000044B4FF40002C3F8082508BD00E100E06F
:10CFC00000F0004000F0014038B5144C0023C4F8D4
:10CFD0000035C4F800350546FFF760FF104B4FF4ED
:10CFE0000002012DC3F8082503D0022D08D085B911
:10CFF00038BD0223C4F800350A4BC4F81435F7E7EE
:10D000000321C4F800150749C4F81415C3F8042512
:10D01000EEE782213D20F3F751FD00BF00F0004014
:10D0200000F00140DD190020094B9B78012B0CD04A
:10D03000022B09D1830706D40649074B00200122A1
:10D04000C1F840051A61704770474207F4D5704730
:10D05000E81A0020008000400010004070B54D4EDE
:10D06000431E82B0044686F82400032B00F28C8015
:10D07000DFE803F03C413702474B0522C3F8102597
:10D08000464A454B525CC3F80825C3F854157378DB
:10D09000012B64D0404DD5F80032FF2243F4887351
:10D0A00086F85820C5F8003205F096F988B1E31EDD
:10D0B000012B32D9D5F83C3723F00043C5F83C3773
:10D0C000D5F87C37002223F0004386F85720C5F8B6
:10D0D0007C37204601F032FC05F094F980B102B0B3
:10D0E00070BD2D4B0622C3F81025C9E72A4B032239
:10D0F000C3F81025C4E7284B0422C3F81025BFE766
:10D1000005F090F90028EAD1234AD2F8683543F4B3
:10D11000C023C2F8683502B070BD0122C5F80423EF
:10D12000D5F83C3786F8572023F0004323F0FF035F
:10D1300043F0004343F07D03C5F83C37D5F87C3716
:10D1400086F8562023F0004323F0700343F0004399
:10D1500043F06003C5F87C37EA632A64B9E796F9BF
:10D160002520F07801AB01F001FC9DF9040001F0ED
:10D1700061FB9DF8050001F081FC00288AD040F297
:10D18000DE513E20F3F79AFC40F675513E20F3F74E
:10D1900095FC00BFE81A002000100040CCCB030033
:10D1A0002DE9F0470D4682B01746064638BB0423EA
:10D1B0000DEB03088DF804308DF8060002F0DAFA62
:10D1C00001284FF0FF3088BF00208DF80500404651
:10D1D00005F04EFB002840F0F080C34C012384F89A
:10D1E0006D307B1E94F8261084F82470032B00F217
:10D1F0007581DFE813F03C0137013201E7000023BD
:10D200004FF002098DF804908DF8063002F0B2FA62
:10D2100001280DF104084FF0FF3088BF00208DF881
:10D220000500404605F024FB002840F0C68001239D
:10D23000AD4C9E4284F86D3040F03C8194F826104D
:10D240003846FFF70BFF237884F80290012B00F09B
:10D250009B80A5F12901002B36D1A44BA44AC3F829
:10D26000AC25236BA14A1944A24BC3F8401503F522
:10D27000A073C2F8A835E36C43F40023E3644FF4D1
:10D280000023C2F8043594F8553043F00202DB075E
:10D2900084F855200DD5984BD3F8002242F00102B6
:10D2A000C3F80022D3F8503503F0F603022B00F048
:10D2B000F780904B0122DA64D3F84C358B422CD3A3
:10D2C000002002B0BDE8F087236B884A1944894BDF
:10D2D000C3F8401503F5A073C2F8A835E36C43F416
:10D2E0000023E3644FF40023C2F8043594F855306A
:10D2F000DF07DED59D07CED45807DAD57B4B7F4AB2
:10D30000C3F8AC25A3F5B833D3F84031002BD0D007
:10D3100040F214613E20F3F7D1FB238D952B10D9F9
:10D32000002E00F0A980012E40F0C980744801F160
:10D3300029037449C36001F08FFB0130012800F21A
:10D34000B480404605F0A0FA002840F0BD80A378E4
:10D350009DF80420012B00F09F80022B08D192073A
:10D3600006D46449644B00200122C1F840051A61CB
:10D37000012002B0BDE8F0873B8D634A03F5FA73E4
:10D38000A2FB0323A5EB9315216B5A4B574A294463
:10D39000C3F8401503F5A073C2F8A835E36C43F455
:10D3A0000023E3644FF40023C2F8043594F85530A9
:10D3B00043F0040384F855309AE740F6BC213E2040
:10D3C000F3F77CFB4C4B0522C3F81025DFF83C91AA
:10D3D000DFF824A119F80130CAF80835CAF8541545
:10D3E00094F925204346384601F0C0FA9DF904001F
:10D3F00001F020FA9DF8050001F040FB002868D1FB
:10D4000005F000F890B14FF08052DAF88835D2F884
:10D410002023022F0CBFC2F30662C2F3062223F4BC
:10D42000FE4343EA0223344AC2F8883523780122B6
:10D430009342A27009EB47079ED0B98E324A01F59C
:10D44000FA71A2FB0121A5EB9111002B7FF43CAFF7
:10D45000264B294AC3F8AC2503E7274B0622C3F81D
:10D460001025B3E7244B0422C3F81025AEE7224B66
:10D470000322C3F81025A9E7214801F12803214917
:10D48000C36001F0E3FA013001287FF65AAF40F2A1
:10D4900035713E20F3F712FB51077FF562AF67E766
:10D4A00040F20D613E20F3F709FB40F23F713E2050
:10D4B000F3F704FB4FF4FB613E20F3F7FFFA40F271
:10D4C00043713E20F3F7FAFA40F6F4213E20F3F7D9
:10D4D000F5FA40F2DE513E20F3F7F0FA40F67551CE
:10D4E0003E20F3F7EBFA00BFE81A002000F00140FD
:10D4F0000410004000800040001000400810004070
:10D500003C0000200CCC0300D34D6210CCCB0300B8
:10D510001B4B10B570220021184605F03DF945F669
:10D52000FF72A0F8582004F023FF10B904F02AFF7E
:10D5300060B114482422FF2105F02EF94FF08043FA
:10D540000022C3F8082EC3F8102E10BD04F024FFEB
:10D550000028EED104F040FF78B904F033FF044610
:10D5600058B908483822FF2105F016F94FF08043DA
:10D57000C3F8084EC3F8104E10BD02484022DAE747
:10D58000E81A0020000E0040962808B507D8064B80
:10D5900095288CBF002201221A70188508BD4FF40F
:10D5A00001713E20F3F78AFAE81A0020024B185C5A
:10D5B00000F51660704700BFCCCB0300014B93F819
:10D5C00048007047E81A0020024B586C1B6BC01AC9
:10D5D000704700BFE81A002010B40D4A0D4992F8B8
:10D5E0004800146B136C01EB80011B1BC86E896D26
:10D5F000946B5B1A084900F2F310A1FB0010A3EB37
:10D600009010D16B001941F1000110BC704700BFB0
:10D61000E81A0020CCCB0300D34D6210013908B5C5
:10D62000C9B2144B032983F854001DD8124B134A76
:10D6300003EB810140F00070D1F89C3043F480137B
:10D6400043F4847340F44030C2F81435C2F818052E
:10D65000D2F8503503F0F703032B00D008BD40F299
:10D66000FD213E20F3F72AFA40F2E6213E20F3F7AF
:10D6700025FA00BFE81A0020CCCB030000100040C0
:10D68000224BD3F8002222F0020242F4801210B59D
:10D69000C3F800221E4C1F4AC4F8A02502F5DE4242
:10D6A0001C32C4F8A4254FF48022C4F80425027863
:10D6B000032A26D1012919D0D3F8144516494278F6
:10D6C00024F47024C3F81445086A02F03F0242F4BF
:10D6D0000C3240F0030042F420720862C3F80009E3
:10D6E000C3F81029012381F86C3010BDD3F814154C
:10D6F000427821F4702040F400200749C3F8140553
:10D70000E2E740F252313E20F3F7D8F90010004032
:10D7100000F001402C110040E81A002008B504F088
:10D7200071FE50B1054AD2F8743723F0807323F0AC
:10D73000010343F08073C2F8743708BD0010004045
:10D74000F8B54B4B0222C3F88020BFF34F8FBFF3D5
:10D750006F8F484C00220123C4F8FC2FC4F8FC3F13
:10D7600004F060FE28B1D4F83C3743F48063C4F879
:10D770003C3704F01BFE60B13E4AD2F83C3723F040
:10D78000004323F0FF0343F0004343F09603C2F845
:10D790003C3704F037FE40B1364AD2F8403723F424
:10D7A0007F4343F4B053C2F84037324C324BC4F895
:10D7B000783701F073F938B14FF08053D3F8303334
:10D7C000591C18BFC4F84C374FF010231B6E5A1C5D
:10D7D0000AD02849D1F88C251B0403F47F0322F4D6
:10D7E0007F021343C1F88C35224D244A244C40F269
:10D7F0000311C5F83415107C012340F25B6284F8F4
:10D800002430C5F83825C5F830350323C5F8103560
:10D81000022740F20123C5F85036C5F8007201F026
:10D8200043F9184B184AC3F804250026A4F84860A9
:10D83000666484F8556003F041FAC4E90E0103F010
:10D840004BFA2670206396232385D5F8003923628E
:10D85000226F074B84F86C601021C3F88071C5F803
:10D8600004131F6002B19047BDE8F84001F0E2B830
:10D8700000E100E0001000402C0000893C00002086
:10D88000E81A002000F001400000020C026838B5E0
:10D890002C4B2D4C110E1202C3F82415C3F81C2575
:10D8A0004268C3F83C25027A84F8262090F809C023
:10D8B000827A84F854200CF1FF31C9B203293CD894
:10D8C000224D05EB810142F00072D1F89C1041F429
:10D8D000801142F4403241F48471C3F81415C3F846
:10D8E0001825D3F8502502F0F702032A20D0BCF106
:10D8F000030F84F824C00DD0BCF1040F11D0BCF18B
:10D90000020F14BF03220422C3F81025C37A84F83F
:10D91000253038BD0622C3F81025C37A84F8253097
:10D9200038BD0522C3F81025C37A84F8253038BDE8
:10D9300040F2FD213E20F3F7C1F840F2E6213E20FF
:10D94000F3F7BCF800100040E81A0020CCCB03002D
:10D95000014B83F825007047E81A0020034B020EA4
:10D960000002C3F82425C3F81C05704700100040CE
:10D97000014B83F826007047E81A0020F0B5894C67
:10D9800094F85530DD0783B040F1F38000280CBFD8
:10D9900004220222002305460E468DF804208DF84D
:10D9A000063001F0E7FE01284FF0FF3088BF00206D
:10D9B0008DF8050001A804F05BFF002840F0D4803A
:10D9C000012384F86D3094F85530774F43F002030B
:10D9D00084F85530D7F8003243F00103C7F800321D
:10D9E000002D3AD0012D00F09F80704BD3F84C757C
:10D9F000238D952B00F2C78001A804F045FF002875
:10DA000040F0BC80A3789DF80420012B22D0022B8B
:10DA100012D0206B381A15B1293003B0F0BD64491B
:10DA2000644A01EB4606B38E03F5FA73A2FB0323A7
:10DA300000EB931003B0F0BD9307EAD45B4A5A4B56
:10DA40000021C2F8401501221A61206B381A002DFE
:10DA5000E2D1E4E75207F1D5DBE7731E94F8261014
:10DA600084F82460032B00F29880DFE803F0585319
:10DA70004E024D4B0522C3F810254D4B4A4F5B5CBF
:10DA8000C7F80835C7F8541594F9252001AB30467E
:10DA900000F06CFF9DF9040000F0CCFE9DF805003D
:10DAA00000F0ECFF002873D104F0ACFC90B14FF013
:10DAB0008052D7F88835D2F82023022E0CBFC2F34B
:10DAC0000662C2F3062223F4FE4343EA0223364AE7
:10DAD000C2F88835354A34490123A370D3640B60FA
:10DAE000238DD2F84C75952B86D93348334907F1ED
:10DAF0002803C36000F0AAFF013001287FF67CAF45
:10DB000040F235713E20F2F7D9FF274B0622C3F8C9
:10DB10001025B2E7244B0422C3F81025ADE7224BB1
:10DB20000322C3F81025A8E794F826103046FFF723
:10DB300095FA1E4B0222A270DD647D60D3F84C750D
:10DB4000238D952B7FF658AF1B481C4907F12903FD
:10DB5000C36000F081FF013001287FF64DAF40F235
:10DB60003F713E20F2F7AAFF40F6BC213E20F2F7BB
:10DB7000A5FF4FF4ED613E20F2F7A0FF40F6F4213F
:10DB80003E20F2F79BFF40F243713E20F2F796FFF2
:10DB900040F2DE513E20F2F791FF40F675513E20F3
:10DBA000F2F78CFFE81A00200010004000800040CF
:10DBB000CCCB0300D34D62103C0000200CCC030002
:10DBC0000F4A92F8553043F0020382F8553050B9AD
:10DBD0000C4A0D4BC2F8AC35D3F8002242F00802D3
:10DBE000C3F800227047074B074A0849C3F8AC1531
:10DBF000D2F8003243F00403C2F80032704700BF8D
:10DC0000E81A002000F0014000100040041000401D
:10DC100008B5FFF7C5FA00B108BD054B054901225B
:10DC2000C1F840051A610220BDE80840FBF784BD39
:10DC30000010004000800040F8B51E4D95F84930B6
:10DC40009BB304461646084654B1012C1CD0002054
:10DC5000296B3246411A2046FFF7A2FA48B1F8BDB7
:10DC6000012B6F6C95F8481017D000F0EBFD38448D
:10DC7000EEE7114B11490122C1F840051A6102205B
:10DC8000BDE8F840FBF758BD012B6F6C95F84810C4
:10DC900007D000F005FE3844DAE700F0F1FD384423
:10DCA000D6E700F0DDFD3844D2E740F64F013E20D4
:10DCB000F2F704FFE81A0020001000400080004046
:10DCC0004D4A4E494E4870B51024D2F804534D4E7B
:10DCD000C2F8084302234C4CC1F88031C2F800322C
:10DCE00000214FF46023C6F8401584F85510C0F8A1
:10DCF0000835D2F85035DBB282B005F01005002BA4
:10DD000044D1238D952B04D9A378012B69D0022B04
:10DD10005DD0394B0022C3F81021D3F83C1784F8AA
:10DD2000572021F00041C3F83C17D3F87C1722712B
:10DD300021F00041C3F87C1794F86C102280A27087
:10DD4000E9B184F86C20D3F800222D4922F4801226
:10DD500042F00202C3F800224FF48022C1F80825E5
:10DD6000D3F81415226A21F47021C3F8141522F097
:10DD7000030226492262C3F80029C3F810191DB115
:10DD80001D4B1022C3F8042302B070BDFF238DF891
:10DD900007300123C2F8101113619DF807304BB909
:10DDA0000CE09DF80730013BDBB28DF807309DF8A1
:10DDB00007301BB1D2F81031002BF2D09DF807309C
:10DDC000002B9ED140F68F013E20F2F777FE00F047
:10DDD0004FFE013001289CD940F6A6013E20F2F703
:10DDE0006DFE00F03FFE0130012892D94FF40A6128
:10DDF0003E20F2F763FE00BF0010004000E100E0AB
:10DE000000F0014000800040E81A0020803202004B
:10DE1000274BD0B50022274CC3F84825C3F844252A
:10DE2000C3F84025C3F84C25FFF74AFF00F008FE71
:10DE300094F86D3023B104F021FD78BB84F86D00B7
:10DE4000002004F027FD70BBE26C1B49184B42F028
:10DE5000446242F40032C1F80825184AC3F8480564
:10DE6000002600270221E064C3F844052076C3F8A9
:10DE70004005C4E91067C3F84C05C3F84801C3F86E
:10DE80004401C3F84001C3F84C01C2F88010BFF34D
:10DE90004F8FBFF36F8FC2F88011D0BD40F25D513C
:10DEA0003E20F2F70BFE4FF4AC613E20F2F706FE87
:10DEB00000800040E81A002000F0014000E100E08E
:10DEC000014BC3F83C0570470010004010B50446F4
:10DED000074804F0DFFC28B994E80F00054C84E8FB
:10DEE0000F0010BD40F6F4013E20F2F7E7FD00BF41
:10DEF00029D000005C1B002008B5174B174993F888
:10DF00005520C1F8040542F0010C1865900783F80C
:10DF100055C00CD5D1F8003243F00103C1F80032EE
:10DF2000D1F8503503F0F603022B10D008BD53078B
:10DF3000FCD50B4A0B490C4BC2F8AC15D3F8403159
:10DF4000002BF3D040F214613E20F2F7B7FD40F20F
:10DF50000D613E20F2F7B2FDE81A002000100040EB
:10DF600000F00140081000400080004038B5154B1B
:10DF7000196B5A6C084482421ED2134901244C6426
:10DF8000D1F844251C7605328242D86105D30F4B67
:10DF9000D3F8042102B91C6138BDDA6C0C4C0025A1
:10DFA000C1F8445142F48002C1F844054FF48001A5
:10DFB000DA64C4F8041538BD40F606113E20F2F7C5
:10DFC0007DFD00BFE81A00200080004000100040E6
:10DFD00000F0014010B50F4C94F849C094F8481077
:10DFE0000222BCF1010F03462276208D94F82420F2
:10DFF0000BD000F083FCE061636C074A002103440E
:10E00000C2F84411C2F8443510BD00F059FCE0617B
:10E01000F2E700BFE81A002000800040C30003F1CF
:10E02000804303F5F83310B4084A094CC3F81025AF
:10E03000012202FA00F0E26CC3F81415054B02430A
:10E04000E26410BCC3F80405704700BF041100402F
:10E05000E81A002000F00140044BC3F86005D3F833
:10E06000002242F04002C3F8002270470010004036
:10E07000054BD3F80022002122F04002C3F8002211
:10E08000C3F86015704700BF00100040044BD3F880
:10E090004835024603F07F035B420120137070474E
:10E0A0000010004010B51B4C238DE170952B8CBFE8
:10E0B0000023012382B0237030B9A3780122022B00
:10E0C000627005D002B010BD0223637002B010BDB3
:10E0D0008C4694F9252094F8261001AB604600F098
:10E0E00045FC9DF9040000F0A5FB9DF8050000F03B
:10E0F000C5FC50B9084AD2F80032FF2143F48873B6
:10E1000084F85810C2F80032DCE740F2DE513E20BD
:10E11000F2F7D4FCE81A002000100040024B002265
:10E12000C3F84025704700BF0080004030B4044B66
:10E13000D3E918459B6EC0E9004530BC0B607047C1
:10E14000E81A00202DE9F043BE4BBF4C0127DF64E5
:10E15000D3F84C55236B94F8546085B0ED1A03F056
:10E1600027FB94F8563020660022A5666266002BD5
:10E1700070D0B64BD3F80401D3F8101100295FD149
:10E18000002840F05181D3F80021002A00F0468297
:10E19000FF22C3F800015F610292029A2AB908E0E7
:10E1A000029A013A0292029A1AB1D3F81C21002A6B
:10E1B000F6D0029B002B00F00A83A44B94F8591070
:10E1C000D3F8482502F07F029142C0F080829F4B35
:10E1D00001210020C3F81C0184F85820C3F808135B
:10E1E00019649963974B994901228020C1F804036F
:10E1F0001A64D3F84025D3F8445502F56A52183210
:10E20000954240F2F881D3F84025E06C02F51C52AB
:10E21000103240F40020E06401F5F031C3F84025ED
:10E220008B488C4A0025C3F840514FF40023C1F8B5
:10E23000A805C1F8AC25C1F8043505B0BDE8F083E8
:10E2400084F856208021844AC3F808134FF4002331
:10E25000C2F80835238D94F802C0952B40F28E80C9
:10E26000BCF1010F00F08280BCF1020F00F01C82B3
:10E27000794BE26CC3F8082574490023E36484F801
:10E280005530D1F80022237E22F48E7222F0010252
:10E29000C1F800224BB16B4BD3F84431003B18BF9F
:10E2A0000123BCF1010F00F08280BCF1020F07D006
:10E2B0000027664BD3F81021D2B147F0100718E0C1
:10E2C000624AD2F80C110029D2F8001407BF0427C3
:10E2D00000220222062711F0010F18BF17462BB1AA
:10E2E00007F00B0242F0010247F00107002AE0D0DC
:10E2F000564B0022C3F80021C3F80C21C3F81021AB
:10E30000C3F80421C3F80821C3F86C214D4B94F8DD
:10E310004910D3F84825D3F844350229C4E910320E
:10E3200068D0BCF1020F65D094F82410637884F8AB
:10E33000481084F849C0002B70D017F0110F40F03E
:10E34000AF81207994F80080B3F1010918BF4FF034
:10E350000109012800F00381022800F093800028C1
:10E360007CD040F67F213E20F2F7A8FB00F07AFB3C
:10E370000130012800F23A8294F802C0364BE26C78
:10E38000C3F8082531490023E36484F85530D1F8F7
:10E390000022237E22F48E7222F00102C1F80022B4
:10E3A000002B7FF478AFBCF1010F7FF47EAF274BD9
:10E3B000D3F80C21002A40F01C81D3F81071002FF3
:10E3C00096D0C3F80021C3F80C21C3F81021C3F87C
:10E3D0000421C3F80821C3F86C211A4B94F84910A2
:10E3E000D3F84825D3F844350229C4E910324FF058
:10E3F000300799D194F82410CB1E012B96D8134BDB
:10E40000D3F8143484F849C013F0060F63780CBFB6
:10E410000421032184F84810002B8ED12380A3709F
:10E42000237123761D464AE00B4A8020C3F8080377
:10E430004FF40023C2F8083584F8561005B0BDE843
:10E44000F08300BF00800040E81A00200010004068
:10E45000408100401410004000F00140208DBCF1CC
:10E46000000F00F0C881012B019240F02881BCF11F
:10E47000010F00F09D8100F0E5F9019A8118206BF1
:10E48000091A03E0B748FFF701FA61690023B8F100
:10E49000010F2380A370237108D13B358D4200F218
:10E4A000A380B14A84F80080C2F84031E27848463F
:10E4B000FEF776FE0546002800F0E780002594F878
:10E4C0006C30FBB1A94BAA49D3F8002222F4801288
:10E4D00042F00202C3F800224FF48022C1F808255E
:10E4E000D3F8142522F47022C3F81425226A22F0EE
:10E4F0000302C3F8002922629E4AC3F810290023B0
:10E5000084F86C30FB076CD4B80748D417F0280F98
:10E5100000F0A68087F02001E36FC1F34011284688
:10E520009847A378022B89D1237E002B86D0022B1B
:10E5300000F0F280012B40F05481E369626C934259
:10E5400040F24A81884AC2F84435E36C884A43F471
:10E5500080034FF48001E364C2F804156EE781483C
:10E56000FFF794F994F84930002B00F02B81012B30
:10E5700000F0068194F848307F4A216C02EB830258
:10E58000236BC91AD36E926D891A7C4A03F2F31376
:10E59000A2FB0323A1EB93116069014476E703F02A
:10E5A00031FF002863D103F03DFF00285FD16F4B9E
:10E5B000D3F85034D9015AD51A0705D013F0F00F0B
:10E5C00002D013F4706F52D1684AD2F85414C3F3D6
:10E5D0000442012A4BD1012949D0C3F34253022BF3
:10E5E00045D8636F98479CE7604B4546C3F8108059
:10E5F00065E708277CE65E4C00224FF40025C3F84F
:10E600004025C3F84021C1F80803C4F80855C3F8F1
:10E610004021C1F80803C4F808550FE7D3F848159E
:10E6200094F85700C3F81C2101F07F0184F85810BA
:10E6300000285CD194F85920D3F874358A4272D8F6
:10E640009AB20F2A02D9B3F5003F6CD3474B01228F
:10E650001A649A63454BD3F81C310393039BC1E5BD
:10E66000FB067FF55EAFD4F88030984759E7236DFD
:10E670005B78B34298BF87F00400A36F94BFC0F3E8
:10E6800080000020294698474BE7374BC3F84005E8
:10E69000A3F5E04301221A610220FBF74DF80EE7D3
:10E6A000FFF70EFB00250AE700F0E2F90130012830
:10E6B0007FF662AE40F6A6013E20F2F7FFF9BCF10C
:10E6C000010F7AD000F0ECF8019A8118D7E6D3F860
:10E6D0003C1721F00041C3F83C17D3F87C17002009
:10E6E00021F0004184F85700C3F87C176FE594F8D7
:10E6F00059008842AED2D3F83C1784F8572021F055
:10E700000041C3F83C17D3F87C2722F00042C3F83D
:10E710007C271F649F639DE7636CE169124A0B4489
:10E72000C2F8443511E7114AD2F83C3723F00043D0
:10E7300023F0FF0343F00043012143F07D0384F8FD
:10E740005710C2F83C37D2F87C3723F0004323F04F
:10E75000700343F0004343F06003C2F87C37116458
:10E7600078E700BFF01A0020008000400010004051
:10E7700000F0014080320200CCCB0300D34D621088
:10E7800094F84820531ED9B2032939D81F4B03EB04
:10E79000820203EB4103906D216BB3F89420236C4C
:10E7A000591A1B4B091AA3FB022301EB9311F3E641
:10E7B00000F066F8019A811861E600F051F8019ABC
:10E7C00081185CE640F25F713E20F2F777F940F67F
:10E7D00084313E20F2F772F94FF446613E20F2F7A1
:10E7E0006DF940F65F413E20F2F768F94FF40A6197
:10E7F0003E20F2F763F940F64F013E20F2F75EF952
:10E800004FF42A713E20F2F759F900BFCCCB030038
:10E81000D34D6210024B03EB8003986D704700BF2D
:10E82000CCCB0300024B03EB8003D3F8800070478E
:10E83000CCCB0300024BC0B2C3F80C05704700BF3D
:10E840000010004010B504460846FFF7EBFF034BED
:10E85000A3FB0030A4EB901010BD00BFD34D62109D
:10E86000054B064A33F8113003F2E733A2FB0323CA
:10E87000023800EB931070478CCC0300D34D62102C
:10E88000054B064A33F8113003F57A73A2FB0323D4
:10E8900000EB9310704700BF8CCC0300D34D621087
:10E8A00010B504460846FFF7BDFF044A00F2E733FF
:10E8B000023CA2FB0330A4EB901010BDD34D6210BC
:10E8C00038B50C4D35F8111005EB8205EC68214484
:10E8D00001F6B7314FF47A7404FB001406481D4664
:10E8E000A0FB04341046FFF795FF0535A4092C441E
:10E8F000204438BD8CCC0300D34D621070B5064661
:10E9000008461546FFF78EFF0A4B03EB85034FF4CD
:10E910007A71DC68084B04F6B734024601FB064402
:10E92000A41A2846A3FB0434FFF774FFA40905309A
:10E93000204470BD8CCC0300D34D621010B504464A
:10E9400003F04AFD78B1084AD2F84037E01E23F0C0
:10E95000004301289EBF23F47F4343F0004343F468
:10E960004443C2F8403710BD001000402DE9F04F7D
:10E97000244C83B0064698460D46174600F0B6F87C
:10E980002378B342814602D16378AB4224D0731E10
:10E99000DBB2032B31D81C4A2946D05C0DF10703AA
:10E9A0003A4600F0A9F8824618BB28469DF907B000
:10E9B000FEF7FCFD534602464146584600F064F817
:10E9C000B8F8003026706570A380A071A77084F835
:10E9D000039003B0BDE8F08F94F90230BB42D6D16A
:10E9E000E3788342D3D1A38894F90600A8F80030D5
:10E9F000EFE73D217520F2F761F840F26B41062008
:10EA0000F2F75CF854000020ACCC0300014B186016
:10EA1000998070476C1B0020024BD86019745A8291
:10EA2000704700BF981B0020014B1B681B681847EC
:10EA3000A4030020014B1B685B681847A403002057
:10EA4000014B1B689B681847A4030020014B1B68FF
:10EA50001B691847A4030020014B1B685B6918471A
:10EA6000A4030020014B1B689B691847A4030020E6
:10EA7000014B1B68DB691847A4030020014B1B688E
:10EA8000DB6A1847A403002010B4034C2468E46830
:10EA9000A44610BC604700BFA4030020014B1878B7
:10EAA000704700BF9020002000220F4938B504466F
:10EAB000134644FA02F0C007D5B248BF581C02F111
:10EAC000010244BFCD54C3B2042AF2D1064DC3F1B2
:10EAD0000402042BD2B24FF0FF0188BF0022E818D5
:10EAE00003F05AFE2C7138BD9C200020014B187D8C
:10EAF000704700BFB81B0020042810B511D883B19F
:10EB000004280CBF10242824A1420AD2064C54F831
:10EB1000200018B141568A42A8BF0A461A70002048
:10EB200010BD6FF01500FBE7B81B002030B50346A1
:10EB3000114890F91C209A4219DD90F924209A423C
:10EB400017DA9A1A846AA05C0C4A15569D420DD0B9
:10EB50000E32002918BF01309442C0B206D129B14B
:10EB6000013BDBB2012B01D80130C0B230BD0D201A
:10EB7000FCE70020FAE700BFB81B0020B0CC030080
:10EB800008B5054B93F91C30984203DAFFF7CEFF26
:10EB9000024B1B56184608BDB81B0020B0CC030022
:10EBA00010B51C4C94F82C3073B9012384F82C3028
:10EBB00003F0F2FB48B1184BA362D823236284F818
:10EBC00024300823A361237710BD03F0FBFB00284A
:10EBD000F1D103F001FC0028EDD103F0BFFB38B107
:10EBE0000E4BA362D823236284F824300423E9E780
:10EBF00003F0BEFB0028F3D103F0C4FB0028EFD1E3
:10EC000003F0D4FB0028EBD14FF4DF71742003F044
:10EC10006BF900BFB81B0020EBCC0300BECC030097
:10EC20004FF08042012353600023C2F80031014AB3
:10EC300013707047E51B0020014B01221A707047CA
:10EC4000E51B00204FF08043D3F8003123B9034B7C
:10EC5000187800F0010070470120FAE7E51B00205A
:10EC600070B50A4D012604462E70FFF7EBFF30B950
:10EC70004FF080436E706C60C3F8046370BD002C6D
:10EC8000FCD0A04700236B60F8E700BFE81B002022
:10EC9000024B00221A705A705A607047E81B00201D
:10ECA00010B5034C208100F02BFD608110BD00BF2A
:10ECB000E81B0020014B9889704700BFE81B00202B
:10ECC000014B1889704700BFE81B0020014B588991
:10ECD000704700BFE81B002008B509B3F8B14FF03A
:10ECE000FF331A46E0FB01320E498A4204D940F252
:10ECF000D3116D2003F0F8F8180D40EA0230C3F389
:10ED00000F134FF22441B0FBF1F203EB0040064B2E
:10ED100003FB1200B0FBF1F040EA0240013008BDF5
:10ED20000846FCE73F420F00000024F410B5EFF363
:10ED3000108472B6064A937B0133DBB29373937BE4
:10ED4000012B01D108F01AFC04B962B610BD00BF56
:10ED5000E81B002038B5FFF7E9FFFFF773FF094C08
:10ED60004FF0804540B108F033FC01232B610423B0
:10ED7000E3730023237438BD0323E3730123C5F831
:10ED80000433F6E7E81B002010B5EFF3108472B6E9
:10ED9000094A937B23B94FF4F8716D2003F0A4F86E
:10EDA000937B013BDBB29373937B0BB9FFF738FF87
:10EDB00004B962B610BD00BFE81B0020024BD87B2F
:10EDC000003818BF01207047E81B002073B51B4DA9
:10EDD0006B7C63B9E86900F0030008F0E9FB30B12F
:10EDE000EFF3108372B6EA7B1AB103B962B602B0D0
:10EDF00070BD0122EA7303B962B64FF08043082266
:10EE0000C3F808234FF42073ADF80630BDF8064070
:10EE1000A4B2631E9BB2ADF80630002CF6D14FF0C1
:10EE200080460748C6F80C4108F063FD85F821408C
:10EE3000FFF790FF0823C6F80433D8E7E81B00204B
:10EE4000081C00202DE9F041384C94F82230002BAA
:10EE500069D04FF08043D3F80071D3F8046157B103
:10EE60000122C3F8082363782BB16368002565701D
:10EE70000BB1984765604EB14FF080430022C3F854
:10EE800004210222C3F80823FFF7A0FF4FF08046B9
:10EE90002748D6F80C8194F82150EDB208F02DFDEA
:10EEA00020B14FF423716D2003F01EF847B1E37BCE
:10EEB000032B05D10423E37308F08AFB012333619C
:10EEC000B8F1000F16D04FF080430022C3F80C2198
:10EED000E37B042B02D040F2AA21E4E703F086FA98
:10EEE000C0B14FF080430022C3F8342C0223E373F7
:10EEF000FFF74AFF4DB1002384F82130E37B022B5A
:10EF000001D1FFF727FFFFF73FFFBDE8F0410848B9
:10EF100008F002BD03F04AFA0028E2D103F05CFADF
:10EF20000028DED1E2E7BDE8F08100BFE81B002049
:10EF3000081C002010B5044CE06900F0030008F044
:10EF400037FB0028F8D010BDE81B0020F8B50546B7
:10EF500050B10278042A07D8437842B9013B1F2BED
:10EF600002D88378212B07D96FF0150077E0002BAA
:10EF7000FAD18378002BF7D1814B0127C3F8807039
:10EF8000BFF34F8FBFF36F8F4FF08046C3F8807190
:10EF90007C4C4FF0FF33C6F808330023C6F800312D
:10EFA000C6F80431C6F80C31A373AB88A38108F00E
:10EFB000EAFA08B12770A773D6F80C24D6F80C34F7
:10EFC000D20303D5DF0701D5FFF736FE4FF4AF605C
:10EFD000FFF766FE2B78A97863740022E261A174C2
:10EFE0002274042B4ED8DFE803F005033B494B00A5
:10EFF0000123E36108F0CEFA00284ED008F0D1FAE0
:10F00000E36903F00303984247D1AB79002B3ED16B
:10F01000FFF790FFA37C6BB12B785BB9FFF712FE73
:10F02000054603F0E1F86FF00043002D00F0A580E5
:10F03000C4E905034FF08043D3F80C24D3F80C3413
:10F04000D20303D5DB0701D5FFF7F6FD4C4A0123B8
:10F050000020E07384F82230C2F880311360F8BDDC
:10F06000FFF764FE4FF08043D3F80C14D3F80C2460
:10F07000CE03F9D5D007F7D50223BAE7424BB8E75C
:10F08000424BB6E74FF47F716D2002F02DFF4FF039
:10F0900080430222C3F80423BCE74FF080430122DF
:10F0A000DA600022C3F80421E269C3F8182503F0EE
:10F0B00055F910B34FF080534FF08042D3F84432EB
:10F0C000C3F34233C2F83C3503F048F910B34FF0B4
:10F0D00080430122C3F84C254FF0804301229A60FF
:10F0E0000222C3F80423AA79002A93D1D3F8042377
:10F0F00091071CD440F2B331C6E703F039F9002878
:10F10000D8D103F03FF90028D4D103F04FF90028FB
:10F11000D0D1D9E703F02CF90028D8D103F032F987
:10F120000028D4D103F042F90028D0D1D4E7184AFE
:10F130001669116941F010011161D3F8043106F02C
:10F1400010060BB908F010FC4FF08047D7F80431D7
:10F1500083B1FFF7EFFE26B90D4A136923F01003C0
:10F1600013614FF080430222C3F808230022C3F842
:10F1700004214FE708F0F6FBE8E7C4E9053059E75A
:10F1800000E100E0E81B0020010002000100030094
:10F1900000ED00E010B50D4C04F1200008F0ADFBCF
:10F1A00048B9E37B022B01D1FFF7D4FDBDE8104045
:10F1B000074808F0B1BB074A012384F82130BDE8B5
:10F1C0001040C2F80031FFF7B1BD00BFE81B0020BE
:10F1D000081C002000E100E0064B1A7810B5044638
:10F1E00032B901221A70FFF7A1FD2046FFF738FD62
:10F1F000002010BD0B1C002010B5054C23782BB14E
:10F20000FFF746FD00232370FFF7BEFD002010BD71
:10F210000B1C0020034610B3007888B91A79012A24
:10F220001ED85A79012A1BD89A680E49643A8A4234
:10F2300016D8D8680C4B98422CBF0020012070478C
:10F2400001280CD11A79012A09D85A79012A06D83D
:10F25000DA680449643A8A4201D89868EAE70020EB
:10F26000704700BF3C8601000040420F10B5054CBE
:10F27000236813B1984700232360BDE8104001F0D4
:10F280008FBB00BF0C1C002038B5044620B94FF4DA
:10F29000D5716A2002F028FE90F82850072900F264
:10F2A000EC80DFE801F004464676808AA39190F86E
:10F2B0002630033B012B02D940F2B511E9E70523C3
:10F2C00090F8241080F82630002380F8293061BBA4
:10F2D000714B0122C3F84015C3F84011C3F844151F
:10F2E000C3F84411C3F84815C3F84811C3F84C15C6
:10F2F000C3F84C11DA6008F0B3F92378012B0FD171
:10F3000001F0DCFCC4E90601236A00212846984785
:10F310000146204608F0BBF9022840F0B18038BD14
:10F32000D4E90423C4E90623EEE7BDE83840FFF73B
:10F330009DBF90F82630DA1E012A02D94FF4EB71F6
:10F34000A7E790F824202AB121462846BDE8384096
:10F3500008F06CB9042B0CBF02230123012980F8AB
:10F360002630036A0AD10521284698470028D6D0BE
:10F370000378002BD3D040F2EB118AE70621284610
:10F3800098470028CBD00378002BC8D04FF4F871F1
:10F390007FE790F82630052B02D040F2F71178E78E
:10F3A000036A0221B2E790F82630052B02D040F222
:10F3B000FD116EE7036A0121A8E790F82630052BBE
:10F3C000B3D040F2032164E790F82630052B02D039
:10F3D0004FF402715DE7036A0A2128469847014607
:10F3E000204608F054F940F20B2152E790F82630FD
:10F3F000052B07D090F825200AB1032B02D040F24C
:10F400000F2146E794F82420002A9DD194F8293052
:10F4100093B1022384F8263084F82920236A082136
:10F420002846984700283FF47AAF0378002B3FF432
:10F4300076AF40F21B212CE794F8252062B194F8B6
:10F44000270084F82530214601F03EFD00287FF496
:10F4500066AF4FF408711CE7022384F826300721B9
:10F46000236A2846984700283FF459AF0378002BB9
:10F470003FF455AF40F227210BE74FF40B7108E73B
:10F4800020B1012805D1236A04213FE7236A032123
:10F490003CE740F23D21FCE6008000402DE9F843C6
:10F4A0008846074680B300F037F84FF0000905465C
:10F4B0005FFA89F6AE420AD2304600F033F890F88F
:10F4C000264009F10109002CF2D1FF2E03D16FF083
:10F4D0000B00BDE8F883304600F024F8054684842C
:10F4E00080F8264080F8286001460A4801F0A0FB19
:10F4F000202885F827000AD001232F6285F82630BE
:10F50000204688F80060E4E76FF01500E1E76FF04F
:10F510002200DEE789F20000014B1879704700BF36
:10F52000101C0020054B1A79824283BF1B6800EB38
:10F53000400003EB00100020704700BF101C0020AB
:10F5400010B510F003040A460BD107490A71086090
:10F5500030B102EB42021201214603F01DF92046B0
:10F5600010BD6FF00D00FBE7101C002043F60952A0
:10F57000C0F3080302FB03F3400A03F5807302FBA8
:10F5800000F000EB5320704743F6095CC0F308021B
:10F5900010B50CFB02F2C0F34E24030E43EA012324
:10F5A0000CFB04F0090E02F580724FEA411C00EBDF
:10F5B00052205A01B2EB030E4CEAD36C6CEB0104FF
:10F5C0004FEA841C4FEA8E12B2EB0E024CEA9E6C9C
:10F5D0006CEB040C4FEACC0C4CEA527CD200D318F2
:10F5E00041EB0C01DA03C903801841EA534141F1B0
:10F5F000000110BD430B48F2376C0CFB03F34FEADC
:10F60000134C00B5104B43F6095E0EFB1C0000FBCB
:10F6100003F35B0D0EFB03FE03EB4C230EF5745C52
:10F620000CF1080CB0EB5C2F08D80EF5807EA0EB37
:10F630005E20C0B20B6010705DF804FB0133002047
:10F640000B6010705DF804FB6F0C0100F8B5274DDE
:10F65000A94246D8264E274F450F45EAC105A6FBCD
:10F660000514C0F34F31A40B01EB054107FB141146
:10F67000A6FB0151890B41EA04411F4C04FB110414
:10F6800048F2376C600B0CFB00F04FEA104C43F66D
:10F69000095E1A480EFB1C4505FB00F0400D0EFBF1
:10F6A00000FE00EB4C200EF5745C0CF1080CB5EB81
:10F6B0005C2F12D80EF5807EA5EB5E2E5FFA8EFED3
:10F6C000069D85F800E00D0628184FEA112141F14A
:10F6D0000001186059601460F8BD01304FF0000E51
:10F6E000EEE796219B2002F0FFFB00BFFF7F841E08
:10F6F00083DE1B43000024F40080841E6F0C010095
:10F70000420B48F2376303FB02F2120C43F6095C2A
:10F71000074B0CFB120101FB0333013B5B0D0CFBA0
:10F7200003FC5002B1EB5C2F88BF013018447047D6
:10F730006F0C01001F2810B59FBF054B18246043B4
:10F740001C189DBF195062600120002010BD00BF31
:10F75000181C002008B5064B93F80023202A03D17B
:10F760002D21022002F0C0FB83F8280308BD00BF52
:10F77000181C002008B5064B93F80023202A03D15B
:10F780003321022002F0B0FB93F8260308BD00BF2E
:10F79000181C002010B5094A92F80033202B03D121
:10F7A0003E21022002F0A0FB18214B43D018BDE8F7
:10F7B0001040D35840680321184700BF181C002090
:10F7C0000C4B0D491B78012B14BF4FF4E0224FF472
:10F7D000C022C1F8482318BF0023C1F80823074AF4
:10F7E00099000A440021012B42F8041B00D1704704
:10F7F0000123F8E7501F002000B0004040B1004056
:10F8000070B5EFF3108472B6094A0A4B0025D2F89E
:10F810000415D2F804612EB1596801315960C2F85B
:10F820000451F4E75B6804B962B6C0E9001370BD27
:10F8300000B00040501F0020094BD3F80435C01A17
:10F8400020F07F4323F001033BB120F07F40B0F56F
:10F85000000F8CBF0220002070470120704700BFBE
:10F8600000B0004008B5124BD3F8042522F0030283
:10F87000C3F80425D3F8082542F00302C3F808258D
:10F88000102292FAA2F2B2FA82F2092A04DD0948A1
:10F8900040F2913102F01EFBC3F810250122DA601C
:10F8A000054B4FF48072C3F880211A6008BD00BF79
:10F8B00000800040F835040000E100E0114B4FF4F7
:10F8C0000062C3F88020BFF34F8FBFF36F8FC3F880
:10F8D00080210D4B01225A609A60D3F80425002A3A
:10F8E000FBD10A49C3F808134FF4E021C3F84813C9
:10F8F000C3F84021C3F84421C3F84821C3F80421C8
:10F90000704700BF00E100E000B0004002000700C7
:10F910000D4B4FF48072C3F88020BFF34F8FBFF3BD
:10F920006F8FC3F88021094B01214FF0FF325960DE
:10F93000C3F808230022C3F84025C3F84021196109
:10F94000034B1A72704700BF00E100E000800040E6
:10F95000501F00202448FF2310B54FF0FF32002431
:10F9600043724FF0FF33C0E9042304704460FFF793
:10F97000CFFFFFF7A3FF1D4A1D4BC2F800424FF413
:10F980000061196080691B4930B901230B60194B74
:10F990000222C3F8042310BD174B184CC3F8A84526
:10F9A000C3F8AC05C3F85C194FF40021C3F8041583
:10F9B0000521C2F8401501211160D2F8401100293B
:10F9C000FBD04FF40021C3F8081501215160D1602C
:10F9D0000021C2F84011C2F84015C3F8A815C3F8B9
:10F9E000AC15C3F8AC15D2E7501F002000800040D2
:10F9F00000E100E000B0004000F001404081004024
:10FA0000014BD3E904017047501F0020014BD3F88C
:10FA10000405704700B0004013B56846FFF7F0FEDC
:10FA2000DDE90004FFF7A2FD024B0021E4FB030126
:10FA300002B010BD0080841EB1F1FF3F08BFB0F1DD
:10FA4000FF3F2DE9F041404C05460E4638D13F4D71
:10FA5000D5F800317BB33E4E3E4BC6F808354FF02B
:10FA60000008FFF7ADFE84F80980FFF751FFFFF7AC
:10FA7000F9FE394BC5F80081384FC6F8A8354FF468
:10FA80000023C6F8AC75C6F8043507F024FFD5F896
:10FA900000312BB10123C5F800817B60FB60F4E7E6
:10FAA000013041F100010223C4E904012370FF2366
:10FAB0006370BDE8F08107F00EFFC51C41F1000640
:10FAC000D4E90473B34208BFAF42F2D0204B214ABD
:10FAD000C3F80825FFF774FE1C4A4FF4803125F067
:10FAE0007F480023C2F808134046C2F84813C2F802
:10FAF0004031FFF7A1FE20B14FF43F716C2002F0BE
:10FB0000F3F9C2F84085C2F844132378012B06D1DB
:10FB100027F07F473846FFF78FFE0128FAD00023F1
:10FB20006372FFF7F5FEFFF79DFE094A01234FF0D0
:10FB300000412370C2F8041504226270034AC4E92C
:10FB40000456C2F84833B4E7501F002000B000400C
:10FB500000F001400000088000B10040008000403B
:10FB600037B540B1041FE4B2022C13D940F29531ED
:10FB70006C2002F0B9F9214B4FF48032C3F808230E
:10FB8000C3F84005C3F84001D3F840310093009B0F
:10FB900003B030BD1A4D2B7893B16A7882420FD1F1
:10FBA000184A1949C2F80815012B01D1FFF7B0FE18
:10FBB00000232B704FF0FF324FF0FF33C5E90423D1
:10FBC000124A4FF48033A340C2F80833C2F84833D6
:10FBD00004F5A87352F82300FFF72EFE012818BF82
:10FBE0000B4B22B24FEA84041CBF00211951084B71
:10FBF00053F822300193019BCAE700BF0080004008
:10FC0000501F002000F001400000088000B00040BC
:10FC100040B1004070B52C4B30B1041FE4B2022C4F
:10FC20002AD94FF454710BE0D3E90401B1F1FF3F3D
:10FC300008BFB0F1FF3F06D11B7A23B94FF44A71D8
:10FC40006C2002F051F912B94FF44B71F8E71F4BD9
:10FC50004FF480310120C3F80413C3F840255864E1
:10FC6000D3F8441500248A42C3F8444503D82046FB
:10FC7000FFF776FF204670BD197829B15B78834283
:10FC800002D14FF45371DBE7114B124E22F07F414A
:10FC9000A20013444FF48035A5400022C6F8085353
:10FCA0000846C6F848531A60FFF7C6FD48B904F580
:10FCB000A874012046F82410C6F80453C6F844532B
:10FCC000D9E71046D7E700BF501F00200080004052
:10FCD00040B1004000B0004008B5FFF771FD054B92
:10FCE0004FF0FF32C3F808230022C3F84025C3F8C1
:10FCF000402108BD0080004008B50122084B10B12A
:10FD0000C3F8442308BDC3F84823FFF701FE054BA1
:10FD10004FF0FF3118704FF0FF30C3E90401F1E7F5
:10FD200000B00040501F0020F8B5164D164E0024BC
:10FD30004FF48037D5F8043307FA04F21A4212D090
:10FD400056F824307BB1002346F8243004F5A8731C
:10FD500055F82300FFF770FD28B1201DC5F80823D2
:10FD6000C0B201F007FC0134032CE3D1054BD3F8FA
:10FD7000042132B10022C3F80421044A536801333C
:10FD80005360F8BD00B0004040B10040501F00205B
:10FD900010B51C4C637AFF2B2DD0237883B1012240
:10FDA000022B227221D1184B4FF40022C3F80825F0
:10FDB000002323704FF0FF324FF0FF33C4E90423D8
:10FDC000124BD3F80423D2031BD5D3F84021C2B180
:10FDD0004FF480320020C3F80823C3F84001FF230A
:10FDE0006372BDE8104001F0C5BB02236078237048
:10FDF000FFF7B6FEE4E7054BD3F804330BB1072059
:10FE0000EFE710BD501F002000F0014000800040CF
:10FE10002DE9F04F93B01C460492CDE90201FFF7A3
:10FE2000EFFD182301910646B849082004EB44026F
:10FE300013FB0404631801EBC202083265581F7BF0
:10FE4000D3F8048093F80D9005970FCA0CAC25F0F9
:10FE50007F4A84E80F005046FFF788FBAC4B7C1CC0
:10FE60009842044400F288819C4200F39380002C65
:10FE700055DBFEF7E7FEB9F1010F834608D0A54F29
:10FE8000D7E90223B3F1FF3F08BFB2F1FF3F4BD0E8
:10FE900007F0BFFB019B0690B3F1FF3F08BFB6F12F
:10FEA000FF3F03D0B54278EB030378D2029B0322D5
:10FEB000EB1A934269DBBBF1000F00F0E8800023EE
:10FEC0000793029BB5EB030B039B68EB030707F05B
:10FED000A0FB0930C217834577EB020380F0DB807B
:10FEE000049B012B00F0E180079B002B5AD1019B62
:10FEF000B3F1FF3F08BFB6F1FF3F53D0721B63EB76
:10FF00000803042A73F1000180F22881012A73F1A9
:10FF100000033ADADDF81CB026F07F4A52E004F123
:10FF2000F45404F59024A4E70028B1D107F071FB44
:10FF3000019B0690B3F1FF3F08BFB6F1FF3F00F011
:10FF4000A380B54278EB0303C0F09E803B7C002B7E
:10FF5000069B14BF00221A463346EB1A9A4214DC61
:10FF600001230793D7E90232B2F1FF3F08BFB3F193
:10FF7000FF3FA6D00699EB1A68EB02028B4272F1A2
:10FF800000039ED2B9F1010F9BD00024204613B08C
:10FF9000BDE8F08F04F1614404F5F70469E73346E6
:10FFA000002285E728464146FFF746FD4FF0000B4B
:10FFB000B8F1FF3F08BFB5F1FF3F00F0E2802E46E9
:10FFC000CDF804805046FFF7D1FA534B221A9A42DB
:10FFD0000DD3001B98427CD34D4B9A4200F2B38064
:10FFE000984240F2D880C0F1614202F5F702D3177F
:10FFF0000020FFF70FFE04460028C6D0454FB9F198
:020000021000EC
:10000000010FD7E9022366D0BBF1000F40F08880D2
:10001000B3F1FF3F08BFB2F1FF3F00F0A68001201F
:10002000FFF76AFE3B7C002B40F092806A1E68F16D
:1000300000030620FFF7EEFD002842D0B9694FF01B
:10004000804200230B60C2F80835059B8DF83C30D8
:1000500000238DF8403008934FF0FF324FF0FF330C
:10006000CDE90C58CDE90A238DF83D9008AE0FCEAE
:100070002A4D0FC50FCE0FC596E8030085E8030093
:10008000204613B0BDE8F08F029BC21C65E7214FEC
:10009000CDF81CB066E7B9F1010B2846414618BF00
:1000A0004FF0010BFFF7C8FC82E7019BB3F1FF3F64
:1000B00008BFB6F1FF3F73D026F07F4A4FF0000B28
:1000C00080E7BA694FF080410123C1F80835136019
:1000D000BBE742428BE7B3F1FF3F08BFB2F1FF3FFE
:1000E00024D1BBF1000F9DD0069BF21A019B4FF06B
:1000F000050063F10003FFF78DFD002846D03B7C2F
:10010000002B93D101233B7490E700BF181C002003
:10011000FF7F841E701F00200040420F201F002020
:10012000B3F1FF3F08BFB2F1FF3FDDD007F067FA40
:100130004FF0FF324FF0FF33C7E90223BBF1000F4E
:100140003FF470AFD0E702F1F45202F590224EE78F
:100150000520FFF705FD00233B7467E7284641466D
:10016000DDF81CB0FFF768FC22E707F046FA07F05D
:10017000B2FBC7E9020152E740F20F41702001F0E3
:10018000B3FE40F21B71702001F0AEFE40F221215F
:10019000702001F0A9FE40F2D471702001F0A4FE9D
:1001A00040F27F61702001F09FFE00BF2DE9F04F0B
:1001B0008D4F7C7C04EB44033B4483B05D78202D61
:1001C00048D08A4BE6B26400002B00F08980884B4F
:1001D000DFF82092002B5FD005EB461207EB420AB6
:1001E0004FEA46189AF81C30013BDBB2052B34D895
:1001F000814A12F803B0BBF1080F2ED0AFF3008094
:10020000EFF3108372B634443C449AF81D206270B8
:10021000A278AA4204BF2022A27013B9AFF30080D3
:1002200062B6A84405EB450509EBC50207EB480893
:10023000506859F835300122594688F81C209847F3
:100240007C7C04EB44033B44E6B25D78202D4FEA0E
:100250004404C1D103B0BDE8F08F40F24A61702080
:1002600001F042FE62B6A84405EB450509EBC50264
:1002700007EB4808506859F835300122594688F88C
:100280001C2098477C7C04EB44033B44E6B25D7839
:10029000202D4FEA4404DDD005EB461207EB420A5D
:1002A0004FEA46189AF81C30013BDBB2052BD4D834
:1002B000514A12F803B0BBF1080FCED0AFF3008063
:1002C000EFF3108372B634443C449AF81D206270F8
:1002D000A278954204BF2022A270002BC3D1C1E7AF
:1002E000434BDFF814B1DFF80CA14FF02009002BCD
:1002F0004FD005EB461207EB42024FEA4618137F38
:10030000013BDBB2052BA8D81BF803100829A4D0A9
:10031000EFF3108372B634443C44527F6270A2788B
:10032000954208BF84F80290002B52D0A84407EBF6
:10033000480805EB45050AEBC5025AF83530506808
:10034000012288F81C2098477C7C04EB44033B4442
:10035000E6B25D78202D4FEA4404CAD17AE762B64E
:10036000A84405EB45050AEBC50207EB48085068B1
:100370005AF83530012288F81C2098477C7C04EB21
:1003800044033B44E6B25D78202D4FEA44043FF439
:1003900061AF05EB461207EB42024FEA4618137FA6
:1003A000013BDBB2052B3FF658AF1BF803100829C1
:1003B0003FF453AFEFF3108372B634443C44527FA2
:1003C0006270A278954208BF84F80290002BC7D1D2
:1003D000C5E70191AFF3008062B6A844019905EB2F
:1003E000450507EB4808A6E7701F00200000000045
:1003F00000000000181C00201CCD03002DE9F04F68
:1004000085B0DFF80C81019301EB41034FF0200C24
:1004100018F8034003916445924682F800C073D0F7
:100420004B01DFF8F09006469B4610E0727B012AF4
:1004300002D0427D012A57D00BEB040308EB4303A3
:100440008AF800405B7F202BA4465DD01C4604EB5D
:10045000440009EBC000D0E9032387683568716860
:1004600013EB070E42F10002754571EB02024FEAF1
:100470004403DBD21D46019B83F800C0039B4FEA77
:10048000431B281909EBC0003768B368D0F808A0EF
:100490007268C168DB1942F100029A4571EB0203F0
:1004A00010D3437D012B02D0737B012B03D001209D
:1004B00005B0BDE8F08F07F0ACF8AAEB07070130F4
:1004C0008742F4DA019A254409EBC5051470A97D29
:1004D000B27B0BEB0403914208EB430310D95C7F22
:1004E000202CE4D06500CCE7029307F092F8ED1BD6
:1004F00001308542A0DA029B9AF800C01D46BAE797
:10050000002005B0BDE8F08F019B1C70CFE700BF55
:10051000701F0020181C00202DE9F04F83B00C46FE
:1005200015461E469DF83070FFF7EAF822686368AA
:10053000451946F10006954276EB030342D3DFF8F6
:100540008C8005E05D4576EB09033BD3C4E900B937
:100550000DF107030DF1060239462046FFF74EFF65
:1005600088BB9DF8073003EB430308EBC303D3E9D3
:1005700002A01A691AF1030B40F1000012EB0B0BF9
:10058000627B40F10009012ADCD05B7D012BD9D1CF
:1005900007F03FF8ABEB0A0301308342D2DA9DF853
:1005A000073003EB430308EBC303D3E902B907F0B9
:1005B00030F8013010EB0B0B49EBE0795D4576EB41
:1005C0000903C3D2002003B0BDE8F08F181C00203F
:1005D0002DE9F04715461C4612782F7A95F809C088
:1005E00088B00023E360C4E90033A7739DF840801E
:1005F00084F80DC00646A360E2730F46002A3AD184
:10060000FEF7C2FFD5E9042C3C4BC31841F1000EA4
:100610009A427CEB0E030AD3013E47F1FF37C4E94F
:1006200000674FF47A73A36008B0BDE8F087263006
:1006300041F1000182427CEB0103EDD3501E04F135
:100640000C036CF10001009304AA06ABFEF7FEFF59
:10065000049B686802330DF10F0205A91844FEF7E8
:10066000C9FFDDE9053207999B1A23F07F43C4E9EE
:100670000021A360D8E7224804F10C0206A9FEF786
:10068000B9FF204B1B78202B24D01F490B69D1E9DF
:100690000521083342F1000A13EB01094AF1000A6F
:1006A0006B68207B1844023005AA04F10801C4E9F4
:1006B000009AFEF79FFF2869CDF8008032463B463E
:1006C0002146FFF729FF0028AED1C4E9006708B032
:1006D000BDE8F087637B16F1080947F1000A012B9A
:1006E000DED0FEF7AFFA0028DAD106F092FF10EB69
:1006F000090399464AF1000AD2E700BF0040420FC1
:10070000FF7F841E181F0020201F00202DE9F047C6
:1007100000EB4003344DDFF8D480EC5C0646470024
:10072000FFF774F94FF0200C4FEA461E04EB44012A
:1007300008EBC1010EEB0403D1F808A00A69AAEB8B
:10074000000929F07F49B9F5000F05EB43030DD8E7
:1007500012EB0A02121A22F07F42B2F5000F05D8FE
:10076000BCF1200F0AD12046BDE8F0875B7F202B2B
:10077000A4461C46DAD1BCF1200FF4D00CEB461392
:10078000BA1905EB430315F802805B7FAB54710186
:1007900044464FF0040E0B1905EB430322469445E3
:1007A000204683F81CE05C7FF5D1BB192B440A443A
:1007B00093F802E0BEF1200F5FFA8EFC18BF8C4464
:1007C0003E4418BF05EB4C0C05EB4202354408BF14
:1007D00083F801804FF0200318BF8CF81D80A870AB
:1007E00053772046BDE8F087701F0020181C0020BA
:1007F0002DE9F04101EB41034A4DEE5C202E82B021
:100800000C4680464FEA410740D1474B0BB1AFF34E
:10081000008007F060F8AB7C0191202B0AD0434B9D
:10082000D3E904E210F1020C41F10003E64572EB5A
:10083000030330D3202E0AD042463346FFF7E8FAAE
:1008400000283DD00220AE7402B0BDE8F081D5E9A9
:100850000223B3F1FF3F08BFB2F1FF3F1FD12B7C52
:1008600043BB0420FFF77CF9FFF736FA0020FFF7BF
:1008700043FAA9694FF080422020A8740023012088
:100880000B60C2F8083502B0BDE8F0810846FFF7FA
:100890003DFF8642B9D0002002B0BDE8F08106F0ED
:1008A000AEFE4FF0FF334FF0FF32C5E902232B7C41
:1008B000002BD6D00520FFF753F900232B74D0E787
:1008C0003A1906EB441305EB430315F802C05B7FAE
:1008D000AB5461016246042013468A1805EB4202BC
:1008E0009E421077527FF7D13A192A443C449678B9
:1008F000F0B2202E18BF4018194418BF05EB400075
:1009000005EB4101254418BF80F81DC0AB704FF0C6
:1009100000004FF0200308BF82F801C04B7702B0FF
:10092000BDE8F081701F002000000000201F0020A3
:1009300038B5164A164D4FF0FF304FF0FF31002307
:10094000C2E90201C5E90201202142F22000A9709A
:10095000136082F82030A9741C4628806B742B74B5
:1009600005F11C0202F814300134202CFAD1094898
:1009700001F078FC084B094A1C70107001F062FD10
:10098000A861FEF7E7FF0123EB7438BD201F0020AC
:10099000701F0020AD010100181F0020481F00201B
:1009A0002DE9F04F83B006F096FFDFF86882064627
:1009B0000C46FFF791F94FF0FF334FF0FF32C8E9D3
:1009C000022398F82030D3B9D8F81030D8F818207E
:1009D000D8F814109048023341F100019B1802F539
:1009E000DF62A0FB02024FEA922241F100019B1854
:1009F00041F100019E4274EB010380F0FB804FF057
:100A0000FF304FF0FF31FFF717F8844A92F800B03B
:100A1000BBF1200F00F0E980814D20231370AB74EF
:100A20006B7C0022C8F8002003EB43025FFA83F9D5
:100A3000AF5C5B00202F00930AD0DFF8E8A107EB42
:100A400047030AEBC3037A00D97D012900F0A8808F
:100A5000009BDFF8D4A103EB09062E444FEA4917A7
:100A60003478202C04D04846FFF750FE8442F7D15A
:100A7000BAF1000F01D0AFF3008006F02CFFAB7C81
:100A8000202B09D0D8E9042310F1020E41F1000C0B
:100A9000724573EB0C03E3D3202C34D023460122A0
:100AA000FFF7B6F9002852D0AC7407EB0B0305EB47
:100AB00043031A7F022A1BD1009A4A442A44062182
:100AC00019779178CBB220291CBFDB1905EB4303C2
:100AD0005F4418BF83F81DB0009B08BF82F801B0C7
:100AE0004B442B4405EB470783F802B020237B7768
:100AF000FF23AB71009B4B441D446B78202B60D1CE
:100B000003B0BDE8F08FD5E90223B3F1FF3F08BF82
:100B1000B2F1FF3F07D006F072FD4FF0FF324FF009
:100B2000FF33C5E902232B7CA3BB0420FFF718F891
:100B3000FFF7D2F80020FFF7DFF8A9694FF08042F5
:100B400000232020A8740B60C2F80835ADE73B19DC
:100B500005EB430330785B7F337002460421134674
:100B6000BA1805EB42029C421177527FF7D1B17857
:100B7000B370CAB220291CBFD21905EB42023B4414
:100B800005EB430318BF50774FF0200208BF707089
:100B90005A7765E70520FEF7E3FF00232B74C4E7CF
:100BA0005B7D012B14D1033644F1000417440AEB9A
:100BB000C70ADAE90223B242A34128BFCAE90264A4
:100BC00046E71A4B187803B0BDE8F04F01F076BB4A
:100BD0000192FEF737F8019A0028E4D106F019FDDA
:100BE0008619019A44F10004E0E740F2B121702037
:100BF00001F07AF9094B0B4A1B78182101FB03F32A
:100C0000D01807214068D358984740F2A621702099
:100C100001F06AF9201F00209300DC92181F0020C9
:100C2000701F0020181C002000000000481F00203A
:100C300038B50C46054606F0F2FC11494B7C01F133
:100C40001C0C5FFA83FE0CEB831C002302E00133D3
:100C5000202B13D01CF81320D8B2002AF7D1094A50
:100C600003EB4E1E03EB430301EB4E0142F83350FE
:100C700002EBC30301220A775C6038BD184638BD19
:100C8000701F0020181C00201F2808D80A494B7C20
:100C900000EB431301EB43031A7F012A01D000202C
:100CA00070474B7C00EB431301EB43034FF0000C08
:100CB000104683F81CC07047701F002010B5054C0B
:100CC000D4E90401FEF760FC237F0133181841F1D9
:100CD000000110BD201F0020014BD3F840057047D4
:100CE000008000400378002B40F0D7802DE9F04FC2
:100CF0006F4A5368C3F3080389B08146002B40F064
:100D0000B8806C4E6C4FDFF8B4B106F11C0A27B105
:100D1000002140F23C40AFF30080757CEDB24FF013
:100D20000003B37127B1002140F24140AFF30080CE
:100D30000AEB851EBEE80F006C1C04F001080AEBEC
:100D4000881CACE80F00BEE80F00ACE80F00BEE85E
:100D50000F00ACE80F009EE80F0044468CE80F003F
:100D60002DB227B100214FF47370AFF3008005EB73
:100D7000450504EB44047319725B9B783253344489
:100D8000A37057B100214FF47470AFF3008027B106
:100D9000002140F24640AFF3008006F09CFDCDF804
:100DA000008004AB4A4604460D46FFF711FC27B10C
:100DB000002140F24D40AFF30080414B1B78202BC7
:100DC0003FD0DBF81030DBF81420DBF818100833C4
:100DD00042F100025B1842F10002DDE90401984291
:100DE00071EB020CCDF8008022D3364822462B4608
:100DF00004A9FFF791FB98B1DDE90401FEF7C4FBFC
:100E00009DF81C3001331B1841F10001C9F8103066
:100E1000C9F8141027B100214FF48C60AFF30080A3
:100E2000B379002B7FF473AF012009B0BDE8F08FD8
:100E3000CDE9043204A922462B462248FFF76CFB79
:100E4000DAE79DF81D1014F1080345F100020129AD
:100E5000C3D0CDE90232FDF7F5FEDDE9023200280C
:100E6000BBD106F0D6FB029B039AC31842F10002E5
:100E7000B3E7103B59B2002911DB01F1604101F5E4
:100E8000614191F8000340090028CED0094E0A4F75
:100E9000DFF828B006F11C0A39E70020704703F09C
:100EA0000F03043B1344187E40090028EED1BCE731
:100EB00000ED00E0701F002000000000201F002057
:100EC000181F00200040420F2DE9F04FAC4A536834
:100ED0008FB0C3F3080383460491002B40F0628176
:100EE00008230393049B1B78012B00F23D82A54E3F
:100EF00026B1002140F22E50AFF300800023A24C17
:100F000005934FF0010926B1002140F23B50AFF3A9
:100F10000080B9F1000F04D19C4B0BB1AFF30080FE
:100F200062B6657CEDB24FF00003A371039B002B0A
:100F300040F09880A84626B1002140F24F50AFF310
:100F4000008006F0C8FC049A00950AAB8246FFF7C1
:100F50003FFB26B1002140F25750AFF300800BEB6E
:100F6000481904EB49094FEA481799F81C30013B2E
:100F7000012B75D80A992AF07F4AA1EB0A0222F0C8
:100F80007F4323F00103002B40F0BD8008EB4802B3
:100F9000224407EB0B03907804EB43030421202841
:100FA00019774FEA4803C1B200F09681394404EB47
:100FB000410181F81DB0434423445F4404EB4707DB
:100FC00083F802B020237B7700230593012726B105
:100FD000002140F25C50AFF300806D4B0BB1AFF3DA
:100FE0000080EFF31088C14672B6A379002B8AD136
:100FF000684B0BEB4B0C03EBCC0C0AAB0FCB0CF19F
:10100000080C8CE80F008FB1039B002B00F0EA80E6
:10101000059B23B1604B1B78202B00F06081637C23
:10102000DB4303F001036374FF23A371B8F1000FE6
:1010300004D1564B0BB1AFF3008062B626B100214C
:1010400040F29350AFF30080002F4AD126B1002127
:1010500040F29F50AFF3008038460FB0BDE8F08FEC
:101060000027B4E74D4B05F1010A0AF0010A03EB32
:10107000851E03EB8A1CBEE80F00ACE80F00BEE83B
:101080000F00ACE80F00BEE80F00ACE80F009EE8D0
:101090000F002DB28CE80F00D0460FFA8AF726B168
:1010A00000214FF47370AFF3008005EB450507EBAB
:1010B00047076319625B9B78E2532744BB7056B1C4
:1010C00000214FF47470AFF3008026B1002140F28C
:1010D0004550AFF30080A379002B7FF414AF554641
:1010E00029E7637C03EB43031C446378202BADD0DA
:1010F00026B1002140F29A50AFF30080284B1878B7
:1011000001F0DCF8A2E722F07F42B2F5000F3FF6D3
:101110003DAF0C9B5B18A3EB0A0323F07F43B3F5B1
:10112000000F3FF633AF0DF127030DF126022946DC
:101130000AA8FFF763F9059000285AD108EB480286
:1011400022440423907889F81C304FEA4803202871
:10115000C1B2434418BFC91923445F4404EB470795
:1011600018BF04EB410183F802B04FF0200314BF15
:1011700081F81DB082F801B07B77012727E700BF17
:1011800000ED00E000000000701F002000000000E3
:1011900000000000181C0020181F00208C1F0020D9
:1011A000481F0020103B59B20029C0F28D8001F188
:1011B000604101F5614191F800335B090393002B15
:1011C0007FF490AE704B1B78202B00F0D280049BF4
:1011D0001B780393002B3FF48AAE40F22751702016
:1011E00000F082FEFF23A371B8F1000F7FF426AF59
:1011F0001FE79DF826C09DF827E0F44518D1BCF103
:10120000200F00F09E8007EB0C0304EB43035B7F91
:1012100089F81D30BC4404EB4C0C00228CF81DB046
:101220005F4404EB4703059F059203221A77CEE63D
:10123000BEF1200F00F0A28007EB0E0304EB430386
:10124000BCF1200F597F00F0878007EB0C0204EB04
:1012500042024FEA4803507F069051774FF0050A4B
:101260003A1804EB420201468E45814682F81CA0E2
:10127000507FF5D103EB08022244079192F802A0B7
:10128000BAF1200F5FFA8AFE63D0BE4404EB4E0E23
:10129000069A8EF81D2003EB08022244079982F873
:1012A0000290394407EB0B024FF0200E04EB410192
:1012B00004EB4202F44581F81DE05077AAD1434483
:1012C000059A04F803B0ABE703F00F03043B1344A3
:1012D0001B7E5B09039372E782F801B06BE6294637
:1012E0000220FFF785FA00287FF499AE637C03EBB8
:1012F000430020440BEB431204EB420285780421A7
:10130000DFB211775A015B00202DE9B23B4418BFD0
:10131000891823445A4418BF04EB410104EB4202EC
:1013200083F802B04FF0200318BF81F81DB0059F6D
:1013300008BF80F801B05377B8F1000F7FF47EAE9C
:1013400077E608EB4803E35C89F81D304FEA480371
:10135000B5E7069951709EE708EB48024FEA48034B
:10136000A05C0690A15479E740F22B51702000F068
:10137000BBFD40F22451702000F0B6FD40F2CB11CD
:10138000702000F0B1FD00BF181F00202DE9F84FBC
:10139000734CDFF8D08105464FF0010A04F11C0BB5
:1013A000B8F1000F04D0002140F2B150AFF300803B
:1013B000BAF1000F04D16C4B0BB1AFF3008062B6F1
:1013C0004FF00003A371B8F1000F04D0002140F2E8
:1013D000B650AFF30080667C0BEB861EBEE80F00B4
:1013E00006F1010909F001070BEB871CACE80F00BF
:1013F000BEE80F00ACE80F00BEE80F00ACE80F003D
:101400009EE80F00B9468CE80F00B8F1000F04D039
:1014100000214FF47370AFF3008006EB460607EB34
:101420004707A319A25B9B78E2532744BB70B8F12E
:10143000000F04D000214FF47470AFF30080A37943
:1014400003F0FF01002B7CD1B8F1000F03D04FF463
:10145000B860AFF3008005EB491304EB43034FEA98
:1014600049161A7F032A6AD109EB4902A75CBD42DB
:1014700071D0202F63D03B4601E0202B5FD0F218C3
:1014800004EB42021946537F9D42F6D1202D56D0DF
:101490007319314404EB430304EB41015B7F4B7749
:1014A000B8F1000F0CD0002140F23E30AFF30080C5
:1014B000B8F1000F04D0002140F2C550AFF3008016
:1014C0002E4404EB460601233377B8F1000F04D015
:1014D000002140F2CE50AFF30080244B0BB1AFF3AC
:1014E0000080EFF3108A72B6A379002B7FF458AF17
:1014F000BD4203D11E4B1B78202B1AD0637CDB43EB
:1015000003F001036374FF23A3710124BAF1000FF8
:1015100004D1154B0BB1AFF3008062B6B8F1000FE8
:1015200004D000214FF4BE60AFF300802046BDE838
:10153000F88F49460220FFF75BF90028DED100242E
:10154000E4E7B8F1000F3FF433AF002140F2BC50A4
:10155000AFF3008024E7202DF1D05B7FA3549FE7F9
:10156000701F0020000000000000000000000000CC
:10157000181F002070B586B007280DD8DFE800F0EE
:10158000310C0C0C0C1D040E5F4B4FF080419A691E
:101590000123C1F80835136006B070BD5B4B5C4A8F
:1015A0001B7803EB430302EBC30052F8333040686F
:1015B000042106B0BDE870401847534C237C002B33
:1015C00048D0D4E90223B3F1FF3F08BFB2F1FF3F97
:1015D00000F084800120FEF78FFB0023237406B007
:1015E00070BD494CD4E90223B3F1FF3F08BFB2F10B
:1015F000FF3F55D0454E0120FEF77EFB3378202B70
:1016000055D0444D6A7F012A3BD0FDF71BFB0346B2
:10161000002835D194F89C200132D2B2312A84F8C6
:101620009C206CD84FF47A7230786946CDE900324C
:10163000CDE90233CDE90433FFF746FC002859D049
:1016400095F82040012385F82030FFF7A9F985F8A7
:101650002040A1E72D4B2E4A1B782E4903EB430374
:101660004FF0FF344FF0FF35C1E9024502EBC301F3
:1016700052F833304868052106B0BDE8704018477D
:101680003378234A03EB430302EBC30052F83330B1
:101690004068002184F89C1006B0BDE870401847EF
:1016A00005F0ABFF06F017F9C4E90201A2E7637C7D
:1016B00003EB4301DAB2635C202B16D003EB42123A
:1016C00004EB4202507F6054FF21A171114D337031
:1016D00002211177002285F8202093E705F08DFF85
:1016E00006F0F9F8C4E9020174E740F242217020E3
:1016F00000F0FAFB40F21961702000F0F5FB40F2B7
:101700001561702000F0F0FB701F0020181F0020F2
:10171000181C0020201F002070B5224B1A78202AA8
:1017200086B035D0204CD4E90213B3F1FF3F08BF97
:10173000B1F1FF3F31D11D4E02EB420206EBC20672
:101740000546D6E90201FDF71FFF337D00225B1934
:101750005241013342F10002181842EB01010DF130
:101760000B0204AB009203AAFDF770FF9DF80B205B
:10177000DDE904130F2A94BF00220122521843F11D
:1017800000030520C4E90223FEF744FA06B070BD49
:1017900040F2AF71702000F0A7FB4FF4F6617020AB
:1017A00000F0A2FB181F0020201F0020181C0020A2
:1017B000FEF72CB938B5254B93F800E0BEF1200FA9
:1017C0003FD0234D6B7C95F811C003EB43035FFAC8
:1017D0008CFCEB5C202B25D01E4C4FEA4C1C05E00A
:1017E000634405EB43035B7F202B1BD003EB4302D9
:1017F00004EBC202917D8142F2D80EEB4E0E04EB57
:10180000CE04D4E90213206940189168D26843F1EC
:101810000003C41C43F10003A14272EB030304D292
:10182000002038BD4FF0FF3038BD0B4B081A03388D
:101830001C68FDF79BFE04F132038342F0D8001BC5
:1018400038BD40F2E471702000F04EFB181F0020FC
:10185000701F0020181C0020201F00202DE9F04FD1
:101860008C4B1D7887B0202D019000F00D81DFF8A2
:101870002892DFF8288299F8113003EB43030646DB
:10188000D8F8000019F80340D8F8103003930DF190
:101890001302D8F8183002938B46304405A9FDF79F
:1018A000A9FE7F4BA6F132029A426AD8DFF8F4A172
:1018B000059BD8F8146005EB45050AEBC505A8683B
:1018C0001B182869D8F810501818401B20F07F43C7
:1018D000B3F5000F55D899F81120C8F81800202C3E
:1018E00088F81EB0D2B200F0C2805201DC4620213E
:1018F000934604EB440240190AEBC20246F1000E83
:10190000D2E90263864273EB0E034FEA440746D3E3
:10191000537D012B03D098F81D30012B35D00520C5
:101920000091FEF71DF9009999F811004FF0FF3270
:101930004FF0FF332029C8E90223C0B240F0958060
:1019400000EB4000202419F80030524A99F8111099
:10195000127802EB411209EB42025377D8F80030BB
:10196000019A1344C8F80030FF2389F80630202C70
:1019700035D04D4B187800F0A1FC002007B0BDE831
:10198000F08F012007B0BDE8F08F009105F041FE17
:10199000751B013085420099C1DA98F81EC02744B2
:1019A0000AEBC707BB7D63450DD90BEB040309EBBD
:1019B00043035B7F202B16D02146D8E90456D8F884
:1019C00018001C4695E7DDE90231D8F810205B18B5
:1019D0009B1A0220C8F8183007B0BDE8F08F00202D
:1019E00007B0BDE8F08F0520FEF7BAF84FF0FF32E0
:1019F0004FF0FF3399F81100C8E90223C0B204EB9D
:101A0000401309EB430346005A7F00EB40034101BA
:101A100019F803A009F803204FF0050C5346CF181E
:101A200009EB47071A4694421D4687F81CC07B7F86
:101A3000F5D137184F440A4497F802E0BEF1200F61
:101A40005FFA8EFC18BF8C44304418BF09EB4C0C75
:101A500009EB420248444FF0200114BF8CF81DA04E
:101A600087F801A0857051776FE70C46C7E705201E
:101A7000FEF776F899F811004FF0FF324FF0FF3380
:101A8000C8E90223C0B25BE740F60D01702000F008
:101A90002BFA00BF181F0020701F0020201F0020FD
:101AA000CE3F420F181C0020481F00202DE9F84FA0
:101AB0009A4C637C00EB431304EB43031B7F002B26
:101AC00000F02781677CDFF858820546FFB2B8F145
:101AD000000F04D0002140F64C00AFF300807E01DF
:101AE00005EB471704EB4707B8F1000F40F0D9802A
:101AF000771904EB47073B7F012B08D0043B022BEF
:101B000040F2C58005F02EFF3B7F012BF6D1DFF8B8
:101B100014A24FF0010BB8F1000F04D0002140F6E1
:101B20006300AFF30080BBF1000F04D17E4B0BB11B
:101B3000AFF3008062B64FF00003A371B8F1000F5D
:101B400004D0002140F66800AFF30080667C0AEB09
:101B5000861EBEE80F0006F1010909F001070AEB35
:101B6000871CACE80F00BEE80F00ACE80F00BEE831
:101B70000F00ACE80F009EE80F00B9468CE80F009C
:101B8000B8F1000F04D000214FF47370AFF3008060
:101B900006EB460607EB4707A319A25B9B78E253C7
:101BA0002744BB70B8F1000F04D000214FF47470CB
:101BB000AFF30080A37903F0FF01002B40F0858094
:101BC000B8F1000F03D040F67200AFF3008009EBCC
:101BD000490323444FEA490B5E78B54200F08F80F9
:101BE000202E2CD04FEA491101E0202E27D08B194E
:101BF00004EB4303324637465E7FB542F5D1202DD4
:101C00001DD00A44294404EB410104EB42024B7FFE
:101C10005377B8F1000F04D0002140F23630AFF313
:101C200000800BEB090323449B789E425AD0B8F105
:101C3000000F0CD0002140F23E30AFF30080B8F12D
:101C4000000F04D0002140F67600AFF30080374B40
:101C50000BB1AFF30080EFF310839B4672B6A2790D
:101C6000002A7FF458AF84F81190FF22A27123B9A3
:101C70002D4B0BB1AFF3008062B6B8F1000F04D06A
:101C8000002140F68800AFF30080BDE8F88F73199B
:101C900004EB43030122DFF88CA01A774FF0010B0D
:101CA00039E73B7F012B3FF432AF043B022B16D9BF
:101CB000002140F65800AFF3008005F053FE0021EC
:101CC00040F65C00AFF300800EE7B8F1000F3FF480
:101CD0002AAF002140F66E00AFF300801BE701231E
:101CE0003B77ECE7B8F1000F04D0002140F2393027
:101CF000AFF300800BEB090323449F7097E7202D7F
:101D00009DD005EB491204EB42022027527F5A7006
:101D10007FE740F64301702000F0E6F8701F0020D6
:101D2000000000008C1F00200000000000000000E8
:101D300070B586B063BB064610460D46FDF716FC2F
:101D40000DF10B030446009303AA04AB2946304669
:101D5000FDF77CFC039A1349A31A8B420BD3121B89
:101D60008A420ED310498B420DD88A4215D9C2F14E
:101D7000614303F5F7030A9AA2F10F00C01A06B0F7
:101D800070BD5342F7E703F1F45303F59023F2E7F4
:101D900040F68E01702000F0A7F840F2D471702058
:101DA00000F0A2F80040420FFF7F841EBFF34F8F68
:101DB0000549064BCA6802F4E0621343CB60BFF3E7
:101DC0004F8F00BFFDE700BF00ED00E00400FA0503
:101DD000094B01225A604FF0FF32C3F80823074B2A
:101DE0004FF48042C3F88020BFF34F8FBFF36F8F53
:101DF000C3F88021704700BF00E0004000E100E030
:101E0000094B01225A604FF0FF32C3F80823074BF9
:101E10004FF48052C3F88020BFF34F8FBFF36F8F12
:101E2000C3F88021704700BF00C0004000E100E01F
:101E3000084B0022C3F8FC2F0122C3F8FC2F064BED
:101E40000222C3F88020BFF34F8FBFF36F8FC3F818
:101E5000802170470010004000E100E0F8B51B4E03
:101E6000337805460C4617466BBB00F06BFAFCF75F
:101E700097FE174B7760002D08BF1D462846347229
:101E8000FFF7D6FFFFF7BCFFFFF7A2FF05F0C3FB8C
:101E90000546B0B9FEF74CFD05F0BFFB05F06CFC44
:101EA000002C0CDB04F01F026409A40004F1604460
:101EB00004F5614401239340C4F880312360012379
:101EC00033702846F8BD4FF0FF35FAE710200020A8
:101ED00022CD030008B572B6024B5B6803B1984788
:101EE000FFF764FF102000201FB572B6134B5D682A
:101EF0008DB9FFF75BFFB2FBF6F2DCB20133002ACB
:101F0000F9D104F110036B4403F80C2C0A2234B904
:101F100001A8A847EDE7024600230A26EDE7631E65
:101F200004AEDCB256FA83F3B0FBF2F602FB160005
:101F3000303003F80C0C3046E9E700BF10200020D9
:101F4000074B93F90830002B09DB5A09012103F0F4
:101F50001F0301FA03F34032024941F8223070476F
:101F60001020002000E100E0014B1878704700BF0E
:101F7000102000202DE9F84FDFF8C4A0314C324D7D
:101F8000DFF8C890074601269AF800805FFA88F8C3
:101F9000FF238AF80030B8F1000F01D08AF8013031
:101FA000EFF3108272B600236660C4F80031C4F803
:101FB0000431C4F8047526603AB962B605E0D4F875
:101FC000043133B92B69DB0620D4D4F80031002B5F
:101FD000F5D0D4F80431002BE2D1B8F1000F13D1C1
:101FE0009AF80130DBB28AF8018003214FF4804275
:101FF000C4F80813C4F80481C4F80081C9F880212A
:102000008AF80080002BBFD1BDE8F88F4FF48043E1
:10201000C9F88031EFF3108B72B60323C4F8043390
:10202000D4F8003113B9D4F804311BB1BBF1000F5F
:10203000CBD1C2E705F096FCBBF1000FC5D1BCE7E0
:102040001C20002000E0004000ED00E000E100E086
:1020500070B51646DA078CB01D4686468C4640F1B0
:10206000A280C37B8DF80030837B8DF80130437BE9
:102070008DF80230037B8DF80330C37A8DF804307D
:10208000837A8DF80530437A8DF80630037A8DF81F
:102090000730C3798DF8083083798DF8093043799A
:1020A0008DF80A3003798DF80B30C3788DF80C3039
:1020B000837842788DF80D3003788DF80F308DF8E5
:1020C0000E20CA7B8B7B8DF810208DF811304A7B57
:1020D0000B7B8DF812208DF81330CA7A8B7A8DF82D
:1020E00014208DF815304A7A0B7A8DF816208DF869
:1020F0001730CA798B798DF818208DF819304A7904
:102100000B798DF81A208DF81B30CA788B788DF8F2
:102110001C208DF81D304A780B788DF81E208DF824
:102120001F306C462046FFF725FFAB0731D59DF8E1
:102130002F009DF82E109DF82D209DF82C3030702A
:1021400071709DF82B009DF82A10B270F3709DF805
:1021500029209DF82830307171719DF827009DF875
:102160002610B271F3719DF825209DF8243030724D
:1021700071729DF823009DF82210B272F3729DF8DF
:1021800021209DF8203030737173B273F3730CB05B
:1021900070BD0DF1200CBCE80F0030607160B260C2
:1021A000F3600CB070BDDEF80410DEF80820DEF835
:1021B0000C3000686C46A646AEE80F00DCF8000064
:1021C000DCF80410DCF80820DCF80C30AEE80F0076
:1021D000A8E700BF10B5002482B0CDE90044FFF7A6
:1021E00037FF02B010BD00BF1B4B4FF4805270B5DB
:1021F000C3F88020BFF34F8FBFF36F8F174D184C7C
:102200000021C5F80011C3F880212669236943F035
:10221000100323610123C5F8043306F010062B6078
:10222000D5F80031A3B11EB9236923F0100323614F
:102230000A4B0122D3F808055A60C3F8082300228C
:10224000C3F80021044B4FF48052C3F8802170BDC5
:1022500005F088FBE4E700BF00E100E000C00040BB
:1022600000ED00E038B50C49024605200138C0B247
:10227000FF2803D148216920FFF736FE01EBC00398
:102280001D7905F0FF04002DF0D141F83020012226
:102290005C719C711A7138BD20200020042808B59B
:1022A00003D94F216920FFF71FFE034B03EBC0004A
:1022B0000023037108BD00BF20200020042808B5BA
:1022C00003D958216920FFF70FFE094B03EBC0002B
:1022D0000379012B01D05921F4E743798279013345
:1022E000DBB29A4218BF4371BDE80840FFF728BE31
:1022F0002020002070B5124C06250026013D15F067
:10230000FF0500D170BD94F8281004EBC1031A79C1
:10231000012A09D158799A79904205D05A79D2B2D6
:102320009A7154F83130984794F828300133DBB271
:10233000042B94BF84F8283084F82860DEE700BFBF
:10234000202000204FF08052034BD2F8301119604A
:10235000D2F834215A6070474C200020034B186893
:10236000A0F10F0358425841704700BF4C20002095
:10237000034B1868A0F10A0358425841704700BF48
:102380004C200020034B1868A0F10E03584258411E
:10239000704700BF4C200020034B1868A0F11003C9
:1023A00058425841704700BF4C200020044B186829
:1023B000062803D0431C58425841704701207047FB
:1023C0004C200020034B1868A0F10D0358425841DF
:1023D000704700BF4C200020034B1868A0F1080391
:1023E00058425841704700BF4C20002008B5FFF705
:1023F000BFFF20B1024B5868B0FA80F0400908BD19
:102400004C20002008B5FFF7D1FF38B1044B5868C5
:10241000063810F1080F94BF0020012008BD00BF4E
:102420004C20002008B5FFF7C1FF38B1044B5868B5
:10243000063810F1080F8CBF0020012008BD00BF36
:102440004C20002008B5FFF789FF70B9FFF790FF17
:1024500058B9FFF797FF40B9FFF7A8FF044A054BAB
:10246000002808BF1346184608BD024BFBE700BF13
:1024700000E701400C05004008B5FFF797FF08B3DF
:10248000EFF3108072B6104A1369116941F0100120
:102490001161A2F5406203F01003D2F80011D2F8E6
:1024A00004210A4300D040BF20BF00BF00BF00BFCF
:1024B00000BF23B9044A136923F01003136100B964
:1024C00062B608BD20BFFCE700ED00E0914270B5A8
:1024D0003BD2B2FA82F33BB1C3F1200420FA04F4F8
:1024E0009940214398409A40160CB1FBF6FC06FB3C
:1024F0001C1424041FFA82FE030C85B204EB104066
:102500000CFB0EF4844206D9201A90428CBF0220A4
:102510000120ACEB000C03EB01410CFB1211B1FBF1
:10252000F6F006FB101105EB014100FB0EFE8E4597
:102530004FEA0C4C06D9AEEB010E96458CBF022239
:102540000122801A40EA0C0070BD73219620FFF72B
:10255000CBFC00BF70B51D4604461646FFF7B6FF1C
:10256000049B286000FB16441C6070BD2DE9F843F5
:102570001C4652EA040349D0074615460E467CB96C
:10258000914208D321463046FFF7A0FF04462A4671
:10259000384604FB1561FFF799FF2146BDE8F88333
:1025A000B4FA84F9B9F11F0F34DC4FF0010808FACE
:1025B00009F2A2FB051320FA08F002FB043226FA06
:1025C00008F140EAC670FFF781FFC9F11F03D84048
:1025D0004FF0000118D0431E8C4661EB010105FB52
:1025E00001F203FB042280461846A5FB033EFB1ABA
:1025F000724466EB02061F46AF4276EB040324BF2B
:1026000040466146BDE8F8838446F5E7CA21962036
:10261000FFF76AFCE7219620FFF766FC10B5441A25
:1026200094422BD34AB34B1CC31A022B31D9531EED
:10263000072B2ED922F003048C4686460C445CF806
:10264000043B4EF8043BA445F9D122F003039A421F
:1026500002F0030400EB030C01EB030E0DD0CA5C87
:10266000C254012C09D09EF801308CF80130022CA4
:1026700003D09EF802308CF8023010BD002AFCD046
:102680008B18024413F801CD02F801CD8B42F9D129
:1026900010BD4B1E0244014613F8014F01F8014BD7
:1026A0009142F9D110BD00BF81EA00039B072DE9DB
:1026B000F0415DD187075FD0002A57D0034601E083
:1026C000002A53D011F801CB03F801CB9E0702F189
:1026D000FF32F5D1032A28D941EA0305141F6D07FB
:1026E0004FEA940E4AD12B2C48D90EF101084FEA3B
:1026F000580C03EBCC0CA1F108051C46F5E9026768
:10270000E4E802676445F9D118F0010F28F00104EC
:1027100003D051F8245043F824500EF1010402F084
:10272000030203EB840301EB8401FAB1541E022C73
:1027300020D922F003058C460D449E465CF8044BDC
:102740004EF8044BAC45F9D122F00304A2422344D5
:10275000214402F0030509D00A781A70012D05D032
:102760004A785A70022D1CBF8A789A70BDE8F081B1
:102770000346DAE71546EFE70346ABE70EF101073C
:1027800001EB87071D1F0C4654F8046B45F8046FD6
:10279000BC42F9D1C1E700BF2DE9F04184075FFADF
:1027A00081FE5FD0002A59D0034601E0002A55D0AF
:1027B00003F801EB990702F1FF32F7D14EEA0E243C
:1027C000032A44EA04443ED9151FAE08172D06F12A
:1027D0000106C3F3800147D99846002940D048F844
:1027E000044B771A03EB810C79080CEBC101CCE99F
:1027F00000440CF1080C6145F9D127F0010C08EBFD
:102800008C016745CCEB8C7805EB880517D02F1F22
:10281000032F0C6013D9A5F10807032F4C600ED9C4
:10282000A5F10C07032F8C6009D9A5F11007032F20
:10283000CC6004D9143D032D0C6188BF4C6102F0BB
:10284000030203EB86034AB1013A83F800E005D0A6
:10285000012A83F801E018BF83F802E0BDE8F081A7
:102860001546BEE70346A9E719461546CFE700BF60
:10287000014B1B681B681847EC030020014B1B68C9
:102880005B681847EC030020014B1B689B681847E6
:10289000EC030020014B1B681B691847EC03002068
:1028A00081F0004102E000BF83F0004330B54FEA01
:1028B00041044FEA430594EA050F08BF90EA020F6E
:1028C0001FBF54EA000C55EA020C7FEA645C7FEA01
:1028D000655C00F0E2804FEA5454D4EB5555B8BF24
:1028E0006D420CDD2C4480EA020281EA030382EA95
:1028F000000083EA010180EA020281EA0303362D27
:1029000088BF30BD11F0004F4FEA01314FF4801CF9
:102910004CEA113102D0404261EB410113F0004F0B
:102920004FEA03334CEA133302D0524263EB4303C2
:1029300094EA050F00F0A780A4F10104D5F1200E60
:102940000DDB02FA0EFC22FA05F2801841F10001BB
:1029500003FA0EF2801843FA05F359410EE0A5F18F
:1029600020050EF1200E012A03FA0EFC28BF4CF0C0
:10297000020C43FA05F3C01851EBE37101F0004576
:1029800007D54FF0000EDCF1000C7EEB00006EEB83
:102990000101B1F5801F1BD3B1F5001F0CD349080D
:1029A0005FEA30004FEA3C0C04F101044FEA445264
:1029B00012F5800F80F09A80BCF1004F08BF5FEAEB
:1029C000500C50F1000041EB045141EA050130BDCB
:1029D0005FEA4C0C404141EB0101013C28BFB1F5DD
:1029E000801FE9D291F0000F04BF01460020B1FA28
:1029F00081F308BF2033A3F10B03B3F120020CDAFB
:102A00000C3208DD02F1140CC2F10C0201FA0CF0D8
:102A100021FA02F10CE002F11402D8BFC2F1200C3D
:102A200001FA02F120FA0CFCDCBF41EA0C019040F3
:102A3000E41AA2BF01EB0451294330BD6FEA04043C
:102A40001F3C1CDA0C340EDC04F11404C4F1200227
:102A500020FA04F001FA02F340EA030021FA04F339
:102A600045EA030130BDC4F10C04C4F1200220FA90
:102A700002F001FA04F340EA0300294630BD21FACE
:102A800004F0294630BD94F0000F83F4801306BF94
:102A900081F480110134013D4EE77FEA645C18BF88
:102AA0007FEA655C29D094EA050F08BF90EA020F1F
:102AB00005D054EA000C04BF1946104630BD91EA17
:102AC000030F1EBF0021002030BD5FEA545C05D11A
:102AD0004000494128BF41F0004130BD14F5800459
:102AE0003CBF01F5801130BD01F0004545F0FE41CD
:102AF00041F470014FF0000030BD7FEA645C1ABF02
:102B0000194610467FEA655C1CBF0B46024650EA38
:102B1000013406BF52EA033591EA030F41F4002164
:102B200030BD00BF90F0000F04BF0021704730B5EA
:102B30004FF4806404F132044FF000054FF00001BF
:102B400050E700BF90F0000F04BF0021704730B580
:102B50004FF4806404F1320410F0004548BF404255
:102B60004FF000013EE700BF42004FEAE2014FEAAA
:102B700031014FEA02701FBF12F07F4393F07F4F85
:102B800081F06051704732F07F4208BF704793F088
:102B90007F4F04BF41F40021704730B54FF460749B
:102BA00001F0004521F000411CE700BF50EA01029E
:102BB00008BF704730B54FF000050AE050EA010247
:102BC00008BF704730B511F0004502D5404261EBB7
:102BD00041014FF4806404F132045FEA915C3FF4F8
:102BE000D8AE4FF003025FEADC0C18BF03325FEA95
:102BF000DC0C18BF033202EBDC02C2F1200300FA46
:102C000003FC20FA02F001FA03FE40EA0E0021FA6A
:102C100002F11444BDE600BF4FEA4102B2F1E043C5
:102C200024BFB3F5001CDCF1FE5C0DD901F0004CB3
:102C30004FEAC0024CEA5070B2F1004F40EB830003
:102C400008BF20F00100704711F0804F21D113F12F
:102C50003872BCBF01F00040704741F480114FEA68
:102C60005252C2F11802C2F1200C10FA0CF320FAF1
:102C700002F018BF40F001004FEAC1234FEAD3230E
:102C800003FA0CFC40EA0C0023FA02F34FEA430378
:102C9000CCE77FEA625307D150EA01331EBF4FF001
:102CA000FE4040F44000704701F0004040F0FE401C
:102CB00040F40000704700BF80F0004002E000BF19
:102CC00081F0004142001FBF5FEA410392EA030F17
:102CD0007FEA226C7FEA236C6AD04FEA1262D2EB61
:102CE0001363C1BFD218414048404140B8BF5B4266
:102CF000192B88BF704710F0004F40F4000020F0FF
:102D00007F4018BF404211F0004F41F4000121F014
:102D10007F4118BF494292EA030F3FD0A2F101025E
:102D200041FA03FC10EB0C00C3F1200301FA03F19C
:102D300000F0004302D5494260EB4000B0F5000FBF
:102D400013D3B0F1807F06D340084FEA310102F17E
:102D50000102FE2A51D2B1F1004F40EBC25008BF30
:102D600020F0010040EA03007047490040EB0000FA
:102D7000013A28BFB0F5000FEDD2B0FA80FCACF1FB
:102D8000080CB2EB0C0200FA0CF0AABF00EBC25028
:102D900052421843BCBFD0401843704792F0000F16
:102DA00081F4000106BF80F400000132013BB5E769
:102DB0004FEA41037FEA226C18BF7FEA236C21D0DF
:102DC00092EA030F04D092F0000F08BF0846704744
:102DD00090EA010F1CBF0020704712F07F4F04D112
:102DE000400028BF40F00040704712F100723CBF25
:102DF00000F50000704700F0004343F0FE4040F44F
:102E0000000070477FEA226216BF08467FEA23630C
:102E10000146420206BF5FEA412390EA010F40F4F7
:102E2000800070474FF0000304E000BF10F0004343
:102E300048BF40425FEA000C08BF704743F096432A
:102E400001464FF000001CE050EA010208BF704745
:102E50004FF000030AE000BF50EA010208BF7047CC
:102E600011F0004302D5404261EB41015FEA010CE1
:102E700002BF84460146002043F0B64308BFA3F1D9
:102E80008053A3F50003BCFA8CF2083AA3EBC253BB
:102E900010DB01FA02FC634400FA02FCC2F12002DA
:102EA000BCF1004F20FA02F243EB020008BF20F011
:102EB0000100704702F1200201FA02FCC2F1200277
:102EC00050EA4C0021FA02F243EB020008BF20EA6C
:102ED000DC7070474FF0FF3C06E000BF4FF0010C84
:102EE00002E000BF4FF0010C4DF804CD4FEA400264
:102EF0004FEA41037FEA226C18BF7FEA236C11D0AE
:102F000001B052EA530C18BF90EA010F58BFB2EB60
:102F1000030088BFC81738BF6FEAE17018BF40F0E0
:102F2000010070477FEA226C02D15FEA402C05D194
:102F30007FEA236CE4D15FEA412CE1D05DF8040B19
:102F4000704700BF844608466146FFE70FB5FFF7AC
:102F5000C9FF002848BF10F1000F0FBD4DF808ED64
:102F6000FFF7F4FF0CBF012000205DF808FB00BF55
:102F70004DF808EDFFF7EAFF34BF012000205DF8AF
:102F800008FB00BF4DF808EDFFF7E0FF94BF0120FC
:102F900000205DF808FB00BF4DF808EDFFF7D2FFF9
:102FA00094BF012000205DF808FB00BF4DF808ED3C
:102FB000FFF7C8FF34BF012000205DF808FB00BF09
:102FC0007BB972B90029BEBF00204FF0004106E076
:102FD00008BF00281CBF6FF000414FF0FF3000F029
:102FE00057B8ADF1080C6DE904CE002909DB002BC0
:102FF0001ADB04F0E5FCDDF804E0DDE9022304B0AF
:103000007047404261EB4101002B1BDB04F0D8FC10
:10301000DDF804E0DDE9022304B0404261EB410148
:10302000524263EB43037047524263EB430304F0A5
:10303000C7FCDDF804E0DDE9022304B0404261EBA7
:1030400041017047524263EB430304F0B9FCDDF8E1
:1030500004E0DDE9022304B0524263EB430370470E
:1030600053B94AB9002908BF00281CBF4FF0FF31EF
:103070004FF0FF3000F00CB8ADF1080C6DE904CE54
:1030800004F09EFCDDF804E0DDE9022304B07047A3
:10309000704700BF38B505460C46EDF7D1FF30B19B
:1030A0003E2D04D12046BDE83840EEF709B838BDC2
:1030B0001FB5014601A800F006F801A802F0F1FFD3
:1030C00005B05DF804FB0B88C3F30B0383804B88CA
:1030D000C380002242724B78C3F30113012B02D04C
:1030E000022B18BF1346043103720160704710B5FC
:1030F0008B880370437803F0F00343708A88C2F32F
:10310000032213434370CA888270CA8803F0CF0336
:10311000120A4370C2700A7A120102F0300213439D
:1031200003F03F0343704A7A43EA821343700C462C
:1031300009680430814205D0E288FB2A28BFFB22BF
:10314000FFF7B2FAE0880430C0B210BD10B48B882B
:103150000370437803F0F00343700A468988C1F393
:1031600003210B434370D1888170C17801F0C00105
:10317000C170D488C4F30524214303F0CF03437006
:10318000C170147A240104F03004234303F0BF0318
:103190004370547A43EA841301F03F0103F07F0344
:1031A0004370C17011680430814203D0D28810BCD2
:1031B000FFF77ABA10BC70472DE9F8430B78013B52
:1031C00005460C46822B00F26782DFE813F0990077
:1031D0009D00A100520165021A01200126012C0167
:1031E00032013601380148014E0183006502A60014
:1031F0006502AA003C0142015C01620156016502C0
:10320000680165027B01AB01B101B7016502BD0137
:10321000C901CF01FC0102022A0208021C02240299
:103220000E0216025F02300236024E023C026502B6
:103230006502650265026502650265026502650256
:103240006502650265026502650265026502650246
:103250006502650265026502650265026502650236
:103260006502650265026502650265026502650226
:103270006502650265026502650265026502650216
:103280006502650265026502650265026502650206
:1032900065026502650265026502650265026502F6
:1032A00065026502650265026502650265026502E6
:1032B00065026502650265026502650265026502D6
:1032C00065026502650265026502650265026502C6
:1032D000420248020E23B1F803200B7042F283032E
:1032E0009A4209D106236370667802363246214637
:1032F0002846FFF7D9F95AE03121C720EDF7DEFB68
:103300000C230B700823EEE71A230B700123EAE766
:103310003E230B700223A370E6E73E230B700B23C2
:10332000F9E72920EDF7CCFE28B13E2323702223B4
:1033300063702923EFE70A20EDF7C2FE3E2305F173
:10334000080204F108012B70A0B30A23AB70E378E4
:10335000EB70A3882B71A3881B0A6B71A379AB71E7
:10336000E379EB71A368AB608B889380D4F80E305F
:10337000C5F80E30638A6B8263696B61238B2B8384
:10338000638BAB76638B1B0AEB76A38B2B77A38BBC
:103390001B0A6B77E38BAB77E38B1B0AEB7794F815
:1033A000203085F820301F226A70023296B23046F3
:1033B000BDE8F8830123AB70E378EB70A3882B7131
:1033C000A3881B0A6B71A379AB71E37903F0010346
:1033D000EB71A368AB608B889380638BAB73638B5B
:1033E0001B0AEB73A38B2B74A38B1B0A6B74E38BED
:1033F000AB74E38B1B0AEB7494F820302B7513220B
:10340000D2E73E230B7004234B70142383E73E2343
:103410000B700C234B7004237DE73E230B700A23B3
:103420004B70032377E73E230B700D234B7005236E
:1034300071E705232370042355E70823FAE73023B7
:103440000B7003234FE73E230B700B234B700723B6
:1034500061E73E230B7006234B700C235BE71323BD
:103460000B708B789B0001333DE757230B700223D1
:1034700039E73E230B700D234DE73E230B700123EC
:103480004B70112347E73E230B7006234B7012232A
:1034900041E73E230B7009234B7013233BE73E2388
:1034A00003702420EDF70CFE002815BF24230E2303
:1034B00013260F263246AB70A11CE81CFFF7F4F868
:1034C000721C71E73E2303702520EDF7F9FDC0B1B2
:1034D0002523AB70D4F80230C5F80330D4F8063099
:1034E000C5F807306389A5F80B300A26F01CE27A8C
:1034F00004F10C012844FFF7D7F8E27A0132324494
:1035000052E70F23AB706388A5F8033023796B7102
:103510006379AB71A379EB71A37A2B72E37A6B7247
:103520000726E3E73E230B7003234B701023F2E6DC
:103530003E230B7005234B702023ECE63E230B70DB
:1035400009234B702123E6E63E2303702620EDF786
:10355000B7FD002815BF2623182317261326A9E731
:103560003E230B7004234B702723D4E63E230370C5
:10357000282383708146D1F8023049F8033F4FF089
:1035800000084646AA795FFA88F39A4205D8721D68
:1035900092B2002A3FF4A8AE06E7B21D331DA1186F
:1035A000A25849F8032009EB03008B8883804779F0
:1035B0003A460637063106303E44FFF775F8B6B294
:1035C00008F10108DEE73E230B701D234B70192321
:1035D000A1E63E230B7007234B701A239BE63E2384
:1035E0000B7014234B70222395E63E230B700B7C4B
:1035F0005B000F334B701D238DE63E230B700323BE
:103600004B701E2387E63E230B700B7D5B0013334C
:103610004B701B237FE63E230B7003234B701C2350
:1036200079E63E230B7005234B701F2373E6FF23BF
:103630000B700B234B70A2236DE6FF230B70052349
:103640004B70A32367E6FF230B700D234B70802381
:1036500061E6FF230B700D234B7082235BE6FF2393
:103660000B7002234B70832355E6FF2303708123E5
:103670008370D1F80330C21C03F1280153F8040B06
:1036800042F8040B8B42F9D129228DE63E230B70C0
:103690000C234B7023233EE640F232212DE608B581
:1036A00010B1FFF705FD10B96FF0150008BD00203F
:1036B000FCE710B50C4648B141B1EDF74DFC0028D0
:1036C000207014BF00206FF0220010BD6FF01500B5
:1036D000FBE708B5EDF7D2FC002008BD01F05FB8AC
:1036E00008B5EDF7DDFC002008BD01F0F4BB01F0EA
:1036F00016BC034602221A709A702D225A71792242
:103700009A716FF05E02DA716FF037021A726A22F4
:103710005A72402200209A726FF048025870D87096
:103720001871DA72704701F08AB838B54FF08053DB
:103730000446D3F8A020D3F8A410013106D1D3F861
:10374000A8304FF6FF719BB28B423ED0D3073CD5D9
:103750004FF08055D5F8A420D5F8A830A4F805304E
:10376000C3F3072363F03F03C4F80120A371D5F826
:103770009030013323D0D5F8943001331FD0D5F8E1
:10378000983001331BD0D5F89C30013317D000207E
:10379000F5F776F898B9D5F89000D5F89410D5F8E3
:1037A0009820D5F89C30C4F81330C4F80700C4F84A
:1037B0000B10C4F80F2001232370002038BD102205
:1037C0000021E01DFEF7E8FFF5E70023F4E770B500
:1037D0004FF08055102200210446D5F8A060FEF776
:1037E000DBFF10220021A018FEF7D6FFD5F88030AD
:1037F00001330BD1D5F88430013307D1D5F88830A7
:10380000013303D1D5F88C3001330BD0D5F88000CB
:10381000D5F88410D5F88820D5F88C30E361206184
:103820006161A2610020F5F72BF808B9F3071DD4F8
:103830004FF08053D3F8902001320BD1D3F894206D
:10384000013207D1D3F89820013203D1D3F89C205C
:1038500001320BD0D3F89000D3F89410D3F898200D
:10386000D3F89C30E36020606160A260002070BDEE
:1038700010B50446FEF7B8FCB0F5007F09DA10F584
:10388000007F08DD031EB8BF03339B1023700020A8
:1038900010BD7F23FAE76FF07E03F7E7F4F742BD30
:1038A0001FB50023CDF80A30D0F80230417841F638
:1038B0004B5293428BBF40F2E2424FF47A72B3FB19
:1038C000F2F3B3FBF2F3027898BF03F5506342EAD8
:1038D00001229BB2ADF80020ADF80230ADF8043003
:1038E000C279837943EA0223ADF80630427A037A3B
:1038F000684643EA0223ADF8083001F0D5F805B078
:103900005DF804FB01F081BB0078003818BF01208E
:1039100001F0B4B8F4F732BD8178008801F040BB03
:1039200001F05CBB37B505460C4600880DF1060179
:1039300001F0A9F82B882380BDF80630638003B01E
:1039400030BDF4F723BDF4F72DBDF4F749BD01F008
:1039500089BB00F00EBF00F067BF08B5EDF7A8FB0C
:10396000002008BDF4F778B900F07BBFF4F776BC0F
:1039700000F046BF01F04DBA01F017BA01F05EBA8F
:10398000F4F722BB01F060B800F03ABE00F03FBE91
:1039900000F088BE00F0A4BE00F071BF01F0DCB8FA
:1039A00000F039BF00F0F5BE03880B8001F078BA53
:1039B00003880B8001F082BA00F088BFF4F7DEB90B
:1039C000F4F7C4B900F031BE00F052BE00F0BFBE43
:1039D00000F0CBBE00F0ABBE00F0A0BE00F0A9BF6F
:1039E00000F0CFBFF4F7D4B901F003B800F0F7BE90
:1039F00000F0B0BFF4F70EBD01F017BBF4F736B915
:103A0000F4F7F4B9F8B5941C0C446343B3F5004FD4
:103A1000A8BF4FF0FF330E4610F0030105461746CE
:103A20009CB203D0AD211420EDF748F8B4F5004F57
:103A300001D9AE21F7E710220430FEF7ADFEEF7496
:103A40006C802E80F8BD70B50688C58803898E42CB
:103A5000C5F30E02C3F30E0403D2CF211420EDF7F9
:103A60002DF85D40C5F30E030BB92D0409D4A24215
:103A700009D2C37CA41A0233E41AA14203DD002355
:103A80008374184604E01432012381528374104475
:103A900070BD023101444A43B2F5004FA8BF4FF058
:103AA000FF3290B2173020F00300B0F5004F34BF62
:103AB00000B24FF0FF3070474088173020F003000D
:103AC000B0F5004F34BF00B24FF0FF3080B2704706
:103AD00038B503888B4204D240F207111420ECF76A
:103AE000EDFF857C65B1C388C3F30E031433C25A5E
:103AF0008A4207D3C152811DEDF706FB0023837470
:103B0000284638BD0025FBE70346F0B59C88A5B2E2
:103B1000C4F30E06DC88AC4200F1140002D1002090
:103B2000D881F0BD5F89DC7C855B3C440234344441
:103B3000ED1B20440C88ADB2AC4288BF0D805C897F
:103B4000B4FA84F4640914700A88DA81E9E7F8B5F4
:103B50008288C389002604460D4692B20E60CBB11E
:103B6000C2F30E024189143287180B44825A9BB269
:103B70009342438104D94FF4AA711420ECF79EFFBD
:103B800004D1011DEDF7C0FA46812F600023E381C7
:103B90000120F8BD1846FCE770B5044604F1140690
:103BA000A38822899BB29A420846C2F30E050DD023
:103BB00021B1A91CE27C3144FEF776FD04F1080135
:103BC0002046755BEDF7A0FA284670BD0025FBE79F
:103BD0008388C0889BB2C31A584258417047828874
:103BE00073B5C48895B2AC42C2F30E0202F114025E
:103BF00012D04189C689835A314499420EDB0DF1B6
:103C00000601ADF80650EDF77FFABDF80600001B7F
:103C100018BF012002B070BD0020FBE70120F9E7CA
:103C200070B50589C488C4F30E066C40C5F30E0256
:103C3000C4F30E050346143025B9240402D5002030
:103C4000188270BDB2421C8806D9DD7C921B0235F9
:103C5000521B9442A8BF14469D890DB1825BA41AE1
:103C6000A142ECDCDA7C1982023235442A44104449
:103C7000E7E738B5038ACBB18B4217D3C388848971
:103C8000C3F30E031433C5180CB9C4546C700C4440
:103C90008481C45A2144C15222B1811DEDF734FA06
:103CA0000023838100230382012038BD0020FCE72C
:103CB0008388C2889BB29A4206D0428922B9C3F354
:103CC0000E0314331844704700207047C37C0888E3
:103CD00002330B44136070470230704738B5838855
:103CE000C2889BB29A4209D043893BB9C5893DB984
:103CF000011DEDF709FAC581012038BD0020FCE760
:103D00001846FAE703881380C388C3F30E031433FD
:103D100003440B60808970470368002223B9C0E91F
:103D20000132031D0360704759681B680A44F5E7B8
:103D3000072938B5034604D84FF4EC711520ECF789
:103D4000BDFE0068A8B1D0E900248C4212D02AB987
:103D500001F10805AC4204D210460AE003461046C1
:103D6000F1E742501A6845181268641A6C604250B4
:103D70001D6038BD1A60FCE70023C1E9003203680A
:103D80000B600160704730B590B18478B1FBF4F3FB
:103D900004FB131300EB430252898A4201D1D8B2CB
:103DA00030BDC27822B900F10A03D0B2844201D8F2
:103DB000FF20F5E733F8025BA94202F10102F4D1DA
:103DC000EEE78278038805324B4303EB4203184445
:103DD000704713B50023CDE9003304468DF8060083
:103DE0006846EDF779FB08B102B010BDBDF80400DC
:103DF0002146EDF74DFB0028F2D040F215211720A7
:103E0000ECF75CFE70B50D4609211E46FFF741FE3A
:103E10003246044609212846FFF73BFE002C03DB0F
:103E2000002801DB204470BD4FF0FF30FBE7D31DBD
:103E300023F0070370B5083390B110F0070403D0E6
:103E400058212220ECF73AFE0460C280818000F104
:103E500008040A464FF6FF75013A92B2AA4203D10E
:103E600003FB01F0083070BD0668266004601C4446
:103E7000F2E718B1C2888188FFF7D9BF70470346BF
:103E8000EFF3108272B6006830B101681960002348
:103E9000037043708370C37002B962B67047EFF36A
:103EA000108372B602680A60016003B962B6704797
:103EB000012303707047F8B50546084600281146EF
:103EC0001E4614BF00240224FF23AB702B191B7D58
:103ED000012B04D001342B191B7D012B19D105EBCB
:103EE00044073B8B3A8C9819904204DD2C44002007
:103EF00038832075F8BD05EB8404324660681844A9
:103F0000FEF7D2FB3A8B16443E830023AB700120B0
:103F1000F0E70020EEE7002910B514BF00230223CC
:103F2000FF218170C1180C7D012C07D10C3320F8C2
:103F3000132002230B750023837010BD0133C118B9
:103F40000C7D012CF2D04FF48C710920ECF7B6FDFA
:103F500030B50246837803F0FF00F3B9137D022BDE
:103F600019D0537D022B19D10346012089B1D518F0
:103F70000C3300242C7522F81340131803241C75ED
:103F800002EB80035B680B6000F10C0332F8133026
:103F90008B80012002E00123E8E7002030BD30B52E
:103FA0008378E3B9837D022B17D0C47D022C16D110
:103FB000032381B105190C3400222A7520F814203E
:103FC000C2180324147500EB83020C33526830F8D6
:103FD00013300A608B80012002E00324E9E700200F
:103FE00030BD037D012B01D1008B7047437D012B38
:103FF0000CBF408B00207047837D012B01D1808B4B
:104000007047C37D012B0CBFC08B00207047038B12
:1040100023B9408B003818BF01207047012070473A
:10402000838B23B9C08B003818BF01207047012053
:104030007047027D022A01D1008B7047437D022B1D
:1040400001D1408B7047032AF6D0032BF9D0002012
:104050007047827D022A01D1808B7047C37D022B7D
:1040600001D1C08B7047032AF6D0032BF9D0002072
:1040700070472DE9F041064606989DF81C70984659
:1040800043070D46114602D010F0030003D025214E
:104090004C20ECF713FD4FF48B72FFF7C8FE002F96
:1040A00006AB044600FB08F10CBF18460020EDF7F4
:1040B0004FF817B9069B33602C60BDE8F081EDF72F
:1040C000DBBB10F0FD0F14BF0120002070476FF420
:1040D0005063C318062B9ABFA0F550604FF47A7353
:1040E00040F2E2435843704790F82832DBB290F830
:1040F000C0202AB913F0FB0F14BF01200020704725
:104100000020704790F84432DBB290F8C0202AB902
:1041100013F0FB0F14BF01200020704700207047F0
:104120002DE9F843B0F86E60B0F87050804617463D
:10413000443089B3F2F7DCFF0221044601F00AFBA8
:1041400002218146204601F005FB4E4528BF4E4620
:10415000B6B21B2E38BF1B26FB2E28BFFB2685427E
:1041600028BF0546ADB21B2D38BF1B25FB2D28BF30
:10417000FB25B4F5A47F38BF4FF4A474B4F5296FC0
:10418000B8F800303B8028BF4FF429647E80FD8062
:10419000BC803C81BDE8F883EFF740FBCCE713B56A
:1041A00001210020EDF75EF9044688B90121084697
:1041B000EDF758F90446C0B90023CDE900330323D5
:1041C0008DF806306846EDF787F9C8B100200AE09F
:1041D000C830F1F733FF0028E8D02046F0F7EAFFB7
:1041E0000028E3D0012002B010BDC830F1F726FF4F
:1041F0000028E1D02046F0F7DDFF0028DCD0F1E711
:10420000009C2046EFF754FD0028DBD0204602F04A
:10421000E2FE0028D6D0E5E707B50023CDE900335C
:1042200003238DF806306846EDF756F908B10020F3
:1042300004E00098EFF73CFD0028F4D003B05DF8EF
:1042400004FB07B5002340F6881201A9FAF71CFC0D
:1042500003B05DF804FB10B5044638B1F4F7DCF99F
:1042600034EA00030CBF0120002010BD0120FCE750
:1042700007B501210020EDF7F5F820B3C830F1F7BC
:10428000DDFEE0B1012009E0C830F1F7D7FE00B350
:10429000F8E70098403003F0EFF818B303B05DF88A
:1042A00004FB009B586F503003F0E6F80028F5D16E
:1042B0006846EDF711F90028F3D00020EEE7F1F79A
:1042C00027F80028DED101210846EDF7CBF80028B9
:1042D000DAD1FFF7A1FF0028D4D10623CDE90000F1
:1042E0008DF806306846EDF7F7F80028D1D00023A6
:1042F000CDE9003307238DF80630D9E738B50546F8
:104300000C462AB11F2901D8002038BD1220FCE735
:10431000EDF7DEF9A04211D3284602F0A9FE08B15C
:104320001F2CF3D8284602F00DFE48B1214628463E
:1043300002F033FE0028E7D14520E6E70720E4E756
:104340004220E2E738B5054602F0FCFDE8B1284618
:10435000EFF7AEFC08B9002038BD2846EFF7BEF8ED
:1043600004462846EFF7FCF988B9002CF3D02088E2
:10437000F4F7E2F920880221EDF78AF80028EAD064
:1043800041F6C9113920ECF799FB4220E4E70C20F3
:10439000E2E7F0B587B0054601A9008801F085F98C
:1043A000044600287CD1029A92F88631003B18BF5F
:1043B00001238DF802309DF80430002B73D192F860
:1043C0009F301F2B73D19DF8023083F0010303F05F
:1043D00001038DF8033092F8F2309B0603D49DF868
:1043E0000330002B67D0EB881B3B9BB2E02B64D8DB
:1043F0002989A1F5A4739BB244F2481083425CD88A
:104400006B881B3B9BB2E02B57D8AA88A2F5A473FC
:104410009BB2834251D8B1F5296F50D8B2F5296FBC
:104420004DD8029EFF2786F843719DF80230002B7D
:104430003FD19DF80410B1FA81F103AA3046490931
:10444000FFF76EFE6A88BDF81230BDF81410BDF893
:104450000E00934228BF134640F6480CA6F8483198
:10446000EB88AA88614528BF6146984228BF184654
:10447000BDF81030A6F844016345288928BF63467B
:10448000834228BF03468A42A6F84631134628BF16
:104490000B46A6F84A3186F84271002386F843316C
:1044A000204607B0F0BDD2F8903099068BD4234651
:1044B0008DE73A24F1E71A24F2E71224F0E71124F9
:1044C000EEE710B50446FFF7A7FE58B9012100201A
:1044D000ECF7C8FFE8B901210846ECF7C3FFF0B9D3
:1044E000012013E0F4F770F868B1F3F7E3F904463C
:1044F00002F0A8FD58B9204602F0A0FD80F00104AA
:10450000E4B204F00104002CE0D1002010BD00242E
:10451000F7E7C830F1F792FD0028DCD0F5E7C830A6
:10452000F1F78CFD80F00100C0B2EFE72DE9FF410B
:1045300007468846008802A901F0B7F8064618BB6E
:10454000039C94F8993103F0FF061BB1B8F1020601
:1045500018BF012694F89F30232B94F8F33043EAD8
:10456000D3030CBFC6F10102002203F00103134381
:104570003CD0BD7815B9F4F74FF80546F878B8BBCC
:10458000F4F74AF825B90926304604B0BDE8F081B1
:104590000028F8D094F8812032B115F0020500F01F
:1045A0000200F0D00028EED0FF2284F84D21DEB9C1
:1045B00094F84C2102F0FF06B2B984F84F0184F858
:1045C0004C8184F84E51BA888DF80500A4F850212A
:1045D00001A920468DF80450ADF8062001F0DEF860
:1045E000002384F84D31CFE73A26F9E71A26CBE7C6
:1045F000002DCFD1C7E708B5F3F7C8FF002008BDED
:1046000010B50446F5F728FF2070002010BD10B546
:10461000FFF7C5FD044630B9F5F718FF2046F4F75B
:10462000ADFA204610BD0C20FCE710B50378012B35
:10463000044601D9122010BDFFF71AFE60B9207898
:10464000FFF73FFD01280DD004F11703E21D611CA7
:10465000BDE81040F4F7BABAF4F74CFB0028EED0EE
:104660000C20E8E7A37903F0C003C02BECD0E1E70E
:1046700010B50378012B04460AD8FFF7F9FD48B9B5
:10468000214611F8010BFFF71CFD00F0EBFF38B9D4
:10469000122010BDF4F72EFB0028F1D00C20F8E713
:1046A0000020F6E738B50546FFF779FD0446A8B9BE
:1046B0002878012803D9FF280BD0122038BDFFF736
:1046C00000FD691CF5F7CEFE002814BF002007206E
:1046D000F4E70120F4F752FA2046EFE70C20EDE76B
:1046E00038B50546FFF75BFD0446A8B92B78012BCA
:1046F00003D9FF2B0CD0122038BD1846FFF7E1FC80
:10470000691CF5F7DFFE002814BF00201220F3E734
:10471000F4F734FA2046EFE70C20EDE708B50088FF
:10472000F4F7EEFA00280CBF3020002008BD38B5A1
:104730000546FFF79DFD044638B92878003818BFB4
:104740000120F4F7D1FA204638BD0C20FCE708B56B
:10475000FFF78EFD18B9F4F7B7FA002008BDF4F79B
:10476000C9FA0028F7D00C20F8E7082303700020CE
:10477000704710B503460E2404706B2110220020F0
:10478000DC70592459709A701C7158719971DA71E2
:1047900010BD08B50821ECF7D1FB002008BD73B5AA
:1047A00006460C460088694600F07FFF0546A0B922
:1047B000B3786BB9019B93F88030A370338894F978
:1047C00002002380F4F700FDA070284602B070BDFF
:1047D0007F20FFF736FDA070F0E70225F5E710B562
:1047E00004466FF07F00FFF72CFDF4F7EDFC20701E
:1047F0007F20FFF726FDF4F7E7FC6070002010BD76
:1048000010B50446F3F756F802F015FCF4F7DCFC9B
:104810002070002010BD08B50A46072300F11001E2
:10482000FDF7D8FC002008BD10B501460446002065
:10483000F4F70EF808B92060A080002010BD10B574
:104840000446F3F79DFE28B900202146F3F7E8FF60
:10485000002010BD0020FFF734FE0028F4D10C200A
:10486000F7E710B504460120FFF72BFE28B1012021
:104870002146F3F7D5FF002010BD0C20FCE7F7B56B
:104880000C4605466946008800F00FFFA21C03464F
:1048900090B9019901F1A70781F8FA3038681060E2
:1048A000387910712888208091F8FA6006F0FF00AE
:1048B000002EF1D103B0F0BD0023C4F80230022075
:1048C000137123706370F5E7FFF763BD1FB583882D
:1048D00044F29022934217D80288ADF80420408811
:1048E000ADF80600B3F5296F28BF4FF42963ADF882
:1048F0000A000A8001A8ADF80830ADF80C30FFF7C7
:1049000048FD05B05DF804FB1220FAE737B50D4607
:10491000694600F0CAFE044640B99DF800100198AF
:10492000B1FA81F12A464909FFF7FAFB204603B0A4
:1049300030BD10B503466FF0040400206FF06F0126
:104940000A221C7058709970DA701C715871997134
:10495000DA7110BD10B50446FFF78AFC58B920780B
:10496000FFF7AFFB611CE279F4F72AFB002814BFC4
:104970000020022010BDF4F7BDF90028EFD00C2074
:10498000F8E7F7B506460C460088694600F08DFE4C
:104990000546A0B9019F87F87E5097F87C00F2F792
:1049A0003FFEA07097F87D00F2F73AFEE07097F8AE
:1049B0007E3003F0FF00002BEDD13388238003B05D
:1049C000F0BD10B58388022B044610D8C078FFF7DD
:1049D00042FC08B9112010BDA078FFF73CFC00286C
:1049E000F8D020460121BDE81040FFF79FBD1220FE
:1049F000F1E713B58378C178027903F0010451EA35
:104A0000040C03F002031DD052EA030C1AD0002C50
:104A100018BF0021002B18BF00228DF80320037857
:104A200042788DF8021043EA0223ADF80030437952
:104A30008279684643EA0223ADF80430FFF7C1FFEC
:104A400002B010BD1120FBE707B5037842788DF85E
:104A500000300021012B8DF80120ADF80210ADF8D7
:104A6000041007D1012A07D86846F2F725FE03B0E3
:104A70005DF804FB002BF7D01220F8E708B5EDF73E
:104A800047FE002008BD13B50C46694600F00DFE38
:104A900030B9019B9DF80020B3F8983012B92380FB
:104AA00002B010BD0133FAE77FB50546002100884A
:104AB000ECF7D8FC044610B9022004B070BDFFF733
:104AC00013FB0028F8D0AA881046FFF700FBE36923
:104AD000698898420CBF638E01230393AB890293CC
:104AE0006B8901932B8900930646EB882046F2F7E9
:104AF000B3FC48B394F8443203F0FF0033BB41F6F3
:104B00004B539E4209D8642E22D9B4F87C2040F23F
:104B100002239A421ED1642301E040F2E243A4F84A
:104B200048320023C4E99336EA79AB7943EA022399
:104B3000A4F854322B7A6A7A43EA0223A4F8563254
:104B4000FF2384F84432B8E73020B6E73A20B4E7D0
:104B50001220B2E70C20B0E713B50088694600F0D8
:104B6000A4FD0146D8B99DF80030019C8BB19DF899
:104B70000030012B03D10198FFF7C4FA70B194F80B
:104B8000533103F0FF0253B9FF2384F85331114628
:104B900005E02046FFF7A8FA0028E8D102210846E0
:104BA00002B010BD2DE9F341054690F80180007870
:104BB0000321ECF757FC0446002800F08780F3F748
:104BC00003FD08B3204602F014FAEE78864228BFAF
:104BD0000646B6B2B8F1040F5DD0E06CFFF701FAFB
:104BE0008719BFB2F3F7F0FCB8B9EB7873B9204678
:104BF00002F0FFF9874210D9204602F039FA50B985
:104C0000072002B0BDE8F081EE78E3E7204602F02D
:104C100002FA0028EBD11220F3E7F3F7D5FC39466E
:104C200002462046FFF76AFB0028EAD1A8F10303F9
:104C3000012B2DD8204602F01BFA6B78032B2DD1C7
:104C400008F0FD07012F3AD1204602F011FA0028A2
:104C500033D1B8F1010F08BF0227E16C3A4668462C
:104C6000ECF74EFD6A68E06C33460121FFF723F94B
:104C70000028C5D06B78023B012B07D8E06CFFF70A
:104C8000B0F901210246E06CFFF745F90020B8E7D2
:104C9000002ECFD1BFE7002ECCD0BCE70028BAD180
:104CA000042BCDD12046EFF703F80028B3D0E06CF9
:104CB000FFF7ADF90028C3D1ADE70027CDE7B8F184
:104CC000040FCFD1204602F007FADFE7422098E731
:104CD0002DE9F3470746467890F8039000780321C2
:104CE000ECF7C0FB044600283BD0F3F76DFC30B175
:104CF000204602F0A7F9002808BF4FF00009E06C39
:104D0000FFF77AF900EB09081FFA89FA1FFA88F809
:104D1000F3F75AFC60B1F3F757FC414602462046D0
:104D2000FFF7ECFA054668B1284602B0BDE8F08707
:104D3000FB78002BEFD0204602F084F90028EAD15E
:104D40001225F1E7042EFBD0032E10D0B9F1000F8D
:104D5000F6D02046EEF7ACFF38B10C25E4E704228C
:104D60000EE04225E0E70725DEE7012E0CD12046C4
:104D700002F07EF90028F2D1012E0CBF0622052296
:104D8000E16C6846ECF7BCFC7A68E06C53460021A5
:104D9000FFF791F80028E6D0023E012EC4D8E06C5F
:104DA00042460021FFF7B7F8BEE713B50446F2F715
:104DB00081FD4FF44073ADF8003000238DF80230D0
:104DC000684614F8013B8DF803300194FFF780FF2B
:104DD00002B010BD38B5032105460078ECF742FB60
:104DE0000446A0B1EEF764FF28B92046691C02F022
:104DF000F7F8002038BD204602F024F908B10C2055
:104E0000F8E7204602F01AF90028F8D1EDE7422031
:104E1000F0E713B50446F2F74DFD14F8013B8DF8A9
:104E200003304FF44073ADF80030684600238DF82E
:104E300002300194FFF7B6FE02B010BD73B505460F
:104E4000F2F738FD2B78044663B100230DF1010120
:104E500001208DF80030F3F7FBFC18B16846FFF72E
:104E6000B9FFA0B9002620468DF8006002F0EEF8E8
:104E7000B04214BF80233346ADF801302B788DF853
:104E80000360012B05D169462046F2F7FFFD02B011
:104E900070BD1BB92046FFF755FAF8E71220F6E778
:104EA00010B5022104460088ECF7DCFA20B1A11C01
:104EB000BDE81040F7F73EBD022010BD08B50088E0
:104EC0000221ECF7CFFA20B1BDE808400021F7F746
:104ED00031BD022008BD37B504460D4600880921C2
:104EE000ECF7C0FA10B10C2003B030BD20880B21C4
:104EF000ECF7B8FA0028F6D120880C21ECF7B2FACA
:104F00000028F0D12088694600F0CFFB0028EBD1C3
:104F100023882B80019BB3F8CC306B80E4E737B556
:104F200004460D4600880921ECF79CFA10B10C20CC
:104F300003B030BD20880B21ECF794FA0028F6D19D
:104F400020880C21ECF78EFA0028F0D123882B80E2
:104F500098B263880BB91220EAE7694600F0A5FB16
:104F60000028E5D16488019A42F21071A3B2D56994
:104F70004B43518E6943958C05FB01118B42EAD35B
:104F8000D569D169A942FBD10025013B0B44C2F888
:104F9000C450B3FBF1F3A2F8CC40C2F8C830C7E765
:104FA00010B50C460221ECF75DFA88B1022C11D83D
:104FB00004F00103C4F3400480F8153280F8144271
:104FC00023B190F812323BB1EEF734FC002010BD53
:104FD0000220FCE71220FAE71846F8E710B504466D
:104FE0000078FF280AD00321ECF73CFA58B1637827
:104FF000A27843EA0223C384002010BDB4F8010064
:10500000EEF75CFEF8E74220F7E710B504460078BB
:10501000003818BF0120F2F765F82078003818BF73
:105020000120EEF7C7FB002010BD10B50446F3F7D2
:10503000CBFA50B1F2F73EFC6178C1F3400201F0C7
:10504000010102F04DF8002010BD20780321ECF79B
:1050500009FA0028F0D14220F6E70820F3F7BABA9F
:1050600002F0C2B908B5C378013B0246D8B20428A1
:1050700001D9FE2806D11378042B03D1F0F79EFF47
:10508000002008BD1220FCE710B5044604B910BD8D
:10509000236898476468F9E703680BB901607047B3
:1050A0001A465B6813B18A42FAD170478A4218BF28
:1050B0005160704708B5F2F713F8F2F7C7FDEFF744
:1050C000D3FEBDE80840F2F7BDB808B5EFF780FFA2
:1050D000BDE80840F3F7B4B908B5EEF703FAF5F701
:1050E000BDFF20B14FF495710120EBF7E7FCBDE85F
:1050F00008400320FEF76DBE08B50220FEF769FEEA
:105100000020FEF766FEECF771FAF3F709FBEDF706
:10511000EBF820B14FF485710120EBF7CFFC08BD0F
:10512000FFF7EABF08B5FFF7D7FFF6F763FE20B138
:1051300040F23F110120EBF7C1FC08BD01230380C1
:1051400040F201134380704702F05FBA0B4615220C
:1051500003F8032BD0F80920C1F80320427B1A7111
:10516000704730B585B004460D46F4F723F980B397
:105170006FF4C8731C4402A92088ADF8000000F049
:1051800094FA18B12E217E20EBF798FC039B93F83C
:1051900078208DF80220022193F87920B3F87A3034
:1051A0008DF803206846ADF80430FFF7BFF908B169
:1051B0004421E8E78DF808009DF808308DF80900D3
:1051C000002063F307009DF8093063F30F2005B05A
:1051D00030BD2E232B70D4F80930C5F803300423DA
:1051E0008DF80830E8E708B5436893F89E201AB1B7
:1051F00085217E20EBF762FC212283F89E2008BDEA
:10520000034610F0010005D19A0702D403F0040010
:105210007047022070472DE9F84F05460846904632
:10522000894600F009FF8246484600F009FF8346A0
:10523000FFF7E6FF06465046FFF7E2FF46EA0007A3
:10524000FFB2003F044618BF0127F3F7E5F900EA73
:105250000B00C0B2002808BF0026F3F7DDF900EA12
:105260000A0095F87C20C0B2002808BF0024B24292
:1052700014BF3346002388F8003095F87D20A24201
:1052800008BF0024234388F801400CD1484600F0B1
:10529000D9FEB5F89830DB43184480B247F6FD7369
:1052A000984288BF0027BEB995F87C00F2F7C8F98C
:1052B00003280ED195F84C31012B0AD1B5F85021B5
:1052C00095F87C30012A09D1032B09D0032388F8F3
:1052D00000303846BDE8F88F042EEAE7042BF8D0FA
:1052E0000423F4E7042905D101280CD103215180BE
:1052F00013807047032906D1012804D0042151806E
:1053000013800120704700207047012806D0022832
:1053100004D0033801288CBF002004207047F8B562
:10532000446894F89F50A5F12103062B06460F46CA
:1053300047D92F2D45D0002D41D194F89E30262BF2
:105340003FD0084600F06BFE28B939463046BDE82C
:10535000F84001F074B87B7903F0070384F87530E6
:105360003B7903F0070384F8743094F84D31D3B9D6
:1053700094F84C31012B16D094F87D3094F87420B9
:10538000D91E012998BF04239A4214D194F87C3085
:10539000DA1E012A94F8752098BF04239A420AD194
:1053A000022384F84C31232384F89F30304601F0E7
:1053B00018F82846F8BD3046F3F77AF9F3E70125E7
:1053C000F7E72025F5E72DE9F743456895F89F3085
:1053D00095F89E80242B04460F462CD19F353846E5
:1053E00000F032FE00284DD0384600F025FE814600
:1053F000384600F025FE0146FFF702FF666848B315
:1054000096F87C30984225D096F84C21012A0CBFA2
:1054100096F84E2196F87820114233D0B8F1220F39
:1054200018D096F87520114214D153B940F20321D7
:105430000620EBF743FBB8F1220F40F0C3809E3506
:10544000CDE7032B01D0032832D1984294BF00202E
:105450000120B8B94846FFF7D3FE00284BD096F894
:105460007D30834247D096F84C31012B0CBF96F823
:105470004F3196F8793019EA030F14BF0123002346
:10548000002B38D1636893F84C21012A19D11E21D1
:105490002046F3F7EFF8B8F1220F20D1FA786368CD
:1054A000182A83F8292110D040F269217E20C0E714
:1054B000042BCAD00428C8D098422CBF0020012059
:1054C000C7E7002283F84C21E5E70A2283F89E20F3
:1054D00093F8DC30002B3CD140F27121E6E7002349
:1054E00020462B7000F087FF3946204603B0BDE808
:1054F000F04300F0A4BF304601AA3946FFF78BFE07
:10550000666880BB96F84C31012B29D1B6F89830EB
:1055100096F87C10B6F8500106F53572FFF7E2FEFA
:105520000646C0B901462046F3F7A4F82E7063681A
:1055300003F19F02954202D1002283F89F20636805
:1055400003F19F0295424FF0000538D1204600F04C
:1055500052FF002037E06368282283F89E20E6E7A8
:1055600086F84C01E3E7384600F06CFD6368A6F866
:10557000D402B3F8D422B3F89810013A521A92B276
:1055800047F6FD718A4206D9282283F8C1202046B9
:10559000F4F792FCD3E793F89F200E2A02D00B3A3F
:1055A000012A01D82A22F0E79DF8042083F8D622A8
:1055B0009DF8052083F8D72226232B70BFE783F8B8
:1055C000DC50C6E7022003B0BDE8F08308B54368AD
:1055D00093F89F20232A05D022B14FF461717E20D9
:1055E000EBF76CFA242283F89F2008BDFF23437158
:1055F0000023037103604371704743791BB903684B
:105600000BB101221A607047F3F78AB8704730B5C2
:1056100042400C7818785D784440487868400444EB
:105620009D78887868400444DD78C87868400444F0
:105630001D7908795B794979684004444B402344DB
:10564000D3420CBF0120002030BD034600200139A9
:10565000C9B2FF2900D170475A5C82F001021044A0
:10566000C0B2F4E708B5F3F719F9082807D0F3F743
:1056700039F9082803D0F3F74BF9012008BD0020C1
:10568000FCE708B5F3F70AF9082803D0BDE808409D
:10569000F3F728B908BD08B5F7F7E2FA18B1BDE885
:1056A0000840F7F705BB082008BD70B50D4600217E
:1056B0000646EBF7D7FE0446686010B1002028705C
:1056C00070BD02213046EBF7CDFE686018B10123B2
:1056D0002B702046F4E70220F2E7014400238842C1
:1056E00003D1B3FA83F04009704710F8012B13433C
:1056F000F5E7F8B5D0E9047605460C46FBF7F2FA73
:1057000020B94FF481712920EBF7D8F9F4B1D5E92C
:105710000431DA1B61EB0603012A73F100014FF03B
:10572000000115DB6FF00100904271EB030302DA18
:105730004FF48671E7E7631E1344B3FBF4F35C4355
:10574000E41946F10006C5E904461C462046F8BDAA
:105750000C46FBE7CB1E012B10D8032914BF4FF4D6
:105760001673962303F5BC7314BF4022102298428F
:1057700012D9C01A90FBF2F080B27047022905D10D
:105780003C2809D93C38C0F38F007047702803D9F2
:105790007038C0F3CF007047002070470346086898
:1057A00098677047022908B5024615D006D8012926
:1057B0000AD040F27D112920EBF780F90339012945
:1057C000F7D840F6A66008BD40F6C41340F2E240A8
:1057D000002A18BF1846F6E740F6C410F3E76FF446
:1057E000AD7C6044884298BF091A186888BF491A7E
:1057F00000EB5100186013680129A3EB51031360FB
:1058000094BF002001207047C3B293FAA3F3000AAB
:1058100090FAA0F01B0E000E43EA00207047013101
:10582000F8B5C9B2821D0023012512F8010B884288
:1058300016D312F8066C002405FA04F737421CBF91
:1058400001F1FF31C9B2E0B269B10134082CF3D1E2
:105850000133DBB2052BE8D199214620EBF72EF975
:10586000091AC9B2F4E700EBC300C0B2F8BD0B6877
:1058700070B5C0F801300B7903F01F0343710023AA
:105880000446C372451C861D15F8010B00F08FFD00
:105890002871E37AB5421844E072F5D170BD70B555
:1058A00081EA114189B2C57A0446032682EA0100E1
:1058B000FFF7AAFF013E00EB00100A1816F0FF06E2
:1058C00090B2F5D141402522B1FBF2F302FB131354
:1058D000C3F3C4022244D8B2567803F0070301226E
:1058E00002FA03F31E4207D169432046C1F3074180
:1058F000BDE87040FFF793BF70BDF8B590F8215038
:105900006B1E242B044656D8002A56D0807D18B131
:10591000012846D01F2019E094F8231094F8223073
:1059200002FB03132522B3FBF2F102FB1133DBB2BE
:1059300004EBD30284F82330D17D012603F0070263
:1059400006FA02F2114202D084F82430F8BDB3FB0B
:10595000F5F205FB12330133024604F11C01D8B203
:1059600011F8013B834219D311F8067C002306FA93
:1059700003FC1CEA070F1CBF00F1FF30C0B2DDB210
:1059800020B905EBC20284F82420DFE70133082B9D
:10599000EDD10132D2B2052AE2D1BBE7C01AC0B2C2
:1059A000F7E72289096A04F11600FFF778FF84F807
:1059B00024000020CAE71220C8E71046C6E70346C5
:1059C00012EA010003D013F03F0018BF0120704716
:1059D0000B68C0F803308B88A0F8073070470B685D
:1059E000C0F809308B88A0F80D3070470378890122
:1059F00023F0400301F040010B430370704700782F
:105A0000C0F380107047037803F07F0343EAC113AB
:105A1000037070470078C00970471F2A38B50546E3
:105A2000144603D9BF212A20EBF748F80930063481
:105A3000FCF73AFE6C7038BD1F2A38B5054614468F
:105A400003D9E1212A20EBF739F809300634FCF7B5
:105A50002BFE6C7038BD30B5037803F00F03032BB9
:105A6000024640D0052B1FD1C37F90F8200003438E
:105A700092F82100034392F82200034392F8230096
:105A800020F01F0018432DD05378222B0CD1B2F8F0
:105A90001930B2F81740907D41B1B3F5506F05D978
:105AA00040F607518B420ED900201BE0991F89B2A6
:105AB00040F67A45A942F7D8411E0729F4D8834217
:105AC000F2D9A342F0D3B2F81B30B3F5FA7FEBD290
:105AD000B2F81D000A3880B240F6764398428CBF77
:105AE0000020012030BD4078A0F10C0358425841FD
:105AF000F8E72DE9F04190F8038018F03F070546DC
:105B00000E4600F09180072900F28E80DFE801F058
:105B100004101A242E38424C017901224046FFF726
:105B20004EFF00280CBF344605242046BDE8F08116
:105B3000017902224046FFF742FF04460028F4D0D4
:105B4000052462E0017904224046FFF738FF04464D
:105B50000028EAD0052450E0017908224046FFF7EA
:105B60002EFF04460028E0D005243EE001791022F3
:105B70004046FFF724FF04460028D6D005242CE039
:105B8000017920224046FFF71AFF04460028CCD0B6
:105B900034461AE0017940224046FFF710FF0446E0
:105BA0000028C2D0052408E0017940224046FFF7D2
:105BB00006FF00280CBF0524062429792022404630
:105BC000FFF7FDFE08B11234E4B2297910224046F5
:105BD000FFF7F5FE08B10334E4B229790822404604
:105BE000FFF7EDFE08B10234E4B229790422404601
:105BF000FFF7E5FE08B10134E4B2297902224046FC
:105C0000FFF7DDFE08B10634E4B2297901224046EF
:105C1000FFF7D5FE08B10634E4B2072E85D1231F65
:105C20009F42B8BF002480E700247EE770B50C4691
:105C3000064611461D4624B940F2E9212A20EAF71A
:105C40003DFFFFF756FF10B940F2EA21F6E7031FC8
:105C50002B443F2B02DD40F2EB21EFE72A462146A1
:105C60003044BDE87040FCF71FBD10B50446FFF797
:105C700040FF00B1204410BDC37803F03F0343EA66
:105C80008113C370704730B5C1F38003C1F3801432
:105C90002344C1F3001404EB44042344C1F340142F
:105CA00004EBC404C1F3400503EB4403C1F3000457
:105CB0002C4404EB4404C1F3C0052C44134403EB0F
:105CC000440313F0FF031CBF01330171C17818BFF7
:105CD000DBB221F03F0103F03F042143C170591CA6
:105CE00041701AB104339B1A013AC25430BD437853
:105CF000C078013B00F03F00181AC0B27047F8B5F9
:105D000007460E461946FFF7F2FF451AECB29442D9
:105D100028BF14464EB1FA7802F03F020432114413
:105D2000394422463046FCF7BFFC2046F8BD2DE939
:105D3000F047C678017901223046FFF740FE022283
:105D400005463046FFF73BFE202282463046FFF7ED
:105D500036FE082207463046FFF731FE1022814604
:105D60003046FFF72CFE042204463046FFF727FE9C
:105D7000402280463046FFF722FE07EBC70705EBBF
:105D80000A034F4404EB4404404403EB43033B4405
:105D9000204400EB430010F0FF001CBF0130C0B2F4
:105DA000BDE8F08738B5C578AB09032B04461ED093
:105DB000437805F03F05AB4219D9FFF7B8FFA84279
:105DC00015D895B12379DB060FD504212046FFF7BE
:105DD0004CFF48B1037803F03F03242B07D88078A9
:105DE0005F288CBF0020012038BD0120FCE7002087
:105DF000FAE70278437802F00F02072A12D8DFE8A8
:105E000002F0080408111111080E0C3B58425841C9
:105E10007047063B1F2B8CBF0020012070470BB141
:105E2000FFF7C0BF00207047027802F00F02072A78
:105E30000AD0082A0AD0042A0ED1407806381F2832
:105E40008CBF002001207047FFF7ACBF4078A0F165
:105E50000E03584258417047002070474078704701
:105E6000037801F0030123F003030B430370704731
:105E7000007800F0030070470378490123F0200305
:105E800001F020010B43037070470B78837070475B
:105E90001B2A08B504D940F252412A20EAF70EFE27
:105EA0004270BDE808400330FCF7FEBBB0F80700C5
:105EB0007047B0F809007047C172090A0173704752
:105EC000B0F80B00704770B5B0F80730B0F8095063
:105ED000B0F805600479B0F80B0091B1B3F5506FDC
:105EE0000FD940F60752934218D8B5F5FA7F15D26C
:105EF0000A3880B240F6764398428CBF00200120D9
:105F000070BD9A1F92B240F67A418A4206D8621E4C
:105F1000072A03D89C4201D29E42E5E70020EFE722
:105F20000B6843600B790372704743680B60037A18
:105F30000B717047B0F809007047007970470B6823
:105F400043604B688360704743680B6083684B60B5
:105F500070470B888381704783890B8070470B687B
:105F6000C0F80E304B68C0F812307047D0F80E30D1
:105F70000B60D0F812304B6070470B68C0F81630D9
:105F80007047D0F816300B607047FFF7D8BF0B682A
:105F9000C3607047007970470171090A4171704709
:105FA0008171090AC17170470172090A4172704713
:105FB0008172090AC172704780887047C088704733
:105FC000008970474089704703891A2B0DD943898E
:105FD000B3F5A47F09D383881A2B06D9C088B0F5FE
:105FE000A47F34BF00200120704700207047043098
:105FF00001F1200351F8042B40F8042B9942F9D108
:106000000B880380704738B515460446FFF7EFFF4D
:106010002B68C4F826306B68C4F82A3038BD037981
:10602000024613F0070004D0507910F0070018BFA3
:1060300001207047017170470079704741717047C6
:1060400040797047C08870470279437902F00702AF
:1060500003F00703511E0A40591E0B4013430CBFA7
:10606000012000207047017170470079704741712D
:10607000704740797047FB2908B504D940F2E671B2
:106080002A20EAF71BFD417008BD037843B1406840
:1060900090F8123223B1002380F81232EDF7CABB18
:1060A000704708B5017A19B101290DD0002008BD4B
:1060B0000368C28802218088F3F72AF90028F6D104
:1060C000F3F72CFB0120F2E70368C288F3E7022311
:1060D0000B7001238B707047F3F79ABA10B521B992
:1060E0004FF41C711020EAF7E9FC4A600B72EFF3E1
:1060F000108472B6031D0B6042681AB1127A012A2D
:1061000008BF036003681960016004B962B6BDE8A6
:106110001040F3F7C5BA0222F3F7EEBA0322F3F701
:10612000EBBA0422F3F7E8BA0222F3F729BB032201
:10613000F3F726BB14230B706FF4BA73184403886B
:10614000A1F80330B0F85030A1F80530B0F8543061
:10615000A1F80730B0F85230A1F80930B0F8563045
:10616000A1F80B30704708B5CB1E012B04D8800175
:1061700000F5747080B208BD012902D10E30C00054
:10618000F8E7022902D10F308000F3E740F26521E1
:106190000620EAF793FC30B587B004460D46F3F7C6
:1061A00011F9A0B300232372A4F5BF7469462488B3
:1061B0002046FEF7ABFB18B1D6212C20EAF77EFC77
:1061C000BDF80630ADF80E30BDF80830ADF810302F
:1061D000BDF80230ADF8123003A8BDF80430ADF8B8
:1061E0000C40ADF81430FEF76FFB08B1DF21E4E797
:1061F0008DF80C009DF80C308DF80D00002063F335
:1062000007009DF80D3063F30F2007B030BD2B461B
:106210002D2203F8032BD4F80920C5F80320D4F865
:106220000D205A60B4F811201A8104238DF80C3027
:10623000E0E740687047033901298CBFC08A4FF4FA
:106240002960704770B590F87C608D880C89033E9A
:10625000012E04D943B11678033E012E04D8B5F5BA
:10626000296F38BF4FF4296590F87D60033E012EF9
:1062700004D943B15378033B012B04D8B4F5296FFB
:1062800038BF4FF42964CB884A88A0F86420A0F86E
:106290006830A0F86650A0F86A4070BD8383BDF8EE
:1062A000003001834283C383704738B5CB1E012B76
:1062B000044610D9C38B458C9D4228BF1D46207AC9
:1062C000FFF751FF6389AB4228BF2B46984238BF86
:1062D000184680B238BD4FF42965F0E72DE9F0414A
:1062E00006460D46B0F8500011461F469046FFF78F
:1062F0003AFF4146044606F14400FFF7D6FF8442C8
:1063000028BF04463946B6F85800033FFFF72BFF75
:10631000012F8CBFB6F85A304FF429639842A4B2CB
:1063200028BF184614FA80F0063510FA85F0BDE84B
:10633000F08110B4C46990F87D3090F87C2041F66B
:106340004B518C4294BF4D21962110BCFFF7C6BF24
:1063500070B5C66941F64B530C469E428CBF9626DB
:106360004D261546FFF7E5FF30442844A04294BF70
:10637000201A002070BD38B504460D46FFF7D9FF3E
:106380002844A06438BD006801F19C03984283BF93
:10639000401A9C38400800207047002803DB8142E7
:1063A00004DC08B202E049428142FADC704700F0A6
:1063B0005503400800F05500184400F033038008EE
:1063C00000F03300184400F00F0303EB1010704787
:1063D0004368002283F89E2083F8DC20A3F8D820AD
:1063E000704743680022A3F8DE2093F8E0200132D2
:1063F00083F8E020704708B5426892F8E030013B2E
:106400005BB2002B82F8E03003DA34214A20EAF74D
:1064100055FB08BD436883F82B1183F82A21704788
:10642000A0F10B03042B08D9A0F12103062B04D9FA
:10643000A0F12F035842584170470120704742682D
:10644000D2F8903010B513F008040AD143F00803D5
:10645000C2F89030CB7882F82831FFF7C2FF20468F
:1064600010BD0120FCE738B50C460546B1F86810B0
:10647000FFF792FDB4F836112846FFF791FDB4F806
:1064800064102846FFF790FDB4F834112846BDE8A3
:106490003840FFF78DBD10B5446894F8A030073B35
:1064A000012B07D90846FFF748FD072384F8A10010
:1064B00084F8A030002010BD426892F8A030073B5D
:1064C000012B84BF082382F8A0307047F8B54768D5
:1064D00097F89F6004460D4616BB0846FFF72AFD55
:1064E0006168A7F8D402B1F8D432B1F89820013B22
:1064F0009B1A9BB247F6FD72934207D9282381F875
:10650000C1302046F3F7D8FC3046F8BD01F2D62161
:106510002846FFF70AFD63680B2283F89F20F3E704
:106520000126F1E70B46082203F8032BD0F80920D7
:10653000C1F80320D0F80D205A60427C1A72002363
:10654000CB707047F8B5436893F89F4006460D46F8
:10655000002C65D193F881102846FFF7B4FC28B9C8
:1065600029463046BDE8F840FFF769BF7268B5F8C4
:106570000D30B2F89810A2F8D432C9430B449BB244
:1065800047F6FD718B4207D9282382F8C130304687
:10659000F3F792FC2046F8BD2846FFF787FC6FF41E
:1065A0005063C3189BB2062B776896BF4FF47A737B
:1065B00040F2E243A0F550605843C7F8DC022B7963
:1065C00041F64B52904285BFC3EB431203EB82036B
:1065D00003EB830303EB830395BF03EB83035B00B0
:1065E0009B009BB241F64B52A7F8D6329042B5F8C9
:1065F000053094BF642240F2E2425343C7F8D832D8
:106600002846FFF756FCA7F8E00228467768FFF710
:1066100057FC7368A7F8E2020E2283F89F20B9E7BF
:106620000124B7E708B5436893F89E201AB12421E6
:106630004520EAF743FA1E2283F89E2008BD2DE983
:10664000F347466896F89E301E3B022B04460D46E3
:1066500031D890F800A00846FFF7B6FC18B32846DA
:10666000FFF7AEFC07462846FFF7A6FC8046284603
:10667000FFF7A8FC81462846FFF7A0FC39460090AA
:106680004B4606F144004246FFF708FE616830467B
:1066900001F27511F3F7A2F8BAF1000F0DD160689D
:1066A0000421F0F731FD002086F8DC0086F89E001A
:1066B00002B0BDE8F0870120FAE760680621EDF737
:1066C00043F9F0E74268D2F89030D90610B5044695
:1066D00003D49A214520EAF7F1F9990601D59B21C7
:1066E000F8E723F01003C2F89030FFF784FE6068EB
:1066F0000621BDE81040EDF727B90B230B70D0F849
:106700000930C1F8023070470B460C2203F8022B07
:10671000B0F809204A80C27A9A70704738B5436849
:1067200093F89F40054634B1123C0B2C94BF0824CB
:106730000124204638BD93F8A420002AF9D0D3F8CC
:10674000383133B9FFF74DFE6B68122283F89F2072
:10675000EFE70C220A21FFF75DFE6B68322283F817
:106760009F202846FFF73DFEE3E708B5436893F80E
:106770009F20162A04D040F279111F20EAF79EF9D3
:10678000012283F8E120172283F89F2008BD436887
:1067900093F89F20132A03BF1422002083F89F2020
:1067A0000220704710B5436893F89F30192B0446B8
:1067B00007D1FFF720FE63681D2283F89F20002089
:1067C00010BD0220FCE708B5436893F89F20122A09
:1067D00004D04FF4D1711F20EAF770F9012283F839
:1067E000E120132283F89F2008BD08B5436893F881
:1067F0009F20172A04D04FF4D5711F20EAF75EF9C5
:10680000192283F89F2008BD0B46072203F8032BAB
:10681000D0F80920C1F80320D0F80D205A60B0F854
:1068200011201A81C27C9A72704708B5436893F8A8
:106830009E201AB1BC211C20EAF740F9042283F8FB
:106840009E2008BD08B5027843684AB993F89F2096
:106850001AB1C4211C20EAF731F983F8E02008BD01
:10686000D3F89010CA0701D4C921F3E793F8E020C8
:10687000013A52B2002A83F8E02001DACB21E9E79D
:1068800021F00101C3F89010E9E70E23A0F5B670DE
:106890000B7003884B8070474368017893F89E2003
:1068A00051B9052A01BF002283F8D02083F8DC20EB
:1068B00083F89E2000207047102AF3E738B503784C
:1068C00045682BB995F89F00012380B1012015E0A0
:1068D000D5F8903013F00404F8D1FFF782FDD5F815
:1068E000903043F00403C5F89030204606E085F868
:1068F000E0300223A5F8DE0085F89F3038BD03782C
:10690000426813B982F8E0307047D2F8903023F033
:106910000403C2F89030FFF76EBD08B5436893F8E2
:106920009E201AB171214B20EAF7C8F80278002A9C
:106930000CBF0522102283F89E2008BD10B5D0E9B7
:106940000D42A24206D38B8C498E05334B43121B5A
:10695000934202D3012380F8403010BD01230B7015
:1069600000238B7030F8E43CA1F80330437A4B717C
:106970004389CB8083890B81704708B5436893F8BE
:10698000E32091070ED493F89E201AB17421402081
:10699000EAF794F8012183F89E1083F8DC10A3F83D
:1069A000D82008BD027842B993F89F200AB983F82D
:1069B000E020002283F85221F3E7D3F890108A07F1
:1069C000F7D593F8E020013A52B2002A83F8E0208C
:1069D00001DA8621DBE721F00201C3F89010E8E735
:1069E00010B50B794C790A68012843EA042108BFE5
:1069F00041F48031104610BD07B5FFF7F1FF0DF1EE
:106A00000702F3F7CDFC03B05DF804FB0B4606224A
:106A100003F8032BB0F80920A1F80320C27A9A707A
:106A200070470B46172203F8032BD0F80920C1F852
:106A30000320D0F80D205A607047312301F8033B42
:106A400000F10903293053F8042B41F8042B834249
:106A5000F9D11B880B807047F0B50646D92E344615
:106A600028BFD9243034BDF81470A4B2FF2C07F02D
:106A7000010507F0020028BFFF24BF0701F5A5713B
:106A800000F0B08048B3042A21D0032A22D0022A81
:106A90000CBF4FF496744FF414740C44D11EC9B259
:106AA000022934BF282000209C340129044440D806
:106AB00004F535649834002D48D0042A40D0032AC8
:106AC00041D0022A0CBF6421C0210819F0BD41F257
:106AD000D024E2E740F2CE54DFE783B1042A08D0A5
:106AE000032A09D0022A40F6480408BF4FF48564FF
:106AF000D3E744F29024D0E741F2BE14CDE7042A54
:106B000005D10534A4B2A40104F5C874C5E7032A6D
:106B100005D10534A4B2240104F5BF74BDE7022AEF
:106B20000BBF0B340A34A4B2A4B20CBFA400E4001F
:106B3000B3E7022A0CBFB4204FF4B0700444B9E7A5
:106B40004FF4CA61C1E740F2AE21BEE793B1042A17
:106B50000AD0032A0BD0022A40F648000CBF4FF49B
:106B600085610146601812E044F29021FAE741F293
:106B7000BE11F7E7F12E354628BFF125042A1FD1B3
:106B800005F1130080B2800100F5C8752819D92ECF
:106B90009CD9D93EB6B2F721002B57D0042A06F172
:106BA000F606B6FBF1F64BD0032A4CD040F27253F6
:106BB00040F69211022A18BF0B4603FB060085E738
:106BC000032A05D11335ADB22D0105F5BF75DDE7FB
:106BD000022A0BBF19351835ADB2ADB20CBFAD00EE
:106BE000ED00D3E78BB1042A09D0032A0AD0022A88
:106BF00040F648000CBF4FF485640446B2E744F207
:106C00009024AFE741F2BE14ACE7042A05D1053465
:106C1000A4B2A40104F5C874A4E7032A05D105347D
:106C2000A4B2200100F5BF749CE7022A0BBF0B340D
:106C300004F10A05A0B2ADB20CBF8400EC0091E7EC
:106C400044F2DA33B9E741F20833B6E7042AB6FB77
:106C5000F1F3DBB21CD0032A1DD040F2725140F692
:106C60009214022A18BF214601FB0300C3EB431113
:106C7000C3EBC103F61AB3B2002B3FF427AF0833BE
:106C8000042A9BB20AD19B0103F21A4318441DE760
:106C900044F2DA31E8E741F20831E5E7032A03D1AB
:106CA0001B0103F54673F1E7022A0BBF9B00DB00D3
:106CB00003F5BB7303F5CD73E8E78B88F7B513F0E5
:106CC000180607460C4625D1086820B940F2DA318B
:106CD0002D20E9F7F3FE00F091FA217C657C032971
:106CE00008BF0421032D08BF0425F3F767FCA38820
:106CF0000093014633462A463846FFF7ADFED4E9F5
:106D00000223BB30824273F100032CBF012000201C
:106D100003B0F0BD0120FBE738B50B46132203F8A2
:106D2000032B0C4600F10902293052F8041B43F8EA
:106D3000041B8242F9D112781A70A5880123A3712D
:106D400002212846EAF78EFB70B1E37863B1008830
:106D5000F1F7F2FC02212846EAF79AFB20B140F253
:106D600027212D20E9F7AAFE38BD38B5CB690446A6
:106D7000A3F57A75104641F2707295429DBF4FF4AB
:106D80007A72B3FBF2F303F5506340F2E24288BF3C
:106D9000B3FBF2F39BB2A4F8B4308B8CA4F8B630FA
:106DA000CB8CA4F8B83091F8013284F8BA30A37FC4
:106DB00004F1A80263B394F86830012B28D194F849
:106DC0006E3003F0C003402B22D1D4F86930C4F8F0
:106DD000A830B4F86D309380236A9A7884F8A120A3
:106DE000082803F1030504F1A202D3F8033004F1EB
:106DF000AE0118D0C4F8AE30AB888B8004F1A1018D
:106E0000F1F792FF40B940F69B312D20E9F756FE8D
:106E10000023C4F8A830DEE794F8A13043F0020361
:106E200084F8A13038BDC4F8A230AB889380002329
:106E3000C4F8AE308B80F5E70B46162210B503F888
:106E4000032BD0F80920C1F80320427B1A71CB78BC
:106E5000BBB130F8BC3C1B0713D4B1F8054002218C
:106E60002046EAF7FFFA60B10088F1F765FC0221DD
:106E70002046EAF70DFB20B140F26D212D20E9F705
:106E80001DFE10BD0121F3F7B1BEFFF7FBBF08B532
:106E900090F89C300BB1012008BD90F8D430002B45
:106EA000F9D190F8C63003F0FF00002BF4D0F1F7D1
:106EB0008BFB80F00100C0B2EEE730B54FF4B87242
:106EC00085B004460D460021FBF766FCFF232370C6
:106ED0001323638042F21073E384EAF7CDFB0022B0
:106EE0000146E0646846EAF70BFCE06C00220121F1
:106EF000FDF711F8E16C04226846EAF701FC002274
:106F0000E06C1146FDF707F804F13000257500F03C
:106F10001FF902A8F2F7A8F920B940F212312D208A
:106F2000E9F7CCFD02A904F13600FEF7A0FC04F15C
:106F30008000FEF75BFB05B030BDFF23C86C0B7013
:106F4000FCF7B6BF0078FF3818BF01207047F7B5CF
:106F5000044630300E4600F051F96188CA060746F3
:106F600005D52822F4F716FB6D3003B0F0BD8B0772
:106F7000E06C0FD5FDF76DF8217905463846F3F73B
:106F80001DFB638800930146627933462846FFF76C
:106F900063FDE9E7FDF74DF8EEE7034630B55A88A3
:106FA00012F0180F87B0084610D1D3E9024503F15B
:106FB000300100919B88ADF804206946CDE9024577
:106FC000ADF81030FFF779FE07B030BD0120FBE7C8
:106FD000D0E902017047407D003818BF012070479A
:106FE0000B68C0F817308B88A0F81B30012343775B
:106FF0007047438813F0100005D013F0040F14BF3E
:1070000000201F2070479A0704D4DB0701D4EAF759
:107010005FBBEE20704708B5FFF7EBFF003818BFE5
:10702000012008BD0023A0F8483043881D2B08BF6D
:1070300000214174704790F914007047408800F0B7
:10704000010070474088C0F3400070474088C0F39B
:10705000C000704710B54488C06CE30654BFC4F349
:1070600040040024FCF7DCFF002C08BF012010BD09
:107070004088C0F3001070474088A0F109035842CF
:10708000584170474079704710B50446F2F724FC28
:10709000C0F30B00A042F9D010BD10B50446F4F7C0
:1070A00075F920460021F3F7A1FD2046BDE8104008
:1070B000F3F708BB90F8683001624B72D0F8693082
:1070C000C1F80A30B0F86D30CB8170477047F3F7E4
:1070D000D5BB80F890107047FF2380F8933070473D
:1070E00080F8241080F825207047C0F34002C0F3D8
:1070F0008003134400F0010018447047022808B5CB
:1071000007D0042807D0012807D039212E20E9F71D
:10711000D5FC262008BD2720FCE72520FAE7827849
:10712000034612F0010002D0D978C9070FD59007A5
:1071300002D5D978890709D512F0040007D0DB7889
:1071400013F0040F14BF0020042070470220704782
:107150000023C0F802300123437003707047817030
:10716000704710B50170427080781446FFF7BDFF7C
:1071700010FB01F104FB01F2FE2A03DD5C212E204D
:10718000E9F79CFC10BD0023C37043710371704785
:1071900010B50446FFF7C3FF637962780133DBB2B1
:1071A0009A4263710FD1E378A1780343DBB299422D
:1071B000E37008BF23794FF0000208BF013362710A
:1071C00004BFE2702371BDE81040FFF797BF38B5E8
:1071D00001468078FFF789FF0446C8784D78FFF7AD
:1071E00084FF0A790B789B1A13FB05F34A7913FB8A
:1071F00004F39B1A00FB1530C0B238BD08B5014638
:107200008078FFF772FF4B780A7813FB02F313FBC9
:1072100000F0C0B208BD40F2EF20704740F25A3390
:107220005843704738B553680E3814460D4693F8E6
:107230009E2009283FD8DFE800F0053E3E3E0F3E85
:10724000173E3E26042A05D12046FFF7C1F8204606
:10725000F2F7C8FF002038BD102AFBD120460021DC
:10726000BDE83840FFF718BB1E2AF3D12046FFF7D0
:10727000AFF8002DEED0626892F8F23023F02003D0
:1072800082F8F230E6E793F89F20242AE2D1002525
:1072900083F89F502046FFF7AEF8636893F84C31AF
:1072A000012B03D129462046F1F7E4F96368002257
:1072B00083F84C21CEE74FF40F713120E9F7FEFB44
:1072C00008B5436893F89F20172A04D040F2E441A0
:1072D0003120E9F7F3FB1B2283F89F2008BD08B596
:1072E000436893F89F20322A06D1002283F89F201A
:1072F000BDE80840FFF77FB8172A03D11B2283F8A7
:107300009F2008BD40F2F9413120E9F7D7FB037D0A
:1073100063B9C37B90F85200A3F11102032A05D987
:1073200028B11D2B8CBF0020012070470120704721
:10733000037D63B9837B90F85200A3F11102032A05
:1073400005D928B11D2B8CBF0020012070470120DA
:10735000704770B5426892F8F23043F00403044677
:1073600082F8F23008460D46FEF783FE06462846B0
:10737000FEF77BFE22463146BDE87040F4F70EBAB8
:1073800038B50C460546D1E90501EAF71BF994F832
:107390005C0220280BD0FAF789FB94F85C02F9F71D
:1073A00073FC20B940F639013120E9F787FB0D2144
:1073B0002846EAF76DF80E212846EAF769F82846CC
:1073C0000F21BDE83840EAF763B8EBF777B9002240
:1073D000A0F89E2080F8A22090F8133213B1022169
:1073E000ECF7B2BA0321FBE7F2F734BB014638B53C
:1073F000408E91F8A2308500B1F8D20003BBC0F1F5
:10740000060091F8D030441B1BB191F89E30052B3B
:107410001AD101F19000FFF78BFFB8B1D1E9310328
:10742000181A401BB1F82E31A042A3F1040323EA3D
:10743000E373A8BF20469842B8BF184680B238BD53
:10744000B1F8D440201ADCE70020EBE72046E9E75A
:1074500070B50E4604210546EAF704F8044648B91B
:1074600006212846E9F7FEFF20B116B190F8BD309D
:1074700003B90446204670BD037C0BB90020704759
:10748000037C012BFAD0007C073818BF012070471D
:1074900008B5027C012AD3B204D0FFF7EDFF00F05B
:1074A000010008BD1846FAE710B51D23C370044655
:1074B000F1F7D8F8207110BD10B51E23C370044633
:1074C000F1F7D0F8207110BD012343810023C3815F
:1074D0008381704701234380038000238380C3801E
:1074E0004FF448630381704708B5F6F711F8F5F7D4
:1074F0004DFDF5F735FBBDE80840F5F7F3BB08B5E2
:10750000FAF720FFBDE80840F7F74ABB801A00F3FE
:10751000070038B540B20D4659B21446F7F730FBB4
:107520000023287020446B7040B238BD00230360F4
:1075300070477047002070474FF0FF3070474FF0A2
:10754000FF3070477047002070474FF0FF307047A2
:10755000002070470020704700230370704700220E
:10756000FFF7D4BF002070474FF0FF3070474FF057
:10757000FF3070474FF0FF30704770474FF0804347
:1075800001221A6070474FF08043D3F8080400F0DE
:10759000010070474FF08043D3F8140400F001005D
:1075A00070474FF08043D3F81C0400F0030070478D
:1075B0004FF080410246D1F81804D1F8181410F4A5
:1075C000803004D001F00300831A584258417047BC
:1075D00008B5FAF70BFF28B14FF080430222C3F839
:1075E000342C08BDFAF7E2FE0028F5D1FAF7F4FED4
:1075F0000028F1D1F5E7F7F76FBBF7F797BBF7F77F
:10760000C3BBF7F7DBBBF7F7C5BDF7F753BBF7F71E
:1076100057BBF7F75BBBF7F799BCF7F7D7BBF7F7A3
:1076200089BC08B5F7F73CFB002008BD38B5054616
:1076300091F827000C46F9F727FB18B9E8216A20D2
:10764000FAF752FC0023A38484F826300921236A28
:107650002846984718B103780BB1EC21EFE738BD05
:10766000426808B5034611441A785960012AA1F10D
:10767000500006D1FAF750F840B9CC216A20FAF749
:1076800033FCFAF749F808B9D121F7E708BDF8B596
:1076900004460E4619B9012384F829303BE00D78E1
:1076A000032DF8D8DFE805F0390212154868C7281D
:1076B00002D800252846F8BD0421FAF7CFF80028A3
:1076C000F7D171682046FFF7CBFFF3E7F7F7CEFD60
:1076D000F0E790F82470F7B94D682846F7F79AFD5F
:1076E0000028D8D02B78D3B9012222702B79003B07
:1076F00018BF012363726B79002B0CBF0223042394
:107700002372AB686F336360EB682361032384F8F3
:10771000263084F82520F7F7A9FD0225CAE794F85A
:107720002630052B04D04FF4C8716A20FAF7DCFB31
:1077300027702B7994F82700003B18BF0123637250
:107740006B79002B0CBF022304232372EB68A9681A
:107750006F336360D4E906325B1842EBE172C4E92F
:107760000432042384F826302146F9F7ADFB0028C3
:10777000D1D14FF4C971D8E770B5F7F7CDFE002429
:1077800005462646E0B2854200D870BDF7F7CAFE2E
:107790000134868480F82660F4E7F8B504460D4687
:1077A000F7F7BAFE00270646F8B2864204D8082D3D
:1077B0000CD96FF0150008E0F7F7B4FE90F826300A
:1077C0000137002BF0D04FF0FF30F8BD2CB1294627
:1077D0002046BDE8F840F7F7B3BE21462046F8E75B
:1077E00038B50546F7F79EFE014688B190F824406B
:1077F0008CB990F8263073B1013B012B04D8284690
:10780000FFF714FF204638BD012380F82430F9E744
:107810006FF00100F7E76FF02200F4E770B50D4656
:10782000F7F780FE0446002848D090F82660731EC3
:10783000012B49D8002D44D02846F7F7EBFC00284F
:107840003FD02B78FBB9012323702B79003B18BF65
:10785000012363726B79002B0CBF02230423237274
:10786000AB686F336360EB682361032394F82700F0
:1078700084F826302146F9F727FB40BB40F2BD21B2
:107880006A20FAF731FB022E1ED1002323702B79D8
:10789000003B18BF012363726B79002B18BF0426CD
:1078A0002672EB68A9686F336360D4E906325B180F
:1078B00042EBE172C4E904320423D7E76FF0010020
:1078C00070BD6FF01500FBE76FF02200F8E70020B5
:1078D000F6E7F8F7A1B807B56846F7F791FFDDE9D5
:1078E00000024FF080730021E2FB030103B05DF85A
:1078F00004FB0346002018707047EFF3108272B645
:1079000003780121DBB2017002B962B6012B0CBF12
:107910006FF0220000207047EFF3108372B6002250
:10792000027003B962B600207047FAF7E3BC08B5ED
:10793000FAF714FD024688B9FAF71AFD014658B95C
:10794000FAF720FD024658B9FAF730FD20B9FAF7E8
:1079500043FD80F00100C2B2104608BD0022FBE7E3
:107960000A46F9E7FAF788BDFAF786BD00280CBF8A
:107970006FF0150000207047002070470723037048
:1079800000207047002070470020704710F8012B3E
:1079900011F8013B012A28BF9A42F7D0D01A70474C
:1079A000034611F8012B03F8012B002AF9D1704787
:1079B000034613F8012B002AFBD1181A013870472F
:1079C0002DE9F04786468C460846089E15467446C3
:1079D0001946002B40F0C2808542B2FA82F245D9A6
:1079E0004AB1C2F1200300FA02FC2EFA03F39540DB
:1079F00043EA0C0C94404FEA154EA8B2BCFBFEF8CB
:107A0000230C0EFB18CC08FB00F943EA0C43994504
:107A100028D9EB1808F1FF3704D2994502D9A8F10B
:107A200002072B44A3EB0903A4B2B3FBFEFC0EFB3D
:107A30001C330CFB00F044EA0344A04214D92C1977
:107A40000CF1FF3304D2A04202D9ACF102032C4462
:107A5000241A43EA07401EB1D44000233460736007
:107A6000BDE8F0874746DDE76346F1E792BB431B7D
:107A700001214FEA154EAFB2B3FBFEFC200C0EFB0A
:107A80001C330CFB07F840EA0343984562D9EB1816
:107A90000CF1FF3004D2984502D9ACF102002B441E
:107AA000A3EB0803A4B2B3FBFEFC0EFB1C330CFBE0
:107AB00007F744EA0344A7424ED92C190CF1FF33CF
:107AC00004D2A74202D9ACF102032C44E41B43EADE
:107AD0000040C0E7C2F1200320FA03F19540904036
:107AE0002EFA03F303434FEA154EAFB2B1FBFEFC8F
:107AF0000EFB1C10190C0CFB07F841EA00418845ED
:107B000004FA02F422D969180CF1FF3004D2884536
:107B100002D9ACF102002944A1EB08019BB2B1FBF0
:107B2000FEFC0EFB1C110CFB07F743EA01439F42CE
:107B30000ED9EB180CF1FF3104D29F4202D9ACF1FF
:107B400002012B44DB1B41EA004192E76046E3E778
:107B50006146F7E76046A3E76346B7E7834206D985
:107B600016B9002108467BE7C6E900E0F9E7B3FA59
:107B700083F78FB9834201D3724508D8BEEB020464
:107B800060EB030301209C461EB9002168E73846DC
:107B9000FAE7C6E9004CF8E7C7F1200CBB4022FA2F
:107BA0000CF41C432EFA0CF120FA0CF3B8400143FC
:107BB0004FEA14490EFA07F5B3FBF9F81FFA84FEF1
:107BC00009FB18300B0C08FB0EFA43EA00439A45F8
:107BD00002FA07F240D9E31808F1FF3004D29A45BF
:107BE00002D9A8F102002344A3EB0A0389B2B3FB34
:107BF000F9F809FB183308FB0EFE41EA03418E45F4
:107C00002CD9611808F1FF3304D28E4502D9A8F1AE
:107C10000203214443EA0040A0FB0298A1EB0E01BD
:107C20004145CE46434602D306D14D4504D2B9EB79
:107C3000020E68EB04030138002EA6D0B5EB0E024D
:107C400061EB030101FA0CFC22FA07F34CEA03038F
:107C5000F940C6E9003198E74046C5E74346D9E711
:107C60002DE9F047064688B00F46904623F08EFC7B
:107C70004FF47A73A0FB034503FB0155E40B012F7E
:107C800044EA45444FEAD53507D1294922462B46D7
:107C900030461EF04AFA002012E0D8F80470254859
:107CA0003946FFF773FE70B123483946FFF76EFE81
:107CB00048B1304621493A461EF045FA6FF00400BB
:107CC00008B0BDE8F0872046294617A3D3E9002372
:107CD000FBF776F905460C4610461946184A00236C
:107CE000FBF76EF980460F46104619464EF66022A5
:107CF0000023FBF765F982468946104619464FF482
:107D00007A720023FBF75CF9CDE902A9CDE90623DD
:107D1000CDE90401CDE900870A492A4623463046C9
:107D20001EF003FAB7E700BF005C26050000000064
:107D30009BE70300ACE70300AFE70300B8E70300ED
:107D400080EE3600D0E703002DE9F04383B000AFAA
:107D50003A1D002140F6034007F09AFC0446002833
:107D600076D17C68E3681B789BB909F0DDF9BFF335
:107D70005B8F424B1A68BFF35B8F02F00902BFF3BF
:107D80005B8F53E8001F43E800200028F9D1BFF3C0
:107D90005B8F204605F01AFC3A1D002141F20300DA
:107DA00007F076FC0446002852D17A68344DD16839
:107DB000D1F80100D1F8051005F1980303C310466E
:107DC00005F004FC21463A1D41F2010007F060FC79
:107DD000044600283CD17868C3685A7885F890201A
:107DE0005A88A5F892201A7985F89120B3F80720CF
:107DF000A5F89420B3F80530A5F8963005F0E6FB19
:107E000021463A1D41F2020007F042FC0446F8B94F
:107E1000D7F80480D8F80C2005F1A006531C413295
:107E200018685968344603C4083393422646F7D18C
:107E300014481FF071FF404605F0C8FB95F89C30D0
:107E4000590627D4104803685A0706D16FF0120468
:107E500020460C37BD46BDE8F0836C4688B06A46C4
:107E60000A4B53610A4B9361032342F8103F4FF4CE
:107E7000C25120F089F8A546E8E700BFEC040020D5
:107E8000F803002098040020E80B00205CFE0300AB
:107E9000200404003A1D002142F2030007F0F8FB21
:107EA00004460028D4D17B68B54EDA68D2F80100C8
:107EB000D2F8051003C6184605F088FB21463A1D86
:107EC00042F2020007F0E4FB04460028C0D17C68BF
:107ED000E368B3F8012091B249B1D97839B1A5F876
:107EE0002421DA78114606F1280023F0C8F820464C
:107EF00005F06CFB95F89C601F2316F02006A5F892
:107F0000403118D1022140F66D4006F09FFE044634
:107F1000002800F0CB8002210C301FF077FE0123F7
:107F2000037046702146324640F66D4007F0B0FBC4
:107F3000044600288CD195F8BC301B0713D53A1D98
:107F4000002142F21C0007F0A3FB044600287FF446
:107F50007FAF7868C368D3F80120D3F80530C5E94E
:107F6000402305F033FB95F8F8309E0622D5B91C66
:107F7000384607F099FC044600287FF469AF0421D5
:107F800042F2240006F062FE0646002800F08E80D1
:107F900004210C301FF03AFE3B8803807B8843802D
:107FA0002246314642F2240007F072FB04460028C4
:107FB0007FF44EAF95F8F8305C0610D53A1D0021DD
:107FC00042F22A0007F064FB044600287FF440AF29
:107FD0007868C3685B7885F8423105F0F7FA0821C4
:107FE00042F2010006F032FE044600285ED008216D
:107FF0000C301FF00BFE95F8F81011F0400F024600
:1080000040F2022308BF032388074CBF43F02C0033
:1080100043F00C0095F8F9308E0648BF40F0400060
:1080200013F0090F18BF40F40060CB0795F8C23079
:1080300003F0060348BF40F01000062B08BF40F4D1
:10804000C07000211FF0BDFF2146002242F2010056
:1080500007F01EFB044600287FF4FAAE95F89C302A
:10806000B5F824119E0624D4C9B93A1D41F2050081
:1080700007F00EFB044600287FF4EAAEB5F8243181
:108080007C684BB9E368B3F80120A5F824219A88ED
:108090003C48114622F0F3FF204605F097FA0821EC
:1080A00040F6014006F0D2FD0446D8B96FF06804EE
:1080B000CEE60029F3D1344803685C0702D16FF0A3
:1080C0000404C5E66C4688B06A46304B5361304BB9
:1080D0009361032342F8103F4FF4C2511FF054FF45
:1080E000A546ECE708210C301FF090FD95F8F8301C
:1080F000D90702463BD427484FF000511FF061FFDB
:108100002146002240F6014007F0C2FA044600284A
:108110007FF49EAE01463A1D4FF6014007F0B8FAD3
:10812000194C00283CD0236813F0060F0FD06D4681
:1081300088B06A46184B5361184B9361032342F889
:10814000103F4FF4C45120461FF01EFFAD4620F0F3
:1081500030F9044600287FF47BAE0AF0E1FB0446C8
:1081600000287FF475AE07F043F8044670E602A1DC
:10817000D1E90001C2E700BF908800020080002022
:10818000F004002020050020E80B002084FE0300FE
:108190002804040010880002ABFE0300140404004D
:1081A0007B68D3F80C80236803F00703022B6BD99C
:1081B000B8F80130032B96BF584A594952F823109A
:1081C000E9468AB06A46574E136240F201339384FF
:1081D0005548564B5061C2E90661554842F8103F78
:1081E0004FF433511FF0D0FE236803F00703022B36
:1081F000CD4649D9B8F80120B8F80330022A64D135
:10820000052B62D84B4A52F82310E9468AB06A46D9
:108210004948C2E9071340F201339384434BC2E952
:1082200005064FF4335142F8103F41481FF0ACFEB1
:10823000236803F00703022BCD4625D998F80530B3
:1082400098F806E0B8F807C0D8F80900032B96BFE5
:108250003A4A334952F82310E8468EB06A46DFF8AE
:10826000E090D062C2E9071340F201331386354B28
:108270002F48C2E90596C2E909EC44F2C04142F830
:10828000103F1FF081FEC546786805F09FF93A1D42
:1082900000214FF6024007F0FBF90646B8B123680B
:1082A00013F0060F3FF453AF6C4688B06A46264B76
:1082B00053611C4B9361032342F8103F1C484FF459
:1082C000C4511FF061FEA54641E715499DE7786856
:1082D000C368B3F80130A5F8E13005F077F995F8F7
:1082E000E1305B077FF533AF3A1D31464FF603406F
:1082F00007F0CEF948B1236813F0060F3FF427AF1B
:108300006C4688B06A46114BD2E77868C3685B78E0
:1083100085F8E03005F05AF919E700BF98D403005A
:10832000D3FB030014040400D3FE03000500000186
:10833000E80B002080D40300F0FE030070D403009B
:108340000CFF0300080000013DFF03006AFF03006B
:108350002DE9F04192B0037806AF04460E463D1D6C
:10836000032B3FD8DFE803F002383A3C2049284687
:10837000FFF716FBA379059562780492A278039221
:10838000E2780292227901926279009207F1100854
:10839000184A202140461AF087FA1748036803F06C
:1083A0000703022B14D96C468AB006AA134B5361FB
:1083B000134B1662C2E9063840F201339384114B25
:1083C00042F8103F00234FF4335101F041FDA54620
:1083D0003037BD46BDE8F0810B49C8E70B49C6E719
:1083E0000B49C4E70B4A0A2128461AF05DFAC1E797
:1083F00034E2030056E20300C40B002079E20300DC
:10840000E7E20300050000013BE2030042E2030053
:108410004CE20300E92D04002DE9F043304C85B017
:10842000236803F00703022B00AF10D96D4688B014
:108430006A462C4B53612C4B9361032342F8103F47
:1084400000234FF4C651204601F002FDAD46002541
:108450006023C7E901552549FB80381D3023FD60A5
:108460003B8108F087FFE0B123685B0711D06E46BF
:1084700088B06A461E4B53611B4BC2E90630042389
:1084800042F8103F16482B464FF4015101F0E0FC32
:10849000B546002383F31188BFF36F8F032318467B
:1084A00002DF144D104EDFF83880236803F0070315
:1084B000022B0ED9E94688B06A460323C2E9055665
:1084C00042F8103F00234FF4C651404601F0C0FC73
:1084D000CD4600214FF4004016F088FEE5E700BFCE
:1084E000C40B002091E20300EFE20300518301007E
:1084F000B6E20300DDE2030030B50D4DC0430A448F
:10850000914201D1C04330BD11F8013B83EA000420
:1085100004F00F0455F8244084EA101080EA131385
:1085200003F00F0355F8233083EA1010E8E700BF8B
:1085300028D0030010B5094C0A44914200D110BD67
:1085400011F8013B584003090001E35CC0B243400D
:1085500018091B01205CDBB25840EEE7F8E203008B
:108560002DE9F04F91B08407009302F004030293C9
:10857000C2F3C20303F10103DDF8689003920546DC
:108580000E46059340F0BA81041D30B1072909D881
:108590006FF01B0011B0BDE8F08F01F00706341D2D
:1085A000C6F10806009B4FF00008591E4FF0040A60
:1085B0004FF0FF330193CDF810804746C346534632
:1085C0000DB1009A22600598002800F3E8809848D1
:1085D000009A824203D397488242C0F0E080039A17
:1085E000A4EB050E92074FEA9E0000F103810F2FC6
:1085F00000F2B180002D00F0058107F140020DEB83
:10860000020C019A0CF8200C0CF8102C0498013084
:108610000490E7E07A285DD84B280ED8472859D82F
:1086200029282DD8252852D054D820287AD023386C
:10863000D0F1000B4BEB000B74E04C382E2849D8DE
:10864000DFE800F0704848484848484848484848EB
:108650004B484848484848484859484B4B5959594D
:10866000704B6D487048184B184848827F4B4848FB
:108670004B487F0000204FF0000B4FF0040A38E019
:108680002A38C0B2012202FA00F010EA0E0F49D1D6
:1086900010F0625C2FD110EA020B43D06046013C1F
:1086A0005444B4FBFAF40AFB04F4002D61D0A3EBAC
:1086B000050CA444B4453FF66BAF002868D1042BE9
:1086C00047D159F8043B2360043404232AE0019A7B
:1086D000013A01924FF0000B24E011F8010C6C28D4
:1086E00034D111F8023C00206C2B8346C5D14FF0E9
:1086F000080A5346D3E709F1070929F007090734A7
:10870000F9E802AB24F0070435B106982044B042E2
:108710003FF63EAFC4E900AB08344FF0000B4FF01A
:10872000080A534611F8010F002878D0BBF1000F5A
:108730007FF470AF2528F5D1019B013301934FF0F1
:10874000010B4FF0040AECE7584694E700208346FB
:10875000A5E7082B02D06FF015001BE709F1070908
:1087600029F00709F9E80223C4E9002308340823A3
:10877000D8E768B9042B02D109F10409A4E7082B52
:10878000E9D109F1070929F0070909F10809EDE71D
:10879000059A013A059259F8042B009210E7039AC2
:1087A000900720D5A4EB050E4FEA9E004FF0010C78
:1087B000BEF5007FCFD20F2FCDD8F5B107F1400223
:1087C0000DEB020EC0B2019A0EF8200C0EF8102C20
:1087D000BCF1000F3FF41AAF60F07F000EF8200CE0
:1087E00008F101080137C5F10802043406924FF67A
:1087F000DA7E97E74FF0000CDAE7BCF1000F01D00A
:108800000136EFE7029802360028EBD10098CDE957
:108810000631FFF7CDF8DDE906310644E2E7631BD8
:10882000B3F5806F97D23DB9A6F10804E018B1E620
:1088300004C1030054360400029A28609B082B7080
:108840009DF81030C2B1EB7085F80280B8F1000FCE
:1088500005D008A80022C5F1010C97420ED1C5F140
:1088600001030DF120094FF0000A01930DF1300BC7
:10887000574512D1601B8DE66B70E5E710F8013BA0
:10888000190608D504EB0C0EB64503F07F033FF63E
:108890007FAE04F8013B0132DFE7B8F1000F03D0EF
:1088A00099F90020002A17DB029BD3B11AF80B209C
:1088B00004F8012B0022019B98182044B0423FF697
:1088C00067AE99F8000004F8010B00990392204666
:1088D00023F0D0FA039A14440AF1010A09F10109BC
:1088E000C6E799F8002055F822300093029B45F81E
:1088F00022300098FFF75CF8421CDCE76FF00D00B7
:1089000048E600BF2DE9F04F97B000AF90F802A005
:10891000D7F880B03B62CBF3C0030446FA62BB6178
:10892000894641B9457800780AEB800020444D45DE
:1089300017D8A0EB0409E378FB61BAF1000F02D06D
:108940001BF0010F16D1FB6953BBFB6A1BB13A6ADE
:108950004946204698474D4628465C37BD46BDE807
:10896000F08F461C3046FFF723F80130304409F100
:108970000109DCE7237862687A62FA6A9900796112
:1089800004EB8301002A40F006814D460E4601EBC0
:108990000A094FF000084E4552D101EB0A0610E0DB
:1089A0001BF0020FD1D023789A007A6162687A6254
:1089B000FA6A04EB8301002A7DD14D4601EB0A06D9
:1089C00090461BF0050F0CBF02230123FB62FB69DD
:1089D00006EB430A0BF00203BB625645BCD016F807
:1089E000021B16F8013C54F823909C4B994502D386
:1089F0009B4B99453CD3BB69002B46D0786A1CF051
:108A00007BF9002841D09748036813F0060F15D072
:108A1000E9468AB06A46944B5361944B93617B6AF2
:108A2000C2E9073140F201339384914B42F8103F81
:108A300000234FF4325101F00BFACD46023DCCE752
:108A400016F8013BF96254F82300FEF7B1FFD7F89E
:108A50008430F96A01304BB1D7F8883098453EBF71
:108A6000D7F8843023F8180008F10108054492E78C
:108A7000BB6923B1786A1CF03FF90028C3D11BF011
:108A8000010F05D1FB6AED1AA7E7BB6A002BA4D042
:108A90004846FEF78DFFD7F8843053B1D7F88830B9
:108AA00098453FBFD7F88420431C22F8183008F1BE
:108AB0000108054491E7BAF1000F72D01BF00408D9
:108AC00072D0D04607F14800002652463B61B96299
:108AD00023F0D0F9B96A3B6901EB0A02BA62FA697C
:108AE000F9695200FA60BA6A02EB41023A610BF08E
:108AF0000202BA603A69B96A8A4257D162787A62E8
:108B00001BF0020F32440CBF4FEA580100211BF04A
:108B1000010FD2B240F09F801BF0040F14BF4046FB
:108B20000020BB616270A070E1703A6A7969FB6AEB
:108B300020469847051EFFF60FAFBB6923707B6A7E
:108B40006370FB69E37041463A6AFB6A84F802A0ED
:108B500007F148009847B0F10008C0F2B7807B6980
:108B60003A6AA9EB0A01C91AFB68C91AD7E90A03CC
:108B700098470028C0F2AC80A84408EB00054FF0ED
:108B8000000B07F1380AB34574D300213A6AFB6A37
:108B900008469847E0E6564607F138004FF00008CF
:108BA00093E7D046564697E7464695E7BA6A12F8E5
:108BB000021BBA6212F8015C284A54F82500904260
:108BC00002D3274A90421ED3BA6932B1786A7B60D9
:108BD0001CF092F87B6800288CD1BA6802BB08F1BF
:108BE000280207F1300C08F10100944407F1580203
:108BF00052FA80F008F102080CF8101C5FFA88F8AD
:108C000000F8105C76E7BA693AB1786A7B601CF0CC
:108C100073F87B6800287FF46DAF1BF0010F09D05B
:108C200006F1280207F13000711C161806F8205CC6
:108C3000CEB25FE71BF0040F3FF45CAF08F12802EF
:108C400007F1300008F1010102EB000808F8105CA0
:108C50005FFA81F84EE7002063E700BF04C103001C
:108C6000543604001C0C002008E30300AFE30300AB
:108C7000050000011BF80A3087F8373054F82390BC
:108C8000D7F88430FBB133F81B803A6AFB6A0121C4
:108C900007F13700984700281ADB0544B8F1000FA8
:108CA00006D14846FEF784FE00F101081FFA88F855
:108CB0003A6AFB6A414648469847002808DB054463
:108CC0000BF1010B5FE7D7F88480DEE7454643E60A
:108CD000054641E6014B1860704700BFF8050020CB
:108CE00080B505460E461746984616F09DFA03468F
:108CF00023F0FEF9DFF81890044649F800304246A8
:108D000030463946A84754F8090004F03BF800BF44
:108D10000800000008B50446EFF31183402383F3F5
:108D20001288BFF36F8F10F0D3FD204603F0D4FFFD
:108D300002481CF00AF81EF0CCFEFCE7D9E3030061
:108D40002DE9F047058B04462807904611D40229E7
:108D500005F0070540F0CC8020461CF0E7FA78B11A
:108D60000138218B042811D8DFE800F0C2106D858E
:108D7000950001290CBF45F0100545F0200525831D
:108D800088F31188BFF36F8FBDE8F08701F0070A01
:108D9000AA4500F0A5800027B9463E46A368002BEF
:108DA00000F0BC8041F00801218388F31188BFF3F3
:108DB0006F8FA168002900F0BA800D68002900F0CB
:108DC000B680D1F80480334652462046C047002D75
:108DD00076D02B6829461D46F0E701F007035A1F9D
:108DE000012A1BD8002221F00701062B276889B22F
:108DF000C4E9002209D13B4603E0628B0132628361
:108E00001B68002BF9D141F00201218320461CF0A0
:108E10008DFA00287AD041F0200176E0042B0AD1A7
:108E200021F0070189B2218320461CF07FFA10B19E
:108E300041F020012183218B01F0070AAA454FD080
:108E40000027B946AAE7236921F0070141F006018E
:108E5000062DD3F8009021832DD1B9F1000F3FD01A
:108E600041F00801218388F31188BFF36F8F3A49DD
:108E70002046C84729E021F00701236941F0040199
:108E800089B2042DD3F804902183E6D000273E4612
:108E90004FF0040A82E721F00701236941F0050140
:108EA00089B2052DD3F808902183D6D000273E46FD
:108EB0004FF0050A72E700273E464FF0060A6DE7BD
:108EC0002B4687E7B9F1000FD1D1EFF3118840238A
:108ED00083F31288BFF36F8F238B23F00803238360
:108EE000258BEA062ED525F01003238305F0070510
:108EF0006669218B002EBFF670AF00232768C4E996
:108F0000003321F0070141F001012183218B01F0A1
:108F1000070AAA454FF000097FF440AF002F9CD00C
:108F200041F00801218388F31188BFF36F8F002F70
:108F3000C8D03D6839463346524620461CF022FAD6
:108F40002F46F4E7AB067FF51BAF25F02003238304
:108F500005F0070500E700BFB15303002DE9F74313
:108F60000F4606460821C06ADFF850901CF0D8FB77
:108F70003C68241A80463C6004EA0905AC4203D8E8
:108F8000002003B0BDE8F08308236A46214630463E
:108F90001CF05BFB0028F4D1694630461CF0CAFB8C
:108FA00040B1BDF80230BDF804203C6005EA090577
:108FB00013441D44A4EB0804E0E700BF0000FFFFDA
:108FC00073B504460821C06A124E1CF0A9FB4FF687
:108FD000FF726368ADF800208DF80620A289191889
:108FE00033401344181A002560606846ADF802103B
:108FF000ADF804501CF088FB694620461CF05AFC72
:109000002046211D1CF05AFB636828463340A360AC
:1090100002B070BD0000FFFF2DE9F04F89B004469B
:1090200000AF00F11408404621F08BFFA06A83686E
:10903000DB689847E062A8B9A24803685D070ED0D4
:109040006C4688B06A46A04B5361A04B93610323E2
:1090500042F8103F4FF4C2511CF05FFBA5466FF081
:1090600015055BE0A06A8368DB6898470368013BED
:109070001F2B08D9934803685C07F0D06C4688B072
:109080006A46934BE0E7A06A216807F1140221F0D9
:1090900039F940B18B4803685907E0D06C4688B075
:1090A0006A468C4BD0E7A5892DB1BB69B5FBF3F2BD
:1090B00003FB125545B1834803685A07CFD06C466D
:1090C00088B06A46844BBFE7E389012B08D87D4806
:1090D00003685B07C3D06C4688B06A467F4BB3E732
:1090E000E36A3D6093F805A04FF0FF334FF0FF3285
:1090F000404615F075F9E06A08211CF011FBA946FD
:109100000646E3891FFA85FB5B450CD8E3894B458E
:1091100027D1404615F0DCF96FF02C05284624379E
:10912000BD46BDE8F08FA1892B04891B13FA81F19C
:1091300052460823204639601CF095FA78B139462A
:1091400020461CF0BBFA09F1010939680823524690
:1091500020461FFA89F91CF086FA0028D6D001357E
:10916000CFE75B450BD1396808235246891B20465F
:109170001CF079FA18B9394620461CF09FFA394696
:109180002046FFF7EBFE054618B1404615F0A0F962
:10919000C4E73B6863604FEA13494FEA0949C4F8E2
:1091A0000890D4E9011399420FD308233A1D2046B1
:1091B0001CF04BFA05460028E7D13B1D13F8012BA4
:1091C00092454AD10135082DF8D163681B0C1B0468
:1091D000394620463B601CF071FAA3893968524633
:1091E00020461CF040FA051ECFDB636800F0B1801A
:1091F00003EB06094FF6FF7AA389C7F800901FFA20
:1092000089F29B1B9A4242D300222E48036803F046
:109210000703002A68D0022B0ED96D4688B06A4633
:109220002F4B53612F4B9361032342F8103F4FF4B0
:10923000C6511CF072FAAD4663681B0C1B0439461C
:1092400020463B601CF03AFA396820461CF043FA8D
:109250000546002D00F09B8097E7391D20461CF045
:1092600069FA626810B9921B62609AE73D89F988D1
:10927000E06AC4F8089029441CF052FA484490422D
:10928000A060F0D1002DEED06FF01C05DAE00823CD
:1092900007F10C02494620461CF0D7F90546002884
:1092A0007FF473AF07F10C0120461CF043FA20B1A4
:1092B000BB89534501D13B8A0BB1B1449CE70122E4
:1092C000A3E700BF4C0C00201AE403006AE503008A
:1092D00040E4030061E403007DE4030095E403003F
:1092E000BCE403005EE50300022B0ED96D4688B096
:1092F0006A46574B5361574B9361032342F8103F23
:109300004FF4C6511CF009FAAD46616820461CF0C6
:10931000E2F9054600287FF438AF63684E4AA18918
:1093200013400B44A3EB460363601340A360204645
:109330001CF0E8FA8CE75B1A524620461CF093F9C1
:10934000051EFFF622AF08D0E26AA3681268134434
:10935000A360D4E901318B42EDD86168A38901EBA8
:1093600046029A427FF475AFDFF8EC90A36801EAF9
:10937000090293423FF46DAF20461CF0ACF905465C
:1093800000287FF402AF636803EA0903A360A3899E
:10939000A288A3EB46039A4250D0404615F098F8B5
:1093A0002E4D012323742B6803F00703022B43D9AE
:1093B0006E468AB0E189A3896A46DFF8A4902948FD
:1093C00050614FF00508C2E9069113624FF4235132
:1093D00042F8108F28461CF0A0F92B6803F0070311
:1093E000022BB54628D98AB063686A461E49C2E98D
:1093F0000519190C9BB2D16113624FF4235142F845
:10940000108F28461CF089F92B6803F00703022B04
:10941000B54611D98AB0A3686A461449C2E905194C
:10942000190C9BB2D16113624FF4235142F8108F93
:1094300028461CF072F9B54600256FE620461CF060
:109440004AFA0546404615F043F8002DA8D065E6D7
:10945000D5E403005EE503000000FFFF4C0C002094
:109460006AE5030000E503001BE5030031E50300A6
:109470002DE9F04F93B01D4600AF037CB960044660
:109480003A61CBB96E4803685B070ED06C4688B072
:109490006A466C4B53616C4B9361032342F8103F57
:1094A0004FF4C2511CF039F9A5466FF00C06304656
:1094B0004C37BD46BDE8F08FC26A082110461CF04B
:1094C0002FF92946F86010461CF02AF9A389FA689A
:1094D000A3EB8203AB428046C0F0AF801DB13B6975
:1094E000002B00F0AA806368FB6107F1200207F1FE
:1094F0001C012046D7F81CB01CF059F9064600287C
:10950000D5D13B8CBA68934206D06268FB699A4217
:10951000EBD1002D3AD1CAE707F1200120461CF01B
:1095200009F90028F1D0B7F822A0BB8C65B39D42A1
:109530002CD1E36A1B685B4203F020034FEA1B4B0C
:109540004FEA0B4B7B603B697B61DA44AB46D7F853
:109550000490D94528BFD9464B4607F12802514609
:1095600020461CF072F800284ED178694A4607F16F
:10957000280122F0EBF948B97B69BBEB090B4B449E
:10958000CA447B61E3D192E7002B90D0B8F1000F81
:109590003DD104F1140A4FF0FF324FF0FF33504633
:1095A00014F01EFFE3899E4244D0A168626808EB74
:1095B00001039A4230D3BB683B85FF23798587F846
:1095C0002E303A69BD852B4620461CF03AF92946D3
:1095D0008346E06A1CF0A4F8A3680344A360BBF1CF
:1095E000000F0CD107F128001CF08EF807F12801BC
:1095F00020461CF05FF9002814BF8346AB46504656
:1096000014F066FF5E4652E7C0DC06464FE7FB6893
:1096100098441FFA88F8BCE72046FFF7D1FC834640
:109620000028ECD120461CF06DF983460028E6D1D5
:109630000136B7E76FF01B0BE1E76FF0150636E771
:109640004C0C002002E4030054E503002DE9F04F28
:1096500085B01E4600AF037CB7F838A004468846A4
:109660009146C3B9324803685B070ED06C4688B098
:109670006A46304B5361304B9361032342F8103FED
:109680004FF4C2511CF049F8A5466FF00C00143796
:10969000BD46BDE8F08FC06A08211CF041F8A389DF
:1096A000A3EB4003B34240D3D4F804B0C7F804B0EE
:1096B000002555455946D7F804B008D963685B457D
:1096C0001ED13B8943451BD06FF00100DFE707F156
:1096D0000802391D20461CF06AF80028D7D13B89C2
:1096E000434507D107F1080120461CF023F808B1D3
:1096F0000135ADB262687B689A42DAD15946E0E73B
:10970000BB89002BE0D0AA45DED87889090CB3428A
:109710004FEA014128BF334601444A4620461BF028
:1097200094FF0028B3D1B889B1E76FF01500AEE718
:109730004C0C002002E4030046E503002DE9F0474D
:10974000DFF85880044607464FF0010914B938463F
:10975000BDE8F08794FAA4F5B5FA85F509FA05F3A2
:109760002E0108EB05156FEA030A24EA03042B7B9C
:10977000002BEBD058F806301B694BB94644042245
:1097800073682846196807EA0A0700F021FBDDE73D
:10979000284698470028D9D1F0E700BF48C6030003
:1097A00030B51049104889B0002221F036FF0F4D26
:1097B0000F4900220023CDE9062300240E23CDE922
:1097C0000334CDE901440B4B00944FF4006228466A
:1097D00015F050FA0849284615F078F9204609B0E6
:1097E00030BD00BFFD97010068310020A820002097
:1097F00040D700203D9B01007BE50300014814F0A9
:10980000D5BE00BFD00D00202DE9F04780461F488F
:109810000F461CF063F90646002830D00025284684
:10982000BDE8F087237B6BB12368DB680BB1204672
:10983000984723681B69D3B96368042219682046D6
:1098400000F0C6FA013610344C45EBD3B8F1000FE6
:10985000E5D0002DE2D02846FFF770FF0546002F27
:10986000F7D000214FF4A47015F0C0FCF1E72046BA
:1098700098470028E0D00AFA06F31D43E2E7044CBB
:10988000DFF8109005464FF0010ADDE7486C002034
:1098900048C6030058C60300014B53F82000704728
:1098A0007CD0030008B5034608462BB1044A136078
:1098B00000F07EFD002008BD6FF01500FBE700BF43
:1098C000FC05002010B5044C237813B9034814F0AC
:1098D0006DFE0123237010BDD2A00020D00D00200A
:1098E00010B504460B481CF0F9F85CB1BFF35B8F70
:1098F000094B53E8001F013943E80012002AF8D150
:10990000BFF35B8F054821F094FE0548BDE8104089
:1099100014F04CBE406C0020446C002068310020E4
:10992000D00D00200020064BBFF35B8F014653E8AB
:10993000000F43E80012002AF9D1BFF35B8F704794
:10994000406C002070B5FFF7EDFF084C084E05464F
:10995000B44200D370BD63685B792BB123685B6848
:1099600013B12946204698471034F1E748C6030052
:1099700058C6030010B5044C044920461BF0F9FA00
:10998000034B1C6010BD00BF800B002068D003009B
:10999000386C0020094A0A4808B500231370094AA8
:1099A0001360094A4FF400411360FFF77BFFFFF794
:1099B000E1FFBDE8084000F05BB900BFD3A0002084
:1099C000D95A0300406C0020446C0020014600225C
:1099D000014800231BF0EEBA800B002001481BF069
:1099E00084BB00BF800B0020024B014618681BF0AF
:1099F000D0BB00BF386C002001481BF005BC00BF85
:109A0000800B00202DE9F041354B1878002864D0F8
:109A1000FFF7E4FF044698B1BFF35B8F314B53E887
:109A2000001F013943E80012002AF8D1BFF35B8F11
:109A30002D4DDFF8B88045452DD32046FFF7D4FFE4
:109A40002B4B2C4C1B68002B19DD21F09FFD4FF494
:109A50007A72A0FB020302FB0131C30BD4E90020A0
:109A600043EA41439B1A4FEAD13140F2E93261EBBC
:109A70000001934271F1000101D3FFF763FFD4E9C4
:109A8000003213F57A7342F10002C4E90032BDE8F6
:109A9000F041FFF7B1BF6B685B793BB121784B07B1
:109AA00006D52B6821461B68284698471035C2E723
:109AB00020462688C1F3C20700F0B8FAC6F3821622
:109AC0000246002EEDD00028EBDB01233946284664
:109AD00000F098F9B042E9D3E3E7BDE8F08100BFB8
:109AE000D2A00020446C002048C6030058C60300E2
:109AF000406C00206031002070B50D4D297861B9AF
:109B00000120FFF781FE0B4C0B4EB44206D3FFF74A
:109B100079FF0028FBD101232B7070BD63685B794E
:109B20001BB1236820469B6898471034EDE700BFBF
:109B3000D3A0002048C6030058C6030000212DE929
:109B4000F0470846FFF760FE044658B340F26768E6
:109B50004FF0000922F0CCFA1B4B1C4A1B58136033
:109B600033B11B4B1B68002B02DD1A4814F01EFD9D
:109B7000194FDFF860A0002544B12046FFF7DEFD55
:109B8000044618B94FF0FF384FF0FF39FFF73AFF9E
:109B9000064628B9B5B942464B46504614F02CFD4E
:109BA0003546E9E74FF0FF384FF0FF39D2E72B6831
:109BB0009B691BB100221146284698471035BD42CB
:109BC000F5D3E8E7054DFAE7080000003C6C0020FB
:109BD000446C0020D00D002058C6030048C6030086
:109BE00010B50F481BF07AFF0E4B1B786BB1EFF3EB
:109BF0001184402383F31288BFF36F8FFFF702FFB6
:109C000084F31188BFF36F8F10BD074B1B68002BC7
:109C1000FAD00028F8D10548BDE8104014F0C6BCC1
:109C2000446C0020D3A000203C6C0020D00D00200C
:109C300010B5064B1B68044698472146A0600448AF
:109C40001BF034FABDE81040FFF7CABFFC05002046
:109C5000800B0020044A054B9B1AB1EBD30F34BF95
:109C600052F8310000207047B8C4030048C6030012
:109C70000B480C4B30B51B1A0B4CDB080021043091
:109C8000994200D130BD10F83120256802F007025A
:109C900025F007052A4344F8042B0131F0E700BF03
:109CA000B8C4030048C60300C40B0020F8B50B4F2E
:109CB0000B4DED1B0646ED080024AC4203D14FF0DE
:109CC000FF342046F8BD57F8340020B13146FDF787
:109CD0005DFE0028F5D00134EFE700BFB8C40300F3
:109CE00048C6030000282DE9F047884615461F4660
:109CF0001DDADFF89890264E4FF0000AA6EB090611
:109D000036095446B24509F1100902D12046BDE892
:109D1000F08759F80C0C3B4600792A464146FFF77C
:109D2000E1FF844238BF04460AF1010AEAE7194B11
:109D3000194AD21AB5EBD20F26D203EBC5031C7910
:109D4000BC4228BF3C46154EC0B200EB400056F85E
:109D500025300722824023EA020304F007028240F2
:109D600013430021032223FA02F000F0070081428E
:109D700002F1030238BF01461E2AF4D123F0070383
:109D80000B4346F82530C1E70024DCE748C6030052
:109D900058C60300B8C4030048C60300C40B002023
:109DA000F8B5094D094BED1A06460F46ED0800249B
:109DB000AC4200D3F8BD002122B23B46304601340C
:109DC0001BF0ACFEA4B2F3E748C60300B8C403001E
:109DD00038B50B4BC31A0D461B11114642680133AF
:109DE0001371436804469971FFF7DAFF63681D60D9
:109DF000636801225A71BDE83840FFF763BD00BFB8
:109E000048C6030070B14168097973B1002A17DBB5
:109E1000CBB20C4951F8220003EB4303D84000F0C9
:109E2000070070474FF0FF31EFE707490748401A36
:109E3000B2EBD00F3ABF01EBC20108791846704768
:109E400004207047C40B0020B8C4030048C60300B8
:109E50002DE9F04F8FB004AFC1F34A28B8600D462A
:109E600091467B600C0DB8F1000F69D0002607F118
:109E700014034FF0040B4FF00A0AC7F80C80C7E92F
:109E800007667E620193CDF808B0CDF800A007F117
:109E90001C03F96832464846FEF734FDB0F5006F02
:109EA000034622D32B48036813F0060F19D06C46E3
:109EB0008AB0D9F8041004AB274D5D61274DC3E982
:109EC000065140F2FF7119621A4640F2013199843D
:109ED000234B42F8103F4FF432513346FFF7B8FF9F
:109EE000A5462C37BD46BDE8F08FC0F30A0804F143
:109EF0001700184420F0070080083B60FFF766FD5C
:109F000068F35325044690B13B68164AC7E9083602
:109F100000F1100107F11403F961CDE900A3CDF8B8
:109F200008B0F96807F11C034846FEF7EBFC68F33C
:109F300053257B68B9682A4620461BF00DFED0E702
:109F400004F1170020F007008008FFF73FFD0446EA
:109F5000EDE700BF500C002090E5030029E6030068
:109F6000050000012D5B03002DE9F04F87B002AF23
:109F7000D7E91069BD6B79600446934698464EB3A5
:109F8000C7F80C90CDF80090FA6B334610210020F2
:109F9000FEF7E6FAB0F5006F82461CD3204803684E
:109FA00013F0060F12D06C4688B002AA1D4B536105
:109FB0001D4B936140F2FF73D361042342F8103FBD
:109FC00000234FF40251FFF743FFA5461437BD4667
:109FD000BDE8F08FB24605F11700504420F00700AD
:109FE00004F007048008FFF7F1FC0BF0070BE40016
:109FF00044EA8B1444EA4A2444EA0554054640B135
:10A000003EB1CDF80090FA6B334651461030FEF762
:10A01000A7FA79684346224628461BF09DFDD5E7FE
:10A02000500C0020D3E503000FE60300406820B188
:10A03000034BC01A40F38F0070474FF0FF3070475A
:10A04000C40B00200EB403B503AB014653F8042B38
:10A050000448019303F0B4F902B05DF804EB03B0D7
:10A06000704700BFC15B0300CA0605D48B064CBF16
:10A0700002490349FFF7E6BF704700BF39EA030012
:10A08000D9E603002DE9F04F89B09B46149B069357
:10A090009DF84CA0159B0593169B179E04930446B0
:10A0A0000D469046BAF1000F00F09D8006F48073D3
:10A0B00007931BF031FD06F00209024600283ED04E
:10A0C00091492046FFF7BEFF0746B9F1000F08D0BF
:10A0D00016F0440F35D18D492A462046FFF7B2FFCE
:10A0E000074406F0010353B1894B8A4953F82A20EB
:10A0F000894B2046002A08BF1A46FFF7A3FF06F443
:10A100008073002B49D006F00803002B63D1B8F10F
:10A11000000F66D0814942462046FFF793FF05466F
:10A12000069B3D44002B6DD1049B002B73D1F3079C
:10A1300000F1E48031462046FFF796FFD8E007465D
:10A14000C3E7774B18680028CAD0764B4FF47A796A
:10A150001B68B5FBF3F54FF46161B5FBF0F300FB51
:10A16000135509FB05F54FF03C0CB3FBF1F201FB75
:10A170001231B5FBF0FEB1FBFCF300FB1E550CFBEE
:10A18000131109FB05F50091B5FBF0F56649CDE922
:10A1900001E52046FFF756FFA2E706F00803EBB102
:10A1A000624B634953F82A202046FFF74BFF0546D0
:10A1B000B8F1000F05D0594942462046FFF742FF4B
:10A1C0000544BBF1000FABD05A495A462046FFF771
:10A1D00039FF0544A4E74FF0000BE1E706F008055E
:10A1E000E6E745469CE7BBF1010F069B06D1002B35
:10A1F00064D1049B002B7BD000250CE0002BF8D011
:10A200004D485CE04D48069B4D4922461AF043FDFF
:10A21000049B002B68D0DFF82C81DFF82C91049F81
:10A220003146102F204628BF1027FFF71DFF4FF0A3
:10A23000000B5D4545DC059B49461A782046FFF733
:10A2400001FF4FF0010B1BF0070F03D141462046E1
:10A25000FFF7F8FE5F453BD9059B494613F80B20F5
:10A260002046FFF7EFFE0BF1010BBBF1100FEAD117
:10A27000364920464FF0000BFFF7E4FE5A46059B97
:10A280009A5CA2F120015F2928BF2E223049204686
:10A29000FFF7D8FE0BF1010BBBF1100F1DD01BF027
:10A2A000070F03D141462046FFF7CCFE5F455A46D3
:10A2B000E5D841462046FFF7C5FEEBE71F48554667
:10A2C000A1E741462046FFF7BDFE0BF1010BB0E7C9
:10A2D00020492046FFF7B6FEC5E7059B3B440593A2
:10A2E000049BDB1B04939AD1BAF1000F7FF41FAFDC
:10A2F000204609B0BDE8F04F1BF055BC064A0549A1
:10A300002046FFF79FFE15E7142B04004DE60300DF
:10A310008CD0030035FC030048E6030072E603001E
:10A32000506C00204C6C002056E60300A0D00300C7
:10A3300076E603007CE60300F75B0300C15B0300E5
:10A34000C1D3010089E6030081E603008BE6030028
:10A350008DE6030087E6030073B542F20F738B426C
:10A3600028BF0B4605680F4A04460521684618F0C9
:10A370009BFA63680C495B680646042228461BF07A
:10A3800004FC63683246694628465B681BF0FDFBA7
:10A39000636806495B68172228461BF0F6FB02B08B
:10A3A00070BD00BFD3330400A8E6030090E60300AD
:10A3B000074A00210123904206D8064A01B9012329
:10A3C0001360054B1860704740085B000121F2E7FD
:10A3D00040420F004C6C0020506C0020014B0020CC
:10A3E00019607047686C002007B500230093084A85
:10A3F00008494FF48053012013F076FD064B0122EB
:10A400001A70064B064A1A6003B05DF804FB00BFE1
:10A41000EEA10020BDE60300D4A00020746C002053
:10A42000D7A000200148FFF797BF00BFD0D003009E
:10A4300010B5064B18680C46FFF72EFA2146034666
:10A44000BDE8104002480E22184700BF686C00208B
:10A45000D0D00300F8B5094D094B0A4ED5E90047A5
:10A4600001221A700CB92C60F8BD214630463A46DC
:10A4700000F01EF8241A0644F4E700BF5C6C0020CC
:10A48000D5A00020D6A0002010B9074B1870704747
:10A49000064B1B781BB142F2107020F057BC4FF4F2
:10A4A000A470002114F0A2BED4A00020D5A00020EA
:10A4B0002DE9F74F524F01903B780C4643B9514F6D
:10A4C0008246019B23449A452BD324EAE4700CE096
:10A4D0004D4E012501992246012013F069FCA8B1D7
:10A4E000012333703B7843B9204603B0BDE8F08FB9
:10A4F0002846FFF7C9FF6F1E3D46012013F0EAFC16
:10A500000028F1D03378002BF2D1EDE73378002B1F
:10A51000EAD0013D2846FFF7B7FF3378002BD9D1A9
:10A52000E2E71AF8012B3B680A2A61D1374DDFF8C0
:10A53000E0905A1B012A04BF01333B60D7F800802A
:10A54000D9F800B00D2308F8013C08F101020A23F4
:10A55000BBF1000F3A6088F8003029DD2D4B1968F7
:10A5600031BB2A495E46632EA2EB050201F11700BA
:10A57000A8BF632621F08CFC274A2449254B02F111
:10A58000140052F804CB41F804CB8242F9D1108870
:10A5900092788A7008F118020880BBF1090F3A60BE
:10A5A0004FF001021A6011DC202330366B752E75D6
:10A5B0003A681649521B012013F0FAFB90B9D9F8FA
:10A5C00000300133C9F800303D607AE70A22B6FB5B
:10A5D000F2F302FB1366303330362B753E236E7573
:10A5E000EB74E5E70B4A0023C9F800301360EBE792
:10A5F0000A498B423EBF591C39601A7061E700BF9F
:10A60000D5A00020746C0020D4A00020D7A000208A
:10A61000706C00206C6C0020C4E60300D6A1002002
:10A62000014B036000207047E0D0030070B5114B70
:10A630001C680D46DCB1104B196800238B4202DB0D
:10A640006FF0010070BD224612F8106B864202D0F6
:10A6500001331446F2E7E06810B96FF01200F1E739
:10A6600020F079FB0028F8D02C600020EAE76FF09A
:10A670000C00E7E7CC06002058D2030070B588B084
:10A6800005460C46C0B269461646FFF7CFFF0028C4
:10A690001BDB0098C8B14368029383682268019568
:10A6A000CDE903360023CDE906230593C5681BF0E9
:10A6B000E5FA6DB12846084901AA1FF027FE079860
:10A6C00008B9059B236008B070BD6FF01500FAE76C
:10A6D0006FF01200F7E700BFAF5C03002DE9F04117
:10A6E0000F4B1C6805460E461746ACB14FF0FF32C3
:10A6F0004FF0FF330B4813F073FE63683246D3F814
:10A70000088029463B462046C0470446054813F0CA
:10A71000DFFE2046BDE8F0816FF00104F9E700BFDD
:10A72000786C0020A80D002000230360044B5A68B9
:10A7300012B9C3E90000704710605860704700BF4D
:10A740007C6C0020014B1860704700BF786C0020C3
:10A7500030B585B000230546CDE9023301904FF0B6
:10A76000FF330C484FF0FF3213F03AFE0A4B1C68DF
:10A770004CB9284600F080F90446064813F0A8FEBC
:10A78000204605B030BD636820461B6801A9984784
:10A790002468EDE7A80D00207C6C00201FB5CDE9F2
:10A7A000010103924FF0FF330A484FF0FF3213F0DC
:10A7B00017FE094B1C682CB9064813F089FE204689
:10A7C00004B010BD636820461B6801A9984724683F
:10A7D000F1E700BFA80D00207C6C00202DE9F843B4
:10A7E000254B1F680646002F43D07B685B680BB182
:10A7F00038469847214CDFF88880DFF8889000259C
:10A8000044450CD3204B1C685CB3DFF87880143CC3
:10A81000CEB92369FBB964691CB3143CF8E72EB9BF
:10A8200023695BB9284614340546E9E7206800220D
:10A8300031461BF068FA0028F2D1F3E74846984702
:10A84000002DEFD1EFE72068002231461BF05BFAC4
:10A850000028DED1DFE740469847002D08BF0546B7
:10A86000D9E77B68DB680BB1384698472846BDE8D6
:10A87000F8836FF00105F9E7786C002058C60300F3
:10A88000D0C60300DDA60100846C0020024B00222C
:10A89000C3E90022704700BF7C6C0020024B0022FD
:10A8A000C3E90022FFF7F2BF846C002070B51B4C97
:10A8B0001B4E0546B44212D31A4E1B484FF0FF32CE
:10A8C0004FF0FF3313F08CFD34687CB1286854F8E6
:10A8D000141C143CFDF75AF8C8B16469F5E7216807
:10A8E0002868FDF753F8A8B11434E3E700226A6141
:10A8F000726805F114033AB9C6E9003300240A4826
:10A9000013F0E6FD204670BD13607360F6E76FF04C
:10A910001004F4E76FF01004F4E700BF58C603001A
:10A92000D0C60300846C0020A80D00202DE9F74359
:10A9300007460C4609B100230B601F4DDFF87C90E1
:10A9400000264D450FD31E4B1D6885B355F8148C5A
:10A9500001AA41463846143D1BF0D5F910B3D6B9CB
:10A9600014BB2E461EE0D5F8008001AA41463846A9
:10A970001BF0C9F950B116B954B92E4606E031683A
:10A98000002240461BF0BFF90028F5D11435D8E766
:10A99000019B2360F1E73168002240461BF0B3F9C8
:10A9A0000028DDD16D69D0E7019B2360D9E73046EF
:10A9B00003B0BDE8F08300BF58C60300D0C6030053
:10A9C000846C00202DE9F04784B002AF0446D7F82C
:10A9D000289078600D4616469846B9F1000F07D0CA
:10A9E000D9F8001061BBD9F804A0BAF1000F2ED13C
:10A9F000391D2046FFF79AFF38B3D0F808907868E1
:10AA0000434632462946C8470346F0B11648026815
:10AA100052071AD06D468AB002AA144951611362D6
:10AA2000134940F201339384124BC2E9061442F8F1
:10AA3000103F00234FF43151FFF70AFAAD4604E00E
:10AA40003A1D1BF060F90028CDD1002007E0D9F8AD
:10AA5000083000937868434632462946D047083785
:10AA6000BD46BDE8F08700BF6C0C0020ECE603009B
:10AA700015E7030005000001F8B5184C184F06460D
:10AA80000025BC4208D3174B1C682CB3143CB6B944
:10AA9000E368E3B96469F8E72EB9E3685BB928466F
:10AAA00014340546EDE72068002231461BF02BF9EF
:10AAB0000028F2D1F3E79847002DF0D1F0E72068A5
:10AAC000002231461BF01FF90028E1D1E2E7984748
:10AAD000002D08BF0546DDE72846F8BD58C603002F
:10AAE000D0C60300846C002038B50C4D0C484FF0E4
:10AAF000FF334FF0FF3213F073FC2B783BB9FFF7B5
:10AB0000CDFE00F06DF8044610B901232B7000242F
:10AB1000034813F0DDFC204638BD00BFEEB1002035
:10AB2000A80D00202DE9F047048FDFF8B0A0013414
:10AB300098B006468946A4B200F10807651EADB27A
:10AB4000B5F5004F47D04A2305AA294638461AF0E2
:10AB5000AAFF04F57F543F34A4B280462146012366
:10AB60000DF10B0238461AF09EFFB8F1000F0146B6
:10AB700010DC002810DC338FAB4209D132466B1E4B
:10AB800022F8383F4FF4004102233846FEF770FCAC
:10AB90002C46D3E7002808DC294638461AF07FFF08
:10ABA000214638461AF07BFFE5E708F160030DEB1C
:10ABB0000308002308F84C3C5246CDF8009003AB44
:10ABC00005A80397ADF81040FFF7FCFE0028DFD082
:10ABD00018B0BDE8F0870020FAE700BF775D0300FA
:10ABE0007FB50125694628460195FFF71FFD0446FC
:10ABF00060BB02AA01A92846FFF740FD044610B138
:10AC000010F10C0F22D10399B1F5803F23D2009AA5
:10AC1000002394681846084484421AD30133082B51
:10AC2000F9D10E4DA982EB825368AB602846D368F8
:10AC3000EB631BF038F9044640B9094E6E602846B4
:10AC4000FFF772FD28466E60FFF77CFD204604B0DA
:10AC500070BD9BB2E5E76FF02004F7E78C6C002035
:10AC60000006002010B504461FF0A9FC0349024667
:10AC700020461BF05AFA002010BD00BF46E7030033
:10AC800073B5134600220192044601AA58680A21AE
:10AC900000F0EAFD019D95B920EAE0744FF400460A
:10ACA000294640F2E7304FF47A720023C4FB0601D4
:10ACB000F8F7D6F914F09AFA284602B070BD2A4681
:10ACC000024920461BF03FFA019DF5E772E70300B9
:10ACD00008B5034A03491BF028FA002008BD00BF4D
:10ACE00062E8030069E803002DE9F34117460023F9
:10ACF000044601AAB86801930A2100F0B5FD019D40
:10AD0000C6B24DB12A46144920461BF01CFA019DDB
:10AD1000284602B0BDE8F081042E09D90F49324619
:10AD200020461BF010FA20461BF01BFA0125EFE726
:10AD30007868FEF7BBFFB0F1000804DA7A680849CA
:10AD400020461BF000FA002133460FFA88F208462D
:10AD50001AF0E4FEDCE700BF8CE80300B3E8030070
:10AD6000CAE8030010B504460EF0A8FD07490246E4
:10AD700020461BF0DAF9204605491BF0D6F90548B4
:10AD8000214614F00DFB002010BD00BF5CE903005C
:10AD90007BE9030099AD010070B58EB004460D4605
:10ADA000D0F89C6020F090FA034621F0A1F9214AE6
:10ADB00021491058214A002B18BF1A460092204AF8
:10ADC0002346844218BF0A4628461E491BF0ADF9A7
:10ADD000D4E90A23CDE90023284694F90E30227BDA
:10ADE00019491BF0A2F906A92022204613F07EFE85
:10ADF000636E1649024628461BF097F905A92046BE
:10AE000020F072FA024628B1114928461BF08DF94C
:10AE10000EB070BD059B6422F11A4A430091B2FB4B
:10AE2000F6F20C49CDE90162284632461BF07DF965
:10AE3000EEE700BF0800000089E6030085E9030093
:10AE400014F4030088E9030094E90300C0E9030057
:10AE5000D7E9030004EA0300F0B5002591B00446E9
:10AE6000294608AF1C2209A821F02CF8134E1A22FB
:10AE70002021384621F026F82146114814F090FA96
:10AE800007AA4FF48051304620F022FA079A009723
:10AE9000C2F5805164234B431B0B05934FF4805341
:10AEA000CDE90313CDE90132204606492B46A6F130
:10AEB00040021BF03AF9284611B0F0BD40350120A0
:10AEC000C9AE010050EA030070B50446D0F89C609A
:10AED00088B00D4607A920F007FA024628B10F49AD
:10AEE00028461BF022F908B070BD204620F0ECF98E
:10AEF000079B0096F11ACDE90131094B64224A43C0
:10AF0000002818BF0346B2FBF6F20649CDE90362FA
:10AF1000284622461BF009F9E5E700BFD7E9030000
:10AF200085E9030099EA030007B5064A0648126856
:10AF3000032300930021012300F034FB002003B021
:10AF40005DF804FB34D1030000C7030007B5064ACF
:10AF500006481268042300930021012300F022FB1D
:10AF6000002003B05DF804FB64D1030030C7030088
:10AF700037B544680A49226004F1080523640022B9
:10AF8000284620F04AFB41F69A12E4630023284643
:10AF9000CDE9002314F0F2FB002003B030BD00BF68
:10AFA0009D5F030010B9034B18707047A420002167
:10AFB00014F01CB90DB200202DE9F047154ED0F861
:10AFC00004A0884614461D46042712F0B9FF224605
:10AFD0004146002012F0ECFE814612F0BBFFB9F1B1
:10AFE000000F0BD001233370DAF80030DAF840108C
:10AFF000012098472C600020BDE8F0873378002BB3
:10B00000F2D0013F3846FFF7CDFF3378002BDCD17B
:10B01000EAE700BF0DB2002010B58368D3F86832AC
:10B02000DB07044616D4406803685B68984701460E
:10B0300008B9A3681871A3685B6B0BB120469847E9
:10B04000A36821F055F80022C3F81023034B1858C9
:10B0500001F098FE6FF00F01EDE700BF080000005F
:10B0600010B581680446083100F054FDA168034A18
:10B0700020460831BDE8104000F0F2BC1FEB030091
:10B080000EB403B5044904AA019200F09FFB02B07C
:10B090005DF804EB03B0704739EA030010B583682C
:10B0A00002221A718268936B0446EBB982F846302B
:10B0B0008268A2F842308268A2F840308368D3F8F0
:10B0C0006832DB040BD50321084B094A1BF09DFABB
:10B0D000A0686FF4805100F51A701AF082FF2046C4
:10B0E000BDE8104000F09EBC10BD00BF2DEB03007A
:10B0F00035FC03002DE9F04FA5B004465422002191
:10B100000FA820F0DFFE00230493A36820464633F7
:10B1100003931BF00AFA20461BF0B5F918B98549CC
:10B120006069FFF7ADFFA0680027142200210830F6
:10B1300020F0C8FE0DF13C0B4FF0FF38B9463D46FC
:10B1400002973E46BA46049B012B00F09C80142DCA
:10B1500040F09580022B40F09680774B774A012192
:10B160000FE05946039A022304A81BF06FF80499D4
:10B170005BF8042F0392034631B101290AD148B18B
:10B180006F4A20461BF041FA6FF00705284625B0AC
:10B19000BDE8F08F2DB35BF8040C00F0DBFC98B138
:10B1A00067B1A5680B9708350AAE0FCE0FC5336897
:10B1B0002B602046FFF754FF0125E7E7614A012194
:10B1C00020461BF022FADFE7029BC3B108F1FF38EB
:10B1D000FEB9049BB8F1000F01D1022BB3D10135A8
:10B1E000B1E7029B5BB108F1FF3896B9A368DB6950
:10B1F000002B3BD0DB68002B38D0002633E05BF817
:10B20000041C05AA50461BF0F1F808F1FF38064669
:10B2100038B3F368ABB1A368B64603F1080CBEE8D7
:10B220000F00ACE80F00DEF80030CCF80030B36857
:10B2300033B9737CFE2B04BF96F8108008F1FF38F9
:10B24000A946D6F804C0BCF1000F08D0B646BEE847
:10B250000F000AAF0FC7DEF800303B606746B2460A
:10B26000B7E7002DC2D001230293B2E7364B00931B
:10B27000364A0F9B012120461BF0C7F9BDE7B8F104
:10B28000000F7FF46EAFBAF1000F0AD09AF81130B8
:10B29000FE2B06D124AB03EB850353F8543C03B1DA
:10B2A0000135A068436953B9002F3FF46DAFC368FF
:10B2B000BB423FF47EAF0B9700F1080574E7037EB5
:10B2C000A5EB0905B3B1417E4FF6FF72FF2918BF08
:10B2D0000A469D4202D313449D420BD983681C4AFF
:10B2E000012120461BF091F92046FFF7B9FE6FF0CF
:10B2F00015054BE701211AF0AAFEA06800F53F7082
:10B300001AF0BFFEA3680FAA294602EB89025B6907
:10B31000204698470546A0684FF0FF324FF0FF33B4
:10B3200000F53F701AF082FEA06800211AF08FFE2F
:10B330002CE700BF39EA0300BDEB0300802B0400BB
:10B3400071EB030085EB0300A9EB0300A3EB030003
:10B35000E1EB030070B50446806886B0012100F57A
:10B360001A701AF02FFEA3681B79022B20D100233C
:10B370000193A36860689E6B03681D6901AB0EB3FF
:10B38000102202A9A847019B93B1A06801211AF0DD
:10B390005EFE019A02A92046B047A06800211AF07B
:10B3A00056FEA3689B6B002BE3D12046FFF776FE89
:10B3B000A0686FF0010100F51A7006B0BDE870409A
:10B3C0001AF00FBE01220DF10301A847019B002BCB
:10B3D000EED09DF903209DF80310A368002AC8DB76
:10B3E0005A79032A00F28180DFE802F00278817F37
:10B3F0000D2940D00A2921D0B3F868226FF3CA0280
:10B40000A3F868220929A0684AD007D80029B0D03B
:10B41000082948D00346D3F86432AAE71B293CD058
:10B420007F294BD020395E290346F4D81AF00AFE52
:10B430009DF80310204600F0BDFA9AE7D3F8682281
:10B44000C2F3C7022AB1D3F86822C2F3C7020A2A9C
:10B45000E1D1B3F8682261F3CA02A3F86822A568B3
:10B46000B5F840309BB94E496069FFF709FE2046A8
:10B47000FFF714FE7DE7D3F86822C2F3C702002A63
:10B48000E7D0D3F86822C2F3C7020D2AE0E72046CE
:10B49000FFF730FEC5F81403E9E70123437168E7BD
:10B4A000D0F8643265E7D0F864329B077FF561AF6E
:10B4B0001AF0C8FD20461BF00FF95AE7D0F86432A5
:10B4C0009E077FF556AF1AF0BDFDA368D3F864322E
:10B4D0001D07EFD420461BF0E0F84AE75B2902D1B4
:10B4E00002225A7145E7D3F864220022F9E70022CC
:10B4F0005A71A268D2F8643298077FF53AAF3429BE
:10B500000CD830297FF635AFA1F1320303215171F8
:10B51000022B2FD8DFE803F0323C2A00A1F14303CD
:10B52000DAB2092A3FF625AF092B3FF622AF01A276
:10B5300052F823F05DB5010065B5010073B3010059
:10B540006DB5010073B3010075B5010073B301005F
:10B5500073B3010073B301007DB5010020461AF0FA
:10B56000F6FF06E720461AF0E9FF02E720461AF048
:10B57000DCFFFEE620461AF0D1FFFAE6A068D0F81C
:10B58000641201F0010181F001011AF06BFDF0E697
:10B59000A368D3F864329B077FF5EBAE9AE700BF50
:10B5A00039EA03002DE9F047044680680F46D0F8D9
:10B5B000101388B015461E4600296BD190464FF4F3
:10B5C000467220F07FFCA06800F53F701FF0B9FCC8
:10B5D0004FF42B7A4FF41B79A068484420F08BF984
:10B5E000A068002200EB09030121504409F1100971
:10B5F00020F058F9B9F52B7F0AF1140AECD1A369B0
:10B6000000221A60A068022100F51A701AF0DAFC14
:10B61000A36850225A85A36818221A85A368226855
:10B620001A60D4F80890D9F8000010B1FCF7C0F9FE
:10B6300080B289F82C00A368184A25F0360565F316
:10B640000708C3F864826068036839461D682346AA
:10B65000A8470546D0B9A36801221A71D4E90A01A6
:10B6600000220023CDE906230E230393109B0495AB
:10B67000CDE9016300940A4B4FF4805213F0FAFABB
:10B68000A368C3F81003616A13F020FA284608B0D3
:10B69000BDE8F0876FF07705F8E700BF3160030081
:10B6A000E9B6010010B5044680680379012B15D175
:10B6B0004FF0FF324FF0FF3300F53F701AF0B6FC49
:10B6C00008496069FFF7DCFC2046FFF7E7FCA0684B
:10B6D00000F53F701AF0D5FC002010BD6FF085001A
:10B6E000FBE700BF39EA0300F8B504468068154659
:10B6F00000F51A70002935D04FF480411AF062FC31
:10B70000A368DD636068036800219B689847002890
:10B7100044D12046FFF7C6FF00283FD1204E214FDD
:10B72000A06800F52B704FF0FF324FF0FF3303217C
:10B7300014F05EF80546A0684FF0FF324FF0FF337B
:10B7400000F53F709DB11AF071FC20462B46164A59
:10B7500001211AF05AFFA068BDE8F84000F53F70DB
:10B760001AF08FBC6FF480411AF03BFCC8E71AF066
:10B770005DFC3246022120461AF042FC20463A4641
:10B7800029461AF03DFC606803685B6903B198477D
:10B79000A06800F53F701AF074FCC1E7F8BD00BF67
:10B7A00019B0010055B30100FCEB030010B50549C9
:10B7B00004461AF0BAFC2046034A002100F050F972
:10B7C000002010BD13EC030067EC030010B5044625
:10B7D00013460A460146064801F0F2FD23691B792B
:10B7E00023B12046BDE810401AF0D0BC10BD00BF08
:10B7F000A561030038B50B46154648B91449154AEA
:10B80000521AB3EB920F05D251F82350284638BD97
:10B8100084680CB90025F9E70F4A94420AD30F4A0D
:10B82000944207D218462268294690472B68002B7D
:10B83000ECD1EFE70A4A944202D30A4A944205D374
:10B84000246814225343E518E358F0E70133F8E77E
:10B8500060C7030074C7030064C8030064C8030022
:10B8600074C7030064C80300F7B5164602780023C6
:10B870002D2A0446019305D16FF015033360002093
:10B8800003B0F0BD20F034FC0B4F0546C3510A460F
:10B89000204601A917F0CAF8EB59222B02D16FF00C
:10B8A0002103EBE7002BE7D1019BA342E4D01B78F7
:10B8B000002BE5D0E0E700BF0C00000001491AF0C2
:10B8C000C0BD00BF39EA03002DE9F0478568DFF805
:10B8D0006890044605F14600FCF76AF8002395F8E5
:10B8E0002C7086B29846A268558DED1BB54209DBD7
:10B8F000002E1FDD463360691049BDE8F0471A4449
:10B900001AF09FBD1D442A44463392F846A082F89F
:10B910004680A26860691A4449461AF092FDA368FD
:10B920002B4483F846A0A3685B8DDB1BF61A002727
:10B930002B46D8E7BDE8F087802B040035FC0300D8
:10B940002DE9F04183681746B3F842200D46D3F83D
:10B950006412463213444A07044621D51846FCF7C0
:10B9600027F8DFF848800646A6B9A368B3F8402058
:10B97000A3F84220A0681AF071FD20B107B115B1FB
:10B980006069FFF79BFF6942204609B2BDE8F041BC
:10B990001AF0A5BD606941461AF053FD013EE3E788
:10B9A000034A08211AF031FEDFE700BF14F4030058
:10B9B00035FC030013B583688DF80710D3F86422B3
:10B9C0000446D00725D5B3F84210B3F840208A4288
:10B9D0001FD0481CA3F842000B449DF8072083F8B1
:10B9E0004620A368D3F86412890710D5D3F86432CF
:10B9F00060690B4913F0040F18BF2A221AF021FDC9
:10BA000020461AF040FD10B16069FFF757FF02B001
:10BA100010BD01220DF1070120461AF004FEF6E7E1
:10BA20008DE6030010B58368094A1B6804460221AD
:10BA30001AF0EBFDA368D3F864329B0707D52046C4
:10BA4000FFF742FF2046BDE810401AF034BD10BD9C
:10BA500035FC030001491AF052BE00BF39EA030069
:10BA60002DE9F04F0E46002189B0044617460D46D9
:10BA700003AA304601F10108FFF7BCFEB0B995B149
:10BA800027B13A46082120461AF0BFFD1E4FDFF8C5
:10BA90007C90DFF87CA0002103AA304601F1010868
:10BAA000FFF7A8FE60B909B0BDE8F08F006810B1DB
:10BAB000FBF77EFF80B2854238BF05464146D7E797
:10BAC00003688BB11A787AB1D0F804B04A46CDE950
:10BAD000005308213B4620461AF097FDBBF1000FAA
:10BAE00004D16069FFF7B6FF4146D5E752462046CC
:10BAF0003B4608211AF089FDAA1D92B259462046FC
:10BB00001AF00AFEF0E700BFB0EC030096EC030069
:10BB10007CE60300F7B50F6805460E46A7B1384628
:10BB2000FBF746FF84B2094B00932846084A3B4680
:10BB300008211AF06AFDE21C716892B2284603B02F
:10BB4000BDE8F0401AF0E8BD3C46ECE7ACEC030081
:10BB50009DEC030010B507490446FBF717FF38B109
:10BB600005492046FBF712FFB0FA80F0400910BDEE
:10BB70000120FCE7A2EC0300A5EC030008B5044893
:10BB800019F0E3F8BDE80840024819F0DEB800BF3C
:10BB9000B3EC0300E8EC0300034B9B681BB1481EA9
:10BBA00018BF0120184770470C83002010B51C46B1
:10BBB000034B1B6811460BB122469847204610BD27
:10BBC0000C830020024B5B6803B11847704700BF2D
:10BBD0000C83002030B1044B02681A6042685A603E
:10BBE00082689A60002070470C83002070B586B090
:10BBF0000E461546002104461822684620F062F9D8
:10BC00000B490C4BADF80C50CDE9011604932CB93F
:10BC10006946204609F0FEFE06B070BD01222046AE
:10BC20001DF067FE0028F3D16FF01500F4E700BFA8
:10BC3000D0D10300C5BB0100F8B5144B5D6800AF5F
:10BC4000A868144619F08CFC8442034617D91048A2
:10BC5000026802F00702022A11D96E4688B06A46CD
:10BC60000C495161E41A0C4991610423D46142F8F2
:10BC7000103F00234FF40351FEF7EAF8B5462B6856
:10BC80000020D3E902219047BD46F8BD840600207C
:10BC9000700C00206BED030007EE030010B50C469E
:10BCA000436829B11B6800221A606FF0850010BD3F
:10BCB00004484FF0FF324FF0FF3312F09DFC204656
:10BCC000F5E700BF180E002010B9024812F06EBC54
:10BCD000704700BF180E00202DE9F04182B00368C4
:10BCE00000AF054618681DF0C8FDC41E4FF0FF33B5
:10BCF00035484FF0FF3212F073FB0346A0B13348D2
:10BD00000268510710D06E4688B06A4630495161CA
:10BD10003049C2E90613042342F8103F00234FF4D0
:10BD20000151FEF795F8B54622466868391D19F0AD
:10BD300036FC2B680446002843D0796882B2186824
:10BD4000FFF754FF21460646686819F048FCD6B153
:10BD50001E48036803F00703022B11D9E8468AB096
:10BD60006A461D4B53611B4B1662C2E9063405231C
:10BD700042F8103F00234FF42351FEF769F8C546FF
:10BD80002B6800225A60104812F0A2FB0346A0B1B3
:10BD90000E480268520710D06C4688B06A460F49B8
:10BDA00051610C49C2E90613042342F8103F0023F5
:10BDB0004FF40151FEF74CF8A5460837BD46BDE8E3
:10BDC000F0815860DFE700BF440D0020700C0020B8
:10BDD00096ED030013EE0300BAED0300E1ED03005E
:10BDE00010B5064B5C682046FFF776FF23680120FC
:10BDF000BDE81040D3E90221104700BF84060020AF
:10BE0000034B5B681B6800221A60024812F0CEBB2D
:10BE100084060020180E002013B50A4B5B681B68CF
:10BE20001860094C094812F00DFC217841B9022331
:10BE30000093074801233A22FFF7B4FB0123237044
:10BE400002B010BD840600202CB20020180E002085
:10BE5000D0C603001FB5054A07CA01AB83E8070037
:10BE60001846FFF7B7FE05B05DF804FB70C8030085
:10BE7000014B1868704700BFD0060020F0B50822BB
:10BE800089B01AF0AFFECB6A03930B6B04934B6B34
:10BE900005938B6B0693CB6B079313466A460C4650
:10BEA0000646002711461046CDE9017700971AF0A3
:10BEB000ACFD3146054630461AF0A7FD216B0391D3
:10BEC000616B0491A16B0591E16B0544CDE9061707
:10BED000104611461AF099FD3146054430461AF0D5
:10BEE00094FD0544206A0090606A0190A06A029067
:10BEF000A06B0690E06B07903046CDE9047703977E
:10BF00001AF083FD0544606A0090A06AD4F838C036
:10BF10000190E06A0290CDF810C0606BD4F83CC08C
:10BF20000390CDE905C0206A079030461AF06DFDF8
:10BF30000544E06A0090206B0190606B0290206ADB
:10BF40000690A06A07903046CDE9047703971AF06F
:10BF50007CFE236B0093636B0193A36B0293E36BF3
:10BF60000393636A0693E36A07932D1A0823304606
:10BF70001AF06BFE636B0093A36B0193E36B029368
:10BF8000236A0393636A0493A36ACDE90537236B9D
:10BF900007932D1A082330461AF057FEA36B00931F
:10BFA000E36BCDE90137636A0393A36A0493E36A01
:10BFB0000593636B07932D1A082330461AF045FE4C
:10BFC0002D1A10D40D4C35B90822314620461AF0EE
:10BFD00015FE01280FD008232246314630461AF0BC
:10BFE00034FE2D1AEFE7054A0823314630461AF091
:10BFF0000CFD2D18F8D409B0F0BD00BF80D20300AD
:10C000000449431E0F3013F8012F8A5C1A708342D3
:10C01000F9D1704738EE0300F0B5264E07460C46BE
:10C020000FCE8DB001AD0FC50FCE0FC596E807003E
:10C0300085E807003846002F38D0002C38D0381F4C
:10C040002146024610344B780D781B0443EA056301
:10C05000CD782B438D78043143EA05238C4242F896
:10C06000043FF0D1144C04218A07036916D1C3F3AD
:10C070000742A55C1A0EA25C42EA0562C3F30725DB
:10C08000DBB2655DE35C42EA054242EA032221F04D
:10C09000030330336B4453F82C3C534050F8042FC7
:10C0A000013153402C290361DED101200DB0F0BDD8
:10C0B0002046FBE77CC8030038EE0300014813F07C
:10C0C000F1BF00BF2CD3030038B5044618B90F4B9D
:10C0D0000F485B6898476168B1F5683F10D0B1F5CB
:10C0E000680F0DD00B4DA9420AD011F46861206889
:10C0F00007D0014608481EF0EBFE00232360656070
:10C1000038BD14221FF0DEFEF9E700BFFC09002055
:10C1100038EF03002C5F5CA9448B002008B520B3E6
:10C120004368B3F5683F10D101220368BFF35B8F0A
:10C1300053E8001F002903D143E800200028F7D16D
:10C14000BFF35B8F0DD1002008BD094A93420AD08E
:10C1500000684FF0FF324FF0FF3312F041F9002832
:10C16000F1D00448F0E70448EEE76FF4E040EBE775
:10C170002C5F5CA9E98FFFFFEA8FFFFF08B5D8B1FC
:10C180004368B3F5683F10D100220368BFF35B8FAB
:10C1900053E8001F012903D143E800200028F7D10C
:10C1A000BFF35B8F0BD1002008BD074A934208D034
:10C1B000006812F08DF9F6E76FF4E040F4E7034809
:10C1C000F2E70348F0E700BF2C5F5CA9E98FFFFFAF
:10C1D000EA8FFFFF10B5044618B91D4B1D485B6878
:10C1E00098476368B3F5683F2FD0B3F5680F2CD03C
:10C1F000194A934219D1236803BB18484FF0FF3204
:10C200004FF0FF33214612F0BDF808B923681BB97F
:10C210000F4B13485B6898472068142200211FF0D9
:10C2200051FE4FF46863636008E0B3F5683F0DD8D2
:10C230003A2B03D040F6BA629342DED120681EF05A
:10C2400080FE636843F03A03636010BD054AF3E77C
:10C25000FC09002038EF03002C5F5CA9448B002010
:10C260005EEF03003A00003A08B50649064840234D
:10C2700014221EF01FFEBDE808400449044813F0D4
:10C28000D5BF00BF44860020448B002034D3030078
:10C2900048D303002DE9F047054600AF0C460029BE
:10C2A00063D0DFF808A1DAF800305A075DD06E4697
:10C2B0008AB0D1E90001A3686A46DFF8F480DFF8AC
:10C2C000F4C0C2F814C04FF00609C2E90680C2E902
:10C2D000081342F8109F00234FF441515046FDF7D8
:10C2E000B7FDDAF800305B07B5463ED08AB0D4E936
:10C2F000030163696A46DFF8C0C05362C2E905C83A
:10C30000C2E9070142F8109F002350464FF4415103
:10C31000FDF79EFDDAF800305807B54625D088B005
:10C32000E3696A462549D3614FF00409C2E905185B
:10C3300042F8109F00234FF401515046FDF788FD4D
:10C34000DAF800305907B5460FD088B0A3696A46BD
:10C350001B49D361C2E9051842F8109F00234FF42E
:10C3600001515046FDF774FDB546012D17D1EFF38D
:10C3700005830E480268520711D06E4688B06A469F
:10C3800010495161103BD3610F499161042342F878
:10C39000103F00234FF40151FDF75AFDB5462146E9
:10C3A000284611F0FFFDBD46BDE8F087680C00206F
:10C3B0004DF003008BEF0300BEEF0300F1EF03002D
:10C3C00004F0030036F0030056F0030030BFFFF71F
:10C3D000FDBF00BF2DE9F0410B4EDFF8308006EBCA
:10C3E0000807CC1B05463246094920461FF042FD8E
:10C3F000A01942460021083C1FF064FDC5F8A84082
:10C4000007F10800BDE8F08100000000080000000E
:10C4100064C80300074A936893F90E10002907DBEC
:10C42000526993421FBF044A536843F080535360DC
:10C43000704700BF2495002000ED00E02DE9F04199
:10C44000694C23680646580700AF0D460FD0E846F2
:10C4500088B06A46654B5361654B9361032342F88C
:10C46000103F4FF4C25120461BF025FBC546614BDF
:10C470009B6AD90440F19D8023685A070FD0E84693
:10C4800088B06A465C4B5361594B9361032342F871
:10C49000103F55484FF4C2511BF00DFBC546172005
:10C4A000544B9B6A1B0513D5236858070FD0E846E9
:10C4B00088B06A46514B53614D4B9361032342F858
:10C4C000103F49484FF4C2511BF0F5FAC5461820F9
:10C4D000484B9B6A990532D523685A070FD0E84626
:10C4E00088B06A46464B5361414B9361032342F83F
:10C4F000103F3D484FF4C2511BF0DDFAC5463D4B9D
:10C50000996B9B6A1B0419D52368580710D0E8461D
:10C5100088B06A463B4B5361354B3348C2E906311C
:10C52000042342F8103F4FF401511BF0C4FAC546F2
:10C5300026B1304A936A23F40043936219202D4BAD
:10C540009B6A5A0513D523685B070FD06E4688B0E7
:10C550006A462D4B5361264B9361032342F8103FEB
:10C5600021484FF4C2511BF0A6FAB5461A20214BC0
:10C570009A6AD6051FD5236859070FD06C4688B034
:10C580006A46224B53611A4B9361032342F8103FD2
:10C5900015484FF4C2511BF08EFAA5461B20154AD0
:10C5A000936A43F47F43936200232B70BD46BDE83A
:10C5B000F081162074E79B6A9A04F0D523685B0724
:10C5C0000FD06C4688B06A46114B5361084B93619B
:10C5D000032342F8103F04484FF4C2511BF06BFA9A
:10C5E000A5461C20DBE700BF680C002068F00300B4
:10C5F00043F4030000ED00E082F0030097F0030035
:10C60000AEF00300CBF00300E4F0030003F10300FD
:10C610001FF10300B0B5584C23685D0700AF0FD081
:10C620006D4688B06A46554B5361554B9361032361
:10C6300042F8103F4FF4C25120461BF03CFAAD4681
:10C64000504B9B6A980140F19580236859070FD0A1
:10C650006D4688B06A464C4B5361494B9361032346
:10C6600042F8103F44484FF4C2511BF024FAAD4643
:10C670001E20444B9B6ADA0113D523685B070FD059
:10C680006D4688B06A46414B53613D4B936103232D
:10C6900042F8103F38484FF4C2511BF00CFAAD4637
:10C6A0001F20384B9B6A1D0313D5236859070FD0F1
:10C6B0006D4688B06A46364B5361314B9361032314
:10C6C00042F8103F2C484FF4C2511BF0F4F9AD462C
:10C6D00021202C4B9B6A5A0313D523685B070FD08C
:10C6E0006D4688B06A462B4B5361254B93610323FB
:10C6F00042F8103F20484FF4C2511BF0DCF9AD4620
:10C700002220204B9B6A9D0313D5236859070FD025
:10C710006D4688B06A46204B5361194B93610323E1
:10C7200042F8103F14484FF4C2511BF0C4F9AD4613
:10C730002320144B9B6ADA0313D523685B070FD0C1
:10C740006C4688B06A46154B53610D4B93610323C9
:10C7500042F8103F08484FF4C2511BF0ACF9A5460F
:10C760002420084A936A6FEA03436FEA13439362F3
:10C77000BD46B0BD1D207CE7680C002052F10300CF
:10C7800037F4030000ED00E06EF1030085F10300D3
:10C79000A3F10300C5F10300EEF103000CF2030066
:10C7A0002DE9F0476E4D2B688A46590700AF814648
:10C7B00090460FD06C4688B06A466A4B53616A4B0C
:10C7C0009361032342F8103F4FF4C25128461BF0F7
:10C7D00072F9A546654B9B6ADA0665D52B685B073F
:10C7E0000FD06C4688B06A46614B53615E4B9361D3
:10C7F000032342F8103F5A484FF4C2511BF05BF933
:10C80000A5461124594B9B6A1E0713D52B68580760
:10C810000FD06C4688B06A46564B5361524B9361B9
:10C82000032342F8103F4E484FF4C2511BF043F926
:10C83000A54612244D4B9B6A990737D52B685A079A
:10C840000FD06C4688B06A464B4B5361464B9361A0
:10C85000032342F8103F42484FF4C2511BF02BF91A
:10C86000A546424B5E6B9B6A1B0676D52B685C0720
:10C8700010D06C4688B06A46404B53613A4B3848FA
:10C88000C2E90636042342F8103F4FF401511BF071
:10C8900012F9A546BAF1000F04D0344A936A23F086
:10C8A00080039362132403E01024ABE76FF01506B6
:10C8B0002E4B9B6AD80713D52B6859070FD06C46AF
:10C8C00088B06A462E4B5361274B9361032342F88D
:10C8D000103F23484FF4C2511BF0EDF8A546142435
:10C8E000224B9B6A9A0613D52B685B070FD06C46C8
:10C8F00088B06A46234B53611B4B9361032342F874
:10C90000103F17484FF4C2511BF0D5F8A546152427
:10C91000164B9A6AD50602D49A6A90070AD55B68C4
:10C92000190507D54946304600F030FB10B180F3B9
:10C93000098802240D4B9A6A920642BF5A6A22F471
:10C9400000525A629A6A42F0FF029A62204600231D
:10C9500088F80030BD46BDE8F0876FF01506A1E706
:10C96000680C00203BF203004DF4030000ED00E0F2
:10C9700055F2030097F003008CF20300A8F20300C5
:10C98000C2F203001FF103002DE9F0419D4B8AB074
:10C99000D3F8048000AF0446C8F30806002585F3E9
:10C9A0001188BFF36F8F02F07F43B3F17F4F16D131
:10C9B00002F00C03082B26D19348036859070ED0C8
:10C9C0006C4688B06A46914B5361914B9361032347
:10C9D00042F8103F4FF4C2511BF06DF8A5460025F8
:10C9E0002C460023FB71F31E092B00F2E580DFE8E3
:10C9F00013F00F00CB00CE00C700E300E300E3001C
:10CA0000E300E300D10012074CBF0C460125E8E724
:10CA10007D4E33685B070FD0E84688B06A467D4B91
:10CA200053617D4B9361032342F8103F4FF4C25191
:10CA300030461BF040F8C5460023FB71714BDA6AA3
:10CA4000900714D5336859070FD06E4688B06A46F0
:10CA5000724B5361704B9361032342F8103F6A4855
:10CA60004FF4C2511BF027F8B546002358E0DA6AAC
:10CA7000002A07DA33685A07F7D06E4688B06A464C
:10CA8000674BE6E7DB6A5B00EFD5336858070FD0EA
:10CA9000E84688B06A46634B53615F4B936103235A
:10CAA00042F8103F58484FF4C2511BF004F8C546F5
:10CAB000544BA1695A6942F480725A61BFF34F8F97
:10CAC000BFF36F8F5A6931F8021C22F480725A61E9
:10CAD000BFF34F8FBFF36F8F4DF60272914209D0B3
:10CAE0009A6AD2B2002A3DD0FA1D01212046FFF7F2
:10CAF00057FE47E03368590711D06E4688B0236867
:10CB00006A464949516144493F48C2E90613042332
:10CB100042F8103F4FF401511AF0CDFFB54623689B
:10CB2000FA79DAB907F1080604F1200C2068616887
:10CB3000324603C2083464451646F7D17A6A002D9E
:10CB40005BD0C2F3080121B96FEA52226FEA422298
:10CB50007A6207F108011846FFF79CFB2837BD46AB
:10CB6000BDE8F0819A6A12F47F4F04D0F91D0120CC
:10CB7000FFF764FC06E09B6AB3F5803FFFF475AFF6
:10CB8000FFF748FD0346CBE7FA1D0021AEE7F91D8C
:10CB90000020EDE71C4803685A073FF466AF6E4675
:10CBA00088B06A46214B5361214B9361032342F8BD
:10CBB000103F4FF4C25155E7134803685B073FF439
:10CBC00054AF1C4A1C4B18F4F87FE8468AB018BFD3
:10CBD00013466A46194951611949C2E9061340F2E0
:10CBE00001339384103E174B16624FF4315142F8D3
:10CBF000103F1AF060FFC54637E722F4FF7222F0BB
:10CC00000102A5E700ED00E0680C002013F303002B
:10CC100069F4030042F303005EF403005DF30300D4
:10CC200082F3030094F30300B7F30300D7F3030088
:10CC300029F40300FAF20300E5F20300FFF3030016
:10CC400016F4030005000001044B5A6942F010027B
:10CC50005A615A6922F008025A61704700ED00E0FB
:10CC6000EFF30880EFF3098101B57246FFF78CFE00
:10CC700001BD00BF002080F31488BFF36F8F0FF059
:10CC8000E3FF002011490860BFF34F8F104880F385
:10CC9000088800F045F8402080F311880D484FF0D7
:10CCA000AA014FF482521EF081F80A484FF48251D3
:10CCB000401880F30988EFF314800221084380F3C1
:10CCC0001488BFF36F8F00F029F9000094ED00E0A5
:10CCD000805D012000350120BFF34F8F0549064BD1
:10CCE000CA6802F4E0621343CB60BFF34F8F00BF0A
:10CCF000FDE700BF00ED00E00400FA050749D1F8A8
:10CD000090200023C2F307221846934200DB7047AD
:10CD1000C1F89830C1F8A0000133F6E700ED00E05B
:10CD200008B572B6002383F31388FFF7E7FF144BAF
:10CD30004FF0FF32C3F88020C3F88420C3F8882066
:10CD4000C3F88C20C3F89020C3F89420C3F898202F
:10CD5000C3F89C20C3F88021C3F88421C3F888213C
:10CD6000C3F88C21C3F89021C3F89421C3F898210B
:10CD7000C3F89C2162B6BFF34F8FBFF36F8F08BD1E
:10CD800000E100E0084B9B6883420BD1EFF3058381
:10CD900043B1064B5A6842F080525A605A6A22F4F4
:10CDA00000425A621EF094BB2495002000ED00E082
:10CDB0000A4A93686FF00A01C3F8B0100849C3F833
:10CDC000AC004B6843F080534B60002383F3118821
:10CDD000BFF36F8F9368D3F8B0007047249500209D
:10CDE00000ED00E010B50446EFF31183402383F318
:10CDF0001288BFF36F8F0C4B586998600B4B4FF044
:10CE000000625A600A4BD0F8A8201A600022D0F8BD
:10CE1000AC30C0F8AC2083F31188BFF36F8F00F003
:10CE200021F9204610BD00BF2495002000ED00E050
:10CE3000608B00200B498A684FF030001044EFF3FC
:10CE4000098C80E8F01F74467046FFF7CBFFA646BA
:10CE500004498A6802F1300090E8F01F8CF30988D9
:10CE600070470000249500201EF0040F0CBFEFF364
:10CE70000880EFF30980816911F8021C0229FFD0B4
:10CE800001B51AF00DFE01BD40B2002807DB044ACF
:10CE90004109012300F01F00834042F82130704710
:10CEA00000E100E040B200280CDB4309064900F035
:10CEB0001F0020330122824041F82320BFF34F8F0F
:10CEC000BFF36F8F704700BF00E100E0054B4209E0
:10CED00000F01F0053F82220012303FA00F0104055
:10CEE000704700BF00E100E040B2D30754BF0231F9
:10CEF00000210028ACBF00F16040074A4FEA41130F
:10CF0000ACBF00F5614000F00F00DBB2B4BF1354BA
:10CF100080F80033704700BF14ED00E00B4A08B5FD
:10CF20000B4B22F07F029A60BFF34F8FBFF36F8FDE
:10CF3000D3F8882022F47002C3F8882011F044F955
:10CF400012F052FA00F064F811F086F900000000C7
:10CF500000ED00E042F8203C009B42F81C3C0A49EE
:10CF6000019B42F8183C029B42F8143C21F001015D
:10CF70004FF0807342F8043C42F8081C0023203A2A
:10CF80000265C0F8AC307047E18C01000A4A0346E4
:10CF9000906878B113F1160FD0F8980005D0A0F181
:10CFA00040029A4205D8834203D2814228BF002022
:10CFB00070470020704700BF2495002008B5154633
:10CFC0000C4A0D4B9060D0F8A8201A600E4600F075
:10CFD00049F82C4686F309884FF00000074B984724
:10CFE00020464FF000014FF000024FF00003044CC8
:10CFF000204700BF24950020608B0020C57A0300E5
:10D00000E18C0100014B10221A61704700ED00E035
:10D01000044800234021C2180133302B82F800134A
:10D02000F9D1704700E100E008B5EFF30583064A47
:10D03000103B02EBC30152F8330049688847BDE852
:10D040000840FFF7E7B900BFCCC20300024B034A18
:10D050000348012100F0BCB80000042000000020BB
:10D0600058D30300D0F89820054B403A1A60054A7F
:10D070004021C3E901121846012100F0B3B800BFF6
:10D08000648B002000000B1598B503460C4802681D
:10D09000520700AF10D06C4688B06A46094951610A
:10D0A0000949C2E90613042342F8103F00234FF454
:10D0B0000151FCF7CDFEA5466FF01500BD4698BDA9
:10D0C0005C0C002075F40300C6F4030010B40E4C91
:10D0D000D4F89030C3F30723013B984202D910BC27
:10D0E000FFF7D2BFC4F898000B6823F01F03034377
:10D0F00043F01003C4F89C308B6843F00103C4F87C
:10D10000A03010BC704700BF00ED00E02DE9F041F9
:10D1100084B00E4600AF984604460025B5421FDA9B
:10D120006068002835D0B8F1000F23D0411E0842B6
:10D130001BD0194803685B0710D06C4688B06A465C
:10D14000164B5361164BC2E90635042342F8103FD3
:10D1500000234FF40151FCF77BFEA5466FF015024A
:10D1600010461037BD46BDE8F0811F28E1D923687D
:10D170001942DED123687B601AF0C7FCA368391D11
:10D180000343D0B2FB60FFF7A1FF10F1160FE5D00B
:10D19000421C01350C34C1E75C0C00209FF40300F5
:10D1A000DFF40300044B0522C3F89420BFF34F8F34
:10D1B000BFF36F8F704700BF00ED00E0BFF35F8FDC
:10D1C000024B0022C3F89420704700BF00ED00E03E
:10D1D00010B5034C01232278FFF798FF207010BD93
:10D1E0004BB2002008B50B4A00231278FFF78EFFE0
:10D1F00010F1160F07D0084A0021D2F89030C3F37F
:10D200000723984200DB08BDC2F89800C2F8A010BE
:10D210000130F2E74BB2002000ED00E02DE9F043D1
:10D2200057485849D0F890300D68C3F307239D4202
:10D2300085B000F2A180FFF7C1FF49680022954246
:10D2400001F10C011AD1504C504F25706846FDF782
:10D25000E7F9DFF83C81DFF83C9106460025AE4255
:10D260001FD1237846490020D1F89020C2F307222D
:10D2700093427BDBFFF796FF00204CE0C0F898203C
:10D2800051F80C3C23F01F03134343F01003C0F884
:10D290009C3051F8043C43F00103C0F8A030013247
:10D2A000CDE7009800EB05114FEA051CCB683B4029
:10D2B000B3F5000F44D00AD8B3F5001F2ED0B3F554
:10D2C000800F34D0B3F5801F10D00135C7E7B3F11C
:10D2D000807F3ED0B3F1007FF7D150F80C308868E2
:10D2E0004A681AF012FC40F4802009E050F80C3033
:10D2F00088684A681AF009FC40F0885040F43020F1
:10D30000039001A92078CDE90123FFF7DFFE002873
:10D3100028DA6FF0150005B0BDE8F08350F80C3046
:10D3200088684A681AF0F1FB40EA0800E8E750F81C
:10D330000C3088684A681AF0E8FB40EA0900DFE729
:10D3400050F80C3088684A681AF0DFFB40F08270B1
:10D35000D6E750F80C3088684A681AF0D6FB40F0DF
:10D360008870CDE7237801332370AEE7C1F8983099
:10D37000C1F8A000013377E74FF0FF30CBE700BFE3
:10D3800000ED00E064D303004BB200200000F0FF8A
:10D39000000008110000020208B5024B1B68984704
:10D3A000002008BD708B0020034B044A186093785E
:10D3B00043F0020393707047708B0020F406002046
:10D3C000F0B587B007460E46144600211022684685
:10D3D0001D461EF077FD02238DF802302A46054BCC
:10D3E000019321466846CDE9047615F021FC07B08B
:10D3F000F0BD00BF2B7B030008B50649064821F0AD
:10D400000701C1F1005202F5802217F0ECFB002069
:10D4100008BD00BFDBDD0120748B002070B54169C1
:10D42000867A0B4D044659B1437ADB0706D42C2388
:10D4300003FB06535B6A1B689B6898470023636184
:10D440002C20214606FB0050BDE870401DF009BEAF
:10D45000480E0020024B2C2202FB0030704700BF18
:10D46000480E0020827A064B2C2101FB02339A6A77
:10D470001B7F1B33801A23F00303B0FBF3F07047CC
:10D48000480E002038B5074B827A2C2404FB023367
:10D490005B6AD3E901240C601568FFF7E3FF04FB26
:10D4A000005038BD480E00202DE9F04F85B00546EC
:10D4B0006846039191461C4690469A461EF068F8CD
:10D4C000DDE90067EFF3118B402383F31288BFF38C
:10D4D0006F8F698B002942D02B8B8B4226D900227B
:10D4E0000023284611F030F80446F8B18BF3118878
:10D4F000BFF36F8F039B002B4FD032463B466846ED
:10D500001EF06AF8A27A2D4B2C2101FB0233204633
:10D510005B6A1B6803A91D68DDE90023A8476061F9
:10D5200000283BD12046FFF779FF31E0698B4B1E85
:10D530006B838BF31188BFF36F8F2B7F2A8BAC6AC1
:10D540001B3323F00303521A02FB03441B4B1C4AF8
:10D55000EB1A9B105343A3722B7FE372CAE78BF342
:10D560001188BFF36F8F54EA090409D01EF0C0FD83
:10D57000144A154B12589A420ABF8846C846C246FA
:10D5800042465346284610F0DFFF04460028B1D13A
:10D590000024204605B0BDE8F08F6361012300251B
:10D5A0002381039B6382E27A6560294604F11800B7
:10D5B0001EF088FC63692582E360EAE7480E0020DC
:10D5C000A38B2EBA08000000886A002070B50C4CAE
:10D5D0002C2500B970BD037A4668013BDBB20372AB
:10D5E000002BF7D1C3604360837A05FB03431B6ABA
:10D5F00013B198473046ECE7FFF710FFFAE700BF9A
:10D60000480E0020044A0123C2F840354FF0804202
:10D610000020C2F87835704700E0014020B1034B8C
:10D62000800143F001031847704700BF90CD03000D
:10D6300008B504481DF08FFB00280CBF6FF01200E6
:10D64000002008BD68C203000E4B402970B528BFFA
:10D6500040210D4C46181D46B04203F1020304D18F
:10D66000002305F81130074870BD02781209A25C4A
:10D6700003F8022C10F8012B02F00F02A25C03F851
:10D68000012CE9E76AB2002039F5030030B50378D0
:10D690008BB0044607AD032B21D8DFE803F0021A54
:10D6A0001C1E12492846FAF77BF905956378049306
:10D6B000A3780393E378029323790193637900932A
:10D6C000A3790B4A0B481E2115F0EEF809480BB060
:10D6D00030BD0949E6E70949E4E70949E2E7094AB3
:10D6E0000A21284615F0E0F8DFE700BF34E2030026
:10D6F00056E203004CB200203BE2030042E203008A
:10D700004CE20300E92D04002DE9F0414FF0FF3217
:10D7100006460D464FF0FF3300210F2000F0C6FCF7
:10D72000012700F10C0804460776022140461AF052
:10D730006DFA0F2304210370417040461AF066FA17
:10D74000054B4770468005702146D3F88C01BDE833
:10D75000F04101F04DBC00BFF80300202DE9F0417D
:10D76000744DBFF35B8F2C68BFF35B8F14F0010423
:10D7700000AF6ED0DFF8C081704C714E71484246E8
:10D78000214619F098F8034600284FD16E480268E8
:10D7900054070ED06C4688B06A466C4951616C499A
:10D7A0009161032142F8101F4FF4C251FCF750FB66
:10D7B000A5464FF01F084FF0FF324FF0FF33012016
:10D7C00000F064FC00F10C060221044630461AF019
:10D7D0001DFA3E23037042234370012130461AF0A4
:10D7E00015FA08230370412130461AF00FFA064655
:10D7F00000F8018BB8F1000F22D0402200211EF06A
:10D8000061FBBFF35B8F55E8003F23F0010345E860
:10D810000032002AF7D1BFF35B8F21464D4BD3F87E
:10D820008C0101F0E5FBBD46BDE8F08120223146C8
:10D8300020461EF08BF80028A0D04FF00008BAE771
:10D8400040491AF05FFA203106F121001AF05AFA25
:10D85000D7E7BFF35B8F2B68BFF35B8F9907E2D5E8
:10D86000BFF35B8F34492E683648BFF35B8F19F0E6
:10D87000DEFE031E49DA34480268520710D06E46B5
:10D8800088B06A46344951613449C2E90613042319
:10D8900042F8103F4FF401512346FCF7D9FAB54640
:10D8A0006FF004044FF0FF324FF0FF33012000F01F
:10D8B000EDFB00F10C080221064640461AF0A6F9DD
:10D8C0003E23037022234370012140461AF09EF943
:10D8D00009230370212140461AF098F903460130CC
:10D8E00014B31F221A70FF2120221EF0EBFABFF39F
:10D8F0005B8F55E8003F23F0020345E80032002A21
:10D90000F7D1BFF35B8F314688E70C490C480A4BCF
:10D9100016F0040F01F1200218BF0146104619F05D
:10D9200019F80028BCD0BDE706491C701AF0EAF9C6
:10D93000DDE700BF808B002090D30300EBB2002016
:10D94000CBF503000BB30020EC0B002051F50300D6
:10D95000BDF50300F80300207EF50300A3F50300E6
:10D9600070B5214CBFF35B8F2368BFF35B8FDA0781
:10D9700006460D4601D50C2070BD012931D8BFF3F4
:10D980005B8F54E8003F43F0020244E80021002985
:10D99000F7D1BFF35B8F9B07EDD4144831461AF0E3
:10D9A000B1F9134806F120011AF0ACF9BFF35B8F0F
:10D9B00075B154E8003F43F0040344E80032002A04
:10D9C000F7D1BFF35B8F0B4800F01EFB0020D3E7BD
:10D9D00054E8003F23F0040344E80032002AF0D06A
:10D9E000F6E71220C8E700BF808B00200BB30020B1
:10D9F0002BB300200407002070B5067E044676B9DC
:10DA0000C3681D8842F22602954246D010D842F2E1
:10DA10000102954250D042F225039D4214D02B4B77
:10DA2000D3F88C01836821469B68BDE87040184795
:10DA300042F25E039D42F2D103210C301AF005F947
:10DA4000E06890F840102EE003210C301AF0FDF849
:10DA50002046FFF7BBFDBFF35B8F1D4B1A68BFF37A
:10DA60005B8F920707D50C26314642F22500FFF75F
:10DA70004BFE002070BDBFF35B8F53E8002F42F0D8
:10DA8000010143E800100028F7D1BFF35B8FD307F3
:10DA9000E9D4104800F0B8FAE6E703210C301AF098
:10DAA000D4F8E0683146FFF75BFF06462046FFF7F3
:10DAB0008DFD31462846DAE7DA7802F07F02DA7027
:10DAC0001A7922F001021A71A9E700BFF8030020B9
:10DAD000808B0020040700202DE9F043514C83B0D7
:10DAE000BFF35B8F98462368BFF35B8FDB0700AF04
:10DAF0000546164640D5B0B94B4803685C070FD0C1
:10DB00006C4688B06A46494B5361494B9361032385
:10DB100042F8103F4FF4C2512B46FCF799F9A54645
:10DB20006FF0010029E0391D18F011F94149024652
:10DB3000814628461DF027FF034600284BD1BFF33E
:10DB40005B8F2268BFF35B8F1007C2F3C00518D547
:10DB50003548026812F0060F0ED06C4688B06A464F
:10DB60003549516132499161032142F8101F4FF448
:10DB7000C451FCF76DF9A54600200C37BD46BDE841
:10DB8000F083F43C232221464046B04706281CD8A7
:10DB90002548036859070FD06E4688B06A46274B60
:10DBA0005361234B9361032342F8103F4FF4C2515A
:10DBB0002B46FCF74DF9B5462148232200211EF0E3
:10DBC00081F9002384F82330D6E70723B0FBF3F074
:10DBD00084F82300D0E728461A494A461DF0D3FEB0
:10DBE000054600289CD11C2204F19C014046B04708
:10DBF000031E12DA0C4802685207BDD06C4688B08A
:10DC00006A46114951610A49C2E90613042342F8E0
:10DC1000103F4FF401512B46ABE71C4484F89C5055
:10DC2000AAE700BFEC040020140C0020F6F5030066
:10DC300082F7030049E203001BF6030043F60300EA
:10DC4000F8030020EAFC03006CF603002DE9F04124
:10DC500088B09C79DDF838805D791E79DF7893F89B
:10DC600002C093F801E01B78B8F1000F0ED0CDE9A7
:10DC70000638CDE904CE1346CDE90267CDE900456B
:10DC8000084A14F011FE08B0BDE8F081CDE905E3C3
:10DC9000CDE9037C1346CDE90156034A009414F004
:10DCA00003FEF0E7A2F60300C6F60300B0B500AF2E
:10DCB000FCF71AFF0446A0B10B4803685B0710D0BD
:10DCC0006D4688B06A46094B5361094BC2E9063478
:10DCD000042342F8103F00234FF40151FCF7B8F839
:10DCE000AD462046BD46B0BD140C0020E7F603004B
:10DCF00071F7030070B504468CB01E461546A2B1FC
:10DD000029B10A4602A8042117F097FA02A9009146
:10DD10002B462246242103A8FFF798FF109A31468C
:10DD200003A8FCF7DBFC0CB070BD0346044A2421B9
:10DD300003A814F0B9FD0028F0DA6FF01500F2E73F
:10DD400010F7030090B5134B134883B093F82320CA
:10DD5000C2EBC2020092002202AF1146FFF7CAFFD7
:10DD60000346A0B10D480268520710D06C4688B037
:10DD700002AA0B4951610B49C2E90613042342F878
:10DD8000103F00234FF40151FCF762F8A546043719
:10DD9000BD4690BDF803002049E20300140C0020AA
:10DDA00016F7030065F7030030B504468DB015463D
:10DDB00092B129B10A4602A8042117F03EFA02A93D
:10DDC00000912B462246242103A8FFF73FFF03A81A
:10DDD00017F092FF0DB030BD0346054A242103A879
:10DDE00014F062FD0028F2DA6FF01500F2E700BFD0
:10DDF00010F7030007B5009313460A46014603488F
:10DE0000FFF778FF03B05DF804FB00BF8318040040
:10DE10000A4601460148FFF7C7BF00BF8318040048
:10DE200007B5009313460A4601460348FFF762FF11
:10DE300003B05DF804FB00BF7D18040007B5009334
:10DE400013460A4601460348FFF754FF03B05DF846
:10DE500004FB00BF141604000A4601460148FFF700
:10DE6000A3BF00BF1416040007B5002203460091AB
:10DE700003481146FFF73EFF03B05DF804FB00BF07
:10DE80007518040007B500220346009103481146A7
:10DE9000FFF730FF03B05DF804FB00BFEAFC0300AE
:10DEA00008B5024810F06AFD002008BD14070020E4
:10DEB0002DE9F843334DBFF35B8F2B68BFF35B8FC6
:10DEC00013F0010F00AF2E465AD095F89C30A5F103
:10DED000F40813B92C4801F0C5F998F82390B9F16A
:10DEE000000F34D102F0FCFA0446B8B127480368A9
:10DEF0005D070FD06D4688B06A46254B5361254BB0
:10DF00009361032342F8103F4B464FF4C251FBF795
:10DF10009FFFAD462046BD46BDE8F88398F82380B4
:10DF2000B8F1000F13D102F0EDFA044678B11748AA
:10DF300003685907EED06D4688B06A46144B5361AA
:10DF4000144B9361032342F8103F4346DDE7BFF3D0
:10DF50005B8F2B68BFF35B8F5A0701D401F088F801
:10DF6000BFF35B8F56E8003F23F4805246E8002160
:10DF70000029F7D1BFF35B8FDB0401D5FFF790FFDA
:10DF80000024C7E7EC04002035F70300140C002040
:10DF90003DF703008EF7030007B5009313460A46CA
:10DFA00001460348FFF7A6FE03B05DF804FB00BF7F
:10DFB000EE1E04000A4601460148FFF7F5BE00BF09
:10DFC000EE1E040030B50A4D0A4B85B000242846E9
:10DFD000029303941DF01DF902AB009328460649F5
:10DFE0000A234FF4006210F0CFFC204605B030BD8C
:10DFF00010340020ADF70300401001200146014815
:10E0000010F000BD10340020014601481DF0D6B8C4
:10E01000103400200378012B30B513D0022B27D009
:10E020007BB9194B0A4603F1100453F8045B42F81C
:10E03000045BA342F9D11B78137043884B731B0A0E
:10E040008B7330BD104B0A4603F1100453F8045B88
:10E0500042F8045BA342F9D11B78137043684B73F9
:10E06000C3F307221B0CCB731B0A8A730B74E8E7FC
:10E0700000F1100350F8042B41F8042B9842F9D119
:10E0800003780B70DDE700BFB6F7030038B505462F
:10E09000054819F05BFD044620B101210C3019F050
:10E0A000AAFD2576204638BD240F00200F2810B584
:10E0B0000ED80D280ED90B4819F048FD044628B19A
:10E0C00001210C3019F097FD01232376204610BD65
:10E0D0001328F0D009B10448EEE7BDE81040012054
:10E0E000FFF7D4BF500F0020A00E0020F8B5064661
:10E0F0000F4604F027FA044640B18378012B24D060
:10E1000013211AF0FDFA204603F0EAFD39463046A5
:10E1100009F05CFC054628BB3946304607F09EFEF8
:10E12000144B1B6823B31C6804B10C3C53F8043C2B
:10E1300013B1394630469847D4B12346E4689B680A
:10E14000A4B10C3C002BF4D1F7E70023D0F8A05089
:10E15000C0F8A03013211AF0D3FA204603F0C0FD16
:10E16000002DD3D028461BF0FEFED5E7002BE0D1D2
:10E17000F8BD00BFBC8C002070B5C6683378B6F817
:10E180000150ABB90F21284603F0C8FEF2780446CF
:10E1900078B96FEA05500B4B0B496FEA105033F812
:10E1A000025B15B90A5523F8020C0134042CF6D190
:10E1B00070BD0273012103F0BDFD2046BDE8704033
:10E1C00003F08EBD28A000204BB3002010B5084CF2
:10E1D0000146062294F88F0004F018FA38B994F832
:10E1E0008F000449BDE81040052204F00FBA10BDAD
:10E1F000F80300201FF5030098B50B4803685B0780
:10E2000000AF0ED06C4688B06A46084B5361084B8D
:10E210009361032342F8103F4FF4C25119F0B4FE4A
:10E22000A546BD4698BD00BFE80B0020D6F7030009
:10E230000501040098B5014600AF0F4819F08AFCAB
:10E240000E490F481CF0BAFF031E13DA0D4802688E
:10E2500052070FD06C4688B06A460B4951610B4992
:10E26000C2E90613042342F8103F4FF4015119F09C
:10E270008BFEA546BD4698BD6405002034070020EE
:10E28000E8340020E80B0020F4F703000402040047
:10E2900098B503460C48026812F0060F00AF11D083
:10E2A000DB686C4688B01B786A46084951610849AA
:10E2B000C2E90613042342F8103F4FF4025119F04B
:10E2C00063FEA546BD4698BDE80B002015F8030087
:10E2D000520204002DE9F041124D2A6812F0060F97
:10E2E00000AF04460B461AD00E8AD8683146FFF7B5
:10E2F000ABF9E8468CB06A460B4B53610B4BC2E955
:10E30000063440F203531385094BC2E908604FF409
:10E31000525142F8103F284619F036FEC546BD4618
:10E32000BDE8F081E80B002041F80300340204004E
:10E330000600000198B5012100AF0C3019F08DFCEA
:10E3400003460B480268520710D06C4688B01B7811
:10E350006A46084951610849C2E90613042342F894
:10E36000103F4FF4015119F00FFEA546BD4698BD70
:10E37000E80B002067F80300CF010400B0B5C368C4
:10E380001C8800AF0121204603F0C8FDA8B90C4845
:10E3900003685B070FD06D4688B06A46094B53612E
:10E3A000094BC2E90634042342F8103F4FF40151EF
:10E3B00019F0EAFDAD46BD46B0BD03F091FCFAE7A9
:10E3C000E80B00208DF803002F010400B0B5C368EE
:10E3D000B3F8014000AF0121204603F09FFDA8B92A
:10E3E0000C4803685B070FD06D4688B06A460A4B3D
:10E3F00053610A4BC2E90634042342F8103F4FF43C
:10E40000015119F0C1FDAD46BD46B0BD03F068FC39
:10E41000FAE700BFE80B00208DF80300420104007A
:10E42000F8B5C3681D78B3F8016000AFCDB90F210E
:10E43000304603F073FD0446A8B90E4803685B0735
:10E440000FD06C4688B06A460B4B53610B4BC2E948
:10E450000636042342F8103F4FF4015119F094FDA1
:10E46000A546BD46F8BD294603F064FC204603F0EE
:10E4700037FCF6E7E80B0020B5F80300860104003E
:10E48000B0B502EBC303044600AF08469A4202D17E
:10E490006FF05E001FE0114611F8085BA54220D125
:10E4A000038A5178994218D90F480268520710D050
:10E4B0006D468AB06A460D4951610D491462C2E940
:10E4C0000613052342F8103F4FF4215119F05CFD6B
:10E4D000AD466FF01500BD46B0BD536898470020AB
:10E4E000F9E70A46D2E700BFE80B0020DFF8030097
:10E4F00020020400F8B55E4800AF19F040FB044666
:10E50000002877D0037E012B76D0032B40F0A58026
:10E51000038A032B12D857480268510700F09980EC
:10E520006D4688B06A46544951615449C2E90613A0
:10E53000042342F8103F4FF401511FE004210C3036
:10E5400019F08BFB218A43880688FF22C6F30B0053
:10E550008B42A083627615D046480268520778D075
:10E560006D468AB06A46464E5661444E1362052394
:10E57000C2E9066142F8103F4FF4215119F004FD41
:10E58000AD4666E00F2103F0C9FC054648B939489D
:10E5900003685E075DD06D4688B0A38B6A46394933
:10E5A000C2E703F017FD320B60762146284603F0E0
:10E5B00043FA284603F094FB334BD3F86C31CBB1CC
:10E5C000324933481CF0FAFD031E13DA2948026869
:10E5D00052070FD06C4688B06A462E4951612E49C9
:10E5E000C2E90613042342F8103F4FF4015119F019
:10E5F000CBFCA546BD46F8BD038A012B0AD81D48B1
:10E600000268550725D06D4688B06A462349516196
:10E6100023498BE702210C3019F01FFB05460078D7
:10E6200019F08CFC10F002060DD11E4A1E491F483D
:10E6300040F6A83316F096FB86F31188BFF36F8F70
:10E640000323184602DF1A4A28780623214619F0C8
:10E650009EFC2046FEF7BAFFAEE706480268510767
:10E66000F7D06D4688B06A46124951610A495DE7A4
:10E6700064050020E80B002005F90300EC0104000C
:10E680002AF9030052F90300F803002034070020A0
:10E69000E8340020F4F70300F401040078F90300E3
:10E6A000E201040098F90300CCF90300FAF9030031
:10E6B000D0D4030017FA030010B5012104460C3032
:10E6C00019F0CBFA2146034A0078BDE810400B232D
:10E6D00019F05DBC00D503002DE9F041012100AF28
:10E6E00004460C3019F0B9FA90F80080154A00235E
:10E6F00021464046FFF7C4FE5F301FD1124D2B6804
:10E7000013F0060F1AD0268AE0683146FEF79CFF08
:10E710006C468CB06A460D4B53610D4BC2E906380E
:10E7200040F2035313850B4BC2E908604FF452517A
:10E7300042F8103F284619F027FCA546BD46BDE823
:10E74000F08100BF58D50300E80B00202FFA03002A
:10E750008900040006000001F8B5C568B5F801603D
:10E7600000AF0121304603F0D9FB0446A8B9144894
:10E7700003685B070FD06C4688B06A46114B536143
:10E78000114BC2E90636042342F8103F4FF4015101
:10E7900019F0FAFBA546BD46F8BD2B783BB9D5F874
:10E7A0000330C0F89530D5F80730C0F899304FF4F1
:10E7B0008041201D19F0D4FB204603F091FAEAE7CE
:10E7C000E80B00208DF80300ED000400B0B53C28F4
:10E7D00000AF044628D102F00DF96FF0800110302F
:10E7E00019F0E3FB0020FFF7F1FC0546A0B91C4837
:10E7F00003685B070ED06C4688B06A46194B5361BC
:10E80000194B9361032342F8103F4FF4C25119F0A2
:10E81000BBFBA546BD46B0BD0473002103F08AFAD8
:10E82000284603F05DFAF5E70D48036813F0060F7C
:10E83000F0D06D468AB06A460C4B53610C4BC2E96E
:10E8400006340C4B136240F2024393840A4B42F8A5
:10E85000103F4FF4325119F097FBAD46DAE700BF95
:10E86000E80B002065FA0300990004008AFA03000F
:10E87000B60004003AEA0300050000012DE9F84F54
:10E88000584EBFF35B8F00AF824689469346002304
:10E8900056E8004F46E80032002AF9D1BFF35B8FFB
:10E8A000B4B9514803685A070FD06C4688B06A461D
:10E8B0004E4B53614E4BC2E9063A042342F8103FD7
:10E8C0004FF4015119F060FBA546BD46BDE8F88F35
:10E8D0002046FEF7C7FD474D0C2303FB0050A04622
:10E8E000428852452FD0DFF80081D8F80020530726
:10E8F00018D02046FEF7B6FD0C2303FB00506D46F2
:10E900008AB043886A463C495161394913620523FC
:10E91000C2E9061A404642F8103F4FF4215119F05F
:10E9200033FBAD46BFF35B8F56E8003F46E800423D
:10E93000002AF9D1BFF35B8F002BC6D09846404622
:10E94000FEF744FEC1E7A34510D0204619F0F9F8C0
:10E9500004F10C0601212176304619F04CF9BBF880
:10E960001020DBF80C10304619F056F92046FEF75F
:10E9700079FD0C2606FB00504368ABB1B9F1000FDE
:10E9800012D12046FEF76EFD06FB005001214268C1
:10E99000D2E90003127A03F01F06B1405B09DAB135
:10E9A00000EB830019F0DCFA2046FEF75BFD0C2635
:10E9B00006FB00508368002BC1D02046FEF752FDB5
:10E9C000704305F800902046FEF74CFD06FB00550D
:10E9D000A8680FF0EBFDB2E7C94300EB830019F024
:10E9E000E4FAE1E760050020E80B0020AAFA030042
:10E9F000D0030400848B0020D6FA03002DE9F84FE1
:10EA0000D0F80C80018A98F80040012303EB8403BE
:10EA10008B4200AF40F2838043480268550711D013
:10EA20006D468AB06A46414E5661414EC2E9083190
:10EA30000623C2E906644FF4415142F8103F19F031
:10EA4000A3FAAD46BD46BDE8F88FD9F800305A07A5
:10EA500010D06C4688B06A46364B5361344B32480E
:10EA6000C2E9063A042342F8103F4FF4015119F06D
:10EA70008BFAA546013598F800309D42E2DA08EBA2
:10EA800085030F21B3F801A0B3F80360504603F0EB
:10EA900045FA04460028D8D000F1C00AD6B1204675
:10EAA00002F06AFF0FF082FD6369BBB9D9F800304C
:10EAB0005B070FD06E4688B06A461F4B53611C4BF4
:10EAC0009361032342F8103F17484FF4C25119F0E5
:10EAD0005BFAB546204603F003F9CBE7A1691A6853
:10EAE00062618B4200D1A261C3F800B0226A9AB978
:10EAF000C4E90733BFF35B8F5AE8003F013B4AE8A4
:10EB00000032002AF8D1BFF35B8F00212046013E7E
:10EB100002F03EFFB6B2C1E713602362EAE70025C8
:10EB2000DFF80490AB46A6E7E80B00200DFB0300DE
:10EB3000680204003BFB03005BFB0300F0B583B0FD
:10EB4000C568B5F8016000AF0121304603F0E6F971
:10EB50000446B0B93148036859070FD06C4688B0F5
:10EB60006A462F4B53612F4BC2E90636042342F805
:10EB7000103F4FF4015119F007FAA5460C37BD4676
:10EB8000F0BD2B781A2B00F1040617D1C378012BA6
:10EB900028D14FF48051304619F0E2F9C2040DD467
:10EBA000D4F888303B603946D4F890307B602046FA
:10EBB00004F026F9204603F093F8DFE72B788BB9B1
:10EBC000B5F80330A4F88630B5F80530A4F88C30D9
:10EBD000B5F80730A4F88E306FF48061304619F034
:10EBE000E4F917E0BFF35B8F6368BFF35B8F5B05EE
:10EBF000F2D52B78202BEFD194F89430002BEBD06A
:10EC0000013B84F894304FF42032002304F140009B
:10EC10000FF022FF204603F077FBCBE7E80B002044
:10EC20008DF80300D500040010B5C1E900239DF85C
:10EC300008300B720C46FEF715FC034B0C2202FB4E
:10EC400000335C6010BD00BF848B00202DE9F047CD
:10EC50004FF0FF3206464FF0FF331848884618F051
:10EC600075FF044638B300F10C0701214FF000098D
:10EC7000384618F0C0FF84F818902046FEF7F2FBE3
:10EC80000F4D4FF00C0A0AFB005046802046FEF75D
:10EC9000E9FB0AFB0050C0F808902046FEF7E2FBB3
:10ECA0000AFB005503213846C5F8049018F0AEFF62
:10ECB000068080F802802046BDE8F087F80E00202C
:10ECC000848B002037B5042804460D468DF80700D4
:10ECD00014D829B10B49072228461CF037FE40B949
:10ECE00009490DF10702204608F0B4FD002003B0E9
:10ECF00030BD29462046FFF7F9F9F7E76FF0150018
:10ED0000F5E700BF26F503007F7F030029289ABF9F
:10ED1000014B185C0920704738000400F8B5C3683F
:10ED2000B3F801601D7800AF0F21304603F0F6F80C
:10ED30000446A8B9264803685A070FD06C4688B025
:10ED40006A46244B5361244BC2E90636042342F839
:10ED5000103F4FF4015119F017F9A546BD46F8BD13
:10ED60005DB12846FFF7D2FF29460246204603F050
:10ED700081FB204602F0B4FFF0E78378012BF0D14D
:10ED800008F04CFC204619F0C1F80028E9D1052014
:10ED9000FFF7BCFF05210246204603F06BFB0C4841
:10EDA00003685B070ED06D4688B06A460B4B536113
:10EDB000094B9361032342F8103F4FF4C25119F0FD
:10EDC000E3F8AD460521204619F09AFCD1E700BFD3
:10EDD000E80B0020B5F80300AE01040076FB030049
:10EDE0002DE9F041C668B6F80180357800AF0F21F3
:10EDF000404603F093F80446B0B9384803685A0710
:10EE00000FD06C4688B06A46354B5361354BC2E92A
:10EE10000638042342F8103F4FF4015119F0B4F8BA
:10EE2000A546BD46BDE8F08145B12846FFF76EFF17
:10EE300029460246204603F01DFB18E0F378C17A0C
:10EE4000994218D12548036813F0060F0FD06D467C
:10EE500088B06A46244B5361224BC2E90631042331
:10EE600042F8103F4FF4025119F08EF8AD4620469B
:10EE700002F036FFD5E78278C372012A05D0002060
:10EE8000FFF744FF00210246D4E70BB108F0C6FBB0
:10EE9000204619F03BF80028F1D10520FFF736FF96
:10EEA00005210246204603F0E5FA0C4803685B079B
:10EEB0000ED06D4688B06A460C4B5361094B936186
:10EEC000032342F8103F4FF4C25119F05DF8AD46EC
:10EED0000521204619F014FCC9E700BFE80B00200B
:10EEE000B5F803009B010400A0FB030076FB0300C0
:10EEF00070B50C4D06460FCD90B001AC0FC40FCDD0
:10EF00000FC40FCD0FC495E807000E2E84E807004C
:10EF10009BBF10AB03EB8606034856F83C0C10B0C1
:10EF200070BD00BFA8C80300D3FB03002DE9F04764
:10EF3000044600F10C0600AF304618F0A6FEB4F807
:10EF40001090B9F1010F054617D8224803685A07F7
:10EF50000FD06D4688B06A461F4B53611F4BC2E904
:10EF60000639042342F8103F4FF4015119F00CF810
:10EF7000AD462046FEF72AFB28E03046022118F075
:10EF80006CFE8046007818F0D9FF10F0010A0646A2
:10EF90000DD1134A1349144840F6E47315F0E2FE0C
:10EFA0008AF31188BFF36F8F0323184602DF05230E
:10EFB0000E4A98F80000214618F0E9FFB307D8D5AB
:10EFC0006369A4F8109013FA85F5E560BD46BDE8C5
:10EFD000F08700BFE80B002078F9030082020400EC
:10EFE00098F90300DBFB0300FAF90300A8D403003F
:10EFF000B0B50C4600AF10F03BF8237E012B05D0D6
:10F00000032B15D12046FFF715F90BE0E3681878BC
:10F0100018F094FF0546E80702D52046FFF786FF63
:10F02000A907EFD4002410F037F82046BD46B0BD44
:10F030000C48026852070FD06D4688B06A460A49EC
:10F0400051610A49C2E90613042342F8103F4FF404
:10F05000015118F099FFAD462046FEF7B7FA6FF060
:10F060001504E0E7E80B0020F4FB030011020400A4
:10F070002DE9F84FDFF83C914F48504C00AF042188
:10F0800018F06EFF02F050F8D9F8003003F00703D3
:10F09000022B1DD994F82320494B4A4D2046012AC2
:10F0A00088BF1D466E46FEF7F1FA8AB06A46464BA7
:10F0B0005361464B1062C2E90635454B5362454BDE
:10F0C00042F8103F4FF44351484618F05DFFB546F3
:10F0D000414D3E4EDFF804814FF0010B94F82320A0
:10F0E000D9F80030934503F0070346DB022B41D9E2
:10F0F00094F890603046FFF7FBFE6D468CB0B4F894
:10F100009210B4F896306A46DFF8C0809362C2E984
:10F110000861334BDFF8CCC0C2F814C040F20136AE
:10F12000C2E906809685234842F8103F4FF4735198
:10F1300018F02AFFD9F8003003F00703022BAD4680
:10F1400018D994F891904846FFF7D2FE8CB0B4F8E5
:10F1500094306A4624495362244B1685C2E9051847
:10F16000C2E907094FF4535142F8103F114818F013
:10F170000BFFAD46BD46BDE8F88F022B16D9CBEB91
:10F18000CB002044FEF782FAEA468AB06A4640F293
:10F190000243C2E907B0C2E905569384054842F824
:10F1A000108F4FF4335118F0EFFED5460BF1010BE1
:10F1B00094E700BFE80B0020EC040020F8030020D7
:10F1C0000CFC03003AEA030010FC03007800040082
:10F1D000010302040500000223FC030005000001F6
:10F1E0000700000138FC03007AFC03000600000160
:10F1F00098B5124890F8233000AFBBB910480368A7
:10F2000003F00703022B0ED96C4688B06A460D4BFB
:10F2100053610D4B9361032342F8103F4FF4C651E5
:10F2200018F0B2FEA5460020BD4698BD0821F43076
:10F2300018F096FEFFF71CFFF5E700BFF80300206B
:10F24000E80B0020A5FC030031040400044BBFF3CD
:10F250005B8F1868BFF35B8FC0F38000704700BFFF
:10F26000EC040020B0B500AF0546F8F7A1FB1C2860
:10F2700004462BD817482946F8F788FB18B32246CE
:10F28000294614481CF0F6FD1348031900222146B4
:10F2900000F5C87083F89021FEF7F4FD98B10F488F
:10F2A000036813F0060F0ED06C4688B06A460C4B0C
:10F2B00053610C4B9361032342F8103F4FF4C45148
:10F2C00018F062FEA5460020BD46B0BD6FF00B00F1
:10F2D000FAE700BF88050020F8030020E80B0020B3
:10F2E000D6FC030062000400004870478805002037
:10F2F00001480FF043BB00BF24070020F8B50546C6
:10F3000000AF0C4619B9FFF7A1FC044650B340F614
:10F3100035439D421ED12046FEF76EFB0546F8B1EF
:10F32000124803685B070FD06E4688B06A46104BE0
:10F330005361104BC2E90635042342F8103F4FF4E5
:10F34000015118F021FEB5462046FEF73FF9284648
:10F35000BD46F8BD084821461BF078FEFFF7C8FF00
:10F360000025F4E76FF06805F1E700BFE80B002027
:10F37000EFFC0300040404006C0500202DE9F041BB
:10F3800086B0C5682E881FFA86F802AF0121404674
:10F3900002F0C4FD0446B8B93A48036859070FD0D3
:10F3A0006C4688B002AA384B5361384BC2E9063824
:10F3B000042342F8103F4FF4015118F0E5FDA54633
:10F3C0001037BD46BDE8F081D5F80220D5F80630EB
:10F3D0000197698900911AF0C1FC002836D01221EA
:10F3E00042F21A00FFF732FC0546B0B9254803681F
:10F3F0005A070ED06D4688B002AA254B5361254BA3
:10F400009361032342F8103F4FF4C25118F0BCFD42
:10F41000AD46204602F064FCD2E712210C3018F011
:10F42000F5FB03463A4623F8026B07F1100C16462B
:10F4300003CE664518605960324603F10803F6D1E1
:10F44000294642F21A00FFF759FFE2E7022142F291
:10F450001B00FFF7FBFB054650B90A4803685B0732
:10F46000D7D06D4688B002AA094B53610A4BC7E753
:10F4700002210C3018F0CAFB2946068042F21B001C
:10F48000E1E700BFE80B00208DF8030077010400DE
:10F4900015FD03006A01040059010400F0B583B0B2
:10F4A000C368D9789A781E8800AF42EA01223A8070
:10F4B00059791A7942EA01227A80D9799A7942EA0D
:10F4C0000122BA801A7A5B7AB4B242EA032301219C
:10F4D0002046FB8002F022FD0546D0B92248036891
:10F4E0005B070FD06D4688B06A46204B5361204BB6
:10F4F000C2E90634042342F8103F4FF4015118F0DA
:10F5000043FDAD460221204618F09EFD0C37BD4656
:10F51000F0BD394602F042FF38B91E21204618F0EE
:10F5200093FD284602F0DCFBF0E70E2142F22000BA
:10F53000FFF78CFB04460028F3D00E210C3018F0A6
:10F5400065FB00230680C0F80A303B8843807B8837
:10F550008380BB88C380FB880381214642F2200060
:10F56000FFF7CCFEDDE700BFE80B00208DF80300BD
:10F570001D010400F8B5024600AF0B463A4DD5F820
:10F58000741111B90020BD46F8BD05F5A8700FF043
:10F5900033F80028F6D10022002305F5BA700EF0EA
:10F5A000D3FF044668B9314A3149324840F6B7338F
:10F5B00015F0D8FB84F31188BFF36F8F032318462F
:10F5C00002DFD5F86831CBB12B48036859070ED05C
:10F5D0006E4688B06A46294B5361294B93610323D9
:10F5E00042F8103F4FF4C25118F0CEFCB546D5F8A2
:10F5F0006801FDF7EBFF0023C5F86831204618F0DD
:10F60000D4FAC5F868012046FEF7F6F9034640B380
:10F610001948026852070FD06D4688B06A461949EA
:10F6200051611749C2E90613042342F8103F4FF411
:10F63000015118F0A9FCAD4613480EF0B7FF204663
:10F64000FDF710FF114B0C2202FB0033588818B154
:10F6500022461F21FFF712F92046FDF7B7FFFFF7FB
:10F6600047FE01208FE700BFF803002098F9030050
:10F67000CAF70300FAF90300E80B002030FD03008D
:10F68000DD030400EFFC030048050020848B00200C
:10F690002DE9F04F87B0054600AF16460C4631B94C
:10F6A000FFF7D4FA044648B96FF0680098E0887A0A
:10F6B000FDF7D0FE564B834240F0A480012200218A
:10F6C00038461BF0DCFC2046FDF7CCFEDFF844A1F9
:10F6D0000C2303FB00A08760204618F066FA014661
:10F6E0004D481BF0B3FCFFF703FE1CF001FD4B4B34
:10F6F0001A584B4B9A4220D1DFF828B146481BF0EC
:10F70000BAFC002181464FF4A020FFF733FF80466A
:10F7100088B9454A45484FF4D473594615F022FB41
:10F720004348294615F01EFB88F31188BFF36F8FFD
:10F730000323184602DF4C45E0D14FF4A0220023FA
:10F7400038460EF059FF804698B14FF4D773364AC9
:10F750003849364815F006FB37484246294615F029
:10F7600001FB002383F31188BFF36F8F0323184637
:10F7700002DF2046FDF776FE0C2358431AF800807E
:10F78000B8F1000F36D02D48036813F0060F16D0DD
:10F790006E468CB06A462A4B53612A4BC2F82080D1
:10F7A000C2E90635284B536240F203531385274BB9
:10F7B00042F8103F4FF4525118F0E6FBB546204690
:10F7C000A8F10908FDF702FFB8F1090F0FD8DFE82B
:10F7D00008F01C0E0E0B050E0E0E0E196FF00B002E
:10F7E0001C37BD46BDE8F08F6FF00C00F8E76FF0F6
:10F7F0000400F5E716B134600020F1E72046FDF77C
:10F80000E5FEF9E76FF01500EAE76FF06E00E7E755
:10F81000F80E0020848B00206C05002008000000FA
:10F82000886A00204FFD030098F90300FAF90300ED
:10F8300057FD030077FD030080FD0300E80B002067
:10F84000C5FD0300EF0304003AEA030006000001CF
:10F85000F7B5144B93F9BB30002B05460C461DDA67
:10F8600014B9204603B0F0BD082C01AA4FF00001E6
:10F8700042F21800264628BF0826FFF709FF002895
:10F88000F0D1019FF9683246013128461CF0F2FAA6
:10F890003846FDF79BFE3544A41BE1E76FF0850079
:10F8A000E0E700BFF8030020F0B583B000AF0646E4
:10F8B0000D463A1D002142F22F00FFF7E9FE0446F3
:10F8C000B0B12B4803685B070ED06D4688B06A461E
:10F8D000284B5361284B9361032342F8103F4FF4A8
:10F8E000C25118F051FBAD4620460C37BD46F0BD65
:10F8F0007868C368B3F801203280B3F803302B80F6
:10F90000FDF764FE3388A3F11B02E02A14D91848DE
:10F91000026812F0060F0FD06E4688B06A4617498B
:10F9200051611549C2E90613042342F8103F4FF410
:10F93000025118F029FBB5462988A1F5A4739BB2A2
:10F9400044F248129342CFD90948036813F0060FD6
:10F95000CAD06D4688B06A46094B5361064BC2E96E
:10F960000631042342F8103F4FF40251B9E700BFBB
:10F97000E80B0020E8FD0300B40304000CFE0300C4
:10F9800035FE030010B5F8F7DFF9034B1B6813B120
:10F99000BDE81040184710BD9C8B0020F0B53C4DD1
:10F9A00083B0064602AFD5F88C011BF0D4F9C0B97C
:10F9B0003848036859070ED06C4688B002AA364B07
:10F9C0005361364B9361032342F8103F4FF4C25109
:10F9D00018F0DAFAA5466FF0120420460437BD4647
:10F9E000F0BD6FF0020105F1F40018F0DEFA01211C
:10F9F00018F0B6FAC20747D4FEF758F904460028B3
:10FA0000EBD1274B1E600122114605F5A8701BF0B3
:10FA100036FB05F5BA701BF00DFB22481BF0F9FB15
:10FA20002149204800946FF007034FF480520EF0F4
:10FA3000ABFF1E491B480FF049F8D5F88C011C4953
:10FA400083681B6898470446A0B1124803685B07A7
:10FA5000C3D06D4688B002AA164B53610F4BC2E962
:10FA60000634042342F8103F4FF4015118F08CFA89
:10FA7000AD46B2E71EB9F8F767F90446ADE705F100
:10FA8000E4000EF07BFFA8E76FF07704A5E700BF66
:10FA9000F8030020E80B002097FF03006E0004002D
:10FAA0009C8B0020E834002080180120B3FF030065
:10FAB000F1EF0100BCFF03002DE9F04F85B0B0F875
:10FAC00001906C4A054600AF49F47041002310468E
:10FAD00032F8024BA1424BD1002220F81320664A93
:10FAE00012F8038000F0DAFBEB78012B08BF634BC0
:10FAF00005F1040630460CBF93F88F40002418F03F
:10FB0000ACF93146002839D007F1080018F09AF90D
:10FB1000D5F81130C7F80130B5F81530A7F8053021
:10FB20004FF0010AEB78012B3BD0554C23685B0763
:10FB300016D03046FDF7AAFD6D468AB06A46514B95
:10FB40005361514BC2E9063040F2013313844F4BED
:10FB500042F8103F4FF41151204618F015FAAD4607
:10FB60001321484618F08BFA1437BD46BDE8F08FD4
:10FB70000133042BACD14FF00008B3E7204618F056
:10FB8000BCFB03460068B8609A889B796868BA81B4
:10FB9000BB73B288B37995F804A03860BA80BB71A2
:10FBA000C0E707F10800FEF711FBEB78012B0446D4
:10FBB0000AD100F01FFF6FF080018346103018F06B
:10FBC000F4F9584618F0E0FC002CAED02346B5F806
:10FBD000012023F8702BB868BA7BB98920679A7125
:10FBE0009980B5F81730A4F88630B5F81930A4F824
:10FBF0008C30B5F81B30A4F88E30EB78E37000221F
:10FC0000012B227322D187F800A0BA88BB7938680B
:10FC1000A4F87B2084F87D30C4F8770000F0EAFE79
:10FC2000237A164AC3EBC3039918D358C4F87E301D
:10FC30008B88A4F882308B7984F88430D2E9401321
:10FC400003F03F03194301D001F0C4F80721204617
:10FC500002F070F8B8F1000F05D084F80C80012193
:10FC6000204602F067F8204602F002FA204602F031
:10FC700037F879E728A000204BB30020F8030020D4
:10FC8000E80B0020DCFF03009803040004000001DF
:10FC900000B5C368187889B020B109B05DF804EBED
:10FCA000FEF794BDB3F80120ADF80120DA788DF8A5
:10FCB00000008DF80320B3F80B20ADF81720B3F83F
:10FCC0000D20ADF81920B3F80F20ADF81B205A7C99
:10FCD0008DF81D20586801901A899B7A8DF80A309A
:10FCE000094BADF8082068461A689B88CDF80B20B0
:10FCF000ADF80F30CDF81120ADF81530FFF7DCFE70
:10FD000009B05DF804FB00BF33F5030038B50421EA
:10FD100004460C3017F0A1FF034640885D7818B107
:10FD200019782246FEF7AAFD35B104480EF03EFCD4
:10FD3000BDE83840FFF7DCBA38BD00BF48050020F9
:10FD4000B0B50321044600AF0C3017F086FFE3681E
:10FD50000578B0F80100197840F6354398421BD178
:10FD60001348036813F0060F14D06C468AB06A4635
:10FD7000104B5361104BC2E90631104B136240F235
:10FD8000024393840E4B42F8103F4FF4325118F067
:10FD9000FBF8A546BD46B0BD10B12246FEF76EFD8C
:10FDA000002DF7D007480EF001FCFFF7A1FAF1E7AC
:10FDB000E80B0020FCFF0300410204003AEA0300C4
:10FDC0000500000148050020F8B50B4D95F823709B
:10FDD00006460024E3B29F4202D86FF0010007E01C
:10FDE0002946304618F0B4F90735631C08B120469F
:10FDF000F8BD1C46EEE700BFF803002037B5044607
:10FE00000D46B9B11649284618F0A2F990B915481F
:10FE1000C4EBC4042946204418F0A2F9124818F093
:10FE2000A6F9430703D5FEF73BF817F0ADFF002016
:10FE300003B030BD684617F0F7FF0028F8D16846D8
:10FE4000FFF7C2FF0028F5DA064BC4EBC4001844E4
:10FE5000694618F085F9002DE0D001462846DBE719
:10FE600026F50300F8030020EC040020F8B5224E2C
:10FE700000AF0622314605461BF068FDB0B30621EF
:10FE800042F20500FEF7E2FE044688B30622294648
:10FE90000C3017F0C1FE2146002242F20500FFF7A8
:10FEA000F7FB0446C8B110F10D0F13D113480368D6
:10FEB00013F0060F0ED06D4688B06A46104B5361A2
:10FEC000104B9361032342F8103F4FF4C45118F0D4
:10FED00091F9AD462046BD46F8BD33462A6843F841
:10FEE0008929AA88B280012283F888200024F1E7BA
:10FEF0006FF06804EEE700BF81040020F00B0020E3
:10FF000039040400770704002DE9F043002183B091
:10FF1000044600AF0222084602F078FB0546B0B165
:10FF2000BFF35B8F704B53E8001F41F4006143E85F
:10FF30000012002AF7D1BFF35B8F237A43F001034D
:10FF4000237201F0CDFE0C37BD46BDE8F083664854
:10FF500018F00DF92946C0F38016644800F044FDFE
:10FF600016B1284601F0F8F8614D95F84331ABB170
:10FF7000002018F042F988B15E48036813F0060FBC
:10FF80004ED06C4688B06A465B4B53615B4B9361C5
:10FF9000032342F8103F4FF4C45134E095F8432155
:10FFA00095F842319A4247D1DFF84881D8F80030BD
:10FFB00013F0060F0FD0E94688B06A46504B5361E4
:10FFC0004E4B9361032342F8103F4FF4C451404617
:10FFD00018F010F9CD460022114642F22900FFF731
:10FFE00057FBA0B1D8F80030580719D06C4688B03C
:10FFF0006A46444B5361414B9361032342F8103FDF
:020000022000DC
:100000003C484FF4C25118F0F5F8A54608E095F8C1
:100010004331013385F84331237A43F004032372DB
:10002000012018F0EAF816B1012001F095F83648E1
:10003000002100F0D9FC86E7224604F1010912F8FC
:100040002A0B494618F099F8804680B12948036880
:100050005907E5D06C4688B06A462C4B5361274B54
:100060009361032342F8103F4FF4C251CBE795F858
:100070004331013385F84331237A43F0040323727B
:1000800095F8C7305A070BD41A48036813F0060FC7
:10009000C6D06C4688B06A461D4B53611D4B76E74F
:1000A0004946384618F05CF80123082142F24E0018
:1000B000FB71FEF7CBFD044660B1082239460C30D7
:1000C00017F0AAFD4246214642F24E00FFF7E0FA41
:1000D0000028A5D0074803685B07A1D06C4688B00C
:1000E0006A460D4BBAE700BFEC040020C382030050
:1000F000F8030020F00B00204C0404006D070400FE
:1001000075040400AA0404002B820300CE0404003A
:10011000F204040059070400200504002DE9F0470B
:10012000002100AF04460222084602F06FFA05469D
:10013000A8B1BFF35B8F484B53E8001F41F4006147
:1001400043E80012002AF7D1BFF35B8F237A43F014
:100150000203237201F0C4FDBD46BDE8F0873E48AE
:1001600018F005F82946C0F380163C4800F03CFC26
:1001700016B1284600F0F0FF002018F03EF8384D88
:100180008046A8B1374803685A0723D06C4688B028
:100190006B46354A5A61354AC3E906281A46042394
:1001A00042F8103F4FF4015118F024F8A54611E031
:1001B00095F8433195F842219A421AD2013B85F8CD
:1001C0004331237A2A4923F0040302462372022092
:1001D00007F062FB95F8433113B1012018F00DF8D8
:1001E00016B1012000F0B8FF2248002100F0FCFB0E
:1001F000B2E7072142F22800FEF728FD04F1010AC8
:10020000814680B9174803685B07E3D06C4688B025
:100210006A46194B5361154B9361032342F8103F13
:100220004FF4C251C0E707210C3017F0EFFC5146E4
:1002300017F096FF4246494642F22800FFF728FA97
:100240000028DFD195F84331013B85F84331237A0B
:1002500023F004032372BDE7EC040020C3820300F3
:10026000F8030020F00B00203F0504004F070400B6
:10027000DF8103002B8203007005040008B528B15C
:10028000054817F074FFC30501D5012008BD0248D9
:1002900017F06DFFF9E700BFEC0400200A4BBFF335
:1002A0005B8F53E8002F22F4006143E80010002820
:1002B000F7D1BFF35B8F130504D504490022022058
:1002C00007F0EABA704700BFEC04002093830300F4
:1002D00007B50023CDE9000304496A46022007F070
:1002E000DBFA019803B05DF804FB00BF59820300FC
:1002F00010B4034670B10A4991F8424191F8432184
:100300000CB1944208D2013281F843211A7A42F0AA
:1003100004021A7210BC704710BCFFF7F5BD00BF95
:10032000F803002010B4034698B10B4C94F8421126
:1003300094F8432129B101318A4203DC10BCFFF754
:10034000EDBE12B1013A84F843211A7A22F0040278
:100350001A7210BC704700BFF8030020F8B50446BD
:1003600000AF21BB38B3294917F0F2FE18BB204675
:10037000FFF72AFD002843DA2378012B04D1A37963
:1003800003F0C003C02B16D0214803685A070ED0D3
:100390006C4688B06A461F4B53611F4B9361032321
:1003A00042F8103F4FF4C25117F024FFA5466FF0FA
:1003B0001500BD46F8BD194D95F82330052B22D008
:1003C00005F1F40017F0D3FEC30707D4002CEED0DC
:1003D0000E49204617F0BCFE0028E8D195F82360AE
:1003E0002146731C304685F82330FFF707FD08B916
:1003F0003046DEE795F82330013B85F82330D8E717
:100400006FF07700D5E76FF00B00D2E726F5030019
:10041000F00B00209905040042070400F8030020B7
:100420002DE9F04383B0044600AFC0B92648036805
:1004300013F0060F0ED06C4688B06A46234B53610A
:10044000234B9361032342F8103F4FF4C45117F03C
:10045000D1FEA54600200C37BD46BDE8F0833A1D0D
:10046000002141F20900FFF713F9054648B116488B
:10047000036813F0060FEDD06C4688B06A46154B42
:10048000DDE77E681449D6F80C9009F101080622D0
:1004900040461BF05BFA28B11049062240461BF08B
:1004A00055FA18B93046FDF791F8D3E7D9F801307D
:1004B000C4F80130B8F80430A4F80530304625708F
:1004C000FDF784F80120C6E7F00B0020CB050400FF
:1004D0002B070400E805040033F503002DF50300A5
:1004E00007B56846FFF79CFF054B83F8230018B15A
:1004F00069460020FFF782FC03B05DF804FB00BFF3
:10050000F80300202DE9F043444C9FB094F82310E9
:1005100000AF00297DD194F8E230DB0723D44048B6
:10052000036813F0060F0ED06D4688B06A463D4B47
:1005300053613D4B9361032342F8103F4FF4C45184
:1005400017F058FEAD46002584F8235016260025E6
:100550004FF0010894F82330E8B2834241D8002BD1
:1005600057D0002051E03A464FF60940FFF790F887
:10057000024648B12A48036813F0060FE3D06D46DF
:1005800088B06A46294BD3E73868C36893F801807E
:100590004546052D28BF052507F108060233AA4266
:1005A0000EDBFDF713F8B8F1000FCDD11C4803683E
:1005B00013F0060FC7D06D4688B06A461C4BB7E7EC
:1005C0001946B44603F1140E51F8049B4CF8049BF1
:1005D0007145F9D10988ACF800100132163616338E
:1005E000DDE707F1780306FB003387F8008053F856
:1005F000702C33F86C3CC7F80120A7F80530394659
:10060000FFF7FCFB01350028A4D07C37BD46BDE8D0
:10061000F08300210846FFF7A1FEF6E7F80300206B
:10062000F00B00200A060400170704003A06040035
:100630005E060400F8B5064600AF0D4659B3174BE9
:100640001B780B7017F033FE18B100242046BD460E
:10065000F8BD17F067FE0446D0B1002EF6D117F0B2
:1006600026FE0028F2D00E48036813F0060F0FD0C4
:100670006E4688B06A460B4B53610B4BC2E9063499
:10068000042342F8103F4FF4025117F0B3FDB54672
:1006900001232B70D9E76FF01504D7E7F80300208A
:1006A000F00B00208B060400FF0604002DE9F04744
:1006B000884600AF92461E460446D0B1CBB111F435
:1006C000002F057822D011F0040F18D0424803689B
:1006D00059070ED06C4688B06A46404B5361404B78
:1006E0009361032342F8103F4FF4C25117F082FD8B
:1006F000A5466FF015042046BD46BDE8F08717F00B
:1007000028FE04460028F6D101234CE011F0010F29
:1007100035D0DFF8D090B2B111F0200F0CD1C5EB7D
:10072000C50319F80330012B15D0337018F0200FD2
:1007300023D043F002030CE099F8F8305A06EED4C7
:100740006FF08504D7E7C5EBC50319F80330012B1B
:1007500001D0337011E0072101FB059120460131E2
:1007600017F0D8FD04460028C5D1C5EBC50519F81A
:1007700005303370BAF1000FD8D10024BBE711F077
:10078000040812D0DFF85C80C5EBC50918F8093001
:10079000012BDED1072111FB0531414417F0BAFDD1
:1007A00018F8093004463370A5E70F4817F0DFFC4E
:1007B00043060BD5404600F0CFFC204617F0C9FD9C
:1007C00004460120307000F0C7FC94E7204617F083
:1007D000C0FD044698E700BFF00B0020C5060400EA
:1007E000E8060400F8030020EC0400202DE9F04F97
:1007F00085B000AF0C462021B8601646FEF726FAF9
:100800000546002869D020210C3017F0FFF920227E
:10081000002182461BF056FB04EBC6030AF1010BD4
:10082000FB600026D4F800900023626893420ED348
:10083000FB680834A342F5D1B8688AF8006000224A
:100840002946FEF725FF1437BD46BDE8F08F99F81D
:10085000012099F800C0B01C11181F2922D9BCF141
:10086000090FC0F11F0201D1002A19DC1C480368DE
:100870005B070FD06C4688B06A461A4B53611A4B1F
:100880009361032342F8103F00234FF4C251F9F75C
:10089000DFFAA5462846FCF799FE6FF01500D2E76F
:1008A0004FF0080C5FFA82F808F101010BF806100E
:1008B000711CC9B25BFA80F00BF801C0D9F80410C2
:1008C0007B6008F102081BF0D5FA7B68B0445FFA40
:1008D00088F6013309F10809A7E76FF06800B2E76D
:1008E000C80B0020900704005D08040008B5044907
:1008F000072209301BF02AF8003818BF012008BD74
:1009000026F50300F8B5154B067883F88F6004468A
:100910000D46FFF7EBFF70B91149304601F0E6FDD7
:10092000044610B96FF00B00F8BD052101F002FA82
:100930002C600020F8E704F109073946304601F041
:1009400025FE40B92078394601F0D0FD0446002844
:10095000E8D00621EAE76FF01500E5E7F80300208C
:100960001FF50300F8B545686905064636D40469E5
:1009700014B115F0010331D0194F307897F82330B6
:1009800083422BD9C0EBC0001649072238441AF025
:10099000DDFFA8B115F0010306D197F89020082AD1
:1009A00002D8B2689F2A19D915F0300F09D0ACB11E
:1009B000EA060AD405F46035B5F5603018BF0120A9
:1009C000F8BDEB0601D4002CF4D1D6E902239A42FB
:1009D00004D81F2A02D9B3F5804FEBD90020EFE7E6
:1009E000F803002026F5030003460148184700BF1E
:1009F0003004002000487047300400202DE9F04FFB
:100A00008DB0D1F810B004AFC7E900320023BBEBC2
:100A1000030406469848FB6018BF012417F0DAFC6F
:100A20000D46410740F11F812846FFF79BFF30B973
:100A30006FF0150420462437BD46BDE8F08F2846E8
:100A4000FFF71CFC82460028F2D006F11009484648
:100A500017F0C0FC0206C0F3C01300F10781C7E91C
:100A60000533C7F81B30AB6868683B82EB687B8254
:100A700017F0A1FC6FF4007178777F4817F0B0FC95
:100A80007E4A2B78337082F88F306968224607F1EE
:100A900015033046FFF70AFE04460028CAD106F1C6
:100AA0000903BBF1000F18D02A691168C6F80910B4
:100AB0009188998092799A71284617F02EFD6B687B
:100AC0008046D8071BD49A0504D4BB6C13B9B8F17F
:100AD000020F69D102233B7520E0694A1168C6F80C
:100AE00009109188927999809A71284617F015FD1E
:100AF0006B68D9078046E6D587F814B00EE013F08E
:100B0000100F0CBF012304233B752B691A68C7F82B
:100B100016209A887A839B793B77A2460F2142F26E
:100B20000600FEF793F80446002800F0A2800F228A
:100B300007F110010C3017F06FF82146002242F245
:100B40000600FEF7A5FD044600287FF473AFBBF155
:100B5000000F2ED06B68DB0739D40121304617F027
:100B6000ECFC0446002876D0464803685D070FD0A9
:100B70006D4688B004AA444B5361444B93610323F0
:100B800042F8103F00234FF4C251F9F761F9AD4626
:100B9000FD68002D3FF44EAF2846002101F0CAF851
:100BA000284601F09DF845E70323D7F848A03B7598
:100BB000B4E7CDE901A8FB6C0093D7E90021BB6C39
:100BC000304617F033FC04460028C3D032E707F163
:100BD0000C013046FFF796FE04460028BDD010F108
:100BE0000C0F7FF427AFBBF1000F7FF423AF6B68CE
:100BF0009E073FF51FAF6C6884F00204C4F3400405
:100C000004F001020E21484617F0F9FB08F1FF330A
:100C10005A425A410821484617F0F1FBA8F1020157
:100C20004A424A414846092117F0E9FB6A680A210D
:100C300002F00102484617F0E2FB52460B214846FB
:100C400017F0DDFB6A680D21C2F38002484617F0F9
:100C5000D6FB0024EEE6F86808B101F041F8BBF1DC
:100C6000000FCDD1C7E76FF00A04E3E66FF0770419
:100C7000E0E66FF06804DDE6EC040020F8030020F5
:100C800026F50300C80B0020AD0704004608040049
:100C900073B51546069A0C46CDE900322B460A4636
:100CA00001461148FFF7AAFE21460646002340F2FE
:100CB00001109D4202D1304602B070BD0A888242C6
:100CC00004D14A6812B11278D20702D40133083134
:100CD000EFE7064906481AF0A2FA4FF47022002303
:100CE00003480DF0EDFEE6E7300400208D0D020014
:100CF0004804002010B5204817F046FC6FF48041EE
:100D00001E4817F06DFB1D4817F064FB01062DD53A
:100D10001A4817F05FFB420514D51748FFF7E6FDA8
:100D20001749034691F838001BBB1649052201F00C
:100D30006DFC044630B10021017300F0FBFF20463A
:100D400000F0CEFF0C48002117F0F7FB044670B905
:100D50000D4817F03FFB430608D5204600F0FCF98C
:100D6000204617F0DFFA012000F0F6F900242046B3
:100D700010BD06224131DAE7300400204004002093
:100D8000F80300201FF50300EC04002098B500AF25
:100D9000FFF7B0FF0346A8B10B48026812F0060F38
:100DA00010D06C4688B06A46084951610849C2E9CA
:100DB0000613042342F8103F00234FF40251F9F7C1
:100DC00047F8A546BD4698BDC80B0020CC070400D7
:100DD0003A080400F0B583B03C483C4C00AF17F033
:100DE000F9FA10F4804F47D0204617F0F3FA0306C3
:100DF00042D4204617F0EEFA46053DD5391DA4F140
:100E00001000FFF77FFD002836D1A4F11000FFF796
:100E10006DFD0246204617F0DDFAC0F38031204612
:100E200017F0D8FA81F0010145054FEA4101274842
:100E300048BF41F0010117F0CDFA800448BF41F0EE
:100E400004012348FB1CFFF731FC0546B8B12148DB
:100E500003685A0710D06C4688B06A461E4B53612F
:100E60001E4BC2E90635042342F8103F00234FF41D
:100E70000151F8F7EDFFA5460C37BD46F0BD14480B
:100E8000012117F05AFB7E6818B9304600F028FFA0
:100E9000F2E72946304600F04DFF6FF480410B48E1
:100EA00017F09EFA0546304600F01AFF6B04E3D5B2
:100EB000BFF35B8F54E8003F43F4804344E80032C3
:100EC000002AF7D1BFF35B8FD6E700BF40040020B4
:100ED00030040020C80B0020EF070400290804009C
:100EE00070B5054686B00E4642F20C000221FDF7B1
:100EF000ADFE0446A0B102210C3016F087FE0A4A6E
:100F00004670057003A9204600950623FDF78CFE68
:100F10000022214642F20C00FEF7BAFB06B070BD7B
:100F20006FF06800FAE700BFEC04002008B50C4B36
:100F30000246400903EB800017F029FB02F01F0373
:100F400040FA03F313F0010006D122B9054817F067
:100F50001EFB40F3002008BD6FF07700FBE700BFE9
:100F6000A08B0020EC0400200A4ABFF35B8F4309EA
:100F700002EB830200F01F0001238340DB4352E8B1
:100F8000000F184042E800010029F8D1BFF35B8F41
:100F9000704700BFA08B002030B587B05C480022AE
:100FA00000230DF01DFA002840F091805948594D5A
:100FB00017F0EDFA10F0010344D02B1D93E8070061
:100FC00006AB03E90700544817F0E1FAC0F38013B9
:100FD000504817F0DCFA014600286AD073B10C22A1
:100FE0004E490DEB02001AF0B1FC00286AD0002136
:100FF0000846FFF775FF0446002864D100239DF8DA
:101000000C00ADF80930BDF80E30ADF80530BDF874
:101010001030ADF80730431E8DF8040058420DF132
:1010200009015841FFF706FB044600284BD1072170
:1010300042F20B00FDF70AFE0546002849D16FF089
:10104000680440E03448364A17F0A1FA10F4807F73
:101050000ED0108D518DD26AADF80E004FF4807411
:10106000ADF80C40ADF81010ADF812300592AAE7BB
:101070002C4C2068616803AB03C3A068186092F829
:10108000F930180748BF0523224848BF8DF80D30B6
:1010900017F07DFA810706D53023ADF810306023B4
:1010A000ADF80E308FE71B4817F071FA4207F3D402
:1010B00089E73BB1FFF714FF044620B9174B2861BD
:1010C000C3E90100002412480DF002FA204607B0DF
:1010D00030BD072201A90C3016F09EFD224629469C
:1010E00042F20B00FEF7D4FA04460028EBD19DF83B
:1010F0000D10012001F00101FFF7F2FE0446002867
:10110000E1D106AA12E90700044B83E80700D9E7FA
:10111000BC8B0020A08B0020EC040020B08B0020B2
:10112000F803002040CD030010B5094C44220021F3
:1011300020461AF0C7FE04F11C0019F002FF04F16A
:10114000300019F0FEFE034B00221A6010BD00BFF4
:10115000A08B0020EC8B0020044B597C003801F060
:10116000010118BF0120FFF7BBBE00BFA08B00200C
:10117000032838B5054603D1BDE83840FFF70CBF5A
:10118000FFF7D4FE0446C8B9BFF35B8F0C4B6A0966
:1011900003EB820305F01F0101228A4053E8000F90
:1011A000104343E800010029F8D1BFF35B8FFFF73C
:1011B000F3FE044610B12846FFF7D6FE204638BDA0
:1011C000A08B00202DE9F04F00F10C088BB00446F5
:1011D00000AF404616F049FDDFF878A18146B9F12D
:1011E000000F1BD05C4817F0D2F9C00716D5238A30
:1011F000082B17D85948036859070FD06C4688B098
:101200006A46574B5361574B9361032342F8103F93
:1012100000234FF4C251F8F71BFEA5462C37BD46FC
:10122000BDE8F08F0921404616F017FD037A228AA7
:1012300001339A420546DDD30123BB847F23BB776C
:10124000037A0344461C5B7A7B77FF233B770023BA
:101250007B840278FA77042A9CBF434B9B5C3B84D7
:10126000037A3D48FB6017F092F9C20702D53B8C28
:101270005B0764D4304616F0F0FD00284BD03146B1
:1012800007F1100016F0DEFDDAF80030A3B1404699
:1012900016F0FBFCFB68268AFA7F238283464346CE
:1012A00097F91D10DAF800C007F11000E0476369F4
:1012B000268213FA8BF3E36007F11003BB612B4B1B
:1012C0001B68002B39D01A6802B1083A53F8081C81
:1012D000C1B11646A3F1080240467A6016F0D5FC6B
:1012E000238A7A68BB60FB68238212688346414682
:1012F00007F1180090476269BB68238212FA8BF2EB
:10130000E2603246CAB196681368A6B1083E002B67
:10131000E2D13246F7E76B78FF2B07D1144B186800
:1013200038619A889B79BB75BA82ADE7314616F071
:10133000E4FF0346F3E7002BCED10023BB61297AFB
:101340004046013109F1FF3916F07FFC5FFA89F957
:1013500045E700BFEC8B0020A08B0020040C002090
:101360007A0804009C08040097080400E48B00201D
:1013700026F50300F8B50546224817F008F943079B
:101380000F463CD52A78012A03D96FF01504204670
:10139000F8BD6B780F2BF8D86888031F9BB243F613
:1013A000FC74A342F1D8A9880B1F9BB2A342ECD8CE
:1013B0008842EAD37AB91448002200230DF010F8CD
:1013C00004460028E3D1FFF7B1FD044640B10E48C2
:1013D0000DF07EF8DBE716F0D3FF0028EBD1D4E761
:1013E00028686968094E0A4B03C6A8683060204621
:1013F0001F60FFF7BDFE044606F12400E8E76FF02A
:101400000A04C4E7EC040020D08B0020A48B002049
:10141000EC8B002008B5044940221AF097FAB0FA84
:1014200080F0400908BD00BF6D0904002DE9F843B4
:10143000524B93F8C23003F00603062B00AF1AD0CC
:101440004F48036813F0060F0FD06C4688B06A4609
:101450004C4B53614C4B9361032342F8103F0023E4
:101460004FF4C451F8F7F4FCA5466FF08505284603
:10147000BD46BDE8F88300287CD0444E3268F2B106
:10148000131F984217D13E48036813F0060F0FD080
:101490006C4688B06A463E4B53613B4B93610323D5
:1014A00042F8103F00234FF4C451F8F7D1FCA54691
:1014B0006FF07705DBE75B680BB1043BE1E7426067
:1014C0007268031D336002B97360324CBFF35B8FE7
:1014D00054E8008F48F0200344E80032002AF7D196
:1014E000BFF35B8F18F0200801D00025BFE7BFF3E2
:1014F0005B8F54E8003F23F0100344E80032002AD9
:10150000F7D1BFF35B8F4246414642F22500FEF71A
:10151000BFF805460028E8D0194803685B070FD0DC
:10152000E94688B06A461C4B5361174B936103230D
:1015300042F8103F4FF4C2514346F8F789FCCD46BC
:10154000BFF35B8F54E8003F23F0200344E80032F0
:10155000002AF7D1BFF35B8F34683CB154F8043CE8
:10156000043C0BB1002098476468F6E70023C6E905
:1015700000337CE76FF0150579E700BFF803002022
:10158000E00B0020B90804005E090400F48B002081
:10159000DC080400EC040020FC080400054BBFF349
:1015A0005B8F1B680448BFF35B8F13F0100F08BFFD
:1015B00000207047EC0400204FB30020F8B52D4EFA
:1015C00033688B4200AF04464DD023B16FF00F0457
:1015D0002046BD46F8BD284BBFF35B8F1A68BFF3AA
:1015E0005B8F9206F2D4BFF35B8F1B68BFF35B8FF8
:1015F000DB063BD5316042F226004021FDF726FB99
:10160000054668B340210C3016F000FB234604F178
:10161000400253F8041B40F8041B9342F9D1002206
:10162000294642F22600FEF733F804460028CFD0C0
:1016300012480268002312F0060F3360C8D06D46CE
:1016400088B06A460E4951610E49C2E90614042168
:1016500042F8101F4FF40251F8F7FAFBAD46B7E716
:101660006FF06804E4E76FF07704B1E76FF07C0493
:10167000AEE700BFF08B0020EC040020E00B002060
:101680002A09040050090400F8B51D4BC568BFF3D2
:101690005B8F53E8002F22F0200243E8002100294D
:1016A000F7D1BFF35B8F2A78AAB916496A1C05F1F6
:1016B000410052F8044B41F8044B8242F9D1BFF388
:1016C0005B8F53E8001F41F0100143E80012002A2D
:1016D000F7D1BFF35B8F0C4E34686CB1094F043CFB
:1016E00023682BB12A78002A0CBF3846002098477F
:1016F00064680CB1043CF3E70023C6E90033F8BD8D
:10170000EC0400204FB30020F48B002005490B6847
:1017100033B1C26800200860117801B9501C184725
:10172000704700BFF08B002070B50C4B1C6805465D
:1017300044B154F81C3C1C3C13B1297B2846984703
:10174000E469F5E7064C074EB44200D370BD236848
:1017500013B1297B284698472034F5E7B48C002044
:1017600070C4030090C4030010B50446FBF77AFE72
:10177000044901EB0011204616F098FBBDE810402B
:10178000FDF7B6BDFC8B002070B5D1E901560022F3
:101790000446C1E90122064819F058FC3DB1314622
:1017A00020462B466FF06D02BDE87040184770BDB3
:1017B000300E002070B5002205460E460948002371
:1017C0000021FBF771FE044658B1FBF74BFE064BB8
:1017D000324603EB001329462046BDE8704016F060
:1017E00040BB70BDCC0E0020FC8B0020F0B5051D69
:1017F00083B0044600AF4FF48071284616F008FF0E
:10180000C60551D4284616F0FDFE10F4804F284D31
:101810002AD095F8F8309D0646D516F0E2FB002850
:1018200042D0B91D381DFEF73FF800283CD1FA8898
:10183000B988204616F060FC0346002834D01D48C5
:101840000268520730D06C4688B06A461A49516126
:101850001A49C2E90613042342F8103F4FF401511C
:1018600016F0FCFEA5461FE095F8F8301807D0D515
:10187000204616F027FC034698B10E48026851072F
:101880000FD06E4688B06A460D4951610B49C2E9D6
:101890000613042342F8103F4FF4015116F0DEFE08
:1018A000B546637B072BB4D00C37BD46F0BD00BFF7
:1018B000F8030020D40B0020D9090400ED0C04002B
:1018C000B409040070B505460F48002200230CF04F
:1018D00093FEB8B90D4B1C6834B154F8143C1C3C51
:1018E00003B19847E469F7E7094C0A4EB44204D3C0
:1018F0002846BDE870400DF041B8A36803B1984791
:101900002034F3E770BD00BFE80D0020B48C002048
:1019100070C4030090C403002DE9F843DFF854803D
:10192000044640270025EFF3118387F31288BFF3A5
:101930006F8FE16929B983F31188BFF36F8FBDE819
:10194000F883206A0A68E261814208BF226283F359
:101950001188BFF36F8FD1E901694046C1E9015594
:1019600019F074FB1EB1002249462046B047FDF72E
:10197000BFFCD8E7300E00200448B0F82431002B1B
:1019800000F5947008BF0020704700BFF8030020E6
:1019900030B504461AF0ACFB0D460C490C4A095808
:1019A00091428BB005D120460BB0BDE83040FFF727
:1019B000B3BF24342146104619F000FC1DB169461E
:1019C000204619F00BFC0BB030BD00BF0800000032
:1019D000886A002038B5002204468A4202D10024D9
:1019E000204638BD04F1C8030120BFF35B8F53E8E4
:1019F000005F002D04D143E8000CBCF1000FF6D1CC
:101A0000BFF35B8F02D0D0340244E6E7002CE6D06F
:101A1000C822002120461AF055FA04F1400004497A
:101A200019F0FDFB034904F1240019F0ABFBD7E7E3
:101A3000812702006F8603002DE9F0410D4600AFBB
:101A4000012116460446FFF7A3FF0021284616F0A1
:101A5000CAFA012E29D0022E6FD12369ABB15848A2
:101A600003685A070ED06E4688B06A46554B5361DC
:101A7000554B9361032342F8103F4FF4C25116F0C7
:101A8000EDFDB546204616F0F5FD284616F08DF81A
:101A900020612269138A012B65D8208816F0A5FAE7
:101AA0000121284616F09FFA17E02069D8B944486A
:101AB00003685B070ED06E4688B06A46434B53619D
:101AC000414B9361032342F8103F4FF4C25116F08B
:101AD000C5FDB546204616F0CDFD2846FBF776FD40
:101AE000BD46BDE8F0812E8A002EF6D00C3016F0EF
:101AF000D0F886421AD9324803685E070ED06E4687
:101B000088B06A46324B53612F4B9361032342F8EE
:101B1000103F4FF4C25116F0A1FDB54621690022D5
:101B2000204601F023F900232361D6E720692A8AA1
:101B3000E9680C3016F070F8ABE7214803685907E4
:101B4000C8D0E84688B06B46224A5A611E4AC3E9AB
:101B500006261A46042342F8103F4FF4015116F0AE
:101B60007DFDC546B6E7D26816880436B6B2B342E4
:101B700093D32846FBF72AFD21690B8A9E4218D28F
:101B80000F480268520710D06D468AB06A46124963
:101B900051610D491662C2E90613052342F8103F50
:101BA0004FF4215116F05AFDAD46204616F062FD65
:101BB00096E7002323610122204601F0D7F88FE742
:101BC000D40B0020F9090400700D04001A0A040067
:101BD0003C0A0400670A0400890A040038B50121A0
:101BE000044600F1BC03BFF35B8F53E8002F43E8CA
:101BF0000015002DF9D1BFF35B8F32B916F043FD0C
:101C0000044804F1B80116F0C8FCBDE83840FDF7FF
:101C10006FBB00BF3C05002070B52E4DD5F8444188
:101C200014B90026304670BD2B4B5A8B22B1B5F843
:101C300024312BB99B68FFDE1B68002BF1D0F6E73F
:101C4000D5F83031002BECD0244B1B68002BE8D0AA
:101C500054F8143C002BE4D054F8103C002BE0D096
:101C600054F80C3C002BDCD014F8AB2C072AA4F160
:101C7000B8060DD13046984750B104F1080016F06F
:101C8000C1FC022804DC3046BDE8704016F0FBBC05
:101C9000D5F8443143B1D5F848111A68C5F8442144
:101CA0008B4208BFC5F84821231D0022BFF35B8F7C
:101CB00053E8001F43E800200028F9D1BFF35B8FF1
:101CC000304654F80C3C98470028ABD03046FFF71C
:101CD00085FFA7E7F8030020CC0E0020300E00207F
:101CE00037B5C83010F8C65C10F8C54CBFF35B8F31
:101CF00050E8003F5A1E40E800210029F8D1BFF308
:101D00005B8F01A8019316F07DFC01280BD10748D9
:101D10000CF04CFC06480CF031FE012D03D1012CD7
:101D200001D1FFF757F803B030BD00BFE80D002028
:101D300054070020F8B5467B8E4200AF04460D469E
:101D40001FD16B4B1B6813F0060F46D0082E96BFB1
:101D5000684B694B53F826306C468AB06A4667492F
:101D6000516167496248C2E9061340F201331384A6
:101D7000644B42F8103F4FF4125116F06FFCA54629
:101D80002BE0417326B98378082B01D016F07BFC39
:101D9000637B082B00F2A080DFE803F0216C1F1F9B
:101DA0001F1F1F051F00A378042B16D056480021C3
:101DB0000DF076FD0023C4E90D33E378012B0CD13F
:101DC000A378012B04BF032384F894304FF420320E
:101DD000002304F140000CF03FFEBD46F8BDA3789F
:101DE000042B03D12046FFF77BFFF6E7082EF4D83B
:101DF00001A353F826F000BF4F1E02001D1E020073
:101E0000411E0200E51D0200E51D0200E51D020065
:101E1000411E02004F1E02004F1E020004F1400549
:101E2000284619F008FA01212046FFF7B1FD2046A7
:101E300016F020FC0022002328460CF041FECCE7DF
:101E4000237B002BCED02046FFF76EFCCAE7284844
:101E5000036813F0060FC0D06C4688B06A462B4B5F
:101E60005361274BC2E90635042342F8103F4FF473
:101E7000025182E7237B3E2B14D11D48036813F0E7
:101E8000060F0FD06D4688B06A46214B53611C4B3C
:101E9000C2E90634042342F8103F4FF4025116F011
:101EA000DDFBAD461B4D05F59476616911B9FDF773
:101EB0001FFA92E7A2690B686361914208BFA361B0
:101EC0002046FFF761FCB5F82431002B14BF3046E3
:101ED00000200CF06BFBE8E70548036813F0060FE1
:101EE0003FF47BAF6C4688B06A460B4BB8E700BF47
:101EF000D40B002068D50300A80A0400B20A04002D
:101F0000400D04000400000164070020C70A04001B
:101F1000E20A0400F80300200D0B0400F8B50246A5
:101F200000AF05460E461348042116F0C7FB0446D1
:101F300018B900242046BD46F8BD83781E42F9D169
:101F40000D48036813F0060F10D06E4688B06B463C
:101F50000A4A5A610A4AC3E906251A46042342F886
:101F6000103F4FF4025116F079FBB5462046FFF7BB
:101F7000B7FEDEE7C0350020D40B00202D0B040097
:101F80002A0D04002DE9F047DFF834A006460F467D
:101F9000904600254FF0D00909FB05A016F073FB11
:101FA000044620B183781E4206D1FFF799FE013521
:101FB000042DF1D1BDE8F0874146B8472046F4E74B
:101FC000C0350020024900220120FFF7DBBF00BF1F
:101FD00063860300034BC01A034B00115843C0B281
:101FE000704700BFC0350020C54EECC4F8B51C4694
:101FF000144300AF05460E4608D01AF079F816498A
:1020000008581649884204BF002213461449002D7F
:1020100014BF2846084615F099FD0446B0B911488A
:10202000036813F0060F0ED06D4688B06A460E4B5B
:1020300053610E4B9361032342F8103F4FF4C45198
:1020400016F00CFBAD462046BD46F8BD711D0C30A8
:1020500015F0D1FDF7E700BF08000000886A0020F6
:10206000480E0020D40B0020480B04000F0D040084
:1020700010B5044605480CF081FC204600F0CAFC6F
:102080002046BDE81040FFF74FBB00BF44070020CB
:102090002DE9F04F87B000AF0023FB607B61FFF7B5
:1020A000BBFD044620B3437B072B2BD08D48036830
:1020B00013F0060F0FD06D4688B06A468A4B536105
:1020C0008A4BC2E90634042342F8103F4FF4025110
:1020D00016F0C4FAAD464FF0FF31D4F8A43007F142
:1020E000100220469847014630B92046FFF7F8FD18
:1020F0001C37BD46BDE8F08F7B69FA68204616F0B4
:1021000096FAE8E7DFF8E881D0F8A430B8F82411AF
:1021100007F11002984705460028E6D0B8F82421B8
:102120003B699A4208D30146D4F8A86007F114032A
:1021300007F10C022046B0477B697B602B8AD7E908
:1021400003BA002B00F0CA80284615F0D6FE81465F
:1021500008B36FF0040363480268520710D06E465C
:102160008AB06A466349516160491462C2E9061344
:10217000052342F8103F4FF4215116F06FFAB5468F
:10218000294620467B69FA6816F051FA1321204649
:1021900016F0B6FAA9E7B8F824315748002B08BF63
:1021A0000020002200230CF027FA10B16FF00B037F
:1021B000D1E75248002200230CF0C6F90646002859
:1021C000F4D07B68C0F804B08360B8F824B12B8ADF
:1021D000DA4598BF1FFA8AFB5B4544D9284615F0BB
:1021E000E4FC5946FFF7E6FAB8F8242194F8C43025
:1021F000924596BF02334FF00109DBB284F8C490D8
:102200007B60834604F1C009BFF35B8F59E8002F60
:10221000013249E800210029F8D1BFF35B8F04F1B6
:10222000140A3146504616F0B8F9A278012A1DD199
:1022300004210BF10C0015F000FD7B68228803F0EF
:10224000FD0342EA03330380BBF81030043B4380B4
:1022500002238BF81830584615F0E9FE034638B9CA
:10226000FDF746F841E759462846BBE76FF01503EE
:102270007B60BFF35B8F59E8002F013A49E80021EA
:102280000029F8D1BFF35B8F3146504616F08FF925
:1022900014487B68026812F0070F0FD0E94688B037
:1022A0006A46174951611749C2E90613042342F8E7
:1022B000103F4FF4015116F0D1F9CD465846FBF7C7
:1022C00085F920463146FFF75FFAB8F824310A480D
:1022D000002B08BF00200CF069F93AE76FF0790392
:1022E00039E700BFD40B0020750B04005B0D040020
:1022F000F8030020900B040020050020300E002081
:10230000EFFC0300520D0400F8B5031D0446184607
:1023100016F078F9020519D5B4F88620B4F88810BB
:10232000914213D8B4F88A1091420FD3D4E9231202
:1023300091420BD1BFF35B8F53E8001F21F4006182
:1023400043E80012002AF7D1BFF35B8F104B1D68E2
:102350006DB155F80C6C1C3D3EB1B4F88E30B4F83C
:102360008C20B4F886102046B047ED69F0E7094D9F
:10237000094FBD4200D3F8BD2E693EB1B4F88E308E
:10238000B4F88C20B4F886102046B0472035F0E72A
:10239000B48C002070C4030090C403002DE9F04108
:1023A000074608460D4615F021FE064618B90026D8
:1023B0003046BDE8F081144B1C6884B154F8103CE1
:1023C0001C3C0BB9E469F8E72946384698470028D1
:1023D000EDD0284615F00AFE0028F3D1E7E70B4CB4
:1023E000DFF82C804445E3D2E3680BB92034F9E7E9
:1023F0002946384698470028D9D0284615F0F6FDDA
:102400000028F3D1D3E700BFB48C002070C40300D0
:1024100090C403002DE9F041C37804468BB900F164
:102420007E06114B1D687DB11C3D04F170076B6980
:102430001BB13A46314620469847ED6925B11C3D0F
:10244000F5E700F17706ECE7084D094F04F1700855
:10245000BD4201D3BDE8F0816B691BB142463146F4
:10246000204698472035F3E7B48C002070C4030061
:1024700090C40300F8B5437A83720546164616F0F9
:10248000B8FA0D4B1C684CB154F8043C1C3C1BB111
:10249000697A324628469847E469F4E7074C084FC2
:1024A000BC4200D3F8BDA3691BB1697A3246284605
:1024B00098472034F4E700BFB48C002070C40300B8
:1024C00090C4030008B5084B1A6800F11C0122B93A
:1024D000054816F062F8104608BD914201D0126816
:1024E000F5E76FF01000F7E7B48C002038B505462B
:1024F0000C460F480421FFF76DFAC0B1057223683E
:102500000367A388A0F87430A37980F8763001239C
:10251000437283728370074BC0F8A430064BC0F837
:10252000A830064BC0F8AC30054BC0F8883038BD39
:10253000C0350020412B0200F1850300E585030032
:10254000180028002DE9F0410F4E07468846002567
:10255000304616F098F8044620B18378012B0AD053
:10256000FFF7BEFB0135042D06F1D006F0D10024A3
:102570002046BDE8F0814246394616F030F9002881
:10258000F6D12046ECE700BFC0350020B0B500AF63
:102590000D46FFF7D7FF044638B3154B1B6813F001
:1025A000060F1ED02846FBF771F8637B082B96BFF9
:1025B000104A114B52F823306D468CB06A460F49D1
:1025C0005161C2E908030E490E4B93620E4B084855
:1025D000C2E9061442F8103F4FF4625116F03EF87B
:1025E000AD462046FFF77CFB0120BD46B0BD00BFD5
:1025F000D40B002068D50300A80A0400B70B040020
:10260000DB0C040002040305060000022DE9F0477C
:10261000DFF850A006460F46904600254FF0D0093F
:1026200009FB05A016F02FF8044620B18378012B92
:1026300006D0FFF755FB0135042DF1D100240DE044
:1026400037B13A46314616F0CAF808B92046F0E7E5
:10265000637B4345FAD1237AB342F7D12046BDE8E4
:10266000F08700BFC035002010B583780B70C378A9
:102670004B70037A8B70437B023BDBB2062B98BF17
:10268000234C02464FF000008CBF0346E35CC87742
:102690000B77537A4B77104616F069F88877937862
:1026A000012B31D102F170038B60137A1948C3EB0F
:1026B000C30303444B60D47802F17E0302F1770038
:1026C00014B11C4603462046C1E90303B2F8863024
:1026D0008B82B2F88C30CB82B2F88E300B83D2F87A
:1026E000A03023B15B7BD80644BF0123CB77D2F85F
:1026F000A03013B15B7B9B0601D4002010BDCB7FC3
:1027000043F00203CB77F8E76FF01500F6E700BF60
:102710004B0C0400F803002038B5044608460D466B
:1027200015F064FC38B3154B93F8F830990707D4CB
:10273000E37873B129462046BDE8384000F060BB1D
:1027400094F895309A07F3D5201D15F05BFFC3046C
:10275000EED42946204616F064F858B92B88A4F820
:1027600088306B88A4F88A30AB88A4F89030EB8866
:10277000A4F8923038BD6FF01500FBE7F803002095
:102780002DE9F04182B010F8333C00AF0446A0F1CF
:1027900040061BBB304616F014F9414B1D684DB185
:1027A00055F8183C1C3D1BB114F8341C30469847B2
:1027B000ED69F4E73B4DDFF8F080454506D3304640
:1027C000FFF78EFA0837BD46BDE8F0816B681BB194
:1027D00014F8341C304698472035EEE710F83E3C9C
:1027E000012BEFD1BFF35B8FA0F13C0555E8003F13
:1027F00023F4006245E800210029F7D1BFF35B8F85
:10280000190531D5A36C3B60236D7B60394630469A
:10281000FFF782FF034688B9BFF35B8F55E8003F9F
:1028200023F4806345E80032002AF7D1BFF35B8FC1
:102830004FF40071284615F0EBFEC3E71B48026811
:1028400012F0060FF4D06C4688B06A461849516100
:102850001849C2E90613042342F8103F4FF402510D
:1028600015F0FCFEA546E3E74FF0C8734FF00612E3
:10287000C7E9002339463046FFF74EFF034628B923
:102880004FF48061284615F0C3FED1E7074802687F
:1028900012F0060FCCD06C4688B06A460649D6E7DF
:1028A000B48C002070C4030090C40300D40B00203B
:1028B000F40B04007C0D04001D0C04000B4B58B1FC
:1028C0001A6862B902693AB902685AB942684AB9E3
:1028D00082683AB942692AB91860002070476FF0DF
:1028E000770070476FF01500704700BFC48C002060
:1028F00008B568B1094B1A6800F10C0122B9074804
:1029000015F04BFE104608BD914204D01268F5E761
:102910006FF01500F7E76FF07700F4E7BC8C00204C
:1029200070B50C480C4D0B4E18F084FB0024294662
:102930003046013418F08AFB0A2C05F10C05F6D15B
:1029400016F037FC04F010FF044608B916F0A3F89F
:10295000204670BD300E00203C8C002098B5034608
:102960000B480268520700AF0FD06C4688B06A4629
:10297000084951610849C2E90613042342F8103F8F
:102980004FF4015115F076FFA5460020BD4698BDD5
:10299000F80B00208A0D04005D0F040098B5034673
:1029A0000C480268520700AF0FD06C4688B06A46E8
:1029B000094951610949C2E90613042342F8103F4D
:1029C0004FF4015115F056FFA5466FF00B00BD46C0
:1029D00098BD00BFF80B0020B60D0400500F040096
:1029E00070B40A4D0023542606FB03F25419AA586A
:1029F0002AB10133042BF7D170BCFFF7CFBF044BD2
:102A0000636010460C6070BC704700BFC88C00202B
:102A1000ACD50300F7B5274D274F04460026BD422D
:102A200001D303B0F0BD6B6801A920469847002888
:102A30003BDB019B2A889A829A8403F11002A868E2
:102A4000BFF35B8F52E8001F42E8006CBCF1000F3F
:102A5000F8D1BFF35B8FC3E913669E649E60A16BE0
:102A600003F1080219BBC4E90D221C60D86003F110
:102A7000300018F0DFFA019843681B6803B19847EB
:102A8000019BBFF35B8F103353E8001F41F001013E
:102A900043E80012002AF7D1BFF35B8F0198436827
:102AA000DB6913B100F1100198470C35B7E70A60F4
:102AB000A263DAE74CC4030070C40300F8B505460E
:102AC000006800AF98B3407B072830D1002A0E7A07
:102AD00014BF4FF0020C4FF0010C664519DD15488C
:102AE00003685B0703D16FF01500BD46F8BD6C4667
:102AF0008AB06A46104B5361104B1662C2E9063C1D
:102B0000052342F8103F4FF4215115F0B3FEA546BE
:102B1000E9E7C87A0728E6D98A61CB6105F1300078
:102B200018F094FA284615F0C4FE0020DDE76FF097
:102B30007F00DAE7F80B0020E10D0400930F04009A
:102B40002DE9F047D0F8B04000AF0E4691464CB1A9
:102B5000483C236B6BB104F1300A504618F08BFAF5
:102B6000054658B9FCF7C4FB00252846BD46BDE81C
:102B7000F087204615F0BDFEA46CE8E715F0BDF91E
:102B8000A0B12D4803685B07EED06C4688B06A465A
:102B90002A4B53612A4BC2E90635042342F8103F01
:102BA0004FF4015115F066FEA546DDE7236DB3B97C
:102BB000A38CB5F81080403B9BB23F2B03D8238DEC
:102BC000984528BF9846042105F10C0015F035F80A
:102BD000A0F80080A38C438008F104032365236DD3
:102BE0002A8AB3420ED8934215D0A38C403B9BB2A5
:102BF0003F2B1ED9204615F07CFE236B13B12046D7
:102C000015F057FE236DC9F800309E4234BF9E1B5D
:102C100000262665A9E70022002350460BF094FC0D
:102C2000A38CA3F140023F2AE4D8064AAA61EB61D3
:102C3000E0E700221346F9E7F80B0020050E040038
:102C4000830F0400478A0300F8B50B8A032B00AFFB
:102C500006460D4610D83D4803685D072BD06C46EC
:102C600088B06A463A4B53613A4B9361032342F86A
:102C7000103F4FF4C2511BE0042105F10C0014F089
:102C8000ECFF2B8A41889942044617D02F480268EE
:102C9000540710D06C468AB06A462F4D55612D4DB1
:102CA0001162C2E90653052342F8103F4FF4215147
:102CB00015F0E0FDA5460020BD46F8BD437843B9B8
:102CC000224803685A07F6D06C4688B06A46234B00
:102CD000C9E70378012BEED0132B0CD10129EAD8D8
:102CE0001A4803685B07E6D06C4688B06A461C4BFE
:102CF00053611C4BB9E71548026812F0060F0FD05C
:102D00006D4688B06A46184951611249C2E90613F6
:102D1000042342F8103F4FF4025115F0ABFDAD46CD
:102D2000617835680222012015F0A7FD04460028CD
:102D3000C1D002210C3014F069FF002303704370EE
:102D40002146284615F08CFEB5E700BFF80B0020A1
:102D5000210E0400450F0400430E0400680E040019
:102D60008D0E0400330F0400AD0E0400B0B50B8AC5
:102D7000032B00AF05460C4617D81D4803685B07B8
:102D80000ED06D4688B06A461A4B53611A4B936158
:102D9000032342F8103F4FF4C25115F06BFDAD46CE
:102DA0002046FAF713FCBD46B0BD042104F10C0027
:102DB00014F053FF4188284615F063FE90B90C4883
:102DC000036813F0060FEBD06D4688B06A460B4BD4
:102DD0005361094BC2E90631042342F8103F4FF416
:102DE0000251DAE7436821465B699847D8E700BF9C
:102DF000F80B0020D90E0400750F0400FA0E040031
:102E000070B5124B0C4619780131C9B2012938BF8F
:102E10000121054608221220197015F02EFD0646E4
:102E200088B108210C3014F0F1FE228802806288FB
:102E30004280A2888280E288C28031462846BDE86E
:102E4000704015F00DBE6FF00B0070BD8FB3002009
:102E500023281FD81A2804D8431E182B0ED9062061
:102E60007047A0F11B03082B1ED8DFE803F0051DF7
:102E70001B231D19251D0500032070470F4A012340
:102E800083401A40C2B90E4A1A40002A14BF0120DA
:102E90000620704700F07F03522B05D100207047B9
:102EA000012070470520704710F0400F0CBF06202E
:102EB000002070470420704702207047AAAA8A02A7
:102EC00054554501011F014818F002B8E40C0020D8
:102ED000F8B5531C0D46428D418B914228BF1146D7
:102EE0008B4200AF064619D92748026812F0060F38
:102EF00010D06C468AB06A46244D5561244D136249
:102F00000523C2E9065142F8103F4FF4225115F053
:102F1000C2FEA54600242046BD46F8BD2846FFF760
:102F200097FF02281DD004281BD04FF0FF324FF02E
:102F3000FF331848002115F079FD0446A8B912485E
:102F400003685B07E6D06C4688B06A46124B536153
:102F50000F4BC2E90635042342F8103F4FF40151EC
:102F6000D5E74FF470220023E3E7FAF77BFA0B4B27
:102F7000182202FB0033012104F10C009E6014F0C2
:102F800045FE0570C7E700BFCC0B0020A50F04006D
:102F900067120400740E00208A0D0400188E0020B1
:102FA0002DE9F04F93B0166802AF73687B6000257F
:102FB00042F6010381468846006887F82C50FB855D
:102FC00007F12C01144614F0E1FE002800F0858082
:102FD0004FF42053D9F8000087F82C50FB8507F1F7
:102FE0002C0114F0D3FE40B1A36823B15A884245A6
:102FF00001D2A3F8028001200EE06168084615F0B6
:1030000055FD728B738D9A4294BFC0EB0200C0EBEA
:103010000300032804D800204437BD46BDE8F08FE4
:10302000084614F0C6FD0546606815F03FFD728B3A
:10303000738D05F10C0A9A4294BFC0EB020BC0EBF2
:10304000030B504614F025FE834549D2606815F005
:103050002DFD728D738B9A4294BFC0EB0200C0EBC2
:10306000030070B96368987AFAF7F4F90022002334
:1030700014F06CFD05460028CDD00146606814F0C0
:10308000A9FD00230093D9F804607868102307F1A4
:1030900008024946B047061E1FDB227CE0689642C4
:1030A0004CD0014607F12C0014F09EFEE0B92648F2
:1030B000036813F0060F10D06D4688B0237C02AA77
:1030C000224951612249C2E90613042342F8103F04
:1030D0004FF4025115F0DFFDAD460023A3608AE7EF
:1030E000504614F0D6FDBCE7F2B207F1080107F133
:1030F000180014F079FE68B91348036813F0060F3E
:10310000EBD06D4688B002AA124B5361104BC2E956
:103110000636DAE707F1180107F12C0014F036FE45
:103120000028DAD100236374042105F10C0014F0A7
:103130006DFDA060A0F80080A3685AE7324607F151
:10314000080118F003FCEBE7CC0B0020CE0F0400C5
:103150000E120400F10F040010B500F154030446F0
:10316000BFF35B8F53E8001F41F0010143E80012F9
:10317000002AF7D1BFF35B8F201F15F049FD04F142
:103180007400044918F04BF82068BDE8104002F0C4
:103190006FBD00BF454102002DE9FF4105460E46C7
:1031A0004FF000084FF42053006817688DF808802E
:1031B00002A91446ADF80A3014F0E8FDA0B142F6B9
:1031C000010328688DF80C8003A9ADF80E3014F0C7
:1031D000DDFD48B123691BB15A88B24200D25E803E
:1031E000012004B0BDE8F0816168286814F0CEFDCC
:1031F00010B100232361F3E7E368A0681A786AB18D
:10320000B7F81AC0798D038A8C4594BFC3EB0C03C1
:10321000C3EB0103934201DA0020E2E704210C3002
:1032200014F0F4FC2061068023695E80074B009354
:103230000194A26800232946384615F02FFD002886
:10324000EADB2069003818BF0120CAE7778C030049
:103250002DE9F04182B000AF04460E4644480022FA
:10326000002339460BF08EF80546D0B1414803687B
:103270005B070FD06D4688B06A463F4B53613F4BAA
:10328000C2E90634042342F8103F4FF4015115F00F
:1032900002FDAD466FF00B0528460837BD46BDE878
:1032A000F08118F025FF364BD7F800801A58354BBF
:1032B00029461A6008F10400282218F003FEC8F815
:1032C00000403C6830487D60C4E90155C4E90955B7
:1032D00000220023391D0BF055F80546B0B12548F2
:1032E000036813F0060FD5D023686C4688B06A4691
:1032F000264951612649C2E90613042342F8103FCA
:103300004FF4025115F0C7FCA546C3E77B680146A0
:10331000B022184618F0D6FD1E4A8260603017F0C1
:1033200089FE7B68BFF35B8F583353E8002F43E877
:1033300000510029F9D1BFF35B8F7B681C60636A81
:10334000D7F804801BB904F10C0017F073FE626A11
:10335000C8F8A820A26A08F1A803636202B9A362B0
:103360007B6817225A855A830433336094E700BF81
:10337000C80C0020CC0B00201410040043120400E1
:1033800008000000088F0020E40C00203D1004001D
:1033900036120400740700202DE9F743176805462C
:1033A0008846006851687E68144614F0EFFC814638
:1033B000002842D130469522294616F060FA06468A
:1033C000207540B1E3681B780BB184F8149000209D
:1033D00003B0BDE8F083A06814F0EBFB02210C30D1
:1033E00014F014FC164B2061A0F8008000930194A7
:1033F000A26833462946384615F050FC002807DA03
:1034000010F1FF0F26BF4042C0B20E202075DEE74C
:103410002369002BDBD0A06815F048FB7B8B7A8DED
:103420009A4294BFC0EB0200C0EB0300E3681B7834
:10343000984294BF00200120CAE70120C8E700BFDE
:10344000BD8A03002DE9F04F83B0064600AF084661
:103450000C46FAF707F8DFF814811823434308EB0A
:103460000302054691687960E168BFF35B8FB06D38
:10347000BFF35B8FC00719D43D48036859070ED0CE
:103480006C4688B06A463B4B53613B4B93610323C8
:1034900042F8103F4FF4C25115F0FDFBA5466FF006
:1034A000150A50460C37BD46BDE8F08FE06800783D
:1034B0001071002248F803200B78D22B1DD13368FD
:1034C0002146186816F0BCFC8246B0B12848026854
:1034D00052070ED06D4688B06A4628495161264988
:1034E0009161032142F8101F4FF4C25115F0D3FB34
:1034F000AD462046FAF76AF8D3E704F10C0014F061
:10350000C4FB182303FB0583B4F810B09E600023AE
:1035100081461A462146301DFFF7D0FA8246002820
:10352000BFD010F1690F12D11148026853070ED0B5
:103530006E4688B06A46124951610F499161032174
:1035400042F8101F4FF4C25115F0A5FBB546626951
:103550007B68A4F810B012FA89F2E2601822554391
:1035600008EB050248F805A093609AE7188E002042
:10357000CC0B002066100400C51204008410040067
:103580009B1004002DE9F04F83B000AF0546F9F71A
:1035900069FF4D49182202FB00F3C81851F8039047
:1035A00003697B600021D0E9024690F80480B0F8FE
:1035B00006A018F087FCA87AF9F74CFF69698346E2
:1035C00049B16A7AD30704D4426A126828469268DD
:1035D000904700226A612946584617F042FDB8F12B
:1035E000000F4DD0002C4BD02368002B48D01B6817
:1035F000002B45D0B9F1000F14D0344803685C07A4
:103600003ED06C4688B06A46314B5361314BC2E9BB
:103610000639042342F8103F4FF4015115F03BFBEB
:10362000A5462DE0201D15F0FFFC4046FFF710FCDD
:10363000052825D8DFE800F0280324282403BFF359
:103640005B8FA36DBFF35B8FD80710D41F4803684F
:10365000590715D06C4688B06A461F4B53611F4B03
:103660009361032342F8103F4FF4C251D6E7E36D54
:1036700033B14FF47022002304F178000BF020FAEC
:103680000C37BD46BDE8F08F23681D68BFF35B8F24
:10369000A36DBFF35B8FDA070AD40C4803685B079E
:1036A000EED06C4688B06A460B4B53610C4BD7E7A3
:1036B000002EE5D0002403E079682846B0470134A5
:1036C000A3B29A45F8D8DBE7188E0020CC0B002077
:1036D000C2100400CF12040066100400AC120400F3
:1036E000981204002DE9F0410B8AD0F8008000AF59
:1036F00004460D46B3B94448036859070ED06C46DA
:1037000088B06A46414B5361414B9361032342F8B1
:10371000103F4FF4C25115F0BEFAA5460020BD4639
:10372000BDE8F081012105F10C0014F096FA98F83B
:103730000D30072B0646F1D154F8043C002BEDD098
:1037400001783448043C002310F833C08C4500EB6A
:10375000C30210D12B8A507892F80280984232D856
:103760005368294620469847B8F1010F0346D5D142
:103770000028D3D02FE001330E2BE5D12248036877
:1037800013F0060F0FD06D4688B06A46224B536186
:103790001F4BC2E90631042342F8103F4FF4025197
:1037A00015F079FAAD4631780846FFF751FB00284D
:1037B000B4D00528B2D00029B0D00623002220467C
:1037C00015F076FCAAE710480268520707D1B8F155
:1037D000010FA3D10423317800299FD0EEE76D4675
:1037E0008AB06A46DFF834C0C2F814C0DFF820C0DF
:1037F0001162C2E906C3052342F8103F4FF421517C
:1038000015F049FAAD46E2E7CC0B0020E5100400C4
:103810002A120400D4D5030004110400221104006C
:10382000F0B51E4603680D46003987B0044618BF40
:1038300001211868174616F0E3F840B904F1580062
:1038400015F0EEFA002844D0002007B0F0BD002E9D
:1038500041D018220021684618F034FB47BB23688A
:103860001E4A1B6800930023ADF812300C9B039393
:10387000BDF83430ADF8103001238DF814303146E6
:103880006B4630468DF8085015F05BF99DF8143002
:10389000C3B1002FD8D00198F9F798FE9DF81430E5
:1038A000002DD1D032462946204615F001FCCBE749
:1038B000002239462046FFF70BFB01900028CED1AD
:1038C0001120C2E701990029BED0204615F0E2FB85
:1038D000BAE71220B9E70120B7E700BFE18A030089
:1038E00098B5437B072B00AF16D01F48036813F031
:1038F000060F0ED06C4688B06A461C4B53611C4BB9
:103900009361032342F8103F4FF4C45115F0C3F9FB
:10391000A5460020BD4698BD042115F0B2F880B937
:10392000114803685907F4D06C4688B06A46114BB9
:1039300053610F4B9361032342F8103F4FF4C25180
:10394000E4E7BFF35B8F436DBFF35B8FDA0708D407
:10395000054803685B07DCD06C4688B06A46064BB6
:10396000E6E750F8040CD5E7CC0B00204511040025
:103970007E1204005711040066100400F8B500AF71
:103980000D461446FFF7ACFF28B3406A60B150F80B
:10399000A83903B1A83B611C428B468DB24228BFB7
:1039A0003246914219D9F3B91248036813F0060F51
:1039B00011D06D4688B06B460F4A5A610F4A9A6122
:1039C00001341A46DC61042342F8103F4FF40251DF
:1039D00015F061F9AD46002003E022462946FFF7C5
:1039E00077FABD46F8BDD3F8A82002B1A83A184628
:1039F0001346D1E7CC0B0020761104008612040098
:103A00002DE9F0414FF4702200AF804600231948A1
:103A10000D4614F09BF80446B8B9174803685B07D5
:103A20000FD06E4688B06A46144B5361144BC2E9FE
:103A30000635042342F8103F4FF4015115F02BF9DD
:103A4000B5462046BD46BDE8F08100F10C060921CF
:103A5000304614F0D0F82046F9F704FD094B18223F
:103A600002FB003301213046C3F8088014F0CEF881
:103A70000570E6E7740E0020CC0B00208A0D0400D0
:103A800051120400188E00202DE9F0410E8A043EE8
:103A9000F6B2022E04468CB0084601D0102E64D136
:103AA00004210C3014F0D9F80DF108080588478876
:103AB000011D3246404614F097F9002857D09DB3B7
:103AC000002687B3BD422FD84FF4205301A94046AA
:103AD0008DF80460ADF8063014F058F940BB14229C
:103AE000002107A818F0EEF911212046FFF788FF02
:103AF0000990002837D001210C30CDE9074814F097
:103B000085F800230A901B4A037039460B93284618
:103B100007AB15F016F80A9B1B78FBB90998F9F763
:103B200055FD0A2301E03D4601232A4610210EE0FF
:103B300042F6010307A940468DF81C60ADF81E301F
:103B400014F024F90028CAD010232A46194620462A
:103B500015F0AEFA00200CB0BDE8F08109992046BE
:103B600015F098FAF6E71120F5E70420F3E70E20A8
:103B7000F1E700BF993102002DE9F043036885B0F9
:103B800004460D461868012115F03AFF40B904F1CA
:103B9000580015F045F9B0BB122005B0BDE8F08320
:103BA00010220021684618F08DF921212046FFF7E8
:103BB00027FF029048B3DFF85890009405F10C07F6
:103BC0004FF001082B8A012B04D80299204615F0EA
:103BD00061FA18E0384614F050F86B464A46014640
:103BE00006468DF80C8014F0ACFF9DF80C30002BCD
:103BF000E8D00298F9F7EAFC9DF80C303246202113
:103C0000204615F055FA0020C7E71120C5E700BF90
:103C1000858E03002DE9F043036885B004460D4608
:103C20001868012115F0ECFE40B904F1580015F0B8
:103C3000F7F8B0BB122005B0BDE8F08310220021D8
:103C4000684618F03FF90F212046FFF7D9FE029091
:103C500048B3DFF85890009405F10C074FF00108C5
:103C60002B8A012B04D80299204615F013FA18E08C
:103C7000384614F002F86B464A46014606468DF86F
:103C80000C8014F05EFF9DF80C30002BE8D00298F9
:103C9000F9F79CFC9DF80C3032460E21204615F0B9
:103CA00007FA0020C7E71120C5E700BF3F8E0300D9
:103CB000F0B51D46036885B004460E46186801211C
:103CC000174615F09DFE38B904F1580015F0A8F814
:103CD00048BB122005B0F0BD65B310220021684634
:103CE00018F0F0F839462046FFF78AFE029018B324
:103CF000BDF82830ADF8043001238DF80C300F4AA0
:103D000000946B462946284614F01BFF9DF80C30A2
:103D10005BB10298F9F75AFC9DF80C302A463146FF
:103D2000204615F0C5F90020D4E70299204615F089
:103D3000B1F9F8E70120CDE71120CBE73F8E030072
:103D40002DE9F0410D8A043DEDB2022D04468CB000
:103D5000084601D0102D68D104210C3013F07DFFEE
:103D60000DF1040806884788011D2A46404614F0D4
:103D70003BF800285BD0BEB3AFB3BE4234D80023BB
:103D80008DF8183006A942F62A334046ADF81A30AD
:103D900013F0FCFF80BB182200210DEB020018F08D
:103DA00091F809212046FFF72BFE089000283AD011
:103DB00001210C30CDE9064813F028FF00230990BB
:103DC00003700A238DF82C301A4A06AB3946304668
:103DD00014F0B7FE9DF82C3003B30898F9F7F6FB02
:103DE0009DF82C3001E03E46012332460821204652
:103DF00015F05EF900200EE023680121186815F027
:103E0000FFFD0028C7D104F1580015F009F800287B
:103E100014BF002012200CB0BDE8F08108992046A4
:103E200015F038F9E6E71120F5E70420F3E70E2056
:103E3000F1E700BF993302002DE9F0430F4687B048
:103E40000446062107F10C0013F007FF0588B0F8BF
:103E500002808288D7F80C90C5B10023B8F1000F1A
:103E600013D0454512D88DF800308DF8043001A9E3
:103E70004FF420536846ADF80220ADF8063013F039
:103E800085FF064660B10A2301E0454601232A4624
:103E90000621204615F00CF9002007B0BDE8F0839C
:103EA0000146142201A83F7C18F00CF80721204697
:103EB000FFF7A6FD0290D8B10A238DF815300D4A00
:103EC000019401AB41462846CDE903698DF8147091
:103ED00014F037FE9DF815302BB10298F9F776FBF8
:103EE0009DF81530D3E70299204615F0D3F8D3E7B3
:103EF0001120D2E7A12F02007FB5CB681D885E8814
:103F0000044685B176B1B5420DD81022002168462D
:103F100017F0D8FF05212046FFF772FD019058B930
:103F2000112007E0354601232A460421204615F0DA
:103F3000BFF8002004B070BD6B46094A00943146BA
:103F4000284614F0FEFD029B23B90198F9F73EFBC9
:103F50000A23E9E70199204615F09CF8E9E700BF3C
:103F6000598B030013B50B46002101910E490246FF
:103F700018F0BEF80C680D4909580D488C4208BF6E
:103F8000002201A908BF13460AF0FCF9014640B916
:103F9000019B1C22184617F095FF0346184602B0F5
:103FA00010BD0023FAE700BF088F002008000000C2
:103FB000000D002010B50446806818B1F9F706FB23
:103FC0000023A36021460248BDE8104016F080BFE0
:103FD000000D00202DE9F04F044683B0783002AF89
:103FE0000E4690461D4617F026F9E06DE0B91F48D1
:103FF000036813F0060F07D1206814F0CDFF0020EE
:104000000437BD46BDE8F08F6D4688B002AA184B54
:104010005361184B9361032342F8103F4FF4C4518E
:1040200014F039FEAD46E7E7134B98424FF0000914
:1040300002D1C4F85C90DFE7D0F804A0C0F8049087
:10404000E06DD0F818B0FFF7B5FF2068C4F85C90B9
:1040500014F0A2FFBAF1000FD1D02068CDF800B063
:104060000068434632462946D047C8E7CC0B0020BB
:10407000951104001B1204000C8F0020F7B550F8B6
:10408000044C0546002C59D000F1A40104F1240091
:1040900014F0ABFE2E1F05F15C070022002338460A
:1040A0000AF052FA024678BBAB6D2BB101466FF0B5
:1040B00067033046FFF78EFF002345F8043C05F107
:1040C0005403BFF35B8F53E8001F21F0010143E865
:1040D0000012002AF7D1BFF35B8F636A73BB04F150
:1040E0000C060022002330460AF02EFA78B96668E2
:1040F00086B913482660214616F0EAFE286803B008
:10410000BDE8F04001F0D4BEF9F760FAC5E7F9F771
:104110005DFAE6E7A26833686360964208BFA36071
:1041200077683FB1B3690093002320681A466FF0A7
:104130006701B8473046FFF73DFFD8E703B0F0BD51
:10414000C80C00202DE9F04192B050F8783C06AF41
:104150000646186814F063FB037804463D1D032BE4
:104160005AD8DFE803F0025355572E492846F3F793
:1041700017FCA379059562780492A2780392E278FD
:104180000292227901926279274C009207F110087D
:10419000264A1E2140460EF087FB23685A0713D09B
:1041A0006D468AB006AA224B5361224BC2E90638FB
:1041B00040F201331384204B42F8103F4FF4115169
:1041C000204614F068FDAD46A6F17400FFF756FFD7
:1041D00056F8740C132114F093FA98B123685B0716
:1041E00010D06C4688B006AA144B5361114BC2E93B
:1041F0000630042342F8103F0B484FF4015114F0ED
:104200004AFDA5463037BD46BDE8F0810C49ADE713
:104210000C49ABE70C49A9E70C4A0A2128460EF0E5
:1042200043FBA6E734E20300CC0B002056E2030078
:10423000B01104000212040004000001E0110400A7
:104240003BE2030042E203004CE20300E92D0400DC
:10425000F8B51D460F461646F9F704F9044C182325
:1042600003FB0040C0E903760123C3800575F8BD58
:10427000188E0020F8B50B4D06460F46002415F8A1
:10428000013CB34207D12946384615F0D0F810B1A9
:1042900005482044F8BD1034C02C05F11005EED1BE
:1042A0000020F7E7898F0020888F0020F8B50B4D9C
:1042B00006460F46002415F8013CB34204D12946B6
:1042C000384615F0B4F830B90C34902C05F10C05D3
:1042D000F1D10020F8BD02482044FBE7013900205D
:1042E00000390020F8B50B4D06460F46002415F89E
:1042F000013CB34207D13946284615F098F810B171
:1043000005482044F8BD0C34902C05F10C05EED185
:104310000020F7E741A0002040A0002070B5204B0E
:10432000144682689A420FD1A568C66875B9227989
:104330002168304615F083F8024628B1194901304A
:1043400015F04CF815701581012070BDE06800284B
:10435000FBD02B888B420AD0F6D2E068A3680138E4
:104360000433E0600038A36018BF0120EDE7256842
:1043700022792946304615F062F8024660B90949AB
:10438000304615F05CF802460028E6D02946013098
:1043900015F024F823791370A3685B881381DCE798
:1043A0006D4B020026F503002DE9F0410D4CDFF8BE
:1043B0003880054600262746621C6DB941461046E6
:1043C00015F035F828B901360C2E04F11004F2D19D
:1043D00000273846BDE8F0812178284614F0FFF91F
:1043E000F0E700BF888F002026F50300F8B50C4FDA
:1043F00006464C1C01F129056EB114F8011C224639
:10440000304614F0ECF908B1601EF8BD0A34AC4235
:10441000F2D10020F9E73946204615F008F8F2E716
:1044200026F503002DE9F04106460F46904613F0AD
:1044300002FE50B339463046FFF738FF054678B9DB
:10444000134A0446104615F032F8C0B90C22544302
:10445000104A601C3946104414F0C0FF1655A518C8
:10446000012101FA08F105F1080015F002F8BDE894
:10447000F04109484FF4004200230AF021BB013407
:104480000C2C02F10C02DDD1EAE7BDE8F08100BF9F
:1044900008390020003900209039002098B50C48D8
:1044A00003685B0700AF0ED06C4688B06A46094BC4
:1044B0005361094B9361032342F8103F4FF4C251FB
:1044C00014F0FBFFA5466FF01500BD4698BD00BF78
:1044D000E40B0020E5120400811704002DE9F047E9
:1044E00084B08A4600AF90469946044698B957482A
:1044F00003685E072CD06C4688B06A46544B536103
:10450000544B9361032342F8103F4FF4C25114F00F
:10451000D4FFA5461CE007F1080113F011FC054685
:10452000E8B14A4803685D0712D06D468AB06A4612
:10453000494B5361474BC2E9063440F201331384BF
:10454000464B42F8103F4FF4115114F0B6FFAD4600
:104550006FF0150528461037BD46BDE8F087391DB8
:10456000204611F0F4FB786800283FD00A22294643
:104570000EF05CFA0428064611D93448036859073E
:10458000E6D06C4688B06A46354B5361314BC2E980
:104590000636042342F8103F4FF40151B7E7C6B284
:1045A00007F108013046FFF79DFE0446002842D17E
:1045B000BAF1000FCED02B49FFF794FE0446B8B9EC
:1045C000224803685A070ED06C4688B06A46264BCC
:1045D0005361204B9361032342F8103F4FF4C251C3
:1045E00014F06BFFA5466FF00B05B3E72E46D7E737
:1045F00000F8016B07F1080114F0F0FE04F1080166
:1046000004224846C047041EA4DA104803685B072A
:104610000FD06D4688B06A46144B53610D4BC2E90A
:104620000634042342F8103F4FF4015114F045FFC3
:10463000AD4625468EE7BAF1000FDFD1C0F800A0E5
:10464000C0F804A0C0F808A084E700BFE40B002075
:10465000F6F5030057170400F512040004000001EA
:104660001513040026F50300341304005A13040044
:1046700098B501460246042311F8010B00AF083239
:10468000F9F7B8FB034698B10A48026852070FD001
:104690006C4688B06A46084951610849C2E9061368
:1046A000042342F8103F4FF4015114F006FFA546D1
:1046B000BD4698BDE40B00207F1304000D180400D4
:1046C0002DE9F84300AF8146884616461D46FFF7A0
:1046D00009FE0446F8B91D49FFF704FE0446A8B9CF
:1046E0001B4803685B070ED06C4688B06A46194BBE
:1046F0005361194B9361032342F8103F4FF4C251A9
:1047000014F0DBFEA546BD46BDE8F88300F8019B2A
:10471000414614F063FE228963896AB973B9268120
:104720006581214611F8010B13F085FC0028EAD0C1
:104730002046FFF79DFFE6E7964202D39D42EFD861
:10474000E1E79D422681ECD9EAE700BF26F50300A8
:10475000E40B00209F1304001618040098B50E48BF
:1047600000AF1021F9F780FB034698B10B480268AF
:1047700052070FD06C4688B06A4609495161094911
:10478000C2E90613042342F8103F4FF4015114F01C
:1047900094FEA546BD4698BDC0390020E40B00201C
:1047A000C21304002718040098B50B4803685B0780
:1047B00000AF0ED06C4688B06A46084B5361084B78
:1047C0009361032342F8103F4FF4C25114F075FE79
:1047D000A5460020BD4698BDE40B0020EC13040064
:1047E0005E17040038B50F4B144682689A420D4696
:1047F00015D122792168C06814F021FE78B1D4F86F
:10480000C8302F2B03D9BDE83840FFF7CDBF04EBEC
:1048100083020133158101895181C4F8C830012018
:1048200038BD00BF6D4B0200B0B51049144600AF53
:1048300010221846A047041E16DA0D4803685B07CD
:104840000FD06D4688B06A460A4B53610A4BC2E9E5
:104850000634042342F8103F4FF4015114F02DFEAA
:10486000AD462046BD46B0BD0024FAE7D039002051
:10487000E40B00205A1304004417040098B50C48B8
:1048800003685B0700AF0ED06C4688B06A46094BE0
:104890005361094B9361032342F8103F4FF4C25117
:1048A00014F00BFEA5466FF00400BD4698BD00BF96
:1048B000E40B0020441404006318040008B51346F8
:1048C0008168074A914209D11A791968C06814F0C1
:1048D000B6FD18B10023036043600381012008BDC9
:1048E0006D4B020070B50B4B164682689A420ED192
:1048F000C5686C1C29353168204614F098FD18B144
:104900007168204614F06AFD0A34AC42F3D10120EC
:1049100070BD00BF6D4B020002484FF4A47200232B
:104920000AF0CEB8583A002008B50421084814F01F
:10493000A0FD07486FF0020114F0AAFD044814F02E
:10494000B6FDC30701D5FFF7E7FF002008BD00BF94
:10495000883A0020024608B50849013014F03EFDAF
:10496000002313720C32BFF35B8F52E8001F42E842
:1049700000300028F9D1BFF35B8F08BD26F5030096
:10498000B0B500AFFFF7AEFC0446F0B1014611F838
:10499000010BF9F73DFA034698B10D48026852073A
:1049A0000FD06D4688B06A460A4951610A49C2E98A
:1049B0000613042342F8103F4FF4015114F07DFD1B
:1049C000AD46002323606360A3600020BD46B0BDF8
:1049D000E40B00205B140400F3170400F8B500F1A9
:1049E000700605463146007A00AF13F024FB0446FA
:1049F0003146287ACCB1FFF7C3FF034698B10F4880
:104A0000026852070FD06C4688B06A460C49516163
:104A10000C49C2E90613042342F8103F4FF4015138
:104A200014F04BFDA546BD46F8BDFFF75BFC002822
:104A3000F9D0046044608460F5E700BFE40B002017
:104A40007C14040004180400B0B582B000AF044622
:104A50000D46FFF70FFC024630B3037A3B710C3072
:104A600014F025FD00F00100787102233A1D29465B
:104A70002046F9F7D5F9034698B10C480268520769
:104A80000FD06C4688B06A46094951610949C2E9AC
:104A90000613042342F8103F4FF4015114F00DFDAA
:104AA000A5460837BD46B0BD0346E0E7E40B00204D
:104AB00096140400351804002DE9F047284B1646DB
:104AC00082689A4207462BD1C5682B8D43B36C1C74
:104AD00005F129094FF00008B4F807309BB114F82C
:104AE000011C2246304613F07AFEE0B914F8010C9E
:104AF0002146FDF727FD30B1437B072B08BF4FF060
:104B00000108FDF7EDF80A344C45E5D1B8F1000F86
:104B100006D1EB6AA5F8288013B14146384698477C
:104B20000120BDE8F08706F1700A307A514613F093
:104B300082FA78B90B4B9D4202D13046FFF74EFF07
:104B40000949204614F04AFC002304F8013CA4F86B
:104B50000730D8E75146204614F040FCD3E700BFA9
:104B60006D4B0200E407002026F503002DE9F84F05
:104B700000AF98463B8DD1F80CA006468946002B25
:104B800060D108F1FF33012B5FD8B8F1010F514616
:104B9000157818BF1588FFF729FC044638BB1DB9E6
:104BA0004046BD46BDE8F88F5146FFF71FFC04465E
:104BB000B0B92748036813F0060F0ED06C4688B0D2
:104BC0006A46244B5361244B9361032342F8103F00
:104BD0004FF4C45114F071FCA5466FF01000E0E7EB
:104BE00006F17001013014F0F9FB337A2370DAF822
:104BF0003030DBB9B4F808B02581BAF82830AB42C0
:104C000003D05146484614F0B6FBAB4505D0307A88
:104C1000002206F17001FFF705FC002DC0D10F49FD
:104C2000601C14F0DBFB25702581B9E72A46494654
:104C3000304698470028B4DB01380128DAD96FF0F4
:104C40000D00AEE76FF00600ABE76FF00C00A8E7D1
:104C5000E40B0020C3140400DC17040026F5030055
:104C600008B51248012114F004FC10F0010F104B9C
:104C70000AD1104A9A610D4814F019FC830713D425
:104C8000BDE80840FFF748BE1A8B588B012A4FF643
:104C9000FF7205D8904207D04FF6FF725A83EAE7B9
:104CA00090421983E7D0F7E708BD00BF883A00209B
:104CB000383A00200100FFFFF8B50B4C0B4F0025E0
:104CC000661C3946304614F0B2FB014630B9204626
:104CD00014F022FD20783146FFF7B6FE01350C2D89
:104CE00004F11004ECD1F8BD888F002026F50300F4
:104CF0002DE9F84300AF1E463B8C012B80469146C0
:104D000046D83344012B354645DCFFF74DFB0446BE
:104D1000E8B9FFF749FB0446C8B92248036813F015
:104D2000060F0ED06C4688B06A461F4B53611F4B6E
:104D30009361032342F8103F4FF4C45114F0BDFBBC
:104D4000A5466FF010052846BD46BDE8F88396B12C
:104D5000217A99F80020002321FA03F0C60703D531
:104D600022FA03F0C00719D50133032BF4D102F066
:104D700007021143217208F17001601C14F02EFB30
:104D800098F8083023700121204614F0D5FCDAE7AA
:104D90006FF00605D7E76FF00C05D4E76FF012054A
:104DA000D1E700BFE40B0020E11404001E1804004A
:104DB00010B56FF0020104460E4814F069FB0D486F
:104DC00014F075FBC20704D50B480022002309F03C
:104DD00077FE204614F0A4FA58B12046FFF7E4FA13
:104DE00038B1037ADB0704D5BDE81040012114F087
:104DF000A3BC10BD883A0020583A00202DE9F047A6
:104E000084B08A4600AF90469946044698B96F48E8
:104E100003685E072CD06C4688B06A466C4B5361C1
:104E20006C4B9361032342F8103F4FF4C25114F0CE
:104E300044FBA5461CE007F1080112F081FF05467E
:104E4000E8B1624803685D0712D06D468AB06A46D1
:104E5000614B53615F4BC2E9063440F20133138466
:104E60005E4B42F8103F4FF4115114F026FBAD4653
:104E70006FF0150528461037BD46BDE8F087391D8F
:104E8000204610F064FF786800283AD00A222946AC
:104E90000DF0CCFD0428064611D94C48036859078B
:104EA000E6D06C4688B06A464D4B5361494BC2E927
:104EB0000636042342F8103F4FF40151B7E7C6B25B
:104EC00007F108013046FFF7D5F9044608BBFFF7A4
:104ED0006BFA0446B8B93D4803685A070ED06C46D1
:104EE00088B06A463F4B53613A4B9361032342F8C3
:104EF000103F4FF4C25114F0E0FAA5466FF00B05D5
:104F0000B8E72E46DCE700F8016B07F1080114F062
:104F100065FABAF1000F54D0022239464846C0471C
:104F2000061E15DA294803685B070FD06C4688B067
:104F30006A462D4B5361274BC2E90636042342F8DB
:104F4000103F4FF4015114F0B8FAA546354691E7E9
:104F50003B782372022E18D01C48036813F0060F0A
:104F60000ED06E4688B06A46204B5361194B936150
:104F7000032342F8103F4FF4C45114F09EFAB54693
:104F80000021204614F0D8FB74E77978012912D962
:104F90000E48036813F0060FF2D06E4688B06A46DA
:104FA000134B53610B4BC2E90631042342F8103F07
:104FB0004FF40251E1E701F00101204614F0ACFB8F
:104FC00058E72046FFF7C6FC54E700BFE40B00207B
:104FD000F6F5030050170400F51204000400000168
:104FE00015130400111504005A13040037150400AA
:104FF0008F15040010B51C48012114F03AFAC307BC
:1050000031D40221184814F034FA084007D1174966
:10501000174A0B88174CA2421FD300B10B801649C8
:10502000164816F0FCF84FF4A47200231348F8F762
:10503000E5FF1349134816F0F2F80221124814F064
:1050400018FA1249124816F0EAF81248FDF750FC17
:10505000BDE810401048FDF735BA506803449BB2D4
:1050600008320120D7E710BD48900020D0A00020D2
:1050700090C40300B8C4030077980300E03900200F
:1050800045570200583A0020883A0020E79A03006A
:1050900090390020BC0700209C0700202DE9F0413A
:1050A000034648B1008A38B91249DFF84CE00124C0
:1050B0004FF0140C714501D3BDE8F081D1E90076C1
:1050C000BB4204D30CFB0672143A93420ED934440B
:1050D000A2B208311446EDE70CFB0578434507D032
:1050E00001356219B54292B2F6D1F2E70025F8E730
:1050F0001046E1E790C40300B8C403002DE9F74F60
:10510000BDF83050009199464FF6FF73002D08BF4F
:105110001D46244B1B888342074690463CD203B071
:10512000BDE8F08F73682344BB4232D29CB208368C
:105130001D4B9E42F6D3F2E789580193404612F088
:1051400025FE019B90B101340AF1010AA4B27368F3
:105150005345ECD9009B9C42E1D8BC423168F2D364
:105160000BFB0AF28B18B8F1000FE5D1B9F1000F73
:105170000BD1013DADB218460E9A0D9B21469847C2
:10518000002DCCD00028DED1C9E7DA689145DAD10C
:10519000EFE74FF0000ADAE7044E01244FF0140B5A
:1051A000C6E700BFD0A00020B8C4030090C403002D
:1051B00090B5C9B000AF002407F16802394607F185
:1051C0001000C7E90044C7E9024412F09BFBC0B1DC
:1051D0004FF6FF7101201F4A07F1100314F040FB46
:1051E0001D4807F1100112F022FC08BB1B480368A0
:1051F0005B0719D06C4688B06A46194B5361194B4E
:1052000009E0164803685A070ED06C4688B06A4613
:10521000154B5361154B9361032342F8103F4FF434
:10522000C25114F04AF9A54607F59277BD4690BDE4
:10523000094B214603F110020131187812F8014D93
:1052400003F8014B08291070F6D1094814F011F940
:10525000EAE700BFD5940300C0390020E40B00202A
:10526000FA15040046180400E4150400551804005B
:10527000883A0020F8B51C49BDF818600446A1F131
:10528000300015461F4615F0E9FF184814F00FF9D5
:10529000010705D4FFF78CFFFFF70EFDFFF75EFA5D
:1052A0002046FFF781F868B1037ADA070AD500F1E2
:1052B0000C04204614F0FBF8C30703D40221204657
:1052C00014F0D7F8102E0CD8C6F110040849BC42CF
:1052D000A8BF3C4622463144284616F0CBFD204666
:1052E000F8BD6FF00604FAE7103A0020883A002073
:1052F000C039002010B51A4814F0D9F8C0F3C00026
:1053000080F0010408B9FFF753FF154814F0CFF8F7
:105310000346134814F0CBF8DA061FD5830606D5EA
:10532000E4B1FFF7C9FCBDE81040FFF717BA202130
:105330000B4814F09EF80B491022881816F006FB53
:1053400048B9094815F077FFBDE8104004486FF0F0
:10535000010114F09DB8FFF783FCE2E710BD00BF28
:10536000883A0020C0390020583A002008B51021A2
:10537000034814F07EF8FFF7BDFF002008BD00BF12
:10538000883A00202DE9F047B8B000AF0C46164629
:105390004A49D7F800013A46984610F0B4FC38B9AB
:1053A000FFF77CF881464846E037BD46BDE8F08708
:1053B0003D68391D284610F0CAFCB5B9404803685D
:1053C0005D070ED06C4688B06A463E4B53613E4B3B
:1053D0009361032342F8103F4FF4C25114F06DF86B
:1053E000A5466FF01504A146DDE77868C8B1002135
:1053F0000A220DF01BFB0428014611D9304803682E
:105400005C07EED06C4688B06A46304B53612E4B39
:10541000C2E90631042342F8103F4FF40151DDE7A1
:10542000C0B207F1080A38755146284612F088FCC8
:105430008146A0B1224803685A07D2D06C468AB090
:105440006A46234B5361204BC2E9063540F20133D3
:105450001384204B42F8103F4FF41151BEE7C7F8B8
:1054600010A04CB3C02207F120014046B047041EF3
:1054700014DA134803685B07B5D06D4688B06A46F6
:10548000154B5361104BC2E90634042342F8103F18
:105490004FF4015114F011F8AD46A4E7A40807F148
:1054A0002003C7E906340D4A07F110034FF6FF71D8
:1054B000012014F0D5F976E72346F2E7111604002F
:1054C000E40B0020F6F5030079170400151304001F
:1054D000F5120400040000015A1304001D430200E9
:1054E00007B500230193FFF7D9FD411C89B2084697
:1054F000034A01AB14F0B4F9019803B05DF804FB62
:10550000719303002DE9F84F154600AF8A469422A7
:105510006968064614F0B3F98146C8B14748036884
:1055200013F0060F0ED06C4688B06A46444B5361A8
:10553000444B9361032342F8103F4FF4C45113F0DE
:10554000BCFFA5464FF0FF352846BD46BDE8F88FA5
:1055500069680222304614F0CCF9B0B937480368C4
:1055600013F0060F0ED06C4688B06A46364B536176
:10557000344B9361032342F8103F4FF4C45113F0AE
:105580009CFFA5466FF01505DEE74FF47020002163
:10559000B5F81480FEF7E6FC08F10208044628B3CB
:1055A0002A4BC0F814801D214174C0F80C90436050
:1055B000856142463046FEF7E1F98046C8B91F488A
:1055C000036813F0060F0ED06D4688B06A46204B74
:1055D00053611C4B9361032342F8103F4FF4C451B5
:1055E00013F06BFFAD462046FEF7E4FC6FF00B05B1
:1055F000AAE701234A46494608F10C0BFEF728FEAC
:105600000221584612F002FB8146584629F802ABA7
:10561000A98A12F0FBFAAA8A2969484616F02AFCE0
:10562000C4F808802146304613F05DFE0546002888
:105630008AD02046FEF7BEFC86E700BFE40B0020C0
:1056400018160400C417040032160400A3930300C4
:105650006116040030B504468BB0374813F027FFBD
:1056600042070D4661D514B1637B072B60D1686892
:105670000590FFF713FD2A68ADF818003AB305A9A5
:1056800002912E4901910121002300914FF6FF71F3
:105690000593FFF733FD059B1BB96FF001000BB0BD
:1056A00030BD6B60059B186800238DF8103004A98D
:1056B00042F60303ADF8123012F068FB70B905989A
:1056C000C3689B799B0605D46FF01500E7E70028B7
:1056D000E8D1E2E714F072F8ADF81800BDF8180050
:1056E0003CB101230146AB752A462046FFF70AFF6D
:1056F000D5E76FF07F0307930223ADF8203042F621
:105700000213ADF8123005ABAC7502930C4B01934C
:105710000123009304AA23464FF6FF7109958DF8E3
:105720001040FFF7EBFC0798B9E76FF00A00B6E707
:105730006FF07F00B3E700BFEC040020D1930300BB
:10574000FD5A020073B500F13005044650F8083CDC
:105750000193A0F120066FF00101284613F098FE96
:105760000D4B44F81C3C0D4B44F8183C01AB002099
:1057700044F8103C042324F8080C24F8060C24F800
:105780000C3C3146FFF766FF18B90221284613F09A
:1057900070FE02B070BD00BF7CD60300B14D0200A8
:1057A0002DE9F84F4C4B1468904682689A4200AF3E
:1057B000054640F08C80D0F80C9009F1010609F103
:1057C000290AB6F8073023B316F8011C32462046E2
:1057D00013F005F8E8B14FF495722946204614F00D
:1057E0004EF860B3032818D13C48036813F0060F45
:1057F0000FD0EB4688B06A46394B5361394BC2E94A
:105800000635042342F8103F4FF4025113F055FEC1
:10581000DD460A365645D4D159E0052820460CBF4E
:105820004FF0030B4FF0020B12F0D7FF834506D960
:1058300098F804305B45ECD288F804B0E9E74946B3
:10584000284613F098FD284B994540D1207A04F161
:105850007001FEF747FD0546002838D0038913B9CB
:105860004389002B33D02046FCF7B4FB1F4A2B8919
:1058700022F8203002EB8003698959801C491D4DB4
:10588000182303FB001300B202EB800200EB400080
:105890005D601A61184D9D60042201EBC001204635
:1058A0009A82FFF7D7FE90B10C4803685B070ED0D1
:1058B0006C4688B06A46114B5361114B93610323C8
:1058C00042F8103F4FF4C25113F0F7FDA5460120F6
:1058D000BD46BDE8F88F00BF6D4B0200E40B002011
:1058E0008C1604009B170400E407002030A0002061
:1058F000288F00207CD6030055970300A4160400CF
:10590000901704002DE9F047144600AF8946942211
:105910006168064613F0B3FFC0B13948036813F05D
:10592000060F0ED06C4688B06A46364B5361364B34
:105930009361032342F8103F4FF4C45113F0BDFDAF
:10594000A5464FF0FF30BD46BDE8F08761680122F3
:10595000304613F0CEFFB0B92948036813F0060FA4
:105960000ED06C4688B06A46284B5361264B936133
:10597000032342F8103F4FF4C45113F09EFDA54697
:105980006FF01500DFE7A2891B2102323046FDF7D8
:10599000F5FF0546B0B91A48036813F0060F0ED09C
:1059A0006C4688B06A461A4B5361174B93610323C8
:1059B00042F8103F4FF4C45113F07FFDA5466FF03D
:1059C0000B00C0E700F10C0A0221504612F01EF94C
:1059D0008046504628F8029BA18912F017F9A28947
:1059E000A168404616F046FAD4E90412284601237D
:1059F000FEF72EFC2946304613F048FCA3E700BF13
:105A0000E40B002018160400B81704003216040036
:105A1000C516040030B504468BB0354813F047FD79
:105A200042070D465DD514B1637B072B5CD16868D6
:105A30000590FFF733FB2A68ADF818003AB305A9C3
:105A400002912C4901910121002300914FF6FF7131
:105A50000593FFF753FB059B1BB96FF001000BB0DB
:105A600030BD6B60059B186800238DF8103004A9C9
:105A700042F60303ADF8123012F088F970B90598B8
:105A8000C3689B79DB0605D46FF01500E7E70028B3
:105A9000E8D1E2E713F092FEADF81800BDF8180067
:105AA0002CB101462A462046FFF72CFFD7E742F6E5
:105AB0000212ADF8122005AA6FF07F0302920E4A7F
:105AC00007930123CDE90032ADF8203004AA234624
:105AD0004FF6FF7109958DF81040FFF70FFB0798FF
:105AE000BDE76FF00A00BAE76FF07F00B7E700BFCD
:105AF000EC040020D1930300FD5A02002DE9F04F81
:105B000083B0544B144682689A4200AF81463CD120
:105B1000D0F80CA0504B9A451DD1504DDFF8408174
:105B200000264146284613F082FC78B915F8010C8E
:105B300007222946FCF76AFD50BB236915F8010CC2
:105B40001A69294653881288FEF7BAFD01360C2ED1
:105B500005F10C05E5D10AF129030AF101067B6084
:105B6000B6F80720A3899A420BD116F8010C3146EA
:105B7000FCF7E8FC054620B1437B072B0BD0FCF774
:105B8000AFF87B680A369E42EAD14FF001085BE02D
:105B9000FCF7A6F8DAE7DAF8343023B1494698473B
:105BA00008B92846EBE794224946284613F067FED9
:105BB0008046A0B12B48036813F0060FF1D0E846E9
:105BC00088B06A46284B5361284B9361032342F8FF
:105BD000103F4FF4C45113F070FCC546E1E7A389B0
:105BE000022B16D1B6F8073013F0020B05D1284668
:105BF000FCF776F8C4F808B0C3E72269A188284604
:105C0000FFF780FC8346B8B921698A7D01328A7525
:105C1000EDE7012B05D02846FCF762F8C4F80880B0
:105C2000AFE7B6F8073013F0010BE0D02269A18886
:105C30002846FFF767FE83462846FCF751F8BBF17C
:105C4000000FC4F808B09CDA40460C37BD46BDE8EA
:105C5000F08F00BF6D4B0200E407002041A0002040
:105C600026F50300E40B002018160400D2170400E8
:105C7000B0B58EB002AF00F1700504467860012324
:105C8000007A3B72294612F0D6F9A0B1227A002A96
:105C90003BD0042138460FF0D0FA00971C4A24214B
:105CA00007F10C002B46F7F7D1FF07F10C02194959
:105CB0001046F4F773FD4FF6FF71174A3B1D0120A4
:105CC00013F0CEFD204612F088FD397A884219D2B1
:105CD000204612F054FD0346A0B11048026812F0AD
:105CE000060F0FD06C4688B002AA0D4951610D49CC
:105CF000C2E90613042342F8103F4FF4025113F097
:105D0000DCFBA5463037BD46B0BD0092C6E700BFFC
:105D10001416040085530200A1570200E40B002072
:105D2000F2160400A6170400F8B5084B1C680546D7
:105D30000E4617464CB154F8043C043C1BB13A469D
:105D40003146284698476468F4E7F8BD4C90002037
:105D500013B50A4A009004464FF6FF7101206B46C6
:105D60008DF8040013F07CFD0021204613F048FE5E
:105D700008B9FEF775FF02B010BD00BFA1570200C1
:105D8000B0B5B4B000AF002379603872C7F8CC303A
:105D9000174A3B1D04460D4601204FF6FF7113F0D4
:105DA0005FFDD7F8CC3003B39B0007F10C0220460F
:105DB0002946F8F743F8044698B10E4803685B0794
:105DC0000FD06D4688B06A460B4B53610B4BC2E94E
:105DD0000634042342F8103F4FF4015113F06DFBD9
:105DE000AD462046D037BD46B0BD1A46DFE700BFFE
:105DF000E5470200E40B00202217040067170400A7
:105E00002DE9F34100F17008CDE9001204460F4678
:105E1000007A4146164612F00EF90F4A05466B46C7
:105E20004FF6FF71012013F01BFD1DB1207A414692
:105E3000FFF7A6FF207A3946FEF71CFA40B131463B
:105E4000013013F0CBFA1DB1207A4146FEF7FCFD7C
:105E500002B0BDE8F08100BFE548020037B5134A43
:105E6000009104460D468DF804006B464FF6FF7115
:105E7000012013F0F5FC29462046F7F7EDFF002836
:105E800012DB29462046FEF77BFD00280CDB294665
:105E90002046FEF7EFF908B1FEF75CFD29462046E3
:105EA000F7F7DAFF00EAE07003B030BDBD4802004A
:105EB00073B5044603461A4A4FF6FF71012004F1F8
:105EC000700613F0CDFC207A314613F0D2FD207A13
:105ED000314612F0B0F850B1237A8DF80430114AEF
:105EE00000966B464FF6FF71012013F0B9FC204677
:105EF000FEF75AFA054688B1207A314612F09BF82F
:105F000028B9284602B0BDE87040FEF723BD3146EF
:105F1000681C02B0BDE8704013F060BA02B070BDFA
:105F2000B94A0200BD480200084A10B501460023E4
:105F3000141DE01813F0F7FD08B1981810BD03F513
:105F4000BC73B3F5BC6FF4D1F8E700BF903A002002
:105F500010B50C4A11680C4ABFF35B8F00F5B8739B
:105F600053E8004F944204D143E8001CBCF1000FF9
:105F7000F6D1BFF35B8FBFF35B8FD0F87001BFF337
:105F80005B8F10BDC48C0020903A002008B5FFF74D
:105F9000DFFF0346D8B1D0E9001239B9BAB10F4BCF
:105FA0001B6801330CBF022004200FE03AB1836864
:105FB0001BB90B4B1B78002BF1D1042006E0084ADB
:105FC000107818B19868003818BF012008BD034B3D
:105FD0001B6801330CBF03200020F7E73C080020BA
:105FE00090B30020B0B5002300AF04461A46EC3051
:105FF0000D46FCF763FDC8B1693012D10F48036844
:106000005B070ED06C4688B06A460D4B53610D4B52
:106010009361032342F8103F4FF4C25113F0BEFDC9
:10602000A5462846F7F7D2FABD46B0BD4FF4702218
:10603000002304F5A07008F043FDF5E7180C0020DC
:106040009B100400D51D040098B50B48036813F09D
:10605000060F00AF0ED06C4688B06A46074B5361FE
:10606000074B9361032342F8103F4FF4C45113F0E0
:1060700095FDA546BD4698BD180C00208E1804005D
:10608000611C040098B503460C480268520700AF33
:106090000FD06C4688B06A46094951610949C2E986
:1060A0000613042342F8103F4FF4015113F076FD1C
:1060B000A5466FF00B00BD4698BD00BF180C002030
:1060C000AB1804006B1D040030B40D4C00232246B5
:1060D000D4F8EC503DB10133042B04F5BC74F7D176
:1060E00030BCFFF7CFBF4FF4BC704343D018054C12
:1060F000C0F8F040EC331A4428460A6030BC7047C0
:10610000903A002080D7030098B50B4803685B07DE
:1061100000AF0ED06C4688B06A46084B5361084BFE
:106120009361032342F8103F4FF4C25113F036FD40
:10613000A5460020BD4698BD180C0020D4180400C8
:10614000F71D040038B5EC220546002115F0BAFE13
:10615000102105F1270006F0E1F9044648B90521B0
:10616000284613F029FDFBF719FA034B1860204667
:1061700038BD0824FBE700BF54900020B0B5051DD2
:1061800000AF04460821284613F016FD0F4904F11C
:106190005700FBF713FAB8B12846082113F0EDFCBD
:1061A0000B4803685B070ED06C4688B06A46094B03
:1061B0005361094B9361032342F8103F4FF4C251DE
:1061C00013F0ECFCA5460820BD46B0BD479E030079
:1061D000180C0020F3180400271D0400F8B505462C
:1061E00000AF0B4604300D2113F09DFC98B3DC6822
:1061F000D5F8EC3003F17006197A3246022013F01C
:106200009EFEE8B9174C23685B0716D03046F7F7B7
:106210003DFA6D468AB06A46134B5361134BC2E98F
:10622000063040F201331384114B42F8103F4FF413
:106230001151204613F0B2FCAD460820BD46F8BD12
:10624000224600F12A0304F1100152F8040B43F82E
:10625000040B8A42F9D12846092113F0ADFC002035
:10626000ECE700BF180C002010190400F11C04001A
:1062700004000001F0B587B00E4602AF0446FFF7F8
:1062800067FEF36804F137020546114603F110007A
:1062900053F8046B41F8046B8342F9D1237A052B40
:1062A00000F2A380DFE803F016222203A178594907
:1062B0000097096804F1270304F1570001F040FD3D
:1062C00048BB0A21201D13F077FCAB683968D4F86D
:1062D000EC00984720460D2113F06EFC201D102184
:1062E00013F06AFC204613F09AFC15E094F8DC10D9
:1062F000D4F8D8300097CB40464903F00103096831
:1063000043F0800304F1570013F058FEB8B142483F
:1063100003685C0703D108201437BD46F0BD6C4606
:1063200088B002AA3D4B53613D4B9361032342F871
:10633000103F4FF4C25113F031FCA546EBE7102299
:10634000394604F1170015F001FB08B10420E3E71A
:106350000321204613F030FC13F061FC0028DBD150
:1063600094F8DC300133DBB2142B84F8DC3009D133
:106370000D21204613F020FC1021201D13F01CFCE1
:106380000020C9E7102104F1270006F0C7F8003803
:1063900018BF0120C000BFE7102104F1270006F05C
:1063A000BDF80028B7D1002D31D0EB68002B2ED0DE
:1063B0001C4BE27A1B883B80A37CD10703F00103CE
:1063C00011D4002B14BF012303237B700023C4E9E5
:1063D0003833201D0C2113F0EFFBEB68D4F8EC00F0
:1063E00039469847CCE75B00EFE70B480268520755
:1063F00091D06C4688B002AA0B4951610B49C2E9A1
:106400000613042342F8103F4FF4015193E7022092
:1064100082E700BF54900020180C00202E190400C1
:10642000B61C04004CCD03004B190400CB1C040027
:106430002DE9F04790B004AF044607F12005102283
:106440000021284615F03EFD237A052B40D8DFE8D1
:1064500003F0060303063F2FD4F8D8303B62D4F88C
:10646000EC3004F1470204F1C708CDE9018204F1E0
:10647000370903F17E0204F1270A0092773352466E
:10648000494604F1970001F0F3FB002839D0584841
:106490000368590730D06C4688B004AA554B536145
:1064A000554B9361032342F8103F4FF4C25120E053
:1064B000D4F8E430002BD2D02E4603F1100C18682B
:1064C0005968324603C2083363451646F7D1C6E71A
:1064D0004748026854070FD06C4688B004AA474961
:1064E00051614549C2E90613042342F8103F4FF4B5
:1064F000015113F053FBA54608203037BD46BDE8D7
:10650000F087D4F8EC3003F177027E3307F1100600
:10651000019304F111030292009303962B464A461D
:106520005146404613F06FFD40B1314803685A07A9
:10653000E2D06C4688B004AA314BB0E7237A052B31
:106540000ED1D4F8E01031B30B46AC4601F1100E79
:1065500018685968624603C2083373459446F7D1F8
:10656000D4F8EC30039703F17E027733019304F102
:106570000A030292009352462B464946404613F0C6
:1065800042FD68B11A4803685B07B5D06C4688B015
:1065900004AA1C4B83E71022284615F093FCDFE782
:1065A0001022394604F1B70015F0D0F9F0B90D21E9
:1065B000204613F015FB804600289DD010210C309A
:1065C00011F024FB0346324603CAAA421860596000
:1065D000164603F10803F6D141462046FFF702FDB7
:1065E000201D012113F0E8FA002086E70B2084E744
:1065F000180C00206B1904008C1D04004B190400BA
:1066000084190400AB190400F0B583B0047A022C9D
:1066100002AF064623D844B190F8DC30D0F8D84019
:10662000DC4004F0010444F080040321304613F000
:10663000D7FA054648B310210C3011F0E7FA009064
:106640001A482346006806F1270206F1570113F0A5
:10665000B5FC0446F8B12846F6F7B8FF15E0032C60
:1066600017D0134803685B070FD06D4688B002AAA5
:10667000104B5361104BC2E90634042342F8103F1B
:106680004FF4015113F08AFAAD4608200437BD4695
:10669000F0BD0024C9E729463046FFF7A3FC301DB2
:1066A000214613F06AFA2046F0E700BF549000201C
:1066B000180C00204B190400DE1D0400F8B5061D5F
:1066C000CD6804460B2100AF304613F056FA2B4636
:1066D00004F1170205F1100153F8040B42F8040B02
:1066E0008B42F9D1237A012B08D0022B13D104213C
:1066F000204613F061FAFFF787FF0AE00A213046CF
:1067000013F011FA0028F2D03046002113F054FAA9
:106710000020BD46F8BD0B480268520701D1082091
:10672000F7E76C4688B06A46074951610749C2E9F4
:106730000613042342F8103F4FF4015113F02EFAD0
:10674000A546ECE7180C00204B190400A21C04001D
:106750002DE9F04100AF0446FFF7FAFB251D064680
:106760000E21284613F0DFF9E8B95C4B20221968A6
:1067700004F1570015F0EAF8A8B95948036813F076
:10678000060F0ED06C4688B06A46564B5361564B86
:106790009361032342F8103F4FF4C45113F0FEF904
:1067A000A546082033E00C21204613F019FA804654
:1067B0000028F6D040210C3011F028FA474B1B6816
:1067C0000246014603F1200053F804CB41F804CB04
:1067D0008342F9D1203203F1200153F8040B42F82F
:1067E000040B8B42F9D141462046FFF7FBFB237A8D
:1067F000052B5ED8DFE803F0033F0E035D5A04214A
:10680000204613F0D9F9FFF7FFFE002842D0BD461D
:10681000BDE8F0812046D4F8EC80FFF799FB334BBC
:106820001B68591C06460DD1042104F1D80005F05F
:1068300075FE0028B5D1D4F8D8302D4AB3FBF2F15B
:1068400002FB1133C4F8D830002384F8DC3056B191
:10685000336843B10B21284613F0AEF93368D4F8FE
:10686000D810404698470321204613F0A5F90E2181
:1068700013F0A2F90EE02046032113F09DF90E213A
:1068800013F09AF928460A2113F096F97368D4F8A0
:10689000EC0098472846072113F08EF90820FFF7EF
:1068A00043FBC8B92046FFF769FCB0E70421204646
:1068B000DEE70B48026852073FF473AF6C4688B0BE
:1068C0006A460C4951610849C2E90613042342F89B
:1068D000103F4FF4015161E7002098E754900020E9
:1068E000180C0020D31904003A1D04003C080020B5
:1068F00040420F004B190400B0B50C4600AF0546EE
:10690000FFF726FBE36805F15700024603F120017B
:1069100053F8044B42F8044B8B42F9D105F177024E
:1069200003F1200153F8044B42F8044B8B42F9D198
:10693000FAF770FD48B9214B1C68002C39D1281D8D
:10694000062113F039F9204631E01D48036803F0B1
:106950000703022B0ED96C4688B06A46194B536167
:10696000194B9361032342F8103F4FF4C65113F0C3
:1069700015F9A5460E21281D13F01EF9D5F8EC4097
:10698000D4F8A03033B9207A04F1700100F022FF6E
:10699000C4F8A000D4F8A030002BCCD0DA8902F0E3
:1069A0002402002AC7D05B7B9B07C4D40320BD46CA
:1069B000B0BD2846FFF7CCFEF9E700BF5490002099
:1069C000180C0020F2190400501D040038B5174BB4
:1069D0001B78054623B301F00F042846FFF7D6FACB
:1069E000134A03280CBF04F00B0444F0040405F51B
:1069F000BA731278BFF35B8F53E8001F013103D1E4
:106A000043E800200028F7D1BFF35B8FBFF35B8F13
:106A1000D5F87431BFF35B8F2BB144F0010038BD62
:106A200001F00704D9E704F0FE00F8E790B3002076
:106A30006C0A0020F8B50D46D0F8EC600446FFF76C
:106A400087FAEF68FB78102B01D00620F8BDD6F846
:106A5000A0305BB1251D0F21284613F064F880B9E2
:106A60002046FFF76FFB60B1C0B2EFE7307A06F166
:106A7000700100F0AFFEC6F8A0000028EAD108209F
:106A8000E4E7012363723B68C4F80A30BB88E38102
:106A900002232374B9782046FFF798FFE07420465C
:106AA000FFF774FA1023607423753B7903F0030336
:106AB00063757B7903F00103A375E37C1A070CD59A
:106AC000BB781B0709D50521284613F075F8637DAF
:106AD00003F0020363750023A3750521284613F014
:106AE00022F8002843D03F4B1B78A374E37C980620
:106AF00006D5BB78990603D51421284613F05CF817
:106B0000E37CDA0735D5BB78DB0732D50D21284683
:106B100013F052F8A37D84F8E830637D84F8E930FF
:106B20000321284613F048F8237BE17C3F7803EAF1
:106B30000102100704D5E27AA07C0243D2071CD4DC
:106B4000042F1CD80B4313F0040307D02046FFF793
:106B50001DFA254B07EB87073B441B5C2372D6F8D5
:106B6000A010204612F0E8FF58B903206EE71F4B33
:106B7000BAE700236375A375CCE70523EEE700238E
:106B8000ECE7237D627B934228BF1346102B7FF4F2
:106B90005CAF0521284612F0C6FF0028E5D0237A15
:106BA000002BE2D0284612F0BEFF0028DDD00C21D9
:106BB000204613F001F8022113F012F805460028D0
:106BC0003FF45DAF06210C3011F020F8D4F81130FD
:106BD0000360B4F81530838029462046FFF702FA97
:106BE000002033E792B30020041E040091B300207C
:106BF00038B512490446A0F1EC05543014F00FFBEF
:106C0000284613F088F8BFF35B8F0D4A04F1840324
:106C100053E8001F43E800200028F9D1BFF35B8F41
:106C2000BFF35B8F88344FF0FF3354E8002F44E804
:106C300000310029F9D1BFF35B8F38BDC97502005F
:106C4000903A0020431C02D0044B984203D8044BD6
:106C50001860002070476FF0150070473F420F002A
:106C60003C0800202DE9F041C678012E044604D0EE
:106C70006FF015042046BDE8F08112F092FF054642
:106C8000002800F0AB80071D0421384612F04BFFAE
:106C9000002840F0A6800321384612F044FF10B1CE
:106CA0006FF00F04E6E73146384612F03CFF00284B
:106CB000F6D12846FFF74CF9D5F8EC309B7A032B38
:106CC000064642D032D8013B012B48D90D21201D68
:106CD00012F029FF0028CBD1D4F8A03083B904F1F9
:106CE0007006217A3246202000F0F6FDC4F8A0009C
:106CF00030B9217A3246042000F0EEFDC4F8A0003D
:106D0000D4F8A030002BB3D0DA8912F0240FAFD022
:106D1000A17A022923D9587BC007A9D503291ED0FF
:106D20009206A5D51B7B102BA2D118E0042BCDD148
:106D30002846FFF72BF9032804D1002EC6D0F368AC
:106D4000002BC3D0284B1B7807E02846FFF71EF91D
:106D5000032804D1002EB9D0F368002BB6D0D4F8A4
:106D6000A0303BB12846FFF7EDF9044670B16FF053
:106D700068047FE7207A04F1700100F02BFDC4F86D
:106D8000A0000028EED16FF00B0473E70B2128461A
:106D900012F026FF06460028E9D001210C3010F041
:106DA00035FF092180462846FFF710FE234688F864
:106DB00000002246314605F1EC00FBF77FFE044659
:106DC00018B13046F6F702FC54E738460F2112F0AE
:106DD000F3FE0121284612F0EFFE4BE76FF07F042F
:106DE00048E76FF0040445E790B300202DE9F04137
:106DF000D0F8EC40D4F8A03000AF0646051D002BBB
:106E000047D14C48036813F0060F32D107214A4B93
:106E100013F80180D4F8A0304BB11B7B002B72D14A
:106E2000D4F8A00013F09FF80023C4F8A03002218A
:106E3000284612F078FE50B9B8F1070F96BF3F4BC5
:106E40001F2113F8081042462046FBF713FB0321CD
:106E5000284612F068FE00283ED0394B1B68002BF4
:106E60003AD01D6805B10C3D53F8083C002B53D1B6
:106E700055E0E84688B06A46324B5361324B936125
:106E8000032342F8103F4FF4C45112F087FEC54669
:106E9000BCE789BB0D21284612F045FE804620B193
:106EA000D4F8A00008B100F0B9FE254B1B689BB1D7
:106EB0001D6805B10C3D53F80C3C13B1414620460A
:106EC00098474DB12B46ED681B681DB10C3D002B5A
:106ED000F4D1F7E7002BF1D1304612F01CFF637BB1
:106EE000072B06D1627AA37A9A4202D02046FFF796
:106EF000B9FEBD46BDE8F0810139C9B20E2986D977
:106F00004FF0090886E70221284612F00CFE0028FF
:106F100086D18CE70C3D23B1414620469847002D91
:106F2000DAD02B46ED685B68002DF3D1002BF3D14E
:106F3000D2E700BF180C0020521C0400411C0400C2
:106F4000BC8C0020171A0400B61D04002DE9F04186
:106F5000031D00AF054688461846022112F0E3FDE6
:106F6000044620B1B5F8E840B4FA84F4640903217A
:106F7000184612F0D8FD08B341462846FFF736FF01
:106F80004CB32348036813F0060F0ED06C4688B04C
:106F90006A46204B5361204B9361032342F8103F14
:106FA0004FF4C45112F0FAFDA546D5F8EC000521C6
:106FB00011F0A6FB0020BD46BDE8F0810121184676
:106FC00012F0B1FD0028D7D10F21184612F0ABFD09
:106FD0000028D1D1D4E70521284612F001FE06464B
:106FE00090B101210C3010F011FE234680F8008092
:106FF0002246314605F1EC00FBF760FD0028D9D0B0
:107000003046F6F7E3FAD5E76FF06800D3E700BF44
:10701000180C0020451A0400CB1D04002DE9F8438C
:107020000B8A00AF05460E46B3B9594803685907A5
:107030000ED06C4688B06A46564B5361564B9361EE
:10704000032342F8103F4FF4C25112F0A7FDA546AA
:107050000020BD46BDE8F883012106F10C0010F0C8
:10706000FCFDA5F1EC04E83D80460421284612F021
:107070005AFD98B14648036813F0060FE8D06C46F5
:1070800088B098F800306A46444D5561424DC2E9D7
:10709000065342F8101F4FF40251D6E798F800301B
:1070A0000E2B09D93A48026812F0060FD0D06C4670
:1070B00088B06A463A4DE8E7DFF8E89059F833209F
:1070C000C2B93348026812F0060F0ED06D4688B080
:1070D0006A46354E5661304EC2E9066342F8101FCB
:1070E0004FF4025112F05AFDAD4607212046FFF73A
:1070F0002DFFADE71946204612F0E2FDF0B9244815
:10710000036813F0060F11D06E4688B098F800306F
:107110006A46264951612049C2E90613042342F810
:10712000103F4FF4025112F039FDB54603212846B5
:1071300012F0F9FC00288BD00821D7E798F800302E
:10714000318A09EBC30212798A4216D010480268CC
:10715000520710D06D468AB06A46154E56610E4EE3
:1071600013620523C2E9066142F8103F4FF4215132
:1071700012F014FDAD460A21B8E7314659F8333014
:1071800020469847014600283FF462AFAEE700BFB3
:10719000180C0020A11A04005F1D0400C01A04008E
:1071A000F51A0400A8D703001B1B0400391B0400B8
:1071B0002211040038B50F4B186018B9BDE83840EB
:1071C000FEF742BF0C480D4C07F0F0F900250621F0
:1071D000201D12F0A8FC38B12046FFF7B9FA01468D
:1071E00010B12046FFF7B2FE0135042D04F5BC7442
:1071F000EDD138BD54900020000E0020903A0020C0
:107200002DE9F04782B090F8E930D1F80C80D0F841
:10721000EC6023F0020380F8E93098F8003000AF0A
:107220000446002B3FD098F8063003F0C003C02B73
:1072300039D06E4C2368580730D04046F6F726FA0E
:107240006D468AB06A46DFF8A8A16A4BDFF8A881CC
:10725000536140F20139C2E906A0A2F820904FF430
:10726000115142F8108F204612F098FC23685907FC
:10727000AD4613D006F17000F6F708FA8AB06A46F8
:107280005E4BD061C2E9053AA2F820904FF411514B
:1072900042F8108F204612F081FCAD460A200837D4
:1072A000BD46BDE8F08706F1700907224146484611
:1072B00014F04CFB68B1307A414600F087FB05467C
:1072C00038B10146204612F037FC50B3284612F080
:1072D0004AFE0D21201D12F026FC002874D0317AC0
:1072E0004A46022012F02BFE0546E0B93F4C2368C7
:1072F0005A0716D04846F6F7C9F96D468AB06A466D
:107300003F4B53613A4BC2E9063040F201331384DC
:10731000394B42F8103F4FF41151204612F03EFC19
:10732000AD460820BBE7F378002B47D106F17E037A
:107330001878012828D19A7902F0C002402A23D176
:10734000D3F80120C5F83A20B3F80530EB8796F85A
:107350007030CBB196F8763003F0C003C02B13D059
:1073600028493A46C7E90098FAF70CFED8F80030E9
:10737000C5F80130B8F80430A5F8053098F80630A3
:10738000EB713046FBF746F82846F8F7A1FFC0B18D
:107390001648036813F0060F0ED06C4688B06A4694
:1073A000194B5361194B9361032342F8103F4FF47B
:1073B000C45112F0F3FBA546032070E706F17703F2
:1073C000B6E72846F8F794FF94F8E9305B0703D551
:1073D0000A21204612F0F0FBB4F8E81009B10020B1
:1073E0005DE72046FFF702FDF9E700BF180C00201B
:1073F000131D0400581B040004000001701B04004E
:1074000010190400ED9C03007C1B0400001D040007
:107410002DE9F84300AF0E46D0F8EC800446FEF7A5
:1074200097FD05461948F66803685B0710D0E946E2
:1074300088B033786A46164951611649C2E9061385
:10744000042342F8103F4FF4015112F0A7FBCD4640
:1074500004F104090A21484612F032FC40B175B922
:1074600020463178FFF7C2FC0020BD46BDE8F88316
:107470000B21484612F024FC0028F0D1F0E72B69DC
:10748000002BEDD040469847EAE700BF180C0020DB
:10749000BB1B0400DE1C04002DE9F8430546A0F1E7
:1074A000E80600AF044688463046012155F8EC99BD
:1074B00012F006FC28B3B8F1000F17D003213046B4
:1074C00012F031FBE8B14046F7F720FC0138C0B2BA
:1074D00008289ABF374B1C5C00240221304612F06A
:1074E0006BFB21462846FFF781FC0AE099F80B3038
:1074F0003BB10321304612F016FB28B9284612F0A2
:107500000AFCBD46BDE8F8830521304612F00BFBAE
:10751000B8B114F8043C1A0707D514F8033C1B074C
:1075200003D51121304612F047FB14F8043C23F038
:10753000080304F8043C14F8033C23F0080304F89F
:10754000033C14F8033CD80710D50621284612F056
:1075500033FB3046022112F02FFB2068D0F8A03018
:1075600063B134F8041C0029CBD1BBE7990701D5DE
:107570000821EBE75A07ECD50A21E7E70E4C236810
:107580005B07BED07030F6F781F86D468AB06A4668
:107590000A4B53610A4BC2E9063040F201331384AF
:1075A000084B42F8103F4FF41151204612F0F6FA02
:1075B000AD46A6E7491C0400180C0020E11B04009E
:1075C0008B1C040004000001F8B50446A0F5A0756A
:1075D0000F4803685B0700AF0ED06E4688B06A465E
:1075E0000C4B53610C4B9361032342F8103F4FF453
:1075F000C25112F0D3FAB54628460821FFF7F6FB30
:107600000421A4F59E7012F0D7FABD46F8BD00BF64
:10761000180C0020FA1B04007F1C04002DE9F04127
:1076200000AF044612F0BDFA054690B3061D0321D3
:10763000304612F078FA60B3D4F8A00008B112F026
:1076400092FC04F17008207A414600F0C3F8C4F8B7
:10765000A00008BB404C23685B0716D04046F6F7F5
:1076600015F86E468AB06A463C4B53613C4BC2E902
:10767000063040F2013313843A4B42F8103F4FF486
:107680001151204612F08AFAB54608212846FFF724
:107690005DFCBD46BDE8F0810E21304612F043FA94
:1076A00028B1D4F8A020537B43F0020353732A7A05
:1076B000D4F8A010032A4B7B3AD8002A3FD0D4F844
:1076C000A020537B43F0010353732B7D697BD4F8D7
:1076D000A0208B4228BF0B4613730521304612F0C1
:1076E00022FAD4F8A0305A7B90B342F010025A73B9
:1076F0000D21304612F017FA0028CAD0D4F8A000A5
:10770000202112F02CFCD4F8A03005F147021A33E6
:10771000573552F8041B43F8041BAA42F9D1D4F898
:10772000A020002313615361D4F8A0201383B0E795
:10773000053A012A03D843F020034B73BFE723F037
:1077400020034B73D4F8A020537B23F00103BBE745
:1077500022F010025A739CE7180C00201019040044
:10776000791D04000400000198B5144B93F8C23051
:1077700003F00603062B124B0CBF0122002200AFC0
:107780001A7016D00F4803685B070ED06C4688B09D
:107790006A460D4B53610D4B9361032342F8103F32
:1077A0004FF4C25112F0FAF9A5466FF00100BD4640
:1077B00098BD0748F9F73AFE0020F8E7F8030020E3
:1077C00090B30020180C00200A1C0400731C040055
:1077D000340800202DE9F8431B4FDFF870908046F5
:1077E0000D460026082417F8013C43450AD107221C
:1077F0002946384614F0AAF820B9154800EB86103F
:10780000BDE8F883082C07D107224946384614F012
:107810009DF8002808BF34460136082E07F14007BE
:10782000E1D1082C0ED00A4AA30102EB841002F821
:10783000038001332C68D4509918AB888B80AB79C6
:107840008B71DDE70020DBE75990002026F503006F
:10785000589000202DE9F3410E4C05460E46174680
:1078600004F50078E3897BB12378AB420CD1D4F8DE
:107870000100B4F80520E379009039466846ADF878
:1078800004208DF80630B04740344445EAD102B0B8
:10789000BDE8F081589000202DE9F041084C0546E4
:1078A0000E46174604F50078E3892B4202D039468C
:1078B0002046B04740344445F6D1BDE8F08100BFD2
:1078C0005890002008B5034900220220FFF7E4FF8A
:1078D000002008BD3B9F03002DE9F0410F4D0646F7
:1078E0000F4690460024B5F80D3033420DD015F800
:1078F000013CBB4209D107224146284614F026F834
:1079000018B907482044BDE8F0814034B4F5007F41
:1079100005F14005E7D10020F5E700BF59900020B0
:10792000589000202DE9F0410B78012B07460D46B9
:1079300002D00020BDE8F0818B7903F0C003402B1A
:10794000F7D11F4E002401F1010836F82C3C9A07AC
:107950000CD516F83A3CBB4208D1062231464046C7
:1079600013F0F4FF10B917482044E3E74034B4F5AE
:10797000007F06F14006E8D1134E002405F101080E
:1079800036F81C3C9B0714D516F82A3CBB4210D194
:107990004146304610F0A3F958B10A4BD5F8010022
:1079A00004F13A02D1189850B8F804208A80E018FF
:1079B000C0E74034B4F5007F06F14006E0D1B8E7F7
:1079C000929000205890002082900020F8B50C4D35
:1079D00006460F46002415F8013CB34208D10722A1
:1079E0003946284613F0B2FF10B906482044F8BDC6
:1079F0004034B4F5007F05F14005ECD10020F6E7F6
:107A000059900020589000202DE9F04190B0154683
:107A100000AF0446A0B9774803685A072CD06D46DA
:107A200088B06A46744B5361744B9361032342F8E8
:107A3000103F4FF4C2512346F2F70AFAAD461BE05D
:107A4000342207F10C011846A847061E1BDA6948C4
:107A500003685B0710D06C4688B06A46684B536178
:107A6000664BC2E90636042342F8103F00234FF468
:107A70000151F2F7EDF9A5466FF01505284640379C
:107A8000BD46BDE8F081391D204610F059F9054684
:107A9000A8B1584803685D07EED06D468AB06A46C3
:107AA000584B5361554BC2E9063440F201331384FD
:107AB000554B42F8103F00234FF41151BCE73946B3
:107AC00020460EF044F9386800B30A2229460AF02D
:107AD000ADFF042803460CD9464802685107CBD0B5
:107AE0006C4688B06A46494951614449C2E9061367
:107AF000B9E7C0B256BB01463A1D3F20FFF7ECFE86
:107B000030B14022314614F0DDF9B7E72846F1E7FD
:107B1000384C236813F0060FB0D0381DF5F7B6FDCA
:107B2000E8468AB06A463A4B5361344BC2E90630A4
:107B300040F201331384344B42F8103F4FF412519A
:107B400033462046F2F784F9C54697E7391DFFF71B
:107B500041FE0446F0B9274D2B685A0717D0381D4F
:107B6000F5F794FD6E468AB06A462A4B5361234B63
:107B7000C2E9063040F201331384234B42F8103F30
:107B80004FF4115123462846F2F762F9B5466FF0DB
:107B90000B0573E7342E1AD0164803685B0712D022
:107BA0006D468AB06A461C4B5361144BC2E90636D7
:107BB00034231362052342F8103F00234FF4215170
:107BC000F2F746F9AD46204612F0CDF954E707F139
:107BD0000C0200F10C0307F13C06144603CCB4423E
:107BE00018605960224603F10803F6D12068186036
:107BF00044E700BFF40B0020F6F50300D41E040098
:107C0000241E0400F51204000400000115130400F2
:107C1000471E04006E1E0400911E0400B0B501460C
:107C2000024600AF11F8010B34230C32F6F7B4F919
:107C30000446A0B10B4803685B0710D06D4688B0BE
:107C40006A46094B5361094BC2E90634042342F8E2
:107C5000103F00234FF40151F2F7FAF8AD462046E9
:107C6000BD46B0BDF40B0020B31E0400DD1E0400B1
:107C70002DE9F0479AB01D46DDE923972E4B1646B5
:107C80000CAA84468A4603F1300E9046186859685B
:107C9000144603C4083373452246F7D118681B798C
:107CA000206023716146202204A812F06FF9234856
:107CB0006B46202204A912F0F6F90446C0BB10223C
:107CC00051460DF1350012F061F9102231460DF1E7
:107CD000450012F05BF92946062211F8013B8DF8A8
:107CE00055300DF1560012F051F92299062211F883
:107CF000013B8DF85C300DF15D0012F047F94B4609
:107D000035224146684612F0CEF9044680B948460D
:107D100012F046F901238DF8303035223B464146BA
:107D2000684612F0C0F9044610B9384612F038F926
:107D300020461AB0BDE8F0874ECD0300FB1E0400BC
:107D400070B598B00E4614460146202204A81D4680
:107D500012F01CF9202231460CA812F017F910225B
:107D6000294614A812F012F910222146684612F092
:107D70000DF96B46502204A9184612F094F940B947
:107D8000039B054A1BBAB3FBF2F102FB11331C9AA9
:107D9000136018B070BD00BF40420F00084B70B5B3
:107DA000C31A0D4607499B10044659430648402212
:107DB00012F0A0F92B4601462046BDE87040184756
:107DC0006C920020B76DDBB604C2030073B50C4C97
:107DD0000C4A4023041B00930D460B460A49A4108D
:107DE00061430646094812F0B0F9011E05DA304633
:107DF0002B4602B0BDE87040184702B070BD00BF0E
:107E00006C920020B3A10300B76DDBB604C203007F
:107E100010B5EFF31184402383F31288BFF36F8F03
:107E2000074A136823F00201DB07116002D4012026
:107E300012F0F6FD84F31188BFF36F8F10BD00BF01
:107E4000BC920020002270B5012104461046F5F7CF
:107E50004BF80F4804F0BCFD0E4B984215D112F0C0
:107E6000E4FD26690C4930460DF0AFFA00280BDB23
:107E7000012535642469084904F11C000DF0A5FAB8
:107E8000002801DBE564002070BD6FF00400FBE713
:107E90009D7F02000000AD0B20D803007FB50022BB
:107EA0000123CDE9022304ABCDE90433094ACDF81F
:107EB00000D06B46CDF804D012F074F9002805DB31
:107EC0004FF480420023684606F096FB07B05DF849
:107ED00004FB00BFD1A1030030B4104B0C2202FB05
:107EE000003301460020D3E90E529863EFF311806E
:107EF000402484F31288BFF36F8F1C6C04F0C0041D
:107F000044F002041C6480F31188BFF36F8F1DB12D
:107F10002B46034830BC184730BC70476C92002099
:107F200004C2030010B4EFF31182402383F31288DC
:107F3000BFF36F8F1748016841F002040460C8075F
:107F400007D482F31188BFF36F8F012010BC04F0B7
:107F50002FBD4FF08041D1F80C04D1F80C14C907A3
:107F6000EFD5EFF3118083F31288BFF36F8F0A49C7
:107F70000B6C03F0C00343F002030B6480F3118821
:107F8000BFF36F8F82F31188BFF36F8F002010BC97
:107F9000FFF7A2BFBC9200206C92002010B1012814
:107FA00004D07047034B1B6C5B0701D1FFF794BFF4
:107FB000704700BF6C9200202DE9F0413849BFF3B3
:107FC0005B8F0746012251E8003F41E8002000286E
:107FD000F9D1BFF35B8F33B9324933484B60CB6083
:107FE0008A600DF005FA7B1E012B2BD8012F07D1DB
:107FF0004FF08043D3F81C3403F00303012B21D04E
:1080000013F05CF90546F8B9284B1B78E3B14FF043
:1080100080430222C3F808230646DFF894804FF01D
:108020008044D4F81824D4F81834D20315D503F0BA
:108030000303012B01D0012F0FD155B386F3118813
:10804000BFF36F8FBDE8F081EFF31186402383F318
:108050001288BFF36F8F0125DFE7ADB130460FF017
:1080600045FDD4F81835002BDBD1D4F80421002AC3
:10807000D7D0C4F80431D4F804310123C4F818353A
:10808000C8F88031A360CCE70021212007F0AEF8CA
:10809000E7E74FF080430222C3F80423D2E700BF92
:1080A0006892002058920020889200201AD7002061
:1080B00000E100E010B5044C2046F0F70BFE20462E
:1080C000F5F772F9002010BDCD80020073B5104E97
:1080D0008DF807000446032501220DF10701002059
:1080E00005F0D6FE20B101233370204602B070BDEA
:1080F0003378002BF9D0013D08D013F0DFF80028C9
:10810000EAD10021422007F071F8E5E73570ECE78D
:1081100093B30020EFF31182402383F31288BFF35F
:108120006F8F0A4BD3F8001161B10021D3F8080515
:10813000C3F80011D3F80031C0B282F31188BFF345
:108140006F8F70476FF00A00F7E700BF00D0004064
:10815000F0B5034610469C7893F803C0EFF3118204
:10816000402585F31288BFF36F8F1F7893F801E0E5
:10817000E41B04EA0C04A04288BFA0B23E180CEA3B
:1081800006063D461E7082F31188BFF36F8F0A18F2
:108190008A4216D177450CD1EFF31182402181F349
:1081A0001288BFF36F8F1978597082F31188BFF36B
:1081B0006F8F1B79241AA34222BF064B01221A603B
:1081C000F0BD5E190135767901F8016B05EA0C0501
:1081D000DEE700BF00D00040DB432DE9F04713F09D
:1081E00001050E46144604D02248FFF7B1FFBDE852
:1081F000F0879AB3EFF31188402383F31288BFF31B
:108200006F8F0D20F4F762FE07460D20F4F74AFE4B
:1082100088F31188BFF36F8FDFF85CA0DFF85C8014
:10822000CAF80051DAF800314FF400590123CAF8B6
:1082300000302546C8F88091DAF8003183B1FFF7A5
:1082400069FF031EC8F88091F6DB013DADB273559E
:10825000002DF1D117B10D20F4F716FE2046C6E728
:10826000EFF31180402383F31288BFF36F8F0FF079
:108270003DFCE1E7F092002000D0004000E100E08A
:108280002DE9F041124F0D46144607F1450814B987
:108290002046BDE8F0814FF0FF334FF0FF32384603
:1082A00006F0AAF9224629464046FFF751FF064646
:1082B000384606F07BF93EB94FF0FF324FF0FF33FE
:1082C000044806F099F9E6E7A41BA4B23544DEE7BA
:1082D000C0920020D892002038B5194C01221146D6
:1082E000204612F0CCFE0122002104F1180012F009
:1082F000C6FE40F20743A4F848304FF07063236392
:108300000C2384F8343000250E4B84F84550A4F833
:108310004650D3F8042522F00102C3F804250121B8
:10832000C3F80051D3F80021C3F804132A4619609A
:108330000D20F4F7D9FD0D20F4F7A6FD284638BD31
:10834000C092002000D0004010B5FFF7E3FE0028E7
:1083500020DB174B93F8322093F8314093F8331019
:10836000141B31EA0404C0B20DD193F8472093F8EE
:10837000464093F84810141B31EA04040BD10D4B0E
:1083800001225A600EE09C180132114084F8350039
:1083900083F8321010BD9C180132114084F84A0055
:1083A00083F847100448BDE8104006F0FFB800BF4E
:1083B000C092002000D00040D8920020024B0B60F9
:1083C00001231360704700BF1493002000487047DA
:1083D0008CD80300B0B503460D480268520700AFC1
:1083E00011D06C468AB06A460A4D55610A4D116239
:1083F000C2E90653052342F8103F00234FF42151F0
:10840000F1F726FDA5466FF01500BD46B0BD00BFD3
:10841000440C00206D1F0400D31F040010B501227E
:1084200011460748074C12F02AFE04F01BFB12F01D
:10843000ADFB206012F0A6FB6060002010BD00BF05
:108440001C930020149300204FF08042D2F81015A6
:10845000D2F8103501F01E0123F01F030B4343F047
:108460000103C2F81035024B00221A70704700BF9A
:1084700094B300204FF08053D3F83031082B20D133
:108480004FF08042D2F81015CB071AD5D2F810352C
:1084900001F01E0123F01F030B43C2F81035D2F880
:1084A00008315BB1D2F8103523F01F030B4343F0C2
:1084B0000103C2F810356FF08B007047024B0122A8
:1084C0001A700020704700BF94B30020F8B504462E
:1084D00012F058FB237B05460BB112F0B5FA134F8F
:1084E0000026FFF7C7FFE8B9606805F0D1F8A36878
:1084F0005B1BA36063682B4463603B780BB1FFF7A1
:10850000A3FF237B01363BB9A368002BE9D1A06808
:10851000003818BF0120F8BD304604F055FB002894
:10852000F2D0F4E76FF08B00F5E700BF94B30020C2
:1085300070B5037B04460BB112F086FA194E012583
:10854000A368032B06D8184AD2F80034DB07FBD502
:10855000002070BDFFF78EFF08BB236860681968B4
:1085600005F0B6F833780BB1FFF76EFF636804339C
:108570006360236804332360A368043BA360237B08
:108580000135002BDCD0284604F01EFB0028D7D094
:10859000054AD2F80034D907FBD50120D9E76FF09E
:1085A0008B00D6E794B3002000E001402DE9F041B4
:1085B00086B000AF0E46154612F0E4FA2946804612
:1085C000304611F046FE034600283ED0B6FBF8F3D5
:1085D00008FB136323B9B5FBF8F408FB1454E4B1AA
:1085E0002E480368590711D06C468AB06A462C4B56
:1085F00053612C4B1562C2E90636052342F8103F41
:1086000000234FF42151F1F723FCA5466FF0150428
:1086100020461837BD46BDE8F0814545F8D34FF0F8
:10862000FF334FF0FF32204805F0E6FF12F000FA6A
:1086300007F108030146C8B91022184613F042FC9E
:10864000C7E90365FFF742FF22E0144802685207BA
:10865000DCD06C468AB06A461449516111491562F2
:10866000C2E90616052142F8101FCAE7102221466A
:10867000184613F027FC01223A750D4AC7E9036535
:10868000C7E900200B4804F0F5F9384604F0F8F982
:108690000446054805F08AFFBAE700BF440C0020F5
:1086A0008E1F0400F21F04001C9300206D1F0400A5
:1086B000CD840200645E0100F0B50D4687B0194616
:1086C00000AF28461C46164611F0C3FD0346D0B93C
:1086D0002B480268510710D06E468AB06A46294975
:1086E000516129491462C2E90615052142F8101F9B
:1086F0004FF42151F1F7ACFBB5466FF0150420465D
:108700001C37BD46F0BD45EA04039A0711D01C484A
:1087100003685B07F1D06E468AB06A461B4B536113
:10872000194B1462C2E90635052342F8103F0023B5
:10873000DEE7002CE3D04FF0FF334FF0FF32144858
:1087400005F05AFF12F074F90346C7E9026507F114
:1087500008003C6183B101233B750E4BC7E9003033
:1087600041F64C5004F086F9384604F089F9044685
:10877000074805F01BFFC2E73B75FFF7D9FEF6E798
:10878000440C00206D1F0400E21F0400B11F040010
:108790001C93002031850200F0B54068057B01F094
:1087A0001F0444EA4514056987B0002D64D0B2F572
:1087B000001F00F1100506D12146284612F0D7F916
:1087C000002007B0F0BD01AE0027B2F5800F019781
:1087D000776039D1B3F1007F14BF052304238DF8EE
:1087E00004300023CDE904630393836823FA01F185
:1087F00011F001011AD1B2F1A07F17D104F01F03CB
:10880000620903F5E0732AD0012A3BD11F4A52F8CE
:108810002330DB070AD40DF10306324621462846F1
:1088200004F090FD1A4B98421CD0029603AA2146F0
:10883000284604F049FC174B984220D101222146DA
:10884000284604F0E3FDBBE7B3F1C06F05D0B3F1F8
:10885000007F14BF01230223C1E70323BFE74FF0CA
:10886000A042D4E73146284604F0CAFD094B98429D
:10887000DBD06FF00B00A4E76FF08500A1E76FF08D
:1088800015009EE751F82330FFDE00BF00030050C3
:108890000400AD0B0000AD0B38B545682B69B3B1D2
:1088A0001035284604F09CFD044680B90146284650
:1088B00004F062FD084B98420BD108492246284635
:1088C00004F03AFD224605210620F4F70DFB0020B6
:1088D00038BD6FF00400FBE70000AD0BE18802003B
:1088E000420970B5034602D0012A17D070BD0D4E63
:1088F000326951680029F9D003F01F0301250C6883
:108900009D400029F2D08A682A4002D04B68304648
:1089100098472CB1236821461C46F2E7024EE7E750
:108920002346F8E72CC2030018C203002DE9F043E8
:10893000466840F20635D006337B87B002EA05056B
:1089400054BFC2F34010032001F01F07B5F5837F29
:10895000144647EA43178DF8030045D00FD8062D7B
:1089600018D007D8B5B1022D40D06FF0150007B070
:10897000BDE8F083B5F5807FF7D101250AE040F22C
:108980000222954234D0B5F5407F33D0B5F5007F53
:10899000EBD102250123220303FA01F12CD57368E0
:1089A000C3F80815326982BB07F01F037F0929D07D
:1089B000012F77D13E4A02EB830284F48033D2F850
:1089C0000017C3F30043C4F3404444EA430421F4D2
:1089D000E16144EA800421F0070144EA05230B43E6
:1089E000C2F800370020C2E70725D3E70425D1E706
:1089F0000525CFE70325CDE7630344BF7368C3F8BC
:108A00000C15CFE74FF0A042D5E710360DF102026A
:108A10003946304604F096FC14F4403F80460CD1B1
:108A20003946304612F0A1F8224B9845DAD19DF82C
:108A30000210304604F0DEFCD4E701AB4FF0000931
:108A400003AA39463046CDE90439CDE90199CDF87C
:108A50000C9004F039FB174B984286D114F4003384
:108A600015D09DF803308DF80E3084F48034C4F3B3
:108A700000444B4603AA394630468DF80C508DF819
:108A80000D4004F0DBFB0B4B9842CDD06DE7CDE9F8
:108A9000043303AA0DF1030339463046039304F06F
:108AA00013FBF0E703F5E07352F82330FFDE00BF5D
:108AB000000300500000AD0B036803F01F025B09C8
:108AC000026004D0012B034818BF002070474FF00C
:108AD000A0407047000300502DE9F04F544FDFF8DD
:108AE000548185B09246814600EB810140F2FF1629
:108AF000494503D1002005B0BDE8F08FD9F800301A
:108B00005804C3F3C322C3F3080400F18B801B0E87
:108B1000043BBD5CB44208BF4FF0FF34152B00F29C
:108B20008480DFE803F00B1223828282822B5A8238
:108B300082828282828282825D737679621CCAF826
:108B400008456CD109F10409D2E7631CCAF80C4549
:108B5000F8D04FF0010B03A80394FFF7ADFF039B80
:108B6000012202FA03F3C0F80C3511E0CAF81045EF
:108B7000601CE7D04FF0000B5A4609E0CAF80845E0
:108B8000002DF5D1631CDDD04FF0000B5A460625B1
:108B9000D9F80030019303F40040002818BF0022E8
:108BA00003A8009218BF4FF0010B0394FFF784FF56
:108BB000039C019B009A00EB8400C3F3412CD0F886
:108BC00000472B0243EA8C03134304EA08042343BF
:108BD00043EA4B03C0F80037B4E7CAF80C45CFE7C7
:108BE000CAF86045621CD9F80030ABD0C3F300432B
:108BF000002BAED003A80394FFF75EFF039B4FF05A
:108C0000010B0BFA03F3C0F80835B5E7CAF8644561
:108C1000E8E7CAF86845E5E7CAF86C45E2E74FF0CF
:108C2000000B98E76FF0150065E76FF0850062E7CD
:108C300042200400F0F8FCFF2DE9F0474568D0F829
:108C4000108000AF06460021686B11F00EFC041E78
:108C50001FDBA96B481C36D005F13C0000F0F6FB89
:108C600010F1130F044618D1424803685A070ED07A
:108C70006C4688B06A46404B5361404B9361032376
:108C800042F8103F4FF4C25111F0ECFBA5466FF0D3
:108C900012042046BD46BDE8F087431D13D1354878
:108CA00003685D07F5D06D4688B06A46344B536162
:108CB000324B9361032342F8103F4FF4C25111F03D
:108CC000D1FBAD46E5E7EB6A9847D8F808504FF07E
:108CD0000109D8E9023203EBC2039D420AD34046A0
:108CE00011F006FC73680021586B11F0BEFB00EA1E
:108CF000E074CEE7286812F02EF8C0B91D4803686A
:108D00005907C4D02B686C468AB019682B796A461B
:108D10001C4D556113621C4D40F2013393841B4B73
:108D2000C2E9065142F8103F4FF43151ACE72868D0
:108D30002979EB88D0F810C0D0F808A0DCF8004002
:108D4000DA0754BF43F4B01383F4D01323F4801232
:108D500009FA01FEDB074CBF44EA0E0424EA0E04C4
:108D6000CCF80040DAF800309847041E91DB083553
:108D7000AFE700BF880C00204A2004005322040003
:108D8000792004009A200400362204000500000126
:108D90002DE9FF410569D0F804802B6E0646A86DC9
:108DA000002835D1002B53D0B8F830406A6DEF6DF4
:108DB0009C4228BF1C46EB6D53B1296E41B107F0B0
:108DC0006041B1F1005F03D0082C6F6F28BF082409
:108DD00000926A6DAC661AB1AA6D002A18BF2246CD
:108DE000CDE901271BB12B6E002B18BF23460022B3
:108DF00069464046039304F087FE184B984229D0F9
:108E00006FF00401304604B0BDE8F04111F092BBB0
:108E1000696DEF6DB8F830400A46ABB1834228BFA8
:108E200003469C4228BF1C460029C4D001F0604381
:108E3000B3F1005FBFD0082C28BF08242246286F5A
:108E400013F018F82A6FB6E7844228BF0446EBE710
:108E50001946D7E704B0BDE8F08100BF0000AD0BB4
:108E6000B0B5027800AF03463AB90C69A26E32B9C8
:108E7000606E6FF0730111F05DFBBD46B0BDE06D3B
:108E800040B1216E31B1DB6823B1834202D0616F02
:108E900012F0F0FFA36DA26EA3B19A422ED9304812
:108EA00003685A070ED06D4688B06A462D4B536151
:108EB0002D4B9361032342F8103F4FF4C25111F040
:108EC000D1FAAD46236EA26EA3B19A422FD924489F
:108ED00003685B070ED06D4688B06A46214B53612C
:108EE000224B9361032342F8103F4FF4C25111F01B
:108EF000B9FAAD46606EFFF74BFFBEE79B1AA3655C
:108F00007BB9636C08336364A36C013BA36404F115
:108F1000580204F1480104F1440011F090FA606530
:108F2000D0E7636D002BCDD013446365CAE79B1A6D
:108F300023667BB9E36C0833E364236D013B23654F
:108F400004F1600204F1500104F14C0011F077FAD1
:108F5000E065CFE7E36D002BCCD01344E365C9E7B0
:108F6000880C0020C2200400972204008122040003
:108F70002DE9F04F8DB000AFC7E9023243687B6046
:108F80008B88046905469804884641D44FF0FF3227
:108F90004FF0FF3304F1100005F02EFBC4F80480FD
:108FA000D5F804A0D5F81090DAF808303B6099F8AD
:108FB0006D3023B1D9F80030984500F05281B8F8EF
:108FC00004B01BF4006F2AD08848036859070ED0FC
:108FD0006D4688B06A46864B5361864B9361032386
:108FE00042F8103F4FF4C25111F03CFAAD466FF019
:108FF000850623689B8813F4005304D1636004F151
:10900000100005F0D3FA30463437BD46BDE8F08F86
:10901000A369002BBAD163689942B7D1C0E71BF0AE
:10902000010F1AD0714803685A0713D02B686D4698
:109030008AB06A46704951616E49C2E9061340F22E
:10904000013313846D4B42F8103F4FF4115111F06E
:1090500009FAAD466FF01506CBE71BF0080F10D0EC
:10906000624803685B07F5D06D4688B06A46644B7A
:109070005361604B9361032342F8103F4FF4C25198
:10908000E5E7CBF34513082B08D0584803685E0783
:10909000E0D06D4688B06A465A4BE9E7D8F80060E0
:1090A000594B9E4208D8514803685D07D2D06D469F
:1090B00088B06A46554BDBE70AF10C0EBEE80F009C
:1090C00007F1100CACE80F009EE80F008CE80F00D1
:1090D0003B68B34228BF33461E464D4B9E4217D2D3
:1090E0004C4B9E4214D24C4B9E4211D24B4B9E4253
:1090F00060D84B4B9E425FD84A4B9E425ED84A4B4B
:109100009E425DD849494A4B4A4A8E4288BF13461F
:109110001BF0020F7B620BF0040353D0002B14BF33
:109120000323022387F82830CBF3001387F8293074
:10913000DAF80030D3F808251BF0020F4FEA52137B
:10914000CBF3400102F01F0243D1002B3ED0012B94
:1091500040F04B81384901239340C1F80C3599F810
:109160006D302BB1504604F095FC002389F86D302A
:10917000324A2B4607F11001504604F057FC304AA2
:109180009042034668D01948026851070FD06D46D7
:1091900088B06A462B4951611649C2E90613042377
:1091A00042F8103F4FF4015111F05CF9AD466FF0F9
:1091B00004061EE7244BABE7244BA9E7244BA7E7A3
:1091C000244BA5E7003B18BF0123ABE74FF0A041BC
:1091D000C1E743B1012B40F00B81174901239340B4
:1091E000C1F80835BBE74FF0A041F7E7880C002035
:1091F000E4200400AD220400022104000400000168
:10920000282104004B21040047E801007E210400CE
:109210000048E8010024F40000127A00FF083D0035
:109220007F841E003F420F001FA107008FD0030064
:1092300048E8010090D0030000030050618E020056
:109240000000AD0BB321040000093D0080841E0026
:1092500040420F0020A10700012389F86D30C9F8B2
:109260000080012384F86C307B68996B4A1C19D00C
:1092700003F13C0011F06FF9743013D15E480368BC
:1092800013F0060F0ED06E4688B06A465B4B5361F2
:109290005B4B9361032342F8103F4FF4C45111F02C
:1092A000E1F8B546FB68002B75D163640023A36425
:1092B00004F1580204F1480104F1440011F0BFF830
:1092C000BB686065002B6ED1E3640023236504F165
:1092D000600204F1500104F14C0011F0B0F80026D6
:1092E0003246E06501212046266411F0E1F8284667
:1092F000FFF74EFDA06C3246334683425BD100231C
:10930000266D1946B1425DD19342A04638BF13463F
:109310004FF4FA5202FB03F658F8283B4FF4004C86
:109320001B68B6FBF3F640F2E730C83600214FF475
:109330007A720023E6FB0C01E9F792FE02460B4627
:10934000404605F059F90246002842D02A480368F1
:109350005B070ED06E4688B06A462A4B53612A4B93
:109360009361032342F8103F4FF4C25111F07AF891
:10937000B54600267868A66604F08CFB84F86D601C
:109380006FF07301284611F0D5F8404605F05AF900
:109390006FF073062DE6FB681B686364002B85D0B5
:1093A000FB685B6883E7BB681B68E364002B8CD0B9
:1093B000BB685B688AE7616C01EBC30101334968F4
:1093C0000A449AE7E06C00EBC100013140680344B5
:1093D00098E7266C16F1740FCBD0002E3FF409AE3F
:1093E0000146286911F064F803E6C1F80C15FFDEA8
:1093F0000023C3F80835FAE7880C0020DE210400BA
:10940000B72204000C2204006122040000F01F02B5
:1094100040090DD001280ED10A4B03EB82030A4A02
:10942000D3F80007024042EA8102C3F800277047E0
:109430004FF0A043F1E702F5E072002353F8223029
:10944000FFDE00BF00030050F0F8FCFFF0B587B06E
:1094500001238DF8023002238DF804306B4403930E
:109460000F4601AB0DF10301002404930546029160
:10947000059403F0C5FF0C4B984206460FD103AA92
:109480003946284603F020FEB0420BD09DF8031069
:10949000284603F0AFFF6FF0040007B0F0BD6FF097
:1094A0001200FAE72046F8E70000AD0B70B5012383
:1094B00083400E4ABFF35B8FDC4352E8001F01EA92
:1094C000040542E80056002EF7D1BFF35B8F4FF43E
:1094D000803282400648C0F80823BFF35F8FBFF395
:1094E0006F8F0B4214BF0120002070BD50930020ED
:1094F0000010014070B40E49D1E90034D01AC318ED
:1095000044F1000422F07F46C1E90034A6F50013BF
:10951000B3F5400F09D2074B1B681A0A1B069C19AA
:10952000054B42F10005C3E9004570BC06F036B8B2
:1095300080400020549300208840002011B3BFF3E6
:109540005B8F0123104A834052E800CF4CEA030CA2
:1095500042E800C10029F7D1BFF35B8F0B4A4FF4FB
:1095600080338340C2F80433094BBFF35B8F1B6821
:10957000BFF35B8FC340DB0742BF064B4FF40032A3
:10958000C3F80021704700BF509300200010014035
:109590004C93002000E100E00D4B1868010A000622
:1095A000BFF35F8F0B4BD3F80435181841F100015E
:1095B000B3F5801F0AD2084BD3E90023904271EB28
:1095C000030303D210F1807041F10001704700BF26
:1095D0005493002000100140884000202DE9F04FF6
:1095E00085B016461F469DF840A00446FFF75EFF73
:1095F0000190FFF7D1FFB04271EB070354D23E4B0D
:10960000301A67EB0101984271F100014FD23B4BD8
:1096100003EB0413D3E902239F4208BF96425ED0B6
:1096200037494FF4803804F1500508FA04F8AD00CA
:10963000C1F848832046ADB210F0B5FF26F07F4B4D
:1096400005F1804504F5A87305F58835DC464FF033
:1096500003090293029A2CF07F4341F82230C1F8AB
:109660004483D1F80435274A6FF00200C01A6044E1
:1096700020F07F40904232D9286868B1D1F8043593
:109680000393A3EB0B0020F07F40B0F5000F26D929
:10969000204610F088FF039BBAF1000F07D109EBB9
:1096A000030C09F10109D5E7BAF1000F09D06FF0F9
:1096B000150520460199FFF741FF284605B0BDE892
:1096C000F08F0123104ABFF35B8FA34052E8000FD5
:1096D000184342E800010029F8D1BFF35B8F074926
:1096E0000E98230101EB0412C8500F9B5360C2E98E
:1096F00002670025DDE700BF010080007040002008
:1097000000100140FDFF7F004C9300207FB51C4CF2
:109710001C4BC4F80833C4F848331B4B00254FF0EA
:10972000FF304FF0FF31C4F80855C3E902014FF490
:109730008033C4F80433154B02264FF40032012164
:10974000C4F804631120C3F880212A46F3F7CCFB48
:109750001120F3F799FB0E4A0123A36023601360E5
:109760000C4B0D4A0093CDE9015500232846FFF725
:1097700035FF3046FEF720FC284604B070BD00BF20
:109780000010014003000F007040002000E100E0E5
:1097900050930020F5940200FFFF7F002DE9F7436E
:1097A0002B4CD4F8043399070BD5D4F8043143B1CA
:1097B000284A0023C4F80431D4F804311368013373
:1097C0001360D4F80433DA0323D5BFF35B8F224B45
:1097D00053E8002F22F0010143E800100028F7D1E0
:1097E000BFF35B8FD30702D4D4F840318BB100258F
:1097F000C4F84051D4F84031FFF7CEFEEFF31082A9
:1098000072B6164BD3E90267B042B94104D282F373
:10981000108803B0BDE8F0834FF0FF384FF0FF39F8
:10982000C3E90289D3E900101D604FF48033C4F806
:109830004833C4F84051D4F8403182F310880029ED
:10984000E7D0009032463B4628468847E1E700BF14
:1098500000100140549300204C93002070400020E1
:1098600030B5431C124C85B005D08442A8BF0446D5
:10987000012CB8BF0124FFF78FFE0E4B0C4DD3E92E
:109880000013401AB0F5000F10D22218AA4228BFC8
:109890002A4652184FF0000007490091CDE9010017
:1098A00043F10003FFF79AFE05B030BD2A46F0E70A
:1098B000FFFF7F0080400020F594020008B5FFF70D
:1098C0006BFE024B1B68C01A08BD00BF8040002021
:1098D00010B5084C012363601120F3F7E3FA064B3F
:1098E000C4F80833C4F84833044B4FF40032C3F8CB
:1098F000802110BD0010014003000F0000E100E0D6
:1099000000487047ACD9030090B587B000AFFB1D8D
:10991000F971BB601446012307F1080207F1100139
:10992000C7E90423FB6010F05DFE0346C8B10F4891
:109930000268520712D06C468AB06A460C495161DF
:109940000C49C2E9061340F206231362052342F8CC
:10995000103F4FF4215110F042FEA5461C37BD4682
:1099600090BD204611F0F2F9F8E700BF3C0C002052
:10997000DD22040022240400F0B50C1E8DB0054643
:1099800000AF4DDB4668316A04EB030C614547D3F9
:109990000121C7E90A234FEA244C07F1080364BAFE
:1099A000C7E90431FC8007F120033C1D87F805C09E
:1099B000BC604FF0000C0424BB6102233971C7E97D
:1099C00008C4FC60FB6110F014FE314651F8040B32
:1099D00007F1180307F1100210F0F5FD044628699D
:1099E00010F022FEC4B1104803685B0712D06D4628
:1099F0008AB06A460D4B53610D4BC2E9063440F202
:109A00001D131362052342F8103F4FF4215110F04B
:109A1000E6FDAD466FF0040420463437BD46F0BD88
:109A20006FF01204F8E700BF3C0C0020DD220400B8
:109A3000C723040090B58DB000AFD723FB71FB1D89
:109A4000BB60B962012307F10801C7E904130022D2
:109A50000146C7E90823FB60022207F12003C7E99A
:109A6000063251F8040BFA6207F1180307F11002ED
:109A700010F0A9FDC0B10E4B1A68520712D06C4607
:109A80008AB06A460B4951610B49C2E90610C021F0
:109A90001162052142F8101F18464FF4215110F0B1
:109AA0009EFDA5466FF004003437BD4690BD00BF53
:109AB0003C0C0020DD220400FA23040090B587B09E
:109AC00000AF13147B713B1DBB600423FB6007F1E7
:109AD0000803397152BA3B610446012340687B6137
:109AE00007F11001FA8010F07DFD0346D8B111484E
:109AF0000268520712D06C468AB06A460E4951611C
:109B00000E49C2E9061340F29D131362052342F881
:109B1000103F4FF4215110F062FDA5466FF0040094
:109B20001C37BD4690BD204610F0A5FD0028F7D09B
:109B3000F4E700BF3C0C0020DD220400E923040010
:109B40002DE9F0470D1E86B0064600AF9046C0F2E4
:109B5000BB80D0F80490AB18D9F820209A42C0F00E
:109B6000B380B9F82E3095FBF3F203FB1252002AB2
:109B700040F0AD80B8FBF3F203FB1283002B40F002
:109B8000A68010F036FD99F83030002B5AD1D9F864
:109B90002030434556D14F4B7B603B1DBB600423B7
:109BA000FB6007F108033B617068012307F11001B6
:109BB0007B6110F017FD034600B347480268520767
:109BC00012D06C468AB06A46444951614449C2E9A0
:109BD00006134FF4BF731362052342F8103F4FF48E
:109BE000215110F0FCFCA5466FF00404306910F020
:109BF0001BFD20461837BD46BDE8F087304610F003
:109C00003AFD04460028F1D0EEE7D9E909A32BB1CB
:109C1000AB421CD8554501D2AAEB030A99F8313062
:109C2000BBB9D04515D30AF1FF332B4211D12A46D7
:109C30007C213046FFF742FF55440446A8EB0A0852
:109C4000002CD3D1B8F1000FDFD14446CEE79A46BD
:109C5000E4E7B9F82C30434502D8013B2B421BD036
:109C6000B9F82E30434523D91B4803685B0710D051
:109C70006C468AB06A461B4B53611B4B1562C2E9A6
:109C80000638052342F8103F4FF4215110F0A7FC8D
:109C9000A5466FF01504A9E72A4650213046FFF784
:109CA0000DFFB9F82C3004461D44A8EB0308C7E7A4
:109CB000013B2B42D8D12A4681213046FFF7FEFED8
:109CC000B9F82E300446EFE76FF0120491E76FF019
:109CD00015048EE7C794809A3C0C0020DD22040016
:109CE0000F24040009230400302404002DE9F04F60
:109CF000B1F1000A89B0054600AF16461C465FDB8D
:109D0000D0F804800AEB0301D8F820308B4257D3F7
:109D100010F06FFC4FF05809002C3FD0B8F82E100F
:109D2000686887F804904B4203EA0A030B44A3EBEC
:109D30000A034FEA2A41A34279719AFA9AF128BF9D
:109D40002346F98007F110019B46B9603B1D0221B3
:109D50003B61F960042307F10801C7E90536C7F83C
:109D60001CB010F03FFC014600B3174803685B07C6
:109D700012D06C468AB06A46144B5361144BC2E948
:109D8000063140F239131362052342F8103F4FF4B5
:109D9000215110F024FCA5466FF00404286910F04E
:109DA00043FC20462437BD46BDE8F08F284610F01E
:109DB00062FC0028F0D15E44DA44A4EB0B04ABE76C
:109DC0006FF01204EDE700BF3C0C0020DD22040020
:109DD000DB2304002DE9F04F8FB006694568744914
:109DE000F06400AF044606F1180011F018FA0023E1
:109DF00086F84830286810F0AEFFF8B96D4803685F
:109E0000590714D02B686C468AB01B686A466A49A9
:109E100051616A49C2E9061340F201331384684B69
:109E200042F8103F4FF4115110F0D9FBA5466FF0E6
:109E3000120528463C37BD46BDE8F08FE86818B1EA
:109E400010F089FF0028D9D0204610F0D2FBAA8E4E
:109E50006068AB21FFF758FD656805F137037B604B
:109E60009F23FB7207F10B0301263B6107F11009E9
:109E70000023C7E90A36C7E9069607F10C0A4FF036
:109E8000030B07F12808022329467E61C7F830A09A
:109E9000C7F834B0C7F820807B6251F8040B07F193
:109EA000200307F1180210F08EFB0346C0B14148B1
:109EB0000268520711D06D468AB06A464149516125
:109EC0004149C2E9061396231362052342F8103F65
:109ED0004FF4215110F083FBAD466FF004050CE008
:109EE0005A46514605F1370011F030FD70B3314844
:109EF00003685E0705D16FF01205206910F094FB2E
:109F000097E795F8376095F8381095F8393097F855
:109F10000C8097F80DE097F80EC06D468EB06A463B
:109F2000DFF8A890C2F81490DFF89C90136309231F
:109F3000C2E90A61C2E90698C2E908EC44F64001A8
:109F400042F8103F10F04BFBAD46D4E7204BBB610D
:109F500007F11803D4F804A03B6204237B6207F1E5
:109F60002003C7E90A3649465046FFF763FD054618
:109F70000028C2D13B8AD907BFD44146504610F0D1
:109F800031FB034668B10B4802685207A5D06D4605
:109F90008AB06A460B4951610E49C2E90613EE23A5
:109FA00092E7204610F067FB0028A6D095E700BF97
:109FB00043A603003C0C00203A230400B323040012
:109FC00004000001DD220400A42304005323040044
:109FD0003D2A80A690230400044A054B11681960AD
:109FE0009188927999809A7100207047ACB30020D3
:109FF000A5B3002007B50B46009201210246034895
:10A0000001F040F803B05DF804FB00BF04DA030080
:10A0100008B5024900F09AFE002008BD04DA0300EA
:10A0200002460121014801F039B900BF04DA0300FA
:10A0300007B5CDE900230B4602460121024801F095
:10A04000CBF803B05DF804FB04DA0300012910B576
:10A05000044609D9526806490CF075F820460CF000
:10A0600080F86FF0150010BD0CF07BF80020FAE7C7
:10A0700065240400B0B582B0274C284900AF002009
:10A080003A1D7860FDF7E6FB236803F00703022B17
:10A0900013D96D468AB07B686A46214951612149CE
:10A0A000C2E9061308231362052342F8103F4FF458
:10A0B0002351204610F030FBAD467B68072B18DD9E
:10A0C00019490020F4F7FEFD2368A8B15B0710D002
:10A0D0006C4688B06A46154B5361124BC2E9063094
:10A0E000042342F8103F4FF401510B4810F014FBC9
:10A0F000A5460837BD46B0BD13F0060FF9D06C4633
:10A1000088B06A460A4B5361064B9361032342F8B9
:10A11000103F4FF4C451E8E7240C002011A70300BE
:10A120007C240400C528040026F5030099240400BB
:10A13000B9240400B0B588B00C4600AFA8B92948CE
:10A14000036859070ED06C4688B06A46264B5361A7
:10A15000264B9361032342F8103F4FF4C25110F095
:10A16000DBFAA5462037BD46B0BD3946F8F77CFA84
:10A17000034688B11B4802685207F3D06C4688B08A
:10A180006A461B4951611949C2E90613042342F882
:10A19000103F4FF40151E2E77B78012B1ED11148AB
:10A1A000036803F00703022B0FD96D4688B06A4697
:10A1B000104B53610D4BC2E90634042342F8103FA3
:10A1C0004FF4035110F0A8FAAD460B4CF1F718FE0E
:10A1D000206818B1F7F784FD00232360FFF74AFFDA
:10A1E000C0E700BF240C0020D9240400DB280400B1
:10A1F000F72404001E25040058930020B0B588B051
:10A200000D4600AF0446A8B92D48036859070ED083
:10A210006C4688B06A462B4B53612B4B93610323EA
:10A2200042F8103F4FF4C25110F076FAA54620379D
:10A23000BD46B0BD3946F8F717FA034688B1204845
:10A2400002685207F3D06C4688B06A461F495161D4
:10A250001D49C2E90613042342F8103F4FF401518F
:10A26000E2E77B78012B28D11548036803F0070348
:10A2700055B1002BDBD06C4688B06A46144B536155
:10A28000114BC2E90635E6E7022B0ED96D4688B0C0
:10A290006A46104B53610C4B9361032342F8103F05
:10A2A0004FF4C65110F038FAAD4620460EF0EBF9E7
:10A2B000094B18602046F1F7AFFDFFF7DBFEB6E76C
:10A2C000240C0020D9240400BB280400F724040037
:10A2D0003C2504005F25040058930020F0B5A14DF3
:10A2E0008DB02B6803F00703022B02AF0FD96C4629
:10A2F00088B002AA9C4B53619C4B9361032342F8A4
:10A30000103F4FF4C651284610F006FAA54698486B
:10A3100010F032FA9748F0F7C9FA0446B8B12B6842
:10A320005B0710D06D4688B002AA934B53618F4BE8
:10A330008C48C2E90634042342F8103F4FF401511F
:10A3400010F0EAF9AD4620462C37BD46F0BD8B48EB
:10A35000F0F7FEF9044638B12B685E07F3D06D467E
:10A3600088B002AA864BE1E78649844800F0BAFC2F
:10A370002046F5F713FB044638B12B685D07E2D0A1
:10A380006D4688B002AA804BD0E70BF0B2FC0446C1
:10A3900038B12B685807D6D06D4688B002AA7B4BDF
:10A3A000C4E7FFF767FE7A48F8F788FA044638B141
:10A3B0002B685907C7D06D4688B002AA754BB5E720
:10A3C0007548F8F795FA044638B12B685A07BAD0A1
:10A3D0006D4688B002AA714BA8E7381D01F00AF952
:10A3E0000446002800F08C802B6813F0060F10D074
:10A3F0006E4688B002AA6A4B53616A4BC2E90630C6
:10A40000042342F8103F4FF40251564810F084F9EB
:10A41000B5462B6813F0060F10D06E4688B002AA1E
:10A42000614B5361514B4F48C2E90634042342F853
:10A43000103F4FF4025110F06FF9B54607F10800D4
:10A4400001F02EF9B0B12B6813F0060F10D06C4656
:10A4500088B002AA554B5361554BC2E9063004231C
:10A4600042F8103F3F484FF4025110F055F9A5460D
:10A470000023BB604F48017800296FD00A220021D9
:10A4800008F0D4FA4C4B984240F2A6802B685C0747
:10A4900010D06C4688B002AA484B5361444BC2E9C5
:10A4A0000630042342F8103F2E484FF4015110F0BB
:10A4B00033F9A5466FF015042B6813F0060F10D082
:10A4C0006E4688B002AA3E4B5361284B2548C2E92C
:10A4D0000634042342F8103F4FF4025110F01CF9E7
:10A4E000B546F1F7B7FC0446002800F091802B68D0
:10A4F0005A073FF428AF6D4688B002AA314B15E7E2
:10A500007B680093304A314B1D2107F1080008F0A9
:10A51000CBF9041E11DA2B685B073FF47AAF6E4665
:10A5200088B002AA2A4B53611E4BC2E906340423A9
:10A5300042F8103F4FF4015167E707F10800F4F7C4
:10A5400091FE044600283FF479AF2B685E073FF484
:10A5500060AF6E4688B002AA1E4BE4E7B868D8B375
:10A560000A228DE7240C00206D250400B628040083
:10A5700004DA0300B808002087250400912E0400A7
:10A58000AF25040011A00200DB250400FB25040018
:10A59000E00800201F260400D00800204E260400FA
:10A5A0008226040070280400FA26040020270400F4
:10A5B00063280400A5B300203F420F004F2704008A
:10A5C0008D270400B0270400B326040035F70300EC
:10A5D000B9260400D8260400FCF734FB0446002802
:10A5E0003FF47FAF2B6859073FF466AF6E4688B0E3
:10A5F00002AA154B5361154BC2E90630042342F8F9
:10A60000103F13484FF4015110F086F8B54653E758
:10A61000104E0FCE07F108040FC4336823600122E7
:10A620000D4B0E49009207F10800F6F731FB044686
:10A6300000283FF488AE2B685B073FF484AE6D467C
:10A6400088B002AA064B71E668270400632804005C
:10A65000240C0020E4C80300F4D90300FCD9030053
:10A66000D827040070B503788AB004460E4607ADBB
:10A67000032B20D8DFE803F002191B1D11492846DF
:10A68000EDF78EF9059563780493A3780393E37847
:10A6900002932379019363790093A3790A4A1E21D7
:10A6A000304608F001F90AB070BD0849E7E70849EB
:10A6B000E5E70849E3E7084A0A21284608F0F4F8E4
:10A6C000E0E700BF34E2030056E203003BE2030090
:10A6D00042E203004CE20300E92D0400F0B589B02A
:10A6E00000AF0D4604460EF09AF83946FFF7BAFF60
:10A6F0001048036803F00703022B13D96E468AB093
:10A700006A460D4B53610D4B1562C2E9063740F2A4
:10A71000013393840A4B42F8103F4FF433510FF04A
:10A72000FBFFB546052120460DF0EAFF2437BD4664
:10A73000F0BD00BF240C0020FE270400A228040066
:10A7400005000001B0B588B000AF0C460EF067F808
:10A750003946FFF787FF0E48036803F00703022B13
:10A7600013D96D468AB06A460A4B53610A4B14628C
:10A77000C2E9063740F201339384084B42F8103F98
:10A780004FF433510FF0C8FFAD462037BD46B0BD82
:10A79000240C0020222804008C280400050000015D
:10A7A00090B589B000AF0EF03AF83946FFF75AFF7E
:10A7B0000D48036803F00703022B12D96C468AB0D8
:10A7C0006A460A4B53610A4BC2E9063740F201332D
:10A7D0001384084B42F8103F4FF413510FF09CFFC5
:10A7E000A5462437BD4690BD240C0020492804000E
:10A7F0008028040004000001014804F0BFB800BF35
:10A80000F808002007B54FF420320023CDE90023DB
:10A8100004480022002304F0B1FF002003B05DF8DB
:10A8200004FB00BF900C002010B588B010F0AEFE05
:10A830004FF47A72A0FB020302FB0131C00B4FF40C
:10A840007A72002340EA4140C90BE8F7B9FB0C4B90
:10A8500002930C4B039300240823CDE900010DEB78
:10A8600003012046CDF81640CDF81A40ADF81E4041
:10A87000CDF810D0ADF81430FBF7CCF808B010BD0F
:10A880007E0A002030DA0300B0B500AF19463B8ADB
:10A89000002B58D11478D4B9012957D12D48036819
:10A8A00003F00703022B0FD96D4688B06A462A4B86
:10A8B00053612A4B9361032342F8103F4FF4C65172
:10A8C0002346EFF7C5FAAD460120EEF723FA012C37
:10A8D0001CD101293AD11F48026802F00702022A5E
:10A8E0000ED96C4688B06A461D4951611B49916179
:10A8F000032142F8101F4FF4C651EFF7A9FAA546FD
:10A90000012000F0A7F90120BD46B0BD022C1DD1E9
:10A9100001291BD10F48026802F00702022A0ED952
:10A920006C4688B06A460F4951610C499161032118
:10A9300042F8101F4FF4C651EFF78AFAA5460120DE
:10A9400000F0ACF9DFE76FF00600DDE76FF0020022
:10A95000DAE700BF280C0020362904008029040013
:10A960004B2904006529040070B5084B1C68054696
:10A9700054B1074E083C2268314628460BF0D5FBFF
:10A98000A4680CB1083CF6E7002070BD9493002049
:10A99000802B0400012910B5044609D952680649E4
:10A9A0000BF0D1FB20460BF0DCFB6FF0150010BD67
:10A9B0000BF0D7FB0020FAE765240400B0B5194D71
:10A9C0002B6803F00703022B00AF0FD96C4688B049
:10A9D0006A46154B5361154B9361032342F8103FB0
:10A9E0004FF4C65128460FF0C4FEA546F0F77CF898
:10A9F000044698B12B685B0710D06D4688B06A4654
:10AA00000B4B5361094BC2E90630042342F8103F57
:10AA100004484FF401510FF0ACFEAD462046BD4650
:10AA2000B0BD00BF2C0C00206D250400932C040049
:10AA30009A2904002DE9F843184B1C6800AF06461C
:10AA4000884691463CB354F8043C083C0BB34A4654
:10AA50004146304698470546D8B1114803685B0720
:10AA60000FD06C4688B06A460E4B53610E4BC2E95C
:10AA70000635042342F8103F4FF401510FF079FEE0
:10AA8000A5460A4930460BF05EFB2846BD46BDE8A8
:10AA9000F883A468D6E70025F7E700BF9493002069
:10AAA0002C0C0020C5290400982C0400E429040083
:10AAB000F0B583B000AF0646391D0120EFF7B6FDB3
:10AAC0000446B8B11E4803685A070FD06D4688B0D7
:10AAD0006A461C4B53611C4BC2E90634042342F8FE
:10AAE000103F4FF401510FF044FEAD4620460C37A5
:10AAF000BD46F0BD01464FF4005278680BF0BFF838
:10AB0000051E15DA0E4803685B070FD06C4688B047
:10AB10006A460E4B53610C4BC2E90635042342F8DA
:10AB2000103F4FF401510FF024FEA5462C46DDE7FF
:10AB300078680BF0A3F8002ED8D00120EEF7EAF8E1
:10AB40002C0C0020F4290400F02C04001A2A040024
:10AB5000F8B5054600AF0120FFF7AAFF0446B8B1DB
:10AB60000D4803685B070FD06E4688B06A460B4BF2
:10AB700053610B4BC2E90634042342F8103F4FF4F3
:10AB800001510FF0F6FDB546064928460BF0DBFAF9
:10AB90002046BD46F8BD00BF2C0C0020412A040011
:10ABA000AA2C0400E4290400B0B500AF05460BF060
:10ABB000A7F80446B0B10E4803685B070FD06D4696
:10ABC00088B06A460B4B53610B4BC2E90634042331
:10ABD00042F8103F4FF401510FF0CBFDAD46204637
:10ABE000BD46B0BD002DFAD00120EEF793F800BFAE
:10ABF0002C0C00205D2A0400072D0400F8B5054642
:10AC000000AF0120FFF7D0FF0446B8B10D4803683C
:10AC10005B070FD06E4688B06A460B4B53610B4BF7
:10AC2000C2E90634042342F8103F4FF401510FF0FB
:10AC3000A0FDB546064928460BF085FA2046BD46DC
:10AC4000F8BD00BF2C0C0020812A0400A12C0400B8
:10AC5000E4290400B0B500AFFFF7A6FF044698B1A1
:10AC60000B4803685B070FD06D4688B06A46094BF6
:10AC70005361094BC2E90634042342F8103F4FF4F4
:10AC800001510FF076FDAD462046BD46B0BD00BF78
:10AC90002C0C0020812A04000C2D0400B0B500AF5C
:10ACA000FFF706FF044698B10B4803685B070FD017
:10ACB0006D4688B06A46094B5361094BC2E90634B8
:10ACC000042342F8103F4FF401510FF052FDAD46FE
:10ACD0002046BD46B0BD00BF2C0C0020412A040018
:10ACE000F62C0400B0B5054600AF0C200C4610F061
:10ACF00029FEA0B9114803685B070ED06C4688B0E6
:10AD00006A460F4B53610F4B9361032342F8103F88
:10AD10004FF4C2510FF02DFDA546BD46B0BD002336
:10AD2000C0E900548360084B596800F1080211B96A
:10AD3000C3E90022F1E70A605A60EEE72C0C00201C
:10AD40009C2A0400D92C040094930020F0B58DB007
:10AD500005460C46002609688DF82F601F2204A8BE
:10AD600010F023FE2D2104A810F000FE00B10670A3
:10AD7000237A052B1AD8DFE803F0030D1C28373996
:10AD8000E36828491B680093636804AA28460BF00F
:10AD9000CCF90BE0E3681868E7F7E6FECDE90001BF
:10ADA00004AA6368204928460BF0BFF900200DB0C3
:10ADB000F0BDE3681D4A19781D4B002918BF1346E2
:10ADC000009363681B4904AAE0E7D4E9031203A8CF
:10ADD000039611F04FF8236A039A53F82230009338
:10ADE0006368154904AAD1E7E368F8E7636800934C
:10ADF000124A134F04AB082128460BF089F90026AC
:10AE00002369B34205D80F4A082128460BF080F980
:10AE1000CCE7E3683A469B5D082128460BF078F9B9
:10AE20000136EDE7C22A0400D32A0400B72A040041
:10AE3000BC2A0400E62A0400F72A04000A2B0400B6
:10AE4000452E040039EA0300F0B50B7A85B00546BB
:10AE50000C46052B0DD8DFE803F0030F20273C40FC
:10AE60008B6901934B690093CB694A681F490BF0CA
:10AE70005CF9002005B0F0BD8869E7F763FECDE915
:10AE800002016069E7F75EFECDE900011849E36958
:10AE9000626828460BF049F9EBE7CB694A68154927
:10AEA00028460BF042F9E4E7CB694A681249134F90
:10AEB0000BF03BF90026A369B342DADD236A53F8AD
:10AEC000262013781BB1394628460BF02EF901369F
:10AED000F1E7CB694A680849E2E70B690093CB695F
:10AEE0004A6807490BF021F9C3E700BF182B04009B
:10AEF0002C2B0400442B04005D2B0400692B040060
:10AF0000842B04002DE9F743936A05460F46144647
:10AF10001BB103B0BDE8F0431847137A052B28D8BE
:10AF2000DFE803F00331506482900846ECF740FDFF
:10AF30003B46384498420CD10A220021384607F09B
:10AF4000FFFC6369984202DBA369984214DD434920
:10AF500008E013F8012BA2F130010929EAD92D2AC2
:10AF6000E8D03F4928460BF0EEF821462846FFF787
:10AF70006BFF6FF0150602E0E368186000263046AC
:10AF800003B0BDE8F083374901AA384607F0B8FCA2
:10AF9000012801D03449E5E7019F6069E7F746FFE2
:10AFA0003946E8F703F80028D1D1A069E7F73EFF5A
:10AFB00001463846E7F7FAFF06460028C7D1E3689E
:10AFC0001F60DCE729493846ECF7E0FC28490646D3
:10AFD0003846ECF7DBFC16B9E3681E70CEE718B90B
:10AFE000E36801221A70C9E72249BBE7D4F8189038
:10AFF0004FF00008C8450CD0236A384653F8281093
:10B00000ECF7C4FC064630B9B8F1000FCDF8048067
:10B0100004DA1949A6E708F10108EBE72269E068BC
:10B0200001A910F027FFAAE70846ECF7C1FC236945
:10B030000130984201D9114994E7E0683946ECF7AC
:10B04000AFFC9BE70123D4E9031238460FF021FB44
:10B050002369834292D00A4984E700BFAC2B0400E5
:10B060009C2B0400BB2B0400BE2B0400BC2A040054
:10B07000B72A0400CD2B0400DD2B0400ED2B0400C7
:10B08000FD2B04002DE9F74F012BDDF8308006463B
:10B090000C4617460FD100254FF02C0805E008FBA1
:10B0A00005613846FFF7D0FE0135A542F7DB0020E9
:10B0B00003B0BDE8F08F022B4CD1D8F804502846DD
:10B0C000ECF776FC2844434910F8019C2846ECF73D
:10B0D0005DFC054650B94FF02C08A542E7DA08FBA5
:10B0E00005613846FFF732FE0135F6E74FF0000AFA
:10B0F000B3465546A2450CDB002DD8D14FF02C08A5
:10B10000A542D4DA08FB05613846FFF79DFE0135FC
:10B11000F6E7B9F12A0FD8F80430DBF804100DD0A7
:10B120001846ECF733FC20B959463846FFF70EFEB7
:10B1300001250AF1010A0BF12C0BDBE718460191FE
:10B140000093ECF735FCDDE90031421E184610F0A3
:10B150001AFCE8E7032BAAD1D8F804502846ECF7EC
:10B1600027FC05444FF0000915F801BCB2464D46D6
:10B17000A1450CDB002D9AD14FF02C08A54296DAA0
:10B1800008FB05613846FFF75FFE0135F6E7BBF1C6
:10B190002A0FD8F80430DAF804100FD01846ECF76C
:10B1A000F5FB30B9D8F8081052463846FFF7AAFE2A
:10B1B000012509F101090AF12C0AD9E71846019184
:10B1C0000093ECF7F5FBDDE90031421E184610F064
:10B1D000DAFBE6E7152C04002DE9F04383B088463E
:10B1E00000AF91461D4604460026B04527DD616844
:10B1F0003A1D48460AF087FD002842D07B68002BA4
:10B200003FD12369AB421CD01F48026812F0060FE1
:10B2100015D061686C468CB06A461C4E5661C2E916
:10B2200008351B4E40F2013313851A4BC2E9066103
:10B2300042F8103F4FF452510FF09BFAA5460024FC
:10B240001AE0E168D7E90A302A469847041EF6DA80
:10B250000D4803685B070FD06D4688B06A460E4BF9
:10B2600053610B4BC2E90634042342F8103F4FF4FC
:10B2700001510FF07EFAAD4620460C37BD46BDE8C1
:10B28000F08301362C34B0E72C0C00201A2C04007B
:10B29000C82C0400060000014D2C04002DE9F04FDD
:10B2A000DFF86CB0DFF86CA083B0884602AF91463F
:10B2B00004460026B04501DC002522E063680093C7
:10B2C00023685A464021504607F0EEFAD4E90312AB
:10B2D0005046C8472C340546C0B10F4803685B0789
:10B2E0000FD06C4688B002AA0C4B53610C4BC2E9DC
:10B2F0000635042342F8103F4FF401510FF039FA9C
:10B30000A54628460437BD46BDE8F08F0136D1E793
:10B310006B2C0400B3B300202C0C0020712C040013
:10B32000B42C0400B0B56F4CA0B0236803F0070341
:10B33000022B00AF10D96D4688B06A466A4B536144
:10B340006A4B9361032342F8103F00234FF4C65128
:10B350002046EEF77DFDAD463A46002338464FF0D5
:10B36000102503F12001013355F8211042F8041B88
:10B37000202BF6D13B685E4A93421AD0226812F025
:10B38000060F12D06C4688B06A465A4951615A4934
:10B3900091611BBAD361042342F8103F00234FF49C
:10B3A00002515048EEF754FDA54600208037BD46B7
:10B3B000B0BD3B79022B0BD0226812F0060FF4D0FF
:10B3C0006C4688B06A464D4951614B499161E1E74D
:10B3D0007B797B2B08D0226812F0060FE5D06C46F3
:10B3E00088B06A464649EFE7D7F87730454D1BBA33
:10B3F00077212B6009F09DF92B68984213D02268C1
:10B4000012F0060FD1D06C468AB06A463E495161AF
:10B4100039491062C2E90613052342F8103F0023A0
:10B420004FF42251BDE7394ABB1D07F1160153F80D
:10B43000040B42F8040B8B42F9D11B781370344A89
:10B4400007F1170307F1270153F8040B42F8040B27
:10B450008B42F9D11B78137007F1280303CB2D4AD7
:10B46000516019889B7893722B4B10601181D7F82B
:10B4700033201A60B7F8372028489A8097F8392087
:10B480009A71D7F83A300360D7F83E304360B7F886
:10B49000423003810A2297F844308372002107F07A
:10B4A000C5FA1F4B1F4A186007F1650107F14503F4
:10B4B00053F8040B42F8040B8B42F9D11B7813703C
:10B4C000194A07F1660307F1760153F8040B42F8B5
:10B4D000040B8B42F9D11B781370144B01221A70A4
:10B4E00063E700BF300C00206D2504005D2E0400D2
:10B4F000BABECAFE952D04004A2E0400B32D0400E6
:10B50000D42D04009C930020F02D040065B400208D
:10B5100054B4002049B4002042B4002037B40020C5
:10B52000A093002016B4002005B4002076B40020BB
:10B53000064B074A1B78002B064B08BF13460360D7
:10B540000CBF6FF004000020704700BF76B40020ED
:10B55000242E040065B40020064B074A1B78002BFC
:10B56000064B08BF134603600CBF6FF004000020B9
:10B57000704700BF76B40020242E040054B400208D
:10B58000064B074A1B78002B064B08BF1346036087
:10B590000CBF6FF004000020704700BF76B400209D
:10B5A000242E040049B40020064B074A1B78002BC8
:10B5B000064B08BF134603600CBF6FF00400002069
:10B5C000704700BF76B40020242E040042B400204F
:10B5D000014B036000207047242E0400014B0360E0
:10B5E00000207047242E0400014B036000207047A8
:10B5F000242E0400064B074A1B78002B064B08BF7D
:10B60000134603600CBF6FF004000020704700BFBA
:10B6100076B40020242E040037B40020064B074ADD
:10B620001B78002B064B08BF134603600CBF6FF05E
:10B6300004000020704700BF76B40020242E0400D0
:10B6400016B4002030B54FF0805187B0D1F8A82053
:10B65000D1F8A410104D0446C8B2049092B2C1F3C0
:10B660000720039042F44043C1F30740D2B2090ED1
:10B670000290019100921B0A084A1221284607F005
:10B6800013F92846ECF794F911280ABF00206FF04F
:10B690001B00256007B030BDF3B300202C2E040042
:10B6A000064B074A1B78002B064B08BF1346036066
:10B6B0000CBF6FF004000020704700BF76B400207C
:10B6C000242E040005B400202DE9F04387B004AF18
:10B6D00005469846381DCB680C46164698470146E5
:10B6E000D0B1164803685B0710D06C4688B004AA36
:10B6F000134B5361134BC2E90631042342F8103F48
:10B7000000234FF40151EEF7A3FBA5466FF00D00A7
:10B710000C37BD46BDE8F083D7F804904846ECF7F7
:10B7200047F980B2CDE901903B8D00933246434604
:10B73000214628460EF02BF8EAE700BF340C002023
:10B740006B2E04007F2E040013B5044601A8FFF7FA
:10B75000A7FF2046019A03490AF0E7FC002002B047
:10B7600010BD00BF952E040013B5044601A8FFF7D5
:10B7700069FF2046019A03490AF0D7FC002002B075
:10B7800010BD00BFA62E040013B5044601A8FFF7A4
:10B7900045FF2046019A03490AF0C7FC002002B089
:10B7A00010BD00BFB72E040013B5044601A8FFF773
:10B7B00021FF2046019A03490AF0B7FC002002B09D
:10B7C00010BD00BFC82E040013B5044601A8FFF742
:10B7D0000BFF2046019A03490AF0A7FC002002B0A3
:10B7E00010BD00BFDB2E040013B5044601A8FFF70F
:10B7F000F5FE2046019A03490AF097FC002002B0AA
:10B8000010BD00BFF12E040013B5044601A8FFF7D8
:10B81000DFFE2046019A03490AF087FC002002B0AF
:10B8200010BD00BF042F040013B5044601A8FFF7A4
:10B83000BBFE2046019A03490AF077FC002002B0C3
:10B8400010BD00BF192F040013B5044601A8FFF76F
:10B8500097FE2046019A03490AF067FC002002B0D7
:10B8600010BD00BF302F040013B5044601A8FFF738
:10B8700073FE2046019A03490AF057FC002002B0EB
:10B8800010BD00BF462F040013B5044601A8FFF702
:10B890004FFE2046019A03490AF047FC002002B0FF
:10B8A00010BD00BF582F040002460B46014802F0AD
:10B8B00097BD00BF580D0020014802F009BE00BF2F
:10B8C000580D0020B0B5034611480268520700AF7A
:10B8D00014D06C468AB06A460E4D55610E4D116209
:10B8E000C2E9065340F2013393840C4B42F8103FF7
:10B8F0004FF4315100230EF09FFFA546002383F340
:10B900001188BFF36F8F0323184602DFBD46B0BD19
:10B91000100C00200C310400EC3204000500000182
:10B920002DE9F04188B04B4C00AF06460D464A4821
:10B930004A490FF027FC00F02BFF07F10C00D5F768
:10B940006DFA236803F00703022B15D9E8468AB085
:10B950006A46434B5361434B9361434BD36140F27F
:10B9600001331384414B42F8103F414907F10C0366
:10B9700020460EF061FFC5463E480FF0ECF9034645
:10B98000C8B9226852070FD06C4688B06A463A4957
:10B99000516134499161032142F8101F2D484FF441
:10B9A000C2510EF049FFA5466FF012042046203721
:10B9B000BD46BDE8F081314B7B60381DD5F7B6FA46
:10B9C000B8B123685B0711D06C4688B06A462C4B2F
:10B9D0005361244BC2E90630042342F8103F1D484E
:10B9E00000234FF401510EF027FFA5466FF0150418
:10B9F000DCE74FF0FF304FF0FF31FFF755FF044613
:10BA00000028D3D10820D5F781FA20B1FFF754FFE1
:10BA10006FF08504CAE71B491B48D5F7BDF90446FA
:10BA200010B1FFF749FFC1E741F64C5307F1080099
:10BA3000BB60E7F76FFF0028E8D1012338463B7071
:10BA4000E7F760FF0028E1D1FFF736FF33691D609B
:10BA5000ACE700BF100C0020A8930020CDA8030085
:10BA60001CFC030081320400353104000400000195
:10BA7000C024400168C203005C310400C1BB020065
:10BA80008031040090400020B1BB0200B0B584B00A
:10BA9000424800AFD5F772F8D5F7D2F920B16FF070
:10BAA00085001037BD46B0BDD5F7DEF90028F6D1C8
:10BAB000D5F7EEF90028F2D1D5F7FEF90028EED13E
:10BAC000D5F708FA0028EAD1D5F712FA044600287B
:10BAD000E5D13A1D01213871D5F79CF80028E0DB4B
:10BAE0000423FA18022120463B71D5F793F8002869
:10BAF000D7DB08233A1D07212046BB80D5F78AF8FB
:10BB00000028CEDB264B7B603A1D03212046D5F76B
:10BB100081F80028C5DB01233A1D042100203B7178
:10BB2000D5F778F80028BCDB1F233A1D062100203A
:10BB3000BB80D5F76FF80028B3DB03233A1D05213E
:10BB400000203B71D5F766F80028AADB42F2F263C9
:10BB5000984221DD134C2268520712D06D468AB0FC
:10BB60006A461149516111491062C2E90613052361
:10BB700042F8103F4FF42151002320460EF05CFEA6
:10BB8000AD46002383F31188BFF36F8F042318465B
:10BB900002DF6FF00B0084E7002082E7C5B80200E7
:10BBA000FBFB0302100C0020A83104006A320400E1
:10BBB000014902480FF002BBA89300204068002012
:10BBC00010B403460A46034881680C6819462346A8
:10BBD00010BC184768C20300F0B583B04FF0FF30C7
:10BBE00000AF4FF0FF31FFF75FFE00286BD1624DD1
:10BBF000F91D284600F07CFC0446FFF75DFE002C92
:10BC000061D1FB79042B3DD128783E2821D0FF2833
:10BC100026D04FF0FF324FF0FF332146F2F746FABD
:10BC2000064610BB002C4CD1544803685A0748D034
:10BC30006D4688B06A46524B5361524B9361032361
:10BC400042F8103F4FF4C25123460EF0F5FDAD46C9
:10BC500037E0AB78022BDCD1002200230124DCE7A3
:10BC6000AB7803F0FD03802BF5E76A784249023296
:10BC700006F10C000BF0D0FF434B44481B683146E3
:10BC800098471EE0022B4AD14FF0FF324FF0FF33AE
:10BC90000320F2F7FBF90646C0B9384803685B0792
:10BCA0000FD06C4688B06A46394B5361394B93616B
:10BCB000032342F8103F4FF4C25133460EF0BCFD4F
:10BCC000A546FFF775FF0C37BD46F0BD6A88043204
:10BCD000B2F5FE7F21D3294803685D0714D06D4675
:10BCE0008AB06B462C4959612A49C3E9061240F2D1
:10BCF000FB121A621A46052342F8103F4FF42151F5
:10BD000023460EF099FDAD46002383F31188BFF35F
:10BD10006F8F0423184602DFD3E72946A8E7082BD4
:10BD200017D14FF0FF324FF0FF330520F2F7AEF995
:10BD30006A880432B2F5FE7F0646EED30F480368E8
:10BD40005907E1D06D468AB06B46134959611349D2
:10BD5000CBE70A4802685207B3D06D4688B06A46FE
:10BD60000F4951610F49C2E90613042342F8103FFD
:10BD70004FF40151234668E777B40020100C0020EF
:10BD8000CE310400BD320400A4930020A4C20300FD
:10BD9000EC310400A932040009320400913204009D
:10BDA0002D320400D2320400F7B5804E33780446B9
:10BDB000002B40F0938304238DF807307C4B0588DB
:10BDC0001F68B7B10DF106030DF10702711CB847EA
:10BDD00001280ED09DF80630002B40F08B819DF895
:10BDE0000730B3700E2201237270F370B580B0710A
:10BDF00089E1B5F5105F4FEA95230AD2002B4ED0AA
:10BE0000013B072B08D8DFE803F00907367A07075C
:10BE100007C13F2B00F04082012055E0204640F250
:10BE2000064230F9033B93420FD040F21D42934249
:10BE30001ED0012040F206439D4200F05B8140F29B
:10BE40001D439D4200F056813EE0E7F7D7FD42F2E8
:10BE500064039D4240F2188342F285039D4233D829
:10BE600042F267039D4200F2208342F26603E8E754
:10BE7000E7F7C6FDEBE7204640F6634230F9033BA7
:10BE8000934230D00DDC40F6034293421FD040F67F
:10BE90002D4293421ED040F60142934212D001201F
:10BEA00028E140F67B42934220D040F67C42934208
:10BEB000F5D19DF807303F4902338DF80730E7F799
:10BEC00016FC01E0E7F705FC0128E8D087E7D5F785
:10BED0000DF9F9E79DF80730364903338DF807303F
:10BEE000E7F7FCFBF0E7E7F7FBFBEDE79DF8073032
:10BEF000304904338DF80730E7F7F7FBE4E7238890
:10BF0000A3F58053013B082BC9D801A252F823F0B6
:10BF100035BF020047BF02005BBF02009FBE0200A8
:10BF20009FBE02009FBE02009FBE02009FBE020095
:10BF30007BBF02009DF807301E4808338DF807309C
:10BF4000E7F707FDC0E79DF807301A4840338DF842
:10BF500007300EF0BDFC002041E79DF807300833A4
:10BF60008DF80730134B00221A605A60F37A23F0E1
:10BF7000600343F06003F372EDE79DF807300D486E
:10BF800006338DF80730E7F7E6FC9DE7204642F2DE
:10BF90005E0130F8033B1AB28A4242F264017BDC54
:10BFA000B2F5005F08DC8D426EE000BF72B6002083
:10BFB000B893002079B60020A3F50053013B5D2B18
:10BFC0005FD8DFE813F07000780081005E00A50004
:10BFD000A800AB00B400B700BA00BD00C0005E000E
:10BFE0005E00C300CC00CF00D2005E005E00D50032
:10BFF000DE00E100EA005E00F300FC0005015E00E7
:10C000005E005E005E005E000F0118012101240148
:10C0100027012D013001330136015E005E003F0132
:10C02000420145014E0157015A015E005E005E006B
:10C030005E005E005E005E005E005E005E005E0010
:10C040005E005E005E005E005E005E005E005E0000
:10C050005E005E005E005E005E005D015E005E00F0
:10C0600066015E005E005E005E005E005E005E00D7
:10C070005E005E005E005E005E005E005E005E00D0
:10C080002A0142F264039D423FF409AF40F20B8261
:10C0900042F285030120E1E642F27C039A4282D11A
:10C0A000E7F7AAFC01E0E7F758FC42F264039D427F
:10C0B0007FF4CDAE1EE09DF80730D14803338DF8F4
:10C0C0000730E7F74FFCF0E79DF80730CC4808331E
:10C0D0008DF807300EF039FC42F264039D4208D01F
:10C0E00040F2D18142F285039D4240F2F581002069
:10C0F000EAE600200F2373700423B3700123F0706D
:10C100003371A6F8055001233370002003B0F0BD51
:10C11000E7F72AFCC9E7E7F729FCC6E79DF80730EF
:10C12000B74801338DF80730E7F722FCBDE7E7F7A2
:10C1300021FCBAE7E7F720FCB7E7E7F71FFCB4E715
:10C14000E7F71EFCB1E7E7F71DFCAEE79DF8073007
:10C15000AB4801338DF80730E7F716FCA5E7E7F7A2
:10C1600015FCA2E7E7F714FC9FE7E7F713FC9CE751
:10C170009DF80730A24907338DF80730E7F70CFC2C
:10C1800093E7E7F70BFC90E79DF807309C491033E5
:10C190008DF80730E7F704FC87E79DF807309848EB
:10C1A00008338DF80730E7F7FDFB7EE79DF8073091
:10C1B000934902338DF80730E7F7F6FB75E79DF8F2
:10C1C00007308F4902338DF80730E7F7F1FB6CE752
:10C1D0009DF8073008338DF80730BF23F371C02373
:10C1E000F37279E79DF80730854902338DF80730FF
:10C1F000E7F7E2FB59E79DF80730814804338DF8F3
:10C200000730E7F7DBFB50E7E7F7DAFB4DE700F035
:10C21000EFFA4AE70EF0B7FB47E70EF0B7FB44E74B
:10C22000E7F7D0FB41E7E7F7CFFB3EE7E7F7CEFBC9
:10C230003BE79DF80730724801338DF80730E7F788
:10C24000C7FB32E7E7F7C6FB2FE7E7F7C5FB2CE7AD
:10C250009DF807306A4808338DF80730E7F7BEFBD2
:10C2600023E79DF80730664904338DF80730E7F778
:10C27000B7FB1AE7E7F7B6FB17E7E7F7B5FB14E7F5
:10C280009DF807305E4802338DF80730E7F7AEFBC4
:10C290000BE7E7F7ADFB08E720464FF60B4230F817
:10C2A000033B934222D8B3F57C4F01D801206DE0C7
:10C2B000A3F57C43013B0A2BF8D801A252F823F0E6
:10C2C0007DC3020099C30200ADC20200ADC20200EC
:10C2D000ADC20200E9C30200ADC20200ADC202005D
:10C2E000C5C30200D7C30200EFC3020003F54072CA
:10C2F00092B21D2ADAD8A3F57D431D2BD6D801A210
:10C3000052F823F005C4020033C4020039C402000D
:10C310003FC4020045C402004BC40200ADC202008B
:10C32000ADC20200ADC2020051C40200ADC20200A3
:10C33000ADC2020057C40200ADC20200ADC202008D
:10C34000ADC20200ADC20200ADC20200ADC2020029
:10C35000ADC202005DC40200ADC202006FC40200A3
:10C36000ADC20200ADC20200ADC20200ADC2020009
:10C3700075C402007BC4020081C402009DF807302E
:10C380001F480C338DF80730E7F7B3F925F00803A1
:10C390004FF60252934255E59DF8073040338DF831
:10C3A0000730174B00221A80F37923F0230343F060
:10C3B0002303F371337A23F0070343F00703337247
:10C3C0000020E3E79DF807300D4817338DF807305C
:10C3D000E7F7ABF9DAE79DF80730094820338DF825
:10C3E0000730E7F7F4F9D1E7E7F79DF9CEE79DF8D5
:10C3F0000730034801338DF80730E7F739FAC5E70E
:10C4000079B600209DF8073040338DF80730354B62
:10C4100000221A60F37923F03F0343F03F03F371E6
:10C42000337A43F080033372737A63F03D0373729F
:10C43000C6E7E7F733FAA9E7E7F732FAA6E7E7F73F
:10C4400061FAA3E7E7F760FAA0E7E7F763FA9DE789
:10C45000E7F762FA9AE7E7F763FA97E79DF807309C
:10C46000204904338DF80730E7F75CFA8EE7E7F7E9
:10C4700068FA8BE7E7F767FA88E7E7F766FA85E790
:10C48000E7F765FA82E7002042F226039D4217D8BB
:10C4900042F20C039D427FF6CDACA5F500530D3B57
:10C4A000114A9BB206E00120EEE7A5F50153283BB7
:10C4B0000E4A9BB222FA03F3DB077FF505AD19E6BE
:10C4C00042F232039D423FF415AEA5F50153033B02
:10C4D000012B3FF6F9AC0DE60020C1E44FF0FF3030
:10C4E00014E600BF79B60020411200032F804020DF
:10C4F00038B5094C23780D461BB9BDE83840E7F73D
:10C50000D8B8A278611C02320FF0B4FC00200423DA
:10C5100020702B7038BD00BF72B6002070B5054684
:10C520000E46084C20460EF016FC38B1A368B2B295
:10C53000294620461B68BDE8704018476FF012007E
:10C5400070BD00BF68C20300F8B5264B264903F151
:10C550002002002808BF194600AF104603F002FA77
:10C560000446A8B1214803685B0710D06D4688B027
:10C570006A461F4B53611F4BC2E90634042342F83D
:10C58000103F00234FF40151EDF762FCAD46122439
:10C590004FF0FF324FF0FF330120F1F777FD00F14C
:10C5A0000C060221054630460BF030FB3E2303709B
:10C5B00022234370012130460BF028FB092303702E
:10C5C000212130460BF022FB00F8014B34B1202230
:10C5D000FF210FF077FC2846BD46F8BD06490EF056
:10C5E000C8F9F8E7BAB60020923304000C0C00201A
:10C5F0002D33040073330400DAB600202DE9F04136
:10C600004B4CBFF35B8F2368BFF35B8F022B00AFF4
:10C61000A0465AD0042B5DD0012B5DD1454C464E2F
:10C6200020212046FFF77AFF002843D120223146FF
:10C6300020460FF08BF90028F2D04048214603F045
:10C640007DF905460028EBD14FF0FF324FF0FF3364
:10C650000120F1F71BFD00F10C06022104463046D3
:10C660000BF0D4FA3E23037042234370012130467D
:10C670000BF0CCFA08230370412130460BF0C6FAC8
:10C68000064600F8015BBDB1402200210FF01AFC04
:10C69000BFF35B8F002358E8002F48E800310029E2
:10C6A000F9D1BFF35B8F34B32548036921461B687A
:10C6B000984720E01F25C7E720490EF05AF920319E
:10C6C00006F121000EF055F9E2E70020FFF73CFFEC
:10C6D0000446DDE70120F9E71A48036813F0060372
:10C6E0000CD1BFF35B8F54E8002F44E800310029E0
:10C6F000F9D1BFF35B8FBD46BDE8F0816D4688B0D0
:10C700006A46114B5361114B9361032342F8103F6A
:10C7100000234FF4C451EDF79BFBBFF35B8FAD4695
:10C72000002354E8002F44E800310029E1D0F8E765
:10C73000CC930020BAB6002092330400DAB6002071
:10C74000A4C203000C0C0020523304008133040007
:10C7500010B586B01022002101A80FF0B3FB0B4CDE
:10C76000059401238DF811304FF0FF324FF0FF3365
:10C77000012101A803F03CF820460FF0C1F8049B0A
:10C780006FF394330493FFF739FFEDE7BC93002078
:10C7900010B588B00E480FF0AEF80E4C0E490022CE
:10C7A0000023CDE9062300230A22CDE90323CDE9A6
:10C7B000013300934FF47072084B204602F05AFA8E
:10C7C0000749204608B0BDE8104002F07FB900BF1D
:10C7D000BC93002088670020C028012051C70200B8
:10C7E000663304000148F0F7CDBA00BF8867002027
:10C7F00008B50B4BBFF35B8F012253E8001F0029E4
:10C8000003D143E800200028F7D1BFF35B8F05D1A7
:10C810000448002103F044F8002008BD0C20FCE788
:10C82000CC930020BC93002010B50029114BBFF31E
:10C830005B8F04460CBF0222042253E8001F00292C
:10C8400003D143E800200028F7D1BFF35B8F0ED15E
:10C85000214609480EF08DF8084804F120010EF039
:10C8600088F80748002103F01BF8002010BD0C20B9
:10C87000FCE700BFCC930020DAB60020FAB6002017
:10C88000BC93002037B53223ADF80430154A00239D
:10C890000125192168468DF80630ADF800508DF855
:10C8A0000230E5F7DBFA0446C0B94FF4AF60EAF7AF
:10C8B000B8FE0D482946EAF770FF044670B90146F4
:10C8C0002A460820F0F710FB2A4621460B20F0F7F5
:10C8D0000BFB2A4621462846F0F706FB204603B00C
:10C8E00030BD00BFFDC80200D093002001490248BE
:10C8F0000EF064BC0094002040680020B0B50346F0
:10C9000011480268520700AF14D06C468AB06A46DC
:10C910000E4D55610E4D1162C2E9065340F20133CE
:10C9200093840C4B42F8103F00234FF43151EDF744
:10C930008FFAA546002383F31188BFF36F8F03237B
:10C94000184602DFBD46B0BD580C0020BE330400BF
:10C95000E03304000500000137B50D4D0D490024FA
:10C9600000946FF009034FF40062284602F00CF8BF
:10C970000949284602F0AAF8084909480EF002FCC5
:10C98000224604211920F0F7AFFA204603B030BD4B
:10C9900040680020C02C0120D6330400B7A9030052
:10C9A00000940020014B00201B68184710940020C1
:10C9B00020B1012806D10448E2F70EBC034B012048
:10C9C0001B681847704700BFA5C9020010940020DB
:10C9D000014B186001487047109400200000AD0B17
:10C9E00010B51D48BFF35B8F0368BFF35B8F23B99E
:10C9F000062904D8042923D839B1002010BD0729FD
:10CA0000FBD1403801F0D2FDF7E750F8203CA0F10F
:10CA10004004D3E900209047012805D00223E063B9
:10CA200084F834300D48E9E747F230532363032399
:10CA300084F8343004F1240384F82900A363F1E777
:10CA400000F8173C064B40F8103CA0F11C014038A0
:10CA5000007EEAF7E3FED0E75494002048940020DB
:10CA6000FF3F420F0248012200210EF008BB00BF29
:10CA700014940020014BD861704700BF149400202B
:10CA80002DE9F0414FF0FF3100AF05464FF0FF3088
:10CA9000FEF70AFF44494548E2F700FD0446FEF769
:10CAA0000BFF002C19DA424803685A0710D06D4674
:10CAB00088B06A463F4B53613F4BC2E906340423BA
:10CAC00042F8103F00234FF40151EDF7C1F9AD4694
:10CAD0006FF00B00BD46BDE8F081384C40F2011309
:10CAE0002385E36925626433E36247F230532363AD
:10CAF00000266FF0730384F82460E36304F14005BB
:10CB0000BFF35B8F55E8003F45E80062002AF9D18A
:10CB1000BFF35B8F4FF0FF314FF0FF30FEF7C4FEE5
:10CB200004F12401207EEAF779FEFEF7C5FE244ACF
:10CB30000023204601F060FDB0421EDA1C48036865
:10CB40005B070FD0E84688B06A461E4B53611A4B0C
:10CB50009361032342F8103F4FF4C2513346EDF77F
:10CB600077F9C5460123BFF35B8F55E8002F45E8F1
:10CB700000310029F9D1BFF35B8F4FF0FF314FF047
:10CB8000FF30FEF791FE207EEAF72AFEFEF794FEC4
:10CB9000BFF35B8F236CBFF35B8F13B1074801F0CA
:10CBA00051FDE06B96E700BF2C940020E1C9020024
:10CBB000480C0020FB33040031340400149400209E
:10CBC000447B0B0025340400074B01221A64D3F880
:10CBD0004035B3FBF0F01844044BDB69984234BF96
:10CBE00000200120704700BF008000401494002006
:10CBF000BFF34F8F0549064BCA6802F4E062134346
:10CC0000CB60BFF34F8F00BFFDE700BF00ED00E03A
:10CC10000400FA054FF08053D3F83021082A06D1DA
:10CC2000D3F83431052B02D8024AD05C704700207B
:10CC3000704700BF5A340400024AD2F80034002B77
:10CC4000FBD0704700E0014010B54FF08053D3F89F
:10CC50003021082A4ED14FF080420021C2F80C1139
:10CC6000C2F81011C2F8381502F54042D3F8041486
:10CC7000C2F82015D3F80814C2F82415D3F80C1400
:10CC8000C2F82815D3F81014C2F82C15D3F81414D0
:10CC9000C2F83015D3F81814C2F83415D3F81C14A0
:10CCA000C2F84015D3F82014C2F84415D3F8241460
:10CCB000C2F84815D3F82814C2F84C15D3F82C1430
:10CCC000C2F85015D3F83014C2F85415D3F8341400
:10CCD000C2F86015D3F83814C2F86415D3F83C14C0
:10CCE000C2F86815D3F84014C2F86C15D3F8443470
:10CCF000C2F87035FFF78EFF18B13F4B3F4AC3F8BB
:10CD00008C26FFF787FF18B13D4BFB22C3F818258F
:10CD1000FFF780FF70B14FF080414FF08053D1F8A2
:10CD2000E42ED3F8583222F00F0203F00F0313431E
:10CD3000C1F8E43EFFF76EFF20B1324B4FF40072B2
:10CD4000C3F840264FF08053D3F83031082B1AD166
:10CD50004FF08043D3F80024D20744BF6FF00102A4
:10CD6000C3F800244FF08053D3F83431052B02D898
:10CD7000254AD35C3BB14FF01023D3F808224FF083
:10CD80008043C3F858254FF01021D1F80C32DB074F
:10CD900014D51E480123C0F80435FFF74DFFD1F824
:10CDA0000C3223F00103C1F80C32FFF745FF0023DA
:10CDB000C0F80435FFF740FFFFF71AFFD1F8003243
:10CDC000002B03DBD1F80432002B14DA0F490123C6
:10CDD0004FF01020C1F804351224FFF72DFFC0F8E2
:10CDE0000042FFF729FFC0F80442FFF725FF0023A8
:10CDF000C1F80435DEE710BD005000404881030053
:10CE000000F00040009002405434040000E0014073
:10CE100030B50468CCB1BFF35B8FB4FA84F3C3F1CF
:10CE20001F03DBB201229A4024EA020250E8005FAD
:10CE3000A54204D140E8002CBCF1000FF6D1BFF3AD
:10CE40005B8FE6D102480B7030BD0248FCE700BFA3
:10CE50000000AD0B0200AD0B10B50368CB40DB0743
:10CE600014D401238B400268BFF35B8F43EA0201B5
:10CE700050E8004F944204D140E8001CBCF1000F80
:10CE8000F6D1BFF35B8FEED1014810BD0148FCE73E
:10CE90000000AD0B0400AD0B036803F01F025B093B
:10CEA000026004D0012B034818BF002070474FF0E8
:10CEB000A040704700030050034A430900F01F00E0
:10CEC000D35C1844C0B270476034040070B50546A6
:10CED000FFF7F2FF0C4C08300E4634F81030DA053C
:10CEE00008D5C3F3432304EBC302284654F8333078
:10CEF00052689847A3682BB1E26831462846BDE8DE
:10CF00007040184770BD00BF6809002008B5FFF7E2
:10CF1000D3FF034B083033F81000400B08BD00BFAF
:10CF20006809002008B5FFF7C7FF034B083033F846
:10CF30001000C0F3400008BD6809002008B5FFF7E5
:10CF4000BBFF034B083033F81000C0F3401008BD9E
:10CF500068090020034611F0010010B5CCB20DD1D4
:10CF6000A207C4F3400012D5094AD2F82005586040
:10CF7000C2F82005003818BF012008E04FF0A0419A
:10CF8000D1F820251A60C1F82025002AE8D010BD6C
:10CF90000003005010B5FFF78FFF124A083032F837
:10CFA0001030D9051CD5C3F3432123F4F85322F8DC
:10CFB000103002F10E04002034F8023F13F4807F99
:10CFC00003D0C3F3432399420AD001303028F3D170
:10CFD000002342F831300448BDE81040FFF73CBF61
:10CFE00010BD00BF68090020E0090020F0B505462B
:10CFF00000200446012607468C420BD1114BD3F882
:10D000007C2132B10022C3F87C21D3F87C3140F07E
:10D010000040F0BDE3B29B0003F580729B0806FA66
:10D0200003F31D420BD002F1804202F5C042D2F858
:10D0300000C0BCF1000F02D0176012681843013421
:10D04000DAE700BF00600040F7B506460846FFF784
:10D0500033FF194F00F108050C4637F81530DB0790
:10D0600027D530460DF05DFD2046FFF767FF40B144
:10D070002046FFF74BFF316800F5A270002341F80E
:10D0800020302046FFF786FF002301A827F815303F
:10D090000194FFF701FF019B00EB8300074BD0F8E1
:10D0A0000027134043F00203C0F80037044803B0E0
:10D0B000F0BD0448FBE700BF68090020F0F8FCFF62
:10D0C0000000AD0B0400AD0B2DE9FF411646804674
:10D0D0000846FFF7F1FE0D463168044609B32846BD
:10D0E000FFF720FF18B12846FFF728FF10BB0023E9
:10D0F000CDE900338DF80E308DF80F300DF10F02B1
:10D100000B4628460DF10E010DF0A2FC474A04F132
:10D11000080132F8113023F0020343F0010322F832
:10D120001130736863B328461F785968FFF7FAFE19
:10D1300010B1D1B13E4826E03C4A04F1080032F873
:10D14000103023F02003DB04DB0C22F8103061B137
:10D15000032FEFD87168496891F800C0D8F8001023
:10D16000A7B90CF5A27C41F82C70304A04F10801F3
:10D1700032F8113023F01C0343EA870322F8113000
:10D18000B3684BBB2B4804B0BDE8F08101EB8C01C8
:10D1900043EA4C33D1F810E52EF0030EC1F810E548
:10D1A000D8F8001001EB8C0E43F02003DEF81015C8
:10D1B00022F8103021F44F3121F44071CEF81015CF
:10D1C0002902DEF8108501F47C5141EA074141EA69
:10D1D0000801CEF81015C8E7D3E900672846FFF725
:10D1E000D9FE002ECED0114DD5E90023964203D1B1
:10D1F0009F4201D1002209E00F480DF10F01FFF716
:10D2000007FE0C4B9842BED19DF80F2045F83260C6
:10D2100005EBC20308345F6035F8143043EA42235B
:10D2200043F4807325F81430ACE700BF6809002090
:10D230000400AD0B0000AD0BE00900202DE9F04328
:10D240000C4685B08046204611461E46FFF734FE48
:10D25000054629B32046FFF765FE18B92046FFF7BB
:10D260006DFE18BB314F05F1080937F8193013F07E
:10D270001C0F02D04B78012B18D001238DF80F30F2
:10D280000023CDE900134A1C8B1C20460DF10F0131
:10D290000DF0DEFB37F8193043F0030327F819309F
:10D2A000002E41D02046FFF73DFE18B9204805B0BA
:10D2B000BDE8F08396F800C0D8F800301B4F0CF59D
:10D2C000A272002143F8221005F1080237F812106B
:10D2D00021F02001C904C90C27F8121075781DB37C
:10D2E000D8F80000B67800EB8C002D04D0F810358B
:10D2F00023F4991323F4F853C0F81035230203F4F0
:10D300007C5305F440353605D0F810E52B4306F480
:10D31000801641EA4C31334341F0200143EA0E03C9
:10D3200027F81210C0F810350248C0E7680900203D
:10D330000400AD0B0000AD0B014BC3E902127047B6
:10D340006809002010B508461446FFF7F7FD50B1F4
:10D350000846FFF7B1FD054B083033F8103004489C
:10D360005B0B237010BD0348FCE700BF6809002079
:10D370000000AD0B0400AD0B70B5164D95F8804064
:10D3800006462CBB2146602205F110000EF09AFDE6
:10D3900030682E6F21468E420ED10023C0F87C31BA
:10D3A000D0F87C3140F30730EFF76EFD01230A48D7
:10D3B00085F88030AB6770BDCBB29B0003F58072FF
:10D3C0007C2B08BF845001F1010108BF8358E2E7BC
:10D3D0000248F0E7680900200000AD0B0C00AD0B1F
:10D3E000034B93F88000003818BF0120704700BF3E
:10D3F000680900200148FFF72FBD00BFDC090020AD
:10D400000148FFF705BD00BFDC09002073B50368C4
:10D410001646D3F80423002AA8BF4FF00042054661
:10D42000A8BFC3F8042308460C46FFF787FD00B3E6
:10D430000846FFF777FD0146D8B92046FFF766FD9D
:10D4400004B2A40004F5807203462868815029685C
:10D4500082582144D1F8102542F00102C1F810256C
:10D460002EB12968012202FA03F3C1F8043302B095
:10D4700070BD2046FFF720FD0F4B083033F8103009
:10D48000C3F38203042B12D0052B12D001A8019400
:10D49000FFF702FD019AD0F81035D34003F00103E5
:10D4A000991C204602B0BDE870400DF01ABB032164
:10D4B000F7E70221F5E700BF680900202DE9F04FEA
:10D4C000694BDFF8A881D3F80403D8F87010C0B214
:10D4D00089B040F00040FFF789FD051E2FDAC246F3
:10D4E00000235AF87C1F06A8CDE90633FFF732FD6A
:10D4F0005F4B01930DF118094FF0000B019A12F8E0
:10D50000013B0192DA0803F007031AF8022022FA1D
:10D5100003F3DA071CD409F10409BBF1000F14D09E
:10D52000D8F870104FF00040FFF760FDD8F87C107D
:10D5300006A8FFF70FFD0028DAD125F000450124E9
:10D54000002D79D109B0BDE8F08F4FF0010BD5E780
:10D55000484B5B440293D9F800100029DBD0029BB2
:10D5600091FAA1F11C78B1FA81F141EA4414204604
:10D57000FFF7A2FC0830059438F81070C808BB0803
:10D5800019F80020039301F00701012303FA01F1C8
:10D5900022EA010209F8002005A8FFF77DFC059AA0
:10D5A000039B02F5E072C7F3820650F822205B0766
:10D5B0003746C2F3014224D520463946D6B2FFF79A
:10D5C00085FC05A80594FFF767FC059B03F5E07350
:10D5D00050F82330C3F301439E4207D10021204677
:10D5E0000DF07FFA314620460DF07BFA05A8059430
:10D5F000FFF752FC059B012202FA03F3C0F8203525
:10D60000A9E7022A0CD1032120460DF06AFA06F0A0
:10D610000503012BEAD139462046FFF757FCE5E721
:10D620000221204603920DF05CFA032EF3D0039AF8
:10D63000032ADBD1022EEDE795FAA5F3B3FA83F3C3
:10D6400004FA03F29B0003F1804303F5C04325EA8B
:10D650000205D3F81005D3F81015C0F30520C1F367
:10D660000141FFF733FC6BE70060004068090020D0
:10D670007034040070340400044AD2F80034DB072C
:10D68000FBD50160BFF35F8F704700BF00E0014032
:10D690004FF080531A69B0FBF2F302FB130373B926
:10D6A000084B0222C3F80425C3F80805D3F8002468
:10D6B000D207FBD500220448C3F80425704703486D
:10D6C000704700BF00E001400000AD0B0A00AD0B49
:10D6D00010B5054C0123C4F80435FFF7CDFF002336
:10D6E000C4F8043510BD00BF00E00140036803F03A
:10D6F0001F025B09026004D0012B034818BF002001
:10D7000070474FF0A040704700030050012370B5F0
:10D7100004460D46436164260022022120460DF096
:10D720004EFA20B901200DF091F9013EF4D1002309
:10D730006B774FF08051D1E94C1208291AD1052A94
:10D7400018D80E498A5CAAB14FF0FF32D4F8080508
:10D75000D4F80C15C4F80035C4F80825C4F80C2515
:10D760000922C4F80025C4F80035C4F80805C4F837
:10D770000C1570BD0023C4F80035FAE772340400BC
:10D780000F4B984219D00DD80E4B984215D007D8A0
:10D790000D4B984211D00D4BC31A58425841704757
:10D7A0000B4BF9E70B4B984207D004D80A4B984231
:10D7B00003D00A4BF0E70A4BEEE70120704700BFA9
:10D7C00080841E0020A1070048E8010090D00300DB
:10D7D00040420F000024F40000093D0000127A00CE
:10D7E0000048E80173B51646421C1C460546069BD8
:10D7F00018D0012902D1BBB10DF01FFA01A8019583
:10D80000FFF774FF019B00EB83002402D0F8002790
:10D81000074B44EA86040C4313401C4344EA41018D
:10D82000C0F8001702B070BD0DF014FAE6E700BFB3
:10D83000F0F8FCFF2DE9F347674B4D6990F8049031
:10D840009D4206460C4600F0AF8000F29F80634B7D
:10D850009D4200F0AC8000F29180614B9D4200F04F
:10D86000A980604B9D420CBF4FF080654FF0804512
:10D87000DFF87481E07E242202FB0983997F60F344
:10D88000000199773379217C02FB03839A7F61F34E
:10D8900041029A77E77E5FBB6269544B9A420CBFA4
:10D8A0004FF0030A4FF0000A237E012B94BF0023A0
:10D8B00001230093206853463A460121FFF792FF67
:10D8C0000097606853463A460121FFF78BFF0097A7
:10D8D000A27EA06853463946FFF784FF237C83F07D
:10D8E00001030093E06853463A460121FFF77AFFAF
:10D8F000242303FB0983E2681A62217C9A7F61F387
:10D9000041029A77207FA77C217E627E336898B996
:10D91000D4E900ECA468C3F808E5C3F80CC5C3F863
:10D9200010454FF0FF34C3F86C45C3F81445C3F8F5
:10D9300068050220C3F86405003A18BF01220229D5
:10D94000C3F8C075C3F824553DD003293ED0012942
:10D9500001D142F00202C3F854250222C3F8602527
:10D9600033792422534358F8033093B3306840F39B
:10D97000073002B0BDE8F047EFF786BA1C4B9D4276
:10D980000CBF4FF080554FF0804571E7194B9D4219
:10D9900013D0164B9D4213D0174B9D420CBF4FF036
:10D9A00000454FF0804563E74FF0005560E74FF0CA
:10D9B00000655DE74FF000755AE74FF0206557E7C7
:10D9C0004FF0A05554E742F00402C4E742F00602CB
:10D9D000C1E702B0BDE8F08780841E0020A10700E7
:10D9E00048E8010090D00300589400200048E80166
:10D9F00040420F000024F40000127A00431C07B5D7
:10DA00000ED0019001A8FFF771FE019B00EB83008F
:10DA1000054BD0F80027134043F00203C0F800374D
:10DA200003B05DF804FB00BFF0F8FCFF2DE9F843FC
:10DA30000746144C97F80480242505FB08F504EBF1
:10DA400005091E4699F81C30C3B999B14869FFF71A
:10DA500097FEA8B138466251C9F80460FFF7EAFEA4
:10DA6000242303FB0844002363770748012323771B
:10DA7000BDE8F8836251C9F80460F1E70348F7E7AD
:10DA80000348F5E7589400200000AD0B0C00AD0BE7
:10DA90000400AD0BF8B5044606790068184D40F354
:10DAA0000730EFF7FFF924237343EB5853B1236892
:10DAB000144AC3F8082306EBC601206805EB810170
:10DAC000FFF724FE2421236801FB0651D3F8080543
:10DAD000D3F80C45D3F810758B7FDB070AD4FFF71A
:10DAE0008DFF3846FFF78AFF2046FFF787FF086A59
:10DAF000FFF784FF242303FB065500232B77F8BD93
:10DB000058940020520108002DE9F0430779554D43
:10DB100024237B439046EA180E46517F85B0814608
:10DB2000002940F09C80EB5823B118F0140F04BF7B
:10DB30000123537796E80F00242404FB075404F1D3
:10DB40000C0C8CE80F00206A421C04D0A37F9B07BA
:10DB50001AD50DF072F83368D9F8004023B103F0FC
:10DB60006043B3F1005F06D1B36883B103F0604353
:10DB7000B3F1005F0BD0242303FB075300223A4884
:10DB80005A7705B0BDE8F0830DF064F8E3E718F0CC
:10DB9000010318BF0123C4F8503518F0020318BF61
:10DBA0000123C4F8403596E80F00EC468CE80F00DE
:10DBB000039BC4F84405C4F84815C4F83425C4F8D8
:10DBC00038350023C4F81831D4F818310723C4F8C5
:10DBD000003524237B4318F0080F05EB03021DD109
:10DBE000E8580121216158B9D4F81831002BFBD035
:10DBF0006246402120460CF0E2FF24237B43EA18D2
:10DC0000EB5813BB106A461C13D107EBC70705EB93
:10DC100087012046FFF77AFD1448B2E7EB58A3B915
:10DC2000106A411CF8D0937F9A070BD50DF012F8BB
:10DC3000F2E7937F9B0702D50DF00CF8E5E70CF0B7
:10DC4000FCFFE2E70CF0F9FFE6E718F0040F4FF0F5
:10DC5000400314BFC4F80833C4F80433DCE70448B5
:10DC60008FE700BF589400200A00AD0B0000AD0BF9
:10DC70000B00AD0B10B5114A40214FF040200CF0C5
:10DC80009EFFD0B10E4C206A421C04D0A37F9B079C
:10DC900010D50CF0DFFF637F23B109494FF040201E
:10DCA000FFF734FD002323720648D4E90031BDE8B4
:10DCB000104018470CF0C1FFEDE710BD6494002040
:10DCC000589400206094002008B5124BA82200212F
:10DCD00018460EF0F7F803220346026142610E482F
:10DCE0000E4A98614FF48051DA61002219629A62FB
:10DCF0005A62DA6218660A485866996609491A67CC
:10DD0000DA665A6711F8010D98540132102AF9D1D8
:10DD100008BD00BF7C940020783404001AC700209E
:10DD20001AB70020913404002DE9F84FDFF87C8009
:10DD300098F800308246894616460BB9FFF7C4FFB3
:10DD4000182707FB0A873D6FD7F86CB05D452BD9C4
:10DD5000BC6E796E641BB44228BF344629444846E1
:10DD600022460EF087F8BB6E2544A144361BAB4219
:10DD700008BF0025ABEB050B5E4528BF5E4656B1DC
:10DD8000182303FB0A833246596E484629440EF095
:10DD900071F83444354424B1182303FB0A88C8F8C9
:10DDA00070502046BDE8F88F0024E3E77C94002003
:10DDB0002DE9F84FDFF87C80182606FB008E00FB6B
:10DDC00006664644DEF82440DEF828C07368A445A1
:10DDD00007468946154603EB040022D8DEF820B03A
:10DDE000ABEB040A0AF1FF339A4203D80EF042F873
:10DDF0002C440FE063449A4219D852462C440EF04A
:10DE000039F8B4EB0B0405D07068224609EB0A011F
:10DE10000EF030F8182303FB078301205C62BDE895
:10DE2000F88F0CF1FF3CACEB040C9445DED20020E3
:10DE3000F5E700BF7C940020F8B5144B182700FBD1
:10DE400007751D4407FB00330E46DB6A012B1446A1
:10DE50000AD0022B14D023B928460CF008FF8442C4
:10DE600008D900242046F8BD28460CF000FF844263
:10DE700028BF04462246314628460CF001FFF1E750
:10DE80002846BDE8F8400CF016BF00BF7C94002087
:10DE900070B50A4B1B7804460D4616460BB9FFF7C2
:10DEA00013FF00F04DF8324629462046FFF7C4FF25
:10DEB000044600F04FF8204670BD00BF7C9400205F
:10DEC000034B182202FB0033D86E1B6FC01A704739
:10DED0007C940020034B182202FB00339A6A586A94
:10DEE000801A70477C9400202DE9F041134C1E46A7
:10DEF00023780546884617460BB9FFF7E5FE022D45
:10DF000019D800F01DF865B1182005FB0003E218D0
:10DF100044F80380576000FB0542002316629362B9
:10DF20005362182303FB0544069BE36200F012F8DA
:10DF30000020BDE8F0814FF0FF30FAE77C9400202C
:10DF400003484FF0FF324FF0FF3300F049BA00BFF3
:10DF5000940D0020014800F0BBBA00BF940D0020D2
:10DF6000B0B5044600AFEBF7C7FD0B4803685B078D
:10DF70000FD06D4688B06A46084B5361084B9361D9
:10DF8000032342F8103F00234FF4C251EBF760FF28
:10DF9000AD4620460CF0EAFE680C002092340400E6
:10DFA000783504002DE9F047044600AF0D46EFF345
:10DFB0001189402383F31288BFF36F8FDFF8EC8061
:10DFC0003B4AD8F80030966859076BD0042898BFB0
:10DFD000384B117C94BF53F82030374BEA468CB055
:10DFE0006A4636485061C2E90831354840F202437A
:10DFF0001385344BC2E9060442F8103F2B48002336
:10E000004FF45151EBF724FFD546C5B1EB69D8F871
:10E010000020C3F3080393B152072CD0EA4688B01E
:10E020006A46294B5361264B9361032342F8103F04
:10E030001E4800234FF4C251EBF70AFFD546D8F82B
:10E0400000305B0717D026BB2048E8468AB06A46F6
:10E050001F4B53611A4B1062C2E9063640F202436D
:10E0600093841C4B42F8103F104800234FF4315169
:10E07000EBF7EEFEC54629462046FFF771FF89F310
:10E080001188BFF36F8F3046EEF77CFEBD46BDE8CA
:10E09000F08730460DF018F90028D5D00378002B12
:10E0A000D2D0D2E7002DB1D1E5E700BF680C002047
:10E0B00024950020F0DD0300A5340400B3340400EF
:10E0C0006A35040006000001DF340400D3FB0300BE
:10E0D000043504000500000138B5094B53F8204011
:10E0E000013053F82050A54200D838BD636823B1F1
:10E0F00020460CF043FE0834F5E723689847FAE71A
:10E1000004DE030070B52B4B2B4C2C4D012286B046
:10E1100003201A70FFF7E0FFEDF730FD0CF04AFE28
:10E120000420FFF7D9FF2646AE4204F1300410D395
:10E1300000F09EFF204C224EAC4226D300F0ACFFF4
:10E14000EAF76AF91F4A137B23F00103137306B041
:10E1500070BD54F80C3C059354F8103C049354F8EB
:10E16000143C039354F8183C029354F81C3C01935C
:10E1700054F8203C009354E90A2354E90C0100F0C0
:10E18000FDFC54F8303C5E65CDE7D4E90A23B3F1D9
:10E19000FF3F08BFB2F1FF3F05D052EA03012068FC
:10E1A00003D10DF093F83034C6E73146183001F052
:10E1B0007BF9F8E71AD700204CC403004CC40300D5
:10E1C0002FB40300D069002008B50348034A00219A
:10E1D000121A0CF0EBFD08BD800F00201CD70020A8
:10E1E00070B5174E174D184986B0B82303FB00666B
:10E1F000164B059301220F23CDE903320023CDE90D
:10E200000133142303FB005504464FF4046000FB64
:10E2100004110F4B00954FF40062304600F0AEFC45
:10E22000737B0C4AEE6023F0040373734FF4825344
:10E2300004FB033313442C746B6006B070BD00BF45
:10E2400018690020249500204045012092350400E3
:10E250001DAF030000350120BFB50020FFF73CFFD4
:10E260002E4B83F308882E4C2E4E63692E4F43F4B9
:10E2700000736361E02384F8223000252023E377D4
:10E2800025766576A57684F82050636A43F4E0230A
:10E29000636284F82350EEF7D7FCEEF7B3FE4FF03D
:10E2A000FF33A362E362214CEEF7B8FFEEF7CEFE38
:10E2B000EBF770FB40F201132046A381C4E9265519
:10E2C00001F01EFBB4600CF045FD0120FFF704FFD8
:10E2D0000220174CFFF700FF00F0FEFE154B7461A3
:10E2E0000593012314490095CDE903534FF480525F
:10E2F0003B46CDE90155204600F040FC627B0646D6
:10E3000022F00402204662730DF036F82846FFF72B
:10E3100067FF3A4631462046EEF750FE4045012061
:10E3200000ED00E02495002005E10200606B002074
:10E33000D069002097350400804D012038B5064C87
:10E34000064DAC4201D3002038BDD4E9011220466D
:10E350000CF031FD1434F4E71C0D0020300D0020CA
:10E3600038B5064C064D0020AC4200D338BD2046DF
:10E370000CF086FD0028F9DB1C34F5E7C80C002002
:10E380001C0D002073B50C46EFF31181402585F379
:10E390001288BFF36F8FC5685DB125602B68C360BD
:10E3A000836901338361002081F31188BFF36F8F8C
:10E3B00011E052EA030603D125606FF00B00F3E78A
:10E3C000CDE900230246083000F09EFD18B9034B4A
:10E3D0009B685B69236002B070BD00BF249500207C
:10E3E0002DE9F341044617461E46EFF311884023FA
:10E3F00083F31288BFF36F8FC368334A7BB18068A1
:10E400009168884219D057EA060318D188F3118819
:10E41000BFF36F8F6FF00F0002B0BDE8F08191681D
:10E4200091F90E1021610133E3609368A36088F3D2
:10E430001188BFF36F8F0020EEE72169F2E791F9B1
:10E440000E1090F90E309942A8BF19466FF07E0267
:10E450009142B8BF11468B422DDD0CF06AFD054696
:10E46000CDE9007619482246414600F04DFD0028CE
:10E47000E1D0EFF31186402383F31288BFF36F8F4F
:10E48000A068D0B1236821699C420AD04BB193F9AE
:10E490000E309942A8BF19466FF07E039942B8BF6B
:10E4A00019460CF046FD40B10848314600F09CFD8D
:10E4B0006FF00A00B0E70025D2E7002DF4D186F313
:10E4C0001188BFF36F8FF3E7249500201BD700203E
:10E4D00038B5836804466BB3194A926893422CD1CD
:10E4E000C368012B03D9013BC360002038BDEFF3A3
:10E4F0001185402383F31288BFF36F8F0169806811
:10E500000CF017FD20460CF0ACFFA06060B190F954
:10E510000E2022610022C0F8B0200CF02DFF094827
:10E52000294600F061FDE0E7E06085F31188BFF364
:10E530006F8FDAE76FF01500D8E74FF0FF30D5E7BF
:10E54000249500201BD7002037B51146EFF3118525
:10E55000402282F31288BFF36F8F04689CB1236856
:10E56000426823F003039442036008BF4360012123
:10E5700020460CF053FD044685F31188BFF36F8FDE
:10E58000204603B030BD51EA0302F5D000F1080285
:10E59000CDE900131046294600F0B6FC0028EFD163
:10E5A000014B9B685C69EBE72495002038B5044675
:10E5B000EFF31185402383F31288BFF36F8F0CF0C4
:10E5C00050FF50B10022C0F8B0200CF0D5FE294613
:10E5D0000848BDE8384000F007BDD4E902329A424D
:10E5E00018BF0133A360022104F110000DF069F996
:10E5F000EDE700BF1BD7002013B5EFF311814024D6
:10E6000084F31288BFF36F8F846844B1013C846047
:10E6100081F31188BFF36F8F002002B010BD52EA62
:10E62000030406D181F31188BFF36F8F6FF00F00E1
:10E63000F3E7CDE900230246014800F065FCECE772
:10E640001BD7002070B50446EFF31185402383F3F8
:10E650001288BFF36F8F6FF00A0620460CF001FF9F
:10E6600020B1C0F8B0600CF087FEF6E7A060022190
:10E6700004F110000DF025F929460248BDE870406C
:10E6800000F0B2BC1BD700201FB5094A92E8030076
:10E6900002AB83E803004FF480520093054906481B
:10E6A0004FF0FF3300F070F9002005B05DF804FB77
:10E6B000F8C80300C05D0120886A00202DE9F043FE
:10E6C000DFF8348185B005464FF0FF364FF0FF3755
:10E6D000EFF31189402383F31288BFF36F8FD5F8CE
:10E6E000B8408CB9022105F1D0000CF0D8FC00280C
:10E6F00060D10023CDE90067029305F1C0024946CD
:10E700003E4800F097FDE3E7D5F8BC202368C5F844
:10E71000B830944208BFC5F8BC30D5F8D03043F0CB
:10E720000203C5F8D030E36823F0040343F001038B
:10E73000E360636889F31188BFF36F8F20469847C1
:10E74000EFF31189402383F31288BFF36F8FE368DF
:10E75000D90623F0010237D4E260E3689A071AD59C
:10E76000D8F8000023F00203E360A0B102680021A2
:10E7700088B143689C4237D1036869BBD8F804204C
:10E78000C8F80030824201D1C8F80430002340F8B4
:10E79000083BFFF70BFFD5F8D03023F00203C5F894
:10E7A000D03089F31188BFF36F8FDB0590D400F070
:10E7B0009BFC8DE705F1C8040022012120460CF0E6
:10E7C000A9FE0028F8D194E723F01103E36004F1D7
:10E7D0001000FFF7EBFEC0E70B60D8F8043083426F
:10E7E00008BFC8F80410D1E722B1136801461046EB
:10E7F0001A46BDE71346F9E7489500201BD70020CD
:10E8000070B5C368C3F340069B0705460C460DD59B
:10E810000122002104F108000CF031FC00232360E8
:10E82000054B65605A681AB9C3E90044304670BDAB
:10E8300014605C60FAE700BF48950020F8B5C36833
:10E840009A0704460F46C3F340062CD45B071AD43C
:10E850000B680BB983680B60E368DD0744BFA368EE
:10E860003B603D684CBF02260126002D3AD01F4B6D
:10E870009B68AB420AD0D5F8D030D807C3F38002EA
:10E8800014D46FF0120600233B6025E00CF016FD57
:10E89000D5F8D0300028F0D1D907C3F3C002F0D5A5
:10E8A00052B15B0708D46FF00F06ECE7002AFAD1EB
:10E8B000C3F3C003002BF6D100232360D5F8BC308E
:10E8C00063B9C5E92E4428460CF004FCE36843F024
:10E8D0000403E3603B68A3603046F8BD1C60C5F8E4
:10E8E000BC40F0E76FF01506CDE700BF249500208F
:10E8F0002DE9F041C36803F00503002B07460C46E1
:10E9000014BF4FF001084FF0000822D08668D6F8F7
:10E91000B85025B1AF4201D02D68FAE70125012298
:10E92000002104F110000CF0AAFB134920460CF062
:10E9300029FCE36843F01003E3609DB13B6823606A
:10E9400073B9D6F8BC303BB9C6E92E4430460CF05A
:10E95000C1FB4046BDE8F0811C60C6F8BC40F5E74D
:10E960003C60F3E7D6F8B8302360D6F8BC30C6F880
:10E97000B840002BEAD1F0E7B5B0030001460148EA
:10E980000CF01CBC886A0020F0B589B00446002059
:10E99000C4E92E000E9D04F1C000C4E9300004F16A
:10E9A000C800C4E932004DB32879002840F20110B4
:10E9B00008BF0120C4F8D00000204FF0FF364FF010
:10E9C000FF37CDE90330CDE90100CDE906670C4BF7
:10E9D0000094204600F04EF955B1296811B1204647
:10E9E00000F074F86B791BB1237B43F001032373B0
:10E9F000204609B0BDE8F0400CF068BC0120D9E722
:10EA0000BDE6020037B501900846EFF311844021BE
:10EA100081F31288BFF36F8FC16811F01E0F16D1FA
:10EA200053EA020508D101A9FFF708FF84F3118812
:10EA3000BFF36F8F03B030BD41F00801C160019991
:10EA400081621030034900F02FFD0120EEE7002025
:10EA5000ECE700BF49B1030001460148FFF7D2BF10
:10EA6000886A0020F7B50C46019016461D46EFF364
:10EA70001187402383F31288BFF36F8F08460CF091
:10EA80001AFB55EA060309D101A92046FFF7D6FE75
:10EA900087F31188BFF36F8F03B0F0BDE3680749B8
:10EAA00043F00803E360019BA36204F110003246C7
:10EAB0002B4600F0F9FC0120EAE700BF49B1030052
:10EAC00001460148FFF7CEBF886A002010B5044612
:10EAD00008B9054B9C681F2204F178000CF065FF13
:10EAE000002084F8970010BD249500202DE9F74FF1
:10EAF0000C46D1B3CAB3477BDFF87480561E084674
:10EB00006FB34FF000094D464FF0010A0AFA09FBB6
:10EB100017EA0B0F1DD0D8F80410721B8A4228BFC9
:10EB20000A46D8F8001001920DF0A4F9019A37EACC
:10EB30000B07154404EB050011D0A6EB050BBBF148
:10EB4000010F28BF4FF0010B0A495A460DF092F908
:10EB50005D4409F1010908F108086019D6E70023AE
:10EB60000370204603B0BDE8F08F0348FAE700BF0A
:10EB70001CDE0300A83504003AEA03002DE9F04F3B
:10EB8000D51D85B025F0070504461F467F3500F1E9
:10EB90005803C0E9163325F03F05129B237300206C
:10EBA0000E46119BDDF838B0DDF84C80A0600421E2
:10EBB0003F2DC4E906006173A373E07306F1400AB8
:10EBC000A5F1400905D880F31188BFF36F8F08467F
:10EBD00002DF4A463544AA2150460DF073F9294612
:10EBE0002046EDF7F7FB0730109B20F00700C4E943
:10EBF00026A9C4F8A00002930F9B2D1ACDE900B3FB
:10EC00002A463B4631462046EEF7A4F90F9BE366C1
:10EC10004FF00009109BC4F85490C4E9197B236796
:10EC2000EFF31182402181F31288BFF36F8F104EF2
:10EC3000316A6167346282F31188BFF36F8FB8F174
:10EC4000000F11D01F22414604F178000CF0ADFEF8
:10EC500084F89790B3680BB1D3F8A430C4F8A4300B
:10EC6000284605B0BDE8F08F84F87880F2E700BF51
:10EC700024950020F0B587B000250595109D0495DA
:10EC80000F9D03950E9D0295DDE912760D9D019570
:10EC90000C9D00950446FFF771FFB6F1FF3F08BFDA
:10ECA000B7F1FF3F05D056EA070305D1204600F033
:10ECB000ADF9204607B0F0BD03493A46334604F1AA
:10ECC000180000F0F1FBF4E72FB4030038B50D4D48
:10ECD0002B4653F8184F9C4200D004B9EC68AB683F
:10ECE00038B95A7BD20604D1A26912B9DA897F2ACF
:10ECF00005D89C4202D0204600F0DCFA23466B6126
:10ED000038BD00BF2495002008B590F90D20437B45
:10ED1000002A014604DA03F07F0343730CF0E9FA9A
:10ED2000044B9868431A58425841BDE80840FFF721
:10ED3000CDBF00BF2495002070B490F90D30427B08
:10ED4000002B29DBD30627D183692BBB134962F043
:10ED50007F0242730A4652F8184F944218BF234666
:10ED6000CC6923B9C0E900242060C8610CE090F9A7
:10ED70000E5093F90E60B5420AD0AE4208DD5A68D3
:10ED8000C0E900321060586070BC0020FFF79EBFE1
:10ED90009C42E7D01B68E4E770BC704724950020D4
:10EDA0002DE9F041002A427B0E460CBF10210821BC
:10EDB000114204460FD141EA0203D20918D143732C
:10EDC00008291BD00120FFF781FFBFF35F8F637B12
:10EDD00023F0600363732D4B9B68A3424FD1EFF385
:10EDE0000583002B4BD13046BDE8F041EDF7E0BF85
:10EDF00003F07F0343730CF07CFAE1E7A36813B1DF
:10EE000020460CF07EFA04F118000CF0A6FBA56D6C
:10EE100004F15807AF4211D04FF0000875B12846F1
:10EE20000CF06FFA05F118000CF097FBC5F8B080F4
:10EE30002846FFF781FFA56DAF42EFD1134FBB68A6
:10EE40009C4206D00120FFF741FF204600F08AFADD
:10EE5000BBE7EFF30583002BF4D001200C4DFFF747
:10EE600035FF204600F07EFA40F20113AB812846C0
:10EE70000023C5E9263300F043FDBD60A5E786F316
:10EE80001188BFF36F8FBDE8F08100BF249500208B
:10EE9000606B002070B590F90D20437B002A01467D
:10EEA00004DA03F07F0343730CF023FA4B7B154A1B
:10EEB00063F07F0310464B7350F8183FD4698342C8
:10EEC00008BF002323B9C1E900042160D1610CE02F
:10EED00091F90E5093F90E60B5420ED0AE420CDDA2
:10EEE0005868C1E90030016059609068431A58427F
:10EEF000BDE870405841FFF7E9BE9C42E3D01B6873
:10EF0000E0E700BF24950020F8B5124B0C461146EF
:10EF1000114A98681060DDE90676EFF3118240220D
:10EF200082F31288BFF36F8F9D6828460CF0F3F9C7
:10EF3000B6F1FF3F08BFB7F1FF3F06D007493A4699
:10EF4000334605F1180000F0AFFA2046BDE8F8405E
:10EF5000EDF72EBF24950020509500202FB403001C
:10EF6000F8B50446EFF31186402383F31288BFF30C
:10EF70006F8F437BDA0649B219D18569BDB903F0B9
:10EF80007F0343730CF0B5F9437B164A817363F03A
:10EF90007F034373134653F8180F984218BF054672
:10EFA000D0695DB9C4E900300460D46111E0A17397
:10EFB000002086F31188BFF36F8FF8BD95F90E70AE
:10EFC000B9420BD08F4209DD6B68C4E900531C6065
:10EFD0006C600120FFF77AFE0120EAE7A842E1D049
:10EFE0002D68DEE72495002049B9EFF3058030B99C
:10EFF000054B5A699B689A4201D0EDF7D9BE81F35F
:10F000001188BFF36F8F70472495002010B5EFF380
:10F010001184402282F31288BFF36F8F427B510725
:10F0200004D484F31188BFF36F8F10BD22F0040263
:10F030004273FFF781FE21460248BDE81040FFF70A
:10F04000D3BF00BF1BD70020034648B9EFF30582AA
:10F0500032B9064A51699268914201D0EDF7A8BED3
:10F0600083F31188BFF36F8F704700BF2495002092
:10F07000EFF31181402383F31288BFF36F8F054BA9
:10F080009A68D37B013BD37381F31188BFF36F8FF1
:10F09000704700BF2495002038B5EFF31185402458
:10F0A00084F31288BFF36F8F0A4B9A68D37B0133C6
:10F0B000D3730020FFF70AFE85F31188BFF36F8F2B
:10F0C000EFF3118084F31288BFF36F8FBDE83840EF
:10F0D000FFF7BABF24950020024B03F11802C3E9E1
:10F0E0000622704724950020F8B5EFF311854023E0
:10F0F00083F31288BFF36F8F19498868437B03F04D
:10F100007F0343730CF0F5F88B685A7B084662F076
:10F110007F025A7350F8182FCC69824208BF002230
:10F1200022B9C3E900042360CB610CE093F90E60BF
:10F1300092F90E70BE420ED0B7420CDD5168C3E9A1
:10F1400000210B6053600120FFF7C0FD2846BDE899
:10F15000F840EDF72DBEA242E3D01268E0E700BF11
:10F160002495002050EA01032DE9F04105460E46A2
:10F1700003D1FFF7B9FF00202BE0831C71F1FF33AF
:10F1800029DB0CF0FFF92C18EFF31188402383F3EF
:10F190001288BFF36F8F124F124BB8681860FFF7D9
:10F1A000B3FDB86810492A463346183000F07CF9A0
:10F1B000BA68537B43F0100353734046EDF7F8FDF4
:10F1C0000CF0E0F9201A63EB0303012873F100034C
:10F1D000D1DBBDE8F0816FF00104241AD4E700BF51
:10F1E00024950020509500202FB40300B1F1FF3F7B
:10F1F00008BFB0F1FF3F08B506D10A4B98680CF084
:10F20000CAF84FF0FF3008BDFFF7ACFF4FF47A713A
:10F2100047F6FF730022C0FB0132D80B40EA4240A0
:10F22000F1E700BF24950020014B9868704700BFAC
:10F2300024950020D3B5DDE90667089CCDE9006779
:10F24000FFF762FE1CB1034B9B685B69236002B051
:10F25000D0BD00BF24950020044BC01A044BC01041
:10F260005843044B01221A54704700BF186C002009
:10F27000ABAAAAAA1BD70020C3897F2B12D80A4B9E
:10F280001B6863B1094B90F90E201B689A4209DB99
:10F29000437BDB0606D1064BC31A18BF012303F0DC
:10F2A000010070470023FAE758950020549500208C
:10F2B0001869002070B50E4B0E4C1E7C06EB460301
:10F2C00004EBC304054620460CF047F90A4B002224
:10F2D00028469A55FFF7D0FF48B1084B08491A68ED
:10F2E000013A2046D317BDE8704000F0DDB870BD8C
:10F2F00024950020186C00201BD700205895002072
:10F3000059F2020038B5EFF31185402383F31288D8
:10F31000BFF36F8F104B114A9C681068A04206D152
:10F32000FFF7C8FF85F31188BFF36F8F38BD002149
:10F330001B7C11600A4AD35C002BF3D02046FFF7F8
:10F340009BFF0028EED0637BDB0602D12046FFF74F
:10F35000A1FD2046E4E700BF249500205095002041
:10F360001BD70020EFF31181402383F31288BFF3F2
:10F370006F8F0A4A136A834207D15B6F136281F36E
:10F380001188BFF36F8F70471346002BF7D05A6F69
:10F390008242F9D1426F5A67F1E700BF24950020FD
:10F3A000F8B506460F46EFF31183402282F3128828
:10F3B000BFF36F8F0B490C6A154624B983F311888C
:10F3C000BFF36F8FF8BD83F31188BFF36F8F39469A
:10F3D0002046B047EFF3118385F31288BFF36F8F98
:10F3E000646FEAE72495002008B50648064A0749F5
:10F3F000121A0BF0DDFCBDE80840054A0549064835
:10F400000BF0D6BC000000207C0F00205436040016
:10F41000000000005436040000000020034B1B686D
:10F420000BB9FAF74BBA0020704700BF5C9500207B
:10F4300030B570B10B4B5B6898420AD0036843B19A
:10F44000D3E90421D0E90445121941EB0501C3E9D0
:10F450000421D0E9003213605A600023C0E9003370
:10F4600030BD00BFEC09002010B50E4B1C689C425B
:10F4700004D1FFF7D3FF6FF0004010BDFFF7CEFFC0
:10F48000002CF8D0D4E904321B1A62EBE072B3F11D
:10F49000004F72F10001EEDA002AACBF18460020DE
:10F4A000EBE700BFEC090020B3F1FF3F08BFB2F16A
:10F4B000FF3FF8B504461D4616465ED08160EFF367
:10F4C0001187402383F31288BFF36F8F013275F1E8
:10F4D000FF3324DA2E49D1E900206FF001039B1A93
:10F4E0004FF0FF3262EB00009E1B60EB0500012E27
:10F4F00070F1000301DA01260020C4E90460254E02
:10F50000D6F800C07568B44508BF4FF0000CBCF1D8
:10F51000000F0DD1C4E900652C6074601CE0FFF79A
:10F520007DFF013645F10005361845EBE070E4E754
:10F53000DCE90420D4E90431934271EB000E1DDABA
:10F54000D21ADCF8043060EB0100CCE90420C4E9F5
:10F5500000C31C60CCF804403368B34209D09C421D
:10F5600007D10D4B1C6824B9FFF77EFF2146FAF73F
:10F5700077F987F31188BFF36F8FF8BD9B1A61EBA2
:10F580000001AC45C4E90431C4D0DCF800C0BEE7DA
:10F59000306C0020EC0900205C9500202DE9F84F2C
:10F5A000EFF3118C402383F31288BFF36F8FDFF8E2
:10F5B000B0A0DFF8B0902C4FC9F80000DAF80000D6
:10F5C0000024504508BF00200025D7E90021D9F8C4
:10F5D0000030E04678B3D0E9046C4FEAE37EB342F2
:10F5E0007EEB0C0B05DAF61A6CEB0E04C0E9046432
:10F5F00021E0B21841EBE671C0E90445C7E90021FA
:10F60000FFF716FF88F31188BFF36F8F8368984761
:10F61000EFF31188402383F31288BFF36F8FD9F87B
:10F620000030DAF800009B1B5045C446C9F8003092
:10F63000CBD1D7E900219A1841EBE3730024C7E945
:10F640000023C9F80040FFF70FFF2146FAF708F939
:10F6500088F31188BFF36F8FBDE8F84FFFF752BEF4
:10F66000EC0900205C950020306C002010B5EFF311
:10F670001184402383F31288BFF36F8FFFF7CEFE10
:10F68000054A0346D2E90001181841EBE37184F3FF
:10F690001188BFF36F8F10BD306C0020F8B50446A1
:10F6A000EFF31187402383F31288BFF36F8F026853
:10F6B00022B187F31188BFF36F8FF8BDD0E90A3606
:10F6C000581C46F10001022871F1000127D3012BDB
:10F6D00076F10001BCBF012316465D1E46F1FF36E0
:10F6E0000BF054FF013041F10001401946EB0101DC
:10F6F000012871F100013ADB0BF048FF013041F1C4
:10F7000000016FF00102401946EB0103121A4FF09D
:10F71000FF3161EB030318492046FFF7C5FE236B59
:10F7200001332363236A6BB187F31188BFF36F8FB3
:10F73000236A20469847EFF31187402383F312880A
:10F74000BFF36F8F54F8185FA542B2D0002DB0D030
:10F7500028460BF03AFE0023C5F8B03087F3118835
:10F76000BFF36F8F2846BDE8F8400BF005BE6FF081
:10F7700001024FF0FF33CEE79DF602002DE9F04184
:10F7800005461C4690461F46EFF31186402383F33F
:10F790001288BFF36F8FB4F1FF3F08BFB2F1FF3F94
:10F7A00005D186F31188BFF36F8FBDE8F081531C3C
:10F7B00074F1FF3309DB012A74F10003BCBF01229D
:10F7C000002412F1FF3844F1FF3728460BF0C5FE44
:10F7D000DDE906010023C5E90A012B63034942461E
:10F7E0003B462846FFF760FEDBE700BF9DF60200C0
:10F7F0002DE9F74F1D46274B9F68012387F860309E
:10F8000087F8613052EA050316460CBF0123002336
:10F8100007F1600280460BF087FF8146EFF3118B02
:10F820004FF0400A8AF31288BFF36F8F97F8604059
:10F830004CB901465A4640460BF017FF8BF311882E
:10F84000BFF36F8F0BE0002387F8603056EA0503A3
:10F8500009D18BF31188BFF36F8F6FF00A04204634
:10F8600003B0BDE8F08FCDE900650B4A0B4859465F
:10F87000FFF74AFB0446EFF311858AF31288BFF3C2
:10F880006F8F2A46494640460BF0EFFE85F31188FC
:10F89000D6E700BF24950020F40900201CD70020E3
:10F8A00038B50346EFF31185402282F31288BFF387
:10F8B0006F8FC160012181600068834206D185F3AA
:10F8C0001188BFF36F8F0024204638BDD0E9003285
:10F8D00013605A600023C0E900330BF09DFF2946F6
:10F8E00004460248FFF780FBEEE700BF1CD700206C
:10F8F0000A46014601480CF00BB800BF1C0D002061
:10F90000014BC0F8A43070471C0D002038B50446E8
:10F910000D460BF0D3FC28B9064B9B68D3F8A430F6
:10F920000BB938BD044B2A4621461846BDE838407D
:10F930000BF0EEBF249500201C0D002030B599B0CF
:10F940000546684600F028F86946044608A800F015
:10F9500053FA08A90443284600F08AF9204619B052
:10F9600030BD00BF70B598B005466846164600F039
:10F9700013F83146044608A800F046F908A96A467B
:10F980000443084600F082F908A90443284600F021
:10F990006DF9204618B070BD70B50B68124E1BBAD9
:10F9A000C3614B681BBA83618B681BBA4361CB6828
:10F9B0001BBA03610B691BBAC3604B691BBA836036
:10F9C0008B691BBA4360CB691BBA324603600146A0
:10F9D0000446D0F7B5FB3146054602462046D0F72F
:10F9E000CFFB681E70BD00BF5CDE03002DE9F04157
:10F9F00088B00C46064602F12001684606F1200751
:10FA00009046D0F797FE6A4669466846D0F7B4FD3F
:10FA100069463846D0F78EFE3A463946384604F1F4
:10FA20002005D0F7A9FD6A4669466846D0F7A4FDCF
:10FA300041462846D0F77EFE6A4641463046D0F71A
:10FA400061FE2A4629466846D0F796FD2A46694651
:10FA50006846D0F791FD124A69466846D0F78CFD9A
:10FA600069462046D0F766FE324621462046D0F74A
:10FA7000C1FD324621462046D0F7BCFD2246314624
:10FA80002846D0F7B7FD6A4629462846D0F73AFE01
:10FA90003A4629462846D0F7ADFD08B0BDE8F081CA
:10FAA0003CDF0300F0B599B004460D460A46014616
:10FAB0006846D0F79FFD69466846D0F73BFE6A4628
:10FAC000214608A805F1200604F12007D0F71AFE08
:10FAD0006A4629466846D0F715FE3246394610A8D0
:10FAE000D0F74AFD324639463046D0F783FD3146DD
:10FAF0002846D0F71FFE6A4608A92046D0F73CFDED
:10FB0000224629462846D0F775FD6A4608A9684668
:10FB1000D0F770FD6A4639463846D0F7F3FD2A46DD
:10FB200008A96846D0F766FD6A4631463046D0F7E8
:10FB3000E9FD3A4631463046D0F75CFD10A96846EB
:10FB4000D0F7F8FD224669462046D0F753FD08A9B4
:10FB500022460846D0F74EFD10A908AA0846D0F75D
:10FB6000D1FD3A4610A93846D0F744FD19B0F0BD92
:10FB70002DE9F04188B00C46054690460A460146FC
:10FB80006846D0F737FD69466846D0F7D3FD6A4628
:10FB90002946284604F12006D0F7B4FD05F12007D8
:10FBA0006A4621466846D0F7ADFD324639463046B2
:10FBB000D0F720FD31462046D0F7BCFD2A4621462D
:10FBC0002046D0F717FD6A4621462046D0F712FDA1
:10FBD0006A4629464046D0F70DFD4246394638462A
:10FBE000D0F790FD224629466846D0F703FD6A46C5
:10FBF00031463046D0F786FD3A4631463046D0F79A
:10FC0000F9FC08B0BDE8F08170B500F1200690B0B5
:10FC10000D46044600F014F905F12001304600F0CD
:10FC20000FF9214608A8D0F785FD08A908460D4A16
:10FC3000D0F7A2FC08A922460846D0F763FD08A920
:10FC4000094A0846D0F798FC31466846D0F772FD5D
:10FC5000202269460DEB0200D0F760FC013810B09D
:10FC600070BD00BF3CDF03001CDF030000F002B9E1
:10FC700038B504460D4600F0FDF805F1200104F109
:10FC80002000BDE8384000F0F5B800BF2DE9F0478E
:10FC90001346B8B0544A89468046194610A8D0F792
:10FCA0004FFA5249024610A8D0F76AFA179E4E49F9
:10FCB00000EAD6760746C6F1010210A8D0F760FA2E
:10FCC000179B4A466FEA030A28A918A8FFF78EFE79
:10FCD0004FEADA7A20A9CAF10102084600F092F848
:10FCE000C7F10107FE246A4618A928A8FFF740FFBC
:10FCF000631138AA02EB830304F01F0253F8A03CFF
:10FD0000D340554603F0010A8AEA05052A4628A988
:10FD100018A8D0F791FA2A4630A920A8D0F78CFA73
:10FD2000013C28A918A8FFF7BDFE631CDBD1CAF16E
:10FD3000010220A908A800F065F886EA0A066A46CA
:10FD400018A928A8FFF714FF28A9324618A8D0F749
:10FD500073FA324630A920A8D0F76EFA08A96A468D
:10FD60000846D0F7CFFC08A9084600F09DF808A97E
:10FD700008F1200409F120020846D0F7C3FC20A9AD
:10FD800008AA2046D0F7BEFC08AA18A96846D0F7F2
:10FD9000B9FC69466846D0F7CDFC18AA694608A8A0
:10FDA000D0F7B0FC21466846D0F7C4FC08AA6946E3
:10FDB0001046D0F71FFC0E4A08A96846D0F71AFC77
:10FDC00020462021D0F7BEFB08A9024644426846DF
:10FDD000D0F732FA4046074A6946D0F793FC3C43D5
:10FDE000204638B0BDE8F0879CDE0300BCDE03008F
:10FDF0001CDF03007CDE03000A460149FFF746BF13
:10FE0000DCDE030070B588B004460D4616460021BE
:10FE1000202268460CF056F800232946202220466E
:10FE200000930CF027F82A4669466846D0F7E2FBB3
:10FE3000324669462046D0F7FFF908B070BD00BFD2
:10FE40000B681BBAC3614B681BBA83618B681BBA12
:10FE50004361CB681BBA03610B691BBAC3604B6972
:10FE60001BBA83608B691BBA4360CB691BBA036002
:10FE7000704700BFCB691BBA03608B691BBA436034
:10FE80004B691BBA83600B691BBAC360CB681BBA92
:10FE900003618B681BBA43614B681BBA83610B68B3
:10FEA0001BBAC361704700BF70B598B00D460646D7
:10FEB00010A8D0F73FFC2A4610A96846D0F722FCCC
:10FEC000694610A8D0F736FC10A90846D0F732FCD6
:10FED0006A4610A908A8D0F715FC08A910A8D0F701
:10FEE00029FC10A90846D0F725FC10A90846D0F730
:10FEF00021FC10A90846D0F71DFC10A908AA084645
:10FF0000D0F700FC10A90846D0F714FC10A9084649
:10FF1000D0F710FC10A96A4608A8D0F7F3FB052417
:10FF200008A910A8D0F706FC10A90846D0F702FCD3
:10FF3000013C10A9F5D108AA0846D0F7E3FB052437
:10FF400010A90846D0F7F6FB10A90846D0F7F2FB37
:10FF5000013CF5D110A908AA0846D0F7D3FB10A997
:10FF600008A8D0F7E7FB08A90846D0F7E3FB08A9E3
:10FF70006A466846D0F7C6FB1024694610A8D0F739
:10FF8000D9FB10A90846D0F7D5FB013C10A9F5D143
:10FF90002A460846D0F7B6FB402410A90846D0F7F9
:10FFA000C9FB10A90846D0F7C5FB013CF5D110A943
:10FFB0006A460846D0F7A6FB102410A90846D0F7D9
:10FFC000B9FB10A90846D0F7B5FB013CF5D110A943
:10FFD0006A460846D0F796FB102410A90846D0F7C9
:10FFE000A9FB10A90846D0F7A5FB013CF5D110A943
:10FFF00008AA0846D0F786FB2A4610A93046D0F753
:020000023000CC
:1000000081FB18B070BD00BF10B50C4C236813B154
:100010000B4B1B682BB900F029FE30B9084B0122AD
:100020001A6001232360002010BD0138062801D981
:10003000044810BD044B53F8200010BD6495002007
:1000400060950020FE8FFFFF5CDF0300BFF34F8F42
:100050000549064BCA6802F4E0621343CB60BFF364
:100060004F8F00BFFDE700BF00ED00E00400FA0580
:1000700010B4094B09490A4C4FF0FE32C3F8002472
:100080004968C3F80424C3F80824C3F80C240023E7
:10009000C4F8003510BC084700B00250FC0900202D
:1000A00000A00250D0E90012014BC3E900127047D2
:1000B000FC0900202DE9F043134B144E002814BF17
:1000C00004461C4683B02368B34219D00D4620462F
:1000D0004FF4E07104F10409174604F58E7800F03E
:1000E000E9F8484600F0ACFC404600F0DBFA08496D
:1000F00000972B464A46404600F0EAFA08B92660C7
:10010000002003B0BDE8F08368950020A5BCC95A63
:10011000C90A030070B51D460C4B002818BF0346E2
:100120000B481E68864282B00DD1002603F58E7002
:1001300000963346144600F017FB002818BF3446DB
:100140002C6002B070BD0348FBE700BF689500203B
:10015000A5BCC95AE88FFFFF10B5044650B16368CB
:1001600013F0685F05D0064A934202D00023236053
:10017000626010BD034B04485B689847EFE700BF1F
:100180002C5F5CA9FC09002078DF0300C8B143683C
:100190000D4A934213D013F0685F0ED0012350E84C
:1001A000002F194640E8001C9CF0000FF7D1012AEF
:1001B000F5D0BFF35F8F00207047044870470448B4
:1001C00070476FF4E04070472C5F5CA9E98FFFFF38
:1001D000EA8FFFFF80B14368094A93420AD013F0C7
:1001E000685F05D0BFF35F8F002303601846704738
:1001F00004487047044870476FF4E040704700BF00
:100200002C5F5CA9E98FFFFFEA8FFFFF10B5044662
:1002100020B1044B63600022226010BD0248FFF74A
:1002200027FFF6E73A00003AA0DF030070B5D0E9F7
:100230000023174C174D6360D0E90230C4E9023047
:1002400022604868D1F800C0134BC3E900C0D5F85C
:100250001801D1F808C0C3F808C010F0685FD1F8E1
:100260000CC00969C3F80CC0196110D00B49C5F85E
:10027000BC110023C5E9453105F58A70C5F8B831D0
:100280009047236805F5DC70BDE87040184770BDE5
:10029000180A002068950020040A00202C5F5CA941
:1002A00038B131B1014400220346013081421A7055
:1002B000FAD1704738B131B1014400220346013010
:1002C00088421A70FAD170472DE9F04FB2F5C07F1D
:1002D000B5B000F2D780DFF8B49114460D464FF464
:1002E000D07200210DF15C08074648460BF0EAFD8C
:1002F000404601F051F9002309F11806A9F8103021
:1003000063BA29462246A9F812303046202389F8DC
:1003100017300BF0AFFD5E4B079303F104338022DF
:10032000089303F104330993325503F1043307A909
:1003300040460A9301F046F9824600287FD104F135
:1003400019030BAE0FAC0293039701960494019826
:10035000DFF840B1102200210BF0B4FDDDF808A059
:1003600005940E9B5BF8044C5BF80C7C0B995BF8D6
:10037000100C5BF8085CDDE90C625C40019B7E4080
:10038000554081EA00071A4601214046CDE90B7627
:10039000CDE90D5401F030F9BAF1100F94BFAAEB7A
:1003A0000A0AAAF1100A0BF1100B002865D1BAF164
:1003B000000FD6D1059C0199204610220BF05AFD62
:1003C00099F8033010340133A04589F80330BED1C9
:1003D000049C039F019E80222146404601F0F2F8D2
:1003E000824670BB07F120093D4613AB1A46012136
:1003F000404601F001F91022824613A9284615440F
:10040000BAF1000F1DD10BF035FD4D45EDD1404641
:1004100001F0D2F81D484FF4D071FFF74BFF204692
:100420002021FFF747FF07A81021FFF743FF3046C1
:100430001021FFF73FFF504635B0BDE8F08F0FACFD
:100440000BAE404601F0B8F810484FF4D071FFF7FA
:1004500031FF20462021FFF72DFF07A81021FFF7CD
:1004600029FF10213046FFF725FF20213846FFF7EE
:1004700021FF504635B0BDE8F08F039F019E049CDC
:100480008246DEE76FF0370AF3E700BF38970020B7
:1004900000010203489700202DE9F04188B004468E
:1004A0000D462022002168460BF00CFD04F12006C9
:1004B0006F46E27B0132D2B2E273002A4DD1A27BB9
:1004C0000132D2B2A273002A47D1637B0133DBB27F
:1004D0006373002B41D1237B0133DBB22373002BE9
:1004E0003BD1E37A0133DBB2E372002B35D1A37A3F
:1004F0000133DBB2A372002B2FD1637A0133DBB25D
:10050000637253BB237A0133DBB223722BBBE379D3
:100510000133DBB2E37103BBA3790133DBB2A37117
:10052000DBB963790133DBB26371B3B9237901338A
:10053000DBB223718BB9E3780133DBB2E37063B9CB
:10054000A3780133DBB2A3703BB963780133DBB22C
:10055000637013B92378013323703B46224601218F
:10056000304601F049F8804650BB103708AB9F4237
:100570009FD1029AAB68039F07995340029330467C
:10058000EE68009B7E400396049F2E697E40049691
:100590006E69059F7E400596069FAE697E40069671
:1005A000EE697140079129684B40009301996B688F
:1005B00080224B406946019301F004F8804638B12F
:1005C00068462021FFF776FE404608B0BDE8F0817E
:1005D00010220DEB020120460BF04CFCF0E700BFAF
:1005E0002DE9F84304468069B0F5C07F52D81D4616
:1005F000C0F5C073AB424DD3C5F5C0731B1A93420F
:10060000164647D3DFF898904FF4C0720F4648461D
:1006100000210BF057FCD4F89430A269D4F898006C
:1006200049469847002838D1D4F818803DB1D4E91C
:1006300025302A4609EB0801984770BBA84407B14A
:10064000C6B9174942460846FFF73EFE054638B18F
:1006500013484FF4C071FFF72DFE2846BDE8F8831C
:100660000F492046FFF718FF05460028F0D1012367
:100670002361EDE709EB0800394632460BF0FAFB3F
:100680000749B04442460846FFF71EFE05460028CB
:10069000DED1E5E76FF03705DFE76FF03305DCE724
:1006A000D898002010B5A422044600210BF00AFCC3
:1006B000064B4FF0FF314FF6F0722161E26104F119
:1006C0009C001B68BDE81040184700BF680A002066
:1006D0002DE9F04385B005460F461646002110224D
:1006E000684699460BF0EEFB1D4B05F19C081B6814
:1006F0004046984720B10446204605B0BDE8F08347
:1007000005F12004204600F047FFAA69C5E92576D7
:100710002E69E2B92022002EAA611FDB204669461D
:10072000802200F04FFF044630B90C9A3346494608
:100730002846FFF755FF04460A4B40461B6898477A
:10074000002818BF0446204605B0BDE8F083002EFF
:10075000E4DA172A02D801325608DFE70026DDE77F
:10076000640A0020600A00202DE9F04F8DB0B2F538
:10077000806F169F00F2E380B7F5807F00F2DC8087
:10078000044615460E462022002104A898460BF088
:1007900099FB6C4B04F19C091B68484698478346BB
:1007A000002840F092802269E3699A4200F3918028
:1007B0006369002B40F08D80002F40F0A980DFF8A6
:1007C00088A16F46002D00F0988004F120086F4644
:1007D0000EE0102DAB4628BF4FF0100B30465A46A6
:1007E00039460BF047FBB5EB0B055E4400F0858006
:1007F000E37B0133DBB2E373002B4DD1A37B0133E9
:10080000DBB2A373002B47D1637B0133DBB263738D
:10081000002B41D1237B0133DBB22373002B3BD16F
:10082000E37A0133DBB2E372002B35D1A37A0133D3
:10083000DBB2A372002B2FD1637A0133DBB2637278
:1008400053BB237A0133DBB223722BBBE379013331
:10085000DBB2E37103BBA3790133DBB2A371DBB974
:1008600063790133DBB26371B3B923790133DBB24E
:1008700023718BB9E3780133DBB2E37063B9A378FA
:100880000133DBB2A3703BB963780133DBB2637031
:1008900013B92378013323703B4622460121404699
:1008A00000F0AAFE8346002893D0DAF800304846CC
:1008B00098472021034604A8002B18BF9B46FFF74A
:1008C000F9FC10213846FFF7F5FC58460DB0BDE89D
:1008D000F08F3A46414600232046FFF781FEDFF8BD
:1008E00068A000283FF46DAFDAF80030484698471A
:1008F000834600283FF465AFE7E704A92046FFF7E9
:10090000CBFD83460028D0D1236901332361CCE796
:100910003A46414604A8FFF7D7FC834618B1DFF8F2
:1009200028A06F46C1E704A92046FFF7B5FD83461E
:1009300000283FF444AFF2E76FF0370BC5E76FF0E4
:10094000350BC2E7640A0020600A00202DE9F0435D
:10095000202B8BB01D4606468846914626D8DBB232
:1009600002AF8DF80480B0468DF8053058F8041BAE
:1009700021B9404600F084FE044640B901233360AB
:10098000022201A9404600F08FFE044638B13846E5
:100990002021FFF78FFC20460BB0BDE8F0832A46EC
:1009A0004946404600F080FE0446F0E702AF194693
:1009B000104600233A4600F0FDFF04460028E6D129
:1009C0002023B9461D46CCE7F0B5D0F8F830A7B0E3
:1009D000002BD8BF02AE2CDDD0F80C410546002319
:1009E00002AE0193A4F10107D0F80001D5F8FC4054
:1009F00001AB90223146A047B7FA87F77F0904463A
:100A000010B9019B3BB9A7B130469021FFF752FCCA
:100A1000204627B0F0BD014632462846FFF796FF34
:100A200050B9D5F80431019A1344C5F80431002FA8
:100A3000EAD16FF03C04E7E70446204627B0F0BD5A
:100A400070B50025044604F5887614222946C0F8BE
:100A5000F850FC300BF036FA0822294630460BF0ED
:100A600031FA154B30461B689847204640F8045B26
:100A700000F0ECFD114B30461B689847D8B9D4F80C
:100A8000F830AB4211DC03EB830204EB820220213D
:100A9000C2F808110121C2F80C1101330849C2F84B
:100AA0000001C2F8FC10C4F8F830064B30461B6851
:100AB000BDE87040184770BD680A0020640A002035
:100AC0009D140300600A00202DE9F047202A88B019
:100AD00079D83E4B00F588791B680446484617468E
:100AE000884698470546F8B9D4F8F83040F2011620
:100AF000002B64D02046FFF767FF054638B9D4F8CD
:100B0000F830002B14DC013EF2D16FF03B056E464D
:100B100020213046FFF7CEFB2D4B48461B689847F7
:100B2000002818BF6FF01D05284608B0BDE8F08703
:100B3000D4E94132934203D3D4F80C21012A02D0E4
:100B4000013ED7D1E1E71F2BFAD96E46014620229C
:100B5000304604F1040A0BF0B5F93146504600F076
:100B6000CDFD05460028D3D1504600F083FD504608
:100B700000F06CFD2946504600F082FD0546002835
:100B8000C6D150462022314600F08EFD0546002891
:100B9000BED1034632462021304600F00BFF054609
:100BA0000028B5D1D4F8F830002BC4BF0023C4F816
:100BB00004313A46404631460BF05CF9A8E76FF045
:100BC0003F056E46A4E76FF03B05ADE7640A0020E1
:100BD000600A002030B58DB00021282202A80191C2
:100BE0000BF070F902A800F00DFF044610B120468A
:100BF0000DB030BD174D4FF0FF31286800F044F9BB
:100C0000044620B11448FFF733FA012C18D0002015
:100C100000F06AF9D0B9114A02A901A800F030FC2D
:100C20000446012000F060F960B9286800F034F94A
:100C30000028DCD00A48FFF71BFA20460DB030BD73
:100C40000524F2E70748FFF713FAEEE70648FFF737
:100C50000FFAE0E74C0A0020C4DF0300589A002096
:100C60001CE00300FCDF0300DCDF030030B583B0D1
:100C700000F05CF828B100F0ABF80324204603B084
:100C800030BD00F077F8D8B900F02EF9E0B9224C69
:100C9000D4F828391B0EF02B0AD1D4F8242A1F4B84
:100CA0009A4231D000F044F8072400F091F8E5E7CB
:100CB00000F03EF800F08CF80624204603B030BD6A
:100CC0000424204603B030BD00F032F800F080F874
:100CD000FFF780FF044698B9114D2B68002BCDD14A
:100CE00002460146FFF7E6F950B90E4901AB68220A
:100CF000FFF710FA20B90C4B2B60204603B030BD33
:100D00000524204603B030BD012000F0EDF8002896
:100D1000DAD1C4F80C0ADBE700B002500000E02092
:100D2000789C00207C9C00205AEA5A5A0020704788
:100D300000207047430504D5044B4FF0FF32C3F841
:100D40000821024BC3F8080A704700BF00B00250E8
:100D5000014BC3F8040A704700B0025008B100F01C
:100D60006BB84FF47500704708B100F04FB84FF4FE
:100D70007500704710B5114800F072F800B110BD51
:100D80000F4800F06DF80028F9D10E4C204600F015
:100D900067F80028F3D10C4B0C481C6000F060F899
:100DA00001460028EBD100F02DF8044608B120469A
:100DB00010BD00F07BF82046FAE700BF5C0A002077
:100DC000580A0020540A00204C0A0020500A002033
:100DD00008B5084800F04EF8074800F04BF80748FF
:100DE00000F048F8064800F045F8BDE8084000F07B
:100DF0000BB800BF5C0A0020580A0020540A0020EB
:100E0000500A002000207047704700BF10B4094C02
:100E10000246D4F8003A1342FBD021B1D4F8043191
:100E20000B60C4F80831034BC3F8082A002010BC3B
:100E3000704700BF00B00250044AD2F8003A18428E
:100E4000FBD0C2F8080A0020704700BF00B0025073
:100E50000BF01EB80BF036B80A4600210BF032B882
:100E600008B5034B02681B6810689847002008BD4E
:100E7000180A002008B5034B02685B6810689847A1
:100E8000002008BD180A0020024B02689B68106809
:100E9000184700BF180A002008B5034B0268DB683A
:100EA00010689847002008BD180A002070B5094C4A
:100EB000094D2069AB68984718B1084B08485B6832
:100EC0009847084AEB68206900211160BDE870402E
:100ED000184700BF040A0020180A0020FC0900205F
:100EE00034E00300E49C0020F8B51A4D1A4E044685
:100EF000B26828699047E8B9184F3B684CB1A3B174
:100F0000012B19D0013B3B602869F368984700200A
:100F1000F8BD43B9124A0121C2F800151149D1F8B0
:100F20001029002AFBD101333B60F36828699847F8
:100F30000020F8BD0C48F8BD0A4AD2F81039002B41
:100F4000FBD1074A6FF07E40C2F80035FFF700FF83
:100F50003B68D7E7040A0020180A0020E49C002020
:100F600000A0025000B00250E98FFFFF014B1B6848
:100F7000184700BF180A0020014B9B68184700BFA4
:100F8000180A0020014BDB68184700BF180A002030
:100F90002DE9F047002878D00C46002975D01D4671
:100FA000002B72D007461AB1012200232A60036089
:100FB0002B68002B64D02946204600F0DBFD8046DC
:100FC00000285FD12868214600F0BAFD804600283D
:100FD00058D12B68082B6CD0042B6DD0A3F10209DB
:100FE000B9FA89F94FEA5919354E0121C6F8C411E9
:100FF000C6F84011C6F8C411636AC6F83031D6F895
:1010000030219342F6D14FF0000A4FF0FF30C6F87E
:101010002CA1FFF78FFE6FF01B03C6F8003150467E
:10102000FFF796FEC6F80C91D6F8040A40F48060EB
:10103000FFF78EFE0A23C6F83831089B012B29D012
:101040002369204AA2FB03231B09626A02FB03F304
:1010500003EB43031A4ADB039B09C2F8D83101238F
:10106000C2F82C313B682A6823F07F4343EA0263CD
:101070003B602A6843EA02233B604046BDE8F087B4
:10108000DFF844804046BDE8F087DFF84080404606
:10109000BDE8F0874FF08053D3F80C2C013206D016
:1010A000D3F80C3C074AA2FB03231B09CDE7162308
:1010B000CBE74FF0030997E74FF0020994E700BF31
:1010C00000B00250ABAAAAAA310CF100350CF10015
:1010D00050B34B1EB3F5047F26D24FF0000C30B551
:1010E000CD00E6466446630904F01F0150F8233042
:1010F0001F2923FA01F306D003F001031CB90124D0
:101100009E46A446EFE79E4504F1010406D09E46A4
:101110004FF0010CAC42E6D1002030BD0CF1010CC7
:101120009445F7D1014830BD00487047360CF100B6
:10113000C8B32DE9F0434C1EB4F5047F1CD2DBB1DB
:10114000D2B14FF0000ECF007646F046754603F15F
:10115000FF396C0905F01F0150F824401F2924FABB
:1011600001FC0CD00CF0010C4DB90126E0463546CF
:10117000B646EEE7964218D90D48BDE8F0837345B0
:101180000CD0C44508BF0136F145F3D00EF1010E75
:101190000135BD42DDD10020BDE8F0834FF0010EE6
:1011A000E0467646F4E7024870479E46F0E700BF07
:1011B000370CF1002DE9F04F91B00D46DDE91B41F0
:1011C000824600296ED1286906901A981C60002377
:1011D0000360002A00F02E819C4B6A6AD3F8381114
:1011E000D3F830319A4269D10A2967D19AF803308D
:1011F000089304F1080306990793954B934CA3FBBE
:1012000001239B0803EB4303A1EB43030393042354
:1012100005931A9B069E1E60002E00F0E9800027B1
:1012200000F0B8FC0997BAF1000F00F0D580DDF8A6
:101230001C804FF00109002D00F0CE80089B002B90
:101240003ED008A9284600F095FC00283AD0814BF2
:10125000984220D0089B082B00F0E4805B0000221D
:101260000893009208AB29465046FFF791FE7A4B4F
:10127000984200F0D38070B9DAF80020130A03F422
:101280007F03134323F07F43CAF80030059B013BE3
:101290000593BED10020039000F07CFC039811B0B0
:1012A000BDE8F08F4FF08050D0F80C6C013614BFC1
:1012B000D0F80C0C4FF40470069086E76748EAE714
:1012C0006548C4E70898294600F03AFC0028BED1DA
:1012D000089B082B00F0A880042B00F0A880A3F145
:1012E0000203B3FA83F35B090493C4F8C491C4F80E
:1012F0004091C4F8C4916B6AC4F83031D4F83021FD
:101300009342F6D14FF0000BC4F82CB14FF0FF30F0
:10131000FFF710FD6FF01B035846C4F80031FFF7CC
:1013200017FD049BC4F80C31D4F8040A40F4806023
:10133000FFF70EFD0A23C4F838312B69ABF1553B9A
:10134000ABFB03236A6A1B0902FB03F303EB4303B2
:10135000DB039B09C4F8D831C4F82C91DAF80030CB
:10136000089923F07F420B0243EA01631343CAF852
:10137000003009A800F0D4FB099B03F01A030343D3
:101380007FF468AFABFB063BD4F814310A93D4F872
:1013900018310B93D4F81C310C93D4F820310D93F1
:1013A000D4F824310E93D4F828310F93B7EB9B0F68
:1013B00001D1039B93B9404618220AA9183EFFF7B2
:1013C00047FD08F11808013796B100F0E3FB002350
:1013D0000993002D7FF432AF214838E74046F61AD2
:1013E0001A460AA998440137FFF732FD002EECD1C6
:1013F000069F079E6A6939463046FFF769FEAA696B
:1014000040B94FF4806339463046FFF791FE00281B
:101410003FF440AF1A9A0023136018E72B6A002BA1
:101420003FF439AF0F4836E7032304935DE7022307
:1014300004935AE7009108AB012229465046FFF772
:10144000A7FD00283FF4D5AE25E700BF00B002504D
:10145000ABAAAAAA020CF100310CF100300CF10089
:10146000350CF100320CF10010B4DDE901340194C7
:10147000039C02940024039410BCFFF79BBE00BFA2
:1014800010B586B005AB0124CDE9012400930022FC
:1014900004ABFFF78FFE06B010BD00BFF0B587B0FC
:1014A000002966D01E46002B63D01446002A60D067
:1014B000314F0D4638684FF0FF31FFF7E5FC00284B
:1014C0004DD10020FFF710FD002844D12B4800F03B
:1014D00099FA0346D8B101204FF0FF35FFF704FD1C
:1014E000002834D126484FF40871FEF7D9FE25486C
:1014F0000421FEF7D5FE21482821FEF7D1FE3868E9
:10150000FFF7CAFC00282ED1284607B0F0BD1C4AC0
:10151000029205AA019204AA039000921749194861
:101520001A46FFF7A1FF03460028D4D128461D46DE
:10153000059B04999C42224628BF1A463260083116
:10154000FFF786FC0120FFF7CFFC0028CAD00E4829
:10155000FEF78EFDC6E70D48FEF78AFDB6E70C489C
:10156000FEF786FDADE70B48FEF782FD284607B083
:10157000F0BD4FF0FF35C7E74C0A0020EC9C00207F
:10158000149D0020E89C0020FCDF0300DCDF03004A
:10159000C4DF030054E0030010B5044630B100225C
:1015A00001236265A265E365236610BD0148FEF76D
:1015B0005FFDF4E76CE0030018B174220021FFF72F
:1015C00049BC704790B1A1B110B5802A4FF000041A
:1015D000846380F83C4006D1102204631044FFF776
:1015E00037FC204610BD6FF01F0010BD6FF02100CA
:1015F00070476FF01F00704728B322B31BB3012957
:1016000021D870B50446816B86B017D0012917D157
:10161000102500210DEB050661631046009501962B
:1016200002AA294600F0C2FA50B92B46324602A956
:10163000204600F043FD18B906B070BD0029E7D080
:101640006FF02100F8E76FF02100704710B50446F5
:1016500028B12046F421BDE81040FFF7FDBB044847
:10166000FEF706FD2046F421BDE81040FFF7F4BB6D
:1016700080E0030010B1F421FEF712BE704700BFF6
:1016800008B521B1012908D06FF0360008BD01214D
:1016900000F058F80028F7D108BD022100F052F8F8
:1016A0000028F9D0F0E700BF30B505468818B0F53E
:1016B000801FA1B00B46144601D8802A0CD9B3F57F
:1016C000801F17D922461946284600F07DF80446A7
:1016D00084B9204621B030BD6846FFF7B9FB2246E9
:1016E0006946284600F070F8802104466846FFF7F6
:1016F000B3FBEDE76FF03604EBE700BF70B5E8B180
:101700000E46D9B1044600F031F80546B0B9236859
:10171000012B0BD0022B01D0284670BD1C2204F1F6
:1017200008013046FFF794FB284670BD202204F1E3
:1017300008013046FFF78CFB284670BD6FF0360578
:10174000EAE700BF78B138B504460D46F021FFF74F
:1017500083FB40232560E365204600F05BFA0038F8
:1017600018BF012038BD0120704700BF70B5056E5D
:10177000A4B0044604AEE5B90122002362603046FD
:10178000CDE9003302AA294600F010FA10B1012079
:1017900024B070BD2A4602A9204600F063FA002852
:1017A000F5D1204600F074FB0028F0D1206624B06B
:1017B00070BD802D2A4600F1640128BF802230468A
:1017C000FFF746FB256ED7E7002800F0AE802DE935
:1017D000F04F1446A5B0002A3DD00F46002949D04D
:1017E000B2F5803F0546006E20D34FF6FF7805F135
:1017F000640AEB6D1A1AB2FBF3F103FB1122002A03
:1018000065D18342B9464FF6FF7672D0B6FBF3FB43
:1018100003FB0BFBBBF1000F30D1002E45D1A4F52B
:101820007F44FF3CB4F5803F4744E2D2EA6D161A8C
:10183000B6FBF2F302FB1366A64228BF2646002E33
:1018400075D1824200F08D80B4FBF2F602FB06F601
:101850002EB9002C79D1002025B0BDE8F08F0023EF
:10186000CDE9003302AA3146384600F09FF900283E
:1018700000F09580012025B0BDE8F08F0023CDE970
:10188000003302AA5946484600F090F90028F1D1E9
:1018900002A95A46284600F0E5F90028EAD1A6EB4D
:1018A0000B06286ED944002EB9D01930494605EBF5
:1018B00080003246FFF7CCFAA4F57F44286EFF3C47
:1018C0003044B4F5803F4744286692D2AEE74245A3
:1018D00028BF4246504439461646FFF7B9FA286EEB
:1018E000EB6D3044834207EB06092866A8EB060639
:1018F0008CD1802B28BF80231A46514604A8FFF7BD
:10190000A7FA0023CDE9003302AAE96D04A800F08C
:101910004DF90028AED1EA6D02A9284600F0A2F9DF
:101920000028A7D1EB6D286670E70120704705F10C
:101930006403394632461844FFF78AFA286EEA6D86
:101940003044A41B374428667BE72B6E193305EB24
:10195000830022463946FFF77BFA2B6E23442B6621
:1019600079E7802A28BF802205F1640104A8FFF7E7
:101970006FFA0023CDE9003304A8E96D02AA00F054
:1019800015F900287FF476AFEA6D02A9284600F029
:1019900069F900287FF46EAFEA6D286654E702A962
:1019A0003246284600F05EF900287FF463AF3744E2
:1019B000A41B4EE7F8B51C46054611480E461746CF
:1019C000FFF744FE21460E48FFF75AFE044620B1B9
:1019D0000B48FFF74FFE2046F8BD0948324629461E
:1019E000FFF762FE04460028F2D139460448FFF7AB
:1019F00085FE04460248FFF73DFE2046F8BD00BFC5
:101A0000349F002030B583B01C2301A90546019303
:101A100000F032F8044638B9019B1C2B07D0144C57
:101A20001C212846FFF718FA204603B030BDD5E93F
:101A30000112131E18BF012300392A6818BF0121A3
:101A40009B0043EA4103002A18BF43F00103EA6800
:101A50000120E8612AB9C5E90834002BE4D1054C1E
:101A6000DEE743F008032046C5E9083403B030BD83
:101A7000370CF0000E0CF00018B111B10B681C2BE4
:101A800001D0012070474FF08053D3F8102C013261
:101A900014BFD3F8102C41F25C224FF08053026047
:101AA000D3F8142C013214BFD3F8142C41F664126D
:101AB0004FF080534260D3F8182C013214BFD3F892
:101AC000182C40F6D8624FF080538260D3F81C2C5B
:101AD000013214BFD3F81C2C41F288324FF08053EE
:101AE000C260D3F8002C013214BFD3F8002C90222E
:101AF0004FF080530261D3F8042C013214BFD3F8A5
:101B0000042C51224FF080534261D3F8082C01324B
:101B100014BFD3F8083C40F237338361002070478C
:101B200008B501464FF48060FFF71EF9034B002211
:101B3000C3F8C821C3F82C2108BD00BF00B0025073
:101B40000138072805D8DFE800F0100E040A040465
:101B5000040607487047CB684B62002070478B68CB
:101B60004B62002070474B68F6E70B68F4E700BF54
:101B7000310CF1000B6802E0082B0B6006D8026AFA
:101B800013424FEA4303F7D00020704700487047E4
:101B9000310CF100044B0022C3F82C214FF480607B
:101BA000C3F8C421FFF7C6B800B00250F0B583B047
:101BB0001D46B0F1005F4FF000038DF8073024D3CD
:101BC0008C468444BCF1804F04461ED817460DF164
:101BD0000703012200F064FE0646B0B9099A9DF899
:101BE00007303C603B7192B14DB1024608990DF14E
:101BF0000703284600F054FE38B99DF80730099ACB
:101C000030461560137103B0F0BD4FF475063046D1
:101C100003B0F0BDD8B108B50368012B04D0022B86
:101C20000FD043B10B4808BD0B4920220830FFF705
:101C30000FF9002008BD094914220830FFF708F900
:101C4000F7E7074920220830FFF702F9F1E74FF4E0
:101C5000730070470100F30090E00300D0E0030040
:101C6000B0E003002DE9F843002900F0F9800446B4
:101C7000002800F0F980036890460F46002B00F022
:101C8000C380013B012B00F2D78079484FF0FF3130
:101C90004FF00209FFF7F8F8002840F0BF8000205D
:101CA000FFF722F90646002840F0C280714AD2F8B8
:101CB0001C39002BFBD16F4DD5F8203C002BFBD1FC
:101CC0004FF0FF30FFF736F8D5F8040A20F0400057
:101CD000FFF73EF801230722C5F81838C5F8002998
:101CE000C5F8C437A36CC5F8CC37E36CC5F8D0375A
:101CF000C5F8C09723685BB1013B012B18D8636A14
:101D0000C5F85C36236AC5F85836E369C5F8543619
:101D1000584BA269C3F850266269C3F84C26226961
:101D2000C3F84826E268C3F84426A268C3F84026F0
:101D3000504AD2F81039002BFBD1B8F1000F5FD018
:101D40006368012B08BFC2F884364A4B3A68C3F86F
:101D5000282C4020C3F82C8CFFF700F80646454A93
:101D6000D2F81039002BFBD1424AD2F8203C002B8C
:101D7000FBD123685BB1013B012B18D8D2F85C364C
:101D80006362D2F858362362D2F85436E361394B95
:101D9000D3F85026A261D3F84C266261D3F84826C6
:101DA0002261D3F84426E260D3F84036A360314A7A
:101DB000D2F8CC17A164D2F8D017E1640023012136
:101DC000C2F8C417C2F88436C2F8C837D2F810393E
:101DD000002BFBD1C2F81838002E3BD1254BD3F88D
:101DE000040A40F04000FEF7B3FF0120FFF77CF843
:101DF00060BB1F48FFF750F810BB3046BDE8F883C2
:101E00000423C2F8C837AAE719484FF0FF314FF052
:101E10000109FFF739F800283FF441AF1648FEF7F3
:101E200027F90020FFF760F8064600283FF43EAF90
:101E30001248FEF71DF939E7114E3046BDE8F88328
:101E40001048FEF715F93046BDE8F8830E48FEF756
:101E50000FF9CEE7102104F10800FEF7FDFFBDE702
:101E60000A4E3046BDE8F8834FF47306C5E700BF5D
:101E70005C0A002000B00250C4DF0300DCDF030076
:101E80000100F3001CE00300FCDF03000300F3008B
:101E900098B370B4D0E90241D0E9042326BA0DBA50
:101EA00014BA19BAD0E9062312BAC0E90441826112
:101EB000D0E90842C0E902651BBA25BAC0E9073576
:101EC00014BAD0E90B23816A12BA09BAC0E90941F0
:101ED000C262D0E90D421BBA25BAC0E90C3514BA6A
:101EE000D0E91023C16B12BA09BA1BBAC0E90E417E
:101EF000C0E91023002070BC70474FF47300704796
:101F0000002847D090F83C30002B34D0032B10B57C
:101F100013D02248224C2268224B1268C3F80024B6
:101F200022685268C3F8042422689268C3F808241F
:101F30002268D268C3F80C2410BD016B006C184CE9
:101F400000F0A8FB0028E6D12268164B1268C3F8FF
:101F5000002422685268C3F8042422689268C3F8F7
:101F600008242268D268C3F80C2400F0A1FB0028E2
:101F7000D1D1002010BD0B4B0269C3F80024426987
:101F8000C3F804248269C3F80824C269C3F80C2486
:101F9000002070474FF47100704700BF0900F10046
:101FA000480A002000B00250374A38B50446D2F83B
:101FB0001039002BFBD1344AD2F87034002BFBD1FE
:101FC000314AD2F8203D002BFBD12F4AD2F8203CD9
:101FD000002BFBD12C4AD2F8383D002BFBD12A4DE7
:101FE000D5F8383C002BFBD14FF0FF30FEF7A2FEB6
:101FF000636BD5F8040A23F00403032BE36D39D097
:10200000012B0CBF20F0800020F02000FEF7A0FE86
:102010001D4A0123C2F80039D2F81039002BFBD138
:10202000194AD2F87034002BFBD11749C2F8BC34DE
:10203000D1F81039002BFBD1134AD2F87034002BA1
:10204000FBD1626B22F00401032918BFA36B0E4978
:102050004FEA820218BF03F0010302F01C021A4388
:10206000C1F8C024636B072B04BF0123C1F87C3483
:10207000002038BD012B0CBF20F0400020F01000E4
:10208000FEF766FEC4E700BF00B00250094A0A4BE3
:1020900011680968C3F8001411684968C3F804148A
:1020A00011688968C3F808141268D268C3F80C2450
:1020B000704700BF480A002000B002502DE9F04FE1
:1020C00085B0002900F0EC809046002A00F0E880FE
:1020D0000546002800F029819946C36D0E46002B65
:1020E00052D1B9F5805F54D295F83C30042B00F002
:1020F000FF800027AD484FF0FF31FEF7C5FE0028F6
:1021000040F0D5800020FEF7EFFE002840F0D88098
:10211000A7480123C0F81038D0F81049002CFBD193
:102120006B6B032B3ADC002B3BDAA24CA04AD2F8B3
:102130001039002BFBD1002F40F0D1806B6BEA6D82
:1021400023F00403032B9A4BD3F8040A00F09F807A
:10215000012A0CBF40F0800040F02000FEF7F8FD9F
:10216000934B0022C3F810280120FEF7BDFE002883
:1021700040F0B1808D48FEF78FFE002840F0A4802B
:10218000204605B0BDE8F08F012BADD1B9F5803FF9
:10219000AAD3894C204605B0BDE8F08F063B012B41
:1021A000C3D8AB6B012B00F2BE80EB6D012B7CD84A
:1021B0002B6E012B00F2E8802846FFF7F5FE04465F
:1021C0000028B3D12846FFF79BFE04460028ADD176
:1021D0006B6B072BA9D801229A4012F08A0F40F0AE
:1021E000D58012F0440F40F0BA80D2079DD523F07D
:1021F0000403032B32680DD02B6ED8F80010012B8E
:102200006B4B0BBFC3F8281DC3F8301DC3F82C9DC2
:10221000C3F8349DEB6D012B654B0BBFC3F8282C25
:10222000C3F8302CC3F82C9CC3F8349C6B6B23F0A0
:102230000403032B00F0A2802B6E012B14BF20207F
:102240008020FEF78BFD044600287FF46FAF584BCB
:10225000D3F81049002CFBD1696B072914D801224F
:102260008A4012F08A0F40F0BB8012F0440F0BD06E
:10227000D3F860242A60D3F864246A60D3F8682411
:10228000AA60D3F86C34EB600123AB654EE7012AFA
:102290000CBF40F0400040F01000FEF759FD5FE732
:1022A000464C204605B0BDE8F08F454C3EE745481A
:1022B000FDF7DEFE0020FEF717FE00283FF428AFF2
:1022C0004148FDF7D5FE23E74048FDF7D1FE204603
:1022D00005B0BDE8F08F3E48FDF7CAFE4AE704238B
:1022E00085F83C30202105F11000FEF7B5FD25E70B
:1022F000296B286C00F0C0F998B9364F2C4C3B681C
:102300001B68C4F800343B685B68C4F804343B685D
:102310009B68C4F808343B68DB68C4F80C34296B4C
:1023200031B10127E6E62C4C00E74FF4710427E7B2
:102330002B6D0193EB6C009305F1100A4FF0100B1D
:10234000CDF808A0CDF80CB0D5E91123286C00F029
:10235000B9F9002851D1002385F83C30E1E7144B4E
:102360002A68C3F860246A68C3F86424AA68C3F8BA
:102370006824EA68C3F86C246B6B38E7EB6D012BBB
:1023800014BF102040205CE7144CCFE6084B2A68AD
:10239000C3F840246A68C3F84424AA68C3F84824F0
:1023A000EA68C3F84C246B6B21E700BF5C0A00208D
:1023B00000B002500100F1000500F1000B00F10037
:1023C0000300F100C4DF0300DCDF03001CE00300B6
:1023D000FCDF0300480A00200200F1000400F100C5
:1023E000D3F840242A60D3F844246A60D3F8482400
:1023F000AA60D3F84C34EB6046E73B681B68C4F82E
:1024000000343B685B68C4F804343B689B68C4F8DC
:1024100008343B68DB68C4F80C3459465046FEF774
:102420001BFD98E72DE9F04109B302B304460028EB
:1024300000F0AF801D46436B072B0E461BD05DB9E5
:10244000032B10D1836D73B900F164034566856673
:10245000C56605670B6010252B4631462046BDE852
:10246000F041FFF72BBE2F463846BDE8F081764F8E
:102470003846BDE8F081C36D002B40F08D80B5F586
:10248000805F80F090801DB9A36D002B40F08B80A1
:102490006E484FF0FF31FEF7F7FC002840F08F80C8
:1024A0000020FEF721FD002840F08580684A0123C6
:1024B000C2F81038D2F81039002BFBD1636B032B14
:1024C0004FDD063B012B4ED8A36B012B6DD8E36D7E
:1024D000012B78D8236E012B77D82046FFF764FDB7
:1024E0000746002840D12046FFF70AFD074600288E
:1024F0003AD1626B072A36D80123934013F08A0F32
:1025000040F0818013F0440F6FD1DB072BD5504B87
:102510000122C3F87C24C3F8BC543168002D56D185
:10252000A16D09B9C3F82425494BD3F81079002FC0
:10253000FBD1616B072917D801228A4012F08A0F5C
:102540006FD112F0440F0FD0D3F860242260D3F87B
:1025500064246260D3F86824A260D3F86C34E3602A
:1025600002E0002BB0DA3B4F394AD2F81039002B89
:10257000FBD1C2F810380120FEF7B6FCB8B93348D9
:10258000FEF78AFC00283FF46FAF3348FDF770FD7B
:102590006AE74FF4710767E7012B7FF474AFB5F575
:1025A000803FFFF470AF2D4F5EE72D4FDCE72D48E5
:1025B000FDF75EFDE3E72C48FDF75AFD76E72B4873
:1025C000FDF756FD6CE72A4FCEE72A4FCCE7E26DC8
:1025D000012A33D0C3F8301C1020C3F8345CFEF756
:1025E000BDFB074600289FD0BEE7194B2268C3F801
:1025F00060246268C3F86424A268C3F86824E268AF
:10260000C3F86C2483E7124B2268C3F84024626845
:10261000C3F84424A268C3F84824E268C3F84C24F1
:1026200075E7D3F840242260D3F844246260D3F8DD
:102630004824A260D3F84C34E36095E7C3F8281C23
:102640004020C3F82C5CCAE70B00F1005C0A0020B4
:1026500000B002500100F1001CE003000500F10091
:102660000200F100FCDF0300DCDF0300C4DF030035
:102670000300F1000400F10029B9044B002814BF45
:102680001846002070470248704700BF0100F7005D
:102690000300F70029B9044B002814BF1846002096
:1026A00070470248704700BF0100F7000300F700C1
:1026B000034B00200122C3F8380AC3F8782470477E
:1026C00000B002502DE9F047CCB00024579DDDF852
:1026D0005881824689461646214674220EA81F4616
:1026E00009F0F0FB802221462CA82B9409F0EAFB8C
:1026F0008423B5F57F6FCDE90A44CDE90C440593F9
:1027000063D8FFF7C3FC05AB30462BAE01930295AF
:10271000DDE954233946009600F062F800284FD1D5
:1027200003238DF813309DF813308DF87430072390
:1027300000221C9010210EA81B9301240123CDE937
:102740002423CDF86890CDF878A026940DF12009C7
:10275000FEF782FB102200920599CDF804900AAB97
:10276000304606AAFFF722FA074670B11DE00EA90F
:1027700008EB0700FEF76CFB10210EA8FEF76CFBC0
:102780000134AD1B3744E4B224D0102D4A46059BDA
:102790008DF8AC4006A90EA82E4628BF1026FFF7DC
:1027A00041FE32460028E2D007460EA874220021DE
:1027B000FEF750FBFFF76AFC38464CB0BDE8F087E7
:1027C000054F38464CB0BDE8F087044F38464CB052
:1027D000BDE8F0872F46E8E70E00F1000F00F1009A
:1027E0002DE9F04182B01E460A9D0023B5F57F6FAA
:1027F00001933ED8ED00B5F5807F174601F1FF3219
:1028000034BF032304233F2A0C46009331D880B3FE
:1028100066BB089A6AB3099A116851B3A2191344A6
:10282000994226D3089B01462246581CFEF710FB0E
:10283000089B04F102081C440023637026BB089B1C
:102840000095FF2D03EB080017D92B029BB243EA3A
:102850001523022201A90193FEF7FAFA08F10203F7
:10286000099A0020136002B0BDE8F0810FB1402E3C
:10287000CFD90A4802B0BDE8F08101226946FEF7CF
:10288000E7FA08F10103EBE7089B324603EB080087
:102890003946FEF7DDFAB044D1E700BF06000080FC
:1028A00000201870704700BF0CB430B589B00546E1
:1028B0000C461C22002101A809F004FB02238DF81C
:1028C00006300E4B0293059523462CB1B4F1004F10
:1028D00028BF4FF00043013B1D440DAA0C990695FB
:1028E00001A8009200F0A4F914B1059B00221A700F
:1028F00009B0BDE8304002B0704700BFA5C003007A
:102900000EB470B589B00DAC054654F8046B1C22AA
:10291000002101A809F0D6FA01238DF806302246DD
:10292000064B0393314601A80595009400F07CFE08
:1029300009B0BDE8704003B0704700BF91C003000C
:10294000242A2DE9F041044601D8012A4CD109F08E
:10295000CFFB354B16221A5001B10C6000273846C8
:10296000BDE8F08135462E4616F8010B2028F9D037
:10297000A0F10907042F0346F4D92B2836D02D28BF
:1029800037D14FF0010C6B78AE1C302B38D130783A
:1029900040F0200078282FD132F010002CD173782D
:1029A0003446102202360CF1004001380027B0FBFB
:1029B000F2FE02FB1E08392B82BF03F1FF3343F006
:1029C0002003263B303B9A421ED9774502DC03D1D7
:1029D000984501D24CF0020C354607FB023715F83A
:1029E000013B34462E46E6E70546BCE74FF0000CB7
:1029F000C9E74FF0000CC8E7002A08BF0822D2E759
:102A0000002A08BF0A22CEE701B10C601CF0010FBA
:102A100018BF7F421CF0020FA1D0074609F068FBE7
:102A2000014B22221A509AE70C000000242AF0B52C
:102A3000044601D8012A40D109F05AFB2D4B162239
:102A40001A5001B10C600020F0BD2F463D4615F82C
:102A5000010B2028F9D0A0F10906042E0346F4D971
:102A60002B282CD02D282CD101267B78BD1C302B77
:102A70002DD1287840F02000782824D132F01000A1
:102A800021D16B782C46102202350020392B82BFD1
:102A900003F1FF3343F02003263B303B9A421AD91F
:102AA000A0FB02040CB9C01801D346F002062F4661
:102AB0002C4617F8013B3D46E8E70746C6E70026E7
:102AC000D3E70026D3E7002A08BF0822DDE7002A63
:102AD00008BF0A22D9E701B10C60F20748BF4042A3
:102AE000B307B1D509F004FB024B22221A504FF074
:102AF000FF30A9E70C0000002DE9F0410126074650
:102B0000B24201DCBDE8F0813B461F4613F8014BA1
:102B1000002CF7D0252CF8D11C78252C07F10207C2
:102B2000F2D00023DFF804819C461D461F2D18D8E3
:102B3000A4F1200EBEF1100F09D9A4F1300EBEF1A0
:102B4000090F1ED80A2404FB03E3202504E028FA19
:102B50000EFE1EF0010F06D017F8014B002CE5D138
:102B600028E07F2D1CD8A4F1300EBEF1090FE9D961
:102B7000242C10D1BCF1000F46D0B34246D0002324
:102B8000EAE724F0040EBEF12A0FF8D06C2C09D12C
:102B900045F08005E0E724F0040EBEF12A0FEED0E8
:102BA0006C2C22D06C2C1BD8682C23D06A2C28D0FB
:102BB0004C2C26D0BCF1000FA4D0B445A0D144F0D9
:102BC0002007A7F1650CBCF1020F0B6801D9612F3A
:102BD0001ED1073323F0070308330B6001368EE75D
:102BE000742CB9D07A2CB7D0E4E72C0648BF45F452
:102BF0000075CDE7EC0548BF45F4007545F48075D8
:102C0000AAE745F42075A7E79C46B8E76324D6E712
:102C1000692C02D007D8632C03D02F0601D5AC0550
:102C2000D7D40433D9E7732CF6E700BF8928010015
:102C30002DE9F04F95B04368039383788046980759
:102C4000CDE9081217D50D920B4600251F78A7B1C4
:102C5000252F16D001330793039B414638469847EA
:102C6000002805F1010580F2558498F8023043F000
:102C7000040388F802304FF0FF35284615B0BDE850
:102C8000F08F5F789A1C252F0792E5D00024264606
:102C9000A246A346BBF11F0F32D8A7F12003102B89
:102CA0000AD8DFE803F02409092A0909091B0909E0
:102CB0000922092709091900A7F13003092B2DD989
:102CC0002A2F39D154B90D9B1BF0400F53F8042B18
:102CD0000D9329D0164601E04BF0010B079B13F82A
:102CE000017B0793002FD5D15BE04BF0020B4BF03B
:102CF000040BF3E74BF0080BF0E74BF0100BEDE79C
:102D0000BBF17F0F3FD8A7F13003092BD8D81BF0B8
:102D1000400F03D00A2202FB0636DFE70A2202FB3D
:102D20000A3A4BF0200BD9E7B2F1000AF9DACAF1FE
:102D3000000A4BF0280BD1E72E2F05D11BF0400FD6
:102D40009BD14BF0400BC9E7242F1CD1002C00F085
:102D50004481099B0D931BF0400F0AD152460898FD
:102D60000DA9FFF7C9FE0D9B1A1DD3F800A00D9207
:102D7000B4E7324608980DA9FFF7BEFE0D9B1A1D59
:102D80001E680D92AAE76C2F00F0148100F20B81EF
:102D9000682F00F017816A2F00F01C814C2F00F083
:102DA000198134B1099B08980D9322460DA9FFF7AC
:102DB000A3FE002E47F02003B8BF2BF0400B059375
:102DC000A3F16503BCBF1FFA8BFB0026022B40F268
:102DD000098147F02003612B40F08482FF4307F014
:102DE000200306930D9B073323F007031BF0400FCE
:102DF000D3E9000103F10802069B00930D9214BF72
:102E000033464FF0FF330EAA09F064F8431CDBB2DF
:102E10004BF4C0540493DDF8389070230646A34663
:102E20000127059309F10903122B0CD909F163035A
:102E3000C62B40F2138109F2E73340F2CE7293427F
:102E400094BF032704279DF83C2002F00C0312F0E6
:102E5000010240F01E811BF0020F40F017811BF0B1
:102E6000040400F0FD80002B40F0168120231BF4A9
:102E7000405F21D1049A5032002E6A4408BF0126D7
:102E8000133A049921B112F8011D302900F03B8159
:102E90001BF0100F049A18BF324619F1040FC0F24C
:102EA0003781B14580F234814A454BF4005B40F3F1
:102EB000318109F10106961B1BF400520A9200F0C1
:102EC0002B8129EAE974013403B10134002E00F0AA
:102ED0002A81721C1444A245CCBFAAEB040400242E
:102EE0001BF0090F04D12C44A54240F0218100249D
:102EF00043B118464146039B9847002805F1010558
:102F0000FFF6B3AE1BF4006F13D0039B4146302095
:102F100098470028FFF6A9AE069BC3F1780041460A
:102F2000039B00F0F8009847002805F10205FFF622
:102F30009CAE1BF0080F05D12C44AC4240F004813C
:102F4000254600240A9B002B00F02E8129EAE97A0D
:102F5000A9EB0A027642049B0592934284BF0EAB12
:102F6000D3180AF1FF3A8CBF58793020564505F145
:102F7000010700F3F380039B41469847059A002818
:102F800002F10102FFF671AEBAF1FF3F09D1039BD6
:102F9000059241462E2098470028FFF666AE059A16
:102FA000AF1C3D46D7E7742F3FF498AE7A2F3FF41D
:102FB00095AEF6E61BF0800F18BF4BF4007B4BF08C
:102FC000800B8BE61BF4807F18BF4BF4007B4BF427
:102FD000807B83E64BF4207B80E62646B34654464E
:102FE000B2467BE6FF4307F0200306930D9B0733B1
:102FF00023F0070303F10802D3E90001059B0D92BA
:103000001BF0400F08BF0626652B13D1731C00224E
:10301000DBB24BF4805B1446112BCDE9002428BFB2
:1030200011230EAA01F00CF8C3B2DDF83890049316
:103030000227F7E6059B662B05D14BF4005B34466F
:1030400001221123E8E7F3B2012B4FF000024FF009
:10305000650738BF012314460597DDE70227F2E62E
:10306000002B3FF404AFBAF1030F3BDC9DF83C307A
:103070009A4E13F0080F9A4B08BF1E46B1464F46B2
:1030800019F8010BB0BBAE1B374488E033BB2B23D0
:10309000EDE62BBB2D23EAE62022BAF1040F13DD67
:1030A0001BF0080FAAF104040FD12C44039B0492D7
:1030B000414620209847002805F10105FFF6D5ADCF
:1030C000A542049AF2D19AB10024039B41461046CE
:1030D0009847002805F10105C8DAC6E52B22DCE790
:1030E0002D22DAE71BF0080FAAF10304BED1DCE7BA
:1030F0001446BBE7069BC01A4146039BC0B29847E3
:103100000028BCDAB1E504990139C9B20491B8E6E6
:10311000561ED1E60026CFE61BF4006F0CBF032439
:1031200005243C44D0E61BF0100F18BF0134D2E652
:103130000B934146039B2020984700280B9B05F1E9
:103140000105BFF6D1AE90E5039B4146302098477C
:10315000002805F10105BFF6F0AE86E5D1450AD19C
:103160009DF83D30352B1DD805D19DF83C3013F02E
:10317000100F08BF3120039B414698470028FFF6F7
:1031800074AD1BF0100F0AD0BAF1FF3F07D1AF1C8E
:1031900041462E20039B98470028FFF666AD3D462A
:1031A0003C443DE23120E6E79DF83D0031281EBF5A
:1031B0009DF83C3023F010038DF83C304146039BD2
:1031C00098470028FFF651AD002E6BDD039B41466A
:1031D0002E2098470028FFF648AD4FF0010A049BC7
:1031E0009A45BBBF0EAB534430205879039B4146F0
:1031F00098470028D346FFF638AD0AF1010A564534
:10320000EDDA02355D44DDE90532981A4146039B4B
:10321000C0B298470028FFF628ADB9F1000F04DBD3
:103220004ED19DF83C30DB064AD5C9F100092D206E
:10323000039B414698470028FFF617AD042F41D164
:103240004FF47A7799FBF7F606F13000039B41467D
:10325000C0B29847002805F10305FFF606AD07FB4D
:103260001699642799FBF7F606F13000039B414657
:10327000C0B29847002805F10105FFF6F6AC07FB40
:1032800016990A2799FBF7F606F13000039B414691
:10329000C0B29847002805F10105FFF6E6AC07FB30
:1032A000169915E01BF0100F01D10135ABE7039B18
:1032B00041462E209847002805F10205A3DAD4E400
:1032C0002B20B5E7032F05F10205CAD0012FD8D175
:1032D00009F130006F1C4146C0B25BE72A3604009A
:1032E000B5E60300A7F16303122B00F2FB80DFE8D1
:1032F00013F013005300F900F900F900F90053002E
:10330000F900F900F900F900F9001401F400F900DE
:10331000F9002800F900B5000D9B1A1D1B680D92DD
:103320008DF8383001240EAF1BF0080F2AD007EBC0
:1033300004093E464E4527D1EF1B3744AAEB04044F
:103340002DE70D9B1A1D0D921F68AB4B002F08BF78
:103350001F461BF0400F14BF31464FF0FF31384677
:1033600007F0EAFC0446DFE7039B4146202098472C
:103370000028FFF67AAC013EB442F5D35544AD1BAC
:10338000B246D4E75646F7E716F8010B039B4146D1
:1033900098470028CEDA68E41BF0800F0D9B35D0EB
:1033A0001BF4007F2DD0073323F00703D3E900017E
:1033B00003F108020D922BF0100900291FFA89F978
:1033C00036DA404261EB410149F480690DF1380B76
:1033D0000A235A4608F0F9FA19F0400FA0EB0B0B3C
:1033E00065D029F001025E4592B240F3B380002F10
:1033F00000F0AA8019F010033446914626D002341A
:103400005CE01A1D18680D92C117D4E71A1D1BF451
:10341000807F19680D9201D10846F5E71BF4007F03
:1034200015BF48B208B241F3C01141F3C031C2E741
:1034300050EA0103CAD11BF0400FC7D0002EC5D1FE
:103440002BF0110B1FFA8BF93446B34640F20643BA
:1034500019EA03031CBF013400232FE02BF0100BEB
:103460001FFA8BFB0A231BF080040D9A58D01BF423
:1034700000711DBF073222F0070202F10801101D82
:1034800019BF0D91D2E900010D90106850EA0102B8
:1034900053D12BF016091BF0400F1FFA89F950D0B9
:1034A000002E4ED12BF0170B1FFA8BF9B34619F0F3
:1034B000100353D0002F4FD10BF1010419F0080F66
:1034C0005FD119F0010F06D0A2456EDDAAEB04040E
:1034D00004EB0B06544622464EE04BF0100B102333
:1034E0007827C0E747F02003782B04D1C7F1780391
:1034F00043F01003B7E7039B414625209847002877
:10350000FFF6B3AB039B4146384698470028FFF6C9
:10351000ACAB0235079BFFF799BB08230027A2E756
:10352000111D0D911BF480711068AFD01BF4007158
:103530001ABFC0B2214680B2A8E72BF0060B1FFAD3
:103540008BF90DF1380B44E729F011091FFA89F9BD
:1035500034467BE79146AAE75C4650E75C4675E750
:10356000CDE904234146039B202098470028FFF61D
:103570007CAB049A059B01329245F1DC2C1BA5180B
:103580001446EBB1039B4146302098470028FFF6D4
:103590006CAB67B901352F462E44F31B5B4521DC2C
:1035A0005D460EAE55BB5F44C8E65E4693E7023506
:1035B00041463846039B98470028ECDAFFF755BB95
:1035C00040F2064319EA030FE5D019F0020F14BFC9
:1035D0002B20202019F4806F05F10105414618BF0A
:1035E0002D20E7E7039B414630209847002807F14C
:1035F0000107D2DAFFF739BB2E360400013D039BE9
:10360000705D414698470028CCDAFFF72EBB039B3C
:10361000414620209847002805F10105FFF625AB1B
:10362000631B002BF3DC75E72DE9F04F99B0002305
:10363000824607920E920F9304930D4615F8016B84
:10364000AEB1202E17D0A6F10903042B13D9252ED5
:1036500017D00FA9504608F0E0F9031EC0F21281FE
:10366000DBB2B3420BD00FAA514608F0F6F904982A
:1036700019B0BDE8F08F0FA9504608F0F9F92946B6
:10368000DBE74E78252E01F10205E2D02A2E03BF9A
:103690008E78CD1C012400240027A6F13003DBB274
:1036A000092B19D9A30723D5242E23D1079B0E93C9
:1036B00024F00204A4B2002201239F4215DC42B18F
:1036C0000E9A7B1E002F4FEA8303D8BF00231A44B3
:1036D0000E9215F8016BDFE744F002040A2215F898
:1036E000016BA4B202FB0737D7E701330122E4E7FD
:1036F0004FF0FF376C2E34D007D8682E23D06A2EB7
:103700003ED04C2E36D026B9B1E7742E35D07A2E65
:1037100033D09848314608F029F90028A7D014F092
:1037200001030C9301BF0E9B1A1D0E921B6818BF5C
:1037300000236E2E029326D10F9A02980094002344
:1037400008F075F99BE72E78682E04D044F0200429
:10375000A4B20135D7E744F030046E78A4B2023544
:10376000D1E72E786C2E02D044F00404F0E744F048
:103770000C04F2E744F00C04A4B215F8016BC2E7A4
:1037800044F00804F8E7632E19D114F0020F08BFC3
:1037900001270FA9504608F040F9002872DB029B70
:1037A00013B103F8010B0293013FF2D10C9B002BE4
:1037B0007FF465AF049B0133DBB204935FE75B2EBC
:1037C00040F082802022002110A808F07BFB00221C
:1037D0001646114614464FF0010C15F8013B002B1C
:1037E0004AD05E2B03D1F2B901240132F5E7A2429F
:1037F00019DD5D2B1FD02D2B15D1C1B118A800EB01
:10380000D30003F0070110F820EC0CFA01F141EAB3
:103810000E01B34200F8201C0BD034BF013303F17A
:10382000FF33DBB2EAE7002908BF1E46E6E70121C5
:10383000DBE70021D9E729B19DF8453043F02003AB
:103840008DF845302CBB01240FA9504608F0E5F84F
:10385000031E10DBC3F3C40160316944DAB211F80E
:10386000201C03F0070341FA03F3DE071BD40FAA61
:10387000514608F0F2F8FCB19AF8023013F00C0F40
:103880003FF4F5AE049B002B14BF18464FF0FF30F9
:10389000EEE6202310AA1178013B6FEA010102F83D
:1038A000011BF8D1CFE7029B13B103F8012B029360
:1038B000013F4FF00004C7D1029B002B3FF476AFCD
:1038C000029A0023137071E70FA9504608F0D0F850
:1038D0000028D7DB582E6AD0643EF3B2142B00F2D6
:1038E000AC80142E00F2A980DFE806F00BA7A7A792
:1038F000A741A7A7A7A7A75E61A7A74DA70BA7A743
:1039000061004FF00A080FA9504608F086F82B28EE
:1039100004D02D280AD144F04004A4B2013FABD01A
:103920000FA9504608F079F80028A5DB302866D1A9
:10393000B7F1010918D00FA9504608F06EF8002819
:1039400012DB40F0200344F08004782BA4B231D184
:1039500038F0100333D1B7F1020905D00FA9504652
:1039600008F05BF8002851DA002637463BE04FF0BC
:103970000008C8E735360400029B13B103F8010BB9
:103980000293013F98D00FA9504608F046F800284E
:1039900092DB202803D0A0F10903042BECD80FAA56
:1039A000514608F05AF887E74FF00808ABE74FF0A8
:1039B0001008A8E7B8F1000F08BF4FF0080800266C
:1039C00037463928034682BF00F1FF3343F0200316
:1039D000263B303B98451CD80FAA514608F03DF8CD
:1039E00020067FF549AF610602D5764267EB4707AF
:1039F0000298009432463B4608F019F8D6E6B946DC
:103A0000B8F1000FDBD14FF00A08D8E74FF01008EB
:103A1000D5E7A8FB06629E1908FB072244F0800444
:103A200042F10007B9F10109A4B2DCD00FA9504658
:103A300007F0F3FF0028C4DAD5E70FA9504607F0D6
:103A4000ECFF03909DF80C302B2B04D02D2B0DD1C7
:103A500044F04004A4B2013F3FF40EAF0FA950461A
:103A600007F0DBFF031E0393FFF606AF039B43F053
:103A70002003692B28D06E2B58D04FF00008CDE9D9
:103A800005880A234646C146220555D5039A42F0C9
:103A90002002D2B2A2F1610105294DD8573AD2B223
:103AA00093424EDC039A42F02002782A04F080030D
:103AB00065D1002B63D056EA090360D144F4006B52
:103AC0001FFA8BFB10234EE0684EDFF8A4914FF0F5
:103AD000000816F801BBBBF1000F13D0013FF8D06E
:103AE0000FA9504607F099FF031E07DB43F02003A0
:103AF0005B45EED00FAA514607F0AFFF5D4B9E42EB
:103B00007FF4BAAE630606D509F10043CDF82880EC
:103B10000B93DDE90A89029B002B3FF447AE14F0BA
:103B20000C0F00F08881C3E900893FE6524EDFF8B0
:103B30004C914FF00008CCE7039A303AD2B29A4247
:103B40006BDA44F0800B14F4807F1FFA8BFB04F4D3
:103B500000713CD00698002A18BF40F00100069082
:103B600009B908F10108013F0D935ED00FA9504635
:103B700007F053FF031E03935C460D9B84DA220675
:103B80007FF57AAE039A14F4006F14BF7023652397
:103B900042F020029A4240F09580B7F1010B00F00C
:103BA00093800FA9504607F038FFC2B22B2A034674
:103BB00004D02D2A57D144F48064A4B2B7F1020B8B
:103BC00035D10FAA5146184607F047FF7CE009B1EE
:103BD00008F1FF38A3FB0661961903FB091141F1B7
:103BE000000956EA0902BED0059A0A2B02F1010229
:103BF000059204F00C020BD1002A14BF10220822F7
:103C000005999142AFDD44F4C07B1FFA8BFBAAE714
:103C1000002A14BF0F220722F2E7FE2A7FF442AFE8
:103C2000A105ACD444F4007BEFE75C46A7E70FA9FD
:103C300050460D9307F0F1FE0D9B1F460346A3F17E
:103C40003002092A1CD951460FAA184607F005FF71
:103C5000791C04D00FAA5146384607F0FEFE03989F
:103C60000FAA5146B0E74FF0FF37E8E74A360400A5
:103C70000000F07F4D360400473604000000F87F56
:103C800000270A2240F2D3418F42DCBFA3F130016A
:103C900002FB0717BBF1010B0AD00FA9504607F032
:103CA000BCFEA0F13001092903464FF00A02E9D910
:103CB000620548BF7F42200548BF4FEA8808B844E4
:103CC00003935F46002FCAD156EA090300F0AE8085
:103CD000210504F00C0240F18C80002A14BF35232A
:103CE000182303F101074FF00100A3F11F02C7F1F0
:103CF000200C00FA02F220FA0CFC5649B84408BF26
:103D00006FF07D0142EA0C02B840864279EB02076F
:103D100051D30127A3F11E02C3F11E0C981C07FA10
:103D200002F227FA0CFC42EA0C0207FA00F0864283
:103D300079EB020745D2884543DB069A32431646A3
:103D400006F0030003284A4603D006F006000628C2
:103D50000BD1043649F10002B2F5000F21BF7608FD
:103D600046EAC27608F101085208B60846EA8276A9
:103D7000C3F13500C3F1150792088240153B06FADE
:103D800007F726FA03F33A431A43324B994206FAED
:103D900000F025D1B8F5806F57DAB2F5801F25D332
:103DA00008F2FF3822F4801242EA0853089009937F
:103DB000DDE90889A6E6B61949EB090908F1FF38DB
:103DC000A3E7770847EAC97706F001063E434FEAC2
:103DD000590908F10108AAE70018524108F1FF3813
:103DE000B2F5801F2ED218F57F7FF5DA4FF000086C
:103DF000DAE7059B43446AB113F5A27F16DDB3F5FC
:103E00009B7F22DA42463046494600F027F880463A
:103E1000894677E613F12D0F08DB272B15DC414689
:103E2000304607F06BFEDEF79FFEF0E74FF000082C
:103E30004FF0000966E640464946DEF7EDFE029B7C
:103E40001860B3E4B8F5806FAADBDFF80C904FF090
:103E5000000857E602FCFFFF0000F07F2DE9FF4756
:103E6000804616460F46002900F09E80B1FA81F484
:103E7000341B002E04F10A04C0F29E80304600F08C
:103E800039FB0444304600F03BFBA4EB0609054631
:103E90006946304600F05CFBA9EB05037D336A46BA
:103EA0004046394607F0F9FDA64282460D467FDCC2
:103EB000B9F13F0F7EDC4FF0FF33A9F1200003FA88
:103EC00000F003FA09F2C9F12001024323FA01F1DB
:103ED0000A4303FA09F328EA030327EA0202134319
:103EE0000CBF01200020002D00F08880B5FA85F37A
:103EF000E31A03F23E4340F2FE72934200F38780DE
:103F0000002B23EAE376CCBF32460122121BA2F239
:103F10003341C1F1200CA2F23447A2F253442AFAF1
:103F200001F305FA0CFC43EA0C0325FA04F4C7F18B
:103F3000200EA2F2544C234305FA0EFE2AFA07F48F
:103F400025FA0CFC44EA0E0444EA0C0414F0010FB8
:103F500025FA01F1C7F1200CA2F2544252D0A8B1C7
:103F60004FF0FF3000FA02F200FA07F4144320FA8F
:103F70000CF2B84014432AEA000A03F0010225EAD1
:103F800004054AEA020A5AEA050A3BD0013341F124
:103F90000002C2F3130253EA020136D0184642EA85
:103FA000065104B0BDE8F087B0FA80F420345FE732
:103FB000012098E7002096E7C6F10009484600F086
:103FC0009FFA241A484600F09BFAA61B054669464C
:103FD00048462E4400F030FB06F17C036A4640461A
:103FE000394607F05AFD82460D464046394600F0F4
:103FF00097FA81458CBF0020012074E7BAFA8AF352
:10400000203375E7C1F31302C8E70136C6E701495B
:104010000020C6E70000F07F1FB502AB0093074AFF
:104020004FF0CC3307F0ECFEDDE90201C00840EAB6
:104030004170C90805B05DF804FB00BFCDCCCCCC05
:104040002DE9F04F9BB0044605920A460A93C2F34D
:104050000A559DF890300B93D20FC1F313030992C8
:10406000090D7DB950EA03021BD1059A3023537123
:10407000099B156043F002031371012738461BB0FA
:10408000BDE8F08F40F2FF7295424AD10343099B8D
:10409000059A14BF43F0080343F00403137100278B
:1040A000ECE700F0010208924FEA83080122AC4DD0
:1040B00048EA907887009A461646C5F1000B5846A4
:1040C000069200F011FAB5F1FF3FACBF8146A0F1B6
:1040D0000109ABEB090B09EB05035846049300F00B
:1040E00017FA16A9A0F17D05584600F031FA12AB77
:1040F000069A0193A9EB050510AB029200932046A6
:104100002B4616AA514607F086FDB9F1010F044669
:104110000D4600F2D280089B002B40F0C58001279D
:104120006BE043F4801A00F001024FEA8A0803436F
:10413000A5F23545089248EA90784FEA800749D1C0
:1041400040F2FE7319420CBF01260026002D3246B4
:10415000B3DB284600F0C2F9032DC8BF0138049034
:1041600000F0D6F9049B7C305D1B054416A9184667
:1041700000F062FA12AB019310AB009320462B467D
:10418000029616AA514607F046FD049B152B0446DD
:104190000D4600F2868014AB724A009338464FF009
:1041A000CC33414607F02CFE149B159A9B0843EA3A
:1041B000827303EB8303BB42DDE9109A0CD13846CE
:1041C000414600F0ADF9049B83428CBF00270127D4
:1041D000002612E00126B9E7089B002B51D1013FD0
:1041E00048F1FF31B81B61F1000100F099F9049B1F
:1041F000089F83428CBF002601260B9B002B40F0BA
:104200009080DDF828B04FF00008CDE906884FF027
:104210000A0ADDE91001FFF7FFFE129B0E93CDE9BC
:104220000C0118461399FFF7F7FE0C9B0D9A0F919E
:1042300098420B469341814680F08D802046294666
:10424000FFF7EAFE0E9A0AFB09F3934214BF002619
:1042500006F001060C9B10930D9BCDE911390F9BC5
:104260001393079BB8F1000F14BF002707F0010755
:1042700001330AFB10485FFA88F8079304460D469D
:10428000C7E7B81C48F1000100F04AF9049B8342DB
:104290008CBF00200120B9EB00006AF10002CDE9DB
:1042A000100200273E46A8E7109B119A013B42F1FD
:1042B000FF32CDE9103201278AE7B9F13E0FF0D87D
:1042C0004FF0FF33A9F1200003FA09F203FA00F0DE
:1042D000C9F1200123FA01F102430A4303FA09F369
:1042E00027EA030728EA020857EA08070CBF012754
:1042F00000276DE700FB02FCA1FB001201336244C2
:104300008C4275EB020CF5D2049ADDF828B0134408
:10431000259A1344012BB8BF01239B45A8BF9B4698
:1043200071E70A21002201230846E9E70AFB03F0AE
:10433000A2FB0A2301310344944275EB0300F5D23A
:10434000594511DDBBF1000F02D154EA05030BD032
:104350000123069372E70A2200230121ECE700BF44
:10436000CCFBFFFFCDCCCCCC002E2FD04FF00A0AD7
:10437000129B13990D931846FFF74EFE0D9B0C915F
:104380000AFB00F29A42814620D1DDE91001FFF7D5
:1043900043FE0E900D9120462946FFF73DFE0D9BF2
:1043A0000E9A1092CDE911390C9B1393079BB8F12B
:1043B000000F14BF002707F0010701330AFB104864
:1043C0005FFA88F8079304460D46D1E7DDF81090B0
:1043D000079B9944002F59D0B8F1050F56D114F01E
:1043E000010349D1069A32B9DDE912239D4208BF83
:1043F00094425ED0069B18194FF00A0445F1000163
:10440000002201262546A04271EB020754D2E3B1F7
:10441000B3451ADA0B9B63B1259ADDF828B006EB99
:104420000903134423EAE3739B45A8BF9B465E45FB
:104430000BDD05304FF00A024FF0000341F100019F
:10444000DEF70EFE09F10109013E5E45A8BF5E469A
:1044500037B20FFA89F9059B09FA86F607F10508C4
:10446000013E98444FF00009B9452CDB059B1A46E4
:104470001E60099B137101E6069B2BB9DDE912232F
:104480009D4208BF944209D00123B4E7069B53B96B
:10449000DDE912239D4208BF944204D1089B002B02
:1044A000F2D1002EF0D0B8F1040F94BF0023012305
:1044B000A1E74FF00408F1E705FB02F7A4FB054272
:1044C00001363A449FE70A220023DEF7C9FD303265
:1044D00008F8012D09F10109C6E700BF014B584357
:1044E000800C704741340100014B5843000D704768
:1044F000FB2E0B00014B5843C00C70474F9312002A
:10450000024B5843C00C0130704700BF4F9312005C
:10451000024B5843C00C0130704700BF4F9312004C
:104520000A4A70B503464FF0CC3600204FF03335C1
:1045300006FB03F402FB0144A3FB023121449D422C
:1045400075EB010401D30130F2E770BDCDCCCCCCCA
:104550002DE9F04F1A23354EB0FBF3FA03FB1A0393
:1045600089B004460D4606EB0A1653B9D6E9002376
:10457000C1E90023D6E90201C5E9020109B0BDE89D
:10458000F08F2B4A02EBC303D3E9008904AB0093FD
:10459000D6E902234046494607F032FC06AB0093B9
:1045A000D6E9002383460F464046494607F028FCDB
:1045B000DDE9066216EB0B0652EB07084FF000032D
:1045C00028BF0123814633B1049B059A013342F190
:1045D0000002CDE9043220460391FFF799FF074618
:1045E0001A2000FB0AF0FFF793FF3F1A32464346BA
:1045F00003990097484607F01EFC4FEA141C0D4A29
:10460000640004F01E0352F82C40DC4004F0030464
:10461000241841F10001C5E90041DDE904230097B8
:104620003046414607F007FCA6E700BF68CE03000E
:1046300098CD0300E4E003002DE9F04F1A27DFF8DE
:10464000E4A000F11905B5FBF7F56F433A1A4FEAFC
:10465000051B89B004460E460AEB05150AD1D5E9BB
:104660000023C1E90023D5E90201C6E9020109B02E
:10467000BDE8F08F2C4B03EBC203D3E9008904ABF8
:104680000093D5E902234046494607F0B9FB5AF8A2
:104690000B206B68013ACDE9020106A963F1000322
:1046A00000914046494607F0ABFBDDE906528A46D9
:1046B00002996D18039952EB01084FF0000328BFCF
:1046C0000123814633B1049B059A013342F1000274
:1046D000CDE904323846FFF71BFF07462046FFF7B7
:1046E00017FF3F1A2A46434600974846514607F0AF
:1046F000A2FB4FEA141C0D4A640004F01E0352F89A
:104700002C40DC4004F003040134241841F1000182
:10471000C6E90041DDE9042300972846414607F039
:104720008AFBA2E738CF030098CD030038E10300ED
:1047300070470A4601460020E3F7DEBE836800EBBF
:10474000C101B3F5004F2CBF51F8220031F812001F
:10475000704700EBC1018068B0F5004F2CBF41F8F5
:10476000223021F81230704708B50122FFF7E6FF2A
:10477000D04008BD8368B3F5004F00EBC10108D3FA
:104780004B681AB143F001034B60704723F00103FB
:10479000FAE74B881AB143F001034B80704723F0CE
:1047A0000103FAE753000122FFF7D3BF8368B3F593
:1047B000004F34BF04230823C91A081AC0087047E1
:1047C000B0F5004F34BF04230823481C0833A0EB86
:1047D000D300B0FA80F0C0F11F0070472DE9F0411E
:1047E000174603220E460446FFF7A8FF86420546F9
:1047F00007F104080AD1E3680122BA4023EA020360
:10480000E360002344F82830BDE8F08131460222FD
:104810002046FFF793FF2B460646014644F82850F2
:1048200020460322FFF795FF334629462046022201
:10483000BDE8F041FFF78DBF70B50D4686680446B0
:10484000FFF792FFB6F5004F014601D3012809D0CA
:104850003046FFF7B5FF294602462046BDE87040C6
:10486000FFF7BCBF70BD2DE9F04705468068FFF734
:10487000A7FF05EB800A8846DAF810900646B9F1E2
:10488000000F1BD00327DAF8104028462146FFF717
:104890006BFF404507D3324621462846FFF79EFF6F
:1048A0002046BDE8F087032221462846FFF746FF51
:1048B000013FCAF8100001D08145E4D1EB68013610
:1048C0004FF0FF34B4401C40EAD094FAA4F2B2FA9C
:1048D00082F2131D55F82340DEE72DE9F04114461E
:1048E00005460E46FFF740FFA4EB0608371B0744BA
:1048F000424631462846FFF755FF3A4621462846AC
:10490000FFF750FF4346002221462846FFF721FFCC
:1049100021462846FFF728FF3B462118002228465B
:10492000BDE8F041FFF715BF2DE9F04116460446FA
:104930000F46FFF719FF314605462046FFF714FFE3
:1049400005442A4639462046FFF72CFF31462046CB
:10495000FFF70AFF2B46311800222046BDE8F04140
:10496000FFF7F7BE2DE9F0410D4686680446FFF7D4
:10497000FBFEB6F5004F014601D3012832D0304688
:10498000FFF71EFF04EB80010E6996B9E368012270
:1049900082401343E36002220D612B4629462046E4
:1049A000FFF7D7FE032229462046BDE8F041FFF776
:1049B000D0BE022231462046FFF7C0FE29460346FC
:1049C00007462046FFF7C5FE032233462946204608
:1049D000FFF7BFFE39462B462046FFF7BAFE0222FC
:1049E0003146E1E7BDE8F081F8B50C460546FFF732
:1049F000BBFE2618012231462846FFF79FFEC3075B
:104A00000CD431462846FFF717FF21462846FFF70A
:104A1000ABFE214622182846FFF786FF00222146DA
:104A20002846FFF78BFE271A012239462846FFF752
:104A300085FE10EA020613D139462846FFF7FCFE30
:104A4000214632462846FFF779FE2246211A28469B
:104A5000FFF76AFF214632462846FFF76FFE241A09
:104A600021462846BDE8F840FFF77CBF38B571B154
:104A700005682846FFF79AFE0022044601462846AC
:104A8000FFF778FE2146BDE83840FFF7ADBF38BDDF
:104A900070B5066809B9002070BDB368B3EBD10FDB
:104AA000F9D9B3F5004F34BF04230823CC1D1C44AF
:104AB000E40821463046FFF7D6FE05460028EAD036
:104AC00001463046FFF750FEA04209D92C44294642
:104AD00030462246FFF701FF21463046FFF742FFEE
:104AE000304601222946FFF745FEB368B3F5004F73
:104AF00034BF0423082303EBC5031844CCE72DE996
:104B0000F84306681446B26801F1FF39B2F5004F68
:104B100034BF0423082319EA01090F460BD0494288
:104B200039408B424F4628BF0B46894654B9002571
:104B30002846BDE8F8839942F8D82146BDE8F843F5
:104B4000FFF7A6BFB2EBD40FF1D9E11DB2F5004FCC
:104B5000394434BF04220822C91A1144C908304616
:104B6000FFF781FE80460028E1D0B368B3F5004F1F
:104B700034BF0423082309EBC0051D4435447B1EC4
:104B80001D44B5FBF7F57D43A5EB090529463046E5
:104B9000FFF70CFE2C44073424F00704A41B8045C7
:104BA00007464FEAE40408D2024641463046FFF782
:104BB00094FE41463046FFF7D5FE39463046FFF7B2
:104BC000D3FD3844844208D2394630462246FFF7A6
:104BD00084FE21463046FFF7C5FE012239463046A5
:104BE000FFF7C8FDA4E7B2F5802F2CBF08230423EC
:104BF000D21A2DE9F0418C18CD1D25F0070524F0BF
:104C00000704641B0026E40805602146AC60EE60E2
:104C10002046FFF7D5FD421D9200013002F1070743
:104C20004FEAD707A2F110023146B8BF324605F16C
:104C3000100007F047F93A4631462846FFF7B2FD23
:104C40003346324631462846FFF783FDA4EB07087A
:104C5000284631460122FFF78DFD42463946FFF7CF
:104C6000A1FD3B46324639462846FFF772FD2146F4
:104C70002846FFF797FD4346324621462846FFF770
:104C800068FD214628460122FFF774FD3946BDE83C
:104C9000F041FFF767BE2DE9F04706460D4617467F
:104CA00098462BB398F8004093F80190DB78A40065
:104CB00004EB430498F802301C4444444FF0000ACB
:104CC000CA4509D3D8F8042008F10803394630460C
:104CD000AC46BDE8F047604714F8013B48F8234074
:104CE0002046E2F765FE013004440AF1010AE7E7D5
:104CF0006FF01500BDE8F08770B500250246284624
:104D0000144614F8013B0BB9184609E098B18D42DE
:104D100007D1702B04D0A3F140023A2A0BD800200F
:104D200070BDA3F140063A2E05D853780135941C86
:104D3000002BE9D00020252B08BF80F0010022467F
:104D4000DEE70020704700F0D6BE0FB407B504A917
:104D500051F8040B019100F0CEFE03B05DF804EBB6
:104D600004B070470FB407B504A951F8040B0191C2
:104D7000FFF7E9FF03B05DF804EB04B0704710B52E
:104D80000369024613F0080009D11368D4689C42F5
:104D900097BF126AE31AD31A01200B6010BD0023DB
:104DA0001846FAE713B501A90446FFF7E8FF20B15A
:104DB000019BE268013B13440193206A019BC01AE6
:104DC000013802B010BD10B5044650182269236A9C
:104DD000D20702D5013B184010BD984228BFC01A27
:104DE000FAE710B504460A46C168FFF7ECFF2369ED
:104DF000E06023F00803236110BD38B50D46C26999
:104E00008B00016843F0020342F821300446016838
:104E10002A46FFF7D8FFE36861682060984202BF26
:104E2000236943F0080323612A462046FFF7CBFF9E
:104E3000606038BD2DE9F74FC768C6699B4616F814
:104E4000273003F00303022B04468846914606EB05
:104E5000870A4FF0000309D01360CBF800302369B4
:104E6000990710D4002003B0BDE8F08F56F8271042
:104E700013608908CBF80030F1D0FFF7B2FFE36888
:104E8000A3600120EFE7A3695046984716F8273042
:104E9000DA070546E6D513F002031DD0B8F1000F7E
:104EA00003D041462046FFF7A8FF61682A46204606
:104EB000FFF789FFD4E902319942606004D12A46A4
:104EC0002046FFF780FFA060A3682360E3602369AA
:104ED00043F008032361D4E7014620460193FFF71E
:104EE00080FFE268A260B8F1000F04D02168E26997
:104EF000019B42F8213005EB0802CBF80020216825
:104F00002046FFF760FF2369206043F00803236118
:104F100016F827306FF3000306F82730C9F800A011
:104F2000AFE770B504461546FFF74DFF236883428F
:104F300005D12369216023F00803236170BDE26974
:104F4000AB0043F0020342F82130204661682A4654
:104F5000FFF739FF6060F1E738B503695B07044686
:104F600006D5456AFFF71EFF85422CBF6562606269
:104F700038BD38B50D4604461C22002106F0A2FFBC
:104F8000EB68A361AB6863612B68E3616B682362C4
:104F9000002262622A6923B1591E194208BF42F0F9
:104FA00001022261012204F128000021BDE83840FD
:104FB00006F065B82DE9F04F87B000250093036A2D
:104FC00003958B4204460E4692460595A94639D371
:104FD000EFF3118B402383F31288BFF36F8F059A91
:104FE000D8462AB129462046FFF79BFF00230593A8
:104FF00004A92046FFF7C3FE0499B14207462AD30D
:105000002268E36913F8221021F0030103F822104B
:1050100003EB8209216832462046FFF7D4FEE3689D
:105020002060984212D0002788F31188BFF36F8F59
:10503000039929B162690AB120469047002303937E
:10504000002FC5D1484607B0BDE8F08F236943F073
:1050500008032361E7E718B12046FFF7CEFEE3E738
:10506000009B5AEA030319D0019106F027F9019930
:10507000A0B98BF31188BFF36F8F009B524604F1E8
:105080002800F9F7B9FAEFF31188402383F3128867
:10509000BFF36F8FB0FA80F77F09C5E705AB03AAAE
:1050A00020462568FFF7C6FE0746BDE770B50446F3
:1050B000836908460D4698470246EFF31186402360
:1050C00083F31288BFF36F8F2B7843F001032B70AB
:1050D00061682046FFF777FE60602046FFF73CFFDF
:1050E00086F31188BFF36F8F70BD2DE9F041044640
:1050F0004027EFF3118687F31288BFF36F8F236980
:1051000013F0080FA36802D16268934200D9226AA3
:10511000E169D21A32B986F31188BFF36F8F4FF06D
:10512000000833E011F8232012F0030001EB83089C
:10513000F1D0022803D151F82350AD0805D1D00792
:1051400012D4A369404698470546A1682A462046DE
:10515000FFF739FE2946A0602046FFF742FE86F39E
:105160001188BFF36F8FC4E742F0020201F82320D9
:105170004046A369A5689847294602462046FFF79E
:1051800022FEA06086F31188BFF36F8F4046BDE812
:10519000F081F8B50446836908460D4698470646EF
:1051A000EFF31187402383F31288BFF36F8F2B78BF
:1051B0006FF300032B7023699B0705D5E268E36951
:1051C00003EB82039D421AD12B786FF341032B70BE
:1051D000D4E90231994204D132462046FFF7F3FD6B
:1051E000A06031462046FFF7FCFD87F31188BFF32E
:1051F0006F8F04F12800BDE8F840F9F7D7B92B68A4
:1052000060F39F032B60F0E7EFF31181402383F3FA
:105210001288BFF36F8F036913F0080F836802D100
:105220004268934200D9026AD31A81F31188BFF30E
:105230006F8F181E18BF01207047F0B56423054614
:10524000042600200A2769B9F0BD9A42B2FBF3F4A4
:105250000CD2012B0AD048B903FB1422D2B20A2483
:10526000B3FBF4F3013EF0D12E70EDE7303405F8D6
:10527000014BB2FBF3F4013903FB14220130B3FB01
:10528000F7F3C9B2C0B2D2B2DBB2DCE7A0F13003AF
:10529000DBB2092B02D80B7000207047A0F161032C
:1052A000052B02D85738C3B2F5E7A0F14103052B0F
:1052B00001D83738F7E76FF015007047F7B50546A6
:1052C00001F0010000EB51069E424FEA510703D95D
:1052D0000026304603B0F0BD58B128780DF1070123
:1052E000FFF7D4FF0028F3DB9DF8073002F8013BFD
:1052F000013501351744BA42EBD015F8010C0DF118
:105300000701FFF7C3FF0028E2DB9DF807402401F7
:10531000E4B2147015F8020BFFF7B8FF0028D7DBD2
:105320009DF807301C4402F8014BE4E7038B13F0AF
:10533000070305D10368002B0CBF00200320704732
:10534000022B05D1408BB0FA80F0400980007047F5
:10535000012B05D10368002B0CBF002005207047EE
:105360000020704710B50C4600B111B96FF0150060
:1053700010BD081D00F093F80028F9D1A368032B95
:10538000F6D9F3E72DE9F0410D4607461946281DE9
:1053900090461E4600F097F8044638B13346424620
:1053A00029463846A446BDE8F0416047BDE8F08193
:1053B00010B4EFF31182402484F31288BFF36F8F8F
:1053C000416110BC0121E3F7BBBC38B50C46054672
:1053D00058B151B10B6843B14B6833B11C22002165
:1053E00006F070FD2C61002038BD6FF01500FBE762
:1053F00070B505460E46FFF7B5FF041E14DBEFF34C
:105400001182402383F31288BFF36F8F6B8B2C8B39
:105410004FF6FF718B4204F0070407D182F3118825
:10542000BFF36F8F6FF00A04204670BD022C0CD1C1
:1054300001336B8382F31188BFF36F8F0023224601
:1054400031462846FFF79EFFEEE7062C14D8DFE82A
:1054500004F004131313041A0400002333606B6870
:105460003BB9C5E90066ACB902212846E3F768FC00
:10547000DAE71E606E60F6E782F31188BFF36F8F84
:105480006FF00404D0E782F31188BFF36F8F6FF0E1
:105490008504C9E782F31188BFF36F8FC4E7034621
:1054A00040B1426802F00302022A06D0032A04D067
:1054B000012A05D06FF0150070471A68002AF9D04C
:1054C00000209860704710B54268816002F00302C6
:1054D000022A03464FF0000407D0032A02D05C6082
:1054E000002001E018685C6010BD18685C6000284E
:1054F000F6D0FAF7D5F9F3E7F0B5C6684568C369A1
:10550000AF1B04464069BB4298BFFF1AA5EB0000E1
:10551000944698BFF6181A1AD81B2368AD1B62452B
:105520002B4428BF62460B606368904228BF104638
:1055300003446360F0BDD0E90123D21A8A420CD340
:105540001944C368C269C0E90111C91A8A4201D964
:10555000002070471344C360FAE76FF015007047EE
:105560002DE9F34180460E46154600272A4601A93B
:105570004046FFF7C1FF314604460246019806F057
:1055800079FC2D1B2744264401D0002CEED139464E
:105590004046FFF7D0FF384602B0BDE8F081F0B5D5
:1055A000044686690569C069A368AF1BB842944682
:1055B00098BF3618A3EB05022368A5EB060598BF34
:1055C0003F1A2B446245A0EB070028BF62460B60E0
:1055D0002369904228BF104603442361F0BDD0E9FF
:1055E0000423D21A8A420CD31944D0E90632C0E906
:1055F0000411C91A8A4201D90020704713448361FB
:10560000FAE76FF0150070472DE9F34180460D462B
:1056100016460027324601A94046FFF7C0FF044660
:105620002DB102460199284606F024FC2544361B7C
:10563000274401D0002CEDD139464046FFF7CFFF7B
:10564000384602B0BDE8F081704770B406688489BE
:10565000806A0D0C16FA81F105FB04118468246838
:10566000A44670BC60472DE9F0431C46C36A1D6820
:105670006D4289B006468846174605F020051CB9DC
:10568000204609B0BDE8F083AC42A14628BFA94638
:105690004B466A4641463046FFF7D7FF0028F0D117
:1056A0006B46484502D1241A8044E8E713F8012BE1
:1056B000BA4201D10130F4E70120E2E70B6803F5BB
:1056C00080330B60C0891A0CB0EB134F04BFA3EBFF
:1056D00002430B60704738B5828903680D0C090CD2
:1056E00004462D04806A02FB013101F086F850B9AE
:1056F000E26AA389527929462046FFF7B4FF0028C1
:1057000018BF6FF0050038BD10B5014604460722EA
:10571000FF20E2F70FFFE07110BD0023E4F798BB14
:105720000368012B81BFC91801F1FF315B421940A9
:10573000084670472DE9F0410C4605460821C06A2D
:10574000FFF7EEFF072207462146FF206688B4F8E0
:105750000480E2F7EFFEE379834208D1A88946444A
:10576000C01BB04294BF00200120BDE8F0810020A2
:10577000FBE738B505460C46FFF7DCFFA0B1A08873
:1057800098B922884FF6FF739A420DD1E86A082132
:10579000FFF7C6FF6288AB899B1AB3FBF0F202FBEE
:1057A0001030B0FA80F0400938BD0020FCE7F7B5B2
:1057B00004460D46C06A0821FFF7B2FF2968074674
:1057C00008232046FFF741FF0646002836D12B6804
:1057D0003B442B60A28999B2D21B91422ED11A0C64
:1057E00003BFE28902F1FF3203EB0241A3F58031EE
:1057F000296008236A462046FFF727FFE8B9E36AD5
:105800005A796B4613F8011B8A420CD101300828E3
:10581000F8D1636805E02B68BDF802201B0C1B045F
:1058200013442B600AE069462046FFF7A2FF0028D8
:10583000F1D129462046E3F791FB0646304603B0F6
:10584000F0BD2DE9F043074689B090461E461BB9CE
:10585000002009B0BDE8F0833C688389080C14FA85
:1058600081F100FB0314FB6A1D686D4235400CD0CA
:10587000B86A83682146D3F804902B46C8470028AD
:10588000E7D1761BE4D02C44A84432464146684612
:1058900006F0F0FAFD6A2A686979921B0DEB0600A2
:1058A00006F010FBB86A2B688268214655686A4684
:1058B000A847CEE710B50A46082341680446FFF71B
:1058C000C0FF08210246E06AFFF72AFF63681B1A3F
:1058D0006360104610BD13B54FF6FF7300220446F7
:1058E000ADF800308DF806308368ADF804206846C6
:1058F000ADF80230FFF708FF69462046FFF7DAFFF0
:1059000002B010BD2DE9F04F044695B0C06A0821E1
:10591000FFF706FF63681B0C1B04054603A920461E
:105920000393FFF7CBFEDDF80CB0A6895E44761B2F
:1059300006AA0823314620460496FFF786FE021E7B
:10594000C0F2A980E36A06AA5979002312F8010B74
:10595000814240F08F800133082BF7D1A368626841
:105960002B449A427ED259462046FFF7B4FE0246A7
:1059700091E0BDF81A30360C36041E44049608AA8D
:1059800004A92046DDF810A0FFF711FF0246002809
:1059900040F0818008A92046FFF7CCFE18B9019B92
:1059A0009A45ECD1DAE7636805930AAA05A920466F
:1059B000059EFFF7FCFE024600286CD1BDF82820AA
:1059C000BDF820309A4227D06268059B9A42ECD1FC
:1059D0005645E4D1BDF82430002BE0D0BDF822704C
:1059E0004FEA1A431B041F4408A8A368ADF82230ED
:1059F000FFF78AFEE36ABDF824901E68764206F03F
:105A00002006B9F1000F0ED108A92046FFF752FF7A
:105A100002460028C3D03EE00AA92046FFF78AFECE
:105A20000028D1D0D4E74E45B04628BFC8460CAABE
:105A3000434639462046FFF708FE024658BB434618
:105A4000A1680CAA2046FFF7FCFE41460246E06A28
:105A5000FFF766FEA3680344A360E2B9A9EB080957
:105A60004744CEE72046FFF736FF024600283FF4C2
:105A70007AAF10E0731B06A920460193FFF779FE69
:105A800000287FF476AF04A92046E3F767FA0246C0
:105A900000283FF474AF104615B0BDE8F08F002326
:105AA0001A46E3F7E5BC13B500240094E3F7CEFDF6
:105AB00002B010BD03785B075FBF03684288C3F381
:105AC0004A2303EB12105DBF173020F00700800857
:105AD000002070470020704704F071BD0346BFF3FB
:105AE0005B8F53E8000F421C43E800210029F8D1E6
:105AF000BFF35B8F70471FB50023CDE90201CDE9ED
:105B000000331A4619461846E4F72EFA05B05DF838
:105B100004FB0120E3F7E4BE0020704718B14068A1
:105B20000079E4F7DFB84FF0FF30FAE770B5D2E95B
:105B300001369B1B8B420C4615460AD313680A4656
:105B40000146981906F096F9AB682344AB602046ED
:105B500070BD6FF01B00FBE770B50E461546194689
:105B6000044618B9BDE87040E3F7BABE33B1C2F3DA
:105B70004A231030120D184406F07CF9C4E900568F
:105B80002046BDE87040E4F753B8F8B506460D4628
:105B900014461F4604B9F8BD214628463A46B04788
:105BA000241A0544F6E710B5426881680446D2E934
:105BB00000230068FFF7E9FF636800221A6010BD48
:105BC00038B54B681A68CB689A4205460C4602D134
:105BD0000846FFF7E8FF6368BFF35B8F53E8002FC9
:105BE000511C43E800100028F8D1BFF35B8FA36875
:105BF0009D54002038BD0A2838B504460D4602D110
:105C00000D20FFF7DDFF29462046FFF7D9FF0020D2
:105C100038BD2DE9F043054687B008460E8891F857
:105C20000090D1F808800C461746E4F7FFF9011EF2
:105C3000C6F38216C9F3C2091EDB4846E4F70AF828
:105C400003462146608851F8102B0196C2F34A2280
:105C5000002A01EB0204C0F30B1008BF0021002250
:105C6000CDE90407CDE90214009241462846E4F745
:105C700009FA07B0BDE8F0830023E2E77047002986
:105C8000034610B410460BDB9C680844A04207D8BA
:105C9000D8685B68194483689B682BB110BC1847AF
:105CA0006FF0150010BC70476FF05700FAE770B541
:105CB0004C680368A34201D2012070BD8A68224467
:105CC000934201D30020F8E7D1E903254E69B5429C
:105CD00003D36FF00B038B61F4E71B1B42F83530E5
:105CE0004368086902EBC00253600B6901330B6122
:105CF000E2E70020E4F72CBD00221146E4F7EEBCF9
:105D00000020E4F76BBD034610B508460AB1002138
:105D1000116053B1D0B1411E11F8010F80B113F8D9
:105D2000014BA04201D13D28F6D100200EE0013305
:105D300013600AE03D2808D0B0FA80F0400905E081
:105D400018782F28F6D1002AF1D1012010BD10B506
:105D500009B100230B6058B103461A781C46013381
:105D60002AB13D2A03D02F2AF7D101B10B60201AA6
:105D700010BD0830704710B5134614460A46818896
:105D80000068FFF790FEA042A8BF204610BD2DE995
:105D9000F04F97B0044601929A46894600297CD07C
:105DA000DAB1BAFA8AF67609258F0135ADB2A8467E
:105DB00004F1080B6F1EBFB2B7F5004F26D04A237F
:105DC00003AA39465846FFF76EFE002807DA10F19D
:105DD000020F08BFB8463D46ECE70126E4E700F1B4
:105DE00058030DEB0300002300F84C3C03A9484680
:105DF000E1F7CCFD0028EED126B339465846FFF72F
:105E00004EFE002805DA17B0BDE8F08FBEB30020C3
:105E1000F9E705F57F513F3189B25846FFF73FFE5C
:105E20000028F0DB238FBB42F1D12246013B22F850
:105E3000383F4FF4004102235846E3F719FB00EACC
:105E4000E070E0E7B846B8F5404F29D0238F4345CE
:105E500004F1080515D308F58041019A534689B22B
:105E60002846E3F705FB0028CDDB002ECFD04846BF
:105E7000E1F79EFD4A46034641462846DDE70126F6
:105E8000E1E72246022322F8388F4FF400412846EA
:105E9000E3F7EEFA0028DEDAB5E76FF01500B2E7B7
:105EA0006FF00B00AFE773B5C36B03630446C3B178
:105EB00000F108063046E3F7AFF8054670B9022353
:105EC0000DF106024FF400413046FFF7ECFD0028CB
:105ED000ACBFBDF806304FF400432387284602B01C
:105EE00070BD6FF01205F9E708B50120E2F712FF67
:105EF00008B50020E2F70EFF4368187810B90122B8
:105F00001A7070476FF01500704743681A7812B125
:105F10000020187070476FF01200704743681B78BC
:105F2000002B0CBF6FF012000020704742681278FF
:105F300012B10020186070476FF012007047F8B57A
:105F400045681F462B781446A3B16B689A18B2F5C2
:105F5000805F26BFC3F57F660F36264605F1080031
:105F60001844324605F086FF6B6833446B600020AE
:105F70003C60F8BD1C466FF01200F9E710B5002038
:105F80001C4604F0C2FE2060002010BD08B519B107
:105F90004068083005F04DFB002008BD10B5446B8B
:105FA0000020F7F78DFF28B12368216C0020BDE8A1
:105FB0001040184710BD08B54068083005F039FB9F
:105FC000002008BD10B50346BFF35B8F53E8000FF8
:105FD00040EA010243E80024002CF7D1BFF35B8FB5
:105FE00010BD10B50346BFF35B8F53E8000F00EA06
:105FF000010243E80024002CF7D1BFF35B8F10BDF2
:1060000073B50901856801F51B71044616460D44F8
:1060100001AA6946284605F076FC009B23B1284674
:1060200005F06EFC2046B04702B070BDF8F7D8B955
:106030008B6820B903F51B700021F9F731BC03F51B
:106040002770F9E7042100F51A70FFF7BBBF00F5D0
:106050001A7019B14FF40061FFF7B4BF6FF400611B
:10606000FFF7BFBF08B500F5197029B10121FFF78F
:10607000A9FF00F0010008BD6FF00101FFF7B1FFBB
:10608000F7E7F8F725BAF8B5044680681F460379A4
:10609000022B0D46164607D0BDE8F8404FF480515C
:1060A00000F51A70FFF78EBF4FF0FF324FF0FF334D
:1060B00000F53F70FFF7BAFFA368D3F86822100518
:1060C00008D49A6B32B9D3F86432990602D52046C7
:1060D00000F048FA3B4632462946204600F090FA46
:1060E000A368D3F86822120508D49A6B32B9D3F8A2
:1060F00064329B0602D52046E5F794FC606900F007
:1061000045F8A068BDE8F84000F53F70FFF7B9BF5B
:106110000CB407B504AB53F8042B0193FFF7B3FF9E
:1061200003B05DF804EB02B070470EB403B503ABE7
:10613000082153F8042B0193FFF7A5FF02B05DF887
:1061400004EB03B070470EB403B503AB012153F861
:10615000042B0193FFF797FF02B05DF804EB03B047
:10616000704710B5044680684FF0FF324FF0FF33A0
:1061700000F53F70FFF75AFF2046E4F771FFA06873
:10618000BDE8104000F53F70FFF77BBF10B5026916
:106190008368126801680446C06898472369002232
:1061A0001A6010BD38B5CB681B7C022B05460C4627
:1061B00004D10A2802D10D20FFF7F4FF23692268D9
:1061C0001B68D554226913680133136023691A6868
:1061D00063689A4202D12046FFF7D8FF002038BDFD
:1061E00008B510B1E1F7E4FB80B208BD10B5047B3F
:1061F000438922442144B2FBF3F003FB1022B1FB9C
:10620000F3F003FB1010101A10BD10B5047B438986
:1062100021441019B1FBF3F1B0FBF3F0401A10BDAB
:1062200030B5057B43892944B1FBF3F403FB14111A
:1062300001312A4401340180B2FBF3F103FB112246
:10624000848001324C1CC480428030BD2DE9F74F60
:10625000002607468846144699460660B2462378CB
:10626000002B00F0BF80202B3AD0093B042B37D9FC
:106270003B685A1C3A6048F823403B684B4500F0A5
:10628000B18000262278002AE9D0A6B91646234616
:106290001C46272E04D05C2E25D0222E40F096805E
:1062A0002046FFF79DFF611C0246204605F0F0FDE9
:1062B0002278002AD3D0B242A34604F1010420D1AF
:1062C0005846FFF78DFF21460246584605F0E0FD8F
:1062D0009BF800605C46002ED9D1C0E70026BEE7DF
:1062E00004F801ABBBE72046FFF77AFF651C0246C6
:1062F0002946204605F0CCFD66782C46002EC8D1F4
:10630000ADE75C2A9BF80120D3D1B242104608D1F8
:106310005846FFF765FF21460246584605F0B8FD8E
:10632000B0E7302A25D1022300251BF80300A0F195
:106330003001C9B2072919D8ED000133EDB2052BA0
:1063400045EA0105F1D1591E59445846019300917F
:10635000FFF746FF019B0099023BC21A584605F021
:1063600097FD9BF801208BF80050A2E7DBB2022BCF
:10637000E9D1782825D1022100251BF80130A3F1AD
:106380003000C0B2092808D82D01EDB2054302291A
:1063900001D00423D7E70321EFE7A3F1610005282B
:1063A00005D82D01EDB2573B1D43EDB2EFE7A3F148
:1063B0004100052803D82D01EDB2373BF4E702294F
:1063C00002D10BF1010474E70323BCE7202E85D032
:1063D000093E042E82D96678631C002E7FF458AFE4
:1063E0001C463CE7304603B0BDE8F08F2DE9F04194
:1063F0000F4686B01646044670B1034601AC00F164
:10640000100518685968224603C20833AB42144687
:10641000F7D11868106001AC4FF0000841463246D1
:106420002046E5F7E7F908F10108054628B1296893
:106430003846E1F7ABFA0028F0D1284606B0BDE8AF
:10644000F0810EB403B503AA52F8041B0192E5F7DC
:10645000BDF902B05DF804EB03B0704738B50446EF
:10646000B0F84050006810B1E1F7A2FA80B24019CC
:1064700007D0638DB0FBF3F203FB1200B0FA80F09B
:10648000400938BD704738B58468D4F86432B4F830
:1064900042502068C3F340035D4310B1E1F788FA2E
:1064A00080B2638D2844B0FBF3F203FB1200B0FA14
:1064B00080F0400938BD10B504468068B0F840202F
:1064C000B0F842102030FFF7ABFEA068FFF7C6FF20
:1064D00020B16069BDE81040E5F7F0B910BD38B5EE
:1064E000054680680C46B0F84210B0F840202030D5
:1064F0000C44FFF795FEA868A4B2B0F842102246FB
:106500002030FFF782FEA8682246B0F84210203003
:10651000FFF76CFEAB68A3F8424038BD8368B3F860
:106520004210494209B2FFF7DABF8368B3F840105E
:10653000B3F84230C91A09B2FFF7D1BF8368B3F884
:1065400042301BB14FF0FF31FFF7C9BF704783687E
:10655000B3F84220B3F840309A4202D20121FFF74B
:10656000BEBF70478068B0F84020B0F842102030BD
:10657000FFF756BE2DE9F041054686B00F4614469A
:106580000026A4B906B0BDE8F081D3F868229207CE
:10659000FBD5BFF35B8F03F51A7353E8001F21F09F
:1065A000020143E80012002AF7D1BFF35B8F68684D
:1065B00003682246D3F80C80B9196B46C047009A8D
:1065C0001644A41A002ADCD1AB6819790329EED04D
:1065D0000229DAD803F52773012101A805F062F931
:1065E0004FF0FF324FF0FF33012101A8F9F700F916
:1065F000A86800F5277005F083F9D8E7FFF7BABF60
:10660000114640691A46E5F7E1B80CB407B504AA8B
:10661000406952F8041B0192E5F7D8F803B05DF821
:1066200004EB02B070472DE9F0418768B7F840608D
:10663000B318FF2B05468846144626DCB7F84230CF
:10664000F61A46331F44B6B232463946381905F0B9
:106650001FFC22464146384605F00CFCAA68B2F8F9
:1066600040302344A2F84030AB68B3F840201344D4
:10667000002283F84620AB68D3F86412890706D459
:10668000B3F842201444A3F84240BDE8F0813146FB
:106690002846BDE8F041E5F753B938B505468068AE
:1066A000B0F84220B0F84040A41AA4B29CB14632DF
:1066B0001044411C224605F0EBFBAA68B2F84030BA
:1066C000013BA2F84030611E28460122BDE8384057
:1066D00089B2E5F735B938BD10B58368B3F8402005
:1066E00004465AB1B3F8423043B14FF0FF31FFF7DF
:1066F000F6FE2046BDE81040FFF7CFBF10BD0EB438
:1067000003B503AA52F8041B0192E5F75FF802B043
:106710005DF804EB03B070472DE9F8430546904659
:106720000E46002967D00024335D202B23D0093B7F
:10673000042B20D93046E1F73BF9AB68598D80B284
:10674000001BA1EB0803984206EB040915D9484643
:10675000002710F8012B202A06D0A2F1090CBCF169
:10676000040F02D80A2A2DD03B4608EB07029142BB
:1067700027D90137EDE70134D6E74B460027B84269
:1067800014D013F8012B0A2A19D16869FFF7FEFC0F
:1067900049463A462846FFF7EDFE6869E5F75AF99B
:1067A0000134414628463C44FFF76CFE68693119C4
:1067B000FFF7A5FF6869BDE8F843E5F74BB9013776
:1067C000DDE71F466869FFF7E1FC3A46494628467F
:1067D000FFF7D0FE3C44335D202B02D0093B042B55
:1067E00001D80134F7E76869E5F734F941462846EE
:1067F000FFF748FE9EE7BDE8F8832DE9F041876882
:10680000FB6804460D4616469847BB682BB13246D6
:1068100029462046BDE8F04118476FF05700BDE813
:10682000F0814168086882600A680020D360704780
:106830000020704710B51C4643689868FEF7E4FED8
:106840002060002010BD70B544681D4623681B6899
:1068500013B92A60002070BD6068FEF781FE2860D1
:106860002368BFF35B8F0433012153E8002F43E813
:1068700000100028F9D1BFF35B8F002AEAD120462F
:10688000E5F72AFAE6E738B50D46AB4211461C4655
:1068900004D81A4605F0EEFA204638BD0024FBE77E
:1068A00005F010BBC30903EB430303EBC30383EA07
:1068B0004000C0B270472DE9F0430646A9B08846B3
:1068C0001446402702F12409E5F7D2FA03460028CE
:1068D0003ED0402108A89847D0B3B4F9022012F165
:1068E0001F0348BF02F13E036D464A4608A92846E9
:1068F00043F3471300F0EFF92246294618A800F0A9
:1069000006FE18B3B4F90230D91D48BF03F10E01D9
:106910002A464046C91000F022FE94F9011018AA38
:10692000304600F01CFE94F9011094F9002018ABD9
:1069300003EB8202701800F012FE2022002128468C
:1069400005F0C0FA012029B0BDE8F083013FBBD1BA
:106950000020F8E72DE9F0471C4693F9017093F900
:1069600000A0B3F90230A4B09046DA1D48BF03F18D
:106970000E0204AD81460CAE2846D2100295039655
:1069800000F001FE3A46494614A800F0FCFD14ABA5
:1069900009EB070103EB8A003A4600F0F4FD2346B9
:1069A00032462946284600F086FDB0FA80F301946D
:1069B00024AA5B0902EB8301638801331BB20093B5
:1069C00051F8882C14A90023084600F0ACFC14AA46
:1069D0003946404600F0C3FD214614A800F018FCDB
:1069E0000024CDE90244074602AB2022214630466E
:1069F00005F068FA20222146284605F063FAB7FA26
:106A000087F0400924B0BDE8F087F0B500240646C1
:106A1000204665B2AB4200DCF0BD51F8247052F85C
:106A200024503D440544AF4200F0010018BF00204F
:106A300046F8245088BF40F001000134E9E700EB3C
:106A400081010023884200D3704751F8042D43EAA6
:106A500052030B60D307F5E770B50368DB07054603
:106A6000144604D4BDE870401146FFF7E8BF134652
:106A70000A460146FFF7C9FF214606462846FFF7AA
:106A8000DEFF46B104F18044013C55F8243043F068
:106A9000004345F8243070BD4FF0000C2DE9F74F4E
:106AA000654664464FFA8CF94B4516DC4FF0FF36CD
:106AB00006EB430601964FF00008019F53FA88FE4B
:106AC0004FFA8EFEBE455FFA88F628DB00EBC30066
:106AD00040F8044C03B0BDE8F08F4FF0000E02EB1D
:106AE0008C0AF04651F82E705AF80469A6FB076725
:106AF00036190EF1010E6F4134464FFA8EF64FF003
:106B0000000B28BF4FF0010B4E45D8443D46E9DD50
:106B100040F82C4045460CF1010C3C46C2E70136DA
:106B2000A94676B202EB8E0A002577B2BB4205DC9D
:106B300040F82E4008F101084C46BEE76FF003070D
:106B4000774351F826C05AF80770A7FB0C7C3F1911
:106B50005CEB090C4FF0000B28BF4FF0010B5D44BC
:106B6000E1463C460136E0E721EAE172920000216D
:106B700005F0A8B910B500231A465CB2A14203DCA7
:106B8000B2FA82F0400910BD50F82340013322438D
:106B9000F3E74A11012350F8220001F01F018B4056
:106BA000184070474B1E10B55BB2041D1A0603D483
:106BB0005A1E54F8221071B101335BB283B103F154
:106BC0008042013A50F82210002231B9013B02EB19
:106BD000431210B210BD1346E8E749080132F4E74A
:106BE0001846F7E710B500235CB2A24200DC10BDE6
:106BF00051F8234040F823400133F5E710B5013A3E
:106C000052B2130601D5002010BD50F8224051F8B1
:106C100022309C4205D802F1FF32F2D24FF0FF3011
:106C2000F2E70120F0E730B5013A52B20023140632
:106C300003D5181E18BF012030BD50F8224051F86E
:106C400022506C402343013AF1E7F0B50024064698
:106C50009C46204665B2654500DBF0BD51F82470C6
:106C600052F824303D1AED1AAF4200F0010018BF6F
:106C7000002046F8245038BF40F001000134E9E715
:106C800070B59DF910601D4633460446FFF7BDFE02
:106C900030B9324621462846FFF7B0FF012807D019
:106CA00033462A4621462046BDE87040FFF7CDBF57
:106CB00070BD70B59DF910601D4633460446FFF760
:106CC000C4FF38B133462A4621462046BDE870400D
:106CD000FFF79BBE70BD2DE9F04FA5B01D4614AB6C
:106CE000CDE902310190294610461746FFF75AFFB9
:106CF000C0EB851424B2002C2646B8BF04F11F0651
:106D0000634246F3471603F01F0304F01F093146A0
:106D100058BFC3F1000904A8FFF726FFB9F1000F1F
:106D20004FEA86062DDD04AB00221E44C9F1200C7B
:106D300013469D421AD804AB03EB850300936F1EE4
:106D400024AB4FEA45084FEA8509012603EB870784
:106D5000002C53DA24AB03EB8606019856F8881C06
:106D60002A46FFF73FFF25B0BDE8F08F57F8230014
:106D700000FA09F10A4346F8042B013320FA0CF219
:106D8000D7E704AB2A4639469819FFF72BFFD2E71D
:106D90005AF8883C53F8202024AB03EB80030CF115
:106DA000010C53F8803C0B44D31A34BF4FF0010B55
:106DB0004FF0000B9A425EF8882C42F8203018BF42
:106DC00059464FFA8CF04045E2DB731A5E42294681
:106DD00004A85E41FFF733FE09F190036B4400986D
:106DE00053F8802C57F8803C294643EAC273013C93
:106DF00047F8803C24B2FFF722FEA9E724AB4FF00E
:106E0000000CC6F1010E614603EB860A03EB8E0E01
:106E1000D7E730B51C4691B0054693F90030684677
:106E2000FFF73AFED4F8AC3069462846984711B0CF
:106E300030BD13460A46FFF7ECBF2DE9F04793F942
:106E4000006092B0044689461046314615461F46FA
:106E5000FFF790FE002840F091803A46494602A88C
:106E6000FFF7E7FF3B4602AA21460AA8FFF7D1FF3A
:106E700002A908463A46FFF7DCFF3B462A46494648
:106E80004846FFF7C6FF07F104083A462946284658
:106E9000FFF7CFFF43462A46214620460096FFF7DC
:106EA000EFFE43462A46294628460096FFF7E8FEAD
:106EB00043462A46214628460096FFF7FAFE3B46FF
:106EC0002A4621462046FFF7A4FF43462246214694
:106ED00028460096FFF7D4FE434600962A462146F0
:106EE0002046FFF7CDFE2368DB074AD533464246EE
:106EF00021462046FFF789FD314682462046FFF7AE
:106F00009EFD06F18043013B54F8232042EACA72F9
:106F100044F823203A4621462846FFF78AFF434695
:106F20000AAA294628460096FFF7C3FE43460AAA46
:106F3000294628460096FFF7BCFE0AA908464346A4
:106F40002A460096FFF7B5FE3B460AAA2146204690
:106F5000FFF75FFF02AA4346104621460096FFF75F
:106F6000A8FE324629462046FFF73CFE4946284601
:106F7000FFF738FE02A94846FFF734FE12B0BDE81D
:106F8000F08731462046FFF75AFDC3E72DE9F0416F
:106F900015468AB004460E461C22002103A804F0C0
:106FA00091FF2F1D95F9008003232A463146204684
:106FB0000293FFF73EFF3B4602AA21462046CDF84A
:106FC0000080FFF776FE2B46324621462046FFF72B
:106FD00020FFCDF800803B4605F184022146204683
:106FE000FFF74EFE0AB0BDE8F0812DE9F0479AB0F8
:106FF0001646DDF888804446994614F9045B0095EE
:1070000007468A4623460246314602A8FFF751FE4C
:1070100002A942460846FFF70CFF434602AA39463A
:107020003846FFF7F6FE434602AA31463046FFF7E0
:10703000F0FE23465246494602A80095FFF720FE7F
:1070400023465246494648460095FFF732FE2346FE
:107050003A4631460AA80095FFF72BFE43460AAA96
:1070600051465046FFF7D5FE2346324639460AA818
:107070000095FFF705FE424649463046FFF7D9FE28
:1070800023460AAA314630460095FFF712FE2346F2
:107090003246394612A80095FFF70BFE434612AA66
:1070A00049464846FFF7B5FE2346524649464846FC
:1070B0000095FFF7FEFD424602A912A8FFF7B9FEB0
:1070C00012A923460AAA08460095FFF7F2FD2346B7
:1070D0003A4612A90AA80095FFF7EBFD0AA9434614
:1070E00002AA0846FFF795FE234652460AA95046D3
:1070F0000095FFF7DEFD2A4612A93846FFF772FD1C
:107100001AB0BDE8F087F0B50F46A1B006461946A3
:10711000384615461C46FFF72DFD28B1304621B0F4
:10712000BDE8F040FFF720BD224639466846FFF72C
:1071300059FD294608A8FFF755FD214610A8FFF77D
:1071400013FD0123214618A81093FFF70DFD2246D9
:1071500008A96846FFF752FD30B9224610A930460B
:10716000FFF740FD21B0F0BD009BDA0709D42146AE
:107170006846FFF764FC2246294610A8FFF76CFC1E
:10718000E5E7089BDB0707D4214608A8FFF757FC73
:107190002246294618A8F1E7002823461CDD08AA44
:1071A00069466846FFF751FD21466846FFF747FCF0
:1071B000224618A910A8FFF721FD002805DA10A91A
:1071C00023462A460846FFF720FC10A9234618AAA2
:1071D0000846FFF73AFDCEE76A4608A8FFF735FDF7
:1071E000214608A8FFF72BFC224610A918A8FFF794
:1071F00005FD002805DA18A923462A460846FFF7A8
:1072000004FC18A9234610AA0846FFF71EFDBFE795
:107210000978490049B2FFF7ADBCF0B5154689B011
:107220001C4607460E461A4629466846FFF701FEE9
:1072300023466A4639463846FFF7EBFD23462A4681
:1072400069466846FFF7E5FD23466A463146304603
:10725000FFF7DFFD09B0F0BD2DE9F0478AB0144615
:10726000DDF848A055461F4615F9046B0096804688
:1072700089462B460246214602A8FFF71AFD02A9BD
:1072800052460846FFF7D5FD534602AA41464046FE
:10729000FFF7BFFD534602AA21462046FFF7B9FD7E
:1072A0002B464A46394638460096FFF702FD5246BD
:1072B000394602A8FFF7BDFD02A92B464246084603
:1072C0000096FFF7F6FC02A92B46224608460096D8
:1072D000FFF7EFFC2B464246214620460096FFF77B
:1072E000E8FC5346224649464846FFF792FD2B46A6
:1072F00002AA414620460096FFF7DBFC5346224691
:1073000039463846FFF785FD2B464A46394638460A
:107310000096FFF7CEFC324602A92046FFF762FC3A
:107320000AB0BDE8F0872DE9F04FAFB09146399C27
:10733000029094F9006016A832461D46FFF752FCF1
:10734000B300039301EB8603884626A819460493ED
:10735000FFF748FC002D00F08180294606A8FFF7C2
:1073600041FC324616A90EA8FFF73CFC26A91EA830
:10737000FFF738FC234606AA16A8FFF74EFFD4F8FD
:10738000A450234606AA26A916A8A847234606AA5B
:107390001EA90EA8FFF741FFBDF9E050023D2DB236
:1073A000002D62DCD9F80050009405F001070EAB07
:1073B00003EB4719ED431EAB03EB471705F001053F
:1073C0000EAB03EB451A1EAB03EB45152B4652469D
:1073D0003946484604F1040BFFF707FE5B460EAA48
:1073E00016A906A80096FFF764FC06A923463A46AC
:1073F0000846FFF70EFD06A9234642460846FFF75A
:1074000008FD06A933465A460846FFF77CFE06A942
:10741000049A23460846FFF7FCFC06A923464A4681
:107420000846FFF7F6FC3B464A462946504600947C
:10743000FFF712FF234606AA1EA90EA8FFF7EDFECE
:10744000029832460EA9FFF7CDFBDDE902031EA923
:107450001844FFF7C7FB2FB0BDE8F08F314606A8F0
:10746000FFF782FB012306937BE729464846FFF797
:1074700090FBB0FA80F77F09C7F101010EAB03EB77
:10748000411B1EAB03EB41110EAB03EB471A1EABC6
:1074900003EB47173B465246584600940591FFF7C9
:1074A000A4FD059900940B465A4639465046FFF70D
:1074B000D3FE013D73E72DE9F843B3F9029019F1CA
:1074C0001F0648BF09F13E060F4603F1240546F3A7
:1074D00047160146904633462A463846FFF795FA46
:1074E000044690B9B9EB461F06DA49463846FFF71D
:1074F00050FB041E18BF012433462A463946404635
:10750000FFF783FA2046BDE8F8830124F4E730B59D
:10751000144695B005460CAA2346084604A90291D4
:107520000392FFF7C8FFB0FA80F301945B0914AA35
:1075300002EB8302638801331BB2009352F8482C9C
:10754000002304F144012846FFF7EDFE21462846BA
:10755000FFF75EFEB0FA80F0400915B030BDF0B51F
:1075600000254F1E6CB28C4205F1010500DBF0BD19
:107570003B1B23F0030603F003039659DB0026FAB6
:1075800003F30355EEE7F8B50E46D11C48BF911D35
:10759000144641F387010546671EFFF7E5FA002010
:1075A00042B2A24200F1010000DBF8BDBB1A23F099
:1075B0000301B25C03F00303DB009A406B581343F2
:1075C0006B50EDE7F0B591B091F9006005460C46BF
:1075D000FFF71EFE28BB271D324629463846FFF717
:1075E0000DFB012820D1324605EB86013846FFF716
:1075F00005FB012818D122466846FFF71AFCD4F88B
:10760000A8302246294608A89847324608A9684665
:10761000FFF709FB002814BF6FF00200002011B033
:10762000F0BD4FF0FF30FAE76FF00100F7E7F0B57B
:107630000C4691F9017091B02646014605463A463E
:107640006846FFF7A0FF16F9440B3A46E9190DEB1F
:107650008000FFF798FF102231466846FFF7CEFA08
:1076600028B121466846FFF7ADFF11B0F0BD6FF0BD
:107670000300FAE7CB780278534003704B884278D6
:10768000534043700A68837883EA122383700A6840
:10769000C3785340C370CB79027953400371CB88D0
:1076A0004279534043714A68837983EA1223837194
:1076B0004A68C3795340C371CB7A027A534003724C
:1076C000427A4B89534043728A68837A83EA122351
:1076D00083728A68C37A5340C372CB7B027B534068
:1076E0000373CB89427B53404373CA68837B83EA2D
:1076F00012238373CA68C37B5340C37370471FB59B
:1077000002788DF8002042798DF80120827A8DF878
:107710000220C27B8DF8032002798DF80420427A82
:107720008DF80520827B8DF80620C2788DF8072021
:10773000027A8DF80820427B8DF8092082788DF836
:107740000A20C2798DF80B20027B8DF80C2042783C
:10775000C37A8DF80D2082798DF80E208DF80F30C8
:1077600010236A461946FFF78EF805B05DF804FB52
:10777000F8B5064608780C46FFF794F80546607899
:10778000FFF790F8A27863785340E27853405D4069
:107790006840307060782778FFF784F80546A07855
:1077A000FFF780F8A3785F40E3785F407D40684052
:1077B000707063782778A0785F40FFF773F805460C
:1077C000E078FFF76FF8E3785F407D406840B07085
:1077D0002078FFF767F8627823785340A278534007
:1077E00080EA0305E078FFF75DF8EDB24540F570FB
:1077F000F8BD70B5144688B00546002849D0002968
:1078000049D0002A49D010230A4668461946FFF796
:107810003AF821466846FFF72DFF103401F1A00623
:107820006846E4F7EDFB6846FFF769FF694604A880
:10783000FFF79EFF01A905A8FFF79AFF02A906A876
:10784000FFF796FF03A907A8FFF792FF1023194639
:107850000DEB03026846FFF716F821466846103420
:10786000FFF708FFB442DBD1E4F7CAFB6846FFF735
:1078700046FF21466846FFF7FDFE102319466A467B
:107880002846FFF700F8684610220021FFF708F8A5
:10789000012008B070BD0846FBE71046F9E710B5B7
:1078A0000A460F3012F9103B002BACBF0023872390
:1078B00012F8014D83EA44038A4200F8013902D0EC
:1078C0001378DB09F4E710BD08B520B15822002178
:1078D000FEF7E6FF012008BD10B5044688B110226E
:1078E0000021FEF7DDFF102204F130000021FEF739
:1078F000D7FF0023636400224FF48033C4E91423CC
:10790000012010BD70B504460D46164610B311B3E4
:1079100058220021FEF7C4FF2946A6643046E4F74A
:107920007BFB102200212046FEF7BAFF04F1100570
:10793000A26C21462046FFF75CFF21462846FFF750
:10794000AEFF294604F12000FFF7A9FF2046FFF70C
:10795000C3FF012070BD0846FCE72DE9F0410E464B
:1079600015460446002860D0FAB100295DD0D0E960
:10797000143253EA020158D0013BD0F8448042F15E
:10798000FF32C0E91432B8F1000F2CD0C8F1100753
:1079900008F13000BD4220440AD22B463246294627
:1079A000FEF771FF636C2B4463640120BDE8F08136
:1079B0003B4632463946FEF766FF103D00236364BE
:1079C00045443E44631E04F10F0113F8012F93F860
:1079D00030008B4282EA00021A70F6D1A26C214676
:1079E0002046FFF706FF04F10F07102D0AD8002DDF
:1079F000DBD02B463246294604F13000FEF743FF28
:107A00006564D2E7631E711E13F8012F11F8010F90
:107A1000BB4282EA00021A70F6D1A26C21462046CF
:107A2000FFF7E7FE1036103DDFE70020BEE770B538
:107A30000C460546E8B169B34A6C102A1AD11031D8
:107A4000631E013904F10F0013F8012F93F8306021
:107A5000724011F8016F984282EA06021A70F3D15F
:107A6000A26C21462846FFF7C4FE2046FFF72CFFF4
:107A7000012070BD02F130000021C2F1100220444B
:107A8000FEF70EFF636C2344802283F8302004F15C
:107A90002001D5E70846ECE708B50020E1F73AF900
:107AA00001460068E4F7F6BB08B5E4F78FFCBDE8D3
:107AB0000840E4F7AFBC0023E2F7CAB90021012077
:107AC000E4F7E8BB61B662B680F31188BFF36F8F4D
:107AD000704772B6002383F31188BFF36F8FBFF333
:107AE0004F8F30BF62B6BFF36F8F704772B60023FF
:107AF00083F31188BFF36F8FBFF34F8F20BF80F3E5
:107B00001188BFF36F8F62B67047202809D9B0F192
:107B1000004F08D80138B0FA80F0C0F11F004000D3
:107B20007047082070473E20704708B5D1E90431FE
:107B30009847002008BD08B5E5F72EFC002008BDD9
:107B40007047002303824369C3607047416A8968B4
:107B5000E5F7AABCEFF31182402383F31288BFF349
:107B60006F8F00230B60436833B9C0E9001182F3C3
:107B70001188BFF36F8F704719604160F7E710B548
:107B80000346EFF31181402282F31288BFF36F8F17
:107B9000006828B15C6802681A60A04208BF5A6099
:107BA00081F31188BFF36F8F10BD027A0132027228
:107BB0007047034618465B68002BFBD1704742684C
:107BC00010B52AB10B461C465B68002BFBD16260E6
:107BD000416010BD10B5044620B90B7A01330B7219
:107BE000084610BD034618465B68002BFBD1FFF723
:107BF000E6FF2046F5E783680B440360704703689F
:107C00000B6043684B6083688B60704783880268B1
:107C100019448180D018704730B484880568A3184F
:107C20008380281930BC04F025B910B58388026818
:107C30005C1C8480D154D01810BD034600689A881B
:107C4000401A11441860998070478288521A03467E
:107C500082800068084418607047034600689A886C
:107C6000521A01449A801960704710B503681C7855
:107C70000121FFF7EAFF204610BD10B503681C88FC
:107C80000221FFF7E2FF204610BD02688068101A4B
:107C900070478388C2888168D21A03685B1AD01A39
:107CA000704730B585B014460A888B78ADF800204F
:107CB00005460D2200210DF103008DF8023004F07D
:107CC00001F96A466946284602F04DFE28B9BDF81A
:107CD00000209DF802302280A37005B030BD13B59E
:107CE0000C4601AA0331FFF7DCFF48B9032201A9C2
:107CF000204603F02BFEB0FA80F0400902B010BD20
:107D00000020FBE701F12003013813F8012D00F8F2
:107D1000012F8B42F9D1704790F8223043F00603CF
:107D200080F8223090F8293043F0040380F829309D
:107D3000704708B5F4F7F2FBB0FA80F0400908BDCF
:107D400070B50D4600210446FEF701F80D2818D144
:107D5000237B302B13D0312B13D1012305F8063BA5
:107D600004F10C062A462046012302210234FDF7C5
:107D7000A5FAB44205F1FF35F4D1002070BD00230F
:107D8000ECE76FF01500F9E70020704710B50C46DE
:107D9000017822788A428AB00FD06946E6F73AF92C
:107DA00005A92046E6F736F910220DF115010DF16F
:107DB000010003F0CBFD0AB010BD012A06D0022A53
:107DC00007D072B940886388C01AF4E740686368D6
:107DD000FAE71022611C01300AB0BDE8104003F040
:107DE000B5BD6FF01500E6E7042A0AD0102A0DD0C1
:107DF000022A4FF0000315D103700B884380012045
:107E00007047012303700B684360F8E7022300F812
:107E1000013B01F1100351F8042B40F8042B994267
:107E2000F9D1ECE718467047012310B50621044646
:107E300000F8013BF4F772FB18B9A37963F03F0334
:107E4000A37110BD0B6803608B8883808B7983716D
:107E5000037823F00203037070470078C0F34000FA
:107E600070472DE9F04101F10C080C46054600F180
:107E70000C01404617461E46FFF7C1FE4046FFF77D
:107E800004FF012310FA87F068826B722F82394653
:107E90004046FFF7DAFEE3687360628A0023E3601E
:107EA0007281638234602846BDE8F08138B5D1E93B
:107EB0000032DA600B684A895A820D460446086827
:107EC000E5F784FB00211022284603F0FBFFA07A8F
:107ED000E5F7C0FA6169054649B1637ADB0704D466
:107EE000436A1B6820469B689847002363612146CC
:107EF0002846BDE8384003F0B4B8438A23B9C068C7
:107F0000B0FA80F04009704700207047D0F8A030E8
:107F100083B15A7BD1070DD5D2060DD51B7B102B13
:107F200014BF032304234372807A98428CBF00203D
:107F3000012070470223F6E70323F4E70F2807D850
:107F40000D280BD8052808BF032018BF0220704752
:107F5000132803D01A2808BF0120F6E70120704734
:107F600010B50346BFF35B8F53E8000F40EA0102F0
:107F700043E80024002CF7D1BFF35B8F10BD0B4604
:107F800001461878E6F7B2B80023E1F761BF38B5CB
:107F900004460D46E6F774FA5F3005D129462046BF
:107FA000BDE83840E6F796B938BDBFF35B8F50E8BF
:107FB000003F0B4040E80032002AF8D1BFF35B8F4E
:107FC0007047C0F307231070000E5370D070002369
:107FD000C1F30720090E9370137150719371D17121
:107FE00070470020704781767047704710B503884E
:107FF0004288934219D8052B17D9B2F5486F14D887
:108000008388B3F5FA7F10D2C088A0F10A0189B243
:1080100040F67644A14208D801339BB25343B3EBF8
:10802000800F34BF0120002010BD0020FCE7E5F7E1
:10803000E3BC0020704708B5EFF7C8FC18B1C08951
:10804000003818BF012008BD70B506460D4642F243
:1080500021000321E6F7FAFD044618B9BDE8704097
:10806000E6F7CAB803210C30FFF7D0FD0680857013
:10807000214642F22100BDE87040E7F73FB970B5F4
:1080800006460D4640F206400321E6F7DFFD0446B2
:1080900068B103210C30FFF7B9FD068085702146D9
:1080A0000022BDE8704040F20640E7F7F1BA6FF0F9
:1080B000680070BDC368187808B1E6F787BB18463A
:1080C000E7F7FABC38B50221054642F21600E6F79A
:1080D000BDFD044668B102210C30FFF797FD2B88E7
:1080E000038021460022BDE8384042F21600E7F73F
:1080F000CFBA6FF0680038BDF8B507460E4642F2B9
:10810000220006211546E6F7A1FD044678B10621B6
:108110000C30FFF77BFD3B8803804680858021463D
:108120000022BDE8F84042F22200E7F7B1BA6FF052
:108130006800F8BD08B500200021E7F71BFA18B168
:10814000BDE80840E7F7D4B8BDE80840E9F7A0BFAC
:1081500008B5072203F0FAFBB0FA80F0400908BD29
:108160000B6803608B8883808B7983717047BFF3C2
:108170005B8F0068BFF35B8F70470428F8B50F462C
:10818000144626D8272142F22700E6F75FFD054670
:1081900010B327210C30FFF739FD3946FFF7E0FF18
:1081A00006462246C31D04F1100152F8040B43F8A1
:1081B000040B8A42F9D11022002106F1170003F0C6
:1081C00081FE29460022BDE8F84042F22700E7F789
:1081D0005FBA6FF01500F8BD6FF06800FBE7037A37
:1081E0005B07024605D501462A3211F8010BFFF75D
:1081F000C4BF70470023E1F72BBE38B50121054607
:1082000042F22D00E6F722FD044658B129460C3013
:10821000FFF70BFD21460022BDE8384042F22D0059
:10822000E7F736BA6FF0680038BD10B400F11003FC
:10823000BFF35B8F53E8002F22F4004143E80014A2
:10824000002CF7D1BFF35B8F130403D510BC0121C1
:1082500000F098B910BC70472DE9F041D1F80480C6
:1082600086B004460D46B8F1000F1DD1037A5B07B6
:108270001AD50E68411C701CFFF76AFF2A361622B9
:1082800041460746684603F01DFE10226946304607
:1082900003F05CFB30B1102204F12A01304603F0F8
:1082A00055FB00B107B16C6006B0BDE8F08108B5C0
:1082B000E8F7A0FB20B11030FFF759FFC0F3C01062
:1082C00008BD00F1100208B503461046FFF74FFF46
:1082D000010611D5BFF35B8F52E8000F40F4004058
:1082E00042E800010029F7D1BFF35B8F1846002157
:1082F000BDE8084000F046B908BD042810B50C469A
:1083000006D819B1EFF70EFB00B1441C204610BD92
:108310000024FBE718B111B10846E7F7A7BD6FF0DD
:1083200015007047042807B510D806216846F4F7F1
:10833000F5F840B99DF80530684603F03F038DF825
:108340000530E7F793FD03B05DF804FB6FF015000F
:10835000F9E713B5044680B106216846F4F7DEF864
:1083600048B99DF80530694603F03F0320468DF873
:108370000530FFF7CFFF02B010BD6FF01500FAE730
:1083800008B5E8F737FB10B11030FFF7F0FE012019
:1083900008BD037AD90704D523F001030372E7F778
:1083A000A7BF990704D523F002030372E7F7BABF0A
:1083B000704700207047034610F4004F0CBF0720A1
:1083C0000620DA0348BF00F005009B0348BF00F019
:1083D000FB007047BFF35B8F0068BFF35B8F704794
:1083E00010B50346BFF35B8F53E8000F00EA0102AC
:1083F00043E80024002CF7D1BFF35B8F10BD0123AD
:1084000010B403FA01F1044662B1BFF35B8F54E884
:10841000003F0B4344E80032002AF8D1BFF35B8FE2
:1084200010BC704710BCC943FFF7DABF2DE9F04F0D
:1084300087B005469DF84860DDF840909DF844A05F
:108440000C4690460021102202A81F4603F03AFD78
:10845000EEB9CDE90248012202A942F20800E8F78C
:10846000C5F9044678B9BAF1000F3ED11035BFF313
:108470005B8F55E8003F43F0040345E80032002AD3
:10848000F7D1BFF35B8F204607B0BDE8F08FE6F76A
:108490002BFF8346E4B937BB5846DFF789FA092337
:1084A000012ECDE901B48DF800308DF80100CDF832
:1084B0000C80D0D1CDF810D005960222CCE714F86C
:1084C0003320083A012A25D901339845F7D1E2E74C
:1084D0000023FAE717F83320083A012A1AD90133A2
:1084E0009945F7D1D8E70023FAE7022E4FF00102B1
:1084F00008BF059202A908BF324642F2090008BF30
:10850000CDF810D0CDE90279E8F770F90028ADD0A8
:108510000446B8E76FF01504B5E7436813F00800A8
:108520000AD05A0307D403F4C063B3F5806F14BFB5
:108530000220012070470120704770B5064686B0C2
:108540000D4642F20A000121E6F780FB0446B0B175
:108550000C3095B10121FFF768FB06F1100203A969
:10856000204600950723E6F75FFB0022214642F2F2
:108570000A00E7F78DF806B070BD2946EBE76FF00B
:108580006800F8E7FFF7D9BF183002F054BEBFF318
:108590005B8F0068BFF35B8F704700230B604368FD
:1085A00013B9C0E900117047196041607047036852
:1085B00000220BB9184670478B4210D10B6842B9A4
:1085C00042680360914200D1436000230B600120A8
:1085D000704713604368994208BF4260F5E71A4646
:1085E0001B68E6E7D0F8B000003818BF01207047DC
:1085F000084689691160C2691A60C27A0021183080
:1086000003F060BCBFF35B8F0068BFF35B8F704704
:1086100010B50346BFF35B8F53E8000F40EA010239
:1086200043E80024002CF7D1BFF35B8F10BD73B576
:108630000446CDE900320D4622B9D0F8A8606B4659
:1086400001AAB0472846E4F7C1FF019B23B1009976
:108650006FF06D022046984702B070BD0023E1F72D
:10866000F7BB437B072B01D1E9F7C0B8704724382B
:10867000E9F752B910B50446006918B1E4F7A6FF4E
:108680000023236110BD10B5034600F1C802104657
:10869000FFF7B8FF80B1BFF35B8F411C52E8004F7A
:1086A000844204D142E8001CBCF1000FF6D1BFF3B4
:1086B0005B8FECD1184610BD0346FBE72DE9F8436C
:1086C00007460E46904600244FF0D009B44203D12D
:1086D00000231846BDE8F88309FB0470FFF7D3FFB9
:1086E000034658B1457B012D02D0073D012D03D82B
:1086F0001A884245EDD01846E9F7F2FA0134E5E769
:1087000010B5437B023B0446062B16D8DFE803F086
:1087100009041515150B0900017300212046E9F71E
:1087200009FB002010BD0088FFF7A9FC0028F9D143
:10873000637B072BF5D10821F0E76FF07F00F1E7AD
:1087400010B50446D0F8A00028B9207A04F17001D1
:10875000EFF73CF938B1E278C3892AB913F0210F59
:1087600014BF0120002010BD13F0240FF8E70346CA
:10877000C07A18B1D3F8A00000B1007B704710B5E3
:10878000437B072B044625D10B060CD54FF4005133
:108790000430FFF73DFF0423A3722046EEF762FA90
:1087A000A8B9002010BD437A032BFAD8837A032B93
:1087B000F7D8BFF35B8F031D53E8001F21F400516E
:1087C00043E80012002AF7D1BFF35B8FE3E7637A37
:1087D000A372E7E76FF07F00E4E7407A704738B5AF
:1087E000037A8B420446154615D100F17001072229
:1087F000284603F0ABF880B1E378072243B904F1CF
:108800007E01284603F0A2F8B0FA80F0400938BD96
:1088100004F17701F5E70020F9E70120F7E7703070
:108820007047F8B507460D4642F213000E21E6F7F1
:108830000DFA0646D0B10E210C30FFF7E7F90E22F3
:108840000446002103F03EFB3B8823802B88638095
:108850006B88A380AB88E380EB88238131460022BC
:10886000BDE8F84042F21300E6F712BF6FF068006F
:10887000F8BD70470023E1F7EBBAF8B505460F469F
:10888000164600234FF4803204210020E9F7AEFBA6
:10889000044620B92846BDE8F840EAF75FB804214D
:1088A0000C30FFF7B3F90570477046802046F8BDDD
:1088B000704710B400F14C030122BFF35B8F53E803
:1088C000001F43E80024002CF9D1BFF35B8F41B9AE
:1088D000034653F8482B8164D2F8B41029B9C2E991
:1088E0002C33006810BCE9F779B90B60C2F8B430DA
:1088F000F7E710B50368D3F8B02042B1D3F8B4401D
:108900001168C3F8B010A24208BFC3F8B4104C30CD
:108910000023BFF35B8F50E8002F40E800310029AF
:10892000F9D1BFF35B8F10BD70B5D0E900350446B7
:108930004BB3D3F8B020483000216AB1904234D113
:10894000A26C51BBD3F8B410C3F8B020884201D157
:10895000C3F8B4200023A36404F14C030022BFF346
:108960005B8F53E8001F43E800200028F9D1BFF3D4
:108970005B8F04F13006236BD3B96B680BB12046D3
:10898000984700232360E3680BB1204698472B6A81
:10899000B3B12046BDE8704018470A60D3F8B42050
:1089A000904208BFC3F8B410D4E711461268C4E778
:1089B000002200233046F5F7C7FDE4F707FEDAE7AB
:1089C00070BD38B5406B30B150F8084904B1083C6F
:1089D000FFF7AAFF04B938BDA5682DB12046083DB0
:1089E000FFF7A2FF2C46F7E72046BDE83840FFF727
:1089F0009BBF38B5436B0D46BBB1184650F80849CC
:108A000004B1083C53F8043C9B680BB129469847D5
:108A10005CB12046A468436824B19B68083C002BE5
:108A2000F4D1F6E79B68002BF0D138BD0431E9F7AB
:108A3000DDBA406B30B1838B8B42A0F1080001D0CE
:108A40008068F7E7704710B54AB989B2FFF7F1FFC0
:108A500028B143689B6913B1BDE81040184710BDA9
:108A600038B50D460521FFF7E4FF00231A462946D5
:108A7000EAF724F8044610B12846E4F7A7FD20469B
:108A800038BD406B30B183898B42A0F1080001D022
:108A90008068F7E7704770470346006828B1596857
:108AA00002681A60884208BF5A6070470346002077
:108AB00003B970471A8A5B681044F9E710B5D468A7
:108AC0002378023113B92170012010BD8B42FBD0F5
:108AD000038A023B038200201061F6E706207047FC
:108AE00073B51446014605464FF49572206800F0B0
:108AF000C6FE207500BB237A2068ABB1A3F1180233
:108B0000534253419B000193638A0093AE68238ACA
:108B1000E2682946B047002808DB238A98420ED134
:108B200000232375012008E00223ECE710F1FF0F7A
:108B300005D34042C0B22075002002B070BD0E20A7
:108B4000F9E71FB5CDE90123002300931A46ECF79E
:108B5000D5FA05B05DF804FBF8B5936816680546CC
:108B60000F46144663B9506801210C30FFF74EF8E8
:108B7000A0602B681B78002B14BF02230123037015
:108B8000A3681B78012B03D0022B1FD000201CE010
:108B90002B681B78002BF9D1606804210C30FFF79B
:108BA00035F8E06007802A68E36852885A80616877
:108BB000728D738B088A9A4294BFC0EB0200C0EB9F
:108BC0000300042894BF00200120F8BD2B681B7807
:108BD000022BDBD1606812210C30FFF717F8E06040
:108BE00007802B68E268591C0232113351F8040BDC
:108BF00042F8040B9942F9D16168728D738B088A2F
:108C00009A4294BFC0EB0200C0EB03001228D9E7E0
:108C100070B405686A6A52B3136803B1A83BA2F145
:108C2000A8040022114600E0A83B844207D0668DCC
:108C3000648BB14238BF3146A24238BF22461C463F
:108C40002BB1D3F8A830002BEED18442EFD1438D65
:108C5000408B8B4201D890420BD9824238BF0246EA
:108C60009942286838BF194670BCEDF75DB81146C7
:108C7000EDE770BC7047D0680378043113B9017018
:108C8000012070478B42FBD091680B8A0020043B87
:108C90000B82106170470023E1F7DAB82DE9F04F3D
:108CA000044685B0104690469946FFF7FFFE638B59
:108CB000628D934228BF134683428B4640F29380D5
:108CC000636803934046FEF774FF4FF0000A0646C0
:108CD0004046FFF7EBFE628B638D06F10C079A426C
:108CE00094BFC0EB0205C0EB03053846FEF7D1FF89
:108CF000854217D24046FFF7D9FE628B638D9A42B8
:108D000094BFC0EB0205C0EB03058DBB98F80A00C9
:108D1000E4F7A0FB00220023FEF718FF064630B957
:108D2000574636E03846FEF7B4FF0546EDE7014604
:108D30004046FEF74FFF4046FFF7B8FE628D638B5B
:108D400006F10C079A4294BFC0EB0205C0EB030585
:108D50003846FEF79EFF85421FD24046FFF7A6FE2B
:108D6000628D638B9A4294BFC0EB0205C0EB030592
:108D7000F168328ACDF80090DBF8047003980A4459
:108D8000ABB25946B847071E0CDABAF1000F18BF4C
:108D90005746384605B0BDE8F08F3846FEF779FFF4
:108DA0000546E5E70E9BB3B9394606F10C00FEF720
:108DB0002DFF4046FFF77AFE638D628B934228BFFA
:108DC0001346B9448342BA441FFA89F9A8D9AF427D
:108DD0003FF47EAFA4E70F9A0E9B39463046984782
:108DE0000028E1D19CE70027D3E70368002203B9FC
:108DF00070478B420FD10B683AB9426803609142C9
:108E000000D1436000230B607047136043689942B0
:108E100008BF4260F6E71A461B68E8E7062070477D
:108E2000BFF35B8F50E8003F43F0080240E80021A9
:108E30000029F7D1BFF35B8FC3F3C000704773B550
:108E40001668054600237068137314462946952258
:108E500000F015FD207380B9CDE900002946A388F4
:108E6000A2683046FFF71AFF002809DA10F1FF0F59
:108E700026BF4042C0B20E202073002002B070BD59
:108E80000120FBE72DE9F3411668074600237068CF
:108E9000137314463946952200F0F1FC0546207301
:108EA00008BBA068718D728B038A914294BFC3EB9B
:108EB0000103C3EB0203012B15DD02210C30FEF789
:108EC000A5FECDE900558046A388A2683946304604
:108ED000FFF7E4FE031E0ADA13F1FF0F26BF5B4221
:108EE000DBB20E232373002002B0BDE8F081A8F8A6
:108EF00000300120F8E72DE9F04104468868FFF7CB
:108F0000D5FD638D628B934228BF134683420D4685
:108F10001DD3E165D1F8088000278F60F6F7A8F827
:108F200041462046EAF78EFA064638B1C5F8088071
:108F3000E765F6F7B1F83046BDE8F081618D638BE7
:108F4000994228BF1946284600F0EAFDF1E76FF084
:108F50007906F0E738B5BFF35B8F0B68BFF35B8F23
:108F6000DB07054617D550F8040CA0B1AB6D93B9DB
:108F70000430FFF791FD044668B10146281FFFF752
:108F8000BAFF002807DA55F8043C5A6822609A684C
:108F90005C6002B99C6038BD2DE9F041446A074627
:108FA0003CB354F8A86906B1A83E00231D4607F15A
:108FB000040801E034461646E26D9AB905B98BB94A
:108FC0004046FFF769FD054658B101462046FFF7C8
:108FD00092FF00280DDA7B682B60BB687D6003B9C7
:108FE000BD6023462EB1D6F8A820002AE2D0A83AC8
:108FF000E0E7BDE8F08170B504460E46002200238C
:109000000846F5F7A1FA054658B101462046EAF7A9
:1090100019FA044618B12946304602F022F82046D3
:1090200070BD6FF00104FAE7F8B50546071F00F1BF
:10903000540350F8044CBFF35B8F53E8001F21F03A
:10904000040143E80012002AF7D1BFF35B8F04B399
:10905000AB6D8BB963687BB1201DFFF71DFD014629
:1090600006463846FFF747FF002812DA6368336088
:10907000A368666003B9A66005F15C013846FFF796
:10908000BAFF30B104F10C013846BDE8F840FFF7F3
:10909000B2BFF8BD38B504460D46EAF7D3F930B192
:1090A000294604F16000BDE8384001F0CFBF38BD6B
:1090B0002DE9F041884617460121042205461E4647
:1090C000E9F706FF044670B104210C30FEF79EFD5F
:1090D00080F80080A0F80170C67021462846BDE8DF
:1090E000F041FFF7D7BFBDE8F08137B50C46054624
:1090F00001F10C00FEF7C1FD228A0192E2680092A4
:109100000346132212212846EAF78AFB03B030BD3A
:1091100037B50C46054601F10C00FEF7AEFD228A7C
:109120000192E26800920022034611462846EAF7BF
:1091300077FB03B030BD07B5CA6813885288009228
:109140000C210D22EAF7B4FD03B05DF804FB07B56E
:10915000CB6800221B8800920A210B22EAF7A8FDA7
:1091600003B05DF804FB70B5CB681E88B3B2162B54
:1091700004461AD90321EAF743FC0546B8B1022197
:109180000C30FEF743FD6FF00D03037001234370B5
:1091900029462046FFF77EFF4FF4F973204663838C
:1091A0006685FFF735FD002070BD0420FCE70E202A
:1091B000FAE7EBF71FBF08B5EAF792FB08B3426A7C
:1091C00002B3136803B1A83B32F88E0C32F87E2C40
:1091D000904228BF104643B913E0934228BF13467C
:1091E000984238BF1846A1F1A803D3F8A8105A8BAB
:1091F0005B8D0029F1D19A4228BF1A46904238BFB0
:10920000104608BD1046FCE70A8AC9680023EAF741
:10921000E1BE70B5054650F8043C55F804690446B3
:10922000002B32D031B1836D7BB31B7CDA072CD598
:1092300005231DE03046ECF78BFD737A012B24D01B
:10924000A46D14B3237CDB071FD5E368002BEFD09C
:109250006269617C2846E9F73BFE064638B1D4E9ED
:109260000512E368984750B13046E4F7AFF90E2392
:10927000002228461146BDE87040EAF7ABBE3146F1
:109280002846EAF7DFF80028EED170BD70B50E462B
:10929000EAF726FB044628B93046E4F797F96FF061
:1092A0007F0070BD00F10C052846314601F0CEFE6E
:1092B000606A38B150F8A84904B1A83C2946FFF7C4
:1092C0009AFE20B90020ECE71C466FF00100002C4C
:1092D000F8D0D4F8A83023B90230F5D020461C4687
:1092E000ECE7A83BF8E738B505460C46F5F7C0FEB5
:1092F0002846EAF7F5FA20B9F5F7CEFE6FF07F00C1
:1093000038BD0023236083683BB9C0E90144FFF7FF
:1093100043FEF5F7C1FE0020F2E71C608460F6E72B
:109320000120704708B5EAF7DBFA98B1436A8BB1C0
:10933000BFF35B8FA83B03F1580252E8000F20F007
:10934000080042E800010029F7D1BFF35B8FD3F892
:10935000A830ECE708BD08B50421FFF792FB30B157
:10936000BFF35B8F406DBFF35B8FC0F3C00008BDE0
:109370001060002070470B4609895A8A914238BF15
:1093800011469A8B914238BF1146DA8C914238BF10
:1093900011461A8D8A4203D01985DB6A03B118473A
:1093A000704710B5029CA36833B1B1F5807F28BF28
:1093B0000E21CAB221469847A37DE268013BDBB289
:1093C000A37522B11BB92046BDE81040104710BD5F
:1093D0001060918000207047002070470B68036088
:1093E0008B8883808B798371704770B588B000213A
:1093F000BDF830500191164602A818221C4602F012
:1094000061FD1B2D0DD825441B2D0DDC2246314658
:1094100001A802F02FFD01A8E5F724FF204608B0BF
:1094200070BD6FF00604F9E76FF00C04F6E708B5BD
:10943000072202F08BFAB0FA80F0400908BD2DE94E
:10944000F04104460F469046461C002516F8013CA4
:10945000434507D139463046FFF7E9FF10B160199F
:10946000BDE8F0810A35282D06F10A06EED100206C
:10947000F6E710B50346BFF35B8F53E8000F40EAF1
:10948000010243E80024002CF7D1BFF35B8F10BD2D
:1094900010B50346BFF35B8F53E8000F00EA0102EB
:1094A00043E80024002CF7D1BFF35B8F10BDBFF35E
:1094B0005B8F0068BFF35B8F70470023E0F7C8BC89
:1094C00008B5FEF74AFA18B9BDE80840EBF7D6B977
:1094D000002008BDF0B507683D7889B006461446FF
:1094E000E5B97B88B3F5245F04D011D8A3F52053E8
:1094F000032B13D8ADF80A1002220DF10A01204601
:10950000FFF7DEFF70B16FF01502C4F8082106E026
:1095100003F55643FF339BB2042B1DD90125284682
:1095200009B0F0BD7B88ADF80A3002220DF10A01C6
:109530002046FFF7C5FF0028E5D1009003AA776811
:1095400013233146B847021EDFDB03A92046FFF78D
:10955000B7FF0028E2D0D6E7ADF80A1002220DF1DD
:109560000A012046FFF7ACFF0028CCD17B88ADF87C
:109570000A3002220DF10A01E8E7022A10B508D1EB
:10958000002300F170011A46007AEBF799F80220E7
:1095900010BDEBF723FAFAE713B5BDF8101010462B
:1095A0004FF006144FF0C8720829CDE900420BD8DD
:1095B000C1F108049C42A8BF1C462246694402F03F
:1095C00059FC204602B010BD6FF00604F9E7F7B56C
:1095D0001546BDF820601F46FEF72BFD022EADF8A4
:1095E00006000ED8C6F10204BC42A8BF3C460DF1ED
:1095F000060322469919284602F03CFC204603B097
:10960000F0BD6FF00604F9E72DE9F0419846BDF88A
:1096100018601546E5F768FE0746DEF7C9F983B21C
:10962000B3420CD39C1B4445A8BF4446A4B2224677
:10963000B919284602F01EFC2046BDE8F0816FF003
:109640000604F9E7F7B51F460023BDF820608DF842
:1096500004301546EAF7A8FE10B1037A8DF80430FD
:10966000012E0DD8C6F10104BC42A8BF3C4601AB97
:1096700022469919284602F0FDFB204603B0F0BDB2
:109680006FF00604F9E713B5C96810460A781C465E
:10969000BDF8103092B94A88ADF80620022B18D8D0
:1096A000C3F102029442A8BF144622460DF10601FE
:1096B000194402F0DFFB204602B010BD102B01F16F
:1096C000010106D8C3F110029442A8BF14462246F5
:1096D000EEE76FF00604EEE7F7B5C968BDF8206065
:1096E00015461F46EAF782FE00B10089ADF8060074
:1096F000022E0ED8C6F10204BC42A8BF3C460DF1B2
:10970000060322469919284602F0B4FB204603B00E
:10971000F0BD6FF00604F9E708B50C3029B101215E
:10972000FFF7A7FEC043084008BD6FF00101FFF737
:10973000AFFE00F00100F7E710B50446FFF7ECFFBD
:1097400038B121460122BDE8104011F8010BEAF7BB
:1097500069BE10BD38B504461546FFF7E1FD48B1B6
:109760002046EAF721FE28B1037ADB0702D5012162
:10977000FFF7E2FF55B9207A04F17001EAF7B2FD74
:1097800020B18560BDE83840EAF772BF38BD10B53A
:10979000BDF80810BDF81040A14210460BD8641A5D
:1097A0009C42A8BF1C46039BA4B22246194402F067
:1097B00061FB204610BD6FF00604FAE713B50446BE
:1097C00010B9002002B010BD00238DF804300068ED
:1097D00042F6030301A9ADF80630FEF7D7FA0028D8
:1097E000EFD1E36898880028ECD12046EBF756FCCF
:1097F000013080B2E6E7F0B5CC6887B008461F4676
:10980000A3798DF80430BDF830601546FFF7D6FF18
:109810002468ADF8050023789BB96388ADF807305C
:109820000524B44219D3A41BBC42A8BF3C46A4B231
:1098300001AB22469919284602F01CFB204607B0CE
:10984000F0BD631C0DF10702113453F8041B42F8FC
:10985000041BA342F9D11324E3E76FF00604EDE7FC
:109860001FB5CDE90123002300931A46EBF746FC10
:1098700005B05DF804FBEBF73DBDFFF79CBC38B5C8
:10988000D4074B8A054604D513F0950F2BD04868B2
:1098900048B3900704D513F4957F26D0896821B387
:1098A00002EA030414F4DE7F0DD0EB7A2BB92846CC
:1098B000FEF746FFD8B9052038BD14F0300F04D1AB
:1098C00014F4C07F07D10020F6E72846FEF785FF95
:1098D0000228F5D8EFE7D5F8A030002BEBD05B7B62
:1098E000DB06E8D5EFE70220E6E70320E4E70F20F8
:1098F000E2E72DE9FF41437B072B06460C4617465E
:1099000010D100238DF80C30206842F6030303A920
:10991000ADF80E30FEF73AFA60B9E3689B7913F0C0
:10992000300F03D1002004B0BDE8F0812046EBF7F2
:10993000D7FD0446002320688DF80C3003A942F6B9
:109940000213ADF80E30FEF721FA18B12046EBF7FE
:10995000C7FD0446002542F6021820688DF8005025
:109960006946ADF80280FEF711FAF0B900232068CD
:109970008DF80C3003A942F60213ADF80E30FEF755
:1099800005FA0028CED1E5686C1C293514F8011CB5
:1099900022463046FEF723FF18B1B4F807301F42C5
:1099A000C1D10A34AC42F1D1BCE720688DF8045033
:1099B00042F6030301A9ADF80630FEF7E7F90028E7
:1099C000D4D020688DF808504FF4205302A9ADF888
:1099D0000A30FEF7DBF90028C8D020688DF80C505B
:1099E00042F6010303A9ADF80E30FEF7CFF90028C7
:1099F000BCD02046EBF774FD04460028ADD191E7BA
:109A00002DE9F04105468846EAF7CEFC0446E0B170
:109A1000037ADB0719D500F10C073846FFF747FD3D
:109A200010F0010611D1B8F1000F0FD06FF0020154
:109A30003846FFF72DFD10F0020F284609D0FFF73A
:109A400071FC01212046FFF777FE01263046BDE874
:109A5000F081FFF765FC0028F8D02846FFF77BFC73
:109A60000028F3D06FF002013846FFF711FD2846B9
:109A7000E5E7F8B506460F46EAF718FC394604460E
:109A80003046FEF7D8FA68B364B304F108056FF006
:109A900001012846FFF7FCFCC20703D539463046D2
:109AA000ECF76EF96FF002012846FFF7F1FC83072F
:109AB00003D539463046EAF7C7FF2846FFF7F7FCDB
:109AC00080B9234603F8010BC4F80100C3F8030072
:109AD000BFF35B8F55E8003F45E80002002AF9D14B
:109AE000BFF35B8FF8BD38B5A0F18F05441C15F8A6
:109AF000010C29460C35FFF7BCFFA542F7D138BD54
:109B000038B5044659B100F170052946007AECF7E2
:109B100037F9207A2946BDE83840EAF795BF38BDC5
:109B2000704707207047BFF35B8F0068BFF35B8F00
:109B3000084100F00100704710B50346D9B1C8894B
:109B400010F0240F17D01A7D5C7B097BA24228BF3E
:109B50002246914201D9002010BD820604D4187A11
:109B6000003818BF0120F7E70521181DFFF7DBFFBC
:109B70000028F4D1EFE70120EEE701238B40DB431F
:109B8000BFF35B8F50E8002F1A4040E80021002906
:109B9000F8D1BFF35B8F7047072070470023E0F7D1
:109BA00057B908B50621FEF76CFF18B9BDE80840A3
:109BB000ECF7AABAEC3808BD01238B40BFF35B8FEA
:109BC00050E8002F1A4340E800210029F8D1BFF3E4
:109BD0005B8F704708B50E21FFF7EEFF002008BD30
:109BE00070B5051D0E4628460421FFF79CFF68B19D
:109BF0000022002100230846FEF718FF044640B962
:109C000004212846FFF7D8FF204670BD4FF470228C
:109C1000EFE701210C30FDF7F9FF0670F4E738B5E6
:109C200004210446FFF7DCFF054698B110210C30F3
:109C3000FDF7ECFF04F1270304F1370253F8041B8E
:109C400040F8041B9342F9D120462946ECF7CAF9A3
:109C5000002038BD0820FCE770B5D0F8EC30DB7888
:109C6000012B044619D1CD68061D10213046FFF79F
:109C700084FF2B4604F1B70205F1100153F8040BE1
:109C800042F8040B8B42F9D107213046FFF74BFF16
:109C900028B109213046FFF78FFF002070BD0A214F
:109CA0003046FFF740FF0028F3D12046BDE8704062
:109CB000ECF7BEBB072070470720704707207047AE
:109CC00030B5012303FA01F1CA43BFF35B8F50E8BB
:109CD000003F03EA020440E80045002DF7D1BFF33E
:109CE0005B8F194214BF0120002030BD70B500F118
:109CF000700604460D4607220968304601F026FE2C
:109D000040B96B681A6822679A88A4F874209B7916
:109D100084F8763070BD38B50446031D0025BFF3C6
:109D20005B8F53E8002F43E800510029F9D1BFF3BE
:109D30005B8F04F5A07001F07EFA2572BFF35B8F94
:109D400054E8003F44E80052002AF9D1BFF35B8F8A
:109D500020460121BDE83840FFF72EBF2DE9F84F1E
:109D6000DDF82C80BDF82890044692461F46FFF788
:109D700018FF054600285AD0061DB9F1000F27D15B
:109D80005AEA070324D103213046FFF7CCFED0B3B3
:109D900001213046FFF7C7FEA8B32C7D6B7B9C42A8
:109DA00028BF1C46224605F14701404602F062F8F2
:109DB0000F2C06D8C4F11002002108EB040002F0B9
:109DC00081F830460121FFF7F7FE0120BDE8F88F4A
:109DD000D4F8A030F3B904F1700B217A5A46202050
:109DE000EDF77AFDC4F8A00030B9217A5A46012077
:109DF000EDF772FDC4F8A000B9F1000F0AD15AEADC
:109E0000070704D006E0D4F8A030002BE3D0D4F844
:109E1000A01071B90F213046FFF785FE20B1022254
:109E200006212046E8F726FB2846FFF774FF0020AE
:109E3000CCE7CB899B06EDD50C7B1A312246B4E7E3
:109E40006FF08500704770B504460820ECF76CF899
:109E50000546E0B1061D08213046FFF78EFEBCB373
:109E60000721FFF78AFE234605F1970204F120013E
:109E700053F8040B42F8040B8B42F9D10A21304607
:109E8000FFF751FE70B109213046FFF795FE07201C
:109E9000ECF74AF80446E8B1ECF770F90146C8B1AE
:109EA000204612E010213046FFF73DFE0921002830
:109EB000EAD13046FFF737FE0028E8D02846ECF715
:109EC000B7FA01460028E2D02846EDF73FF8DEE772
:109ED0000B21F9E770BD70B50446A0F1EC0650F80F
:109EE000543BE83CD3F8A05001F0A5F903212046EB
:109EF000FFF719FEA0B108213046ECF777FF3DB11E
:109F0000EB8913B16B7B9B0702D5284600F02BF839
:109F100030464FF4BC72BDE87040002101F0D2BF62
:109F200001212046FFF7FFFD0028E4D10F21204644
:109F3000FFF7F9FD0028DED1E1E7E6F7D9B970B502
:109F400004460D461646EDF7C7FC38B9314628469B
:109F5000EDF740FC10B1C3891C43C48170BDC389B7
:109F60001943C181704710B5037A5B07044601D5D8
:109F7000E6F7D8F9214611F8010BE4F71BF8204663
:109F80004022BDE81040002101F09CBF531E19443F
:109F9000024411F8013900F8013B9042F9D17047B1
:109FA00010B5431E00F11002073013F8011F12F81C
:109FB000014D1C7083421170F7D110BDF0B597B000
:109FC00014460E462022014605A81D461C9FFFF799
:109FD000DDFF202231460DA8FFF7D8FF21461022D1
:109FE00001A88DF85450FFF7D1FF3B46412205A947
:109FF00001A800F058F8044610B93846FFF7D0FF22
:10A00000204617B0F0BD2DE9F04397B00446164640
:10A0100005A810221D46DDE91F98219FFFF7B6FF16
:10A020001022314609A8FFF7B1FF102229460DA8DA
:10A03000FFF7ACFF1E99032211A8FFF7A7FF4946BF
:10A04000D9F8010011F8013B8DF8473012908B8848
:10A05000ADF84C30062212A8FFF798FF41460622C1
:10A0600011F8013B8DF84E30D8F80130CDF84F3063
:10A070000DF14F008B88ADF85330FFF787FF214675
:10A08000102201A8FFF782FF3B46412205A901A843
:10A0900000F009F8044610B93846FFF781FF204662
:10A0A00017B0BDE8F08370B5C2B00D461646014644
:10A0B00016AA68461C46FDF725FC18B96FF0040087
:10A0C00042B070BD324629466846FDF746FC00287E
:10A0D000F4D069462046FDF7AAFC0028EED0002007
:10A0E000EEE70369C9B20C2201FB0233186C00F0E1
:10A0F0000700704770B5C9B20369EFF311854024BA
:10A1000084F31288BFF36F8F0C2606FB0134246C96
:10A1100014F0C00408D0A24206D085F31188BFF322
:10A120006F8F4FF0FF3070BD71430B4401221A64F2
:10A1300085F31188BFF36F8F43680B445B689847C2
:10A140000020F0E78022FFF7D5BFF8B5069F04692D
:10A15000C9B2EFF31186402585F31288BFF36F8FE4
:10A160000C2569430C44256C05F0070CBCF1010F6C
:10A170000BD1276486F31188BFF36F8FC4E90E23D8
:10A1800043685B5898470020F8BD05F0C005AF4212
:10A1900086F31188BFF36F8F0CBF6FF077004FF01D
:10A1A000FF30F1E713B580240094FFF7CEFF02B033
:10A1B00010BD10B40069CBB21C2403FB04000021C5
:10A1C00010BC10470020F2F7F3BB002000F028BCC1
:10A1D0001046F4F7EBB90020704738B50C46154629
:10A1E000E5F734F828B129462046BDE83840E5F7C0
:10A1F0002FBB6FF00A0038BDF7B50F4616464FF477
:10A2000080650024A64203D816D0162003B0F0BD06
:10A21000331BB3F5806F38BF1D462A4601AB391991
:10A220000020F5F777FF20B9019BAB4201D12C4408
:10A23000E8E76FF01500E9E70020E7E7002208B53E
:10A2400011461046F5F736FF002818BF6FF01500CD
:10A2500008BD38B505460C4600F08EFC002D07DB26
:10A26000A84205D9401B84428CBF0020012038BD84
:10A270000020FCE770B50D462846194616461C46D8
:10A28000FFF7E7FF28B921462846BDE87040EEF702
:10A29000A1B824B122462946304601F0EBFD00204A
:10A2A00070BDF7B51C461646002382682360A36084
:10A2B00013690D4601AA69469847019B5A1E0192EF
:10A2C0001BB96FF0150003B0F0BD0098A268476895
:10A2D0002168676085B9B31AD0F800C0634528BF0C
:10A2E00063461A4403FB07112160A26002689A4288
:10A2F00006D808300090E0E76B1AB3FBF7F3EBE702
:10A300000020E0E713460022FFF7CBBF2DE9F0471E
:10A31000836886B01B698846914601A902AA9847BE
:10A320000024A2462546029BAB4202D806B0BDE8F7
:10A33000F087019F07EBC50700267B6804933A6806
:10A34000B2420AEB060302D801359A46EBE70394C2
:10A350000593494603A8C0470028E7D0049B01366F
:10A360001C44ECE743685B68D3F810350B600020B1
:10A37000704743685B6802EA010021EA0201C3F802
:10A380000805C3F80C150020704743685B6800207F
:10A39000C3F80815704743685B680020C3F80C15C4
:10A3A000704743685A68D2F8043521EA03000B402D
:10A3B000C2F80805C2F80C350020704710B50369D3
:10A3C0005868F8B1884219D19C6808685860A14261
:10A3D00000D19860002008602AB15A680A609A6823
:10A3E000596002B99960002010E0814206D10868E6
:10A3F000206098688142EDD19C60EBE704460068DC
:10A400000028F2D1002AE8D16FF0150010BD30B558
:10A4100043681360057A446804EBC504A34202D381
:10A420006FF0010030BD5C798C4201D00833F0E759
:10A430000020F7E7002201210420E2F755BD10B506
:10A440000B6813B91360184605E003685C681CB11B
:10A4500014600368186810BD083303600B68013B83
:10A460000B60EDE70023DFF7F3BC13B501AA044648
:10A47000FFF7CDFF002805DB019B226819791868DA
:10A48000EEF72AFB02B010BD03460A4600681979B0
:10A49000012303FA01F103691B68194218BF82F016
:10A4A000010212B18368DB68184783681B69FBE708
:10A4B00010B504460068D0B18368C3B149B1012129
:10A4C0000830FFF7E1FF23681869BDE8104000F08D
:10A4D0003DBC12B98388DB0409D4006900F036FC66
:10A4E00020680021BDE810400830FFF7CDBF10BD47
:10A4F00010B5012200210446FFF7DAFFA36933B942
:10A50000636004F11000BDE81040F4F74FB810BDCF
:10A5100010B5006903688B4206D190F86C4034B9DD
:10A52000FFF7E6FF204610BD6FF01500FBE76FF068
:10A530000F00F8E738B505690446296405F12800DD
:10A54000F4F734F8002285F86C2020691146BDE844
:10A550003840FFF7ADBFF8B50C46054600F009FBE3
:10A560000022214606462846F2F750FF03212046E6
:10A57000EEF74CFF00F023F807462B689B5953B1C8
:10A5800000262146284600F0F2FA20460121EEF787
:10A590003DFF3046F8BD00F012F8C01B0628ECD98C
:10A5A0006FF07306EDE700F150039B009BB203F1DF
:10A5B000804303F5883300221A601B68704708B592
:10A5C000EEF7EAFF08BD10B484682468A44610BC06
:10A5D0006047436818330B60012313607047002302
:10A5E000DFF736BC0A46014651F8040B0023FFF79B
:10A5F000EABF70B505694668044605F1180000F029
:10A600001AFE4FF0FF334FF0FF322846F3F7F4FF06
:10A6100095F848303BB1B28E6068AB21EFF774F922
:10A62000002385F8483070BD10B50446F3F7BEFF2F
:10A6300004F118004FF42032BDE810400023F4F775
:10A640003FBAF8B5466B04467768A0F118054FF09D
:10A65000FF334FF0FF322846F3F7CEFF7A8E706853
:10A660007921EFF751F9012384F830302846BDE80D
:10A67000F840F3F79BBF13B5044660680DF106017F
:10A68000EFF7D8F918B9BDF806301B06F5D502B0BA
:10A6900010BDF0B5441E2646002516F8010F38B946
:10A6A000B5EB420F31D114F8012F7AB94008F0BD53
:10A6B0000BB12028F1D0A0F13007092F04D920F0E8
:10A6C00020004138052820D80135E6E70BB1202AC3
:10A6D000E9D0A2F16105052D10D8573A451CC007F5
:10A6E00048BF0846D2B249BF10F8016B120132438D
:10A6F0000A7054BF0A7001462846D4E7A2F141050A
:10A70000052D94BF373A303AE8E76FF01500CEE7F1
:10A710000B6801330B6070470023DFF799BB2DE90D
:10A72000F041054686B00E461746984600F02EFFCB
:10A730004FF47A72A0FB024302FB0131E40B44EABE
:10A7400041404FF47A720023C90BD8F739FC082333
:10A75000029304AB0193BDF830300093CDE90401BE
:10A7600043463A4631462846FFF711F806B0BDE8A1
:10A77000F0810023DFF76CBB08B5037A052B07D8FF
:10A78000DFE803F003080C11181DC368426A1A6061
:10A79000002008BDC368426A1A60F9E7C36890F8F0
:10A7A00024201A70F4E7026900F12401C06801F066
:10A7B00061FBEDE7416AC068DDF7F2F8E8E702699E
:10A7C000416AF3E770B504460D461646F1F75CF8AA
:10A7D000324629462046F1F747F8324629462046B8
:10A7E000F1F732F8324629462046F1F71DF8324695
:10A7F00029462046F1F708F8324629462046F0F768
:10A80000F3FF324629462046F0F7DEFF324629465E
:10A810002046F0F7C9FF324629462046F0F7B4FF3C
:10A82000324629462046F0F79FFF32462946204609
:10A83000F0F78AFF002070BDDFF70ABB10B5F1F713
:10A84000D1FF4FF0FF304FF0FF31F1F72DF8044604
:10A8500020B9C6F7D1FA0446F1F72EF8204610BD0C
:10A8600038B50B8A0D4673B30B7EA3B1022B2AD1E8
:10A870004FF0FF304FF0FF31F1F716F8044640B9C2
:10A88000E868D8F70CFF0446F1F716F8B4B1F1F711
:10A890008FF9204638BD4FF0FF304FF0FF31F1F710
:10A8A00003F804460028F4D1E868F1F77DFA04467D
:10A8B000F1F702F8002CECD1F1F77AF92846E2F72B
:10A8C00085FE0024E5E76FF01504E2E7F1F784B9AF
:10A8D00010B531220446002101F0F4FA2023237040
:10A8E0008023A3706FF03F0363710423A3722823B6
:10A8F000A3730223E3730423A3756FF00803637645
:10A900006FF03003A3766FF00C03E3767E2323779A
:10A91000302384F820306FF03F0384F821307F2308
:10A9200084F822306FF0010384F82330012384F887
:10A930002430802384F82630042384F8273084F8D8
:10A940002930402384F82D3010BD0023036043607C
:10A95000037863F002030370437823F0410343F06C
:10A9600041034370704708B50323D7F733FC002039
:10A9700008BD01F12003013813F8012D00F8012F63
:10A980008B42F9D170470021F1F74EBF90F840108B
:10A99000012901D8F1F748BF12207047684620F01E
:10A9A00007018D4601B5D5F7F3F9E1F733FDBDE8B1
:10A9B00001408546704708B54FF0FF314FF0FF303A
:10A9C000F0F772FFDCF7B1FFBDE80840F0F774BFA5
:10A9D000684620F007018D4601B5D5F7A5F9BDE819
:10A9E000014085467047684620F007018D4601B555
:10A9F000D4F7D0FEE1F70EFDBDE801408546704773
:10AA000008B5DCF77CFD002008BDF5F7FDBA08B5F8
:10AA1000E1F754FBE1F728FCBDE80840F5F7F4BA8C
:10AA2000012801D1D4F7E8BB70477047D4F70ABAC0
:10AA300008B5D7F799FA30B1EFF30580033803284A
:10AA400094BF0020012008BD7047004700F07EB988
:10AA5000F7B5019001A8DDE9084716461D46F2F753
:10AA60001BFA019BB6F1000C18BF4FF0010C00EB74
:10AA700083000B1E18BF0123002D43EA4C0314BFB3
:10AA80004FF00C0C4FF0000C002C43EA0C0314BFE9
:10AA90004FF4E06C4FF0000C002F43EA0C03D0F8A9
:10AAA000002714BF4FF4403C4FF0000C43EA0C0366
:10AAB00022EA030301B109780EB136787600194312
:10AAC0000DB12D78AD0031430CB124782402294317
:10AAD0000FB13F783F040C433C43C0F8004703B03C
:10AAE000F0BD1FB50DF10F03019300238DF80F107A
:10AAF00000931A461946FFF7ABFF05B05DF804FB5B
:10AB000008B50146F2F71AFA40B10846F2F7FEF925
:10AB100000B2800000F5807080B208BD4FF4BE70B6
:10AB2000FBE738B5054608460C46F2F707FAB0B120
:10AB30000846F2F7F7F990B90846F2F7E7F92A68FC
:10AB400001238340C2F808332A6803B202EB83036F
:10AB5000D3F8102522F00302C3F8102538BD204693
:10AB60000021BDE83840FFF7BCBFF2F76DBAFFF730
:10AB7000D8BF0846FFF7C4BF4FF080531A69586921
:10AB8000504370474FF08053186970474FF080531F
:10AB90005869704770B5A2F58074A408012606FABA
:10ABA00004F4054614EA010008D0A85830B1002189
:10ABB000A950AA581A6822431A60304670BD2DE980
:10ABC000F341002304460D460193904601AB4FF438
:10ABD000A672FFF7DFFF4FF4827229462046FFF787
:10ABE000D9FF4FF48C72074629462046FFF7D2FF63
:10ABF000064630B1B8F1000F1DD017B1D4F83C357E
:10AC00003E4601AB4FF4887229462046FFF7C2FF4B
:10AC100030B1B8F1000F03D016B90FB1D4F83C35FC
:10AC200001AB4FF4907229462046FFF7B3FF01981D
:10AC300002B0BDE8F0814646E3E707B5019001A800
:10AC4000F2F754FD019A01239340C0F8083503B090
:10AC50005DF804FB07B5019001A8F2F747FD019AE2
:10AC600001239340C0F80C3503B05DF804FB036981
:10AC7000C26893429CBF81685B18013B981A704779
:10AC80002DE9F041D0E902840546A8EB04064068AE
:10AC9000964220440F46144404D901F0EBF8EC60CE
:10ACA000BDE8F0813246A4EB080401F0E3F86868DF
:10ACB0002246B919F1E72DE9F843C56806468946E9
:10ACC00017464FF000083369B46870689D4228BF8A
:10ACD0001B19641BBC4203F1FF3328BF3C465B1BBE
:10ACE0009C4228BF1C4649462844224601F0C2F82F
:10ACF000B3682544AB4208BF00253F1BA044A144D4
:10AD0000F560E0D14046BDE8F88370B504460D46D5
:10AD10001646F3F715F9324629462046F3F704F8AC
:10AD20000446F3F717F9204670BDF2F7CDBF08B51A
:10AD3000FFF7FBFF002008BD03460020884200D13A
:10AD400070471A5C002AFBD00130F7E708B1E2F740
:10AD500065BC7047704740B1C368587810F0010077
:10AD60001EBF1878B0FA80F040097047EFF31183E6
:10AD7000402383F31288BFF36F8FFEE710B5D0E94D
:10AD8000003433B90020E268537843F00103537074
:10AD900010BD204698470028F4D00028B8BF404294
:10ADA000E368FF28A8BFFF201870ECE701F08AB81D
:10ADB00001F060B8704710B400F10C04C0E903441E
:10ADC00010BCF9F710BF2DE9F04F89B0DDE912672B
:10ADD00005463B46914606A83246059100F0D8FB51
:10ADE000DDE9063405F1140ACDE90234EFF31184EC
:10ADF0004FF0400888F31288BFF36F8F05F10C0BFA
:10AE000005994A462846F9F77AFE30B184F311884D
:10AE1000BFF36F8F09B0BDE8F08F3E43F6D0DDE998
:10AE2000022306A800F0D8FBDDE906675A46CDE903
:10AE3000006721465046F4F767F8EFF3118488F372
:10AE40001288BFF36F8FDBE738B50446EFF3118547
:10AE5000402383F31288BFF36F8FF9F707FE04F1E5
:10AE60000C0000F021FB30B1294604F11400BDE8CC
:10AE70003840F4F7B9B885F31188BFF36F8F38BD48
:10AE80004169836843EA010212F003020FD1C260F4
:10AE90000269013A01FB023382689A4201D900201B
:10AEA0007047C2681A604269C3609B1AF4E76FF08A
:10AEB0001500704710B5C0E904320023816083613A
:10AEC0000446FFF7DDFF0028A8BFC4E9004410BD19
:10AED000F8B504460D46EFF31186402383F312883C
:10AEE000BFF36F8FC76877B900F0BBFA58B1C0F8ED
:10AEF000B070456100F040FA314604F10800BDE849
:10AF0000F840F4F771B8E3682B60A369E560013B92
:10AF1000A36186F31188BFF36F8FF8BD08B5402495
:10AF2000EFF3118384F31288BFF36F8FFCF7D1FD29
:10AF3000F6E790F90E308B4201D0F4F711B80020FB
:10AF4000704703460020C3E90200C3E9003370479D
:10AF50002DE9F843994604469DF820300D46904669
:10AF600000F10806EFF31187402282F31288BFF345
:10AF70006F8F03B14568304600F073FA60B100236B
:10AF8000C0F8B030C0F8148000F0F6F93046394609
:10AF9000F4F72AF800200CE0B9F1000F1BD00821CB
:10AFA000F4F7B4FC38B987F31188BFF36F8F6FF0F3
:10AFB0000B00BDE8F8830122C0F80480026001683C
:10AFC00001F003015DB922680A43026062682060F3
:10AFD0006AB960600BE0C8F800904046EFE72A6865
:10AFE000032A10D80160616839B9C4E9000004215E
:10AFF00004F1100000F065FCC8E70A6802F00302E3
:10B0000002430A60E5E722F003020A4302602A686D
:10B0100002F0030240EA02032B60E8E710B50446A1
:10B0200030B10268930703D0446809B100F083FC93
:10B03000204610BD0023C0E9003300F10803C0E939
:10B04000023300F11003C0E90433704707B5012350
:10B05000009300230A461946FFF77AFF03B05DF814
:10B0600004FB07B500230A4600931946FFF770FF5B
:10B0700003B05DF804FB00680021FFF7CFBF5AB1B1
:10B080008A4209D300F11003C0E90212C0E90000AE
:10B09000C0E90433002070476FF015007047026864
:10B0A00001238B4022EA0303036022FA01F000F03F
:10B0B00001007047704710B5032104460C30FFF7BC
:10B0C000EEFF30B104F1100000F047FAB0FA80F062
:10B0D000400910BD20B100221146C03000F01ABA5C
:10B0E000704770B5C368C3F340069B07044616D487
:10B0F000856802210C30FFF7D2FF80B1D5F8B82067
:10B100006AB194421DD122689EB9D5F8BC30C5F809
:10B11000B8209C4201D1C5F8BC2000232360E3681D
:10B1200013F01F001EBF43F00203E36040F0020073
:10B1300070BD3260D5F8BC20944208BFC5F8BC6031
:10B14000EBE716461268DBE773B50446EFF31185AB
:10B15000402383F31288BFF36F8F0023A0F1100602
:10B16000032104380193FFF79AFF28B1A3690193E3
:10B1700001A93046F3F762FB85F31188BFF36F8FA7
:10B1800002B070BD38B504460D461022002100F013
:10B1900099FE656038BD13B501900846EFF3118440
:10B1A000402383F31288BFF36F8F01A9F3F746FBA7
:10B1B00084F31188BFF36F8F02B010BD10B5FFF795
:10B1C000EAFF041E08DDEFF31180402383F31288A9
:10B1D000BFF36F8FF3F738FF204610BD70B50D46F3
:10B1E000EFF31186402383F31288BFF36F8FF3F7D9
:10B1F0007FFB044686F31188BFF36F8F38B14FF0A1
:10B20000FF324FF0FF3305F11000F3F7F5F9204658
:10B2100070BD08B5D822002100F054FE08BD38B535
:10B22000302204460D46002100F04CFE4FF480739E
:10B230006560E36038BD38B50446EFF311854023FF
:10B2400083F31288BFF36F8FFFF735FF2046FFF7B8
:10B2500048FF85F31188BFF36F8F38BDF8B50446FA
:10B260000D46EFF31186402383F31288BFF36F8FEF
:10B27000C36803F01F03002B14BF0127002705D16B
:10B2800086F31188BFF36F8F3846F8BDFFF713FFC1
:10B290002046FFF726FF29462046F3F7B1FA86F34A
:10B2A0001188BFF36F8F0028EED04FF0FF324FF0C0
:10B2B000FF3305F10800F3F79FF9E5E7EFF30580A9
:10B2C000003818BF0120704778307047F3F79EBEF2
:10B2D00010B500238B4202D11360002010BDC45C66
:10B2E000AA2CF9D10133F5E70A46D0E92601FFF788
:10B2F000EFBFD0E9003213605A600023C0E9003389
:10B30000704708B5FFF7F5FF437B23F00203437353
:10B310000023836008BD38B504460D46F3F7F4FCFE
:10B32000637B43F002036373E5B1A5602B689D4224
:10B3300009D16B68C4E900531C606C6012E06A6854
:10B340009A42F6D01B68002BF3D094F90E2093F9A3
:10B350000E108A42F3D09142F1DD5A68C4E90032FE
:10B3600014605C6038BD90F90E3091F90E00834294
:10B3700014BFC01A0020704710B5EFF311844023AA
:10B3800083F31288BFF36F8FF3F7D6FC84F3118831
:10B39000BFF36F8F10BD10B50446183000F0DDF814
:10B3A000EFF31181402383F31288BFF36F8F627B29
:10B3B00012F0100204D081F31188BFF36F8F10BD1B
:10B3C0002046BDE81040F3F7EBBC08B5EFF3118160
:10B3D000402282F31288BFF36F8F83680BB1FFF7AF
:10B3E00090FF81F31188BFF36F8F08BD38B5044615
:10B3F000EFF31185402383F31288BFF36F8F437BF4
:10B4000013F0280F0BD183680BB1FFF77AFF637B32
:10B4100051B903F0FB0363732046F3F78DFC85F30A
:10B420001188BFF36F8F38BD03F0EB03F3E7012101
:10B430001838FFF7DBBF08B50346EFF31181402250
:10B4400082F31288BFF36F8F0068834207D008B180
:10B45000FFF757FF81F31188BFF36F8F08BD0020FE
:10B46000F8E738B5EFF31185402383F31288BFF373
:10B470006F8F0468A0420DD034B12046FFF741FF22
:10B4800004F1180000F069F885F31188BFF36F8F9D
:10B49000204638BD0024F7E710B5FFF796FFBDE85A
:10B4A0001040183000F059B838B504680546AC4271
:10B4B0004FF0000000D138BD002CFCD02046FFF733
:10B4C000EBFF2046FFF758FF2C680120A542F1E76B
:10B4D000EFF31181402282F31288BFF36F8F027B5A
:10B4E000D2070CD581F31188BFF36F8F002383F34C
:10B4F0001188BFF36F8F0423184602DF7047437B28
:10B500001B0704D581F31188BFF36F8F70470122A9
:10B51000F3F746BC38B5EFF31185402383F3128867
:10B52000BFF36F8F0468A04213D0A4B1C4F8B01069
:10B5300062612046FFF7E5FE04F1180000F00DF807
:10B540002046F3F7F9FB012085F31188BFF36F8FD5
:10B5500038BD0020F8E72046F6E710B5EFF3118478
:10B56000402282F31288BFF36F8F03683BB1F3F779
:10B570005FFF002084F31188BFF36F8F10BD6FF061
:10B580001500F7E708B5F4F771F808BDF4F76EB8E1
:10B59000B3F1FF3F08BFB2F1FF3F70B504461D464F
:10B5A000164613D01A4315D06FF00102921B4FF0CC
:10B5B000FF3363EB0501002904DAF4F757F8821929
:10B5C00041EB0501C4E90021204670BD4FF0FF3278
:10B5D0001146F7E70022FBE7B3F1FF3F08BFB2F1E6
:10B5E000FF3FF8B5074616461C4610D054EA020342
:10B5F00011D0F4F73BF8B0420A46A14103460AD203
:10B60000F31A64EB0204C7E900343846F8BD4FF082
:10B61000FF331C46F7E70023FBE70023C0E90812CD
:10B6200000F11802C0E90622C0E900330363436356
:10B63000704710B50446FFF790FFA8B9636A0BB1D5
:10B640002046984704F11800FFF7F5FE60B1FFF7B8
:10B6500093FEEFF31180402383F31288BFF36F8FC3
:10B66000BDE81040F3F7F0BC10BD1423F0B503FBA8
:10B67000010000244FF48B76402701B9F0BD10F88B
:10B68000073C40F80C4C03F03F03082BA0F1140CCE
:10B690000CD826FA03F3DB0708D550F8143C2BB17D
:10B6A00050F8105C2B605D6040E9054482F311881E
:10B6B000BFF36F8FEFF3118287F31288BFF36F8FA1
:10B6C00001396046D9E7F8B50D46D0E90013884244
:10B6D000044605D16368C5E900431D6065601DE04F
:10B6E000002BF7D0986800B16038A2F160073946A6
:10B6F000FFF739FE0028EDDC2668B442EAD0002EC0
:10B70000E8D0B16801B160393846FFF72CFE002857
:10B7100005DD7368C5E900631D607560F8BD636889
:10B720009E42D7D03668EAE72DE9F74F00258B46D1
:10B730001446019382462E464FF040082F465D4541
:10B7400003DB304603B0BDE8F08FEFF3118988F3D7
:10B750001288BFF36F8F9AF80D3003F03F03013B5F
:10B76000072B0FD8DFE803F01F040E0A0E0E0E267B
:10B77000DAF810309B682BB1022321E0DAF81030A0
:10B780001B688BBB019B3BBB23782BB39AF80D3016
:10B7900003F03F03013B072B2FD8DFE803F03227EC
:10B7A0002E272E2E2E37DAF810309B68002BE9D08A
:10B7B000012305E0DAF810301B6A002BE2D01023D9
:10B7C000DAF80C20CAF80870C2F386310B4363F331
:10B7D0009432CAF80C20277089F31188BFF36F8F59
:10B7E00001350AF1140AAAE70423E9E7DAF81000A0
:10B7F000224651461030FFF766FFCAF8084001366E
:10B80000EAE7DAF8100022465146F4E7DAF81000C9
:10B81000224651462430EEE72DE9F0418468054682
:10B820000E46ECB16378012B25D114F8533C9A07EE
:10B8300014D5A4F160073846FFF72EFE082E0CBF82
:10B840006FF003030023236514F8533CDB0605D196
:10B8500054F8483C13B93846FFF78EFD0023237097
:10B86000EB68C3F386321643002066F39433A86076
:10B87000EB60BDE8F081022BF0D12378002BEDD0F6
:10B8800054F8048CB8F1000FE8D004F11400FFF76D
:10B8900064FEA4F114070023E36239464046FFF733
:10B8A0007AFCDBE710B55205090201F47C5102F481
:10B8B00000120A43017B00240A43C0E90323846089
:10B8C00010BD10B50346EFF31184402282F31288B5
:10B8D000BFF36F8F0068834208D0D0E90032136055
:10B8E0005A600023C0E90033FFF796FF84F3118804
:10B8F000BFF36F8F10BD0023C0E900008360704765
:10B9000000238360704783680B60C36813607047CF
:10B910000432D3B5044608D200260027CDE90067DB
:10B9200041F00401FFF74FFA10B9002002B0D0BD7A
:10B9300040F8044BFAE720B1011F50F8040CFFF760
:10B9400083BA704701460420F3F7D2BF10B501391E
:10B950000244904201D1002005E0037811F8014F24
:10B96000A34201D0181B10BD0130F2E7C9B2034653
:10B97000184613F8012B12B18A42F9D170470029F9
:10B9800018BF0020704710B56AB10139841810F84B
:10B99000012B11F8013F9A4203D1A04201D0002AA5
:10B9A000F5D1D01A10BD1046FCE710B50139044698
:10B9B00032B111F8013F00F8013B013A002BF7D1F9
:10B9C000002100F07FFA204610BD2DE9F047C3F1B9
:10B9D0003709074688465FFA89F903F01F051646BE
:10B9E0004FF0000A384641462A465346D7F738FBFF
:10B9F000D4B2092C88BF4C443A46434688BFE4B2CF
:10BA0000AA4204F1300473EB0A0306F8014B07461F
:10BA10008846E7D23046BDE8F08710B50C4600F006
:10BA200017FB0028A2BF23680133236010BDBDF8B7
:10BA3000001068B111F0100F01D00270704711F0C2
:10BA4000080F02D0C0E9002370474B0701D5026000
:10BA500070478B06FBD50280704710B5144600F086
:10BA600029FB0028A2BF236803F1FF33236010BD28
:10BA700070B505460E4631462846FFF7CEFF041E38
:10BA800009DB202CF7D0A4F10903042BF3D93246AB
:10BA90002946FFF7E2FF204670BD2DE9F04387B04D
:10BAA0001C4602AB00931746D2E902238146884622
:10BAB00000F0A6F904AB0093D7E9002306460D4633
:10BAC0004846414600F09CF9DDE90423901953EB08
:10BAD00005014FF0000728BF012737B1029B039AE9
:10BAE000013342F10002CDE90232403CDDE902239C
:10BAF000009400F0A0F907B0BDE8F0832DE9F84309
:10BB0000B0FA80F68E1B002980460F4606F1070624
:10BB100025DB0846F8F7EEFC06443846F8F7F0FC5B
:10BB2000F41B221A3D323946404600F059F9B7421B
:10BB300013DC1F2C68DC4FF0FF33A34038EA03030B
:10BB40000CBF01240024B0FA80F3F31A9E33FE2BBD
:10BB5000354627DD4FF0FF4044E00124F3E74C4237
:10BB60002046F8F7CDFC351A2046F8F7C9FCA5EBBE
:10BB7000070909EB00023C322146404600F01DF95E
:10BB8000AF422E4630DCB9F11F0F3DDC4FF0FF33E2
:10BB900003FA09F338EA030327D0B0FA80F3EB1A6B
:10BBA0009E330024002B23EAE372CCBF134601230B
:10BBB0005B1BA3F1970520FA05F1963BC90720FA14
:10BBC00003F323D544B14FF0FF31A94020EA01002F
:10BBD00003F00101084319D0581CC0F31600C0B18E
:10BBE00040EAC250BDE8F88300230521B8FBF1F21A
:10BBF00002EB8205A84502D101339046F6E79C424C
:10BC00008CBF002401249EE700249CE7C3F31600A8
:10BC1000E6E70132E4E72DE9F04F87B006189946D0
:10BC200002AB41EB0104009315463046D2E90023F4
:10BC30002146DDF844B000F0E3F804AB0093D5E909
:10BC40000223074688463046214600F0D9F8DDE950
:10BC50000263841951EB0306049BD5E900014FF000
:10BC6000000228BF0122D218059B43F100033818B7
:10BC700048EB0101B84271EB0801D5E902C134BFBC
:10BC80000120002014EB0C0C46EB010110EB0C0022
:10BC900041F10001A04271EB060C34BF4FF0010CE2
:10BCA0004FF0000CCDE90423A9F1410A1CEB02027C
:10BCB00043F10003CDF800A000F0BDF8109BC3E9EC
:10BCC0000001129B012BDDE9042329D1D5E90201F2
:10BCD000D5E900C5201A66EB0101674578EB05053B
:10BCE00034BF01250025401B61F10001844276EB41
:10BCF000010534BF01250025521BCDF800A063F1DA
:10BD0000000300F098F8DDE90423CBE90001CDF849
:10BD100000A02046314600F08EF807B0BDE8F08F55
:10BD200017EB070E48EB080C201946EB0601BE4541
:10BD30007CEB080834BF01270027C71941F1000830
:10BD4000D5E9000186457CEB010CD5E9021534BF2D
:10BD500001200020381A68F1000C401A6CEB050134
:10BD600092185B41A74278EB060534BF01250025F8
:10BD7000521943F10003874278EB010834BF0125D3
:10BD80000025521BA9F140050095B8E710B50299AE
:10BD9000A3FB0043A2FB0020001943F100033F294D
:10BDA000DBBFA1F12002C1F1400140398B40D6BF79
:10BDB000D04023FA01F0184310BD30B587B00446D7
:10BDC000084602A91546F8F737FC049B00955A1C53
:10BDD000059B204643F10003FFF7D8FF07B030BDB5
:10BDE00030B587B015460446084602A9F8F7B0FBFF
:10BDF000DDE9042300952046FFF7C8FF07B030BDFA
:10BE0000F0B50F460446A0FB0201A7FB02524919F8
:10BE1000A3FB044542F10002A7FB0373611845F13F
:10BE20000004D219059E43F10003121943F10003E7
:10BE3000C6E90023F0BDF0B5059CC4F14007C4F18C
:10BE4000200602FA06F6A4F12005BB4022FA05F509
:10BE50003343C4F120062B4301FA06F6A4F1200572
:10BE6000E04021FA05F53043BA402843E140104351
:10BE70001943F0BD0A44914200F1FF3300D17047ED
:10BE800010B511F8014B03F8014F9142F9D110BDE3
:10BE9000884210B501EB020402D98442234607D838
:10BEA000431EA14208D011F8012B03F8012FF8E737
:10BEB000024401468A4200D110BD13F8014D02F838
:10BEC000014DF7E702440346934200D1704703F85F
:10BED000011BF9E72DE9F0470446274618460B46B3
:10BEE000C1F30A51A14641EA0706C3F31304302502
:10BEF00056EA040E5571A44673D100218B4211718C
:10BF00006DDA0123137188424FF000011CDA0846F4
:10BF10009DF8207002F112050D24C7F157074FF06C
:10BF2000300E06F00F03360946EA0C764FEA2C1C59
:10BF3000002B40F08480A04201DB85F800E0013C4A
:10BF400005F1FF35EDD173E00C2865DCC0F10D0380
:10BF50009B00012503F1FF3CA3F12108C3F1210659
:10BF600025FA06F605FA08F805FA0CF548EA060877
:10BF700015EB050E48EB080ADEF100066AEB4A0CE9
:10BF80001EF1FF3E4AF1FF3A0EEA070E0AEA040AE2
:10BF9000754578EB0A0A10DBC3F1200AB3F1200ED5
:10BFA00004FA0AFA27FA03F343EA0A035CBF44FAE5
:10BFB0000EFE43EA0E03DB0722D57F1944EB08048B
:10BFC000B4F5801FB9461BDB5379B1F5806F03F1DF
:10BFD0000103537126D03E400CEA040C98E7002878
:10BFE00092E759B13125DB0F0028A1F2FF315571DD
:10BFF00013710FDB0C28A9DD0D2005E00121F2E70C
:10C0000006EA09090CEA0404B1F5806F06D04E4631
:10C01000A4467DE70020F7E70D2079E759EA0404FC
:10C02000137908D0137943F0080313714FF480613A
:10C030001160BDE8F08743F004031371F8E7092BA2
:10C04000D4BF3033DB19A0422B70B8BF204676E74F
:10C0500010B58378DB07044617D54FF00002D4E80B
:10C060005F3FC4E8512F0029F9D19BB213B1581E8C
:10C07000C0B20CE0A36898470028F9DAA378013031
:10C0800014BF082204221343A3704FF0FF3010BDE9
:10C0900002690346107810B101321A6170476FF0DF
:10C0A00001007047D1E9043293421EBF5A1C0A6155
:10C0B000187070478B78DA0702D44FF0FF30704762
:10C0C000431CFAD0BFF35B8FC0B2431CD1E85F2F93
:10C0D000002A04D1C1E85C3FBCF1000FF6D1BFF3E8
:10C0E0005B8FEAD18B7823F008038B7070470000D8
:0CC0F0000148006870470000608B0020D1
:08C0FC0090B8FD7F0100000077
:10C1040005D6010000000000457E020004C20300C1
:10C114002FAD0300000000003DE30200000000001A
:10C1240061E30200000000009988020018C20300C5
:10C13400998802002CC20300B580020000000000B0
:10C1440085C802000000000001AA030000000000EE
:10C154000BAA030000000000D7A1030054C203008F
:10C164003DA2030068C20300D982020040C203005A
:10C174000D9702000000000031D60100000000000D
:10C18400A19701000000000029AF01000000000099
:10C194004DAF01000000000025B3020000000000C4
:10C1A400F9D301000000000059C90200000000009A
:10C1B4000FAA03000000000089E60200000000004E
:10C1C4001D8402007CC203008DBA0200A4C20300D5
:10C1D400398C020090C20300C5DF0100000000009A
:10C1E400D59D0200B8C20300BDA9020000000000F2
:10C1F400DDA202000000000005A80200000000000B
:10C20400151F04002CD8030044D803006C0B002035
:10C214006C9200202620040094D80300C4D80300A4
:10C22400760B00203493002034200400ACD80300A3
:10C23400C4D80300780B0020409300203E1F040064
:10C244000000000060D803006E0B0020C0920020A4
:10C254004E1F04000000000068D80300700B00208B
:10C26400000000005D1F04000000000070D80300FF
:10C27400720B0020000000000220040000000000F7
:10C2840078D80300740B002000000000C2220400D0
:10C29400E8D8030054D903007A0B0020400800209A
:10C2A4000233040000000000E4DD03007E0B0020E4
:10C2B400A4930020452404005CD9030098D903000A
:08C2C4007C0B0020A8050020FE
:10C2CC002DAA03004BAA030000000000BD7A030056
:10C2DC0000000000BD7A030000000000BD7A0300DE
:10C2EC0075DC02004BAA030000000000BD7A0300BD
:10C2FC00BDD402004BAA030000000000BD7A03006D
:10C30C0000000000BD7A030000000000BD7A0300AD
:10C31C0000000000BD7A030000000000BD7A03009D
:10C32C0000000000BD7A0300C09200204983020087
:10C33C0000000000BD7A030000000000BD7A03007D
:10C34C0000000000BD7A0300000000009D97020071
:10C35C0000000000BD7A030000000000BD7A03005D
:10C36C0000000000BD7A030000000000BD7A03004D
:10C37C0000000000BD7A030000000000BD7A03003D
:10C38C0000000000BD7A030000000000EDC80200B0
:10C39C0000000000BD7A030000000000BD7A03001D
:10C3AC0000000000BD7A030000000000BD7A03000D
:10C3BC0000000000BD7A030000000000BD7A0300FD
:10C3CC0000000000BD7A030000000000BD7A0300ED
:10C3DC0000000000BD7A030000000000BD7A0300DD
:10C3EC0000000000BD7A030000000000BD7A0300CD
:10C3FC0000000000BD7A030000000000BD7A0300BD
:10C40C0000000000BD7A030000000000BD7A0300AC
:10C41C0000000000BD7A030000000000BD7A03009C
:10C42C0000000000BD7A030000000000BD7A03008C
:10C43C0000000000BD7A030000000000BD7A03007C
:10C44C0005000000E12902000000000006000000C9
:10C45C00C96002000000000004000000513202001C
:04C46C0000000000CC
:10C47000FDA1020035A10200000000000000000044
:10C4800000000000000000000000000000000000AC
:10C4900054D6030008000000F4D603000700000093
:10C4A00030DA03000600000024DB03001500000062
:08C4B000A8D103000600000002
:10C4B800F4E2030004000000730804000300000015
:10C4C800DE12040003000000C7F7030003000000A9
:10C4D800D30C0400030000000B1F0400030000003D
:10C4E800CEF7030003000000AD09040003000000BC
:10C4F80086180400030000008C03040003000000F9
:10C50800EBF50300030000008A07040003000000A5
:10C51800F31E0400030000002A0F040003000000BB
:10C5280026EE0300030000004AF5030003000000A4
:10C53800B1080400030000001F33040003000000DA
:10C54800B2330400030000000D33040003000000B0
:10C55800A1F70300030000001D1E040003000000F3
:10C56800C8E3030003000000301F040003000000BC
:10C578002E290400030000008E2904000300000097
:10C588008A2D040003000000622E0400030000004E
:10C59800882E040003000000FD30040003000000A2
:10C5A80052240400030000003DF6030003000000CD
:10C5B8001C200400030000004434040003000000B1
:10C5C80074E503000300000083E503000300000096
:10C5D80087E5030003000000F133040003000000B6
:10C5E80071F403000300000004F5030003000000D9
:10C5F8000CF50300030000009C3504000300000054
:10C60800A4F703000300000020EE0300030000006D
:10C6180015EB0300030000001AEE030003000000FE
:10C62800FDEA0300030000000FEB03000300000015
:10C638001BF5030003000000CF22040003000000E4
:10C64800B4D00300546C0020DCE6030001000000B5
:10C658009EF7030000000000D9DA0100B1DE0100F6
:10C66800000000001116040000000000D993030028
:10C6780000000000000000007A180400000000001C
:10C68800FD4D0200000000000000000072180400C8
:10C6980000000000294802006D530200000000005D
:10C6A800EB1E040000000000097A0200C5780200B1
:10C6B800000000008018040000000000DD440200B3
:08C6C8002949020000000000F6
:10C6D0002DEE0300840600201C83002000000000D3
:10C6E0000200000038D20300188300200000000080
:10C6F000780C002020EE03005833002000000120B9
:10C7000034EE03001C060020D06C00200000000066
:10C710000200000050D10300CC6C0020000000009B
:10C720007C0C002003EB0300A031002080DF002000
:10C730003AEA03002C060020F47F002000000000ED
:10C740000200000080D10300F07F00200000000004
:10C75000800C002015EB030058320020C0EF0020B1
:10C76000B4D90300A8DA030094D10300C8DC0300A5
:04C77000E0D0030012
:10C7740000000000000000000000000000000000B5
:10C78400000000005CE7030063E703000000000012
:10C7940065AC010000000000E9E80300F3E80300D1
:10C7A40000000000E9AC01000300000012E90300EE
:10C7B40019E90300F4D00300E95E0300000000005F
:10C7C40092E7030098E703000000000081AC010039
:10C7D4000200000045E903004CE9030014C803000B
:10C7E40000000000000000001EE8030025E803002C
:10C7F40000000000617C01000101000060300400C1
:10C804007CE8030000000000D1AC0100000000003F
:10C814000000000000000000000000000000000014
:10C8240000000000C90404003BEA0300000000000B
:10C8340065AD010000000000DCEA0300E3EA030048
:10C844000000000059AE01000000000000000000DC
:10C8540000000000000000000000000000000000D4
:10C8700039BC0100E1BD0100C9BC0100000000009D
:10C880000000000100000002000000040000000899
:10C8900000000010000000200000004000000080A8
:10C8A0000000001B00000036910204009602040004
:10C8B0009A0204009E020400A2020400A6020400E0
:10C8C000AA020400AE020400B2020400B602040090
:10C8D000BA020400BE020400C2020400C602040040
:10C8E000CA02040000000000090204004006000023
:10C8F00080070000000000009F35040000010000D8
:10C900000001030200002CA6E0A120A820A800003E
:10C91000F401FA00960064004B0032001E0014007F
:10C920000A0005000200010001020400252627007C
:10C9300001020303250D0F0F010204000000000097
:10C94000141E00003011000060EA000060EA0000E0
:10C9500000002CA6E0A120A820A8000000002CA622
:10C96000E0A120A820A800000001030200002CA6DE
:10C97000E0A120A820A8000001020303F401FA00AE
:10C98000960064004B0032001E0014000A000500EF
:10C990000200010000002CA6E0A120A820A80000B1
:10C9A00000000000141E00003011000060EA0000CA
:10C9B00060EA0000F401FA00960064004B003200C7
:10C9C0001E0014000A00050002000100010203031A
:10C9D0000101000207000102040100010000010141
:10C9E0000000010001000001000100000000F4014E
:10C9F000FA00960064004B0032001E0014000A008A
:10CA000005000200010001000B0002000A00050001
:10CA100009000A000800140007001E00060032008A
:10CA200005004B0004006400030096000200FA00B9
:10CA30000100F4010000010203030C0802170D01BC
:10CA40000102090901010602091818030101090977
:10CA5000030305030201230202240910040405054F
:10CA60000B0B040B2B1B1B151A1A1C021D1613058E
:10CA700001490D15050000002CA6E0A120A820A862
:10CA800000002CA6E0A120A820A8000102020102BB
:10CA90000400A301B103BF05EF024906A309C505C0
:10CAA000F50B25120E021C045A03B4063006600C66
:10CAB000010203030102030300002CA6E0A120A849
:10CAC00020A8010204010203030000002CA6E0A13B
:10CAD00020A820A8F401FA00960064004B00320060
:10CAE0001E0014000A000500020001000000000002
:10CAF000141E00003011000060EA000060EA00002F
:10CB000000002CA6E0A120A820A800002CA6E0A1EF
:10CB100020A820A80102030300000000141E00004A
:10CB20003011000060EA000060EA00000102040029
:10CB3000030000002CA6E0A120A820A8000000000F
:10CB4000141E00003011000060EA000060EA0000DE
:10CB500000002CA6E0A120A820A8F401FA0096006D
:10CB600064004B0032001E0014000A0005000200A1
:10CB70000100000000002CA6E0A120A820A8F401DC
:10CB8000FA00960064004B0032001E0014000A00F8
:10CB9000050002000100000000000000141E00005B
:10CBA0003011000060EA000060EA000001020303A7
:10CBB000010204000102020000002CA6E0A120A84E
:10CBC00020A8000103020000E3A3C3000406080A32
:10CBD0000C0E10121416181C1E20222426282A2C93
:10CBE0002E30323436383A3C3E40424446484A4C75
:10CBF0004E021A5000003408E803280A280A0000F0
:10CC000000002CA6E0A120A820A800000100000040
:10CC100010110040000000000000000000000000B3
:10CC200000000000000000002800000018000000C4
:10CC3000500100005001000000000000141E000020
:10CC40003011000060EA000060EA0000000000000F
:10CC5000141E000030110000B45F00003C7300009F
:10CC6000B80BD0076C396C390000000000000001DF
:10CC70000000806300008063000000007017000067
:10CC8000A00F00003C2800003C2800000000DC054C
:10CC9000E8030000D417000000000000141E00008C
:10CCA0003011000060EA000060EA000000010302A9
:10CCB000D8ECF0F4F8FC00020304050607080000B5
:10CCC0000000000000000000000000000000000064
:10CCD0000000010101010202020203030303040434
:10CCE0000404050505050606060809000000000005
:10CCF0000000000000000000000000000000000133
:10CD000001010102020202030303030404040405F7
:10CD100005050506060708090A0B0C0D060808019B
:10CD2000020600100200FA00000000006D79010008
:10CD3000797901007D790100857901008979010007
:10CD40000001000812000000000000000103006262
:10CD5000746C65000000000000000000000000008E
:10CD600000000000000000000000000000000000C3
:10CD700000000000000000000000000000000000B3
:10CD800000010000000000000000000000000000A2
:10CD90000338FDD8704700000100000000000000CB
:10CDA0000500000000000000190000000000000065
:10CDB0007D00000000000000710200000000000083
:10CDC000350C000000000000093D000000000000DC
:10CDD0002D31010000000000E1F505000000000019
:10CDE00065CD1D0000000000F90295000000000064
:10CDF000DD0EE90200000000514A8D0E0000000027
:10CE00009573C24800000000E941CC6B01000000AE
:10CE10008D49FD1A07000000C16FF2862300000053
:10CE2000C52EBCA2B1000000D9E9AC2D78030000EA
:10CE30003D9160E45811000031D6E275BC56000007
:10CE4000F52E6E4DAEB10100C9EA26836778080061
:10CE5000ED95C28F055A2A00A1EDCCCE1BC2D3009E
:10CE600025A4000A8BCA2204000000000000000074
:10CE700000000000000000100000000000000000A2
:10CE8000B9340332B7F4AD1410DB1AB30892540E60
:10CE90000D307D951447BA1A66088F4D26ADC66DC4
:10CEA000F598BF85E2B74511CA96853D92BD1DEB49
:10CEB000FCA11860DCEF52163C92AE220BB8C1B454
:10CEC000839D2D5B0562DA1C304C7E8F4E8BB25BEE
:10CED00016F4529F8B56A512FBD4827643ED8AF04E
:10CEE0008FE7F9311565191850F19BD94A13EEB443
:10CEF000284CF0A686C1251F035FC270CB9E491641
:10CF0000E642889C44EB2014B0650836AD6EA585DA
:10CF100085F0CA14E2FD031A0B899979D5B13D0950
:10CF2000D8DA973A35EBCF10AC363F5E73BB38CFCB
:10CF30003E6752FA44AFBA1501000000000000003D
:10CF40000000000000000020345065C05FC9A652F8
:10CF5000BB13CBAEC440C21806C8DF7100D5A87C95
:10CF6000F56F0FDA58FC27136E4756357D24206580
:10CF700002C7E768E48CA41DE9E60268D7CD3961F1
:10CF80007977FCC2405BEF16798CDE43FFA751F93D
:10CF900091F3B278F5BDBE11E857E9D6E8BEE87B5B
:10CFA000B054AC8F848D751BEA23A499E9F9D38B17
:10CFB000B7A3714061DA3E15CEE33ECB73F9480862
:10CFC0008C97B427D51B7010A2BFEFB9EB85321533
:10CFD0004DB44DB49BBB6F1996B6076CF8E7EEAD38
:10CFE00036D9B4F59135AE13222218AF4E6A684D8A
:10CFF00091DAAA3D4F40741E9FBD9EE006A1C098E5
:10D0000057C2A7FDA40E90170E7D497173E3208FC0
:10D01000B220D87605143B12853D7434811343B099
:10D02000AD297A5F27F4351C000000006410B71D9D
:10D03000C8206E3BAC30D9269041DC76F4516B6B46
:10D040005861B24D3C7105502083B8ED44930FF008
:10D05000E8A3D6D68CB361CBB0C2649BD4D2D386BE
:10D0600078E20AA01CF2BDBD60210020000400008F
:10D07000135B0300B55A030002000000135C0300B9
:10D0800000000000000000000000000000000000A0
:10D090000000000000000000000000000000000090
:10D0A00000000000ADE60300B1E60300B5E60300B2
:10D0B000B9E6030031A4010025A4010055A4010034
:10D0C000E9A3010000000000DDA301000000000052
:10D0D000B1A401005C6C0020D6A00020010000007B
:10D0E0002FE7030036E7030074C7030000000000C9
:10D0F00000000000F8D0030021E9030026E9030046
:10D1000000000000E95E03000000000033E90300B6
:10D1100038E9030000000000F15E03000000000099
:10D1200000000000000000000000000000000000FF
:10D13000000000003A000000F95E03000B5F0300EE
:10D140001D5F03003F5F03002D5F03000000000030
:10D15000EFB100201E000000FD65030000C70300C2
:10D16000140600203A00000071AF0100B75F030011
:10D170008D5F0300B9AF01007D5F03000000000078
:10D180000EB200201E000000FD65030030C7030042
:10D1900024060020A7EC03007DEC03000000000043
:10D1A000ADB701000100000098E10300879603007D
:10D1B000000000005AED03000000010094E10300AC
:10D1C000F797030000000000740600200000010033
:10D1D00038ED030000000000000000000000000027
:10D1E0000000100090E10300D99603006D4B02008F
:10D1F0003C060020000030008CE10300F79703009C
:10D2000000000000340600200000010016ED0300BD
:10D2100000000000ADBB0100000000000000300075
:10D2200023680300316803009DBC010047680300C8
:10D2300035680300000000002DB200201E00000031
:10D24000FD650300D0C603007C0600203486002064
:10D25000AC0600208C060020020000000000000048
:10D260000000000000E00F007CC20300010000008D
:10D2700000E00F00002000007CC203000820000135
:10D28000FFFFFFFFFFFFFFFFFFFFFFFF00000000AA
:10D29000000000000000000001000000FFFFFFFF91
:10D2A000512563FCC2CAB9F3849E17A7ADFAE6BC48
:10D2B000FFFFFFFFFFFFFFFF00000000FFFFFFFF7A
:10D2C00096C298D84539A1F4A033EB2D817D037720
:10D2D000F240A463E5E6BCF847422CE1F2D1176BBB
:10D2E000F551BF376840B6CBCE5E316B5733CE2B8E
:10D2F000169E0F7C4AEBE78E9B7F1AFEE242E34FBD
:10D300004B60D2273E3CCE3BF6B053CCB0061D65F9
:10D31000BC86987655BDEBB3E7933AAAD835C65A82
:10D320003B6E03008D6F03007DBE01000000000016
:10D33000997A0300EC060020E4060020DC060020B9
:10D3400000000000D4060020D5C10100C9C00100C2
:10D350001DC101007DC1010000000020000000008F
:10D3600000000B06020000006CD303000000000068
:10D37000F5F403002600020200000020FDF4030083
:10D3800022000B1185D4010000000000417B030046
:10D3900008200001FFFFFFFFFFFFFFFFFFFFFFFF70
:10D3A000000000000000000000000000010000007C
:10D3B000FFFFFFFF512563FCC2CAB9F3849E17A784
:10D3C000ADFAE6BCFFFFFFFFFFFFFFFF000000001C
:10D3D000FFFFFFFF96C298D84539A1F4A033EB2D8B
:10D3E000817D0377F240A463E5E6BCF847422CE177
:10D3F000F2D1176BF551BF376840B6CBCE5E316BBB
:10D400005733CE2B169E0F7C4AEBE78E9B7F1AFE7E
:10D41000E242E34F4B60D2273E3CCE3BF6B053CCCA
:10D42000B0061D65BC86987655BDEBB3E7933AAA66
:10D43000D835C65A3B6E03008D6F03007DBE0100D8
:10D4400084D303004CD40300FB010000C0900120F2
:10D4500084D303005CD403002E000000D0A501207B
:10D4600084D303006CD4030002010000B0A60120A5
:10D47000CE020400EC0204000703040017030400BA
:10D48000240304002D030400340304003B030400C0
:10D49000420304004A03040024030400520304006E
:10D4A00064030400790304000E03000041FD010041
:10D4B0000F0400000DFD01001A01000091E20100BF
:10D4C0000504000079E1010013010000FDE90100FD
:10D4D000FF010000D9E601003E010000B9E60100AD
:10D4E0000504000021E4010008040000E1ED010052
:10D4F000300300001DED01001001000035E30100C4
:10D5000002010000C51102000112000091FC01009F
:10D510000A1E0000B5800300030900003DEB010076
:10D52000040B000059E70100060A00009DF4010009
:10D53000070A00007DE301000C050000CDE30100B7
:10D54000050C00007DF3010008410000891602006F
:10D55000092100000D17020084D3030064D50300E5
:10D5600047000000D0A70120520C04005F0C04000B
:10D570007F0C0400730C04008A0C0400A10C04004E
:10D58000B10C04004D110400C50C040084D3030049
:10D5900098D503000000000098A8012084D3030060
:10D5A000A8D50300FB01000038A9012073880300FF
:10D5B000B18803000000000000000000000000002F
:10D5C000492C0200000000000000000000000000E4
:10D5D0000000000002020100679103000404010042
:10D5E000F93E020006060100393E0200080401006F
:10D5F000413D02000A0201004F9103000C040100AA
:10D60000379103000E040100153C020020040100C4
:10D61000793B020010040100893A02001202010065
:10D62000EB90030016040100DD8A030018010100DD
:10D630001D8E03001E000400099203005202000028
:10D640001191030084D3030050D60300FD010000B4
:10D6500098BE0120C8E10300879603000000000087
:10D66000C4E1030000000100C0E10300F7970300DC
:10D6700000000000DC07002000000100B8E103000A
:10D68000000000000000000000000000000000009A
:10D69000B4E10300D99603006D4B0200E4070020BB
:10D6A00000000300B0E10300F79703000000000052
:10D6B000D407002000000100A8E103004596030004
:10D6C000F14C02000000000000000300A4E1030090
:10D6D000F797030000000000CC07002000000100C5
:10D6E0009CE10300755202000000000000000000F1
:10D6F00000000100F4E10300879603000000000031
:10D70000F0E1030000000100ECE10300F7970300E3
:10D71000000000002C08002000000100E4E10300EC
:10D7200009960300EB930300880500200000090020
:10D73000E0E10300F7970300000000002408002048
:10D7400000000100D8E10300CF95030000000000B5
:10D750000000000000000100D4E10300F79703007F
:10D76000000000001C08002000000100CCE10300C4
:10D770009995030000000000000000000000010077
:10D78000F16B0200D79E03009974020000000000B4
:10D79000000000001D7002000000000000000000FA
:10D7A0000000000000000000000000000000000079
:10D7B000356A020006000000B99C03000600000064
:10D7C000BD6602001000000075620200100000003B
:10D7D0001174020001000000239B030010000000F0
:10D7E000B59C03000A000000DD610200100000008B
:10D7F0000172020007000000BD9C03001000000041
:10D80000999B030001000000F9680200400000003D
:10D81000599C030010000000D59B0300010000008C
:10D82000CD7D02009D7D020000000000257F0200EA
:10D83000117E0200241F0400C5A10300CBA1030038
:10D840002A1F04009D7E020045A10300A5A103003C
:10D8500000000000E3A00300000000000000000042
:10D8600081820200D9810200DBA1030000000000D8
:10D87000F9A103000000000075A20300B9860200B0
:10D88000AD850200CD830200BD83020004000000CC
:10D8900000FF0000FFFF0000000300500000000038
:10D8A000010000000060004000000000FFFFFFFFDB
:10D8B0000000005000000000000000000060004078
:10D8C000000000002D89020065A3030073A303007C
:10D8D0008BA3030097A30300A3A30300998702006F
:10D8E000BDA3030000000000004000400000000055
:10D8F00000127A000000000000000000000000009C
:10D90000FFFFFFFF0000FF0000000000000000011B
:10D910000100000035A40300FFFF00002CD9030024
:10D92000FFFFFFFF0000000000000000004000407B
:10D9300038D903000100000040D9030003000000B3
:10D940001600000420000005180200062CC2030087
:10D9500017000100718F020011A5030090C203009F
:10D96000C0E1E400000100002CC203001700010028
:10D9700000000000008000000001000000008000A6
:10D98000000004000008000000080001000003007F
:10D990006400011F2800000079990200ED9C02003C
:10D9A000419B020001990200D3A503000100000081
:10D9B00000FF0000912E0400E8280400C8D90300ED
:10D9C0004DA0020000000000CCD903008E2D040001
:10D9D000F628040000000000F59F0200010300008B
:10D9E0000000000000000000000000000000000037
:10D9F00000000000071000006D0A00200101000077
:10DA00007D0A0020912E0400E43004000400000090
:10DA1000ACB3002007000000000000000000000080
:10DA20000E290400000000003AEA03000000000094
:10DA300004E203008796030000000000A00A002013
:10DA40000000010000E20300F7970300000000005F
:10DA500010090020000001008F0A002000000000D3
:10DA600089A802000000000000002000FCE1030083
:10DA7000F7970300000000000809002000000100E3
:10DA80007E0A00201FA70300000000000000000025
:10DA900000001000F8E10300D99603006D4B02006E
:10DAA0005C930020000030008E2D0400F628040056
:10DAB000BCDA030095A9020000000000C0DA0300F0
:10DAC0001C2D0400242D04000000000069A90200A0
:10DAD00001000000152C0400362D04000000000099
:10DAE00035AA0200010000004E2D0400532D040051
:10DAF00000000000FDAB0200010000006B2D0400DF
:10DB0000712D04000000000051AB02000100000074
:10DB10000000000000000000000000000000000005
:10DB20000000000030E203008796030000000000C0
:10DB30005B0B0020000001002CE20300F7970300BC
:10DB40000000000060090020000001004A0B0020D6
:10DB5000C9B602000000000031B50200000010004C
:10DB600028E20300F7970300000000005809002096
:10DB700000000100390B0020C9B6020000000000BF
:10DB800059B502000000100024E20300F7970300DB
:10DB9000000000005009002000000100280B0020B8
:10DBA000C9B602000000000081B5020000001000AC
:10DBB00020E20300F797030000000000480900205E
:10DBC00000000100170B0020C9B602000000000091
:10DBD000A9B50200000010001CE20300F797030043
:10DBE000000000004009002000000100060B00209A
:10DBF000C9B6020000000000DDB502000000100000
:10DC000018E20300F7970300000000003809002025
:10DC100000000100F50A0020C9B602000000000063
:10DC2000E9B502000000100014E20300F7970300BA
:10DC3000000000003009002000000100E40A00207C
:10DC4000C9B6020000000000F5B502000000100097
:10DC500010E20300F79703000000000028090020ED
:10DC600000000100D30A0020C9B602000000000035
:10DC70001DB60200000010000CE20300F79703003D
:10DC8000000000002009002000000100C20A00205E
:10DC9000C9B602000000000045B6020000001000F6
:10DCA00008E20300F79703000000000018090020B5
:10DCB00000000100B10A0020C9B602000000000007
:10DCC000A1B602000000100078E40300692F0400F0
:10DCD000DCDC03000000000000000000E0DC0300CA
:10DCE000152C0400862F040000000000C5A70300C7
:10DCF00001000000A32F0400AF2F0400000000006B
:10DD000089B8020001000000C02F0400CD2F0400DC
:10DD10000000000069B8020001000000DF2F0400CD
:10DD2000EA2F04000000000049B8020001000000D2
:10DD3000003004000C3004000000000029B802008C
:10DD400001000000233004002D300400000000001A
:10DD500009B8020001000000423004004A3004000B
:10DD600000000000E9B70200010000005D3004007F
:10DD70006830040000000000C9B702000100000084
:10DD80007E3004008C30040000000000A9B70200BF
:10DD9000010000009F300400AB30040000000000D0
:10DDA00089B7020001000000BC300400C830040044
:10DDB0000000000069B7020001000000E03004002C
:10DDC000EC3004000000000049B702000100000030
:10DDD0000000000000000000000000000000000043
:10DDE0000000000021B902003DA8030061A8030063
:10DDF000203504002E35040042350400513504005E
:10DE00005D35040004C1030004C1030074C10300B4
:10DE100084C10300ECC1030004C2030009EB03004A
:10DE200005000000CE35040007000000AA350400FC
:10DE300008000000B335040004000000B8350400F9
:10DE400009000000C235040008000000CB350400C2
:10DE50000A000000D635040006000000512563FCCE
:10DE6000C2CAB9F3849E17A7ADFAE6BCFFFFFFFF55
:10DE7000FFFFFFFF00000000FFFFFFFFAAAAAAAA02
:10DE8000AAAAAAAAAAAAAAAA55555555555555559A
:10DE9000555555550000000055555555522563FC04
:10DEA000C2CAB9F3849E17A7ADFAE6BCFFFFFFFF15
:10DEB000FFFFFFFF00000000FFFFFFFF512563FC95
:10DEC000C2CAB9F3849E17A7ADFAE6BCFFFFFFFFF5
:10DED000FFFFFFFF00000000FFFFFFFF96C298D882
:10DEE0004539A1F4A033EB2D817D0377F240A46383
:10DEF000E5E6BCF847422CE1F2D1176BF551BF378C
:10DF00006840B6CBCE5E316B5733CE2B169E0F7C5E
:10DF10004AEBE78E9B7F1AFEE242E34F4B60D2272B
:10DF20003E3CCE3BF6B053CCB0061D65BC86987621
:10DF300055BDEBB3E7933AAAD835C65AFCFFFFFFAD
:10DF4000FFFFFFFFFFFFFFFF0000000000000000D9
:10DF50000000000001000000FFFFFFFFFF8FFFFF38
:10DF6000FF8FFFFFFE8FFFFFFE8FFFFFFD8FFFFF85
:10DF7000FC8FFFFFFC8FFFFF6D757465785F667225
:10DF800065652063616C6C65642077697468204EF8
:10DF9000554C4C20706172616D65746572000000B3
:10DFA00043616E277420696E697469616C697A6572
:10DFB000206D757465782C20776173204E554C4C1C
:10DFC0000D0A00004661696C20746F2061637175F1
:10DFD000697265206D757465780A00004661696C28
:10DFE00020746F20696E63726561736520504D20E7
:10DFF000636F756E7465720A000000004661696C9B
:10E0000020746F20646563726561736520504D20D4
:10E01000636F756E7465720A000000004661696C7A
:10E0200020746F2072656C65617365206D75746511
:10E03000780A0000436F756C64206E6F74206C6FFB
:10E04000636B20706F7765722073617665206D75E4
:10E05000746578004661696C20746F20756E6C6F12
:10E06000636B206D757465780A0000006374782016
:10E0700063616E6E6F74206265204E554C4C0000DB
:10E080000A637478206973204E554C4C0A000000D6
:10E0900067E6096A85AE67BB72F36E3C3AF54FA539
:10E0A0007F520E518C68059BABD9831F19CDE05B65
:10E0B000D89E05C107D57C3617DD703039590EF76B
:10E0C000310BC0FF11155868A78FF964A44FFABE31
:10E0D0000123456789ABCDEFFEDCBA987654321048
:10E0E000F0E1D2C3000000000000000000000000CA
:10E0F00000000000000000409559695955555455DD
:10E100001555555604051541105455404551554473
:10E110004045504450555545004000404004449609
:10E1200065555655454045545141154055915555F5
:10E1300055554051050100005445545445550504BA
:10E140000010041014044000000001405555154112
:10E15000540400004400010000000040410000445D
:10E1600050444550540055555455655100400040A9
:10E17000010000010005010011545151545555058D
:10E180000000000000000000000000000000032864
:10E1900000000229000003280000002800002A2BAC
:10E1A00000002A2B000003280000292B0000292B47
:10E1B00000000328000002290000052A0000052AAB
:10E1C0000000032800000118000000280000042AB5
:10E1D0000000042A000003280000012A0000012A90
:10E1E000000003280000002A0000002A0000032885
:10E1F0000000001800000028000002290000032889
:10E200000000032800000028000003280000032865
:10E210000000032800000328000003280000032852
:10E220000000032800000328000003280000032842
:10E23000000000287075626C69630072616E646F23
:10E240006D007075626C69632D69640072616E6443
:10E250006F6D2D696400253032583A253032583AB6
:10E26000253032583A253032583A253032583A253E
:10E2700030325820282573290025733A2042444122
:10E280004444523A20257320525353493A2025647E
:10E290000025733A204275696C642074696D653A93
:10E2A000204D617920203120323032362031363A0B
:10E2B00035333A32360025733A2043616C6C206066
:10E2C00062745F6C655F7363616E5F7374617274B7
:10E2D00060206661696C65643A2025640025733AA4
:10E2E00020416C697665007363616E5F6362006DE7
:10E2F00061696E006170700000070E091C1B121529
:10E30000383F363124232A2D25733A2028756E7321
:10E3100069676E6564292063686172202A207573BD
:10E32000656420666F722025257020617267756DA7
:10E33000656E742E2049742773207265636F6D6D4E
:10E34000656E64656420746F206361737420697402
:10E3500020746F20766F6964202A2062656361757E
:10E360007365206974206D61792063617573652020
:10E370006D69736265686176696F7220696E20638A
:10E3800065727461696E20636F6E6669677572612C
:10E3900074696F6E732E20537472696E673A22250A
:10E3A000732220617267756D656E743A256400632F
:10E3B000627072696E74665F7061636B6167655FDE
:10E3C000636F6E766572740063627072696E7466F4
:10E3D0005F7061636B616765004661696C656420AD
:10E3E000746F207265626F6F743A207370696E6E1D
:10E3F000696E6720656E646C6573736C792E2E2E62
:10E400000A0025733A204E5653206E6F7420696EB1
:10E41000697469616C697A65640025733A20436F99
:10E42000756C64206E6F74206F627461696E206613
:10E430006C61736820706172616D657465727300E0
:10E4400025733A20556E737570706F727465642011
:10E45000777269746520626C6F636B2073697A658B
:10E460000025733A20556E61626C6520746F2067D9
:10E470006574207061676520696E666F0025733A68
:10E4800020496E76616C696420736563746F7220D5
:10E4900073697A650025733A20436F6E6669677504
:10E4A000726174696F6E206572726F72202D2073B5
:10E4B0006563746F7220636F756E740025733A2004
:10E4C000474320446F6E65206D61726B65722066F4
:10E4D0006F756E640025733A204E6F2047432044C9
:10E4E0006F6E65206D61726B657220666F756E640C
:10E4F0003A2072657374617274696E672067630095
:10E5000025733A20256420536563746F7273206FFE
:10E51000662025642062797465730025733A206152
:10E520006C6C6F63207772613A2025642C2025780B
:10E530000025733A2064617461207772613A202566
:10E54000642C202578006E76735F726561645F6865
:10E55000697374006E76735F7772697465006E76A6
:10E56000735F73746172747570006E76735F6D6F34
:10E57000756E740066735F6E7673006C6F676769A3
:10E580006E67006C6F67006C6F675F6D676D74001E
:10E5900025733A204D6573736167652028222573C2
:10E5A00022292064726F70706564206265636175F2
:10E5B0007365206974206578636565647320736989
:10E5C0007A65206C696D69746174696F6E202825A5
:10E5D00075290025733A204D657373616765206462
:10E5E000726F707065642062656361757365206920
:10E5F0007420657863656564732073697A65206C3F
:10E60000696D69746174696F6E2028257529007AB7
:10E610005F6C6F675F6D73675F72756E74696D6550
:10E620005F76637265617465007A5F696D706C5FB7
:10E630007A5F6C6F675F6D73675F73746174696332
:10E640005F637265617465001B5B306D005B253034
:10E65000386C755D20005B253032753A2530327597
:10E660003A253032752E253033752C253033755DC3
:10E67000200025732F003C25733E200025733A208F
:10E6800000253032782000202020007C0025630007
:10E69000206D657373616765732064726F70706558
:10E6A00064202D2D2D0D0A002D2D2D200065727258
:10E6B0000077726E00696E6600646267004C6F6777
:10E6C000676572006D657373616765732064726F4F
:10E6D000707065643A202020200D0A006C6F675F1F
:10E6E0006261636B656E645F7274740025733A20B7
:10E6F0007365742D76616C7565206661696C7572E1
:10E70000652E206B65793A202573206572726F72D1
:10E71000282564290073657474696E67735F63618B
:10E720006C6C5F7365745F68616E646C6572006BBE
:10E7300065726E656C004B65726E656C20636F6D03
:10E740006D616E6473006379636C65733A2025753F
:10E75000206877206379636C65730A006379636C62
:10E760006573004B65726E656C206379636C6573CD
:10E770002E00556E61626C6520746F20706172733B
:10E780006520696E70757420286572722025642971
:10E790000A00736C656570006D7300557074696D67
:10E7A000653A20256C6C75206D730A002D70002D64
:10E7B0002D70726574747900556E737570706F7218
:10E7C000746564206F7074696F6E3A2025730A0057
:10E7D000757074696D653A20256C6C75206461797B
:10E7E000732C20256C6C7520686F7572732C202536
:10E7F0006C6C75206D696E757465732C20256C6C5E
:10E8000075207365636F6E64732C20256C6C7520A6
:10E810006D696C6C697365636F6E64730A00757003
:10E8200074696D65004B65726E656C2075707469F6
:10E830006D652E2043616E2062652063616C6C659E
:10E8400064207769746820746865202D70206F7269
:10E85000202D2D707265747479206F7074696F6EDD
:10E860007300332E372E3939005A6570687972205B
:10E8700076657273696F6E2025730A004B65726E40
:10E88000656C2076657273696F6E2E00556E6162DD
:10E890006C6520746F207061727365206C6F6720E7
:10E8A00073657665726974792028657272202564B3
:10E8B000290A00496E76616C6964206C6F67206C70
:10E8C0006576656C3A2025640A00556E61626C6558
:10E8D00020746F2066696E64206C6F6720736F759B
:10E8E0007263653A2025730A006C6F675F6C65760A
:10E8F000656C003C6D6F64756C65206E616D653E86
:10E90000203C73657665726974792028302D34292E
:10E910003E007265626F6F74005265626F6F742E95
:10E9200000636F6C6400436F6C64207265626F6F8C
:10E93000742E007761726D005761726D207265628E
:10E940006F6F742E00746872656164004B65726E3F
:10E95000656C20746872656164732E00536368652A
:10E9600064756C65723A2025752073696E63652045
:10E970006C6173742063616C6C0A00546872656129
:10E9800064733A0A004E41002573257020252D310D
:10E9900030730A00096F7074696F6E733A203078B3
:10E9A00025782C207072696F726974793A20256419
:10E9B0002074696D656F75743A20256C6C640A006B
:10E9C0000973746174653A2025732C20656E747226
:10E9D000793A2025700A00556E61626C6520746F6B
:10E9E0002064657465726D696E6520756E757365FA
:10E9F0006420737461636B2073697A6520282564D1
:10EA0000290A0A0009737461636B2073697A6520AF
:10EA1000257A752C20756E7573656420257A752CA2
:10EA200020757361676520257A75202F20257A75FA
:10EA300020282575202525290A0A004C6973742091
:10EA40006B65726E656C20746872656164732E000C
:10EA500025702049525120253032642025732872B8
:10EA600065616C2073697A652025347A75293A09C5
:10EA7000756E757365642025347A750975736167E1
:10EA8000652025347A75202F2025347A7520282595
:10EA9000327A75202525290A00257020252D33324C
:10EAA0007320287265616C2073697A652025347A39
:10EAB00075293A09756E757365642025347A750970
:10EAC00075736167652025347A75202F2025347A87
:10EAD000752028253275202525290A007374616365
:10EAE0006B73004C69737420746872656164732081
:10EAF000737461636B2075736167652E007368655D
:10EB00006C6C2E7368656C6C5F64756D6D790073E9
:10EB100068656C6C2E7368656C6C5F7274740053FE
:10EB20007562636F6D6D616E64733A0A005741528E
:10EB30004E494E473A2041207072696E74207265CA
:10EB4000717565737420776173206465746563748F
:10EB50006564206F6E206E6F7420616374697665E2
:10EB6000207368656C6C206261636B656E642E0A4D
:10EB7000006E6F74207465726D696E617465643ABD
:10EB80002025630A00506C656173652073706563AE
:10EB9000696679206120737562636F6D6D616E6463
:10EBA0002E0A00257325730A003A20636F6D6D618C
:10EBB0006E64206E6F7420666F756E6400546F6FA4
:10EBC000206D616E7920617267756D656E7473205A
:10EBD000696E2074686520636F6D6D616E642E0AC6
:10EBE0000025733A2077726F6E6720706172616DD5
:10EBF0006574657220636F756E740A005368656C86
:10EC00006C20746872656164206572726F723A205C
:10EC1000256400596F752063616E207472792074C9
:10EC20006F2063616C6C20636F6D6D616E64732027
:10EC300077697468203C2D683E206F72203C2D2D32
:10EC400068656C703E20706172616D6574657220DC
:10EC5000666F72206D6F726520696E666F726D618E
:10EC600074696F6E2E0A000A417661696C61626C8C
:10EC70006520636F6D6D616E64733A0A005072694E
:10EC80006E7473207468652068656C70206D6573A0
:10EC9000736167652E002573252D2A730025732562
:10ECA00073002D68002D2D68656C7000202D2000EC
:10ECB0002020002A2A2A20426F6F74696E67206E16
:10ECC000524620436F6E6E6563742053444B20762A
:10ECD000322E392E302D39323931346461393036A3
:10ECE0003633202A2A2A0A002A2A2A205573696ED6
:10ECF00067205A6570687972204F532076332E371B
:10ED00002E39392D3132306362653639303263390C
:10ED1000202A2A2A0A00029ECADC240EE5A9E093D2
:10ED2000F3A3B50200406E029ECADC240EE5A9E002
:10ED300093F3A3B50200406E029ECADC240EE5A93F
:10ED4000E093F3A3B50300406E029ECADC240EE5F7
:10ED5000A9E093F3A3B50300406E029ECADC240E23
:10ED6000E5A9E093F3A3B50100406E25733A205264
:10ED7000582072696E6720627566666572206675D6
:10ED80006C6C2E2044726F7070696E672025642051
:10ED900062797465730025733A204661696C656415
:10EDA00020746F206C6F636B206D757465782C20F8
:10EDB000286572723A202564290025733A2046613D
:10EDC000696C656420746F2073656E64202564200F
:10EDD000627974657320282564206572726F7229C8
:10EDE0000025733A204661696C656420746F207554
:10EDF0006E6C6F636B206D757465782C202865725E
:10EE0000723A202564290072785F63616C6C6261DC
:10EE1000636B0074785F747279007368656C6C2E34
:10EE20007368656C6C5F62745F6E75730062745FAB
:10EE30006E75733A7E242000637C777BF26B6FC51E
:10EE40003001672BFED7AB76CA82C97DFA5947F0ED
:10EE5000ADD4A2AF9CA472C0B7FD9326363FF7CCC9
:10EE600034A5E5F171D8311504C723C31896059A66
:10EE7000071280E2EB27B27509832C1A1B6E5AA089
:10EE8000523BD6B329E32F8453D100ED20FCB15B74
:10EE90006ACBBE394A4C58CFD0EFAAFB434D3385DD
:10EEA00045F9027F503C9FA851A3408F929D38F5B1
:10EEB000BCB6DA2110FFF3D2CD0C13EC5F974417E8
:10EEC000C4A77E3D645D197360814FDC222A90885F
:10EED00046EEB814DE5E0BDBE0323A0A4906245CEB
:10EEE000C2D3AC629195E479E7C8376D8DD54EA950
:10EEF0006C56F4EA657AAE08BA78252E1CA6B4C61C
:10EF0000E8DD741F4BBD8B8A703EB5664803F60E74
:10EF1000613557B986C11D9EE1F8981169D98E9463
:10EF20009B1E87E9CE5528DF8CA1890DBFE642687C
:10EF300041992D0FB054BB166D757465785F696E7D
:10EF400069742063616C6C65642077697468204E15
:10EF5000554C4C20706172616D6574657200436F31
:10EF6000756C64206E6F7420616C6C6F6361746586
:10EF7000206D75746578206265666F726520696EB4
:10EF8000697469616C697A696E670025733A2072E9
:10EF9000302F61313A2020307825303878202072A7
:10EFA000312F61323A202030782530387820207295
:10EFB000322F61333A20203078253038780025739D
:10EFC0003A2072332F61343A202030782530387857
:10EFD000207231322F69703A20203078253038780D
:10EFE000207231342F6C723A2020307825303878F6
:10EFF0000025733A2020787073723A2020307825EB
:10F000003038780025733A204661756C74696E67F4
:10F0100020696E737472756374696F6E20616464C5
:10F020007265737320287231352F7063293A20304E
:10F0300078253038780025733A20556E68616E6403
:10F040006C6564204952516E3A20256400657366F0
:10F050005F64756D70007A5F61726D5F6661746187
:10F060006C5F6572726F720025733A202A2A2A2A11
:10F070002A20425553204641554C54202A2A2A2AF8
:10F080002A0025733A202020537461636B696E67F0
:10F09000206572726F720025733A202020556E73BE
:10F0A0007461636B696E67206572726F720025739D
:10F0B0003A20202050726563697365206461746131
:10F0C00020627573206572726F720025733A20207A
:10F0D000204246415220416464726573733A203085
:10F0E0007825780025733A202020496D7072656379
:10F0F0006973652064617461206275732065727242
:10F100006F720025733A202020496E737472756304
:10F1100074696F6E20627573206572726F7200255C
:10F12000733A202020466C6F6174696E672D706F92
:10F13000696E74206C617A792073746174652070D3
:10F140007265736572766174696F6E206572726F35
:10F15000720025733A202A2A2A2A2A205553414729
:10F1600045204641554C54202A2A2A2A2A00257334
:10F170003A2020204469766973696F6E2062792095
:10F180007A65726F0025733A202020556E616C6994
:10F19000676E6564206D656D6F727920616363656C
:10F1A00073730025733A2020204E6F20636F7072B6
:10F1B0006F636573736F7220696E737472756374B5
:10F1C000696F6E730025733A202020496C6C656767
:10F1D000616C206C6F6164206F66204558435F52FC
:10F1E000455455524E20696E746F2050430025736C
:10F1F0003A202020496C6C6567616C20757365202E
:10F200006F662074686520455053520025733A207C
:10F210002020417474656D707420746F206578656A
:10F220006375746520756E646566696E65642069D2
:10F230006E737472756374696F6E0025733A202A59
:10F240002A2A2A2A204D5055204641554C54202A1E
:10F250002A2A2A2A0025733A202020537461636BDE
:10F26000696E67206572726F722028636F6E7465B5
:10F2700078742061726561206D69676874206265C9
:10F28000206E6F742076616C6964290025733A20C2
:10F290002020446174612041636365737320566963
:10F2A0006F6C6174696F6E0025733A2020204D4D9C
:10F2B00046415220416464726573733A2030782568
:10F2C000780025733A202020496E73747275637438
:10F2D000696F6E204163636573732056696F6C615B
:10F2E00074696F6E00526573657276656420457847
:10F2F00063657074696F6E20280053707572696F52
:10F30000757320696E746572727570742028495225
:10F3100051200025733A20535053454C20696E20EC
:10F32000746872656164206D6F646520646F6573D5
:10F33000206E6F7420696E64696361746520505338
:10F34000500025733A202A2A2A2A2A20484152446A
:10F35000204641554C54202A2A2A2A2A0025733A4D
:10F36000202020427573206661756C74206F6E20BA
:10F37000766563746F72207461626C65207265617A
:10F38000640025733A202020446562756720657605
:10F39000656E740025733A2020204661756C7420D8
:10F3A000657363616C6174696F6E20287365652095
:10F3B00062656C6F77290025733A20415243485F9C
:10F3C00045584345505420776974682072656173CD
:10F3D0006F6E2025780A0025733A202A2A2A2A2AC5
:10F3E000204465627567206D6F6E69746F72206569
:10F3F0007863657074696F6E202A2A2A2A2A00258C
:10F40000733A202A2A2A2A2A2025732025642920B3
:10F410002A2A2A2A2A0072657365727665645F65F6
:10F420007863657074696F6E0064656275675F6D9F
:10F430006F6E69746F720075736167655F66617581
:10F440006C74006275735F6661756C74006D656DD8
:10F450005F6D616E6167655F6661756C74006861A0
:10F4600072645F6661756C74006765745F6573666E
:10F47000006D70750025733A204661696C656420E3
:10F48000746F20616C6C6F63617465206E657720AA
:10F490004D505520726567696F6E2025750A0025ED
:10F4A000733A20506172746974696F6E2025753AE1
:10F4B0002073616E69747920636865636B2066618F
:10F4C000696C65642E00726567696F6E5F616C6C54
:10F4D0006F636174655F616E645F696E6974006D0E
:10F4E00070755F636F6E6669677572655F72656779
:10F4F000696F6E7300464C4153485F300053524170
:10F500004D5F30006E65745F627566006E65745F96
:10F510006275665F73696D706C6500736F63000080
:10F52000FFFFFFFFFFFF00000000000000FFFFFFE4
:10F53000FFFFFF0000000000003031323334353669
:10F540003738396162636465660062745F72706146
:10F550000025733A204661696C656420746F2063EE
:10F56000726561746520454343207075626C696300
:10F570002F707269766174652070616972002573FD
:10F580003A207075626C6963206B6579206973201D
:10F590006E6F742076616C69642028726574202512
:10F5A000642900656D756C6174655F6C655F676586
:10F5B0006E65726174655F64686B65790067656E1E
:10F5C00065726174655F6B657973003F49F6D4A31A
:10F5D000C55F3874C9B3E3D2103F504AFF607BEB7C
:10F5E00040B7995899B8A6CD3C1ABD62745F68635C
:10F5F000695F6563630025733A20496E73756666BB
:10F60000696369656E74206E756D626572206F66E0
:10F6100020617267756D656E74730025733A2049B9
:10F62000676E6F72696E67206964656E746974696C
:10F6300065732073746F72656420696E20666C61F7
:10F6400073680025733A20496E76616C6964206C9A
:10F65000656E6774682049442061646472657373E1
:10F6600020696E2073746F726167650025733A209C
:10F670004661696C656420746F2072656164206402
:10F680006576696365206E616D652066726F6D20B9
:10F6900073746F72616765202865727220257A64C1
:10F6A000290062742F25732F253032782530327867
:10F6B000253032782530327825303278253032784E
:10F6C00025752F25730062742F25732F253032780E
:10F6D000253032782530327825303278253032782E
:10F6E0002530327825750025733A20736574746966
:10F6F0006E67735F7375627379735F696E69742087
:10F700006661696C65642028657272202564290031
:10F7100062742F25730025733A204661696C656415
:10F7200020746F20736176652049442028657272C9
:10F730002025642900434845535445520025733A17
:10F7400020556E61626C6520746F207365747570EE
:10F7500020616E206964656E7469747920616464E7
:10F760007265737300646F5F73746F72655F696451
:10F770000062745F73657474696E67735F696E6944
:10F7800074007365745F73657474696E6700636F8A
:10F790006D6D69745F73657474696E67730062740C
:10F7A0000062745F73657474696E677300425420FD
:10F7B0004C572057510002FB349B5F8000008000B3
:10F7C0001000000000000062745F627566006274E1
:10F7D0005F646174610025733A20556E61626C65E7
:10F7E00020746F20616C6C6F636174652062756654
:10F7F0006665720025733A20436F756C64206E6FE6
:10F8000074207375626D69742072785F776F726BA4
:10F810003A2025640025733A2044617461206275A2
:10F8200066666572206F766572666C6F7720286CED
:10F83000696E6B20747970652030782530327829B4
:10F840000025733A20556E68616E646C65642065AE
:10F8500076656E7420307825303278206C656E20A5
:10F8600025753A2025730025733A20486172647724
:10F87000617265206572726F722C206861726477A4
:10F8800061726520636F64653A2025640025733AD0
:10F8900020556E61626C6520746F206C6F6F6B75A4
:10F8A0007020636F6E6E20666F722068616E646C8C
:10F8B000652025750025733A20556E61626C6520C0
:10F8C000746F206C6F6F6B20757020636F6E6E208D
:10F8D000776974682068616E646C65202575002501
:10F8E000733A20546F6F20736D616C6C20282575FE
:10F8F00020627974657329206576656E742030788E
:10F90000253032780025733A20496E76616C69643F
:10F91000204843492041434C207061636B6574204B
:10F9200073697A6520282575290025733A2041439B
:10F930004C2064617461206C656E677468206D6929
:10F94000736D617463682028257520213D2025751D
:10F95000290025733A20556E61626C6520746F2012
:10F9600066696E6420636F6E6E20666F72206861D8
:10F970006E646C652025750025733A20496E7661AA
:10F980006C696420484349206576656E742073690C
:10F990007A65202825752900574553545F544F50E8
:10F9A0004449522F7A65706879722F737562737942
:10F9B000732F626C7565746F6F74682F686F7374E2
:10F9C0002F6863695F636F72652E630062745F689E
:10F9D00063695F6576745F6765745F666C616773A2
:10F9E000286864722D3E65767429202620283155BA
:10F9F0004C203C3C20283129290041535345525486
:10FA0000494F4E204641494C205B25735D204020E4
:10FA100025733A25640A0025733A20556E6B6E6F84
:10FA2000776E2062756620747970652025750025D3
:10FA3000733A20556E68616E646C65642076656EFD
:10FA4000646F722D7370656369666963206576659E
:10FA50006E7420307825303278206C656E202575E4
:10FA60003A2025730025733A204E6F2070656E642E
:10FA7000696E67207065726970686572616C206379
:10FA80006F6E6E656374696F6E0025733A20556EF4
:10FA90006578706563746564207374617475732030
:10FAA0003078253032782025730025733A204E6F48
:10FAB00020636F6D6D616E642073656E7420666F78
:10FAC0007220636D6420636F6D706C6574652030A7
:10FAD00078253034780025733A204F70436F646581
:10FAE0002030782530347820636F6D706C657465D4
:10FAF0006420696E7374656164206F662065787038
:10FB00006563746564203078253034780025733A55
:10FB100020657674206E756D5F68616E646C6573C8
:10FB200020283D25752920746F6F206C61726765F0
:10FB300020282575203E202575290025733A204E62
:10FB40006F20636F6E6E656374696F6E20666F728F
:10FB50002068616E646C652025750025733A2070FD
:10FB600061636B65747320636F756E74206D697368
:10FB70006D617463680025733A204661696C656441
:10FB800020746F2073657420726571756972656485
:10FB9000207365637572697479206C6576656C0095
:10FBA00025733A204E6F206368616E676520746F1D
:10FBB00020656E6372797074696F6E2073746174FE
:10FBC000652028656E637279707420307825303234
:10FBD000782900756E6B6E6F776E006576745F6660
:10FBE0006C6167732026202831554C203C3C20282E
:10FBF0003029290025733A20496E76616C696420AA
:10FC00006275662074797065202575005B305D0033
:10FC100025733A204964656E7469747925733A20B6
:10FC200025730025733A204964656E746974795BA5
:10FC300025645D3A2025730025733A204843493AEC
:10FC40002076657273696F6E2025732028307825C1
:10FC500030327829207265766973696F6E2030784A
:10FC6000253034782C206D616E7566616374757211
:10FC70006572203078253034780025733A204C4D59
:10FC8000503A2076657273696F6E20257320283094
:10FC90007825303278292073756276657220307845
:10FCA000253034780025733A204E6F204944206176
:10FCB0006464726573732E20417070206D75737467
:10FCC0002063616C6C2073657474696E67735F6C1C
:10FCD0006F616428290025733A20556E61626C6556
:10FCE00020746F2073746F7265206E616D650025DE
:10FCF000733A20556E61626C6520746F2073656E77
:10FD00006420746F2064726976657220286572724F
:10FD1000202564290025733A204F7574206F6620D2
:10FD2000636F6D6D616E64206275666665727300E7
:10FD300025733A20556E636C656172656420706549
:10FD40006E64696E672073656E745F636D640073C3
:10FD50007563636573730009636F6D6D616E642015
:10FD60006F70636F64652030782530347820746953
:10FD70006D656F75740A00657272203D3D2030001C
:10FD800009436F6E74726F6C6C657220756E72656C
:10FD900073706F6E736976652C20636F6D6D616E25
:10FDA00064206F70636F646520307825303478206C
:10FDB00074696D656F7574207769746820657272F7
:10FDC0002025640A0025733A206F70636F646520F4
:10FDD00030782530347820737461747573203078EE
:10FDE000253032782025730025733A204661696CEE
:10FDF000656420746F207265616420444C45206DF9
:10FE000061782064617461206C656E0025733A200E
:10FE100074785F6F63746574732065786365656477
:10FE200073207468652076616C69642072616E6706
:10FE3000652025750025733A2074785F74696D65B7
:10FE40002065786365656473207468652076616CED
:10FE500069642072616E67652025750025733A20FC
:10FE60004E6F6E2D4C452063617061626C6520633E
:10FE70006F6E74726F6C6C65722064657465637408
:10FE80006564210025733A2041434C2042522F459E
:10FE900044522062756666657273206E6F742069C5
:10FEA0006E697469616C697A65640025733A2056DD
:10FEB000656E646F722048434920657874656E737F
:10FEC000696F6E73206E6F7420617661696C616218
:10FED0006C650025733A20485720506C6174666F3A
:10FEE000726D3A2025732028307825303478290027
:10FEF00025733A2048572056617269616E743A2022
:10FF000025732028307825303478290025733A204D
:10FF10004669726D776172653A20257320283078C2
:10FF200025303278292056657273696F6E202575E9
:10FF30002E2575204275696C642025750025733A5D
:10FF4000204661696C656420746F2072656164206D
:10FF5000737570706F727465642076656E646F720D
:10FF600020636F6D6D616E64730025733A20466186
:10FF7000696C656420746F207265616420737570AC
:10FF8000706F727465642076656E646F722066654A
:10FF90006174757265730025733A20484349206483
:10FFA0007269766572206973206E6F742072656164
:10FFB00064790042542052582057510025733A204A
:10FFC00048434920647269766572206F70656E20BF
:10FFD0006661696C656420282564290025733A20D0
:10FFE0004E6F2070656E64696E6720636F6E6E2061
:10FFF000666F7220706565722025730025733A2044
:020000024000BC
:10000000556E657870656374656420484F53545F1E
:100010004E554D5F434F4D504C455445445F504104
:10002000434B4554532C207374617475732030789E
:1000300025303278202573000009090909010209D9
:100040000909090909090909090907090909090922
:100050000609090909090909090909090909090913
:10006000090562745F7365745F6E616D650062742B
:100070005F656E61626C650062745F6465765F7374
:10008000686F775F696E666F0068616E646C655F4C
:1000900076735F6576656E74006C655F636F6E6E18
:1000A0005F636F6D706C6574655F6164765F7469C2
:1000B0006D656F757400656E685F636F6E6E5F630C
:1000C0006F6D706C6574655F6572726F725F686189
:1000D0006E646C65006C655F636F6E6E5F757064F7
:1000E0006174655F636F6D706C657465006C655FEE
:1000F00072656D6F74655F666561745F636F6D7067
:100100006C657465006C655F636F6E6E5F706172C5
:10011000616D5F6E65675F7265706C79006C655FBD
:10012000636F6E6E5F706172616D5F726571006C9E
:10013000655F646174615F6C656E5F6368616E6763
:1001400065006C655F7068795F7570646174655F88
:10015000636F6D706C657465006C655F6C746B5F6C
:100160006E65675F7265706C79006C655F6C746B4F
:100170005F7265706C79006C655F6C746B5F726543
:100180007175657374006863695F646973636F6E2A
:100190006E5F636F6D706C657465006863695F6541
:1001A0006E63727970745F6368616E67650068631F
:1001B000695F656E63727970745F6B65795F726594
:1001C00066726573685F636F6D706C6574650068F7
:1001D00063695F68617264776172655F6572726F8F
:1001E00072006863695F6576656E74006863695F55
:1001F00061636C0072785F776F726B5F68616E64C9
:100200006C65720072785F71756575655F70757485
:100210000062745F726563765F756E736166650018
:1002200068616E646C655F6576656E745F636F6D43
:100230006D6F6E0068616E646C655F6576656E7487
:10024000006863695F636D645F636F6D706C657494
:1002500065006863695F646174615F6275665F6FA2
:10026000766572666C6F77006863695F6E756D5F47
:10027000636F6D706C657465645F7061636B6574EA
:1002800073006863695F6576656E745F7072696F2D
:1002900000312E306200312E3100312E3200322EEC
:1002A0003000322E3100332E3000342E3000342E08
:1002B0003100342E3200352E3000352E3100352EEF
:1002C0003200352E3300352E3400362E3000537474
:1002D000616E6461726420426C7565746F6F7468DE
:1002E00020636F6E74726F6C6C65720056656E641D
:1002F0006F7220737065636966696320636F6E74E3
:10030000726F6C6C6572004669726D776172652000
:100310006C6F616465720052657363756520696D09
:10032000616765007265736572766564006E52463A
:10033000353178006E5246353278006E524635338C
:1003400078006E524635344878006E524635344C4B
:100350007800496E74656C20436F72706F726174BF
:10036000696F6E004E6F726469632053656D6963D7
:100370006F6E647563746F72004E58502053656DD4
:1003800069636F6E647563746F72730062745F6823
:1003900063695F636F72650062745F6863695F6C55
:1003A000655F656E685F636F6E6E5F636F6D706CC7
:1003B0006574650062745F6863695F6C655F726530
:1003C00061645F6D61785F646174615F6C656E002C
:1003D0006863695F636D645F646F6E65006863691D
:1003E0005F636F72655F73656E645F636D64006207
:1003F000745F6863695F636D645F73656E645F7388
:10040000796E630062745F6863695F636D645F73D4
:10041000656E64006863695F76735F696E69740016
:100420006C655F696E6974006863695F696E6974A1
:100430000062745F696E69740025733A20636D64AD
:1004400020646973616C6C6F7765640025733A2072
:100450004661696C656420746F2064697361626CC5
:10046000652061646472657373207265736F6C7567
:1004700074696F6E0025733A205265736F6C7669EC
:100480006E67206C6973742073697A652065786380
:1004900065656465642E20537769746368696E6767
:1004A00020746F20686F73742E0025733A204661A4
:1004B000696C656420746F20636C6561722072657D
:1004C000736F6C7574696F6E206C6973740025733B
:1004D0003A204661696C656420746F206164642011
:1004E00049524B20746F20636F6E74726F6C6C6531
:1004F000720025733A2053657420707269766163C7
:1005000079206D6F646520636F6D6D616E64206925
:1005100073206E6F7420737570706F7274656400F1
:1005200025733A204661696C656420746F20736599
:10053000742070726976616379206D6F646500253F
:10054000733A2044697361626C696E672061646408
:1005500072657373207265736F6C7574696F6E204A
:100560006661696C656420286572722025642900C3
:1005700025733A204661696C656420746F2072654A
:100580006D6F76652049524B2066726F6D20636FE8
:100590006E74726F6C6C65720025733A204F6E6CCE
:1005A000792072616E646F6D207374617469632069
:1005B0006964656E746974792061646472657373CB
:1005C00020737570706F727465640025733A2049EA
:1005D0006E76616C696420696E70757420706172EA
:1005E000616D65746572730025733A204661696CAC
:1005F000656420746F2072656164207075626C6937
:100600006320616464726573730025733A205265D8
:10061000616420537461746963204164647265731A
:1006200073657320636F6D6D616E64206E6F7420EF
:10063000617661696C61626C650025733A20466180
:10064000696C656420746F207265616420737461E5
:1006500074696320616464726573736573002573E4
:100660003A204E6F20737461746963206164647210
:1006700065737365732073746F72656420696E208F
:10068000636F6E74726F6C6C65720025733A2049EB
:10069000676E6F72696E67206661696C757265203E
:1006A000746F20736574206164647265737320666F
:1006B0006F722070617373697665207363616E2059
:1006C000282564290025733A2043616E277420731E
:1006D000657420626F7468204944454E54495459EA
:1006E0002026204E5250410062745F69645F73653A
:1006F000745F6164765F6F776E5F616464720062DD
:10070000745F69645F7365745F7363616E5F6F7755
:100710006E5F616464720076735F726561645F73BB
:1007200074617469635F616464720062745F6964B8
:100730005F726561645F7075626C69635F61646458
:10074000720062745F69645F637265617465006200
:10075000745F69645F64656C006C655F7365745F8A
:10076000707269766163795F6D6F64650062745F52
:1007700069645F616464007365745F72616E646F65
:100780006D5F616464726573730062745F696400B5
:1007900025733A20546F6F20626967206164766523
:1007A00072746973696E6720646174610025733ABD
:1007B000204661696C656420746F20737461727483
:1007C00020616476657274697365720025733A20DE
:1007D0004661696C656420746F2073746F7020616A
:1007E00064766572746973696E673A2025640025C2
:1007F000733A20436F6E74726F6C6C657220636124
:100800006E6E6F7420726573756D6520636F6E6EAA
:1008100065637461626C6520616476657274697386
:10082000696E6720282564290062745F6C655F61CA
:1008300064765F726573756D65006164765F746977
:100840006D656F75740062745F6C655F6164765F7F
:1008500073746172745F6C6567616379007365744A
:100860005F646174615F6164645F636F6D706C6528
:1008700074650062745F6164760025733A20556E7A
:10088000657870656374656420656E64206F6620AA
:1008900062756666657200030502000A62745F682D
:1008A00063695F6C655F6164765F7265706F7274B7
:1008B0000062745F7363616E0025733A20454343A1
:1008C0002048434920636F6D6D616E6473206E6FC5
:1008D0007420617661696C61626C650025733A20F1
:1008E00043616C6C6261636B20616C7265616479F9
:1008F00020726567697374657265640025733A20B8
:1009000053656E64696E67204C4520503235362041
:100910005075626C6963204B657920636F6D6D6102
:100920006E64206661696C65640025733A204661D7
:10093000696C656420746F2067656E6572617465AB
:100940002044484B6579202865727220256429006F
:1009500062745F64685F6B65795F67656E0062747F
:100960005F7075625F6B65795F67656E00E69D35E8
:100970000E480103CCDBFDF4AC1191F4EFB9A5F9FD
:10098000E9A7832C5E2CBE97F2D203B0208BD289CC
:1009900015D08E1C742430ED8FC24563765C1552E1
:1009A0005ABF9A32636DEB2A65499C80DC62745FA2
:1009B0006563630025733A204661696C6564207243
:1009C0006561642072656D6F74652066656174751C
:1009D00072657320282564290025733A20466169D1
:1009E0006C656420746F2073657420646174612089
:1009F0006C656E20282564290025733A20556E65A4
:100A000078706563746564206669727374204C3213
:100A1000434150206672616D650025733A20556E22
:100A20006578706563746564204C3243415020637F
:100A30006F6E74696E756174696F6E0025733A200C
:100A40004E6F7420656E6F756768206275666665A7
:100A50007220737061636520666F72204C3243416F
:100A60005020646174610025733A20556E6578707A
:100A700065637465642041434C20666C6167732034
:100A800028307825303278290025733A2041434CAC
:100A9000206C656E206D69736D6174636820282514
:100AA00075203E202575290028756E6B6E6F776E58
:100AB000290025733A206E6F207472616E73697419
:100AC000696F6E2025730025733A20496E76616C3C
:100AD00069642028257529206F6C64207374617403
:100AE000650025733A20636F6E6E20257020666165
:100AF000696C656420746F2065737461626C6973DE
:100B0000682E205246206E6F6973653F0025733A48
:100B1000206E6F2076616C6964202825752920730A
:100B20007461746520776173207365740025733A6E
:100B300020696E636F6D70617469626C65206861B5
:100B40006E646C652025750025733A20556E6162D0
:100B50006C6520746F20616C6C6F636174652062DA
:100B600075666665722077697468696E2074696D50
:100B7000656F75740025733A20636F6E6E20257063
:100B80003A206E6F7420636F6E6E656374656400E7
:100B900025733A20466174616C206572726F722011
:100BA000282564292E20446973636F6E6E65637413
:100BB000696E672025700025733A20466F756E6454
:100BC0002076616C696420636F6E6E656374696F13
:100BD0006E2028257029207769746820616464720A
:100BE00065737320257320696E20257320737461EB
:100BF0007465200025733A2053656E64204C4520AF
:100C0000706172616D2075706461746520666169E0
:100C10006C65642028657272202564290025733A6A
:100C20002053656E64206175746F204C452070619F
:100C300072616D20757064617465206661696C65B0
:100C400064202865727220256429000101010101D8
:100C50000203646973636F6E6E6563746564006438
:100C60006973636F6E6E6563742D636F6D706C6511
:100C70007465007363616E2D6265666F72652D69C0
:100C80006E6974696174696E6700696E697469611F
:100C900074696E672D66696C7465722D6C69737406
:100CA000006164762D636F6E6E65637461626C655E
:100CB000006164762D6469722D636F6E6E65637476
:100CC00061626C6500646973636F6E6E65637469FD
:100CD0006E670062745F636F6E6E0062745F636F55
:100CE0006E6E5F6578697374735F6C6500706572B2
:100CF000666F726D5F6175746F5F696E697469614B
:100D00007465645F70726F636564757265730062A9
:100D1000745F636F6E6E5F6372656174655F70644C
:100D2000755F74696D656F75740062745F636F6E73
:100D30006E5F6C6F6F6B75705F68616E646C650081
:100D400062745F636F6E6E5F7365745F73746174FA
:100D5000650073656E645F6275660062745F636FE1
:100D60006E6E5F74785F70726F636573736F72001D
:100D700062745F61636C5F7265637600646566656B
:100D8000727265645F776F726B0025733A20556EDF
:100D900061626C6520746F20616C6C6F6361746557
:100DA0002062756666657220666F72206F702030F3
:100DB00078253032780025733A204E6F20617661B5
:100DC000696C61626C65204C3243415020636F6EE8
:100DD0007465787420666F7220636F6E6E20257064
:100DE0000025733A20457870656374696E672075D5
:100DF0007020746F20256420726566732C20676FE5
:100E0000742025640025733A20616C7265616479F1
:100E100020686176652076696577206F6E20257081
:100E20000025733A20546F6F20736D616C6C204CF9
:100E300032434150207369676E616C696E67205060
:100E400044550025733A204C32434150206C656E66
:100E5000677468206D69736D6174636820282575F7
:100E600020213D202575290025733A20496E7661A1
:100E70006C6964206964656E742076616C756520A8
:100E8000696E204C32434150205044550025733A3E
:100E900020546F6F20736D616C6C204C4520636F24
:100EA0006E6E20706172616D207273700025733AEE
:100EB0002052656A656374696E6720756E6B6E6F2C
:100EC000776E204C324341502050445520636F646C
:100ED00065203078253032780025733A20546F6FC2
:100EE00020736D616C6C204C32434150205044554E
:100EF0002072656365697665640025733A204967E9
:100F00006E6F72696E67206461746120666F722013
:100F1000756E6B6E6F776E206368616E6E656C20A8
:100F20004944203078253034780062745F6C326335
:100F30006170006C655F636F6E6E5F706172616D92
:100F40005F727370006C326361705F72656376000C
:100F50006C326361705F616363657074006C3263EF
:100F600061705F6372656174655F6C655F7369670B
:100F70005F7064750062745F6C326361705F72658C
:100F80006376006C326361705F646174615F707579
:100F90006C6C0062745F6C326361705F73656E6469
:100FA0005F7064750025733A20415454204D5455A8
:100FB0002065786365656465642C206D6178202503
:100FC000752C2077616E74656420257A7500257311
:100FD0003A20556E61626C6520746F2063726561A2
:100FE000746520555549443A2073697A6520257502
:100FF0000025733A20556E61626C6520746F206322
:10100000726561746520555549443A2073697A6563
:101010002025640025733A204E6F20617661696C4B
:1010200061626C652041545420636F6E74657874FE
:1010300020666F7220636F6E6E2025700025733AF4
:10104000204E6F20617661696C61626C652041544D
:1010500054206368616E6E656C20666F7220636FEA
:101060006E6E2025700025733A2041545420636829
:10107000616E6E656C206E6F7420636F6E6E65635B
:101080007465640025733A204572726F722073692B
:10109000676E696E6720646174610025733A20523F
:1010A000616E206F7574206F6620545820627566DB
:1010B00066657273206F7220636F6E7465787473E7
:1010C0002E0025733A20476F7420657272202564C4
:1010D0002C206E6F742063616C6C696E67204154C4
:1010E000542063620025733A20546F6F20736D6142
:1010F0006C6C2041545420504455207265636569DE
:101100007665640025733A20556E68616E646C657F
:10111000642041545420636F646520307825303258
:10112000780025733A20496E76616C6964206C659D
:101130006E20257520666F7220636F64652030789D
:10114000253032780025733A204E6F7420636F6E1D
:101150006E65637465640025733A20556E61626C38
:101160006520746F2066696E642041545420636862
:10117000616E6E656C0025733A204E6F20415454A9
:10118000206368616E6E656C20666F72204D5455E9
:1011900020257A750025733A204E6F2070656E64A5
:1011A000696E6720415454207265717565737400CF
:1011B00025733A204154542054696D656F7574202D
:1011C000666F72206465766963652025732E2044FE
:1011D0006973636F6E6E656374696E672E2E2E0081
:1011E00025733A20446973636F6E6E656374696E2C
:1011F00067206661696C65642028657272202564C9
:1012000029006174745F74696D656F757400666937
:101210006E645F747970655F6362006174745F68A7
:10122000616E646C655F7273700062745F61747488
:101230005F72656376006174745F6368616E5F6E90
:1012400065770062745F6174745F61636365707475
:101250000062745F6174745F6372656174655F726C
:1012600073705F7064750062745F6174745F63684B
:10127000616E5F6372656174655F7064750061744F
:10128000745F6765740062745F6174745F63726534
:101290006174655F706475006368616E5F7265712B
:1012A0005F6E6F7469665F73656E74006368616E0C
:1012B0005F7265626567696E5F6174745F74696DA2
:1012C000656F7574006368616E5F73656E6400615D
:1012D00074745F6F6E5F73656E745F6362006274D7
:1012E0005F6174740025733A20496E76616C69649D
:1012F000206B65790025733A20556E61626C65201C
:10130000746F206465636F646520616464726573E3
:10131000732025730025733A20496E76616C6964E9
:10132000206C6F63616C206964656E7469747920E8
:10133000256C750025733A20556E61626C652074CA
:101340006F20726573746F72652053433A206E6F1D
:1013500020636667206C6566740025733A204661D9
:10136000696C656420746F206465636F64652076C2
:10137000616C7565202865727220257A64290025C4
:10138000733A206661696C656420746F2073746FB2
:101390007265205343202865727220256429002538
:1013A000733A20756E61626C6520746F207361768C
:1013B000652053433A206E6F20636667206C656634
:1013C000740025733A204661696C656420746F204F
:1013D0007361766520446174616261736520486160
:1013E00073682028657272202564290025733A20CD
:1013F000546F6F206D616E7920436C69656E742047
:1014000043686172616374657269737469632043D0
:101410006F6E66696775726174696F6E2E205365B1
:101420006520434F4E4649475F42545F53455454ED
:10143000494E47535F4343435F53544F52455F4DBB
:1014400041580A0025733A20434D4143207570648A
:10145000617465206661696C65640025733A206675
:1014600061696C656420746F2064656C65746520C7
:1014700053432028657272202564290025733A2081
:101480004661696C656420746F20636C65617220CD
:1014900053432025640025733A204661696C6564D6
:1014A00020746F2073746F726520436C69656E746D
:1014B00020466561747572657320286572722025F7
:1014C00064290025733A204E6F2073706163652094
:1014D000746F2073746F72652043434320636667A3
:1014E0000025733A204E6F20737061636520746F1E
:1014F0002073746F726520436C69656E7420537538
:1015000070706F727465642046656174757265737E
:101510000025733A20556E61626C6520746F2072ED
:101520006573746F72652043463A206E6F20636660
:1015300067206C6566740025733A204368616E67A6
:10154000652D617761726520737461747573206EA7
:101550006F7420666F756E6420696E207365747495
:10156000696E67732C2064656661756C74696E675B
:1015700020706565722073746174757320746F20B8
:101580006368616E67652D756E61776172650025B0
:10159000733A2052656164206261636B206261640A
:1015A000206368616E67652D617761726520766181
:1015B0006C75653A20307825782C206465666175F5
:1015C0006C74696E672070656572207374617475E0
:1015D0007320746F206368616E67652D756E617727
:1015E0006172650025733A20434D41432073657451
:1015F0007570206661696C65640025733A20434DFF
:1016000041432066696E697368206661696C656430
:101610000062742F6363630025733A204C696E6B1C
:10162000206973206E6F7420656E637279707465C3
:10163000640025733A2044657669636520697320E8
:101640006E6F74207375627363726962656420746F
:101650006F20636861726163746572697374696332
:101660000025733A204E6F206275666665722061B0
:101670007661696C61626C6520746F2073656E645D
:1016800020696E6469636174696F6E0025733A2026
:10169000434343202570206E6F7420777269746114
:1016A000626C650025733A20534320726573746F32
:1016B000726520696E6469636174696F6E2066612A
:1016C000696C65640025733A204E6F20627566660A
:1016D000657220617661696C61626C6520746F204F
:1016E00073656E64206E6F74696669636174696F97
:1016F0006E0025733A204661696C656420746F2022
:1017000073657420736563757269747920666F728E
:1017100020626F6E646564207065657220282564A0
:10172000290025733A204661696C656420746F2036
:1017300073746F726520434343732028657272206F
:101740002564290064625F686173685F7365740073
:1017500063665F7365740073635F736574006363CE
:10176000635F736176650062745F676174745F7351
:10177000746F72655F636363006363635F73657453
:10178000006363635F7365745F64697265637400AB
:1017900073635F726573746F7265007570646174F2
:1017A000655F6363630062745F676174745F636F36
:1017B0006E6E656374656400676174745F6E6F74E8
:1017C00069667900676174745F696E6469636174E6
:1017D00065006E6F746966795F63620062745F674B
:1017E0006174745F617474725F77726974655F634A
:1017F00063630062745F676174745F636C656172D8
:101800005F73630073635F636C6561720073635F32
:1018100073746F72650073635F73617665006366EE
:101820005F77726974650064625F686173685F7393
:10183000746F72650062745F676174745F73746F54
:1018400072655F63660064625F686173685F6669A2
:101850006E6973680064625F686173685F73657462
:1018600075700064625F686173685F75706461744D
:10187000650062742F686173680062742F6366008C
:1018800062742F73630062745F6761747400257300
:101890003A205075626C6963206B6579206E6F74B5
:1018A00020617661696C61626C650025733A204E37
:1018B0006F20617661696C61626C6520534D5020C8
:1018C000636F6E7465787420666F7220636F6E6EDE
:1018D0002025700025733A20556E61626C65207476
:1018E0006F2066696E6420534D50206368616E6E90
:1018F000656C0025733A204661696C656420746FDD
:101900002067656E65726174652044484B65790097
:1019100025733A20556E61626C6520746F2067658F
:1019200074206B65797320666F72202573002573B0
:101930003A2043616C63756C61746520636F6E66F9
:1019400069726D206661696C65640025733A205583
:101950006E6B6E6F776E2070616972696E67206D55
:101960006574686F6420282575290025733A204323
:10197000616C63756C617465204C544B20666169C1
:101980006C65640025733A2043616C63756C617407
:1019900065206C6F63616C2044484B6579206368F7
:1019A00065636B206661696C65640025733A20434A
:1019B000616C63756C6174652072656D6F74652010
:1019C00044484B657920636865636B206661696C88
:1019D00065640025733A2052656D6F7465207075DB
:1019E000626C6963206B65792072656A65637465F2
:1019F000640025733A2052656D6F74652069732009
:101A00007573696E67204465627567205075626CF6
:101A10006963206B65790025733A205468652069F5
:101A20006E2D70726F677265737320706169726971
:101A30006E6720686173206265656E2064656C6501
:101A4000746564210025733A20534D5020646F65FE
:101A500073206E6F7420616C6C6F772061207061F1
:101A60006972696E67206661696C75726520617460
:101A7000207468697320706F696E742E204B6E6FCE
:101A8000776E2069737375652E20446973636F6E7A
:101A90006E656374696E6720696E73746561642E28
:101AA0000025733A20546F6F20736D616C6C205366
:101AB0004D50205044552072656365697665640019
:101AC00025733A20534D5020636F6D6D616E642015
:101AD00028636F646520307825303278292072655C
:101AE0006365697665642061667465722074696DEA
:101AF000656F75740025733A205265636569766574
:101B00006420726573657276656420534D5020635E
:101B10006F6465203078253032780025733A20557F
:101B20006E68616E646C656420534D5020636F6411
:101B300065203078253032780025733A20556E655F
:101B40007870656374656420534D5020636F6465DD
:101B5000203078253032780025733A20496E76613E
:101B60006C6964206964656E7469747920257300FA
:101B700025733A2020666F722025730025733A2062
:101B80005265667573696E67206E6577207061694E
:101B900072696E672E20546865206F6C6420626FD6
:101BA0006E64206D75737420626520756E70616956
:101BB0007265642066697273742E0025733A207012
:101BC000616972696E67206661696C65642028705E
:101BD00065657220726561736F6E20307825782993
:101BE0000025733A204E6F206B6579732073706106
:101BF000636520666F722025730025733A20534D6C
:101C0000502054696D656F75740025733A205343F5
:101C10002050616972204F6E6C79204D6F64652091
:101C200073656C656374656420627574204C45202F
:101C30005343206E6F7420737570706F7274656497
:101C4000000005061F1F2918120308020305080AD1
:101C50000008010304010504050906070101060641
:101C60000862745F736D705F706B65795F72656138
:101C700064790062745F736D705F696E697400737C
:101C80006D705F74696D656F75740062745F736DFC
:101C9000705F646973747269627574655F6B65798E
:101CA0007300736D705F70616972696E675F636FF7
:101CB0006E6669726D0073635F736D705F636865F4
:101CC000636B5F636F6E6669726D00736D705F70DA
:101CD000616972696E675F72616E646F6D00736DCA
:101CE000705F70616972696E675F6661696C656477
:101CF00000736D705F6964656E745F696E666F0016
:101D0000736D705F69645F6164645F7265706C615C
:101D1000636500736D705F6964656E745F616464B0
:101D2000725F696E666F00736D705F64686B657972
:101D30005F67656E657261746500736D705F707565
:101D4000626C69635F6B65795F706572697068006A
:101D5000736D705F7075626C69635F6B657900624B
:101D6000745F736D705F726563760062745F736D2C
:101D7000705F6163636570740062745F736D705F40
:101D80007570646174655F6B65797300636F6D7006
:101D90007574655F616E645F636865636B5F616ED8
:101DA000645F73656E645F7065726970685F6468B4
:101DB000636865636B00736D705F70616972696EF3
:101DC000675F636F6D706C65746500736D705F65E0
:101DD00072726F7200736D705F73656E6400736D05
:101DE000705F73656E645F70616972696E675F636F
:101DF0006F6E6669726D00736D705F6368616E5FB0
:101E00006765740000000100010003010003020285
:101E10000100020000000000020301000362745F81
:101E2000736D700025733A204661696C6564207497
:101E30006F20726561642076616C7565202865721B
:101E40007220257A64290025733A20556E61626CF0
:101E50006520746F2066696E642064656C657465C6
:101E600064206B65797320666F722025730025737B
:101E70003A204661696C656420746F20616C6C6FF8
:101E800063617465206B65797320666F72202573BA
:101E90000025733A20496E76616C6964206B657920
:101EA000206C656E67746820257A6420213D2025AA
:101EB0007A750025733A204661696C656420746FF9
:101EC0002073617665206B657973202865727220B6
:101ED000256429006B6579735F7365740062745FB4
:101EE0006B6579735F73746F72650062742F6B65D5
:101EF00079730062745F6B657973006C888391AA53
:101F0000F5A53860370BDB5A6083BE62745F63727D
:101F10007970746F00636C6F636B403430303030B5
:101F2000303030006866636C6B006C66636C6B000D
:101F3000636C6F636B5F636F6E74726F6C00726162
:101F40006E646F6D40343030306430303000656E18
:101F500074726F70795F62745F686369006372792D
:101F600070746F4035303032613030300025733A54
:101F700020696E76616C6964206164647265737354
:101F80003A2030782530386C783A257A75002573F8
:101F90003A20756E616C69676E6564206164647275
:101FA0006573733A2030782530386C783A257A7525
:101FB0000025733A206E6F7420776F72642D616C08
:101FC00069676E65643A2030782530386C783A2538
:101FD0007A7500666C6173685F6E72665F726561C8
:101FE0006400666C6173685F6E72665F77726974B5
:101FF0006500666C6173685F6E72665F65726173BF
:102000006500666C6173682D636F6E74726F6C6CC3
:10201000657240343030316530303000666C617349
:10202000685F6E7266006770696F403530303030BF
:10203000333030006770696F4035303030303030C9
:102040003000000102030405060725733A204661AB
:10205000696C656420746F20616C6C6F636174657A
:10206000204750494F5445206368616E6E656C206F
:10207000666F722057414B450025733A20466169CF
:102080006C656420746F20636F6E66696775726536
:102090002057414B452070696E0025733A20435309
:1020A000204750494F20706F72742025732070694B
:1020B0006E202564206973206E6F742072656164E0
:1020C000790025733A2055706461746520657863E2
:1020D000656564732063757272656E7420627566DF
:1020E0006665720025733A2048616C662D647570D0
:1020F0006C6578206E6F7420737570706F72746584
:10210000640025733A20536C617665206D6F6465B9
:10211000206973206E6F7420737570706F727465B0
:1021200064206F6E2025730025733A204C6F6F700A
:102130006261636B206D6F6465206973206E6F74DC
:1021400020737570706F727465640025733A205740
:102150006F72642073697A6573206F74686572208A
:102160007468616E20382062697473206172652022
:102170006E6F7420737570706F7274656400257370
:102180003A204672657175656E63696573206C6F80
:10219000776572207468616E20313235206B487A21
:1021A00020617265206E6F7420737570706F727429
:1021B00065640025733A204661696C656420746F1C
:1021C00020696E697469616C697A65206E726678DF
:1021D000206472697665723A20253038780025735C
:1021E0003A2057616974696E6720666F72205741A3
:1021F0004B452061636B6E6F776C6564676D656ED0
:10220000742074696D6564206F75740025733A20BD
:1022100054696D656F75742077616974696E6720A4
:10222000666F72207472616E7366657220636F6D83
:10223000706C657465007370695F636F6E74657848
:10224000745F63735F636F6E6669677572655F6104
:102250006C6C007370695F6E7266785F696E69742A
:10226000007370695F636F6E746578745F7761691E
:10227000745F666F725F636F6D706C6574696F6EAB
:10228000007370695F636F6E746578745F757064F6
:102290006174655F7278007370695F636F6E7465F7
:1022A00078745F7570646174655F747800636F6ED5
:1022B000666967757265007472616E7363656976CD
:1022C0006500737069403430303034303030007322
:1022D00070695F6E7266785F7370696D0025733A1E
:1022E00020535049207472616E73616374696F6E1C
:1022F000206661696C6564207769746820636F6427
:10230000653A2025642F25750025733A20556E7394
:102310007570706F72746564206572617365207288
:102320006571756573743A2073697A6520257A75CD
:10233000206174203078256C780025733A20535042
:102340004920627573202573206E6F742072656159
:1023500064790025733A2057726F6E67204A4544AE
:1023600045432049443A2025303258202530325800
:1023700020253032582C2065787065637465643A86
:102380002025303258202530325820253032580050
:10239000636F6E6669677572655F706167655F73AD
:1023A000697A6500636865636B5F6A656465635F2E
:1023B0006964007370695F666C6173685F6174342F
:1023C000355F696E6974007370695F666C6173680C
:1023D0005F617434355F7265616400706572666F49
:1023E000726D5F777269746500706572666F726D89
:1023F0005F65726173655F6F7000726561645F73C2
:1024000074617475735F7265676973746572007067
:102410006572666F726D5F636869705F6572617324
:102420006500706F7765725F646F776E5F6F7000C5
:102430007370695F666C6173685F617434355F6582
:10244000726173650061743435646236343165409D
:1024500030006374725F7370695F666C6173685F8C
:102460006174343500636F6D6D616E64206E6F74DE
:1024700020666F756E643A2025730A0025733A2032
:10248000426F6E6420636F756E743A202575206FFD
:102490007574206F662025750025733A2043616CA2
:1024A0006C206062745F756E706169726020666135
:1024B000696C65643A2025640025733A20416C6C90
:1024C00020626F6E64732068617665206265656E58
:1024D0002064656C657465640025733A20436F6EF3
:1024E0006E656374696F6E206F626A6563742069DC
:1024F00073204E554C4C0025733A2043616C6C2080
:102500006062745F636F6E6E5F6765745F696E664D
:102510006F60206661696C65643A202564002573EC
:102520003A20446973636F6E6E6563746564202836
:10253000726561736F6E3A202575290025733A2004
:10254000436F6E6E656374696F6E206661696C655A
:10255000642028726561736F6E3A20257529002505
:10256000733A20436F6E6E65637465640025733A39
:102570002053797374656D20696E697469616C6943
:102580007A6174696F6E0025733A2043616C6C2028
:102590006073657474696E67735F7265676973747D
:1025A000657260206661696C65643A202564002567
:1025B000733A2043616C6C206073657474696E6754
:1025C000735F6C6F61645F737562747265656020C0
:1025D0006661696C65643A2025640025733A20437E
:1025E000616C6C206062745F656E61626C65602016
:1025F0006661696C65643A2025640025733A20435E
:10260000616C6C206073657474696E67735F6C6F66
:10261000616460206661696C65643A202564002508
:10262000733A2043616C6C206062745F636F6E6EFE
:102630005F617574685F63625F7265676973746513
:102640007260206661696C65643A202564002573B8
:102650003A2043616C6C206062745F636F6E6E5FE2
:10266000617574685F696E666F5F63625F726567EC
:10267000697374657260206661696C65643A2025CF
:10268000640025733A2043616C6C20606374725F50
:10269000696E666F5F6765745F73657269616C5FB1
:1026A0006E756D62657260206661696C65643A2062
:1026B00025640025732025730025733A2043616C3F
:1026C0006C2060736E7072696E74666020666169FA
:1026D0006C65643A2025640025733A2043616C6C74
:1026E000206062745F7365745F6E616D6560206603
:1026F00061696C65643A2025640025733A20436162
:102700006C6C20607365745F6465766963655F6E89
:10271000616D6560206661696C65643A20256400BE
:1027200025733A2043616C6C20606374725F696E3C
:10273000666F5F6765745F626C655F706173736B12
:10274000657960206661696C65643A2025640025BE
:10275000733A20496E76616C696420706173736BA3
:1027600065793A20256C750025733A2043616C6CBD
:10277000206062745F706173736B65795F736574F9
:1027800060206661696C65643A2025640025733AAF
:102790002043616C6C20606C6F61645F7061737367
:1027A0006B657960206661696C65643A2025640018
:1027B00025733A2043616C6C20607368656C6C5FB4
:1027C00062745F6E75735F696E69746020666169BB
:1027D0006C65643A2025640025733A2043616C6C73
:1027E000206062745F6C655F6164765F73746172B0
:1027F0007460206661696C65643A20256400257305
:102800003A2050616972696E67206661696C65641F
:102810003A2025732028726561736F6E3A20256413
:10282000290025733A2050616972696E6720636FD1
:102830006D706C657465643A2025732028626F6E34
:102840006465643A202564290025733A2050616943
:1028500072696E672063616E63656C6C65643A20B3
:102860002573006C6F61645F706173736B657900D1
:102870007365745F6465766963655F6E616D65003D
:10288000617574685F63616E63656C00617574681F
:102890005F70616972696E675F636F6D706C65749C
:1028A0006500617574685F70616972696E675F6603
:1028B00061696C656400696E697400636F6E6E6552
:1028C0006374656400636865636B5F616E645F6514
:1028D000726173655F626F6E647300646973636FC6
:1028E0006E6E656374656400424C4520636F6D6D68
:1028F000616E64732E00436F6E66696775726174F2
:10290000696F6E20636F6D6D616E64732E00424C53
:102910004520706173736B65792028656D707479DB
:10292000206F7220362064696769747329006374AC
:10293000725F626C650025733A20436F6D6D616E46
:102940006420605245424F4F54600025733A204343
:102950006F6D6D616E642060434F4E464947205352
:10296000415645600025733A20436F6D6D616E647A
:102970002060434F4E46494720524553455460001E
:1029800077726974655F636F6D6D616E6400637407
:10299000725F626C655F7376630025733A204361F2
:1029A0006C6C206073657474696E67735F737562B5
:1029B0007379735F696E697460206661696C6564C0
:1029C0003A2025640025733A2043616C6C206069CD
:1029D00074656D2D3E636260206661696C65643A62
:1029E00020256400636F6D6D616E64206661696CA3
:1029F00065640A0025733A2043616C6C2060666C44
:102A00006173685F617265615F6F70656E6020669B
:102A100061696C65643A2025640025733A2043613E
:102A20006C6C2060666C6173685F617265615F6584
:102A30007261736560206661696C65643A20256423
:102A40000025733A2043616C6C2060726573657475
:102A500060206661696C65643A2025640025733ADC
:102A60002043616C6C206073657474696E67735F7A
:102A70007361766560206661696C65643A202564DF
:102A80000025733A2043616C6C2060736176656049
:102A9000206661696C65643A2025640025733A20DC
:102AA00043616C6C20606B5F6D616C6C6F63602068
:102AB0006661696C656400747275650066616C734B
:102AC0006500257320636F6E666967202573202576
:102AD000640A00257320636F6E6669672025732082
:102AE000252E32660A00257320636F6E66696720A3
:102AF00025732025730A00257320636F6E6669674E
:102B000020257320222573220A00257320636F6E0F
:102B100066696720257320002020252D3138733AFF
:102B20002573203C25647E25643E0A002020252D47
:102B30003138733A2573203C252E32667E252E329D
:102B4000663E0A002020252D3138733A2573203C3B
:102B5000747275652F66616C73653E0A00202025CE
:102B60002D3138733A25730A0020202020202020A0
:102B700020202020202020202020202020202D2048
:102B800025730A002020252D3138733A257320281B
:102B90006C656E3A2025642042290A00496E7661F0
:102BA0006C696420666F726D61740A00496E7661AB
:102BB0006C69642072616E67650A00256600496E63
:102BC00076616C69642076616C75650A00696E7661
:102BD000616C696420666F726D61740A00696E765B
:102BE000616C6964206F7074696F6E0A0076616C45
:102BF000756520746F6F206C6F6E670A004C656E90
:102C000067746820646F6573206E6F74206D6174E3
:102C100063682E0A0073686F770025733A20497441
:102C2000656D20272573272073697A65206D697388
:102C30006D617463683A20657870656374656420BB
:102C4000257A752C20676F7420257A750025733AD4
:102C50002043616C6C2060726561645F6362602018
:102C60006661696C65643A2025640025732F2573BD
:102C70000025733A2043616C6C20606578706F7238
:102C8000745F66756E6360206661696C65643A2086
:102C9000256400696E697400636D645F73686F77A3
:102CA00000636D645F7361766500636D645F726578
:102CB000736574006374725F636F6E6669675F68E3
:102CC0005F6578706F7274006374725F636F6E66B5
:102CD00069675F685F736574006374725F636F6ECA
:102CE0006669675F617070656E645F73686F7700B7
:102CF0007265736574006374725F636F6E66696793
:102D00005F72657365740073617665006374725FEA
:102D1000636F6E6669675F73617665006D6F64757A
:102D20006C65730053686F7720616C6C206D6F6405
:102D3000756C65732E0053686F7720616C6C20632F
:102D40006F6E66696775726174696F6E2E0073616C
:102D50007665005361766520616C6C20636F6E66EA
:102D6000696775726174696F6E2E00726573657440
:102D700000526573657420616C6C20636F6E6669C8
:102D80006775726174696F6E2E006374725F636F32
:102D90006E6669670025733A20496E76616C6964D6
:102DA000207369676E61747572653A2030782530DA
:102DB00038780025733A20496E636F6D70617469CD
:102DC000626C652076657273696F6E3A2030782583
:102DD0003032780025733A20556E657870656374DB
:102DE00065642073697A653A20307825303278003E
:102DF00025733A20435243206D69736D6174636893
:102E00003A2030782530387820287265616429208E
:102E1000307825303878202863616C63756C617474
:102E20006564290028756E73657429002530327831
:102E30003A253032783A253032783A253032783AAD
:102E4000253032783A25303278006C6F61645F75D6
:102E50006963725F637573746F6D657200696E6923
:102E600074006374725F696E666F0025733A204365
:102E7000616C6C206661696C65643A202564007041
:102E80006173735F737472006374725F696E666FEF
:102E90005F626C6500626C6520706173736B65794D
:102EA0003A2025730A00626C65206465766164646B
:102EB000723A2025730A00636C61696D20746F6B30
:102EC000656E3A2025730A0073657269616C206E25
:102ED000756D6265723A2025730A006669726D77B6
:102EE0006172652076657273696F6E3A2025730A88
:102EF000006669726D77617265206E616D653A205A
:102F000025730A006669726D776172652062756E5D
:102F1000646C653A2025730A006861726477617297
:102F200065207265766973696F6E3A2025730A00B1
:102F300068617264776172652076617269616E742E
:102F40003A2025730A0070726F64756374206E6195
:102F50006D653A2025730A0076656E646F72206E87
:102F6000616D653A2025730A0044657669636520C2
:102F7000696E666F726D6174696F6E20636F6D6DDF
:102F8000616E64732E0047657420616C6C20696EFD
:102F9000666F726D6174696F6E206174206F6E630D
:102FA000652E0076656E646F722D6E616D650047EB
:102FB00065742076656E646F72206E616D652E009B
:102FC00070726F647563742D6E616D650047657412
:102FD0002070726F64756374206E616D652E006879
:102FE000772D76617269616E74004765742068613F
:102FF0007264776172652076617269616E742E0009
:1030000068772D7265766973696F6E004765742005
:103010006861726477617265207265766973696F41
:103020006E2E0066772D62756E646C650047657460
:10303000206669726D776172652062756E646C6579
:103040002E0066772D6E616D650047657420666998
:10305000726D77617265206E616D652E0066772DE9
:1030600076657273696F6E00476574206669726D6C
:10307000776172652076657273696F6E2E00736575
:103080007269616C2D6E756D6265720047657420A2
:1030900073657269616C206E756D6265722E006376
:1030A0006C61696D2D746F6B656E0047657420638C
:1030B0006C61696D20746F6B656E2E00626C652D9E
:1030C000646576616464720047657420424C4520F3
:1030D00064657669636520616464726573732E004C
:1030E000626C652D706173736B6579004765742040
:1030F000424C4520706173736B65792E0063747266
:103100005F696E666F5F7368656C6C0025733A204B
:10311000536F667444657669636520436F6E74729D
:103120006F6C6C6572204153534552543A2025739D
:103130002C20256400536F667444657669636520AE
:10314000436F6E74726F6C6C6572206275696C642B
:10315000207265766973696F6E3A200025733A2094
:10316000456E74726F707920736F75726365206439
:103170006576696365206E6F74207265616479009D
:1031800025733A204661696C656420746F2072650E
:103190006769737465722072616E6420736F7572F3
:1031A000636520282564290025733A20416C6C6FE3
:1031B0006361746564206D656D6F727920746F6FE3
:1031C000206C6F773A202575203C202575002573EB
:1031D0003A204E6F206576656E742062756666656E
:1031E0007220617661696C61626C650025733A20BA
:1031F0004E6F20646174612062756666657220613D
:103200007661696C61626C650025733A204576656C
:103210006E742062756666657220746F6F20736DC0
:10322000616C6C2E202575203E2025750025733A93
:1032300020556E6578706563746564206D73675F93
:10324000747970653A2025752E2054686973206959
:10325000662D656C7365206E656564732061206EF4
:103260006577206272616E636800636F6E6669677E
:103270007572655F6D656D6F72795F757361676596
:10328000006863695F6472697665725F6F70656E0E
:103290000069736F5F646174615F7061636B657413
:1032A0005F70726F6365737300646174615F7061F6
:1032B000636B65745F70726F6365737300657665C9
:1032C0006E745F7061636B65745F70726F6365735A
:1032D000730066657463685F616E645F70726F63CC
:1032E0006573735F6863695F6D7367007364635FC1
:1032F000617373657274696F6E5F68616E646C652B
:10330000720062745F6863695F7364630062745F14
:103310007364635F6863695F647269766572006293
:10332000745F7364635F63727970746F0025733ABE
:10333000207075626C6963206B6579206973206EFB
:103340006F742076616C6964202865727220256430
:10335000290025733A20556E6B6E6F776E20636F70
:103360006D6D616E640042542043544C52204543BD
:10337000444800636F6D6D6F6E5F73656372657453
:1033800000656364685F636D645F70726F6365732B
:1033900073003F49F6D4A3C55F3874C9B3E3D210B4
:1033A0003F504AFF607BEB40B7995899B8A6CD3C97
:1033B0001ABD62745F7364635F656364680025733C
:1033C0003A204D50534C204153534552543A2025F6
:1033D000732C202564004D50534C20576F726B00A6
:1033E0006D5F6173736572745F68616E646C657242
:1033F000006D70736C5F696E69740025733A206D9F
:1034000070736C5F74696D65736C6F745F736573F3
:1034100073696F6E5F6F70656E206661696C65645D
:103420003A2025640025733A2074696D656F7574C0
:10343000006E72665F666C6173685F73796E635F5E
:1034400065786500666C6173685F73796E635F6D44
:1034500070736C000000000000010100000000001B
:10346000002030303030303030303030303030309C
:1034700000010100000000005465726D696E616C0E
:1034800000000000000000545452205245474745B8
:10349000530025733A2048616C74696E6720737914
:1034A0007374656D00556E6B6E6F776E206572720A
:1034B0006F720025733A203E3E3E205A45504859CF
:1034C0005220464154414C204552524F52202564CF
:1034D0003A202573206F6E20435055202564002527
:1034E000733A204661756C7420647572696E67204A
:1034F000696E746572727570742068616E646C694F
:103500006E670A0025733A2043757272656E7420E7
:103510007468726561643A2025702028257329003B
:1035200043505520657863657074696F6E00556E01
:1035300068616E646C656420696E74657272757022
:103540007400537461636B206F766572666C6F777D
:10355000004B65726E656C206F6F7073004B657207
:103560006E656C2070616E6963007A5F666174617C
:103570006C5F6572726F72006B5F7379735F666107
:1035800074616C5F6572726F725F68616E646C65A6
:10359000720069646C65006D61696E006F73007321
:1035A0007973776F726B71002B0070726573746141
:1035B000727400646561640073757370656E646530
:1035C000640061626F7274696E6700737573706511
:1035D0006E64696E6700717565756564002D79A10B
:1035E000C86A40B73CF674F90B22D3C48074728267
:1035F000BA00FFFFFFFF1F00647261676F6F6E2FDD
:103600006C6962732F7363686564756C696E672F8C
:103610007372632F72656D5F68616C5F6576656E4E
:10362000745F74696D65722E63006E616E00286E42
:10363000756C6C29006364696E6F70737578585B84
:1036400065666745464700616E006E66696E69741F
:0436500079000000FD
:10365400FFFFFFFFFF1F00001F000000000000002D
:103664007FFE0000E4070000DD50000000000000C1
:10367400FFFFFFFF1FFF0000BAABBABA1010101013
:10368400A0354D00FF000000C40900000000000048
:103694000080004000000000000000000C0000005A
:1036A4000000000000FF7F00000000000000000098
:1036B4000000000000000000000000000000000006
:1036C40000000000113D000045460000C93C000018
:1036D400754B0000C93C0000C93C0000C93C000017
:1036E400C93C0000C93C0000854A0000C93C0000F8
:1036F400C93C0000C93C0000413D0000114D0000E0
:10370400F54C000011460000293D0000CD490000A1
:10371400A13E00004D4D0000A8000020AC00002098
:1037240074000020BC000020B4000020814300008D
:10373400913D0000E94A00003D4A000000000000FD
:103744000000000000000000000000000000000075
:103754000000000000000000618400000000000080
:10376400D950010000000000CB500100000000000F
:10377400B5500100000000002151010000000000CC
:103784009D8400000000000025510100000000009D
:103794000000000000000000000000000000000025
:1037A4000000000000000000000000000000000015
:1037B4000000000000000000000000000000000005
:1037C40000000000000000000000000000000000F5
:1037D40000000000000000000000000000000000E5
:1037E40000000000000000000000000000000000D5
:1037F40000000000000000000000000000000000C5
:1038040000000000000000000000000000000000B4
:1038140000000000000000000000000000000000A4
:103824000000000000000000000000000000000094
:103834000000000000000000000000000000000084
:103844000000000000000000000000000000000074
:103854000000000000000000000000000000000064
:103864000000000000000000000000000000000054
:103874000000000000000000000000000000000044
:103884000000000000000000000000000000000034
:103894000000000000000000000000000000000024
:1038A4000000000000000000000000000000000014
:1038B4000000000000000000000000000000000004
:1038C40000000000000000000000000000000000F4
:1038D40000000000000000000000000000000000E4
:1038E40000000000000000000000000000000000D4
:1038F40000000000000000000000000000000000C4
:1039040000000000000000000000000000000000B3
:1039140000000000000000000000000000000000A3
:103924000000000000000000000000000000000093
:103934000000000000000000000000000000000083
:103944000000000000000000000000000000000073
:103954000000000000000000000000000000000063
:103964000000000000000000000000000000000053
:103974000000000000000000000000000000000043
:103984000000000000000000000000000000000033
:103994000000000000000000000000000000000023
:1039A4000000000000000000000000000000000013
:1039B4000000000000000000000000000000000003
:1039C40000000000000000000000000000000000F3
:1039D40000000000000000000000000000000000E3
:1039E40000000000000000000000000000000000D3
:1039F40000000000A80300202D75010033750100AC
:103A0400357501005F7501003975010069750100A4
:103A14003F75010075750100457501007B75010056
:103A24004775010055750100597501004B7501007A
:103A340051750100657501006F7501002CCD0300FF
:103A44000100000000000000000000000000000071
:103A54000000000000000000000000000000000062
:103A64000000000000000000000000000000000052
:103A74000000000000000000000000000000000042
:103A84000000000000000000000000000000000032
:103A94000000000000000000000000000000000022
:103AA4000000000000000000000000000000000012
:103AB4000000000000000000000000000000000002
:103AC40000000000000000000000000000000000F2
:103AD40000000000000000000000000000000000E2
:103AE40000000000000000000000000000000000D2
:103AF40000000000000000000000000000000000C2
:103B040000000000000000000000000000000000B1
:103B140000000000000000000000000000000000A1
:103B24000000000000000000000000000000000091
:103B340085F9010000000000000000000000000002
:103B44000000000000000000000000000000000071
:103B54000000000000000000000000000000000061
:103B64000000000000000000000000000000000051
:103B74000000000000000000000000000000000041
:103B84000000000000000000000000000000000031
:103B94000000000000000000000000000000000021
:103BA4000000000000000000000000000000000011
:103BB4000000000000000000000000000000000001
:103BC40000000000000000000000000000000000F1
:103BD40000000000A4C20300000000000000000078
:103BE40000000000000000000000000000000000D1
:103BF4000000000000000000A8050020A805002027
:103C04000100000001000000B8050020B8050020F4
:103C140000000000000000000000000000000000A0
:103C24000000000000000000000000000000000090
:103C34000000000000000000000000000000000080
:103C44000000000000000000434D0300D55A0300AB
:103C540025AB0100000000008F5D030000000000A0
:103C6400735D0300000000000100000038D1030070
:103C7400E86F0020000000000100000068D103008C
:103C84001033002027ED030000000C0000000000AA
:103C94000000000000000000000000000000000020
:103CA4000000000000000000000000000000000010
:103CB400000000000000000099BB010000000000AB
:103CC4000000000049ED03000000100000000000A7
:103CD4000100000020D203004CD20300D4D50120FF
:103CE40000000000000000000000000000000000D0
:103CF400000000000000000000040000D4D90120EE
:103D040000000000000000000000000000000000AF
:103D14000000000000000000000400005CD203006A
:103D2400337D03006C0D00203A000000800D00205C
:103D34003A000000300D00203A000000BC0D0020C5
:103D44003A00000000000000377B03000000000080
:103D540000000000000000005DD70100000000002A
:103D6400000000000000000045DD0100000000002C
:103D74000000000000000000358103000000000086
:103D84000000000000000000F5E401000000000055
:103D94000000000000000000C51F02000000000039
:103DA4000000000000000000C51802000000000030
:103DB40000000000640700206407002000000000E9
:103DC40000000000593102007D40020013920300FC
:103DD4000000000000000000E53602002990030006
:103DE400558F0300C52E02000000000000000000F3
:103DF40000000000000000000000000000000000BF
:103E0400015E02000000000000000000019B0300AE
:103E1400000000000000000000000000A0E103001A
:103E240000000200ACE1030000000A00BCE1030052
:103E3400000020000000000000000000000000005E
:103E4400000000000000000000000000000000006E
:103E5400000000000000000000000000000000005E
:103E6400000000007B95030000000000D0E1030087
:103E740000000200DCE1030000000200E8E10300AE
:103E840000000A00B571020000000000FFFFFFFF00
:103E940000000000000000004CD9030001000000F5
:103EA400500800205008002000000000010000001D
:103EB40060080020600800206808002068080020CE
:103EC40000000000010000007808002078080020AD
:103ED40000000000000000000000000000000000DE
:103EE40000000000000000000000000000000000CE
:103EF4000000000090C20300000000000000000069
:103F04009DB3002095B30020912E04000000000012
:103F140031A00200D99F020021A00200000000008D
:103F240045A70200DDA6020000000000000000001A
:103F3400000000000000000000000000000000007D
:103F4400A1A70200000000000000000029A8020050
:103F540000000000000000007E0A002000001200A3
:103F64008F0A002000000800B10A002000000200AF
:103F7400C20A002000000200D30A00200000020050
:103F8400E40A002000000200F50A002000000200FC
:103F9400060B002000000200170B002000000200A6
:103FA400280B002000000200390B00200000020052
:103FB4004A0B002000000200000000000000000086
:103FC40000000000000000000000000000000000ED
:103FD40000000000000000000000000000000000DD
:103FE40000000000000000000000000000000000CD
:103FF40000000000000000000000000000000000BD
:1040040000000000000000000000000000000000AC
:10401400000000000000000000000000000000009C
:10402400000000000000000008000000FF00000085
:10403400000000000300000000000000EC09002064
:10404400EC090020F4090020F4090020000000001D
:104054004D000300400A0020380A0020300A0020E6
:1040640000000000280A00200D020300590103008B
:104074008D010300D5010300289700203A00003A7F
:104084002C9700203A00003A309700203A00003A7A
:10409400349700203A00003A7C9C0020540A002007
:1040A400140A00200C0A0020080A0020040A002038
:1040B400850F0300790F03006D0F03000184AA60CC
:1040C40074528A8B86D34CB71D1DDC538D0602EFC8
:1040D40025FF6AE57EB5B5274B83B3C3CFFBB20298
:1040E4002F9D71467DB7F79D074DB0F4E6D40E0CB5
:1040F40002AD90097B1BC9AF97BB44455DACF1FA97
:10410400E502FAB5B2AA441141A2BE49BCDDA98DAB
:10411400C1180274F9814A908F8A98044FFE1016D0
:1041240076C9E502968BE8FDC00D0EAA204CD59801
:10413400AE594AA2028EC24E47F7F555B11845B999
:10414400539203D70C02D9D67610E60786AB6A479A
:10415400A0E1017891560221C70178E4929FB1252C
:1041640047EFAFFE5D5F0E022C62214B068B81A7E9
:10417400F648F45BC240E712021CC54DC9E91C5B5A
:10418400AF5A427CEFD2C4C8AD025C23C3B28A3DAD
:10419400C1A90042C71C039524B3027D662FAD0755
:1041A4007638A22248817448857E6E027C01827131
:0C41B400BD1371A85B4612AEBAFD4A8F25
:1041C00000000000000000000000000000000000EF
:0441D00000000000EB
:1041D40000000000000000000000000000000000DB
:1041E40000000000000000000000000000000000CB
:1041F40000000000000000000000000000000000BB
:1042040000000000000000000000000000000000AA
:0442140000000000A6
:104218000000000000000000000000000000000096
:104228000000000000000000000000000000000086
:104238000000000000000000000000000000000076
:104248000000000000000000000000000000000066
:104258000000000000000000000000000000000056
:104268000000000000000000000000000000000046
:104278000000000000000000000000000000000036
:104288000000000000000000000000000000000026
:104298000000000000000000000000000000000016
:1042A8000000000000000000000000000000000006
:1042B80000000000000000000000000000000000F6
:1042C80000000000000000000000000000000000E6
:0842D8000000000000000000DE
:1042E40000000000000000009DF602000000000035
:1042F4000000000000000000A80C0020A80C002012
:10430400F9A7020000000000000000000000000007
:084314000000000000000000A1
:10431C00C80C0020C80C00200CD4012000000000A8
:10432C00040000002C00000000000000E40C002041
:10433C00E40C0020006E01200000000004000000CE
:10434C00B000000000000000000D0020000D002057
:10435C00BCD40120000000000A0000001C0000007A
:04436C00000000004D
:1043700000000000C07001200020000000000000CC
:044380000000000039
:10438400300D0020300D002000000000000000006F
:104394000E000000440D0020440D00200000000029
:1043A400000000000E000000580D0020580D0020F1
:1043B40000000000000000000E0000006C0D002052
:1043C4006C0D002000000000000000000E00000042
:1043D400800D0020800D002000000000000000007F
:1043E4000E000000940D0020940D00200000000039
:1043F400000000000E000000A80D0020A80D002001
:1044040000000000000000000E000000BC0D0020B1
:10441400BC0D002000000000000000000E000000A1
:10442400D00D0020D00D002000000000010000008D
:10443400E00D0020E00D0020E80D0020E80D002034
:1044440000000000FFFFFFFFF80D0020F80D002022
:10445400000E0020000E00200000000001000000FB
:10446400100E0020100E0020180E0020180E002040
:104474000000000001000000280E0020280E00208B
:104484000000000000000000380E0020380E00205C
:08449400400E0020400E002044
:10449C000000000000000000500E0020500E002014
:1044AC00580E0020580E00200A000A0010000000D0
:1044BC00000000009CD5030008BD01200000000096
:1044CC00000000007C0E00207C0E0020840E0020DA
:1044DC00840E00200A000A0010000000853502003E
:1044EC0044D603007CD20120000000000000000034
:1044FC00A80E0020A80E0020B00E0020B00E002048
:10450C0003000300010000000000000050D4030071
:10451C005CA601200000000000000000D40E00206A
:10452C00D40E0020DC0E0020DC0E00200400040061
:10453C0010000000691702008CD5030098A8012018
:10454C000000000000000000000F0020000F002001
:10455C00080F0020080F00200200020001000000DC
:10456C000000000058D5030060A8012000000000E6
:10457C00000000002C0F00202C0F0020340F002016
:10458C00340F00200A000A000600000000000000A2
:10459C0040D4030090A401200000000000000000A3
:1045AC00580F0020580F0020600F0020600F0020D3
:1045BC0001000100010000000000000060D40300B5
:0445CC00B4A701206F
:0445D00015E015E0FD
:040000031000CC75A8
:00000001FF
