:020000040000FA
:10000000C09E00207D450000F5D400006945000039
:1000100069450000694500006945000000000000D6
:10002000000000000000000000000000F946000091
:100030006945000000000000954600006945000089
:10004000BD480000BD480000BD480000BD4800009C
:10005000BD480000BD480000BD480000BD4800008C
:10006000BD480000BD480000BD480000BD4800007C
:10007000BD480000BD480000BD480000BD4800006C
:10008000BD480000BD480000BD480000BD4800005C
:10009000BD480000BD480000BD480000BD4800004C
:1000A000BD480000BD480000BD480000BD4800003C
:1000B000BD480000BD480000BD480000BD4800002C
:1000C000BD480000BD480000BD480000BD4800001C
:1000D000BD480000BD480000BD480000BD4800000C
:1000E000BD480000BD480000BD480000BD480000FC
:1000F000BD480000BD480000BD480000BD480000EC
:1001000081F0004102E000BF83F0004330B54FEAC8
:1001100041044FEA430594EA050F08BF90EA020F35
:100120001FBF54EA000C55EA020C7FEA645C7FEAC8
:10013000655C00F0E2804FEA5454D4EB5555B8BFEB
:100140006D420CDD2C4480EA020281EA030382EA5C
:10015000000083EA010180EA020281EA0303362DEE
:1001600088BF30BD11F0004F4FEA01314FF4801CC1
:100170004CEA113102D0404261EB410113F0004FD3
:100180004FEA03334CEA133302D0524263EB43038A
:1001900094EA050F00F0A780A4F10104D5F1200E28
:1001A0000DDB02FA0EFC22FA05F2801841F1000183
:1001B00003FA0EF2801843FA05F359410EE0A5F157
:1001C00020050EF1200E012A03FA0EFC28BF4CF088
:1001D000020C43FA05F3C01851EBE37101F000453E
:1001E00007D54FF0000EDCF1000C7EEB00006EEB4B
:1001F0000101B1F5801F1BD3B1F5001F0CD34908D5
:100200005FEA30004FEA3C0C04F101044FEA44522B
:1002100012F5800F80F09A80BCF1004F08BF5FEAB2
:10022000500C50F1000041EB045141EA050130BD92
:100230005FEA4C0C404141EB0101013C28BFB1F5A4
:10024000801FE9D291F0000F04BF01460020B1FAEF
:1002500081F308BF2033A3F10B03B3F120020CDAC2
:100260000C3208DD02F1140CC2F10C0201FA0CF0A0
:1002700021FA02F10CE002F11402D8BFC2F1200C05
:1002800001FA02F120FA0CFCDCBF41EA0C019040BB
:10029000E41AA2BF01EB0451294330BD6FEA040404
:1002A0001F3C1CDA0C340EDC04F11404C4F12002EF
:1002B00020FA04F001FA02F340EA030021FA04F301
:1002C00045EA030130BDC4F10C04C4F1200220FA58
:1002D00002F001FA04F340EA0300294630BD21FA96
:1002E00004F0294630BD94F0000F83F4801306BF5C
:1002F00081F480110134013D4EE77FEA645C18BF50
:100300007FEA655C29D094EA050F08BF90EA020FE6
:1003100005D054EA000C04BF1946104630BD91EADE
:10032000030F1EBF0021002030BD5FEA545C05D1E1
:100330004000494128BF41F0004130BD14F5800420
:100340003CBF01F5801130BD01F0004545F0FE4194
:1003500041F470014FF0000030BD7FEA645C1ABFC9
:10036000194610467FEA655C1CBF0B46024650EA00
:10037000013406BF52EA033591EA030F41F400212C
:1003800030BD00BF90F0000F04BF0021704730B5B2
:100390004FF4806404F132044FF000054FF0000187
:1003A00050E700BF90F0000F04BF0021704730B548
:1003B0004FF4806404F1320410F0004548BF40421D
:1003C0004FF000013EE700BF42004FEAE2014FEA72
:1003D00031014FEA02701FBF12F07F4393F07F4F4D
:1003E00081F06051704732F07F4208BF704793F050
:1003F0007F4F04BF41F40021704730B54FF4607463
:1004000001F0004521F000411CE700BF50EA010265
:1004100008BF704730B54FF000050AE050EA01020E
:1004200008BF704730B511F0004502D5404261EB7E
:1004300041014FF4806404F132045FEA915C3FF4BF
:10044000D8AE4FF003025FEADC0C18BF03325FEA5C
:10045000DC0C18BF033202EBDC02C2F1200300FA0D
:1004600003FC20FA02F001FA03FE40EA0E0021FA32
:1004700002F11444BDE600BF80F0004002E000BF7E
:1004800081F0004142001FBF5FEA410392EA030F7F
:100490007FEA226C7FEA236C6AD04FEA1262D2EBC9
:1004A0001363C1BFD218414048404140B8BF5B42CE
:1004B000192B88BF704710F0004F40F4000020F067
:1004C0007F4018BF404211F0004F41F4000121F07D
:1004D0007F4118BF494292EA030F3FD0A2F10102C7
:1004E00041FA03FC10EB0C00C3F1200301FA03F105
:1004F00000F0004302D5494260EB4000B0F5000F28
:1005000013D3B0F1807F06D340084FEA310102F1E6
:100510000102FE2A51D2B1F1004F40EBC25008BF98
:1005200020F0010040EA03007047490040EB000062
:10053000013A28BFB0F5000FEDD2B0FA80FCACF163
:10054000080CB2EB0C0200FA0CF0AABF00EBC25090
:1005500052421843BCBFD0401843704792F0000F7E
:1005600081F4000106BF80F400000132013BB5E7D1
:100570004FEA41037FEA226C18BF7FEA236C21D047
:1005800092EA030F04D092F0000F08BF08467047AC
:1005900090EA010F1CBF0020704712F07F4F04D17A
:1005A000400028BF40F00040704712F100723CBF8D
:1005B00000F50000704700F0004343F0FE4040F4B7
:1005C000000070477FEA226216BF08467FEA236375
:1005D0000146420206BF5FEA412390EA010F40F460
:1005E000800070474FF0000304E000BF10F00043AC
:1005F00048BF40425FEA000C08BF704743F0964393
:1006000001464FF000001CE050EA010208BF7047AD
:100610004FF000030AE000BF50EA010208BF704734
:1006200011F0004302D5404261EB41015FEA010C49
:1006300002BF84460146002043F0B64308BFA3F141
:100640008053A3F50003BCFA8CF2083AA3EBC25323
:1006500010DB01FA02FC634400FA02FCC2F1200242
:10066000BCF1004F20FA02F243EB020008BF20F079
:100670000100704702F1200201FA02FCC2F12002DF
:1006800050EA4C0021FA02F243EB020008BF20EAD4
:10069000DC7070474FF0FF0C1CEAD0521EBF1CEA02
:1006A000D15392EA0C0F93EA0C0F6FD01A4480EAF0
:1006B000010C400218BF5FEA41211ED04FF00063D9
:1006C00043EA501043EA5111A0FB01310CF0004005
:1006D000B1F5000F3EBF490041EAD3715B0040EA2B
:1006E000010062F17F02FD2A1DD8B3F1004F40EBFB
:1006F000C25008BF20F00100704790F0000F0CF0CE
:10070000004C08BF49024CEA502040EA51207F3A91
:10071000C2BFD2F1FF0340EAC250704740F400006C
:100720004FF00003013A5DDC12F1190FDCBF00F05D
:1007300000407047C2F10002410021FA02F1C2F10B
:10074000200200FA02FC5FEA310040F1000053EAA7
:100750004C0308BF20EADC70704792F0000F00F0F5
:10076000004C02BF400010F4000F013AF9D040EAFB
:100770000C0093F0000F01F0004C02BF490011F48F
:10078000000F013BF9D041EA0C018FE70CEAD1538D
:1007900092EA0C0F18BF93EA0C0F0AD030F0004C0D
:1007A00018BF31F0004CD8D180EA010000F00040C1
:1007B000704790F0000F17BF90F0004F084691F07F
:1007C000000F91F0004F14D092EA0C0F01D14202B9
:1007D0000FD193EA0C0F03D14B0218BF084608D182
:1007E00080EA010000F0004040F0FE4040F40000CC
:1007F000704740F0FE4040F4400070474FF0FF0C5F
:100800001CEAD0521EBF1CEAD15392EA0C0F93EAA5
:100810000C0F69D0A2EB030280EA010C49024FEAF7
:10082000402037D04FF0805343EA111143EA1013B0
:100830000CF000408B4238BF5B0042F17D024FF468
:10084000000C8B4224BF5B1A40EA0C00B3EB510F43
:1008500024BFA3EB510340EA5C00B3EB910F24BF2C
:10086000A3EB910340EA9C00B3EBD10F24BFA3EBB1
:10087000D10340EADC001B0118BF5FEA1C1CE0D179
:10088000FD2A3FF650AF8B4240EBC25008BF20F02C
:10089000010070470CF0004C4CEA50207F32C2BF80
:1008A000D2F1FF0340EAC250704740F400004FF01D
:1008B0000003013A37E792F0000F00F0004C02BF4E
:1008C000400010F4000F013AF9D040EA0C0093F018
:1008D000000F01F0004C02BF490011F4000F013B72
:1008E000F9D041EA0C0195E70CEAD15392EA0C0FDA
:1008F00008D142027FF47DAF93EA0C0F7FF470AF12
:10090000084676E793EA0C0F04D14B023FF44CAF54
:1009100008466EE730F0004C18BF31F0004CCAD1E9
:1009200030F000427FF45CAF31F000437FF43CAF25
:100930005FE700BF4FEA40024FEA41037FEA226CC3
:1009400002D15FEA402C08D17FEA236C02D15FEA32
:10095000412C02D14FF0000070474FF0010070476A
:100960007BB972B90029BEBF00204FF0004106E0FC
:1009700008BF00281CBF6FF000414FF0FF3000F0AF
:1009800057B8ADF1080C6DE904CE002909DB002B46
:100990001ADB00F061F8DDF804E0DDE9022304B0C1
:1009A0007047404261EB4101002B1BDB00F054F823
:1009B000DDF804E0DDE9022304B0404261EB4101CF
:1009C000524263EB43037047524263EB430300F030
:1009D00043F8DDF804E0DDE9022304B0404261EBB6
:1009E00041017047524263EB430300F035F8DDF8F4
:1009F00004E0DDE9022304B0524263EB4303704795
:100A000053B94AB9002908BF00281CBF4FF0FF3175
:100A10004FF0FF3000F00CB8ADF1080C6DE904CEDA
:100A200000F01AF8DDF804E0DDE9022304B07047B5
:100A3000704700BF10F8012B11F8013B012A28BFB5
:100A40009A42F7D0D01A7047034613F8012B002AB8
:100A5000FBD1181A013870472DE9F04786468C46BD
:100A60000846089E154674461946002B40F0C28081
:100A70008542B2FA82F245D94AB1C2F1200300FAA6
:100A800002FC2EFA03F3954043EA0C0C94404FEA23
:100A9000154EA8B2BCFBFEF8230C0EFB18CC08FBCD
:100AA00000F943EA0C43994528D9EB1808F1FF37C0
:100AB00004D2994502D9A8F102072B44A3EB0903FC
:100AC000A4B2B3FBFEFC0EFB1C330CFB00F044EAAB
:100AD0000344A04214D92C190CF1FF3304D2A042D4
:100AE00002D9ACF102032C44241A43EA07401EB198
:100AF000D440002334607360BDE8F0874746DDE7EB
:100B00006346F1E792BB431B01214FEA154EAFB29A
:100B1000B3FBFEFC200C0EFB1C330CFB07F840EA79
:100B20000343984562D9EB180CF1FF3004D2984585
:100B300002D9ACF102002B44A3EB0803A4B2B3FB2F
:100B4000FEFC0EFB1C330CFB07F744EA0344A742F0
:100B50004ED92C190CF1FF3304D2A74202D9ACF1C3
:100B600002032C44E41B43EA0040C0E7C2F1200327
:100B700020FA03F1954090402EFA03F303434FEA25
:100B8000154EAFB2B1FBFEFC0EFB1C10190C0CFB9A
:100B900007F841EA0041884504FA02F422D96918AD
:100BA0000CF1FF3004D2884502D9ACF1020029448F
:100BB000A1EB08019BB2B1FBFEFC0EFB1C110CFB70
:100BC00007F743EA01439F420ED9EB180CF1FF31BE
:100BD00004D29F4202D9ACF102012B44DB1B41EA53
:100BE000004192E76046E3E76146F7E76046A3E726
:100BF0006346B7E7834206D916B9002108467BE76A
:100C0000C6E900E0F9E7B3FA83F78FB9834201D36D
:100C1000724508D8BEEB020460EB030301209C463A
:100C20001EB9002168E73846FAE7C6E9004CF8E744
:100C3000C7F1200CBB4022FA0CF41C432EFA0CF135
:100C400020FA0CF3B84001434FEA14490EFA07F5B5
:100C5000B3FBF9F81FFA84FE09FB18300B0C08FBF4
:100C60000EFA43EA00439A4502FA07F240D9E31824
:100C700008F1FF3004D29A4502D9A8F102002344BA
:100C8000A3EB0A0389B2B3FBF9F809FB183308FB9D
:100C90000EFE41EA03418E452CD9611808F1FF335D
:100CA00004D28E4502D9A8F10203214443EA004050
:100CB000A0FB0298A1EB0E014145CE46434602D36C
:100CC00006D14D4504D2B9EB020E68EB040301389E
:100CD000002EA6D0B5EB0E0261EB030101FA0CFC6D
:100CE00022FA07F34CEA0303F940C6E9003198E71A
:100CF0004046C5E74346D9E72DE9F047064688B0A8
:100D00000F4690460DF0EDFE4FF47A73A0FB0345BD
:100D100003FB0155E40B012F44EA45444FEAD53566
:100D200007D1294922462B4630460CF059F80020BD
:100D300012E0D8F8047025483946FFF77BFE70B101
:100D400023483946FFF776FE48B1304621493A46F6
:100D50000CF062F86FF0040008B0BDE8F0872046A0
:100D6000294617A3D3E90023FFF7FAFD05460C46F1
:100D700010461946184A0023FFF7F2FD80460F4639
:100D8000104619464EF660220023FFF7E9FD824621
:100D90008946104619464FF47A720023FFF7E0FDAA
:100DA000CDE902A9CDE90623CDE90401CDE900870B
:100DB0000A492A46234630460CF012F8B7E700BF2E
:100DC000005C260500000000400101005101010007
:100DD000540101005D01010080EE36007501010043
:100DE0002DE9F043644C85B0236803F00703022B20
:100DF00000AF10D96D4688B06A46604B5361604BB6
:100E00009361032342F8103F00234FF4C65120465C
:100E100001F04CF9AD465B480DF0E0FB0346D0B95C
:100E2000226850070FD06D4688B06A465649516116
:100E300053499161032142F8101F4F484FF4C251AA
:100E400001F034F9AD46002383F31188BFF36F8FAF
:100E50000323184602DFDFF834814A4D0026236859
:100E600003F00703022B10D9E94688B06A46444BC9
:100E700093610323C2F8148042F8103F3E480023D8
:100E80004FF4C65101F012F9CD46AB683D481B68DE
:100E900001219847D8B12368590711D0E94688B095
:100EA0006A463B4B5361364BC2E90630042342F895
:100EB000103F314800234FF4015101F0F7F8CD46BF
:100EC00086F31188BFF36F8F0323184602DF0021DA
:100ED00040F6CD400DF05CFD1022002138460EF0AA
:100EE00064F8AB682B495B683A4628469847D8B106
:100EF00023685A0711D0E94688B06A46264B5361E9
:100F00001F4BC2E90630042342F8103F1A48002361
:100F10004FF4015101F0CAF8CD4686F31188BFF3B2
:100F20006F8F0323184602DFAB6800211B68284639
:100F30009847D8B123685B0711D0E94688B06A4664
:100F4000134B53610E4BC2E90630042342F8103FA5
:100F5000094800234FF4015101F0A8F8CD4686F36B
:100F60001188BFF36F8F0323184602DF00214FF46F
:100F700000400DF00DFD72E7A4020020C4FD00004A
:100F800054FE0000ACF20000E9FD0000FEFD000090
:100F900008FE000038F900002FFE00002DE9F04F98
:100FA00091B08407009302F004030293C2F3C203DA
:100FB00003F10103DDF86880039205460E460593B0
:100FC00040F0BA81041D30B1072909D86FF01B0029
:100FD00011B0BDE8F08F01F007063444C6F10806F1
:100FE000009B4FF00009591E4FF0040A4FF0FF33E9
:100FF0000193CDF810904F46CB4653460DB1009A61
:1010000022600598002800F3E8809848009A824200
:1010100003D397488242C0F0E080039AA4EB050E08
:1010200092074FEA9E0000F103810F2F00F2B1807A
:10103000002D00F0058107F140020DEB020C019A32
:101040000CF8200C0CF8102C049801300490E7E008
:101050007A285DD84B280ED8472859D829282DD86A
:10106000252852D054D820287AD02338D0F1000B2C
:101070004BEB000B74E04C382E2849D8DFE800F029
:101080007048484848484848484848484B484848B5
:10109000484848484859484B4B595959704B6D4836
:1010A0007048184B184848827F4B48484B487F008F
:1010B00000204FF0000B4FF0040A38E02A38C0B28D
:1010C000012202FA00F010EA0E0F49D110F0625C22
:1010D0002FD110EA020B43D06046013C5444B4FBCC
:1010E000FAF40AFB04F4002D61D0A3EB050CA44430
:1010F000B4453FF66BAF002868D1042B47D158F8B0
:10110000043B2360043404232AE0019A013A01924B
:101110004FF0000B24E011F8010C6C2834D111F8C9
:10112000023C00206C2B8346C5D14FF0080A534681
:10113000D3E708F1070828F007080734F8E802ABFE
:1011400024F0070435B106982044B0423FF63EAF84
:10115000C4E900AB08344FF0000B4FF0080A5346C7
:1011600011F8010F002878D0BBF1000F7FF470AFA9
:101170002528F5D1019B013301934FF0010B4FF06E
:10118000040AECE7584694E700208346A5E7082BBD
:1011900002D06FF015001BE708F1070828F00708D8
:1011A000F8E80223C4E9002308340823D8E768B923
:1011B000042B02D108F10408A4E7082BE9D108F1B7
:1011C000070828F0070808F10808EDE7059A013A32
:1011D000059258F8042B009210E7039A900720D547
:1011E000A4EB050E4FEA9E004FF0010CBEF5007F08
:1011F000CFD20F2FCDD8F5B107F140020DEB020E83
:10120000C0B2019A0EF8200C0EF8102CBCF1000FA1
:101210003FF41AAF60F07F000EF8200C09F10109CD
:101220000137C5F10802043406924FF6DA7E97E7DB
:101230004FF0000CDAE7BCF1000F01D00136EFE708
:10124000029802360028EBD10098CDE90631FFF76D
:10125000FBFBDDE906310644E2E7631BB3F5806F73
:1012600097D23DB9A6F10804E018B1E65CF10000A0
:10127000B4180100029A28609B082B709DF810306A
:10128000C2B1EB7085F80290B9F1000F05D008A843
:101290000022C5F1010C97420ED1C5F101030DF1F9
:1012A00020084FF0000A01930DF1300B574512D181
:1012B000601B8DE66B70E5E710F8013B190608D559
:1012C0000CEB040EB64503F07F033FF67FAE04F847
:1012D000013B0132DFE7B9F1000F03D098F900209C
:1012E000002A17DB029BD3B11AF80B2004F8012B5C
:1012F0000022019B18191044B0423FF667AE98F8DF
:10130000000004F8010B0099039220460DF025FE21
:10131000039A14440AF1010A08F10108C6E798F893
:10132000002055F822300093029B45F822300098A7
:10133000FFF78AFB421CDCE76FF00D0048E600BFB8
:101340002DE9F04F97B000AF90F802A0D7F880B029
:101350003B62CBF3C0030446FA62BB61894641B9E4
:10136000457800780AEB800020444D4517D8A0EB63
:101370000409E378FB61BAF1000F02D01BF0010F02
:1013800016D1FB6953BBFB6A1BB13A6A494620463A
:1013900098474D4628465C37BD46BDE8F08F461C51
:1013A0003046FFF751FB0130304409F10109DCE719
:1013B000237862687A62FA6A9900796104EB8301A2
:1013C000002A40F006814D460E4601EB0A094FF017
:1013D0000008B14552D101EB0A0610E01BF0020FE4
:1013E000D1D023789A007A6162687A62FA6A04EB53
:1013F0008301002A7DD14D4601EB0A0690461BF081
:10140000050F0CBF02230123FB62FB6906EB430AB5
:101410000BF00203BB625645BCD016F8021B16F84F
:10142000013C54F823909C4B994502D39B4B994522
:101430003CD3BB69002B46D0786A0AF04AFF0028EB
:1014400041D09748036813F0060F15D0E9468AB0DB
:101450006A46944B5361944B93617B6AC2E90731AE
:1014600040F201339384914B42F8103F00234FF434
:10147000325100F01BFECD46023DCCE716F8013B91
:10148000F96254F82300FFF7DFFAD7F88430F96ADD
:1014900001304BB1D7F8883098453EBFD7F884303B
:1014A00023F8180008F10108054492E7BB6923B14D
:1014B000786A0AF00EFF0028C3D11BF0010F05D196
:1014C000FB6AED1AA7E7BB6A002BA4D04846FFF7DA
:1014D000BBFAD7F8843053B1D7F8883098453FBF6E
:1014E000D7F88420431C22F8183008F1010805447D
:1014F00091E7BAF1000F72D01BF0040872D0D04609
:1015000007F14800002652463B61B9620DF025FD07
:10151000B96A3B6901EB0A02BA62FA69F9695200D9
:10152000FA60BA6A02EB41023A610BF00202BA6059
:101530003A69B96A8A4257D162787A621BF0020F1F
:1015400032440CBF4FEA580100211BF0010FD2B208
:1015500040F09F801BF0040F14BF40460020BB6189
:101560006270A070E1703A6A7969FB6A2046984718
:10157000051EFFF60FAFBB6923707B6A6370FB69C2
:10158000E37041463A6AFB6A84F802A007F148001A
:101590009847B0F10008C0F2BD807B693A6AA9EBB8
:1015A0000A01C91AFB68C91AD7E90A039847002833
:1015B000C0F2B280A84408EB00054FF0000B07F121
:1015C000380AB34574D300213A6AFB6A0846984743
:1015D000E0E6564607F138004FF0000893E7D046A2
:1015E000564697E7464695E7BA6A12F8021BBA6272
:1015F00012F8015C284A54F82500904202D3274A89
:1016000090421ED3BA6932B1786A7B600AF061FEFB
:101610007B6800288CD1BA6802BB08F1280207F168
:10162000300C08F10100944407F1580252FA80F09E
:1016300008F102080CF8101C5FFA88F800F8105C3A
:1016400076E7BA693AB1786A7B600AF042FE7B6855
:1016500000287FF46DAF1BF0010F09D006F12802BE
:1016600007F13000711C161806F8205CCEB25FE757
:101670001BF0040F3FF45CAF08F1280207F13000C3
:1016800008F1010102EB000808F8105C5FFA81F82C
:101690004EE7002063E700BF5CF10000B4180100D2
:1016A000840200205EFE000005FF0000050000012E
:1016B0001BF80A3087F8373054F82390D7F8843075
:1016C0002BB3D7F888309B4521D2D7F8843033F834
:1016D0001B803A6AFB6A012107F13700984700280E
:1016E0001ADB0544B8F1000F06D14846FFF7ACF904
:1016F00000F101081FFA88F83A6AFB6A4146484639
:101700009847002808DB05440BF1010B59E74FF01F
:101710000008DEE745463DE605463BE6014B18601E
:10172000704700BF4800002080B505460E461746AA
:10173000984608F00FFD03460DF006FDDFF81890FF
:10174000044649F80030424630463946A84754F826
:10175000090002F089FF00BF0800000008B5044638
:10176000EFF31183202383F31288BFF36F8F04F00C
:1017700033FE204603F0C8FA02480AF0D1FD0BF010
:10178000D1FEFCE72FFF00002DE9F047058B044652
:101790002807904611D4022905F0070540F0CC80B7
:1017A00020460BF03BF878B10138218B042811D882
:1017B000DFE800F0C2106D85950001290CBF45F0EF
:1017C000100545F02005258388F31188BFF36F8F3E
:1017D000BDE8F08701F0070AAA4500F0A5800027C0
:1017E000B9463E46A368002B00F0BC8041F00801DA
:1017F000218388F31188BFF36F8FA168002900F05F
:10180000BA800D68002900F0B680D1F80480334614
:1018100052462046C047002D76D02B6829461D46EB
:10182000F0E701F007035A1F012A1BD8002221F01C
:101830000701062B276889B2C4E9002209D13B467B
:1018400003E0628B013262831B68002BF9D141F007
:101850000201218320460AF0E1FF00287AD041F0FE
:10186000200176E0042B0AD121F0070189B22183FF
:1018700020460AF0D3FF10B141F020012183218BD3
:1018800001F0070AAA454FD00027B946AAE7236905
:1018900021F0070141F00601062DD3F800902183C5
:1018A0002DD1B9F1000F3FD041F00801218388F319
:1018B0001188BFF36F8F3A492046C84729E021F0CD
:1018C0000701236941F0040189B2042DD3F8049083
:1018D0002183E6D000273E464FF0040A82E721F03C
:1018E0000701236941F0050189B2052DD3F808905D
:1018F0002183D6D000273E464FF0050A72E7002725
:101900003E464FF0060A6DE72B4687E7B9F1000F18
:10191000D1D1EFF31188202383F31288BFF36F8FA7
:10192000238B23F008032383258BEA062ED525F08D
:101930001003238305F007056669218B002EBFF68F
:1019400070AF00232768C4E9003321F0070141F09C
:1019500001012183218B01F0070AAA454FF00009FC
:101960007FF440AF002F9CD041F00801218388F321
:101970001188BFF36F8F002FC8D03D6839463346BA
:10198000524620460AF076FF2F46F4E7AB067FF575
:101990001BAF25F02003238305F0070500E700BFF8
:1019A000A1C800002DE9F047DFF85880044607463B
:1019B0004FF0010914B93846BDE8F08794FAA4F550
:1019C000B5FA85F509FA05F32E0108EB05156FEA5E
:1019D000030A24EA03042B7B002BEBD058F80630D3
:1019E0001B694BB94644042273682846196807EA04
:1019F0000A070BF027F8DDE7284698470028D9D1D9
:101A0000F0E700BF28F5000030B51049104889B054
:101A100000220DF068F80F4D0F4900220023CDE998
:101A2000062300240E23CDE90334CDE901440B4BFA
:101A300000944FF40062284608F040F80849284610
:101A400007F06CFF204609B030BD00BF651A0000EA
:101A5000D014002008040020C05D0020CD1D00002F
:101A600063FF0000014807F04FBD00BF3C030020AA
:101A70002DE9F047804621480F460AF0BBFF064695
:101A8000002833D000252846BDE8F087237B83B1AA
:101A90002368DB680BB120469847636883F806909B
:101AA00023681B69D3B963680422196820460AF0C9
:101AB000C9FF013610345445E8D3B8F1000FE2D025
:101AC000002DDFD02846FFF76DFF0546002FF7D029
:101AD00000214FF4A4700CF05BFFF1E7204698471B
:101AE0000028E0D009FA06F31D43E2E7044CDFF8D2
:101AF00014A005464FF00109DDE700BF8019002062
:101B000028F5000038F50000014B53F8200070471D
:101B10008CF9000008B5034608462BB1044A13604F
:101B200000F074FD002008BD6FF01500FBE700BF5A
:101B30004C00002010B5044C237813B9034807F07B
:101B4000E3FC0123237010BD682C00203C0300201F
:101B500010B504460B480AF04DFF5CB1BFF35B8F34
:101B6000094B53E8001F013943E80012002AF8D15D
:101B7000BFF35B8F05480CF0C2FF0548BDE810407D
:101B800007F0C2BC781900207C190020D014002076
:101B90003C0300200020064BBFF35B8F014653E857
:101BA000000F43E80012002AF9D1BFF35B8F7047A2
:101BB0007819002070B5FFF7EDFF084C084E054678
:101BC000B44200D370BD63685B792BB123685B6856
:101BD00013B12946204698471034F1E728F5000054
:101BE00038F5000010B5044C044920460AF0A8FC62
:101BF000034B1C6010BD00BF4802002078F90000B4
:101C0000701900200E4A0F48002310B513700E4AB9
:101C100013600E4A4FF400411360FFF77BFFFFF79C
:101C2000E1FF00F06DF90A4B0A4918468B4200D3D8
:101C300010BD1A1A5C681211013222711033F5E7D7
:101C4000692C0020F1C90000781900207C190020BF
:101C500028F5000038F50000014600220148002365
:101C60000AF08FBC4802002001480AF028BD00BFDE
:101C700048020020024B014618680AF07BBD00BFF5
:101C80007019002001480AF0B0BD00BF48020020D2
:101C90002DE9F041364B1878002866D0FFF7E4FFB5
:101CA000044600285DD1334B334C1B68002B19DDF3
:101CB0000CF017FF4FF47A72A0FB020302FB013114
:101CC000C30BD4E9002043EA41439B1A4FEAD131C8
:101CD00040F2E93261EB0001934271F1000101D35E
:101CE000FFF768FFD4E9003213F57A7342F100027E
:101CF000C4E90032BDE8F041FFF7C4BF6B685B790F
:101D00003BB121784B0717D52B6821461B68284625
:101D1000984710354545F1D32046FFF7ABFFBFF399
:101D20005B8F164B53E8001F013943E80012002A6D
:101D3000F8D1BFF35B8FB6E720462688C1F3C20710
:101D400000F0A2FAC6F382160246002EDCD000286C
:101D5000DADB01233946284600F082F9B042D8D3B5
:101D6000D2E7074DDFF81C80D4E7BDE8F08100BF63
:101D7000682C002078190020C81400207C1900204D
:101D800028F5000038F5000070B50D4D297861B9CF
:101D90000120FFF76DFE0B4C0B4EB44206D3FFF74C
:101DA00077FF0028FBD101232B7070BD63685B793E
:101DB0001BB1236820469B6898471034EDE700BFAD
:101DC000692C002028F5000038F5000000212DE9DD
:101DD000F0470846FFF74CFE044658B340F26768E8
:101DE0004FF000090DF0B0F91B4B1C4A1B58136053
:101DF00033B11B4B1B68002B02DD1A4807F084FB34
:101E0000194FDFF860A0002544B12046FFF7CAFD56
:101E1000044618B94FF0FF384FF0FF39FFF738FF8D
:101E2000064628B9B5B942464B46504607F0A0FBD6
:101E30003546E9E74FF0FF384FF0FF39D2E72B681E
:101E40009B691BB100221146284698471035BD42B8
:101E5000F5D3E8E7054DFAE7080000007419002003
:101E60007C1900203C03002038F5000028F5000014
:101E700010B50F480AF0BEFD0E4B1B786BB1EFF3A7
:101E80001184202383F31288BFF36F8FFFF700FFC5
:101E900084F31188BFF36F8F10BD074B1B68002BB5
:101EA000FAD00028F8D10548BDE8104007F02CBB57
:101EB0007C190020692C0020741900203C030020AC
:101EC00010B5064B1B68044698472146A06004489D
:101ED0000AF0D6FBBDE81040FFF7CABF4C00002057
:101EE00048020020044A054B9B1AB1EBD30F34BFC4
:101EF00052F8310000207047A8F4000028F50000D7
:101F00000B480C4B30B51B1A0B4CDB08002104307E
:101F1000994200D130BD10F83120256802F0070247
:101F200025F007052A4344F8042B0131F0E700BFF0
:101F3000A8F4000028F5000084020020F8B50B4F3B
:101F40000B4DED1B0646ED080024AC4203D14FF0CB
:101F5000FF342046F8BD57F8340020B13146FEF773
:101F600069FD0028F5D00134EFE700BFA8F40000B8
:101F700028F5000000282DE9F047884615461F4641
:101F80001DDADFF89890264E4FF0000AA6EB0906FE
:101F900036095446B24509F1100902D12046BDE880
:101FA000F08759F80C0C3B4600792A464146FFF76A
:101FB000E1FF844238BF04460AF1010AEAE7194BFF
:101FC000194AD21AB5EBD20F26D203EBC5031C79FE
:101FD000BC4228BF3C46154EC0B200EB400056F84C
:101FE00025300722824023EA020304F007028240E0
:101FF00013430021032223FA02F000F0070081427C
:1020000002F1030238BF01461E2AF4D123F0070370
:102010000B4346F82530C1E70024DCE728F5000033
:1020200038F50000A8F4000028F500008402002024
:10203000F8B5094D094BED1A06460F46ED08002488
:10204000AC4200D3F8BD002122B23B4630460134F9
:102050000AF0F0FCA4B2F3E728F50000A8F40000B1
:1020600070B14168097973B1002A17DBCBB20C4912
:1020700051F8220003EB4303D84000F007007047FB
:102080004FF0FF31EFE707490748401AB2EBD00F96
:102090003ABF01EBC2010879184670470420704727
:1020A00084020020A8F4000028F500002DE9F04F7C
:1020B0008FB004AFC1F34A28B8600D4691467B60EB
:1020C0000C0DB8F1000F69D0002607F114034FF092
:1020D000040B4FF00A0AC7F80C80C7E907667E6256
:1020E0000193CDF808B0CDF800A007F11C03F96802
:1020F00032464846FFF724F9B0F5006F034622D375
:102100002B48036813F0060F19D06C468AB0D9F833
:10211000041004AB274D5D61274DC3E9065140F221
:10212000FF7119621A4640F201319984234B42F83B
:10213000103F4FF432513346FFF7B8FFA5462C3716
:10214000BD46BDE8F08FC0F30A0804F1170018443B
:1021500020F0070080083B60FFF77EFD68F3532501
:10216000044690B13B68164AC7E9083600F11001F1
:1021700007F11403F961CDE900A3CDF808B0F968BF
:1021800007F11C034846FFF7DBF868F353257B682B
:10219000B9682A4620460AF07DFCD0E704F1170012
:1021A00020F007008008FFF757FD0446EDE700BF69
:1021B0009C02002078FF00001100010005000001D2
:1021C00067CA00002DE9F04F87B002AFD7E9106968
:1021D000BD6B79600446934698464EB3C7F80C90A1
:1021E000CDF80090FA6B334610210020FEF7D6FEA2
:1021F000B0F5006F82461CD32048036813F0060F29
:1022000012D06C4688B002AA1D4B53611D4B9361DE
:1022100040F2FF73D361042342F8103F00234FF4D0
:102220000251FFF743FFA5461437BD46BDE8F08FC6
:10223000B24605F11700504420F0070004F00704EF
:102240008008FFF709FD0BF0070BE40044EA8B144C
:1022500044EA4A2444EA0554054640B13EB1CDF86B
:102260000090FA6B334651461030FEF797FE7968BE
:102270004346224628460AF00DFCD5E79C02002082
:10228000BBFF0000F7FF0000406820B1034BC01AFD
:1022900040F38F0070474FF0FF30704784020020FA
:1022A0000EB403B503AB014653F8042B0448019365
:1022B00002F0CAFC02B05DF804EB03B0704700BF47
:1022C000FDCA0000CA0605D48B064CBF024903496B
:1022D000FFF7E6BF704700BF4C040100C1000100DA
:1022E0002DE9F04F89B09B46149B06939DF84CA0B6
:1022F000159B0593169B179E049304460D46904626
:10230000BAF1000F00F09D8006F4807307930AF085
:102310008FFB06F00209024600283ED09149204674
:10232000FFF7BEFF0746B9F1000F08D016F0440FC3
:1023300035D18D492A462046FFF7B2FF074406F003
:10234000010353B1894B8A4953F82A20894B20460F
:10235000002A08BF1A46FFF7A3FF06F48073002B7C
:1023600049D006F00803002B63D1B8F1000F66D006
:10237000814942462046FFF793FF0546069B3D44B0
:10238000002B6DD1049B002B73D1F30700F1E48087
:1023900031462046FFF796FFD8E00746C3E7774B64
:1023A00018680028CAD0764B4FF47A791B68B5FBC1
:1023B000F3F54FF46163B5FBF0F100FB115509FB38
:1023C00005F54FF03C0CB1FBF3F203FB1211B5FB2A
:1023D000F0FEB1FBFCF300FB1E550CFB131109FBD7
:1023E00005F50091B5FBF0F56649CDE901E520461C
:1023F000FFF756FFA2E706F00803EBB1624B634913
:1024000053F82A202046FFF74BFF0546B8F1000F8E
:1024100005D0594942462046FFF742FF0544BBF12B
:10242000000FABD05A495A462046FFF739FF054402
:10243000A4E74FF0000BE1E706F00805E6E74546A4
:102440009CE7BBF1010F069B06D1002B64D1049BD6
:10245000002B7BD000250CE0002BF8D04D485CE031
:102460004D48069B4D49224609F002FF049B002B74
:1024700068D0DFF82C81DFF82C91049F3146102FB3
:10248000204628BF1027FFF71DFF4FF0000B5D45CA
:1024900045DC059B49461A782046FFF701FF4FF0BF
:1024A000010B1BF0070F03D141462046FFF7F8FE52
:1024B0005F453BD9059B494613F80B202046FFF7A3
:1024C000EFFE0BF1010BBBF1100FEAD136492046AC
:1024D0004FF0000BFFF7E4FE5A46059B9A5CA2F111
:1024E00020015F2928BF2E2230492046FFF7D8FE61
:1024F0000BF1010BBBF1100F1DD01BF0070F03D127
:1025000041462046FFF7CCFE5F455A46E5D8414696
:102510002046FFF7C5FEEBE71F485546A1E74146B9
:102520002046FFF7BDFE0BF1010BB0E72049204626
:10253000FFF7B6FEC5E7059B3B440593049BDB1BF9
:1025400004939AD1BAF1000F7FF41FAF204609B06F
:10255000BDE8F04F0AF0C5BA064A05492046FFF724
:102560009FFE15E7CC070100350001009CF9000033
:1025700007100100300001005A00010088190020F6
:10258000841900203E000100B0F900005E00010047
:102590006400010033CB0000FDCA0000494C00007C
:1025A0007100010069000100730001007500010065
:1025B0006F00010073B542F20F738B4228BF0B46C8
:1025C00005680F4A04460521684608F0A5FB6368C4
:1025D0000C495B680646042228460AF074FA6368D0
:1025E0003246694628465B680AF06DFA6368064918
:1025F0005B68172228460AF066FA02B070BD00BF79
:10260000CF1301009000010078000100074A00216B
:102610000123904206D8064A01B901231360054BF5
:102620001860704740085B000121F2E740420F004C
:102630008419002088190020014B00201960704780
:10264000A019002007B500230093084A08494FF459
:102650008053012006F034FC064B01221A70064B11
:10266000064A1A6003B05DF804FB00BF842D002009
:10267000A50001006A2C0020AC1900206D2C002060
:102680000148FFF797BF00BFE0F9000010B5064B07
:1026900018680C46FFF738FA21460346BDE810409B
:1026A00002480E22184700BFA0190020E0F90000E0
:1026B000F8B5094D094B0A4ED5E9004701221A70B9
:1026C0000CB92C60F8BD214630463A4600F01EF8A1
:1026D000241A0644F4E700BF941900206B2C002054
:1026E0006C2C002010B9074B18707047064B1B78F4
:1026F0001BB142F210700BF055BF4FF4A4700021D3
:102700000CF046B96A2C00206B2C00202DE9F74F05
:10271000524F01903B780C4643B9514F8246019B82
:1027200023449A452BD324EAE4700CE04D4E012556
:1027300001992246012006F025FBA8B10123337040
:102740003B7843B9204603B0BDE8F08F2846FFF739
:10275000C9FF6F1E3D46012006F0A8FB0028F1D0FE
:102760003378002BF2D1EDE73378002BEAD0013D2E
:102770002846FFF7B7FF3378002BD9D1E2E71AF8E4
:10278000012B3B680A2A61D1374DDFF8E0905A1BD4
:10279000012A04BF01333B60D7F80080D9F800B0AC
:1027A0000D2308F8013C08F101020A23BBF1000FD8
:1027B0003A6088F8003029DD2D4B196831BB2A4971
:1027C0005E46632EA2EB050201F11700A8BF632647
:1027D0000CF0D1FB274A2449254B02F1140052F892
:1027E00004CB41F804CB8242F9D1108892788A70E8
:1027F00008F118020880BBF1090F3A604FF001029E
:102800001A6011DC202330366B752E753A68164934
:10281000521B012006F0B6FA90B9D9F80030013306
:10282000C9F800303D607AE70A22B6FBF2F302FBFA
:102830001366303330362B753E236E75EB74E5E747
:102840000B4A0023C9F800301360EBE70A498B42BA
:102850003EBF591C39601A7061E700BF6B2C002025
:10286000AC1900206A2C00206D2C0020A819002033
:10287000A4190020AC0001006C2D0020014B036066
:1028800000207047F0F9000010B504460BF0E9F89D
:102890000349024620460AF0A3FA002010BD00BFFB
:1028A000EB00010073B5134600220192044601AA11
:1028B00058680A2100F054FE019D95B920EAE074A1
:1028C0004FF40046294640F2E7304FF47A72002375
:1028D000C4FB0601FEF794F80CF05AF8284602B043
:1028E00070BD2A46024920460AF096FA019DF5E796
:1028F0001701010008B5034A03490AF071FA0020E4
:1029000008BD00BF070201000E020100F7B517461F
:102910000023054601AA0A21B868019300F020FEB1
:102920001749C6B228460AF069FA019C44B122460A
:10293000144928460AF070FA019C204603B0F0BD05
:10294000042E09D91049324628460AF065FA28466D
:102950000AF070FA0124F0E77868FFF7EFFA021E38
:1029600007DA7A68094928460AF056FA6FF0150422
:10297000E3E7334612B2214620460AF05BF8DCE773
:10298000390201009F020100C6020100DD020100C0
:1029900007B500230090694604488DF8043007F01D
:1029A00037FD9DF8040003B05DF804FBC9CB0000BF
:1029B00010B5044603F006FD0749024620460AF01A
:1029C0000FFA204605490AF00BFA0548214607F0A0
:1029D00039FD002010BD00BF6F0301008E03010010
:1029E000E529000070B58EB004460D46D0F8A86009
:1029F0000BF024FF03460CF0A7FB214A2149105895
:102A0000214A002B18BF1A460092204A23468442CE
:102A100018BF0A4628461E490AF0E2F9D4E90A23FB
:102A2000CDE90023284694F90E30227B19490AF09B
:102A3000D7F906A92022204606F080FF236F164909
:102A4000024628460AF0CCF905A920460BF004FFFF
:102A5000024628B1114928460AF0C2F90EB070BDED
:102A6000059B6422F11A4A430091B2FBF6F20C492D
:102A7000CDE90162284632460AF0B2F9EEE700BF1E
:102A8000080000007100010098030100320D0100F0
:102A90009B030100A7030100D3030100EA03010027
:102AA00017040100F0B5002591B00446294608AF8F
:102AB0001C2209A80CF079FA134E1A22202138465C
:102AC0000CF073FA2146114807F0BCFC07AA4FF43A
:102AD000805130460BF0B4FE079A0097C2F5805142
:102AE00064234B431B0B05934FF48053CDE9031331
:102AF000CDE90132204606492B46A6F140020AF0F4
:102B00006FF9284611B0F0BD80760020152B00002B
:102B10006804010070B50446D0F8A86088B00D467E
:102B200007A90BF099FE024628B10F4928460AF082
:102B300057F908B070BD20460BF080FE079B009649
:102B4000F11ACDE90131094B64224A43002818BF2C
:102B50000346B2FBF6F20649CDE903622846224657
:102B60000AF03EF9E5E700BFEA030100980301001F
:102B7000B104010038B513460546102258680021FB
:102B800008F0F6F80446FFF703FF38B90E4922466D
:102B900028460AF041F96FF0150038BD0CF0D4FA60
:102BA0000A4B1B589C4204D1094928460AF034F9C3
:102BB000F1E7204607F08AF82846064922460AF03F
:102BC0000FF90020E9E700BF15050100080000002B
:102BD000300501005805010038B51346054610229E
:102BE0005868002108F0C4F80446FFF7D1FE38B950
:102BF0000E49224628460AF00FF96FF0150038BD3D
:102C00000CF0A2FA0A4B1B589C4204D109492846F1
:102C10000AF002F9F1E7204607F076F9284606495E
:102C200022460AF0DDF80020E9E700BF15050100A3
:102C30000800000097050100BD05010038B51346E6
:102C4000054610225868002108F092F80446FFF764
:102C50009FFE38B90E49224628460AF0DDF86FF08B
:102C6000150038BD0CF070FA0A4B1B589C4204D179
:102C7000094928460AF0D0F8F1E7204601F0F4FCB3
:102C80002846064922460AF0ABF80020E9E700BFD3
:102C90001505010008000000F80501001D060100EF
:102CA00007B5064A06481268042300930021012351
:102CB00000F016FB002003B05DF804FB44FA0000AE
:102CC00038F5000037B544680A49226004F1080568
:102CD0002364002228460BF006FF41F69A12E463B3
:102CE00000232846CDE9002307F08AFD002003B029
:102CF00030BD00BFF5CB000010B9034B1870704712
:102D0000A42000210BF044BE843D00202DE9F84FA3
:102D1000164ED0F804B0884614461D4604270BF022
:102D200034FC224682464146002006F02BF88146BC
:102D300050460BF032FCB9F1000F0BD00123337079
:102D4000DBF80030DBF84010012098472C600020B1
:102D5000BDE8F88F3378002BF2D0013F3846FFF7FB
:102D6000CBFF3378002BDAD1EAE700BF843D0020A7
:102D700010B58368D3F86C32DB07044616D440687C
:102D800003685B689847014608B9A3681871A3688F
:102D90005B6B0BB120469847A3680CF0D5F9002275
:102DA000C3F88C22034B185801F05EFC6FF00F0142
:102DB000EDE700BF0800000010B581680446083147
:102DC00000F088FDA168034A20460831BDE81040A4
:102DD00000F018BD650601000EB403B5044904AA4D
:102DE000019200F06FFB02B05DF804EB03B0704796
:102DF0004C04010010B5836802221A718268936B3B
:102E00000446EBB982F84A308268A2F846308268FC
:102E1000A2F844308368D3F86C32DB040BD503216D
:102E2000084B094A0AF054FAA0686FF4805100F583
:102E30001B7009F002FF2046BDE8104000F0A4BC62
:102E400010BD00BF73060100071001002DE9F04F0F
:102E5000A5B00446542200210FA80CF0A6F80023C8
:102E60000493A36820464A3303930AF0C4F920462A
:102E70000AF06FF918B981496069FFF7ADFFA068E2
:102E800000271422002108300CF08FF80DF13C0BC4
:102E90004FF0FF38B9463D4602973E46BA46049B7E
:102EA000012B00F09C80142D40F09580022B40F007
:102EB0009680734B734A01210FE05946039A02230F
:102EC00004A80AF029F804995BF8042F039203463A
:102ED00031B101290AD148B16B4A20460AF0F8F90C
:102EE0006FF00705284625B0BDE8F08F2DB35BF8DD
:102EF000040C00F021FD98B167B1A5680B97083567
:102F00000AAE0FCE0FC533682B602046FFF754FF83
:102F10000125E7E75D4A012120460AF0D9F9DFE7FC
:102F2000029BC3B108F1FF38FEB9049BB8F1000F52
:102F300001D1022BB3D10135B1E7029B5BB108F19E
:102F4000FF3896B9A368DB69002B3BD0DB68002B08
:102F500038D0002633E05BF8041C05AA50460AF07E
:102F6000ABF808F1FF38064638B3F368ABB1A36895
:102F7000B64603F1080CBEE80F00ACE80F00DEF81F
:102F80000030CCF80030B36833B9737CFE2B04BF3B
:102F900096F8108008F1FF38A946D6F804C0BCF1B5
:102FA000000F08D0B646BEE80F000AAF0FC7DEF824
:102FB00000303B606746B246B7E7002DC2D0012320
:102FC0000293B2E7324B0093324A0F9B0121204615
:102FD0000AF07EF9BDE7B8F1000F7FF46EAFBAF1E9
:102FE000000F0AD09AF81130FE2B06D124AB03EB68
:102FF000850353F8543C03B10135A068436953B9C4
:10300000002F3FF46DAFC368BB423FF47EAF0B9718
:1030100000F1080574E7037EA5EB0905B3B1417E15
:103020004FF6FF72FF2918BF0A469D4202D3134490
:103030009D420BD98368184A012120460AF048F9BD
:103040002046FFF7B9FE6FF015054BE7012109F0A7
:1030500014FEA06809F005FEA3680FAA29465B6963
:1030600002EB8902204698470546A06809F0FDFD5D
:10307000A068002109F001FE34E700BF4C04010004
:1030800003070100F8020100B7060100CB060100AA
:10309000EF060100E9060100270701002DE9F041D4
:1030A000ADF5805D82B00023044601930DF1030568
:1030B000A3686068D3E90E7803681E6901AB27B383
:1030C0004FF4805202A9B047019BCBB10121A06807
:1030D00009F0D3FDA06809F0C4FD4346019A02A996
:1030E0002046B847A06809F0C0FDA068002109F09B
:1030F000C4FDA3689B6B002BDAD12046FFF77AFE54
:103100000DF5805D02B0BDE8F08101222946B0478F
:10311000019B002BF4D09DF903209DF80330A0689B
:10312000002AC5DB4279032A00F28380DFE802F03F
:10313000027B83810D2B41D00A2B22D0B0F86C2268
:10314000092B6FF3CA02A0F86C224CD008D8002BD0
:103150004CD0082BA0684DD00246D2F8683245E02A
:103160001B2BA0683CD07F2B4ED0203B5E2B024611
:10317000F3D809F071FD9DF80310204600F0CCFA59
:1031800034E0D0F86C22C2F3C7022AB1D0F86C2226
:10319000C2F3C7020A2ADFD1B0F86C2263F3CA0275
:1031A000A0F86C22A668B6F844309BB94B49606918
:1031B000FFF712FE2046FFF71DFE79E7D0F86C22DC
:1031C000C2F3C702002AE7D0D0F86C22C2F3C702CC
:1031D0000D2AE0E72046FFF739FEC6F89002E9E73E
:1031E0000123437102E0A368D3F86832606909F0F3
:1031F00033FE5DE7D0F868329F07F7D509F02CFD64
:1032000020460AF0CCF8F1E7D0F868329E07EDD5F9
:1032100009F022FDA368D3F868321807F0D42046DD
:103220000AF09EF8E2E75B2B01D10223D9E7D0F840
:1032300068320023D5E700224271A268D2F86812F2
:1032400089077FF535AF342B0AD8302BCED903212F
:10325000323B5171022B2DD8DFE803F0303A2800C1
:10326000433BDAB2092AC1D8092BBFD801A252F8D0
:1032700023F000BF9D320000A5320000ED310000B8
:10328000AD320000ED310000B5320000ED3100003C
:10329000ED310000ED310000BD320000204609F0A4
:1032A000BCFFA3E7204609F0AFFF9FE7204609F0E7
:1032B000A2FF9BE7204609F097FF97E7A068D0F8A8
:1032C000681201F0010181F0010109F0E1FC8DE7D4
:1032D000A368D3F868329B0788D5A0E74C040100A7
:1032E0002DE9F04304468068D0F88C9289B00F46EF
:1032F00015461E46B9F1000F5CD1904649464FF481
:1033000025720BF052FEA06800F51C700BF074FCE7
:10331000A06800F51F70012211460BF0ECF9A369BB
:10332000C3F80090A068022100F51B7009F076FC3C
:10333000A36850225A85A36818221A85A3682268B8
:103340001A60D4F80890D9F8000010B1FDF77CFBA2
:1033500080B289F82C00A368184A25F0360565F379
:103360000708C3F868826068036839461D68234609
:10337000A8470546D0B9A36801221A71D4E90A0109
:1033800000220023CDE906230E230393109B04950E
:10339000CDE9016300940A4B4FF4805206F08EFB96
:1033A000A368C3F88C02616A06F0B8FA284609B02F
:1033B000BDE8F0836FF07705F8E700BFE7CC0000C9
:1033C0000D34000010B5044680680379012B17D135
:1033D00040F26762002309F0A0FC10B96FF00F0003
:1033E00010BD09496069FFF7F7FC2046FFF702FDB1
:1033F000204609F0E7FFA06809F033FC0020EFE762
:103400006FF08500ECE700BF4C0401002DE9F341AB
:1034100004468068154600F51B70002935D04FF42E
:10342000804109F0FBFBA3681D646068036800210C
:103430009B68984770BB2046FFF7C4FF50BB174DF1
:10344000DFF85C804FF0FF364FF0FF37A06800F5E3
:103450001C7000220721CDE900670BF0D9FBA068A2
:1034600009F003FC2A460421204609F020FC2046EE
:103470004246012109F01BFC606803685B6903B1E7
:103480009847A06809F0EDFBE0E76FF4804109F090
:10349000D4FBC8E702B0BDE8F08100BF712D000089
:1034A0002DCD000010B50549044609F099FC2046D1
:1034B000034A002100F0A6F9002010BD42070100D8
:1034C0009607010010B5044613460A460146064811
:1034D00001F0BAFB23691B7923B12046BDE81040F7
:1034E00009F0BABC10BD00BF71CE000038B50B4664
:1034F000154648B91449154A521AB3EB920F05D232
:1035000051F82350284638BD84680CB90025F9E7E6
:103510000F4A94420AD30F4A944207D218462268AF
:10352000294690472B68002BECD1EFE70A4A9442DA
:1035300002D30A4A944205D3246814225343E5185F
:10354000E358F0E70133F8E768F5000070F5000094
:103550009CF600009CF6000070F500009CF6000050
:10356000F7B503782D2B0446164605D16FF01503E9
:103570003360002003B0F0BD0BF0E6FD0B4F0023DD
:103580000546C3510A46204601A907F0F1FBEB5955
:10359000222B02D16FF02103EAE7002BE6D1019B39
:1035A000A342E3D01B78002BE4D0DFE70C0000003F
:1035B000014909F0ACBD00BF4C0401002DE9F04702
:1035C0008568DFF86890044605F14A00FDF73CFA8B
:1035D000002395F82C7086B29846A268558DED1B95
:1035E000B54209DB002E1FDD4A3360691049BDE892
:1035F000F0471A4409F08BBD1D442A444A3392F81F
:103600004AA082F84A80A26860691A44494609F0D3
:103610007EFDA3682B4483F84AA0A3685B8DDB1B67
:10362000F61A00272B46D8E7BDE8F087F80201001C
:10363000071001002DE9F84FD0F80890D9F868324A
:10364000B9F846605B0705460F46904624D506F15B
:103650004A004844FDF7F8F92C4E0446B4B9AB686B
:10366000B3F84420A3F84620A86809F05DFD30B106
:10367000B8F1000F00D017B16869FFF799FF7942E0
:10368000284609B2BDE8F84F09F08FBD6869314698
:1036900009F03DFD013CE1E7D9F80000B9F844A08C
:1036A00010B1FDF7D1F980B2B9F82A3082448419FB
:1036B000B4FBF3F2BAFBF3F39A42B3461CD0144EB8
:1036C000AB685445CBDA5A8DB4FBF2F302FB1343DB
:1036D00004F1010913B96869FFF76AFFAB685B443D
:1036E0000BF1010493F84A30324608212846A346DC
:1036F00009F0EEFD4C46E3E74A36064A09EB0603BD
:103700000821284609F0E4FDA9E700BF320D0100B9
:10371000750001000710010013B583688DF80710CC
:10372000D3F868220446D00725D5B3F84610B3F87D
:1037300044208A421FD0481CA3F846000B449DF841
:10374000072083F84A20A368D3F86812890710D5A8
:10375000D3F8683260690B4913F0040F18BF2A22AE
:1037600009F0D5FC204609F0F4FC10B16069FFF7C0
:103770001FFF02B010BD01220DF10701204609F024
:10378000B5FDF6E77500010010B58368094A1B68AE
:103790000446022109F09CFDA368D3F868329B0718
:1037A00007D52046FFF70AFF2046BDE8104009F084
:1037B000E8BC10BD07100100014909F018BE00BFA8
:1037C0004C040100F8B50F465168044615461E46E4
:1037D00011B11A4609F018FEAB6883B13146204694
:1037E00009F0B6FC2046064A3B46082109F070FD68
:1037F000A968F21D2046BDE8F84009F005BEF8BDF5
:10380000C50701002DE9F04F0F46002189B004469D
:1038100016460D4603AA384601F10108FFF766FE79
:10382000A8B98DB126B132460821204609F050FDD5
:10383000DFF89090DFF890B0002103AA384601F13C
:10384000010AFFF753FE60B909B0BDE8F08F0068C8
:1038500010B1FDF7F9F880B2854238BF0546414600
:10386000D8E7D0F80080B8F1000F0FD098F80030FA
:1038700063B14668154ACDE900584B4608212046F9
:1038800009F026FD26B96069FFF796FF5146D4E797
:103890004B465A460821204609F01AFDAB1DB207D7
:1038A0009BB209D131680A4A914205D1324641465C
:1038B0002046FFF787FFE9E71A463146204609F020
:1038C000A3FDE3E7EA07010064000100D00701005F
:1038D000C40BD286F7B50F6805460E46EFB13846E1
:1038E000FDF7B2F884B2114B009308213B46104A11
:1038F000284609F0EDFC7168E31C9BB279B18A0798
:103900000DD108680B4A904209D10A463168284611
:1039100003B0BDE8F040FFF755BF3C46E3E71A4669
:10392000284603B0BDE8F04009F06EBDE60701008F
:10393000D7070100C40BD28610B507490446FDF72E
:1039400079F838B105492046FDF774F8B0FA80F0EF
:10395000400910BD0120FCE7DC070100DF07010082
:1039600008B5044808F0DCFC034808F0D9FC002046
:1039700008BD00BFF307010028080100014807F057
:1039800023B800BF88FA000038B5044618B90F4BB9
:103990000F485B6898476168B1F5683F10D0B1F592
:1039A000680F0DD00B4DA9420AD011F46861206850
:1039B00007D0014608480AF04CFE002323606560EA
:1039C00038BD14220BF0F1FAF9E700BFD80100204E
:1039D000560801002C5F5CA94821002008B520B3DF
:1039E0004368B3F5683F10D101220368BFF35B8FD2
:1039F00053E8001F002903D143E800200028F7D135
:103A0000BFF35B8F0DD1002008BD094A93420AD055
:103A100000684FF0FF324FF0FF3305F0ADFC002897
:103A2000F1D00448F0E70448EEE76FF4E040EBE73C
:103A30002C5F5CA9E98FFFFFEA8FFFFF08B5D8B1C3
:103A40004368B3F5683F10D100220368BFF35B8F72
:103A500053E8001F012903D143E800200028F7D1D3
:103A6000BFF35B8F0BD1002008BD074A934208D0FB
:103A7000006805F0F9FCF6E76FF4E040F4E703486E
:103A8000F2E70348F0E700BF2C5F5CA9E98FFFFF76
:103A9000EA8FFFFF10B5044618B91D4B1D485B683F
:103AA00098476368B3F5683F2FD0B3F5680F2CD003
:103AB000194A934219D1236803BB18484FF0FF32CB
:103AC0004FF0FF33214605F029FC08B923681BB9E4
:103AD0000F4B13485B6898472068142200210BF0B5
:103AE00064FA4FF46863636008E0B3F5683F0DD88B
:103AF0003A2B03D040F6BA629342DED120680AF036
:103B0000F3FD636843F03A03636010BD054AF3E7D1
:103B1000D8010020560801002C5F5CA94821002034
:103B20007C0801003A00003A08B5064906484023DF
:103B300014220AF080FDBDE808400449044806F05C
:103B4000B5BF00BF481C00204821002090FA0000AB
:103B5000A4FA000008B50348034A0021121A09F02C
:103B6000C1FC08BD60030020B85D00200748084A7A
:103B7000084908B5121A09F0B7FC0748074A08496E
:103B8000BDE80840121A09F0AFBC00BF00000020D9
:103B90005C030020B4180100000000200000002099
:103BA000B41801002DE9F047054600AF0C46002986
:103BB00063D0DFF808A1DAF800305A075DD06E460E
:103BC0008AB0D1E90001A3686A46DFF8F480DFF823
:103BD000F4C0C2F814C04FF00609C2E90680C2E979
:103BE000081342F8109F00234FF441515046FEF74E
:103BF0005DFADAF800305B07B5463ED08AB0D4E90A
:103C0000030163696A46DFF8C0C05362C2E905C8B0
:103C1000C2E9070142F8109F002350464FF441517A
:103C2000FEF744FADAF800305807B54625D088B0D8
:103C3000E3696A462549D3614FF00409C2E90518D2
:103C400042F8109F00234FF401515046FEF72EFA20
:103C5000DAF800305907B5460FD088B0A3696A4634
:103C60001B49D361C2E9051842F8109F00234FF4A5
:103C700001515046FEF71AFAB546012D17D1EFF360
:103C800005830E480268520711D06E4688B06A4616
:103C900010495161103BD3610F499161042342F8EF
:103CA000103F00234FF40151FEF700FAB5462146BC
:103CB000284605F06BF9BD46BDE8F087AC02002050
:103CC0006B090100A9080100DC0801000F090100CF
:103CD00022090100540901007409010030BFFFF7F7
:103CE000FDBF00BF2DE9F0410B4EDFF8308006EB41
:103CF0000807CC1B05463246094920460BF02DF932
:103D0000A01942460021083C0BF04FF9C5F8B44019
:103D100007F10800BDE8F081000000000800000085
:103D20009CF60000054B5A699B689A421FBF044AE3
:103D3000536843F080535360704700BF88220020CF
:103D400000ED00E02DE9F041694C23680646580774
:103D500000AF0D460FD0E84688B06A46654B536108
:103D6000654B9361032342F8103F4FF4C251204644
:103D700009F0C7FBC546614B9B6AD90440F19D80A1
:103D800023685A070FD0E84688B06A465C4B5361F7
:103D9000594B9361032342F8103F55484FF4C251E9
:103DA00009F0AFFBC5461720544B9B6A1B0513D582
:103DB000236858070FD0E84688B06A46514B5361D4
:103DC0004D4B9361032342F8103F49484FF4C251D1
:103DD00009F097FBC5461820484B9B6A990532D5D8
:103DE00023685A070FD0E84688B06A46464B5361AD
:103DF000414B9361032342F8103F3D484FF4C251B9
:103E000009F07FFBC5463D4B996B9B6A1B0419D596
:103E10002368580710D0E84688B06A463B4B536188
:103E2000354B3348C2E90631042342F8103F4FF4C2
:103E3000015109F066FBC54626B1304A936A23F466
:103E40000043936219202D4B9B6A5A0513D52368B2
:103E50005B070FD06E4688B06A462D4B5361264BE8
:103E60009361032342F8103F21484FF4C25109F0F7
:103E700048FBB5461A20214B9A6AD6051FD5236800
:103E800059070FD06C4688B06A46224B53611A4BD3
:103E90009361032342F8103F15484FF4C25109F0D3
:103EA00030FBA5461B20154A936A43F47F43936277
:103EB00000232B70BD46BDE8F081162074E79B6A95
:103EC0009A04F0D523685B070FD06C4688B06A4629
:103ED000114B5361084B9361032342F8103F044890
:103EE0004FF4C25109F00DFBA5461C20DBE700BFD3
:103EF000AC02002086090100610D010000ED00E028
:103F0000A0090100B5090100CC090100E90901007F
:103F1000020A0100210A01003D0A0100B0B5584C17
:103F200023685D0700AF0FD06D4688B06A46554BD9
:103F30005361554B9361032342F8103F4FF4C25134
:103F4000204609F0DEFAAD46504B9B6A980140F1DD
:103F50009580236859070FD06D4688B06A464C4B50
:103F60005361494B9361032342F8103F44484FF497
:103F7000C25109F0C6FAAD461E20444B9B6ADA01D5
:103F800013D523685B070FD06D4688B06A46414B56
:103F900053613D4B9361032342F8103F38484FF47F
:103FA000C25109F0AEFAAD461F20384B9B6A1D0383
:103FB00013D5236859070FD06D4688B06A46364B33
:103FC0005361314B9361032342F8103F2C484FF467
:103FD000C25109F096FAAD4621202C4B9B6A5A0338
:103FE00013D523685B070FD06D4688B06A462B4B0C
:103FF0005361254B9361032342F8103F20484FF44F
:10400000C25109F07EFAAD462220204B9B6A9D03E7
:1040100013D5236859070FD06D4688B06A46204BE8
:104020005361194B9361032342F8103F14484FF436
:10403000C25109F066FAAD462320144B9B6ADA039D
:1040400013D523685B070FD06C4688B06A46154BC2
:1040500053610D4B9361032342F8103F08484FF41E
:10406000C25109F04EFAA5462420084A936A6FEA25
:1040700003436FEA13439362BD46B0BD1D207CE746
:10408000AC020020700A0100550D010000ED00E0B7
:104090008C0A0100A30A0100C10A0100E30A010021
:1040A0000C0B01002A0B01002DE9F0476E4D2B6827
:1040B0008A46590700AF814690460FD06C4688B0BB
:1040C0006A466A4B53616A4B9361032342F8103F7F
:1040D0004FF4C251284609F014FAA546654B9B6A75
:1040E000DA0665D52B685B070FD06C4688B06A4648
:1040F000614B53615E4B9361032342F8103F5A4872
:104100004FF4C25109F0FDF9A5461124594B9B6AA1
:104110001E0713D52B6858070FD06C4688B06A4627
:10412000564B5361524B9361032342F8103F4E4864
:104130004FF4C25109F0E5F9A54612244D4B9B6A94
:10414000990737D52B685A070FD06C4688B06A4656
:104150004B4B5361464B9361032342F8103F424857
:104160004FF4C25109F0CDF9A546424B5E6B9B6AF4
:104170001B0676D52B685C0710D06C4688B06A4663
:10418000404B53613A4B3848C2E90636042342F8A3
:10419000103F4FF4015109F0B4F9A546BAF1000FF0
:1041A00004D0344A936A23F080039362132403E01B
:1041B0001024ABE76FF015062E4B9B6AD80713D57A
:1041C0002B6859070FD06C4688B06A462E4B536156
:1041D000274B9361032342F8103F23484FF4C25109
:1041E00009F08FF9A5461424224B9B6A9A0613D531
:1041F0002B685B070FD06C4688B06A46234B53612F
:104200001B4B9361032342F8103F17484FF4C251F0
:1042100009F077F9A5461524164B9A6AD50602D4FB
:104220009A6A90070AD55B68190507D54946304652
:1042300000F0FAFA10B180F3098802240D4B9A6A53
:10424000920642BF5A6A22F400525A629A6A42F0B7
:10425000FF029A622046002388F80030BD46BDE880
:10426000F0876FF01506A1E7AC020020590B0100A2
:104270006B0D010000ED00E0730B0100B5090100BA
:10428000AA0B0100C60B0100E00B01003D0A010072
:104290002DE9F0419D4B8AB0D3F8048000AF04466D
:1042A000C8F30806002585F31188BFF36F8F02F06D
:1042B0007F43B3F17F4F16D102F00C03082B26D1B8
:1042C0009348036859070ED06C4688B06A46914BF4
:1042D0005361914B9361032342F8103F4FF4C25155
:1042E00009F00FF9A54600252C460023FB71F31EAB
:1042F000092B00F2E580DFE813F00F00CB00CE00C1
:10430000C700E300E300E300E300E300D10012078D
:104310004CBF0C460125E8E77D4E33685B070FD0A4
:10432000E84688B06A467D4B53617D4B9361032319
:1043300042F8103F4FF4C251304609F0E2F8C5464A
:104340000023FB71714BDA6A900714D53368590763
:104350000FD06E4688B06A46724B5361704B9361C2
:10436000032342F8103F6A484FF4C25109F0C9F8DC
:10437000B546002358E0DA6A002A07DA33685A079C
:10438000F7D06E4688B06A46674BE6E7DB6A5B00AB
:10439000EFD5336858070FD0E84688B06A46634BBC
:1043A00053615F4B9361032342F8103F58484FF429
:1043B000C25109F0A6F8C546544BA1695A6942F4A6
:1043C00080725A61BFF34F8FBFF36F8F5A6931F814
:1043D000021C22F480725A61BFF34F8FBFF36F8FBC
:1043E0004DF60272914209D09A6AD2B2002A3DD0AB
:1043F000FA1D01212046FFF757FE47E033685907B1
:1044000011D06E4688B023686A46494951614449D3
:104410003F48C2E90613042342F8103F4FF401510C
:1044200009F06FF8B5462368FA79DAB907F108069A
:1044300004F1200C20686168324603C208346445E8
:104440001646F7D17A6A002D5BD0C2F3080121B974
:104450006FEA52226FEA42227A6207F10801184697
:10446000FFF7A0FB2837BD46BDE8F0819A6A12F439
:104470007F4F04D0F91D0120FFF764FC06E09B6A22
:10448000B3F5803FFFF475AFFFF748FD0346CBE778
:10449000FA1D0021AEE7F91D0020EDE71C48036876
:1044A0005A073FF466AF6E4688B06A46214B5361A7
:1044B000214B9361032342F8103F4FF4C25155E75B
:1044C000134803685B073FF454AF1C4A1C4B18F4B5
:1044D000F87FE8468AB018BF13466A461949516109
:1044E0001949C2E9061340F201339384103E174B79
:1044F00016624FF4315142F8103F09F002F8C546F8
:1045000037E722F4FF7222F00102A5E700ED00E098
:10451000AC020020310C0100870D0100600C01008D
:104520007C0D01007B0C0100A00C0100B20C01000D
:10453000D50C0100F50C0100470D0100180C01001D
:10454000030C01001D0D0100340D010005000001E8
:10455000044B5A6942F010025A615A6922F008026B
:104560005A61704700ED00E0EFF30880EFF3098136
:1045700001B57246FFF78CFE01BD00BF002080F33D
:104580001488BFF36F8F134880F3088802F040FF50
:10459000002011490860BFF34F8F00F033F820204E
:1045A00080F311880D484FF0AA014FF4825208F0B1
:1045B00099FF0A484FF48251401880F30988EFF3BD
:1045C00014800221084380F31488BFF36F8F00F03A
:1045D000FBF80000C09E002094ED00E04076002033
:1045E0000749D1F890200023C2F3072218469342CE
:1045F00000DB7047C1F89830C1F8A0000133F6E73E
:1046000000ED00E008B572B6002383F31388FFF7CE
:10461000E7FF144B4FF0FF32C3F88020C3F884202B
:10462000C3F88820C3F88C20C3F89020C3F89420E6
:10463000C3F89820C3F89C20C3F88021C3F88421D4
:10464000C3F88821C3F88C21C3F89021C3F89421C2
:10465000C3F89821C3F89C2162B6BFF34F8FBFF314
:104660006F8F08BD00E100E0084B9B6883420BD1CF
:10467000EFF3058343B1064B5A6842F080525A600B
:104680005A6A22F400425A6205F06ABD882200206C
:1046900000ED00E015498A684FF030001044EFF358
:1046A000098C80E8F01F202080F31288BFF36F8F01
:1046B0000F4F4FF000664A698A603E60D2F8B4003E
:1046C0000C4C2060D2F8B8000023C2F8B83080F358
:1046D000118804B5104600F00FF9BDE8044002F15E
:1046E000300090E8F01F8CF3098870478822002082
:1046F00004ED00E0642100201EF0040F0CBFEFF376
:104700000880EFF30980816911F8021C0229FFD0AB
:1047100001B5724608F0EAFE01BD00BF40B20028B4
:1047200007DB044A4109012300F01F00834042F8DF
:104730002130704700E100E040B200280CDB430963
:10474000064900F01F0020330122824041F8232057
:10475000BFF34F8FBFF36F8F704700BF00E100E0E2
:10476000054B420900F01F0053F82220012303FAF1
:1047700000F01040704700BF00E100E040B20028A8
:10478000A8BF00F1604001F10101B8BF064B4FEA3C
:104790004111ACBF00F5614000F00F00C9B2B4BFD9
:1047A000195480F80013704714ED00E0044B054ADB
:1047B00023F07F039360BFF34F8FBFF36F8F70477A
:1047C0000000000000ED00E008B5FFF7EFFF074A2A
:1047D000D2F8883023F47003C2F88830FFF7BAF9B2
:1047E000FFF7C4F900F05EF804F01EFD00ED00E0F4
:1047F00042F8203C009B42F81C3C0A49019B42F8CD
:10480000183C029B42F8143C21F001014FF08073E8
:1048100042F8043C42F8081C0023203A0265C0F824
:10482000B8307047291700000A4A0346906878B1EB
:1048300013F1160FD0F8A40005D0A0F140029A425F
:1048400005D8834203D2814228BF00207047002050
:10485000704700BF8822002008B515460C4A0D4B52
:104860009060D0F8B4201A600E4600F045F82C464F
:1048700086F309880020044B984720460021002237
:104880000023024C2047000017D500002917000024
:104890008822002064210020014B10221A617047F9
:1048A00000ED00E0044800232021C2180133302B22
:1048B00082F80013F9D1704700E100E008B5EFF38A
:1048C0000583064A103B02EBC30152F833004968E6
:1048D0008847BDE80840FFF725BA00BFC8F20000CE
:1048E000024B034A0348012100F0BCB80000042039
:1048F00000000020B4FA0000D0F8A420054B403A94
:104900001A60054A4021C3E901121846012100F04E
:10491000B3B800BF6821002000000B1598B503460E
:104920000C480268520700AF10D06C4688B06A4647
:10493000094951610949C2E90613042342F8103FAD
:1049400000234FF40151FDF7B1FBA5466FF01500B0
:10495000BD4698BDA8020020930D0100E40D0100A2
:1049600010B40E4CD4F89030C3F30723013B9842A7
:1049700002D910BCFFF7D2BFC4F898000B6823F02F
:104980001F03034343F01003C4F89C308B6843F0CB
:104990000103C4F8A03010BC704700BF00ED00E078
:1049A0002DE9F04184B00E4600AF9846044600253C
:1049B000B5421FDA6068002835D0B8F1000F23D067
:1049C000411E08421BD0194803685B0710D06C4693
:1049D00088B06A46164B5361164BC2E9063504236C
:1049E00042F8103F00234FF40151FDF75FFBA5464D
:1049F0006FF0150210461037BD46BDE8F0811F2844
:104A0000E1D923681942DED123687B6008F0A6FD56
:104A1000A368391D0343D0B2FB60FFF7A1FF10F17B
:104A2000160FE5D0421C01350C34C1E7A802002066
:104A3000BD0D0100FD0D0100044B0522C3F89420BB
:104A4000BFF34F8FBFF36F8F704700BF00ED00E0E3
:104A5000BFF35F8F024B0022C3F89420704700BF62
:104A600000ED00E010B5034C01232278FFF798FF1A
:104A7000207010BDA33D002008B50B4A002312781A
:104A8000FFF78EFF10F1160F07D0084A0021D2F869
:104A90009030C3F30723984200DB08BDC2F89800AA
:104AA000C2F8A0100130F2E7A33D002000ED00E0C5
:104AB0002DE9F0435E485F49D0F890300D68C3F3AC
:104AC00007239D4285B000F2B080FFF7C1FF49681F
:104AD0000022954201F10C011BD1574C574F257014
:104AE0006846FDF7CBFEDFF85881DFF8589106469F
:104AF0000025AE4220D123784D490020D1F89020E6
:104B0000C2F307229342C0F28A80FFF795FF00208C
:104B10004FE0C0F8982051F80C3C23F01F031343DA
:104B200043F01003C0F89C3051F8043C43F00103FB
:104B3000C0F8A0300132CCE7009800EB05114FEA35
:104B4000051CCB683B40B3F5000F49D00AD8B3F53C
:104B5000001F31D0B3F5800F37D0B3F5801F13D0CD
:104B60000135C6E7B3F1007F43D0B3F1805F49D090
:104B7000B3F1807FF4D150F80C3088684A6808F0AF
:104B8000EDFC40F0887009E050F80C3088684A6805
:104B900008F0E4FC40F0885040F43020039001A974
:104BA0002078CDE90123FFF7DBFE002833DA6FF030
:104BB000150005B0BDE8F08350F80C3088684A68ED
:104BC00008F0CCFC40EA0900E8E750F80C308868AF
:104BD0004A6808F0C3FC40F0007040F40030DDE7A4
:104BE00050F80C3088684A6808F0B8FC40F08270D1
:104BF000D4E750F80C3088684A6808F0AFFC40F4FD
:104C00008020CBE750F80C3088684A6808F0A6FC92
:104C100040EA0800C2E7237801332370A0E7C1F817
:104C20009830C1F8A000013368E74FF0FF30C0E7CB
:104C300000ED00E0C0FA0000A33D00200000F0FFFE
:104C40000000021100000811F0B587B007460E46BB
:104C500014460021102268461D460AF0A6F90223D8
:104C60008DF802302A46054B019321466846CDE96E
:104C7000047606F07FF907B0F0BD00BF7DD50000D7
:104C800008B5024B1B689847002008BD742100201E
:104C9000034B044A1860937843F002039370704703
:104CA000742100208000002008B50649064821F044
:104CB0000701C1F1005202F5802207F081FA0020BD
:104CC00008BD00BF47CF002078210020044A0123FF
:104CD000C2F840354FF080420020C2F87835704766
:104CE00000E0014048B1054B054A1B68B3FBF2F3F5
:104CF0005843044B43F0010318477047C401002098
:104D000040420F00A0F60000BFF34F8F0549064B4D
:104D1000CA6802F4E0621343CB60BFF34F8F00BF59
:104D2000FDE700BF00ED00E00400FA0508B5044807
:104D3000044A3F23C0E9002302F04EFC002008BDD6
:104D400084210020FFFF0F00084B70B5C31A0D46E9
:104D500007499B10044659430648402208F022FCAC
:104D60002B4601462046BDE870401847A021002090
:104D7000B76DDBB604F2000073B50C4C0C4A40234F
:104D8000041B00930D460B460A49A41061430646D6
:104D9000094808F032FC011E05DA30462B4602B005
:104DA000BDE87040184702B070BD00BFA0210020D0
:104DB00063D60000B76DDBB604F200000022F8B540
:104DC000012105461046FFF7D9FC104802F02CFCE3
:104DD0000446B8B902F048FC2F690D49384607F07F
:104DE0006CFD031E09DB01263E642D69084905F1AF
:104DF0001C0007F062FD031E02DA1C462046F8BDC7
:104E0000EE64FBE76FF00404F8E700BF414F0000D9
:104E1000E0FA00001FB500220123CDE90223094A70
:104E2000CDF800D06B46CDF804D008F013FC002874
:104E300005DB4FF480420023684604F099FB05B07F
:104E40005DF804FB75D6000010B5EFF31184202344
:104E500083F31288BFF36F8F074A136823F00201B0
:104E6000DB07116002D4012008F0E6FE84F311880C
:104E7000BFF36F8F10BD00BFF021002030B4104B86
:104E80000C2202FB003301460020D3E90E52986346
:104E9000EFF31180202484F31288BFF36F8F1C6C12
:104EA00004F0C00444F002041C6480F31188BFF3D2
:104EB0006F8F1DB12B46034830BC184730BC70477C
:104EC000A021002004F2000010B4EFF3118220238F
:104ED00083F31288BFF36F8F1748016841F0020413
:104EE0000460C80707D482F31188BFF36F8F0120D5
:104EF00010BC08F099BE4FF08041D1F80C04D1F8F5
:104F00000C14C907EFD5EFF3118083F31288BFF3B8
:104F10006F8F0A490B6C03F0C00343F002030B646C
:104F200080F31188BFF36F8F82F31188BFF36F8F07
:104F3000002010BCFFF7A2BFF0210020A02100201C
:104F400010B1012804D07047034B1B6C5B0701D1E3
:104F5000FFF794BF704700BFA02100202DE9F0416A
:104F60003849BFF35B8F0746012251E8003F41E813
:104F700000200028F9D1BFF35B8F33B932493348A1
:104F80004B60CB608A6007F0ABFC7B1E012B2BD8FB
:104F9000012F07D14FF08043D3F81C3403F00303F3
:104FA000012B21D009F044FC0546F8B9284B1B78A9
:104FB000E3B14FF080430222C3F808230646DFF82E
:104FC00094804FF08044D4F81824D4F81834D203D5
:104FD00015D503F00303012B01D0012F0FD155B3D9
:104FE00086F31188BFF36F8FBDE8F081EFF3118670
:104FF000202383F31288BFF36F8F0125DFE7ADB164
:10500000304608F09CFAD4F81835002BDBD1D4F8E0
:105010000421002AD7D0C4F80431D4F80431012384
:10502000C4F81835C8F88031A360CCE700212120EE
:1050300009F0AEFCE7E74FF080430222C3F80423F7
:10504000D2E700BF9C2100208C210020BC21002041
:10505000B65D002000E100E010B5044C2046FCF7EE
:105060005DFB2046FFF714FE002010BD71500000CC
:1050700073B5104E8DF807000446032501220DF18B
:105080000701002003F0EEFE20B10123337020461B
:1050900002B070BD3378002BF9D0013D08D009F083
:1050A000C7FB0028EAD10021422009F071FCE5E7A6
:1050B0003570ECE7A43D0020024B0B600123136028
:1050C000704700BFF42100200048704704FB000037
:1050D000B0B503460D480268520700AF11D06C46C8
:1050E0008AB06A460A4D55610A4D1162C2E90653FB
:1050F000052342F8103F00234FF42151FCF7D6FF5F
:10510000A5466FF01500BD46B0BD00BF9802002057
:105110004F0E0100B50E010010B5012211460648E0
:10512000064C09F0E8FA09F09CF8206009F095F8BF
:105130006060002010BD00BFFC210020F421002091
:105140004FF08042D2F81015D2F8103501F01E0150
:1051500023F01F030B4343F00103C2F81035024B49
:1051600000221A70704700BFA53D00204FF0805309
:10517000D3F83031082B20D14FF08042D2F81015EF
:10518000CB071AD5D2F8103501F01E0123F01F030A
:105190000B43C2F81035D2F808315BB1D2F81035A4
:1051A00023F01F030B4343F00103C2F810356FF0E7
:1051B0008B007047024B01221A700020704700BF1D
:1051C000A53D00202DE9F84300AF8946154609F0BA
:1051D00044F829460646484608F05CFA034600288B
:1051E0004AD0B9FBF6F306FB1393C84623B9B5FBC7
:1051F000F6F406FB1454C4B128480368590711D0CB
:105200006C468AB06A46264B5361264B1562C2E94A
:105210000639052342F8103F00234FF42151FCF7D3
:1052200045FFA5466FF015041FE0B5421DD34FF0B2
:10523000FF324FF0FF331C48DFF8709004F098F90C
:1052400009F00BF80646FFF791FF044688B940467F
:1052500002F0BCFC99F800300BB1FFF771FFAD1BF9
:10526000B044F0D1104804F04FF92046BD46BDE8E7
:10527000F8836FF08B04F5E7084802685207D1D035
:105280006C468AB06A460A49516106491562C2E90C
:105290000619052142F8101FBFE700BF9802002041
:1052A000700E0100D40E0100FC210020A53D00205D
:1052B0004F0E01002DE9F0470E4600AF194630466B
:1052C0001C46904608F0E6F90346D0B92F4802681C
:1052D000510710D06D468AB06A462D4951612D495B
:1052E0001462C2E90616052142F8101F4FF421513D
:1052F000FCF7DCFEAD466FF015042046BD46BDE868
:10530000F08744EA060515F0030511D01F4803682D
:105310005A07F0D06D468AB06A461F4B53611D4B49
:105320001462C2E90636052342F8103F0023DDE788
:10533000002CE2D01948DFF868A04FF0FF324FF0A0
:10534000FF3304F015F96319032BA6EB050909D8FF
:10535000144AD2F80034DB07FBD500240F4804F0D0
:10536000D3F8CAE7FFF702FF60B9A8EB0503484688
:10537000196802F047FC9AF800300BB1FFF7E0FE25
:10538000043DE0E76FF08B04E8E700BF98020020DF
:105390004F0E0100C40E0100930E0100FC210020FD
:1053A000A53D002000E00140F0B544681646A06825
:1053B000227C01F01F0587B045EA421500286DD018
:1053C000B6F5001F04D1294608F03DFF002056E045
:1053D0006268607CC2F8240501AA0020B6F5800F3F
:1053E0000190506037D1B3F1007F14BF052304232F
:1053F0008DF804300023CDE904230393E36823FAF6
:1054000001F111F001010DF103073AD1B6F1A07FCE
:1054100037D105F01F036A0903F5E07326D0012A8E
:105420003FD1214A52F82330DB072AD4A0683A46FC
:10543000294608F07EFE16301BD00297A06803AA0A
:10544000294608F042FD002819DBA0680122294600
:1054500008F0A6FEBAE7B3F1C06F05D0B3F1007F44
:1054600014BF01230223C3E70323C1E74FF0A04287
:10547000D8E7A068394602F0A9FA0028DDDA07B0BB
:10548000F0BDA0683A46294608F053FE0028D5D161
:105490009DF80310A06802F093FACFE76FF0850043
:1054A000EDE751F82330FFDE00030050420970B5EC
:1054B000034602D0012A17D070BD0D4E32695168E3
:1054C0000029F9D003F01F0301250C689D40002935
:1054D000F2D08A682A4002D04B68304698472CB1F7
:1054E000236821461C46F2E7024EE7E72346F8E729
:1054F0003CF2000020F2000038B54568A86890B181
:1055000008F046FE014670B9A86808F025FE04467A
:1055100058B902460649A86808F008FE2246052147
:105520000620FFF72BF9002038BD6FF00400FBE7E1
:10553000AD5400002DE9F043476840F20636D0062E
:105540003B7C87B002EA060654BFC2F3401C4FF012
:10555000030C01F01F05B6F5837F144645EA431599
:105560008DF803C045D00DD8062E16D005D8A6B1AB
:10557000022E40D06FF0150038E0B6F5807FF9D1EB
:1055800001260AE040F20222964236D0B6F5407F6C
:1055900035D0B6F5007FEDD102260123220303FAB0
:1055A00001F12ED57B68C3F80815B86890BB05F0EB
:1055B0001F036D092BD0012D75D13D4A02EB8302EB
:1055C00084F48033D2F80017C3F30043C4F340449B
:1055D00044EA430421F4E16144EA8C0421F0070128
:1055E00044EA06230B43C2F80037002007B0BDE8A9
:1055F000F0830726D1E70426CFE70526CDE703266B
:10560000CBE7630344BF7B68C3F80C15CDE74FF0CD
:10561000A042D3E70DF10202294608F08AFD14F4F6
:10562000403F80460CD1B868294608F0B7FDB8F174
:10563000000FDAD19DF80210B86802F0C1F9D4E782
:105640004FF0000901ABCDE90199CDE90439CDF85E
:105650000C90B86803AA294608F037FC4845C4DB1B
:1056600014F4003314D084F480349DF803308DF8A2
:105670000E30C4F300448DF80C608DF80D40B8680E
:105680004B4603AA294608F0D8FC0028CFDAACE73D
:10569000CDE904330DF103030393B86803AA294647
:1056A00008F013FCF1E703F5E07350F82330FFDE58
:1056B00000030050036803F01F025B09026004D07E
:1056C000012B034818BF002070474FF0A0407047DF
:1056D000000300502DE9F04FDFF87081DFF8709182
:1056E00085B09246834600EB810140F2FF17594591
:1056F00003D1002005B0BDE8F08FDBF8003058047E
:10570000C3F3C322C3F3080400F19980BC4218F824
:1057100002604FEA136312D0192B1DD94E2B40F0B3
:105720009180CAF8144503A80394FFF7C3FF039BB5
:10573000012505FA03F3C0F808352A4643E0192B82
:1057400008D94E2B7ED14FF0FF33CAF814350BF138
:10575000040BCCE74FF0FF34032B73D9043B152B1C
:1057600070D8DFE803F00B11216F6F6F6F27546F54
:105770006F6F6F6F6F6F6F6F57636669631CCAF8E7
:105780000845E4D0002504E0651CCAF80C45DED0CD
:10579000012503A80394FFF78DFF039B012202FA62
:1057A00003F3C0F80C350EE0CAF81045631CCED0E8
:1057B0000025C2E7CAF80845002EF7D1601CC6D004
:1057C00000252A460626DBF80030019303F400404A
:1057D000002818BF002203A8009218BF01250394D7
:1057E000FFF768FF039C019B009A00EB8400C3F362
:1057F000412CD0F80047330243EA8C03134304EAF8
:105800000904234343EA4503C0F800379FE7CAF879
:105810000C45D1E7CAF86045621CDBF8003096D031
:10582000C3F30043002B7FF47EAFB1E7CAF86445B1
:10583000F2E7CAF86845EFE7CAF86C45ECE76FF0A5
:10584000150057E76FF0850054E700BF240F0100F3
:10585000F0F8FCFF2DE9F0474568D0F810800121F1
:1058600000AF0646686B07F0C2FFE96B481C35D0F5
:10587000A86B08F09AF810F1130F044618D14248AB
:1058800003685A070ED06C4688B06A463F4B536196
:105890003F4B9361032342F8103F4FF4C25107F08E
:1058A000A3FFA5466FF012042046BD46BDE8F08771
:1058B000431D13D1344803685D07F5D06D4688B0A9
:1058C0006A46344B5361324B9361032342F8103FD5
:1058D0004FF4C25107F088FFAD46E5E7EB6A984701
:1058E000D8F830504FF00109D8E90C3203EBC2036D
:1058F0009D420AD308F1280007F0BCFF736800211D
:10590000586B07F074FF0024CEE7286808F066FEA5
:10591000C0B91D4803685907C4D02B686C468AB0CB
:1059200019682B796A461C4D556113621B4D40F274
:10593000013393841A4BC2E9065142F8103F4FF4E9
:105940003151ACE728682979EB88D0F810C0D0F83D
:1059500008A0DCF80040DA0754BF43F4B01383F426
:10596000D01323F4801209FA01FEDB074CBF4EEA84
:10597000040424EA0E04CCF80040DAF8003098471A
:10598000041E91DB0835AFE7BC0200202C0F01009C
:10599000331101005B0F01007C0F010016110100A3
:1059A00005000001B0B5027800AF034642B90C69AA
:1059B000D4F8802032B9E06F6FF0730107F083FFF5
:1059C000BD46B0BD606F48B1A16F39B1DB682BB186
:1059D000834203D0D4F88C1009F0BFFA236FD4F8B7
:1059E0008020A3B19A422FD9304803685A070ED0BD
:1059F0006D4688B06A462E4B53612E4B936103234C
:105A000042F8103F4FF4C25107F0EEFEAD46A36FCF
:105A1000D4F88020A3B19A422FD9244803685B07A9
:105A20000ED06D4688B06A46214B5361224B93617C
:105A3000032342F8103F4FF4C25107F0D5FEAD46A4
:105A4000E06F07F052FFBBE79B1A23677BB9E36D5A
:105A50000833E365236E013B236604F1700204F111
:105A6000600104F15C0007F0ACFEE066CFE7E36E96
:105A7000002BCCD01344E366C9E79B1AA3677BB91C
:105A8000636E08336366A36E013BA36604F178027C
:105A900004F1680104F1640007F093FE6067CFE74A
:105AA000636F002BCCD013446367C9E7BC020020AE
:105AB000A40F010077110100611101002DE9F04FE1
:105AC0008FB000AF9A464368FB608B8804698946B3
:105AD00099040646934640D44FF0FF324FF0FF330F
:105AE00004F1380003F044FDC4F82C907568D6F832
:105AF00010802B687B6098F8853023B1D8F8283067
:105B0000994500F05481B9F804E01EF4006F2BD0E1
:105B10008A4803685A070ED06D4688B06A46884B9B
:105B20005361884B9361032342F8103F4FF4C251F5
:105B300007F05AFEAD466FF08505A36A13B19B8846
:105B40009B0405D40023E36204F1380003F0DCFC7D
:105B500028463C37BD46BDE8F08F236C002BBBD1F7
:105B6000E36A9945B8D1C1E71EF0010F1BD0734815
:105B700003685B0702D16FF01505DEE76D468AB05A
:105B800033686A46704951616E49C2E9061340F2B2
:105B9000013313846D4B42F8103F4FF4115107F05D
:105BA00023FEAD46E7E71EF0080F10D063480368F8
:105BB0005E07E0D06D4688B06A46654B5361614B25
:105BC0009361032342F8103F4FF4C251E7E7CEF34D
:105BD0004513082B08D0594803685D07CBD06D46A4
:105BE00088B06A465B4BE9E7D9F80030BB60BA6819
:105BF000594B9A4208D8514803685907BBD06D46A3
:105C000088B06A46554BD9E704350FCD07F1100C23
:105C1000ACE80F000FCDACE80F00D7E901239A42A2
:105C200028BF1A4695E803004D4B9A428CE80300C2
:105C300017D24C4B9A4214D24B4B9A4211D24B4B37
:105C40009A4260D84A4B9A425FD84A4B9A425ED8F1
:105C5000494B9A425DD84948494B4A49824288BFDC
:105C60000B461EF0020F7B620EF0040353D0002B94
:105C700014BF0323022387F82830CEF3001387F8DC
:105C80002930D8F80030D3F808355A1C13D01EF04C
:105C9000020F03F01F00CEF340014FEA53134FF001
:105CA00001023FD1002B3AD0934240F04981364B5C
:105CB0008240C3F80C2598F885302BB1404602F09D
:105CC0004DFE002388F88530304A334607F1100135
:105CD000404608F056FB051E64DA184803685E0764
:105CE0003FF42BAF6E4688B06A46294B5361154B83
:105CF000C2E90635042342F8103F4FF4015107F082
:105D000073FDB54619E7234BABE7234BA9E7234BBC
:105D1000A7E7234BA5E7003B18BF0123ABE74FF0F4
:105D2000A043C5E73BB1012B40F00D81164B8240EB
:105D3000C3F80825BFE74FF0A043F8E7BC020020F6
:105D4000C60F01008D110100E40F010004000001E5
:105D50000A1001002D10010047E801006010010049
:105D60000048E8010024F40000127A00FF083D001A
:105D70007F841E003F420F001FA107008FD0030049
:105D800048E8010090D0030000030050A55900002E
:105D90009510010000093D0080841E0040420F0064
:105DA00020A10700012388F88530C8F82890012336
:105DB00084F88430FB68D96B481C18D0986B07F0C6
:105DC0001CFE743013D16248036813F0060F0ED026
:105DD0006D4688B06A465F4B53615F4B9361032306
:105DE00042F8103F4FF4C45107F0FEFCAD46BBF142
:105DF000000F7AD1C4F85CB00023236604F170026E
:105E000004F1600104F15C0007F0DBFCE066BAF12C
:105E1000000F72D1C4F864A00023A36604F17802D5
:105E200004F1680104F1640007F0CBFC002504F1E3
:105E300028082A46606701214046A56507F0FAFC5C
:105E4000304607F052FD206E2A462B4683425CD135
:105E50000023A56E1946A9425ED19A4238BF1A4660
:105E60004FF4FA5303FB02F5A36A4FF4004C1B688E
:105E7000B5FBF3F540F2E730C83500214FF47A72F4
:105E80000023E5FB0C01FAF7BBFD04F148080246CC
:105E90000B46404603F06CFB0246002843D02C48DA
:105EA00003685A070ED06D4688B06A462B4B536183
:105EB0002B4B9361032342F8103F4FF4C25107F07C
:105EC00093FCAD4600252046C4F8805002F046FD04
:105ED00084F885506FF07301304607F0F4FC4046BB
:105EE00003F06CFB6FF0730527E6DBF80030E36529
:105EF000002B81D0DBF804307FE7DAF800306366EE
:105F0000002B89D0DAF8043087E7E16D01EBC3019B
:105F1000013349680A4499E7606E00EBC100013122
:105F20004068034497E7A56D15F1740FCAD0002DA2
:105F30003FF403AE30691146283007F07BFCFCE5E6
:105F4000C1F80C15FFDE0023C3F80835FAE700BFDF
:105F5000BC020020BE10010097110100EC100100EE
:105F60004111010000F01F0240090DD001280ED19F
:105F70000A4B03EB82030A4AD3F80007024042EAC5
:105F80008102C3F8002770474FF0A043F1E702F504
:105F9000E072002353F82230FFDE00BF0003005000
:105FA000F0F8FCFF70B5012383400E4ABFF35B8F0E
:105FB000DC4352E8001F01EA040542E80056002EC7
:105FC000F7D1BFF35B8F4FF4803282400648C0F8B0
:105FD0000823BFF35F8FBFF36F8F0B4214BF012005
:105FE000002070BD282200200010014070B40E492E
:105FF000D1E90034D01AC31844F1000422F07F46DE
:10600000C1E90034A6F50013B3F5400F09D2074BE0
:106010001B681A0A1B069C19054B42F10005C3E9CF
:10602000004570BC04F0F2BA201600202C2200209B
:106030002816002011B3BFF35B8F0123104A834061
:1060400052E800CF4CEA030C42E800C10029F7D126
:10605000BFF35B8F0B4A4FF480338340C2F80433A5
:10606000094BBFF35B8F1B68BFF35B8FC340DB073C
:1060700042BF064B4FF40032C3F80021704700BF07
:1060800028220020001001402422002000E100E02E
:106090000D4B1868010A0006BFF35F8F0B4BD3F856
:1060A0000435181841F10001B3F5801F0AD2084BDE
:1060B000D3E90023904271EB030303D210F1807007
:1060C00041F10001704700BF2C2200200010014068
:1060D000281600202DE9F04F85B016461F469DF882
:1060E00040A00446FFF75EFF0190FFF7D1FFB042EA
:1060F00071EB070354D23E4B301A67EB0101984213
:1061000071F100014FD23B4B03EB0413D3E902239F
:106110009F4208BF96425ED037494FF4803804F161
:10612000500508FA04F8AD00C1F848832046ADB226
:1061300007F08BFC26F07F4B05F1804504F5A87332
:1061400005F58835DC464FF003090293029A2CF0DE
:106150007F4341F82230C1F84483D1F80435274AFF
:106160006FF00200C01A604420F07F40904232D9A4
:10617000286868B1D1F804350393A3EB0B0020F035
:106180007F40B0F5000F26D9204607F05EFC039B48
:10619000BAF1000F07D109EB030C09F10109D5E7AA
:1061A000BAF1000F09D06FF0150520460199FFF7ED
:1061B00041FF284605B0BDE8F08F0123104ABFF328
:1061C0005B8FA34052E8000F184342E8000100290A
:1061D000F8D1BFF35B8F07490E98230101EB04123E
:1061E000C8500F9B5360C2E902670025DDE700BF7E
:1061F000010080001016002000100140FDFF7F000C
:10620000242200207FB51C4C1C4BC4F80833C4F872
:1062100048331B4B00254FF0FF304FF0FF31C4F8DF
:106220000855C3E902014FF48033C4F80433154B19
:1062300002264FF400320121C4F804631120C3F890
:1062400080212A46FEF79AFA1120FEF767FA0E4AD5
:106250000123A360236013600C4B0D4A0093CDE92A
:10626000015500232846FFF735FF3046FEF776FE3E
:10627000284604B070BD00BF0010014003000F00AD
:106280001016002000E100E028220020ED5F000051
:10629000FFFF7F002DE9F7432F4CD4F80433990713
:1062A0000BD5D4F8043143B12C4A0023C4F804318F
:1062B000D4F80431136801331360D4F80433DA03DB
:1062C00029D5BFF35B8F264B53E8002F22F0010145
:1062D00043E800100028F7D1BFF35B8FD30702D447
:1062E000D4F84031BBB10025C4F84051D4F8403156
:1062F000FFF7CEFEEFF31182202383F31288BFF362
:106300006F8F184BD3E90267B042B94106D282F3CE
:106310001188BFF36F8F03B0BDE8F0834FF0FF38F3
:106320004FF0FF39C3E90289D3E900101D604FF433
:106330008033C4F84833C4F84051D4F8403182F374
:106340001188BFF36F8F0029E5D0009032463B469D
:1063500028468847DFE700BF001001402C220020BC
:10636000242200201016002030B5431C124C85B0AA
:1063700005D08442A8BF0446012CB8BF0124FFF712
:1063800087FE0E4B0C4DD3E90013401AB0F5000FF9
:1063900010D22218AA4228BF2A4652184FF00000F5
:1063A00007490091CDE9010043F10003FFF792FE98
:1063B00005B030BD2A46F0E7FFFF7F002016002021
:1063C000ED5F000008B5FFF763FE024B1B68C01AC3
:1063D00008BD00BF2016002010B5084C01236360E3
:1063E0001120FEF7A9F9064BC4F80833C4F8483366
:1063F000044B4FF40032C3F8802110BD001001405F
:1064000003000F0000E100E000487047FCFB0000C3
:1064100090B587B000AFFB1DF971BB601446012336
:1064200007F1080207F11001C7E90423FB6007F038
:106430002BFB0346C8B10F480268520712D06C46C6
:106440008AB06A460C4951610C49C2E9061340F210
:1064500006231362052342F8103F4FF4215107F041
:1064600010FBA5461C37BD4690BD204608F09AF8A3
:10647000F8E700BF8C020020BD11010003130100EA
:10648000F0B50C1E8DB0054600AF4DDB4668B16A15
:1064900004EB030C614547D30121C7E90A234FEA06
:1064A000244C07F1080364BAC7E90431FC8007F102
:1064B00020033C1D87F805C0BC604FF0000C04248D
:1064C000BB6102233971C7E908C4FC60FB6107F0B6
:1064D000E2FA314651F8040B07F1180307F11002F4
:1064E00007F0C3FA0446286907F0F0FAC4B110486F
:1064F00003685B0712D06D468AB06A460D4B536144
:106500000D4BC2E9063440F21D131362052342F815
:10651000103F4FF4215107F0B4FAAD466FF0040478
:1065200020463437BD46F0BD6FF01204F8E700BFD7
:106530008C020020BD1101007012010090B58DB0D9
:1065400000AFD723FB71FB1DBB60B962012307F1CC
:106550000801C7E9041300220146C7E90823FB60CC
:10656000022207F12003C7E9063251F8040BFA6250
:1065700007F1180307F1100207F077FAC0B10E4BCC
:106580001A68520712D06C468AB06A460B495161AC
:106590000B49C2E90610C0211162052142F8101F03
:1065A00018464FF4215107F06CFAA5466FF004002D
:1065B0003437BD4690BD00BF8C020020BD110100E4
:1065C000CB1201002DE9F04F8FB006694568744980
:1065D000706400AF044606F1100008F00AF90023C9
:1065E00086F84030286807F0F9FFF8B96D4803686D
:1065F000590714D02B686C468AB01B686A466A49F2
:1066000051616A49C2E9061340F201331384684BB1
:1066100042F8103F4FF4115107F033FAA5466FF0DE
:10662000120528463C37BD46BDE8F08F2B7E23B1CE
:10663000E86807F0D3FF0028D8D0204607F02BFAEF
:10664000AA8F6068AB21FFF7E3FE656805F13F03A1
:106650007B609F23FB7207F10B0301263B6107F16F
:1066600010090023C7E90A36C7E9069607F10C0AA4
:106670004FF0030B07F12808022329467E61C7F873
:1066800030A0C7F834B0C7F820807B6251F8040B03
:1066900007F1200307F1180207F0E7F90346C0B13C
:1066A00040480268520711D06D468AB06A46414997
:1066B00051614149C2E9061396231362052342F84A
:1066C000103F4FF4215107F0DCF9AD466FF004059F
:1066D0000CE05A46514605F13F0008F0A5FA70B3A8
:1066E000304803685E0705D16FF01205206907F096
:1066F000EDF996E795F83F6095F8401095F8413030
:1067000097F80C8097F80DE097F80EC06D468EB0A4
:106710006A46DFF8A890C2F81490DFF89C901363E3
:106720000923C2E90A61C2E90698C2E908EC44F605
:10673000400142F8103F07F0A4F9AD46D4E7204BE2
:10674000BB6107F11803D4F804A03B6204237B6209
:1067500007F12003C7E90A3649465046FFF7EEFE27
:1067600005460028C2D13B8AD907BFD441465046CE
:1067700007F08AF9034668B10A4802685207A5D0B3
:106780006D468AB06A460B4951610E49C2E906134B
:10679000EE2392E7204607F0C0F90028A6D095E73F
:1067A000E7DA00008C020020E9110100111301005A
:1067B00004000001BD110100F412010002120100E9
:1067C0003D2A80A6E012010090B587B000AF1314F7
:1067D0007B713B1DBB600423FB6007F1080339712B
:1067E00052BA3B610446012340687B6107F1100106
:1067F000FA8007F049F90346D8B1114802685207F8
:1068000012D06C468AB06A460E4951610E49C2E9FF
:10681000061340F29D131362052342F8103F4FF414
:10682000215107F02EF9A5466FF004001C37BD4634
:1068300090BD204607F071F90028F7D0F4E700BFBB
:106840008C020020BD110100921201002DE9F047D9
:106850000D1E86B0064600AF9046C0F2BB80D0F851
:106860000490AB18D9F828209A42C0F0B380B9F848
:10687000363095FBF3F203FB1252002A40F0AD8054
:10688000B8FBF3F203FB1283002B40F0A68007F065
:1068900002F999F83830002B5AD1D9F828304345FD
:1068A00056D14F4B7B603B1DBB600423FB6007F15F
:1068B00008033B617068012307F110017B6107F059
:1068C000E3F8034600B347480268520712D06C460B
:1068D0008AB06A46444951614449C2E906134FF4FB
:1068E000BF731362052342F8103F4FF4215107F0A4
:1068F000C8F8A5466FF00404306907F0E7F82046B1
:106900001837BD46BDE8F087304607F006F9044663
:106910000028F1D0EEE7D9E90BA32BB1AB421CD88C
:10692000554501D2AAEB030A99F83930BBB9D045D5
:1069300015D30AF1FF332B4211D12A467C21304670
:10694000FFF742FF55440446A8EB0A08002CD3D1B8
:10695000B8F1000FDFD14446CEE79A46E4E7B9F834
:106960003430434502D8013B2B421BD0B9F83630B6
:10697000434523D91B4803685B0710D06C468AB097
:106980006A461B4B53611B4B1562C2E9063805234F
:1069900042F8103F4FF4215107F073F8A5466FF00D
:1069A0001504A9E72A4650213046FFF70DFFB9F834
:1069B000343004461D44A8EB0308C7E7013B2B42D3
:1069C000D8D12A4681213046FFF7FEFEB9F836308D
:1069D0000446EFE76FF0120491E76FF015048EE7BD
:1069E000C794809A8C020020BD110100A3120100FF
:1069F0003F120100B61201002DE9F04FB1F1000A7B
:106A000089B0054600AF16461C465FDBD0F804800F
:106A10000AEB0301D8F828308B4257D307F03BF834
:106A20004FF05809002C3FD0B8F83610686887F846
:106A300004904B4203EA0A030B44A3EB0A034FEA18
:106A40002A41A34279719AFA9AF128BF2346F98024
:106A500007F110019B46B9603B1D02213B61F960C3
:106A6000042307F10801C7E90536C7F81CB007F091
:106A70000BF8014600B3174803685B0712D06C4659
:106A80008AB06A46144B5361144BC2E9063140F296
:106A900039131362052342F8103F4FF4215106F0D9
:106AA000F0FFA5466FF00404286907F00FF82046B0
:106AB0002437BD46BDE8F08F284607F02EF80028A1
:106AC000F0D15E44DA44A4EB0B04ABE76FF01204A0
:106AD000EDE700BF8C020020BD110100841201000F
:106AE00008B5F9F783FD0549F9F7D4FD0449F9F72D
:106AF000D1FD4FF06651F9F7CDFD08BD0000C04053
:106B00000000164408B5F9F771FD0549F9F7C2FD13
:106B10000449F9F7BFFD4FF06851F9F7BBFD08BD17
:106B20000000C040000016442DE9F0437E4C87B0C1
:106B3000236803F00703022B02AF06460FD96D4608
:106B400088B002AA794B5361794B9361032342F8D1
:106B5000103F4FF4C651204607F002F8AD46002220
:106B600011461B20FDF70AFE1B20FDF7D7FDDFF8BD
:106B7000C481714B7B604FF0070900236F4A3B8152
:106B800087F80A90FB60391D404607F01AFC05465D
:106B900000282ED023685A0724D06E4688B002AA57
:106BA000674B5361674B0425C2E906304FF401512E
:106BB00042F8105F5C4806F0D3FF23685B07B546D8
:106BC00010D088B002AA604B5361594B93616FF0AB
:106BD0000403D361544842F8105F4FF4015106F0AA
:106BE000BFFFB5466FF0040528461437BD46BDE823
:106BF000F0834FF47A71404607F002FC012302460D
:106C000029464046009507F025FC2A462946484675
:106C1000FDF7B4FD4846FDF781FDD8F800004B496B
:106C20003A1D00F5A07006F0E9FF40B323685D0748
:106C3000D8D06D4688B002AA454B5361454B042617
:106C4000C2E906304FF40151374842F8106F06F0A0
:106C500087FF23685807AD46C4D088B002AA3E4BD0
:106C60005361334B93616FF00403D3612E4842F8B4
:106C7000106F4FF4015106F073FFAD46B2E738795B
:106C800000F0BEFC7368186807F0A8FCA8B9236878
:106C900059070FD06C4688B002AA304B5361244B81
:106CA0009361032342F8103F1F484FF4C25106F08E
:106CB00057FFA5466FF0120596E7736818681979B3
:106CC000DB88D0F810C0D0F808E0DCF80050DA0714
:106CD00054BF43F4B01383F4D013012623F480127D
:106CE0008E40DB074CBF3543B543CCF80050DEF88F
:106CF00000309847054600283FF476AF23685B07CD
:106D00003FF472AF6C4688B002AA154B5361084B32
:106D1000C2E90630042342F8103F03484FF4015102
:106D200006F01EFFA5465FE7900200204513010014
:106D3000CD160100B40100200024F4005FDB000048
:106D40005F130100C11601008513010004700040AB
:106D5000A7130100B7160100D2130100E9FD0000DE
:106D6000F2130100014802F07FBB00BFEC020020DB
:106D70002DE9F04F9BB000AF9146B96007F058FD88
:106D8000002840F02E820023C9F80030C9F80430F2
:106D9000C9F80830C9F80C30614BC7F85D009A8813
:106DA000A7F8650018689B7987F85A30062387F89A
:106DB0005C305C4BA7F858201968C7F85E109988BA
:106DC0009B7987F86430584BFB630122574B7865F9
:106DD000022487F85B4087F86720A7F8621087F8DD
:106DE00065203B644FF0FF334FF0FF32504802F014
:106DF000C3FA072001F01EF90346B0B14D480268FE
:106E000056070FD06C4688B06A464B4951614B49D2
:106E1000C2E90613042342F8103F4FF4015106F073
:106E20009FFEA5466FF004045FE0214607F1540081
:106E300001F046F9034640B13E4802685507F1D0DB
:106E40006C4688B06A463E49E0E73E4BF864A7F8D6
:106E5000500007F14C022146032001F05BF9034684
:106E600040B1344802685407DCD06C4688B06A46AA
:106E70003549CBE735484FF47A7101F09FF9034665
:106E800040B12C4802685107CCD06C4688B06A46A5
:106E90002F49BBE701F0D2F9034640B1254802680B
:106EA0005207BFD06C4688B06A462A49AEE72A48E6
:106EB0004FF0FF324FF0FF3302F05AFB0446002838
:106EC00052D01C4803685E070FD06D4688B06A46F2
:106ED000224B5361194BC2E90634042342F8103F98
:106EE0004FF4015106F03CFEAD46124803685D07C1
:106EF0000FD06D4688B06A46194B5361194BC2E9F1
:106F00000634042342F8103F4FF4015106F028FEE6
:106F1000AD46FFF727FF20466C37BD46BDE8F08F32
:106F2000E9160100F0160100056B0000E16A00009F
:106F3000EC020020900200201E1401009F160100A8
:106F40004414010009720000751401009824002007
:106F5000A8140100D41401004C0300200215010004
:106F600023150100A716010001F02AFA9E4B3B628F
:106F7000BB68BC61C7E91144C7E9134420337B6097
:106F800007F13C03FB6007F14403BB6207F14C03CC
:106F90003B63FB61BB6A7B61BE683B6AC7F83490A8
:106FA000CB463B61FA6852F8043BFA603A6932F921
:106FB000020B3A6198477B69054601461868F9F764
:106FC00061FA7B6943F8040B7B61FB69D3F80080AD
:106FD00029462846F9F75EFB4146F9F753FAFB6963
:106FE00043F8040BFB613368FB6219461846F9F756
:106FF000A1FC002831D1D6F804A051465046F9F73B
:1070000099FC50BBD6F8088041464046F9F792FCFF
:1070100018BBF3687B6219461846F9F78BFCE0B998
:1070200029464046F9F72CFA5146F9F733FBF96A3D
:1070300082462846F9F724FA796AF9F72BFB0146CC
:107040005046F9F71FFAF96A05464046F9F718FA6B
:1070500001462846F9F7D2FB0546DBF80000294631
:10706000F9F710FA2946CBF800002846F9F712FB89
:107070000146DBF80400F9F705FA7B68CBF8040059
:1070800010369E420BF1080B8CD1BB690233BB61F9
:107090003B6A04333B62BB69B3F57A7F7FF470AF20
:1070A000FFF760FEDFF84481514E4FF00009BB6AE4
:1070B00041461868F9F7A2FBBB6A43F8040BBB62B0
:1070C0003B6B414682461868F9F798FB07F0F5FEDE
:1070D0003B6B43F8040B3B633368580709F1010528
:1070E00031D5E9468AB06A46DFF808B1424B5361B0
:1070F000C2E906B5FA625046F9F766F96A464FF0FA
:10710000060AC2E908014FF4445142F810AF38486A
:1071100006F026FD33685907CD4614D53B6B53F86E
:10712000040CF9F751F98AB06A46344BD561C2E9CB
:107130000801C2E9053B2E4842F810AF4FF4445114
:1071400006F00EFDCD467B6B41461868F9F756FBFD
:107150007B6B4146186082465868F9F74FFB07F091
:10716000ACFE7B6B586033685A0730D5E9468AB06D
:107170006A46DFF880B0224B5361C2E906B5FA6275
:107180005046F9F721F96A464FF0060AC2E90801AC
:1071900042F810AF16484FF4445106F0E1FC336852
:1071A0005B07CD4613D57B6B5868F9F70DF98AB0AC
:1071B0006A46144BD561C2E90801C2E9053B0C4897
:1071C00042F810AF4FF4445106F0CAFCCD467B6B39
:1071D000022D03F108037B634FF001097FF467AFD1
:1071E00099E66FF00A0496E6982400200000FA431E
:1071F00090020020A7160100411501006215010050
:1072000083150100A415010098B5037800AF052B84
:1072100017D8DFE803F0031618162F462C4803682A
:107220005C070ED56C4688B06A462A4B53612A4BE0
:107230009361032342F8103F4FF4C85106F090FCCD
:10724000A546BD4698BD2248036859070ED56C4631
:1072500088B06A46214B53611F4B9361032342F868
:10726000103F4FF4C85106F07BFCA5461C4802F0C5
:107270004BF9E6E7164803685A070ED56C4688B006
:107280006A46184B5361144B9361032342F8103F35
:107290004FF4C85106F064FCA546134807F0A5F862
:1072A000CFE70B4803685B070ED56C4688B06A468B
:1072B0000E4B5361084B9361032342F8103F4FF488
:1072C000C85106F04DFCA546074807F094F8CDE7F5
:1072D00090020020C51501008B160100E515010084
:1072E0004C0300200E160100B40100202F160100EF
:1072F000B0B500AF05460C4607F09AFA00284ED10B
:107300004FF0FF324FF0FF33264802F035F86B683C
:10731000186807F063F9C8B9234803685A070ED004
:107320006C4688B06A46214B5361214B936103231D
:1073300042F8103F4FF4C25106F012FCA546FFF789
:1073400011FD6FF012042046BD46B0BD6868DCB187
:10735000012106F0F0FB0446C0B1134803685B0747
:107360000FD06D4688B06A46124B5361104BC2E98C
:107370000634042342F8103F4FF4015106F0F0FBAD
:10738000AD46FFF7EFFCDEE72146E2E700214FF4D0
:10739000767007F0FDFA0024FFF7E4FCD3E76FF006
:1073A0000A04D0E7EC02002090020020E9FD000072
:1073B0007916010053160100BFF34F8F0549064BA4
:1073C000CA6802F4E0621343CB60BFF34F8F00BF83
:1073D000FDE700BF00ED00E00400FA054FF0805328
:1073E000D3F83021082A06D1D3F83431052B02D83E
:1073F000024AD05C70470020704700BFFD160100B4
:10740000024AD2F80034002BFBD0704700E0014064
:1074100010B54FF08053D3F83021082A4ED14FF0E9
:1074200080420021C2F80C11C2F81011C2F83815C0
:1074300002F54042D3F80414C2F82015D3F808141A
:10744000C2F82415D3F80C14C2F82815D3F8101478
:10745000C2F82C15D3F81414C2F83015D3F8181448
:10746000C2F83415D3F81C14C2F84015D3F8201410
:10747000C2F84415D3F82414C2F84815D3F82814D8
:10748000C2F84C15D3F82C14C2F85015D3F83014A8
:10749000C2F85415D3F83414C2F86015D3F8381470
:1074A000C2F86415D3F83C14C2F86815D3F8401438
:1074B000C2F86C15D3F84434C2F87035FFF78EFF6C
:1074C00018B13F4B3F4AC3F88C26FFF787FF18B12E
:1074D0003D4BFB22C3F81825FFF780FF70B14FF03A
:1074E00080414FF08053D1F8E42ED3F8583222F087
:1074F0000F0203F00F031343C1F8E43EFFF76EFFE2
:1075000020B1324B4FF40072C3F840264FF0805345
:10751000D3F83031082B1AD14FF08043D3F8002430
:10752000D20744BF6FF00102C3F800244FF080532C
:10753000D3F83431052B02D8254AD35C3BB14FF048
:107540001023D3F808224FF08043C3F858254FF09A
:107550001021D1F80C32DB0714D51E480123C0F8E6
:107560000435FFF74DFFD1F80C3223F00103C1F8C9
:107570000C32FFF745FF0023C0F80435FFF740FF4A
:10758000FFF71AFFD1F80032002B03DBD1F80432E9
:10759000002B14DA0F4901234FF01020C1F80435F5
:1075A0001224FFF72DFFC0F80042FFF729FFC0F8B3
:1075B0000442FFF725FF0023C1F80435DEE710BDC4
:1075C000005000404881030000F00040009002405D
:1075D000F716010000E00140014B1860704700BF42
:1075E0003022002010B5054B1868144606F0CBFA7F
:1075F0000028A4BF2070002010BD00BF3022002052
:10760000024A01238340C2F80435704700F001406C
:10761000014B00201B68184734220020014B1B68D7
:10762000184700BF3422002010B50C4C237993B9C1
:10763000012323710A4B2060002818BF184600F070
:107640005BF850B923680748002BBDE8104008BF1D
:10765000184600F0A1B86FF0770010BD342200206A
:10766000117600001D76000008B5064B1B683BB183
:107670000020FDF775F818B9BDE80840FDF74EB8D1
:1076800008BD00BF342200204FF08053D3F83021D2
:10769000082A06D1D3F83431052B02D8024AD05C2F
:1076A00070470020704700BF0317010038B54FF046
:1076B00080440123C4F8083363600023C4F8003118
:1076C000D4F8003142F21075D4F80C24D4F80C34FC
:1076D000D20307D5DB0705D5012006F052FA013D9C
:1076E000F2D138BDFFF7D0FF0028FAD0014B0022BD
:1076F0005A71F6E73C22002010B508490C794CB9C4
:10770000012308600B71FFF7BFFF08B9002010BD0F
:107710004C71FBE76FF07700F9E700BF3C220020D7
:107720004FF080430022C3F80021D3F8002109491B
:1077300001221A60096811B1C3F804237047D3F815
:107740000021002AFBD00022C3F80021D3F8003129
:10775000704700BF3C22002010B54FF08043D3F8A3
:107760000423D20715D5D3F8002192B10022C3F823
:1077700000210121D3F80021C3F80813FFF784FF8B
:10778000044B10B15A7922B95971BDE810401B68F9
:10779000184710BD3C220020074A137943B9012144
:1077A000106011714FF080421846C2F818357047CA
:1077B0006FF07700704700BF4422002010B54FF0F3
:1077C00080431D4CD3F81814D3F8182411F4803FCB
:1077D00019D002F00302012A03D00AB106F03DFAE3
:1077E00000224FF08043C3F818250022C3F804217B
:1077F000D3F8042101229A60226872B9D3F80421D7
:10780000002AFBD011E0D3F81424D107E8D5D3F82F
:107810001C249207E2D422681AB10222C3F804237E
:1078200010BDD3F80421002AFBD00022C3F80421A4
:10783000D3F80431F4E700BF44220020F8B54FF03C
:107840008043194FD3F80443012504F01A0400269D
:1078500004B9F8BDB4FA84F0C0F11F00830003F549
:1078600080739BB203F1804305FA00F2196824EAA1
:1078700002040029ECD01E601B684FF080430128F1
:10788000C3F808230CD1D3F81824D3F8182492078E
:1078900006D10222C3F81805C3F804239860D7E77D
:1078A0003B68C0B29847D3E744220020036803F046
:1078B0001F025B09026004D0012B034818BF00209F
:1078C00070474FF0A040704700030050034A43093F
:1078D00000F01F00D35C1844C0B2704709170100C4
:1078E000034611F0010030B5CCB213D1A207C4F3A6
:1078F000400020D5124AD2F8200558604FF080533E
:10790000C2F82005D3F83031082B15D0003818BF45
:10791000012010E04FF0A0414FF08055D1F8202514
:107920001A60C1F82025D5F83051082D08BFD1F8CC
:107930002015002ADAD030BDD2F82035E6E700BFA6
:1079400000030050F7B504460846FFF7BFFF06B234
:1079500004EB46060D46B38ADB072BD5204606F01E
:1079600091FA2946204606F0EBF958B1204606F078
:10797000FDF9276800B207EB80030022C3F8102549
:10798000C3F810252946204606F019FA0021B182D5
:1079900001A80195FFF78AFF019B00EB8300074BCD
:1079A000D0F80027134043F00203C0F80037084620
:1079B00003B0F0BD6FF01500FAE700BFF0F8FCFF70
:1079C000014806F0FEB800BFC801002010B5044809
:1079D0000C4606F0D8F80028A4BF2070002010BD87
:1079E000C80100202DE9F04F804689B058F804AB5B
:1079F000DAF80413C9B28346082241F00041504628
:107A000006F018FA051E2BDA0023032106A8CDE99B
:107A10000633FFF765FF644B01930DF1180900234E
:107A2000019A009312F8013B60490192DA0803F0D1
:107A300007038A5C22FA03F3DA071AD4009B09F1E0
:107A40000409A3B14FF000410022504606F0F2F9BC
:107A5000032106A8FFF744FF0028DCD125F00045EC
:107A60000124002D40F08A8009B0BDE8F08F012389
:107A7000D6E7009B4E4A13440293D9F80010002920
:107A8000DCD0029B91FAA1F11C78B1FA81F141EAB4
:107A900044142046FFF71AFF0BEB40000594878A39
:107AA000C808BB0819F80020039301F0070101235F
:107AB00003FA01F122EA010209F8002005A8FFF704
:107AC000F5FE059A039B02F5E072C7F3820650F8B3
:107AD00022205B073746C2F3014233D5D6B2404677
:107AE0003A46214606F04CF905A80594FFF7DEFE5C
:107AF000059B03F5E07350F82330C3F301439E4226
:107B000007D10021204606F00CF93146204606F048
:107B100008F905A80594FFF7C9FE059B012202FAA2
:107B200003F3C0F820354FF08053D3F83031082BE1
:107B300001BFD0F82035D0F82035D0F82035D0F866
:107B400020359AE7022A0DD10321204606F0E9F8F4
:107B500006F00503012BDCD13A462146404606F0EB
:107B60000FF9D6E702212046039206F0DAF8032E39
:107B7000F2D0039A032ACCD1022EECE795FAA5F3B2
:107B8000B3FA83F304FA03F225EA020503F5A272BD
:107B90000BEB43035AF82220B3F87C10C2F30142E6
:107BA000404606F0EDF85CE71917010018FC0000EC
:107BB00019170100044AD2F80034DB07FBD5016035
:107BC000BFF35F8F704700BF00E001404FF080536C
:107BD0001A69B0FBF2F302FB13036BB9084B0222E4
:107BE000C3F80425C3F80805D3F80024D207FBD551
:107BF0000020C3F8040570476FF00C00704700BF09
:107C000000E0014010B5054C0123C4F80435FFF72E
:107C1000D1FF0023C4F8043510BD00BF00E00140CF
:107C200080F08003042B04D8054B034413F8800C28
:107C3000704707289ABF034B185C0020704700BFAD
:107C4000211701002617010030B50B4B012493F8D2
:107C5000305000220823204203D0254208D00132B0
:107C6000D2B2013B4FEA4404F5D10A70184630BD48
:107C70006FF01500FBE700BF4C220020054B93F886
:107C80002E00431E012B03D9043818BF0120704772
:107C9000002070474C22002010B5164A16490020DB
:107CA000C2F8000591F82F40D2F8043381F82E4035
:107CB0000C6823F033030CB143F02303C2F81C011A
:107CC000D2F81C41C2F81801D2F81841C2F80801D4
:107CD000D2F8082191F83320D00791F8342048BF1A
:107CE00043F08003D207034A48BF43F04003C2F881
:107CF000003310BD007000404C22002070B50D4ACA
:107D0000002392F8301001251E4618B90BB182F8F5
:107D1000301070BD90FAA0F3B3FA83F305FA03F4C0
:107D20000C3302EB430320EA0400DE8021EA040165
:107D30000123EAE74C22002073B50023044601AA80
:107D40000E464FF48071019306F08FFA4FF48A715A
:107D5000204606F08AFA4FF482710546204606F066
:107D600084FA20B11EB115B1144BD3F8343601AAF0
:107D70004FF48471204606F078FA4FF4867120465D
:107D800006F073FA4FF48871204606F06EFA0C4B39
:107D9000234083B14FF48E75294601AA204606F090
:107DA00064FA291F083589B22046ADB206F05DFAA3
:107DB000B5F5AE7FF0D1019802B070BD0070004003
:107DC000C0FF3F002DE9F04F9A464FF0805393B02B
:107DD000D3F830411C9D082C43D1D3F83431052B06
:107DE00003D8444CE35C002B3BD00DF1080C0AAFE8
:107DF000414C3E46E046002304EB031E0133DEF80F
:107E0000189548F8049B082BDEF81CE546F804EBAF
:107E1000F2D1D4F8F065D4F8403601934FF0010E5A
:107E20000023D4F84496D4F84886C4F8FC3FC4F83C
:107E3000FCEF314C5CF804BB04EB031E0133CEF8BD
:107E400018B557F804BBCEF81CB5082BF2D1019B2E
:107E5000C4F84036F6B2C4F84496C4F84886C4F86C
:107E6000F065264B002483F8334083F834409C604F
:107E70001C611D6083F831009C831F4BC3F8F01513
:107E8000C3F8F4254DB32322C3F800231B4D1A4E2B
:107E90000021012707FA01F303404FEA01121FD026
:107EA00002F1804303F5E043EC7F95F81EC0C3F870
:107EB00010C5C3F81445534632440131D2F8184571
:107EC00024F0807444EA03630829C2F8183505F1E8
:107ED0000205DFD113B0BDE8F08FC3F80053D5E73A
:107EE00002F1804404F5E044C4F81035C4F81435B8
:107EF000E2E700BF1B170100007000404C22002089
:107F0000F8B50446067A4779417AC079FFF788FECA
:107F100010B96FF01500F8BD214A01F10C0502EB14
:107F20004503012F987139D13046FFF779FE0028BB
:107F3000EFD002EB4505E871E378A0781B0300025F
:107F400000F4E06003F480530343207800F0030062
:107F500003432079000400F4E0200343607800012B
:107F600000F030000343A079000600F08070034366
:107F70006079000500F480100343080100F180409F
:107F800000F5E040C0F81835012303FA01F192F83A
:107F900030300B4382F830300020BCE70020C8E7C7
:107FA0004C22002070B51F4B1F4EC50000245C51B1
:107FB0005B591E4B5C5106EB00145B598BB243EAD4
:107FC0000243C4F81C350124450004FA00F0184CA3
:107FD00011F5004F94F83310C0B24FF0800303FA4C
:107FE00005F313BF0143814384F8331084F8331041
:107FF0000CBFC6F80833C6F80433402394F8341095
:10800000AB4047F6FF75AA42074A0BBF81430843BE
:1080100084F8341084F834000CBFC2F80833C2F876
:10802000043370BD1C7100400070004018710040A6
:108030004C22002070B51F4D95F82E40002C36D1F3
:108040000126FF2085F82E60FFF758FE1A4B1B49CA
:10805000C3F80041D3F80021C3F80441D3F8042148
:10806000C3F81041D3F81021C3F81441D3F81431E8
:108070001C239A0806FA02F212F0330F1FBF03F115
:10808000804202F5E242146012681A1F920806FA52
:1080900002F212F0330F1CBF5C505A5808335C2BAD
:1080A000E7D10720FCF73AFB0020286070BD6FF095
:1080B0007700FBE74C22002000700040FC7000407D
:1080C0002DE9F0410646FFF7D9FD0D460446C8B933
:1080D000FF20FFF713FEDFF838800A27E3B29D4246
:1080E00001D800200CE007FB036098F83030427A9A
:1080F0001341DB0709D4FFF703FF01340028EDD05B
:10810000BDE8F0816FF00F00FAE76FF01500F7E7B8
:108110004C2200202DE9FF4707469946FFF7AEFDA8
:108120008A461446064600283DD10DF10F01384617
:10813000FFF78AFD054638BB63889DF80F803BB387
:10814000B8F1010F32D8B9F1000F2FD0227863783F
:1081500012B1B3FA83F67609CDF80090514638464D
:10816000FFF730FE6388134A0BB143F48053C2F823
:10817000F835114B83F83280227983F835200422B8
:1081800083F8366083F82E20284604B0BDE8F087D7
:1081900022786378002ADFD0002BDDD1B8F1010FFF
:1081A00004D80126D8E76FF00F05EDE76FF08505DD
:1081B000EAE700BF007000404C22002030B51D4AA5
:1081C000136904466BBB00F06043B3F1005F2BD131
:1081D00092F83250B1FBF5F305FB131038BB0BB22C
:1081E000002B24DD92F82E30052B06D8032B0BD85C
:1081F000022B0ED06FF0760030BD062BFAD10E4B5D
:10820000C3F82C46C3F8301693683BB1C2E9044169
:10821000F2E78D420BD1C2E90245EDE7C2E9024126
:10822000EAE76FF07700E7E76FF00C00E4E76FF044
:108230000600E1E74C220020007000402DE9F341E8
:10824000514CA368002B00F09B8094F82E20022A4A
:1082500006D0042A31D06FF0760002B0BDE8F0817C
:108260004A4D0126C5F800652168E26849B103213D
:1082700084F82E10C5F82C36C5F830262E60002064
:10828000EBE7C5F82C36C5F830262E6006F004F86A
:1082900008346E6021460220FFF74EFD0028F9D019
:1082A0003A4B0022C3F80821D3F80811C3F80C2177
:1082B000D3F80C11C3F80025E1E7344D4FF0010865
:1082C000C5F80085276857B1052284F82E20E2689A
:1082D000C5F82C36C5F83026C5F80080CFE7A18B4D
:1082E00094F83220019203EB41030093C5F82C3639
:1082F000C5F83026C5F8008005F0CEFF94F836307A
:1083000063BB224D01236B6069460220FFF714FD19
:108310000028F9D00023C5F80831D5F80821C5F8A0
:108320000C31D5F80C21A18B94F832200A44E16875
:1083300092B28A42A28321BF154AA383D2E90201E5
:10834000236124BFC2E900011846104B4FF0000220
:1083500038BF6FF00F00C3F800257EE7D5F8F4654D
:10836000F6B208FA06F6013EBE42CAD9C5F8048044
:1083700000210420FFF7E0FC0028F9D00137F3E7E3
:108380006FF00B0069E700BF4C2200200070004036
:1083900054220020084B93F82E20072A0CBF5A685D
:1083A0001A681AB1054B01229A60704700229A6040
:1083B0001A619A83704700BF4C2200200070004071
:1083C0002DE9F0410720FFF7E5FFFCF7B5F9164B63
:1083D000164EDFF85C800025C3F80851D3F8082159
:1083E000C3F8005596F8304096F8313001271C4309
:1083F0001CB986F82E40BDE8F08194FAA4F0B0FADA
:1084000080F007FA00F324EA0304030103F1804338
:1084100003F5E04347F6FF72C3F810554146C3F831
:108420001455FFF7BFFDE3E7007000404C22002029
:108430000080FFFF7FB56449634E3320FFF77CFC6B
:1084400010F0100F05460BD0604B1022C3F8082324
:10845000B218C3F82C260222C3F8302601221A6073
:108460005B4CAA0694F82E300ED5072B574A05D040
:10847000D2F834369BB2E36000232361D2F8043390
:10848000DB0601D5FFF708FCA8071AD594F82E20C3
:10849000A16802910023E1688DF80430062AADF846
:1084A0000C101AD0072A39D0032A0AD1474AC2F839
:1084B0000035C2F80035022384F82E30236801A865
:1084C0009847E90751D594F82E30033B042B4CD83C
:1084D000DFE803F05C4B2B43600094F8353023B1A8
:1084E000236913B1394B01221A60236801A8984708
:1084F000384B93E8030086E8030000232361A36858
:10850000002BDED1314AC2F80035C2F80035042311
:1085100084F82E3005238DF80430CFE7FFF7BCFB3D
:1085200002238DF804306368C9E704238DF8043012
:1085300001A823689847254BD3F8F825D20444BFF7
:1085400001225A602269062384F82E302AB11F4B7B
:108550006169C3F82C26C3F8301623692BB90323AD
:108560008DF8043001A82368984794F82E30072B23
:108570000AD0164B1848D3F8043300211840FFF7EF
:10858000DBFB012685094DB904B070BD0F4B0122FC
:108590005A60EAE70D4B01229A60E6E795FAA5F3E7
:1085A000B3FA83F306FA03F225EA02055A08DB431D
:1085B00003F001038DF809308DF8046023688DF80D
:1085C000082001A89847DEE75422002000700040F0
:1085D0004C2200205C220020C0FF3F004FF080535F
:1085E000D3F83021082A06D1D3F83431052B04D82A
:1085F000034AD05C7047002070470120704700BFDD
:108600002E170100036803F01F025B09026004D00B
:10861000012B034818BF002070474FF0A04070475F
:108620000003005070B54B7F04460D467BB101231B
:108630004361642600220221204605F04AFE20B94B
:10864000012005F09EFA013EF4D100236B77AB7F49
:108650005B0720D54FF08052D2E94C23082A1BD16A
:10866000052B19D80E4AD35CB3B14FF0FF3200236B
:10867000D4F80805D4F80C15C4F80035C4F808255A
:10868000C4F80C250922C4F80025C4F80035C4F844
:108690000805C4F80C1570BD0023C4F80035FAE7CE
:1086A000341701000F4B984219D00DD80E4B984249
:1086B00015D007D80D4B984211D00D4BC31A584214
:1086C000584170470B4BF9E70B4B984207D004D841
:1086D0000A4B984203D00A4BF0E70A4BEEE7012021
:1086E000704700BF80841E0020A1070048E80100F9
:1086F00090D0030040420F000024F40000093D0028
:1087000000127A000048E80137B51446421C0546BD
:1087100018D0012902D1BBB105F019FE01A80195BD
:10872000FFF770FF019B0A4A00EB8300A300D0F81B
:10873000005743EA41030B432A40134343F4407379
:10874000C0F8003703B030BD05F00EFEE6E700BF0D
:10875000F0F8FCFF2DE9F84F91F8213007460C4660
:10876000002B00F0968091F822806569674B9D424E
:1087700000F0A88000F29880654B9D4200F0A58033
:1087800000F28A80634B9D4200F0A280624B9D42C2
:108790000CBF4FF080654FF0804594F8232097F888
:1087A000223062F3000387F82230227CDBB262F3CE
:1087B000410387F8223094F823600EBB237E2068A3
:1087C000012B94BF0023012301213246FFF79CFFB8
:1087D000606833463246FFF797FFA27EA0683346B3
:1087E0003146FFF791FF237CE06883F001033246B6
:1087F0000121FFF789FFE0690B463246FFF784FF4E
:1088000094F82130002B6CD04FF0FF337B6294F84A
:10881000211094F812E0207E627E00296BD0E66879
:10882000217C94F8249094F820C03B68B9F1000FA3
:1088300012D1D4E900BAD4F80890E469C3F808B5B5
:10884000C3F80CA5C3F81095C3F86C45C3F81465BC
:10885000C3F86815C3F86485003A18BF01220228DE
:10886000C3F8C0E5C3F8245548D0032849D00128EF
:1088700001D142F00202C3F85425C3F860C57B68F9
:10888000002B41D03868BDE8F84F40F30730FBF7C4
:1088900045BF4FF0020868E7204B9D420CBF4FF0E8
:1088A00080554FF0804578E71D4B9D4213D01D4BFE
:1088B0009D4213D01C4B9D420CBF4FF000454FF022
:1088C00080456AE74FF0005567E74FF0006564E7C1
:1088D0004FF0007561E74FF020655EE74FF0A0555F
:1088E0005BE7E3687B62227C97F8223062F3410306
:1088F00087F822308BE74FF0FF3692E742F0040210
:10890000B9E742F00602B6E7BDE8F88F80841E00A2
:1089100020A1070048E8010090D0030040420F006A
:108920000024F4000048E80100127A00431C07B557
:108930000ED0019001A8FFF765FE019B00EB8300BC
:10894000054BD0F80027134043F00203C0F800376E
:1089500003B05DF804FB00BFF0F8FCFF38B5044637
:10896000006840F30730FBF7E7FE636843B1214638
:108970001A4A51F8043BC3F808232068FFF752FE57
:108980002368D3F80805D3F80C15D3F8105594F8DC
:108990002230DB0714D4FFF7C9FF2846FFF7C6FFD4
:1089A0000846FFF7C3FF606AFFF7C0FF2368D3F8EC
:1089B0006C05D3F81415FFF7B9FF0846FFF7B6FFAB
:1089C000FFF70CFE28B1064A2368934204BF012238
:1089D0005A60002384F8203038BD00BF52010800DF
:1089E00000F00240F0B590F8213085B005460E4603
:1089F0001746002B40F0CC8043682BB112F0140FC7
:108A000004BF012380F8213096E80F0005F110041F
:108A100084E80F00686A441C05D095F82230990755
:108A200017D505F094FC31682C6821B101F0604342
:108A3000B3F1005F06D1B36873B103F06043B3F1E3
:108A4000005F09D0002385F821306FF00C0005B0DD
:108A5000F0BD05F089FCE6E7FFF7C0FD38B34E4BEB
:108A60009C4224D14FF080437268D3F8000E4B4BE8
:108A70001860E2B14A4821F4FF5323F01F038342F8
:108A800074D85018DFF81CC1C3F34F3101228A405B
:108A9000002103F50053984241EA02014FEA4202E5
:108AA00001D96345F5D34FF08043C3F8001E17F09A
:108AB000010318BF0123C4F8503517F0020318BF93
:108AC0000123C4F8403596E80F00EC468CE80F000F
:108AD000039BC4F84405C4F84815C4F83425C4F809
:108AE00038350023C4F8183117F01C0FD4F81831AA
:108AF0003FD1D4F80035073B18BF012395F8222059
:108B000017F0080663F382024FF0070385F822206E
:108B1000C4F800350CD16A680123236142B9D4F846
:108B20001831002BFBD062464021204605F0D1FBD6
:108B30006B681BBBFFF752FD40B1174B9C4201BF56
:108B4000164B1A684FF08043C3F8002E686A421C27
:108B500005D095F822309B070DD505F005FC1EB910
:108B6000291D2046FFF75EFD002070E74FF480715D
:108B700099E70123C2E705F0EAFBF0E717F0040FDD
:108B80004FF0400314BFC4F80833C4F80433EBE7D4
:108B90006FF00F005BE700BF00F00240842200206E
:108BA000FFFF00200020012070B50246044652F865
:108BB000105B4021284605F08CFB38B3FFF70EFD13
:108BC00040B1134B9D4201BF124B1A684FF08043D6
:108BD000C3F8002E606A421C05D094F822309B072F
:108BE00011D505F0C1FB94F821301BB1211D284699
:108BF000FFF718FD2046002300F80C3FD4E90131AF
:108C0000BDE87040184705F0A2FBECE770BD00BF5F
:108C100000F002408422002070B51E4A0C68B2FBAE
:108C2000F4F304FB13258DBB94422FD85C1E1C402B
:108C30002CD1B3F5007F29D802684D79D2F80465AC
:108C4000097926F0030601F003013143C2F8041547
:108C5000D2F8081593FAA3F321F0030105F00305F8
:108C6000B3FA83F32943C2F80815C2F81035006837
:108C7000402300F58072D450D1580433582BFAD1D8
:108C800040F30730FBF74AFD002070BD6FF0150080
:108C9000FBE700BF0024F40008B5124BA822002116
:108CA000184606F082F903220346026142610E482B
:108CB0000E4A98614FF48051DA61002219629A627B
:108CC0005A62DA6218660A485866996609491A674C
:108CD000DA665A6711F8010D98540132102AF9D159
:108CE00008BD00BF600300203A170100B64D002008
:108CF000B63D0020531701002DE9F84FDFF88080C2
:108D000098F80030532B82468946164601D0FFF76B
:108D1000C3FF182707FB0A873D6FD7F86CB05D4586
:108D20002BD9BC6E796E641BB44228BF34462944EB
:108D30004846224606F011F9BB6E2544A144361B75
:108D4000AB4208BF0025ABEB050B5E4528BF5E4676
:108D500056B1182303FB0A833246596E484629440C
:108D600006F0FBF83444354424B1182303FB0A8889
:108D7000C8F870502046BDE8F88F0024E3E700BF34
:108D8000600300202DE9F84FDFF87C80182606FBF1
:108D9000008E00FB06664644DEF82440DEF828C05C
:108DA0007368A44507468946154603EB040022D89C
:108DB000DEF820B0ABEB040A0AF1FF339A4203D885
:108DC00006F0CBF82C440FE063449A4219D852467F
:108DD0002C4406F0C2F8B4EB0B0405D070682246B0
:108DE00009EB0A0106F0B9F8182303FB07830120F9
:108DF0005C62BDE8F88F0CF1FF3CACEB040C9445D1
:108E0000DED20020F5E700BF60030020F8B5144B68
:108E1000182700FB07751D4407FB00330E46DB6A6D
:108E2000012B14460AD0022B14D023B9284605F092
:108E300047FB844208D900242046F8BD284605F0A7
:108E40003FFB844228BF044622463146284605F0AF
:108E500040FBF1E72846BDE8F84005F055BB00BFF0
:108E600060030020F8B50B4B1B78532B04460E46CD
:108E7000174601D0FFF710FF05F087FB3A4605467D
:108E800031462046FFF7C2FF0446284605F085FB21
:108E90002046F8BD60030020034B182202FB00337C
:108EA000D86E1B6FC01A704760030020034B182256
:108EB00002FB00339A6A586A801A704760030020E8
:108EC0002DE9F843144C1F462378532B0546894659
:108ED000904601D0FFF7E0FE022D1AD805F055FBB1
:108EE0006DB1182605FB0663E21844F80390C2F83A
:108EF000048006FB05420023176293625362182325
:108F000003FB0544089BE36205F047FB0020BDE836
:108F1000F8834FF0FF30FAE76003002010B4084AEE
:108F200008490023C85C12F8014D844204D1013382
:108F3000102BF7D110BC704710BCFFF7ADBE00BFBF
:108F40005317010060030020B0B5044600AFF8F7E6
:108F50001BFF0B4803685B070FD06D4688B06A465D
:108F6000084B5361084B9361032342F8103F0023E1
:108F70004FF4C251F9F79AF8AD46204605F039FB97
:108F8000AC02002054170100421801002DE9F047FF
:108F9000044600AF0D46EFF31189202383F31288B6
:108FA000BFF36F8FDFF8EC803B4AD8F8003096684B
:108FB00059076BD0042898BF384B117C94BF53F8E5
:108FC0002030374BEA468CB06A4636485061C2E9D9
:108FD0000831354840F202431385344BC2E9060498
:108FE00042F8103F2B4800234FF45151F9F75EF837
:108FF000D546C5B1EB69D8F80020C3F3080393B197
:1090000052072CD0EA4688B06A46294B5361264B5A
:109010009361032342F8103F1E4800234FF4C251CE
:10902000F9F744F8D546D8F800305B0717D026BBCF
:109030002048E8468AB06A461F4B53611A4B1062BB
:10904000C2E9063640F2024393841C4B42F8103FBB
:10905000104800234FF43151F9F728F8C546294646
:109060002046FFF771FF89F31188BFF36F8F3046F9
:10907000FBF7FAFABD46BDE8F087304605F0DEFBA7
:109080000028D5D00378002BD2D0D2E7002DB1D163
:10909000E5E700BFAC020020882200201CFC000095
:1090A000671701007D170100341801000600000158
:1090B000A917010075170100CE1701000500000176
:1090C00038B50A4B53F82040013053F82050A542E0
:1090D00000D838BD606830B1037EDB0701D405F0ED
:1090E00065FA0834F3E723689847FAE730FC000094
:1090F00070B52A4B2A4C2B4D012286B003201A70E2
:10910000FFF7DEFF05F087FD0420FFF7D9FF2646B5
:10911000AE4204F1300410D300F028FF204C224E60
:10912000AC4226D300F036FFF7F75AFE1F4A137BF6
:1091300023F00103137306B070BD54F80C3C059383
:1091400054F8103C049354F8143C039354F8183C1E
:10915000029354F81C3C019354F8203C009354E9CA
:109160000A2354E90C0100F02BFC54F8303C5E65F6
:10917000CDE7D4E90A23B3F1FF3F08BFB2F1FF3FC7
:1091800005D052EA0301206803D100F0BFFF30345C
:10919000C6E73146183001F0A9F9F8E7B65D0020BE
:1091A00048F4000048F400005DE90000F0160020DB
:1091B00070B5174E174D184986B0C02303FB0066E3
:1091C000164B059301220F23CDE903320023CDE98D
:1091D0000133142303FB005504464FF4046000FBE5
:1091E00004110F4B00954FF40062304600F0E8FB8D
:1091F000737B0C4AEE6023F0040373734FF48253C5
:1092000004FB033313442C746B6006B070BD00BFC5
:109210003016002088220020808600205C18010083
:10922000C3E6000040760020BFB50020FFF748FFEE
:10923000294B83F30888294C294F636943F4007351
:1092400063610025E02384F82230E5772576657692
:10925000A57684F82050636A43F4E023636284F8BF
:109260002350FBF775F9FBF717FB4FF0FF33A362B1
:10927000E362FBF71DFCFBF733FBF8F7C3FC19486F
:10928000194C00F047FC0120FFF71AFF0220FFF7FE
:1092900017FF00F0B3FE154B15495C61154B0593A4
:1092A0000123CDE903534FF480523B46CDE90155EC
:1092B0000095204600F084FB627B064622F0040203
:1092C0002046627305F007FB2846FFF771FF3A4618
:1092D00031462046FBF7C0FA8086002000ED00E012
:1092E000F1900000B0170020F01600208822002026
:1092F000C08E002059FE000038B5064C064D0020F7
:10930000AC4200D338BD204605F07BF90028F9DBDC
:109310001C34F5E7C4020020C402002073B50C46DB
:10932000EFF31181202585F31288BFF36F8FC56895
:109330005DB125602B68C3608369013383610020C0
:1093400081F31188BFF36F8F11E052EA030603D156
:1093500025606FF00B00F3E7CDE9002302460830EB
:1093600000F02CFD18B9034B9B681B69236002B009
:1093700070BD00BF882200202DE9F3410446174646
:109380001E46EFF31188202383F31288BFF36F8FFB
:10939000C368334A7BB180689168884219D057EA24
:1093A000060318D188F31188BFF36F8F6FF00F0099
:1093B00002B0BDE8F081916891F90E10216101338E
:1093C000E3609368A36088F31188BFF36F8F002078
:1093D000EEE72169F2E791F90E1090F90E3099420B
:1093E000A8BF19466FF07E029142B8BF11468B426A
:1093F0002DDD05F071F90546CDE9007619482246C4
:10940000414600F0DBFC0028E1D0EFF31186202379
:1094100083F31288BFF36F8FA068D0B123682169EE
:109420009C420AD04BB193F90E309942A8BF19461D
:109430006FF07E039942B8BF194605F04DF940B16F
:109440000848314600F04EFD6FF00A00B0E70025F5
:10945000D2E7002DF4D186F31188BFF36F8FF3E7C5
:1094600088220020B75D0020F8B583680546002BF0
:1094700040D0234A926893423FD1C368012B03D95D
:10948000013BC3600020F8BDEFF31187202383F375
:109490001288BFF36F8F0169806805F01DF92C6891
:1094A000AC4207D10023C5E9023387F31188BFF32B
:1094B0006F8FE7E7002CF5D0D4E9003213605A60D3
:1094C000637B002623F002036373C4E90066A66091
:1094D00004F1180005F0D9FAAC6094F90E302B6154
:1094E0002046C4F8BC6005F0F6F90648394600F09D
:1094F000F9FCC7E76FF01500C5E74FF0FF30C2E792
:1095000088220020B75D002070B5EFF3118620237C
:1095100083F31288BFF36F8F0468A0421BD0D4B1CD
:10952000D4E9003213605A60637B002523F0020304
:109530006373C4E90055A56004F1180005F0A5FAAD
:109540002046C4F8BC5005F0C6F931460748BDE8CE
:10955000704000F0C7BCD0E902329A4218BF013314
:10956000836086F31188BFF36F8F70BDB75D0020F5
:1095700013B5EFF31181202484F31288BFF36F8FAA
:10958000846844B1013C846081F31188BFF36F8F1C
:10959000002002B010BD52EA030406D181F3118805
:1095A000BFF36F8F6FF00F00F3E7CDE900230246A2
:1095B000014800F003FCECE7B75D00202DE9F04125
:1095C0000546EFF31187202383F31288BFF36F8FD3
:1095D00000231E466FF00A082C68A54216D0ACB1D5
:1095E000D4E9003213605A60637BA66023F0020363
:1095F0006373C4E9006604F1180005F046FAC4F884
:10960000BC80204605F067F90123E5E70022AA6047
:109610002BB139460548BDE8F04100F063BC87F343
:109620001188BFF36F8FBDE8F08100BFB75D0020E8
:109630002DE9FF414F4E04462027EFF3118887F3B1
:109640001288BFF36F8FD4F8C450F5B9022104F12A
:10965000DC0005F05CF8002868D004F1D405002295
:109660000121284605F0B5F90028F8D1002302931E
:109670004FF0FF324FF0FF33CDE90023414604F1B4
:10968000CC023D4800F00EFED7E7D4F8C8202B6886
:10969000C4F8C430954208BFC4F8C830D4F8DC30F0
:1096A00043F00203C4F8DC30EB6823F0040343F01A
:1096B0000103EB606B6888F31188BFF36F8F284656
:1096C0009847EFF3118887F31288BFF36F8FEB6829
:1096D000D80623F0010236D4EA60EB689A0716D563
:1096E000306823F00203EB6088B10368002170B199
:1096F0004268954235D1036869BB72683360824223
:1097000000D17360002340F8083BFFF7FDFED4F85A
:10971000DC3023F00203C4F8DC3088F31188BFF397
:109720006F8FDB0589D400F071FC86E7D4F8DC305C
:10973000D9069BD5C4F8DC0088F31188BFF36F8F7E
:1097400004B0BDE8F08123F01103EB6005F11000D7
:10975000FFF7DAFEC1E70B607368834208BF7160F0
:10976000D0E723B11A68014618461346BFE71A46E8
:10977000F9E700BFAC220020B75D0020F8B5C36850
:109780009A0704460F46C3F340062ED45B071CD449
:109790000B680BB983680B60E368DD0744BFA368FF
:1097A0003B603D684CBF02260126002D3CD0204B7B
:1097B0009A68D5F8C0309A420AD0D5F8DC30D8077C
:1097C000C3F3800214D46FF0120600233B6025E03F
:1097D00005F02EF8D5F8DC300028F0D1D907C3F316
:1097E000C002F0D552B15B0708D46FF00F06ECE76A
:1097F000002AFAD1C3F3C003002BF6D10023236063
:10980000D5F8C83063B9C5E93144284604F099FF5A
:10981000E36843F00403E3603B68A3603046F8BDAF
:109820001C60C5F8C840F0E76FF01506CDE700BF33
:1098300088220020F0B589B004460020C4E9310038
:109840000E9D04F1CC00C4E9330004F1D400C4E956
:10985000350055B32879002840F2011008BF0120D7
:10986000C4F8DC0000204FF0FF364FF0FF37CDE9A1
:109870000330CDE90100CDE906670D4B0094204689
:1098800000F01CF955B1296811B1204600F046F8E6
:109890006B791BB1237B43F001032373204600F057
:1098A00035FCC4F8C04009B0F0BD0120D8E700BFC6
:1098B00031960000F7B50C46019016461D46EFF3B1
:1098C0001187202383F31288BFF36F8F084604F0BB
:1098D00029FF55EA060309D101A92046FFF74EFFEB
:1098E00087F31188BFF36F8F03B0F0BDE3680749BA
:1098F00043F00803E360019BA36232462B4604F168
:10990000100000F0F3FD0120EAE700BFB7E7000018
:1099100001460148FFF7CEBF9018002010B504465D
:1099200008B9054B9C681F2204F1840005F08CF9EE
:10993000002084F8A30010BD882200202DE9F84FF4
:109940000C46A1B39AB390F80D90DFF86880571ECB
:109950000846B9F1000F25D0DFF85CA00025B8F863
:1099600004B019EA0B0F19D0B8F80630D8F8001077
:109970007E1B9E4228BF1E46324605F0EEFA2E445C
:1099800039EA0B0904EB06000CD0BD1B012D28BFE2
:1099900001252A46514605F0E0FA354408F1080849
:1099A0006019DCE7002303702046BDE8F88F034808
:1099B000FBE700BF48FC0000641801004D040100F3
:1099C0002DE9F04FD51D85B025F0070504461F464B
:1099D0007F3500F15803C0E9163325F03F05129B8F
:1099E000237300200E46119BDDF838B0DDF84C8063
:1099F000A06004213F2DC4E906006173A373E073E6
:109A000006F1400AA5F1400905D880F31188BFF39B
:109A10006F8F084602DF4A463544AA21504605F0BA
:109A2000C4FA29462046FAF75DF90730109B20F06A
:109A30000700C4E929A9C4F8AC0002930F9B2D1AB2
:109A4000CDE900B32A463B4631462046FAF7D0FE20
:109A50000F9BA3674FF00009109BC4F85490C4E912
:109A60001C7B84F86C90E367EFF31182202181F373
:109A70001288BFF36F8F104E316AC4F880103462C1
:109A800082F31188BFF36F8FB8F1000F11D01F223E
:109A9000414604F1840005F0D7F884F8A390B36838
:109AA0000BB1D3F8B030C4F8B030284605B0BDE8EB
:109AB000F08F84F88480F2E788220020F0B587B028
:109AC00000250595109D04950F9D03950E9D02950B
:109AD000DDE912760D9D01950C9D00950446FFF77A
:109AE0006FFFB6F1FF3F08BFB7F1FF3F05D056EA61
:109AF000070305D1204600F009FB204607B0F0BD62
:109B00003A46334604F11800014900F0EFFCF4E74F
:109B10005DE9000040F2011310B583810023C0E924
:109B20002933044600F0DAFE014B9C6010BD00BFF3
:109B3000882200200A4A93686FF00A01C3F8BC101B
:109B40000849C3F8B8004B6843F080534B600023CA
:109B500083F31188BFF36F8F9368D3F8BC0070470D
:109B60008822002000ED00E070B590F90D20437BC5
:109B7000002A36DBD90634D11B4C63F07F03224622
:109B8000437352F8183FE169934207D1C0E90021BD
:109B90000860E06111E09942F8D01B68002BF5D015
:109BA00090F90E5093F90E60B542F4D0AE42F2DD5A
:109BB0005968C0E9003108605860A569954200D035
:109BC00005B9E568A3685A7BD20604D1DA897F2AF1
:109BD00001D9AA6932B1AB4202D0284600F0A4FBF9
:109BE000656170BD6361FCE78822002038B590F99B
:109BF0000D20437B002A014604DA03F07F03437300
:109C000004F02FFE0D4D2A46AB6852F8184F9442CF
:109C100000D004B9EC688B4207D05A7BD20604D13D
:109C2000DA897F2A01D9A2692AB1A34202D020464B
:109C300000F07AFB23466B6138BD00BF882200200C
:109C4000B3F1FF3F08BFB2F1FF3F03D00249183024
:109C500000F04CBC704700BF5DE9000038B5194CFE
:109C6000A168E0690B68814214BF1A460022496866
:109C70000B605960A368E1692AB9134AC3E900215E
:109C80000B60E3610CE093F90E0092F90E50A842CC
:109C900014D0854212DD5168C3E900210B60536086
:109CA000A569094B9D4200D005B9E568A3689D42AE
:109CB00002D0284600F038FB656138BD9142DCD007
:109CC0001268D9E788220020A0220020F8B5394C7C
:109CD000A2688242074624D1EFF305830BBBEFF362
:109CE0001186202383F31288BFF36F8F537B03F019
:109CF0007F0343F01003537304F0B3FD234653F87E
:109D0000185F9D4200D005B9E568A3689D4202D066
:109D1000284600F009FB65613046BDE8F840FFF7D2
:109D200009BFEFF31185202383F31288BFF36F8FF0
:109D30007B7BD90604D585F31188BFF36F8FF8BDFF
:109D4000D90943F0100219D17A73A6691A4B9E42C1
:109D500000D006B9E668A368B34202D0304600F0EE
:109D6000E3FAA36866619F42E5D1EFF30583002B18
:109D7000E1D13A7BD2070AD42846CEE703F07F032D
:109D800043F010037B73384604F06BFDDDE785F389
:109D90001188BFF36F8F83F31188BFF36F8F042394
:109DA000184602DFEFF31180202383F31288BFF3FC
:109DB0006F8FB2E788220020A0220020F8B50E4B5A
:109DC0000C4611460D4A98681060DDE90667EFF30E
:109DD0001182202282F31288BFF36F8F9D6828467C
:109DE00004F051FD284632463B46FFF729FF204646
:109DF000BDE8F840FFF79EBE88220020B422002074
:109E0000F8B50446EFF31187202383F31288BFF3DC
:109E10006F8F437B03F01F02002A0CBF0126002630
:109E200049B239D103F07F03437304F01AFD2C4D7E
:109E3000437B817363F07F032A46437352F8183FD4
:109E4000934227D1E869C4E900200460EC610FE087
:109E50009842F8D01B68002BF5D093F90EC06145ED
:109E6000F6D08C45F4DD5968C4E900310C605C60C3
:109E7000AC69944200D004B9EC68AB689C4202D053
:109E8000204600F051FA6C6187F31188BFF36F8FA1
:109E90003046F8BDE869DEE79B071ED5856804F00B
:109EA000E0FC81732B689D4209D16B68C4E90053C3
:109EB0001C606C60E8E76A689342F6D01B68002B70
:109EC000F3D093F90E209142F5D08A42F3DD5A681F
:109ED000C4E9003214605C60D6E78173D4E700BF48
:109EE0008822002049B9EFF3058030B9054B5A6943
:109EF0009B689A4201D0FFF71DBE81F31188BFF322
:109F00006F8F70478822002010B5EFF31184202254
:109F100082F31288BFF36F8F427BD10604D484F39F
:109F20001188BFF36F8F10BD22F010024273FFF74C
:109F30001BFE21460248BDE81040FFF7D3BF00BF1B
:109F4000B75D0020034648B9EFF3058232B9064AEF
:109F500051699268914201D0FFF7ECBD83F31188FB
:109F6000BFF36F8F704700BF88220020EFF311818D
:109F7000202383F31288BFF36F8F054B9A68D37B3E
:109F8000013BD37381F31188BFF36F8F704700BF1C
:109F90008822002070B5EFF31186202383F3128806
:109FA000BFF36F8F144DAB68DA7B0132DA732A4648
:109FB00052F8184F944200D004B9EC685A7BD2068C
:109FC00004D1DA897F2A01D9A2692AB1A34202D039
:109FD000204600F0A9F923466B6186F31188BFF390
:109FE0006F8FEFF31180202383F31288BFF36F8FFD
:109FF000BDE87040FFF7A6BF88220020024B03F1A6
:10A000001802C3E9062270478822002070B5EFF3DA
:10A010001186202383F31288BFF36F8F1B4CA16836
:10A02000E0690B68814214BF1A46002249680B6040
:10A030005960A368E1692AB9154AC3E900210B6098
:10A04000E3610CE093F90E0092F90E50A84218D08B
:10A05000854216DD5168C3E900210B605360A56994
:10A060000B4B9D4200D005B9E568A3689D4202D024
:10A07000284600F059F965613046BDE87040FFF7A9
:10A0800059BD8A42D8D01268D5E700BF8822002087
:10A09000A0220020F8B550EA010306460C4603D181
:10A0A000FFF7B4FF0020F8BDEFF31187202383F3FF
:10A0B0001288BFF36F8F124D124BA8681860FFF71C
:10A0C00095FDA868104923463246183000F00EFA74
:10A0D000AA68537B43F00403537304463846FFF7E2
:10A0E00029FDAB68D3E90A23B3F1004F08BF002A6A
:10A0F000D8D104F0F2FC201A20EAE070D3E700BFC8
:10A1000088220020B42200205DE9000038B5044612
:10A11000EFF31185202383F31288BFF36F8F437B06
:10A120005B070FD5183004F0B0FC637B23F0040309
:10A1300020466373FFF718FD29460548BDE83840FF
:10A14000FFF7D0BE85F31188BFF36F8F38BD00BF16
:10A15000B75D0020014B9868704700BF882200203F
:10A160002DE9F8430446077BEFF31185202383F3A1
:10A170001288BFF36F8F437B190705D585F31188CC
:10A18000BFF36F8FBDE8F883D90943F0080260D1AF
:10A190004273A36813B1204604F06BFB04F118006E
:10A1A00004F073FCA66D04F15808B04511D04FF0CF
:10A1B000000976B1304604F05CFB06F1180004F0AB
:10A1C00064FCC6F8BC903046FFF7CEFCA66DB045E7
:10A1D000EFD1DFF8C480D8F808309C4241D1EFF3CA
:10A1E0000589B9F1000918BF4FF00109D8F81860C6
:10A1F0002A4A964200D00EB9D8F80C60B34202D079
:10A20000304600F091F82046C8F8146003F080F959
:10A21000204600F0DBF8B9F1000F02D02048FFF72C
:10A2200079FCD8F808309C4231D1EFF3058373BB39
:10A23000227BD20718D42846FFF77CFCFB07A1D568
:10A24000002383F31188BFF36F8F0423184602DFC6
:10A2500098E703F07F0343F00803437304F001FB26
:10A2600097E74FF00009C1E785F31188BFF36F8FBF
:10A2700083F31188BFF36F8F0423184602DFEFF3D7
:10A280001180202383F31288BFF36F8FD4E785F307
:10A290001188BFF36F8FD1E788220020A022002011
:10A2A000B0170020D3B5DDE90667089CCDE900674B
:10A2B000FFF784FD1CB1034B9B681B69236002B050
:10A2C000D0BD00BF88220020427B12F01F0203464F
:10A2D00010D10A4988420DD00949086868B1D98966
:10A2E0007F2909D893F90E20064B1B689A42B8BF04
:10A2F000002070470020704710467047301600203D
:10A30000CC010020B8220020044BC01A044BC0101E
:10A310005843044B01221A54704700BF70180020A4
:10A32000ABAAAAAAB75D002070B50D4B0D4D1E7CDF
:10A33000FFF7CAFF06EB460305EBC30504462846B4
:10A3400004F0A3FB084B00229A553CB1621E28463C
:10A350000649BDE87040D31700F0C8B870BD00BF13
:10A360008822002070180020B75D002009A300009B
:10A3700038B5EFF31185202383F31288BFF36F8F75
:10A380000F4B104A9C681068A04206D1FFF7CCFF23
:10A3900085F31188BFF36F8F38BD00211B7C1160DE
:10A3A000094AD35C002BF3D02046FFF78DFF00282D
:10A3B000EED0637BDB0601D1FFF750FC2046E5E7DA
:10A3C00088220020B4220020B75D0020EFF3118125
:10A3D000202383F31288BFF36F8F0C4A136A8342E2
:10A3E00008D1D3F88030136281F31188BFF36F8FE7
:10A3F00070471346002BF7D0D3F880208242F8D163
:10A40000D0F88020C3F88020EEE700BF882200202B
:10A41000F8B505460E46EFF31187202383F3128823
:10A42000BFF36F8F064B1C6A24B987F31188BFF303
:10A430006F8FF8BD20463146A847D4F88040F3E737
:10A4400088220020F8B506460F46EFF3118320223C
:10A4500082F31288BFF36F8F0C490C6A154624B93A
:10A4600083F31188BFF36F8FF8BD83F31188BFF3B7
:10A470006F8F39462046B047EFF3118385F312887A
:10A48000BFF36F8FD4F88040E9E700BF8822002037
:10A49000024B1868984208BF00207047D001002086
:10A4A000034B1B680BB9FBF78DBF0020704700BF43
:10A4B000BC22002030B570B10B4B5B6898420AD0CB
:10A4C000036843B1D3E90421D0E90445121941EBF3
:10A4D0000501C3E90421D0E9003213605A6000236A
:10A4E000C0E9003330BD00BFD0010020B3F1FF3F11
:10A4F00008BFB2F1FF3F2DE9F84F044699461546D3
:10A500001F467AD08160EFF31188202383F31288ED
:10A51000BFF36F8FB9F1000FDFF8E4A020DBFFF786
:10A52000BFFFDAE90027013549F100092D1849EB91
:10A53000E073C4E90453AD18064643EB07074FF038
:10A540000109FFF7A5FFDFF8BCE0DEF804A0034631
:10A55000EBB9C4E900EACAF80040CEF8044028E0AC
:10A56000DAE900126FF001035B1A4FF0FF3161EB83
:10A5700002025B1B62EB0902012B72F10001BCBFFE
:10A5800001230022C0E904324FF00009D9E7D3E9E2
:10A59000041CD4E904208A4270EB0C0B24DA891ADB
:10A5A0005A686CEB0000C3E90410C4E9003214607F
:10A5B0005C60FFF76DFF84420ED1134B1B685BB9E3
:10A5C000B9F1000F02D1FFF76BFF0646304604F0E9
:10A5D00045FA0021FBF7C8FE88F31188BFF36F8F9F
:10A5E00028463946BDE8F88F521A60EB0C009A45B0
:10A5F000C4E90420ADD01B68AAE700252F46EFE789
:10A6000088180020D0010020BC2200202DE9F0474E
:10A61000EFF31185202383F31288BFF36F8FDFF8E8
:10A62000A490DFF8A480C9F80000FFF731FF0026EE
:10A630000027D9F80030D8E900ECD91750B1D0E99B
:10A640000442A34271EB020A1CDAE41A62EB010233
:10A65000C0E9044213EB0E034FF000044CEB010180
:10A660002046C8E90031C9F8004004F0F7F9214656
:10A67000FBF77AFE85F31188BFF36F8FBDE8F047D3
:10A68000FFF776BE14EB0E024CEBE473C0E90467EF
:10A69000C8E90023FFF70EFF85F31188BFF36F8F22
:10A6A00083689847EFF31185202383F31288BFF363
:10A6B0006F8FD9F800301B1BC9F80030FFF7E8FE98
:10A6C000B7E700BFBC2200208818002010B5EFF3C8
:10A6D0001184202383F31288BFF36F8FFFF7E0FE0E
:10A6E000054A0346D2E90001181841EBE37184F3EF
:10A6F0001188BFF36F8F10BD88180020F8B506468B
:10A70000EFF31187202383F31288BFF36F8F026862
:10A7100022B187F31188BFF36F8FF8BDD0E90A54D7
:10A72000691C44F10003022973F1000334D3013D95
:10A7300044F1FF34002CBCBF15462C4604F0D1F97F
:10A74000013041F10001401944EB0101012871F190
:10A7500000014ADB04F0C5F9013041F100016FF05E
:10A760000203401944EB010183426FF000438B4127
:10A7700040DB04F0B6F9013041F100016FF0010255
:10A78000401944EB01044FF0FF33121A63EB04034A
:10A790001A493046FFF7AAFE336B01333363336A3D
:10A7A0006BB187F31188BFF36F8F336A30469847D8
:10A7B000EFF31187202383F31288BFF36F8F3346A3
:10A7C00053F8184F9C42A4D0002CA2D0204604F08D
:10A7D00091F80023C4F8BC3087F31188BFF36F8F62
:10A7E0002046BDE8F84004F076B86FF001024FF063
:10A7F000FF33CDE700224FF00043C9E7FDA600007C
:10A800002DE9F04105461C4690461F46EFF31186A0
:10A81000202383F31288BFF36F8FB4F1FF3F08BF8B
:10A82000B2F1FF3F05D186F31188BFF36F8FBDE80A
:10A83000F081002C09DB012A74F10003BCBF012266
:10A84000002412F1FF3844F1FF37284604F01DF9C7
:10A85000DDE906010023C5E90A012B6342463B46B8
:10A8600028460249FFF742FEDDE700BFFDA60000D3
:10A870002DE9F04385B04FF000090546CDF804906E
:10A8800000F10C07EFF31188202383F31288BFF344
:10A890006F8F8368594003EA02060A4053400E490D
:10A8A00001AACDE9023904F0B7F8019C3CB1C4F823
:10A8B000BC9020460021246E04F02DF8F6E7DDE977
:10A8C000023223EA02033846AB604146FFF70AFB37
:10A8D000304605B0BDE8F083BDEB0000014BC0F889
:10A8E000B0307047C402002038B5064C064DAC426B
:10A8F00001D3002038BDD4E90112204604F08CF9C0
:10A900001434F4E7C4020020D802002007B5074B36
:10A910000093074907484FF0FF334FF48052FEF78A
:10A9200089FF002003B05DF804FB00BF88FC000035
:10A93000009F00209018002010B50A4C23681BB11E
:10A9400001232360002010BD00F0EAF80028F7D0B2
:10A950000138062803D8044B53F8200010BD0348E3
:10A9600010BD00BFC022002094FC0000FE8FFFFF3E
:10A97000BFF34F8F0549064BCA6802F4E0621343E8
:10A98000CB60BFF34F8F00BFFDE700BF00ED00E0DD
:10A990000400FA0510B4094B09490A4C4FF0FE3285
:10A9A000C3F800244968C3F80424C3F80824C3F892
:10A9B0000C240023C4F8003510BC084700B0025036
:10A9C000D801002000A00250D0E90012014BC3E9D9
:10A9D00000127047D801002010B5044650B16368DA
:10A9E00013F0685F05D0064A934202D0002323602B
:10A9F000626010BD034B04485B689847EFE700BFF7
:10AA00002C5F5CA9D8010020B0FC0000C8B14368ED
:10AA10000D4A934213D013F0685F0ED0012350E823
:10AA2000002F194640E8001C9CF0000FF7D1012AC6
:10AA3000F5D0BFF35F8F002070470448704704488B
:10AA400070476FF4E04070472C5F5CA9E98FFFFF0F
:10AA5000EA8FFFFF80B14368094A93420AD013F09E
:10AA6000685F05D0BFF35F8F00230360184670470F
:10AA700004487047044870476FF4E040704700BFD7
:10AA80002C5F5CA9E98FFFFFEA8FFFFF10B504463A
:10AA900020B1044B63600022226010BD0248FFF722
:10AAA00079FFF6E73A00003AD8FC000070B5D0E92B
:10AAB0000023174C174D6360D0E90230C4E902301F
:10AAC00022604868D1F800C0134BC3E900C0D5F834
:10AAD0001801D1F808C0C3F808C010F0685FD1F8B9
:10AAE0000CC00969C3F80CC0196110D00B49C5F836
:10AAF000BC110023C5E9453105F58A70C5F8B831A8
:10AB00009047236805F5DC70BDE87040184770BDBC
:10AB1000F4010020D8220020E00100202C5F5CA975
:10AB200038B500F02FF820B1032400F063F8204678
:10AB300038BD00F031F898B900F0ACF898B90F4D75
:10AB4000D5F828391B0EF02B08D1D5F8242A0C4B48
:10AB50009A420AD0072400F017F8E6E70624FAE73D
:10AB60000424204638BD0024F5E7012000F092F8C7
:10AB700004460028F7D1C5F80C0AD8E700B0025007
:10AB80000000E0200020704700207047014BC3F810
:10AB9000040A704700B0025010B5114800F048F8A0
:10ABA00000B110BD0F4800F043F80028F9D10E4C59
:10ABB000204600F03DF80028F3D10C4B0C481C60F7
:10ABC00000F036F801460028EBD100F02DF80446DD
:10ABD00008B1204610BD00F03FF82046FAE700BF5C
:10ABE00034020020300200202C0200202402002029
:10ABF0002802002008B5084800F024F8074800F0B3
:10AC000021F8074800F01EF8064800F01BF8BDE8E0
:10AC1000084000F00BB800BF3402002030020020D2
:10AC20002C0200202802002000207047704700BF3F
:10AC300008B5034B02681B6810689847002008BDE0
:10AC4000F401002008B5034B02685B681068984760
:10AC5000002008BDF401002070B5094C094D2069A1
:10AC6000AB68984718B1084B08485B689847084A92
:10AC7000EB68206900211160BDE87040184700BFF3
:10AC8000E0010020F4010020D8010020FCFC0000BD
:10AC9000D4220020F8B51A4D1A4E0446B26828692D
:10ACA0009047E8B9184F3B684CB1A3B1012B19D0BC
:10ACB000013B3B602869F36898470020F8BD43B921
:10ACC000124A0121C2F800151149D1F81029002AB1
:10ACD000FBD101333B60F368286998470020F8BD39
:10ACE0000C48F8BD0A4AD2F81039002BFBD1074AAC
:10ACF0006FF07E40C2F80035FFF748FF3B68D7E7AA
:10AD0000E0010020F4010020D422002000A0025025
:10AD100000B00250E98FFFFF0CB430B589B0054692
:10AD20000C461C22002101A804F03FF902238DF8F3
:10AD300006300E4B0293059523462CB1B4F1004F1B
:10AD400028BF4FF00043013B1D440DAA0C99069506
:10AD500001A8009200F00EF914B1059B00221A70B0
:10AD600009B0BDE8304002B0704700BF37F10000C5
:10AD7000242AF0B5044601D8012A40D104F0E4F9B0
:10AD80002D4B16221A5001B10C600020F0BD2F4649
:10AD90003D4615F8010B2028F9D0A0F10906042E34
:10ADA0000346F4D92B282CD02D282CD101267B78D2
:10ADB000BD1C302B2DD1287840F02000782824D1DC
:10ADC00032F0100021D16B782C4610220235002081
:10ADD000392B82BF03F1FF3343F02003263B303B86
:10ADE0009A421AD9A0FB02040CB9C01801D346F04C
:10ADF00002062F462C4617F8013B3D46E8E707467A
:10AE0000C6E70026D3E70026D3E7002A08BF0822BA
:10AE1000DDE7002A08BF0A22D9E701B10C60F2077A
:10AE200048BF4042B307B1D504F08EF9024B22224D
:10AE30001A504FF0FF30A9E70C0000002DE9F04157
:10AE400001260746B24201DCBDE8F0813B461F46C1
:10AE500013F8014B002CF7D0252CF8D11C78252CA9
:10AE600007F10207F2D00023DFF804819C461D465B
:10AE70001F2D18D8A4F1200EBEF1100F09D9A4F18E
:10AE8000300EBEF1090F1ED80A2404FB03E320256F
:10AE900004E028FA0EFE1EF0010F06D017F8014B51
:10AEA000002CE5D128E07F2D1CD8A4F1300EBEF196
:10AEB000090FE9D9242C10D1BCF1000F46D0B342C0
:10AEC00046D00023EAE724F0040EBEF12A0FF8D0A2
:10AED0006C2C09D145F08005E0E724F0040EBEF1AA
:10AEE0002A0FEED06C2C22D06C2C1BD8682C23D0CF
:10AEF0006A2C28D04C2C26D0BCF1000FA4D0B4452D
:10AF0000A0D144F02007A7F1650CBCF1020F0B683B
:10AF100001D9612F1ED1073323F0070308330B60DB
:10AF200001368EE7742CB9D07A2CB7D0E4E72C0622
:10AF300048BF45F40075CDE7EC0548BF45F4007502
:10AF400045F48075AAE745F42075A7E79C46B8E765
:10AF50006324D6E7692C02D007D8632C03D02F06D0
:10AF600001D5AC05D7D40433D9E7732CF6E700BF7D
:10AF7000892801002DE9F04F95B043680393837849
:10AF800080469807CDE9081217D50D920B4600258B
:10AF90001F78A7B1252F16D001330793039B414695
:10AFA00038469847002805F1010580F2558498F845
:10AFB000023043F0040388F802304FF0FF35284692
:10AFC00015B0BDE8F08F5F789A1C252F0792E5D069
:10AFD00000242646A246A346BBF11F0F32D8A7F194
:10AFE0002003102B0AD8DFE803F02409092A0909F5
:10AFF000091B09090922092709091900A7F13003CA
:10B00000092B2DD92A2F39D154B90D9B1BF0400F94
:10B0100053F8042B0D9329D0164601E04BF0010B99
:10B02000079B13F8017B0793002FD5D15BE04BF012
:10B03000020B4BF0040BF3E74BF0080BF0E74BF07F
:10B04000100BEDE7BBF17F0F3FD8A7F13003092BC1
:10B05000D8D81BF0400F03D00A2202FB0636DFE7E8
:10B060000A2202FB0A3A4BF0200BD9E7B2F1000AA0
:10B07000F9DACAF1000A4BF0280BD1E72E2F05D1DF
:10B080001BF0400F9BD14BF0400BC9E7242F1CD184
:10B09000002C00F04481099B0D931BF0400F0AD156
:10B0A000524608980DA9FFF7C9FE0D9B1A1DD3F84B
:10B0B00000A00D92B4E7324608980DA9FFF7BEFE36
:10B0C0000D9B1A1D1E680D92AAE76C2F00F01481CB
:10B0D00000F20B81682F00F017816A2F00F01C81AD
:10B0E0004C2F00F0198134B1099B08980D9322462A
:10B0F0000DA9FFF7A3FE002E47F02003B8BF2BF0E9
:10B10000400B0593A3F16503BCBF1FFA8BFB002620
:10B11000022B40F2098147F02003612B40F084822A
:10B12000FF4307F0200306930D9B073323F007032B
:10B130001BF0400FD3E9000103F10802069B0093C6
:10B140000D9214BF33464FF0FF330EAA03F035FFC4
:10B15000431CDBB24BF4C0540493DDF838907023E9
:10B160000646A3460127059309F10903122B0CD9C2
:10B1700009F16303C62B40F2138109F2E73340F271
:10B18000CE72934294BF032704279DF83C2002F01F
:10B190000C0312F0010240F01E811BF0020F40F080
:10B1A00017811BF0040400F0FD80002B40F0168195
:10B1B00020231BF4405F21D1049A5032002E6A44B0
:10B1C00008BF0126133A049921B112F8011D302954
:10B1D00000F03B811BF0100F049A18BF324619F1A2
:10B1E000040FC0F23781B14580F234814A454BF4F7
:10B1F000005B40F3318109F10106961B1BF40052FC
:10B200000A9200F02B8129EAE974013403B1013478
:10B21000002E00F02A81721C1444A245CCBFAAEB78
:10B22000040400241BF0090F04D12C44A54240F073
:10B230002181002443B118464146039B98470028CA
:10B2400005F10105FFF6B3AE1BF4006F13D0039BAD
:10B250004146302098470028FFF6A9AE069BC3F16F
:10B2600078004146039B00F0F8009847002805F15C
:10B270000205FFF69CAE1BF0080F05D12C44AC4232
:10B2800040F00481254600240A9B002B00F02E810B
:10B2900029EAE97AA9EB0A027642049B05929342D5
:10B2A00084BF0EABD3180AF1FF3A8CBF5879302017
:10B2B000564505F1010700F3F380039B414698478B
:10B2C000059A002802F10102FFF671AEBAF1FF3FC4
:10B2D00009D1039B059241462E2098470028FFF68E
:10B2E00066AE059AAF1C3D46D7E7742F3FF498AE83
:10B2F0007A2F3FF495AEF6E61BF0800F18BF4BF4A3
:10B30000007B4BF0800B8BE61BF4807F18BF4BF467
:10B31000007B4BF4807B83E64BF4207B80E6264663
:10B32000B3465446B2467BE6FF4307F0200306933C
:10B330000D9B073323F0070303F10802D3E9000153
:10B34000059B0D921BF0400F08BF0626652B13D1FD
:10B35000731C0022DBB24BF4805B1446112BCDE949
:10B36000002428BF11230EAA00F014FBC3B2DDF89D
:10B37000389004930227F7E6059B662B05D14BF422
:10B38000005B344601221123E8E7F3B2012B4FF0B2
:10B3900000024FF0650738BF012314460597DDE72B
:10B3A0000227F2E6002B3FF404AFBAF1030F3BDCB7
:10B3B0009DF83C309A4E13F0080F9A4B08BF1E467A
:10B3C000B1464F4619F8010BB0BBAE1B374488E0BD
:10B3D00033BB2B23EDE62BBB2D23EAE62022BAF16B
:10B3E000040F13DD1BF0080FAAF104040FD12C4445
:10B3F000039B0492414620209847002805F101054F
:10B40000FFF6D5ADA542049AF2D19AB10024039B70
:10B41000414610469847002805F10105C8DAC6E5FF
:10B420002B22DCE72D22DAE71BF0080FAAF1030438
:10B43000BED1DCE71446BBE7069BC01A4146039B1E
:10B44000C0B298470028BCDAB1E504990139C9B205
:10B450000491B8E6561ED1E60026CFE61BF4006F35
:10B460000CBF032405243C44D0E61BF0100F18BF8A
:10B470000134D2E60B934146039B202098470028D5
:10B480000B9B05F10105BFF6D1AE90E5039B41464C
:10B4900030209847002805F10105BFF6F0AE86E59B
:10B4A000D1450AD19DF83D30352B1DD805D19DF8E9
:10B4B0003C3013F0100F08BF3120039B41469847E2
:10B4C0000028FFF674AD1BF0100F0AD0BAF1FF3F51
:10B4D00007D1AF1C41462E20039B98470028FFF65A
:10B4E00066AD3D463C443DE23120E6E79DF83D0037
:10B4F00031281EBF9DF83C3023F010038DF83C30FE
:10B500004146039B98470028FFF651AD002E6BDDA6
:10B51000039B41462E2098470028FFF648AD4FF088
:10B52000010A049B9A45BBBF0EAB534430205879A7
:10B53000039B414698470028D346FFF638AD0AF1F1
:10B54000010A5645EDDA02355D44DDE90532981A07
:10B550004146039BC0B298470028FFF628ADB9F1D9
:10B56000000F04DB4ED19DF83C30DB064AD5C9F113
:10B5700000092D20039B414698470028FFF617AD90
:10B58000042F41D14FF47A7799FBF7F606F130009A
:10B59000039B4146C0B29847002805F10305FFF61A
:10B5A00006AD07FB1699642799FBF7F606F1300004
:10B5B000039B4146C0B29847002805F10105FFF6FC
:10B5C000F6AC07FB16990A2799FBF7F606F130004F
:10B5D000039B4146C0B29847002805F10105FFF6DC
:10B5E000E6AC07FB169915E01BF0100F01D10135F1
:10B5F000ABE7039B41462E209847002805F1020542
:10B60000A3DAD4E42B20B5E7032F05F10205CAD055
:10B61000012FD8D109F130006F1C4146C0B25BE761
:10B62000A81801009D000100A7F16303122B00F28E
:10B63000FB80DFE813F013005300F900F900F90074
:10B64000F9005300F900F900F900F900F9001401BC
:10B65000F400F900F9002800F900B5000D9B1A1D4F
:10B660001B680D928DF8383001240EAF1BF0080FC7
:10B670002AD007EB04093E464E4527D1EF1B37443D
:10B68000AAEB04042DE70D9B1A1D0D921F68AB4B0E
:10B69000002F08BF1F461BF0400F14BF31464FF06C
:10B6A000FF31384603F0E0FA0446DFE7039B4146EA
:10B6B000202098470028FFF67AAC013EB442F5D32B
:10B6C0005544AD1BB246D4E75646F7E716F8010BD2
:10B6D000039B414698470028CEDA68E41BF0800FB0
:10B6E0000D9B35D01BF4007F2DD0073323F00703CB
:10B6F000D3E9000103F108020D922BF01009002993
:10B700001FFA89F936DA404261EB410149F4806958
:10B710000DF1380B0A235A4603F0B2FA19F0400F24
:10B72000A0EB0B0B65D029F001025E4592B240F30D
:10B73000B380002F00F0AA8019F010033446914620
:10B7400026D002345CE01A1D18680D92C117D4E7A8
:10B750001A1D1BF4807F19680D9201D10846F5E788
:10B760001BF4007F15BF48B208B241F3C01141F38A
:10B77000C031C2E750EA0103CAD11BF0400FC7D065
:10B78000002EC5D12BF0110B1FFA8BF93446B346AE
:10B7900040F2064319EA03031CBF013400232FE0E3
:10B7A0002BF0100B1FFA8BFB0A231BF080040D9A61
:10B7B00058D01BF400711DBF073222F0070202F1BE
:10B7C0000801101D19BF0D91D2E900010D901068FC
:10B7D00050EA010253D12BF016091BF0400F1FFA5B
:10B7E00089F950D0002E4ED12BF0170B1FFA8BF990
:10B7F000B34619F0100353D0002F4FD10BF10104C1
:10B8000019F0080F5FD119F0010F06D0A2456EDDC7
:10B81000AAEB040404EB0B06544622464EE04BF020
:10B82000100B10237827C0E747F02003782B04D1B2
:10B83000C7F1780343F01003B7E7039B4146252087
:10B8400098470028FFF6B3AB039B4146384698471C
:10B850000028FFF6ACAB0235079BFFF799BB082326
:10B860000027A2E7111D0D911BF480711068AFD065
:10B870001BF400711ABFC0B2214680B2A8E72BF0BA
:10B88000060B1FFA8BF90DF1380B44E729F011096B
:10B890001FFA89F934467BE79146AAE75C4650E7F0
:10B8A0005C4675E7CDE904234146039B2020984779
:10B8B0000028FFF67CAB049A059B01329245F1DC2F
:10B8C0002C1BA5181446EBB1039B4146302098472A
:10B8D0000028FFF66CAB67B901352F462E44F31BE9
:10B8E0005B4521DC5D460EAE55BB5F44C8E65E4657
:10B8F00093E7023541463846039B98470028ECDA27
:10B90000FFF755BB40F2064319EA030FE5D019F0E3
:10B91000020F14BF2B20202019F4806F05F10105C0
:10B92000414618BF2D20E7E7039B4146302098474A
:10B93000002807F10107D2DAFFF739BBAC18010084
:10B94000013D039B705D414698470028CCDAFFF724
:10B950002EBB039B414620209847002805F1010596
:10B96000FFF625AB631B002BF3DC75E71FB502ABBD
:10B970000093074A4FF0CC3303F065FADDE902018A
:10B98000C00840EA4170C90805B05DF804FB00BF7B
:10B99000CDCCCCCC2DE9F04F9BB0044605920A46A5
:10B9A0000A93C2F30A559DF890300B93D20FC1F35E
:10B9B00013030992090D7DB950EA03021BD1059AC0
:10B9C00030235371099B156043F002031371012763
:10B9D00038461BB0BDE8F08F40F2FF7295424AD165
:10B9E0000343099B059A14BF43F0080343F0040383
:10B9F00013710027ECE700F0010208924FEA830878
:10BA00000122AC4D48EA907887009A461646C5F167
:10BA1000000B5846069200F011FAB5F1FF3FACBF9B
:10BA20008146A0F10109ABEB090B09EB0503584670
:10BA3000049300F009FA16A9A0F17D05584600F01C
:10BA400023FA12AB069A0193A9EB050510AB0292FB
:10BA5000009320462B4616AA514603F039F9B9F156
:10BA6000010F04460D4600F2D280089B002B40F0E7
:10BA7000C58001276BE043F4801A00F001024FEA11
:10BA80008A080343A5F23545089248EA90784FEAC0
:10BA9000800749D140F2FE7319420CBF01260026EF
:10BAA000002D3246B3DB284600F0C2F9032DC8BF93
:10BAB0000138049000F0C8F9049B7C305D1B0544FC
:10BAC00016A9184600F054FA12AB019310AB00937C
:10BAD00020462B46029616AA514603F0F9F8049B1D
:10BAE000152B04460D4600F2868014AB724A009373
:10BAF00038464FF0CC33414603F0A5F9149B159A14
:10BB00009B0843EA827303EB8303BB42DDE9109A8F
:10BB10000CD13846414600F09FF9049B83428CBF0C
:10BB200000270127002612E00126B9E7089B002B19
:10BB300051D1013F48F1FF31B81B61F1000100F024
:10BB40008BF9049B089F83428CBF002601260B9B28
:10BB5000002B40F09080DDF828B04FF00008CDE9D0
:10BB600006884FF00A0ADDE91001FFF7FFFE129B7D
:10BB70000E93CDE90C0118461399FFF7F7FE0C9BC5
:10BB80000D9A0F9198420B469341814680F08D802B
:10BB900020462946FFF7EAFE0E9A0AFB09F3934274
:10BBA00014BF002606F001060C9B10930D9BCDE9F7
:10BBB00011390F9B1393079BB8F1000F14BF002797
:10BBC00007F0010701330AFB10485FFA88F8079372
:10BBD00004460D46C7E7B81C48F1000100F03CF9E7
:10BBE000049B83428CBF00200120B9EB00006AF166
:10BBF0000002CDE9100200273E46A8E7109B119AEB
:10BC0000013B42F1FF32CDE9103201278AE7B9F159
:10BC10003E0FF0D84FF0FF33A9F1200003FA09F2EC
:10BC200003FA00F0C9F1200123FA01F102430A43AB
:10BC300003FA09F327EA030728EA020857EA080784
:10BC40000CBF012700276DE700FB02FCA1FB0012DF
:10BC5000013362448C4275EB020CF5D2049ADDF894
:10BC600028B01344259A1344012BB8BF01239B45E8
:10BC7000A8BF9B4671E70A21002201230846E9E795
:10BC80000AFB03F0A2FB0A2301310344944275EB43
:10BC90000300F5D2594511DDBBF1000F02D154EA82
:10BCA00005030BD00123069372E70A22002301212A
:10BCB000ECE700BFCCFBFFFFCDCCCCCC002E2FD0CF
:10BCC0004FF00A0A129B13990D931846FFF74EFE88
:10BCD0000D9B0C910AFB00F29A42814620D1DDE9CE
:10BCE0001001FFF743FE0E900D9120462946FFF705
:10BCF0003DFE0D9B0E9A1092CDE911390C9B1393CA
:10BD0000079BB8F1000F14BF002707F001070133AC
:10BD10000AFB10485FFA88F8079304460D46D1E7FE
:10BD2000DDF81090079B9944002F59D0B8F1050F0A
:10BD300056D114F0010349D1069A32B9DDE9122334
:10BD40009D4208BF94425ED0069B18194FF00A042A
:10BD500045F10001002201262546A04271EB0207B1
:10BD600054D2E3B1B3451ADA0B9B63B1259ADDF8DF
:10BD700028B006EB0903134423EAE3739B45A8BFED
:10BD80009B465E450BDD05304FF00A024FF0000385
:10BD900041F10001F4F734FE09F10109013E5E456D
:10BDA000A8BF5E4637B20FFA89F9059B09FA86F6F5
:10BDB00007F10508013E98444FF00009B9452CDB16
:10BDC000059B1A461E60099B137101E6069B2BB961
:10BDD000DDE912239D4208BF944209D00123B4E754
:10BDE000069B53B9DDE912239D4208BF944204D15A
:10BDF000089B002BF2D1002EF0D0B8F1040F94BFB5
:10BE000000230123A1E74FF00408F1E705FB02F747
:10BE1000A4FB054201363A449FE70A220023F4F7C7
:10BE2000EFFD303208F8012D09F10109C6E700BF26
:10BE3000014B5843800C704741340100014B58437B
:10BE4000000D7047FB2E0B00024B5843C00C013015
:10BE5000704700BF4F9312000A4A70B503464FF077
:10BE6000CC3600204FF0333506FB03F402FB0144CF
:10BE7000A3FB023121449D4275EB010401D3013043
:10BE8000F2E770BDCDCCCCCC2DE9F04F1A23354E66
:10BE9000B0FBF3FA03FB1A0389B004460D4606EB28
:10BEA0000A1653B9D6E90023C1E90023D6E90201F5
:10BEB000C5E9020109B0BDE8F08F2B4A02EBC303CC
:10BEC000D3E9008904AB0093D6E9022340464946F2
:10BED00002F0B9FF06AB0093D6E9002383460F4674
:10BEE0004046494602F0AFFFDDE9066216EB0B065D
:10BEF00052EB07084FF0000328BF0123814633B1FE
:10BF0000049B059A013342F10002CDE90432204638
:10BF10000391FFF799FF07461A2000FB0AF0FFF78D
:10BF200093FF3F1A3246434603990097484602F072
:10BF3000A5FF4FEA141C0D4A640004F01E0352F8DA
:10BF40002C40DC4004F00304241841F10001C5E951
:10BF50000041DDE9042300973046414602F08EFFA0
:10BF6000A6E700BF78F70000A8F600001CFD00005F
:10BF70002DE9F04F1A27DFF8E4A000F11905B5FB11
:10BF8000F7F56F433A1A4FEA051B89B004460E468F
:10BF90000AEB05150AD1D5E90023C1E90023D5E94B
:10BFA0000201C6E9020109B0BDE8F08F2C4B03EB9A
:10BFB000C203D3E9008904AB0093D5E902234046CC
:10BFC000494602F040FF5AF80B206B68013ACDE970
:10BFD000020106A963F1000300914046494602F0C0
:10BFE00032FFDDE906528A4602996D18039952EB39
:10BFF00001084FF0000328BF0123814633B1049BA1
:10C00000059A013342F10002CDE904323846FFF7C8
:10C010001BFF07462046FFF717FF3F1A2A464346F5
:10C0200000974846514602F029FF4FEA141C0D4A7A
:10C03000640004F01E0352F82C40DC4004F00304BA
:10C040000134241841F10001C6E90041DDE904236F
:10C0500000972846414602F011FFA2E748F8000089
:10C06000A8F6000070FD000030F000400DD0A0F5F3
:10C070000003B3F1FE4F0AD3074B421E9A4208D980
:10C08000A0F1FF43584258417047022070470420F6
:10C0900070470320704700BFFEFF7F0008B5FFF721
:10C0A000E3FF014808BD00BF0000C07F7047836800
:10C0B00000EBC101B3F5004F2CBF51F8220031F85D
:10C0C0001200704700EBC1018068B0F5004F2CBF33
:10C0D00041F8223021F81230704708B50122FFF7ED
:10C0E000E6FFD04008BD8368B3F5004F00EBC10107
:10C0F00008D34B681AB143F001034B60704723F03B
:10C100000103FAE74B881AB143F001034B807047F3
:10C1100023F00103FAE753000122FFF7D3BF83683E
:10C12000B3F5004F34BF04230823481C0833A0EBA9
:10C13000D300B0FA80F0C0F11F0070472DE9F04144
:10C140000D4686680446FFF7C8FFB6F5004F014666
:10C1500001D3012832D02046FFF7E1FF04EB800134
:10C160000E6996B9E368012282401343E36002221C
:10C170000D612B4629462046FFF7A4FF03222946DE
:10C180002046BDE8F041FFF79DBF02223146204620
:10C19000FFF78DFF2946034607462046FFF792FF2B
:10C1A0000322334629462046FFF78CFF39462B46AB
:10C1B0002046FFF787FF02223146E1E7BDE8F08124
:10C1C000B2F5802F2CBF08230423D21A2DE9F041A9
:10C1D0008C18CD1D25F0070524F00704641B0026EC
:10C1E000E40805602146AC60EE602846FFF797FF43
:10C1F000421D9200013002F107074FEAD707A2F172
:10C2000010023146B8BF324605F1100002F0CDFEF3
:10C210003A4631462846FFF77EFF334632463146DE
:10C220002846FFF74FFFA4EB0708284631460122B6
:10C23000FFF759FF42463946FFF76DFF3B4632464E
:10C2400039462846FFF73EFF21462846FFF763FFA1
:10C250004346324621462846FFF734FF214628460A
:10C260000122FFF740FF3946BDE8F041FFF766BF06
:10C270002DE9F04706460D46174698462BB398F829
:10C28000004093F80190DB78A40004EB430498F895
:10C2900002301C4444444FF0000ACA4509D3D8F880
:10C2A000042008F1080339463046AC46BDE8F047A3
:10C2B000604714F8013B48F823402046F4F7C4FBDC
:10C2C000013004440AF1010AE7E76FF01500BDE808
:10C2D000F08770B5002502462846144614F8013B45
:10C2E0000BB9184609E098B18D4207D1702B04D0E4
:10C2F000A3F140023A2A0BD8002070BDA3F14006FA
:10C300003A2E05D853780135941C002BE9D0002033
:10C31000252B08BF80F001002246DEE70020704791
:10C320000FB407B504A951F8040B019100F06FFB9D
:10C3300003B05DF804EB04B0704710B50369024622
:10C3400013F0080009D11368D4689C4297BF126AA1
:10C35000E31AD31A01200B6010BD00231846FAE738
:10C3600013B501A90446FFF7E8FF20B1019BE2687D
:10C37000013B13440193206A019BC01A013802B0AB
:10C3800010BD10B5044650182269236AD20702D5A1
:10C39000013B184010BD984228BFC01AFAE710B5FB
:10C3A00004460A46C168FFF7ECFF2369E06023F00A
:10C3B0000803236110BD38B50D46C2698B000168C2
:10C3C00043F0020342F82130044601682A46FFF791
:10C3D000D8FFE36861682060984202BF236943F098
:10C3E000080323612A462046FFF7CBFF606038BD73
:10C3F0002DE9F74FC768C6699B4606EB8703009394
:10C4000016F8273003F00303022B044688469146B2
:10C410004FF000030BD01360CBF8003023699B076B
:10C4200013D44FF0000A504603B0BDE8F08F56F821
:10C43000271013608908CBF80030EFD0FFF7AFFF6B
:10C44000E368A3604FF0010AEDE7A36906EB8700FC
:10C45000984716F8272012F0010A0546E1D012F09D
:10C4600002021FD0B8F1000F03D041462046FFF76B
:10C47000A2FF61682A462046FFF783FFD4E9022124
:10C480009142606006D12A462046FFF77AFF4FF0BE
:10C49000000AA060A2682260E260226942F00802FD
:10C4A0002261C0E7014620460192FFF778FFE3686A
:10C4B000A360B8F1000F04D02168E369019A43F842
:10C4C000212005EB0802CBF8002021682046FFF769
:10C4D00058FF2369206043F00803236116F82730D2
:10C4E0006FF3000306F82730009BC9F80030A9E776
:10C4F00070B504461546FFF744FF2368834205D113
:10C500002369216023F00803236170BDE269AB0059
:10C5100043F0020342F82130204661682A46FFF7C3
:10C5200030FF6060F1E738B503695B07044606D564
:10C53000456AFFF715FF85422CBF6562606238BD12
:10C5400038B50D4604461C22002102F02EFDEB6892
:10C55000A361AB6863612B68E3616B6823620022AF
:10C5600062622A6923B1591E194208BF42F00102D2
:10C570002261012204F128000021BDE8384002F0C8
:10C58000BAB82DE9F04F87B000250093036A0395F0
:10C590008B4204460E4692460595A94639D3EFF3E1
:10C5A000118B202383F31288BFF36F8F059AD8462F
:10C5B0002AB129462046FFF79BFF0023059304A9D3
:10C5C0002046FFF7BAFE0499B14207462AD32268F3
:10C5D000E36913F8221021F0030103F8221003EBA2
:10C5E0008209216832462046FFF7CBFEE3682060CF
:10C5F000984212D0002788F31188BFF36F8F0399F8
:10C6000029B162690AB12046904700230393002FA5
:10C61000C5D1484607B0BDE8F08F236943F0080351
:10C620002361E7E718B12046FFF7C5FEE3E7009B6B
:10C630005AEA03021CD0019102F0FAF80199B8B944
:10C64000BBF1000F14D187F31188BFF36F8F009BEC
:10C65000524604F12800FCF78BFFEFF311882023EA
:10C6600083F31288BFF36F8FB0FA80F77F09C2E7B8
:10C6700005AB03AA20462568FFF7BAFE0746BAE7CE
:10C6800070B50446836908460D4698470246EFF3A5
:10C690001186202383F31288BFF36F8F2B7843F02A
:10C6A00001032B7061682046FFF76BFE6060204637
:10C6B000FFF739FF86F31188BFF36F8F70BD2DE947
:10C6C000F041044620270020EFF3118687F31288FB
:10C6D000BFF36F8F236913F0080FA36802D162685C
:10C6E000934200D9226AE169D21A5AB986F31188B5
:10C6F000BFF36F8F18B104F12800FCF705FF4FF06E
:10C70000000834E011F8232012F0030501EB830840
:10C71000ECD0022D03D151F82350AD0805D1D0073C
:10C7200013D4A369404698470546A1682A46204687
:10C73000FFF727FE2946A0602046FFF730FE86F36C
:10C740001188BFF36F8F0120BEE742F0020201F8AB
:10C7500023204046A369A5689847294602462046FB
:10C76000FFF70FFEA06086F31188BFF36F8F40467E
:10C77000BDE8F081F8B50446836908460D46984740
:10C780000646EFF31187202383F31288BFF36F8FE0
:10C790002B786FF300032B7023699B0705D5E268A4
:10C7A000E36903EB82039D421AD12B786FF34103B7
:10C7B0002B70D4E90231994204D132462046FFF76A
:10C7C000E0FDA06031462046FFF7E9FD87F31188C0
:10C7D000BFF36F8F04F12800BDE8F840FCF794BE6A
:10C7E0002B6860F39F032B60F0E7EFF311812023A8
:10C7F00083F31288BFF36F8F036913F0080F836808
:10C8000002D14268934200D9026AD31A81F3118897
:10C81000BFF36F8F181E18BF01207047038B13F0F2
:10C82000070305D10368002B0CBF002003207047CD
:10C83000022B05D1408BB0FA80F040098000704790
:10C84000012B05D10368002B0CBF00200520704789
:10C850000020704710B50C4600B111B96FF01500FB
:10C8600010BD081D00F093F80028F9D1A368032B30
:10C87000F6D9F3E72DE9F0410D4607461946281D84
:10C8800090461E4600F094F8044638B133464246BE
:10C8900029463846A446BDE8F0416047BDE8F0812E
:10C8A00010B4EFF31182202484F31288BFF36F8F4A
:10C8B000416110BC0121F4F767BF38B50C4605464D
:10C8C00058B151B10B6843B14B6833B11C22002100
:10C8D00002F06BFB2C61002038BD6FF01500FBE708
:10C8E00070B505460E46FFF7B5FF041E14DBEFF3E7
:10C8F0001182202383F31288BFF36F8F6B8B2C8BF5
:10C900004FF6FF718B4204F0070407D182F31188C0
:10C91000BFF36F8F6FF00A04204670BD022C0CD15C
:10C9200001336B8382F31188BFF36F8F002322469C
:10C9300031462846FFF79EFFEEE7062C14D8DFE8C5
:10C9400004F004131313041A0400002333606B680B
:10C950003BB9C5E90066ACB902212846F4F714FFDB
:10C96000DAE71E606E60F6E782F31188BFF36F8F1F
:10C970006FF00404D0E782F31188BFF36F8F6FF07C
:10C980008504C9E782F31188BFF36F8FC4E70346BC
:10C9900058B1426802F00302012A03D0032A04D1ED
:10C9A000026812B10020986070476FF01500704760
:10C9B0004268816002F00302032A4FF0000203463E
:10C9C0000CBF006810465A607047704703785B07D9
:10C9D0005FBF03684288C3F34A2303EB12105DBFB5
:10C9E000173020F0070080080020704700207047B3
:10C9F00001F037B80346BFF35B8F53E8000F421CCA
:10CA000043E800210029F8D1BFF35B8F70471FB5C1
:10CA10000023CDE90201CDE900331A461946184634
:10CA2000F5F7D0FB05B05DF804FB0120F5F790B8F1
:10CA30000020704718B140680079F5F79BBA4FF0B5
:10CA4000FF30FAE738B5436804460D46DA711146FF
:10CA5000F5F7EEFA63681D60636801225A71BDE85C
:10CA60003840F5F767B870B515460C4669B1D2E99C
:10CA700001369B1B99420AD813680A460146981949
:10CA800002F06BFAAB682344AB60204670BD6FF0D8
:10CA90001B00FBE770B50E4615461946044618B94B
:10CAA000BDE87040F5F754B833B1C2F34A231030F3
:10CAB000120D184402F051FAC4E900562046BDE8B0
:10CAC0007040F5F7FDB9F8B506460D4614461F4609
:10CAD00004B9F8BD214628463A46B047241A054411
:10CAE000F6E710B5426881680446D2E90023006881
:10CAF000FFF7E9FF636800221A6010BD38B54B6884
:10CB00001A68CB689A4205460C4602D10846FFF7E0
:10CB1000E8FF6368BFF35B8F53E8002F511C43E8C5
:10CB200000100028F8D1BFF35B8FA3689D5400204C
:10CB300038BD0A2838B504460D4602D10D20FFF74E
:10CB4000DDFF29462046FFF7D9FF002038BD2DE93B
:10CB5000F043054687B008460E8891F80090D1F85A
:10CB600008800C461746F5F78FFB011EC6F38216A8
:10CB7000C9F3C2091EDB4846F5F7B4F9034621465E
:10CB8000608851F8102B0196C2F34A22002A01EB6B
:10CB90000204C0F30B1008BF00210022CDE90407F6
:10CBA000CDE90214009241462846F5F799FB07B0FB
:10CBB000BDE8F0830023E2E708B50120F4F7CEFDDD
:10CBC00008B50020F4F7CAFD0B68834204BF0123B7
:10CBD0000B71704710B500201C4601F0BFFC2060AF
:10CBE000002010BD08B519B14068083001F087FF7A
:10CBF000002008BD10B5446B0020FCF74DF928B1AA
:10CC00002368216C0020BDE81040184710BD08B50E
:10CC10004068083001F073FF002008BD10B50346DE
:10CC2000BFF35B8F53E8000F40EA010243E80024A2
:10CC3000002CF7D1BFF35B8F10BD10B50346BFF3D7
:10CC40005B8F53E8000F00EA010243E80024002C48
:10CC5000F7D1BFF35B8F10BD042100F51B70FFF708
:10CC6000DDBF00F51F70FCF74FBC4FF0FF324FF0F7
:10CC7000FF3300F51F70FCF77BBC00F51B7019B18A
:10CC80004FF40061FFF7CABF6FF40061FFF7D5BF33
:10CC900008B500F51A7029B10121FFF7BFFF00F0B8
:10CCA000010008BD6FF00101FFF7C7FFF7E773B59B
:10CCB000044680680E46154600F51C7000220023CD
:10CCC000CDE9002301F0A4FF58B1A06800F51C7065
:10CCD000314601F099FF20462B4602B0BDE8704076
:10CCE000184702B070BD38B5054688680C4600F597
:10CCF0001C7025B90121BDE8384001F082BF082130
:10CD000001F07FFF012D07D1A0680221BDE8384066
:10CD100000F51B70FFF782BF38BD08B500F51F7026
:10CD2000FCF726FCB0FA80F0400908BD10B50446B7
:10CD30008068012100F51B70FFF770FFA3681B7965
:10CD4000022B02D12046F6F7A9F9A0686FF0010185
:10CD5000BDE8104000F51B70FFF76FBFF8B5044643
:10CD600080681F460379022B0D46164607D0BDE8A2
:10CD7000F8404FF4805100F51B70FFF74FBF40F2B1
:10CD800067620023FFF7C9FF48B3A368D3F86C229A
:10CD9000100508D49A6B32B9D3F86832990602D5D7
:10CDA000204600F045FA3B4632462946204600F030
:10CDB0008AFAA368D3F86C22120508D49A6B32B9A8
:10CDC000D3F868329B0602D52046F6F7DDFC606991
:10CDD00000F042F8A068BDE8F840FFF742BFF8BD98
:10CDE0000EB403B503AB082153F8042B0193FFF7EE
:10CDF000B5FF02B05DF804EB03B070470EB403B5A5
:10CE000003AB032153F8042B0193FFF7A7FF02B0F4
:10CE10005DF804EB03B070470EB403B503AB01211A
:10CE200053F8042B0193FFF799FF02B05DF804EB70
:10CE300003B0704710B540F2676204460023806873
:10CE4000FFF76BFF38B12046F5F7B6FFA068BDE8E5
:10CE50001040FFF706BF10BD10B502698368126865
:10CE600001680446C0689847236900221A6010BD13
:10CE700038B5CB681B7C022B05460C4604D10A282A
:10CE800002D10D20FFF7F4FF236922681B68D554F7
:10CE9000226913680133136023691A6863689A4230
:10CEA00002D12046FFF7D8FF002038BD08B510B1E9
:10CEB000F3F7CAFD80B208BD10B5047B4389224454
:10CEC0002144B2FBF3F003FB1022B1FBF3F003FBB0
:10CED0001010101A10BD10B5047B4389214410199D
:10CEE000B1FBF3F1B0FBF3F0401A10BD30B5057B98
:10CEF00043892944B1FBF3F403FB141101312A44A3
:10CF000001340180B2FBF3F103FB11228480013272
:10CF10004C1CC480428030BD2DE9F74F00260746E7
:10CF20008846144699460660B2462378002B00F0E6
:10CF3000BF80202B3AD0093B042B37D93B685A1CC1
:10CF40003A6048F823403B684B4500F0B18000262A
:10CF50002278002AE9D0A6B9164623461C46272E79
:10CF600004D05C2E25D0222E40F096802046FFF77C
:10CF70009DFF611C0246204601F0FDFF2278002A39
:10CF8000D3D0B242A34604F1010420D15846FFF7A2
:10CF90008DFF21460246584601F0EDFF9BF80060E8
:10CFA0005C46002ED9D1C0E70026BEE704F801ABED
:10CFB000BBE72046FFF77AFF651C0246294620465C
:10CFC00001F0D9FF66782C46002EC8D1ADE75C2A67
:10CFD0009BF80120D3D1B242104608D15846FFF742
:10CFE00065FF21460246584601F0C5FFB0E7302AEA
:10CFF00025D1022300251BF80300A0F13001C9B29E
:10D00000072919D8ED000133EDB2052B45EA0105DA
:10D01000F1D1591E5944584601930091FFF746FF3C
:10D02000019B0099023BC21A584601F0A4FF9BF8ED
:10D0300001208BF80050A2E7DBB2022BE9D178285F
:10D0400025D1022100251BF80130A3F13000C0B228
:10D05000092808D82D01EDB20543022901D0042387
:10D06000D7E70321EFE7A3F16100052805D82D01DB
:10D07000EDB2573B1D43EDB2EFE7A3F141000528A8
:10D0800003D82D01EDB2373BF4E7022902D10BF1B1
:10D09000010474E70323BCE7202E85D0093E042E4B
:10D0A00082D96678631C002E7FF458AF1C463CE79B
:10D0B000304603B0BDE8F08F2DE9F0410F4686B051
:10D0C0001646044670B1034601AC00F1100518681D
:10D0D0005968224603C20833AB421446F7D1186898
:10D0E000106001AC4FF00008414632462046F6F78A
:10D0F000FDF908F10108054628B129683846F3F71B
:10D1000099FC0028F0D1284606B0BDE8F0810EB4A5
:10D1100003B503AA52F8041B0192F6F7D3F902B043
:10D120005DF804EB03B0704738B50446B0F84450DE
:10D13000006810B1F3F788FC80B2401907D0638D06
:10D14000B0FBF3F203FB1200B0FA80F0400938BDE7
:10D15000704738B58468D4F86832B4F8465020680F
:10D16000C3F340035D4310B1F3F76EFC80B2638DEF
:10D170002844B0FBF3F203FB1200B0FA80F0400940
:10D1800038BD10B504468068B0F84420B0F84610A9
:10D190002030FFF7ABFEA068FFF7C6FF20B1606943
:10D1A000BDE81040F6F704BA10BD38B505468068F2
:10D1B0000C46B0F84610B0F8442020300C44FFF77D
:10D1C00095FEA868A4B2B0F8461022462030FFF7BA
:10D1D00082FEA8682246B0F846102030FFF76CFEA9
:10D1E000AB68A3F8464038BD8368B3F8461049429F
:10D1F00009B2FFF7DABF8368B3F84410B3F84630DA
:10D20000C91A09B2FFF7D1BF8368B3F846301BB122
:10D210004FF0FF31FFF7C9BF70478368B3F846206E
:10D22000B3F844309A4202D20121FFF7BEBF7047E3
:10D230008068B0F84420B0F846102030FFF756BEA2
:10D240002DE9FF4105460F4614460026A4B904B057
:10D25000BDE8F081D3F86C229207FBD5BFF35B8F5A
:10D2600003F51B7353E8001F21F0020143E800128D
:10D27000002AF7D1BFF35B8F686803682246D3F8B2
:10D280000C80B91903ABC047039A1644A41A002AAC
:10D29000DCD1AB6819790329EED00229DAD84FF036
:10D2A000FF304FF0FF31CDE90001082103F51C707C
:10D2B00001F0AEFCA86800F51C70082101F0A4FC88
:10D2C000DAE7FFF7BDBF114640691A46F6F7FAB82C
:10D2D0000CB407B504AA406952F8041B0192F6F792
:10D2E000F1F803B05DF804EB02B070472DE9F041AE
:10D2F0008768B7F84460B318FF2B05468846144684
:10D3000026DCB7F84630F61A4A331F44B6B2324626
:10D310003946381901F02FFE22464146384601F0C1
:10D320001CFEAA68B2F844302344A2F84430AB682B
:10D33000B3F844201344002283F84A20AB68D3F8A2
:10D340006812890706D4B3F846201444A3F846406F
:10D35000BDE8F08131462846BDE8F041F6F76AB9EC
:10D3600038B505468068B0F84620B0F84440A41AA5
:10D37000A4B29CB14A321044411C224601F0FBFD8C
:10D38000AA68B2F84430013BA2F84430611E284636
:10D390000122BDE8384089B2F6F74CB938BD10B566
:10D3A0008368B3F8442004465AB1B3F8463043B119
:10D3B0004FF0FF31FFF7F9FE2046BDE81040FFF7C0
:10D3C000CFBF10BD70B592B00023054601934FF456
:10D3D0007A746868036840221E6902A901ABB047ED
:10D3E000019B13B108B9013CF3D112B070BD0EB46A
:10D3F00003B503AA52F8041B0192F6F763F802B0D2
:10D400005DF804EB03B070472DE9F84305469046FC
:10D410000F46002960D000243B5D202B23D0093B20
:10D42000042B20D93846F3F70FFBAB68598D80B237
:10D43000001BA1EB0803984207EB040915D94846E5
:10D44000002610F8012B202A06D0A2F1090CBCF10D
:10D45000040F02D80A2A2ED0334608EB0602914266
:10D4600028D90136EDE70134D6E74B460026B04215
:10D4700008D168694946FFF7BAFF6869BDE8F84313
:10D48000F6F79AB913F8012B0A2A11D16869FFF748
:10D49000E3FC324649462846FFF7D2FE01343444C5
:10D4A0006869F6F789F941462846FFF751FEB9E762
:10D4B0000136DCE71E466869FFF7CEFC3246494676
:10D4C0002846FFF7BDFE34443B5D202B02D0093BCC
:10D4D000042BE5D80134F7E7BDE8F88308B5002050
:10D4E000F4F73CF901F061BD01F037BD0146006879
:10D4F000F6F758BB08B5F6F7F1FBBDE80840F6F7BC
:10D5000011BC0023F4F7D2BD00210120F6F74ABB7D
:10D510006FF08500704761B662B680F31188BFF383
:10D520006F8F704772B6002383F31188BFF36F8F3C
:10D53000BFF34F8F30BF62B6BFF36F8F704772B6C5
:10D54000002383F31188BFF36F8FBFF34F8F20BF8A
:10D5500080F31188BFF36F8F62B67047202809D916
:10D56000B0F1004F08D80138B0FA80F0C0F11F00C8
:10D5700040007047082070473E20704708B5D1E949
:10D5800004319847002008BD08B5F7F779FB002063
:10D5900008BD0369C9B20C2201FB0233186C00F00C
:10D5A0000700704770B5C9B20369EFF311852024F5
:10D5B00084F31288BFF36F8F0C2606FB0134246CB2
:10D5C00014F0C00408D0A24206D085F31188BFF33E
:10D5D0006F8F4FF0FF3070BD71430B4401221A640E
:10D5E00085F31188BFF36F8F43680B445B689847DE
:10D5F0000020F0E78022FFF7D5BFF8B5069F046949
:10D60000C9B2EFF31186202585F31288BFF36F8F1F
:10D610000C2569430C44256C05F0070CBCF1010F87
:10D620000BD1276486F31188BFF36F8FC4E90E23F3
:10D6300043685B5898470020F8BD05F0C005AF422D
:10D6400086F31188BFF36F8F0CBF6FF077004FF038
:10D65000FF30F1E713B580240094FFF7CEFF02B04E
:10D6600010BD10B40069CBB21C2403FB04000021E0
:10D6700010BC10471046FBF747BF00F007BBFAF796
:10D680009DB810B50C4600F0E2FD0023C4E900038C
:10D69000184610BD38B505460C4600F0D8FD002DE3
:10D6A00007DBA84205D9401B84428CBF0020012023
:10D6B00038BD0020FCE770B50D46284619461646D1
:10D6C0001C46FFF7E7FF28B921462846BDE8704011
:10D6D000F7F7FEBC24B122462946304601F03DFC56
:10D6E000002070BD43685B68D3F810350B600020E4
:10D6F000704743685B6802EA010021EA0201C3F84F
:10D700000805C3F80C150020704743685B680020CB
:10D71000C3F80815704743685B680020C3F80C1510
:10D72000704743685A68D2F8043521EA03000B4079
:10D73000C2F80805C2F80C350020704710B503691F
:10D740005868F8B1884219D19C6808685860A142AD
:10D7500000D19860002008602AB15A680A609A686F
:10D76000596002B99960002010E0814206D1086832
:10D77000206098688142EDD19C60EBE70446006828
:10D780000028F2D1002AE8D16FF0150010BDFAF799
:10D7900029B930B543681360057A446804EBC504C1
:10D7A000A34202D36FF0010030BD5C798C4201D0FE
:10D7B0000833F0E70020F7E7002201210420F6F704
:10D7C000DDBF10B50B6813B91360184605E0036898
:10D7D0005C681CB114600368186810BD08330360EE
:10D7E0000B68013B0B60EDE70023F4F75FBC13B55A
:10D7F00001AA0446FFF7CDFF002805DB019B226844
:10D8000019791868F7F766FF02B010BD03460A469B
:10D8100000681979012303FA01F103691B681942B1
:10D8200018BF82F0010212B18368DB681847836871
:10D830001B69FBE710B504460068D0B1037DC3B196
:10D8400049B101210830FFF7E1FF23681869BDE8FD
:10D85000104000F0A7BE12B98388DB0409D4006928
:10D8600000F0A0FE20680021BDE810400830FFF75E
:10D87000CDBF10BD10B5012200210446FFF7DAFF2D
:10D88000A36933B9636004F11000BDE81040FBF7F1
:10D890003BBE10BD10B50069C36A8B420AD1826AD3
:10D8A00093420AD190F8844054B92830FFF7E2FF40
:10D8B000204610BD6FF07700FBE76FF01500F8E72A
:10D8C0006FF00F00F5E738B505690446A96505F165
:10D8D0004800FBF719FE002285F8842020691146D4
:10D8E000BDE838402830FFF7A5BFF0B504694568AA
:10D8F000226FA36F85B006467ABB002B4ED02D8ECB
:10D90000E06E676F9D4228BF1D46636F5BB1A26FDB
:10D910004AB107F06042B2F1005F04D0082DD4F89C
:10D920008C7028BF0825E26EC4F880501AB1226FAF
:10D93000002A18BF2A4601921BB1A36F002B18BF03
:10D940002B46009069460022204603930297FBF77E
:10D9500049F8014618BB05B0F0BDE16E676F2D8E2A
:10D960000846BBB1934228BF13469D4228BF1D46BF
:10D970000029CAD001F06043B3F1005FC5D0082D83
:10D9800028BF0825D4F888002A4601F0E6FAD4F822
:10D990008800BAE7954228BF1546E9E719463046A0
:10D9A00005B0BDE8F040FFF78EBFF0B587B00123AA
:10D9B0008DF8023002238DF804306B4403930E4639
:10D9C00001AB0DF103010027054602910493059771
:10D9D000F9F7FCFF041E0BDB03AA3146284600F0D2
:10D9E00074FA041E07DA9DF803102846F9F7E8FFD9
:10D9F000204607B0F0BD3C46FAE7F8B50C460546B0
:10DA000000F023FC002221460646284600F0C8FB11
:10DA100003212046F8F7A6FA00F023F807462B6802
:10DA20009B5953B100262146284600F00CFC2046A5
:10DA30000121F8F797FA3046F8BD00F012F8C01B44
:10DA40000628ECD96FF07306EDE700F150039B0058
:10DA50009BB203F1804303F5883300221A601B68F0
:10DA6000704708B5F8F714FB08BD10B48468246843
:10DA7000A44610BC6047436820330B600123136049
:10DA800070470023F4F712BB0A46014651F8040B15
:10DA90000023FFF7EABF70B505694668044605F143
:10DAA000100000F0B2FE4FF0FF334FF0FF32284677
:10DAB000FBF75EFD95F840303BB1B28F6068AB215B
:10DAC000F8F7A6FC002385F8403070BD10B5044679
:10DAD000FBF71AFD04F110004FF42032BDE81040AE
:10DAE0000023FBF715BFF8B5466B04467768A0F135
:10DAF00010054FF0FF334FF0FF322846FBF738FD9B
:10DB00007A8F70687921F8F783FC012384F830302C
:10DB10002846BDE8F840FBF7F7BC13B5044660683B
:10DB20000DF10601F8F70AFD18B9BDF806301B061D
:10DB3000F5D502B010BD03460A46006819790123E5
:10DB400003FA01F103691B68194218BF82F0010250
:10DB500012B18368DB68184783681B69FBE770476D
:10DB60000023F4F7A3BAFCF7E7BE08B5F5F706FF04
:10DB7000F5F7DAFFBDE80840FCF7DEBE03460020FB
:10DB8000184700F00FBD10B502461168B1B1BFF3E0
:10DB90005B8FB1FA81F3C3F11F000123834021EAB7
:10DBA000030352E8004F8C4204D142E8003CBCF130
:10DBB000000FF6D1BFF35B8FE7D110BD6FF00B0004
:10DBC000FBE710B50368CB40DB0714D401238B407F
:10DBD0000268BFF35B8F43EA020150E8004F9442B2
:10DBE00004D140E8001CBCF1000FF6D1BFF35B8FFD
:10DBF000EED1002010BD6FF01500FBE770B50C46AC
:10DC00000021054608461646F9F7ECFC00280ADB19
:10DC10003378DB0003F1804303F5F8330020C3F8C9
:10DC20001055C3F8144570BD10B1012802D07047DB
:10DC3000F9F7C4BDF9F774BD18B1012803D100F09C
:10DC40000AB800F023B8704708B5F9F785FDBDE8BC
:10DC50000840F9F7F3BDF9F729BD38B54FF0804416
:10DC60000223C4F808330123E3600023C4F804311D
:10DC7000D4F8043142F21075D4F81834DB0304D51B
:10DC80000120FFF77EFF013DF6D138BDFFF7E5BF6C
:10DC9000F7B5019001A8DDE9084716461D46F9F7DA
:10DCA00005FE019BB6F1000C18BF4FF0010C00EB14
:10DCB00083000B1E18BF0123002D43EA4C0314BF41
:10DCC0004FF00C0C4FF0000C002C43EA0C0314BF77
:10DCD0004FF4E06C4FF0000C002F43EA0C03D0F837
:10DCE000002714BF4FF4403C4FF0000C43EA0C03F4
:10DCF00022EA030301B109780EB1367876001943A0
:10DD00000DB12D78AD0031430CB1247824022943A4
:10DD10000FB13F783F040C433C43C0F8004703B0C9
:10DD2000F0BD1FB50DF10F03019300238DF80F1007
:10DD300000931A461946FFF7ABFF05B05DF804FBE8
:10DD400010B504460846F9F7C1FD04EB4004A08A6B
:10DD5000C0F3401010BD10B504460846F9F7B6FDF3
:10DD600004EB4004A08AC0F3400010BD10B5044687
:10DD70000846F9F7ABFD04EB4004A08A400B10BD48
:10DD800070B5044608461646F9F7A0FD08300D4662
:10DD900034F81030DA0509D5C3F3432304EBC3028A
:10DDA000314654F83330526828469847A3682BB15F
:10DDB000E26831462846BDE87040184770BD10B58E
:10DDC00004460846F9F782FD00B204EB4000838A5E
:10DDD000DA051DD5C3F3432123F4F853838204F1FC
:10DDE000120204F1720032F8023F13F4807F03D074
:10DDF000C3F3432399420BD08242F4D104EBC10315
:10DE000000225A6004F17800BDE81040FFF7D9BE47
:10DE100010BD10B50446FFF793FF40B12046FFF751
:10DE2000A5FF00B2800000F5807080B210BD4FF4F5
:10DE3000BE70FBE7F0B5034600F580740020054690
:10DE40000127844695420AD1D3F87C2132B10022C1
:10DE5000C3F87C21D3F87C3140F00040F0BD25F0C0
:10DE6000404607FA06F6314209D0D4F800E0BEF188
:10DE7000000F04D0C4F800C0D4F800E030430135EE
:10DE80000434DFE738B504460D46FFF759FFB0B15B
:10DE90002046FFF760FF90B92046FFF767FF226832
:10DEA00001238340C2F80833236800B203EB8003E8
:10DEB000D3F8102522F00302C3F8102538BD2846F8
:10DEC0000021BDE83840FFF72CBF2DE9F04317468D
:10DED00085B004460846F9F7F9FCD7F800800E46ED
:10DEE0000546B8F1000F1FD02046FFF734FF18B1E8
:10DEF0002046FFF725FF30BB0023CDE900338DF826
:10DF00000E308DF80F300DF10F0243460DF10E016A
:10DF10003046FFF7BDFE2AB204EB4202938A23F09B
:10DF2000020343F0010393827B68002B34D0314617
:10DF3000204693F80080D3F80490FFF70CFF28B137
:10DF4000B9F1000F1FD06FF0150028E028B204EBE4
:10DF50004000838A23F4604323F020038382B9F1D5
:10DF6000000F10D0B8F1030FEDD87B6821685B6813
:10DF700093F800C001EB8C01B8F1000F12D1C1F889
:10DF80001085C1F810852AB204EB4202938A23F06F
:10DF90001C0343EA88039382BB684BBB002005B097
:10DFA000BDE8F083D1F8102522F00302C1F8102556
:10DFB000226802EB8C03D3F8102522F44F3222F4AE
:10DFC0004072C3F810253202D3F8101502F47C52C7
:10DFD00042EA08420A43C3F8102504EB4C03A3F8B5
:10DFE0007C60838A43EA4C3343F020038382CAE790
:10DFF000D3E9007831462046FFF7E1FE002FCDD06F
:10E0000063689F4206D004F17800FFF7BCFD00284A
:10E0100004DAC4E7A3689845F5D1002004EBC003F7
:10E02000C3E901782DB204EB4505C0B2AB8A43EADF
:10E03000402343F48073AB82B0E72DE9F0430546FB
:10E0400085B0084617461E46F9F740FC0C46804648
:10E0500037B32846FFF77FFE18B92846FFF770FE52
:10E0600028BB0FFA88F905EB4909B9F8143013F009
:10E070001C0F02D07B78012B19D001238DF80F30B3
:10E080000023CDE900737A1CBB1C0DF10F01204663
:10E09000FFF7FEFDB9F8143043F00303A9F814307C
:10E0A000002E41D021462846FFF755FE20B96FF0DB
:10E0B000150005B0BDE8F08337782B6803EB8703C4
:10E0C0000022C3F81025C3F810250FFA88F205EBDB
:10E0D00042024FEA870C938A23F4604323F0200323
:10E0E0009382707800B32968B67861440004D1F84F
:10E0F000103523F4991323F4F853C1F81035230293
:10E1000000F4403003F47C5303433005D1F810553C
:10E1100000F4801003432B43C1F81035938A43EA7F
:10E12000473343F0200393820020C2E7C0E9031283
:10E13000704770B504461546FFF702FE48B1084621
:10E14000F9F7C4FB04EB40040020A38A5B0B2B709F
:10E1500070BD6FF01500FBE738B590F88C400546B0
:10E160009CB960222146143000F01FFF2868C0F8D7
:10E170007C41D0F87C3140F30730F6F7CFFA012329
:10E1800085F88C30AB67204638BD6FF07700FBE731
:10E1900090F88C00003818BF01207047F9F7D2BB07
:10E1A0002DE9F34104461746FFF7CAFD0D462668E0
:10E1B00000B32046FFF7CFFD8046D8B92046FFF7D1
:10E1C000D5FD05B2AD0005F5807246F802802168E4
:10E1D000B2582944D1F8102542F00102C1F81025A7
:10E1E0002FB12168012202FA00F3C1F8043302B012
:10E1F000BDE8F081D6F80433002BA4BF4FF00043F4
:10E20000C6F804332846F9F761FB04EB4004A38AFF
:10E21000C3F38203042B12D0052B12D001A8019561
:10E22000F9F744FB019BD0F81015D94001F001012A
:10E230000231284602B0BDE8F041FFF772BD03216C
:10E24000F7E70221F5E7FFF71DBEFFF7E2BD4FF04C
:10E2500080531A695869504370474FF080531869CA
:10E2600070474FF0805358697047A1F5807310B51F
:10E270009B08012404FA03F318400CD001F18041FB
:10E2800001F5E041086830B10020086009681168B4
:10E2900019431160204610BD08B500210120F9F78F
:10E2A0004BFD0028F9D008BD70B5A2F58074A40814
:10E2B000012606FA04F4054614EA010008D0A8581D
:10E2C00030B10021A950AA581A6822431A6030467A
:10E2D00070BD2DE9F341002304460D46019390469D
:10E2E00001AB4FF4A672FFF7DFFF4FF482722946AD
:10E2F0002046FFF7D9FF4FF48C7207462946204687
:10E30000FFF7D2FF064630B1B8F1000F1DD017B1AC
:10E31000D4F83C353E4601AB4FF48872294620467E
:10E32000FFF7C2FF30B1B8F1000F03D016B90FB13B
:10E33000D4F83C3501AB4FF4907229462046FFF7E4
:10E34000B3FF019802B0BDE8F0814646E3E707B5A8
:10E35000019001A8FAF756F9019A01239340C0F8F9
:10E36000083503B05DF804FB07B5019001A8FAF782
:10E3700049F9019A01239340C0F80C3503B05DF8C8
:10E3800004FB38B504461D4694F820309BB979B19A
:10E390004869FAF787F988B1C4E901252046FAF7F8
:10E3A000D9F90020012384F8210084F8203038BDF9
:10E3B000C4E90125F5E76FF07700F8E76FF0150085
:10E3C000F5E738B5057B044665B9426041B18B6815
:10E3D0008360FAF721FCB0FA80F35B09237338BD40
:10E3E0000846F8E76FF07700F9E7036801221A6042
:10E3F000022303737047026801231361037370479C
:10E4000010B50368D3F810250C0FC2F120030901E1
:10E41000A2F12000D14004FA03F3194324FA00F0DA
:10E42000084310BD70B54FF4803405688C4073B15B
:10E430008B0003F5A0730026EE50EB580368C3F879
:10E440000443036801F5A87143F8212070BDC5F8A5
:10E450000843F6E7F0B4076840F20116D7F8005217
:10E460008E4025EA0605C7F800520468D4F8005229
:10E470002B43C4F800329DF81030F0BCFFF7D2BF38
:10E48000F8B50368D3F8045304460126002705B9FC
:10E49000F8BD95FAA5F3B3FA83F3980006FA03F3EF
:10E4A00000F5807025EA030523681A58002AEED08B
:10E4B0001F501B586368002BE9D0A1689847E6E716
:10E4C0000369C26893429CBF81685B18013B981A3C
:10E4D00070472DE9F041D0E902840546A8EB040617
:10E4E0004068964220440F46144404D900F035FD9C
:10E4F000EC60BDE8F0813246A4EB080400F02DFD8D
:10E5000068682246B919F1E72DE9F843C56806465F
:10E51000894617464FF000083369B46870689D4219
:10E5200028BF1B19641BBC4203F1FF3328BF3C46C4
:10E530005B1B9C4228BF1C4649462844224600F0EB
:10E540000CFDB3682544AB4208BF00253F1BA04427
:10E55000A144F560E0D14046BDE8F883F8B5044633
:10E560000E46174600F011F83A4605463146204659
:10E57000FAF7C2FB0446284600F00FF82046F8BD23
:10E5800008B5FAF7CBFC002008BDEFF3118020237B
:10E5900083F31288BFF36F8F704780F31188BFF346
:10E5A0006F8F704708B1F6F79DBB704710B5436990
:10E5B00004463BB90020E268537843F001035370EE
:10E5C000404210BD98470028F4D00028B8BF404210
:10E5D000E368FF28A8BFFF201870ECE740B1C368CC
:10E5E000587810F001001EBF1878B0FA80F040098A
:10E5F0007047EFF31183202383F31288BFF36F8FEB
:10E60000FEE74169826842EA010313F003030FD178
:10E61000C3600369013B03FB0122002B01DA0020E8
:10E620007047C16811604169C260013B521AF4E74A
:10E630006FF01500704710B5C0E904320023816007
:10E6400083610446FFF7DDFF0028A8BFC4E900444A
:10E6500010BD2DE9F04105460F46EFF31188202348
:10E6600083F31288BFF36F8FC668FEB90468A042B7
:10E670001CD0DCB1D4E9003213605A60637BA66021
:10E6800023F002036373C4E9006604F1180000F08C
:10E69000FCF92046C4F8BC60276100F01CF9414633
:10E6A00005F10800BDE8F041FBF71CBC3E60AB691A
:10E6B000EF60013BAB6188F31188BFF36F8FBDE85A
:10E6C000F08108B52024EFF3118384F31288BFF39F
:10E6D0006F8FFEF727FFF6E790F90E308B4201D0DF
:10E6E000FBF78EBB0020704703460020C3E9020001
:10E6F000C3E9003370473AB18A4205D3C0E9021238
:10E70000C0E90000002070476FF0150070470268F4
:10E7100001238B4022EA0303036022FA01F000F098
:10E720000100704710B5032104460C30FFF7EFFFDE
:10E7300030B104F1100000F0A8F9B0FA80F04009FF
:10E7400010BD20B100221146CC3000F042B9704714
:10E7500070B5C368C3F340069B07044616D48568AA
:10E7600002210C30FFF7D3FF80B1D5F8C4206AB185
:10E7700094421DD122689EB9D5F8C830C5F8C4208E
:10E780009C4201D1C5F8C82000232360E36813F040
:10E790001F001EBF43F00203E36040F0020070BDA3
:10E7A0003260D5F8C820944208BFC5F8C860EBE7CE
:10E7B00016461268DBE773B50446EFF31185202394
:10E7C00083F31288BFF36F8F0023A0F1100603219B
:10E7D00004380193FFF79BFF28B1A369019301A9B6
:10E7E0003046FAF7CBFF85F31188BFF36F8F02B085
:10E7F00070BD38B5302204460D46002100F0D5FB2F
:10E800004FF480736560E36038BD38B50446EFF3BC
:10E810001185202383F31288BFF36F8FFFF782FFE8
:10E820002046FFF795FF85F31188BFF36F8F38BD42
:10E83000EFF30580003818BF01207047843070471F
:10E8400010B500238B4202D11360002010BDC45CC0
:10E85000AA2CF9D10133F5E70A46D0E92901FFF7DF
:10E86000EFBFD0E9003213605A600023C0E90033E3
:10E87000704708B5FFF7F5FF437B23F002034373AE
:10E880000023836008BD38B504460D46FBF7AEF99A
:10E89000637B43F002036373E5B1A5602B689D427F
:10E8A00009D16B68C4E900531C606C6012E06A68AF
:10E8B0009A42F6D01B68002BF3D094F90E2093F9FE
:10E8C0000E108A42F3D09142F1DD5A68C4E9003259
:10E8D00014605C6038BD10B5EFF31184202383F31E
:10E8E0001288BFF36F8FFBF73FF984F31188BFF3F2
:10E8F0006F8F10BD08B5EFF31181202282F31288CB
:10E90000BFF36F8F83680BB1FFF7B3FF81F31188FB
:10E91000BFF36F8F08BD38B5EFF31184202383F365
:10E920001288BFF36F8F90F86C50427B002380F801
:10E930006C302DB121B184F31188BFF36F8F38BDD6
:10E9400012F0280FF7D183680BB1FFF792FF437BDA
:10E9500023F004034373FBF707F9ECE701211838B0
:10E96000FFF7D9BF08B50346EFF31181202282F3E8
:10E970001288BFF36F8F0068834207D008B1FFF79A
:10E9800078FF81F31188BFF36F8F08BD0020F8E78F
:10E9900070B505460E46FBF77DFBB6F1FF3F08BF9D
:10E9A000B5F1FF3F0446284612D04FF47A7147F67E
:10E9B000FF730022C4FB0132D80B40EA4240B0F1A1
:10E9C000004F4FEAD23272F1000228BF6FF00040D0
:10E9D00070BD38B5EFF31185202383F31288BFF3A0
:10E9E0006F8F0468A04213D0A4B1C4F8BC10226198
:10E9F0002046FFF73EFF04F1180000F046F82046DD
:10EA0000FBF7B2F8012085F31188BFF36F8F38BD93
:10EA10000020F8E72046F6E72DE9F04105460E46CE
:10EA20001746EFF31188202383F31288BFF36F8F0B
:10EA30000468A0420FD1002088F31188BFF36F8FC4
:10EA4000BDE8F08139462046B0470028F4D16B6814
:10EA5000A342F0D02468002CF4D1ECE708B50246BC
:10EA6000FBF716FD70B1D0E904319B1A61EBE2723D
:10EA7000B3F1004F72F1000104DA002AACBF18466E
:10EA8000002008BD6FF00040FBE738B50246EFF309
:10EA90001185202383F31288BFF36F8F0368CBB1F6
:10EAA000FBF7F6FC04461046FBF704FD00224FF08E
:10EAB00000438442C0E9042306D1FBF7F1FCFFF7D1
:10EAC000CDFF0021F7F750FC002085F31188BFF33C
:10EAD0006F8F38BD6FF01500F7E708B5FBF7F6FD4F
:10EAE00008BDFBF7F3BD0023C0E9081200F11802CE
:10EAF000C0E90622C0E9003303634363704710B5E1
:10EB00000446FFF7C2FFA8B9636A0BB120469847D5
:10EB100004F11800FFF726FF60B1FFF7DCFEEFF30A
:10EB20001180202383F31288BFF36F8FBDE810405C
:10EB3000FBF708BA10BD2DE9F3470446DDE90A9852
:10EB400015460E4659B302F0010AFBF703FB0746D0
:10EB5000EFF31181202383F31288BFF36F8FA8078F
:10EB600044BF0023A360A36803EA0600BAF1000FC4
:10EB70000CD086420CD16A0744BF8343A36081F363
:10EB80001188BFF36F8F02B0BDE8F0870028F2D183
:10EB900059EA080305D181F31188BFF36F8F002074
:10EBA000F1E7C7E919652246CDE9009804F10C00A8
:10EBB000FBF704F90028F2D1786EE4E710B5D0E94C
:10EBC00019424B6812F0010F03EA040301D09C4282
:10EBD00010D17BB14366520744BF8A681A430B6861
:10EBE00048BF8A6003660123086080F86C301830E3
:10EBF000FFF74BFF002010BD0023C0E90000836039
:10EC000070470A46FBF734BE0A460021FBF730BEC8
:10EC10005200FFF790BF704710B400F10C04C0E938
:10EC2000034410BCFDF7CCBA10B501390244904240
:10EC300001D1002005E0037811F8014FA34201D073
:10EC4000181B10BD0130F2E710B50139044632B18E
:10EC500011F8013F00F8013B013A002BF7D10021E8
:10EC600000F0A3F9204610BD10B5024601448A42C7
:10EC7000134603D01C780132002CF8D1181A10BDAD
:10EC80002DE9F047C3F13709074688465FFA89F94D
:10EC900003F01F0516464FF0000A384641462A4643
:10ECA0005346F1F7ADFED4B2092C88BF4C443A4626
:10ECB000434688BFE4B2AA4204F1300473EB0A036E
:10ECC00006F8014B07468846E7D23046BDE8F08794
:10ECD0002DE9F04F87B00618994602AB41EB0104CD
:10ECE000009315463046D2E900232146DDF844B0B2
:10ECF00000F0A9F804AB0093D5E902230746884643
:10ED00003046214600F09FF8DDE90263841951EB9B
:10ED10000306049BD5E900014FF0000228BF012241
:10ED2000D218059B43F10003381848EB0101B842A3
:10ED300071EB0801D5E902C134BF0120002014EBBA
:10ED40000C0C46EB010110EB0C0041F10001A0425C
:10ED500071EB060C34BF4FF0010C4FF0000CCDE905
:10ED60000423A9F1410A1CEB020243F10003CDF890
:10ED700000A000F083F8109BC3E90001129B012B57
:10ED8000DDE9042329D1D5E90201D5E900C5201A1E
:10ED900066EB0101674578EB050534BF01250025C9
:10EDA000401B61F10001844276EB010534BF01256F
:10EDB0000025521BCDF800A063F1000300F05EF8BF
:10EDC000DDE90423CBE90001CDF800A0204631465F
:10EDD00000F054F807B0BDE8F08F17EB070E48EBD2
:10EDE000080C201946EB0601BE457CEB080834BF31
:10EDF00001270027C71941F10008D5E90001864520
:10EE00007CEB010CD5E9021534BF01200020381A33
:10EE100068F1000C401A6CEB050192185B41A742A7
:10EE200078EB060534BF01250025521943F1000394
:10EE3000874278EB010834BF01250025521BA9F158
:10EE400040050095B8E7F0B50F460446A0FB020167
:10EE5000A7FB02524919A3FB044542F10002A7FB9C
:10EE60000373611845F10004D219059E43F10003B4
:10EE7000121943F10003C6E90023F0BDF0B5059C6B
:10EE8000C4F14007C4F1200602FA06F6A4F12005F9
:10EE9000BB4022FA05F53343C4F120062B4301FAA7
:10EEA00006F6A4F12005E04021FA05F53043BA400A
:10EEB0002843E14010431943F0BD20F00042B2F175
:10EEC000FF4F70B50346044610D3002807DAFDF75C
:10EED000CBF820B12046BDE87040FDF7DFB82146F1
:10EEE0002046F1F7CFFA0446204670BD002AFBD039
:10EEF0000028F0DB10F0FF424FEAE05128D0C3F3C6
:10EF0000160343F40003CA07A1F17F0058BF5B005A
:10EF1000002440105B00192526464FF080717218BE
:10EF20009A42DDBF561864189A1A1A46013D4FEAF4
:10EF300042034FEA5101F2D112B1013424F001042D
:10EF4000641004F17C5404EBC054CDE75B00013243
:10EF50001802FBD5013A891AD1E70A44914200F11F
:10EF6000FF3300D1704710B511F8014B03F8014F82
:10EF70009142F9D110BD884210B501EB020402D9CB
:10EF80008442234607D8431EA14208D011F8012B22
:10EF900003F8012FF8E7024401468A4200D110BD70
:10EFA00013F8014D02F8014DF7E70244034693427E
:10EFB00000D1704703F8011BF9E72DE9F04704463B
:10EFC000274618460B46C1F30A51A14641EA0706F7
:10EFD000C3F31304302556EA040E5571A44673D1C9
:10EFE00000218B4211716DDA0123137188424FF0B9
:10EFF00000011CDA08469DF8207002F112050D246C
:10F00000C7F157074FF0300E06F00F03360946EAF6
:10F010000C764FEA2C1C002B40F08480A04201DBD0
:10F0200085F800E0013C05F1FF35EDD173E00C28D7
:10F0300065DCC0F10D039B00012503F1FF3CA3F14A
:10F040002108C3F1210625FA06F605FA08F805FAA3
:10F050000CF548EA060815EB050E48EB080ADEF148
:10F0600000066AEB4A0C1EF1FF3E4AF1FF3A0EEA37
:10F07000070E0AEA040A754578EB0A0A10DBC3F1A9
:10F08000200AB3F1200E04FA0AFA27FA03F343EA3E
:10F090000A035CBF44FA0EFE43EA0E03DB0722D5E7
:10F0A0007F1944EB0804B4F5801FB9461BDB537984
:10F0B000B1F5806F03F10103537126D03E400CEA95
:10F0C000040C98E7002892E759B13125DB0F00289E
:10F0D000A1F2FF31557113710FDB0C28A9DD0D2052
:10F0E00005E00121F2E706EA09090CEA0404B1F59A
:10F0F000806F06D04E46A4467DE70020F7E70D203E
:10F1000079E759EA0404137908D0137943F0080326
:10F1100013714FF480611160BDE8F08743F0040380
:10F120001371F8E7092BD4BF3033DB19A0422B70E1
:10F13000B8BF204676E7D1E9043293421EBF5A1C7D
:10F140000A611870704700000148006870470000AD
:10F1500064210020E018FF7F010000002D4D000019
:10F1600000000000CD4C0000000000000000000086
:10F1700004F2000081E5000000000000F9920000A8
:10F1800000000000E9A800000000000000000000EE
:10F1900020F20000000000003CF200005950000086
:10F1A0000000000067DB00000000000005620000B6
:10F1B00000000000091A000000000000A12C00005F
:10F1C00000000000A94C0000000000006BDB000004
:10F1D000000000000DA90000000000000000000079
:10F1E00058F200000000000074F20000000000006F
:10F1F00090F2000000000000ACF200006139000055
:10F2000000000000260E0100ECFA00008CF4000063
:10F2100038020020A0210020BD4D000000000000A9
:10F22000080F01000CFB000060F400003C0200200D
:10F230000C220020F954000000000000160F01000D
:10F2400020FB000060F400003E0200201822002095
:10F25000F954000000000000E40E0100000000006E
:10F2600048F400003A02002000000000195100009C
:10F2700000000000A211010034FB000084F4000033
:10F28000400200202001002055580000000000002E
:10F2900025130100A0FB0000E4FB00004202002057
:10F2A00000000020C565000000000000D916010024
:10F2B00004FC00000CFC000044020020B00100200F
:10F2C000296B00000000000049DC00007DDB00002D
:10F2D0000000000009D500000000000009D5000072
:10F2E0000000000009D5000020010020A98B0000CB
:10F2F0000000000009D50000900000208FD700001A
:10F3000000000000358400000000000009D5000066
:10F310000000000009D500000000000009D5000031
:10F320000000000009D500000000000009D5000021
:10F330000000000009D500000000000009D5000011
:10F340000000000009D500000000000009D5000001
:10F3500000000000956200000000000009D50000D8
:10F360000000000009D500000000000009D50000E1
:10F370000000000009D500000000000009D50000D1
:10F380000000000009D500000000000009D50000C1
:10F390000000000009D500000000000009D50000B1
:10F3A000B401002081E400000000000009D5000045
:10F3B0000000000009D500000000000009D5000091
:10F3C0000000000009D500000000000009D5000081
:10F3D0000000000009D500000000000009D5000071
:10F3E0000000000009D500000000000009D5000061
:10F3F0000000000009D500000000000009D5000051
:10F400000000000009D500000000000009D5000040
:10F410000000000009D500000000000009D5000030
:10F420000000000009D500000000000009D5000020
:10F430000000000009D500000000000009D5000010
:10F440000000000009D50000B7D60000B55200004A
:10F45000C5510000C950000083D60000B95000001B
:10F4600035550000E5D60000F3D600000BD70000AC
:10F4700017D7000023D70000A95300003DD7000094
:10F4800000000000BD5A000095D80000154E000095
:10F49000F5D5000055D600000000000093D500000F
:10F4A00000000000000000001EFF0000030000003C
:10F4B000410E0100030000003213010003000000B0
:10F4C000E216010004000000ED0701000300000047
:10F4D000FE0E0100030000006BFF000003000000AF
:10F4E0006FFF00000300000059FE00000400000050
:10F4F0008F0D0100030000006118010003000000EF
:10F500005B06010003000000550601000300000037
:10F51000220E010003000000AF11010003000000F3
:10F5200058FF000003000000C4F900008C190020FF
:10F53000C4000100010000004D040100580000203B
:10F54000B4190020000000000200000060FA000072
:10F55000B019002000000000B40200205B0601008A
:10F56000081500200066002074FA0000F0F9000081
:10F57000000000000000000000000000000000008B
:10F58000000000000101010008010100000000006E
:10F590008928000000000000FC02010006030100B1
:10F5A000000000000D2900000300000025030100F9
:10F5B0002C03010004FA0000B9CB00000000000099
:10F5C000370101003D01010000000000A5280000F6
:10F5D00002000000580301005F03010010F6000064
:10F5E0000000000000000000C3010100CA0101008A
:10F5F00000000000F90C00000101000021020100E0
:10F600002902010000000000F528000000000000B1
:10F6100000000000000000000000000000000000EA
:10F620000000000031060100360601000000000065
:10F630003D2C0000020000004E04010053040100B4
:10F6400000000000B129000000000000D00501000A
:10F65000D705010000000000D92B000002000000C7
:10F66000F4040100FB04010000000000A52A0000D2
:10F67000000000006D05010075050100000000009C
:10F68000752B0000020000000000000000000000D8
:0CF690000000000000000000000000006E
:10F6A0000338FDD870470000010000000000000092
:10F6B000050000000000000019000000000000002C
:10F6C0007D0000000000000071020000000000004A
:10F6D000350C000000000000093D000000000000A3
:10F6E0002D31010000000000E1F5050000000000E0
:10F6F00065CD1D0000000000F9029500000000002B
:10F70000DD0EE90200000000514A8D0E00000000ED
:10F710009573C24800000000E941CC6B0100000075
:10F720008D49FD1A07000000C16FF286230000001A
:10F73000C52EBCA2B1000000D9E9AC2D78030000B1
:10F740003D9160E45811000031D6E275BC560000CE
:10F75000F52E6E4DAEB10100C9EA26836778080028
:10F76000ED95C28F055A2A00A1EDCCCE1BC2D30065
:10F7700025A4000A8BCA220400000000000000003B
:10F780000000000000000010000000000000000069
:10F79000B9340332B7F4AD1410DB1AB30892540E27
:10F7A0000D307D951447BA1A66088F4D26ADC66D8B
:10F7B000F598BF85E2B74511CA96853D92BD1DEB10
:10F7C000FCA11860DCEF52163C92AE220BB8C1B41B
:10F7D000839D2D5B0562DA1C304C7E8F4E8BB25BB5
:10F7E00016F4529F8B56A512FBD4827643ED8AF015
:10F7F0008FE7F9311565191850F19BD94A13EEB40A
:10F80000284CF0A686C1251F035FC270CB9E491607
:10F81000E642889C44EB2014B0650836AD6EA585A1
:10F8200085F0CA14E2FD031A0B899979D5B13D0917
:10F83000D8DA973A35EBCF10AC363F5E73BB38CF92
:10F840003E6752FA44AFBA15010000000000000004
:10F850000000000000000020345065C05FC9A652BF
:10F86000BB13CBAEC440C21806C8DF7100D5A87C5C
:10F87000F56F0FDA58FC27136E4756357D24206547
:10F8800002C7E768E48CA41DE9E60268D7CD3961B8
:10F890007977FCC2405BEF16798CDE43FFA751F904
:10F8A00091F3B278F5BDBE11E857E9D6E8BEE87B22
:10F8B000B054AC8F848D751BEA23A499E9F9D38BDE
:10F8C000B7A3714061DA3E15CEE33ECB73F9480829
:10F8D0008C97B427D51B7010A2BFEFB9EB853215FA
:10F8E0004DB44DB49BBB6F1996B6076CF8E7EEADFF
:10F8F00036D9B4F59135AE13222218AF4E6A684D51
:10F9000091DAAA3D4F40741E9FBD9EE006A1C098AB
:10F9100057C2A7FDA40E90170E7D497173E3208F87
:10F92000B220D87605143B12853D7434811343B060
:10F93000AD297A5F27F4351C0000C07F0000C07F2E
:10F940000000C07F0000C07F0000C07F0000C07FBB
:10F950000000C07F0000C07F0000C07F0000C07FAB
:10F960000000C07F0000C07F0000C07F0000C07F9B
:10F970000000C07F0000C07FC80400200004000019
:10F980002BCA0000CDC90000020000004FCB0000D0
:10F990000000000000000000000000000000000067
:10F9A0000000000000000000000000000000000057
:10F9B0000000000095000100990001009D00010079
:10F9C000A10001008D26000081260000B126000064
:10F9D000452600000000000039260000000000005D
:10F9E0000D270000941900206C2C0020010000005D
:10F9F000D4000100DB00010070F5000000000000F1
:10FA00000000000008FA000034030100390301007F
:10FA100000000000B9CB0000000000004603010018
:10FA20004B03010000000000C1CB000000000000FB
:10FA300000000000000000000000000000000000C6
:10FA4000000000003A000000C52C00000FCC0000B0
:10FA5000E5CB00000D2D0000D5CB0000000000001C
:10FA6000853D00201E000000C3D2000038F50000D4
:10FA700050000020E1070100AC0701000000000079
:10FA8000A53400000100000000000000DDD40000EB
:10FA900078000020700000206800002000000000B6
:10FAA00060000020953A000089390000DD3900002F
:10FAB0003D3A0000000000200000000000000B069E
:10FAC00002000000C8FA000000000000130E010050
:10FAD00026000202000000201B0E010022000B1174
:10FAE000794D0000494D000000000000C94E0000A3
:10FAF000494E0000350E01007FD600007BD6000085
:10FB00003B0E01000400000000FF0000FFFF0000AA
:10FB100000030050900000200000000001000000E1
:10FB2000FFFFFFFF000000509000002000000000D9
:10FB30000000000000127A00000000000000000039
:10FB400000000000FFFFFFFF0000FF0000000000BA
:10FB500000000000000000000000000101000000A3
:10FB6000B9D70000FFFF000078FB00000000000094
:10FB7000FFFFFFFF000000000040004084FB00008A
:10FB8000010000008CFB00000300000016000004D0
:10FB900020000005180200063CF2000017000100DA
:10FBA00074F20000C0E1E400000100003CF200003B
:10FBB000170001000000000001000000000000002C
:10FBC0000080000000010000000080000000040030
:10FBD0000008000000080001000003006400011F8D
:10FBE0002800000081640000F96900004D680000F1
:10FBF000096400000000000077DA00000100000046
:10FC000000FF00003CF200001F000000F172000045
:10FC1000716D00000800000003000000EA170100F9
:10FC2000F81701000C1801001B180100271801002B
:10FC30005CF1000064F10000ACF10000B4F10000E0
:10FC4000FCF1000004F2000066180100010005004C
:10FC500090180100020007006C1801000400080061
:10FC600075180100080004007A180100100009004E
:10FC700084180100200008008D18010040000A00CF
:10FC800098180100800006009F1801000001000084
:10FC900000000000FF8FFFFFFF8FFFFFFE8FFFFFC1
:10FCA000FE8FFFFFFD8FFFFFFC8FFFFFFC8FFFFF2D
:10FCB0006D757465785F667265652063616C6C65EF
:10FCC000642077697468204E554C4C2070617261D5
:10FCD0006D6574657200000043616E277420696E63
:10FCE000697469616C697A65206D757465782C201A
:10FCF000776173204E554C4C0D0A0000436F756CB4
:10FD000064206E6F74206C6F636B20706F77657208
:10FD10002073617665206D757465780000000000C1
:10FD20000000000000000000000000000000004093
:10FD3000955969595555545515555556040515414C
:10FD40001054554045515544404550445055554533
:10FD50000040004040044496655556554540455482
:10FD600051411540559155555555405105010000DB
:10FD70005445545445550504001004101404400023
:10FD80000000014055551541540400004400010095
:10FD90000000004041000044504445505400555577
:10FDA000545565510040004001000001000501006C
:10FDB0001154515154555505000000000000000039
:10FDC0000000000025733A204275696C6420746954
:10FDD0006D653A204D617920203120323032362055
:10FDE00031383A31323A34360025733A2044657658
:10FDF000696365206E6F7420726561647900257394
:10FE00003A20416C6976650025733A2043616C6C39
:10FE100020606374725F78375F7365745F706F77AB
:10FE2000657260206661696C65643A20256400250E
:10FE3000733A2043616C6C20606374725F78375F43
:10FE40006D65617375726560206661696C65643AA1
:10FE5000202564006D61696E006D61696E00257317
:10FE60003A2028756E7369676E656429206368613E
:10FE700072202A207573656420666F7220252570B4
:10FE800020617267756D656E742E2049742773202A
:10FE90007265636F6D6D656E64656420746F206359
:10FEA00061737420697420746F20766F6964202AEE
:10FEB0002062656361757365206974206D617920C6
:10FEC0006361757365206D69736265686176696FDA
:10FED0007220696E206365727461696E20636F6E53
:10FEE00066696775726174696F6E732E20537472E0
:10FEF000696E673A2225732220617267756D656E9F
:10FF0000743A25640063627072696E74665F706132
:10FF1000636B6167655F636F6E76657274006362C1
:10FF20007072696E74665F7061636B6167650046CD
:10FF300061696C656420746F207265626F6F743ADA
:10FF4000207370696E6E696E6720656E646C657390
:10FF5000736C792E2E2E0A007379735F6765746F48
:10FF60007074006C6F6767696E67006C6F67006C18
:10FF70006F675F6D676D740025733A204D6573730D
:10FF8000616765202822257322292064726F7070B2
:10FF900065642062656361757365206974206578A6
:10FFA00063656564732073697A65206C696D697433
:10FFB0006174696F6E20282575290025733A204DDC
:10FFC0006573736167652064726F70706564206229
:10FFD0006563617573652069742065786365656420
:10FFE000732073697A65206C696D69746174696FD7
:10FFF0006E2028257529007A5F6C6F675F6D7367C7
:020000040001F9
:100000005F72756E74696D655F7663726561746544
:10001000007A5F696D706C5F7A5F6C6F675F6D739C
:10002000675F7374617469635F63726561746500AF
:100030001B5B306D005B2530386C755D20005B25E7
:100040003032753A253032753A253032752E2530EA
:1000500033752C253033755D200025732F003C252A
:10006000733E200025733A2000253032782000208E
:100070002020007C00256300206D65737361676537
:10008000732064726F70706564202D2D2D0D0A0031
:100090002D2D2D20006572720077726E00696E66DC
:1000A00000646267004C6F67676572006D6573730B
:1000B000616765732064726F707065643A202020F8
:1000C000200D0A006C6F675F6261636B656E645F31
:1000D000727474006B65726E656C004B65726E6550
:1000E0006C20636F6D6D616E6473006379636C6522
:1000F000733A202575206877206379636C65730AED
:10010000006379636C6573004B65726E656C206388
:1001100079636C65732E00556E61626C6520746F37
:1001200020706172736520696E7075742028657225
:1001300072202564290A00736C656570006D730078
:10014000557074696D653A20256C6C75206D730A65
:10015000002D70002D2D70726574747900556E73CA
:100160007570706F72746564206F7074696F6E3A29
:100170002025730A00757074696D653A20256C6CD2
:100180007520646179732C20256C6C7520686F75FF
:1001900072732C20256C6C75206D696E7574657397
:1001A0002C20256C6C75207365636F6E64732C2036
:1001B000256C6C75206D696C6C697365636F6E641A
:1001C000730A00757074696D65004B65726E656CBD
:1001D00020757074696D652E2043616E2062652004
:1001E00063616C6C6564207769746820746865204D
:1001F0002D70206F72202D2D707265747479206FB0
:100200007074696F6E7300342E332E3939005A655D
:10021000706879722076657273696F6E2025730A33
:100220000076657273696F6E004B65726E656C2047
:1002300076657273696F6E2E005468697320636F00
:100240006D6D616E642069732064657072656361B1
:10025000746564206173206974206973206120646F
:1002600075706C69636174652E2055736520276C09
:100270006F6720656E61626C652720636F6D6D61CD
:100280006E642066726F6D206C6F6767696E6720A1
:10029000636F6D6D616E6473207365742E0A005513
:1002A0006E61626C6520746F207061727365206C82
:1002B0006F6720736576657269747920286572723C
:1002C000202564290A00496E76616C6964206C6F90
:1002D00067206C6576656C3A2025640A00556E616E
:1002E000626C6520746F2066696E64206C6F672095
:1002F000736F757263653A2025730A006C6F675FD0
:100300006C6576656C003C6D6F64756C65206E6124
:100310006D653E203C73657665726974792028307E
:100320002D34293E007265626F6F74005265626FF2
:100330006F742E00636F6C6400436F6C6420726591
:10034000626F6F742E007761726D005761726D205D
:100350007265626F6F742E00746872656164004B21
:1003600065726E656C20746872656164732E0053EB
:1003700063686564756C65723A2025752073696ED3
:100380006365206C6173742063616C6C0A0054684F
:1003900072656164733A0A004E410025732570202E
:1003A000252D3130730A00096F7074696F6E733ACE
:1003B00020307825782C207072696F726974793AD0
:1003C0002025642074696D656F75743A20256C6C06
:1003D000640A000973746174653A2025732C2065E2
:1003E0006E7472793A2025700A00556E61626C65F0
:1003F00020746F2064657465726D696E6520756E1A
:100400007573656420737461636B2073697A65200A
:10041000282564290A0A0009737461636B207369D3
:100420007A6520257A752C20756E75736564202594
:100430007A752C20757361676520257A75202F20C9
:10044000257A7520282575202525290A0A006C693A
:100450007374004C697374206B65726E656C2074E4
:100460006872656164732E00257020495251202501
:10047000303264202573287265616C2073697A6557
:100480002025347A75293A09756E757365642025BF
:10049000347A750975736167652025347A75202F64
:1004A0002025347A75202825327A75202525290AB9
:1004B00000257020252D33327320287265616C2051
:1004C00073697A652025347A75293A09756E7573D2
:1004D00065642025347A7509757361676520253454
:1004E0007A75202F2025347A75202825327520250D
:1004F00025290A00737461636B73004C697374205F
:100500007468726561647320737461636B207573C2
:100510006167652E00546872656164204944202536
:1005200070206973206E6F742076616C69640A00B4
:100530004572726F723A5368656C6C2074687265AC
:1005400061642063616E6E6F7420626520737573E1
:1005500070656E6465640A00546872656164202584
:10056000702073757370656E6465640A00737573CB
:1005700070656E64006B65726E656C207468726580
:1005800061642073757370656E64203C7468726575
:1005900061645F69643E004572726F723A536865C8
:1005A0006C6C207468726561642063616E6E6F7438
:1005B00020626520726573756D65640A0054687207
:1005C00065616420257020726573756D65640A002D
:1005D000726573756D65006B65726E656C2074680D
:1005E0007265616420726573756D65203C74687214
:1005F0006561645F69643E004572726F723A536868
:10060000656C6C207468726561642063616E6E6FE6
:1006100074206265206B696C6C65640A000A205462
:100620006872656164202570206B696C6C65640A72
:10063000006B696C6C006B65726E656C207468721F
:10064000656164206B696C6C203C746872656164E0
:100650005F69643E007368656C6C2E7368656C6CD2
:100660005F72747400537562636F6D6D616E647355
:100670003A0A005741524E494E473A204120707283
:10068000696E74207265717565737420776173206B
:100690006465746563746564206F6E206E6F74208A
:1006A000616374697665207368656C6C2062616350
:1006B0006B656E642E0A006E6F74207465726D69CE
:1006C0006E617465643A2025630A00506C6561733D
:1006D0006520737065636966792061207375626354
:1006E0006F6D6D616E642E0A00257325730A003AE2
:1006F00020636F6D6D616E64206E6F7420666F7520
:100700006E6400546F6F206D616E79206172677541
:100710006D656E747320696E2074686520636F6DFB
:100720006D616E642E0A0025733A2077726F6E67D2
:1007300020706172616D6574657220636F756E748F
:100740000A00596F752063616E2074727920746F8E
:100750002063616C6C20636F6D6D616E64732077D4
:10076000697468203C2D683E206F72203C2D2D68F6
:10077000656C703E20706172616D65746572206693
:100780006F72206D6F726520696E666F726D617435
:10079000696F6E2E0A000A417661696C61626C6550
:1007A00020636F6D6D616E64733A0A005072696EFA
:1007B0007473207468652068656C70206D65737350
:1007C0006167652E0055736167653A2025732000C7
:1007D0002573252D2A730025732573002D68002DA0
:1007E0002D68656C7000202D2000202000666C6153
:1007F0007368002A2A2A20426F6F74696E67206E20
:10080000524620436F6E6E6563742053444B2076CE
:10081000332E332E302D31366566363865613566B8
:100820003565202A2A2A0A002A2A2A205573696E49
:1008300067205A6570687972204F532076342E33C2
:100840002E39392D65633439396563663662306116
:10085000202A2A2A0A006D757465785F696E6974AA
:100860002063616C6C65642077697468204E554C18
:100870004C20706172616D6574657200436F756CB8
:1008800064206E6F7420616C6C6F63617465206DA1
:1008900075746578206265666F726520696E69742B
:1008A00069616C697A696E670025733A2072302F2E
:1008B00061313A2020307825303878202072312F6D
:1008C00061323A2020307825303878202072322F5B
:1008D00061333A20203078253038780025733A206B
:1008E00072332F61343A20203078253038782072E6
:1008F00031322F69703A20203078253038782072D4
:1009000031342F6C723A2020307825303878002529
:10091000733A2020787073723A202030782530386E
:10092000780025733A204661756C74696E6720699A
:100930006E737472756374696F6E2061646472653E
:10094000737320287231352F7063293A203078254F
:100950003038780025733A20556E68616E646C6596
:1009600064204952516E3A202564006573665F64C5
:10097000756D70007A5F61726D5F666174616C5F46
:100980006572726F720025733A202A2A2A2A2A2059
:10099000425553204641554C54202A2A2A2A2A00DF
:1009A00025733A202020537461636B696E6720655C
:1009B00072726F720025733A202020556E73746135
:1009C000636B696E67206572726F720025733A20DF
:1009D00020205072656369736520646174612062D0
:1009E0007573206572726F720025733A2020204261
:1009F00046415220416464726573733A2030782511
:100A0000780025733A202020496D70726563697300
:100A100065206461746120627573206572726F7203
:100A20000025733A202020496E73747275637469CF
:100A30006F6E20627573206572726F720025733A53
:100A4000202020466C6F6174696E672D706F696E2F
:100A500074206C617A79207374617465207072659A
:100A6000736572766174696F6E206572726F720061
:100A700025733A202A2A2A2A2A20555341474520FD
:100A80004641554C54202A2A2A2A2A0025733A2006
:100A900020204469766973696F6E206279207A65D7
:100AA000726F0025733A202020556E616C69676E65
:100AB0006564206D656D6F72792061636365737322
:100AC0000025733A2020204E6F20636F70726F6391
:100AD0006573736F7220696E737472756374696F76
:100AE0006E730025733A202020496C6C6567616C39
:100AF000206C6F6164206F66204558435F524554F7
:100B000055524E20696E746F2050430025733A2071
:100B10002020496C6C6567616C20757365206F6679
:100B20002074686520455053520025733A202020D8
:100B3000417474656D707420746F20657865637599
:100B4000746520756E646566696E656420696E7390
:100B50007472756374696F6E0025733A202A2A2AAD
:100B60002A2A204D5055204641554C54202A2A2AE5
:100B70002A2A0025733A202020537461636B696E22
:100B800067206572726F722028636F6E7465787467
:100B90002061726561206D69676874206265206EEE
:100BA0006F742076616C6964290025733A202020D7
:100BB00044617461204163636573732056696F6C8F
:100BC0006174696F6E0025733A2020204D4D4641B7
:100BD0005220416464726573733A2030782578003E
:100BE00025733A202020496E737472756374696F9F
:100BF0006E204163636573732056696F6C6174691D
:100C00006F6E005265736572766564204578636522
:100C10007074696F6E20280053707572696F7573F8
:100C200020696E7465727275707420284952512063
:100C30000025733A20535053454C20696E20746848
:100C400072656164206D6F646520646F6573206EEA
:100C50006F7420696E64696361746520505350003D
:100C600025733A202A2A2A2A2A204841524420461B
:100C700041554C54202A2A2A2A2A0025733A20203A
:100C800020427573206661756C74206F6E207665E6
:100C900063746F72207461626C65207265616400B8
:100CA00025733A2020204465627567206576656E5D
:100CB000740025733A2020204661756C742065739A
:100CC00063616C6174696F6E20287365652062656D
:100CD0006C6F77290025733A20415243485F45588D
:100CE00043455054207769746820726561736F6E54
:100CF0002025780A0025733A202A2A2A2A2A204405
:100D000065627567206D6F6E69746F7220657863B8
:100D1000657074696F6E202A2A2A2A2A0025733A80
:100D2000202A2A2A2A2A20257320256429202A2AD3
:100D30002A2A2A0072657365727665645F65786336
:100D4000657074696F6E0064656275675F6D6F6E64
:100D500069746F720075736167655F6661756C7445
:100D6000006275735F6661756C74006D656D5F6DB3
:100D7000616E6167655F6661756C7400686172645D
:100D80005F6661756C74006765745F657366006D9E
:100D900070750025733A204661696C656420746F34
:100DA00020616C6C6F63617465206E6577204D50B7
:100DB0005520726567696F6E2025750A0025733AA4
:100DC00020506172746974696F6E2025753A2073C2
:100DD000616E69747920636865636B206661696C14
:100DE00065642E00726567696F6E5F616C6C6F631E
:100DF0006174655F616E645F696E6974006D7075C2
:100E00005F636F6E6669677572655F726567696F4C
:100E10006E7300464C4153485F30005352414D5F62
:100E20003000736F6300636C6F636B40343030303D
:100E300030303030006866636C6B006C66636C6BDE
:100E400000636C6F636B5F636F6E74726F6C002511
:100E5000733A20696E76616C6964206164647265BE
:100E600073733A2030782530386C783A257A7500DB
:100E700025733A20756E616C69676E6564206164E4
:100E800064726573733A2030782530386C783A256F
:100E90007A750025733A206E6F7420776F72642D17
:100EA000616C69676E65643A2030782530386C78FB
:100EB0003A257A7500666C6173685F6E72665F7260
:100EC00065616400666C6173685F6E72665F7772FD
:100ED00069746500666C6173685F6E72665F6572E7
:100EE00061736500666C6173682D636F6E74726FF9
:100EF0006C6C657240343030316530303000666C77
:100F00006173685F6E7266006770696F403530307C
:100F10003030333030006770696F403530303030FA
:100F200030303000000102030405060725733A2023
:100F30004661696C656420746F20616C6C6F6361DD
:100F40007465204750494F5445206368616E6E6553
:100F50006C20666F722057414B450025733A20463E
:100F600061696C656420746F20636F6E6669677574
:100F700072652057414B452070696E0025733A20F9
:100F80004353204750494F20706F727420257320BF
:100F900070696E202564206973206E6F74207265FD
:100FA0006164790025733A20557064617465206529
:100FB0007863656564732063757272656E74206210
:100FC00075666665720025733A2048616C662D640B
:100FD00075706C6578206E6F7420737570706F72A9
:100FE0007465640025733A20536C617665206D6FDB
:100FF0006465206973206E6F7420737570706F72F2
:10100000746564206F6E2025730025733A204C6F41
:101010006F706261636B206D6F6465206973206E11
:101020006F7420737570706F727465640025733A05
:1010300020576F72642073697A6573206F746865D6
:1010400072207468616E2038206269747320617246
:1010500065206E6F7420737570706F7274656400B4
:1010600025733A204672657175656E6369657320F4
:101070006C6F776572207468616E20313235206B39
:10108000487A20617265206E6F7420737570706F7E
:10109000727465640025733A204661696C6564204A
:1010A000746F20696E697469616C697A65206E720B
:1010B0006678206472697665723A2025640025732B
:1010C0003A2057616974696E6720666F72205741D4
:1010D0004B452061636B6E6F776C6564676D656E01
:1010E000742074696D6564206F75740025733A20EF
:1010F00054696D656F75742077616974696E6720D6
:10110000666F72207472616E7366657220636F6DB4
:10111000706C657465007370695F636F6E74657879
:10112000745F63735F636F6E6669677572655F6135
:101130006C6C007370695F6E7266785F696E69745B
:10114000007370695F636F6E746578745F7761694F
:10115000745F666F725F636F6D706C6574696F6EDC
:10116000007370695F636F6E746578745F75706427
:101170006174655F7278007370695F636F6E746528
:1011800078745F7570646174655F747800636F6E06
:10119000666967757265007472616E7363656976FE
:1011A0006500737069403430303034303030007353
:1011B00070695F6E7266785F7370696D0025733A4F
:1011C00020535049207472616E73616374696F6E4D
:1011D000206661696C6564207769746820636F6458
:1011E000653A2025642F25750025733A2053504910
:1011F00020627573202573206E6F742072656164A0
:10120000790025733A2057726F6E67204A4544452E
:10121000432049443A202530325820253032582086
:10122000253032582C2065787065637465643A20E7
:1012300025303258202530325820253032580025AC
:10124000733A20556E737570706F727465642065A3
:101250007261736520726571756573743A20736984
:101260007A6520257A75206174203078256C7800A5
:101270007370695F666C6173685F617434355F7247
:1012800065616400706572666F726D5F7772697414
:101290006500706572666F726D5F65726173655F20
:1012A0006F7000706572666F726D5F636869705F02
:1012B0006572617365007370695F666C6173685F06
:1012C000617434355F657261736500726561645F76
:1012D0007374617475735F726567697374657200A6
:1012E000636F6E6669677572655F706167655F736E
:1012F000697A6500636865636B5F6A656465635FEF
:10130000696400706F7765725F646F776E5F6F708E
:10131000007370695F666C6173685F617434355F18
:10132000696E6974006174343564623634316540C5
:1013300030006374725F7370695F666C6173685FBD
:10134000617434350025733A2053797374656D20C8
:10135000696E697469616C697A6174696F6E002580
:10136000733A2043616C6C20606E7266785F7469BA
:101370006D65725F696E697460206661696C656431
:101380003A2025640025733A2043616C6C20607319
:10139000657475705F74696D657260206661696CF3
:1013A00065643A2025640025733A2043616C6C2003
:1013B000606E7266785F677070695F636F6E6E5F94
:1013C000616C6C6F6360206661696C65643A2025AE
:1013D000640025733A2043616C6C206073657475FA
:1013E000705F70706960206661696C65643A202581
:1013F000640025733A2043616C6C20606770696FEC
:101400005F70696E5F636F6E6669677572655F6452
:101410007460206661696C65643A202564002573F8
:101420003A2043616C6C20606E7266785F73616114
:1014300064635F696E697460206661696C65643AB3
:101440002025640025733A2043616C6C20606E7225
:1014500066785F73616164635F6368616E6E656C1B
:10146000735F636F6E66696760206661696C65644F
:101470003A2025640025733A2043616C6C20606E2D
:101480007266785F73616164635F616476616E63E5
:1014900065645F6D6F64655F736574602066616924
:1014A0006C65643A2025640025733A2043616C6CB6
:1014B00020606E7266785F73616164635F627566F7
:1014C0006665725F73657460206661696C65643A15
:1014D0002025640025733A2043616C6C20606E7295
:1014E00066785F73616164635F6D6F64655F74727A
:1014F000696767657260206661696C65643A20257A
:10150000640025733A2043616C6C20606B5F7365E7
:101510006D5F74616B6560206661696C65643A201B
:1015200025640025733A2043616C6C20606D656111
:101530007375726560206661696C65643A20256424
:101540000025733A204368616E6E656C2025753AFC
:10155000204156472028726177293A20252B2E31C9
:10156000660025733A204368616E6E656C202575B0
:101570003A20524D532028726177293A20252B2E8C
:1015800031660025733A204368616E6E656C2025D4
:10159000753A20415647202863616C293A20252B53
:1015A0002E31660025733A204368616E6E656C20AB
:1015B00025753A20524D53202863616C293A202525
:1015C0002B2E31660025733A204576656E742060B7
:1015D0004E5246585F53414144435F4556545F4421
:1015E0004F4E45600025733A204576656E74206045
:1015F0004E5246585F53414144435F4556545F4302
:10160000414C494252415445444F4E456000257378
:101610003A204576656E7420604E5246585F5341BD
:101620004144435F4556545F52454144596000254B
:10163000733A204576656E7420604E5246585F536B
:10164000414144435F4556545F46494E49534845DE
:1016500044600025733A2043616C6C2060677069B8
:101660006F5F70696E5F7365745F6474602066613C
:10167000696C65643A202564006374725F78375F33
:101680007365745F706F7765725F00736161646327
:101690005F6576656E745F68616E646C6572006D1F
:1016A000656173757265006374725F78375F6D652D
:1016B00061737572655F0073657475705F707069D2
:1016C0000073657475705F74696D65720063747220
:1016D0005F78375F696E6974006374725F78375F33
:1016E00061006374725F783700000000000201013E
:1016F00000000000020001000000000001010000E5
:1017000000000001010100000000203030303030C6
:101710003030303030303030300001010001010114
:1017200001090000000D010203040506070800017D
:10173000010101010100000000005465726D696E35
:10174000616C0000000000000054545220524547D4
:101750004745530025733A2048616C74696E6720D1
:1017600073797374656D00556E6B6E6F776E20655F
:1017700072726F7200756E6B6E6F776E0025733AC2
:10178000203E3E3E205A4550485952204641544141
:101790004C204552524F522025643A202573206F29
:1017A0006E204350552025640025733A204661750C
:1017B0006C7420647572696E6720696E74657272EC
:1017C0007570742068616E646C696E670A002573B9
:1017D0003A2043757272656E742074687265616434
:1017E0003A2025702028257329004350552065781C
:1017F00063657074696F6E00556E68616E646C65C8
:101800006420696E746572727570740053746163DC
:101810006B206F766572666C6F77004B65726E65D4
:101820006C206F6F7073004B65726E656C20706119
:101830006E6963007A5F666174616C5F6572726F76
:1018400072006B5F7379735F666174616C5F657260
:10185000726F725F68616E646C65720069646C655A
:10186000006F73002B0064756D6D7900736C656596
:1018700070696E6700646561640073757370656E8E
:101880006465640061626F7274696E67007375737A
:1018900070656E64696E6700717565756564007367
:1018A0007973776F726B71006E616E00286E756C64
:1018B0006C29000000000020000000200100000052
:1018C0000100000000000000000000000000000017
:1018D0000000000000000000000000000000000008
:1018E00000000000000000000000000000000000F8
:1018F0000000000000000000000000001DC3000008
:10190000EDC90000000000000100000048FA0000DE
:10191000C8150020000300203A0000001403002036
:101920003A000000D80200203A00000028030020FE
:101930003A0000000000000089D50000000000000F
:1019400000000000006000400000000000000000F7
:101950000000000000000000000000000000000087
:101960000000000000000000000000000000000077
:101970000000000000000000000000000000000067
:101980000000000000000000000000000000000057
:101990000000000000000000000000000000000047
:1019A0000000000000000000000000000000000037
:1019B0000000000000000000000000000000000027
:1019C0000000000000000000000000000000000017
:1019D0000000000000400040000000000000000087
:1019E00000000000000000000000000000000000F7
:1019F00000000000000000000000000000000000E7
:101A00000000000098FB00000100000058010020C9
:101A100058010020000000000100000068010020C3
:101A2000680100200000000001000000000000002C
:101A300000000000000000000000000000000000A6
:101A40000000000000000000000000000000000096
:101A500074F200000000000000000000AE3D002015
:101A6000A63D0020ACF200000400000000000000D1
:101A700000000000000000000090D003FF00000004
:101A800090020000D0010020D001002000000000E2
:101A900071A900001C020020140200200C0200208A
:101AA00000000000040200208DAA0000D9A9000057
:101AB0000DAA000055AA0000C42200203A00003AF6
:101AC000C82200203A00003ACC2200203A00003A16
:101AD000D02200203A00003A2C020020F001002021
:101AE000E8010020E4010020E001002000000000E7
:101AF00000000000000000000000000000000000E6
:101B000000000000000000000000000000000000D5
:101B100000000000000000000000000000000000C5
:101B200000000000000000000000000000000000B5
:101B300000000000000000000000000000000000A5
:101B40000000000000000000000000000000000095
:101B50000000000000000000000000000000000085
:101B60000000000000000000000000000000000075
:101B700000000000000000000000000040AF002056
:101B8000002000000000000000000000D80200203B
:101B9000D802002000000000000000000E0000003D
:101BA000EC020020EC020020000000000000000019
:101BB0000E000000000300200003002000000000D1
:101BC000000000000E000000140300201403002099
:101BD00000000000000000000E00000028030020AC
:101BE0002803002000000000000000000E0000009C
:101BF0003C0300203C030020000000000100000026
:101C00004C0300204C0300200000000001000000F5
:041C100015E015E0E6
:00000001FF
