:1000000040990020E53D00000DD10000D13D0000E9
:10001000D13D0000D13D0000D13D000000000000B6
:10002000000000000000000000000000613F000030
:10003000D13D000000000000FD3E0000D13D000069
:100040002541000025410000254100002541000018
:100050002541000025410000254100002541000008
:1000600025410000254100002541000025410000F8
:1000700025410000254100002541000025410000E8
:1000800025410000254100002541000025410000D8
:1000900025410000254100002541000025410000C8
:1000A00025410000254100002541000025410000B8
:1000B00025410000254100002541000025410000A8
:1000C0002541000025410000254100002541000098
:1000D0002541000025410000254100002541000088
:1000E0002541000025410000254100002541000078
:1000F0002541000025410000254100002541000068
:100100007BB972B90029BEBF00204FF0004106E064
:1001100008BF00281CBF6FF000414FF0FF3000F017
:1001200057B8ADF1080C6DE904CE002909DB002BAE
:100130001ADB00F074F8DDF804E0DDE9022304B016
:100140007047404261EB4101002B1BDB00F067F878
:10015000DDF804E0DDE9022304B0404261EB410137
:10016000524263EB43037047524263EB430300F098
:1001700056F8DDF804E0DDE9022304B0404261EB0B
:1001800041017047524263EB430300F048F8DDF849
:1001900004E0DDE9022304B0524263EB43037047FD
:1001A00053B94AB9002908BF00281CBF4FF0FF31DE
:1001B0004FF0FF3000F00CB8ADF1080C6DE904CE43
:1001C00000F02DF8DDF804E0DDE9022304B070470B
:1001D000704700BF10F8012B11F8013B012A28BF1E
:1001E0009A42F7D0D01A7047034613F8012B002A21
:1001F000FBD1181A01387047430803F05533C01A71
:1002000000F03333800800F03330184400EB101056
:100210004FF0013300F00F305843000E70472DE9C6
:10022000F04786468C460846089E15467446194691
:10023000002B40F0C2808542B2FA82F245D94AB121
:10024000C2F1200300FA02FC2EFA03F3954043EAC0
:100250000C0C94404FEA154EA8B2BCFBFEF8230CE0
:100260000EFB18CC08FB00F943EA0C43994528D94A
:10027000EB1808F1FF3704D2994502D9A8F102071B
:100280002B44A3EB0903A4B2B3FBFEFC0EFB1C330F
:100290000CFB00F044EA0344A04214D92C190CF1E1
:1002A000FF3304D2A04202D9ACF102032C44241A39
:1002B00043EA07401EB1D440002334607360BDE8B8
:1002C000F0874746DDE76346F1E792BB431B012118
:1002D0004FEA154EAFB2B3FBFEFC200C0EFB1C33F5
:1002E0000CFB07F840EA0343984562D9EB180CF180
:1002F000FF3004D2984502D9ACF102002B44A3EBA5
:100300000803A4B2B3FBFEFC0EFB1C330CFB07F787
:1003100044EA0344A7424ED92C190CF1FF3304D20E
:10032000A74202D9ACF102032C44E41B43EA00408B
:10033000C0E7C2F1200320FA03F1954090402EFA65
:1003400003F303434FEA154EAFB2B1FBFEFC0EFBC5
:100350001C10190C0CFB07F841EA0041884504FA0F
:1003600002F422D969180CF1FF3004D2884502D971
:10037000ACF102002944A1EB08019BB2B1FBFEFCE9
:100380000EFB1C110CFB07F743EA01439F420ED9F9
:10039000EB180CF1FF3104D29F4202D9ACF10201FB
:1003A0002B44DB1B41EA004192E76046E3E76146EC
:1003B000F7E76046A3E76346B7E7834206D916B975
:1003C000002108467BE7C6E900E0F9E7B3FA83F7C6
:1003D0008FB9834201D3724508D8BEEB020460EBAB
:1003E000030301209C461EB9002168E73846FAE75E
:1003F000C6E9004CF8E7C7F1200CBB4022FA0CF428
:100400001C432EFA0CF120FA0CF3B84001434FEADA
:1004100014490EFA07F5B3FBF9F81FFA84FE09FB3D
:1004200018300B0C08FB0EFA43EA00439A4502FA17
:1004300007F240D9E31808F1FF3004D29A4502D9F7
:10044000A8F102002344A3EB0A0389B2B3FBF9F835
:1004500009FB183308FB0EFE41EA03418E452CD9F7
:10046000611808F1FF3304D28E4502D9A8F10203C6
:10047000214443EA0040A0FB0298A1EB0E01414554
:10048000CE46434602D306D14D4504D2B9EB020E07
:1004900068EB04030138002EA6D0B5EB0E0261EB29
:1004A000030101FA0CFC22FA07F34CEA0303F940BA
:1004B000C6E9003198E74046C5E74346D9E7000062
:1004C0002DE9F047064688B00F4690460EF014FB23
:1004D0004FF47A73A0FB034503FB0155E40B012F96
:1004E00044EA45444FEAD53507D1294922462B46EF
:1004F00030460CF081FA002012E0D8F8047025484C
:100500003946FFF767FE70B123483946FFF762FEB0
:1005100048B1304621493A460CF08AFA6FF004009F
:1005200008B0BDE8F0872046294617A3D3E9002389
:10053000FFF7E6FD05460C4610461946184A00230B
:10054000FFF7DEFD80460F46104619464EF6602244
:100550000023FFF7D5FD82468946104619464FF421
:100560007A720023FFF7CCFDCDE902A9CDE906237D
:10057000CDE90401CDE900870A492A4623463046E1
:100580000CF03AFAB7E700BF005C26050000000057
:100590007CFC00008DFC000090FC000099FC000039
:1005A00080EE3600B1FC000098B51E48036800AF2D
:1005B00003F00703D9B101292CD07BB16C4688B078
:1005C0006A46194B5361194BC2E90631042342F8BC
:1005D000103F4FF401510BF0DCFBA546002383F3E1
:1005E0001188BFF36F8F0323184602DF10E0022B40
:1005F0000ED96C4688B06A460D4B53610B4B936124
:10060000032342F8103F4FF4C6510BF0C2FBA5463E
:10061000BD4698BD022BFBD96C4688B06A46054B97
:10062000EBE700BFFC0400203DF800007FF900006C
:1006300014F8000027F800002DE9F047654C84B05D
:10064000236803F00703022B00AF0FD96D4688B073
:100650006A46614B5361614B9361032342F8103F3B
:100660004FF4C65120460BF094FBAD465C4E5D49FD
:10067000B36800221B6830469847D8B123685D07ED
:1006800010D06D4688B06A46574B5361534BC2E950
:100690000630042342F8103F4E484FF401510BF04E
:1006A00078FBAD46002383F31188BFF36F8F0323DC
:1006B000184602DFDFF82881DFF83091474DB36834
:1006C00007F10801DB6840469847236800284CD0B2
:1006D00059070FD0EA4688B06A46454BD061C2E957
:1006E0000535042342F8103F4FF4015139480BF00F
:1006F00050FBD546B36807F10C015B68404698474C
:100700002368002842D05A070FD0EA4688B06A46CC
:10071000384BD061C2E90535042342F8103F4FF44D
:1007200001512C480BF035FBD546B368F91D9B6889
:1007300040469847236800283AD05B070FD0EA4626
:1007400088B06A462C4BD061C2E90535042342F8D3
:10075000103F4FF401511F480BF01BFBD546002101
:100760004FF400400EF01FF9A9E703F00703022B36
:10077000C0D9EA4688B0BB686A46D3610423C2E99F
:1007800005954FF4035142F8103FAFE703F007031C
:10079000022BCAD9EA4688B0FB686A461749D3617A
:1007A0000423C2E9051542F8103F4FF40351B8E79E
:1007B00003F00703022BD2D9EA4688B0FB796A46D8
:1007C0000F49D3610423C2E9051542F8103F4FF4E5
:1007D0000351C0E7FC04002053F800007AF9000040
:1007E000A0EF0000A905000078F80000D4F8000090
:1007F000A2F80000EFF8000036F900001EF9000032
:1008000065F900002DE9F04F91B08407009302F0E4
:1008100004030293C2F3C20303F10103DDF868800D
:10082000039205460E46059340F0BA81041D30B18F
:10083000072909D86FF01B0011B0BDE8F08F01F057
:1008400007063444C6F10806009B4FF00009591E04
:100850004FF0040A4FF0FF330193CDF810904F464C
:10086000CB4653460DB1009A22600598002800F34C
:10087000E8809848009A824203D397488242C0F0A9
:10088000E080039AA4EB050E92074FEA9E0000F168
:1008900003810F2F00F2B180002D00F0058107F1D8
:1008A00040020DEB020C019A0CF8200C0CF8102CF5
:1008B000049801300490E7E07A285DD84B280ED8E0
:1008C000472859D829282DD8252852D054D820284F
:1008D0007AD02338D0F1000B4BEB000B74E04C388E
:1008E0002E2849D8DFE800F0704848484848484872
:1008F000484848484B484848484848484859484B61
:100900004B595959704B6D487048184B18484882DC
:100910007F4B48484B487F0000204FF0000B4FF0C2
:10092000040A38E02A38C0B2012202FA00F010EAC4
:100930000E0F49D110F0625C2FD110EA020B43D0A8
:100940006046013C5444B4FBFAF40AFB04F4002D65
:1009500061D0A3EB050CA444B4453FF66BAF00286F
:1009600068D1042B47D158F8043B23600434042396
:100970002AE0019A013A01924FF0000B24E011F8AD
:10098000010C6C2834D111F8023C00206C2B8346FA
:10099000C5D14FF0080A5346D3E708F1070828F0FD
:1009A00007080734F8E802AB24F0070435B10698CD
:1009B0002044B0423FF63EAFC4E900AB08344FF0EC
:1009C000000B4FF0080A534611F8010F002878D0A9
:1009D000BBF1000F7FF470AF2528F5D1019B0133E7
:1009E00001934FF0010B4FF0040AECE7584694E7EF
:1009F00000208346A5E7082B02D06FF015001BE707
:100A000008F1070828F00708F8E80223C4E90023E2
:100A100008340823D8E768B9042B02D108F1040888
:100A2000A4E7082BE9D108F1070828F0070808F126
:100A30000808EDE7059A013A059258F8042B009250
:100A400010E7039A900720D5A4EB050E4FEA9E000D
:100A50004FF0010CBEF5007FCFD20F2FCDD8F5B1EE
:100A600007F140020DEB020EC0B2019A0EF8200C05
:100A70000EF8102CBCF1000F3FF41AAF60F07F00AD
:100A80000EF8200C09F101090137C5F10802043400
:100A900006924FF6DA7E97E74FF0000CDAE7BCF1EA
:100AA000000F01D00136EFE7029802360028EBD1A3
:100AB0000098CDE90631FFF797FBDDE906310644E2
:100AC000E2E7631BB3F5806F97D23DB9A6F1080446
:100AD000E018B1E6C8ED000010190100029A286084
:100AE0009B082B709DF81030C2B1EB7085F8029016
:100AF000B9F1000F05D008A80022C5F1010C9742FA
:100B00000ED1C5F101030DF120084FF0000A019349
:100B10000DF1300B574512D1601B8DE66B70E5E788
:100B200010F8013B190608D50CEB040EB64503F08E
:100B30007F033FF67FAE04F8013B0132DFE7B9F1F6
:100B4000000F03D098F90020002A17DB029BD3B1D5
:100B50001AF80B2004F8012B0022019B18191044ED
:100B6000B0423FF667AE98F8000004F8010B009918
:100B7000039220460EF0E6F8039A14440AF1010AA3
:100B800008F10108C6E798F8002055F822300093D4
:100B9000029B45F822300098FFF726FB421CDCE759
:100BA0006FF00D0048E600BF2DE9F04F97B000AFA1
:100BB00090F802A0D7F880B03B62CBF3C0030446A4
:100BC000FA62BB61894641B9457800780AEB80003A
:100BD00020444D4517D8A0EB0409E378FB61BAF136
:100BE000000F02D01BF0010F16D1FB6953BBFB6A4B
:100BF0001BB13A6A4946204698474D4628465C371D
:100C0000BD46BDE8F08F461C3046FFF7EDFA0130D7
:100C1000304409F10109DCE7237862687A62FA6AF4
:100C20009900796104EB8301002A40F006814D466A
:100C30000E4601EB0A094FF00008B14552D101EB15
:100C40000A0610E01BF0020FD1D023789A007A61D7
:100C500062687A62FA6A04EB8301002A7DD14D460C
:100C600001EB0A0690461BF0050F0CBF022301237F
:100C7000FB62FB6906EB430A0BF00203BB625645BD
:100C8000BCD016F8021B16F8013C54F823909C4B7C
:100C9000994502D39B4B99453CD3BB69002B46D069
:100CA000786A0BF013F9002841D09748036813F0D5
:100CB000060F15D0E9468AB06A46944B5361944BAF
:100CC00093617B6AC2E9073140F201339384914B0F
:100CD00042F8103F00234FF4325100F01BFECD4686
:100CE000023DCCE716F8013BF96254F82300FFF708
:100CF0007BFAD7F88430F96A01304BB1D7F88830E5
:100D000098453EBFD7F8843023F8180008F1010851
:100D1000054492E7BB6923B1786A0BF0D7F8002845
:100D2000C3D11BF0010F05D1FB6AED1AA7E7BB6A1F
:100D3000002BA4D04846FFF757FAD7F8843053B1B8
:100D4000D7F8883098453FBFD7F88420431C22F855
:100D5000183008F10108054491E7BAF1000F72D08C
:100D60001BF0040872D0D04607F148000026524616
:100D70003B61B9620DF0E6FFB96A3B6901EB0A021B
:100D8000BA62FA69F9695200FA60BA6A02EB410282
:100D90003A610BF00202BA603A69B96A8A4257D1E5
:100DA00062787A621BF0020F32440CBF4FEA58019E
:100DB00000211BF0010FD2B240F09F801BF0040F06
:100DC00014BF40460020BB616270A070E1703A6AB7
:100DD0007969FB6A20469847051EFFF60FAFBB698D
:100DE00023707B6A6370FB69E37041463A6AFB6A71
:100DF00084F802A007F148009847B0F10008C0F25B
:100E0000BD807B693A6AA9EB0A01C91AFB68C91A55
:100E1000D7E90A0398470028C0F2B280A84408EB3B
:100E200000054FF0000B07F1380AB34574D30021D9
:100E30003A6AFB6A08469847E0E6564607F13800EA
:100E40004FF0000893E7D046564697E7464695E7A9
:100E5000BA6A12F8021BBA6212F8015C284A54F806
:100E60002500904202D3274A90421ED3BA6932B17C
:100E7000786A7B600BF02AF87B6800288CD1BA680E
:100E800002BB08F1280207F1300C08F1010094447C
:100E900007F1580252FA80F008F102080CF8101C11
:100EA0005FFA88F800F8105C76E7BA693AB1786AB8
:100EB0007B600BF00BF87B6800287FF46DAF1BF0B4
:100EC000010F09D006F1280207F13000711C161835
:100ED00006F8205CCEB25FE71BF0040F3FF45CAF76
:100EE00008F1280207F1300008F1010102EB0008C7
:100EF00008F8105C5FFA81F84EE7002063E700BF56
:100F0000C8ED000010190100D40400209AF9000077
:100F100041FA0000050000011BF80A3087F837305D
:100F200054F82390D7F884302BB3D7F888309B45FA
:100F300021D2D7F8843033F81B803A6AFB6A01214A
:100F400007F13700984700281ADB0544B8F1000F75
:100F500006D14846FFF748F900F101081FFA88F862
:100F60003A6AFB6A414648469847002808DB054430
:100F70000BF1010B59E74FF00008DEE745463DE66F
:100F800005463BE6014B1860704700BF3802002061
:100F900080B505460E461746984609F029FE0346D9
:100FA0000DF008FFDFF81890044649F8003042467B
:100FB00030463946A84754F8090002F089FF00BFBF
:100FC0000800000008B50446EFF31183202383F3E3
:100FD0001288BFF36F8F06F04BF8204603F0C8FA73
:100FE00002480AF09CFF0CF0A9F8FCE76BFA00003D
:100FF0002DE9F047058B04462807904611D40229B5
:1010000005F0070540F0CC8020460BF013FA78B1CC
:101010000138218B042811D8DFE800F0C2106D855B
:10102000950001290CBF45F0100545F020052583EA
:1010300088F31188BFF36F8FBDE8F08701F0070ACE
:10104000AA4500F0A5800027B9463E46A368002BBC
:1010500000F0BC8041F00801218388F31188BFF3C0
:101060006F8FA168002900F0BA800D68002900F098
:10107000B680D1F80480334652462046C047002D42
:1010800076D02B6829461D46F0E701F007035A1F6A
:10109000012A1BD8002221F00701062B276889B2FC
:1010A000C4E9002209D13B4603E0628B013262832E
:1010B0001B68002BF9D141F00201218320460BF07F
:1010C000B9F900287AD041F0200176E0042B0AD14A
:1010D00021F0070189B2218320460BF0ABF910B152
:1010E00041F020012183218B01F0070AAA454FD04E
:1010F0000027B946AAE7236921F0070141F006015C
:10110000062DD3F8009021832DD1B9F1000F3FD0E7
:1011100041F00801218388F31188BFF36F8F3A49AA
:101120002046C84729E021F00701236941F0040166
:1011300089B2042DD3F804902183E6D000273E46DF
:101140004FF0040A82E721F00701236941F005010D
:1011500089B2052DD3F808902183D6D000273E46CA
:101160004FF0050A72E700273E464FF0060A6DE78A
:101170002B4687E7B9F1000FD1D1EFF31188202377
:1011800083F31288BFF36F8F238B23F0080323832D
:10119000258BEA062ED525F01003238305F00705DD
:1011A0006669218B002EBFF670AF00232768C4E963
:1011B000003321F0070141F001012183218B01F06F
:1011C000070AAA454FF000097FF440AF002F9CD0DA
:1011D00041F00801218388F31188BFF36F8F002F3E
:1011E000C8D03D6839463346524620460BF04EF98A
:1011F0002F46F4E7AB067FF51BAF25F020032383D2
:1012000005F0070500E700BFB9C400002DE9F0476D
:10121000DFF85880044607464FF0010914B93846F4
:10122000BDE8F08794FAA4F5B5FA85F509FA05F357
:101230002E0108EB05156FEA030A24EA03042B7B51
:10124000002BEBD058F806301B694BB946440422FA
:1012500073682846196807EA0A070BF0FFF9DDE70B
:10126000284698470028D9D1F0E700BF74F2000063
:1012700030B51049104889B000220DF03FFC0F4DE9
:101280000F4900220023CDE9062300240E23CDE9D7
:101290000334CDE901440B4B00944FF4006228461F
:1012A00009F03CF90849284609F068F8204609B0D9
:1012B00030BD00BFCD1200001017002048060020EE
:1012C00040580020351600009FFA0000014808F041
:1012D00045BE00BF880500202DE9F0478046214823
:1012E0000F460BF093F90646002833D00025284618
:1012F000BDE8F087237B83B12368DB680BB1204610
:101300009847636883F8069023681B69D3B96368BC
:101310000422196820460BF0A1F901361034544517
:10132000E8D3B8F1000FE2D0002DDFD02846FFF758
:101330006DFF0546002FF7D000214FF4A4700DF08B
:1013400032FBF1E7204698470028E0D009FA06F37F
:101350001D43E2E7044CDFF814A005464FF00109F5
:10136000DDE700BFC01B002074F2000084F2000023
:10137000014B53F8200070470CF4000008B50346F9
:1013800008462BB1044A136000F074FD002008BD2C
:101390006FF01500FBE700BF3C02002010B5044CC5
:1013A000237813B9034808F0D9FD0123237010BD39
:1013B000CE2600208805002010B504460B480BF00F
:1013C00025F95CB1BFF35B8F094B53E8001F01396E
:1013D00043E80012002AF8D1BFF35B8F05480DF0F7
:1013E00099FB0548BDE8104008F0B8BDB81B0020C7
:1013F000BC1B002010170020880500200020064B91
:10140000BFF35B8F014653E8000F43E80012002A48
:10141000F9D1BFF35B8F7047B81B002070B5FFF7A1
:10142000EDFF084C084E0546B44200D370BD63681A
:101430005B792BB123685B6813B129462046984736
:101440001034F1E774F2000084F2000010B5044C8F
:10145000044920460AF080FE034B1C6010BD00BF0B
:1014600094040020F8F30000B01B00200E4A0F483F
:10147000002310B513700E4A13600E4A4FF400415A
:101480001360FFF77BFFFFF7E1FF00F06DF90A4BF8
:101490000A4918468B4200D310BD1A1A5C68121113
:1014A000013222711033F5E7CF26002009C6000073
:1014B000B81B0020BC1B002074F2000084F2000066
:1014C00001460022014800230AF067BE9404002070
:1014D00001480AF000BF00BF94040020024B0146FF
:1014E00018680AF053BF00BFB01B002001480AF083
:1014F00088BF00BF940400202DE9F041364B1878D6
:10150000002866D0FFF7E4FF044600285DD1334B86
:10151000334C1B68002B19DD0DF0EEFA4FF47A7294
:10152000A0FB020302FB0131C30BD4E9002043EA14
:1015300041439B1A4FEAD13140F2E93261EB00019D
:10154000934271F1000101D3FFF768FFD4E9003243
:1015500013F57A7342F10002C4E90032BDE8F041AC
:10156000FFF7C4BF6B685B793BB121784B0717D598
:101570002B6821461B682846984710354545F1D30E
:101580002046FFF7ABFFBFF35B8F164B53E8001FFE
:10159000013943E80012002AF8D1BFF35B8FB6E7A8
:1015A00020462688C1F3C20700F0A2FAC6F38216CD
:1015B0000246002EDCD00028DADB0123394628461B
:1015C00000F082F9B042D8D3D2E7074DDFF81C8093
:1015D000D4E7BDE8F08100BFCE260020B81B002074
:1015E00008170020BC1B002074F2000084F20000E9
:1015F00070B50D4D297861B90120FFF76DFE0B4CD8
:101600000B4EB44206D3FFF777FF0028FBD101232E
:101610002B7070BD63685B791BB1236820469B68A3
:1016200098471034EDE700BFCF26002074F2000089
:1016300084F2000000212DE9F0470846FFF74CFE38
:10164000044658B340F267684FF000090DF0B2FB52
:101650001B4B1C4A1B58136033B11B4B1B68002BE0
:1016600002DD1A4808F07AFC194FDFF860A0002567
:1016700044B12046FFF7CAFD044618B94FF0FF38C1
:101680004FF0FF39FFF738FF064628B9B5B9424693
:101690004B46504608F096FC3546E9E74FF0FF38D8
:1016A0004FF0FF39D2E72B689B691BB1002211462E
:1016B000284698471035BD42F5D3E8E7054DFAE7CF
:1016C00008000000B41B0020BC1B0020880500207F
:1016D00084F2000074F2000010B50F480AF096FF83
:1016E0000E4B1B786BB1EFF31184202383F3128828
:1016F000BFF36F8FFFF700FF84F31188BFF36F8F85
:1017000010BD074B1B68002BFAD00028F8D1054804
:10171000BDE8104008F022BCBC1B0020CF260020F2
:10172000B41B00208805002010B5064B1B6804463A
:1017300098472146A06004480AF0AEFDBDE810407D
:10174000FFF7CABF3C02002094040020044A054B66
:101750009B1AB1EBD30F34BF52F831000020704711
:10176000CCF1000074F200000B480C4B30B51B1A92
:101770000B4CDB0800210430994200D130BD10F839
:101780003120256802F0070225F007052A4344F8B6
:10179000042B0131F0E700BFCCF1000074F200002F
:1017A000D0040020F8B50B4F0B4DED1B0646ED089D
:1017B0000024AC4203D14FF0FF342046F8BD57F867
:1017C000340020B13146FEF705FD0028F5D0013484
:1017D000EFE700BFCCF1000074F2000000282DE913
:1017E000F047884615461F461DDADFF89890264ECA
:1017F0004FF0000AA6EB090636095446B24509F136
:10180000100902D12046BDE8F08759F80C0C3B4680
:1018100000792A464146FFF7E1FF844238BF04467B
:101820000AF1010AEAE7194B194AD21AB5EBD20FAD
:1018300026D203EBC5031C79BC4228BF3C46154E9B
:10184000C0B200EB400056F825300722824023EA60
:10185000020304F00702824013430021032223FA0B
:1018600002F000F00700814202F1030238BF014696
:101870001E2AF4D123F007030B4346F82530C1E7B5
:101880000024DCE774F2000084F20000CCF10000D8
:1018900074F20000D0040020F8B5094D094BED1A90
:1018A00006460F46ED080024AC4200D3F8BD0021E7
:1018B00022B23B46304601340AF0C8FEA4B2F3E738
:1018C00074F20000CCF1000070B14168097973B185
:1018D000002A17DBCBB20C4951F8220003EB43037B
:1018E000D84000F0070070474FF0FF31EFE707499D
:1018F0000748401AB2EBD00F3ABF01EBC20108799A
:101900001846704704207047D0040020CCF1000036
:1019100074F200002DE9F04F8FB004AFC1F34A28F4
:10192000B8600D4691467B600C0DB8F1000F69D090
:10193000002607F114034FF0040B4FF00A0AC7F812
:101940000C80C7E907667E620193CDF808B0CDF838
:1019500000A007F11C03F96832464846FFF724F956
:10196000B0F5006F034622D32B48036813F0060F2F
:1019700019D06C468AB0D9F8041004AB274D5D61CC
:10198000274DC3E9065140F2FF7119621A4640F231
:1019900001319984234B42F8103F4FF432513346C2
:1019A000FFF7B8FFA5462C37BD46BDE8F08FC0F362
:1019B0000A0804F11700184420F0070080083B6073
:1019C000FFF77EFD68F35325044690B13B68164A45
:1019D000C7E9083600F1100107F11403F961CDE9F8
:1019E00000A3CDF808B0F96807F11C034846FFF7DB
:1019F000DBF868F353257B68B9682A4620460AF06D
:101A000055FED0E704F1170020F007008008FFF72B
:101A100057FD0446EDE700BFF4040020B4FA0000CF
:101A20004DFB0000050000017FC600002DE9F04FCE
:101A300087B002AFD7E91069BD6B79600446934661
:101A400098464EB3C7F80C90CDF80090FA6B334629
:101A500010210020FEF7D6FEB0F5006F82461CD3A1
:101A60002048036813F0060F12D06C4688B002AA13
:101A70001D4B53611D4B936140F2FF73D3610423EF
:101A800042F8103F00234FF40251FFF743FFA546F1
:101A90001437BD46BDE8F08FB24605F1170050443B
:101AA00020F0070004F007048008FFF709FD0BF0A1
:101AB000070BE40044EA8B1444EA4A2444EA055440
:101AC000054640B13EB1CDF80090FA6B3346514621
:101AD0001030FEF797FE79684346224628460AF002
:101AE000E5FDD5E7F4040020F7FA000033FB000021
:101AF000406820B1034BC01A40F38F0070474FF08D
:101B0000FF307047D00400200EB403B503AB01468C
:101B100053F8042B0448019302F0CAFC02B05DF8AC
:101B200004EB03B0704700BF15C70000CA0605D418
:101B30008B064CBF02490349FFF7E6BF704700BF61
:101B400080FF0000FDFB00002DE9F04F89B09B46AF
:101B5000149B06939DF84CA0159B0593169B179E0E
:101B6000049304460D469046BAF1000F00F09D80A4
:101B700006F4807307930AF067FD06F00209024637
:101B800000283ED091492046FFF7BEFF0746B9F135
:101B9000000F08D016F0440F35D18D492A46204653
:101BA000FFF7B2FF074406F0010353B1894B8A499E
:101BB00053F82A20894B2046002A08BF1A46FFF70F
:101BC000A3FF06F48073002B49D006F00803002B16
:101BD00063D1B8F1000F66D0814942462046FFF735
:101BE00093FF0546069B3D44002B6DD1049B002BC3
:101BF00073D1F30700F1E48031462046FFF796FFEA
:101C0000D8E00746C3E7774B18680028CAD0764B60
:101C10004FF47A791B68B5FBF3F54FF46163B5FBBC
:101C2000F0F100FB115509FB05F54FF03C0CB1FB41
:101C3000F3F203FB1211B5FBF0FEB1FBFCF300FB6A
:101C40001E550CFB131109FB05F50091B5FBF0F5D2
:101C50006649CDE901E52046FFF756FFA2E706F009
:101C60000803EBB1624B634953F82A202046FFF783
:101C70004BFF0546B8F1000F05D0594942462046B2
:101C8000FFF742FF0544BBF1000FABD05A495A465B
:101C90002046FFF739FF0544A4E74FF0000BE1E7CA
:101CA00006F00805E6E745469CE7BBF1010F069BF9
:101CB00006D1002B64D1049B002B7BD000250CE0C7
:101CC000002BF8D04D485CE04D48069B4D4922461C
:101CD0000AF0CBF8049B002B68D0DFF82C81DFF8EA
:101CE0002C91049F3146102F204628BF1027FFF764
:101CF0001DFF4FF0000B5D4545DC059B49461A78FA
:101D00002046FFF701FF4FF0010B1BF0070F03D137
:101D100041462046FFF7F8FE5F453BD9059B494603
:101D200013F80B202046FFF7EFFE0BF1010BBBF180
:101D3000100FEAD1364920464FF0000BFFF7E4FEC2
:101D40005A46059B9A5CA2F120015F2928BF2E22EA
:101D500030492046FFF7D8FE0BF1010BBBF1100F05
:101D60001DD01BF0070F03D141462046FFF7CCFEE4
:101D70005F455A46E5D841462046FFF7C5FEEBE7EA
:101D80001F485546A1E741462046FFF7BDFE0BF12F
:101D9000010BB0E720492046FFF7B6FEC5E7059BDB
:101DA0003B440593049BDB1B04939AD1BAF1000FCB
:101DB0007FF41FAF204609B0BDE8F04F0AF09DBC8C
:101DC000064A05492046FFF79FFE15E7000301007C
:101DD00071FB00001CF40000C30901006CFB000053
:101DE00096FB0000C81B0020C41B00207AFB0000EB
:101DF00030F400009AFB0000A0FB00004BC700007D
:101E000015C70000B1440000ADFB0000A5FB0000B9
:101E1000AFFB0000B1FB0000ABFB000073B542F26A
:101E20000F738B4228BF0B4605680F4A04460521F5
:101E3000684609F0BFFC63680C495B6806460422EB
:101E400028460AF04CFC63683246694628465B68BF
:101E50000AF045FC636806495B68172228460AF0C9
:101E60003EFC02B070BD00BFDE090100CCFB0000EB
:101E7000B4FB0000074A00210123904206D8064A1D
:101E800001B901231360054B1860704740085B00DF
:101E90000121F2E740420F00C41B0020C81B0020B4
:101EA000014B002019607047E01B002007B500239C
:101EB0000093084A08494FF48053012007F02AFD97
:101EC000064B01221A70064B064A1A6003B05DF8F1
:101ED00004FB00BFEA270020E1FB0000D026002021
:101EE000EC1B0020D32600200148FFF797BF00BF5E
:101EF00060F4000010B5064B18680C46FFF738FA7E
:101F000021460346BDE8104002480E22184700BF94
:101F1000E01B002060F40000F8B5094D094B0A4EA3
:101F2000D5E9004701221A700CB92C60F8BD214692
:101F300030463A4600F01EF8241A0644F4E700BF83
:101F4000D41B0020D1260020D226002010B9074B38
:101F500018707047064B1B781BB142F210700CF0E2
:101F600009BB4FF4A47000210CF01DBDD026002049
:101F7000D12600202DE9F74F524F01903B780C46B7
:101F800043B9514F8246019B23449A452BD324EAFF
:101F9000E4700CE04D4E012501992246012007F026
:101FA0001BFCA8B1012333703B7843B9204603B032
:101FB000BDE8F08F2846FFF7C9FF6F1E3D460120A0
:101FC00007F09EFC0028F1D03378002BF2D1EDE72A
:101FD0003378002BEAD0013D2846FFF7B7FF33786E
:101FE000002BD9D1E2E71AF8012B3B680A2A61D10C
:101FF000374DDFF8E0905A1B012A04BF01333B60E4
:10200000D7F80080D9F800B00D2308F8013C08F19A
:1020100001020A23BBF1000F3A6088F8003029DD85
:102020002D4B196831BB2A495E46632EA2EB05028F
:1020300001F11700A8BF63260CF092FE274A24493D
:10204000254B02F1140052F804CB41F804CB824234
:10205000F9D1108892788A7008F118020880BBF1D3
:10206000090F3A604FF001021A6011DC202330366C
:102070006B752E753A681649521B012007F0ACFBB0
:1020800090B9D9F800300133C9F800303D607AE7E3
:102090000A22B6FBF2F302FB1366303330362B759F
:1020A0003E236E75EB74E5E70B4A0023C9F8003058
:1020B0001360EBE70A498B423EBF591C39601A7026
:1020C00061E700BFD1260020EC1B0020D0260020B5
:1020D000D3260020E81B0020E41B0020E8FB0000C2
:1020E000D2270020014B03600020704770F40000ED
:1020F00010B504460BF0BDFB0349024620460AF02A
:102100007BFC002010BD00BF27FC000073B5134608
:1021100000220192044601AA58680A2100F054FEE8
:10212000019D95B920EAE0744FF40046294640F23B
:10213000E7304FF47A720023C4FB0601FEF730F853
:102140000CF031FC284602B070BD2A4602492046F8
:102150000AF06EFC019DF5E753FC000008B5034A48
:1021600003490AF049FC002008BD00BF43FD000000
:102170004AFD0000F7B517460023054601AA0A21CB
:10218000B868019300F020FE1749C6B228460AF04D
:1021900041FC019C44B12246144928460AF048FCFF
:1021A000019C204603B0F0BD042E09D910493246E7
:1021B00028460AF03DFC28460AF048FC0124F0E7D6
:1021C0007868FFF7EFFA021E07DA7A6809492846AD
:1021D0000AF02EFC6FF01504E3E7334612B22146F5
:1021E00020460AF033FADCE76DFD0000D3FD000065
:1021F000FAFD000011FE000007B5002300906946BB
:1022000004488DF8043008F051FE9DF8040003B036
:102210005DF804FBE1C7000010B5044604F01EFFA2
:102220000749024620460AF0E7FB204605490AF026
:10223000E3FB0548214608F053FE002010BD00BF17
:10224000A3FE0000C2FE00004D22000070B58EB05B
:1022500004460D46D0F8A8600CF0FBFA03460CF0DB
:10226000A9FD214A21491058214A002B18BF1A46BE
:102270000092204A2346844218BF0A4628461E4937
:102280000AF0BAFBD4E90A23CDE90023284694F9E1
:102290000E30227B19490AF0AFFB06A92022204606
:1022A00008F07CF8236F1649024628460AF0A4FB82
:1022B00005A920460CF0DBFA024628B11149284650
:1022C0000AF09AFB0EB070BD059B6422F11A4A43D6
:1022D0000091B2FBF6F20C49CDE901622846324684
:1022E0000AF08AFBEEE700BF08000000ADFB00002B
:1022F000CCFE000066080100CFFE0000DBFE0000FF
:1023000007FF00001EFF00004BFF0000F0B5002596
:1023100091B00446294608AF1C2209A80CF03AFDEA
:10232000134E1A22202138460CF034FD2146114864
:1023300008F0D6FD07AA4FF4805130460CF08BFA16
:10234000079A0097C2F5805164234B431B0B0593FA
:102350004FF48053CDE90313CDE9013220460649FD
:102360002B46A6F140020AF047FB284611B0F0BD0B
:10237000007100207D2300009CFF000070B5044622
:10238000D0F8A86088B00D4607A90CF070FA024694
:1023900028B10F4928460AF02FFB08B070BD20462F
:1023A0000CF057FA079B0096F11ACDE90131094B61
:1023B00064224A43002818BF0346B2FBF6F20649DE
:1023C000CDE90362284622460AF016FBE5E700BF86
:1023D0001EFF0000CCFE0000E5FF000038B51346EC
:1023E000054610225868002109F010FA0446FFF74C
:1023F00003FF38B90E49224628460AF019FB6FF050
:10240000150038BD0CF0D6FC0A4B1B589C4204D179
:10241000094928460AF00CFBF1E7204608F086F946
:102420002846064922460AF0E7FA0020E9E700BFFD
:102430004900010008000000640001008C00010058
:1024400038B51346054610225868002109F0DEF918
:102450000446FFF7D1FE38B90E49224628460AF055
:10246000E7FA6FF0150038BD0CF0A4FC0A4B1B58BE
:102470009C4204D1094928460AF0DAFAF1E72046DD
:1024800008F072FA2846064922460AF0B5FA0020FA
:10249000E9E700BF4900010008000000CB0001008F
:1024A000F100010038B51346054610225868002196
:1024B00009F0ACF90446FFF79FFE38B90E492246F1
:1024C00028460AF0B5FA6FF0150038BD0CF072FC22
:1024D0000A4B1B589C4204D1094928460AF0A8FA25
:1024E000F1E7204601F0F4FC2846064922460AF0AE
:1024F00083FA0020E9E700BF49000100080000005E
:102500002C0101005101010007B5064A0648126876
:10251000042300930021012300F016FB002003B0E8
:102520005DF804FBC4F4000084F2000037B5446891
:102530000A49226004F108052364002228460CF0B1
:10254000DDFA41F69A12E46300232846CDE9002320
:1025500008F0A4FE002003B030BD00BF0DC800008D
:1025600010B9034B18707047A42000210CF01BBA5F
:10257000EA3700202DE9F84F164ED0F804B088460F
:1025800014461D4604270BF0E8FF224682464146CA
:10259000002007F021F9814650460BF0E6FFB9F123
:1025A000000F0BD001233370DBF80030DBF8401054
:1025B000012098472C600020BDE8F88F3378002B6D
:1025C000F2D0013F3846FFF7CBFF3378002BDAD14A
:1025D000EAE700BFEA37002010B58368D3F86C3211
:1025E000DB07044616D4406803685B6898470146D9
:1025F00008B9A3681871A3685B6B0BB120469847B4
:10260000A3680CF0D7FB0022C3F88C22034B1858A8
:1026100001F05EFC6FF00F01EDE700BF0800000065
:1026200010B581680446083100F088FDA168034AAE
:1026300020460831BDE8104000F018BD99010100A6
:102640000EB403B5044904AA019200F06FFB02B076
:102650005DF804EB03B0704780FF000010B583689D
:1026600002221A718268936B0446EBB982F84A30F1
:102670008268A2F846308268A2F844308368D3F8B2
:102680006C32DB040BD50321084B094A0AF02CFC01
:10269000A0686FF4805100F51B700AF0DAF820464C
:1026A000BDE8104000F0A4BC10BD00BFA7010100B0
:1026B000C30901002DE9F04FA5B0044654220021C2
:1026C0000FA80CF067FB00230493A36820464A334D
:1026D00003930AF09CFB20460AF047FB18B9814996
:1026E0006069FFF7ADFFA0680027142200210830C1
:1026F0000CF050FB0DF13C0B4FF0FF38B9463D4656
:1027000002973E46BA46049B012B00F09C80142D94
:1027100040F09580022B40F09680734B734A012164
:102720000FE05946039A022304A80AF001FA04991B
:102730005BF8042F0392034631B101290AD148B155
:102740006B4A20460AF0D0FB6FF00705284625B0FB
:10275000BDE8F08F2DB35BF8040C00F021FD98B1BB
:1027600067B1A5680B9708350AAE0FCE0FC5336861
:102770002B602046FFF754FF0125E7E75D4A012162
:1027800020460AF0B1FBDFE7029BC3B108F1FF3836
:10279000FEB9049BB8F1000F01D1022BB3D1013572
:1027A000B1E7029B5BB108F1FF3896B9A368DB691A
:1027B000002B3BD0DB68002B38D0002633E05BF8E1
:1027C000041C05AA50460AF083FA08F1FF380646B1
:1027D00038B3F368ABB1A368B64603F1080CBEE8A2
:1027E0000F00ACE80F00DEF80030CCF80030B36822
:1027F00033B9737CFE2B04BF96F8108008F1FF38C4
:10280000A946D6F804C0BCF1000F08D0B646BEE811
:102810000F000AAF0FC7DEF800303B606746B246D4
:10282000B7E7002DC2D001230293B2E7324B0093E9
:10283000324A0F9B012120460AF056FBBDE7B8F152
:10284000000F7FF46EAFBAF1000F0AD09AF8113082
:10285000FE2B06D124AB03EB850353F8543C03B1A4
:102860000135A068436953B9002F3FF46DAFC368C9
:10287000BB423FF47EAF0B9700F1080574E7037E7F
:10288000A5EB0905B3B1417E4FF6FF72FF2918BFD2
:102890000A469D4202D313449D420BD98368184ACD
:1028A000012120460AF020FB2046FFF7B9FE6FF019
:1028B00015054BE7012109F0ECFFA06809F0DDFFE9
:1028C000A3680FAA29465B6902EB89022046984754
:1028D0000546A06809F0D5FFA068002109F0D9FFDE
:1028E00034E700BF80FF0000370201002CFE00002B
:1028F000EB010100FF010100230201001D020100A4
:102900005B0201002DE9F041ADF5805D82B000234E
:10291000044601930DF10305A3686068D3E90E78BE
:1029200003681E6901AB27B34FF4805202A9B04778
:10293000019BCBB10121A06809F0ABFFA06809F0B1
:102940009CFF4346019A02A92046B847A06809F0B7
:1029500098FFA068002109F09CFFA3689B6B002BE7
:10296000DAD12046FFF77AFE0DF5805D02B0BDE8B2
:10297000F08101222946B047019B002BF4D09DF93C
:1029800003209DF80330A068002AC5DB4279032AA2
:1029900000F28380DFE802F0027B83810D2B41D0BF
:1029A0000A2B22D0B0F86C22092B6FF3CA02A0F8D0
:1029B0006C224CD008D8002B4CD0082BA0684DD0EE
:1029C0000246D2F8683245E01B2BA0683CD07F2B32
:1029D0004ED0203B5E2B0246F3D809F049FF9DF80C
:1029E0000310204600F0CCFA34E0D0F86C22C2F399
:1029F000C7022AB1D0F86C22C2F3C7020A2ADFD17B
:102A0000B0F86C2263F3CA02A0F86C22A668B6F88C
:102A100044309BB94B496069FFF712FE2046FFF72F
:102A20001DFE79E7D0F86C22C2F3C702002AE7D076
:102A3000D0F86C22C2F3C7020D2AE0E72046FFF768
:102A400039FEC6F89002E9E70123437102E0A3686A
:102A5000D3F8683260690AF00BF85DE7D0F86832A5
:102A60009F07F7D509F004FF20460AF0A4FAF1E722
:102A7000D0F868329E07EDD509F0FAFEA368D3F8C6
:102A800068321807F0D420460AF076FAE2E75B2BAA
:102A900001D10223D9E7D0F868320023D5E700221C
:102AA0004271A268D2F8681289077FF535AF342BDE
:102AB0000AD8302BCED90321323B5171022B2DD8AD
:102AC000DFE803F0303A2800433BDAB2092AC1D8E4
:102AD000092BBFD801A252F823F000BF052B00003C
:102AE0000D2B0000552A0000152B0000552A000070
:102AF0001D2B0000552A0000552A0000552A000011
:102B0000252B000020460AF094F9A3E720460AF09E
:102B100087F99FE720460AF07AF99BE720460AF0FA
:102B20006FF997E7A068D0F8681201F0010181F011
:102B3000010109F0B9FE8DE7A368D3F868329B075D
:102B400088D5A0E780FF00002DE9F04304468068A7
:102B5000D0F88C9289B00F4615461E46B9F1000F89
:102B60005CD1904649464FF425720CF013F9A068E9
:102B700000F51C700CF04BF8A06800F51F700122E6
:102B800011460BF0A0FDA369C3F80090A0680221D4
:102B900000F51B7009F04EFEA36850225A85A36809
:102BA00018221A85A36822681A60D4F80890D9F808
:102BB000000010B1FDF718FB80B289F82C00A36863
:102BC000184A25F0360565F30708C3F8688260687F
:102BD000036839461D682346A8470546D0B9A3684F
:102BE00001221A71D4E90A0100220023CDE906234B
:102BF0000E230393109B0495CDE9016300940A4BC7
:102C00004FF4805207F08AFCA368C3F88C02616A13
:102C100007F0B4FB284609B0BDE8F0836FF07705F4
:102C2000F8E700BFFFC80000752C000010B504468F
:102C300080680379012B17D140F26762002309F005
:102C400078FE10B96FF00F0010BD09496069FFF7F9
:102C5000F7FC2046FFF702FD20460AF0BFF9A06806
:102C600009F00BFE0020EFE76FF08500ECE700BFF6
:102C700080FF00002DE9F34104468068154600F509
:102C80001B70002935D04FF4804109F0D3FDA368B3
:102C90001D646068036800219B68984770BB2046EC
:102CA000FFF7C4FF50BB174DDFF85C804FF0FF36D5
:102CB0004FF0FF37A06800F51C7000220721CDE916
:102CC00000670BF0B0FFA06809F0DBFD2A46042185
:102CD000204609F0F8FD20464246012109F0F3FDA7
:102CE000606803685B6903B19847A06809F0C5FD97
:102CF000E0E76FF4804109F0ACFDC8E702B0BDE841
:102D0000F08100BFD925000045C9000010B5054974
:102D1000044609F071FE2046034A002100F0A6F99E
:102D2000002010BD76020100CA02010010B5044661
:102D300013460A460146064801F0BAFB23691B798F
:102D400023B12046BDE8104009F092BE10BD00BF7F
:102D500089CA000038B50B46154648B91449154ACA
:102D6000521AB3EB920F05D251F82350284638BDC2
:102D700084680CB90025F9E70F4A94420AD30F4A38
:102D8000944207D218462268294690472B68002BA8
:102D9000ECD1EFE70A4A944202D30A4A944205D39F
:102DA000246814225343E518E358F0E70133F8E7A9
:102DB000B4F20000BCF20000E8F30000E8F3000009
:102DC000BCF20000E8F30000F7B503782D2B0446B1
:102DD000164605D16FF015033360002003B0F0BD37
:102DE0000BF0E8FF0B4F00230546C3510A4620466F
:102DF00001A908F00BFDEB59222B02D16FF0210342
:102E0000EAE7002BE6D1019BA342E3D01B78002B1D
:102E1000E4D0DFE70C000000014909F084BF00BFE7
:102E200080FF00002DE9F0478568DFF868900446D0
:102E300005F14A00FDF7D8F9002395F82C7086B209
:102E40009846A268558DED1BB54209DB002E1FDDAB
:102E50004A3360691049BDE8F0471A4409F063BF7E
:102E60001D442A444A3392F84AA082F84A80A26854
:102E700060691A44494609F056FFA3682B4483F859
:102E80004AA0A3685B8DDB1BF61A00272B46D8E708
:102E9000BDE8F0872CFE0000C30901002DE9F84FC2
:102EA000D0F80890D9F86832B9F846605B07054653
:102EB0000F46904624D506F14A004844FDF794F9A0
:102EC0002C4E0446B4B9AB68B3F84420A3F84620AE
:102ED000A86809F035FF30B1B8F1000F00D017B184
:102EE0006869FFF799FF7942284609B2BDE8F84FB3
:102EF00009F067BF6869314609F015FF013CE1E759
:102F0000D9F80000B9F844A010B1FDF76DF980B20E
:102F1000B9F82A3082448419B4FBF3F2BAFBF3F314
:102F20009A42B3461CD0144EAB685445CBDA5A8D46
:102F3000B4FBF2F302FB134304F1010913B968690E
:102F4000FFF76AFFAB685B440BF1010493F84A306A
:102F5000324608212846A34609F0C6FF4C46E3E75F
:102F60004A36064A09EB06030821284609F0BCFF49
:102F7000A9E700BF66080100B1FB0000C30901001A
:102F800013B583688DF80710D3F868220446D0077C
:102F900025D5B3F84610B3F844208A421FD0481C08
:102FA000A3F846000B449DF8072083F84A20A36845
:102FB000D3F86812890710D5D3F8683260690B49D5
:102FC00013F0040F18BF2A2209F0ADFE204609F0C5
:102FD000CCFE10B16069FFF71FFF02B010BD0122E7
:102FE0000DF10701204609F08DFFF6E7B1FB000067
:102FF00010B58368094A1B680446022109F074FF72
:10300000A368D3F868329B0707D52046FFF70AFF6D
:103010002046BDE8104009F0C0BE10BDC309010044
:10302000014909F0F0BF00BF80FF0000F8B50F466E
:103030005168044615461E4611B11A4609F0F0FFC4
:10304000AB6883B13146204609F08EFE2046064A21
:103050003B46082109F048FFA968F21D2046BDE85B
:10306000F84009F0DDBFF8BDF90201002DE9F04F8D
:103070000F46002189B0044616460D4603AA38467D
:1030800001F10108FFF766FEA8B98DB126B13246FD
:103090000821204609F028FFDFF89090DFF890B073
:1030A000002103AA384601F1010AFFF753FE60B977
:1030B00009B0BDE8F08F006810B1FDF795F880B257
:1030C000854238BF05464146D8E7D0F80080B8F1C0
:1030D000000F0FD098F8003063B14668154ACDE96B
:1030E00000584B460821204609F0FEFE26B96069CB
:1030F000FFF796FF5146D4E74B465A460821204633
:1031000009F0F2FEAB1DB2079BB209D131680A4A41
:10311000914205D1324641462046FFF787FFE9E755
:103120001A463146204609F07BFFE3E71E03010003
:10313000A0FB000004030100C40BD286F7B50F68A2
:1031400005460E46EFB13846FDF74EF884B2114BF6
:10315000009308213B46104A284609F0C5FE7168D5
:10316000E31C9BB279B18A070DD108680B4A9042E3
:1031700009D10A463168284603B0BDE8F040FFF7A0
:1031800055BF3C46E3E71A46284603B0BDE8F04089
:1031900009F046BF1A0301000B030100C40BD286DD
:1031A00010B507490446FDF715F838B10549204622
:1031B000FDF710F8B0FA80F0400910BD0120FCE7DF
:1031C000100301001303010008B5044808F0A7FE2E
:1031D000034808F0A4FE002008BD00BF270301003B
:1031E0005C030100014808F03DB900BF08F500008C
:1031F00038B5044618B90F4B0F485B6898476168AB
:10320000B1F5683F10D0B1F5680F0DD00B4DA94254
:103210000AD011F46861206807D0014608480BF015
:1032200000FA00232360656038BD14220BF0B2FD64
:10323000F9E700BF1C0400208A0301002C5F5CA991
:103240008823002008B520B34368B3F5683F10D148
:1032500001220368BFF35B8F53E8001F002903D1ED
:1032600043E800200028F7D1BFF35B8F0DD1002089
:1032700008BD094A93420AD000684FF0FF324FF070
:10328000FF3306F0A3FD0028F1D00448F0E704481E
:10329000EEE76FF4E040EBE72C5F5CA9E98FFFFFFE
:1032A000EA8FFFFF08B5D8B14368B3F5683F10D186
:1032B00000220368BFF35B8F53E8001F012903D18D
:1032C00043E800200028F7D1BFF35B8F0BD100202B
:1032D00008BD074A934208D0006806F0EFFDF6E704
:1032E0006FF4E040F4E70348F2E70348F0E700BF7B
:1032F0002C5F5CA9E98FFFFFEA8FFFFF10B5044642
:1033000018B91D4B1D485B6898476368B3F5683F63
:103310002FD0B3F5680F2CD0194A934219D12368E6
:1033200003BB18484FF0FF324FF0FF33214606F041
:103330001FFD08B923681BB90F4B13485B689847FA
:103340002068142200210BF025FD4FF468636360B0
:1033500008E0B3F5683F0DD83A2B03D040F6BA62C7
:103360009342DED120680BF0A7F9636843F03A037B
:10337000636010BD054AF3E71C0400208A030100C6
:103380002C5F5CA988230020B00301003A00003ABA
:1033900008B506490648402314220BF034F9BDE86D
:1033A00008400449044808F0CFB800BF881E002038
:1033B0008823002010F5000024F5000008B503481C
:1033C000034A0021121A09F099FE08BDA005002049
:1033D000205800200748084A084908B5121A09F081
:1033E0008FFE0748074A0849BDE80840121A09F04D
:1033F00087BE00BF000000209805002010190100C2
:103400000000002000000020101901002DE9F04705
:10341000054600AF0C46002963D0DFF808A1DAF8B2
:1034200000305A075DD06E468AB0D1E90001A3682A
:103430006A46DFF8F480DFF8F4C0C2F814C04FF039
:103440000609C2E90680C2E9081342F8109F00236A
:103450004FF441515046FEF75DFADAF800305B0751
:10346000B5463ED08AB0D4E9030163696A46DFF805
:10347000C0C05362C2E905C8C2E9070142F8109F03
:10348000002350464FF44151FEF744FADAF8003079
:103490005807B54625D088B0E3696A462549D36107
:1034A0004FF00409C2E9051842F8109F00234FF4B9
:1034B00001515046FEF72EFADAF800305907B546AA
:1034C0000FD088B0A3696A461B49D361C2E90518C9
:1034D00042F8109F00234FF401515046FEF71AFAAC
:1034E000B546012D17D1EFF305830E480268520748
:1034F00011D06E4688B06A4610495161103BD361C5
:103500000F499161042342F8103F00234FF4015109
:10351000FEF700FAB5462146284606F061FABD4698
:10352000BDE8F087040500209F040100DD030100D1
:103530001004010043040100560401008804010046
:10354000A804010030BFFFF7FDBF00BF2DE9F04127
:103550000B4EDFF8308006EB0807CC1B05463246E1
:10356000094920460BF0EEFBA01942460021083C19
:103570000BF010FCC5F8B44007F10800BDE8F0817D
:103580000000000008000000E8F30000054B5A6945
:103590009B689A421FBF044A536843F080535360AC
:1035A000704700BFBC24002000ED00E02DE9F04191
:1035B000694C23680646580700AF0D460FD0E84611
:1035C00088B06A46654B5361654B9361032342F8AB
:1035D000103F4FF4C251204609F09FFDC546614B94
:1035E0009B6AD90440F19D8023685A070FD0E846B2
:1035F00088B06A465C4B5361594B9361032342F890
:10360000103F55484FF4C25109F087FDC5461720B9
:10361000544B9B6A1B0513D5236858070FD0E84607
:1036200088B06A46514B53614D4B9361032342F876
:10363000103F49484FF4C25109F06FFDC5461820AC
:10364000484B9B6A990532D523685A070FD0E84644
:1036500088B06A46464B5361414B9361032342F85D
:10366000103F3D484FF4C25109F057FDC5463D4B50
:10367000996B9B6A1B0419D52368580710D0E8463C
:1036800088B06A463B4B5361354B3348C2E906313B
:10369000042342F8103F4FF4015109F03EFDC546A6
:1036A00026B1304A936A23F40043936219202D4BCC
:1036B0009B6A5A0513D523685B070FD06E4688B006
:1036C0006A462D4B5361264B9361032342F8103F0A
:1036D00021484FF4C25109F020FDB5461A20214B74
:1036E0009A6AD6051FD5236859070FD06C4688B053
:1036F0006A46224B53611A4B9361032342F8103FF1
:1037000015484FF4C25109F008FDA5461B20154A83
:10371000936A43F47F43936200232B70BD46BDE858
:10372000F081162074E79B6A9A04F0D523685B0742
:103730000FD06C4688B06A46114B5361084B9361B9
:10374000032342F8103F04484FF4C25109F0E5FC4E
:10375000A5461C20DBE700BF04050020BA040100D9
:103760009508010000ED00E0D4040100E904010027
:10377000000501001D050100360501005505010089
:1037800071050100B0B5584C23685D0700AF0FD03C
:103790006D4688B06A46554B5361554B9361032380
:1037A00042F8103F4FF4C251204609F0B6FCAD4636
:1037B000504B9B6A980140F19580236859070FD0C0
:1037C0006D4688B06A464C4B5361494B9361032365
:1037D00042F8103F44484FF4C25109F09EFCAD46F8
:1037E0001E20444B9B6ADA0113D523685B070FD078
:1037F0006D4688B06A46414B53613D4B936103234C
:1038000042F8103F38484FF4C25109F086FCAD46EB
:103810001F20384B9B6A1D0313D5236859070FD00F
:103820006D4688B06A46364B5361314B9361032332
:1038300042F8103F2C484FF4C25109F06EFCAD46DF
:1038400021202C4B9B6A5A0313D523685B070FD0AA
:103850006D4688B06A462B4B5361254B9361032319
:1038600042F8103F20484FF4C25109F056FCAD46D3
:103870002220204B9B6A9D0313D5236859070FD044
:103880006D4688B06A46204B5361194B9361032300
:1038900042F8103F14484FF4C25109F03EFCAD46C7
:1038A0002320144B9B6ADA0313D523685B070FD0E0
:1038B0006C4688B06A46154B53610D4B93610323E8
:1038C00042F8103F08484FF4C25109F026FCA546C3
:1038D0002420084A936A6FEA03436FEA1343936212
:1038E000BD46B0BD1D207CE704050020A4050100F5
:1038F0008908010000ED00E0C0050100D7050100C6
:10390000F505010017060100400601005E060100F2
:103910002DE9F0476E4D2B688A46590700AF814666
:1039200090460FD06C4688B06A466A4B53616A4B2A
:103930009361032342F8103F4FF4C251284609F027
:10394000ECFBA546654B9B6ADA0665D52B685B07E1
:103950000FD06C4688B06A46614B53615E4B9361F1
:10396000032342F8103F5A484FF4C25109F0D5FBE7
:10397000A5461124594B9B6A1E0713D52B6858077F
:103980000FD06C4688B06A46564B5361524B9361D8
:10399000032342F8103F4E484FF4C25109F0BDFBDB
:1039A000A54612244D4B9B6A990737D52B685A07B9
:1039B0000FD06C4688B06A464B4B5361464B9361BF
:1039C000032342F8103F42484FF4C25109F0A5FBCF
:1039D000A546424B5E6B9B6A1B0676D52B685C073F
:1039E00010D06C4688B06A46404B53613A4B384819
:1039F000C2E90636042342F8103F4FF4015109F0A2
:103A00008CFBA546BAF1000F04D0344A936A23F028
:103A100080039362132403E01024ABE76FF01506D4
:103A20002E4B9B6AD80713D52B6859070FD06C46CD
:103A300088B06A462E4B5361274B9361032342F8AB
:103A4000103F23484FF4C25109F067FBA5461424E8
:103A5000224B9B6A9A0613D52B685B070FD06C46E6
:103A600088B06A46234B53611B4B9361032342F892
:103A7000103F17484FF4C25109F04FFBA5461524DB
:103A8000164B9A6AD50602D49A6A90070AD55B68E3
:103A9000190507D54946304600F0FAFA10B180F30F
:103AA000098802240D4B9A6A920642BF5A6A22F490
:103AB00000525A629A6A42F0FF029A62204600233C
:103AC00088F80030BD46BDE8F0876FF01506A1E725
:103AD000040500208D0601009F08010000ED00E0B4
:103AE000A7060100E9040100DE060100FA06010054
:103AF00014070100710501002DE9F0419D4B8AB0CA
:103B0000D3F8048000AF0446C8F30806002585F307
:103B10001188BFF36F8F02F07F43B3F17F4F16D14F
:103B200002F00C03082B26D19348036859070ED0E6
:103B30006C4688B06A46914B5361914B9361032365
:103B400042F8103F4FF4C25109F0E7FAA5460025AC
:103B50002C460023FB71F31E092B00F2E580DFE801
:103B600013F00F00CB00CE00C700E300E300E3003A
:103B7000E300E300D10012074CBF0C460125E8E743
:103B80007D4E33685B070FD0E84688B06A467D4BB0
:103B900053617D4B9361032342F8103F4FF4C251B0
:103BA000304609F0BAFAC5460023FB71714BDA6A58
:103BB000900714D5336859070FD06E4688B06A460F
:103BC000724B5361704B9361032342F8103F6A4874
:103BD0004FF4C25109F0A1FAB546002358E0DA6A61
:103BE000002A07DA33685A07F7D06E4688B06A466B
:103BF000674BE6E7DB6A5B00EFD5336858070FD009
:103C0000E84688B06A46634B53615F4B9361032378
:103C100042F8103F58484FF4C25109F07EFAC546A9
:103C2000544BA1695A6942F480725A61BFF34F8FB5
:103C3000BFF36F8F5A6931F8021C22F480725A6107
:103C4000BFF34F8FBFF36F8F4DF60272914209D0D1
:103C50009A6AD2B2002A3DD0FA1D01212046FFF710
:103C600057FE47E03368590711D06E4688B0236885
:103C70006A464949516144493F48C2E90613042351
:103C800042F8103F4FF4015109F047FAB546236856
:103C9000FA79DAB907F1080604F1200C20686168A6
:103CA000324603C2083464451646F7D17A6A002DBD
:103CB0005BD0C2F3080121B96FEA52226FEA4222B7
:103CC0007A6207F108011846FFF7A0FB2837BD46C6
:103CD000BDE8F0819A6A12F47F4F04D0F91D0120EB
:103CE000FFF764FC06E09B6AB3F5803FFFF475AF15
:103CF000FFF748FD0346CBE7FA1D0021AEE7F91DAB
:103D00000020EDE71C4803685A073FF466AF6E4693
:103D100088B06A46214B5361214B9361032342F8DB
:103D2000103F4FF4C25155E7134803685B073FF457
:103D300054AF1C4A1C4B18F4F87FE8468AB018BFF1
:103D400013466A46194951611949C2E9061340F2FE
:103D500001339384103E174B16624FF4315142F8F1
:103D6000103F09F0DAF9C54637E722F4FF7222F076
:103D70000102A5E700ED00E0040500206507010051
:103D8000BB08010094070100B0080100AF07010063
:103D9000D4070100E6070100090801002908010015
:103DA0007B0801004C0701003707010051080100A2
:103DB0006808010005000001044B5A6942F0100236
:103DC0005A615A6922F008025A61704700ED00E01A
:103DD000EFF30880EFF3098101B57246FFF78CFE1F
:103DE00001BD00BF002080F31488BFF36F8F13481C
:103DF00080F3088803F0D2FE002011490860BFF369
:103E00004F8F00F033F8202080F311880D484FF0D9
:103E1000AA014FF4825209F071F90A484FF4825115
:103E2000401880F30988EFF314800221084380F3DF
:103E30001488BFF36F8F00F0FBF80000409900205A
:103E400094ED00E0C07000200749D1F890200023D5
:103E5000C2F307221846934200DB7047C1F898303E
:103E6000C1F8A0000133F6E700ED00E008B572B636
:103E7000002383F31388FFF7E7FF144B4FF0FF3263
:103E8000C3F88020C3F88420C3F88820C3F88C20AE
:103E9000C3F89020C3F89420C3F89820C3F89C205E
:103EA000C3F88021C3F88421C3F88821C3F88C218A
:103EB000C3F89021C3F89421C3F89821C3F89C213A
:103EC00062B6BFF34F8FBFF36F8F08BD00E100E014
:103ED000084B9B6883420BD1EFF3058343B1064B3C
:103EE0005A6842F080525A605A6A22F400425A627A
:103EF00006F084BEBC24002000ED00E015498A686D
:103F00004FF030001044EFF3098C80E8F01F2020C0
:103F100080F31288BFF36F8F0F4F4FF000664A692E
:103F20008A603E60D2F8B4000C4C2060D2F8B80031
:103F30000023C2F8B83080F3118804B5104600F0B1
:103F40000FF9BDE8044002F1300090E8F01F8CF357
:103F500009887047BC24002004ED00E0A423002061
:103F60001EF0040F0CBFEFF30880EFF309808169A6
:103F700011F8021C0229FFD001B5724609F0C2F8FF
:103F800001BD00BF40B2002807DB044A41090123FC
:103F900000F01F00834042F82130704700E100E04C
:103FA00040B200280CDB4309064900F01F00203313
:103FB0000122824041F82320BFF34F8FBFF36F8F60
:103FC000704700BF00E100E0054B420900F01F0010
:103FD00053F82220012303FA00F01040704700BF7D
:103FE00000E100E040B20028A8BF00F1604001F10C
:103FF0000101B8BF064B4FEA4111ACBF00F561406B
:1040000000F00F00C9B2B4BF195480F80013704714
:1040100014ED00E0044B054A23F07F039360BFF3E7
:104020004F8FBFF36F8F70470000000000ED00E07E
:1040300008B5FFF7EFFF074AD2F8883023F4700382
:10404000C2F88830FFF7BAF9FFF7C4F900F05EF85C
:1040500005F014FE00ED00E042F8203C009B42F821
:104060001C3C0A49019B42F8183C029B42F8143C54
:1040700021F001014FF0807342F8043C42F8081C23
:104080000023203A0265C0F8B8307047910F000055
:104090000A4A0346906878B113F1160FD0F8A400CD
:1040A00005D0A0F140029A4205D8834203D2814252
:1040B00028BF002070470020704700BFBC240020AC
:1040C00008B515460C4A0D4B9060D0F8B4201A6024
:1040D0000E4600F045F82C4686F309880020044B74
:1040E00098472046002100220023024C2047000070
:1040F0002FD10000910F0000BC240020A423002039
:10410000014B10221A61704700ED00E004480023C3
:104110002021C2180133302B82F80013F9D17047E7
:1041200000E100E008B5EFF30583064A103B02EB1F
:10413000C30152F8330049688847BDE80840FFF7DB
:1041400025BA00BFBCEF0000024B034A034801211F
:1041500000F0BCB8000004200000002034F500008E
:10416000D0F8A420054B403A1A60054A4021C3E923
:1041700001121846012100F0B3B800BFA8230020A7
:1041800000000B1598B503460C480268520700AFB3
:1041900010D06C4688B06A46094951610949C2E9A4
:1041A0000613042342F8103F00234FF40151FDF79A
:1041B000B1FBA5466FF01500BD4698BD0005002077
:1041C000C70801001809010010B40E4CD4F8903053
:1041D000C3F30723013B984202D910BCFFF7D2BFBB
:1041E000C4F898000B6823F01F03034343F0100347
:1041F000C4F89C308B6843F00103C4F8A03010BCB5
:10420000704700BF00ED00E02DE9F04184B00E469C
:1042100000AF984604460025B5421FDA60680028C2
:1042200035D0B8F1000F23D0411E08421BD01948E9
:1042300003685B0710D06C4688B06A46164B536122
:10424000164BC2E90635042342F8103F00234FF411
:104250000151FDF75FFBA5466FF0150210461037C0
:10426000BD46BDE8F0811F28E1D923681942DED19F
:1042700023687B6008F07EFFA368391D0343D0B23A
:10428000FB60FFF7A1FF10F1160FE5D0421C0135CE
:104290000C34C1E700050020F108010031090100DC
:1042A000044B0522C3F89420BFF34F8FBFF36F8FE9
:1042B000704700BF00ED00E0BFF35F8F024B0022AC
:1042C000C3F89420704700BF00ED00E010B5034C28
:1042D00001232278FFF798FF207010BD09380020D5
:1042E00008B50B4A00231278FFF78EFF10F1160F66
:1042F00007D0084A0021D2F89030C3F30723984230
:1043000000DB08BDC2F89800C2F8A0100130F2E747
:104310000938002000ED00E02DE9F0435E485F49D8
:10432000D0F890300D68C3F307239D4285B000F2AA
:10433000B080FFF7C1FF49680022954201F10C01EE
:104340001BD1574C574F25706846FDF7CBFEDFF861
:104350005881DFF8589106460025AE4220D12378D7
:104360004D490020D1F89020C2F307229342C0F2B9
:104370008A80FFF795FF00204FE0C0F8982051F8A1
:104380000C3C23F01F03134343F01003C0F89C3090
:1043900051F8043C43F00103C0F8A0300132CCE7EF
:1043A000009800EB05114FEA051CCB683B40B3F5C4
:1043B000000F49D00AD8B3F5001F31D0B3F5800FF4
:1043C00037D0B3F5801F13D00135C6E7B3F1007FB6
:1043D00043D0B3F1805F49D0B3F1807FF4D150F87E
:1043E0000C3088684A6808F0C5FE40F0887009E023
:1043F00050F80C3088684A6808F0BCFE40F08850DD
:1044000040F43020039001A92078CDE90123FFF783
:10441000DBFE002833DA6FF0150005B0BDE8F0834D
:1044200050F80C3088684A6808F0A4FE40EA090099
:10443000E8E750F80C3088684A6808F09BFE40F0C6
:10444000007040F40030DDE750F80C3088684A68AE
:1044500008F090FE40F08270D4E750F80C30886885
:104460004A6808F087FE40F48020CBE750F80C3013
:1044700088684A6808F07EFE40EA0800C2E72378B0
:1044800001332370A0E7C1F89830C1F8A0000133D0
:1044900068E74FF0FF30C0E700ED00E040F50000B6
:1044A000093800200000F0FF000002110000081190
:1044B000F0B587B007460E46144600211022684624
:1044C0001D460AF067FC02238DF802302A46054B90
:1044D000019321466846CDE9047607F0FDF907B05F
:1044E000F0BD00BF95D1000008B5024B1B6898478E
:1044F000002008BDB4230020034B044A18609378C1
:1045000043F0020393707047B42300207002002030
:1045100008B50649064821F00701C1F1005202F52D
:10452000802207F065FC002008BD00BFC7C900203D
:10453000B8230020044A0123C2F840354FF08042DE
:104540000020C2F87835704700E0014048B1054BC3
:10455000054A1B68B3FBF2F35843044B43F00103D5
:10456000184770470804002040420F00F0F3000095
:10457000BFF34F8F0549064BCA6802F4E06213434C
:10458000CB60BFF34F8F00BFFDE700BF00ED00E041
:104590000400FA05142870B503460C4612D80B4ADD
:1045A00012F81010D4E9000502EB4302A0FB01064B
:1045B0005278002301FB0561FBF7A2FDC4E900016D
:1045C000002070BD6FF01500FBE700BF5A09010025
:1045D00098B500AF04F0A0F90346D0B10E480268C8
:1045E00052070FD06C4688B06A460C4951610C499D
:1045F000C2E90613042342F8103F4FF4015108F0BA
:10460000D6FDA54607486FF004034362143008F056
:10461000CCFDBD4698BD00BFD00400208409010038
:10462000360C010000000020044B93F83A3013B11F
:10463000034804F01DBAFFF7CBBF00BF0000002005
:10464000DD48000098B503460E480268520700AFE7
:1046500013D06C468AB01B686A460B4951610B49FE
:10466000C2E9061340F201331384094B42F8103FAC
:104670004FF4115108F09BFDA5466FF00400BD46B4
:1046800098BD00BFD0040020A2090100A50B0100C5
:1046900004000001B0B584B000AF00237B60C7F810
:1046A00007304B79FB720B7913F020050C4625D0AF
:1046B0008A797F2A08BFFF223A73C3F3040203F00A
:1046C0001F03072B7A731BD97948026855070FD04F
:1046D0006C4688B06A46774951617749C2E906134A
:1046E000042342F8103F4FF4015108F060FDA54645
:1046F0006FF0150528461037BD46B0BDFF22DBE739
:1047000022780C2A26D8DFE802F0090719251B2594
:104710001D25251F212523000122BA716278032A55
:1047200029D0042A29D0624803685907E0D06C4692
:1047300088B06A46614B5361614B15E00222ECE799
:104740000322EAE70422E8E70522E6E70622E4E797
:104750000722E2E7564803685C07C9D06C4688B078
:104760006A46584B5361584B9361032342F8103FFC
:104770004FF4C251B9E70122FA71628844F20A018A
:104780008A4231D843F6FE718A420CD8002A55D0AD
:10479000474803685A07ABD06C4688B06A464B4B13
:1047A00053614B4BE0E7A2F57F523F3A0B2AEFD81B
:1047B00001A151F822F000BF4548000091470000D8
:1047C0009147000091470000094800009147000010
:1047D0000548000091470000914700009147000004
:1047E000914700003D48000044F214018A4227D05E
:1047F00044F228018A4225D044F20F018A42C7D1EF
:10480000032200E001223A723249012000FA03F348
:1048100091F85020DBB2002D3CD0A5797F2D13D12B
:10482000134381F85030237991F8512003F01F038E
:1048300000FA03F3134381F851300AE00222E2E761
:104840000422E0E70522DEE722EA0302787281F81B
:104850005020381D09F034FC054600283FF44AAFCB
:10486000134803685B073FF445AF23796C468AB071
:1048700003F01F036A46184951610F491562C2E9E6
:104880000613052342F8103F4FF4215108F08FFC26
:10489000A5462FE7134381F85030237991F8512032
:1048A00003F01F0300FA03F322EA0303C3E700BF88
:1048B000D0040020C6090100D40B0100040A010045
:1048C000BD0B0100E1090100CB0B01002C0A010026
:1048D000B00B0100000000205B0A0100F8B503786E
:1048E00000AF002B40F0AF80694CE36A94F850C0F1
:1048F0001CEA030F254606D1A36A002B3FD1654869
:1049000008F053FC82E0018994F89800A26D94F8B5
:104910005160A8B90121DBB20B420CD01CEA010F97
:1049200008D016EA010EB2F9000023D000EBD070D7
:10493000401010800232490089B26145ECD9DBE7B2
:10494000334015D002EB41018A42D5D0B2F9003094
:1049500003EBD3735B1022F8023BF5E732F91360E7
:10496000002EB8BF22F8130001338B42F6DBC3E7F9
:104970001846FAE70028B8BFA2F800E0DAE7236C8F
:10498000B4F84C2033B1444944489847012835D005
:1049900002284BD0B4F84C30B4F848209A4245D99C
:1049A0000133A4F84C3094F898305BBBA36D94F8B5
:1049B000522003EB4203A36594F85210A06D03F05C
:1049C0006BFF0346F0B13648026851070FD06E46C0
:1049D00088B06A46334951613349C2E9061304235A
:1049E00042F8103F4FF4015108F0E1FBB5466FF07B
:1049F00004032848636208F0D8FB03E094F8983079
:104A0000002BD9D0E36B1BB9FFF70EFEBD46F8BDF6
:104A1000BFF35B8F55E8003F5A1E45E8002100298F
:104A2000F8D1BFF35B8F012BF0DDEDE7E36B002BDB
:104A30003FF465AF94F89830002B7FF460AF1B48CB
:104A40000AF068F85BE7022B1ED103F065FF03460E
:104A50000028DBD01248026852070FD06C4688B09D
:104A60006A46134951611349C2E90613042342F807
:104A7000103F4FF4015108F09AFBA54604486FF02F
:104A80000403436214303BE7052BBFD137E700BF77
:104A9000000000201400002028000020DCEE0000B0
:104AA000D00400207F0A0100510C010060000020AA
:104AB00084090100730C0100094BBFF35B8F53E8BD
:104AC000002F511C43E800100028F8D1BFF35B8F82
:104AD0000AB9FFF7A9BD6FF00F025A62704700BF15
:104AE0000000002010B500220D4904460D480AF0D0
:104AF00005F8002003F000FE024620B12046BDE884
:104B00001040FFF79FBD01210720FFF76BFA064811
:104B1000C36813B9043008F048FB002010BD00BF83
:104B2000B94A000060000020000000202DE9F04399
:104B300085B0884602AF4FF0FF338D484FF0FF320B
:104B400005F040FAD8F80460731EFE2B13D989488B
:104B5000036859072ED06C4688B002AA864B536171
:104B6000864B9361032342F8103F4FF4C25108F083
:104B70001EFBA5461EE00024254626FA04F3DA07AC
:104B800024D503F0FFFDE040C3071DD47948036836
:104B90005D070FD06D4688B002AA794B5361774B01
:104BA000C2E90634042342F8103F4FF4015108F0E3
:104BB000FEFAAD466FF015046D4808F0F6FA20468F
:104BC0000C37BD46BDE8F0830135EDB20134082C49
:104BD000D3D145B9674803685907EBD06C4688B014
:104BE00002AA684BBBE798F81030A3F10802062A26
:104BF00019D8DFE802F02A182C1804181600022130
:104C0000012D98F8112024D0002A7BD05948036840
:104C10005E07CFD06C4688B002AA5B4B53615B4BFA
:104C20009FE70321ECE7534802685207C2D06C4665
:104C300088B002AA564951615649C2E906130423B5
:104C400042F8103F4FF4015191E70021D8E70121CC
:104C5000D6E7082A06D8DFE802F01313131313135C
:104C600013131300434803685D07A3D06C4688B054
:104C700002AB494959614549C3E906121A46DEE7C4
:104C8000D8F80030002B3DD05C68002C3AD1186871
:104C900001387F2836D83A707C701B683F4A1B0168
:104CA000013B7B80012382F898303B713A463C4BB4
:104CB000304603F09DFD044600287FF47DAFD8F810
:104CC00000206B0012B1928902FB0333D8F80C105C
:104CD000994220D227480268540710D06C468AB007
:104CE00002AA304D5561304D13620523C2E90651C9
:104CF00042F8103F4FF4215108F059FAA5466FF0E1
:104D00000B0459E7254B002083F89800244B3046CC
:104D100003F03EFDCFE7214E86F8525096F89830CA
:104D2000D8F80800B065B146FBB1D8F800309989D1
:104D30004D1CA9B203F0B0FD0446002838D00D4840
:104D4000036859073FF438AF6D4688B002AA174B85
:104D500053610A4BC2E90634042342F8103F4FF472
:104D6000015108F024FAAD4626E72946E2E700BFE4
:104D700004000020D00400209C0A0100810C0100E6
:104D8000BE0A0100DC0A01001F0B0100160C010025
:104D9000F60A0100270C0100550B0100000000205D
:104DA000DD4800007C0B0100040C01007F0A0100BB
:104DB000C446BCE80F00314D0FC5DCF800302B6055
:104DC0007462D8F80030002B55D00FCB05F1040CDD
:104DD0008CE80F00F36BC6F828C0A6F84C40002BF7
:104DE00049D0BFF35B8F59E8003F49E80042002AF1
:104DF000F9D1BFF35B8F96F89810E1B9F46B2048B6
:104E0000204A4FF4004C0023E4FB0C01FBF7C8F9E7
:104E10000022CDE90001002305F1280006F03EFA4A
:104E200019484FF0FF324FF0FF3305F0CBF800B1D7
:104E30007062746AC0E603F06FFD03460028EFD08D
:104E40001248026852070FD06C4688B002AA104977
:104E500051611049C2E90613042342F8103F4FF490
:104E6000015108F0A4F9A5466FF0040306487362E7
:104E700008F09BF9D4E7FFF7D7FBD1E72800002023
:104E80003F420F0040420F0014000020D0040020D9
:104E900084090100EB0B0100F8B545680C796B7AC9
:104EA000026904F01F04A34200AF17D85C480368EE
:104EB0005D070FD06D4688B06A465A4B53615A4B16
:104EC000C2E90634042342F8103F4FF4015108F0C0
:104ED00071F9AD466FF01500BD46F8BD2B7A002B79
:104EE0004CD002EB4400B0F8A23023F460639BB2D4
:104EF000A0F8A2300E78043E0A2E42D8DFE806F071
:104F00000A4106414132354138413B0043F40073C8
:104F1000A0F8A2306B7A012B18D902EB4402B2F848
:104F2000A23023F4E0439BB2A2F8A230087910F03B
:104F3000200F487949D0002837D18879012805D039
:104F4000032855D143F48053A2F8A2304B78042BA8
:104F500058D0334803685A07BCD06C4688B06A46BC
:104F6000324B16E043F48063D2E743F4C063CFE7EB
:104F700043F40063CCE743F42063C9E70B78092BC3
:104F8000C8D0274803685C07A4D06C4688B06A463E
:104F9000274B5361244B9361032342F8103F4FF496
:104FA000C25108F007F9A54694E7012805D1887990
:104FB00003281DD143F40053C6E7022818D188798D
:104FC000032815D143F44053BEE710B943F480439E
:104FD000BAE7012802D143F4A043B5E7022802D181
:104FE00043F4C043B0E7032802D143F4E043ABE706
:104FF0000B48036859073FF46DAF6C4688B06A46AA
:105000000C4BC6E7488800283FF466AF04480368A5
:105010005B073FF45FAF6C4688B06A46064BB8E763
:105020001C050020A80C0100460E0100F50C010033
:10503000C90C0100DA0C01000B0D01002DE9F04F45
:10504000DFF85C81DFF85C9183B000AF836E80F89D
:10505000983050F8086CD0F89030C0F8943034692B
:10506000DFF844A194F8A050D5B9E36E2068002B76
:1050700000F09180D4F88430B4F8902033B104F17A
:105080006C019847012862D002287DD0B4F8903096
:10509000B4F88C209A4277D90133A4F890305AE0C2
:1050A00095FAA5F5B5FA85F504EB45037068B3F8F4
:1050B000A21041F40141B98008F0A6F890B1D8F8E7
:1050C000003013F0060F0DD0EB4688B06A4603237C
:1050D000C2E9059A4FF4C45142F8103F404608F027
:1050E00069F8DD4640F28A2005F040FD04F1580BD6
:1050F00005F0BCFC70683A1D012108F05EF800283C
:1051000003DAA066584604F029FFB7F90430002BF3
:10511000EEDA7068BA1D002108F04FF820B1A066E1
:1051200004F1580004F01AFFD4F89820B7F90630BB
:10513000911C1B11C4F898101380FB80012294F875
:10514000A030AA4023EA020384F8A0308AE7D4F80A
:105150009C30C4F89830D4F8803004F10800002B5B
:105160003FF474AFBFF35B8F50E8003F5A1E40E836
:1051700000210029F8D1BFF35B8F012B3FF766AF09
:105180000C37BD46BDE8F08FD4F880301BB104F178
:10519000100009F0BFFC04F1580004F0DFFEEFE757
:1051A0001C050020280D01005C0E01002DE9F047D0
:1051B00082B0066902AF80460D4648364FF0FF3296
:1051C0004FF0FF33304604F0FDFE2868D8F8104059
:1051D000D8F804A080B3B0F80C80D5F80490484605
:1051E000FBF70AF808FB0000B9F1000F26D09AF887
:1051F0000920B9FA89F3C3F1200393421ED95A4812
:1052000003685B070FD06C4688B002AA574B536106
:10521000574BC2E90639042342F8103F4FF40151BD
:1052200007F0C8FFA5466FF01504304604F096FE5F
:105230002046BD46BDE8F0878046CEE72B7C0C2B90
:105240000CD0494802685507EDD06C4688B002AAD8
:10525000484951614649C2E90613DCE76B7C83B1DA
:10526000414803685C07DED06C4688B002AA424B16
:1052700053613F4B9361032342F8103F4FF4C251F7
:10528000CEE795F812C0BCF1000F08D0364803688D
:105290005907C8D06C4688B002AA384BE8E7AB681B
:1052A00043B9314803685A07BDD06C4688B002AA9A
:1052B000334BDDE7EA68B2EB400F08D22A480368B7
:1052C0005B07B0D06C4688B002AA2E4BD0E7C4F87A
:1052D0009830A946B9E80F0004F16C0EAEE80F0053
:1052E000D9F80030CEF80030C4F868C02B6804F15B
:1052F0000808A3B30FCB04F1800585E80F00E5662D
:10530000A4F890C058B3BFF35B8F58E8003F48E85B
:1053100000C2002AF9D1BFF35B8F1B49D4F880503B
:105320001A4A4FF400408E466146E5FB00E1002337
:105330007046FAF735FF0022CDE90001002308F19D
:10534000080005F0ABFF4FF0FF324FF0FF3304F1E0
:10535000580004F037FE00B1A066A46E65E7404631
:10536000FFF76CFEEFE700BF1C050020470D0100B2
:10537000710E0100710D01009B0D0100BD0D0100BA
:10538000DE0D0100F10D01003F420F0040420F0011
:10539000B0B54368056900AF0446186809F006F91E
:1053A000A0B148F28351204BA5F8A210C5F8A43053
:1053B000A5F8A810606807F027FF0446F0B92B6D28
:1053C000CBB905F1480004F0C9FD14E017480368A3
:1053D0005A070ED06C4688B06A46154B5361154B80
:1053E0009361032342F8103F4FF4C25107F0E2FEED
:1053F000A5466FF015042046BD46B0BD0B480368B6
:105400005B07F8D06D4688B06A460B4B5361094B79
:10541000C2E90634042342F8103F4FF4015107F06B
:10542000C9FEAD46E7E700BF838583851C050020E4
:105430000B0E0100390E01001D0E010098B50B790D
:1054400003F01F03032B00AF16D91D4803685C0748
:105450000ED06C4688B06A461A4B53611A4B936162
:10546000032342F8103F4FF4C25107F003FFA54653
:105470006FF01500BD4698BD0B78092B08D0104879
:1054800003685907F4D06C4688B06A460F4BE4E7CE
:105490004B78042B08D00A4803685A07E8D06C46BA
:1054A00088B06A460A4BD8E748880028E2D004480A
:1054B00003685B07DCD06C4688B06A46054BCCE7D6
:1054C00020050020970E010043100100C90C0100C7
:1054D000F50C01000B0D0100F0B585B000AF002305
:1054E000A7F801304368012604460D4618683E704F
:1054F00009F05CF8C0B9224803685A070ED06C4620
:1055000088B06A461F4B53611F4B9361032342F8D7
:10551000103F4FF4C25107F0ADFEA5466FF01204E4
:1055200020461437BD46F0BD2B0A7B706368BD7002
:10553000032218689B88BA6002227F603A73397B25
:10554000826841F0020139739468391D3246A047E0
:1055500004460028E4D00A4803685B07E0D06D46A3
:1055600088B06A46094B5361074BC2E906340423ED
:1055700042F8103F4FF4015107F07CFEAD46CFE7F3
:10558000200500200B0E010030100100AE0E0100BE
:105590002DE9F04F89B04B680F2B00AF05460C4644
:1055A00015D98C4803685A070ED06C4688B06A46F5
:1055B000894B5361894B9361032342F8103F4FF4A9
:1055C000C25107F057FEA5466FF0850B48E00B7CF3
:1055D0000C2B08D07F4803685B07F5D06C4688B079
:1055E0006A467F4BE5E74B7C43B17A4803685E0728
:1055F000EAD06C4688B06A467A4BDAE78B7C43B1D6
:10560000744803685D07DFD06C4688B06A46764B05
:10561000CFE70B6853B19B8943B16E4803685C07C1
:10562000D2D06C4688B06A46704BC2E7D4F8089076
:10563000B9F1000F19D16748036859070ED06C46BD
:1056400088B06A466A4B5361644B9361032342F806
:10565000103F4FF4C25107F00DFEA5466FF0150B39
:1056600058462437BD46BDE8F08FE368012B00F2B1
:105670008680584802685207F0D06C4688B06A4667
:105680005C4951615549C2E90613042342F8103FB1
:105690004FF40151DFE700214FF4A47009F083F9C2
:1056A0006B6887F803B018684FEA480A08F07EFF75
:1056B000A8B94848036859070ED06C4688B06A46B6
:1056C0004D4B53614D4B9361032342F8103F4FF410
:1056D000C25107F0CFFDA5466FF0120B2EE06B68AC
:1056E000FA1C1868BA6001229B88FA603A1D7A6138
:1056F0000721022287F810B0BA613977397FD0F8D4
:1057000008C011433977DCF808B007F10801D84721
:105710008346E0B12F4803685A070FD06C4688B023
:105720006A46374B5361354BC2E9063B042342F8C6
:10573000103F4FF4015107F09DFDA5462548036831
:105740005B078DD06C4688B06A462E4B35E0BB882F
:10575000DBBA1B1129F80A3008F101080136042EC2
:1057600010D1236813B94FF0000B79E75B68002B69
:10577000F9D000222146284698470128F3D14FF05E
:10578000000846466368F340DB07E7D52B691988B4
:1057900041EA063189B241F440412846FFF79CFEB8
:1057A000834600283FF477AF0A4803685C073FF45C
:1057B00057AF6C4688B06A46134B5361074BC2E93A
:1057C000063B042342F8103F4FF4015107F052FD0D
:1057D000A54645E720050020D10E01003610010046
:1057E000F70E01001D0F01003C0F01005A0F0100D0
:1057F0007C0F0100930F01000B0E01002B10010024
:10580000DB0F010003100100AC0F0100B0B502690D
:10581000032111800169426894680A8842EA4412AF
:105820000A8001690A8842F480720A8001690A8844
:1058300042F480620A80036900AF1988FFF74CFECA
:10584000044698B10B4803685B070FD06D4688B0DB
:105850006A46094B5361094BC2E90634042342F8F6
:10586000103F4FF4015107F005FDAD462046BD46FF
:10587000B0BD00BF200500201D0E01001E1001005C
:10588000084B70B5C31A0D4607499B10044659438F
:105890000648402207F0FAFC2B4601462046BDE8A8
:1058A00070401847D8230020B76DDBB688EE0000A3
:1058B00073B50C4C0C4A4023041B00930D460B4659
:1058C0000A49A41061430646094807F00AFD011E73
:1058D00005DA30462B4602B0BDE87040184702B0EA
:1058E00070BD00BFD82300204BD30000B76DDBB6DE
:1058F00088EE00000022F8B5012105461046FEF7AB
:1059000071FB104802F03AFA0446B8B902F056FAB0
:105910002F690D49384606F0DCFD031E09DB012620
:105920003E642D69084905F11C0006F0D2FD031EF6
:1059300002DA1C462046F8BDEE64FBE76FF0040473
:10594000F8E700BF795A000084F500001FB5002277
:105950000123CDE90223094ACDF800D06B46CDF8EA
:1059600004D007F0EBFC002805DB4FF48042002355
:10597000684604F027FB05B05DF804FB5DD300002A
:1059800010B5EFF31184202383F31288BFF36F8FD8
:10599000074A136823F00201DB07116002D40120DB
:1059A00008F056F884F31188BFF36F8F10BD00BF65
:1059B0002824002030B4104B0C2202FB0033014697
:1059C0000020D3E90E529863EFF31180202484F372
:1059D0001288BFF36F8F1C6C04F0C00444F0020403
:1059E0001C6480F31188BFF36F8F1DB12B460348F1
:1059F00030BC184730BC7047D823002088EE000028
:105A000010B4EFF31182202383F31288BFF36F8F5A
:105A10001748016841F002040460C80707D482F304
:105A20001188BFF36F8F012010BC08F009B84FF048
:105A30008041D1F80C04D1F80C14C907EFD5EFF36D
:105A4000118083F31288BFF36F8F0A490B6C03F048
:105A5000C00343F002030B6480F31188BFF36F8F20
:105A600082F31188BFF36F8F002010BCFFF7A2BF35
:105A700028240020D823002010B1012804D070472A
:105A8000034B1B6C5B0701D1FFF794BF704700BF4E
:105A9000D82300202DE9F0413849BFF35B8F07463A
:105AA000012251E8003F41E800200028F9D1BFF36E
:105AB0005B8F33B9324933484B60CB608A6006F064
:105AC0001BFD7B1E012B2BD8012F07D14FF08043EC
:105AD000D3F81C3403F00303012B21D008F0B3FEEC
:105AE0000546F8B9284B1B78E3B14FF080430222FA
:105AF000C3F808230646DFF894804FF08044D4F8BA
:105B00001824D4F81834D20315D503F00303012B5D
:105B100001D0012F0FD155B386F31188BFF36F8FDA
:105B2000BDE8F081EFF31186202383F31288BFF3E1
:105B30006F8F0125DFE7ADB1304607F00CFBD4F8DD
:105B40001835002BDBD1D4F80421002AD7D0C4F8B3
:105B50000431D4F804310123C4F81835C8F8803171
:105B6000A360CCE70021212008F01DFFE7E74FF0FC
:105B700080430222C3F80423D2E700BFD4230020CD
:105B8000C4230020F42300201C58002000E100E082
:105B900010B5044C2046FBF7F5F92046FEF7ACFCA7
:105BA000002010BDA95B000073B5104E8DF80700F2
:105BB0000446032501220DF10701002003F07CFEBD
:105BC00020B101233370204602B070BD3378002B22
:105BD000F9D0013D08D008F036FE0028EAD10021B6
:105BE000422008F0E0FEE5E73570ECE70A380020D7
:105BF000024B0B6001231360704700BF2C24002070
:105C000000487047A8F50000B0B503460D4802688B
:105C1000520700AF11D06C468AB06A460A4D5561F2
:105C20000A4D1162C2E90653052342F8103F0023D2
:105C30004FF42151FBF76EFEA5466FF01500BD46EF
:105C4000B0BD00BFE80400209D1001000311010059
:105C500010B5012211460648064C08F034FD08F044
:105C60000CFA206008F005FA6060002010BD00BF4B
:105C7000342400202C2400204FF08042D2F810154C
:105C8000D2F8103501F01E0123F01F030B4343F03F
:105C90000103C2F81035024B00221A70704700BF92
:105CA0000B3800204FF08053D3F83031082B20D12F
:105CB0004FF08042D2F81015CB071AD5D2F8103524
:105CC00001F01E0123F01F030B43C2F81035D2F878
:105CD00008315BB1D2F8103523F01F030B4343F0BA
:105CE0000103C2F810356FF08B007047024B0122A0
:105CF0001A700020704700BF0B3800202DE9F843D0
:105D000000AF8946154608F0B4F9294606464846CC
:105D100007F034FB034600284AD0B9FBF6F306FB34
:105D20001393C84623B9B5FBF6F406FB1454C4B16B
:105D300028480368590711D06C468AB06A46264B3A
:105D40005361264B1562C2E90639052342F8103F1C
:105D500000234FF42151FBF7DDFDA5466FF015043C
:105D60001FE0B5421DD34FF0FF324FF0FF331C4808
:105D7000DFF8709004F026F908F07BF90646FFF78B
:105D800091FF044688B9404602F0CAFA99F80030FB
:105D90000BB1FFF771FFAD1BB044F0D1104804F018
:105DA000DDF82046BD46BDE8F8836FF08B04F5E7CB
:105DB000084802685207D1D06C468AB06A460A4940
:105DC000516106491562C2E90619052142F8101F02
:105DD000BFE700BFE8040020BE100100221101004F
:105DE000342400200B3800209D1001002DE9F047DD
:105DF0000E4600AF194630461C46904607F0BEFAE4
:105E00000346D0B92F480268510710D06D468AB0BA
:105E10006A462D4951612D491462C2E906160521D1
:105E200042F8101F4FF42151FBF774FDAD466FF09F
:105E300015042046BD46BDE8F08744EA060515F086
:105E4000030511D01F4803685A07F0D06D468AB089
:105E50006A461F4B53611D4B1462C2E90636052387
:105E600042F8103F0023DDE7002CE2D01948DFF8AC
:105E700068A04FF0FF324FF0FF3304F0A3F863192E
:105E8000032BA6EB050909D8144AD2F80034DB0726
:105E9000FBD500240F4804F061F8CAE7FFF702FFC2
:105EA00060B9A8EB05034846196802F055FA9AF85C
:105EB00000300BB1FFF7E0FE043DE0E76FF08B042C
:105EC000E8E700BFE80400209D1001001211010066
:105ED000E1100100342400200B38002000E00140D4
:105EE000F0B544681646A068227C01F01F0587B013
:105EF00045EA421500286DD0B6F5001F04D12946A9
:105F000008F0ADF8002056E06268607CC2F8240515
:105F100001AA0020B6F5800F0190506037D1B3F18F
:105F2000007F14BF052304238DF804300023CDE93E
:105F300004230393E36823FA01F111F001010DF149
:105F400003073AD1B6F1A07F37D105F01F036A09E4
:105F500003F5E07326D0012A3FD1214A52F82330BD
:105F6000DB072AD4A0683A46294607F0EEFF163030
:105F70001BD00297A06803AA294607F0B2FE0028AA
:105F800019DBA0680122294608F016F8BAE7B3F138
:105F9000C06F05D0B3F1007F14BF01230223C3E714
:105FA0000323C1E74FF0A042D8E7A068394602F0CA
:105FB000B7F80028DDDA07B0F0BDA0683A462946F8
:105FC00007F0C3FF0028D5D19DF80310A06802F0A8
:105FD000A1F8CFE76FF08500EDE751F82330FFDE41
:105FE00000030050420970B5034602D0012A17D0C1
:105FF00070BD0D4E326951680029F9D003F01F03BE
:1060000001250C689D400029F2D08A682A4002D000
:106010004B68304698472CB1236821461C46F2E76E
:10602000024EE7E72346F8E7C0EE0000A4EE0000CA
:1060300038B54568A86890B107F0B6FF014670B959
:10604000A86807F095FF044658B902460649A868B3
:1060500007F078FF224605210620FDF7C3FF002048
:1060600038BD6FF00400FBE7E55F00002DE9F04369
:10607000476840F20636D0063B7C87B002EA060647
:1060800054BFC2F3401C4FF0030C01F01F05B6F5DE
:10609000837F144645EA43158DF803C045D00DD8DB
:1060A000062E16D005D8A6B1022E40D06FF01500EE
:1060B00038E0B6F5807FF9D101260AE040F20222ED
:1060C000964236D0B6F5407F35D0B6F5007FEDD19B
:1060D00002260123220303FA01F12ED57B68C3F8BF
:1060E0000815B86890BB05F01F036D092BD0012D72
:1060F00075D13D4A02EB830284F48033D2F8001755
:10610000C3F30043C4F3404444EA430421F4E1618F
:1061100044EA8C0421F0070144EA06230B43C2F849
:106120000037002007B0BDE8F0830726D1E704263A
:10613000CFE70526CDE70326CBE7630344BF7B68A3
:10614000C3F80C15CDE74FF0A042D3E70DF10202E2
:10615000294607F0FAFE14F4403F80460CD1B86897
:10616000294607F027FFB8F1000FDAD19DF8021099
:10617000B86801F0CFFFD4E74FF0000901ABCDE9DB
:106180000199CDE90439CDF80C90B86803AA2946E5
:1061900007F0A7FD4845C4DB14F4003314D084F4A1
:1061A00080349DF803308DF80E30C4F300448DF830
:1061B0000C608DF80D40B8684B4603AA294607F0DD
:1061C00048FE0028CFDAACE7CDE904330DF1030334
:1061D0000393B86803AA294607F083FDF1E703F5A6
:1061E000E07350F82330FFDE00030050B0B5416883
:1061F00003460A6900AF0446006908F0ABF805469B
:10620000C0B10E4803685B0714D023686C468AB09F
:106210006A460B4951610B49C2E9061340F201334A
:106220001384094B42F8103F00234FF41151FBF740
:1062300071FBA5462846BD46B0BD00BFF004002056
:10624000A2090100011201000400000198B511F03B
:106250000103026900AF18D1C1F34200012817D031
:1062600002281ED01148026852070ED06C4688B032
:106270006A460F4951610F499161032142F8101F8D
:106280004FF4C251FBF746FBA5466FF0150006E040
:1062900013684FF0CC70C3F8240511640020BD468C
:1062A00098BD13684FF0CD60F5E700BFF004002003
:1062B00090110100EA1101002DE9F04387B000AF11
:1062C0000C46D0F8108097F83C9015460021122219
:1062D000B81D1E4608F05EFD3A8F7A7104F0010386
:1062E00014F008023B71BE603D611AD01448036887
:1062F0005C0705D16FF085001C37BD46BDE8F08313
:106300006C4688B06A460F4B53610F4B9361032371
:1063100042F8103F00234FF4C251FBF7FBFAA546A9
:10632000E8E7A10705D4B9F1000F07D1002BE1D1AF
:106330002022391D404603F005F9DDE74022F8E749
:10634000F0040020A6110100D0110100036803F041
:106350001F025B09026004D0012B034818BF002014
:1063600070474FF0A0407047000300502DE9F04FF8
:10637000DFF87081DFF8709185B09246834600EBBC
:10638000810140F2FF17594503D1002005B0BDE857
:10639000F08FDBF800305804C3F3C322C3F30804C2
:1063A00000F19980BC4218F802604FEA136312D0E2
:1063B000192B1DD94E2B40F09180CAF8144503A823
:1063C0000394FFF7C3FF039B012505FA03F3C0F80D
:1063D00008352A4643E0192B08D94E2B7ED14FF0C1
:1063E000FF33CAF814350BF1040BCCE74FF0FF3440
:1063F000032B73D9043B152B70D8DFE803F00B1186
:10640000216F6F6F6F27546F6F6F6F6F6F6F6F6F4D
:1064100057636669631CCAF80845E4D0002504E0A8
:10642000651CCAF80C45DED0012503A80394FFF7CC
:106430008DFF039B012202FA03F3C0F80C350EE036
:10644000CAF81045631CCED00025C2E7CAF808453B
:10645000002EF7D1601CC6D000252A460626DBF8A0
:106460000030019303F40040002818BF002203A865
:10647000009218BF01250394FFF768FF039C019B5E
:10648000009A00EB8400C3F3412CD0F8004733029C
:1064900043EA8C03134304EA0904234343EA450314
:1064A000C0F800379FE7CAF80C45D1E7CAF8604545
:1064B000621CDBF8003096D0C3F30043002B7FF45E
:1064C0007EAFB1E7CAF86445F2E7CAF86845EFE77E
:1064D000CAF86C45ECE76FF0150057E76FF08500E0
:1064E00054E700BF13120100F0F8FCFF2DE9F0475C
:1064F0004568D0F81080012100AF0646686B07F0B0
:106500007EF8E96B481C35D0A86B07F056F910F1FE
:10651000130F044618D1424803685A070ED06C4640
:1065200088B06A463F4B53613F4B9361032342F867
:10653000103F4FF4C25107F05FF8A5466FF0120408
:106540002046BD46BDE8F087431D13D1344803689B
:106550005D07F5D06D4688B06A46344B5361324BC7
:106560009361032342F8103F4FF4C25107F044F8FF
:10657000AD46E5E7EB6A9847D8F830504FF001098F
:10658000D8E90C3203EBC2039D420AD308F128007C
:1065900007F078F873680021586B07F030F8002492
:1065A000CEE7286808F002F8C0B91D48036859070B
:1065B000C4D02B686C468AB019682B796A461C4D8A
:1065C000556113621B4D40F2013393841A4BC2E9AB
:1065D000065142F8103F4FF43151ACE72868297951
:1065E000EB88D0F810C0D0F808A0DCF80040DA073B
:1065F00054BF43F4B01383F4D01323F4801209FA88
:1066000001FEDB074CBF4EEA040424EA0E04CCF87A
:106610000040DAF800309847041E91DB0835AFE7F8
:10662000140500201B120100221401004A1201006F
:106630006B1201000514010005000001B0B50278DD
:1066400000AF034642B90C69D4F8802032B9E06F3C
:106650006FF0730107F03FF8BD46B0BD606F48B101
:10666000A16F39B1DB682BB1834203D0D4F88C1011
:1066700008F068FB236FD4F88020A3B19A422FD989
:10668000304803685A070ED06D4688B06A462E4BD4
:1066900053612E4B9361032342F8103F4FF4C251D4
:1066A00006F0AAFFAD46A36FD4F88020A3B19A42AA
:1066B0002FD9244803685B070ED06D4688B06A4620
:1066C000214B5361224B9361032342F8103F4FF457
:1066D000C25106F091FFAD46E06F07F00EF8BBE740
:1066E0009B1A23677BB9E36D0833E365236E013B97
:1066F000236604F1700204F1600104F15C0006F00D
:1067000068FFE066CFE7E36E002BCCD01344E3666E
:10671000C9E79B1AA3677BB9636E08336366A36EF0
:10672000013BA36604F1780204F1680104F16400FE
:1067300006F04FFF6067CFE7636F002BCCD01344A8
:106740006367C9E714050020931201006614010075
:10675000501401002DE9F04F8FB000AF9A46436806
:10676000FB608B880469894699040646934640D4A9
:106770004FF0FF324FF0FF3304F1380003F022FCFA
:10678000C4F82C907568D6F810802B687B6098F858
:10679000853023B1D8F82830994500F05481B9F8F4
:1067A00004E01EF4006F2BD08A4803685A070ED00D
:1067B0006D4688B06A46884B5361884B93610323CA
:1067C00042F8103F4FF4C25106F016FFAD466FF08D
:1067D0008505A36A13B19B889B0405D40023E3625B
:1067E00004F1380003F0BAFB28463C37BD46BDE84B
:1067F000F08F236C002BBBD1E36A9945B8D1C1E778
:106800001EF0010F1BD0734803685B0702D16FF0C5
:106810001505DEE76D468AB033686A4670495161F6
:106820006E49C2E9061340F2013313846D4B42F8FE
:10683000103F4FF4115106F0DFFEAD46E7E71EF0C2
:10684000080F10D0634803685E07E0D06D4688B03B
:106850006A46654B5361614B9361032342F8103FD5
:106860004FF4C251E7E7CEF34513082B08D059483F
:1068700003685D07CBD06D4688B06A465B4BE9E79D
:10688000D9F80030BB60BA68594B9A4208D85148D1
:1068900003685907BBD06D4688B06A46554BD9E7A7
:1068A00004350FCD07F1100CACE80F000FCDACE8AC
:1068B0000F00D7E901239A4228BF1A4695E8030042
:1068C0004D4B9A428CE8030017D24C4B9A4214D29B
:1068D0004B4B9A4211D24B4B9A4260D84A4B9A4248
:1068E0005FD84A4B9A425ED8494B9A425DD8494894
:1068F000494B4A49824288BF0B461EF0020F7B6219
:106900000EF0040353D0002B14BF0323022387F897
:106910002830CEF3001387F82930D8F80030D3F8A8
:1069200008355A1C13D01EF0020F03F01F00CEF3DF
:1069300040014FEA53134FF001023FD1002B3AD0F0
:10694000934240F04981364B8240C3F80C2598F8B9
:1069500085302BB1404602F081FB002388F885305A
:10696000304A334607F11001404607F023FC051E6C
:1069700064DA184803685E073FF42BAF6E4688B0B0
:106980006A46294B5361154BC2E90635042342F888
:10699000103F4FF4015106F02FFEB54619E7234B87
:1069A000ABE7234BA9E7234BA7E7234BA5E7003B26
:1069B00018BF0123ABE74FF0A043C5E73BB1012B64
:1069C00040F00D81164B8240C3F80825BFE74FF019
:1069D000A043F8E714050020B51201007C14010063
:1069E000D312010004000001F91201001C13010080
:1069F00047E801004F1301000048E8010024F400BB
:106A000000127A00FF083D007F841E003F420F0005
:106A10001FA107008FD0030048E8010090D00300B9
:106A2000000300503D6600008413010000093D0092
:106A300080841E0040420F0020A10700012388F837
:106A40008530C8F82890012384F88430FB68D96B1E
:106A5000481C18D0986B06F0D8FE743013D16248E9
:106A6000036813F0060F0ED06D4688B06A465F4B80
:106A700053615F4B9361032342F8103F4FF4C451BD
:106A800006F0BAFDAD46BBF1000F7AD1C4F85CB098
:106A90000023236604F1700204F1600104F15C003C
:106AA00006F097FDE066BAF1000F72D1C4F864A059
:106AB0000023A36604F1780204F1680104F1640084
:106AC00006F087FD002504F128082A4660670121A9
:106AD0004046A56506F0B6FD304606F00EFE206E77
:106AE0002A462B4683425CD10023A56E1946A94253
:106AF0005ED19A4238BF1A464FF4FA5303FB02F5AF
:106B0000A36A4FF4004C1B68B5FBF3F540F2E73085
:106B1000C83500214FF47A720023E5FB0C01F9F728
:106B20003FFB04F1480802460B46404603F04AFA90
:106B30000246002843D02C4803685A070ED06D4601
:106B400088B06A462B4B53612B4B9361032342F869
:106B5000103F4FF4C25106F04FFDAD4600252046D0
:106B6000C4F8805002F07AFA84F885506FF073010F
:106B7000304606F0B0FD404603F04AFA6FF0730568
:106B800027E6DBF80030E365002B81D0DBF804302A
:106B90007FE7DAF800306366002B89D0DAF804303A
:106BA00087E7E16D01EBC301013349680A4499E7C6
:106BB000606E00EBC10001314068034497E7A56DAA
:106BC00015F1740FCAD0002D3FF403AE30691146A1
:106BD000283006F037FDFCE5C1F80C15FFDE002378
:106BE000C3F80835FAE700BF14050020AD13010013
:106BF00086140100DB1301003014010000F01F02B5
:106C000040090DD001280ED10A4B03EB82030A4A3A
:106C1000D3F80007024042EA8102C3F80027704718
:106C20004FF0A043F1E702F5E072002353F8223061
:106C3000FFDE00BF00030050F0F8FCFF70B5012339
:106C400083400E4ABFF35B8FDC4352E8001F01EA2A
:106C5000040542E80056002EF7D1BFF35B8F4FF4D6
:106C6000803282400648C0F80823BFF35F8FBFF32D
:106C70006F8F0B4214BF0120002070BD60240020E4
:106C80000010014070B40E49D1E90034D01AC31885
:106C900044F1000422F07F46C1E90034A6F5001358
:106CA000B3F5400F09D2074B1B681A0A1B069C1943
:106CB000054B42F10005C3E9004570BC04F0F4B98E
:106CC00060180020642400206818002011B3BFF36E
:106CD0005B8F0123104A834052E800CF4CEA030C3B
:106CE00042E800C10029F7D1BFF35B8F0B4A4FF494
:106CF00080338340C2F80433094BBFF35B8F1B68BA
:106D0000BFF35B8FC340DB0742BF064B4FF400323B
:106D1000C3F80021704700BF60240020001001402C
:106D20005C24002000E100E00D4B1868010A000619
:106D3000BFF35F8F0B4BD3F80435181841F10001F6
:106D4000B3F5801F0AD2084BD3E90023904271EBC0
:106D5000030303D210F1807041F10001704700BFBE
:106D60006424002000100140681800202DE9F04F35
:106D700085B016461F469DF840A00446FFF75EFF0B
:106D80000190FFF7D1FFB04271EB070354D23E4BA5
:106D9000301A67EB0101984271F100014FD23B4B71
:106DA00003EB0413D3E902239F4208BF96425ED04F
:106DB00037494FF4803804F1500508FA04F8AD0063
:106DC000C1F848832046ADB206F047FD26F07F4B60
:106DD00005F1804504F5A87305F58835DC464FF0CC
:106DE00003090293029A2CF07F4341F82230C1F844
:106DF0004483D1F80435274A6FF00200C01A60447A
:106E000020F07F40904232D9286868B1D1F804352B
:106E10000393A3EB0B0020F07F40B0F5000F26D9C1
:106E2000204606F01AFD039BBAF1000F07D109EBCB
:106E3000030C09F10109D5E7BAF1000F09D06FF091
:106E4000150520460199FFF741FF284605B0BDE82A
:106E5000F08F0123104ABFF35B8FA34052E8000F6D
:106E6000184342E800010029F8D1BFF35B8F0749BE
:106E70000E98230101EB0412C8500F9B5360C2E926
:106E800002670025DDE700BF0100800050180020E8
:106E900000100140FDFF7F005C2400207FB51C4CEA
:106EA0001C4BC4F80833C4F848331B4B00254FF083
:106EB000FF304FF0FF31C4F80855C3E902014FF429
:106EC0008033C4F80433154B02264FF400320121FD
:106ED000C4F804631120C3F880212A46FDF782F824
:106EE0001120FDF74FF80E4A0123A36023601360C1
:106EF0000C4B0D4A0093CDE9015500232846FFF7BE
:106F000035FF3046FEF7C6FD284604B070BD00BF11
:106F10000010014003000F005018002000E100E0C5
:106F200060240020856C0000FFFF7F002DE9F743FF
:106F30002F4CD4F8043399070BD5D4F8043143B15E
:106F40002C4A0023C4F80431D4F804311368013307
:106F50001360D4F80433DA0329D5BFF35B8F264BD3
:106F600053E8002F22F0010143E800100028F7D178
:106F7000BFF35B8FD30702D4D4F84031BBB10025F7
:106F8000C4F84051D4F84031FFF7CEFEEFF3118240
:106F9000202383F31288BFF36F8F184BD3E9026766
:106FA000B042B94106D282F31188BFF36F8F03B0AC
:106FB000BDE8F0834FF0FF384FF0FF39C3E9028995
:106FC000D3E900101D604FF48033C4F84833C4F88F
:106FD0004051D4F8403182F31188BFF36F8F0029FC
:106FE000E5D0009032463B4628468847DFE700BFA1
:106FF00000100140642400205C2400205018002070
:1070000030B5431C124C85B005D08442A8BF04465D
:10701000012CB8BF0124FFF787FE0E4B0C4DD3E9BE
:107020000013401AB0F5000F10D22218AA4228BF50
:107030002A4652184FF0000007490091CDE901009F
:1070400043F10003FFF792FE05B030BD2A46F0E79A
:10705000FFFF7F0060180020856C000008B5FFF777
:1070600063FE024B1B68C01A08BD00BF60180020F9
:1070700010B5084C012363601120FCF791FF064B0B
:10708000C4F80833C4F84833044B4FF40032C3F853
:10709000802110BD0010014003000F0000E100E05E
:1070A00000487047D4F6000090B587B000AFFB1DD4
:1070B000F971BB601446012307F1080207F11001C2
:1070C000C7E90423FB6006F0E7FB0346C8B10F489D
:1070D0000268520712D06C468AB06A460C49516168
:1070E0000C49C2E9061340F206231362052342F855
:1070F000103F4FF4215106F0CCFBA5461C37BD468E
:1071000090BD204607F036FAF8E700BFDC04002007
:10711000AC140100F2150100F0B50C1E8DB005464F
:1071200000AF4DDB4668B16A04EB030C614547D301
:107130000121C7E90A234FEA244C07F1080364BA86
:10714000C7E90431FC8007F120033C1D87F805C026
:10715000BC604FF0000C0424BB6102233971C7E905
:1071600008C4FC60FB6106F09EFB314651F8040B3D
:1071700007F1180307F1100206F07FFB04462869A7
:1071800006F0ACFBC4B1104803685B0712D06D4633
:107190008AB06A460D4B53610D4BC2E9063440F28A
:1071A0001D131362052342F8103F4FF4215106F0DE
:1071B00070FBAD466FF0040420463437BD46F0BD89
:1071C0006FF01204F8E700BFDC040020AC140100EB
:1071D0005F15010090B58DB000AFD723FB71FB1D8B
:1071E000BB60B962012307F10801C7E9041300225B
:1071F0000146C7E90823FB60022207F12003C7E923
:10720000063251F8040BFA6207F1180307F1100275
:1072100006F033FBC0B10E4B1A68520712D06C4611
:107220008AB06A460B4951610B49C2E90610C02178
:107230001162052142F8101F18464FF4215106F043
:1072400028FBA5466FF004003437BD4690BD00BF53
:10725000DC040020AC140100BA1501002DE9F04F48
:107260008FB0066945687449706400AF044606F142
:10727000100007F0C9FA002386F84030286807F0AC
:1072800095F9F8B96D480368590714D02B686C4616
:107290008AB01B686A466A4951616A49C2E90613A5
:1072A00040F201331384684B42F8103F4FF4115100
:1072B00006F0EFFAA5466FF0120528463C37BD46AA
:1072C000BDE8F08F2B7E23B1E86807F06FF9002846
:1072D000D8D0204606F0E7FAAA8F6068AB21FFF706
:1072E000E3FE656805F13F037B609F23FB7207F1B6
:1072F0000B0301263B6107F110090023C7E90A3699
:10730000C7E9069607F10C0A4FF0030B07F12808AE
:10731000022329467E61C7F830A0C7F834B0C7F809
:1073200020807B6251F8040B07F1200307F118025B
:1073300006F0A3FA0346C0B140480268520711D0D4
:107340006D468AB06A46414951614149C2E9061316
:1073500096231362052342F8103F4FF4215106F0A3
:1073600098FAAD466FF004050CE05A46514605F117
:107370003F0007F064FC70B3304803685E0705D136
:107380006FF01205206906F0A9FA96E795F83F60BC
:1073900095F8401095F8413097F80C8097F80DE07B
:1073A00097F80EC06D468EB06A46DFF8A890C2F816
:1073B0001490DFF89C9013630923C2E90A61C2E9C3
:1073C0000698C2E908EC44F6400142F8103F06F086
:1073D00060FAAD46D4E7204BBB6107F11803D4F83F
:1073E00004A03B6204237B6207F12003C7E90A364D
:1073F00049465046FFF7EEFE05460028C2D13B8ABB
:10740000D907BFD44146504606F046FA034668B154
:107410000A4802685207A5D06D468AB06A460B49F1
:1074200051610E49C2E90613EE2392E7204606F0A9
:107430007CFA0028A6D095E7F7D80000DC040020ED
:10744000D81401000016010004000001AC14010072
:10745000E3150100F11401003D2A80A6CF150100BB
:1074600090B587B000AF13147B713B1DBB60042344
:10747000FB6007F10803397152BA3B6104460123EE
:1074800040687B6107F11001FA8006F005FA0346B7
:10749000D8B111480268520712D06C468AB06A46C9
:1074A0000E4951610E49C2E9061340F29D13136261
:1074B000052342F8103F4FF4215106F0EAF9A546A2
:1074C0006FF004001C37BD4690BD204606F02DFA33
:1074D0000028F7D0F4E700BFDC040020AC14010062
:1074E000811501002DE9F0470D1E86B0064600AF5C
:1074F0009046C0F2BB80D0F80490AB18D9F8282091
:107500009A42C0F0B380B9F8363095FBF3F203FB32
:107510001252002A40F0AD80B8FBF3F203FB128355
:10752000002B40F0A68006F0BEF999F83830002B09
:107530005AD1D9F82830434556D14F4B7B603B1D7B
:10754000BB600423FB6007F108033B617068012303
:1075500007F110017B6106F09FF9034600B347482D
:107560000268520712D06C468AB06A46444951619B
:107570004449C2E906134FF4BF731362052342F86E
:10758000103F4FF4215106F084F9A5466FF0040432
:10759000306906F0A3F920461837BD46BDE8F087EC
:1075A000304606F0C2F904460028F1D0EEE7D9E9EA
:1075B0000BA32BB1AB421CD8554501D2AAEB030A51
:1075C00099F83930BBB9D04515D30AF1FF332B42B6
:1075D00011D12A467C213046FFF742FF554404462C
:1075E000A8EB0A08002CD3D1B8F1000FDFD1444634
:1075F000CEE79A46E4E7B9F83430434502D8013B78
:107600002B421BD0B9F83630434523D91B480368B9
:107610005B0710D06C468AB06A461B4B53611B4B0C
:107620001562C2E90638052342F8103F4FF4215194
:1076300006F02FF9A5466FF01504A9E72A46502158
:107640003046FFF70DFFB9F8343004461D44A8EB6F
:107650000308C7E7013B2B42D8D12A468121304697
:10766000FFF7FEFEB9F836300446EFE76FF012047C
:1076700091E76FF015048EE7C794809ADC04002030
:10768000AC140100921501002E150100A515010092
:107690002DE9F04FB1F1000A89B0054600AF16465A
:1076A0001C465FDBD0F804800AEB0301D8F82830D1
:1076B0008B4257D306F0F7F84FF05809002C3FD013
:1076C000B8F83610686887F804904B4203EA0A035A
:1076D0000B44A3EB0A034FEA2A41A34279719AFAB9
:1076E0009AF128BF2346F98007F110019B46B96043
:1076F0003B1D02213B61F960042307F10801C7E942
:107700000536C7F81CB006F0C7F8014600B31748A5
:1077100003685B0712D06C468AB06A46144B53610B
:10772000144BC2E9063140F239131362052342F8C3
:10773000103F4FF4215106F0ACF8A5466FF0040459
:10774000286906F0CBF820462437BD46BDE8F08F07
:10775000284606F0EAF80028F0D15E44DA44A4EBAB
:107760000B04ABE76FF01204EDE700BFDC04002070
:10777000AC14010073150100F7B51E461B680446E2
:1077800083FB043408466946CDE900341546FCF70E
:1077900001FF0746E0B9019C0099C5F12002B5F14F
:1077A000200304FA02F221FA05F141EA02015CBF6A
:1077B00044FA03F319432C41CDE9001411F10041BF
:1077C00044F1000414B1044804F0B6FB009B33609C
:1077D000384603B0F0BD00BF34160100F0B5504E7E
:1077E00085B0336803F00703022B02AF044610D9BB
:1077F0006D4688B002AA4B4B53614B4B93610323F8
:1078000042F8103F00234FF4C6513046FAF782F891
:10781000AD46206906F050FF236903F18C02DA6659
:10782000226902231367226902F18C01C2F88010D9
:107830002269C2F884306368186806F0B7FE034610
:10784000C0B9326851070FD06C4688B002AA3749D8
:10785000516135499161032142F8101F30484FF4BE
:10786000C251FAF757F8A5466FF0120528460C37B3
:10787000BD46F0BD616851F8040B83681B689847EA
:107880000546A8B133685A07F0D06C4688B002AA02
:10789000274B5361244BC2E90635042342F8103FBD
:1078A0001F4800234FF40151FAF734F8A546DDE7ED
:1078B000A368391D5B6820469847054638B1336890
:1078C0005B07D3D06C4688B002AA1A4BE1E7636825
:1078D00079689B6922698B42ACBF0023012382F83F
:1078E0009830636826695C69002C06F1180613DD80
:1078F0004FF4004C40F2E73029464FF47A720023EF
:10790000C4FB0C01F8F74CFC02460B46CDE9002302
:10791000304603F0C3FCA9E700221346F6E700BF98
:10792000E0040020581601003B1701007216010008
:1079300084160100EFF80000F0B583B0054600AFF3
:1079400000694FF0FF324FF0FF330E4606F000F8AB
:107950006B6829691868783183685B6898470446C2
:10796000D8B11C4803685A0710D06E4688B06A46E2
:10797000194B5361194BC2E90634042342F8103FF6
:1079800000234FF40151F9F7C5FFB546286905F00A
:10799000E1FF20460C37BD46F0BD2A696968B2F99F
:1079A0008C3092F888205B007B600B68097B9868BC
:1079B0003B1D0089FFF7E0FE044640B1054803681F
:1079C0005B07E3D06E4688B06A46054BD1E77B681B
:1079D0003360DBE7E0040020AC1601001117010062
:1079E000CB160100F0B583B0054600AF00694FF03B
:1079F000FF324FF0FF330E4605F0AAFF6B6829698E
:107A00001868643183685B6898470446D8B11C489D
:107A100003685A0710D06E4688B06A46194B536106
:107A2000194BC2E90634042342F8103F00234FF4F7
:107A30000151F9F76FFFB546286905F08BFF204625
:107A40000C37BD46F0BD2A696968B2F98C3092F8EE
:107A500074201B017B600B68097998683B1D0089C5
:107A6000FFF78AFE044640B1054803685B07E3D090
:107A70006E4688B06A46054BD1E77B683360DBE72A
:107A8000E0040020AC160100F7160100CB1601003F
:107A90002DE9F04182B00469A36800AF5B68391D2D
:107AA000204698470646C0B1234803685B0710D0BC
:107AB0006C4688B06A46214B5361214BC2E90636B9
:107AC000042342F8103F00234FF40151F9F722FF3D
:107AD000A5460837BD46BDE8F08120694FF0FF326A
:107AE0004FF0FF3305F034FF2069626890F898503A
:107AF000D0F894807B68ADB192699A4202DC05F0BF
:107B000029FFE6E780F898602369D3F890600125A3
:107B1000206905F01FFF002EDBD042462946204693
:107B2000B047D6E7D2699A42E9DA012380F8983063
:107B30002369D3F89060EBE7E0040020EFF8000041
:107B40002E170100BFF34F8F0549064BCA6802F498
:107B5000E0621343CB60BFF34F8F00BFFDE700BF70
:107B600000ED00E00400FA054FF08053D3F8302117
:107B7000082A06D1D3F83431052B02D8024AD05C4A
:107B800070470020704700BF56170100024AD2F824
:107B90000034002BFBD0704700E0014010B54FF0DF
:107BA0008053D3F83021082A4ED14FF08042002173
:107BB000C2F80C11C2F81011C2F8381502F5404293
:107BC000D3F80414C2F82015D3F80814C2F8241509
:107BD000D3F80C14C2F82815D3F81014C2F82C15D9
:107BE000D3F81414C2F83015D3F81814C2F83415A9
:107BF000D3F81C14C2F84015D3F82014C2F8441569
:107C0000D3F82414C2F84815D3F82814C2F84C1538
:107C1000D3F82C14C2F85015D3F83014C2F8541508
:107C2000D3F83414C2F86015D3F83814C2F86415C8
:107C3000D3F83C14C2F86815D3F84014C2F86C1598
:107C4000D3F84434C2F87035FFF78EFF18B13F4BBC
:107C50003F4AC3F88C26FFF787FF18B13D4BFB2244
:107C6000C3F81825FFF780FF70B14FF080414FF047
:107C70008053D1F8E42ED3F8583222F00F0203F0EB
:107C80000F031343C1F8E43EFFF76EFF20B1324B00
:107C90004FF40072C3F840264FF08053D3F83031D0
:107CA000082B1AD14FF08043D3F80024D20744BFE9
:107CB0006FF00102C3F800244FF08053D3F8343141
:107CC000052B02D8254AD35C3BB14FF01023D3F8E3
:107CD00008224FF08043C3F858254FF01021D1F807
:107CE0000C32DB0714D51E480123C0F80435FFF71A
:107CF0004DFFD1F80C3223F00103C1F80C32FFF72D
:107D000045FF0023C0F80435FFF740FFFFF71AFFD7
:107D1000D1F80032002B03DBD1F80432002B14DA47
:107D20000F4901234FF01020C1F804351224FFF74A
:107D30002DFFC0F80042FFF729FFC0F80442FFF70B
:107D400025FF0023C1F80435DEE710BD00500040D8
:107D50004881030000F000400090024050170100ED
:107D600000E00140014B00201B68184768240020F8
:107D7000014B1B68184700BF6824002010B50C4C4D
:107D8000237993B9012323710A4B2060002818BF7F
:107D9000184600F05BF850B923680748002BBDE88F
:107DA000104008BF184600F0A1B86FF0770010BD72
:107DB00068240020657D0000717D000008B5064B39
:107DC0001B683BB10020FCF7FFF818B9BDE808407C
:107DD000FCF7D8B808BD00BF682400204FF08053DE
:107DE000D3F83021082A06D1D3F83431052B02D834
:107DF000024AD05C70470020704700BF5C1701004A
:107E000038B54FF080440123C4F808336360002381
:107E1000C4F80031D4F8003142F21075D4F80C24C3
:107E2000D4F80C34D20307D5DB0705D5012005F0C3
:107E3000CAFD013DF2D138BDFFF7D0FF0028FAD0CE
:107E4000014B00225A71F6E77024002010B5084952
:107E50000C794CB9012308600B71FFF7BFFF08B91B
:107E6000002010BD4C71FBE76FF07700F9E700BF11
:107E7000702400204FF080430022C3F80021D3F883
:107E80000021094901221A60096811B1C3F80423CD
:107E90007047D3F80021002AFBD00022C3F800214C
:107EA000D3F80031704700BF7024002010B54FF0A8
:107EB0008043D3F80423D20715D5D3F8002192B11B
:107EC0000022C3F800210121D3F80021C3F80813D0
:107ED000FFF784FF044B10B15A7922B95971BDE8FC
:107EE00010401B68184710BD70240020074A137902
:107EF00043B90121106011714FF080421846C2F859
:107F0000183570476FF07700704700BF7824002065
:107F100010B54FF080431D4CD3F81814D3F8182433
:107F200011F4803F19D002F00302012A03D00AB1F4
:107F300005F09FFD00224FF08043C3F81825002272
:107F4000C3F80421D3F8042101229A60226872B98F
:107F5000D3F80421002AFBD011E0D3F81424D10770
:107F6000E8D5D3F81C249207E2D422681AB1022281
:107F7000C3F8042310BDD3F80421002AFBD000224B
:107F8000C3F80421D3F80431F4E700BF78240020BB
:107F9000F8B54FF08043194FD3F80443012504F09E
:107FA0001A04002604B9F8BDB4FA84F0C0F11F0029
:107FB000830003F580739BB203F1804305FA00F25E
:107FC000196824EA02040029ECD01E601B684FF0F7
:107FD00080430128C3F808230CD1D3F81824D3F820
:107FE0001824920706D10222C3F81805C3F8042307
:107FF0009860D7E73B68C0B29847D3E77824002061
:10800000036803F01F025B09026004D0012B0348E0
:1080100018BF002070474FF0A04070470003005089
:10802000034A430900F01F00D35C1844C0B27047F4
:1080300062170100034611F0010030B5CCB213D134
:10804000A207C4F3400020D5124AD2F82005586098
:108050004FF08053C2F82005D3F83031082B15D0EB
:10806000003818BF012010E04FF0A0414FF08055BC
:10807000D1F820251A60C1F82025D5F83051082DF7
:1080800008BFD1F82015002ADAD030BDD2F820354B
:10809000E6E700BF00030050F7B504460846FFF7C7
:1080A000BFFF06B204EB46060D46B38ADB072BD5AD
:1080B000204605F0F3FD2946204605F04DFD58B158
:1080C000204605F05FFD276800B207EB8003002221
:1080D000C3F81025C3F810252946204605F07BFD7E
:1080E0000021B18201A80195FFF78AFF019B00EBF7
:1080F0008300074BD0F80027134043F00203C0F879
:108100000037084603B0F0BD6FF01500FAE700BF76
:10811000F0F8FCFF014805F076BC00BF0C0400201D
:1081200010B504480C4605F050FC0028A4BF207090
:10813000002010BD0C0400202DE9F04F804689B0CE
:1081400058F804ABDAF80413C9B28346082241F0A8
:108150000041504605F07AFD051E2BDA002303216D
:1081600006A8CDE90633FFF765FF644B01930DF1D7
:1081700018090023019A009312F8013B604901920B
:10818000DA0803F007038A5C22FA03F3DA071AD449
:10819000009B09F10409A3B14FF0004100225046B1
:1081A00005F054FD032106A8FFF744FF0028DCD1A9
:1081B00025F000450124002D40F08A8009B0BDE87B
:1081C000F08F0123D6E7009B4E4A13440293D9F85F
:1081D00000100029DCD0029B91FAA1F11C78B1FAC1
:1081E00081F141EA44142046FFF71AFF0BEB4000EF
:1081F0000594878AC808BB0819F80020039301F08A
:108200000701012303FA01F122EA010209F8002023
:1082100005A8FFF7F5FE059A039B02F5E072C7F388
:10822000820650F822205B073746C2F3014233D55D
:10823000D6B240463A46214605F0AEFC05A8059464
:10824000FFF7DEFE059B03F5E07350F82330C3F320
:1082500001439E4207D10021204605F06EFC3146C5
:10826000204605F06AFC05A80594FFF7C9FE059BAA
:10827000012202FA03F3C0F820354FF08053D3F8FF
:108280003031082B01BFD0F82035D0F82035D0F898
:108290002035D0F820359AE7022A0DD10321204657
:1082A00005F04BFC06F00503012BDCD13A462146D4
:1082B000404605F071FCD6E702212046039205F006
:1082C0003CFC032EF2D0039A032ACCD1022EECE719
:1082D00095FAA5F3B3FA83F304FA03F225EA02054B
:1082E00003F5A2720BEB43035AF82220B3F87C107B
:1082F000C2F30142404605F04FFC5CE772170100F3
:1083000010F7000072170100044AD2F80034DB07AE
:10831000FBD50160BFF35F8F704700BF00E00140F5
:108320004FF080531A69B0FBF2F302FB13036BB9F1
:10833000084B0222C3F80425C3F80805D3F800242B
:10834000D207FBD50020C3F8040570476FF00C007E
:10835000704700BF00E0014010B5054C0123C4F890
:108360000435FFF7D1FF0023C4F8043510BD00BF6A
:1083700000E0014080F08003042B04D8054B034447
:1083800013F8800C704707289ABF034B185C002035
:10839000704700BF7A1701007F17010030B50B4B03
:1083A000012493F8305000220823204203D02542B4
:1083B00008D00132D2B2013B4FEA4404F5D10A7031
:1083C000184630BD6FF01500FBE700BF8024002089
:1083D000054B93F82E00431E012B03D9043818BF18
:1083E00001207047002070478024002010B5164AF5
:1083F00016490020C2F8000591F82F40D2F8043346
:1084000081F82E400C6823F033030CB143F02303B2
:10841000C2F81C01D2F81C41C2F81801D2F8184168
:10842000C2F80801D2F8082191F83320D00791F85A
:10843000342048BF43F08003D207034A48BF43F0CB
:108440004003C2F8003310BD0070004080240020BB
:1084500070B50D4A002392F8301001251E4618B958
:108460000BB182F8301070BD90FAA0F3B3FA83F329
:1084700005FA03F40C3302EB430320EA0400DE8028
:1084800021EA04010123EAE78024002073B50023D8
:10849000044601AA0E464FF48071019305F0F1FDE8
:1084A0004FF48A71204605F0ECFD4FF482710546C9
:1084B000204605F0E6FD20B11EB115B1144BD3F8EE
:1084C000343601AA4FF48471204605F0DAFD4FF4EA
:1084D0008671204605F0D5FD4FF48871204605F0E1
:1084E000D0FD0C4B234083B14FF48E75294601AA71
:1084F000204605F0C6FD291F083589B22046ADB2D9
:1085000005F0BFFDB5F5AE7FF0D1019802B070BDAA
:1085100000700040C0FF3F002DE9F04F9A464FF039
:10852000805393B0D3F830411C9D082C43D1D3F82D
:108530003431052B03D8444CE35C002B3BD00DF1C8
:10854000080C0AAF414C3E46E046002304EB031EF4
:108550000133DEF8189548F8049B082BDEF81CE57B
:1085600046F804EBF2D1D4F8F065D4F84036019324
:108570004FF0010E0023D4F84496D4F84886C4F88E
:10858000FC3FC4F8FCEF314C5CF804BB04EB031E69
:108590000133CEF818B557F804BBCEF81CB5082B3C
:1085A000F2D1019BC4F84036F6B2C4F84496C4F840
:1085B0004886C4F8F065264B002483F8334083F8DE
:1085C00034409C601C611D6083F831009C831F4B0C
:1085D000C3F8F015C3F8F4254DB32322C3F80023E4
:1085E0001B4D1A4E0021012707FA01F303404FEA01
:1085F00001121FD002F1804303F5E043EC7F95F8B0
:108600001EC0C3F810C5C3F81445534632440131A7
:10861000D2F8184524F0807444EA03630829C2F8AC
:10862000183505F10205DFD113B0BDE8F08FC3F8AE
:108630000053D5E702F1804404F5E044C4F8103556
:10864000C4F81435E2E700BF741701000070004061
:1086500080240020F8B50446067A4779417AC0792B
:10866000FFF788FE10B96FF01500F8BD214A01F13F
:108670000C0502EB4503012F987139D13046FFF705
:1086800079FE0028EFD002EB4505E871E378A07889
:108690001B03000200F4E06003F4805303432078DE
:1086A00000F0030003432079000400F4E0200343BA
:1086B0006078000100F030000343A079000600F06C
:1086C000807003436079000500F4801003430801C3
:1086D00000F1804000F5E040C0F81835012303FAAE
:1086E00001F192F830300B4382F830300020BCE7C3
:1086F0000020C8E78024002070B51F4D95F82E405B
:10870000002C36D10126FF2085F82E60FFF7A0FE51
:108710001A4B1B49C3F80041D3F80021C3F80441A8
:10872000D3F80421C3F81041D3F81021C3F8144141
:10873000D3F814311C239A0806FA02F212F0330F10
:108740001FBF03F1804202F5E242146012681A1F53
:10875000920806FA02F212F0330F1CBF5C505A580E
:1087600008335C2BE7D10720FBF70CFC00202860C6
:1087700070BD6FF07700FBE78024002000700040A0
:10878000FC700040014B93F83000704780240020BB
:108790002DE9FF4105460F4616469846FFF718FE9D
:1087A000F8B90DF10F012846FFF7F8FD0446A0B90E
:1087B0000D4BC3F8F805331E18BF01233246CDF820
:1087C000008039462846FFF7A7FE084B9DF80F208A
:1087D00083F83220022283F82E20204604B0BDE820
:1087E000F0816FF00F04F8E7007000408024002053
:1087F0002DE9FF4707469946FFF7EAFD8A461446EA
:10880000064600283DD10DF10F013846FFF7C6FDA1
:10881000054638BB63889DF80F803BB3B8F1010F64
:1088200032D8B9F1000F2FD02278637812B1B3FAA1
:1088300083F67609CDF8009051463846FFF76CFE76
:108840006388134A0BB143F48053C2F8F835114BD7
:1088500083F83280227983F83520042283F8366049
:1088600083F82E20284604B0BDE8F087227863788C
:10887000002ADFD0002BDDD1B8F1010F04D801268A
:10888000D8E76FF00F05EDE76FF08505EAE700BF69
:10889000007000408024002030B51D4A1369044652
:1088A0006BBB00F06043B3F1005F2BD192F8325004
:1088B000B1FBF5F305FB131038BB0BB2002B24DD25
:1088C00092F82E30052B06D8032B0BD8022B0ED096
:1088D0006FF0760030BD062BFAD10E4BC3F82C4654
:1088E000C3F8301693683BB1C2E90441F2E78D4208
:1088F0000BD1C2E90245EDE7C2E90241EAE76FF0B8
:108900007700E7E76FF00C00E4E76FF00600E1E7BF
:1089100080240020007000402DE9F341514CA368F1
:10892000002B00F09B8094F82E20022A06D0042A07
:1089300031D06FF0760002B0BDE8F0814A4D0126DB
:10894000C5F800652168E26849B1032184F82E105A
:10895000C5F82C36C5F830262E600020EBE7C5F8A8
:108960002C36C5F830262E6005F0A2FB08346E6068
:1089700021460220FFF78AFD0028F9D03A4B002259
:10898000C3F80821D3F80811C3F80C21D3F80C114F
:10899000C3F80025E1E7344D4FF00108C5F8008524
:1089A000276857B1052284F82E20E268C5F82C36D6
:1089B000C5F83026C5F80080CFE7A18B94F83220A7
:1089C000019203EB41030093C5F82C36C5F830261D
:1089D000C5F8008005F06CFB94F8363063BB224D7F
:1089E00001236B6069460220FFF750FD0028F9D093
:1089F0000023C5F80831D5F80821C5F80C31D5F8A1
:108A00000C21A18B94F832200A44E16892B28A4288
:108A1000A28321BF154AA383D2E90201236124BFA7
:108A2000C2E900011846104B4FF0000238BF6FF04A
:108A30000F00C3F800257EE7D5F8F465F6B208FA12
:108A400006F6013EBE42CAD9C5F8048000210420C2
:108A5000FFF71CFD0028F9D00137F3E76FF00B009A
:108A600069E700BF802400200070004088240020B7
:108A7000F8B50246FFF7ACFC002851D12A4E2B4C2A
:108A800096F82E3086F82F30072386F82E300123F3
:108A90007260C4F80035D4F80453C4F80003E360EE
:108AA0003AB125F0C00545F03305C4F80053002065
:108AB000F8BD00211020FFF7E9FC0028F9D00023C1
:108AC000C4F80431D4F80431194BC4F82C3601270A
:108AD0000223C4F83036276005F0EAFAA7600021C7
:108AE0002020FFF7D3FC0028F9D0104B0022C3F858
:108AF0000421D3F80411C3F80821D3F80811C3F8EE
:108B0000002596F82F1086F82E10C3F81C21D3F8F4
:108B10001C11C3F81821D3F81821C3F80053C6E775
:108B20006FF00F00C4E700BF8024002000700040F9
:108B3000982400207FB56449634E3320FFF7A6FCDC
:108B400010F0100F05460BD0604B1022C3F808231D
:108B5000B218C3F82C260222C3F8302601221A606C
:108B60005B4CAA0694F82E300ED5072B574A05D039
:108B7000D2F834369BB2E36000232361D2F8043389
:108B8000DB0601D5FFF732FCA8071AD594F82E2092
:108B9000A16802910023E1688DF80430062AADF83F
:108BA0000C101AD0072A39D0032A0AD1474AC2F832
:108BB0000035C2F80035022384F82E30236801A85E
:108BC0009847E90751D594F82E30033B042B4CD835
:108BD000DFE803F05C4B2B43600094F8353023B1A1
:108BE000236913B1394B01221A60236801A8984701
:108BF000384B93E8030086E8030000232361A36851
:108C0000002BDED1314AC2F80035C2F8003504230A
:108C100084F82E3005238DF80430CFE7FFF7E6FB0C
:108C200002238DF804306368C9E704238DF804300B
:108C300001A823689847254BD3F8F825D20444BFF0
:108C400001225A602269062384F82E302AB11F4B74
:108C50006169C3F82C26C3F8301623692BB90323A6
:108C60008DF8043001A82368984794F82E30072B1C
:108C70000AD0164B1848D3F8043300211840FFF7E8
:108C800005FC012685094DB904B070BD0F4B0122CA
:108C90005A60EAE70D4B01229A60E6E795FAA5F3E0
:108CA000B3FA83F306FA03F225EA02055A08DB4316
:108CB00003F001038DF809308DF8046023688DF806
:108CC000082001A89847DEE78824002000700040B3
:108CD0008024002090240020C0FF3F004FF08053EC
:108CE000D3F83021082A06D1D3F83431052B04D823
:108CF000034AD05C7047002070470120704700BFD6
:108D000087170100036803F01F025B09026004D0AB
:108D1000012B034818BF002070474FF0A040704758
:108D20000003005070B54B7F04460D467BB1012314
:108D30004361642600220221204605F0E3F920B9B0
:108D4000012004F040FE013EF4D100236B77AB7F9D
:108D50005B0720D54FF08052D2E94C23082A1BD163
:108D6000052B19D80E4AD35CB3B14FF0FF32002364
:108D7000D4F80805D4F80C15C4F80035C4F8082553
:108D8000C4F80C250922C4F80025C4F80035C4F83D
:108D90000805C4F80C1570BD0023C4F80035FAE7C7
:108DA0008D1701000F4B984219D00DD80E4B9842E9
:108DB00015D007D80D4B984211D00D4BC31A58420D
:108DC000584170470B4BF9E70B4B984207D004D83A
:108DD0000A4B984203D00A4BF0E70A4BEEE701201A
:108DE000704700BF80841E0020A1070048E80100F2
:108DF00090D0030040420F000024F40000093D0021
:108E000000127A000048E80137B51446421C0546B6
:108E100018D0012902D1BBB105F0B2F901A8019522
:108E2000FFF770FF019B0A4A00EB8300A300D0F814
:108E3000005743EA41030B432A40134343F4407372
:108E4000C0F8003703B030BD05F0A7F9E6E700BF72
:108E5000F0F8FCFF2DE9F84F91F8213007460C4659
:108E6000002B00F0968091F822806569674B9D4247
:108E700000F0A88000F29880654B9D4200F0A5802C
:108E800000F28A80634B9D4200F0A280624B9D42BB
:108E90000CBF4FF080654FF0804594F8232097F881
:108EA000223062F3000387F82230227CDBB262F3C7
:108EB000410387F8223094F823600EBB237E20689C
:108EC000012B94BF0023012301213246FFF79CFFB1
:108ED000606833463246FFF797FFA27EA0683346AC
:108EE0003146FFF791FF237CE06883F001033246AF
:108EF0000121FFF789FFE0690B463246FFF784FF47
:108F000094F82130002B6CD04FF0FF337B6294F843
:108F1000211094F812E0207E627E00296BD0E66872
:108F2000217C94F8249094F820C03B68B9F1000F9C
:108F300012D1D4E900BAD4F80890E469C3F808B5AE
:108F4000C3F80CA5C3F81095C3F86C45C3F81465B5
:108F5000C3F86815C3F86485003A18BF01220228D7
:108F6000C3F8C0E5C3F8245548D0032849D00128E8
:108F700001D142F00202C3F85425C3F860C57B68F2
:108F8000002B41D03868BDE8F84F40F30730FAF7BE
:108F9000F9BF4FF0020868E7204B9D420CBF4FF02D
:108FA00080554FF0804578E71D4B9D4213D01D4BF7
:108FB0009D4213D01C4B9D420CBF4FF000454FF01B
:108FC00080456AE74FF0005567E74FF0006564E7BA
:108FD0004FF0007561E74FF020655EE74FF0A05558
:108FE0005BE7E3687B62227C97F8223062F34103FF
:108FF00087F822308BE74FF0FF3692E742F0040209
:10900000B9E742F00602B6E7BDE8F88F80841E009B
:1090100020A1070048E8010090D0030040420F0063
:109020000024F4000048E80100127A00431C07B550
:109030000ED0019001A8FFF765FE019B00EB8300B5
:10904000054BD0F80027134043F00203C0F8003767
:1090500003B05DF804FB00BFF0F8FCFF38B5044630
:10906000006840F30730FAF79BFF636843B121467D
:109070001A4A51F8043BC3F808232068FFF752FE50
:109080002368D3F80805D3F80C15D3F8105594F8D5
:109090002230DB0714D4FFF7C9FF2846FFF7C6FFCD
:1090A0000846FFF7C3FF606AFFF7C0FF2368D3F8E5
:1090B0006C05D3F81415FFF7B9FF0846FFF7B6FFA4
:1090C000FFF70CFE28B1064A2368934204BF012231
:1090D0005A60002384F8203038BD00BF52010800D8
:1090E00000F00240F0B590F8213085B005460E46FC
:1090F0001746002B40F0CC8043682BB112F0140FC0
:1091000004BF012380F8213096E80F0005F1100418
:1091100084E80F00686A441C05D095F8223099074E
:1091200017D505F02DF831682C6821B101F06043A6
:10913000B3F1005F06D1B36873B103F06043B3F1DC
:10914000005F09D0002385F821306FF00C0005B0D6
:10915000F0BD05F022F8E6E7FFF7C0FD38B34E4B4F
:109160009C4224D14FF080437268D3F8000E4B4BE1
:109170001860E2B14A4821F4FF5323F01F038342F1
:1091800074D85018DFF81CC1C3F34F3101228A4054
:10919000002103F50053984241EA02014FEA4202DE
:1091A00001D96345F5D34FF08043C3F8001E17F093
:1091B000010318BF0123C4F8503517F0020318BF8C
:1091C0000123C4F8403596E80F00EC468CE80F0008
:1091D000039BC4F84405C4F84815C4F83425C4F802
:1091E00038350023C4F8183117F01C0FD4F81831A3
:1091F0003FD1D4F80035073B18BF012395F8222052
:1092000017F0080663F382024FF0070385F8222067
:10921000C4F800350CD16A680123236142B9D4F83F
:109220001831002BFBD062464021204604F06AFF33
:109230006B681BBBFFF752FD40B1174B9C4201BF4F
:10924000164B1A684FF08043C3F8002E686A421C20
:1092500005D095F822309B070DD504F09EFF1EB96E
:10926000291D2046FFF75EFD002070E74FF4807156
:1092700099E70123C2E704F083FFF0E717F0040F3A
:109280004FF0400314BFC4F80833C4F80433EBE7CD
:109290006FF00F005BE700BF00F00240B824002031
:1092A000FFFF00200020012070B50246044652F85E
:1092B000105B4021284604F025FF38B3FFF70EFD70
:1092C00040B1134B9D4201BF124B1A684FF08043CF
:1092D000C3F8002E606A421C05D094F822309B0728
:1092E00011D504F05AFF94F821301BB1211D2846F6
:1092F000FFF718FD2046002300F80C3FD4E90131A8
:10930000BDE87040184704F03BFFECE770BD00BFBC
:1093100000F00240B824002030B500F01F044009DE
:1093200011D0012812D10C4800EB84001B02D0F8A8
:1093300000570A4C43EA82022C4042EA4101214391
:10934000C0F8001730BD4FF0A040EDE704F5E07421
:10935000002353F82430FFDE00030050F0F8FCFF38
:1093600013B5394B01930023C0F80431D0F8042120
:10937000C0F82431D0F82421C0F81C31D0F81C21C9
:10938000C0F80831D0F80821C0F800324B6381F8EA
:109390002F300123036291F82D209A4218BF836079
:1093A0004B6B8A6A934204460ED24A6AD35CC0F879
:1093B0001C350B6803B340F286238B608B68C4F8BE
:1093C0000433002002B010BD91F82C3013B10123FA
:1093D000C361EEE70B6A13F0400F4FF0010316BFB5
:1093E000C361436181F82D30E3E7204604F002FFBA
:1093F00028B1019B013B0193019B002BF5DC91F807
:109400002F0058B9019B002BDCDC0023C4F8003589
:109410000523C4F800356FF08B00D3E7D4F8C434CB
:10942000C4F8C43463B19A075ABF03F001008C3802
:109430006FF0040013F0040F18BF6FF00A00E1E7AB
:109440006FF08B00DEE700BFA086010013B5314B43
:1094500001930023C0F80431D0F80421C0F824316E
:10946000D0F82421C0F81C31D0F81C21C0F80831F4
:10947000D0F808214B6381F82F308B6A012B04460A
:1094800017D10B6A580614D40223C4F80032012302
:10949000236291F82D20022A18BF23600B688BB13C
:1094A00040F286238B608B68C4F80433002002B03E
:1094B00010BD0123E9E7204604F09CFE28B1019B82
:1094C000013B0193019B002BF5DC91F82F0058B96B
:1094D000019B002BEBDC0023C4F800350523C4F806
:1094E00000356FF08B00E2E7D4F8C434C4F8C4341C
:1094F00063B19A075ABF03F001008C386FF0040083
:1095000013F0040F18BF6FF00A00E1E76FF08B0053
:10951000DEE700BFA08601000368094AC3F80823FC
:10952000D3F8002222F00302C3F800220022C3F87D
:109530000025012380F8323080F83420704700BFC6
:10954000864204002DE9F04190F831308046012B2D
:1095500058F804EB04460D46164605D10B78012B4E
:1095600007D16FF076000FE0022B02D10B78012BB0
:10957000F7D11E4BCEF8083394F8343033B1E3689A
:10958000CEF804336FF00F00BDE8F08186F00403DD
:10959000C3F3800384F834306662AC46BCE80F0045
:1095A00004F110070FC7DCF800303B606B68E36222
:1095B000EB68A3626B78CEF888352B78012B10D03E
:1095C0006BB9C6F3401684F8306041467046FFF729
:1095D000C7FE6368002BD7D184F83430D4E7012666
:1095E000F1E741467046FFF731FFF2E7864204009B
:1095F000036803F01F025B09026004D0012B0348DB
:1096000018BF002070474FF0A04070470003005083
:10961000F7B5064604F02FFF084604F02CFF01A81A
:109620000196FFF7E5FF019B2F4D00EB83000C46F1
:10963000D0F80037019440F20D612B400B43C0F885
:10964000003701A8FFF7D4FF019B00EB830001273F
:10965000D0F800372B400B43C0F80037042004F04B
:10966000B2F9092501A80194FFF7C2FF019AD0F8C9
:109670001035D340DB0715D401A80196FFF7B8FFDA
:10968000019B07FA03F3C0F80C35042004F09BF9A2
:10969000304604F0F0FE013D042004F094F915F08A
:1096A000FF05DFD101A80194FFF7A2FF019A012372
:1096B0009340C0F80C35042004F085F9204604F0EE
:1096C000DAFE042004F07FF901A80194FFF790FF6F
:1096D000019AD0F81035D34013F0010F0CBF6FF092
:1096E0008B00002003B0F0BDF0F8FCFF08B5124B72
:1096F000A8220021184605F04DFB03220346026113
:1097000042610E480E4A98614FF48051DA6100229E
:1097100019629A625A62DA6218660A48586699664D
:1097200009491A67DA665A6711F8010D985401322F
:10973000102AF9D108BD00BFA00500209317010031
:109740001C4800201C380020AC1701002DE9F84F00
:10975000DFF8808098F80030532B82468946164601
:1097600001D0FFF7C3FF182707FB0A873D6FD7F823
:109770006CB05D452BD9BC6E796E641BB44228BFBA
:10978000344629444846224605F0DCFABB6E25449F
:10979000A144361BAB4208BF0025ABEB050B5E4571
:1097A00028BF5E4656B1182303FB0A833246596E22
:1097B0004846294405F0C6FA3444354424B11823F8
:1097C00003FB0A88C8F870502046BDE8F88F0024D3
:1097D000E3E700BFA00500202DE9F84FDFF87C800B
:1097E000182606FB008E00FB06664644DEF8244081
:1097F000DEF828C07368A44507468946154603EB82
:10980000040022D8DEF820B0ABEB040A0AF1FF33E3
:109810009A4203D805F096FA2C440FE063449A422A
:1098200019D852462C4405F08DFAB4EB0B0405D040
:109830007068224609EB0A0105F084FA182303FB3D
:10984000078301205C62BDE8F88F0CF1FF3CACEBB4
:10985000040C9445DED20020F5E700BFA0050020EF
:10986000F8B5144B182700FB07751D4407FB0033A0
:109870000E46DB6A012B14460AD0022B14D023B902
:10988000284604F005FE844208D900242046F8BD8D
:10989000284604F0FDFD844228BF04462246314696
:1098A000284604F0FEFDF1E72846BDE8F84004F044
:1098B00013BE00BFA0050020F8B50B4B1B78532B3F
:1098C00004460E46174601D0FFF710FF04F045FE90
:1098D0003A46054631462046FFF7C2FF0446284671
:1098E00004F043FE2046F8BDA0050020034B1822DB
:1098F00002FB0033D86E1B6FC01A7047A005002012
:10990000034B182202FB00339A6A586A801A704788
:10991000A00500202DE9F843144C1F462378532B53
:1099200005468946904601D0FFF7E0FE022D1AD881
:1099300004F013FE6DB1182605FB0663E21844F827
:109940000390C2F8048006FB05420023176293626D
:109950005362182303FB0544089BE36204F005FEF1
:109960000020BDE8F8834FF0FF30FAE7A0050020A3
:1099700010B4084A08490023C85C12F8014D84421B
:1099800004D10133102BF7D110BC704710BCFFF786
:10999000ADBE00BFAC170100A0050020B0B5044665
:1099A00000AFF7F725FE0B4803685B070FD06D4645
:1099B00088B06A46084B5361084B9361032342F811
:1099C000103F00234FF4C251F7F7A4FFAD462046E5
:1099D00004F0F7FD04050020AD1701009B180100FD
:1099E0002DE9F047044600AF0D46EFF3118920231F
:1099F00083F31288BFF36F8FDFF8EC803B4AD8F80F
:109A00000030966859076BD0042898BF384B117CFA
:109A100094BF53F82030374BEA468CB06A4636483C
:109A20005061C2E90831354840F202431385344B96
:109A3000C2E9060442F8103F2B4800234FF451516D
:109A4000F7F768FFD546C5B1EB69D8F80020C3F336
:109A5000080393B152072CD0EA4688B06A46294BD6
:109A60005361264B9361032342F8103F1E480023A5
:109A70004FF4C251F7F74EFFD546D8F800305B07D8
:109A800017D026BB2048E8468AB06A461F4B536170
:109A90001A4B1062C2E9063640F2024393841C4B13
:109AA00042F8103F104800234FF43151F7F732FFCE
:109AB000C54629462046FFF771FF89F31188BFF399
:109AC0006F8F3046FAF704FABD46BDE8F08730469E
:109AD00004F0BFFE0028D5D00378002BD2D0D2E707
:109AE000002DB1D1E5E700BF04050020BC24002013
:109AF00014F70000C0170100D61701008D180100EF
:109B00000600000102180100CE170100271801000D
:109B10000500000138B50A4B53F82040013053F8D6
:109B20002050A54200D838BD606830B1037EDB0705
:109B300001D404F023FD0834F3E723689847FAE7DB
:109B400028F7000070B52A4B2A4C2B4D012286B015
:109B500003201A70FFF7DEFF05F068F80420FFF716
:109B6000D9FF2646AE4204F1300410D300F02EFF98
:109B7000204C224EAC4226D300F03CFFF6F75CFDB1
:109B80001F4A137B23F00103137306B070BD54F812
:109B90000C3C059354F8103C049354F8143C039384
:109BA00054F8183C029354F81C3C019354F8203CA0
:109BB000009354E90A2354E90C0100F031FC54F8F5
:109BC000303C5E65CDE7D4E90A23B3F1FF3F08BF1F
:109BD000B2F1FF3F05D052EA0301206803D100F043
:109BE000E3FF3034C6E73146183001F0CDF9F8E72D
:109BF0001C5800203CF100003CF1000073E900001B
:109C00003019002070B5174E174D184986B0C02383
:109C100003FB0066164B059301220F23CDE90332A7
:109C20000023CDE90133142303FB005504464FF410
:109C3000046000FB04110F4B00954FF400623046A6
:109C400000F0EEFB737B0C4AEE6023F004037373A9
:109C50004FF4825304FB033313442C746B6006B03F
:109C600070BD00BF70180020BC24002000810020BF
:109C7000B518010093E60000C0700020BFB50020B9
:109C8000FFF748FF294B83F30888294C294F636964
:109C900043F4007363610025E02384F82230E57704
:109CA00025766576A57684F82050636A43F4E02330
:109CB000636284F82350FAF77FF8FAF721FA4FF03D
:109CC000FF33A362E362FAF727FBFAF73DFAF7F7EF
:109CD000CDFB1948194C00F04DFC0120FFF71AFF8D
:109CE0000220FFF717FF00F0B9FE154B15495C6124
:109CF000154B05930123CDE903534FF480523B46A6
:109D0000CDE901550095204600F08AFB627B0646AE
:109D100022F004022046627304F0E8FD2846FFF7B3
:109D200071FF3A4631462046FAF7CAF90081002011
:109D300000ED00E0459B0000F019002030190020E4
:109D4000BC2400204089002095F9000038B5064C5D
:109D5000064D0020AC4200D338BD204604F039FC4B
:109D60000028F9DB1C34F5E7240500202405002039
:109D700073B50C46EFF31181202585F31288BFF3EC
:109D80006F8FC5685DB125602B68C360836901333F
:109D90008361002081F31188BFF36F8F11E052EAD5
:109DA000030603D125606FF00B00F3E7CDE9002334
:109DB0000246083000F032FD18B9034B9B681B695E
:109DC000236002B070BD00BFBC2400202DE9F34128
:109DD000044617461E46EFF31188202383F31288AA
:109DE000BFF36F8FC368334A7BB180689168884244
:109DF00019D057EA060318D188F31188BFF36F8F83
:109E00006FF00F0002B0BDE8F081916891F90E107B
:109E100021610133E3609368A36088F31188BFF385
:109E20006F8F0020EEE72169F2E791F90E1090F9AB
:109E30000E309942A8BF19466FF07E029142B8BF1A
:109E400011468B422DDD04F02FFC0546CDE900764E
:109E500019482246414600F0E1FC0028E1D0EFF32A
:109E60001186202383F31288BFF36F8FA068D0B1CF
:109E7000236821699C420AD04BB193F90E30994274
:109E8000A8BF19466FF07E039942B8BF194604F087
:109E90000BFC40B10848314600F054FD6FF00A0059
:109EA000B0E70025D2E7002DF4D186F31188BFF387
:109EB0006F8FF3E7BC2400201D580020F8B583689D
:109EC0000546002B40D0234A926893423FD1C36895
:109ED000012B03D9013BC3600020F8BDEFF31187CC
:109EE000202383F31288BFF36F8F0169806804F029
:109EF000DBFB2C68AC4207D10023C5E9023387F3B2
:109F00001188BFF36F8FE7E7002CF5D0D4E900325A
:109F100013605A60637B002623F002036373C4E975
:109F20000066A66004F1180004F0BAFDAC6094F974
:109F30000E302B612046C4F8BC6004F0D7FC064804
:109F4000394600F0FFFCC7E76FF01500C5E74FF09A
:109F5000FF30C2E7BC2400201D58002070B5EFF38D
:109F60001186202383F31288BFF36F8F0468A04209
:109F70001BD0D4B1D4E9003213605A60637B002552
:109F800023F002036373C4E90055A56004F11800CF
:109F900004F086FD2046C4F8BC5004F0A7FC31460E
:109FA0000748BDE8704000F0CDBCD0E902329A42CB
:109FB00018BF0133836086F31188BFF36F8F70BDC4
:109FC0001D58002013B5EFF31181202484F312886B
:109FD000BFF36F8F846844B1013C846081F31188C2
:109FE000BFF36F8F002002B010BD52EA030406D108
:109FF00081F31188BFF36F8F6FF00F00F3E7CDE9A6
:10A0000000230246014800F009FCECE71D5800203F
:10A010002DE9F0410546EFF31187202383F31288E1
:10A02000BFF36F8F00231E466FF00A082C68A5420D
:10A0300016D0ACB1D4E9003213605A60637BA660DD
:10A0400023F002036373C4E9006604F1180004F00E
:10A0500027FDC4F8BC80204604F048FC0123E5E756
:10A060000022AA602BB139460548BDE8F04100F056
:10A0700069BC87F31188BFF36F8FBDE8F08100BF23
:10A080001D5800202DE9FF414F4E04462027EFF3D5
:10A09000118887F31288BFF36F8FD4F8C450F5B9D5
:10A0A000022104F1DC0004F01AFB002868D004F15E
:10A0B000D40500220121284604F096FC0028F8D19E
:10A0C000002302934FF0FF324FF0FF33CDE900231E
:10A0D000414604F1CC023D4800F032FED7E7D4F807
:10A0E000C8202B68C4F8C430954208BFC4F8C830F3
:10A0F000D4F8DC3043F00203C4F8DC30EB6823F022
:10A10000040343F00103EB606B6888F31188BFF32D
:10A110006F8F28469847EFF3118887F31288BFF3B3
:10A120006F8FEB68D80623F0010236D4EA60EB6843
:10A130009A0716D5306823F00203EB6088B10368F4
:10A14000002170B14268954235D1036869BB7268DD
:10A150003360824200D17360002340F8083BFFF770
:10A16000FDFED4F8DC3023F00203C4F8DC3088F3C1
:10A170001188BFF36F8FDB0589D400F077FC86E789
:10A18000D4F8DC30D9069BD5C4F8DC0088F31188FC
:10A19000BFF36F8F04B0BDE8F08123F01103EB60D3
:10A1A00005F11000FFF7DAFEC1E70B607368834228
:10A1B00008BF7160D0E723B11A68014618461346FC
:10A1C000BFE71A46F9E700BFE02400201D58002031
:10A1D000F8B5C3689A0704460F46C3F340062ED469
:10A1E0005B071CD40B680BB983680B60E368DD0761
:10A1F00044BFA3683B603D684CBF02260126002D8A
:10A200003CD0204B9A68D5F8C0309A420AD0D5F895
:10A21000DC30D807C3F3800214D46FF01206002399
:10A220003B6025E004F00FFBD5F8DC300028F0D1CE
:10A23000D907C3F3C002F0D552B15B0708D46FF061
:10A240000F06ECE7002AFAD1C3F3C003002BF6D1C6
:10A2500000232360D5F8C83063B9C5E931442846E6
:10A2600004F057FAE36843F00403E3603B68A3603B
:10A270003046F8BD1C60C5F8C840F0E76FF0150621
:10A28000CDE700BFBC2400200146014804F0ACBA71
:10A29000D01A0020F0B589B004460020C4E931008E
:10A2A0000E9D04F1CC00C4E9330004F1D400C4E9EC
:10A2B000350055B32879002840F2011008BF01206D
:10A2C000C4F8DC0000204FF0FF364FF0FF37CDE937
:10A2D0000330CDE90100CDE906670D4B009420461F
:10A2E00000F01CF955B1296811B1204600F046F87C
:10A2F0006B791BB1237B43F001032373204600F0ED
:10A3000053FCC4F8C04009B0F0BD0120D8E700BF3D
:10A3100085A00000F7B50C46019016461D46EFF3E8
:10A320001187202383F31288BFF36F8F084604F050
:10A33000E1F955EA060309D101A92046FFF748FFD4
:10A3400087F31188BFF36F8F03B0F0BDE36807494F
:10A3500043F00803E360019BA36232462B4604F1FD
:10A36000100000F011FE0120EAE700BF87E70000BF
:10A3700001460148FFF7CEBFD01A002010B50446B1
:10A3800008B9054B9C681F2204F1840004F067FCA7
:10A39000002084F8A30010BDBC2400202DE9F84F54
:10A3A0000C46A1B39AB390F80D90DFF86880571E61
:10A3B0000846B9F1000F25D0DFF85CA00025B8F8F9
:10A3C00004B019EA0B0F19D0B8F80630D8F800100D
:10A3D0007E1B9E4228BF1E46324604F0B3FC2E442C
:10A3E00039EA0B0904EB06000CD0BD1B012D28BF78
:10A3F00001252A46514604F0A5FC354408F1080819
:10A400006019DCE7002303702046BDE8F88F03489D
:10A41000FBE700BF40F70000BD18010081FF00000E
:10A420002DE9F04FD51D85B025F0070504461F46E0
:10A430007F3500F15803C0E9163325F03F05129B24
:10A44000237300200E46119BDDF838B0DDF84C80F8
:10A45000A06004213F2DC4E906006173A373E0737B
:10A4600006F1400AA5F1400905D880F31188BFF331
:10A470006F8F084602DF4A463544AA21504604F051
:10A4800089FC29462046F9F761F80730109B20F037
:10A490000700C4E929A9C4F8AC0002930F9B2D1A48
:10A4A000CDE900B32A463B4631462046F9F7D4FDB4
:10A4B0000F9BA3674FF00009109BC4F85490C4E9A8
:10A4C0001C7B84F86C90E367EFF31182202181F309
:10A4D0001288BFF36F8F104E316AC4F88010346257
:10A4E00082F31188BFF36F8FB8F1000F11D01F22D4
:10A4F000414604F1840004F0B2FB84F8A390B368F1
:10A500000BB1D3F8B030C4F8B030284605B0BDE880
:10A51000F08F84F88480F2E7BC240020F0B587B087
:10A5200000250595109D04950F9D03950E9D0295A0
:10A53000DDE912760D9D01950C9D00950446FFF70F
:10A540006FFFB6F1FF3F08BFB7F1FF3F05D056EAF6
:10A55000070305D1204600F027FB204607B0F0BDD9
:10A560003A46334604F11800014900F00DFDF4E7C6
:10A5700073E9000040F2011310B583810023C0E9A4
:10A580002933044600F0F8FE014B9C6010BD00BF6B
:10A59000BC2400200A4A93686FF00A01C3F8BC107B
:10A5A0000849C3F8B8004B6843F080534B60002360
:10A5B00083F31188BFF36F8F9368D3F8BC007047A3
:10A5C000BC24002000ED00E070B590F90D20437B25
:10A5D000002A36DBD90634D11B4C63F07F032246B8
:10A5E000437352F8183FE169934207D1C0E9002153
:10A5F0000860E06111E09942F8D01B68002BF5D0AB
:10A6000090F90E5093F90E60B542F4D0AE42F2DDEF
:10A610005968C0E9003108605860A569954200D0CA
:10A6200005B9E568A3685A7BD20604D1DA897F2A86
:10A6300001D9AA6932B1AB4202D0284600F0C2FB70
:10A64000656170BD6361FCE7BC24002038B590F9FA
:10A650000D20437B002A014604DA03F07F03437395
:10A6600004F00AF90D4D2A46AB6852F8184F94428F
:10A6700000D004B9EC688B4207D05A7BD20604D1D3
:10A68000DA897F2A01D9A2692AB1A34202D02046E1
:10A6900000F098FB23466B6138BD00BFBC2400204E
:10A6A000B3F1FF3F08BFB2F1FF3F03D002491830BA
:10A6B00000F06ABC704700BF73E9000038B5194C60
:10A6C000A168E0690B68814214BF1A4600224968FC
:10A6D0000B605960A368E1692AB9134AC3E90021F4
:10A6E0000B60E3610CE093F90E0092F90E50A84262
:10A6F00014D0854212DD5168C3E900210B6053601C
:10A70000A569094B9D4200D005B9E568A3689D4243
:10A7100002D0284600F056FB656138BD9142DCD07E
:10A720001268D9E7BC240020D4240020F8B5394CA5
:10A73000A2688242074624D1EFF305830BBBEFF3F7
:10A740001186202383F31288BFF36F8F537B03F0AE
:10A750007F0343F01003537304F08EF8234653F83D
:10A76000185F9D4200D005B9E568A3689D4202D0FC
:10A77000284600F027FB65613046BDE8F840FFF74A
:10A7800009BFEFF31185202383F31288BFF36F8F86
:10A790007B7BD90604D585F31188BFF36F8FF8BD95
:10A7A000D90943F0100219D17A73A6691A4B9E4257
:10A7B00000D006B9E668A368B34202D0304600F084
:10A7C00001FBA36866619F42E5D1EFF30583002B8F
:10A7D000E1D13A7BD2070AD42846CEE703F07F03C3
:10A7E00043F010037B73384604F046F8DDE785F349
:10A7F0001188BFF36F8F83F31188BFF36F8F04232A
:10A80000184602DFEFF31180202383F31288BFF391
:10A810006F8FB2E7BC240020D4240020F8B50E4B83
:10A820000C4611460D4A98681060DDE90667EFF3A3
:10A830001182202282F31288BFF36F8F9D68284611
:10A8400004F02CF8284632463B46FFF729FF204605
:10A85000BDE8F840FFF79EBEBC240020E82400209D
:10A86000F8B50446EFF31187202383F31288BFF372
:10A870006F8F437B03F01F02002A0CBF01260026C6
:10A8800049B239D103F07F03437303F0F5FF2C4D38
:10A89000437B817363F07F032A46437352F8183F6A
:10A8A000934227D1E869C4E900200460EC610FE01D
:10A8B0009842F8D01B68002BF5D093F90EC0614583
:10A8C000F6D08C45F4DD5968C4E900310C605C6059
:10A8D000AC69944200D004B9EC68AB689C4202D0E9
:10A8E000204600F06FFA6C6187F31188BFF36F8F19
:10A8F0003046F8BDE869DEE79B071ED5856803F0A2
:10A90000BBFF81732B689D4209D16B68C4E900537A
:10A910001C606C60E8E76A689342F6D01B68002B05
:10A92000F3D093F90E209142F5D08A42F3DD5A68B4
:10A93000C4E9003214605C60D6E78173D4E700BFDD
:10A94000BC24002049B9EFF3058030B9054B5A69A2
:10A950009B689A4201D0FFF71DBE81F31188BFF3B7
:10A960006F8F7047BC24002010B5EFF311842022B4
:10A9700082F31288BFF36F8F427BD10604D484F335
:10A980001188BFF36F8F10BD22F010024273FFF7E2
:10A990001BFE21460248BDE81040FFF7D3BF00BFB1
:10A9A0001D580020034648B9EFF3058232B9064A24
:10A9B00051699268914201D0FFF7ECBD83F3118891
:10A9C000BFF36F8F704700BFBC240020EFF31181ED
:10A9D000202383F31288BFF36F8F054B9A68D37BD4
:10A9E000013BD37381F31188BFF36F8F704700BFB2
:10A9F000BC24002070B5EFF31186202383F3128866
:10AA0000BFF36F8F144DAB68DA7B0132DA732A46DD
:10AA100052F8184F944200D004B9EC685A7BD20621
:10AA200004D1DA897F2A01D9A2692AB1A34202D0CE
:10AA3000204600F0C7F923466B6186F31188BFF307
:10AA40006F8FEFF31180202383F31288BFF36F8F92
:10AA5000BDE87040FFF7A6BFBC240020024B03F105
:10AA60001802C3E906227047BC24002070B5EFF33A
:10AA70001186202383F31288BFF36F8F1B4CA168CC
:10AA8000E0690B68814214BF1A46002249680B60D6
:10AA90005960A368E1692AB9154AC3E900210B602E
:10AAA000E3610CE093F90E0092F90E50A84218D021
:10AAB000854216DD5168C3E900210B605360A5692A
:10AAC0000B4B9D4200D005B9E568A3689D4202D0BA
:10AAD000284600F077F965613046BDE87040FFF721
:10AAE00059BD8A42D8D01268D5E700BFBC240020E7
:10AAF000D4240020F8B550EA010306460C4603D1E1
:10AB0000FFF7B4FF0020F8BDEFF31187202383F394
:10AB10001288BFF36F8F124D124BA8681860FFF7B1
:10AB200095FDA868104923463246183000F02CFAEB
:10AB3000AA68537B43F00403537304463846FFF777
:10AB400029FDAB68D3E90A23B3F1004F08BF002AFF
:10AB5000D8D103F0CDFF201A20EAE070D3E700BF80
:10AB6000BC240020E824002073E900000C490D4AB1
:10AB700038B500244FF400458C462146C0FB05C182
:10AB800000236046F5F70CFBC117FFF7B3FF054A3A
:10AB900047F6FF73C0FB0234DB0B43EA444038BD89
:10ABA0003F420F0040420F0038B50446EFF31185D5
:10ABB000202383F31288BFF36F8F437B5B070FD58E
:10ABC000183003F06DFF637B23F0040320466373AA
:10ABD000FFF7FAFC29460548BDE83840FFF7B2BE4A
:10ABE00085F31188BFF36F8F38BD00BF1D5800205B
:10ABF000014B9868704700BFBC2400202DE9F84342
:10AC00000446077BEFF31185202383F31288BFF3FB
:10AC10006F8F437B190705D585F31188BFF36F8FBD
:10AC2000BDE8F883D90943F0080260D14273A368F4
:10AC300013B1204603F028FE04F1180003F030FFA2
:10AC4000A66D04F15808B04511D04FF0000976B157
:10AC5000304603F019FE06F1180003F021FFC6F894
:10AC6000BC903046FFF7B0FCA66DB045EFD1DFF8E1
:10AC7000C480D8F808309C4241D1EFF30589B9F17E
:10AC8000000918BF4FF00109D8F818602A4A964207
:10AC900000D00EB9D8F80C60B34202D0304600F0B4
:10ACA00091F82046C8F8146002F03EFA204600F001
:10ACB000DBF8B9F1000F02D02048FFF75BFCD8F8B1
:10ACC00008309C4231D1EFF3058373BB227BD2075E
:10ACD00018D42846FFF75EFCFB07A1D5002383F3B9
:10ACE0001188BFF36F8F0423184602DF98E703F043
:10ACF0007F0343F00803437303F0BEFD97E74FF073
:10AD00000009C1E785F31188BFF36F8F83F31188C2
:10AD1000BFF36F8F0423184602DFEFF31180202367
:10AD200083F31288BFF36F8FD4E785F31188BFF3E5
:10AD30006F8FD1E7BC240020D4240020F01900201C
:10AD4000D3B5DDE90667089CCDE90067FFF766FD2E
:10AD50001CB1034B9B681B69236002B0D0BD00BFD0
:10AD6000BC240020427B12F01F02034610D10A4986
:10AD700088420DD00949086868B1D9897F2909D866
:10AD800093F90E20064B1B689A42B8BF002070470B
:10AD900000207047104670477018002010040020F3
:10ADA000EC240020044BC01A044BC0105843044B41
:10ADB00001221A54704700BFB01A0020ABAAAAAAF9
:10ADC0001D58002070B50D4B0D4D1E7CFFF7CAFFBE
:10ADD00006EB460305EBC3050446284603F060FE78
:10ADE000084B00229A553CB1621E28460649BDE830
:10ADF0007040D31700F0C8B870BD00BFBC2400205D
:10AE0000B01A00201D580020A5AD000038B5EFF3A2
:10AE10001185202383F31288BFF36F8F0F4B104AE5
:10AE20009C681068A04206D1FFF7CCFF85F311881B
:10AE3000BFF36F8F38BD00211B7C1160094AD35CC2
:10AE4000002BF3D02046FFF78DFF0028EED0637B68
:10AE5000DB0601D1FFF732FC2046E5E7BC240020E9
:10AE6000E82400201D580020EFF31181202383F3F4
:10AE70001288BFF36F8F0C4A136A834208D1D3F84C
:10AE80008030136281F31188BFF36F8F70471346D0
:10AE9000002BF7D0D3F880208242F8D1D0F8802060
:10AEA000C3F88020EEE700BFBC240020F8B50546BB
:10AEB0000E46EFF31187202383F31288BFF36F8FC1
:10AEC000064B1C6A24B987F31188BFF36F8FF8BD56
:10AED00020463146A847D4F88040F3E7BC24002040
:10AEE000F8B506460F46EFF31183202282F312884D
:10AEF000BFF36F8F0C490C6A154624B983F3118890
:10AF0000BFF36F8FF8BD83F31188BFF36F8F39469E
:10AF10002046B047EFF3118385F31288BFF36F8F9C
:10AF2000D4F88040E9E700BFBC240020024B186839
:10AF3000984208BF0020704714040020034B1B6890
:10AF40000BB9FCF78BB80020704700BFF02400203D
:10AF500030B570B10B4B5B6898420AD0036843B1BF
:10AF6000D3E90421D0E90445121941EB0501C3E9F5
:10AF70000421D0E9003213605A600023C0E9003395
:10AF800030BD00BF14040020B3F1FF3F08BFB2F191
:10AF9000FF3F2DE9F84F0446994615461F467AD0E3
:10AFA0008160EFF31188202383F31288BFF36F8F42
:10AFB000B9F1000FDFF8E4A020DBFFF7BFFFDAE90B
:10AFC0000027013549F100092D1849EBE073C4E968
:10AFD0000453AD18064643EB07074FF00109FFF78E
:10AFE000A5FFDFF8BCE0DEF804A00346EBB9C4E936
:10AFF00000EACAF80040CEF8044028E0DAE900127E
:10B000006FF001035B1A4FF0FF3161EB02025B1B33
:10B0100062EB0902012B72F10001BCBF0123002287
:10B02000C0E904324FF00009D9E7D3E9041CD4E9A0
:10B0300004208A4270EB0C0B24DA891A5A686CEBF4
:10B040000000C3E90410C4E9003214605C60FFF73B
:10B050006DFF84420ED1134B1B685BB9B9F1000F31
:10B0600002D1FFF76BFF0646304603F002FD0021D8
:10B07000FBF7C6FF88F31188BFF36F8F2846394668
:10B08000BDE8F88F521A60EB0C009A45C4E9042021
:10B09000ADD01B68AAE700252F46EFE7C81A0020AD
:10B0A00014040020F02400202DE9F047EFF311856F
:10B0B000202383F31288BFF36F8FDFF8A490DFF8AB
:10B0C000A480C9F80000FFF731FF00260027D9F857
:10B0D0000030D8E900ECD91750B1D0E90442A342BE
:10B0E00071EB020A1CDAE41A62EB0102C0E90442C5
:10B0F00013EB0E034FF000044CEB01012046C8E9AE
:10B100000031C9F8004003F0B4FC2146FBF778FF9A
:10B1100085F31188BFF36F8FBDE8F047FFF776BE68
:10B1200014EB0E024CEBE473C0E90467C8E900239A
:10B13000FFF70EFF85F31188BFF36F8F8368984781
:10B14000EFF31185202383F31288BFF36F8FD9F8B3
:10B1500000301B1BC9F80030FFF7E8FEB7E700BF5F
:10B16000F0240020C81A002010B5EFF3118420232A
:10B1700083F31288BFF36F8FFFF7E0FE054A0346A3
:10B18000D2E90001181841EBE37184F31188BFF391
:10B190006F8F10BDC81A0020F8B50646EFF311876F
:10B1A000202383F31288BFF36F8F026822B187F3E5
:10B1B0001188BFF36F8FF8BDD0E90A54691C44F1C0
:10B1C0000003022973F1000334D3013D44F1FF343D
:10B1D000002CBCBF15462C4603F08EFC013041F11B
:10B1E0000001401944EB0101012871F100014ADB23
:10B1F00003F082FC013041F100016FF002034019BD
:10B2000044EB010183426FF000438B4140DB03F0CC
:10B2100073FC013041F100016FF00102401944EB71
:10B2200001044FF0FF33121A63EB04031A4930464E
:10B23000FFF7AAFE336B01333363336A6BB187F3D5
:10B240001188BFF36F8F336A30469847EFF3118749
:10B25000202383F31288BFF36F8F334653F8184FC0
:10B260009C42A4D0002CA2D0204603F04EFB002329
:10B27000C4F8BC3087F31188BFF36F8F2046BDE858
:10B28000F84003F033BB6FF001024FF0FF33CDE71E
:10B2900000224FF00043C9E799B100002DE9F041C9
:10B2A00005461C4690461F46EFF31186202383F384
:10B2B0001288BFF36F8FB4F1FF3F08BFB2F1FF3FB9
:10B2C00005D186F31188BFF36F8FBDE8F081002CA4
:10B2D00009DB012A74F10003BCBF0122002412F132
:10B2E000FF3844F1FF37284603F0DAFBDDE90601B9
:10B2F0000023C5E90A012B6342463B462846024922
:10B30000FFF742FEDDE700BF99B100002DE9F043F1
:10B3100085B04FF000090546CDF8049000F10C0708
:10B32000EFF31188202383F31288BFF36F8F8368B4
:10B33000594003EA02060A4053400E4901AACDE9EA
:10B34000023903F074FB019C3CB1C4F8BC90204668
:10B350000021246E03F0EAFAF6E7DDE9023223EA7F
:10B3600002033846AB604146FFF7ECFA304605B0C1
:10B37000BDE8F083D3EB0000014BC0F8B03070475C
:10B380002405002038B5064C064DAC4201D3002000
:10B3900038BDD4E90112204603F049FC1434F4E727
:10B3A000240500203805002007B5074B0093074906
:10B3B00007484FF0FF334FF48052FEF76BFF002039
:10B3C00003B05DF804FB00BF80F700008099002007
:10B3D000D01A002010B50A4C23681BB1012323604A
:10B3E000002010BD00F0EAF80028F7D00138062848
:10B3F00003D8044B53F8200010BD034810BD00BF14
:10B40000F42400208CF70000FE8FFFFFBFF34F8F66
:10B410000549064BCA6802F4E0621343CB60BFF3F0
:10B420004F8F00BFFDE700BF00ED00E00400FA050C
:10B4300010B4094B09490A4C4FF0FE32C3F80024FE
:10B440004968C3F80424C3F80824C3F80C24002373
:10B45000C4F8003510BC084700B002501C0400209E
:10B4600000A00250D0E90012014BC3E9001270475E
:10B470001C04002010B5044650B1636813F0685FE7
:10B4800005D0064A934202D000232360626010BDBB
:10B49000034B04485B689847EFE700BF2C5F5CA94B
:10B4A0001C040020A8F70000C8B143680D4A93426D
:10B4B00013D013F0685F0ED0012350E8002F194617
:10B4C00040E8001C9CF0000FF7D1012AF5D0BFF333
:10B4D0005F8F0020704704487047044870476FF43E
:10B4E000E04070472C5F5CA9E98FFFFFEA8FFFFF08
:10B4F00080B14368094A93420AD013F0685F05D0CF
:10B50000BFF35F8F002303601846704704487047FD
:10B51000044870476FF4E040704700BF2C5F5CA99F
:10B52000E98FFFFFEA8FFFFF10B5044620B1044BFF
:10B5300063600022226010BD0248FFF779FFF6E742
:10B540003A00003AD0F7000070B5D0E90023174C5C
:10B55000174D6360D0E90230C4E9023022604868C8
:10B56000D1F800C0134BC3E900C0D5F81801D1F8D9
:10B5700008C0C3F808C010F0685FD1F80CC00969B2
:10B58000C3F80CC0196110D00B49C5F8BC110023D9
:10B59000C5E9453105F58A70C5F8B831904723688B
:10B5A00005F5DC70BDE87040184770BD3804002018
:10B5B0000C250020240400202C5F5CA938B500F085
:10B5C0002FF820B1032400F063F8204638BD00F0C6
:10B5D00031F898B900F0ACF898B90F4DD5F8283982
:10B5E0001B0EF02B08D1D5F8242A0C4B9A420AD016
:10B5F000072400F017F8E6E70624FAE704242046BB
:10B6000038BD0024F5E7012000F092F80446002838
:10B61000F7D1C5F80C0AD8E700B002500000E020CE
:10B620000020704700207047014BC3F8040A7047A0
:10B6300000B0025010B5114800F048F800B110BD3C
:10B640000F4800F043F80028F9D10E4C204600F0D6
:10B650003DF80028F3D10C4B0C481C6000F036F884
:10B6600001460028EBD100F02DF8044608B1204631
:10B6700010BD00F03FF82046FAE700BF7804002034
:10B680007404002070040020680400206C04002072
:10B6900008B5084800F024F8074800F021F80748EA
:10B6A00000F01EF8064800F01BF8BDE8084000F066
:10B6B0000BB800BF78040020740400207004002040
:10B6C0006C04002000207047704700BF08B5034B92
:10B6D00002681B6810689847002008BD38040020E5
:10B6E00008B5034B02685B6810689847002008BDE6
:10B6F0003804002070B5094C094D2069AB689847A3
:10B7000018B1084B08485B689847084AEB682069FD
:10B7100000211160BDE87040184700BF24040020DC
:10B72000380400201C040020F4F700000825002045
:10B73000F8B51A4D1A4E0446B26828699047E8B920
:10B74000184F3B684CB1A3B1012B19D0013B3B60B2
:10B750002869F36898470020F8BD43B9124A0121CF
:10B76000C2F800151149D1F81029002AFBD1013384
:10B770003B60F368286998470020F8BD0C48F8BD85
:10B780000A4AD2F81039002BFBD1074A6FF07E40ED
:10B79000C2F80035FFF748FF3B68D7E724040020D4
:10B7A000380400200825002000A0025000B00250FC
:10B7B000E98FFFFF0CB430B589B005460C461C225A
:10B7C000002101A803F0E6FA02238DF806300E4BA3
:10B7D0000293059523462CB1B4F1004F28BF4FF0DA
:10B7E0000043013B1D440DAA0C99069501A8009247
:10B7F00000F072F814B1059B00221A7009B0BDE880
:10B80000304002B0704700BFA5ED0000242AF0B51B
:10B81000044601D8012A40D103F0CCFA2D4B162260
:10B820001A5001B10C600020F0BD2F463D4615F8BE
:10B83000010B2028F9D0A0F10906042E0346F4D903
:10B840002B282CD02D282CD101267B78BD1C302B09
:10B850002DD1287840F02000782824D132F0100033
:10B8600021D16B782C46102202350020392B82BF63
:10B8700003F1FF3343F02003263B303B9A421AD9B1
:10B88000A0FB02040CB9C01801D346F002062F46F3
:10B890002C4617F8013B3D46E8E70746C6E7002679
:10B8A000D3E70026D3E7002A08BF0822DDE7002AF5
:10B8B00008BF0A22D9E701B10C60F20748BF404235
:10B8C000B307B1D503F076FA024B22221A504FF09B
:10B8D000FF30A9E70C0000002DE9F04F8DB0436860
:10B8E0000293837815469A07804640F10D81002423
:10B8F0000E78002E00F00A81252E0BD04B1C0393EE
:10B900000134029B4146304698470028C0F2F68039
:10B910000399EDE74E788B1C252E0393F0D000277A
:10B92000B946BB46BBF11F0F38D8A6F12003102B38
:10B930000AD8DFE803F02A090930090909210909B1
:10B940000928092D09091F00A6F13003092B33D955
:10B950002A2E37D11BF0400F55F8043B40F082806F
:10B96000002BA7BF4BF0200B9946C3F100094BF009
:10B97000280B01E04BF0010B039B13F8016B0393C1
:10B98000002ECFD130E04BF0020B4BF0040BF3E76D
:10B990004BF0080BF0E74BF0100BEDE7BBF17F0F1E
:10B9A00019D8A6F13003092BD2D81BF0400F03D0D1
:10B9B0000A2101FB0737DFE70A2101FB09394BF0B8
:10B9C000200BD9E72E2E06D11BF0400F40F09E80B1
:10B9D0004BF0400BD0E76C2E31D02BD8682E36D0F0
:10B9E0006A2E3CD04C2E3AD0002F46F02003B8BF30
:10B9F0002BF04002A3F16501BCBF1FFA82FB0027B8
:10BA0000022901D9612B2FD1073525F00705DFF871
:10BA1000ACA2083507271BF0080F66D00AEB070B0E
:10BA200056465E4563D1A4EB0A0A06EB0A02A9EB6F
:10BA300007096FE1742E9FD07A2E9DD0D4E71BF0BA
:10BA4000800F18BF4BF4007B4BF0800B94E71BF486
:10BA5000807F18BF4BF4007B4BF4807B8CE74BF46A
:10BA6000207B89E71F4687E7A6F16301122900F2D0
:10BA7000F080DFE811F013004F00EE00EE00EE0062
:10BA8000EE004F00EE00EE00EE00EE00EE00FE00D5
:10BA9000E900EE00EE001B00EE00AF0055F8043B9D
:10BAA0008DF8183001270DF1180AB4E755F804ABEA
:10BAB000834BBAF1000F08BF9A461BF0400F14BF2A
:10BAC00039464FF0FF31504603F0D9F80746A2E758
:10BAD000029B41462020984700280FDB013EB742D9
:10BAE000F6D34C44A41BB14698E74E46F7E716F848
:10BAF000010B029B41469847002892DA98F80230E1
:10BB000043F0040388F802304FF0FF3420460DB0B4
:10BB1000BDE8F08F1BF0800F34D01BF4007F2CD0D9
:10BB2000073525F00705AA4669685AF8080B2BF077
:10BB300010050029ADB237DA404261EB410145F40E
:10BB400080650DF1180B0A235A4603F0A4F8A0EB08
:10BB50000B0301936B0662D5019B25F001019F4207
:10BB600089B240F3A180002E00F0998015F01002F8
:10BB700040F09C80BB460D4623E0AA465AF8040BD1
:10BB8000C117D4E7AA461BF4807F5AF8041B01D1E1
:10BB90000846F5E71BF4007F15BF48B208B241F331
:10BBA000C01141F3C031C2E750EA0103C9D11BF013
:10BBB000400FC6D0002FC4D12BF0110295B2BB4666
:10BBC000019740F2064115EA01021CBF0BF1010B7F
:10BBD00000222CE02BF010021FFA82FB0A231BF03C
:10BBE000800C49D01BF400711DBF073525F00705F7
:10BBF000AA46AA461ABF5AF8080B69685AF8040BF5
:10BC000050EA010545D12BF016051BF0400FADB2EF
:10BC100042D0002F40D12BF0170295B2019715F0BA
:10BC2000100248D0019B002E42D103F1010B2907DD
:10BC30005AD4EB0706D5D9456FDD0199A9EB0B0363
:10BC40005F18CB465B4649E04BF0100B102378267B
:10BC5000C5E7782B04D1C6F1780343F01003BEE7A3
:10BC6000029B4146252098470028FFF647AF023443
:10BC700047E608230026B2E7AA461BF480715AF86B
:10BC8000040BBDD01BF400711ABFC0B2614680B274
:10BC9000B6E72BF0060295B20DF1180B54E725F02C
:10BCA0001105ADB2BB468CE70D46B8E73B460D46E5
:10BCB00003F1020BBBE7DDF804B082E708190100CD
:10BCC00001190100CDE904324146029B202098472A
:10BCD0000028FFF613AF049B059A01339945F1DC68
:10BCE000A4EB0B01CC189B460AB3029B41463020C3
:10BCF00098470028FFF602AF8EB901342744019B14
:10BD0000391B994224DC1D465DBB019AA9EB0B0946
:10BD1000224455461446914435E0019F92E702348F
:10BD200041463046029B98470028E7DAE6E640F2B3
:10BD300006410D42E2D015F0020F14BF2B20202047
:10BD400015F4806F04F10104414618BF2D20E9E786
:10BD5000029B414630209847002804F10104CEDAC6
:10BD6000CCE606AB013D4146585D029B9847002852
:10BD7000CADAC3E6029B414620209847002804F116
:10BD80000104FFF6BBAEA9EB0403002BF2DCBFE518
:10BD900070470023F5F7BEBD00EBC10040884008A6
:10BDA0007047F8B50346FFF7F7FFB0FA80F0C0F12F
:10BDB0001F0003EB800CCA00DCF81060171D0C4656
:10BDC00006328DB256B9012101FA00F0D96801435B
:10BDD000D960CCF81040DD539D52F8BDF10004311C
:10BDE000585AD85303EBC0009E52C5805D52F4E709
:10BDF000043A2DE9F041CC1D114424F0070421F050
:10BE000007010E1BF708B7FA87F2C2F12405AD004F
:10BE10004FF000080735C2F12002ED0804604146EA
:10BE2000A760C4F80C80920004F1100002F0B2FF89
:10BE30006B0043F00103638004EBC5027B1B5900D8
:10BE4000A4F800805180A21924F83550A2F802808D
:10BE5000A35304EBC70329465A8842F001025A80D3
:10BE60002046BDE8F041FFF79CBF2DE9F0470646AC
:10BE70000D46174698462BB398F8004093F801906A
:10BE8000DB78A40004EB430498F802301C444444DB
:10BE90004FF0000ACA4509D3D8F8042008F1080376
:10BEA00039463046AC46BDE8F047604714F8013BE0
:10BEB00048F823402046F4F797F9013004440AF18A
:10BEC000010AE7E76FF01500BDE8F08770B50025BF
:10BED00002462846144614F8013B0BB9184609E0FF
:10BEE00098B18D4207D1702B04D0A3F140023A2AB9
:10BEF0000BD8002070BDA3F140063A2E05D8537828
:10BF00000135941C002BE9D00020252B08BF80F0C0
:10BF100001002246DEE70020704700F084BB0FB42A
:10BF200007B504A951F8040B019100F07CFB03B0A4
:10BF30005DF804EB04B070470FB407B504A951F8DD
:10BF4000040B0191FFF7E9FF03B05DF804EB04B0C7
:10BF5000704710B50369024613F0080009D1136851
:10BF6000D4689C4297BF126AE31AD31A01200B606F
:10BF700010BD00231846FAE713B501A90446FFF7E0
:10BF8000E8FF20B1019BE268013B13440193206A62
:10BF9000019BC01A013802B010BD10B504465018FC
:10BFA0002269236AD20702D5013B184010BD98428E
:10BFB00028BFC01AFAE710B504460A46C168FFF761
:10BFC000ECFF2369E06023F00803236110BD38B55E
:10BFD0000D46C2698B00016843F0020342F821302C
:10BFE000044601682A46FFF7D8FFE36861682060CD
:10BFF000984202BF236943F0080323612A46204682
:10C00000FFF7CBFF606038BD2DE9F74FC768C66901
:10C010009B4606EB8703009316F8273003F00303D3
:10C02000022B0446884691464FF000030BD0136064
:10C03000CBF8003023699B0713D44FF0000A504619
:10C0400003B0BDE8F08F56F8271013608908CBF8CD
:10C050000030EFD0FFF7AFFFE368A3604FF0010AB5
:10C06000EDE7A36906EB8700984716F8272012F042
:10C07000010A0546E1D012F002021FD0B8F1000F0C
:10C0800003D041462046FFF7A2FF61682A462046BA
:10C09000FFF783FFD4E902219142606006D12A466E
:10C0A0002046FFF77AFF4FF0000AA060A2682260E6
:10C0B000E260226942F008022261C0E701462046A0
:10C0C0000192FFF778FFE368A360B8F1000F04D096
:10C0D0002168E369019A43F8212005EB0802CBF8B7
:10C0E000002021682046FFF758FF2369206043F0B5
:10C0F0000803236116F827306FF3000306F8273092
:10C10000009BC9F80030A9E770B504461546FFF753
:10C1100044FF2368834205D12369216023F008038B
:10C12000236170BDE269AB0043F0020342F82130A5
:10C13000204661682A46FFF730FF6060F1E738B5B6
:10C1400003695B07044606D5456AFFF715FF85427C
:10C150002CBF6562606238BD38B50D4604461C22AE
:10C16000002102F017FEEB68A361AB6863612B68E6
:10C17000E3616B682362002262622A6923B1591E5F
:10C18000194208BF42F001022261012204F1280095
:10C190000021BDE8384002F096BA2DE9F04F87B093
:10C1A00000250093036A03958B4204460E4692468F
:10C1B0000595A94639D3EFF3118B202383F3128819
:10C1C000BFF36F8F059AD8462AB129462046FFF75C
:10C1D0009BFF0023059304A92046FFF7BAFE0499AC
:10C1E000B14207462AD32268E36913F8221021F0EE
:10C1F000030103F8221003EB82092168324620462E
:10C20000FFF7CBFEE3682060984212D0002788F346
:10C210001188BFF36F8F039929B162690AB1204673
:10C22000904700230393002FC5D1484607B0BDE8CF
:10C23000F08F236943F008032361E7E718B1204634
:10C24000FFF7C5FEE3E7009B5AEA03021CD0019109
:10C2500002F0F9FA0199B8B9BBF1000F14D187F3D4
:10C260001188BFF36F8F009B524604F12800FDF741
:10C27000A9FEEFF31188202383F31288BFF36F8F99
:10C28000B0FA80F77F09C2E705AB03AA204625680C
:10C29000FFF7BAFE0746BAE770B504468369084659
:10C2A0000D4698470246EFF31186202383F3128848
:10C2B000BFF36F8F2B7843F001032B70616820462A
:10C2C000FFF76BFE60602046FFF739FF86F31188A9
:10C2D000BFF36F8F70BD2DE9F04104462027002089
:10C2E000EFF3118687F31288BFF36F8F236913F082
:10C2F000080FA36802D16268934200D9226AE169FB
:10C30000D21A5AB986F31188BFF36F8F18B104F1AE
:10C310002800FDF723FE4FF0000834E011F8232039
:10C3200012F0030501EB8308ECD0022D03D151F884
:10C330002350AD0805D1D00713D4A36940469847D0
:10C340000546A1682A462046FFF727FE2946A06039
:10C350002046FFF730FE86F31188BFF36F8F012070
:10C36000BEE742F0020201F823204046A369A56817
:10C370009847294602462046FFF70FFEA06086F345
:10C380001188BFF36F8F4046BDE8F081F8B50446D1
:10C39000836908460D4698470646EFF31187202328
:10C3A00083F31288BFF36F8F2B786FF300032B702A
:10C3B00023699B0705D5E268E36903EB82039D428D
:10C3C0001AD12B786FF341032B70D4E902319942D3
:10C3D00004D132462046FFF7E0FDA06031462046FA
:10C3E000FFF7E9FD87F31188BFF36F8F04F1280091
:10C3F000BDE8F840FDF7B2BD2B6860F39F032B60EA
:10C40000F0E7EFF31181202383F31288BFF36F8FDE
:10C41000036913F0080F836802D14268934200D980
:10C42000026AD31A81F31188BFF36F8F181E18BFE9
:10C4300001207047038B13F0070305D10368002B1D
:10C440000CBF002003207047022B05D1408BB0FAAF
:10C4500080F0400980007047012B05D10368002B54
:10C460000CBF0020052070470020704710B50C4617
:10C4700000B111B96FF0150010BD081D00F093F860
:10C480000028F9D1A368032BF6D9F3E72DE9F04191
:10C490000D4607461946281D90461E4600F094F8A2
:10C4A000044638B13346424629463846A446BDE8DC
:10C4B000F0416047BDE8F08110B4EFF31182202411
:10C4C00084F31288BFF36F8F416110BC0121F4F730
:10C4D0008FBD38B50C46054658B151B10B6843B114
:10C4E0004B6833B11C22002102F054FC2C61002067
:10C4F00038BD6FF01500FBE770B505460E46FFF737
:10C50000B5FF041E14DBEFF31182202383F312889E
:10C51000BFF36F8F6B8B2C8B4FF6FF718B4204F048
:10C52000070407D182F31188BFF36F8F6FF00A04FD
:10C53000204670BD022C0CD101336B8382F311882D
:10C54000BFF36F8F0023224631462846FFF79EFF38
:10C55000EEE7062C14D8DFE804F004131313041AD2
:10C560000400002333606B683BB9C5E90066ACB9D1
:10C5700002212846F4F73CFDDAE71E606E60F6E71C
:10C5800082F31188BFF36F8F6FF00404D0E782F35A
:10C590001188BFF36F8F6FF08504C9E782F31188AC
:10C5A000BFF36F8FC4E7034658B1426802F003023D
:10C5B000012A03D0032A04D1026812B10020986036
:10C5C00070476FF0150070474268816002F0030207
:10C5D000032A4FF0000203460CBF006810465A6061
:10C5E0007047704703785B075FBF03684288C3F3F7
:10C5F0004A2303EB12105DBF173020F007008008BC
:10C60000002070470020704701F033B90346BFF3A4
:10C610005B8F53E8000F421C43E800210029F8D14A
:10C62000BFF35B8F70471FB50023CDE90201CDE951
:10C6300000331A4619461846F5F7F8F905B05DF8C3
:10C6400004FB0120F4F7B8BE0020704718B1406821
:10C650000079F5F7C3B84FF0FF30FAE738B5436813
:10C6600004460D46DA711146F5F716F963681D6048
:10C67000636801225A71BDE83840F4F78FBE70B587
:10C6800015460C4669B1D2E901369B1B99420AD87E
:10C6900013680A460146981902F054FBAB6823441C
:10C6A000AB60204670BD6FF01B00FBE770B50E4617
:10C6B00015461946044618B9BDE87040F4F77CBE2B
:10C6C00033B1C2F34A231030120D184402F03AFB82
:10C6D000C4E900562046BDE87040F5F725B8F8B526
:10C6E00006460D4614461F4604B9F8BD21462846A5
:10C6F0003A46B047241A0544F6E710B54268816807
:10C700000446D2E900230068FFF7E9FF63680022CE
:10C710001A6010BD38B54B681A68CB689A42054656
:10C720000C4602D10846FFF7E8FF6368BFF35B8F52
:10C7300053E8002F511C43E800100028F8D1BFF344
:10C740005B8FA3689D54002038BD0A2838B5044685
:10C750000D4602D10D20FFF7DDFF29462046FFF7E9
:10C76000D9FF002038BD2DE9F043054687B00846C3
:10C770000E8891F80090D1F808800C461746F5F71E
:10C78000B7F9011EC6F38216C9F3C2091EDB48467B
:10C79000F4F7DCFF03462146608851F8102B019620
:10C7A000C2F34A22002A01EB0204C0F30B1008BFB7
:10C7B00000210022CDE90407CDE902140092414690
:10C7C0002846F5F7C1F907B0BDE8F0830023E2E79A
:10C7D00008B50120F4F7F6FB08B50020F4F7F2FBEA
:10C7E0000B68834204BF01230B71704710B5002012
:10C7F0001C4601F09BFE2060002010BD08B519B159
:10C800004068083002F086F9002008BD10B5446B7E
:10C810000020FDF76BF828B12368216C0020BDE8EB
:10C820001040184710BD08B54068083002F072F992
:10C83000002008BD10B50346BFF35B8F53E8000F1F
:10C8400040EA010243E80024002CF7D1BFF35B8FDC
:10C8500010BD10B50346BFF35B8F53E8000F00EA2D
:10C86000010243E80024002CF7D1BFF35B8F10BD19
:10C87000042100F51B70FFF7DDBF00F51F70FDF709
:10C880006DBB4FF0FF324FF0FF3300F51F70FDF727
:10C8900099BB00F51B7019B14FF40061FFF7CABFD7
:10C8A0006FF40061FFF7D5BF08B500F51A7029B124
:10C8B0000121FFF7BFFF00F0010008BD6FF001018B
:10C8C000FFF7C7FFF7E773B5044680680E461546C5
:10C8D00000F51C7000220023CDE9002302F0A3F92B
:10C8E00058B1A06800F51C70314602F098F9204656
:10C8F0002B4602B0BDE87040184702B070BD38B595
:10C90000054688680C4600F51C7025B90121BDE874
:10C91000384002F081B9082102F07EF9012D07D1DB
:10C92000A0680221BDE8384000F51B70FFF782BF08
:10C9300038BD08B500F51F70FDF744FBB0FA80F074
:10C94000400908BD10B504468068012100F51B7040
:10C95000FFF770FFA3681B79022B02D12046F5F781
:10C96000D1FFA0686FF00101BDE8104000F51B7019
:10C97000FFF76FBFF8B5044680681F460379022BA6
:10C980000D46164607D0BDE8F8404FF4805100F53B
:10C990001B70FFF74FBF40F267620023FFF7C9FF2C
:10C9A00048B3A368D3F86C22100508D49A6B32B947
:10C9B000D3F86832990602D5204600F045FA3B4686
:10C9C00032462946204600F08AFAA368D3F86C2242
:10C9D000120508D49A6B32B9D3F868329B0602D597
:10C9E0002046F6F705FB606900F042F8A068BDE854
:10C9F000F840FFF742BFF8BD0EB403B503AB082102
:10CA000053F8042B0193FFF7B5FF02B05DF804EB78
:10CA100003B070470EB403B503AB032153F8042BE6
:10CA20000193FFF7A7FF02B05DF804EB03B0704776
:10CA30000EB403B503AB012153F8042B0193FFF7A8
:10CA400099FF02B05DF804EB03B0704710B540F2F7
:10CA50006762044600238068FFF76BFF38B1204609
:10CA6000F5F7DEFDA068BDE81040FFF706BF10BD7A
:10CA700010B502698368126801680446C068984767
:10CA8000236900221A6010BD38B5CB681B7C022BCD
:10CA900005460C4604D10A2802D10D20FFF7F4FF09
:10CAA000236922681B68D554226913680133136017
:10CAB00023691A6863689A4202D12046FFF7D8FFBB
:10CAC000002038BD08B510B1F3F78EFB80B208BD69
:10CAD00010B5047B438922442144B2FBF3F003FBED
:10CAE0001022B1FBF3F003FB1010101A10BD10B5AB
:10CAF000047B438921441019B1FBF3F1B0FBF3F03F
:10CB0000401A10BD30B5057B43892944B1FBF3F4CD
:10CB100003FB141101312A4401340180B2FBF3F10B
:10CB200003FB1122848001324C1CC480428030BD42
:10CB30002DE9F74F002607468846144699460660B9
:10CB4000B2462378002B00F0BF80202B3AD0093B5F
:10CB5000042B37D93B685A1C3A6048F823403B689D
:10CB60004B4500F0B18000262278002AE9D0A6B912
:10CB7000164623461C46272E04D05C2E25D0222E96
:10CB800040F096802046FFF79DFF611C024620463C
:10CB900002F0E6F82278002AD3D0B242A34604F18C
:10CBA000010420D15846FFF78DFF21460246584622
:10CBB00002F0D6F89BF800605C46002ED9D1C0E7A1
:10CBC0000026BEE704F801ABBBE72046FFF77AFF7B
:10CBD000651C02462946204602F0C2F866782C46BB
:10CBE000002EC8D1ADE75C2A9BF80120D3D1B24218
:10CBF000104608D15846FFF765FF214602465846C1
:10CC000002F0AEF8B0E7302A25D1022300251BF848
:10CC10000300A0F13001C9B2072919D8ED00013392
:10CC2000EDB2052B45EA0105F1D1591E594458468C
:10CC300001930091FFF746FF019B0099023BC21A46
:10CC4000584602F08DF89BF801208BF80050A2E7BF
:10CC5000DBB2022BE9D1782825D1022100251BF86F
:10CC60000130A3F13000C0B2092808D82D01EDB27F
:10CC70000543022901D00423D7E70321EFE7A3F1FD
:10CC80006100052805D82D01EDB2573B1D43EDB2DB
:10CC9000EFE7A3F14100052803D82D01EDB2373BA2
:10CCA000F4E7022902D10BF1010474E70323BCE786
:10CCB000202E85D0093E042E82D96678631C002E72
:10CCC0007FF458AF1C463CE7304603B0BDE8F08F18
:10CCD0002DE9F0410F4686B01646044670B1034672
:10CCE00001AC00F1100518685968224603C20833E8
:10CCF000AB421446F7D11868106001AC4FF0000841
:10CD0000414632462046F6F725F808F10108054667
:10CD100028B129683846F3F75DFA0028F0D1284693
:10CD200006B0BDE8F0810EB403B503AA52F8041BA7
:10CD30000192F5F7FBFF02B05DF804EB03B070471A
:10CD400038B50446B0F84450006810B1F3F74CFA17
:10CD500080B2401907D0638DB0FBF3F203FB1200E1
:10CD6000B0FA80F0400938BD704738B58468D4F80F
:10CD70006832B4F846502068C3F340035D4310B1F5
:10CD8000F3F732FA80B2638D2844B0FBF3F203FB71
:10CD90001200B0FA80F0400938BD10B50446806832
:10CDA000B0F84420B0F846102030FFF7ABFEA06882
:10CDB000FFF7C6FF20B16069BDE81040F6F72CB858
:10CDC00010BD38B5054680680C46B0F84610B0F87E
:10CDD000442020300C44FFF795FEA868A4B2B0F8B8
:10CDE000461022462030FFF782FEA8682246B0F89F
:10CDF00046102030FFF76CFEAB68A3F8464038BD04
:10CE00008368B3F84610494209B2FFF7DABF836876
:10CE1000B3F84410B3F84630C91A09B2FFF7D1BFCE
:10CE20008368B3F846301BB14FF0FF31FFF7C9BF3D
:10CE300070478368B3F84620B3F844309A4202D270
:10CE40000121FFF7BEBF70478068B0F84420B0F8FA
:10CE500046102030FFF756BE2DE9FF4105460F462C
:10CE600014460026A4B904B0BDE8F081D3F86C22C2
:10CE70009207FBD5BFF35B8F03F51B7353E8001FCD
:10CE800021F0020143E80012002AF7D1BFF35B8FC3
:10CE9000686803682246D3F80C80B91903ABC04711
:10CEA000039A1644A41A002ADCD1AB681979032925
:10CEB000EED00229DAD84FF0FF304FF0FF31CDE944
:10CEC0000001082103F51C7001F0ADFEA86800F513
:10CED0001C70082101F0A3FEDAE7FFF7BDBF114681
:10CEE00040691A46F5F722BF0CB407B504AA406999
:10CEF00052F8041B0192F5F719FF03B05DF804EB3B
:10CF000002B070472DE9F0418768B7F84460B31864
:10CF1000FF2B05468846144626DCB7F84630F61A3D
:10CF20004A331F44B6B232463946381901F018FF69
:10CF300022464146384601F005FFAA68B2F844305F
:10CF40002344A2F84430AB68B3F8442013440022D1
:10CF500083F84A20AB68D3F86812890706D4B3F87F
:10CF600046201444A3F84640BDE8F08131462846E7
:10CF7000BDE8F041F5F792BF38B505468068B0F8D6
:10CF80004620B0F84440A41AA4B29CB14A321044DE
:10CF9000411C224601F0E4FEAA68B2F84430013B8D
:10CFA000A2F84430611E28460122BDE8384089B20B
:10CFB000F5F774BF38BD10B58368B3F84420044654
:10CFC0005AB1B3F8463043B14FF0FF31FFF7F9FEE5
:10CFD0002046BDE81040FFF7CFBF10BD70B592B03E
:10CFE0000023054601934FF47A7468680368402271
:10CFF0001E6902A901ABB047019B13B108B9013CFE
:10D00000F3D112B070BD0EB403B503AA52F8041BDD
:10D010000192F5F78BFE02B05DF804EB03B07047A8
:10D020002DE9F843054690460F46002960D00024BC
:10D030003B5D202B23D0093B042B20D93846F3F746
:10D04000D3F8AB68598D80B2001BA1EB080398425E
:10D0500007EB040915D94846002610F8012B202AB1
:10D0600006D0A2F1090CBCF1040F02D80A2A2ED076
:10D07000334608EB0602914228D90136EDE7013428
:10D08000D6E74B460026B04208D168694946FFF70B
:10D09000BAFF6869BDE8F843F5F7C2BF13F8012B82
:10D0A0000A2A11D16869FFF7E3FC3246494628464F
:10D0B000FFF7D2FE013434446869F5F7B1FF414609
:10D0C0002846FFF751FEB9E70136DCE71E466869DE
:10D0D000FFF7CEFC324649462846FFF7BDFE3444F2
:10D0E0003B5D202B02D0093B042BE5D80134F7E748
:10D0F000BDE8F88308B50020F3F764FF01F04ABEED
:10D1000001F020BE01460068F6F780B908B5F6F7D1
:10D1100019FABDE80840F6F739BA0023F4F7FABB6C
:10D1200000210120F6F772B96FF08500704761B6F3
:10D1300062B680F31188BFF36F8F704772B6002319
:10D1400083F31188BFF36F8FBFF34F8F30BF62B689
:10D15000BFF36F8F704772B6002383F31188BFF35C
:10D160006F8FBFF34F8F20BF80F31188BFF36F8F96
:10D1700062B67047202809D9B0F1004F08D80138AD
:10D18000B0FA80F0C0F11F004000704708207047DF
:10D190003E20704708B5D1E904319847002008BD0A
:10D1A00008B5F7F7A1F9002008BDFCF7D7BE0023AA
:10D1B000F4F7B0BB0023F4F7ADBB30B58BB0144629
:10D1C0000DF10702049201220592002203468DF818
:10D1D000182003AA8DF80710079207210222006881
:10D1E0009B8808928DF824109DF8241085681143BF
:10D1F0008DF82410AD6804A9A84718B9BDF80C3003
:10D200005BBA23800BB030BD1FB503468DF802100A
:10D21000080A03210122029102218DF801008DF8F4
:10D2200000201868CDF804D09B888DF80C109DF86C
:10D230000C10846841F002018DF80C10A46801A95B
:10D24000A04704B010BD10B403460838BFF35B8F8D
:10D2500050E8002F511C40E80014002CF8D1BFF317
:10D260005B8F12B910BCF7F7E9BE6FF00F0210BC6C
:10D270009A6570470023F4F74DBB0369C9B20C22CD
:10D2800001FB0233186C00F00700704770B5C9B29B
:10D290000369EFF31185202484F31288BFF36F8FA5
:10D2A0000C2606FB0134246C14F0C00408D0A24202
:10D2B00006D085F31188BFF36F8F4FF0FF3070BD3C
:10D2C00071430B4401221A6485F31188BFF36F8FF9
:10D2D00043680B445B6898470020F0E78022FFF723
:10D2E000D5BFF8B5069F0469C9B2EFF311862025B2
:10D2F00085F31288BFF36F8F0C2569430C44256CAE
:10D3000005F0070CBCF1010F0BD1276486F31188DF
:10D31000BFF36F8FC4E90E2343685B589847002022
:10D32000F8BD05F0C005AF4286F31188BFF36F8FDB
:10D330000CBF6FF077004FF0FF30F1E713B580249A
:10D340000094FFF7CEFF02B010BD10B40069CBB25D
:10D350001C2403FB0400002110BC10471046FCF7FE
:10D36000FDBD00F09FBBFAF7D3BD10B50C4600F031
:10D370007AFE0023C4E90003184610BD38B50546FF
:10D380000C4600F070FE002D07DBA84205D9401BBB
:10D3900084428CBF0020012038BD0020FCE770B51E
:10D3A0000D462846194616461C46FFF7E7FF28B9E2
:10D3B00021462846BDE87040F8F726BC24B1224635
:10D3C0002946304601F0BEFC002070BD43685B6812
:10D3D000D3F810350B600020704743685B6802EAA1
:10D3E000010021EA0201C3F80805C3F80C1500206A
:10D3F000704743685B680020C3F8081570474368AE
:10D400005B680020C3F80C15704743685A68D2F86F
:10D41000043521EA03000B40C2F80805C2F80C35B8
:10D420000020704710B503695868F8B1884219D1D7
:10D430009C6808685860A14200D19860002008608C
:10D440002AB15A680A609A68596002B99960002046
:10D4500010E0814206D10868206098688142EDD1D1
:10D460009C60EBE7044600680028F2D1002AE8D16E
:10D470006FF0150010BDFAF75FBE37B50446002205
:10D4800001210320F6F7AEFD63685D6901AA002162
:10D49000284600F086F800280DDB019B2A681979E0
:10D4A0001868F8F763FF002805DB204603B0BDE8E5
:10D4B0003040F8F79BBE03B030BD02780B69012AFB
:10D4C00007D0022A08D052B95A6603F15400FCF77B
:10D4D00045BD6FF00402F7E76FF00A02F4E76FF062
:10D4E0008B02F1E72DE9F04F056985B006460C4641
:10D4F0009046039305F144094FF0FF324FF0FF339C
:10D500004846FCF75FFD05F1540A0022002350460F
:10D51000FCF758FD284600F04CFF002708F1FF3BC0
:10D52000B84501D8002322E0BB4588BF237D217A7E
:10D5300086BF83F00403C3F3800300230193039B9E
:10D540000093D4E900233046F8F7B6FE034670B9DD
:10D550004FF4804200235046FCF734FD98B1284632
:10D56000FBF7DAFF304600F014F86FF004032846AA
:10D570000393FBF7D1FF4846FCF7F0FC039B1846EA
:10D5800005B0BDE8F08F6B6E0C34002BEDD1013788
:10D59000C6E703691B68D3F80805D3F80C15FCF738
:10D5A00037B830B543681360057A446804EBC504A6
:10D5B000A34202D36FF0010030BD5C798C4201D0F0
:10D5C0000833F0E70020F7E7002201210420F6F7F6
:10D5D00009BD10B50B6813B91360184605E0036860
:10D5E0005C681CB114600368186810BD08330360E0
:10D5F0000B68013B0B60EDE70023F4F78BB913B523
:10D6000001AA0446FFF7CDFF002805DB019B226835
:10D6100019791868F8F7AAFE02B010BD03460A4649
:10D6200000681979012303FA01F103691B681942A3
:10D6300018BF82F0010212B18368DB681847836863
:10D640001B69FBE710B504460068D0B1037DC3B188
:10D6500049B101210830FFF7E1FF23681869BDE8EF
:10D66000104000F087BF12B98388DB0409D4006939
:10D6700000F080FF20680021BDE810400830FFF76F
:10D68000CDBF10BD10B5012200210446FFF7DAFF1F
:10D69000A36933B9636004F11000BDE81040FCF7E2
:10D6A0005DBC10BD10B50069C36A8B420AD1826AA5
:10D6B00093420AD190F8844054B92830FFF7E2FF32
:10D6C000204610BD6FF07700FBE76FF01500F8E71C
:10D6D0006FF00F00F5E738B505690446A96505F157
:10D6E0004800FCF73BFC002285F8842020691146A5
:10D6F000BDE838402830FFF7A5BFF0B5046945689C
:10D70000226FA36F85B006467ABB002B4ED02D8EBC
:10D71000E06E676F9D4228BF1D46636F5BB1A26FCD
:10D720004AB107F06042B2F1005F04D0082DD4F88E
:10D730008C7028BF0825E26EC4F880501AB1226FA1
:10D74000002A18BF2A4601921BB1A36F002B18BFF5
:10D750002B46009069460022204603930297FBF770
:10D76000C1FC014618BB05B0F0BDE16E676F2D8EA0
:10D770000846BBB1934228BF13469D4228BF1D46B1
:10D780000029CAD001F06043B3F1005FC5D0082D75
:10D7900028BF0825D4F888002A4601F0D3FAD4F827
:10D7A0008800BAE7954228BF1546E9E71946304692
:10D7B00005B0BDE8F040FFF78EBFF0B587B001239C
:10D7C0008DF8023002238DF804306B4403930E462B
:10D7D00001AB0DF103010027054602910493059763
:10D7E000FAF79EFC041E0BDB03AA3146284600F024
:10D7F00078FA041E07DA9DF803102846FAF78AFC27
:10D80000204607B0F0BD3C46FAE7F8B50C460546A1
:10D8100000F027FC002221460646284600F0CCFBFB
:10D8200003212046F9F7EAF900F023F807462B68B0
:10D830009B5953B100262146284600F010FC204693
:10D840000121F9F7DBF93046F8BD00F012F8C01BF2
:10D850000628ECD96FF07306EDE700F150039B004A
:10D860009BB203F1804303F5883300221A601B68E2
:10D87000704708B5F9F758FA08BD10B484682468F1
:10D88000A44610BC6047436820330B60012313603B
:10D8900070470023F4F73EB80A46014651F8040BDE
:10D8A0000023FFF7EABF70B505694668044605F135
:10D8B000100000F0B5FF4FF0FF334FF0FF32284665
:10D8C000FCF780FB95F840303BB1B28F6068AB212C
:10D8D000F9F7EAFB002385F8403070BD10B5044627
:10D8E000FCF73CFB04F110004FF42032BDE810407F
:10D8F0000023FCF73DBDF8B5466B04467768A0F100
:10D9000010054FF0FF334FF0FF322846FCF75AFB6B
:10D910007A8F70687921F9F7C7FB012384F83030DA
:10D920002846BDE8F840FCF719BB13B5044660680B
:10D930000DF10601F9F74EFC18B9BDF806301B06CB
:10D94000F5D502B010BD836C18695030FCF79CBC53
:10D95000FCF73CBAFCF7B2BA70B50446154600694C
:10D960004FF0FF324FF0FF330E46FFF7F1FF236910
:10D97000C3F890602369C3F894502069FFF7EAFF69
:10D98000002070BD38B504464FF0FF3200694FF0FB
:10D99000FF330D46FFF7DCFF236993F898302B70B7
:10D9A0002069FFF7D7FF002038BDFDF713BD08B58C
:10D9B000F5F718FCF5F7ECFCBDE80840FDF70ABDEB
:10D9C00003460020184700F0D5BD10B50246116887
:10D9D000B1B1BFF35B8FB1FA81F3C3F11F00012333
:10D9E000834021EA030352E8004F8C4204D142E80D
:10D9F000003CBCF1000FF6D1BFF35B8FE7D110BD47
:10DA00006FF00B00FBE710B50368CB40DB0714D4C5
:10DA100001238B400268BFF35B8F43EA020150E8A9
:10DA2000004F944204D140E8001CBCF1000FF6D135
:10DA3000BFF35B8FEED1002010BD6FF01500FBE748
:10DA400010B1012802D07047FAF762BAFAF712BA99
:10DA500018B1012803D100F00AB800F023B87047CC
:10DA600008B5FAF723FABDE80840FAF791BAFAF7D1
:10DA7000C7B938B54FF080440223C4F808330123F6
:10DA8000E3600023C4F80431D4F8043142F2107585
:10DA9000D4F81834DB0304D50120FFF794FF013DCF
:10DAA000F6D138BDFFF7E5BFF7B5019001A8DDE974
:10DAB000084716461D46FAF7A3FA019BB6F1000C7B
:10DAC00018BF4FF0010C00EB83000B1E18BF0123A1
:10DAD000002D43EA4C0314BF4FF00C0C4FF0000C28
:10DAE000002C43EA0C0314BF4FF4E06C4FF0000C21
:10DAF000002F43EA0C03D0F8002714BF4FF4403C3A
:10DB00004FF0000C43EA0C0322EA030301B1097849
:10DB10000EB13678760019430DB12D78AD00314342
:10DB20000CB12478240229430FB13F783F040C4301
:10DB30003C43C0F8004703B0F0BD1FB50DF10F0323
:10DB4000019300238DF80F1000931A461946FFF732
:10DB5000ABFF05B05DF804FB10B504460846FAF7C4
:10DB60005FFA04EB4004A08AC0F3401010BD10B56A
:10DB700004460846FAF754FA04EB4004A08AC0F3BE
:10DB8000400010BD10B504460846FAF749FA04EB08
:10DB90004004A08A400B10BD70B5044608461646E6
:10DBA000FAF73EFA08300D4634F81030DA0509D598
:10DBB000C3F3432304EBC302314654F833305268B5
:10DBC00028469847A3682BB1E26831462846BDE84D
:10DBD0007040184770BD10B504460846FAF720FAA1
:10DBE00000B204EB4000838ADA051DD5C3F343215C
:10DBF00023F4F853838204F1120204F1720032F824
:10DC0000023F13F4807F03D0C3F3432399420BD028
:10DC10008242F4D104EBC10300225A6004F178007F
:10DC2000BDE81040FFF7EFBE10BD10B50446FFF78A
:10DC300093FF40B12046FFF7A5FF00B2800000F53A
:10DC4000807080B210BD4FF4BE70FBE7F0B50346A4
:10DC500000F58074002005460127844695420AD1CC
:10DC6000D3F87C2132B10022C3F87C21D3F87C3177
:10DC700040F00040F0BD25F0404607FA06F631427C
:10DC800009D0D4F800E0BEF1000F04D0C4F800C001
:10DC9000D4F800E0304301350434DFE738B50446FA
:10DCA0000D46FFF759FFB0B12046FFF760FF90B96E
:10DCB0002046FFF767FF226801238340C2F808333C
:10DCC000236800B203EB8003D3F8102522F003028F
:10DCD000C3F8102538BD28460021BDE83840FFF7BD
:10DCE0002CBF2DE9F043174685B004460846FAF7E5
:10DCF00097F9D7F800800E460546B8F1000F1FD0FF
:10DD00002046FFF734FF18B12046FFF725FF30BB50
:10DD10000023CDE900338DF80E308DF80F300DF172
:10DD20000F0243460DF10E013046FFF7BDFE2AB249
:10DD300004EB4202938A23F0020343F0010393822F
:10DD40007B68002B34D03146204693F80080D3F80E
:10DD50000490FFF70CFF28B1B9F1000F1FD06FF04E
:10DD6000150028E028B204EB4000838A23F46043C6
:10DD700023F020038382B9F1000F10D0B8F1030F14
:10DD8000EDD87B6821685B6893F800C001EB8C01DB
:10DD9000B8F1000F12D1C1F81085C1F810852AB270
:10DDA00004EB4202938A23F01C0343EA8803938224
:10DDB000BB684BBB002005B0BDE8F083D1F810254F
:10DDC00022F00302C1F81025226802EB8C03D3F87D
:10DDD000102522F44F3222F44072C3F8102532028B
:10DDE000D3F8101502F47C5242EA08420A43C3F801
:10DDF000102504EB4C03A3F87C60838A43EA4C3380
:10DE000043F020038382CAE7D3E9007831462046F5
:10DE1000FFF7E1FE002FCDD063689F4206D004F1EA
:10DE20007800FFF7D2FD002804DAC4E7A36898451C
:10DE3000F5D1002004EBC003C3E901782DB204EB57
:10DE40004505C0B2AB8A43EA402343F48073AB82FA
:10DE5000B0E72DE9F043054685B0084617461E4653
:10DE6000FAF7DEF80C46804637B32846FFF77FFE08
:10DE700018B92846FFF770FE28BB0FFA88F905EBA2
:10DE80004909B9F8143013F01C0F02D07B78012B2C
:10DE900019D001238DF80F300023CDE900737A1CCF
:10DEA000BB1C0DF10F012046FFF7FEFDB9F8143041
:10DEB00043F00303A9F81430002E41D02146284630
:10DEC000FFF755FE20B96FF0150005B0BDE8F083EF
:10DED00037782B6803EB87030022C3F81025C3F8BB
:10DEE00010250FFA88F205EB42024FEA870C938A5D
:10DEF00023F4604323F020039382707800B32968F1
:10DF0000B67861440004D1F8103523F4991323F452
:10DF1000F853C1F81035230200F4403003F47C5369
:10DF200003433005D1F8105500F4801003432B4310
:10DF3000C1F81035938A43EA473343F020039382B4
:10DF40000020C2E7C0E90312704770B504461546C9
:10DF5000FFF702FE48B10846FAF762F804EB400406
:10DF60000020A38A5B0B2B7070BD6FF01500FBE7E0
:10DF700038B590F88C4005469CB960222146143093
:10DF800000F008FF2868C0F87C41D0F87C3140F3ED
:10DF90000730F5F7F7FF012385F88C30AB67204693
:10DFA00038BD6FF07700FBE790F88C00003818BFA1
:10DFB00001207047FAF770B82DE9F341044617467F
:10DFC000FFF7CAFD0D46266800B32046FFF7CFFDD8
:10DFD0008046D8B92046FFF7D5FD05B2AD0005F55E
:10DFE000807246F802802168B2582944D1F8102581
:10DFF00042F00102C1F810252FB12168012202FA76
:10E0000000F3C1F8043302B0BDE8F081D6F8043360
:10E01000002BA4BF4FF00043C6F804332846F9F79D
:10E02000FFFF04EB4004A38AC3F38203042B12D046
:10E03000052B12D001A80195F9F7E2FF019BD0F85A
:10E040001015D94001F001010231284602B0BDE8A7
:10E05000F041FFF772BD0321F7E70221F5E7FFF773
:10E060001DBEFFF7E2BD4FF080531A695869504357
:10E0700070474FF08053186970474FF080535869CC
:10E080007047A1F5807310B59B08012404FA03F3CF
:10E0900018400CD001F1804101F5E041086830B131
:10E0A000002008600968116819431160204610BDFE
:10E0B00008B500210120FAF7E9F90028F9D008BDD8
:10E0C00008B50246FAF784F920B9BDE808401046C1
:10E0D000FAF7C0BA6FF00F0008BD70B5A2F58074F2
:10E0E000A408012606FA04F4054614EA010008D043
:10E0F000A85830B10021A950AA581A6822431A60C2
:10E10000304670BD2DE9F341002304460D460193CE
:10E11000904601AB4FF4A672FFF7DFFF4FF4827217
:10E1200029462046FFF7D9FF4FF48C72074629464F
:10E130002046FFF7D2FF064630B1B8F1000F1DD0E0
:10E1400017B1D4F83C353E4601AB4FF488722946EE
:10E150002046FFF7C2FF30B1B8F1000F03D016B967
:10E160000FB1D4F83C3501AB4FF4907229462046EC
:10E17000FFF7B3FF019802B0BDE8F0814646E3E740
:10E1800007B5019001A8FAF7BDFD019A012393405C
:10E19000C0F8083503B05DF804FB07B5019001A88D
:10E1A000FAF7B0FD019A01239340C0F80C3503B093
:10E1B0005DF804FB38B504461D4694F820309BB941
:10E1C00079B14869FAF7EEFD88B1C4E90125204626
:10E1D000FAF740FE0020012384F8210084F8203063
:10E1E00038BDC4E90125F5E76FF07700F8E76FF077
:10E1F0001500F5E730B5D0F804312BB10023C0F895
:10E200000431D0F80431012391F82F2022B30022E9
:10E21000C0F82421D0F82441C0F81C21D0F81C41BA
:10E22000C0F80821D0F80821002B79D0002281F80D
:10E230002D2091F82F20002A37D14D6B8C6AA542F2
:10E240001FBF0523C0F80025C0F80035134683F032
:10E25000010381F82F3028E0D0F8244114B1C0F830
:10E2600024210EE0D0F81C216AB3C0F81C41D0F87C
:10E270001C214A6B01324A63D0F8245145B1C0F8E1
:10E280002441D0F824210122426181F82F20CBE7DC
:10E290008C6AA24204D24C6AA25CC0F81C25C3E777
:10E2A00091F82C201AB10123C361002030BD0A6A05
:10E2B00012F0400F4FF0010203D0C26181F82D200F
:10E2C000F3E74261B0E7D0F80841002CACD0C0F8C9
:10E2D0000821D0F80841D0F82441002CBFD14A6B66
:10E2E0008C6AA242A0D24C6AD0F81855A5544A6B49
:10E2F0008C6A0132651EAA424A6308D10A6A540632
:10E3000002D40222C0F80022012202628CE7A2425B
:10E31000FAD10A6A520687D5022381F82D30C4E764
:10E320000120C3E7CB7B10B433B9D1E900420368C5
:10E33000C3F80845C3F80C2503688A68C3F8242588
:10E3400043682BB1006810BC40F30730F5F71ABEE4
:10E3500010BC704770B50D4690F83210044629BBCA
:10E36000C160C0E9012380F8311080F8351080F8D1
:10E370003410B5B16B7B80F83C30AE7B80F83D60EB
:10E380005EB92868062303223146FAF7C5FF68689C
:10E39000062303223146FAF7BFFF29462046FFF73E
:10E3A000C1FF012384F83230002070BD6FF0770088
:10E3B000FBE703680522C3F80025022380F832300A
:10E3C00070472DE9F041014686B051F8048B0446B0
:10E3D0004046FFF70FFF002846D194F83350FDB9AF
:10E3E000227C931E012B1BD8A06AE369984217D1A7
:10E3F000236AA362A369E362636A84F83150C3F3BA
:10E400004013032A84F83030404604D106B0BDE8FA
:10E41000F041FAF7A5BF06B0BDE8F041FBF716B82A
:10E4200004F110070FCF01AE0FC63B68336065B132
:10E43000D8F8C454C8F8C454A90718D46A0718D423
:10E4400005F00105C5F10405EDB2002384F8343070
:10E45000636A8DF800505B0702D594F833301BB126
:10E46000D4E901316846984706B0BDE8F08101253E
:10E47000EBE70225E9E707B5019001A8FBF7B8F83B
:10E48000019A01239340C0F8083503B05DF804FBFE
:10E490000369C26893429CBF81685B18013B981A6C
:10E4A00070472DE9F041D0E902840546A8EB040647
:10E4B0004068964220440F46144404D900F042FCC0
:10E4C000EC60BDE8F0813246A4EB080400F03AFCB1
:10E4D00068682246B919F1E72DE9F843C568064690
:10E4E000894617464FF000083369B46870689D424A
:10E4F00028BF1B19641BBC4203F1FF3328BF3C46F5
:10E500005B1B9C4228BF1C4649462844224600F01B
:10E5100019FCB3682544AB4208BF00253F1BA0444B
:10E52000A144F560E0D14046BDE8F883F8B5044663
:10E530000E46174600F011F83A4605463146204689
:10E54000FBF704F90446284600F00FF82046F8BD12
:10E5500008B5FBF70DFA002008BDEFF3118020236A
:10E5600083F31288BFF36F8F704780F31188BFF376
:10E570006F8F704708B1F5F7E9BF704710B5436971
:10E5800004463BB90020E268537843F0010353701E
:10E59000404210BD98470028F4D00028B8BF404240
:10E5A000E368FF28A8BFFF201870ECE740B1C368FC
:10E5B000587810F001001EBF1878B0FA80F04009BA
:10E5C0007047EFF31183202383F31288BFF36F8F1B
:10E5D000FEE74169826842EA010313F003030FD1A9
:10E5E000C3600369013B03FB0122002B01DA002019
:10E5F0007047C16811604169C260013B521AF4E77B
:10E600006FF01500704710B5C0E904320023816037
:10E6100083610446FFF7DDFF0028A8BFC4E900447A
:10E6200010BD2DE9F04105460F46EFF31188202378
:10E6300083F31288BFF36F8FC668FEB90468A042E7
:10E640001CD0DCB1D4E9003213605A60637BA66051
:10E6500023F002036373C4E9006604F1180000F0BC
:10E660001FFA2046C4F8BC60276100F03FF941461C
:10E6700005F10800BDE8F041FCF764B93E60AB6904
:10E68000EF60013BAB6188F31188BFF36F8FBDE88A
:10E69000F08108B52024EFF3118384F31288BFF3CF
:10E6A0006F8FFEF74BFDF6E790F90E308B4201D0ED
:10E6B000FCF7D6B80020704703460020C3E90200EB
:10E6C000C3E9003370473AB18A4205D3C0E9021268
:10E6D000C0E90000002070476FF015007047026825
:10E6E00001238B4022EA0303036022FA01F000F0C9
:10E6F0000100704710B5032104460C30FFF7EFFF0F
:10E7000030B104F1100000F0CBF9B0FA80F040090C
:10E7100010BD20B100221146CC3000F065B9704721
:10E7200070B5C368C3F340069B07044616D48568DA
:10E7300002210C30FFF7D3FF80B1D5F8C4206AB1B5
:10E7400094421DD122689EB9D5F8C830C5F8C420BE
:10E750009C4201D1C5F8C82000232360E36813F070
:10E760001F001EBF43F00203E36040F0020070BDD3
:10E770003260D5F8C820944208BFC5F8C860EBE7FE
:10E7800016461268DBE773B50446EFF311852023C4
:10E7900083F31288BFF36F8F0023A0F110060321CB
:10E7A00004380193FFF79BFF28B1A369019301A9E6
:10E7B0003046FBF70DFD85F31188BFF36F8F02B074
:10E7C00070BD13B501900846EFF31184202383F345
:10E7D0001288BFF36F8F01A9FBF7FAFC84F311884D
:10E7E000BFF36F8F02B010BD10B5FFF7EAFF041E34
:10E7F00008DDEFF31180202383F31288BFF36F8FBE
:10E80000FCF7D0F8204610BD38B5302204460D463E
:10E81000002100F0BFFA4FF480736560E36038BDFB
:10E8200038B50446EFF31185202383F31288BFF334
:10E830006F8FFFF75FFF2046FFF772FF85F31188A8
:10E84000BFF36F8F38BDEFF30580003818BF01208C
:10E8500070478430704710B500238B4202D113609B
:10E86000002010BDC45CAA2CF9D10133F5E70A469B
:10E87000D0E92901FFF7EFBFD0E9003213605A60F9
:10E880000023C0E90033704708B5FFF7F5FF437B6D
:10E8900023F0020343730023836008BD38B50446A8
:10E8A0000D46FBF7D3FE637B43F002036373E5B1D0
:10E8B000A5602B689D4209D16B68C4E900531C60B8
:10E8C0006C6012E06A689A42F6D01B68002BF3D0A5
:10E8D00094F90E2093F90E108A42F3D09142F1DDA3
:10E8E0005A68C4E9003214605C6038BD10B5EFF3BB
:10E8F0001184202383F31288BFF36F8FFBF764FE2C
:10E9000084F31188BFF36F8F10BD08B5EFF3118149
:10E91000202282F31288BFF36F8F83680BB1FFF759
:10E92000B3FF81F31188BFF36F8F08BD38B5EFF3E4
:10E930001184202383F31288BFF36F8F90F86C50FB
:10E94000427B002380F86C302DB121B184F3118813
:10E95000BFF36F8F38BD12F0280FF7D183680BB16A
:10E96000FFF792FF437B23F004034373FBF72CFE76
:10E97000ECE701211838FFF7D9BF08B50346EFF3DC
:10E980001181202282F31288BFF36F8F00688342C7
:10E9900007D008B1FFF778FF81F31188BFF36F8FBD
:10E9A00008BD0020F8E770B505460E46FCF7A2F852
:10E9B000B6F1FF3F08BFB5F1FF3F0446284612D02D
:10E9C0004FF47A7147F6FF730022C4FB0132D80B73
:10E9D00040EA4240B0F1004F4FEAD23272F10002F9
:10E9E00028BF6FF0004070BD38B5EFF311852023CC
:10E9F00083F31288BFF36F8F0468A04213D0A4B1D1
:10EA0000C4F8BC1022612046FFF73EFF04F1180055
:10EA100000F046F82046FBF7D7FD012085F311886A
:10EA2000BFF36F8F38BD0020F8E72046F6E72DE9E9
:10EA3000F04105460E461746EFF31188202383F375
:10EA40001288BFF36F8F0468A0420FD1002088F3B3
:10EA50001188BFF36F8FBDE8F08139462046B0477B
:10EA60000028F4D16B68A342F0D02468002CF4D1C4
:10EA7000ECE708B50246FCF759FA70B1D0E9043169
:10EA80009B1A61EBE272B3F1004F72F1000104DAFC
:10EA9000002AACBF1846002008BD6FF00040FBE71D
:10EAA00038B50246EFF31185202383F31288BFF3B4
:10EAB0006F8F0368CBB1FCF739FA04461046FCF7B8
:10EAC00047FA00224FF000438442C0E9042306D1F4
:10EAD000FCF734FAFFF7CDFF0021F8F791FA002098
:10EAE00085F31188BFF36F8F38BD6FF01500F7E71E
:10EAF00008B5FCF739FB08BDFCF736BB0023C0E9BD
:10EB0000081200F11802C0E90622C0E900330363CD
:10EB10004363704710B50446FFF7C2FFA8B9636AA4
:10EB20000BB12046984704F11800FFF726FF60B1AB
:10EB3000FFF7DCFEEFF31180202383F31288BFF38D
:10EB40006F8FBDE81040FBF72DBF10BD2DE9F347D7
:10EB50000446DDE90A9815460E4659B302F0010A4B
:10EB6000FCF746F80746EFF31181202383F3128860
:10EB7000BFF36F8FA80744BF0023A360A36803EA15
:10EB80000600BAF1000F0CD086420CD16A0744BFD0
:10EB90008343A36081F31188BFF36F8F02B0BDE898
:10EBA000F0870028F2D159EA080305D181F31188D2
:10EBB000BFF36F8F0020F1E7C7E919652246CDE961
:10EBC000009804F10C00FBF729FE0028F2D1786EC2
:10EBD000E4E710B5D0E919424B6812F0010F03EADF
:10EBE000040301D09C4210D17BB14366520744BF5D
:10EBF0008A681A430B6848BF8A600366012308606D
:10EC000080F86C301830FFF74BFF002010BD002358
:10EC1000C0E90000836070470A46FCF777BB0A46EC
:10EC20000021FCF773BB5200FFF790BF704710B490
:10EC300000F10C04C0E9034410BCFDF7D9B810B5CD
:10EC400001390244904201D1002005E0037811F817
:10EC5000014FA34201D0181B10BD0130F2E710B5DF
:10EC60000139044632B111F8013F00F8013B013A85
:10EC7000002BF7D1002100F08DF8204610BD10B513
:10EC8000024601448A42134603D01C780132002C0C
:10EC9000F8D1181A10BDF0B5C3F137070446FFB21A
:10ECA00003F01F031046082BE6B233D0102B3ED0E2
:10ECB0006508A40844EA817445EAC1752D194FEA34
:10ECC000910242EB5102290941EA02716D1842EBAF
:10ECD0001212290A41EA02616D1842EB1222290C34
:10ECE00041EA02416D1842EB1242AD1842F10002B6
:10ECF000EC0844EA4274D10804EB8402A6EB420516
:10ED0000EDB2092D0CD90134A5F10A0541F100013C
:10ED1000EDB212E0E40844EA417406F00705C908C0
:10ED2000303554EA010200F8015BBCD1F0BD240982
:10ED300044EA017406F00F050909092D84BFED1995
:10ED4000EDB2EDE70A44914200F1FF3300D1704784
:10ED500010B511F8014B03F8014F9142F9D110BDE4
:10ED6000884210B501EB020402D98442234607D839
:10ED7000431EA14208D011F8012B03F8012FF8E738
:10ED8000024401468A4200D110BD13F8014D02F839
:10ED9000014DF7E702440346934200D1704703F860
:10EDA000011BF9E7D1E9043293421EBF5A1C0A61E4
:10EDB000187070470148006870470000A4230020C5
:08EDC0001414FF7F01000000A4
:10EDC80035450000000000000000000088EE00004B
:10EDD80051E50000000000004D9D0000000000000B
:10EDE80085B300000000000000000000A4EE000051
:10EDF80000000000C0EE0000915B00000000000071
:10EE0800ABD90000000000009D6E0000000000006B
:10EE18007112000000000000092500000000000039
:10EE28001145000000000000AFD9000000000000FC
:10EE3800A9B30000000000000000000014EF00006B
:10EE480000000000DCEE000000000000F8EE00000A
:10EE58000000000030EF0000000000004CEF000050
:10EE68000000000068EF00000000000084EF0000D0
:10EE780000000000A0EF0000C93100000000000001
:10EE88007410010090F50000B0F100008204002029
:10EE9800D8230020F558000000000000561101009A
:10EEA800B0F500006CF10000860400204424002026
:10EEB800316000000000000064110100C4F500008A
:10EEC8006CF100008804002050240020316000000C
:10EED800000000008C0C0100000000003CF1000064
:10EEE8007C04002000000000E54A0000000000004B
:10EEF800321101000000000054F1000084040020D9
:10EF080000000000515C00000000000076110100C4
:10EF1800D8F5000090F100008A04002010030020BA
:10EF28007BD4000000000000911401000CF60000E2
:10EF3800A8F100008C04002078030020ED64000094
:10EF480000000000591001006CF5000078F5000081
:10EF580080040020CC2600200D580000000000008E
:10EF6800840E010060F5000048F100007E040020D6
:10EF7800A0000020915300000000000014160100BA
:10EF880078F60000BCF600008E0400205001002036
:10EF98005D7200000000000048170100DCF6000068
:10EFA800FCF600009004002098010020DD770000A6
:04EFB8000000000055
:10EFBC0061DA0000C1D900000000000021D100007E
:10EFCC000000000021D1000010030020C3E300006A
:10EFDC0078030020A99200000000000021D100005D
:10EFEC008002002077D40000358B0000C1D90000CE
:10EFFC000000000021D100000000000021D1000021
:10F00C000000000021D100000000000021D1000010
:10F01C000000000021D100000000000021D1000000
:10F02C000000000021D100000000000021D10000F0
:10F03C000000000021D10000000000002D6F000036
:10F04C000000000021D100000000000021D10000D0
:10F05C000000000021D100000000000021D10000C0
:10F06C000000000021D100000000000021D10000B0
:10F07C000000000021D100000000000021D10000A0
:10F08C000000000021D100000000000021D1000090
:10F09C000000000021D100000000000021D1000080
:10F0AC000000000021D100000000000021D1000070
:10F0BC000000000021D100000000000021D1000060
:10F0CC000000000021D100000000000021D1000050
:10F0DC000000000021D100000000000021D1000040
:10F0EC000000000021D100000000000021D1000030
:10F0FC000000000021D100000000000021D1000020
:10F10C000000000021D100000000000021D100000F
:10F11C000000000021D100000000000021D10000FF
:10F12C000000000021D100000000000021D10000EF
:10F13C00954600002D4B000058020000994E00002F
:08F14C00AD51000000100000AD
:10F154009FD30000ED5D0000FD5C0000015C000039
:08F164006BD30000F15B000019
:10F16C006D600000CDD30000DBD30000F3D30000B2
:10F17C00FFD300000BD40000E15E000025D400009A
:04F18C00000000007F
:10F190004D62000000000000E5D400000000000007
:08F1A0000000000093D50000FF
:08F1A80055670000A5D6000028
:10F1B0004D590000DDD200003DD3000000000000EA
:0CF1C0007BD200000000000000000000F6
:10F1CC00990C0100030000005AFA00000300000033
:10F1DC008F10010003000000211601000300000045
:10F1EC004817010003000000210301000300000088
:10F1FC004C1101000300000072110100030000001B
:10F20C008311010003000000A7FA000003000000B6
:10F21C00ABFA00000300000095F9000004000000A8
:10F22C00C308010003000000BA180100030000002D
:10F23C008F010100030000008901010003000000A0
:10F24C0056090100030000009E1401000300000099
:10F25C0094FA0000030000008F0E01000300000070
:08F26C006C100100030000001A
:10F2740044F40000CC1B002000FC0000010000004E
:10F2840081FF000048020020F41B00200000000061
:10F2940002000000E0F40000F01B00200000000069
:10F2A4000C0500208F010100481700208060002019
:08F2B400F4F4000070F4000006
:10F2BC000000000000000000000000000000000042
:10F2CC00000000003DFC000044FC000000000000B9
:10F2DC00F12000000000000030FE00003AFE0000AB
:10F2EC0000000000752100000300000059FE000022
:10F2FC0060FE000084F40000D1C700000000000094
:10F30C0073FC000079FC0000000000000D210000DF
:10F31C00020000008CFE000093FE00005CF3000075
:10F32C000000000000000000FFFC000006FD0000D3
:10F33C0000000000C1040000010100003F0D0100AD
:10F34C005DFD0000000000005D21000000000000D9
:10F35C0000000000000000000000000000000000A1
:10F36C0000000000650101006A01010000000000BE
:10F37C00A52400000200000082FF000087FF0000AF
:10F38C000000000019220000000000000401010030
:10F39C000B010100000000004124000002000000ED
:10F3AC00280001002F000100000000000D230000C8
:10F3BC0000000000A1000100A900010000000000F5
:10F3CC00DD2300000200000000000000000000002F
:0CF3DC0000000000000000000000000025
:10F3F0000338FDD870470000080700200004000013
:10F4000043C60000E5C500000200000067C7000019
:10F4100000000000000000000000000000000000EC
:10F4200000000000000000000000000000000000DC
:10F4300000000000D1FB0000D5FB0000D9FB00005C
:10F44000DDFB0000F51E0000E91E0000191F000092
:10F45000AD1E000000000000A11E00000000000022
:10F46000751F0000D41B0020D226002001000000E0
:10F4700010FC000017FC0000BCF2000000000000BF
:10F480000000000088F4000068FE00006DFE00002F
:10F4900000000000D1C70000000000007AFE00005C
:10F4A0007FFE000000000000D9C70000000000003F
:10F4B000000000000000000000000000000000004C
:10F4C000000000003A0000002D25000027C80000C1
:10F4D000FDC7000075250000EDC70000000000001A
:10F4E000EB3700201E000000DBCE000084F200009D
:10F4F0004002002015030100E002010000000000AE
:10F500000D2D00000100000000000000F5D00000FB
:10F510006802002060020020580200200000000065
:10F5200050020020FD320000F131000045320000A1
:10F53000A5320000000000200000000000000B06C3
:10F540000200000048F5000000000000470901002B
:10F5500026000202000000204F09010022000B11CA
:10F5600014EF00004B0000000001000014EF000049
:10F5700049000000040000003D54000091550000C7
:10F5800000100000B1580000815800000000000089
:10F59000015A0000815900008310010067D3000068
:10F5A00063D30000891001000400000000FF000088
:10F5B000FFFF000000030050800200200000000058
:10F5C00001000000FFFFFFFF00000050800200204C
:10F5D000000000000000000000000000000000002B
:10F5E0000000980100000101BBD40000F0F500000C
:10F5F00000300040FCF500000100000004F60000AF
:10F60000020000001538000C1438000B00127A00BC
:10F61000000000000000000000000000FFFFFFFFEE
:10F620000000FF00000000000000000000000000DB
:10F630000000000101000000C9D50000FFFF00002C
:10F6400050F6000000000000FFFFFFFF0000000078
:10F65000004000405CF600000100000064F600007D
:10F660000300000016000004200000051802000638
:10F67000C0EE00001700010030EF0000C0E1E40020
:10F6800000010000C0EE00001700010000000000B3
:10F6900001000000000000000080000000010000E8
:10F6A00000008000000004000008000000080001C5
:10F6B000000003006400011F280000001971000011
:10F6C00091760000E5740000A170000000000000C9
:10F6D00087D800000100000000FF00004CEF000090
:10F6E00009040000210000000904000022000000BD
:10F6F00088130000581B00002823000059D900007F
:10F70000E579000085D90000397900000800000083
:10F7100003000000431801005118010065180100A2
:10F720007418010080180100C8ED0000C8ED000049
:10F7300010EE000018EE000080EE000088EE0000E1
:10F74000BF18010001000500E918010002000700D0
:10F75000C518010004000800CE18010008000400CC
:10F76000D318010010000900DD1801002000080076
:10F77000E618010040000A00F118010080000600B0
:10F78000F81801000001000000000000FF8FFFFFDB
:10F79000FF8FFFFFFE8FFFFFFE8FFFFFFD8FFFFF3D
:10F7A000FC8FFFFFFC8FFFFF6D757465785F6672DD
:10F7B00065652063616C6C65642077697468204EB0
:10F7C000554C4C20706172616D657465720000006B
:10F7D00043616E277420696E697469616C697A652A
:10F7E000206D757465782C20776173204E554C4CD4
:10F7F0000D0A0000436F756C64206E6F74206C6F8F
:10F80000636B20706F7765722073617665206D750C
:10F810007465780025733A204C696E6520636F6EBD
:10F820006E65637465640025733A204C696E6520CB
:10F83000646973636F6E6E65637465640025733A03
:10F8400020556E6B6E6F776E206576656E743A200C
:10F8500025640025733A204275696C642074696DD3
:10F86000653A204A756E20323420323032362031EB
:10F87000343A33373A34320025733A2043616C6CA2
:10F8800020606374725F7831305F7365745F6861A4
:10F890006E646C657260206661696C65643A2025EF
:10F8A000640025733A2043616C6C20606374725F5E
:10F8B0007831305F6765745F626174746572795F17
:10F8C000766F6C7461676560206661696C65643A27
:10F8D0002025640025733A20426174746572792092
:10F8E000766F6C746167653A202564206D7600251B
:10F8F000733A2043616C6C20606374725F783130BE
:10F900005F6765745F6C696E655F766F6C74616765
:10F910006560206661696C65643A20256400257322
:10F920003A204C696E6520766F6C746167653A2089
:10F930002564206D760025733A2043616C6C20604D
:10F940006374725F7831305F6765745F6C696E6590
:10F950005F70726573656E7460206661696C656462
:10F960003A2025640025733A204C696E6520707238
:10F970006573656E743A202564006D61696E00637D
:10F9800074725F7831305F6576656E745F68616E42
:10F99000646C6572006D61696E0025733A2028758C
:10F9A0006E7369676E6564292063686172202A201E
:10F9B0007573656420666F722025257020617267FB
:10F9C000756D656E742E2049742773207265636FA0
:10F9D0006D6D656E64656420746F2063617374205F
:10F9E000697420746F20766F6964202A20626563D1
:10F9F00061757365206974206D6179206361757329
:10FA000065206D69736265686176696F7220696EE1
:10FA1000206365727461696E20636F6E66696775D5
:10FA2000726174696F6E732E20537472696E673AD7
:10FA30002225732220617267756D656E743A2564A4
:10FA40000063627072696E74665F7061636B616798
:10FA5000655F636F6E766572740063627072696E63
:10FA600074665F7061636B616765004661696C65B0
:10FA70006420746F207265626F6F743A20737069CE
:10FA80006E6E696E6720656E646C6573736C792E3B
:10FA90002E2E0A007379735F6765746F7074006C43
:10FAA0006F6767696E67006C6F67006C6F675F6D8B
:10FAB000676D740025733A204D6573736167652027
:10FAC0002822257322292064726F70706564206279
:10FAD0006563617573652069742065786365656425
:10FAE000732073697A65206C696D69746174696FDC
:10FAF0006E20282575290025733A204D65737361A2
:10FB000067652064726F70706564206265636175FB
:10FB10007365206974206578636565647320736913
:10FB20007A65206C696D69746174696F6E2028252F
:10FB30007529007A5F6C6F675F6D73675F72756EB2
:10FB400074696D655F76637265617465007A5F697B
:10FB50006D706C5F7A5F6C6F675F6D73675F7374F6
:10FB6000617469635F637265617465001B5B306D0E
:10FB7000005B2530386C755D20005B253032753AAE
:10FB8000253032753A253032752E253033752C25C7
:10FB90003033755D200025732F003C25733E200017
:10FBA00025733A2000253032782000202020007C68
:10FBB00000256300206D657373616765732064724F
:10FBC0006F70706564202D2D2D0D0A002D2D2D20B8
:10FBD000006572720077726E00696E66006462671B
:10FBE000004C6F67676572006D657373616765735D
:10FBF0002064726F707065643A202020200D0A0026
:10FC00006C6F675F6261636B656E645F72747400D2
:10FC10006B65726E656C004B65726E656C20636F10
:10FC20006D6D616E6473006379636C65733A202552
:10FC300075206877206379636C65730A0063796364
:10FC40006C6573004B65726E656C206379636C65DF
:10FC5000732E00556E61626C6520746F2070617246
:10FC6000736520696E707574202865727220256432
:10FC7000290A00736C656570006D730055707469B6
:10FC80006D653A20256C6C75206D730A002D70002F
:10FC90002D2D70726574747900556E737570706F68
:10FCA00072746564206F7074696F6E3A2025730AF0
:10FCB00000757074696D653A20256C6C75206461FF
:10FCC00079732C20256C6C7520686F7572732C20ED
:10FCD000256C6C75206D696E757465732C20256CB0
:10FCE0006C75207365636F6E64732C20256C6C7566
:10FCF000206D696C6C697365636F6E64730A00755F
:10FD00007074696D65004B65726E656C20757074FA
:10FD1000696D652E2043616E2062652063616C6CA5
:10FD20006564207769746820746865202D70206F81
:10FD300072202D2D707265747479206F7074696FE4
:10FD40006E7300342E332E3939005A65706879721B
:10FD50002076657273696F6E2025730A004B657299
:10FD60006E656C2076657273696F6E2E00546869DB
:10FD70007320636F6D6D616E6420697320646570BC
:10FD800072656361746564206173206974206973AE
:10FD90002061206475706C69636174652E205573F1
:10FDA0006520276C6F6720656E61626C6527206334
:10FDB0006F6D6D616E642066726F6D206C6F67672A
:10FDC000696E6720636F6D6D616E64732073657417
:10FDD0002E0A00556E61626C6520746F207061722E
:10FDE0007365206C6F67207365766572697479201E
:10FDF00028657272202564290A00496E76616C6953
:10FE000064206C6F67206C6576656C3A2025640A07
:10FE100000556E61626C6520746F2066696E6420A7
:10FE20006C6F6720736F757263653A2025730A00E3
:10FE30006C6F675F6C6576656C003C6D6F64756CAC
:10FE400065206E616D653E203C73657665726974F0
:10FE5000792028302D34293E007265626F6F74005E
:10FE60005265626F6F742E00636F6C6400436F6C39
:10FE700064207265626F6F742E007761726D005737
:10FE800061726D207265626F6F742E0074687265A6
:10FE90006164004B65726E656C20746872656164A4
:10FEA000732E005363686564756C65723A2025751E
:10FEB0002073696E6365206C6173742063616C6C80
:10FEC0000A00546872656164733A0A004E41002565
:10FED00073257020252D3130730A00096F70746905
:10FEE0006F6E733A20307825782C207072696F72AB
:10FEF0006974793A2025642074696D656F75743A68
:10FF000020256C6C640A000973746174653A2025BD
:10FF1000732C20656E7472793A2025700A00556E34
:10FF200061626C6520746F2064657465726D696EC2
:10FF30006520756E7573656420737461636B2073DF
:10FF4000697A6520282564290A0A000973746163A7
:10FF50006B2073697A6520257A752C20756E757310
:10FF6000656420257A752C20757361676520257A74
:10FF700075202F20257A7520282575202525290A0A
:10FF80000A006C697374004C697374206B65726E3F
:10FF9000656C20746872656164732E002570204959
:10FFA00052512025303264202573287265616C20FF
:10FFB00073697A652025347A75293A09756E7573E7
:10FFC00065642025347A7509757361676520253469
:10FFD0007A75202F2025347A75202825327A7520CD
:10FFE0002525290A00257020252D333273202872FB
:10FFF00065616C2073697A652025347A75293A0920
:020000021000EC
:10000000756E757365642025347A7509757361673B
:10001000652025347A75202F2025347A75202825EF
:100020003275202525290A00737461636B73004CB7
:10003000697374207468726561647320737461639A
:100040006B2075736167652E00546872656164206A
:100050004944202570206973206E6F742076616C8E
:1000600069640A004572726F723A5368656C6C205D
:100070007468726561642063616E6E6F742062657E
:100080002073757370656E6465640A0054687265E8
:1000900061642025702073757370656E6465640AF1
:1000A0000073757370656E64006B65726E656C20AD
:1000B0007468726561642073757370656E64203C4A
:1000C0007468726561645F69643E004572726F7244
:1000D0003A5368656C6C2074687265616420636172
:1000E0006E6E6F7420626520726573756D65640A4B
:1000F0000054687265616420257020726573756DA7
:1001000065640A00726573756D65006B65726E6576
:100110006C2074687265616420726573756D65200A
:100120003C7468726561645F69643E004572726F19
:10013000723A5368656C6C20746872656164206300
:10014000616E6E6F74206265206B696C6C65640A09
:10015000000A20546872656164202570206B696C08
:100160006C65640A006B696C6C006B65726E656C23
:1001700020746872656164206B696C6C203C7468E3
:10018000726561645F69643E007368656C6C2E73B0
:1001900068656C6C5F72747400537562636F6D6D2B
:1001A000616E64733A0A005741524E494E473A20F5
:1001B00041207072696E7420726571756573742068
:1001C000776173206465746563746564206F6E2065
:1001D0006E6F7420616374697665207368656C6CFA
:1001E000206261636B656E642E0A006E6F7420740A
:1001F00065726D696E617465643A2025630A00500A
:100200006C65617365207370656369667920612030
:10021000737562636F6D6D616E642E0A00257325C0
:10022000730A003A20636F6D6D616E64206E6F74A7
:1002300020666F756E6400546F6F206D616E79205B
:10024000617267756D656E747320696E2074686580
:1002500020636F6D6D616E642E0A0025733A2077FE
:10026000726F6E6720706172616D65746572206374
:100270006F756E740A00596F752063616E20747219
:100280007920746F2063616C6C20636F6D6D616E9B
:1002900064732077697468203C2D683E206F72205B
:1002A0003C2D2D68656C703E20706172616D6574C7
:1002B000657220666F72206D6F726520696E666F61
:1002C000726D6174696F6E2E0A000A417661696C05
:1002D00061626C6520636F6D6D616E64733A0A00D4
:1002E0005072696E7473207468652068656C702044
:1002F0006D6573736167652E0055736167653A209C
:10030000257320002573252D2A730025732573007E
:100310002D68002D2D68656C7000202D2000202098
:1003200000666C617368002A2A2A20426F6F746924
:100330006E67206E524620436F6E6E656374205365
:10034000444B2076332E332E302D313665663638C9
:10035000656135663565202A2A2A0A002A2A2A205C
:100360005573696E67205A6570687972204F532003
:1003700076342E332E39392D656334393965636609
:1003800036623061202A2A2A0A006D757465785F0A
:10039000696E69742063616C6C6564207769746848
:1003A000204E554C4C20706172616D657465720011
:1003B000436F756C64206E6F7420616C6C6F636149
:1003C0007465206D75746578206265666F7265204E
:1003D000696E697469616C697A696E670025733A40
:1003E0002072302F61313A20203078253038782043
:1003F0002072312F61323A20203078253038782031
:100400002072322F61333A2020307825303878003E
:1004100025733A2072332F61343A2020307825300A
:100420003878207231322F69703A202030782530A8
:100430003878207231342F6C723A20203078253091
:1004400038780025733A2020787073723A20203073
:1004500078253038780025733A204661756C7469C8
:100460006E6720696E737472756374696F6E206154
:1004700064647265737320287231352F7063293A72
:10048000203078253038780025733A20556E686121
:100490006E646C6564204952516E3A202564006593
:1004A00073665F64756D70007A5F61726D5F66611F
:1004B00074616C5F6572726F720025733A202A2A2C
:1004C0002A2A2A20425553204641554C54202A2A94
:1004D0002A2A2A0025733A202020537461636B690D
:1004E0006E67206572726F720025733A2020205566
:1004F0006E737461636B696E67206572726F7200F0
:1005000025733A2020205072656369736520646109
:10051000746120627573206572726F720025733A80
:100520002020204246415220416464726573733A30
:1005300020307825780025733A202020496D70728C
:1005400065636973652064617461206275732065F9
:1005500072726F720025733A202020496E73747294
:10056000756374696F6E20627573206572726F7245
:100570000025733A202020466C6F6174696E672DE8
:10058000706F696E74206C617A7920737461746520
:1005900020707265736572766174696F6E20657222
:1005A000726F720025733A202A2A2A2A2A2055536C
:1005B000414745204641554C54202A2A2A2A2A00E0
:1005C00025733A2020204469766973696F6E206232
:1005D00079207A65726F0025733A202020556E616C
:1005E0006C69676E6564206D656D6F7279206163FB
:1005F000636573730025733A2020204E6F20636F6C
:1006000070726F636573736F7220696E7374727545
:100610006374696F6E730025733A202020496C6CF7
:100620006567616C206C6F6164206F66204558437C
:100630005F52455455524E20696E746F20504300EE
:1006400025733A202020496C6C6567616C207573B6
:1006500065206F66207468652045505352002573ED
:100660003A202020417474656D707420746F206589
:1006700078656375746520756E646566696E65641A
:1006800020696E737472756374696F6E0025733AB6
:10069000202A2A2A2A2A204D5055204641554C54BA
:1006A000202A2A2A2A2A0025733A202020537461FE
:1006B000636B696E67206572726F722028636F6E5C
:1006C000746578742061726561206D696768742053
:1006D0006265206E6F742076616C696429002573F1
:1006E0003A20202044617461204163636573732064
:1006F00056696F6C6174696F6E0025733A20202013
:100700004D4D46415220416464726573733A203006
:100710007825780025733A202020496E737472750D
:100720006374696F6E204163636573732056696FEC
:100730006C6174696F6E00526573657276656420D2
:10074000457863657074696F6E2028005370757208
:10075000696F757320696E74657272757074202884
:10076000495251200025733A20535053454C20697B
:100770006E20746872656164206D6F646520646FBB
:100780006573206E6F7420696E646963617465209F
:100790005053500025733A202A2A2A2A2A204841F9
:1007A0005244204641554C54202A2A2A2A2A002500
:1007B000733A202020427573206661756C74206F37
:1007C0006E20766563746F72207461626C6520724E
:1007D0006561640025733A202020446562756720B6
:1007E0006576656E740025733A2020204661756C2D
:1007F0007420657363616C6174696F6E2028736522
:10080000652062656C6F77290025733A2041524359
:10081000485F455843455054207769746820726595
:1008200061736F6E2025780A0025733A202A2A2AE0
:100830002A2A204465627567206D6F6E69746F7235
:1008400020657863657074696F6E202A2A2A2A2AC7
:100850000025733A202A2A2A2A2A20257320256473
:1008600029202A2A2A2A2A0072657365727665640D
:100870005F657863657074696F6E00646562756743
:100880005F6D6F6E69746F720075736167655F6627
:1008900061756C74006275735F6661756C74006D70
:1008A000656D5F6D616E6167655F6661756C740033
:1008B000686172645F6661756C74006765745F651A
:1008C0007366006D70750025733A204661696C652A
:1008D0006420746F20616C6C6F63617465206E6559
:1008E00077204D505520726567696F6E2025750A17
:1008F0000025733A20506172746974696F6E202507
:10090000753A2073616E69747920636865636B2042
:100910006661696C65642E00726567696F6E5F6100
:100920006C6C6F636174655F616E645F696E69743E
:10093000006D70755F636F6E6669677572655F7273
:100940006567696F6E7300464C4153485F300053D2
:1009500052414D5F3000736F6300060105010401D1
:10096000070203010502020103020504010101025D
:100970000103010401060108010C01100118012006
:100980000140018025733A2043616E6E6F742073BD
:10099000746172742073616D706C696E673A2025A2
:1009A000640025733A204661696C656420746F2089
:1009B000696E697469616C697A65206465766963DA
:1009C000653A2025730025733A20496E76616C697B
:1009D00064206368616E6E656C2049443A2025642A
:1009E0000025733A2053656C656374656420414447
:1009F00043206761696E206973206E6F7420766191
:100A00006C69640025733A2053656C656374656492
:100A100020414443207265666572656E6365206996
:100A200073206E6F742076616C69640025733A20C0
:100A300053656C6563746564204144432061637150
:100A40007569736974696F6E2074696D6520697367
:100A5000206E6F742076616C69640025733A2043C0
:100A6000616E6E6F7420636F6E6669677572652064
:100A70006368616E6E656C2025643A2025640025EC
:100A8000733A204661696C656420746F20736574E5
:100A9000206275666665723A2025640025733A20E7
:100AA000496E76616C69642073656C656374696F07
:100AB0006E206F66206368616E6E656C73002573CF
:100AC0003A204368616E6E656C202575206E6F74E8
:100AD00020636F6E666967757265640025733A20DE
:100AE0004E6F206368616E6E656C20636F6E666921
:100AF00067757265640025733A204144432072652E
:100B0000736F6C7574696F6E2076616C75652025E6
:100B100064206973206E6F742076616C69640025AF
:100B2000733A204F76657273616D706C696E6720E1
:100B3000697320737570706F7274656420666F726C
:100B40002073696E676C65206368616E6E656C20EA
:100B50006F6E6C790025733A204F76657273616D04
:100B6000706C696E672076616C75652025642069FC
:100B700073206E6F742076616C69640025733A206F
:100B800050726F766964656420627566666572206E
:100B9000697320746F6F20736D616C6C20282575EC
:100BA0002F25752900696E69745F73616164630044
:100BB0006163715F74696D655F736574007265660A
:100BC0006572656E63655F736574006761696E5F0A
:100BD000736574006164635F6E7266785F636861F9
:100BE0006E6E656C5F7365747570006164635F63DE
:100BF0006F6E746578745F656E61626C655F746951
:100C00006D657200636865636B5F627566666572C9
:100C10005F73697A65006765745F6F76657273618B
:100C20006D706C696E67006765745F7265736F6C79
:100C30007574696F6E006164635F636F6E7465786D
:100C4000745F73746172745F73616D706C696E67E9
:100C5000006164635F636F6E746578745F75706460
:100C60006174655F6275666665725F706F696E74E8
:100C70006572006576656E745F68616E646C65723E
:100C80000073746172745F726561640061646340D3
:100C90003430303037303030006164635F6E7266FC
:100CA000785F73616164630025733A20696E7661D1
:100CB0006C6964206368616E6E656C2073656C6539
:100CC0006374696F6E2025750025733A20496E762E
:100CD000616C6964206761696E0025733A20496E12
:100CE00076616C6964206368616E6E656C20636F09
:100CF0006E6669670025733A20496E76616C696497
:100D0000207265666572656E63650025733A2049D9
:100D10006E76616C69642061637175697369746969
:100D20006F6E2074696D650025733A204661696CA9
:100D3000656420746F20737461727420636F6E76C3
:100D4000657273696F6E0025733A2053656C656335
:100D5000746564206368616E6E656C287329206E0B
:100D60006F7420737570706F727465643A202578A3
:100D70000025733A2053656C656374656420726561
:100D8000736F6C7574696F6E206E6F7420737570FD
:100D9000706F727465643A2025640025733A204FA1
:100DA00076657273616D706C696E67206973206E11
:100DB0006F7420737570706F727465640025733A78
:100DC0002043616C6962726174696F6E206973207F
:100DD0006E6F7420737570706F7274656400257324
:100DE0003A2042756666657220696E76616C696448
:100DF0000025733A206275666665722073697A65AC
:100E000020746F6F20736D616C6C0025733A204203
:100E10007573206E6F742072656164790025733A72
:100E20002044657669636520726573657420666128
:100E3000696C65643A20256400746C6132303278E4
:100E40005F696E697400746C61323032785F636818
:100E5000616E6E656C5F736574757000746C613281
:100E60003032785F706572666F726D5F7265616453
:100E700000746C61323032785F73746172745F72C7
:100E800065616400746C61323032314034620074E8
:100E90006C61323032310025733A20496E76616CD4
:100EA0006964206368616E6E656C206964002573F7
:100EB0003A2043616C6C20606932635F77726974B9
:100EC000655F647460206661696C65643A202564BE
:100ED0000025733A2053656C65637465642063680C
:100EE000616E6E656C287329206E6F742073757047
:100EF000706F727465640025733A2053656C656386
:100F0000746564207265736F6C7574696F6E206EA2
:100F10006F7420737570706F727465640025733A16
:100F2000204F76657273616D706C696E67206E6FAD
:100F30007420737570706F727465640025733A2045
:100F400043616C6962726174696F6E206E6F7420A8
:100F5000737570706F727465640025733A204578FC
:100F60007472612073616D706C696E6773206E6F4F
:100F70007420737570706F727465640025733A2005
:100F80004E6F206275666665722070726F76696456
:100F900065640025733A2042756666657220746F39
:100FA0006F20736D616C6C3A2025750025733A20B3
:100FB0004661696C656420746F207374617274207B
:100FC00073696E676C652D73686F7420636F6E76DE
:100FD000657273696F6E3A2025640025733A204369
:100FE000616C6C20606932635F77726974655F72EF
:100FF0006561645F647460206661696C65643A2051
:1010000025640025733A2043616C6C206072656131
:101010006460206661696C65643A20256400746CC4
:1010200061323032345F696E6974007265616400E8
:10103000777269746500746C61323032345F726546
:10104000616400746C61323032345F6368616E6E6B
:10105000656C5F7365747570006374725F783130AE
:101060005F746C613230323440343900746C6132F8
:1010700030323400636C6F636B403430303030306A
:101080003030006866636C6B006C66636C6B006389
:101090006C6F636B5F636F6E74726F6C0025733A75
:1010A00020696E76616C6964206164647265737333
:1010B0003A2030782530386C783A257A75002573D7
:1010C0003A20756E616C69676E6564206164647254
:1010D0006573733A2030782530386C783A257A7504
:1010E0000025733A206E6F7420776F72642D616CE7
:1010F00069676E65643A2030782530386C783A2517
:101100007A7500666C6173685F6E72665F726561A6
:101110006400666C6173685F6E72665F7772697493
:101120006500666C6173685F6E72665F657261739D
:101130006500666C6173682D636F6E74726F6C6CA2
:10114000657240343030316530303000666C617328
:10115000685F6E7266006770696F4035303030309E
:10116000333030006770696F4035303030303030A8
:1011700030006932630069326340343030303330DC
:101180003030006932635F6E7266785F7477690031
:1011900025733A20756E737570706F727465642074
:1011A00073706565640025733A2031302D6269746F
:1011B0002049324320416464722064657669636526
:1011C00073206E6F7420737570706F727465640035
:1011D0006932635F6E7266785F7477695F6D73679B
:1011E0005F7472616E73666572006932635F6E72FE
:1011F00066785F7477695F636F6E6669677572653D
:10120000006932635F6E7266785F7477695F696EDA
:10121000697400000102030405060725733A20469D
:1012200061696C656420746F20616C6C6F636174BC
:1012300065204750494F5445206368616E6E656C68
:1012400020666F722057414B450025733A20466156
:10125000696C656420746F20636F6E666967757270
:10126000652057414B452070696E0025733A204335
:1012700053204750494F20706F727420257320709F
:10128000696E202564206973206E6F742072656119
:1012900064790025733A205570646174652065781F
:1012A00063656564732063757272656E7420627520
:1012B000666665720025733A2048616C662D647518
:1012C000706C6578206E6F7420737570706F7274B7
:1012D00065640025733A20536C617665206D6F64F8
:1012E00065206973206E6F7420737570706F7274EF
:1012F0006564206F6E2025730025733A204C6F6F54
:10130000706261636B206D6F6465206973206E6F1E
:101310007420737570706F727465640025733A2061
:10132000576F72642073697A6573206F7468657291
:10133000207468616E203820626974732061726560
:10134000206E6F7420737570706F72746564002501
:10135000733A204672657175656E63696573206CBA
:101360006F776572207468616E20313235206B486A
:101370007A20617265206E6F7420737570706F7261
:101380007465640025733A204661696C6564207455
:101390006F20696E697469616C697A65206E726626
:1013A00078206472697665723A2025640025733A64
:1013B0002057616974696E6720666F722057414BD0
:1013C000452061636B6E6F776C6564676D656E74E5
:1013D0002074696D6564206F75740025733A20541C
:1013E000696D656F75742077616974696E672066D1
:1013F0006F72207472616E7366657220636F6D70B8
:101400006C657465007370695F636F6E7465787482
:101410005F63735F636F6E6669677572655F616C4A
:101420006C007370695F6E7266785F696E697400D4
:101430007370695F636F6E746578745F77616974E8
:101440005F666F725F636F6D706C6574696F6E005D
:101450007370695F636F6E746578745F75706461D3
:1014600074655F7278007370695F636F6E7465781E
:10147000745F7570646174655F747800636F6E6625
:101480006967757265007472616E7363656976650C
:101490000073706940343030303430303000737055
:1014A000695F6E7266785F7370696D0025733A20AC
:1014B000535049207472616E73616374696F6E205A
:1014C0006661696C6564207769746820636F646520
:1014D0003A2025642F25750025733A205350492062
:1014E000627573202573206E6F7420726561647954
:1014F0000025733A2057726F6E67204A4544454372
:101500002049443A202530325820253032582025B1
:101510003032582C2065787065637465643A2025F4
:10152000303258202530325820253032580025736B
:101530003A20556E737570706F72746564206572B1
:1015400061736520726571756573743A2073697A89
:101550006520257A75206174203078256C780073B9
:1015600070695F666C6173685F617434355F726562
:10157000616400706572666F726D5F777269746521
:1015800000706572666F726D5F65726173655F6F23
:101590007000706572666F726D5F636869705F6519
:1015A00072617365007370695F666C6173685F6117
:1015B0007434355F657261736500726561645F7371
:1015C00074617475735F72656769737465720063C3
:1015D0006F6E6669677572655F706167655F736975
:1015E0007A6500636865636B5F6A656465635F69FC
:1015F0006400706F7765725F646F776E5F6F700005
:101600007370695F666C6173685F617434355F69BC
:101610006E6974006174343564623634316540300B
:10162000006374725F7370695F666C6173685F6199
:101630007434350009636F6E76657273696F6E205E
:10164000726573756C74206973206F7574206F6692
:101650002072616E67650A0025733A2053797374AE
:10166000656D20696E697469616C697A6174696F0E
:101670006E0025733A20414443206E6F74207265DA
:101680006164790025733A2043616C6C2060616469
:10169000635F6368616E6E656C5F736574757060BF
:1016A000206661696C65643A2025640025733A20E0
:1016B00043616C6C20606164635F7265616460208B
:1016C0006661696C65643A2025640025733A20439D
:1016D000616C6C20606164635F7261775F746F5FDF
:1016E0006D696C6C69766F6C747360206661696C8F
:1016F00065643A202564006374725F7831305F67F7
:1017000065745F6C696E655F766F6C746167655F49
:10171000006374725F7831305F6765745F62617413
:10172000746572795F766F6C746167655F00776F5F
:10173000726B5F68616E646C6572006374725F786F
:1017400031305F696E6974006374725F78313000A4
:101750000000000000010100000000000101010084
:101760000000002030303030303030303030303019
:1017700030300001010001010101090000000D01EC
:101780000203040506070800010101010101000030
:101790000000005465726D696E616C00000000000D
:1017A0000000545452205245474745530025733A90
:1017B0002048616C74696E672073797374656D007D
:1017C000556E6B6E6F776E206572726F7200756EFC
:1017D0006B6E6F776E0025733A203E3E3E205A4571
:1017E0005048595220464154414C204552524F5284
:1017F0002025643A202573206F6E20435055202504
:10180000640025733A204661756C742064757269B2
:101810006E6720696E746572727570742068616E8F
:10182000646C696E670A0025733A204375727265AD
:101830006E74207468726561643A202570202825D2
:1018400073290043505520657863657074696F6E25
:1018500000556E68616E646C656420696E746572B3
:101860007275707400537461636B206F7665726675
:101870006C6F77004B65726E656C206F6F707300D4
:101880004B65726E656C2070616E6963007A5F668D
:101890006174616C5F6572726F72006B5F737973F4
:1018A0005F666174616C5F6572726F725F68616EB2
:1018B000646C65720069646C65006F73002B006472
:1018C000756D6D7900736C656570696E6700646530
:1018D00061640073757370656E6465640061626F46
:1018E0007274696E670073757370656E64696E6794
:1018F0000071756575656400737973776F726B71CC
:1019000000286E756C6C29002A666C6F61742A0061
:10191000000000000400002004000020000000007F
:10192000010000001400002014000020000000004E
:1019300001000000000000000000000000000000A6
:101940000000000000000000000000000000000097
:101950000000000000000000000000000000000087
:101960000000000000000000000000000000000077
:101970000000000000000000000000000000000067
:101980000000000000000000000000000000000057
:101990000000000000000000000000000000000047
:1019A0000000000000000000000000000000000037
:1019B00068EF0000000000000000000000000000D0
:1019C000000000000000000099B1000000000000CD
:1019D0000000000000000000C8000020C800002037
:1019E00047D20000000000000000000000000000DE
:1019F0000000000000000000E8000020E8000020D7
:101A00000000000001000000F8000020F8000020A5
:101A100000000000010000000000000000000000C5
:101A200000000000000000000000000000000000B6
:101A300000000000000000000000000000000000A6
:101A40000000000000000000000000000000000096
:101A50000000000000000000000000000000000086
:101A60005001002050010020010000000100000092
:101A70000000000000000000000000000000000066
:101A80000000000000000000000000000000000056
:101A90000000000000000000000000000000000046
:101AA0000000000000000000000000000000000036
:101AB0000000000000000000000000000000000026
:101AC000000000000000000099B1000000000000CC
:101AD0000000000000000000C8010020C801002034
:101AE00047D90000000000000000000000000000D6
:101AF000000000000000000000000000917A0000DB
:101B00000000000000000000A0EF00000000000046
:101B10000100000000000000000000000C000000B8
:101B200000000000020000000000000000000000B3
:101B30000C00000000000000000000000000000099
:101B4000000000000000000017BF000005C60000F4
:101B50000000000001000000C8F400000818002088
:101B60004C0500203A000000600500203A0000000B
:101B7000380500203A000000740500203A000000FB
:101B800000000000A1D100000000000000000000E3
:101B900000600040000000000000000000000000A5
:101BA0000000000000000000000000000000000035
:101BB0000000000000000000000000000000000025
:101BC0000000000000000000000000000000000015
:101BD0000000000000000000000000000000000005
:101BE00000000000000000000000000000000000F5
:101BF00000000000000000000000000000000000E5
:101C000000000000000000000000000000000000D4
:101C100000000000000000000000000000000000C4
:101C20000030004000000000000000000000000044
:101C300000000000000000000000000000000000A4
:101C40000000000000000000000000000000000094
:101C50000000000000000000000000000000000084
:101C60000000000054030020540300200100000085
:101C70000100000064030020640300200000000055
:101C800001000000000000000040004000000000D3
:101C90000000000000000000000000000000000044
:101CA0000000000000000000000000000000000034
:101CB000000000000000000070F6000001000000BD
:101CC000B0030020B003002000000000010000006D
:101CD000C0030020C003002000000000010000003D
:101CE00000000000000000000000000000000000F4
:101CF00000000000000000000000000000000000E4
:101D00000000000030EF00000000000000000000B4
:101D1000143800200C3800200090D003FF00000091
:101D200090020000140400201404002000000000B1
:101D30000DB400006004002058040020500400206E
:101D4000000000004804002029B5000075B4000020
:101D5000A9B40000F1B40000F82400203A00003AD1
:101D6000FC2400203A00003A002500203A00003A06
:101D7000042500203A00003A7004002034040020BA
:0C1D80002C040020280400202404002073
:101D8C000000000000000000000000000000000047
:081D9C0000000000000000003F
:101DA400000000000000000000000000000000002F
:101DB400000000000000000000000000000000001F
:101DC400000000000000000000000000000000000F
:081DD400000000000000000007
:041DDC000000000003
:101DE00000000000000000000000000000000000F3
:101DF00000000000000000000000000000000000E3
:101E000000000000000000000000000000000000D2
:101E100000000000000000000000000000000000C2
:101E200000000000000000000000000000000000B2
:041E300000000000AE
:101E340000000000C0A900200020000000000000F5
:041E4400000000009A
:101E480038050020380500200000000000000000D0
:101E58000E0000004C0500204C050020000000008A
:101E6800000000000E000000600500206005002052
:101E780000000000000000000E00000074050020B3
:101E88007405002000000000000000000E000000A3
:101E980088050020880500200000000001000000DF
:041EA80015E015E04C
:0400000300003DE5D7
:00000001FF
