:10000000C09800200D49000049F00000F9480000A8
:10001000F9480000F9480000F9480000000000001D
:10002000000000000000000000000000894A0000FD
:10003000F948000000000000254A0000F9480000CF
:100040004D4C00004D4C00004D4C00004D4C00004C
:100050004D4C00004D4C00004D4C00004D4C00003C
:100060004D4C00004D4C00004D4C00004D4C00002C
:100070004D4C00004D4C00004D4C00004D4C00001C
:100080004D4C00004D4C00004D4C00004D4C00000C
:100090004D4C00004D4C00004D4C00004D4C0000FC
:1000A0004D4C00004D4C00004D4C00004D4C0000EC
:1000B0004D4C00004D4C00004D4C00004D4C0000DC
:1000C0004D4C00004D4C00004D4C00004D4C0000CC
:1000D0004D4C00004D4C00004D4C00004D4C0000BC
:1000E0004D4C00004D4C00004D4C00004D4C0000AC
:1000F0004D4C00004D4C00004D4C00004D4C00009C
:1001000081F0004102E000BF83F0004330B54FEAC8
:1001100041044FEA430594EA050F08BF90EA020F35
:100120001FBF54EA000C55EA020C7FEA645C7FEAC8
:10013000655C00F0E2804FEA5454D4EB5555B8BFEB
:100140006D420CDD2C4480EA020281EA030382EA5C
:10015000000083EA010180EA020281EA0303362DEE
:1001600088BF30BD11F0004F4FEA01314FF4801CC1
:100170004CEA113102D0404261EB410113F0004FD3
:100180004FEA03334CEA133302D0524263EB43038A
:1001900094EA050F00F0A780A4F10104D5F1200E28
:1001A0000DDB02FA0EFC22FA05F2801841F1000183
:1001B00003FA0EF2801843FA05F359410EE0A5F157
:1001C00020050EF1200E012A03FA0EFC28BF4CF088
:1001D000020C43FA05F3C01851EBE37101F000453E
:1001E00007D54FF0000EDCF1000C7EEB00006EEB4B
:1001F0000101B1F5801F1BD3B1F5001F0CD34908D5
:100200005FEA30004FEA3C0C04F101044FEA44522B
:1002100012F5800F80F09A80BCF1004F08BF5FEAB2
:10022000500C50F1000041EB045141EA050130BD92
:100230005FEA4C0C404141EB0101013C28BFB1F5A4
:10024000801FE9D291F0000F04BF01460020B1FAEF
:1002500081F308BF2033A3F10B03B3F120020CDAC2
:100260000C3208DD02F1140CC2F10C0201FA0CF0A0
:1002700021FA02F10CE002F11402D8BFC2F1200C05
:1002800001FA02F120FA0CFCDCBF41EA0C019040BB
:10029000E41AA2BF01EB0451294330BD6FEA040404
:1002A0001F3C1CDA0C340EDC04F11404C4F12002EF
:1002B00020FA04F001FA02F340EA030021FA04F301
:1002C00045EA030130BDC4F10C04C4F1200220FA58
:1002D00002F001FA04F340EA0300294630BD21FA96
:1002E00004F0294630BD94F0000F83F4801306BF5C
:1002F00081F480110134013D4EE77FEA645C18BF50
:100300007FEA655C29D094EA050F08BF90EA020FE6
:1003100005D054EA000C04BF1946104630BD91EADE
:10032000030F1EBF0021002030BD5FEA545C05D1E1
:100330004000494128BF41F0004130BD14F5800420
:100340003CBF01F5801130BD01F0004545F0FE4194
:1003500041F470014FF0000030BD7FEA645C1ABFC9
:10036000194610467FEA655C1CBF0B46024650EA00
:10037000013406BF52EA033591EA030F41F400212C
:1003800030BD00BF90F0000F04BF0021704730B5B2
:100390004FF4806404F132044FF000054FF0000187
:1003A00050E700BF90F0000F04BF0021704730B548
:1003B0004FF4806404F1320410F0004548BF40421D
:1003C0004FF000013EE700BF42004FEAE2014FEA72
:1003D00031014FEA02701FBF12F07F4393F07F4F4D
:1003E00081F06051704732F07F4208BF704793F050
:1003F0007F4F04BF41F40021704730B54FF4607463
:1004000001F0004521F000411CE700BF50EA010265
:1004100008BF704730B54FF000050AE050EA01020E
:1004200008BF704730B511F0004502D5404261EB7E
:1004300041014FF4806404F132045FEA915C3FF4BF
:10044000D8AE4FF003025FEADC0C18BF03325FEA5C
:10045000DC0C18BF033202EBDC02C2F1200300FA0D
:1004600003FC20FA02F001FA03FE40EA0E0021FA32
:1004700002F11444BDE600BF70B54FF0FF0C4CF420
:10048000E06C1CEA11541DBF1CEA135594EA0C0FD2
:1004900095EA0C0F00F0DEF82C4481EA030621EA0D
:1004A0004C5123EA4C5350EA013518BF52EA033548
:1004B00041F4801143F4801338D0A0FB02CE4FF0FA
:1004C0000005E1FB02E506F00042E0FB03E54FF02A
:1004D0000006E1FB03569CF0000F18BF4EF0010E22
:1004E000A4F1FF04B6F5007F64F5407404D25FEA1E
:1004F0004E0E6D4146EB060642EAC62141EA5551D1
:100500004FEAC52040EA5E504FEACE2EB4F1FD0C12
:1005100088BFBCF5E06F1ED8BEF1004F08BF5FEA90
:10052000500E50F1000041EB045170BD06F0004642
:1005300046EA010140EA020081EA0301B4EB5C04EF
:10054000C2BFD4EB0C0541EA045170BD41F48011E7
:100550004FF0000E013C00F3AB8014F1360FDEBF0C
:10056000002001F0004170BDC4F10004203C35DAE8
:100570000C341BDC04F11404C4F1200500FA05F36B
:1005800020FA04F001FA05F240EA020001F000420C
:1005900021F0004110EBD37021FA04F642EB060182
:1005A0005EEA430E08BF20EAD37070BDC4F10C04AC
:1005B000C4F1200500FA04F320FA05F001FA04F270
:1005C00040EA020001F0004110EBD37041F100015C
:1005D0005EEA430E08BF20EAD37070BDC4F1200567
:1005E00000FA05F24EEA020E20FA04F301FA05F2CF
:1005F00043EA020321FA04F001F0004121FA04F277
:1006000020EA020000EBD3705EEA430E08BF20EA46
:10061000D37070BD94F0000F0FD101F00046400080
:1006200041EB010111F4801F08BF013CF7D041EA02
:10063000060195F0000F18BF704703F00046520006
:1006400043EB030313F4801F08BF013DF7D043EAD7
:100650000603704794EA0C0F0CEA135518BF95EA8D
:100660000C0F0CD050EA410618BF52EA4306D1D114
:1006700081EA030101F000414FF0000070BD50EA33
:10068000410606BF1046194652EA430619D094EABD
:100690000C0F02D150EA013613D195EA0C0F05D1A7
:1006A00052EA03361CBF104619460AD181EA0301FB
:1006B00001F0004141F0FE4141F470014FF00000B3
:1006C00070BD41F0FE4141F4780170BD70B54FF04E
:1006D000FF0C4CF4E06C1CEA11541DBF1CEA1355CE
:1006E00094EA0C0F95EA0C0F00F0A7F8A4EB0504B0
:1006F00081EA030E52EA03354FEA013100F08880A7
:100700004FEA03334FF0805545EA131343EA12636F
:100710004FEA022245EA111545EA10654FEA002624
:100720000EF000419D4208BF964244F1FD0404F5DD
:10073000407402D25B084FEA3202B61A65EB030539
:100740005B084FEA32024FF480104FF4002CB6EBF6
:10075000020E75EB030E22BFB61A754640EA0C0076
:100760005B084FEA3202B6EB020E75EB030E22BFB6
:10077000B61A754640EA5C005B084FEA3202B6EBF7
:10078000020E75EB030E22BFB61A754640EA9C00B6
:100790005B084FEA3202B6EB020E75EB030E22BF86
:1007A000B61A754640EADC0055EA060E18D04FEA44
:1007B000051545EA16754FEA06164FEAC30343EAE4
:1007C00052734FEAC2025FEA1C1CC0D111F4801FB1
:1007D0000BD141EA00014FF000004FF0004CB6E7AA
:1007E00011F4801F04BF01430020B4F1FD0C88BF49
:1007F000BCF5E06F3FF6AFAEB5EB030C04BFB6EB54
:10080000020C5FEA500C50F1000041EB045170BD46
:100810000EF0004E4EEA113114EB5C04C2BFD4EB73
:100820000C0541EA045170BD41F480114FF0000EF7
:10083000013C90E645EA060E8DE60CEA135594EA73
:100840000C0F08BF95EA0C0F3FF43BAF94EA0C0F76
:100850000AD150EA01347FF434AF95EA0C0F7FF4EB
:1008600025AF104619462CE795EA0C0F06D152EA3F
:1008700003353FF4FDAE1046194622E750EA410623
:1008800018BF52EA43067FF4C5AE50EA41047FF434
:100890000DAF52EA43057FF4EBAE12E74FF0FF3C99
:1008A00006E000BF4FF0010C02E000BF4FF0010C6A
:1008B0004DF804CD4FEA410C7FEA6C5C4FEA430CE3
:1008C00018BF7FEA6C5C1BD001B050EA410C0CBF32
:1008D00052EA430C91EA030F02BF90EA020F002094
:1008E000704710F1000F91EA030F58BF994208BFFB
:1008F00090422CBFD8176FEAE37040F001007047B8
:100900004FEA410C7FEA6C5C02D150EA013C07D10E
:100910004FEA430C7FEA6C5CD6D152EA033CD3D059
:100920005DF8040B704700BF8446104662468C4653
:100930001946634600E000BF01B5FFF7B7FF002886
:1009400048BF10F1000F01BD4DF808EDFFF7F4FFAF
:100950000CBF012000205DF808FB00BF4DF808ED3A
:10096000FFF7EAFF34BF012000205DF808FB00BF5D
:100970004DF808EDFFF7E0FF94BF012000205DF87F
:1009800008FB00BF4DF808EDFFF7CEFF94BF012034
:1009900000205DF808FB00BF4DF808EDFFF7C4FF2D
:1009A00034BF012000205DF808FB00BF4FEA410280
:1009B000B2F1E04324BFB3F5001CDCF1FE5C0DD9BD
:1009C00001F0004C4FEAC0024CEA5070B2F1004F07
:1009D00040EB830008BF20F00100704711F0804F0A
:1009E00021D113F13872BCBF01F00040704741F4CF
:1009F00080114FEA5252C2F11802C2F1200C10FAD3
:100A00000CF320FA02F018BF40F001004FEAC123B6
:100A10004FEAD32303FA0CFC40EA0C0023FA02F35A
:100A20004FEA4303CCE77FEA625307D150EA013330
:100A30001EBF4FF0FE4040F44000704701F0004000
:100A400040F0FE4040F40000704700BF7BB972B92F
:100A50000029BEBF00204FF0004106E008BF00287B
:100A60001CBF6FF000414FF0FF3000F057B8ADF100
:100A7000080C6DE904CE002909DB002B1ADB00F01D
:100A800074F8DDF804E0DDE9022304B07047404269
:100A900061EB4101002B1BDB00F067F8DDF804E09F
:100AA000DDE9022304B0404261EB4101524263EBB5
:100AB00043037047524263EB430300F056F8DDF8FE
:100AC00004E0DDE9022304B0404261EB41017047DC
:100AD000524263EB430300F048F8DDF804E0DDE93F
:100AE000022304B0524263EB4303704753B94AB93F
:100AF000002908BF00281CBF4FF0FF314FF0FF3026
:100B000000F00CB8ADF1080C6DE904CE00F02DF842
:100B1000DDF804E0DDE9022304B07047704700BF50
:100B200010F8012B11F8013B012A28BF9A42F7D097
:100B3000D01A7047034613F8012B002AFBD1181A6C
:100B400001387047430803F05533C01A00F03333BF
:100B5000800800F03330184400EB10104FF00133E0
:100B600000F00F305843000E70472DE9F0478646DD
:100B70008C460846089E154674461946002B40F0E0
:100B8000C2808542B2FA82F245D94AB1C2F120034D
:100B900000FA02FC2EFA03F3954043EA0C0C944051
:100BA0004FEA154EA8B2BCFBFEF8230C0EFB18CC86
:100BB00008FB00F943EA0C43994528D9EB1808F1E2
:100BC000FF3704D2994502D9A8F102072B44A3EBC1
:100BD0000903A4B2B3FBFEFC0EFB1C330CFB00F0BC
:100BE00044EA0344A04214D92C190CF1FF3304D277
:100BF000A04202D9ACF102032C44241A43EA074074
:100C00001EB1D440002334607360BDE8F0874746CE
:100C1000DDE76346F1E792BB431B01214FEA154E26
:100C2000AFB2B3FBFEFC200C0EFB1C330CFB07F831
:100C300040EA0343984562D9EB180CF1FF3004D227
:100C4000984502D9ACF102002B44A3EB0803A4B2EF
:100C5000B3FBFEFC0EFB1C330CFB07F744EA03441A
:100C6000A7424ED92C190CF1FF3304D2A74202D966
:100C7000ACF102032C44E41B43EA0040C0E7C2F19C
:100C8000200320FA03F1954090402EFA03F303432A
:100C90004FEA154EAFB2B1FBFEFC0EFB1C10190C57
:100CA0000CFB07F841EA0041884504FA02F422D916
:100CB00069180CF1FF3004D2884502D9ACF102006A
:100CC0002944A1EB08019BB2B1FBFEFC0EFB1C11F9
:100CD0000CFB07F743EA01439F420ED9EB180CF1D6
:100CE000FF3104D29F4202D9ACF102012B44DB1B3D
:100CF00041EA004192E76046E3E76146F7E7604674
:100D0000A3E76346B7E7834206D916B90021084630
:100D10007BE7C6E900E0F9E7B3FA83F78FB98342CE
:100D200001D3724508D8BEEB020460EB0303012037
:100D30009C461EB9002168E73846FAE7C6E9004C30
:100D4000F8E7C7F1200CBB4022FA0CF41C432EFA42
:100D50000CF120FA0CF3B84001434FEA14490EFAA3
:100D600007F5B3FBF9F81FFA84FE09FB18300B0CEA
:100D700008FB0EFA43EA00439A4502FA07F240D90B
:100D8000E31808F1FF3004D29A4502D9A8F1020015
:100D90002344A3EB0A0389B2B3FBF9F809FB183328
:100DA00008FB0EFE41EA03418E452CD9611808F17B
:100DB000FF3304D28E4502D9A8F10203214443EA4D
:100DC0000040A0FB0298A1EB0E014145CE464346F0
:100DD00002D306D14D4504D2B9EB020E68EB0403F1
:100DE0000138002EA6D0B5EB0E0261EB030101FA2B
:100DF0000CFC22FA07F34CEA0303F940C6E9003180
:100E000098E74046C5E74346D9E7000000000000E8
:100E10002DE9F047064688B00F4690460FF0F3FDE7
:100E20004FF47A73A0FB034503FB0155E40B012F3C
:100E300044EA45444FEAD53507D1294922462B4695
:100E400030460DF077FD002012E0D8F804702548F8
:100E50003946FFF765FE70B123483946FFF760FE5B
:100E600048B1304621493A460DF080FD6FF004004C
:100E700008B0BDE8F0872046294617A3D3E9002330
:100E8000FFF7E4FD05460C4610461946184A0023B4
:100E9000FFF7DCFD80460F46104619464EF66022ED
:100EA0000023FFF7D3FD82468946104619464FF4CA
:100EB0007A720023FFF7CAFDCDE902A9CDE9062326
:100EC000CDE90401CDE900870A492A462346304688
:100ED0000DF030FDB7E700BF005C26050000000004
:100EE0004C2101005D210100602101006921010008
:100EF00080EE3600812101002DE9F04F7D4D89B053
:100F00002B6800AF04460E467A6003F007030328FF
:100F10006ED8DFE800F002333A66022B0FD9E846BC
:100F200088B06A46744B5361744B9361032342F853
:100F3000103F70484FF4C6510EF0DEFCC5467048B5
:100F40000FF0DEFA002832D0002E66D0012E00F01D
:100F50008E802B685A075DD06C4688B06A46694B14
:100F60005361664B6348C2E90636042342F8103FDA
:100F70004FF401510EF0C0FCA5464BE0022BDED928
:100F8000E84688B06A46604BCDE7022B0FD96C4625
:100F900088B06A465D4B5361584B9361032342F816
:100FA000103F54484FF4C6510EF0A6FCA5462B68DE
:100FB00059070FD06C4688B06A46554B53614F4B6A
:100FC0009361032342F8103F4A484FF4C2510EF098
:100FD00093FCA5466FF0120420462437BD46BDE8B9
:100FE000F08F022BE3D96C4688B06A46494BD2E7B2
:100FF00083B16D4688B06A46474B53613F4BC2E9A7
:101000000630042342F8103F3A484FF401510EF0E5
:1010100073FCAD466FF01504DEE7404BDFF800913E
:10102000DFF800B10022C7E902234FF000084FF0BB
:10103000000A3348836821465B6807F11C02984721
:10104000044608B32B685B07C6D06D4688B06A4675
:10105000354B5361294BC2E90630042342F8103F57
:1010600024484FF401510EF047FCAD46B4E72F4B36
:10107000DFF8BC90DFF8BCB00022C7E902234FF0D4
:1010800000084FF0000AD4E7FE693046FFF78AF9FE
:1010900000224FF07A53FFF7EFF9274B0022FFF7BA
:1010A000EBF9C7E9040102460B46D7E90201FFF755
:1010B00073FC38B9D7E9042340464946FFF74EFC94
:1010C00000283DD02B6813F0060F0FD06C4688B077
:1010D0006A461A4B5361094B9361032342F8103F50
:1010E00004484FF4C4510EF007FCA5466FF02104EC
:1010F00072E700BF68040020593E0100043F010070
:10110000DC1101008A3E0100603E0100673E0100E3
:10111000753E01006E3E01008A3C01000000104057
:1011200000007940000059409F3E0100000044400B
:101130000040AF4000408F4000209C40C43E010072
:1011400052465B4650465946FFF796F93AA3D3E913
:101150000023FFF791F938A3D3E90023FFF78CF9B7
:10116000394BC7E90201002250465946FFF784F97E
:1011700033A3D3E90023FFF77FF9D7E9042380469F
:10118000894650465946FEF7BFFF02460B46404689
:101190004946FFF771F902460B46D7E90201FEF70F
:1011A000B3FF0CF049FC24A3D3E900238046894611
:1011B00050460BF10041FFF75FF942464B46FEF700
:1011C000A5FF5246894680465B4650465946FEF783
:1011D0009DFF1BA3D3E90023FFF74EF90B46024600
:1011E00049464046FFF772FAFFF7E0FB7B68DFF8FD
:1011F0005C901860D9F8003003F00703022B7FF6EB
:10120000EBAEE8468CB06D46114B6B61114BC5E9F6
:101210000636D7E90423C5E90823FFF7D5F82A469F
:101220000823C5E90A0142F8103F44F2C0014846CC
:101230000EF062FBC546CFE61C64ED4A2602703F05
:1012400088CE19EEAF60A3BE0000104068040020F5
:10125000E03E0100043F01002DE9F0432E4C83B035
:10126000236803F00703022B00AF10D96D4688B046
:101270006A462A4B53612A4B9361032342F8103F7D
:1012800000234FF4C651204601F0D8F8AD46DFF8F0
:101290009480234D204E3A1D01210020FFF72CFEA3
:1012A000D0B123685B070FD0E94688B06A460423B3
:1012B000C2E90585D06142F8103F00234FF4015187
:1012C000304601F0BBF8CD46002383F31188BFF30D
:1012D0006F8F0323184602DF236803F00703022BF6
:1012E00014D97868FFF770F8E9468AB06A460E4B61
:1012F000C2E905350623C2E9080142F8103F002380
:101300004FF44351304601F099F8CD4600214FF497
:1013100000400FF0CFFABEE790040020001E01004D
:10132000601E0100251E0100481E01002DE9F04F3E
:1013300091B08407009302F004030293C2F3C20346
:1013400003F10103DDF86880039205460E4605931C
:1013500040F0BA81041D30B1072909D86FF01B0095
:1013600011B0BDE8F08F01F007063444C6F108065D
:10137000009B4FF00009591E4FF0040A4FF0FF3355
:101380000193CDF810904F46CB4653460DB1009ACD
:1013900022600598002800F3E8809848009A82426D
:1013A00003D397488242C0F0E080039AA4EB050E75
:1013B00092074FEA9E0000F103810F2F00F2B180E7
:1013C000002D00F0058107F140020DEB020C019A9F
:1013D0000CF8200C0CF8102C049801300490E7E075
:1013E0007A285DD84B280ED8472859D829282DD8D7
:1013F000252852D054D820287AD02338D0F1000B99
:101400004BEB000B74E04C382E2849D8DFE800F095
:101410007048484848484848484848484B48484821
:10142000484848484859484B4B595959704B6D48A2
:101430007048184B184848827F4B48484B487F00FB
:1014400000204FF0000B4FF0040A38E02A38C0B2F9
:10145000012202FA00F010EA0E0F49D110F0625C8E
:101460002FD110EA020B43D06046013C5444B4FB38
:10147000FAF40AFB04F4002D61D0A3EB050CA4449C
:10148000B4453FF66BAF002868D1042B47D158F81C
:10149000043B2360043404232AE0019A013A0192B8
:1014A0004FF0000B24E011F8010C6C2834D111F836
:1014B000023C00206C2B8346C5D14FF0080A5346EE
:1014C000D3E708F1070828F007080734F8E802AB6B
:1014D00024F0070435B106982044B0423FF63EAFF1
:1014E000C4E900AB08344FF0000B4FF0080A534634
:1014F00011F8010F002878D0BBF1000F7FF470AF16
:101500002528F5D1019B013301934FF0010B4FF0DA
:10151000040AECE7584694E700208346A5E7082B29
:1015200002D06FF015001BE708F1070828F0070844
:10153000F8E80223C4E9002308340823D8E768B98F
:10154000042B02D108F10408A4E7082BE9D108F123
:10155000070828F0070808F10808EDE7059A013A9E
:10156000059258F8042B009210E7039A900720D5B3
:10157000A4EB050E4FEA9E004FF0010CBEF5007F74
:10158000CFD20F2FCDD8F5B107F140020DEB020EEF
:10159000C0B2019A0EF8200C0EF8102CBCF1000F0E
:1015A0003FF41AAF60F07F000EF8200C09F101093A
:1015B0000137C5F10802043406924FF6DA7E97E748
:1015C0004FF0000CDAE7BCF1000F01D00136EFE775
:1015D000029802360028EBD10098CDE90631FFF7DA
:1015E000A9FADDE906310644E2E7631BB3F5806F33
:1015F00097D23DB9A6F10804E018B1E6E00F01006A
:101600001C420100029A28609B082B709DF8103044
:10161000C2B1EB7085F80290B9F1000F05D008A8AF
:101620000022C5F1010C97420ED1C5F101030DF165
:1016300020084FF0000A01930DF1300B574512D1ED
:10164000601B8DE66B70E5E710F8013B190608D5C5
:101650000CEB040EB64503F07F033FF67FAE04F8B3
:10166000013B0132DFE7B9F1000F03D098F9002008
:10167000002A17DB029BD3B11AF80B2004F8012BC8
:101680000022019B18191044B0423FF667AE98F84B
:10169000000004F8010B0099039220460FF09FFB15
:1016A000039A14440AF1010A08F10108C6E798F800
:1016B000002055F822300093029B45F82230009814
:1016C000FFF738FA421CDCE76FF00D0048E600BF78
:1016D0002DE9F04F97B000AF90F802A0D7F880B096
:1016E0003B62CBF3C0030446FA62BB61894641B951
:1016F000457800780AEB800020444D4517D8A0EBD0
:101700000409E378FB61BAF1000F02D01BF0010F6E
:1017100016D1FB6953BBFB6A1BB13A6A49462046A6
:1017200098474D4628465C37BD46BDE8F08F461CBD
:101730003046FFF7FFF90130304409F10109DCE7D9
:10174000237862687A62FA6A9900796104EB83010E
:10175000002A40F006814D460E4601EB0A094FF083
:101760000008B14552D101EB0A0610E01BF0020F50
:10177000D1D023789A007A6162687A62FA6A04EBBF
:101780008301002A7DD14D4601EB0A0690461BF0ED
:10179000050F0CBF02230123FB62FB6906EB430A22
:1017A0000BF00203BB625645BCD016F8021B16F8BC
:1017B000013C54F823909C4B994502D39B4B99458F
:1017C0003CD3BB69002B46D0786A0CF02CFB002878
:1017D00041D09748036813F0060F15D0E9468AB048
:1017E0006A46944B5361944B93617B6AC2E907311B
:1017F00040F201339384914B42F8103F00234FF4A1
:10180000325100F01BFECD46023DCCE716F8013BFD
:10181000F96254F82300FFF78DF9D7F88430F96A9C
:1018200001304BB1D7F8883098453EBFD7F88430A7
:1018300023F8180008F10108054492E7BB6923B1B9
:10184000786A0CF0F0FA0028C3D11BF0010F05D123
:10185000FB6AED1AA7E7BB6A002BA4D04846FFF746
:1018600069F9D7F8843053B1D7F8883098453FBF2D
:10187000D7F88420431C22F8183008F101080544E9
:1018800091E7BAF1000F72D01BF0040872D0D04675
:1018900007F14800002652463B61B9620FF09FFAFB
:1018A000B96A3B6901EB0A02BA62FA69F969520046
:1018B000FA60BA6A02EB41023A610BF00202BA60C6
:1018C0003A69B96A8A4257D162787A621BF0020F8C
:1018D00032440CBF4FEA580100211BF0010FD2B275
:1018E00040F09F801BF0040F14BF40460020BB61F6
:1018F0006270A070E1703A6A7969FB6A2046984785
:10190000051EFFF60FAFBB6923707B6A6370FB692E
:10191000E37041463A6AFB6A84F802A007F1480086
:101920009847B0F10008C0F2BD807B693A6AA9EB24
:101930000A01C91AFB68C91AD7E90A03984700289F
:10194000C0F2B280A84408EB00054FF0000B07F18D
:10195000380AB34574D300213A6AFB6A08469847AF
:10196000E0E6564607F138004FF0000893E7D0460E
:10197000564697E7464695E7BA6A12F8021BBA62DE
:1019800012F8015C284A54F82500904202D3274AF5
:1019900090421ED3BA6932B1786A7B600CF043FA88
:1019A0007B6800288CD1BA6802BB08F1280207F1D5
:1019B000300C08F10100944407F1580252FA80F00B
:1019C00008F102080CF8101C5FFA88F800F8105CA7
:1019D00076E7BA693AB1786A7B600CF024FA7B68E2
:1019E00000287FF46DAF1BF0010F09D006F128022B
:1019F00007F13000711C161806F8205CCEB25FE7C4
:101A00001BF0040F3FF45CAF08F1280207F130002F
:101A100008F1010102EB000808F8105C5FFA81F898
:101A20004EE7002063E700BFE00F01001C42010009
:101A3000600400206A1E0100111F01000500000162
:101A40001BF80A3087F8373054F82390D7F88430E1
:101A50002BB3D7F888309B4521D2D7F8843033F8A0
:101A60001B803A6AFB6A012107F13700984700287A
:101A70001ADB0544B8F1000F06D14846FFF75AF8C3
:101A800000F101081FFA88F83A6AFB6A41464846A5
:101A90009847002808DB05440BF1010B59E74FF08C
:101AA0000008DEE745463DE605463BE6014B18608B
:101AB000704700BF9801002080B505460E461746C6
:101AC000984609F09FFF03460FF080FADFF8189060
:101AD000044649F80030424630463946A84754F893
:101AE000090002F089FF00BF0800000008B50446A5
:101AF000EFF31183202383F31288BFF36F8F05F078
:101B000053FE204603F0C8FA02480CF0B3F90DF07A
:101B1000B3FAFCE73B1F01002DE9F047058B0446B3
:101B20002807904611D4022905F0070540F0CC8023
:101B300020460CF01DFC78B10138218B042811D807
:101B4000DFE800F0C2106D85950001290CBF45F05B
:101B5000100545F02005258388F31188BFF36F8FAA
:101B6000BDE8F08701F0070AAA4500F0A58000272C
:101B7000B9463E46A368002B00F0BC8041F0080146
:101B8000218388F31188BFF36F8FA168002900F0CB
:101B9000BA800D68002900F0B680D1F80480334681
:101BA00052462046C047002D76D02B6829461D4658
:101BB000F0E701F007035A1F012A1BD8002221F089
:101BC0000701062B276889B2C4E9002209D13B46E8
:101BD00003E0628B013262831B68002BF9D141F074
:101BE0000201218320460CF0C3FB00287AD041F08B
:101BF000200176E0042B0AD121F0070189B221836C
:101C000020460CF0B5FB10B141F020012183218B5F
:101C100001F0070AAA454FD00027B946AAE7236971
:101C200021F0070141F00601062DD3F80090218331
:101C30002DD1B9F1000F3FD041F00801218388F385
:101C40001188BFF36F8F3A492046C84729E021F039
:101C50000701236941F0040189B2042DD3F80490EF
:101C60002183E6D000273E464FF0040A82E721F0A8
:101C70000701236941F0050189B2052DD3F80890C9
:101C80002183D6D000273E464FF0050A72E7002791
:101C90003E464FF0060A6DE72B4687E7B9F1000F85
:101CA000D1D1EFF31188202383F31288BFF36F8F14
:101CB000238B23F008032383258BEA062ED525F0FA
:101CC0001003238305F007056669218B002EBFF6FC
:101CD00070AF00232768C4E9003321F0070141F009
:101CE00001012183218B01F0070AAA454FF0000969
:101CF0007FF440AF002F9CD041F00801218388F38E
:101D00001188BFF36F8F002FC8D03D683946334626
:101D1000524620460CF058FB2F46F4E7AB067FF501
:101D20001BAF25F02003238305F0070500E700BF64
:101D3000F5E300002DE9F047DFF858800446074638
:101D40004FF0010914B93846BDE8F08794FAA4F5BC
:101D5000B5FA85F509FA05F32E0108EB05156FEACA
:101D6000030A24EA03042B7B002BEBD058F806303F
:101D70001B694BB94644042273682846196807EA70
:101D80000A070CF009FCDDE7284698470028D9D15E
:101D9000F0E700BFC014010030B51049104889B009
:101DA00000220EF032FE0F4D0F4900220023CDE934
:101DB000062300240E23CDE90334CDE901440B4B67
:101DC00000944FF40062284609F0B2FA0849284608
:101DD00009F0DEF9204609B030BD00BFF51D000056
:101DE000A0160020D8050020C05700205D2100006B
:101DF0006F1F0100014808F0C1BF00BF1805002097
:101E00002DE9F047804621480F460CF09DFB064621
:101E1000002833D000252846BDE8F087237B83B116
:101E20002368DB680BB120469847636883F8069007
:101E300023681B69D3B963680422196820460CF033
:101E4000ABFB013610345445E8D3B8F1000FE2D0B3
:101E5000002DDFD02846FFF76DFF0546002FF7D095
:101E600000214FF4A4700EF025FDF1E720469847BD
:101E70000028E0D009FA06F31D43E2E7044CDFF83E
:101E800014A005464FF00109DDE700BF501B0020FC
:101E9000C0140100D0140100014B53F8200070471A
:101EA000EC18010008B5034608462BB1044A13603C
:101EB00000F074FD002008BD6FF01500FBE700BFC7
:101EC0009C01002010B5044C237813B9034808F096
:101ED00055FF0123237010BD5C260020180500204B
:101EE00010B504460B480CF02FFB5CB1BFF35B8FC1
:101EF000094B53E8001F013943E80012002AF8D1CA
:101F0000BFF35B8F05480EF08CFD0548BDE810401F
:101F100008F034BF481B00204C1B0020A0160020F6
:101F2000180500200020064BBFF35B8F014653E8E5
:101F3000000F43E80012002AF9D1BFF35B8F70470E
:101F4000481B002070B5FFF7EDFF084C084E054612
:101F5000B44200D370BD63685B792BB123685B68C2
:101F600013B12946204698471034F1E7C014010008
:101F7000D014010010B5044C044920460CF08AF836
:101F8000034B1C6010BD00BF1C040020D8180100CA
:101F9000401B00200E4A0F48002310B513700E4A54
:101FA00013600E4A4FF400411360FFF77BFFFFF709
:101FB000E1FF00F06DF90A4B0A4918468B4200D345
:101FC00010BD1A1A5C681211013222711033F5E744
:101FD0005D26002045E50000481B00204C1B00202A
:101FE000C0140100D0140100014600220148002362
:101FF0000CF071B81C04002001480CF00AB900BFB5
:102000001C040020024B014618680CF05DB900BFAB
:10201000401B002001480CF092B900BF1C040020B6
:102020002DE9F041364B1878002866D0FFF7E4FF21
:10203000044600285DD1334B334C1B68002B19DD5F
:102040000EF0E1FC4FF47A72A0FB020302FB0131B7
:10205000C30BD4E9002043EA41439B1A4FEAD13134
:1020600040F2E93261EB0001934271F1000101D3CA
:10207000FFF768FFD4E9003213F57A7342F10002EA
:10208000C4E90032BDE8F041FFF7C4BF6B685B797B
:102090003BB121784B0717D52B6821461B68284692
:1020A000984710354545F1D32046FFF7ABFFBFF306
:1020B0005B8F164B53E8001F013943E80012002ADA
:1020C000F8D1BFF35B8FB6E720462688C1F3C2077D
:1020D00000F0A2FAC6F382160246002EDCD00028D9
:1020E000DADB01233946284600F082F9B042D8D322
:1020F000D2E7074DDFF81C80D4E7BDE8F08100BFD0
:102100005C260020481B0020981600204C1B002055
:10211000C0140100D014010070B50D4D297861B9CB
:102120000120FFF76DFE0B4C0B4EB44206D3FFF7B8
:1021300077FF0028FBD101232B7070BD63685B79AA
:102140001BB1236820469B6898471034EDE700BF19
:102150005D260020C0140100D014010000212DE9EB
:10216000F0470846FFF74CFE044658B340F2676854
:102170004FF000090EF02AFF1B4B1C4A1B5813603E
:1021800033B11B4B1B68002B02DD1A4808F0F6FD2B
:10219000194FDFF860A0002544B12046FFF7CAFDC3
:1021A000044618B94FF0FF384FF0FF39FFF738FFFA
:1021B000064628B9B5B942464B46504608F012FECD
:1021C0003546E9E74FF0FF384FF0FF39D2E72B688B
:1021D0009B691BB100221146284698471035BD4225
:1021E000F5D3E8E7054DFAE708000000441B00209E
:1021F0004C1B002018050020D0140100C014010061
:1022000010B50F480CF0A0F90E4B1B786BB1EFF333
:102210001184202383F31288BFF36F8FFFF700FF31
:1022200084F31188BFF36F8F10BD074B1B68002B21
:10223000FAD00028F8D10548BDE8104008F09EBD4E
:102240004C1B00205D260020441B002018050020A8
:1022500010B5064B1B68044698472146A060044809
:102260000BF0B8FFBDE81040FFF7CABF9C0100208B
:102270001C040020044A054B9B1AB1EBD30F34BF5A
:1022800052F831000020704708140100C01401000A
:102290000B480C4B30B51B1A0B4CDB0800210430EB
:1022A000994200D130BD10F83120256802F00702B4
:1022B00025F007052A4344F8042B0131F0E700BF5D
:1022C00008140100C014010058040020F8B50B4F99
:1022D0000B4DED1B0646ED080024AC4203D14FF038
:1022E000FF342046F8BD57F8340020B13146FEF7E0
:1022F00017FC0028F5D00134EFE700BF08140100F7
:10230000C014010000282DE9F047884615461F46F5
:102310001DDADFF89890264E4FF0000AA6EB09066A
:1023200036095446B24509F1100902D12046BDE8EC
:10233000F08759F80C0C3B4600792A464146FFF7D6
:10234000E1FF844238BF04460AF1010AEAE7194B6B
:10235000194AD21AB5EBD20F26D203EBC5031C796A
:10236000BC4228BF3C46154EC0B200EB400056F8B8
:1023700025300722824023EA020304F0070282404C
:1023800013430021032223FA02F000F007008142E8
:1023900002F1030238BF01461E2AF4D123F00703DD
:1023A0000B4346F82530C1E70024DCE7C0140100E8
:1023B000D014010008140100C014010058040020CA
:1023C000F8B5094D094BED1A06460F46ED080024F5
:1023D000AC4200D3F8BD002122B23B463046013466
:1023E0000CF0D2F8A4B2F3E7C01401000814010005
:1023F00070B14168097973B1002A17DBCBB20C497F
:1024000051F8220003EB4303D84000F00700704767
:102410004FF0FF31EFE707490748401AB2EBD00F02
:102420003ABF01EBC2010879184670470420704793
:102430005804002008140100C01401002DE9F04FD9
:102440008FB004AFC1F34A28B8600D4691467B6057
:102450000C0DB8F1000F69D0002607F114034FF0FE
:10246000040B4FF00A0AC7F80C80C7E907667E62C2
:102470000193CDF808B0CDF800A007F11C03F9686E
:1024800032464846FFF724F9B0F5006F034622D3E1
:102490002B48036813F0060F19D06C468AB0D9F8A0
:1024A000041004AB274D5D61274DC3E9065140F28E
:1024B000FF7119621A4640F201319984234B42F8A8
:1024C000103F4FF432513346FFF7B8FFA5462C3783
:1024D000BD46BDE8F08FC0F30A0804F117001844A8
:1024E00020F0070080083B60FFF77EFD68F353256E
:1024F000044690B13B68164AC7E9083600F110015E
:1025000007F11403F961CDE900A3CDF808B0F9682B
:1025100007F11C034846FFF7DBF868F353257B6897
:10252000B9682A4620460CF05FF8D0E704F117009E
:1025300020F007008008FFF757FD0446EDE700BFD5
:1025400088040020841F01001D20010005000001F7
:10255000BBE500002DE9F04F87B002AFD7E9106965
:10256000BD6B79600446934698464EB3C7F80C900D
:10257000CDF80090FA6B334610210020FEF7D6FE0E
:10258000B0F5006F82461CD32048036813F0060F95
:1025900012D06C4688B002AA1D4B53611D4B93614B
:1025A00040F2FF73D361042342F8103F00234FF43D
:1025B0000251FFF743FFA5461437BD46BDE8F08F33
:1025C000B24605F11700504420F0070004F007045C
:1025D0008008FFF709FD0BF0070BE40044EA8B14B9
:1025E00044EA4A2444EA0554054640B13EB1CDF8D8
:1025F0000090FA6B334651461030FEF797FE79682B
:102600004346224628460BF0EFFFD5E7880400201A
:10261000C71F010003200100406820B1034BC01A0E
:1026200040F38F0070474FF0FF3070475804002090
:102630000EB403B503AB014653F8042B04480193D1
:1026400002F0CAFC02B05DF804EB03B0704700BFB3
:1026500051E60000CA0605D48B064CBF0249034967
:10266000FFF7E6BF704700BF50240100CD200100F6
:102670002DE9F04F89B09B46149B06939DF84CA022
:10268000159B0593169B179E049304460D46904692
:10269000BAF1000F00F09D8006F4807307930BF0F1
:1026A00071FF06F00209024600283ED091492046FB
:1026B000FFF7BEFF0746B9F1000F08D016F0440F30
:1026C00035D18D492A462046FFF7B2FF074406F070
:1026D000010353B1894B8A4953F82A20894B20467C
:1026E000002A08BF1A46FFF7A3FF06F48073002BE9
:1026F00049D006F00803002B63D1B8F1000F66D073
:10270000814942462046FFF793FF0546069B3D441C
:10271000002B6DD1049B002B73D1F30700F1E480F3
:1027200031462046FFF796FFD8E00746C3E7774BD0
:1027300018680028CAD0764B4FF47A791B68B5FB2D
:10274000F3F54FF46163B5FBF0F100FB115509FBA4
:1027500005F54FF03C0CB1FBF3F203FB1211B5FB96
:10276000F0FEB1FBFCF300FB1E550CFB131109FB43
:1027700005F50091B5FBF0F56649CDE901E5204688
:10278000FFF756FFA2E706F00803EBB1624B63497F
:1027900053F82A202046FFF74BFF0546B8F1000FFB
:1027A00005D0594942462046FFF742FF0544BBF198
:1027B000000FABD05A495A462046FFF739FF05446F
:1027C000A4E74FF0000BE1E706F00805E6E7454611
:1027D0009CE7BBF1010F069B06D1002B64D1049B43
:1027E000002B7BD000250CE0002BF8D04D485CE09E
:1027F0004D48069B4D4922460BF0E4FA049B002B02
:1028000068D0DFF82C81DFF82C91049F3146102F1F
:10281000204628BF1027FFF71DFF4FF0000B5D4536
:1028200045DC059B49461A782046FFF701FF4FF02B
:10283000010B1BF0070F03D141462046FFF7F8FEBE
:102840005F453BD9059B494613F80B202046FFF70F
:10285000EFFE0BF1010BBBF1100FEAD13649204618
:102860004FF0000BFFF7E4FE5A46059B9A5CA2F17D
:1028700020015F2928BF2E2230492046FFF7D8FECD
:102880000BF1010BBBF1100F1DD01BF0070F03D193
:1028900041462046FFF7CCFE5F455A46E5D8414603
:1028A0002046FFF7C5FEEBE71F485546A1E7414626
:1028B0002046FFF7BDFE0BF1010BB0E72049204693
:1028C000FFF7B6FEC5E7059B3B440593049BDB1B66
:1028D00004939AD1BAF1000F7FF41FAF204609B0DC
:1028E000BDE8F04F0BF0A7BE064A05492046FFF7AA
:1028F0009FFE15E7D027010041200100FC180100D0
:10290000692E01003C20010066200100581B0020B8
:10291000541B00204A200100101901006A20010008
:102920007020010087E6000051E60000D94F00004A
:102930007D200100752001007F2001008120010021
:102940007B20010073B542F20F738B4228BF0B4608
:1029500005680F4A04460521684609F035FE63689C
:102960000C495B680646042228460BF056FE636855
:102970003246694628465B680BF04FFE636806499D
:102980005B68172228460BF048FE02B070BD00BFFE
:10299000E93D01009C20010084200100074A00213C
:1029A0000123904206D8064A01B901231360054B62
:1029B0001860704740085B000121F2E740420F00B9
:1029C000541B0020581B0020014B00201960704749
:1029D000701B002007B500230093084A08494FF4F4
:1029E0008053012007F0A6FE064B01221A70064B09
:1029F000064A1A6003B05DF804FB00BF7827002088
:102A0000B12001005E2600207C1B002061260020F2
:102A10000148FFF797BF00BF4019010010B5064BF2
:102A200018680C46FFF738FA21460346BDE8104007
:102A300002480E22184700BF701B002040190100F9
:102A4000F8B5094D094B0A4ED5E9004701221A7025
:102A50000CB92C60F8BD214630463A4600F01EF80D
:102A6000241A0644F4E700BF641B00205F26002000
:102A70006026002010B9074B18707047064B1B7872
:102A80001BB142F210700DF01FBD4FF4A470002175
:102A90000DF010BF5E2600205F2600202DE9F74FC5
:102AA000524F01903B780C4643B9514F8246019BEF
:102AB00023449A452BD324EAE4700CE04D4E0125C3
:102AC00001992246012007F097FDA8B10123337038
:102AD0003B7843B9204603B0BDE8F08F2846FFF7A6
:102AE000C9FF6F1E3D46012007F01AFE0028F1D0F5
:102AF0003378002BF2D1EDE73378002BEAD0013D9B
:102B00002846FFF7B7FF3378002BD9D1E2E71AF850
:102B1000012B3B680A2A61D1374DDFF8E0905A1B40
:102B2000012A04BF01333B60D7F80080D9F800B018
:102B30000D2308F8013C08F101020A23BBF1000F44
:102B40003A6088F8003029DD2D4B196831BB2A49DD
:102B50005E46632EA2EB050201F11700A8BF6326B3
:102B60000EF04BF9274A2449254B02F1140052F884
:102B700004CB41F804CB8242F9D1108892788A7054
:102B800008F118020880BBF1090F3A604FF001020A
:102B90001A6011DC202330366B752E753A681649A1
:102BA000521B012007F028FD90B9D9F800300133FD
:102BB000C9F800303D607AE70A22B6FBF2F302FB67
:102BC0001366303330362B753E236E75EB74E5E7B4
:102BD0000B4A0023C9F800301360EBE70A498B4227
:102BE0003EBF591C39601A7061E700BF5F260020A4
:102BF0007C1B00205E26002061260020781B002020
:102C0000741B0020B820010060270020014B0360E6
:102C1000002070475019010010B504460CF0C4FDA7
:102C20000349024620460BF085FE002010BD00BF80
:102C3000F720010073B5134600220192044601AA51
:102C400058680A2100F054FE019D95B920EAE0740D
:102C50004FF40046294640F2E7304FF47A720023E1
:102C6000C4FB0601FDF742FF0DF024FE284602B02A
:102C700070BD2A46024920460BF078FE019DF5E71B
:102C80002321010008B5034A03490BF053FE00203D
:102C900008BD00BF132201001A220100F7B5174634
:102CA0000023054601AA0A21B868019300F020FE1E
:102CB0001749C6B228460BF04BFE019C44B1224690
:102CC000144928460BF052FE019C204603B0F0BD8B
:102CD000042E09D91049324628460BF047FE2846F3
:102CE0000BF052FE0124F0E77868FFF7EFFA021EBE
:102CF00007DA7A68094928460BF038FE6FF01504A8
:102D0000E3E7334612B2214620460BF03DFCDCE7F8
:102D10003D220100A3220100CA220100E12201009C
:102D200007B500230090694604488DF8043008F088
:102D3000C7FF9DF8040003B05DF804FB1DE7000029
:102D400010B5044604F026FD0749024620460BF064
:102D5000F1FD204605490BF0EDFD0548214608F040
:102D6000C9FF002010BD00BF7323010092230100A2
:102D7000752D000070B58EB004460D46D0F8A860E1
:102D80000DF0EEFC03460EF021F9214A21491058BE
:102D9000214A002B18BF1A460092204A234684423B
:102DA00018BF0A4628461E490BF0C4FDD4E90A2381
:102DB000CDE90023284694F90E30227B19490BF007
:102DC000B9FD06A92022204608F0F2F9236F164922
:102DD000024628460BF0AEFD05A920460DF0CEFCBC
:102DE000024628B1114928460BF0A4FD0EB070BD73
:102DF000059B6422F11A4A430091B2FBF6F20C499A
:102E0000CDE90162284632460BF094FDEEE700BFA3
:102E1000080000007D2001009C230100362D0100E8
:102E20009F230100AB230100D7230100EE23010003
:102E30001B240100F0B5002591B00446294608AFD7
:102E40001C2209A80DF0F3FF134E1A222021384648
:102E50000DF0EDFF2146114808F04CFF07AA4FF492
:102E6000805130460DF07EFC079A0097C2F58051E4
:102E700064234B431B0B05934FF48053CDE903139D
:102E8000CDE90132204606492B46A6F140020BF05F
:102E900051FD284611B0F0BD80700020A52E000025
:102EA0006C24010070B50446D0F8A86088B00D46C7
:102EB00007A90DF063FC024628B10F4928460BF024
:102EC00039FD08B070BD20460DF04AFC079B009606
:102ED000F11ACDE90131094B64224A43002818BF99
:102EE0000346B2FBF6F20649CDE9036228462246C4
:102EF0000BF020FDE5E700BFEE2301009C2301005D
:102F0000B524010038B51346054610225868002143
:102F100009F016FC0446FFF703FF38B90E492246B4
:102F200028460BF023FD6FF0150038BD0EF04EF86B
:102F30000A4B1B589C4204D1094928460BF016FD48
:102F4000F1E7204608F0FCFA2846064922460BF035
:102F5000F1FC0020E9E700BF19250100080000008E
:102F6000342501005C25010038B5134605461022C2
:102F70005868002109F0E4FB0446FFF7D1FE38B998
:102F80000E49224628460BF0F1FC6FF0150038BDC3
:102F90000EF01CF80A4B1B589C4204D109492846E4
:102FA0000BF0E4FCF1E7204608F0E8FB2846064970
:102FB00022460BF0BFFC0020E9E700BF1925010005
:102FC000080000009B250100C125010038B513460B
:102FD000054610225868002109F0B2FB0446FFF7AD
:102FE0009FFE38B90E49224628460BF0BFFC6FF011
:102FF000150038BD0DF0EAFF0A4B1B589C4204D166
:10300000094928460BF0B2FCF1E7204601F0F4FC38
:103010002846064922460BF08DFC0020E9E700BF58
:103020001925010008000000FC25010021260100EF
:1030300007B5064A064812680423009300210123BD
:1030400000F016FB002003B05DF804FBA41901009A
:10305000D014010037B544680A49226004F108051C
:103060002364002228460DF0D0FC41F69A12E46356
:1030700000232846CDE9002309F01AF8002003B008
:1030800030BD00BF49E7000010B9034B187070470E
:10309000A42000210DF00EBC783700202DE9F84F58
:1030A000164ED0F804B0884614461D4604270DF08D
:1030B000FEF9224682464146002007F09DFA8146ED
:1030C00050460DF0FCF9B9F1000F0BD0012333701D
:1030D000DBF80030DBF84010012098472C6000201E
:1030E000BDE8F88F3378002BF2D0013F3846FFF768
:1030F000CBFF3378002BDAD1EAE700BF7837002026
:1031000010B58368D3F86C32DB07044616D44068E8
:1031100003685B689847014608B9A3681871A368FB
:103120005B6B0BB120469847A3680DF04FFF002260
:10313000C3F88C22034B185801F05EFC6FF00F01AE
:10314000EDE700BF0800000010B5816804460831B3
:1031500000F088FDA168034A20460831BDE8104010
:1031600000F018BD692601000EB403B5044904AA95
:10317000019200F06FFB02B05DF804EB03B0704702
:103180005024010010B5836802221A718268936B83
:103190000446EBB982F84A308268A2F84630826869
:1031A000A2F844308368D3F86C32DB040BD50321DA
:1031B000084B094A0BF036FEA0686FF4805100F509
:1031C0001B700BF0E4FA2046BDE8104000F0A4BCF0
:1031D00010BD00BF77260100692E01002DE9F04FD8
:1031E000A5B00446542200210FA80DF020FE0023B4
:1031F0000493A36820464A3303930BF0A6FD2046B0
:103200000BF051FD18B981496069FFF7ADFFA06867
:1032100000271422002108300DF009FE0DF13C0BAF
:103220004FF0FF38B9463D4602973E46BA46049BEA
:10323000012B00F09C80142D40F09580022B40F073
:103240009680734B734A01210FE05946039A02237B
:1032500004A80BF00BFC04995BF8042F03920346BF
:1032600031B101290AD148B16B4A20460BF0DAFD91
:103270006FF00705284625B0BDE8F08F2DB35BF849
:10328000040C00F021FD98B167B1A5680B970835D3
:103290000AAE0FCE0FC533682B602046FFF754FFF0
:1032A0000125E7E75D4A012120460BF0BBFDDFE782
:1032B000029BC3B108F1FF38FEB9049BB8F1000FBF
:1032C00001D1022BB3D10135B1E7029B5BB108F10B
:1032D000FF3896B9A368DB69002B3BD0DB68002B75
:1032E00038D0002633E05BF8041C05AA50460BF0EA
:1032F0008DFC08F1FF38064638B3F368ABB1A3681C
:10330000B64603F1080CBEE80F00ACE80F00DEF88B
:103310000030CCF80030B36833B9737CFE2B04BFA7
:1033200096F8108008F1FF38A946D6F804C0BCF121
:10333000000F08D0B646BEE80F000AAF0FC7DEF890
:1033400000303B606746B246B7E7002DC2D001238C
:103350000293B2E7324B0093324A0F9B0121204681
:103360000BF060FDBDE7B8F1000F7FF46EAFBAF16E
:10337000000F0AD09AF81130FE2B06D124AB03EBD4
:10338000850353F8543C03B10135A068436953B930
:10339000002F3FF46DAFC368BB423FF47EAF0B9785
:1033A00000F1080574E7037EA5EB0905B3B1417E82
:1033B0004FF6FF72FF2918BF0A469D4202D31344FD
:1033C0009D420BD98368184A012120460BF02AFD43
:1033D0002046FFF7B9FE6FF015054BE701210BF012
:1033E000F6F9A0680BF0E7F9A3680FAA29465B6914
:1033F00002EB8902204698470546A0680BF0DFF9EA
:10340000A06800210BF0E3F934E700BF502401006D
:10341000072701002C3F0100BB260100CF26010039
:10342000F3260100ED2601002B2701002DE9F041D4
:10343000ADF5805D82B00023044601930DF10305D4
:10344000A3686068D3E90E7803681E6901AB27B3EF
:103450004FF4805202A9B047019BCBB10121A06873
:103460000BF0B5F9A0680BF0A6F94346019A02A942
:103470002046B847A0680BF0A2F9A06800210BF025
:10348000A6F9A3689B6B002BDAD12046FFF77AFEE2
:103490000DF5805D02B0BDE8F08101222946B047FC
:1034A000019B002BF4D09DF903209DF80330A06808
:1034B000002AC5DB4279032A00F28380DFE802F0AC
:1034C000027B83810D2B41D00A2B22D0B0F86C22D5
:1034D000092B6FF3CA02A0F86C224CD008D8002B3D
:1034E0004CD0082BA0684DD00246D2F8683245E097
:1034F0001B2BA0683CD07F2B4ED0203B5E2B02467E
:10350000F3D80BF053F99DF80310204600F0CCFAE5
:1035100034E0D0F86C22C2F3C7022AB1D0F86C2292
:10352000C2F3C7020A2ADFD1B0F86C2263F3CA02E1
:10353000A0F86C22A668B6F844309BB94B49606984
:10354000FFF712FE2046FFF71DFE79E7D0F86C2248
:10355000C2F3C702002AE7D0D0F86C22C2F3C70238
:103560000D2AE0E72046FFF739FEC6F89002E9E7AA
:103570000123437102E0A368D3F8683260690BF05D
:1035800015FA5DE7D0F868329F07F7D50BF00EF912
:1035900020460BF0AEFCF1E7D0F868329E07EDD57F
:1035A0000BF004F9A368D3F868321807F0D420466A
:1035B0000BF080FCE2E75B2B01D10223D9E7D0F8C6
:1035C00068320023D5E700224271A268D2F868125F
:1035D00089077FF535AF342B0AD8302BCED903219C
:1035E000323B5171022B2DD8DFE803F0303A28002E
:1035F000433BDAB2092AC1D8092BBFD801A252F83D
:1036000023F000BF2D360000353600007D35000068
:103610003D3600007D350000453600007D35000058
:103620007D3500007D3500004D36000020460BF052
:103630009EFBA3E720460BF091FB9FE720460BF093
:1036400084FB9BE720460BF079FB97E7A068D0F856
:10365000681201F0010181F001010BF0C3F88DE760
:10366000A368D3F868329B0788D5A0E750240100EF
:103670002DE9F04304468068D0F88C9289B00F465B
:1036800015461E46B9F1000F5CD1904649464FF4ED
:1036900025720DF0CCFBA06800F51C700DF03EFA11
:1036A000A06800F51F70012211460CF0B6FFA36957
:1036B000C3F80090A068022100F51B700BF058F8C9
:1036C000A36850225A85A36818221A85A368226825
:1036D0001A60D4F80890D9F8000010B1FDF72AFA62
:1036E00080B289F82C00A368184A25F0360565F3E6
:1036F0000708C3F868826068036839461D68234676
:10370000A8470546D0B9A36801221A71D4E90A0175
:1037100000220023CDE906230E230393109B04957A
:10372000CDE9016300940A4B4FF4805207F000FE8C
:10373000A368C3F88C02616A07F02AFD284609B025
:10374000BDE8F0836FF07705F8E700BF3BE80000C5
:103750009D37000010B5044680680379012B17D10E
:1037600040F2676200230BF082F810B96FF00F008F
:1037700010BD09496069FFF7F7FC2046FFF702FD1D
:1037800020460BF0C9FBA0680BF015F80020EFE70E
:103790006FF08500ECE700BF502401002DE9F341F4
:1037A00004468068154600F51B70002935D04FF49B
:1037B00080410AF0DDFFA3681D6460680368002192
:1037C0009B68984770BB2046FFF7C4FF50BB174D5E
:1037D000DFF85C804FF0FF364FF0FF37A06800F550
:1037E0001C7000220721CDE900670DF0A3F9A06845
:1037F0000AF0E5FF2A46042120460BF002F8204695
:10380000424601210AF0FDFF606803685B6903B16D
:103810009847A0680AF0CFFFE0E76FF480410AF014
:10382000B6FFC8E702B0BDE8F08100BF013100007B
:1038300081E8000010B5054904460BF07BF82046EE
:10384000034A002100F0A6F9002010BD4627010020
:103850009A27010010B5044613460A460146064859
:1038600001F0BAFB23691B7923B12046BDE8104063
:103870000BF09CB810BD00BFC5E9000038B50B4681
:10388000154648B91449154A521AB3EB920F05D29E
:1038900051F82350284638BD84680CB90025F9E753
:1038A0000F4A94420AD30F4A944207D2184622681C
:1038B000294690472B68002BECD1EFE70A4A944247
:1038C00002D30A4A944205D3246814225343E518CC
:1038D000E358F0E70133F8E7001501000C1501008B
:1038E00038160100381601000C15010038160100C9
:1038F000F7B503782D2B0446164605D16FF0150356
:103900003360002003B0F0BD0DF060FB0B4F0023CF
:103910000546C3510A46204601A908F011FFEB599C
:10392000222B02D16FF02103EAE7002BE6D1019BA5
:10393000A342E3D01B78002BE4D0DFE70C000000AB
:1039400001490BF08EB900BF502401002DE9F0476A
:103950008568DFF86890044605F14A00FDF7EAF84B
:10396000002395F82C7086B29846A268558DED1B01
:10397000B54209DB002E1FDD4A3360691049BDE8FE
:10398000F0471A440BF06DB91D442A444A3392F8AB
:103990004AA082F84A80A26860691A4449460BF03E
:1039A00060F9A3682B4483F84AA0A3685B8DDB1BF6
:1039B000F61A00272B46D8E7BDE8F0872C3F010018
:1039C000692E01002DE9F84FD0F80890D9F8683237
:1039D000B9F846605B0705460F46904624D506F1C8
:1039E0004A004844FDF7A6F82C4E0446B4B9AB682B
:1039F000B3F84420A3F84620A8680BF03FF930B193
:103A0000B8F1000F00D017B16869FFF799FF79424C
:103A1000284609B2BDE8F84F0BF071B96869314624
:103A20000BF01FF9013CE1E7D9F80000B9F844A018
:103A300010B1FDF77FF880B2B9F82A3082448419BA
:103A4000B4FBF3F2BAFBF3F39A42B3461CD0144E24
:103A5000AB685445CBDA5A8DB4FBF2F302FB134347
:103A600004F1010913B96869FFF76AFFAB685B44A9
:103A70000BF1010493F84A30324608212846A34648
:103A80000BF0D0F94C46E3E74A36064A09EB060349
:103A9000082128460BF0C6F9A9E700BF362D010022
:103AA00081200100692E010013B583688DF807108D
:103AB000D3F868220446D00725D5B3F84610B3F8EA
:103AC00044208A421FD0481CA3F846000B449DF8AE
:103AD000072083F84A20A368D3F86812890710D515
:103AE000D3F8683260690B4913F0040F18BF2A221B
:103AF0000BF0B7F820460BF0D6F810B16069FFF76D
:103B00001FFF02B010BD01220DF1070120460BF08E
:103B100097F9F6E78120010010B58368094A1B6810
:103B2000044602210BF07EF9A368D3F868329B07A4
:103B300007D52046FFF70AFF2046BDE810400BF0EE
:103B4000CAB810BD692E010001490BF0FAB900BFD7
:103B500050240100F8B50F465168044615461E462C
:103B600011B11A460BF0FAF9AB6883B13146204621
:103B70000BF098F82046064A3B4608210BF052F914
:103B8000A968F21D2046BDE8F8400BF0E7B9F8BD82
:103B9000C92701002DE9F04F0F46002189B00446E6
:103BA00016460D4603AA384601F10108FFF766FEE6
:103BB000A8B98DB126B13246082120460BF032F962
:103BC000DFF89090DFF890B0002103AA384601F1A9
:103BD000010AFFF753FE60B909B0BDE8F08F006835
:103BE00010B1FCF7A7FF80B2854238BF05464146B9
:103BF000D8E7D0F80080B8F1000F0FD098F8003067
:103C000063B14668154ACDE900584B460821204665
:103C10000BF008F926B96069FFF796FF5146D4E723
:103C20004B465A46082120460BF0FCF8AB1DB20764
:103C30009BB209D131680A4A914205D132464146C8
:103C40002046FFF787FFE9E71A46314620460BF08A
:103C500085F9E3E7EE27010070200100D427010079
:103C6000C40BD286F7B50F6805460E46EFB138464D
:103C7000FCF760FF84B2114B009308213B46104AC9
:103C800028460BF0CFF87168E31C9BB279B18A0724
:103C90000DD108680B4A904209D10A46316828467E
:103CA00003B0BDE8F040FFF755BF3C46E3E71A46D6
:103CB000284603B0BDE8F0400BF050B9EA270100F8
:103CC000DB270100C40BD28610B507490446FCF778
:103CD00027FF38B105492046FCF722FFB0FA80F0F3
:103CE000400910BD0120FCE7E0270100E3270100A7
:103CF00008B504480AF0BEF803480AF0BBF80020F3
:103D000008BD00BFF72701002C280100014808F07A
:103D1000B3BA00BFE819010038B5044618B90F4B13
:103D20000F485B6898476168B1F5683F10D0B1F5FE
:103D3000680F0DD00B4DA9420AD011F468612068BC
:103D400007D0014608480CF016FC0023236065608C
:103D500038BD14220DF06BF8F9E700BFA403002072
:103D60005A2801002C5F5CA91823002008B520B355
:103D70004368B3F5683F10D101220368BFF35B8F3E
:103D800053E8001F002903D143E800200028F7D1A1
:103D9000BFF35B8F0DD1002008BD094A93420AD0C2
:103DA00000684FF0FF324FF0FF3306F01FFF00288E
:103DB000F1D00448F0E70448EEE76FF4E040EBE7A9
:103DC0002C5F5CA9E98FFFFFEA8FFFFF08B5D8B130
:103DD0004368B3F5683F10D100220368BFF35B8FDF
:103DE00053E8001F012903D143E800200028F7D140
:103DF000BFF35B8F0BD1002008BD074A934208D068
:103E0000006806F06BFFF6E76FF4E040F4E7034864
:103E1000F2E70348F0E700BF2C5F5CA9E98FFFFFE2
:103E2000EA8FFFFF10B5044618B91D4B1D485B68AB
:103E300098476368B3F5683F2FD0B3F5680F2CD06F
:103E4000194A934219D1236803BB18484FF0FF3237
:103E50004FF0FF33214606F09BFE08B923681BB9DB
:103E60000F4B13485B6898472068142200210CF020
:103E7000DEFF4FF46863636008E0B3F5683F0DD878
:103E80003A2B03D040F6BA629342DED120680CF0A0
:103E9000BDFB636843F03A03636010BD054AF3E776
:103EA000A40300205A2801002C5F5CA918230020DD
:103EB000802801003A00003A08B506490648402328
:103EC00014220CF04AFBBDE808400449044808F0FD
:103ED00045BA00BF181E002018230020F019010069
:103EE000041A010008B50348034A0021121A0BF016
:103EF000A3F808BD30050020AC5700200748084A49
:103F0000084908B5121A0BF099F80748074A0849FA
:103F1000BDE80840121A0BF091B800BF0000002065
:103F2000280500201C4201000000002000000020A5
:103F30001C4201002DE9F047054600AF0C46002960
:103F400063D0DFF808A1DAF800305A075DD06E467A
:103F50008AB0D1E90001A3686A46DFF8F480DFF88F
:103F6000F4C0C2F814C04FF00609C2E90680C2E9E5
:103F7000081342F8109F00234FF441515046FEF7BA
:103F80005DFADAF800305B07B5463ED08AB0D4E976
:103F9000030163696A46DFF8C0C05362C2E905C81D
:103FA000C2E9070142F8109F002350464FF44151E7
:103FB000FEF744FADAF800305807B54625D088B045
:103FC000E3696A462549D3614FF00409C2E905183F
:103FD00042F8109F00234FF401515046FEF72EFA8D
:103FE000DAF800305907B5460FD088B0A3696A46A1
:103FF0001B49D361C2E9051842F8109F00234FF412
:1040000001515046FEF71AFAB546012D17D1EFF3CC
:1040100005830E480268520711D06E4688B06A4682
:1040200010495161103BD3610F499161042342F85B
:10403000103F00234FF40151FEF700FAB546214628
:10404000284606F0DDFBBD46BDE8F0879804002059
:104050006F290100AD280100E028010013290100AB
:1040600026290100582901007829010030BFFFF7F7
:10407000FDBF00BF2DE9F0410B4EDFF8308006EBAD
:104080000807CC1B05463246094920460CF0A7FE1E
:10409000A01942460021083C0CF0C9FEC5F8B44006
:1040A00007F10800BDE8F0810000000008000000F2
:1040B00038160100054B5A699B689A421FBF044A93
:1040C000536843F080535360704700BF4C24002076
:1040D00000ED00E02DE9F041694C236806465807E1
:1040E00000AF0D460FD0E84688B06A46654B536175
:1040F000654B9361032342F8103F4FF4C2512046B1
:104100000AF0A9FFC546614B9B6AD90440F19D8026
:1041100023685A070FD0E84688B06A465C4B536163
:10412000594B9361032342F8103F55484FF4C25155
:104130000AF091FFC5461720544B9B6A1B0513D507
:10414000236858070FD0E84688B06A46514B536140
:104150004D4B9361032342F8103F49484FF4C2513D
:104160000AF079FFC5461820484B9B6A990532D55D
:1041700023685A070FD0E84688B06A46464B536119
:10418000414B9361032342F8103F3D484FF4C25125
:104190000AF061FFC5463D4B996B9B6A1B0419D51C
:1041A0002368580710D0E84688B06A463B4B5361F5
:1041B000354B3348C2E90631042342F8103F4FF42F
:1041C00001510AF048FFC54626B1304A936A23F4EC
:1041D0000043936219202D4B9B6A5A0513D523681F
:1041E0005B070FD06E4688B06A462D4B5361264B55
:1041F0009361032342F8103F21484FF4C2510AF063
:104200002AFFB5461A20214B9A6AD6051FD5236886
:1042100059070FD06C4688B06A46224B53611A4B3F
:104220009361032342F8103F15484FF4C2510AF03E
:1042300012FFA5461B20154A936A43F47F439362FD
:1042400000232B70BD46BDE8F081162074E79B6A01
:104250009A04F0D523685B070FD06C4688B06A4695
:10426000114B5361084B9361032342F8103F0448FC
:104270004FF4C2510AF0EFFEA5461C20DBE700BF59
:10428000980400208A290100652D010000ED00E05E
:10429000A4290100B9290100D0290100ED2901005C
:1042A000062A0100252A0100412A0100B0B5584C18
:1042B00023685D0700AF0FD06D4688B06A46554B46
:1042C0005361554B9361032342F8103F4FF4C251A1
:1042D00020460AF0C0FEAD46504B9B6A980140F163
:1042E0009580236859070FD06D4688B06A464C4BBD
:1042F0005361494B9361032342F8103F44484FF404
:10430000C2510AF0A8FEAD461E20444B9B6ADA015A
:1043100013D523685B070FD06D4688B06A46414BC2
:1043200053613D4B9361032342F8103F38484FF4EB
:10433000C2510AF090FEAD461F20384B9B6A1D0308
:1043400013D5236859070FD06D4688B06A46364B9F
:104350005361314B9361032342F8103F2C484FF4D3
:10436000C2510AF078FEAD4621202C4B9B6A5A03BD
:1043700013D523685B070FD06D4688B06A462B4B78
:104380005361254B9361032342F8103F20484FF4BB
:10439000C2510AF060FEAD462220204B9B6A9D036D
:1043A00013D5236859070FD06D4688B06A46204B55
:1043B0005361194B9361032342F8103F14484FF4A3
:1043C000C2510AF048FEAD462320144B9B6ADA0323
:1043D00013D523685B070FD06C4688B06A46154B2F
:1043E00053610D4B9361032342F8103F08484FF48B
:1043F000C2510AF030FEA5462420084A936A6FEAAB
:1044000003436FEA13439362BD46B0BD1D207CE7B2
:1044100098040020742A0100592D010000ED00E0ED
:10442000902A0100A72A0100C52A0100E72A0100FD
:10443000102B01002E2B01002DE9F0476E4D2B684B
:104440008A46590700AF814690460FD06C4688B027
:104450006A466A4B53616A4B9361032342F8103FEB
:104460004FF4C25128460AF0F6FDA546654B9B6AFB
:10447000DA0665D52B685B070FD06C4688B06A46B4
:10448000614B53615E4B9361032342F8103F5A48DE
:104490004FF4C2510AF0DFFDA5461124594B9B6A27
:1044A0001E0713D52B6858070FD06C4688B06A4694
:1044B000564B5361524B9361032342F8103F4E48D1
:1044C0004FF4C2510AF0C7FDA54612244D4B9B6A1A
:1044D000990737D52B685A070FD06C4688B06A46C3
:1044E0004B4B5361464B9361032342F8103F4248C4
:1044F0004FF4C2510AF0AFFDA546424B5E6B9B6A7A
:104500001B0676D52B685C0710D06C4688B06A46CF
:10451000404B53613A4B3848C2E90636042342F80F
:10452000103F4FF401510AF096FDA546BAF1000F75
:1045300004D0344A936A23F080039362132403E087
:104540001024ABE76FF015062E4B9B6AD80713D5E6
:104550002B6859070FD06C4688B06A462E4B5361C2
:10456000274B9361032342F8103F23484FF4C25175
:104570000AF071FDA5461424224B9B6A9A0613D5B6
:104580002B685B070FD06C4688B06A46234B53619B
:104590001B4B9361032342F8103F17484FF4C2515D
:1045A0000AF059FDA5461524164B9A6AD50602D481
:1045B0009A6A90070AD55B68190507D549463046BF
:1045C00000F0FAFA10B180F3098802240D4B9A6AC0
:1045D000920642BF5A6A22F400525A629A6A42F024
:1045E000FF029A622046002388F80030BD46BDE8ED
:1045F000F0876FF01506A1E7980400205D2B0100FD
:104600006F2D010000ED00E0772B0100B9290100BA
:10461000AE2B0100CA2B0100E42B0100412A01004E
:104620002DE9F0419D4B8AB0D3F8048000AF0446D9
:10463000C8F30806002585F31188BFF36F8F02F0D9
:104640007F43B3F17F4F16D102F00C03082B26D124
:104650009348036859070ED06C4688B06A46914B60
:104660005361914B9361032342F8103F4FF4C251C1
:104670000AF0F1FCA54600252C460023FB71F31E31
:10468000092B00F2E580DFE813F00F00CB00CE002D
:10469000C700E300E300E300E300E300D1001207FA
:1046A0004CBF0C460125E8E77D4E33685B070FD011
:1046B000E84688B06A467D4B53617D4B9361032386
:1046C00042F8103F4FF4C25130460AF0C4FCC546D0
:1046D0000023FB71714BDA6A900714D533685907D0
:1046E0000FD06E4688B06A46724B5361704B93612F
:1046F000032342F8103F6A484FF4C2510AF0ABFC62
:10470000B546002358E0DA6A002A07DA33685A0708
:10471000F7D06E4688B06A46674BE6E7DB6A5B0017
:10472000EFD5336858070FD0E84688B06A46634B28
:1047300053615F4B9361032342F8103F58484FF495
:10474000C2510AF088FCC546544BA1695A6942F42B
:1047500080725A61BFF34F8FBFF36F8F5A6931F880
:10476000021C22F480725A61BFF34F8FBFF36F8F28
:104770004DF60272914209D09A6AD2B2002A3DD017
:10478000FA1D01212046FFF757FE47E0336859071D
:1047900011D06E4688B023686A4649495161444940
:1047A0003F48C2E90613042342F8103F4FF4015179
:1047B0000AF051FCB5462368FA79DAB907F1080620
:1047C00004F1200C20686168324603C20834644555
:1047D0001646F7D17A6A002D5BD0C2F3080121B9E1
:1047E0006FEA52226FEA42227A6207F10801184604
:1047F000FFF7A0FB2837BD46BDE8F0819A6A12F4A6
:104800007F4F04D0F91D0120FFF764FC06E09B6A8E
:10481000B3F5803FFFF475AFFFF748FD0346CBE7E4
:10482000FA1D0021AEE7F91D0020EDE71C480368E2
:104830005A073FF466AF6E4688B06A46214B536113
:10484000214B9361032342F8103F4FF4C25155E7C7
:10485000134803685B073FF454AF1C4A1C4B18F421
:10486000F87FE8468AB018BF13466A461949516175
:104870001949C2E9061340F201339384103E174BE5
:1048800016624FF4315142F8103F0AF0E4FBC5467E
:1048900037E722F4FF7222F00102A5E700ED00E005
:1048A00098040020352C01008B2D0100642C0100A0
:1048B000802D01007F2C0100A42C0100B62C0100EA
:1048C000D92C0100F92C01004B2D01001C2C0100FA
:1048D000072C0100212D0100382D010005000001E9
:1048E000044B5A6942F010025A615A6922F00802D8
:1048F0005A61704700ED00E0EFF30880EFF30981A3
:1049000001B57246FFF78CFE01BD00BF002080F3A9
:104910001488BFF36F8F134880F3088804F04EF8B3
:10492000002011490860BFF34F8F00F033F82020BA
:1049300080F311880D484FF0AA014FF482520AF01B
:104940007BFB0A484FF48251401880F30988EFF34B
:1049500014800221084380F31488BFF36F8F00F0A6
:10496000FBF80000C098002094ED00E040700020AB
:104970000749D1F890200023C2F30722184693423A
:1049800000DB7047C1F89830C1F8A0000133F6E7AA
:1049900000ED00E008B572B6002383F31388FFF73B
:1049A000E7FF144B4FF0FF32C3F88020C3F8842098
:1049B000C3F88820C3F88C20C3F89020C3F8942053
:1049C000C3F89820C3F89C20C3F88021C3F8842141
:1049D000C3F88821C3F88C21C3F89021C3F894212F
:1049E000C3F89821C3F89C2162B6BFF34F8FBFF381
:1049F0006F8F08BD00E100E0084B9B6883420BD13C
:104A0000EFF3058343B1064B5A6842F080525A6077
:104A10005A6A22F400425A6206F0FABF4C2400207F
:104A200000ED00E015498A684FF030001044EFF3C4
:104A3000098C80E8F01F202080F31288BFF36F8F6D
:104A40000F4F4FF000664A698A603E60D2F8B400AA
:104A50000C4C2060D2F8B8000023C2F8B83080F3C4
:104A6000118804B5104600F00FF9BDE8044002F1CA
:104A7000300090E8F01F8CF3098870474C24002028
:104A800004ED00E0342300201EF0040F0CBFEFF310
:104A90000880EFF30980816911F8021C0229FFD018
:104AA00001B572460AF0CCFA01BD00BF40B2002841
:104AB00007DB044A4109012300F01F00834042F84C
:104AC0002130704700E100E040B200280CDB4309D0
:104AD000064900F01F0020330122824041F82320C4
:104AE000BFF34F8FBFF36F8F704700BF00E100E04F
:104AF000054B420900F01F0053F82220012303FA5E
:104B000000F01040704700BF00E100E040B2002814
:104B1000A8BF00F1604001F10101B8BF064B4FEAA8
:104B20004111ACBF00F5614000F00F00C9B2B4BF45
:104B3000195480F80013704714ED00E0044B054A47
:104B400023F07F039360BFF34F8FBFF36F8F7047E6
:104B50000000000000ED00E008B5FFF7EFFF074A96
:104B6000D2F8883023F47003C2F88830FFF7BAF91E
:104B7000FFF7C4F900F05EF805F090FF00ED00E0EB
:104B800042F8203C009B42F81C3C0A49019B42F839
:104B9000183C029B42F8143C21F001014FF0807355
:104BA00042F8043C42F8081C0023203A0265C0F891
:104BB000B8307047B91A00000A4A0346906878B1C5
:104BC00013F1160FD0F8A40005D0A0F140029A42CC
:104BD00005D8834203D2814228BF002070470020BD
:104BE000704700BF4C24002008B515460C4A0D4BF9
:104BF0009060D0F8B4201A600E4600F045F82C46BC
:104C000086F309880020044B9847204600210022A3
:104C10000023024C204700006BF00000B91A00008E
:104C20004C24002034230020014B10221A617047CD
:104C300000ED00E0044800232021C2180133302B8E
:104C400082F80013F9D1704700E100E008B5EFF3F6
:104C50000583064A103B02EBC30152F83300496852
:104C60008847BDE80840FFF725BA00BFF8110100EA
:104C7000024B034A0348012100F0BCB800000420A5
:104C800000000020141A0100D0F8A420054B403A7F
:104C90001A60054A4021C3E901121846012100F0BB
:104CA000B3B800BF3823002000000B1598B50346A9
:104CB0000C480268520700AF10D06C4688B06A46B4
:104CC000094951610949C2E90613042342F8103F1A
:104CD00000234FF40151FDF7B1FBA5466FF015001D
:104CE000BD4698BD94040020972D0100E82D0100D9
:104CF00010B40E4CD4F89030C3F30723013B984214
:104D000002D910BCFFF7D2BFC4F898000B6823F09B
:104D10001F03034343F01003C4F89C308B6843F037
:104D20000103C4F8A03010BC704700BF00ED00E0E4
:104D30002DE9F04184B00E4600AF984604460025A8
:104D4000B5421FDA6068002835D0B8F1000F23D0D3
:104D5000411E08421BD0194803685B0710D06C46FF
:104D600088B06A46164B5361164BC2E906350423D8
:104D700042F8103F00234FF40151FDF75FFBA546B9
:104D80006FF0150210461037BD46BDE8F0811F28B0
:104D9000E1D923681942DED123687B600AF088F9E3
:104DA000A368391D0343D0B2FB60FFF7A1FF10F1E8
:104DB000160FE5D0421C01350C34C1E794040020E5
:104DC000C12D0100012E0100044B0522C3F89420DF
:104DD000BFF34F8FBFF36F8F704700BF00ED00E050
:104DE000BFF35F8F024B0022C3F89420704700BFCF
:104DF00000ED00E010B5034C01232278FFF798FF87
:104E0000207010BD9737002008B50B4A0023127898
:104E1000FFF78EFF10F1160F07D0084A0021D2F8D5
:104E20009030C3F30723984200DB08BDC2F8980016
:104E3000C2F8A0100130F2E79737002000ED00E043
:104E40002DE9F0435E485F49D0F890300D68C3F318
:104E500007239D4285B000F2B080FFF7C1FF49688B
:104E60000022954201F10C011BD1574C574F257080
:104E70006846FDF7CBFEDFF85881DFF8589106460B
:104E80000025AE4220D123784D490020D1F8902052
:104E9000C2F307229342C0F28A80FFF795FF0020F9
:104EA0004FE0C0F8982051F80C3C23F01F03134347
:104EB00043F01003C0F89C3051F8043C43F0010368
:104EC000C0F8A0300132CCE7009800EB05114FEAA2
:104ED000051CCB683B40B3F5000F49D00AD8B3F5A9
:104EE000001F31D0B3F5800F37D0B3F5801F13D03A
:104EF0000135C6E7B3F1007F43D0B3F1805F49D0FD
:104F0000B3F1807FF4D150F80C3088684A680AF019
:104F1000CFF840F0887009E050F80C3088684A6893
:104F20000AF0C6F840F0885040F43020039001A900
:104F30002078CDE90123FFF7DBFE002833DA6FF09C
:104F4000150005B0BDE8F08350F80C3088684A6859
:104F50000AF0AEF840EA0900E8E750F80C3088683B
:104F60004A680AF0A5F840F0007040F40030DDE730
:104F700050F80C3088684A680AF09AF840F082705D
:104F8000D4E750F80C3088684A680AF091F840F489
:104F90008020CBE750F80C3088684A680AF088F81F
:104FA00040EA0800C2E7237801332370A0E7C1F884
:104FB0009830C1F8A000013368E74FF0FF30C0E738
:104FC00000ED00E0201A0100973700200000F0FFFC
:104FD0000000021100000811F0B587B007460E4628
:104FE00014460021102268461D460BF020FF0223C4
:104FF0008DF802302A46054B019321466846CDE9DB
:10500000047607F09FFC07B0F0BD00BFD1F00000B0
:1050100008B5024B1B689847002008BD44230020B8
:10502000034B044A1860937843F00203937070476F
:1050300044230020D001002008B50649064821F08D
:105040000701C1F1005202F5802208F063FE002042
:1050500008BD00BF47C9002048230020044A01239F
:10506000C2F840354FF080420020C2F878357047D2
:1050700000E0014048B1054B054A1B68B3FBF2F361
:105080005843044B43F00103184770479003002036
:1050900040420F0040160100BFF34F8F0549064BF9
:1050A000CA6802F4E0621343CB60BFF34F8F00BFC6
:1050B000FDE700BF00ED00E00400FA0598B500AF81
:1050C00004F03AFB0346D0B10E48026852070FD0F5
:1050D0006C4688B06A460C4951610C49C2E9061316
:1050E000042342F8103F4FF4015109F0FEFFA5469A
:1050F00007486FF004034362143009F0F4FFBD4623
:1051000098BD00BF580400202A2E0100F93001008C
:1051100000000020044B93F83A3013B1034804F028
:10512000B7BBFFF7CBBF00BF00000020F15300006A
:1051300098B503460E480268520700AF13D06C467C
:105140008AB01B686A460B4951610B49C2E90613D4
:1051500040F201331384094B42F8103F4FF41151D0
:1051600009F0C3FFA5466FF00400BD4698BD00BF1F
:1051700058040020482E010068300100040000019E
:10518000F0B585B000AF00237B60C7F807304B79DE
:10519000FB720B799A060C4626D58A797F2A08BFBE
:1051A000FF22874D3A73C3F3040203F01F03072B5A
:1051B0007A732A681AD9560710D06C4688B06A46A6
:1051C000804951618049C2E90613042342F8103F27
:1051D0004FF40151284609F088FFA5466FF01506E7
:1051E00030461437BD46F0BDFF22DAE723780C2B9A
:1051F00024D8DFE803F00907172319231B23231DF5
:105200001F2321000123BB716378032B26D0042BBD
:1052100026D05007E2D06C4688B06A466B4B53618B
:105220006B4B13E00223EEE70323ECE70423EAE7EA
:105230000523E8E70623E6E70723E4E75407CDD094
:105240006C4688B06A46634B5361634B936103239A
:1052500042F8103F5A484FF4C251BCE70123FB719A
:10526000638844F20A018B422ED843F6FE718B42CA
:105270000AD8002B6BD05107B0D06C4688B06A4674
:10528000564B5361564BE1E7A3F57F513F390B294C
:10529000F1D801A050F821F05753000077520000D8
:1052A0007752000077520000E95200007752000068
:1052B000E55200007752000077520000775200005C
:1052C000775200004F53000044F214018B4240D04B
:1052D00044F228018B423ED044F20F018B42CAD1E6
:1052E000032100E001213972520710D56E4688B0C3
:1052F0006A463C4951613A493148C2E906130423E0
:1053000042F8103F4FF4045109F0EFFEB5462679FC
:10531000354A06F01F01012000FA01F116F02006BF
:1053200092F85030C9B23ED0A6797F2E15D10B43EA
:1053300082F85030237992F8511003F01F030026B1
:1053400000FA03F37E720B4382F851300AE0022127
:10535000C9E70421C7E70521C5E723EA01037872FD
:1053600082F85030381D0AF055FE064600283FF4FA
:1053700037AF2B685B073FF433AF23796C468AB0B5
:1053800003F01F036A46194951610F491062C2E9CF
:105390000613052342F8103F09484FF4215109F044
:1053A000A4FEA5461CE70B4382F8503023797E7299
:1053B00003F01F03984092F8513023EA0003C3E73B
:1053C000580400206C2E010097300100AA2E010025
:1053D00080300100872E01008E300100D22E0100A6
:1053E00073300100012F0100000000201E2F01007A
:1053F000F8B5037800AF002B40F0AF80694CE36A4A
:1054000094F850C01CEA030F254606D1A36A002B6E
:105410003FD1654809F067FE82E0018994F8980061
:10542000A26D94F85160A8B90121DBB20B420CD0F7
:105430001CEA010F08D016EA010EB2F9000023D0D1
:1054400000EBD070401010800232490089B26145F3
:10545000ECD9DBE7334015D002EB41018A42D5D0CD
:10546000B2F9003003EBD3735B1022F8023BF5E78F
:1054700032F91360002EB8BF22F8130001338B42BB
:10548000F6DBC3E71846FAE70028B8BFA2F800E049
:10549000DAE7236CB4F84C2033B1444944489847C8
:1054A000012835D002284BD0B4F84C30B4F848204D
:1054B0009A4245D90133A4F84C3094F898305BBB3C
:1054C000A36D94F8522003EB4203A36594F85210A5
:1054D000A06D04F0F1F80346F0B1364802685107B8
:1054E0000FD06E4688B06A46334951613349C2E9EC
:1054F0000613042342F8103F4FF4015109F0F5FD63
:10550000B5466FF004032848636209F0ECFD03E040
:1055100094F89830002BD9D0E36B1BB9FFF7FAFD54
:10552000BD46F8BDBFF35B8F55E8003F5A1E45E806
:1055300000210029F8D1BFF35B8F012BF0DDEDE7EF
:10554000E36B002B3FF465AF94F89830002B7FF4A9
:1055500060AF1B480BF065FA5BE7022B1ED104F02D
:10556000EBF803460028DBD01248026852070FD040
:105570006C4688B06A46134951611349C2E9061363
:10558000042342F8103F4FF4015109F0AEFDA54647
:1055900004486FF00403436214303BE7052BBFD18E
:1055A00037E700BF00000020140000202800002082
:1055B000FC10010058040020422F010014310100AA
:1055C000600000202A2E010036310100094BBFF394
:1055D0005B8F53E8002F511C43E800100028F8D1DE
:1055E000BFF35B8F0AB9FFF795BD6FF00F025A62E8
:1055F000704700BF0000002010B500220D4904468E
:105600000D480BF002FA002003F086FF024620B19D
:105610002046BDE81040FFF78BBD01210720FFF7B2
:1056200075FA0648C36813B9043009F05CFD002020
:1056300010BD00BFCD55000060000020000000201C
:105640002DE9F04385B0884602AF4FF0FF338D4817
:105650004FF0FF3205F0C6FBD8F80460731EFE2B36
:1056600013D98948036859072ED06C4688B002AA1E
:10567000864B5361864B9361032342F8103F4FF4EE
:10568000C25109F032FDA5461EE00024254626FA47
:1056900004F3DA0724D503F085FFE040C3071DD4E7
:1056A000794803685D070FD06D4688B002AA794B30
:1056B0005361774BC2E90634042342F8103F4FF49C
:1056C000015109F012FDAD466FF015046D4809F067
:1056D0000AFD20460C37BD46BDE8F0830135EDB22A
:1056E0000134082CD3D145B9674803685907EBD07A
:1056F0006C4688B002AA684BBBE798F81030A3F15B
:105700000802062A19D8DFE802F02A182C18041813
:1057100016000221012D98F8112024D0002A7BD0F8
:10572000594803685E07CFD06C4688B002AA5B4B2D
:1057300053615B4B9FE70321ECE753480268520734
:10574000C2D06C4688B002AA564951615649C2E996
:105750000613042342F8103F4FF4015191E7002152
:10576000D8E70121D6E7082A06D8DFE802F01313AC
:105770001313131313131300434803685D07A3D0D7
:105780006C4688B002AB494959614549C3E90612E4
:105790001A46DEE7D8F80030002B3DD05C68002CBC
:1057A0003AD1186801387F2836D83A707C701B6867
:1057B0003F4A1B01013B7B80012382F898303B71FB
:1057C0003A463C4B304603F023FF044600287FF462
:1057D0007DAFD8F800206B0012B1928902FB033331
:1057E000D8F80C10994220D227480268540710D0EC
:1057F0006C468AB002AA304D5561304D13620523C4
:10580000C2E9065142F8103F4FF4215109F06DFCF6
:10581000A5466FF00B0459E7254B002083F898004C
:10582000244B304603F0C4FECFE7214E86F8525099
:1058300096F89830D8F80800B065B146FBB1D8F8B2
:10584000003099894D1CA9B203F036FF04460028A8
:1058500038D00D48036859073FF438AF6D4688B01B
:1058600002AA174B53610A4BC2E90634042342F8DB
:10587000103F4FF4015109F038FCAD4626E72946A8
:10588000E2E700BF04000020580400205F2F010061
:1058900044310100812F01009F2F0100E22F010000
:1058A000D9300100B92F0100EA30010018300100A1
:1058B00000000020F15300003F300100C73001001C
:1058C000422F0100C446BCE80F00314D0FC5DCF883
:1058D00000302B607462D8F80030002B55D00FCB0D
:1058E00005F1040C8CE80F00F36BC6F828C0A6F88D
:1058F0004C40002B49D0BFF35B8F59E8003F49E88B
:105900000042002AF9D1BFF35B8F96F89810E1B9F5
:10591000F46B2048204A4FF4004C0023E4FB0C01B8
:10592000FBF7E4F80022CDE90001002305F128008F
:1059300006F0BEFB19484FF0FF324FF0FF3305F081
:1059400051FA00B17062746AC0E603F0F5FE0346D6
:105950000028EFD01248026852070FD06C4688B07A
:1059600002AA104951611049C2E90613042342F802
:10597000103F4FF4015109F0B8FBA5466FF0040346
:105980000648736209F0AFFBD4E7FFF7C3FBD1E72A
:10599000280000203F420F0040420F00140000206A
:1059A000580400202A2E0100AE300100F8B54568E9
:1059B0000C796B7A026904F01F04A34200AF17D878
:1059C0005C4803685D070FD06D4688B06A465A4B45
:1059D00053615A4BC2E90634042342F8103F4FF496
:1059E000015109F085FBAD466FF01500BD46F8BDCD
:1059F0002B7A002B4CD002EB4400B0F8A23023F4F9
:105A000060639BB2A0F8A2300E78043E0A2E42D802
:105A1000DFE806F00A4106414132354138413B009A
:105A200043F40073A0F8A2306B7A012B18D902EB73
:105A30004402B2F8A23023F4E0439BB2A2F8A230B1
:105A4000087910F0200F487949D0002837D188799B
:105A5000012805D0032855D143F48053A2F8A23081
:105A60004B78042B58D0334803685A07BCD06C4697
:105A700088B06A46324B16E043F48063D2E743F4C1
:105A8000C063CFE743F40063CCE743F42063C9E786
:105A90000B78092BC8D0274803685C07A4D06C4654
:105AA00088B06A46274B5361244B9361032342F825
:105AB000103F4FF4C25109F01BFBA54694E70128A3
:105AC00005D1887903281DD143F40053C6E7022885
:105AD00018D18879032815D143F44053BEE710B993
:105AE00043F48043BAE7012802D143F4A043B5E769
:105AF000022802D143F4C043B0E7032802D143F4A3
:105B0000E043ABE70B48036859073FF46DAF6C46C1
:105B100088B06A460C4BC6E7488800283FF466AF59
:105B2000044803685B073FF45FAF6C4688B06A4681
:105B3000064BB8E7B00400206B310100363301009A
:105B4000B83101008C3101009D310100CE310100DE
:105B50002DE9F0476F4D82B000AF836E80F898302A
:105B600050F8088CD0F89030C0F89430D8F8104035
:105B7000DFF8A49194F8A060EEB9E36E2068002BE2
:105B800000F0C380D4F88430B4F8902043B104F11D
:105B90006C019847012800F09480022800F0AE8044
:105BA000B4F89030B4F88C209A4240F2A7800133C8
:105BB000A4F8903089E096FAA6F6B6FA86F62A6836
:105BC00004EB46035107B3F8A230BB8010D5EA4678
:105BD00088B06A465149C2F81490C2E906130423FA
:105BE00042F8103F4FF40451284609F081FAD54697
:105BF000B988D8F8040041F40141B98009F0A2FA4B
:105C000098B12B6813F0060F0FD0EA4688B06A46A9
:105C1000434B5361414B9361032342F8103F4FF4D0
:105C2000C451284609F064FAD54640F28A2005F0AE
:105C3000A7FE04F1580A05F023FED8F804003A1D27
:105C4000012109F058FA002803DAA066504605F051
:105C500095F8B7F90430002BEDDAD8F80400BA1D36
:105C6000002109F048FA20B1A06604F1580005F0BF
:105C700085F8D4F89820B7F90630911C1B11C4F8A8
:105C8000981013802A68FB80520711D5EA468AB023
:105C90006A4624495161214913620523C2E9061667
:105CA000284642F8103F4FF4245109F021FAD54616
:105CB00094F8A0300122B24023EA020384F8A03015
:105CC00058E7D4F89C30C4F89830D4F8803004F108
:105CD0000800002B3FF441AFBFF35B8F50E8003F5B
:105CE0005A1E40E800210029F8D1BFF35B8F012B39
:105CF0003FF733AF0837BD46BDE8F087D4F88030B2
:105D00001BB104F110000AF08CFE04F1580005F0FC
:105D100035F8EFE7B0040020EB3101004C3301000F
:105D2000F7310100163201002DE9F04782B0066913
:105D300002AF80460D4648364FF0FF324FF0FF333A
:105D4000304605F04FF82868D8F81040D8F804A07D
:105D500080B3B0F80C80D5F804904846FAF7F2FE0C
:105D600008FB0000B9F1000F26D09AF80920B9FA13
:105D700089F3C3F1200393421ED95A4803685B0795
:105D80000FD06C4688B002AA574B5361574BC2E9FB
:105D90000639042342F8103F4FF4015109F0A8F9E5
:105DA000A5466FF01504304604F0E8FF2046BD46D6
:105DB000BDE8F0878046CEE72B7C0C2B0CD0494801
:105DC00002685507EDD06C4688B002AA4849516177
:105DD0004649C2E90613DCE76B7C83B1414803689E
:105DE0005C07DED06C4688B002AA424B53613F4B41
:105DF0009361032342F8103F4FF4C251CEE795F868
:105E000012C0BCF1000F08D0364803685907C8D04B
:105E10006C4688B002AA384BE8E7AB6843B9314812
:105E200003685A07BDD06C4688B002AA334BDDE741
:105E3000EA68B2EB400F08D22A4803685B07B0D08B
:105E40006C4688B002AA2E4BD0E7C4F89830A94619
:105E5000B9E80F0004F16C0EAEE80F00D9F800307D
:105E6000CEF80030C4F868C02B6804F10808A3B36A
:105E70000FCB04F1800585E80F00E566A4F890C01B
:105E800058B3BFF35B8F58E8003F48E800C2002AD0
:105E9000F9D1BFF35B8F1B49D4F880501A4A4FF4F5
:105EA00000408E466146E5FB00E100237046FAF7AC
:105EB0001DFE0022CDE90001002308F1080006F0D4
:105EC000F7F84FF0FF324FF0FF3304F1580004F0C1
:105ED00089FF00B1A066A46E65E74046FFF738FE73
:105EE000EFE700BFB004002037320100613301004A
:105EF000613201008B320100AD320100CE3201006F
:105F0000E13201003F420F0040420F00B0B543684C
:105F1000056900AF044618680AF0F2FAA0B148F229
:105F20008351204BA5F8A210C5F8A430A5F8A810FD
:105F3000606809F007F90446F0B92B6DCBB905F19B
:105F4000480004F01BFF14E0174803685A070ED0FE
:105F50006C4688B06A46154B5361154B9361032319
:105F600042F8103F4FF4C25109F0C2F8A5466FF055
:105F700015042046BD46B0BD0B4803685B07F8D04A
:105F80006D4688B06A460B4B5361094BC2E9063433
:105F9000042342F8103F4FF4015109F0A9F8AD462F
:105FA000E7E700BF83858385B0040020FB32010052
:105FB000293301000D330100084B70B5C31A0D469B
:105FC00007499B10044659430648402209F0F9F856
:105FD0002B4601462046BDE8704018476823002044
:105FE000B76DDBB6A810010073B50C4C0C4A40230A
:105FF000041B00930D460B460A49A4106143064654
:10600000094809F009F9011E05DA30462B4602B0AD
:10601000BDE87040184702B070BD00BF6823002083
:1060200081F20000B76DDBB6A81001000022F8B5C0
:10603000012105461046FEF769FD104802F0AEFD4D
:106040000446B8B902F0CAFD2F690D49384608F078
:10605000DEF9031E09DB01263E642D69084905F1BE
:106060001C0008F0D4F9031E02DA1C462046F8BDD5
:10607000EE64FBE76FF00404F8E700BFB1610000D5
:106080004C1A01001FB500220123CDE90223094A61
:10609000CDF800D06B46CDF804D009F0EAF800281E
:1060A00005DB4FF480420023684604F09BFE05B0F8
:1060B0005DF804FB93F2000010B5EFF31184202388
:1060C00083F31288BFF36F8F074A136823F002012E
:1060D000DB07116002D4012009F064FC84F311880D
:1060E000BFF36F8F10BD00BFB823002030B4104B3A
:1060F0000C2202FB003301460020D3E90E529863C4
:10610000EFF31180202484F31288BFF36F8F1C6C8F
:1061100004F0C00444F002041C6480F31188BFF34F
:106120006F8F1DB12B46034830BC184730BC7047F9
:1061300068230020A810010010B4EFF3118220237F
:1061400083F31288BFF36F8F1748016841F0020490
:106150000460C80707D482F31188BFF36F8F012052
:1061600010BC09F017BC4FF08041D1F80C04D1F8F5
:106170000C14C907EFD5EFF3118083F31288BFF336
:106180006F8F0A490B6C03F0C00343F002030B64EA
:1061900080F31188BFF36F8F82F31188BFF36F8F85
:1061A000002010BCFFF7A2BFB82300206823002006
:1061B00010B1012804D07047034B1B6C5B0701D161
:1061C000FFF794BF704700BF682300202DE9F0411E
:1061D0003849BFF35B8F0746012251E8003F41E891
:1061E00000200028F9D1BFF35B8F33B9324933481F
:1061F0004B60CB608A6008F01DF97B1E012B2BD809
:10620000012F07D14FF08043D3F81C3403F0030370
:10621000012B21D00AF09EFA0546F8B9284B1B78CD
:10622000E3B14FF080430222C3F808230646DFF8AB
:1062300094804FF08044D4F81824D4F81834D20352
:1062400015D503F00303012B01D0012F0FD155B356
:1062500086F31188BFF36F8FBDE8F081EFF31186ED
:10626000202383F31288BFF36F8F0125DFE7ADB1E1
:10627000304608F00EFFD4F81835002BDBD1D4F8E7
:106280000421002AD7D0C4F80431D4F80431012302
:10629000C4F81835C8F88031A360CCE7002121206C
:1062A0000AF008FBE7E74FF080430222C3F804231B
:1062B000D2E700BF64230020542300208423002061
:1062C000AA57002000E100E010B5044C2046FBF77F
:1062D000EDFB2046FEF7A4FE002010BDE1620000A9
:1062E00073B5104E8DF807000446032501220DF109
:1062F0000701002004F0F0F920B10123337020469B
:1063000002B070BD3378002BF9D0013D08D00AF0FF
:1063100021FA0028EAD1002142200AF0CBFAE5E771
:106320003570ECE798370020024B0B6001231360B7
:10633000704700BFBC23002000487047701A01005E
:10634000B0B503460D480268520700AF11D06C4645
:106350008AB06A460A4D55610A4D1162C2E9065378
:10636000052342F8103F00234FF42151FCF766F853
:10637000A5466FF01500BD46B0BD00BF7C040020EF
:10638000B03301001634010010B501221146064851
:10639000064C0AF042F909F01AFE206009F013FEDB
:1063A0006060002010BD00BFC4230020BC2300207B
:1063B0004FF08042D2F81015D2F8103501F01E01CE
:1063C00023F01F030B4343F00103C2F81035024BC7
:1063D00000221A70704700BF993700204FF0805399
:1063E000D3F83031082B20D14FF08042D2F810156D
:1063F000CB071AD5D2F8103501F01E0123F01F0388
:106400000B43C2F81035D2F808315BB1D2F8103521
:1064100023F01F030B4343F00103C2F810356FF064
:106420008B007047024B01221A700020704700BF9A
:10643000993700202DE9F84300AF8946154609F049
:10644000C2FD29460646484608F033FF03460028A9
:106450004AD0B9FBF6F306FB1393C84623B9B5FB44
:10646000F6F406FB1454C4B128480368590711D048
:106470006C468AB06A46264B5361264B1562C2E9C8
:106480000639052342F8103F00234FF42151FBF752
:10649000D5FFA5466FF015041FE0B5421DD34FF0A0
:1064A000FF324FF0FF331C48DFF8709004F09AFC85
:1064B00009F089FD0646FFF791FF044688B940467A
:1064C00002F03EFE99F800300BB1FFF771FFAD1BF3
:1064D000B044F0D1104804F051FC2046BD46BDE860
:1064E000F8836FF08B04F5E7084802685207D1D0B3
:1064F0006C468AB06A460A49516106491562C2E98A
:106500000619052142F8101FBFE700BF7C040020D8
:10651000D133010035340100C42300209937002015
:10652000B03301002DE9F0470E4600AF1946304662
:106530001C46904608F0BDFE0346D0B92F480268BD
:10654000510710D06D468AB06A462D4951612D49D8
:106550001462C2E90616052142F8101F4FF42151BA
:10656000FBF76CFFAD466FF015042046BD46BDE855
:10657000F08744EA060515F0030511D01F480368AB
:106580005A07F0D06D468AB06A461F4B53611D4BC7
:106590001462C2E90636052342F8103F0023DDE706
:1065A000002CE2D01948DFF868A04FF0FF324FF01E
:1065B000FF3304F017FC6319032BA6EB050909D878
:1065C000144AD2F80034DB07FBD500240F4804F04E
:1065D000D5FBCAE7FFF702FF60B9A8EB0503484601
:1065E000196802F0C9FD9AF800300BB1FFF7E0FE20
:1065F000043DE0E76FF08B04E8E700BF7C04002077
:10660000B033010025340100F4330100C42300201D
:106610009937002000E00140F0B544681646A068B4
:10662000227C01F01F0587B045EA421500286DD095
:10663000B6F5001F04D1294609F0BBFC002056E046
:106640006268607CC2F8240501AA0020B6F5800FBC
:106650000190506037D1B3F1007F14BF05230423AC
:106660008DF804300023CDE904230393E36823FA73
:1066700001F111F001010DF103073AD1B6F1A07F4C
:1066800037D105F01F036A0903F5E07326D0012A0C
:106690003FD1214A52F82330DB072AD4A0683A467A
:1066A000294609F0FCFB16301BD00297A06803AA0C
:1066B000294609F0C0FA002819DBA0680122294602
:1066C00009F024FCBAE7B3F1C06F05D0B3F1007F45
:1066D00014BF01230223C3E70323C1E74FF0A04205
:1066E000D8E7A068394602F02BFC0028DDDA07B0B5
:1066F000F0BDA0683A46294609F0D1FB0028D5D163
:106700009DF80310A06802F015FCCFE76FF085003C
:10671000EDE751F82330FFDE00030050420970B569
:10672000034602D0012A17D070BD0D4E3269516860
:106730000029F9D003F01F0301250C689D400029B2
:10674000F2D08A682A4002D04B68304698472CB174
:10675000236821461C46F2E7024EE7E72346F8E7A6
:10676000E0100100C410010038B54568A86890B178
:1067700009F0C4FB014670B9A86809F0A3FB044600
:1067800058B902460649A86809F086FB2246052149
:106790000620FEF7BBF9002038BD6FF00400FBE7D0
:1067A0001D6700002DE9F043476840F20636D00629
:1067B0003B7C87B002EA060654BFC2F3401C4FF090
:1067C000030C01F01F05B6F5837F144645EA431517
:1067D0008DF803C045D00DD8062E16D005D8A6B129
:1067E000022E40D06FF0150038E0B6F5807FF9D169
:1067F00001260AE040F20222964236D0B6F5407FEA
:1068000035D0B6F5007FEDD102260123220303FA2D
:1068100001F12ED57B68C3F80815B86890BB05F068
:106820001F036D092BD0012D75D13D4A02EB830268
:1068300084F48033D2F80017C3F30043C4F3404418
:1068400044EA430421F4E16144EA8C0421F00701A5
:1068500044EA06230B43C2F80037002007B0BDE826
:10686000F0830726D1E70426CFE70526CDE70326E8
:10687000CBE7630344BF7B68C3F80C15CDE74FF04B
:10688000A042D3E70DF10202294609F008FB14F4F7
:10689000403F80460CD1B868294609F035FBB8F175
:1068A000000FDAD19DF80210B86802F043FBD4E77C
:1068B0004FF0000901ABCDE90199CDE90439CDF8DC
:1068C0000C90B86803AA294609F0B5F94845C4DB1D
:1068D00014F4003314D084F480349DF803308DF820
:1068E0000E30C4F300448DF80C608DF80D40B8688C
:1068F0004B4603AA294609F056FA0028CFDAACE73E
:10690000CDE904330DF103030393B86803AA2946C4
:1069100009F091F9F1E703F5E07350F82330FFDE59
:1069200000030050B0B5416803460A6900AF044651
:10693000006909F0B9FC0546C0B10E4803685B0761
:1069400014D023686C468AB06A460B4951610B49E2
:10695000C2E9061340F201331384094B42F8103F99
:1069600000234FF41151FBF769FDA5462846BD46AB
:10697000B0BD00BF84040020482E01001435010082
:106980000400000198B511F00103026900AF18D1AD
:10699000C1F34200012817D002281ED01148026816
:1069A00052070ED06C4688B06A460F4951610F49B4
:1069B0009161032142F8101F4FF4C251FBF73EFDD5
:1069C000A5466FF0150006E013684FF0CC70C3F8D1
:1069D000240511640020BD4698BD13684FF0CD60BA
:1069E000F5E700BF84040020A3340100FD3401005A
:1069F0002DE9F04387B000AF0C46D0F8108097F82F
:106A00003C90154600211222B81D1E460AF00FFACE
:106A10003A8F7A7104F0010314F008023B71BE60F2
:106A20003D611AD0144803685C0705D16FF08500FA
:106A30001C37BD46BDE8F0836C4688B06A460F4BF4
:106A400053610F4B9361032342F8103F00234FF42F
:106A5000C251FBF7F3FCA546E8E7A10705D4B9F15D
:106A6000000F07D1002BE1D12022391D404603F051
:106A700079FCDDE74022F8E784040020B934010006
:106A8000E3340100036803F01F025B09026004D0D5
:106A9000012B034818BF002070474FF0A0407047FB
:106AA000000300502DE9F04FDFF87081DFF870919E
:106AB00085B09246834600EB810140F2FF175945AD
:106AC00003D1002005B0BDE8F08FDBF8003058049A
:106AD000C3F3C322C3F3080400F19980BC4218F841
:106AE00002604FEA136312D0192B1DD94E2B40F0D0
:106AF0009180CAF8144503A80394FFF7C3FF039BD2
:106B0000012505FA03F3C0F808352A4643E0192B9E
:106B100008D94E2B7ED14FF0FF33CAF814350BF154
:106B2000040BCCE74FF0FF34032B73D9043B152B38
:106B300070D8DFE803F00B11216F6F6F6F27546F70
:106B40006F6F6F6F6F6F6F6F57636669631CCAF803
:106B50000845E4D0002504E0651CCAF80C45DED0E9
:106B6000012503A80394FFF78DFF039B012202FA7E
:106B700003F3C0F80C350EE0CAF81045631CCED004
:106B80000025C2E7CAF80845002EF7D1601CC6D020
:106B900000252A460626DBF80030019303F4004066
:106BA000002818BF002203A8009218BF01250394F3
:106BB000FFF768FF039C019B009A00EB8400C3F37E
:106BC000412CD0F80047330243EA8C03134304EA14
:106BD0000904234343EA4503C0F800379FE7CAF896
:106BE0000C45D1E7CAF86045621CDBF8003096D04E
:106BF000C3F30043002B7FF47EAFB1E7CAF86445CE
:106C0000F2E7CAF86845EFE7CAF86C45ECE76FF0C1
:106C1000150057E76FF0850054E700BF26350100E7
:106C2000F0F8FCFF2DE9F0474568D0F8108001210D
:106C300000AF0646686B08F07DFCE96B481C35D058
:106C4000A86B08F055FD10F1130F044618D1424807
:106C500003685A070ED06C4688B06A463F4B5361B2
:106C60003F4B9361032342F8103F4FF4C25108F0A9
:106C70005EFCA5466FF012042046BD46BDE8F087D5
:106C8000431D13D1344803685D07F5D06D4688B0C5
:106C90006A46344B5361324B9361032342F8103FF1
:106CA0004FF4C25108F043FCAD46E5E7EB6A984764
:106CB000D8F830504FF00109D8E90C3203EBC20389
:106CC0009D420AD308F1280008F077FC7368002180
:106CD000586B08F02FFC0024CEE7286809F010FC60
:106CE000C0B91D4803685907C4D02B686C468AB0E8
:106CF00019682B796A461C4D556113621B4D40F291
:106D0000013393841A4BC2E9065142F8103F4FF405
:106D10003151ACE728682979EB88D0F810C0D0F859
:106D200008A0DCF80040DA0754BF43F4B01383F442
:106D3000D01323F4801209FA01FEDB074CBF4EEAA0
:106D4000040424EA0E04CCF80040DAF80030984736
:106D5000041E91DB0835AFE7A80400202E350100A2
:106D6000353701005D3501007E350100183701001F
:106D700005000001B0B5027800AF034642B90C69C6
:106D8000D4F8802032B9E06F6FF0730108F03EFC58
:106D9000BD46B0BD606F48B1A16F39B1DB682BB1A2
:106DA000834203D0D4F88C100AF019F8236FD4F87A
:106DB0008020A3B19A422FD9304803685A070ED0D9
:106DC0006D4688B06A462E4B53612E4B9361032368
:106DD00042F8103F4FF4C25108F0A9FBAD46A36F33
:106DE000D4F88020A3B19A422FD9244803685B07C6
:106DF0000ED06D4688B06A46214B5361224B936199
:106E0000032342F8103F4FF4C25108F090FBAD4607
:106E1000E06F08F00DFCBBE79B1A23677BB9E36DBD
:106E20000833E365236E013B236604F1700204F12D
:106E3000600104F15C0008F067FBE066CFE7E36EF9
:106E4000002BCCD01344E366C9E79B1AA3677BB938
:106E5000636E08336366A36E013BA36604F1780298
:106E600004F1680104F1640008F04EFB6067CFE7AD
:106E7000636F002BCCD013446367C9E7A8040020DC
:106E8000A635010079370100633701002DE9F04F85
:106E90008FB000AF9A464368FB608B8804698946CF
:106EA00099040646934640D44FF0FF324FF0FF332B
:106EB00004F1380003F096FFC4F82C907568D6F8FA
:106EC00010802B687B6098F8853023B1D8F8283083
:106ED000994500F05481B9F804E01EF4006F2BD0FE
:106EE0008A4803685A070ED06D4688B06A46884BB8
:106EF0005361884B9361032342F8103F4FF4C25112
:106F000008F015FBAD466FF08505A36A13B19B88A9
:106F10009B0405D40023E36204F1380003F02EFF44
:106F200028463C37BD46BDE8F08F236C002BBBD113
:106F3000E36A9945B8D1C1E71EF0010F1BD0734831
:106F400003685B0702D16FF01505DEE76D468AB076
:106F500033686A46704951616E49C2E9061340F2CE
:106F6000013313846D4B42F8103F4FF4115108F078
:106F7000DEFAAD46E7E71EF0080F10D0634803685D
:106F80005E07E0D06D4688B06A46654B5361614B41
:106F90009361032342F8103F4FF4C251E7E7CEF369
:106FA0004513082B08D0594803685D07CBD06D46C0
:106FB00088B06A465B4BE9E7D9F80030BB60BA6835
:106FC000594B9A4208D8514803685907BBD06D46BF
:106FD00088B06A46554BD9E704350FCD07F1100C40
:106FE000ACE80F000FCDACE80F00D7E901239A42BF
:106FF00028BF1A4695E803004D4B9A428CE80300DF
:1070000017D24C4B9A4214D24B4B9A4211D24B4B53
:107010009A4260D84A4B9A425FD84A4B9A425ED80D
:10702000494B9A425DD84948494B4A49824288BFF8
:107030000B461EF0020F7B620EF0040353D0002BB0
:1070400014BF0323022387F82830CEF3001387F8F8
:107050002930D8F80030D3F808355A1C13D01EF068
:10706000020F03F01F00CEF340014FEA53134FF01D
:1070700001023FD1002B3AD0934240F04981364B78
:107080008240C3F80C2598F885302BB1404602F0B9
:10709000F5FE002388F88530304A334607F11001A9
:1070A000404609F031F8051E64DA184803685E07A7
:1070B0003FF42BAF6E4688B06A46294B5361154B9F
:1070C000C2E90635042342F8103F4FF4015108F09D
:1070D0002EFAB54619E7234BABE7234BA9E7234B21
:1070E000A7E7234BA5E7003B18BF0123ABE74FF011
:1070F000A043C5E73BB1012B40F00D81164B824008
:10710000C3F80825BFE74FF0A043F8E7A804002024
:10711000C83501008F370100E63501000400000189
:107120000C3601002F36010047E8010062360100ED
:107130000048E8010024F40000127A00FF083D0036
:107140007F841E003F420F001FA107008FD0030065
:1071500048E8010090D0030000030050756D000066
:107160009736010000093D0080841E0040420F0058
:1071700020A10700012388F88530C8F82890012352
:1071800084F88430FB68D96B481C18D0986B08F0E1
:10719000D7FA743013D16248036813F0060F0ED08B
:1071A0006D4688B06A465F4B53615F4B9361032322
:1071B00042F8103F4FF4C45108F0B9F9AD46BBF1A5
:1071C000000F7AD1C4F85CB00023236604F170028A
:1071D00004F1600104F15C0008F096F9E066BAF190
:1071E000000F72D1C4F864A00023A36604F17802F2
:1071F00004F1680104F1640008F086F9002504F147
:1072000028082A46606701214046A56508F0B5F9BF
:10721000304608F00DFA206E2A462B4683425CD198
:107220000023A56E1946A9425ED19A4238BF1A467C
:107230004FF4FA5303FB02F5A36A4FF4004C1B68AA
:10724000B5FBF3F540F2E730C83500214FF47A7210
:107250000023E5FB0C01F9F749FC04F1480802465C
:107260000B46404603F0BEFD0246002843D02C48A2
:1072700003685A070ED06D4688B06A462B4B53619F
:107280002B4B9361032342F8103F4FF4C25108F097
:107290004EF9AD4600252046C4F8805002F0EEFDC0
:1072A00084F885506FF07301304608F0AFF940461E
:1072B00003F0BEFD6FF0730527E6DBF80030E365F1
:1072C000002B81D0DBF804307FE7DAF8003063660A
:1072D000002B89D0DAF8043087E7E16D01EBC301B8
:1072E000013349680A4499E7606E00EBC10001313F
:1072F0004068034497E7A56D15F1740FCAD0002DBF
:107300003FF403AE30691146283008F036F9FCE549
:10731000C1F80C15FFDE0023C3F80835FAE700BFFB
:10732000A8040020C036010099370100EE360100A4
:107330004337010000F01F0240090DD001280ED193
:107340000A4B03EB82030A4AD3F80007024042EAE1
:107350008102C3F8002770474FF0A043F1E702F520
:10736000E072002353F82230FFDE00BF000300501C
:10737000F0F8FCFF70B5012383400E4ABFF35B8F2A
:10738000DC4352E8001F01EA040542E80056002EE3
:10739000F7D1BFF35B8F4FF4803282400648C0F8CC
:1073A0000823BFF35F8FBFF36F8F0B4214BF012021
:1073B000002070BDF02300200010014070B40E4981
:1073C000D1E90034D01AC31844F1000422F07F46FA
:1073D000C1E90034A6F50013B3F5400F09D2074BFD
:1073E0001B681A0A1B069C19054B42F10005C3E9EC
:1073F000004570BC04F062BDF0170020F4230020AB
:10740000F817002011B3BFF35B8F0123104A8340AC
:1074100052E800CF4CEA030C42E800C10029F7D142
:10742000BFF35B8F0B4A4FF480338340C2F80433C1
:10743000094BBFF35B8F1B68BFF35B8FC340DB0758
:1074400042BF064B4FF40032C3F80021704700BF23
:10745000F023002000100140EC23002000E100E0B8
:107460000D4B1868010A0006BFF35F8F0B4BD3F872
:107470000435181841F10001B3F5801F0AD2084BFA
:10748000D3E90023904271EB030303D210F1807023
:1074900041F10001704700BFF423002000100140BB
:1074A000F81700202DE9F04F85B016461F469DF8CD
:1074B00040A00446FFF75EFF0190FFF7D1FFB04206
:1074C00071EB070354D23E4B301A67EB010198422F
:1074D00071F100014FD23B4B03EB0413D3E90223BC
:1074E0009F4208BF96425ED037494FF4803804F17E
:1074F000500508FA04F8AD00C1F848832046ADB243
:1075000008F046F926F07F4B05F1804504F5A87395
:1075100005F58835DC464FF003090293029A2CF0FA
:107520007F4341F82230C1F84483D1F80435274A1B
:107530006FF00200C01A604420F07F40904232D9C0
:10754000286868B1D1F804350393A3EB0B0020F051
:107550007F40B0F5000F26D9204608F019F9039BAB
:10756000BAF1000F07D109EB030C09F10109D5E7C6
:10757000BAF1000F09D06FF0150520460199FFF709
:1075800041FF284605B0BDE8F08F0123104ABFF344
:107590005B8FA34052E8000F184342E80001002926
:1075A000F8D1BFF35B8F07490E98230101EB04125A
:1075B000C8500F9B5360C2E902670025DDE700BF9A
:1075C00001008000E017002000100140FDFF7F0057
:1075D000EC2300207FB51C4C1C4BC4F80833C4F8C6
:1075E00048331B4B00254FF0FF304FF0FF31C4F8FC
:1075F0000855C3E902014FF48033C4F80433154B36
:1076000002264FF400320121C4F804631120C3F8AC
:1076100080212A46FDF77AFA1120FDF747FA0E4A33
:107620000123A360236013600C4B0D4A0093CDE946
:10763000015500232846FFF735FF3046FEF7C6FD0B
:10764000284604B070BD00BF0010014003000F00C9
:10765000E017002000E100E0F0230020BD730000EF
:10766000FFFF7F002DE9F7432F4CD4F8043399072F
:107670000BD5D4F8043143B12C4A0023C4F80431AB
:10768000D4F80431136801331360D4F80433DA03F7
:1076900029D5BFF35B8F264B53E8002F22F0010161
:1076A00043E800100028F7D1BFF35B8FD30702D463
:1076B000D4F84031BBB10025C4F84051D4F8403172
:1076C000FFF7CEFEEFF31182202383F31288BFF37E
:1076D0006F8F184BD3E90267B042B94106D282F3EB
:1076E0001188BFF36F8F03B0BDE8F0834FF0FF3810
:1076F0004FF0FF39C3E90289D3E900101D604FF450
:107700008033C4F84833C4F84051D4F8403182F390
:107710001188BFF36F8F0029E5D0009032463B46B9
:1077200028468847DFE700BF00100140F42300200F
:10773000EC230020E017002030B5431C124C85B02C
:1077400005D08442A8BF0446012CB8BF0124FFF72E
:1077500087FE0E4B0C4DD3E90013401AB0F5000F15
:1077600010D22218AA4228BF2A4652184FF0000011
:1077700007490091CDE9010043F10003FFF792FEB4
:1077800005B030BD2A46F0E7FFFF7F00F01700206C
:10779000BD73000008B5FFF763FE024B1B68C01AFB
:1077A00008BD00BFF017002010B5084C012363602E
:1077B0001120FDF789F9064BC4F80833C4F84833A3
:1077C000044B4FF40032C3F8802110BD001001407B
:1077D00003000F0000E100E0F0B587B0436800AFA0
:1077E0000546F971186808F08BFE2A4CC0B9236869
:1077F00059070FD06D4688B06A46274B5361274B17
:107800009361032342F8103F4FF4C251204607F022
:10781000D1FFAD466FF0150528461C37BD46F0BDBB
:107820006B68FA1D1868FA60022101229B883A6190
:107830003975397D856841F002013975AD6807F108
:107840000C01A8472368054698B15A07E4D06E4654
:1078500088B06A46124B5361104BC2E906300423CC
:1078600042F8103F4FF40151204607F0A3FFB54600
:10787000D2E75B07D0D56E4688B0FB796A460949E6
:1078800051610649C2E90613042342F8103F4FF440
:107890000451E9E75C040020FB320100B23A010028
:1078A000BF370100E23701002DE9F04F85B0CB680A
:1078B000032B02AF05460E4640F2428108F04AFF14
:1078C000002840F0408128694FF0FF324FF0FF332D
:1078D00003F088FA08212846FFF77EFF9B4C82467A
:1078E000C0B12268530710D06E4688B002AA9849EA
:1078F00051619849C2E90610042142F8101F204640
:107900004FF4015107F056FFB54602212846FFF714
:1079100063FF0DE1DFF840B24FF064086B68186850
:1079200008F0EEFD50BB23685E0700F083806E46D2
:1079300088B002AA894B5361874B9361032342F8B5
:10794000103F82484FF4C25107F034FF6FF0150A20
:10795000B54622685207D8D06C4688B002AA804942
:1079600051617C497948C2E9061A042142F8101F86
:107970004FF4015107F01EFFA546C6E76B684FF0B4
:1079800028091868998887F80490012300933A1D04
:10799000FB1C07F012FF8246A0B122685007B4D04A
:1079A0006E4688B002AA6F4951616B496748C2E9C7
:1079B000061A042142F8101F4FF4015107F0FAFE95
:1079C000B546C6E72368590711D5EA468AB0FB7861
:1079D00002AA6549C2E907930523C2E9051B2046AF
:1079E00042F8103F4FF4245107F0E4FED54697F9D2
:1079F0000330002B21DBB8F1010815D123685B07A8
:107A00000FD06C4688B002AA584B5361514B93611A
:107A1000032342F8103F4D484FF4C25107F0CAFE0D
:107A2000A5466FF0040A70E700214FF4A47008F037
:107A300041FF73E76FF0150A67E76B68186808F095
:107A40005FFDE8B923685E070FD06E4688B002AAD2
:107A5000424B5361464B9361032342F8103F3B482E
:107A60004FF4C25107F0A6FEB5466FF0150A226822
:107A700052073FF44AAF6C4688B002AA3D496FE70F
:107A800068681023FB7003238188009300683B1D06
:107A9000FA1C07F092FE8246A0B122685007E6D099
:107AA0006E4688B002AA3449516131492748C2E97B
:107AB000061A042142F8101F4FF4015107F07AFE14
:107AC000B546D4E72368590718D5E8468AB038790F
:107AD0007979BB7902AADFF8A4C0C2F814C0DFF834
:107AE00090C0C2E908130623C2E906C04FF444510E
:107AF00042F8103F154807F05DFEC54602212846B2
:107B0000FFF76AFE824640B1226853073FF4FDAE9C
:107B10006C4688B002AA1A4922E77A793879B168A6
:107B2000120242EA0042B879024342F317020A60A5
:107B3000286903F023F950460C37BD46BDE8F08FA5
:107B40006FF01B0AF7E76FF00A0AF4E75C04002005
:107B5000F6370100993A0100903A0100FB3201002A
:107B6000743801002638010051380100A2380100A4
:107B7000863A01000A390100C9380100F1380100D4
:107B80002A3901002DE9F043344D85B02B680C46AD
:107B9000590700AF8046164611D5E9468AB06A46B5
:107BA0002F4B53612F4B1662C2E90634052342F86E
:107BB000103F4FF42451284607F0FCFDCD46D8F87D
:107BC0000430186808F09CFCC8B92B685A070FD01D
:107BD0006C4688B06A46244B5361224B9361032361
:107BE00042F8103F1D484FF4C25107F0E3FDA5468F
:107BF0006FF0150420461437BD46BDE8F083D8F871
:107C000004307E70A400022244F0400418683C70E6
:107C10009B887F60BA603A733A7B816842F00202C7
:107C20003A738C680122391DA04704460028E1D030
:107C30002B685B07DED06D4688B06A460B4B5361FC
:107C4000084BC2E90630042342F8103F03484FF4C2
:107C5000015107F0AFFDAD46CCE700BF5C0400204A
:107C600051380100A83A0100FB32010059390100E6
:107C7000F8B5554E336803F00703022B00AF0546F5
:107C80000FD96C4688B06A46504B5361504B936194
:107C9000032342F8103F4FF4C651304607F08AFDE7
:107CA000A54606212846FFF797FD0446B0B1336884
:107CB0005D0710D06D4688B06A46464B5361444B11
:107CC0004148C2E90634042342F8103F4FF4015101
:107CD00007F070FDAD462046BD46F8BD2B6918740F
:107CE0002A696B689968137C43EA410313742A6913
:107CF0006B68D968137C43EA011313742B695874B9
:107D00002A696B681969537C43EA410353742B69F0
:107D100098742A696B68917C5B690B4393742B6937
:107D2000D8742A696B689969D37C43EA4113D37488
:107D30002A696B68D969D37C43EA8103D3742B69C0
:107D400001461A7C2846FFF71DFF044638B1336808
:107D50005807C0D06D4688B06A461F4BAEE72B6906
:107D600001215A7C2846FFF70DFF044638B13368DD
:107D70005907B0D06D4688B06A46184B9EE72B690C
:107D800002219A7C2846FFF7FDFE044638B133688D
:107D90005A07A0D06D4688B06A46114B8EE72B6912
:107DA0000321DA7C2846FFF7EDFE044638B133683C
:107DB0005B0790D06D4688B06A460A4B7EE728691B
:107DC00002F0DCFF87E700BF5C040020853901007A
:107DD000BB3A01009F390100CA390100F93901009D
:107DE000283A0100573A010000487047E81B01009B
:107DF00090B587B000AFFB1DF971BB60144601233D
:107E000007F1080207F11001C7E90423FB6007F03E
:107E1000FFFC0346C8B10F480268520712D06C46F7
:107E20008AB06A460C4951610C49C2E9061340F216
:107E300006231362052342F8103F4FF4215107F047
:107E4000E4FCA5461C37BD4690BD204608F03CFB2F
:107E5000F8E700BF70040020023B0100483C01002D
:107E6000F0B50C1E8DB0054600AF4DDB4668B16A1B
:107E700004EB030C614547D30121C7E90A234FEA0C
:107E8000244C07F1080364BAC7E90431FC8007F108
:107E900020033C1D87F805C0BC604FF0000C042493
:107EA000BB6102233971C7E908C4FC60FB6107F0BC
:107EB000B6FC314651F8040B07F1180307F1100224
:107EC00007F097FC0446286907F0C4FCC4B11048C9
:107ED00003685B0712D06D468AB06A460D4B53614A
:107EE0000D4BC2E9063440F21D131362052342F81C
:107EF000103F4FF4215107F088FCAD466FF00404A9
:107F000020463437BD46F0BD6FF01204F8E700BFDD
:107F100070040020023B0100B53B010090B58DB01C
:107F200000AFD723FB71FB1DBB60B962012307F1D2
:107F30000801C7E9041300220146C7E90823FB60D2
:107F4000022207F12003C7E9063251F8040BFA6256
:107F500007F1180307F1100207F04BFCC0B10E4BFC
:107F60001A68520712D06C468AB06A460B495161B2
:107F70000B49C2E90610C0211162052142F8101F09
:107F800018464FF4215107F040FCA5466FF004005D
:107F90003437BD4690BD00BF70040020023B010095
:107FA000103C01002DE9F04F8FB006694568744917
:107FB000706400AF044606F1100008F0ACFB00232B
:107FC00086F84030286808F09BFAF8B96D480368D5
:107FD000590714D02B686C468AB01B686A466A49F8
:107FE00051616A49C2E9061340F201331384684BB8
:107FF00042F8103F4FF4115107F007FCA5466FF00F
:10800000120528463C37BD46BDE8F08F2B7E23B1D4
:10801000E86808F075FA0028D8D0204607F0FFFB82
:10802000AA8F6068AB21FFF7E3FE656805F13F03A7
:108030007B609F23FB7207F10B0301263B6107F175
:1080400010090023C7E90A36C7E9069607F10C0AAA
:108050004FF0030B07F12808022329467E61C7F879
:1080600030A0C7F834B0C7F820807B6251F8040B09
:1080700007F1200307F1180207F0BBFB0346C0B16C
:1080800040480268520711D06D468AB06A4641499D
:1080900051614149C2E9061396231362052342F850
:1080A000103F4FF4215107F0B0FBAD466FF00405CF
:1080B0000CE05A46514605F13F0008F047FD70B309
:1080C000304803685E0705D16FF01205206907F09C
:1080D000C1FB96E795F83F6095F8401095F8413060
:1080E00097F80C8097F80DE097F80EC06D468EB0AB
:1080F0006A46DFF8A890C2F81490DFF89C901363EA
:108100000923C2E90A61C2E90698C2E908EC44F60B
:10811000400142F8103F07F078FBAD46D4E7204B12
:10812000BB6107F11803D4F804A03B6204237B620F
:1081300007F12003C7E90A3649465046FFF7EEFE2D
:1081400005460028C2D13B8AD907BFD441465046D4
:1081500007F05EFB034668B10A4802685207A5D0E3
:108160006D468AB06A460B4951610E49C2E9061351
:10817000EE2392E7204607F094FB0028A6D095E76F
:108180006FF80000700400202E3B0100563C0100F7
:1081900004000001023B0100393C0100473B0100A3
:1081A0003D2A80A6253C010090B587B000AF13148E
:1081B0007B713B1DBB600423FB6007F10803397131
:1081C00052BA3B610446012340687B6107F110010C
:1081D000FA8007F01DFB0346D8B111480268520728
:1081E00012D06C468AB06A460E4951610E49C2E906
:1081F000061340F29D131362052342F8103F4FF41B
:10820000215107F002FBA5466FF004001C37BD4664
:1082100090BD204607F045FB0028F7D0F4E700BFEB
:1082200070040020023B0100D73B01002DE9F0471C
:108230000D1E86B0064600AF9046C0F2BB80D0F857
:108240000490AB18D9F828209A42C0F0B380B9F84E
:10825000363095FBF3F203FB1252002A40F0AD805A
:10826000B8FBF3F203FB1283002B40F0A68007F06B
:10827000D6FA99F83830002B5AD1D9F8283043452E
:1082800056D14F4B7B603B1DBB600423FB6007F165
:1082900008033B617068012307F110017B6107F05F
:1082A000B7FA034600B347480268520712D06C463B
:1082B0008AB06A46444951614449C2E906134FF401
:1082C000BF731362052342F8103F4FF4215107F0AA
:1082D0009CFAA5466FF00404306907F0BBFA20460B
:1082E0001837BD46BDE8F087304607F0DAFA044695
:1082F0000028F1D0EEE7D9E90BA32BB1AB421CD893
:10830000554501D2AAEB030A99F83930BBB9D045DB
:1083100015D30AF1FF332B4211D12A467C21304676
:10832000FFF742FF55440446A8EB0A08002CD3D1BE
:10833000B8F1000FDFD14446CEE79A46E4E7B9F83A
:108340003430434502D8013B2B421BD0B9F83630BC
:10835000434523D91B4803685B0710D06C468AB09D
:108360006A461B4B53611B4B1562C2E90638052355
:1083700042F8103F4FF4215107F047FAA5466FF03D
:108380001504A9E72A4650213046FFF70DFFB9F83A
:10839000343004461D44A8EB0308C7E7013B2B42D9
:1083A000D8D12A4681213046FFF7FEFEB9F8363093
:1083B0000446EFE76FF0120491E76FF015048EE7C3
:1083C000C794809A70040020023B0100E83B010042
:1083D000843B0100FB3B01002DE9F04FB1F1000AA5
:1083E00089B0054600AF16461C465FDBD0F8048016
:1083F0000AEB0301D8F828308B4257D307F00FFA65
:108400004FF05809002C3FD0B8F83610686887F84C
:1084100004904B4203EA0A030B44A3EB0A034FEA1E
:108420002A41A34279719AFA9AF128BF2346F9802A
:1084300007F110019B46B9603B1D02213B61F960C9
:10844000042307F10801C7E90536C7F81CB007F097
:10845000DFF9014600B3174803685B0712D06C468A
:108460008AB06A46144B5361144BC2E9063140F29C
:1084700039131362052342F8103F4FF4215107F0DE
:10848000C4F9A5466FF00404286907F0E3F9204613
:108490002437BD46BDE8F08F284607F002FA0028D1
:1084A000F0D15E44DA44A4EB0B04ABE76FF01204A6
:1084B000EDE700BF70040020023B0100C93B010052
:1084C000B0B500AF51B1012930D0244803685A0734
:1084D0002FD16FF015042046BD46B0BD4368083368
:1084E00018681B790121994003691B68194218BF5C
:1084F00082F0010272B38368DB6898470446002863
:10850000E9D0164803685B07E5D06D4688B06A4637
:10851000134B5361134BC2E90634042342F8103F56
:108520004FF4015107F0CBF9AD46D4E7436810335F
:10853000D6E76C4688B06A460B4B5361094BC2E9DB
:108540000631042342F8103F4FF4015107F0B7F908
:10855000A546BEE783681B69CFE700BF740400200F
:10856000A23C01001B3E01008A3C0100F0B587B02F
:10857000154600AF59B1012933D0244803685A0782
:1085800032D16FF0150420461C37BD46F0BD43685C
:108590001C6814220021381D08F049FC0123C7E99A
:1085A0000235042518233D613B75A36820465B68AE
:1085B0007919984704460028E5D0144803685B07FA
:1085C000E1D06E4688B06A46114B5361114B4FF4AF
:1085D0000151C2E9063442F8105F07F070F9B54660
:1085E000D1E743685C68D4E76C4688B06A460A4BBA
:1085F0005361084BC2E90631042342F8103F4FF49F
:10860000015107F05CF9A546BBE700BF74040020E8
:10861000C83C01002D3E01008A3C0100F0B55A4DD6
:1086200083B02B6803F00703022B00AF06460FD977
:108630006C4688B06A46554B5361554B9361032392
:1086400042F8103F4FF4C651284607F038F9A546C6
:1086500073681A6832B95A6822B9002420460C3768
:10866000BD46F0BD986807F04BFFA8B92B685907C5
:108670000FD06C4688B06A46464B5361444B9361B9
:10868000032342F8103F40484FF4C25107F017F956
:10869000A5466FF01504E1E77368186907F030FF2D
:1086A00038B92B685A07F4D06C4688B06A463A4B02
:1086B000E3E77368186807F023FF38B92B685B0796
:1086C000E7D06C4688B06A46344BD6E77368586882
:1086D00007F016FF38B92B685E07DAD06C4688B011
:1086E0006A462F4BC9E77068083007F0EBF804467C
:1086F000A0B12B685D07B1D06D4688B06A46294BA2
:108700005361234B2048C2E90634042342F8103F4A
:108710004FF4015107F0D3F8AD469FE77068103071
:1087200007F0D0F8044638B12B68580796D06D464C
:1087300088B06A461C4BE3E740F209412123C7E9B0
:10874000001373681868836839461B6898470446A5
:1087500038B12B685A0781D06D4688B06A46134BF2
:10876000CEE773685868836839461B6898470446A3
:1087700000283FF472AF2B685B073FF46FAF6D4684
:1087800088B06A460A4BBBE77404002085390100B3
:108790003D3E0100E73C0100033D01001F3D01009B
:1087A0003B3D0100573D01008A3D0100BD3D0100F8
:1087B000EC3D0100012910B5044609D9526806496B
:1087C00006F0D4F8204606F0DFF86FF0150010BD73
:1087D00006F0DAF80020FAE7193F01002DE9F0472A
:1087E00082B0D2F8048000AF04468A4640464D4924
:1087F0001646F8F795F90546F0B14B494046F8F7AB
:108800008FF9C0B149494046F8F78AF918B3484989
:108810004046F8F785F900B346494246204606F03F
:10882000A5F8204606F0B0F86FF015084046083766
:10883000BD46BDE8F0870125D6F808803E49404690
:10884000F8F76EF958B13D494046F8F769F9C8B1F3
:108850003B494246E2E70225EEE70325ECE7814685
:10886000BAF1040F1AD1F0680A22002103F0D8FEF1
:10887000431EB3F5616F064607D33249204606F022
:1088800075F8D1E74FF00109EAE700280ADC2E4924
:10889000204606F04FF84FF00008C7E701264FF0DA
:1088A000000A1DE00128FAD04FF0000A11E07868B4
:1088B000F7F78AFD0AF1010A02460B4620462349D2
:1088C00006F038F8B245E2DA4FF40040002107F034
:1088D000F1FF1F4933460AF10102204606F02AF84B
:1088E0003A1D49462846F8F707FB80460028DED0A7
:1088F000184803685B0710D06D4688B06A46164B6F
:108900005361164BC2E90638042342F8103F002396
:108910004FF40151F9F792FDAD461149204606F09A
:1089200025F883E7303F0100333F0100363F010067
:10893000393F01003C3F0100513F0100573F01001A
:108940005E3F0100703F0100BD3F0100A23F0100FA
:108950007F3F01006C040020251E0100D03F010074
:10896000923F0100BFF34F8F0549064BCA6802F4DE
:10897000E0621343CB60BFF34F8F00BFFDE700BF42
:1089800000ED00E00400FA054FF08053D3F83021E9
:10899000082A06D1D3F83431052B02D8024AD05C1C
:1089A00070470020704700BF64400100024AD2F8BF
:1089B0000034002BFBD0704700E0014010B54FF0B1
:1089C0008053D3F83021082A4ED14FF08042002145
:1089D000C2F80C11C2F81011C2F8381502F5404265
:1089E000D3F80414C2F82015D3F80814C2F82415DB
:1089F000D3F80C14C2F82815D3F81014C2F82C15AB
:108A0000D3F81414C2F83015D3F81814C2F834157A
:108A1000D3F81C14C2F84015D3F82014C2F844153A
:108A2000D3F82414C2F84815D3F82814C2F84C150A
:108A3000D3F82C14C2F85015D3F83014C2F85415DA
:108A4000D3F83414C2F86015D3F83814C2F864159A
:108A5000D3F83C14C2F86815D3F84014C2F86C156A
:108A6000D3F84434C2F87035FFF78EFF18B13F4B8E
:108A70003F4AC3F88C26FFF787FF18B13D4BFB2216
:108A8000C3F81825FFF780FF70B14FF080414FF019
:108A90008053D1F8E42ED3F8583222F00F0203F0BD
:108AA0000F031343C1F8E43EFFF76EFF20B1324BD2
:108AB0004FF40072C3F840264FF08053D3F83031A2
:108AC000082B1AD14FF08043D3F80024D20744BFBB
:108AD0006FF00102C3F800244FF08053D3F8343113
:108AE000052B02D8254AD35C3BB14FF01023D3F8B5
:108AF00008224FF08043C3F858254FF01021D1F8D9
:108B00000C32DB0714D51E480123C0F80435FFF7EB
:108B10004DFFD1F80C3223F00103C1F80C32FFF7FE
:108B200045FF0023C0F80435FFF740FFFFF71AFFA9
:108B3000D1F80032002B03DBD1F80432002B14DA19
:108B40000F4901234FF01020C1F804351224FFF71C
:108B50002DFFC0F80042FFF729FFC0F80442FFF7DD
:108B600025FF0023C1F80435DEE710BD00500040AA
:108B70004881030000F00040009002405E40010088
:108B800000E00140014B00201B681847F82300203B
:108B9000014B1B68184700BFF823002010B50C4C90
:108BA000237993B9012323710A4B2060002818BF51
:108BB000184600F05BF850B923680748002BBDE861
:108BC000104008BF184600F0A1B86FF0770010BD44
:108BD000F8230020858B0000918B000008B5064B20
:108BE0001B683BB10020FBF783FF18B9BDE80840C4
:108BF000FBF75CBF08BD00BFF82300204FF0805397
:108C0000D3F83021082A06D1D3F83431052B02D805
:108C1000024AD05C70470020704700BF6A400100E4
:108C200038B54FF080440123C4F808336360002353
:108C3000C4F80031D4F8003142F21075D4F80C2495
:108C4000D4F80C34D20307D5DB0705D5012006F094
:108C500064FE013DF2D138BDFFF7D0FF0028FAD005
:108C6000014B00225A71F6E70024002010B5084994
:108C70000C794CB9012308600B71FFF7BFFF08B9ED
:108C8000002010BD4C71FBE76FF07700F9E700BFE3
:108C9000002400204FF080430022C3F80021D3F8C5
:108CA0000021094901221A60096811B1C3F804239F
:108CB0007047D3F80021002AFBD00022C3F800211E
:108CC000D3F80031704700BF0024002010B54FF0EA
:108CD0008043D3F80423D20715D5D3F8002192B1ED
:108CE0000022C3F800210121D3F80021C3F80813A2
:108CF000FFF784FF044B10B15A7922B95971BDE8CE
:108D000010401B68184710BD00240020074A137943
:108D100043B90121106011714FF080421846C2F82A
:108D2000183570476FF07700704700BF08240020A7
:108D300010B54FF080431D4CD3F81814D3F8182405
:108D400011F4803F19D002F00302012A03D00AB1C6
:108D500006F039FE00224FF08043C3F818250022A8
:108D6000C3F80421D3F8042101229A60226872B961
:108D7000D3F80421002AFBD011E0D3F81424D10742
:108D8000E8D5D3F81C249207E2D422681AB1022253
:108D9000C3F8042310BDD3F80421002AFBD000221D
:108DA000C3F80421D3F80431F4E700BF08240020FD
:108DB000F8B54FF08043194FD3F80443012504F070
:108DC0001A04002604B9F8BDB4FA84F0C0F11F00FB
:108DD000830003F580739BB203F1804305FA00F230
:108DE000196824EA02040029ECD01E601B684FF0C9
:108DF00080430128C3F808230CD1D3F81824D3F8F2
:108E00001824920706D10222C3F81805C3F80423D8
:108E10009860D7E73B68C0B29847D3E708240020A2
:108E2000036803F01F025B09026004D0012B0348B2
:108E300018BF002070474FF0A0407047000300505B
:108E4000034A430900F01F00D35C1844C0B27047C6
:108E500070400100034611F0010030B5CCB213D1CF
:108E6000A207C4F3400020D5124AD2F8200558606A
:108E70004FF08053C2F82005D3F83031082B15D0BD
:108E8000003818BF012010E04FF0A0414FF080558E
:108E9000D1F820251A60C1F82025D5F83051082DC9
:108EA00008BFD1F82015002ADAD030BDD2F820351D
:108EB000E6E700BF00030050F7B504460846FFF799
:108EC000BFFF06B204EB46060D46B38ADB072BD57F
:108ED000204606F08DFE2946204606F0E7FD58B1F3
:108EE000204606F0F9FD276800B207EB8003002258
:108EF000C3F81025C3F810252946204606F015FEB4
:108F00000021B18201A80195FFF78AFF019B00EBC8
:108F10008300074BD0F80027134043F00203C0F84A
:108F20000037084603B0F0BD6FF01500FAE700BF48
:108F3000F0F8FCFF014806F010BD00BF94030020CC
:108F400010B504480C4606F0EAFC0028A4BF2070C7
:108F5000002010BD940300202DE9F04F804689B019
:108F600058F804ABDAF80413C9B28346082241F07A
:108F70000041504606F014FE051E2BDA00230321A3
:108F800006A8CDE90633FFF765FF644B01930DF1A9
:108F900018090023019A009312F8013B60490192DD
:108FA000DA0803F007038A5C22FA03F3DA071AD41B
:108FB000009B09F10409A3B14FF000410022504683
:108FC00006F0EEFD032106A8FFF744FF0028DCD1E0
:108FD00025F000450124002D40F08A8009B0BDE84D
:108FE000F08F0123D6E7009B4E4A13440293D9F831
:108FF00000100029DCD0029B91FAA1F11C78B1FA93
:1090000081F141EA44142046FFF71AFF0BEB4000C0
:109010000594878AC808BB0819F80020039301F05B
:109020000701012303FA01F122EA010209F80020F5
:1090300005A8FFF7F5FE059A039B02F5E072C7F35A
:10904000820650F822205B073746C2F3014233D52F
:10905000D6B240463A46214606F048FD05A805949A
:10906000FFF7DEFE059B03F5E07350F82330C3F3F2
:1090700001439E4207D10021204606F008FD3146FB
:10908000204606F004FD05A80594FFF7C9FE059BE0
:10909000012202FA03F3C0F820354FF08053D3F8D1
:1090A0003031082B01BFD0F82035D0F82035D0F86A
:1090B0002035D0F820359AE7022A0DD10321204629
:1090C00006F0E5FC06F00503012BDCD13A4621460B
:1090D000404606F00BFDD6E702212046039206F03B
:1090E000D6FC032EF2D0039A032ACCD1022EECE751
:1090F00095FAA5F3B3FA83F304FA03F225EA02051D
:1091000003F5A2720BEB43035AF82220B3F87C104C
:10911000C2F30142404606F0E9FC5CE780400100F2
:10912000541C010080400100044AD2F80034DB07DF
:10913000FBD50160BFF35F8F704700BF00E00140C7
:109140004FF080531A69B0FBF2F302FB13036BB9C3
:10915000084B0222C3F80425C3F80805D3F80024FD
:10916000D207FBD50020C3F8040570476FF00C0050
:10917000704700BF00E0014010B5054C0123C4F862
:109180000435FFF7D1FF0023C4F8043510BD00BF3C
:1091900000E0014080F08003042B04D8054B034419
:1091A00013F8800C704707289ABF034B185C002007
:1091B000704700BF884001008D40010030B50B4B67
:1091C000012493F8305000220823204203D0254286
:1091D00008D00132D2B2013B4FEA4404F5D10A7003
:1091E000184630BD6FF01500FBE700BF10240020CB
:1091F000054B93F82E00431E012B03D9043818BFEA
:1092000001207047002070471024002010B5164A36
:1092100016490020C2F8000591F82F40D2F8043317
:1092200081F82E400C6823F033030CB143F0230384
:10923000C2F81C01D2F81C41C2F81801D2F818413A
:10924000C2F80801D2F8082191F83320D00791F82C
:10925000342048BF43F08003D207034A48BF43F09D
:109260004003C2F8003310BD0070004010240020FD
:1092700070B50D4A002392F8301001251E4618B92A
:109280000BB182F8301070BD90FAA0F3B3FA83F3FB
:1092900005FA03F40C3302EB430320EA0400DE80FA
:1092A00021EA04010123EAE71024002073B500231A
:1092B000044601AA0E464FF48071019306F08BFE1E
:1092C0004FF48A71204606F086FE4FF482710546FF
:1092D000204606F080FE20B11EB115B1144BD3F824
:1092E000343601AA4FF48471204606F074FE4FF420
:1092F0008671204606F06FFE4FF48871204606F016
:109300006AFE0C4B234083B14FF48E75294601AAA7
:10931000204606F060FE291F083589B22046ADB20E
:1093200006F059FEB5F5AE7FF0D1019802B070BDE0
:1093300000700040C0FF3F002DE9F04F9A464FF00B
:10934000805393B0D3F830411C9D082C43D1D3F8FF
:109350003431052B03D8444CE35C002B3BD00DF19A
:10936000080C0AAF414C3E46E046002304EB031EC6
:109370000133DEF8189548F8049B082BDEF81CE54D
:1093800046F804EBF2D1D4F8F065D4F840360193F6
:109390004FF0010E0023D4F84496D4F84886C4F860
:1093A000FC3FC4F8FCEF314C5CF804BB04EB031E3B
:1093B0000133CEF818B557F804BBCEF81CB5082B0E
:1093C000F2D1019BC4F84036F6B2C4F84496C4F812
:1093D0004886C4F8F065264B002483F8334083F8B0
:1093E00034409C601C611D6083F831009C831F4BDE
:1093F000C3F8F015C3F8F4254DB32322C3F80023B6
:109400001B4D1A4E0021012707FA01F303404FEAD2
:1094100001121FD002F1804303F5E043EC7F95F881
:109420001EC0C3F810C5C3F8144553463244013179
:10943000D2F8184524F0807444EA03630829C2F87E
:10944000183505F10205DFD113B0BDE8F08FC3F880
:109450000053D5E702F1804404F5E044C4F8103528
:10946000C4F81435E2E700BF8240010000700040FC
:1094700010240020F8B50446067A4779417AC0796D
:10948000FFF788FE10B96FF01500F8BD214A01F111
:109490000C0502EB4503012F987139D13046FFF7D7
:1094A00079FE0028EFD002EB4505E871E378A0785B
:1094B0001B03000200F4E06003F4805303432078B0
:1094C00000F0030003432079000400F4E02003438C
:1094D0006078000100F030000343A079000600F03E
:1094E000807003436079000500F480100343080195
:1094F00000F1804000F5E040C0F81835012303FA80
:1095000001F192F830300B4382F830300020BCE794
:109510000020C8E71024002070B51F4D95F82E409C
:10952000002C36D10126FF2085F82E60FFF7A0FE23
:109530001A4B1B49C3F80041D3F80021C3F804417A
:10954000D3F80421C3F81041D3F81021C3F8144113
:10955000D3F814311C239A0806FA02F212F0330FE2
:109560001FBF03F1804202F5E242146012681A1F25
:10957000920806FA02F212F0330F1CBF5C505A58E0
:1095800008335C2BE7D10720FBF790FA0020286016
:1095900070BD6FF07700FBE71024002000700040E2
:1095A000FC700040014B93F83000704710240020FD
:1095B0002DE9FF4105460F4616469846FFF718FE6F
:1095C000F8B90DF10F012846FFF7F8FD0446A0B9E0
:1095D0000D4BC3F8F805331E18BF01233246CDF8F2
:1095E000008039462846FFF7A7FE084B9DF80F205C
:1095F00083F83220022283F82E20204604B0BDE8F2
:10960000F0816FF00F04F8E7007000401024002094
:109610002DE9FF4707469946FFF7EAFD8A461446BB
:10962000064600283DD10DF10F013846FFF7C6FD73
:10963000054638BB63889DF80F803BB3B8F1010F36
:1096400032D8B9F1000F2FD02278637812B1B3FA73
:1096500083F67609CDF8009051463846FFF76CFE48
:109660006388134A0BB143F48053C2F8F835114BA9
:1096700083F83280227983F83520042283F836601B
:1096800083F82E20284604B0BDE8F087227863785E
:10969000002ADFD0002BDDD1B8F1010F04D801265C
:1096A000D8E76FF00F05EDE76FF08505EAE700BF3B
:1096B000007000401024002030B51D4A1369044694
:1096C0006BBB00F06043B3F1005F2BD192F83250D6
:1096D000B1FBF5F305FB131038BB0BB2002B24DDF7
:1096E00092F82E30052B06D8032B0BD8022B0ED068
:1096F0006FF0760030BD062BFAD10E4BC3F82C4626
:10970000C3F8301693683BB1C2E90441F2E78D42D9
:109710000BD1C2E90245EDE7C2E90241EAE76FF089
:109720007700E7E76FF00C00E4E76FF00600E1E791
:1097300010240020007000402DE9F341514CA36833
:10974000002B00F09B8094F82E20022A06D0042AD9
:1097500031D06FF0760002B0BDE8F0814A4D0126AD
:10976000C5F800652168E26849B1032184F82E102C
:10977000C5F82C36C5F830262E600020EBE7C5F87A
:109780002C36C5F830262E6006F03CFC08346E609E
:1097900021460220FFF78AFD0028F9D03A4B00222B
:1097A000C3F80821D3F80811C3F80C21D3F80C1121
:1097B000C3F80025E1E7344D4FF00108C5F80085F6
:1097C000276857B1052284F82E20E268C5F82C36A8
:1097D000C5F83026C5F80080CFE7A18B94F8322079
:1097E000019203EB41030093C5F82C36C5F83026EF
:1097F000C5F8008006F006FC94F8363063BB224DB5
:1098000001236B6069460220FFF750FD0028F9D064
:109810000023C5F80831D5F80821C5F80C31D5F872
:109820000C21A18B94F832200A44E16892B28A425A
:10983000A28321BF154AA383D2E90201236124BF79
:10984000C2E900011846104B4FF0000238BF6FF01C
:109850000F00C3F800257EE7D5F8F465F6B208FAE4
:1098600006F6013EBE42CAD9C5F804800021042094
:10987000FFF71CFD0028F9D00137F3E76FF00B006C
:1098800069E700BF10240020007000401824002069
:10989000F8B50246FFF7ACFC002851D12A4E2B4CFC
:1098A00096F82E3086F82F30072386F82E300123C5
:1098B0007260C4F80035D4F80453C4F80003E360C0
:1098C0003AB125F0C00545F03305C4F80053002037
:1098D000F8BD00211020FFF7E9FC0028F9D0002393
:1098E000C4F80431D4F80431194BC4F82C360127DC
:1098F0000223C4F83036276006F084FBA7600021FD
:109900002020FFF7D3FC0028F9D0104B0022C3F829
:109910000421D3F80411C3F80821D3F80811C3F8BF
:10992000002596F82F1086F82E10C3F81C21D3F8C6
:109930001C11C3F81821D3F81821C3F80053C6E747
:109940006FF00F00C4E700BF10240020007000403B
:10995000282400207FB56449634E3320FFF7A6FC1E
:1099600010F0100F05460BD0604B1022C3F80823EF
:10997000B218C3F82C260222C3F8302601221A603E
:109980005B4CAA0694F82E300ED5072B574A05D00B
:10999000D2F834369BB2E36000232361D2F804335B
:1099A000DB0601D5FFF732FCA8071AD594F82E2064
:1099B000A16802910023E1688DF80430062AADF811
:1099C0000C101AD0072A39D0032A0AD1474AC2F804
:1099D0000035C2F80035022384F82E30236801A830
:1099E0009847E90751D594F82E30033B042B4CD807
:1099F000DFE803F05C4B2B43600094F8353023B173
:109A0000236913B1394B01221A60236801A89847D2
:109A1000384B93E8030086E8030000232361A36822
:109A2000002BDED1314AC2F80035C2F800350423DC
:109A300084F82E3005238DF80430CFE7FFF7E6FBDE
:109A400002238DF804306368C9E704238DF80430DD
:109A500001A823689847254BD3F8F825D20444BFC2
:109A600001225A602269062384F82E302AB11F4B46
:109A70006169C3F82C26C3F8301623692BB9032378
:109A80008DF8043001A82368984794F82E30072BEE
:109A90000AD0164B1848D3F8043300211840FFF7BA
:109AA00005FC012685094DB904B070BD0F4B01229C
:109AB0005A60EAE70D4B01229A60E6E795FAA5F3B2
:109AC000B3FA83F306FA03F225EA02055A08DB43E8
:109AD00003F001038DF809308DF8046023688DF8D8
:109AE000082001A89847DEE71824002000700040F5
:109AF0001024002020240020C0FF3F004FF080539E
:109B0000D3F83021082A06D1D3F83431052B04D8F4
:109B1000034AD05C7047002070470120704700BFA7
:109B200095400100036803F01F025B09026004D046
:109B3000012B034818BF002070474FF0A04070472A
:109B40000003005070B54B7F04460D467BB10123E6
:109B50004361642600220221204606F07DFA20B9E6
:109B6000012005F0DAFE013EF4D100236B77AB7FD4
:109B70005B0720D54FF08052D2E94C23082A1BD135
:109B8000052B19D80E4AD35CB3B14FF0FF32002336
:109B9000D4F80805D4F80C15C4F80035C4F8082525
:109BA000C4F80C250922C4F80025C4F80035C4F80F
:109BB0000805C4F80C1570BD0023C4F80035FAE799
:109BC0009B4001000F4B984219D00DD80E4B984284
:109BD00015D007D80D4B984211D00D4BC31A5842DF
:109BE000584170470B4BF9E70B4B984207D004D80C
:109BF0000A4B984203D00A4BF0E70A4BEEE70120EC
:109C0000704700BF80841E0020A1070048E80100C3
:109C100090D0030040420F000024F40000093D00F2
:109C200000127A000048E80137B51446421C054688
:109C300018D0012902D1BBB106F04CFA01A8019558
:109C4000FFF770FF019B0A4A00EB8300A300D0F8E6
:109C5000005743EA41030B432A40134343F4407344
:109C6000C0F8003703B030BD06F041FAE6E700BFA8
:109C7000F0F8FCFF2DE9F84F91F8213007460C462B
:109C8000002B00F0968091F822806569674B9D4219
:109C900000F0A88000F29880654B9D4200F0A580FE
:109CA00000F28A80634B9D4200F0A280624B9D428D
:109CB0000CBF4FF080654FF0804594F8232097F853
:109CC000223062F3000387F82230227CDBB262F399
:109CD000410387F8223094F823600EBB237E20686E
:109CE000012B94BF0023012301213246FFF79CFF83
:109CF000606833463246FFF797FFA27EA06833467E
:109D00003146FFF791FF237CE06883F00103324680
:109D10000121FFF789FFE0690B463246FFF784FF18
:109D200094F82130002B6CD04FF0FF337B6294F815
:109D3000211094F812E0207E627E00296BD0E66844
:109D4000217C94F8249094F820C03B68B9F1000F6E
:109D500012D1D4E900BAD4F80890E469C3F808B580
:109D6000C3F80CA5C3F81095C3F86C45C3F8146587
:109D7000C3F86815C3F86485003A18BF01220228A9
:109D8000C3F8C0E5C3F8245548D0032849D00128BA
:109D900001D142F00202C3F85425C3F860C57B68C4
:109DA000002B41D03868BDE8F84F40F30730FAF790
:109DB0007DBE4FF0020868E7204B9D420CBF4FF07C
:109DC00080554FF0804578E71D4B9D4213D01D4BC9
:109DD0009D4213D01C4B9D420CBF4FF000454FF0ED
:109DE00080456AE74FF0005567E74FF0006564E78C
:109DF0004FF0007561E74FF020655EE74FF0A0552A
:109E00005BE7E3687B62227C97F8223062F34103D0
:109E100087F822308BE74FF0FF3692E742F00402DA
:109E2000B9E742F00602B6E7BDE8F88F80841E006D
:109E300020A1070048E8010090D0030040420F0035
:109E40000024F4000048E80100127A00431C07B522
:109E50000ED0019001A8FFF765FE019B00EB830087
:109E6000054BD0F80027134043F00203C0F8003739
:109E700003B05DF804FB00BFF0F8FCFF38B5044602
:109E8000006840F30730FAF71FFE636843B12146CC
:109E90001A4A51F8043BC3F808232068FFF752FE22
:109EA0002368D3F80805D3F80C15D3F8105594F8A7
:109EB0002230DB0714D4FFF7C9FF2846FFF7C6FF9F
:109EC0000846FFF7C3FF606AFFF7C0FF2368D3F8B7
:109ED0006C05D3F81415FFF7B9FF0846FFF7B6FF76
:109EE000FFF70CFE28B1064A2368934204BF012203
:109EF0005A60002384F8203038BD00BF52010800AA
:109F000000F00240F0B590F8213085B005460E46CD
:109F10001746002B40F0CC8043682BB112F0140F91
:109F200004BF012380F8213096E80F0005F11004EA
:109F300084E80F00686A441C05D095F82230990720
:109F400017D506F0C7F831682C6821B101F06043DD
:109F5000B3F1005F06D1B36873B103F06043B3F1AE
:109F6000005F09D0002385F821306FF00C0005B0A8
:109F7000F0BD06F0BCF8E6E7FFF7C0FD38B34E4B86
:109F80009C4224D14FF080437268D3F8000E4B4BB3
:109F90001860E2B14A4821F4FF5323F01F038342C3
:109FA00074D85018DFF81CC1C3F34F3101228A4026
:109FB000002103F50053984241EA02014FEA4202B0
:109FC00001D96345F5D34FF08043C3F8001E17F065
:109FD000010318BF0123C4F8503517F0020318BF5E
:109FE0000123C4F8403596E80F00EC468CE80F00DA
:109FF000039BC4F84405C4F84815C4F83425C4F8D4
:10A0000038350023C4F8183117F01C0FD4F8183174
:10A010003FD1D4F80035073B18BF012395F8222023
:10A0200017F0080663F382024FF0070385F8222039
:10A03000C4F800350CD16A680123236142B9D4F811
:10A040001831002BFBD062464021204606F004F870
:10A050006B681BBBFFF752FD40B1174B9C4201BF21
:10A06000164B1A684FF08043C3F8002E686A421CF2
:10A0700005D095F822309B070DD506F038F81EB9AB
:10A08000291D2046FFF75EFD002070E74FF4807128
:10A0900099E70123C2E706F01DF8F0E717F0040F77
:10A0A0004FF0400314BFC4F80833C4F80433EBE79F
:10A0B0006FF00F005BE700BF00F002404824002073
:10A0C000FFFF00200020012070B50246044652F830
:10A0D000105B4021284605F0BFFF38B3FFF70EFDA7
:10A0E00040B1134B9D4201BF124B1A684FF08043A1
:10A0F000C3F8002E606A421C05D094F822309B07FA
:10A1000011D505F0F4FF94F821301BB1211D28462C
:10A11000FFF718FD2046002300F80C3FD4E9013179
:10A12000BDE87040184705F0D5FFECE770BD00BFF3
:10A1300000F002404824002030B500F01F04400920
:10A1400011D0012812D10C4800EB84001B02D0F87A
:10A1500000570A4C43EA82022C4042EA4101214363
:10A16000C0F8001730BD4FF0A040EDE704F5E074F3
:10A17000002353F82430FFDE00030050F0F8FCFF0A
:10A1800013B5394B01930023C0F80431D0F80421F2
:10A19000C0F82431D0F82421C0F81C31D0F81C219B
:10A1A000C0F80831D0F80821C0F800324B6381F8BC
:10A1B0002F300123036291F82D209A4218BF83604B
:10A1C0004B6B8A6A934204460ED24A6AD35CC0F84B
:10A1D0001C350B6803B340F286238B608B68C4F890
:10A1E0000433002002B010BD91F82C3013B10123CC
:10A1F000C361EEE70B6A13F0400F4FF0010316BF87
:10A20000C361436181F82D30E3E7204605F09CFFF0
:10A2100028B1019B013B0193019B002BF5DC91F8D8
:10A220002F0058B9019B002BDCDC0023C4F800355B
:10A230000523C4F800356FF08B00D3E7D4F8C4349D
:10A24000C4F8C43463B19A075ABF03F001008C38D4
:10A250006FF0040013F0040F18BF6FF00A00E1E77D
:10A260006FF08B00DEE700BFA086010013B5314B15
:10A2700001930023C0F80431D0F80421C0F8243140
:10A28000D0F82421C0F81C31D0F81C21C0F80831C6
:10A29000D0F808214B6381F82F308B6A012B0446DC
:10A2A00017D10B6A580614D40223C4F800320123D4
:10A2B000236291F82D20022A18BF23600B688BB10E
:10A2C00040F286238B608B68C4F80433002002B010
:10A2D00010BD0123E9E7204605F036FF28B1019BB8
:10A2E000013B0193019B002BF5DC91F82F0058B93D
:10A2F000019B002BEBDC0023C4F800350523C4F8D8
:10A3000000356FF08B00E2E7D4F8C434C4F8C434ED
:10A3100063B19A075ABF03F001008C386FF0040054
:10A3200013F0040F18BF6FF00A00E1E76FF08B0025
:10A33000DEE700BFA08601000368094AC3F80823CE
:10A34000D3F8002222F00302C3F800220022C3F84F
:10A350000025012380F8323080F83420704700BF98
:10A36000864204002DE9F04190F831308046012BFF
:10A3700058F804EB04460D46164605D10B78012B20
:10A3800007D16FF076000FE0022B02D10B78012B82
:10A39000F7D11E4BCEF8083394F8343033B1E3686C
:10A3A000CEF804336FF00F00BDE8F08186F00403AF
:10A3B000C3F3800384F834306662AC46BCE80F0017
:10A3C00004F110070FC7DCF800303B606B68E362F4
:10A3D000EB68A3626B78CEF888352B78012B10D010
:10A3E0006BB9C6F3401684F8306041467046FFF7FB
:10A3F000C7FE6368002BD7D184F83430D4E7012638
:10A40000F1E741467046FFF731FFF2E7864204006C
:10A41000036803F01F025B09026004D0012B0348AC
:10A4200018BF002070474FF0A04070470003005055
:10A43000F7B5064605F0C9FF084605F0C6FF01A8B6
:10A440000196FFF7E5FF019B2F4D00EB83000C46C3
:10A45000D0F80037019440F20D612B400B43C0F857
:10A46000003701A8FFF7D4FF019B00EB8300012711
:10A47000D0F800372B400B43C0F80037042005F01C
:10A480004CFA092501A80194FFF7C2FF019AD0F800
:10A490001035D340DB0715D401A80196FFF7B8FFAC
:10A4A000019B07FA03F3C0F80C35042005F035FAD8
:10A4B000304605F08AFF013D042005F02EFA15F024
:10A4C000FF05DFD101A80194FFF7A2FF019A012344
:10A4D0009340C0F80C35042005F01FFA204605F023
:10A4E00074FF042005F019FA01A80194FFF790FF0A
:10A4F000019AD0F81035D34013F0010F0CBF6FF064
:10A500008B00002003B0F0BDF0F8FCFF08B5124B43
:10A51000A8220021184606F08AFC032203460261A5
:10A5200042610E480E4A98614FF48051DA61002270
:10A5300019629A625A62DA6218660A48586699661F
:10A5400009491A67DA665A6711F8010D9854013201
:10A55000102AF9D108BD00BF30050020A14001003C
:10A56000AA470020AA370020BA4001002DE9F84F81
:10A57000DFF8808098F80030532B824689461646D3
:10A5800001D0FFF7C3FF182707FB0A873D6FD7F8F5
:10A590006CB05D452BD9BC6E796E641BB44228BF8C
:10A5A000344629444846224606F019FCBB6E254431
:10A5B000A144361BAB4208BF0025ABEB050B5E4543
:10A5C00028BF5E4656B1182303FB0A833246596EF4
:10A5D0004846294406F003FC3444354424B118238A
:10A5E00003FB0A88C8F870502046BDE8F88F0024A5
:10A5F000E3E700BF300500202DE9F84FDFF87C804D
:10A60000182606FB008E00FB06664644DEF8244052
:10A61000DEF828C07368A44507468946154603EB53
:10A62000040022D8DEF820B0ABEB040A0AF1FF33B5
:10A630009A4203D806F0D3FB2C440FE063449A42BD
:10A6400019D852462C4406F0CAFBB4EB0B0405D0D3
:10A650007068224609EB0A0106F0C1FB182303FBD0
:10A66000078301205C62BDE8F88F0CF1FF3CACEB86
:10A67000040C9445DED20020F5E700BF3005002031
:10A68000F8B5144B182700FB07751D4407FB003372
:10A690000E46DB6A012B14460AD0022B14D023B9D4
:10A6A000284605F09FFE844208D900242046F8BDC4
:10A6B000284605F097FE844228BF044622463146CC
:10A6C000284605F098FEF1E72846BDE8F84005F079
:10A6D000ADBE00BF30050020F8B50B4B1B78532BE7
:10A6E00004460E46174601D0FFF710FF05F0DFFEC7
:10A6F0003A46054631462046FFF7C2FF0446284643
:10A7000005F0DDFE2046F8BD30050020034B182281
:10A7100002FB0033D86E1B6FC01A70473005002053
:10A72000034B182202FB00339A6A586A801A70475A
:10A73000300500202DE9F843144C1F462378532B95
:10A7400005468946904601D0FFF7E0FE022D1AD853
:10A7500005F0ADFE6DB1182605FB0663E21844F85E
:10A760000390C2F8048006FB05420023176293623F
:10A770005362182303FB0544089BE36205F09FFE28
:10A780000020BDE8F8834FF0FF30FAE730050020E5
:10A7900010B4084A08490023C85C12F8014D8442ED
:10A7A00004D10133102BF7D110BC704710BCFFF758
:10A7B000ADBE00BFBA40010030050020B0B5044670
:10A7C00000AFF7F7A9FC0B4803685B070FD06D4695
:10A7D00088B06A46084B5361084B9361032342F8E3
:10A7E000103F00234FF4C251F7F728FEAD46204634
:10A7F00005F091FE98040020BB400100A941010032
:10A800002DE9F047044600AF0D46EFF311892023F0
:10A8100083F31288BFF36F8FDFF8EC803B4AD8F8E0
:10A820000030966859076BD0042898BF384B117CCC
:10A8300094BF53F82030374BEA468CB06A4636480E
:10A840005061C2E90831354840F202431385344B68
:10A85000C2E9060442F8103F2B4800234FF451513F
:10A86000F7F7ECFDD546C5B1EB69D8F80020C3F386
:10A87000080393B152072CD0EA4688B06A46294BA8
:10A880005361264B9361032342F8103F1E48002377
:10A890004FF4C251F7F7D2FDD546D8F800305B0728
:10A8A00017D026BB2048E8468AB06A461F4B536142
:10A8B0001A4B1062C2E9063640F2024393841C4BE5
:10A8C00042F8103F104800234FF43151F7F7B6FD1E
:10A8D000C54629462046FFF771FF89F31188BFF36B
:10A8E0006F8F3046FAF788F8BD46BDE8F0873046EE
:10A8F00005F036FF0028D5D00378002BD2D0D2E760
:10A90000002DB1D1E5E700BF980400204C240020C1
:10A91000581C0100CE400100E44001009B410100B1
:10A920000600000110410100DC400100354101003A
:10A930000500000138B50A4B53F82040013053F8A8
:10A940002050A54200D838BD606830B1037EDB07D7
:10A9500001D405F0BDFD0834F3E723689847FAE712
:10A960006C1C010070B52A4B2A4C2B4D012286B07D
:10A9700003201A70FFF7DEFF06F0DFF80420FFF770
:10A98000D9FF2646AE4204F1300410D300F028FF70
:10A99000204C224EAC4226D300F036FFF6F75CFC8A
:10A9A0001F4A137B23F00103137306B070BD54F8E4
:10A9B0000C3C059354F8103C049354F8143C039356
:10A9C00054F8183C029354F81C3C019354F8203C72
:10A9D000009354E90A2354E90C0100F02BFC54F8CD
:10A9E000303C5E65CDE7D4E90A23B3F1FF3F08BFF1
:10A9F000B2F1FF3F05D052EA0301206803D100F015
:10AA0000DDFF3034C6E73146183001F0C7F9F8E70A
:10AA1000AA57002078130100781301008108010073
:10AA2000C018002070B5174E174D184986B0C023C6
:10AA300003FB0066164B059301220F23CDE9033279
:10AA40000023CDE90133142303FB005504464FF4E2
:10AA5000046000FB04110F4B00954FF40062304678
:10AA600000F0E8FB737B0C4AEE6023F00403737381
:10AA70004FF4825304FB033313442C746B6006B011
:10AA800070BD00BF001800204C24002080800020F2
:10AA9000C3410100E705010040700020BFB5002060
:10AAA000FFF748FF294B83F30888294C294F636936
:10AAB00043F4007363610025E02384F82230E577D6
:10AAC00025766576A57684F82050636A43F4E02302
:10AAD000636284F82350F9F703FFFAF7A5F84FF003
:10AAE000FF33A362E362FAF7ABF9FAF7C1F8F7F7BD
:10AAF00051FA1948194C00F047FC0120FFF71AFFE2
:10AB00000220FFF717FF00F0B3FE154B15495C61FB
:10AB1000154B05930123CDE903534FF480523B4677
:10AB2000CDE901550095204600F084FB627B064686
:10AB300022F004022046627305F05FFE2846FFF70C
:10AB400071FF3A4631462046FAF74EF880800020E1
:10AB500000ED00E065A9000080190020C018002069
:10AB60004C240020C0880020651E010038B5064C2A
:10AB7000064D0020AC4200D338BD204605F0D3FC82
:10AB80000028F9DB1C34F5E7B4040020B4040020ED
:10AB900073B50C46EFF31181202585F31288BFF3BE
:10ABA0006F8FC5685DB125602B68C3608369013311
:10ABB0008361002081F31188BFF36F8F11E052EAA7
:10ABC000030603D125606FF00B00F3E7CDE9002306
:10ABD0000246083000F02CFD18B9034B9B681B6936
:10ABE000236002B070BD00BF4C2400202DE9F3416A
:10ABF000044617461E46EFF31188202383F312887C
:10AC0000BFF36F8FC368334A7BB180689168884215
:10AC100019D057EA060318D188F31188BFF36F8F54
:10AC20006FF00F0002B0BDE8F081916891F90E104D
:10AC300021610133E3609368A36088F31188BFF357
:10AC40006F8F0020EEE72169F2E791F90E1090F97D
:10AC50000E309942A8BF19466FF07E029142B8BFEC
:10AC600011468B422DDD05F0C9FC0546CDE9007685
:10AC700019482246414600F0DBFC0028E1D0EFF302
:10AC80001186202383F31288BFF36F8FA068D0B1A1
:10AC9000236821699C420AD04BB193F90E30994246
:10ACA000A8BF19466FF07E039942B8BF194605F058
:10ACB000A5FC40B10848314600F04EFD6FF00A0097
:10ACC000B0E70025D2E7002DF4D186F31188BFF359
:10ACD0006F8FF3E74C240020AB570020F8B5836852
:10ACE0000546002B40D0234A926893423FD1C36867
:10ACF000012B03D9013BC3600020F8BDEFF311879E
:10AD0000202383F31288BFF36F8F0169806805F0F9
:10AD100075FC2C68AC4207D10023C5E9023387F3E8
:10AD20001188BFF36F8FE7E7002CF5D0D4E900322C
:10AD300013605A60637B002623F002036373C4E947
:10AD40000066A66004F1180005F031FEAC6094F9CD
:10AD50000E302B612046C4F8BC6005F04EFD06485D
:10AD6000394600F0F9FCC7E76FF01500C5E74FF072
:10AD7000FF30C2E74C240020AB57002070B5EFF342
:10AD80001186202383F31288BFF36F8F0468A042DB
:10AD90001BD0D4B1D4E9003213605A60637B002524
:10ADA00023F002036373C4E90055A56004F11800A1
:10ADB00005F0FDFD2046C4F8BC5005F01EFD3146EF
:10ADC0000748BDE8704000F0C7BCD0E902329A42A3
:10ADD00018BF0133836086F31188BFF36F8F70BD96
:10ADE000AB57002013B5EFF31181202484F31288B0
:10ADF000BFF36F8F846844B1013C846081F3118894
:10AE0000BFF36F8F002002B010BD52EA030406D1D9
:10AE100081F31188BFF36F8F6FF00F00F3E7CDE977
:10AE200000230246014800F003FCECE7AB5700208A
:10AE30002DE9F0410546EFF31187202383F31288B3
:10AE4000BFF36F8F00231E466FF00A082C68A542DF
:10AE500016D0ACB1D4E9003213605A60637BA660AF
:10AE600023F002036373C4E9006604F1180005F0DF
:10AE70009EFDC4F8BC80204605F0BFFC0123E5E739
:10AE80000022AA602BB139460548BDE8F04100F028
:10AE900063BC87F31188BFF36F8FBDE8F08100BFFB
:10AEA000AB5700202DE9FF414F4E04462027EFF31A
:10AEB000118887F31288BFF36F8FD4F8C450F5B9A7
:10AEC000022104F1DC0005F0B4FB002868D004F195
:10AED000D40500220121284605F00DFD0028F8D1F7
:10AEE000002302934FF0FF324FF0FF33CDE90023F0
:10AEF000414604F1CC023D4800F02CFED7E7D4F8DF
:10AF0000C8202B68C4F8C430954208BFC4F8C830C4
:10AF1000D4F8DC3043F00203C4F8DC30EB6823F0F3
:10AF2000040343F00103EB606B6888F31188BFF3FF
:10AF30006F8F28469847EFF3118887F31288BFF385
:10AF40006F8FEB68D80623F0010236D4EA60EB6815
:10AF50009A0716D5306823F00203EB6088B10368C6
:10AF6000002170B14268954235D1036869BB7268AF
:10AF70003360824200D17360002340F8083BFFF742
:10AF8000FDFED4F8DC3023F00203C4F8DC3088F393
:10AF90001188BFF36F8FDB0589D400F071FC86E761
:10AFA000D4F8DC30D9069BD5C4F8DC0088F31188CE
:10AFB000BFF36F8F04B0BDE8F08123F01103EB60A5
:10AFC00005F11000FFF7DAFEC1E70B6073688342FA
:10AFD00008BF7160D0E723B11A68014618461346CE
:10AFE000BFE71A46F9E700BF70240020AB570020E6
:10AFF000F8B5C3689A0704460F46C3F340062ED43B
:10B000005B071CD40B680BB983680B60E368DD0732
:10B0100044BFA3683B603D684CBF02260126002D5B
:10B020003CD0204B9A68D5F8C0309A420AD0D5F867
:10B03000DC30D807C3F3800214D46FF0120600236B
:10B040003B6025E005F086FBD5F8DC300028F0D128
:10B05000D907C3F3C002F0D552B15B0708D46FF033
:10B060000F06ECE7002AFAD1C3F3C003002BF6D198
:10B0700000232360D5F8C83063B9C5E931442846B8
:10B0800005F0F1FAE36843F00403E3603B68A36072
:10B090003046F8BD1C60C5F8C840F0E76FF01506F3
:10B0A000CDE700BF4C240020F0B589B00446002055
:10B0B000C4E931000E9D04F1CC00C4E9330004F171
:10B0C000D400C4E9350055B32879002840F20110B6
:10B0D00008BF0120C4F8DC0000204FF0FF364FF01D
:10B0E000FF37CDE90330CDE90100CDE906670D4B0F
:10B0F0000094204600F01CF955B1296811B1204692
:10B1000000F046F86B791BB1237B43F001032373F6
:10B11000204600F053FCC4F8C04009B0F0BD012047
:10B12000D8E700BFA5AE0000F7B50C460190164663
:10B130001D46EFF31187202383F31288BFF36F8F2F
:10B14000084605F081FA55EA060309D101A920460F
:10B15000FFF74EFF87F31188BFF36F8F03B0F0BD89
:10B16000E368074943F00803E360019BA3623246AA
:10B170002B4604F1100000F011FE0120EAE700BFA9
:10B18000DB06010001460148FFF7CEBF601A002030
:10B1900010B5044608B9054B9C681F2204F18400D1
:10B1A00005F0E4FC002084F8A30010BD4C2400202E
:10B1B0002DE9F84F0C46A1B39AB390F80D90DFF843
:10B1C0006880571E0846B9F1000F25D0DFF85CA053
:10B1D0000025B8F804B019EA0B0F19D0B8F80630FA
:10B1E000D8F800107E1B9E4228BF1E46324605F04E
:10B1F000F6FD2E4439EA0B0904EB06000CD0BD1B0A
:10B20000012D28BF01252A46514605F0E8FD3544A9
:10B2100008F108086019DCE7002303702046BDE848
:10B22000F88F0348FBE700BF841C0100CB410100FD
:10B23000512401002DE9F04FD51D85B025F00705FB
:10B2400004461F467F3500F15803C0E9163325F048
:10B250003F05129B237300200E46119BDDF838B08A
:10B26000DDF84C80A06004213F2DC4E90600617325
:10B27000A373E07306F1400AA5F1400905D880F3F5
:10B280001188BFF36F8F084602DF4A463544AA2172
:10B29000504605F0CCFD29462046F8F7EBFE073076
:10B2A000109B20F00700C4E929A9C4F8AC00029360
:10B2B0000F9B2D1ACDE900B32A463B463146204666
:10B2C000F9F75EFC0F9BA3674FF00009109BC4F8D1
:10B2D0005490C4E91C7B84F86C90E367EFF311820F
:10B2E000202181F31288BFF36F8F104E316AC4F8AA
:10B2F0008010346282F31188BFF36F8FB8F1000FB2
:10B3000011D01F22414604F1840005F02FFC84F87F
:10B31000A390B3680BB1D3F8B030C4F8B03028466E
:10B3200005B0BDE8F08F84F88480F2E74C2400205B
:10B33000F0B587B000250595109D04950F9D0395E8
:10B340000E9D0295DDE912760D9D01950C9D0095EF
:10B350000446FFF76FFFB6F1FF3F08BFB7F1FF3FAD
:10B3600005D056EA070305D1204600F027FB20460A
:10B3700007B0F0BD3A46334604F11800014900F029
:10B380000DFDF4E78108010040F2011310B583813F
:10B390000023C0E92933044600F0F8FE014B9C600D
:10B3A00010BD00BF4C2400200A4A93686FF00A01C8
:10B3B000C3F8BC100849C3F8B8004B6843F0805389
:10B3C0004B60002383F31188BFF36F8F9368D3F82A
:10B3D000BC0070474C24002000ED00E070B590F9EF
:10B3E0000D20437B002A36DBD90634D11B4C63F099
:10B3F0007F032246437352F8183FE169934207D115
:10B40000C0E900210860E06111E09942F8D01B68B2
:10B41000002BF5D090F90E5093F90E60B542F4D0A0
:10B42000AE42F2DD5968C0E9003108605860A56994
:10B43000954200D005B9E568A3685A7BD20604D1CD
:10B44000DA897F2A01D9AA6932B1AB4202D02846F3
:10B4500000F0C2FB656170BD6361FCE74C24002015
:10B4600038B590F90D20437B002A014604DA03F039
:10B470007F03437305F087F90D4D2A46AB6852F8F8
:10B48000184F944200D004B9EC688B4207D05A7B25
:10B49000D20604D1DA897F2A01D9A2692AB1A3424E
:10B4A00002D0204600F098FB23466B6138BD00BFF8
:10B4B0004C240020B3F1FF3F08BFB2F1FF3F03D09F
:10B4C0000249183000F06ABC704700BF81080100D3
:10B4D00038B5194CA168E0690B68814214BF1A465F
:10B4E000002249680B605960A368E1692AB9134AD0
:10B4F000C3E900210B60E3610CE093F90E0092F9BF
:10B500000E50A84214D0854212DD5168C3E90021D3
:10B510000B605360A569094B9D4200D005B9E568F1
:10B52000A3689D4202D0284600F056FB656138BDF5
:10B530009142DCD01268D9E74C240020642400201A
:10B54000F8B5394CA2688242074624D1EFF305834F
:10B550000BBBEFF31186202383F31288BFF36F8FA9
:10B56000537B03F07F0343F01003537305F00BF993
:10B57000234653F8185F9D4200D005B9E568A368DB
:10B580009D4202D0284600F027FB65613046BDE8A9
:10B59000F840FFF709BFEFF31185202383F31288EA
:10B5A000BFF36F8F7B7BD90604D585F31188BFF37A
:10B5B0006F8FF8BDD90943F0100219D17A73A669CB
:10B5C0001A4B9E4200D006B9E668A368B34202D087
:10B5D000304600F001FBA36866619F42E5D1EFF3BE
:10B5E0000583002BE1D13A7BD2070AD42846CEE767
:10B5F00003F07F0343F010037B73384605F0C3F874
:10B60000DDE785F31188BFF36F8F83F31188BFF3F4
:10B610006F8F0423184602DFEFF31180202383F39A
:10B620001288BFF36F8FB2E74C24002064240020FF
:10B63000F8B50E4B0C4611460D4A98681060DDE9CE
:10B640000667EFF31182202282F31288BFF36F8F17
:10B650009D68284605F0A9F8284632463B46FFF784
:10B6600029FF2046BDE8F840FFF79EBE4C2400208D
:10B6700078240020F8B50446EFF31187202383F3E4
:10B680001288BFF36F8F437B03F01F02002A0CBFA9
:10B690000126002649B239D103F07F03437305F038
:10B6A00072F82C4D437B817363F07F032A4643730A
:10B6B00052F8183F934227D1E869C4E9002004609A
:10B6C000EC610FE09842F8D01B68002BF5D093F99D
:10B6D0000EC06145F6D08C45F4DD5968C4E90031EF
:10B6E0000C605C60AC69944200D004B9EC68AB6853
:10B6F0009C4202D0204600F06FFA6C6187F31188FB
:10B70000BFF36F8F3046F8BDE869DEE79B071ED5B3
:10B71000856805F038F881732B689D4209D16B6804
:10B72000C4E900531C606C60E8E76A689342F6D095
:10B730001B68002BF3D093F90E209142F5D08A427A
:10B74000F3DD5A68C4E9003214605C60D6E78173A7
:10B75000D4E700BF4C24002049B9EFF3058030B98D
:10B76000054B5A699B689A4201D0FFF71DBE81F3D1
:10B770001188BFF36F8F70474C24002010B5EFF392
:10B780001184202282F31288BFF36F8F427BD1068F
:10B7900004D484F31188BFF36F8F10BD22F0100220
:10B7A0004273FFF71BFE21460248BDE81040FFF739
:10B7B000D3BF00BFAB570020034648B9EFF3058263
:10B7C00032B9064A51699268914201D0FFF7ECBD47
:10B7D00083F31188BFF36F8F704700BF4C240020A4
:10B7E000EFF31181202383F31288BFF36F8F054B92
:10B7F0009A68D37B013BD37381F31188BFF36F8FBA
:10B80000704700BF4C24002070B5EFF31186202351
:10B8100083F31288BFF36F8F144DAB68DA7B01326C
:10B82000DA732A4652F8184F944200D004B9EC68F3
:10B830005A7BD20604D1DA897F2A01D9A2692AB1BA
:10B84000A34202D0204600F0C7F923466B6186F37D
:10B850001188BFF36F8FEFF31180202383F31288D9
:10B86000BFF36F8FBDE87040FFF7A6BF4C240020E8
:10B87000024B03F11802C3E9062270474C24002052
:10B8800070B5EFF31186202383F31288BFF36F8F17
:10B890001B4CA168E0690B68814214BF1A46002264
:10B8A00049680B605960A368E1692AB9154AC3E980
:10B8B00000210B60E3610CE093F90E0092F90E5049
:10B8C000A84218D0854216DD5168C3E900210B60FB
:10B8D0005360A5690B4B9D4200D005B9E568A3688C
:10B8E0009D4202D0284600F077F965613046BDE8F8
:10B8F0007040FFF759BD8A42D8D01268D5E700BF23
:10B900004C24002064240020F8B550EA01030646C8
:10B910000C4603D1FFF7B4FF0020F8BDEFF3118709
:10B92000202383F31288BFF36F8F124D124BA86848
:10B930001860FFF795FDA868104923463246183075
:10B9400000F02CFAAA68537B43F0040353730446B7
:10B950003846FFF729FDAB68D3E90A23B3F1004F5E
:10B9600008BF002AD8D105F04AF8201A20EAE07072
:10B97000D3E700BF4C240020782400208108010078
:10B980000C490D4A38B500244FF400458C46214639
:10B99000C0FB05C100236046F5F7A8F8C117FFF703
:10B9A000B3FF054A47F6FF73C0FB0234DB0B43EAE3
:10B9B000444038BD3F420F0040420F0038B50446B6
:10B9C000EFF31185202383F31288BFF36F8F437B3E
:10B9D0005B070FD5183004F0EAFF637B23F0040304
:10B9E00020466373FFF7FAFC29460548BDE8384056
:10B9F000FFF7B2BE85F31188BFF36F8F38BD00BF6C
:10BA0000AB570020014B9868704700BF4C240020C2
:10BA10002DE9F8430446077BEFF31185202383F3D8
:10BA20001288BFF36F8F437B190705D585F3118803
:10BA3000BFF36F8FBDE8F883D90943F0080260D1E6
:10BA40004273A36813B1204604F0A5FE04F1180068
:10BA500004F0ADFFA66D04F15808B04511D04FF0C9
:10BA6000000976B1304604F096FE06F1180004F0A5
:10BA70009EFFC6F8BC903046FFF7B0FCA66DB045FF
:10BA8000EFD1DFF8C480D8F808309C4241D1EFF301
:10BA90000589B9F1000918BF4FF00109D8F81860FD
:10BAA0002A4A964200D00EB9D8F80C60B34202D0B0
:10BAB000304600F091F82046C8F8146003F0D2FA3E
:10BAC000204600F0DBF8B9F1000F02D02048FFF764
:10BAD0005BFCD8F808309C4231D1EFF3058373BB8F
:10BAE000227BD20718D42846FFF75EFCFB07A1D5BE
:10BAF000002383F31188BFF36F8F0423184602DFFE
:10BB000098E703F07F0343F00803437304F03BFE20
:10BB100097E74FF00009C1E785F31188BFF36F8FF6
:10BB200083F31188BFF36F8F0423184602DFEFF30E
:10BB30001180202383F31288BFF36F8FD4E785F33E
:10BB40001188BFF36F8FD1E74C24002064240020BC
:10BB500080190020D3B5DDE90667089CCDE90067B0
:10BB6000FFF766FD1CB1034B9B681B69236002B0A5
:10BB7000D0BD00BF4C240020427B12F01F020346C0
:10BB800010D10A4988420DD00949086868B1D9899D
:10BB90007F2909D893F90E20064B1B689A42B8BF3B
:10BBA00000207047002070471046704700180020A2
:10BBB000980300207C240020044BC01A044BC010C2
:10BBC0005843044B01221A54704700BF401A00200A
:10BBD000ABAAAAAAAB57002070B50D4B0D4D1E7C29
:10BBE000FFF7CAFF06EB460305EBC30504462846EC
:10BBF00004F0DDFE084B00229A553CB1621E284637
:10BC00000649BDE87040D31700F0C8B870BD00BF4A
:10BC10004C240020401A0020AB570020B9BB000084
:10BC200038B5EFF31185202383F31288BFF36F8FAC
:10BC30000F4B104A9C681068A04206D1FFF7CCFF5A
:10BC400085F31188BFF36F8F38BD00211B7C116015
:10BC5000094AD35C002BF3D02046FFF78DFF002864
:10BC6000EED0637BDB0601D1FFF732FC2046E5E72F
:10BC70004C24002078240020AB570020EFF31181E2
:10BC8000202383F31288BFF36F8F0C4A136A834219
:10BC900008D1D3F88030136281F31188BFF36F8F1E
:10BCA00070471346002BF7D0D3F880208242F8D19A
:10BCB000D0F88020C3F88020EEE700BF4C2400209D
:10BCC000F8B505460E46EFF31187202383F312885B
:10BCD000BFF36F8F064B1C6A24B987F31188BFF33B
:10BCE0006F8FF8BD20463146A847D4F88040F3E76F
:10BCF0004C240020F8B506460F46EFF311832022AE
:10BD000082F31288BFF36F8F0C490C6A154624B971
:10BD100083F31188BFF36F8FF8BD83F31188BFF3EE
:10BD20006F8F39462046B047EFF3118385F31288B1
:10BD3000BFF36F8FD4F88040E9E700BF4C240020A8
:10BD4000024B1868984208BF002070479C030020EF
:10BD5000034B1B680BB9FBF71DBD0020704700BFEC
:10BD60008024002030B570B10B4B5B6898420AD03C
:10BD7000036843B1D3E90421D0E90445121941EB2A
:10BD80000501C3E90421D0E9003213605A600023A1
:10BD9000C0E9003330BD00BF9C030020B3F1FF3F7A
:10BDA00008BFB2F1FF3F2DE9F84F0446994615460A
:10BDB0001F467AD08160EFF31188202383F3128825
:10BDC000BFF36F8FB9F1000FDFF8E4A020DBFFF7BE
:10BDD000BFFFDAE90027013549F100092D1849EBC9
:10BDE000E073C4E90453AD18064643EB07074FF070
:10BDF0000109FFF7A5FFDFF8BCE0DEF804A0034669
:10BE0000EBB9C4E900EACAF80040CEF8044028E0E3
:10BE1000DAE900126FF001035B1A4FF0FF3161EBBA
:10BE200002025B1B62EB0902012B72F10001BCBF35
:10BE300001230022C0E904324FF00009D9E7D3E919
:10BE4000041CD4E904208A4270EB0C0B24DA891A12
:10BE50005A686CEB0000C3E90410C4E900321460B6
:10BE60005C60FFF76DFF84420ED1134B1B685BB91A
:10BE7000B9F1000F02D1FFF76BFF0646304604F020
:10BE80007FFD0021FBF758FC88F31188BFF36F8F0B
:10BE900028463946BDE8F88F521A60EB0C009A45E7
:10BEA000C4E90420ADD01B68AAE700252F46EFE7C0
:10BEB000581A00209C030020802400202DE9F04720
:10BEC000EFF31185202383F31288BFF36F8FDFF820
:10BED000A490DFF8A480C9F80000FFF731FF002626
:10BEE0000027D9F80030D8E900ECD91750B1D0E9D3
:10BEF0000442A34271EB020A1CDAE41A62EB01026B
:10BF0000C0E9044213EB0E034FF000044CEB0101B7
:10BF10002046C8E90031C9F8004004F031FD21464F
:10BF2000FBF70AFC85F31188BFF36F8FBDE8F0477C
:10BF3000FFF776BE14EB0E024CEBE473C0E9046726
:10BF4000C8E90023FFF70EFF85F31188BFF36F8F59
:10BF500083689847EFF31185202383F31288BFF39A
:10BF60006F8FD9F800301B1BC9F80030FFF7E8FECF
:10BF7000B7E700BF80240020581A002010B5EFF367
:10BF80001184202383F31288BFF36F8FFFF7E0FE45
:10BF9000054A0346D2E90001181841EBE37184F326
:10BFA0001188BFF36F8F10BD581A0020F8B50646F0
:10BFB000EFF31187202383F31288BFF36F8F02689A
:10BFC00022B187F31188BFF36F8FF8BDD0E90A540F
:10BFD000691C44F10003022973F1000334D3013DCD
:10BFE00044F1FF34002CBCBF15462C4604F00BFD79
:10BFF000013041F10001401944EB0101012871F1C8
:10C0000000014ADB04F0FFFC013041F100016FF058
:10C010000203401944EB010183426FF000438B415E
:10C0200040DB04F0F0FC013041F100016FF001024F
:10C03000401944EB01044FF0FF33121A63EB040381
:10C040001A493046FFF7AAFE336B01333363336A74
:10C050006BB187F31188BFF36F8F336A304698470F
:10C06000EFF31187202383F31288BFF36F8F3346DA
:10C0700053F8184F9C42A4D0002CA2D0204604F0C4
:10C08000CBFB0023C4F8BC3087F31188BFF36F8F5C
:10C090002046BDE8F84004F0B0BB6FF001024FF05D
:10C0A000FF33CDE700224FF00043C9E7ADBF0000EA
:10C0B0002DE9F04105461C4690461F46EFF31186D8
:10C0C000202383F31288BFF36F8FB4F1FF3F08BFC3
:10C0D000B2F1FF3F05D186F31188BFF36F8FBDE842
:10C0E000F081002C09DB012A74F10003BCBF01229E
:10C0F000002412F1FF3844F1FF37284604F057FCC2
:10C10000DDE906010023C5E90A012B6342463B46EF
:10C1100028460249FFF742FEDDE700BFADBF000041
:10C120002DE9F04385B04FF000090546CDF80490A5
:10C1300000F10C07EFF31188202383F31288BFF37B
:10C140006F8F8368594003EA02060A4053400E4944
:10C1500001AACDE9023904F0F1FB019C3CB1C4F81D
:10C16000BC9020460021246E04F067FBF6E7DDE971
:10C17000023223EA02033846AB604146FFF7ECFA8D
:10C18000304605B0BDE8F083E10A0100014BC0F87C
:10C19000B0307047B404002038B5064C064DAC42B0
:10C1A00001D3002038BDD4E90112204604F0C6FCBA
:10C1B0001434F4E7B4040020C804002007B5074B8A
:10C1C0000093074907484FF0FF334FF48052FEF7C2
:10C1D0006BFF002003B05DF804FB00BFC41C01002E
:10C1E00000990020601A002010B50A4C23681BB18A
:10C1F00001232360002010BD00F0EAF80028F7D0EA
:10C200000138062803D8044B53F8200010BD03481A
:10C2100010BD00BF84240020D01C0100FE8FFFFF52
:10C22000BFF34F8F0549064BCA6802F4E06213431F
:10C23000CB60BFF34F8F00BFFDE700BF00ED00E014
:10C240000400FA0510B4094B09490A4C4FF0FE32BC
:10C25000C3F800244968C3F80424C3F80824C3F8C9
:10C260000C240023C4F8003510BC084700B002506D
:10C27000A403002000A00250D0E90012014BC3E942
:10C2800000127047A403002010B5044650B1636843
:10C2900013F0685F05D0064A934202D00023236062
:10C2A000626010BD034B04485B689847EFE700BF2E
:10C2B0002C5F5CA9A4030020EC1C0100C8B14368FA
:10C2C0000D4A934213D013F0685F0ED0012350E85B
:10C2D000002F194640E8001C9CF0000FF7D1012AFE
:10C2E000F5D0BFF35F8F00207047044870470448C3
:10C2F00070476FF4E04070472C5F5CA9E98FFFFF47
:10C30000EA8FFFFF80B14368094A93420AD013F0D5
:10C31000685F05D0BFF35F8F002303601846704746
:10C3200004487047044870476FF4E040704700BF0E
:10C330002C5F5CA9E98FFFFFEA8FFFFF10B5044671
:10C3400020B1044B63600022226010BD0248FFF759
:10C3500079FFF6E73A00003A141D010070B5D0E904
:10C360000023174C174D6360D0E90230C4E9023056
:10C3700022604868D1F800C0134BC3E900C0D5F86B
:10C380001801D1F808C0C3F808C010F0685FD1F8F0
:10C390000CC00969C3F80CC0196110D00B49C5F86D
:10C3A000BC110023C5E9453105F58A70C5F8B831DF
:10C3B0009047236805F5DC70BDE87040184770BDF4
:10C3C000C00300209C240020AC0300202C5F5CA94B
:10C3D00038B500F02FF820B1032400F063F82046B0
:10C3E00038BD00F031F898B900F0ACF898B90F4DAD
:10C3F000D5F828391B0EF02B08D1D5F8242A0C4B80
:10C400009A420AD0072400F017F8E6E70624FAE774
:10C410000424204638BD0024F5E7012000F092F8FE
:10C4200004460028F7D1C5F80C0AD8E700B002503E
:10C430000000E0200020704700207047014BC3F847
:10C44000040A704700B0025010B5114800F048F8D7
:10C4500000B110BD0F4800F043F80028F9D10E4C90
:10C46000204600F03DF80028F3D10C4B0C481C602E
:10C4700000F036F801460028EBD100F02DF8044614
:10C4800008B1204610BD00F03FF82046FAE700BF93
:10C4900000040020FC030020F8030020F00300202B
:10C4A000F403002008B5084800F024F8074800F01D
:10C4B00021F8074800F01EF8064800F01BF8BDE818
:10C4C000084000F00BB800BF00040020FC0300206F
:10C4D000F8030020F403002000207047704700BFDD
:10C4E00008B5034B02681B6810689847002008BD18
:10C4F000C003002008B5034B02685B6810689847CA
:10C50000002008BDC003002070B5094C094D20690A
:10C51000AB68984718B1084B08485B689847084AC9
:10C52000EB68206900211160BDE87040184700BF2A
:10C53000AC030020C0030020A4030020381D01002C
:10C5400098240020F8B51A4D1A4E0446B26828699E
:10C550009047E8B9184F3B684CB1A3B1012B19D0F3
:10C56000013B3B602869F36898470020F8BD43B958
:10C57000124A0121C2F800151149D1F81029002AE8
:10C58000FBD101333B60F368286998470020F8BD70
:10C590000C48F8BD0A4AD2F81039002BFBD1074AE3
:10C5A0006FF07E40C2F80035FFF748FF3B68D7E7E1
:10C5B000AC030020C00300209824002000A00250FB
:10C5C00000B00250E98FFFFF0CB430B589B00546CA
:10C5D0000C461C22002101A804F029FC02238DF83E
:10C5E00006300E4B0293059523462CB1B4F1004F53
:10C5F00028BF4FF00043013B1D440DAA0C9906953E
:10C6000001A8009200F09EF914B1059B00221A7057
:10C6100009B0BDE8304002B0704700BFBB0F010059
:10C62000242A2DE9F84F8046894601D8012A60D195
:10C6300004F0CCFC414B16221A50B9F1000F01D086
:10C64000C9F80080002319461846BDE8F88F314626
:10C650000E4616F8013B202BF9D0A3F1090004285F
:10C660001C46F4D92B2B46D02D2B46D101274C78D4
:10C670008E1C302C48D1337843F02003782B3ED1E8
:10C6800032F010033BD17478B0461025023617F112
:10C69000FF3B6FF0004343F1000A2A46002358464F
:10C6A0005146F4F723FA00238C461946392C82BFF1
:10C6B00004F1FF3444F02004263C303CA54228D944
:10C6C00098427CEB010E05DB614508BF834203D134
:10C6D000A24201D247F00207A5FB033E05FB01EE93
:10C6E000E3184EF10001B646B0461EF8014B7646FF
:10C6F000DCE70146ACE70027B9E70027B9E7002AE5
:10C7000014BF15460825C2E7002A14BF15460A259E
:10C71000BDE7B9F1000F01D0C9F80080F80702D5D4
:10C720005B4261EB4101BA078ED504F04FFC034A2E
:10C73000222414505B46514686E700BF0C000000DF
:10C74000242AF0B5044601D8012A40D104F03EFC69
:10C750002D4B16221A5001B10C600020F0BD2F465F
:10C760003D4615F8010B2028F9D0A0F10906042E4A
:10C770000346F4D92B282CD02D282CD101267B78E8
:10C78000BD1C302B2DD1287840F02000782824D1F2
:10C7900032F0100021D16B782C4610220235002097
:10C7A000392B82BF03F1FF3343F02003263B303B9C
:10C7B0009A421AD9A0FB02040CB9C01801D346F062
:10C7C00002062F462C4617F8013B3D46E8E7074690
:10C7D000C6E70026D3E70026D3E7002A08BF0822D1
:10C7E000DDE7002A08BF0A22D9E701B10C60F20791
:10C7F00048BF4042B307B1D504F0E8FB024B222208
:10C800001A504FF0FF30A9E70C0000002DE9F0416D
:10C8100001260746B24201DCBDE8F0813B461F46D7
:10C8200013F8014B002CF7D0252CF8D11C78252CBF
:10C8300007F10207F2D00023DFF804819C461D4671
:10C840001F2D18D8A4F1200EBEF1100F09D9A4F1A4
:10C85000300EBEF1090F1ED80A2404FB03E3202585
:10C8600004E028FA0EFE1EF0010F06D017F8014B67
:10C87000002CE5D128E07F2D1CD8A4F1300EBEF1AC
:10C88000090FE9D9242C10D1BCF1000F46D0B342D6
:10C8900046D00023EAE724F0040EBEF12A0FF8D0B8
:10C8A0006C2C09D145F08005E0E724F0040EBEF1C0
:10C8B0002A0FEED06C2C22D06C2C1BD8682C23D0E5
:10C8C0006A2C28D04C2C26D0BCF1000FA4D0B44543
:10C8D000A0D144F02007A7F1650CBCF1020F0B6852
:10C8E00001D9612F1ED1073323F0070308330B60F2
:10C8F00001368EE7742CB9D07A2CB7D0E4E72C0639
:10C9000048BF45F40075CDE7EC0548BF45F4007518
:10C9100045F48075AAE745F42075A7E79C46B8E77B
:10C920006324D6E7692C02D007D8632C03D02F06E6
:10C9300001D5AC05D7D40433D9E7732CF6E700BF93
:10C94000892801002DE9F04F95B04368039383785F
:10C9500080469807CDE9081217D50D920B460025A1
:10C960001F78A7B1252F16D001330793039B4146AB
:10C9700038469847002805F1010580F2558498F85B
:10C98000023043F0040388F802304FF0FF352846A8
:10C9900015B0BDE8F08F5F789A1C252F0792E5D07F
:10C9A00000242646A246A346BBF11F0F32D8A7F1AA
:10C9B0002003102B0AD8DFE803F02409092A09090B
:10C9C000091B09090922092709091900A7F13003E0
:10C9D000092B2DD92A2F39D154B90D9B1BF0400FAB
:10C9E00053F8042B0D9329D0164601E04BF0010BB0
:10C9F000079B13F8017B0793002FD5D15BE04BF029
:10CA0000020B4BF0040BF3E74BF0080BF0E74BF095
:10CA1000100BEDE7BBF17F0F3FD8A7F13003092BD7
:10CA2000D8D81BF0400F03D00A2202FB0636DFE7FE
:10CA30000A2202FB0A3A4BF0200BD9E7B2F1000AB6
:10CA4000F9DACAF1000A4BF0280BD1E72E2F05D1F5
:10CA50001BF0400F9BD14BF0400BC9E7242F1CD19A
:10CA6000002C00F04481099B0D931BF0400F0AD16C
:10CA7000524608980DA9FFF7C9FE0D9B1A1DD3F861
:10CA800000A00D92B4E7324608980DA9FFF7BEFE4C
:10CA90000D9B1A1D1E680D92AAE76C2F00F01481E1
:10CAA00000F20B81682F00F017816A2F00F01C81C3
:10CAB0004C2F00F0198134B1099B08980D93224640
:10CAC0000DA9FFF7A3FE002E47F02003B8BF2BF0FF
:10CAD000400B0593A3F16503BCBF1FFA8BFB002637
:10CAE000022B40F2098147F02003612B40F0848241
:10CAF000FF4307F0200306930D9B073323F0070342
:10CB00001BF0400FD3E9000103F10802069B0093DC
:10CB10000D9214BF33464FF0FF330EAA04F08FF985
:10CB2000431CDBB24BF4C0540493DDF838907023FF
:10CB30000646A3460127059309F10903122B0CD9D8
:10CB400009F16303C62B40F2138109F2E73340F287
:10CB5000CE72934294BF032704279DF83C2002F035
:10CB60000C0312F0010240F01E811BF0020F40F096
:10CB700017811BF0040400F0FD80002B40F01681AB
:10CB800020231BF4405F21D1049A5032002E6A44C6
:10CB900008BF0126133A049921B112F8011D30296A
:10CBA00000F03B811BF0100F049A18BF324619F1B8
:10CBB000040FC0F23781B14580F234814A454BF40D
:10CBC000005B40F3318109F10106961B1BF4005212
:10CBD0000A9200F02B8129EAE974013403B101348F
:10CBE000002E00F02A81721C1444A245CCBFAAEB8F
:10CBF000040400241BF0090F04D12C44A54240F08A
:10CC00002181002443B118464146039B98470028E0
:10CC100005F10105FFF6B3AE1BF4006F13D0039BC3
:10CC20004146302098470028FFF6A9AE069BC3F185
:10CC300078004146039B00F0F8009847002805F172
:10CC40000205FFF69CAE1BF0080F05D12C44AC4248
:10CC500040F00481254600240A9B002B00F02E8121
:10CC600029EAE97AA9EB0A027642049B05929342EB
:10CC700084BF0EABD3180AF1FF3A8CBF587930202D
:10CC8000564505F1010700F3F380039B41469847A1
:10CC9000059A002802F10102FFF671AEBAF1FF3FDA
:10CCA00009D1039B059241462E2098470028FFF6A4
:10CCB00066AE059AAF1C3D46D7E7742F3FF498AE99
:10CCC0007A2F3FF495AEF6E61BF0800F18BF4BF4B9
:10CCD000007B4BF0800B8BE61BF4807F18BF4BF47E
:10CCE000007B4BF4807B83E64BF4207B80E626467A
:10CCF000B3465446B2467BE6FF4307F02003069353
:10CD00000D9B073323F0070303F10802D3E9000169
:10CD1000059B0D921BF0400F08BF0626652B13D113
:10CD2000731C0022DBB24BF4805B1446112BCDE95F
:10CD3000002428BF11230EAA00F014FBC3B2DDF8B3
:10CD4000389004930227F7E6059B662B05D14BF438
:10CD5000005B344601221123E8E7F3B2012B4FF0C8
:10CD600000024FF0650738BF012314460597DDE741
:10CD70000227F2E6002B3FF404AFBAF1030F3BDCCD
:10CD80009DF83C309A4E13F0080F9A4B08BF1E4690
:10CD9000B1464F4619F8010BB0BBAE1B374488E0D3
:10CDA00033BB2B23EDE62BBB2D23EAE62022BAF181
:10CDB000040F13DD1BF0080FAAF104040FD12C445B
:10CDC000039B0492414620209847002805F1010565
:10CDD000FFF6D5ADA542049AF2D19AB10024039B87
:10CDE000414610469847002805F10105C8DAC6E516
:10CDF0002B22DCE72D22DAE71BF0080FAAF103044F
:10CE0000BED1DCE71446BBE7069BC01A4146039B34
:10CE1000C0B298470028BCDAB1E504990139C9B21B
:10CE20000491B8E6561ED1E60026CFE61BF4006F4B
:10CE30000CBF032405243C44D0E61BF0100F18BFA0
:10CE40000134D2E60B934146039B202098470028EB
:10CE50000B9B05F10105BFF6D1AE90E5039B414662
:10CE600030209847002805F10105BFF6F0AE86E5B1
:10CE7000D1450AD19DF83D30352B1DD805D19DF8FF
:10CE80003C3013F0100F08BF3120039B41469847F8
:10CE90000028FFF674AD1BF0100F0AD0BAF1FF3F67
:10CEA00007D1AF1C41462E20039B98470028FFF670
:10CEB00066AD3D463C443DE23120E6E79DF83D004D
:10CEC00031281EBF9DF83C3023F010038DF83C3014
:10CED0004146039B98470028FFF651AD002E6BDDBD
:10CEE000039B41462E2098470028FFF648AD4FF09F
:10CEF000010A049B9A45BBBF0EAB534430205879BE
:10CF0000039B414698470028D346FFF638AD0AF107
:10CF1000010A5645EDDA02355D44DDE90532981A1D
:10CF20004146039BC0B298470028FFF628ADB9F1EF
:10CF3000000F04DB4ED19DF83C30DB064AD5C9F129
:10CF400000092D20039B414698470028FFF617ADA6
:10CF5000042F41D14FF47A7799FBF7F606F13000B0
:10CF6000039B4146C0B29847002805F10305FFF630
:10CF700006AD07FB1699642799FBF7F606F130001A
:10CF8000039B4146C0B29847002805F10105FFF612
:10CF9000F6AC07FB16990A2799FBF7F606F1300065
:10CFA000039B4146C0B29847002805F10105FFF6F2
:10CFB000E6AC07FB169915E01BF0100F01D1013507
:10CFC000ABE7039B41462E209847002805F1020558
:10CFD000A3DAD4E42B20B5E7032F05F10205CAD06C
:10CFE000012FD8D109F130006F1C4146C0B25BE778
:10CFF0000F420100A9200100A7F16303122B00F2E8
:10D00000FB80DFE813F013005300F900F900F9008A
:10D01000F9005300F900F900F900F900F9001401D2
:10D02000F400F900F9002800F900B5000D9B1A1D65
:10D030001B680D928DF8383001240EAF1BF0080FDD
:10D040002AD007EB04093E464E4527D1EF1B374453
:10D05000AAEB04042DE70D9B1A1D0D921F68AB4B24
:10D06000002F08BF1F461BF0400F14BF31464FF082
:10D07000FF31384603F08AFD0446DFE7039B414653
:10D08000202098470028FFF67AAC013EB442F5D341
:10D090005544AD1BB246D4E75646F7E716F8010BE8
:10D0A000039B414698470028CEDA68E41BF0800FC6
:10D0B0000D9B35D01BF4007F2DD0073323F00703E1
:10D0C000D3E9000103F108020D922BF010090029A9
:10D0D0001FFA89F936DA404261EB410149F480696F
:10D0E0000DF1380B0A235A4603F05CFD19F0400F8E
:10D0F000A0EB0B0B65D029F001025E4592B240F324
:10D10000B380002F00F0AA8019F010033446914636
:10D1100026D002345CE01A1D18680D92C117D4E7BE
:10D120001A1D1BF4807F19680D9201D10846F5E79E
:10D130001BF4007F15BF48B208B241F3C01141F3A0
:10D14000C031C2E750EA0103CAD11BF0400FC7D07B
:10D15000002EC5D12BF0110B1FFA8BF93446B346C4
:10D1600040F2064319EA03031CBF013400232FE0F9
:10D170002BF0100B1FFA8BFB0A231BF080040D9A77
:10D1800058D01BF400711DBF073222F0070202F1D4
:10D190000801101D19BF0D91D2E900010D90106812
:10D1A00050EA010253D12BF016091BF0400F1FFA71
:10D1B00089F950D0002E4ED12BF0170B1FFA8BF9A6
:10D1C000B34619F0100353D0002F4FD10BF10104D7
:10D1D00019F0080F5FD119F0010F06D0A2456EDDDE
:10D1E000AAEB040404EB0B06544622464EE04BF037
:10D1F000100B10237827C0E747F02003782B04D1C9
:10D20000C7F1780343F01003B7E7039B414625209D
:10D2100098470028FFF6B3AB039B41463846984732
:10D220000028FFF6ACAB0235079BFFF799BB08233C
:10D230000027A2E7111D0D911BF480711068AFD07B
:10D240001BF400711ABFC0B2214680B2A8E72BF0D0
:10D25000060B1FFA8BF90DF1380B44E729F0110981
:10D260001FFA89F934467BE79146AAE75C4650E706
:10D270005C4675E7CDE904234146039B202098478F
:10D280000028FFF67CAB049A059B01329245F1DC45
:10D290002C1BA5181446EBB1039B41463020984740
:10D2A0000028FFF66CAB67B901352F462E44F31BFF
:10D2B0005B4521DC5D460EAE55BB5F44C8E65E466D
:10D2C00093E7023541463846039B98470028ECDA3D
:10D2D000FFF755BB40F2064319EA030FE5D019F0FA
:10D2E000020F14BF2B20202019F4806F05F10105D7
:10D2F000414618BF2D20E7E7039B41463020984761
:10D30000002807F10107D2DAFFF739BB1342010009
:10D31000013D039B705D414698470028CCDAFFF73A
:10D320002EBB039B414620209847002805F10105AC
:10D33000FFF625AB631B002BF3DC75E71FB502ABD3
:10D340000093074A4FF0CC3303F00FFDDDE90201F3
:10D35000C00840EA4170C90805B05DF804FB00BF91
:10D36000CDCCCCCC2DE9F04F9BB0044605920A46BB
:10D370000A93C2F30A559DF890300B93D20FC1F374
:10D3800013030992090D7DB950EA03021BD1059AD6
:10D3900030235371099B156043F002031371012779
:10D3A00038461BB0BDE8F08F40F2FF7295424AD17B
:10D3B0000343099B059A14BF43F0080343F0040399
:10D3C00013710027ECE700F0010208924FEA83088E
:10D3D0000122AC4D48EA907887009A461646C5F17E
:10D3E000000B5846069200F011FAB5F1FF3FACBFB2
:10D3F0008146A0F10109ABEB090B09EB0503584687
:10D40000049300F009FA16A9A0F17D05584600F032
:10D4100023FA12AB069A0193A9EB050510AB029211
:10D42000009320462B4616AA514603F0E3FBB9F1C0
:10D43000010F04460D4600F2D280089B002B40F0FD
:10D44000C58001276BE043F4801A00F001024FEA27
:10D450008A080343A5F23545089248EA90784FEAD6
:10D46000800749D140F2FE7319420CBF0126002605
:10D47000002D3246B3DB284600F0C2F9032DC8BFA9
:10D480000138049000F0C8F9049B7C305D1B054412
:10D4900016A9184600F054FA12AB019310AB009392
:10D4A00020462B46029616AA514603F0A3FB049B86
:10D4B000152B04460D4600F2868014AB724A009389
:10D4C00038464FF0CC33414603F04FFC149B159A7D
:10D4D0009B0843EA827303EB8303BB42DDE9109AA6
:10D4E0000CD13846414600F09FF9049B83428CBF23
:10D4F00000270127002612E00126B9E7089B002B30
:10D5000051D1013F48F1FF31B81B61F1000100F03A
:10D510008BF9049B089F83428CBF002601260B9B3E
:10D52000002B40F09080DDF828B04FF00008CDE9E6
:10D5300006884FF00A0ADDE91001FFF7FFFE129B93
:10D540000E93CDE90C0118461399FFF7F7FE0C9BDB
:10D550000D9A0F9198420B469341814680F08D8041
:10D5600020462946FFF7EAFE0E9A0AFB09F393428A
:10D5700014BF002606F001060C9B10930D9BCDE90D
:10D5800011390F9B1393079BB8F1000F14BF0027AD
:10D5900007F0010701330AFB10485FFA88F8079388
:10D5A00004460D46C7E7B81C48F1000100F03CF9FD
:10D5B000049B83428CBF00200120B9EB00006AF17C
:10D5C0000002CDE9100200273E46A8E7109B119A01
:10D5D000013B42F1FF32CDE9103201278AE7B9F170
:10D5E0003E0FF0D84FF0FF33A9F1200003FA09F203
:10D5F00003FA00F0C9F1200123FA01F102430A43C2
:10D6000003FA09F327EA030728EA020857EA08079A
:10D610000CBF012700276DE700FB02FCA1FB0012F5
:10D62000013362448C4275EB020CF5D2049ADDF8AA
:10D6300028B01344259A1344012BB8BF01239B45FE
:10D64000A8BF9B4671E70A21002201230846E9E7AB
:10D650000AFB03F0A2FB0A2301310344944275EB59
:10D660000300F5D2594511DDBBF1000F02D154EA98
:10D6700005030BD00123069372E70A220023012140
:10D68000ECE700BFCCFBFFFFCDCCCCCC002E2FD0E5
:10D690004FF00A0A129B13990D931846FFF74EFE9E
:10D6A0000D9B0C910AFB00F29A42814620D1DDE9E4
:10D6B0001001FFF743FE0E900D9120462946FFF71B
:10D6C0003DFE0D9B0E9A1092CDE911390C9B1393E0
:10D6D000079BB8F1000F14BF002707F001070133C3
:10D6E0000AFB10485FFA88F8079304460D46D1E715
:10D6F000DDF81090079B9944002F59D0B8F1050F21
:10D7000056D114F0010349D1069A32B9DDE912234A
:10D710009D4208BF94425ED0069B18194FF00A0440
:10D7200045F10001002201262546A04271EB0207C7
:10D7300054D2E3B1B3451ADA0B9B63B1259ADDF8F5
:10D7400028B006EB0903134423EAE3739B45A8BF03
:10D750009B465E450BDD05304FF00A024FF000039B
:10D7600041F10001F3F7C2F909F10109013E5E45FB
:10D77000A8BF5E4637B20FFA89F9059B09FA86F60B
:10D7800007F10508013E98444FF00009B9452CDB2C
:10D79000059B1A461E60099B137101E6069B2BB977
:10D7A000DDE912239D4208BF944209D00123B4E76A
:10D7B000069B53B9DDE912239D4208BF944204D170
:10D7C000089B002BF2D1002EF0D0B8F1040F94BFCB
:10D7D00000230123A1E74FF00408F1E705FB02F75E
:10D7E000A4FB054201363A449FE70A220023F3F7DF
:10D7F0007DF9303208F8012D09F10109C6E700BFB3
:10D80000014B5843800C704741340100014B584391
:10D81000000D7047FB2E0B00024B5843C00C01302B
:10D82000704700BF4F9312000A4A70B503464FF08D
:10D83000CC3600204FF0333506FB03F402FB0144E5
:10D84000A3FB023121449D4275EB010401D3013059
:10D85000F2E770BDCDCCCCCC2DE9F04F1A23354E7C
:10D86000B0FBF3FA03FB1A0389B004460D4606EB3E
:10D870000A1653B9D6E90023C1E90023D6E902010B
:10D88000C5E9020109B0BDE8F08F2B4A02EBC303E2
:10D89000D3E9008904AB0093D6E902234046494608
:10D8A00003F063FA06AB0093D6E9002383460F46E4
:10D8B0004046494603F059FADDE9066216EB0B06CD
:10D8C00052EB07084FF0000328BF0123814633B114
:10D8D000049B059A013342F10002CDE9043220464F
:10D8E0000391FFF799FF07461A2000FB0AF0FFF7A4
:10D8F00093FF3F1A3246434603990097484603F088
:10D900004FFA4FEA141C0D4A640004F01E0352F84B
:10D910002C40DC4004F00304241841F10001C5E967
:10D920000041DDE9042300973046414603F038FA10
:10D93000A6E700BF1817010048160100581D010096
:10D940002DE9F04F1A27DFF8E4A000F11905B5FB27
:10D95000F7F56F433A1A4FEA051B89B004460E46A5
:10D960000AEB05150AD1D5E90023C1E90023D5E961
:10D970000201C6E9020109B0BDE8F08F2C4B03EBB0
:10D98000C203D3E9008904AB0093D5E902234046E2
:10D99000494603F0EAF95AF80B206B68013ACDE9E1
:10D9A000020106A963F1000300914046494603F0D5
:10D9B000DCF9DDE906528A4602996D18039952EBAB
:10D9C00001084FF0000328BF0123814633B1049BB7
:10D9D000059A013342F10002CDE904323846FFF7DF
:10D9E0001BFF07462046FFF717FF3F1A2A4643460C
:10D9F00000974846514603F0D3F94FEA141C0D4AEC
:10DA0000640004F01E0352F82C40DC4004F00304D0
:10DA10000134241841F10001C6E90041DDE9042385
:10DA200000972846414603F0BBF9A2E7E81701003A
:10DA300048160100AC1D01005A4A8A432DE9F04105
:10DA40000B4606460F4616D1002908DA00F0ACF85E
:10DA500028B130463946BDE8F04100F0C9B8324639
:10DA60003B4630463946F2F751FB06460F463046F4
:10DA70003946BDE8F0810029044615DC21F000425A
:10DA80000243F4D00029E6D10022002B70D00021FF
:10DA9000DE0271D5481E121A21B1C1F1200024FA0C
:10DAA00000F003438C4001E00A15EDD0C3F31303EB
:10DAB000D50743F480135CBF5B0003EBD473A2F281
:10DAC000FF3058BF64005B00002703EBD4734010A5
:10DAD00064004FF0160EB8464FF4001208EB020136
:10DAE0009942DEBF5B1A02EB0108BF185B00BEF172
:10DAF000010E03EBD4734FEA52024FEA4404EDD116
:10DB0000F44620254FF00041984501EB0E0236DB2C
:10DB10000BD1A24209D8002A01EB020E02DABEF1B3
:10DB2000000F33DA0023A41A8C445B00013D03EBA1
:10DB3000D4734FEA51014FEA4404E5D1234308D09E
:10DB4000BCF1FF3F13BF0CF101030137AC4623F0DA
:10DB5000010C7A104FEA5C03F90702F17F5202F5DB
:10DB6000001248BF43F0004302EB00571E467EE719
:10DB7000E30A153A640588E75B00013188E7002A6B
:10DB800001EB020E0BDABEF1000F08DB08F1010613
:10DB9000A242A3EB080300D9013BB046C3E74646C7
:10DBA000F6E700BF0000F07F0B4631F0004107D1DF
:10DBB00090B10D4A1A40002A14BF04200320704778
:10DBC000094A13420AD0094B994209D9914209D115
:10DBD000B0FA80F040097047022070470320704778
:10DBE00004207047002070470000F07FFFFFEF7FA8
:10DBF00008B5FFF7D9FF0149002008BD0000F87FF4
:10DC00007047836800EBC101B3F5004F2CBF51F89A
:10DC1000220031F81200704700EBC1018068B0F5B6
:10DC2000004F2CBF41F8223021F81230704708B560
:10DC30000122FFF7E6FFD04008BD8368B3F5004F2F
:10DC400000EBC10108D34B681AB143F001034B60EC
:10DC5000704723F00103FAE74B881AB143F0010340
:10DC60004B80704723F00103FAE753000122FFF7CE
:10DC7000D3BF8368B3F5004F34BF04230823481C87
:10DC80000833A0EBD300B0FA80F0C0F11F0070475A
:10DC90002DE9F0410D4686680446FFF7C8FFB6F54A
:10DCA000004F014601D3012832D02046FFF7E1FFA3
:10DCB00004EB80010E6996B9E368012282401343A8
:10DCC000E36002220D612B4629462046FFF7A4FFA0
:10DCD000032229462046BDE8F041FFF79DBF0222FE
:10DCE00031462046FFF78DFF29460346074620466A
:10DCF000FFF792FF0322334629462046FFF78CFFA9
:10DD000039462B462046FFF787FF02223146E1E7DE
:10DD1000BDE8F081B2F5802F2CBF08230423D21A6E
:10DD20002DE9F0418C18CD1D25F0070524F00704DE
:10DD3000641B0026E40805602146AC60EE602846BE
:10DD4000FFF797FF421D9200013002F107074FEAEB
:10DD5000D707A2F110023146B8BF324605F11000D4
:10DD600003F065F83A4631462846FFF77EFF334612
:10DD7000324631462846FFF74FFFA4EB07082846F6
:10DD800031460122FFF759FF42463946FFF76DFF42
:10DD90003B46324639462846FFF73EFF2146284695
:10DDA000FFF763FF4346324621462846FFF734FF1C
:10DDB000214628460122FFF740FF3946BDE8F041E1
:10DDC000FFF766BF2DE9F04706460D461746984611
:10DDD0002BB398F8004093F80190DB78A40004EB93
:10DDE000430498F802301C4444444FF0000ACA45EA
:10DDF00009D3D8F8042008F1080339463046AC4668
:10DE0000BDE8F047604714F8013B48F8234020463E
:10DE1000F2F790FE013004440AF1010AE7E76FF0DF
:10DE20001500BDE8F08770B5002502462846144667
:10DE300014F8013B0BB9184609E098B18D4207D19F
:10DE4000702B04D0A3F140023A2A0BD8002070BDF9
:10DE5000A3F140063A2E05D853780135941C002BC7
:10DE6000E9D00020252B08BF80F001002246DEE724
:10DE7000002070470FB407B504A951F8040B0191B5
:10DE800000F06FFB03B05DF804EB04B0704710B511
:10DE90000369024613F0080009D11368D4689C4254
:10DEA00097BF126AE31AD31A01200B6010BD00233A
:10DEB0001846FAE713B501A90446FFF7E8FF20B1B9
:10DEC000019BE268013B13440193206A019BC01A45
:10DED000013802B010BD10B5044650182269236AFB
:10DEE000D20702D5013B184010BD984228BFC01A86
:10DEF000FAE710B504460A46C168FFF7ECFF23694C
:10DF0000E06023F00803236110BD38B50D46C269F7
:10DF10008B00016843F0020342F821300446016897
:10DF20002A46FFF7D8FFE36861682060984202BF85
:10DF3000236943F0080323612A462046FFF7CBFFFD
:10DF4000606038BD2DE9F74FC768C6699B4606EB90
:10DF50008703009316F8273003F00303022B0446CF
:10DF6000884691464FF000030BD01360CBF8003089
:10DF700023699B0713D44FF0000A504603B0BDE855
:10DF8000F08F56F8271013608908CBF80030EFD0D7
:10DF9000FFF7AFFFE368A3604FF0010AEDE7A36965
:10DFA00006EB8700984716F8272012F0010A05466D
:10DFB000E1D012F002021FD0B8F1000F03D04146A9
:10DFC0002046FFF7A2FF61682A462046FFF783FF3D
:10DFD000D4E902219142606006D12A462046FFF72B
:10DFE0007AFF4FF0000AA060A2682260E260226916
:10DFF00042F008022261C0E7014620460192FFF785
:10E0000078FFE368A360B8F1000F04D02168E369EA
:10E01000019A43F8212005EB0802CBF80020216883
:10E020002046FFF758FF2369206043F0080323616F
:10E0300016F827306FF3000306F82730009BC9F865
:10E040000030A9E770B504461546FFF744FF236882
:10E05000834205D12369216023F00803236170BD49
:10E06000E269AB0043F0020342F8213020466168C8
:10E070002A46FFF730FF6060F1E738B503695B07B8
:10E08000044606D5456AFFF715FF85422CBF656239
:10E09000606238BD38B50D4604461C22002102F0EE
:10E0A000C6FEEB68A361AB6863612B68E3616B68D4
:10E0B0002362002262622A6923B1591E194208BFF5
:10E0C00042F001022261012204F128000021BDE892
:10E0D000384002F0A2BA2DE9F04F87B00025009336
:10E0E000036A03958B4204460E4692460595A9465F
:10E0F00039D3EFF3118B202383F31288BFF36F8F93
:10E10000059AD8462AB129462046FFF79BFF0023EF
:10E11000059304A92046FFF7BAFE0499B1420746C9
:10E120002AD32268E36913F8221021F0030103F8CF
:10E13000221003EB8209216832462046FFF7CBFE0E
:10E14000E3682060984212D0002788F31188BFF35B
:10E150006F8F039929B162690AB120469047002365
:10E160000393002FC5D1484607B0BDE8F08F23695F
:10E1700043F008032361E7E718B12046FFF7C5FE27
:10E18000E3E7009B5AEA03021CD0019102F0E2FA95
:10E190000199B8B9BBF1000F14D187F31188BFF30F
:10E1A0006F8F009B524604F12800FCF71BFEEFF333
:10E1B0001188202383F31288BFF36F8FB0FA80F7A2
:10E1C0007F09C2E705AB03AA20462568FFF7BAFE20
:10E1D0000746BAE770B50446836908460D46984776
:10E1E0000246EFF31186202383F31288BFF36F8F6B
:10E1F0002B7843F001032B7061682046FFF76BFE1C
:10E2000060602046FFF739FF86F31188BFF36F8FF8
:10E2100070BD2DE9F041044620270020EFF3118660
:10E2200087F31288BFF36F8F236913F0080FA36879
:10E2300002D16268934200D9226AE169D21A5AB9BE
:10E2400086F31188BFF36F8F18B104F12800FCF733
:10E2500095FD4FF0000834E011F8232012F003057B
:10E2600001EB8308ECD0022D03D151F82350AD0807
:10E2700005D1D00713D4A369404698470546A16845
:10E280002A462046FFF727FE2946A0602046FFF7D2
:10E2900030FE86F31188BFF36F8F0120BEE742F096
:10E2A000020201F823204046A369A5689847294641
:10E2B00002462046FFF70FFEA06086F31188BFF3E9
:10E2C0006F8F4046BDE8F081F8B504468369084683
:10E2D0000D4698470646EFF31187202383F31288F3
:10E2E000BFF36F8F2B786FF300032B7023699B07AD
:10E2F00005D5E268E36903EB82039D421AD12B78CE
:10E300006FF341032B70D4E90231994204D13246B4
:10E310002046FFF7E0FDA06031462046FFF7E9FD0B
:10E3200087F31188BFF36F8F04F12800BDE8F84030
:10E33000FCF724BD2B6860F39F032B60F0E7EFF33D
:10E340001181202383F31288BFF36F8F036913F0C9
:10E35000080F836802D14268934200D9026AD31A37
:10E3600081F31188BFF36F8F181E18BF012070470B
:10E37000038B13F0070305D10368002B0CBF0020AB
:10E3800003207047022B05D1408BB0FA80F0400982
:10E3900080007047012B05D10368002B0CBF0020C3
:10E3A000052070470020704710B50C4600B111B928
:10E3B0006FF0150010BD081D00F093F80028F9D18A
:10E3C000A368032BF6D9F3E72DE9F0410D46074684
:10E3D0001946281D90461E4600F094F8044638B1B0
:10E3E0003346424629463846A446BDE8F0416047D8
:10E3F000BDE8F08110B4EFF31182202484F3128879
:10E40000BFF36F8F416110BC0121F3F785BB38B5B5
:10E410000C46054658B151B10B6843B14B6833B156
:10E420001C22002102F003FD2C61002038BD6FF09A
:10E430001500FBE770B505460E46FFF7B5FF041E55
:10E4400014DBEFF31182202383F31288BFF36F8F65
:10E450006B8B2C8B4FF6FF718B4204F0070407D1B6
:10E4600082F31188BFF36F8F6FF00A04204670BDEE
:10E47000022C0CD101336B8382F31188BFF36F8FB1
:10E480000023224631462846FFF79EFFEEE7062C82
:10E4900014D8DFE804F004131313041A0400002353
:10E4A00033606B683BB9C5E90066ACB90221284608
:10E4B000F3F732FBDAE71E606E60F6E782F311884D
:10E4C000BFF36F8F6FF00404D0E782F31188BFF3BE
:10E4D0006F8F6FF08504C9E782F31188BFF36F8FE8
:10E4E000C4E7034658B1426802F00302012A03D090
:10E4F000032A04D1026812B10020986070476FF0BF
:10E50000150070474268816002F00302032A4FF051
:10E51000000203460CBF006810465A6070477047FF
:10E5200003785B075FBF03684288C3F34A2303EBAA
:10E5300012105DBF173020F00700800800207047E0
:10E540000020704701F030B90346BFF35B8F53E8FA
:10E55000000F421C43E800210029F8D1BFF35B8F74
:10E5600070471FB50023CDE90201CDE900331A46FB
:10E5700019461846F3F7EEFF05B05DF804FB0120DD
:10E58000F3F7AEBC0020704718B140680079F3F78C
:10E59000B9BE4FF0FF30FAE738B5436804460D4680
:10E5A000DA711146F3F70CFF63681D60636801229E
:10E5B0005A71BDE83840F3F785BC70B515460C4676
:10E5C00069B1D2E901369B1B99420AD813680A4601
:10E5D0000146981902F003FCAB682344AB60204667
:10E5E00070BD6FF01B00FBE770B50E46154619466F
:10E5F000044618B9BDE87040F3F772BC33B1C2F3FA
:10E600004A231030120D184402F0E9FBC4E9005609
:10E610002046BDE87040F3F71BBEF8B506460D4630
:10E6200014461F4604B9F8BD214628463A46B0476D
:10E63000241A0544F6E710B5426881680446D2E919
:10E6400000230068FFF7E9FF636800221A6010BD2D
:10E6500038B54B681A68CB689A4205460C4602D119
:10E660000846FFF7E8FF6368BFF35B8F53E8002FAE
:10E67000511C43E800100028F8D1BFF35B8FA3685A
:10E680009D54002038BD0A2838B504460D4602D1F5
:10E690000D20FFF7DDFF29462046FFF7D9FF0020B8
:10E6A00038BD2DE9F043054687B008460E8891F83D
:10E6B0000090D1F808800C461746F3F7ADFF011E15
:10E6C000C6F38216C9F3C2091EDB4846F3F7D2FD32
:10E6D00003462146608851F8102B0196C2F34A2266
:10E6E000002A01EB0204C0F30B1008BF0021002236
:10E6F000CDE90407CDE90214009241462846F3F71C
:10E70000B7FF07B0BDE8F0830023E2E708B50120BA
:10E71000F3F7ECF908B50020F3F7E8F90B6883424A
:10E7200004BF01230B71704710B500201C4601F097
:10E73000A7FE2060002010BD08B519B14068083060
:10E7400002F06FF9002008BD10B5446B0020FBF704
:10E75000DDFF28B12368216C0020BDE81040184778
:10E7600010BD08B54068083002F05BF9002008BD14
:10E7700010B50346BFF35B8F53E8000F40EA010278
:10E7800043E80024002CF7D1BFF35B8F10BD10B518
:10E790000346BFF35B8F53E8000F00EA010243E832
:10E7A0000024002CF7D1BFF35B8F10BD042100F5CE
:10E7B0001B70FFF7DDBF00F51F70FCF7DFBA4FF0ED
:10E7C000FF324FF0FF3300F51F70FCF70BBB00F575
:10E7D0001B7019B14FF40061FFF7CABF6FF40061FD
:10E7E000FFF7D5BF08B500F51A7029B10121FFF771
:10E7F000BFFF00F0010008BD6FF00101FFF7C7FF88
:10E80000F7E773B5044680680E46154600F51C70A0
:10E8100000220023CDE9002302F08CF958B1A06852
:10E8200000F51C70314602F081F920462B4602B0FB
:10E83000BDE87040184702B070BD38B5054688681D
:10E840000C4600F51C7025B90121BDE8384002F0E6
:10E850006AB9082102F067F9012D07D1A0680221E9
:10E86000BDE8384000F51B70FFF782BF38BD08B522
:10E8700000F51F70FCF7B6FAB0FA80F0400908BD49
:10E8800010B504468068012100F51B70FFF770FF8A
:10E89000A3681B79022B02D12046F4F7C7FDA068BC
:10E8A0006FF00101BDE8104000F51B70FFF76FBF6E
:10E8B000F8B5044680681F460379022B0D461646BC
:10E8C00007D0BDE8F8404FF4805100F51B70FFF70A
:10E8D0004FBF40F267620023FFF7C9FF48B3A36848
:10E8E000D3F86C22100508D49A6B32B9D3F8683289
:10E8F000990602D5204600F045FA3B4632462946A5
:10E90000204600F08AFAA368D3F86C22120508D4D6
:10E910009A6B32B9D3F868329B0602D52046F5F7D8
:10E92000FBF8606900F042F8A068BDE8F840FFF726
:10E9300042BFF8BD0EB403B503AB082153F8042B56
:10E940000193FFF7B5FF02B05DF804EB03B0704729
:10E950000EB403B503AB032153F8042B0193FFF767
:10E96000A7FF02B05DF804EB03B070470EB403B527
:10E9700003AB012153F8042B0193FFF799FF02B079
:10E980005DF804EB03B0704710B540F267620446CF
:10E9900000238068FFF76BFF38B12046F4F7D4FB03
:10E9A000A068BDE81040FFF706BF10BD10B50269B2
:10E9B0008368126801680446C0689847236900228A
:10E9C0001A6010BD38B5CB681B7C022B05460C467F
:10E9D00004D10A2802D10D20FFF7F4FF2369226831
:10E9E0001B68D554226913680133136023691A68C0
:10E9F00063689A4202D12046FFF7D8FF002038BD55
:10EA000008B510B1F2F796F880B208BD10B5047BD6
:10EA1000438922442144B2FBF3F003FB1022B1FBF3
:10EA2000F3F003FB1010101A10BD10B5047B4389DE
:10EA300021441019B1FBF3F1B0FBF3F0401A10BD03
:10EA400030B5057B43892944B1FBF3F403FB141172
:10EA500001312A4401340180B2FBF3F103FB11229E
:10EA6000848001324C1CC480428030BD2DE9F74FB8
:10EA7000002607468846144699460660B246237823
:10EA8000002B00F0BF80202B3AD0093B042B37D954
:10EA90003B685A1C3A6048F823403B684B4500F0FD
:10EAA000B18000262278002AE9D0A6B9164623466E
:10EAB0001C46272E04D05C2E25D0222E40F09680B6
:10EAC0002046FFF79DFF611C0246204602F095F9A3
:10EAD0002278002AD3D0B242A34604F1010420D107
:10EAE0005846FFF78DFF21460246584602F085F949
:10EAF0009BF800605C46002ED9D1C0E70026BEE737
:10EB000004F801ABBBE72046FFF77AFF651C02461D
:10EB10002946204602F071F966782C46002EC8D1AD
:10EB2000ADE75C2A9BF80120D3D1B242104608D150
:10EB30005846FFF765FF21460246584602F05DF948
:10EB4000B0E7302A25D1022300251BF80300A0F1ED
:10EB50003001C9B2072919D8ED000133EDB2052BF8
:10EB600045EA0105F1D1591E5944584601930091D7
:10EB7000FFF746FF019B0099023BC21A584602F07C
:10EB80003CF99BF801208BF80050A2E7DBB2022B86
:10EB9000E9D1782825D1022100251BF80130A3F105
:10EBA0003000C0B2092808D82D01EDB20543022972
:10EBB00001D00423D7E70321EFE7A3F16100052883
:10EBC00005D82D01EDB2573B1D43EDB2EFE7A3F1A0
:10EBD0004100052803D82D01EDB2373BF4E70229A7
:10EBE00002D10BF1010474E70323BCE7202E85D08A
:10EBF000093E042E82D96678631C002E7FF458AF3C
:10EC00001C463CE7304603B0BDE8F08F2DE9F041EB
:10EC10000F4686B01646044670B1034601AC00F1BB
:10EC2000100518685968224603C20833AB421446DF
:10EC3000F7D11868106001AC4FF000084146324629
:10EC40002046F4F71BFE08F10108054628B12968A3
:10EC50003846F1F765FF0028F0D1284606B0BDE838
:10EC6000F0810EB403B503AA52F8041B0192F4F725
:10EC7000F1FD02B05DF804EB03B0704738B504460F
:10EC8000B0F84450006810B1F1F754FF80B2401959
:10EC900007D0638DB0FBF3F203FB1200B0FA80F0F3
:10ECA000400938BD704738B58468D4F86832B4F884
:10ECB00046502068C3F340035D4310B1F1F73AFFBB
:10ECC00080B2638D2844B0FBF3F203FB1200B0FA6C
:10ECD00080F0400938BD10B504468068B0F8442083
:10ECE000B0F846102030FFF7ABFEA068FFF7C6FF74
:10ECF00020B16069BDE81040F4F722BE10BD38B500
:10ED0000054680680C46B0F84610B0F84420203024
:10ED10000C44FFF795FEA868A4B2B0F8461022464E
:10ED20002030FFF782FEA8682246B0F84610203057
:10ED3000FFF76CFEAB68A3F8464038BD8368B3F8B4
:10ED40004610494209B2FFF7DABF8368B3F84410AE
:10ED5000B3F84630C91A09B2FFF7D1BF8368B3F8D8
:10ED600046301BB14FF0FF31FFF7C9BF70478368D2
:10ED7000B3F84620B3F844309A4202D20121FFF79B
:10ED8000BEBF70478068B0F84420B0F8461020300D
:10ED9000FFF756BE2DE9FF4105460F4614460026F3
:10EDA000A4B904B0BDE8F081D3F86C229207FBD57A
:10EDB000BFF35B8F03F51B7353E8001F21F00201C3
:10EDC00043E80012002AF7D1BFF35B8F686803683D
:10EDD0002246D3F80C80B91903ABC047039A1644F6
:10EDE000A41A002ADCD1AB6819790329EED00229D4
:10EDF000DAD84FF0FF304FF0FF31CDE900010821A4
:10EE000003F51C7001F096FEA86800F51C7008213F
:10EE100001F08CFEDAE7FFF7BDBF114640691A46E4
:10EE2000F4F718BD0CB407B504AA406952F8041BE6
:10EE30000192F4F70FFD03B05DF804EB02B07047E8
:10EE40002DE9F0418768B7F84460B318FF2B0546F9
:10EE50008846144626DCB7F84630F61A4A331F4473
:10EE6000B6B232463946381901F0C7FF224641464C
:10EE7000384601F0B4FFAA68B2F844302344A2F83F
:10EE80004430AB68B3F844201344002283F84A208E
:10EE9000AB68D3F86812890706D4B3F84620144447
:10EEA000A3F84640BDE8F08131462846BDE8F04170
:10EEB000F4F788BD38B505468068B0F84620B0F84C
:10EEC0004440A41AA4B29CB14A321044411C2246C8
:10EED00001F093FFAA68B2F84430013BA2F8443035
:10EEE000611E28460122BDE8384089B2F4F76ABDA8
:10EEF00038BD10B58368B3F8442004465AB1B3F85E
:10EF0000463043B14FF0FF31FFF7F9FE2046BDE830
:10EF10001040FFF7CFBF10BD70B592B0002305467B
:10EF200001934FF47A746868036840221E6902A94D
:10EF300001ABB047019B13B108B9013CF3D112B04A
:10EF400070BD0EB403B503AA52F8041B0192F4F786
:10EF500081FC02B05DF804EB03B070472DE9F84383
:10EF6000054690460F46002960D000243B5D202BCB
:10EF700023D0093B042B20D93846F1F7DBFDAB68E1
:10EF8000598D80B2001BA1EB0803984207EB0409DE
:10EF900015D94846002610F8012B202A06D0A2F1E8
:10EFA000090CBCF1040F02D80A2A2ED0334608EB14
:10EFB0000602914228D90136EDE70134D6E74B46E7
:10EFC0000026B04208D168694946FFF7BAFF686970
:10EFD000BDE8F843F4F7B8BD13F8012B0A2A11D1A4
:10EFE0006869FFF7E3FC324649462846FFF7D2FE40
:10EFF000013434446869F4F7A7FD41462846FFF719
:10F0000051FEB9E70136DCE71E466869FFF7CEFC22
:10F01000324649462846FFF7BDFE34443B5D202B6F
:10F0200002D0093B042BE5D80134F7E7BDE8F883AB
:10F0300008B50020F2F75AFD01F0F9BE01F0CFBE8D
:10F0400001460068F4F776BF08B5F5F70FF8BDE89C
:10F050000840F5F72FB80023F3F7F0B9002101209D
:10F06000F4F768BF6FF08500704761B662B680F351
:10F070001188BFF36F8F704772B6002383F3118836
:10F08000BFF36F8FBFF34F8F30BF62B6BFF36F8F89
:10F09000704772B6002383F31188BFF36F8FBFF3FD
:10F0A0004F8F20BF80F31188BFF36F8F62B6704718
:10F0B000202809D9B0F1004F08D80138B0FA80F003
:10F0C000C0F11F0040007047082070473E20704785
:10F0D00008B5D1E904319847002008BD08B5F5F717
:10F0E00097FF002008BDFBF749BE0023F3F7A6B940
:10F0F0000023F3F7A3B930B58BB014460DF1070226
:10F10000049201220592002203468DF8182003AADA
:10F110008DF8071007920721022200689B88089249
:10F120008DF824109DF82410856811438DF8241063
:10F13000AD6804A9A84718B9BDF80C305BBA2380A4
:10F140000BB030BD1FB503468DF80210080A03212D
:10F150000122029102218DF801008DF8002018682B
:10F16000CDF804D09B888DF80C109DF80C108468A5
:10F1700041F002018DF80C10A46801A9A04704B069
:10F1800010BD10B403460838BFF35B8F50E8002F62
:10F19000511C40E80014002CF8D1BFF35B8F12B96A
:10F1A00010BCF6F7D5BC6FF00F0210BC9A65704723
:10F1B0000369C9B20C2201FB0233186C00F007008E
:10F1C000704770B5C9B20369EFF31185202484F349
:10F1D0001288BFF36F8F0C2606FB0134246C14F0E9
:10F1E000C00408D0A24206D085F31188BFF36F8F08
:10F1F0004FF0FF3070BD71430B4401221A6485F358
:10F200001188BFF36F8F43680B445B6898470020F9
:10F21000F0E78022FFF7D5BFF8B5069F0469C9B2B1
:10F22000EFF31186202585F31288BFF36F8F0C252D
:10F2300069430C44256C05F0070CBCF1010F0BD1A0
:10F24000276486F31188BFF36F8FC4E90E234368E8
:10F250005B5898470020F8BD05F0C005AF4286F323
:10F260001188BFF36F8F0CBF6FF077004FF0FF3046
:10F27000F1E713B580240094FFF7CEFF02B010BD74
:10F2800010B40069CBB21C2403FB0400002110BCA5
:10F2900010471046FBF772BD00F0AEBBF9F748BD52
:10F2A00010B50C4600F089FE0023C4E9000318469F
:10F2B00010BD38B505460C4600F07FFE002D07DB7B
:10F2C000A84205D9401B84428CBF0020012038BDD4
:10F2D0000020FCE770B50D462846194616461C4628
:10F2E000FFF7E7FF28B921462846BDE87040F7F749
:10F2F00027B824B122462946304601F070FD00208F
:10F3000070BD43685B68D3F810350B600020704710
:10F3100043685B6802EA010021EA0201C3F80805BC
:10F32000C3F80C150020704743685B680020C3F8E1
:10F330000815704743685B680020C3F80C157047D8
:10F3400043685A68D2F8043521EA03000B40C2F83A
:10F350000805C2F80C350020704710B503695868DD
:10F36000F8B1884219D19C6808685860A14200D160
:10F370009860002008602AB15A680A609A6859604B
:10F3800002B99960002010E0814206D1086820602F
:10F3900098688142EDD19C60EBE704460068002844
:10F3A000F2D1002AE8D16FF0150010BDF9F7D4BDF5
:10F3B00037B50446002201210320F5F7A7FB636857
:10F3C0005D6901AA0021284600F086F800280DDBBF
:10F3D000019B2A6819791868F7F764FB002805DB98
:10F3E000204603B0BDE83040F7F79CBA03B030BD0B
:10F3F00002780B69012A07D0022A08D052B95A664E
:10F4000003F15400FBF7BABC6FF00402F7E76FF0AA
:10F410000A02F4E76FF08B02F1E72DE9F04F05697E
:10F4200085B006460C469046039305F144094FF01B
:10F43000FF324FF0FF334846FBF7D4FC05F1540A86
:10F44000002200235046FBF7CDFC284600F05BFF6E
:10F45000002708F1FF3BB84501D8002322E0BB4557
:10F4600088BF237D217A86BF83F00403C3F3800322
:10F4700000230193039B0093D4E900233046F7F760
:10F48000B7FA034670B94FF4804200235046FBF7A9
:10F49000A9FC98B12846FAF74FFF304600F014F85F
:10F4A0006FF0040328460393FAF746FF4846FBF73C
:10F4B00065FC039B184605B0BDE8F08F6B6E0C34FD
:10F4C000002BEDD10137C6E703691B68D3F80805A7
:10F4D000D3F80C15FAF7ACBF30B543681360057A62
:10F4E000446804EBC504A34202D36FF0010030BDB1
:10F4F0005C798C4201D00833F0E70020F7E7002266
:10F5000001210420F5F702BB10B50B6813B9136095
:10F51000184605E003685C681CB11460036818684D
:10F5200010BD083303600B68013B0B60EDE700235F
:10F53000F2F784BF13B501AA0446FFF7CDFF0028F8
:10F5400005DB019B226819791868F7F7ABFA02B05E
:10F5500010BD03460A4600681979012303FA01F138
:10F5600003691B68194218BF82F0010212B1836857
:10F57000DB68184783681B69FBE710B50446006821
:10F58000D0B1037DC3B149B101210830FFF7E1FFDC
:10F5900023681869BDE8104000F096BF12B983884F
:10F5A000DB0409D4006900F08FFF20680021BDE86A
:10F5B00010400830FFF7CDBF10BD10B5012200216B
:10F5C0000446FFF7DAFFA36933B9636004F1100062
:10F5D000BDE81040FBF7D2BB10BD10B50069C36A8F
:10F5E0008B420AD1826A93420AD190F8844054B97E
:10F5F0002830FFF7E2FF204610BD6FF07700FBE7F1
:10F600006FF01500F8E76FF00F00F5E738B5056902
:10F610000446A96505F14800FBF7B0FB002285F818
:10F62000842020691146BDE838402830FFF7A5BF87
:10F63000F0B504694568226FA36F85B006467ABBB2
:10F64000002B4ED02D8EE06E676F9D4228BF1D4669
:10F65000636F5BB1A26F4AB107F06042B2F1005F25
:10F6600004D0082DD4F88C7028BF0825E26EC4F8A9
:10F6700080501AB1226F002A18BF2A4601921BB18E
:10F68000A36F002B18BF2B4600906946002220462E
:10F6900003930297FAF736FC014618BB05B0F0BD9C
:10F6A000E16E676F2D8E0846BBB1934228BF1346AB
:10F6B0009D4228BF1D460029CAD001F06043B3F126
:10F6C000005FC5D0082D28BF0825D4F888002A4639
:10F6D00001F085FBD4F88800BAE7954228BF1546AB
:10F6E000E9E71946304605B0BDE8F040FFF78EBFA8
:10F6F000F0B587B001238DF8023002238DF8043075
:10F700006B4403930E4601AB0DF103010027054640
:10F71000029104930597F9F713FC041E0BDB03AA6F
:10F720003146284600F087FA041E07DA9DF80310D8
:10F730002846F9F7FFFB204607B0F0BD3C46FAE744
:10F74000F8B50C46054600F036FC00222146064678
:10F75000284600F0DBFB03212046F7F7EBFD00F025
:10F7600023F807462B689B5953B1002621462846AB
:10F7700000F01FFC20460121F7F7DCFD3046F8BD04
:10F7800000F012F8C01B0628ECD96FF07306EDE705
:10F7900000F150039B009BB203F1804303F58833D3
:10F7A00000221A601B68704708B5F7F759FE08BDBC
:10F7B000002070470023F2F741BE10B586B00092DA
:10F7C00003930122089B01920493002207238DF8E2
:10F7D00008208DF814309DF81430826843F002033D
:10F7E0008DF8143094680B4602226946A04706B093
:10F7F00010BD10B484682468A44610BC60474368F8
:10F8000020330B600123136070470023F2F716BE0C
:10F810000A46014651F8040B0023FFF7EABF70B512
:10F8200005694668044605F1100000F080FF4FF0BE
:10F83000FF334FF0FF322846FBF7D4FA95F84030FB
:10F840003BB1B28F6068AB21F8F7D2FA002385F89C
:10F85000403070BD10B50446FBF790FA04F110007B
:10F860004FF42032BDE810400023FBF78BBCF8B505
:10F87000466B04467768A0F110054FF0FF334FF058
:10F88000FF322846FBF7AEFA7A8F70687921F8F7D5
:10F89000AFFA012384F830302846BDE8F840FBF782
:10F8A0006DBA13B5044660680DF10601F8F736FB32
:10F8B00018B9BDF806301B06F5D502B010BD0023FF
:10F8C000F2F7BCBDF0B4034600681979DB8806691D
:10F8D00087683468DA0754BF43F4B01383F4D01355
:10F8E00001258D4023F48012DB074CBF2C43AC4331
:10F8F00034603B68F0BC18470023F2F79FBDFCF76B
:10F9000073BC08B5F4F702FAF4F7D6FABDE808407C
:10F91000FCF76ABC03460020184700F0D5BD10B5BF
:10F9200002461168B1B1BFF35B8FB1FA81F3C3F145
:10F930001F000123834021EA030352E8004F8C4259
:10F9400004D142E8003CBCF1000FF6D1BFF35B8F5D
:10F95000E7D110BD6FF00B00FBE710B50368CB409B
:10F96000DB0714D401238B400268BFF35B8F43EAAB
:10F97000020150E8004F944204D140E8001CBCF161
:10F98000000FF6D1BFF35B8FEED1002010BD6FF0FA
:10F990001500FBE710B1012802D07047F9F7C8B98C
:10F9A000F9F778B918B1012803D100F00AB800F0CE
:10F9B00023B8704708B5F9F789F9BDE80840F9F7A9
:10F9C000F7B9F9F72DB938B54FF080440223C4F8E0
:10F9D00008330123E3600023C4F80431D4F8043170
:10F9E00042F21075D4F81834DB0304D50120FFF778
:10F9F00094FF013DF6D138BDFFF7E5BFF7B50190A3
:10FA000001A8DDE9084716461D46F9F709FA019BEA
:10FA1000B6F1000C18BF4FF0010C00EB83000B1E79
:10FA200018BF0123002D43EA4C0314BF4FF00C0C08
:10FA30004FF0000C002C43EA0C0314BF4FF4E06CB1
:10FA40004FF0000C002F43EA0C03D0F8002714BF3E
:10FA50004FF4403C4FF0000C43EA0C0322EA03034E
:10FA600001B109780EB13678760019430DB12D78C1
:10FA7000AD0031430CB12478240229430FB13F7803
:10FA80003F040C433C43C0F8004703B0F0BD1FB532
:10FA90000DF10F03019300238DF80F1000931A4608
:10FAA0001946FFF7ABFF05B05DF804FB10B504463F
:10FAB0000846F9F7C5F904EB4004A08AC0F34010EA
:10FAC00010BD10B504460846F9F7BAF904EB400436
:10FAD000A08AC0F3400010BD10B504460846F9F7EF
:10FAE000AFF904EB4004A08A400B10BD70B504468A
:10FAF00008461646F9F7A4F908300D4634F81030D8
:10FB0000DA0509D5C3F3432304EBC302314654F8A5
:10FB10003330526828469847A3682BB1E2683146D3
:10FB20002846BDE87040184770BD10B50446084629
:10FB3000F9F786F900B204EB4000838ADA051DD597
:10FB4000C3F3432123F4F853838204F1120204F136
:10FB5000720032F8023F13F4807F03D0C3F34323D3
:10FB600099420BD08242F4D104EBC10300225A60C7
:10FB700004F17800BDE81040FFF7EFBE10BD10B5EE
:10FB80000446FFF793FF40B12046FFF7A5FF00B200
:10FB9000800000F5807080B210BD4FF4BE70FBE7AE
:10FBA000F0B5034600F58074002005460127844621
:10FBB00095420AD1D3F87C2132B10022C3F87C21CE
:10FBC000D3F87C3140F00040F0BD25F0404607FA04
:10FBD00006F6314209D0D4F800E0BEF1000F04D09F
:10FBE000C4F800C0D4F800E0304301350434DFE746
:10FBF00038B504460D46FFF759FFB0B12046FFF770
:10FC000060FF90B92046FFF767FF22680123834019
:10FC1000C2F80833236800B203EB8003D3F8102541
:10FC200022F00302C3F8102538BD28460021BDE8A4
:10FC30003840FFF72CBF2DE9F043174685B0044646
:10FC40000846F9F7FDF8D7F800800E460546B8F1EA
:10FC5000000F1FD02046FFF734FF18B12046FFF7F2
:10FC600025FF30BB0023CDE900338DF80E308DF831
:10FC70000F300DF10F0243460DF10E013046FFF734
:10FC8000BDFE2AB204EB4202938A23F0020343F042
:10FC9000010393827B68002B34D03146204693F8D1
:10FCA0000080D3F80490FFF70CFF28B1B9F1000FE2
:10FCB0001FD06FF0150028E028B204EB4000838AC3
:10FCC00023F4604323F020038382B9F1000F10D0A6
:10FCD000B8F1030FEDD87B6821685B6893F800C02A
:10FCE00001EB8C01B8F1000F12D1C1F81085C1F8F9
:10FCF00010852AB204EB4202938A23F01C0343EAE4
:10FD000088039382BB684BBB002005B0BDE8F0833D
:10FD1000D1F8102522F00302C1F81025226802EB69
:10FD20008C03D3F8102522F44F3222F44072C3F82A
:10FD300010253202D3F8101502F47C5242EA084230
:10FD40000A43C3F8102504EB4C03A3F87C60838AB4
:10FD500043EA4C3343F020038382CAE7D3E90078B7
:10FD600031462046FFF7E1FE002FCDD063689F4269
:10FD700006D004F17800FFF7D2FD002804DAC4E7CA
:10FD8000A3689845F5D1002004EBC003C3E90178CE
:10FD90002DB204EB4505C0B2AB8A43EA402343F4DD
:10FDA0008073AB82B0E72DE9F043054685B0084685
:10FDB00017461E46F9F744F80C46804637B32846E6
:10FDC000FFF77FFE18B92846FFF770FE28BB0FFA31
:10FDD00088F905EB4909B9F8143013F01C0F02D06B
:10FDE0007B78012B19D001238DF80F300023CDE94A
:10FDF00000737A1CBB1C0DF10F012046FFF7FEFDBE
:10FE0000B9F8143043F00303A9F81430002E41D0A0
:10FE100021462846FFF755FE20B96FF0150005B0C2
:10FE2000BDE8F08337782B6803EB87030022C3F823
:10FE30001025C3F810250FFA88F205EB42024FEAAD
:10FE4000870C938A23F4604323F020039382707815
:10FE500000B32968B67861440004D1F8103523F462
:10FE6000991323F4F853C1F81035230200F44030FD
:10FE700003F47C5303433005D1F8105500F480108F
:10FE800003432B43C1F81035938A43EA473343F0C9
:10FE9000200393820020C2E7C0E90312704770B5C7
:10FEA00004461546FFF702FE48B10846F8F7C8FFBA
:10FEB00004EB40040020A38A5B0B2B7070BD6FF035
:10FEC0001500FBE738B590F88C4005469CB96022D8
:10FED0002146143000F0ABFF2868C0F87C41D0F810
:10FEE0007C3140F30730F4F7E1FD012385F88C30D5
:10FEF000AB67204638BD6FF07700FBE790F88C00C9
:10FF0000003818BF01207047F8F7D6BF2DE9F3413C
:10FF100004461746FFF7CAFD0D46266800B3204683
:10FF2000FFF7CFFD8046D8B92046FFF7D5FD05B2D3
:10FF3000AD0005F5807246F802802168B258294468
:10FF4000D1F8102542F00102C1F810252FB1216827
:10FF5000012202FA00F3C1F8043302B0BDE8F081D7
:10FF6000D6F80433002BA4BF4FF00043C6F8043387
:10FF70002846F8F765FF04EB4004A38AC3F3820325
:10FF8000042B12D0052B12D001A80195F8F748FFD9
:10FF9000019BD0F81015D94001F00101023128462B
:10FFA00002B0BDE8F041FFF772BD0321F7E702217F
:10FFB000F5E7FFF71DBEFFF7E2BD4FF080531A696A
:10FFC0005869504370474FF08053186970474FF09D
:10FFD000805358697047A1F5807310B59B080124C0
:10FFE00004FA03F318400CD001F1804101F5E0411F
:10FFF000086830B100200860096811681943116071
:020000021000EC
:10000000204610BD08B500210120F9F74FF900285E
:10001000F9D008BD08B50246F9F7EAF820B9BDE8FD
:1000200008401046F9F726BA6FF00F0008BD70B50A
:10003000A2F58074A408012606FA04F4054614EA21
:10004000010008D0A85830B10021A950AA581A6858
:1000500022431A60304670BD2DE9F3410023044667
:100060000D460193904601AB4FF4A672FFF7DFFFF8
:100070004FF4827229462046FFF7D9FF4FF48C7265
:10008000074629462046FFF7D2FF064630B1B8F1B1
:10009000000F1DD017B1D4F83C353E4601AB4FF4EC
:1000A000887229462046FFF7C2FF30B1B8F1000F31
:1000B00003D016B90FB1D4F83C3501AB4FF49072B0
:1000C00029462046FFF7B3FF019802B0BDE8F08152
:1000D0004646E3E707B5019001A8F9F723FD019A29
:1000E00001239340C0F8083503B05DF804FB07B561
:1000F000019001A8F9F716FD019A01239340C0F879
:100100000C3503B05DF804FB38B504461D4694F881
:1001100020309BB979B14869F9F754FD88B1C4E939
:1001200001252046F9F7A6FD0020012384F82100CF
:1001300084F8203038BDC4E90125F5E76FF0770079
:10014000F8E76FF01500F5E730B5D0F804312BB1C2
:100150000023C0F80431D0F80431012391F82F2096
:1001600022B30022C0F82421D0F82441C0F81C2179
:10017000D0F81C41C0F80821D0F80821002B79D014
:10018000002281F82D2091F82F20002A37D14D6BC5
:100190008C6AA5421FBF0523C0F80025C0F80035B2
:1001A000134683F0010381F82F3028E0D0F8244172
:1001B00014B1C0F824210EE0D0F81C216AB3C0F8B5
:1001C0001C41D0F81C214A6B01324A63D0F82451FB
:1001D00045B1C0F82441D0F824210122426181F8C0
:1001E0002F20CBE78C6AA24204D24C6AA25CC0F8F2
:1001F0001C25C3E791F82C201AB10123C36100200C
:1002000030BD0A6A12F0400F4FF0010203D0C26104
:1002100081F82D20F3E74261B0E7D0F80841002CC7
:10022000ACD0C0F80821D0F80841D0F82441002C07
:10023000BFD14A6B8C6AA242A0D24C6AD0F8185542
:10024000A5544A6B8C6A0132651EAA424A6308D1E2
:100250000A6A540602D40222C0F800220122026275
:100260008CE7A242FAD10A6A520687D5022381F8A6
:100270002D30C4E70120C3E7CB7B10B433B9D1E9FB
:1002800000420368C3F80845C3F80C2503688A6870
:10029000C3F8242543682BB1006810BC40F3073035
:1002A000F4F704BC10BC704770B50D4690F83210DE
:1002B000044629BBC160C0E9012380F8311080F8F1
:1002C000351080F83410B5B16B7B80F83C30AE7BD4
:1002D00080F83D605EB92868062303223146F9F7AD
:1002E0002BFF6868062303223146F9F725FF2946CC
:1002F0002046FFF7C1FF012384F83230002070BD93
:100300006FF07700FBE703680522C3F8002502239E
:1003100080F8323070472DE9F041014686B051F83F
:10032000048B04464046FFF70FFF002846D194F89F
:100330003350FDB9227C931E012B1BD8A06AE369C0
:10034000984217D1236AA362A369E362636A84F8BF
:100350003150C3F34013032A84F83030404604D1AF
:1003600006B0BDE8F041F9F70BBF06B0BDE8F041BB
:10037000F9F77CBF04F110070FCF01AE0FC63B6841
:10038000336065B1D8F8C454C8F8C454A90718D468
:100390006A0718D405F00105C5F10405EDB2002384
:1003A00084F83430636A8DF800505B0702D594F806
:1003B00033301BB1D4E901316846984706B0BDE837
:1003C000F0810125EBE70225E9E707B5019001A8D7
:1003D000FAF71EF8019A01239340C0F8083503B0DC
:1003E0005DF804FB0369C26893429CBF81685B1897
:1003F000013B981A70472DE9F041D0E90284054687
:10040000A8EB04064068964220440F46144404D9E1
:1004100000F0E5FCEC60BDE8F0813246A4EB080496
:1004200000F0DDFC68682246B919F1E72DE9F843D0
:10043000C5680646894617464FF000083369B46818
:1004400070689D4228BF1B19641BBC4203F1FF3337
:1004500028BF3C465B1B9C4228BF1C46494628449B
:10046000224600F0BCFCB3682544AB4208BF00251F
:100470003F1BA044A144F560E0D14046BDE8F883AD
:10048000F8B504460E46174600F011F83A46054600
:1004900031462046FAF76AF80446284600F00FF87D
:1004A0002046F8BD08B5FAF773F9002008BDEFF350
:1004B0001180202383F31288BFF36F8F704780F37E
:1004C0001188BFF36F8F704708B1F4F7D3BD704741
:1004D00010B5436904463BB90020E268537843F005
:1004E00001035370404210BD98470028F4D0002803
:1004F000B8BF4042E368FF28A8BFFF201870ECE7B0
:1005000040B1C368587810F001001EBF1878B0FAE7
:1005100080F040097047EFF31183202383F31288A2
:10052000BFF36F8FFEE74169826842EA010313F06F
:1005300003030FD1C3600369013B03FB0122002BBE
:1005400001DA00207047C16811604169C260013B57
:10055000521AF4E76FF01500704710B5C0E9043285
:100560000023816083610446FFF7DDFF0028A8BFF8
:10057000C4E9004410BD2DE9F04105460F46EFF3F4
:100580001188202383F31288BFF36F8FC668FEB9EA
:100590000468A0421CD0DCB1D4E9003213605A6078
:1005A000637BA66023F002036373C4E9006604F171
:1005B000180000F0FCF92046C4F8BC60276100F088
:1005C0001CF9414605F10800BDE8F041FBF7C4B84D
:1005D0003E60AB69EF60013BAB6188F31188BFF30C
:1005E0006F8FBDE8F08108B52024EFF3118384F309
:1005F0001288BFF36F8FFEF73FFDF6E790F90E30DC
:100600008B4201D0FBF736B800207047034600202C
:10061000C3E90200C3E9003370473AB18A4205D307
:10062000C0E90212C0E90000002070476FF0150019
:100630007047026801238B4022EA0303036022FA19
:1006400001F000F00100704710B5032104460C30A2
:10065000FFF7EFFF30B104F1100000F0A8F9B0FA95
:1006600080F0400910BD20B100221146CC3000F0CE
:1006700042B9704770B5C368C3F340069B07044690
:1006800016D4856802210C30FFF7D3FF80B1D5F86E
:10069000C4206AB194421DD122689EB9D5F8C830F1
:1006A000C5F8C4209C4201D1C5F8C82000232360AE
:1006B000E36813F01F001EBF43F00203E36040F045
:1006C000020070BD3260D5F8C820944208BFC5F85A
:1006D000C860EBE716461268DBE773B50446EFF334
:1006E0001185202383F31288BFF36F8F0023A0F1BD
:1006F0001006032104380193FFF79BFF28B1A3697B
:10070000019301A93046FAF773FC85F31188BFF312
:100710006F8F02B070BD38B5302204460D460021FF
:1007200000F085FB4FF480736560E36038BD38B539
:100730000446EFF31185202383F31288BFF36F8FF4
:10074000FFF782FF2046FFF795FF85F31188BFF37F
:100750006F8F38BDEFF30580003818BF0120704758
:100760008430704710B500238B4202D11360002003
:1007700010BDC45CAA2CF9D10133F5E70A46D0E9D3
:100780002901FFF7EFBFD0E9003213605A60002360
:10079000C0E90033704708B5FFF7F5FF437B23F04E
:1007A000020343730023836008BD38B504460D4639
:1007B000FAF756FE637B43F002036373E5B1A5606D
:1007C0002B689D4209D16B68C4E900531C606C60C2
:1007D00012E06A689A42F6D01B68002BF3D094F9B5
:1007E0000E2093F90E108A42F3D09142F1DD5A683F
:1007F000C4E9003214605C6038BD10B5EFF31184B9
:10080000202383F31288BFF36F8FFAF7E7FD84F399
:100810001188BFF36F8F10BD08B5EFF3118120224F
:1008200082F31288BFF36F8F83680BB1FFF7B3FFBA
:1008300081F31188BFF36F8F08BD38B5EFF31184D2
:10084000202383F31288BFF36F8F90F86C50427BA4
:10085000002380F86C302DB121B184F31188BFF3EF
:100860006F8F38BD12F0280FF7D183680BB1FFF7F7
:1008700092FF437B23F004034373FAF7AFFDECE7E9
:1008800001211838FFF7D9BF08B50346EFF31181EE
:10089000202282F31288BFF36F8F0068834207D053
:1008A00008B1FFF778FF81F31188BFF36F8F08BDA0
:1008B0000020F8E770B505460E46FBF725F8B6F1BF
:1008C000FF3F08BFB5F1FF3F0446284612D04FF462
:1008D0007A7147F6FF730022C4FB0132D80B40EA5D
:1008E0004240B0F1004F4FEAD23272F1000228BF0D
:1008F0006FF0004070BD38B5EFF31185202383F30E
:100900001288BFF36F8F0468A04213D0A4B1C4F85B
:10091000BC1022612046FFF73EFF04F1180000F0F2
:1009200046F82046FAF75AFD012085F31188BFF3F7
:100930006F8F38BD0020F8E72046F6E72DE9F0413B
:1009400005460E461746EFF31188202383F31288DD
:10095000BFF36F8F0468A0420FD1002088F3118885
:10096000BFF36F8FBDE8F08139462046B0470028BD
:10097000F4D16B68A342F0D02468002CF4D1ECE7EA
:1009800008B50246FBF7DCF970B1D0E904319B1AD7
:1009900061EBE272B3F1004F72F1000104DA002A58
:1009A000ACBF1846002008BD6FF00040FBE738B52B
:1009B0000246EFF31185202383F31288BFF36F8F74
:1009C0000368CBB1FBF7BCF904461046FBF7CAF944
:1009D00000224FF000438442C0E9042306D1FBF714
:1009E000B7F9FFF7CDFF0021F6F7A6FE002085F34B
:1009F0001188BFF36F8F38BD6FF01500F7E708B5AA
:100A0000FBF7BCFA08BDFBF7B9BA0023C0E908122E
:100A100000F11802C0E90622C0E900330363436312
:100A2000704710B50446FFF7C2FFA8B9636A0BB15F
:100A30002046984704F11800FFF726FF60B1FFF742
:100A4000DCFEEFF31180202383F31288BFF36F8F56
:100A5000BDE81040FAF7B0BE10BD2DE9F3470446DB
:100A6000DDE90A9815460E4659B302F0010AFAF775
:100A7000C9FF0746EFF31181202383F31288BFF3E8
:100A80006F8FA80744BF0023A360A36803EA060092
:100A9000BAF1000F0CD086420CD16A0744BF8343E1
:100AA000A36081F31188BFF36F8F02B0BDE8F087B8
:100AB0000028F2D159EA080305D181F31188BFF368
:100AC0006F8F0020F1E7C7E919652246CDE900984C
:100AD00004F10C00FAF7ACFD0028F2D1786EE4E7DF
:100AE00010B5D0E919424B6812F0010F03EA040374
:100AF00001D09C4210D17BB14366520744BF8A6843
:100B00001A430B6848BF8A6003660123086080F8B7
:100B10006C301830FFF74BFF002010BD0023C0E9F8
:100B20000000836070470A46FBF7FABA0A460021C4
:100B3000FBF7F6BA5200FFF790BF704710B400F110
:100B40000C04C0E9034410BCFDF7E4B810B501394A
:100B50000244904201D1002005E0037811F8014FD2
:100B6000A34201D0181B10BD0130F2E710B50139C6
:100B7000044632B111F8013F00F8013B013A002B65
:100B8000F7D1002100F053F9204610BD10B5024600
:100B900001448A42134603D01C780132002CF8D15C
:100BA000181A10BD2DE9F047C3F1370907468846EA
:100BB0005FFA89F903F01F0516464FF0000A384620
:100BC00041462A465346EFF791FFD4B2092C88BF1D
:100BD0004C443A46434688BFE4B2AA4204F130048A
:100BE00073EB0A0306F8014B07468846E7D2304606
:100BF000BDE8F0872DE9F04F87B00618994602ABA3
:100C000041EB0104009315463046D2E9002321460A
:100C1000DDF844B000F0A9F804AB0093D5E9022355
:100C2000074688463046214600F09FF8DDE902631A
:100C3000841951EB0306049BD5E900014FF0000233
:100C400028BF0122D218059B43F10003381848EB56
:100C50000101B84271EB0801D5E902C134BF01209E
:100C6000002014EB0C0C46EB010110EB0C0041F1E1
:100C70000001A04271EB060C34BF4FF0010C4FF0A5
:100C8000000CCDE90423A9F1410A1CEB020243F157
:100C90000003CDF800A000F083F8109BC3E9000129
:100CA000129B012BDDE9042329D1D5E90201D5E905
:100CB00000C5201A66EB0101674578EB050534BFD6
:100CC00001250025401B61F10001844276EB0105FE
:100CD00034BF01250025521BCDF800A063F10003AD
:100CE00000F05EF8DDE90423CBE90001CDF800A0B7
:100CF0002046314600F054F807B0BDE8F08F17EBFE
:100D0000070E48EB080C201946EB0601BE457CEBAC
:100D1000080834BF01270027C71941F10008D5E9A9
:100D2000000186457CEB010CD5E9021534BF01209A
:100D30000020381A68F1000C401A6CEB050192187B
:100D40005B41A74278EB060534BF01250025521907
:100D500043F10003874278EB010834BF01250025E9
:100D6000521BA9F140050095B8E7F0B50F460446BF
:100D7000A0FB0201A7FB02524919A3FB044542F163
:100D80000002A7FB0373611845F10004D219059E08
:100D900043F10003121943F10003C6E90023F0BD3B
:100DA000F0B5059CC4F14007C4F1200602FA06F62E
:100DB000A4F12005BB4022FA05F53343C4F1200617
:100DC0002B4301FA06F6A4F12005E04021FA05F5CF
:100DD0003043BA402843E14010431943F0BD0A4470
:100DE000914200F1FF3300D1704710B511F8014B6B
:100DF00003F8014F9142F9D110BD884210B501EBC3
:100E0000020402D98442234607D8431EA14208D0D7
:100E100011F8012B03F8012FF8E7024401468A423A
:100E200000D110BD13F8014D02F8014DF7E702445F
:100E30000346934200D1704703F8011BF9E72DE9FF
:100E4000F0470446274618460B46C1F30A51A1460F
:100E500041EA0706C3F31304302556EA040E557120
:100E6000A44673D100218B4211716DDA01231371F5
:100E700088424FF000011CDA08469DF8207002F10C
:100E800012050D24C7F157074FF0300E06F00F037F
:100E9000360946EA0C764FEA2C1C002B40F0848081
:100EA000A04201DB85F800E0013C05F1FF35EDD102
:100EB00073E00C2865DCC0F10D039B00012503F1F4
:100EC000FF3CA3F12108C3F1210625FA06F605FA35
:100ED00008F805FA0CF548EA060815EB050E48EB8C
:100EE000080ADEF100066AEB4A0C1EF1FF3E4AF1E9
:100EF000FF3A0EEA070E0AEA040A754578EB0A0A79
:100F000010DBC3F1200AB3F1200E04FA0AFA27FA23
:100F100003F343EA0A035CBF44FA0EFE43EA0E03FE
:100F2000DB0722D57F1944EB0804B4F5801FB946CE
:100F30001BDB5379B1F5806F03F10103537126D0A8
:100F40003E400CEA040C98E7002892E759B131259D
:100F5000DB0F0028A1F2FF31557113710FDB0C2854
:100F6000A9DD0D2005E00121F2E706EA09090CEAF6
:100F70000404B1F5806F06D04E46A4467DE70020FC
:100F8000F7E70D2079E759EA0404137908D01379BB
:100F900043F0080313714FF480611160BDE8F087DE
:100FA00043F004031371F8E7092BD4BF3033DB1986
:100FB000A0422B70B8BF204676E7D1E904329342B5
:100FC0001EBF5A1C0A611870704700000148006873
:080FD0007047000034230020EB
:080FD80048FBFE7F0100000050
:100FE0005D5000000000000000000000A81001009B
:100FF000A5040100000000006DAB0000000000002F
:1010000099C100000000000000000000C4100100B1
:1010100000000000E0100100C962000000000000B4
:10102000FFF8000000000000D5750000000000007F
:10103000991D000000000000313000000000000099
:10104000395000000000000003F90000000000001B
:10105000BDC10000000000000000000034110100CC
:1010600000000000FC100100000000001811010049
:101070000000000088110100000000006C11010058
:10108000000000005011010000000000A411010048
:1010900000000000C011010000000000DC11010090
:0810A000F13C0000000000001B
:1010A80087330100581A0100EC13010008040020DE
:1010B800682300202D600000000000006934010052
:1010C800781A0100A81301000C040020D423002082
:1010D8006967000000000000773401008C1A0100E5
:1010E800A81301000E040020E02300206967000017
:1010F800000000004F3101000000000078130100DB
:101108000404002000000000F95500000000000061
:101118004534010000000000901301000A0400207B
:10112800000000008963000000000000893401000D
:10113800A01A0100CC130100100400207002002046
:10114800B1F3000000000000A4370100D41A010028
:10115800E413010012040020D8020020256C0000CE
:1011680000000000CA3A0100401B0100801B01007A
:101178001404002068030020717C000000000000B7
:10118800E13A0100601B0100801B010016040020E9
:101198007C030020717C0000000000007433010013
:1011A800401A01008413010006040020A00000205A
:1011B8000D5F0000000000006A3C01008C1B01006C
:1011C800D01B01001804002050010020A57F00005A
:1011D80000000000493E0100F01B0100081C01004E
:1011E8001A040020AA3700201D8600000000000015
:1011F800B5F9000015F90000000000005DF00000DE
:10120800000000005DF000007002002017030100DC
:10121800D8020020C9A00000000000005DF0000016
:10122800E0010020ADF300005599000015F9000019
:10123800000000005DF00000000000005DF000000C
:10124800000000005DF00000000000005DF00000FC
:10125800000000005DF00000000000005DF00000EC
:10126800000000005DF00000000000005DF00000DC
:10127800000000005DF0000000000000657600003E
:10128800000000005DF00000000000005DF00000BC
:10129800000000005DF00000000000005DF00000AC
:1012A800000000005DF00000000000005DF000009C
:1012B800000000005DF00000000000005DF000008C
:1012C800000000005DF00000000000005DF000007C
:1012D800000000005DF00000000000005DF000006C
:1012E800000000005DF00000000000005DF000005C
:1012F800000000005DF00000000000005DF000004C
:10130800000000005DF00000000000005DF000003B
:10131800000000005DF00000000000005DF000002B
:10132800000000005DF00000000000005DF000001B
:10133800000000005DF00000000000005DF000000B
:10134800000000005DF00000000000005DF00000FB
:10135800000000005DF00000000000005DF00000EB
:10136800000000005DF00000000000005DF00000DB
:10137800815100004156000058020000AD5900009C
:08138800295D000000100000C7
:10139000D5F20000256500003564000039630000C7
:0813A000A1F200002963000026
:1013A800A567000003F3000011F3000029F3000013
:1013B80035F3000041F30000196600005BF30000FC
:0413C8000000000021
:1013CC0085690000000000001BF400000000000014
:0813DC0000000000C9F400004C
:0813E4008D6E0000DBF5000036
:1013EC008560000013F2000073F2000000000000A2
:0C13FC00B1F10000000000000000000043
:101408005C31010004000000F83A0100040000000B
:101418002A1F010003000000A2330100030000009E
:10142800113F0100030000005040010003000000CC
:10143800773C010003000000523E01000300000059
:10144800F1270100030000005F34010003000000E1
:1014580085340100030000009634010003000000F9
:10146800771F0100030000007B1F0100030000003C
:10147800651E010004000000932D01000300000018
:10148800C8410100030000005F26010003000000BE
:101498005926010003000000262E01000300000069
:1014A800B137010003000000641F010003000000C1
:0814B8007F3301000400000075
:1014C000241901005C1B0020D02001000100000055
:1014D00051240100A8010020841B0020000000000E
:1014E00002000000C0190100801B00200000000065
:1014F000A00400205F260100D81600200060002014
:0C150000D419010050190100101C01005A
:10150C0000000000000000000000000000000000CF
:10151C00000000000D21010014210100000000005A
:10152C00192C000000000000002301000A23010018
:10153C00000000009D2C0000030000002923010086
:10154C0030230100641901000DE7000000000000C9
:10155C00432101004921010000000000352C00004E
:10156C00020000005C23010063230100AC150100A4
:10157C000000000000000000CF210100D621010076
:10158C0000000000110E0000010100000E320100ED
:10159C002D22010000000000852C0000000000003E
:1015AC00000000000000000000000000000000002F
:1015BC0000000000352601003A2601000000000062
:1015CC00CD2F00000200000052240100572401001E
:1015DC0000000000412D000000000000D425010097
:1015EC00DB25010000000000692F00000200000054
:1015FC00F8240100FF24010000000000352E00003B
:10160C000000000071250100792501000000000098
:10161C00052F000002000000000000000000000088
:0C162C00000000000000000000000000B2
:101640000338FDD8704700000100000000000000D2
:10165000050000000000000019000000000000006C
:101660007D0000000000000071020000000000008A
:10167000350C000000000000093D000000000000E3
:101680002D31010000000000E1F505000000000020
:1016900065CD1D0000000000F9029500000000006B
:1016A000DD0EE90200000000514A8D0E000000002E
:1016B0009573C24800000000E941CC6B01000000B6
:1016C0008D49FD1A07000000C16FF286230000005B
:1016D000C52EBCA2B1000000D9E9AC2D78030000F2
:1016E0003D9160E45811000031D6E275BC5600000F
:1016F000F52E6E4DAEB10100C9EA26836778080069
:10170000ED95C28F055A2A00A1EDCCCE1BC2D300A5
:1017100025A4000A8BCA220400000000000000007B
:1017200000000000000000100000000000000000A9
:10173000B9340332B7F4AD1410DB1AB30892540E67
:101740000D307D951447BA1A66088F4D26ADC66DCB
:10175000F598BF85E2B74511CA96853D92BD1DEB50
:10176000FCA11860DCEF52163C92AE220BB8C1B45B
:10177000839D2D5B0562DA1C304C7E8F4E8BB25BF5
:1017800016F4529F8B56A512FBD4827643ED8AF055
:101790008FE7F9311565191850F19BD94A13EEB44A
:1017A000284CF0A686C1251F035FC270CB9E491648
:1017B000E642889C44EB2014B0650836AD6EA585E2
:1017C00085F0CA14E2FD031A0B899979D5B13D0958
:1017D000D8DA973A35EBCF10AC363F5E73BB38CFD3
:1017E0003E6752FA44AFBA15010000000000000045
:1017F0000000000000000020345065C05FC9A65200
:10180000BB13CBAEC440C21806C8DF7100D5A87C9C
:10181000F56F0FDA58FC27136E4756357D24206587
:1018200002C7E768E48CA41DE9E60268D7CD3961F8
:101830007977FCC2405BEF16798CDE43FFA751F944
:1018400091F3B278F5BDBE11E857E9D6E8BEE87B62
:10185000B054AC8F848D751BEA23A499E9F9D38B1E
:10186000B7A3714061DA3E15CEE33ECB73F9480869
:101870008C97B427D51B7010A2BFEFB9EB8532153A
:101880004DB44DB49BBB6F1996B6076CF8E7EEAD3F
:1018900036D9B4F59135AE13222218AF4E6A684D91
:1018A00091DAAA3D4F40741E9FBD9EE006A1C098EC
:1018B00057C2A7FDA40E90170E7D497173E3208FC8
:1018C000B220D87605143B12853D7434811343B0A1
:1018D000AD297A5F27F4351C98060020000400002B
:1018E0007FE5000021E5000002000000A3E6000003
:1018F00000000000000000000000000000000000E8
:1019000000000000000000000000000000000000D7
:1019100000000000A1200100A5200100A920010075
:10192000AD2001001D2A0000112A0000412A0000FC
:10193000D529000000000000C929000000000000B7
:101940009D2A0000641B002060260020010000008A
:10195000E0200100E72001000C150100000000005C
:101960000000000068190100382301003D23010038
:10197000000000000DE70000000000004A23010005
:101980004F2301000000000015E7000000000000E8
:101990000000000000000000000000000000000047
:1019A000000000003A0000005530000063E700002E
:1019B00039E700009D30000029E70000000000002A
:1019C000793700201E00000017EE0000D01401003F
:1019D000A0010020E5270100B02701000000000061
:1019E00035380000010000000000000031F0000068
:1019F000C8010020C0010020B80100200000000044
:101A0000B0010020253E0000193D00006D3D0000A2
:101A1000CD3D0000000000200000000000000B068B
:101A200002000000281A010000000000172E01002B
:101A300026000202000000201F2E010022000B11D0
:101A4000341101004B00000000010000E95F0000BC
:101A5000B95F00000000000039610000B9600000BB
:101A6000963301009DF2000099F200009C330100C2
:101A70000400000000FF0000FFFF00000003005012
:101A8000E00100200000000001000000FFFFFFFF58
:101A900000000050E00100200000000000000000F5
:101AA000000000000000000000009801000001019B
:101AB000F1F30000B81A010000300040C41A010020
:101AC00001000000CC1A0100020000001538000CD3
:101AD0001438000B00127A00000000000000000023
:101AE00000000000FFFFFFFF0000FF0000000000FB
:101AF00000000000000000000000000101000000E4
:101B0000FFF40000FFFF0000181B010000000000B0
:101B1000FFFFFFFF0000000000400040241B010009
:101B2000010000002C1B010003000000160000044F
:101B30002000000518020006E01001001700010057
:101B40003411010047000000000000000300000005
:101B5000010000000600000004000000000000007A
:101B600034110100460000000000000003000000E6
:101B7000010000000600000004000000000000005A
:101B8000B1F70000A9780000011000005011010019
:101B9000C0E1E40000010000E010010017000100B6
:101BA00000000000010000000000000000800000B4
:101BB0000001000000008000000004000008000098
:101BC00000080001000003006400011F280000005D
:101BD000617E0000D98300002D820000E97D0000B5
:101BE00000000000FFF700000100000000FF0000FF
:101BF000881101006C110100E010010002001100C9
:101C0000E01001001F001100C18400006D8500007C
:101C1000153F0100DD3F0100241C0100B5870000D5
:101C200000000000281C01009F2C0100EB3F010078
:101C300000000000DD87000003010000000000003C
:101C40000000000000000000000000000000000094
:101C50000800000003000000514101005F41010045
:101C600073410100824101008E410100E00F01003B
:101C7000E00F01002810010030100100A010010049
:101C8000A8100100CD41010001000500F74101004D
:101C900002000700D341010004000800DC410100FC
:101CA00008000400E141010010000900EB410100BF
:101CB00020000800F441010040000A00FF4101003B
:101CC0008000060006420100000100000000000044
:101CD000FF8FFFFFFF8FFFFFFE8FFFFFFE8FFFFFD6
:101CE000FD8FFFFFFC8FFFFFFC8FFFFF6D7574659D
:101CF000785F667265652063616C6C6564207769E6
:101D00007468204E554C4C20706172616D6574652D
:101D10007200000043616E277420696E6974696106
:101D20006C697A65206D757465782C2077617320F5
:101D30004E554C4C0D0A0000436F756C64206E6F5D
:101D400074206C6F636B20706F776572207361769F
:101D500065206D75746578000000000000000000CB
:101D60000000000000000000000000409559695983
:101D700055555455155555560405154110545540A3
:101D8000455155444045504450555545004000404C
:101D900040044496655556554540455451411540BB
:101DA0005591555555554051050100005445545421
:101DB00045550504001004101404400000000140C3
:101DC0005555154154040000440001000000004036
:101DD00041000044504445505400555554556551F8
:101DE0000040004001000001000501001154515164
:101DF00054555505000000000000000000000000E0
:101E000025733A204275696C642074696D653A20C7
:101E10004D617920203420323032362031363A314B
:101E2000323A31390025733A2043616C6C2060638B
:101E300074725F7274645F72656164602066616968
:101E40006C65643A2025640025733A2054656D70F2
:101E5000657261747572653A20252E3366204300E1
:101E60006D61696E006D61696E0025733A20287599
:101E70006E7369676E6564292063686172202A2029
:101E80007573656420666F72202525702061726706
:101E9000756D656E742E2049742773207265636FAB
:101EA0006D6D656E64656420746F2063617374206A
:101EB000697420746F20766F6964202A20626563DC
:101EC00061757365206974206D6179206361757334
:101ED00065206D69736265686176696F7220696EED
:101EE000206365727461696E20636F6E66696775E1
:101EF000726174696F6E732E20537472696E673AE3
:101F00002225732220617267756D656E743A2564AF
:101F10000063627072696E74665F7061636B6167A3
:101F2000655F636F6E766572740063627072696E6E
:101F300074665F7061636B616765004661696C65BB
:101F40006420746F207265626F6F743A20737069D9
:101F50006E6E696E6720656E646C6573736C792E46
:101F60002E2E0A007379735F6765746F7074006C4E
:101F70006F6767696E67006C6F67006C6F675F6D96
:101F8000676D740025733A204D6573736167652032
:101F90002822257322292064726F70706564206284
:101FA0006563617573652069742065786365656430
:101FB000732073697A65206C696D69746174696FE7
:101FC0006E20282575290025733A204D65737361AD
:101FD00067652064726F7070656420626563617507
:101FE000736520697420657863656564732073691F
:101FF0007A65206C696D69746174696F6E2028253B
:102000007529007A5F6C6F675F6D73675F72756EBD
:1020100074696D655F76637265617465007A5F6986
:102020006D706C5F7A5F6C6F675F6D73675F737401
:10203000617469635F637265617465001B5B306D19
:10204000005B2530386C755D20005B253032753AB9
:10205000253032753A253032752E253033752C25D2
:102060003033755D200025732F003C25733E200022
:1020700025733A2000253032782000202020007C73
:1020800000256300206D657373616765732064725A
:102090006F70706564202D2D2D0D0A002D2D2D20C3
:1020A000006572720077726E00696E660064626726
:1020B000004C6F67676572006D6573736167657368
:1020C0002064726F707065643A202020200D0A0031
:1020D0006C6F675F6261636B656E645F72747400DE
:1020E0006B65726E656C004B65726E656C20636F1C
:1020F0006D6D616E6473006379636C65733A20255E
:1021000075206877206379636C65730A006379636F
:102110006C6573004B65726E656C206379636C65EA
:10212000732E00556E61626C6520746F2070617251
:10213000736520696E70757420286572722025643D
:10214000290A00736C656570006D730055707469C1
:102150006D653A20256C6C75206D730A002D70003A
:102160002D2D70726574747900556E737570706F73
:1021700072746564206F7074696F6E3A2025730AFB
:1021800000757074696D653A20256C6C752064610A
:1021900079732C20256C6C7520686F7572732C20F8
:1021A000256C6C75206D696E757465732C20256CBB
:1021B0006C75207365636F6E64732C20256C6C7571
:1021C000206D696C6C697365636F6E64730A00756A
:1021D0007074696D65004B65726E656C2075707406
:1021E000696D652E2043616E2062652063616C6CB1
:1021F0006564207769746820746865202D70206F8D
:1022000072202D2D707265747479206F7074696FEF
:102210006E7300342E332E3939005A657068797226
:102220002076657273696F6E2025730A004B6572A4
:102230006E656C2076657273696F6E2E00546869E6
:102240007320636F6D6D616E6420697320646570C7
:1022500072656361746564206173206974206973B9
:102260002061206475706C69636174652E205573FC
:102270006520276C6F6720656E61626C652720633F
:102280006F6D6D616E642066726F6D206C6F676735
:10229000696E6720636F6D6D616E64732073657422
:1022A0002E0A00556E61626C6520746F2070617239
:1022B0007365206C6F672073657665726974792029
:1022C00028657272202564290A00496E76616C695E
:1022D00064206C6F67206C6576656C3A2025640A13
:1022E00000556E61626C6520746F2066696E6420B3
:1022F0006C6F6720736F757263653A2025730A00EF
:102300006C6F675F6C6576656C003C6D6F64756CB7
:1023100065206E616D653E203C73657665726974FB
:10232000792028302D34293E007265626F6F740069
:102330005265626F6F742E00636F6C6400436F6C44
:1023400064207265626F6F742E007761726D005742
:1023500061726D207265626F6F742E0074687265B1
:102360006164004B65726E656C20746872656164AF
:10237000732E005363686564756C65723A20257529
:102380002073696E6365206C6173742063616C6C8B
:102390000A00546872656164733A0A004E41002570
:1023A00073257020252D3130730A00096F70746910
:1023B0006F6E733A20307825782C207072696F72B6
:1023C0006974793A2025642074696D656F75743A73
:1023D00020256C6C640A000973746174653A2025C9
:1023E000732C20656E7472793A2025700A00556E40
:1023F00061626C6520746F2064657465726D696ECE
:102400006520756E7573656420737461636B2073EA
:10241000697A6520282564290A0A000973746163B2
:102420006B2073697A6520257A752C20756E75731B
:10243000656420257A752C20757361676520257A7F
:1024400075202F20257A7520282575202525290A15
:102450000A006C697374004C697374206B65726E4A
:10246000656C20746872656164732E002570204964
:1024700052512025303264202573287265616C200A
:1024800073697A652025347A75293A09756E7573F2
:1024900065642025347A7509757361676520253474
:1024A0007A75202F2025347A75202825327A7520D8
:1024B0002525290A00257020252D33327320287206
:1024C00065616C2073697A652025347A75293A092B
:1024D000756E757365642025347A75097573616747
:1024E000652025347A75202F2025347A75202825FB
:1024F0003275202525290A00737461636B73004CC3
:1025000069737420746872656164732073746163A5
:102510006B2075736167652E005468726561642075
:102520004944202570206973206E6F742076616C99
:1025300069640A004572726F723A5368656C6C2068
:102540007468726561642063616E6E6F7420626589
:102550002073757370656E6465640A0054687265F3
:1025600061642025702073757370656E6465640AFC
:102570000073757370656E64006B65726E656C20B8
:102580007468726561642073757370656E64203C55
:102590007468726561645F69643E004572726F724F
:1025A0003A5368656C6C207468726561642063617D
:1025B0006E6E6F7420626520726573756D65640A56
:1025C0000054687265616420257020726573756DB2
:1025D00065640A00726573756D65006B65726E6582
:1025E0006C2074687265616420726573756D652016
:1025F0003C7468726561645F69643E004572726F25
:10260000723A5368656C6C2074687265616420630B
:10261000616E6E6F74206265206B696C6C65640A14
:10262000000A20546872656164202570206B696C13
:102630006C65640A006B696C6C006B65726E656C2E
:1026400020746872656164206B696C6C203C7468EE
:10265000726561645F69643E007368656C6C2E73BB
:1026600068656C6C5F72747400537562636F6D6D36
:10267000616E64733A0A005741524E494E473A2000
:1026800041207072696E7420726571756573742073
:10269000776173206465746563746564206F6E2070
:1026A0006E6F7420616374697665207368656C6C05
:1026B000206261636B656E642E0A006E6F74207415
:1026C00065726D696E617465643A2025630A005015
:1026D0006C6561736520737065636966792061203C
:1026E000737562636F6D6D616E642E0A00257325CC
:1026F000730A003A20636F6D6D616E64206E6F74B3
:1027000020666F756E6400546F6F206D616E792066
:10271000617267756D656E747320696E207468658B
:1027200020636F6D6D616E642E0A0025733A207709
:10273000726F6E6720706172616D6574657220637F
:102740006F756E740A00596F752063616E20747224
:102750007920746F2063616C6C20636F6D6D616EA6
:1027600064732077697468203C2D683E206F722066
:102770003C2D2D68656C703E20706172616D6574D2
:10278000657220666F72206D6F726520696E666F6C
:10279000726D6174696F6E2E0A000A417661696C10
:1027A00061626C6520636F6D6D616E64733A0A00DF
:1027B0005072696E7473207468652068656C70204F
:1027C0006D6573736167652E0055736167653A20A7
:1027D000257320002573252D2A730025732573008A
:1027E0002D68002D2D68656C7000202D20002020A4
:1027F00000666C617368002A2A2A20426F6F746930
:102800006E67206E524620436F6E6E656374205370
:10281000444B2076332E332E302D313665663638D4
:10282000656135663565202A2A2A0A002A2A2A2067
:102830005573696E67205A6570687972204F53200E
:1028400076342E332E39392D656334393965636614
:1028500036623061202A2A2A0A006D757465785F15
:10286000696E69742063616C6C6564207769746853
:10287000204E554C4C20706172616D65746572001C
:10288000436F756C64206E6F7420616C6C6F636154
:102890007465206D75746578206265666F72652059
:1028A000696E697469616C697A696E670025733A4B
:1028B0002072302F61313A2020307825303878204E
:1028C0002072312F61323A2020307825303878203C
:1028D0002072322F61333A2020307825303878004A
:1028E00025733A2072332F61343A20203078253016
:1028F0003878207231322F69703A202030782530B4
:102900003878207231342F6C723A2020307825309C
:1029100038780025733A2020787073723A2020307E
:1029200078253038780025733A204661756C7469D3
:102930006E6720696E737472756374696F6E20615F
:1029400064647265737320287231352F7063293A7D
:10295000203078253038780025733A20556E68612C
:102960006E646C6564204952516E3A20256400659E
:1029700073665F64756D70007A5F61726D5F66612A
:1029800074616C5F6572726F720025733A202A2A37
:102990002A2A2A20425553204641554C54202A2A9F
:1029A0002A2A2A0025733A202020537461636B6918
:1029B0006E67206572726F720025733A2020205571
:1029C0006E737461636B696E67206572726F7200FB
:1029D00025733A2020205072656369736520646115
:1029E000746120627573206572726F720025733A8C
:1029F0002020204246415220416464726573733A3C
:102A000020307825780025733A202020496D707297
:102A10006563697365206461746120627573206504
:102A200072726F720025733A202020496E7374729F
:102A3000756374696F6E20627573206572726F7250
:102A40000025733A202020466C6F6174696E672DF3
:102A5000706F696E74206C617A792073746174652B
:102A600020707265736572766174696F6E2065722D
:102A7000726F720025733A202A2A2A2A2A20555377
:102A8000414745204641554C54202A2A2A2A2A00EB
:102A900025733A2020204469766973696F6E20623D
:102AA00079207A65726F0025733A202020556E6177
:102AB0006C69676E6564206D656D6F727920616306
:102AC000636573730025733A2020204E6F20636F77
:102AD00070726F636573736F7220696E7374727551
:102AE0006374696F6E730025733A202020496C6C03
:102AF0006567616C206C6F6164206F662045584388
:102B00005F52455455524E20696E746F20504300F9
:102B100025733A202020496C6C6567616C207573C1
:102B200065206F66207468652045505352002573F8
:102B30003A202020417474656D707420746F206594
:102B400078656375746520756E646566696E656425
:102B500020696E737472756374696F6E0025733AC1
:102B6000202A2A2A2A2A204D5055204641554C54C5
:102B7000202A2A2A2A2A0025733A20202053746109
:102B8000636B696E67206572726F722028636F6E67
:102B9000746578742061726561206D69676874205E
:102BA0006265206E6F742076616C696429002573FC
:102BB0003A2020204461746120416363657373206F
:102BC00056696F6C6174696F6E0025733A2020201E
:102BD0004D4D46415220416464726573733A203012
:102BE0007825780025733A202020496E7374727519
:102BF0006374696F6E204163636573732056696FF8
:102C00006C6174696F6E00526573657276656420DD
:102C1000457863657074696F6E2028005370757213
:102C2000696F757320696E7465727275707420288F
:102C3000495251200025733A20535053454C206986
:102C40006E20746872656164206D6F646520646FC6
:102C50006573206E6F7420696E64696361746520AA
:102C60005053500025733A202A2A2A2A2A20484104
:102C70005244204641554C54202A2A2A2A2A00250B
:102C8000733A202020427573206661756C74206F42
:102C90006E20766563746F72207461626C65207259
:102CA0006561640025733A202020446562756720C1
:102CB0006576656E740025733A2020204661756C38
:102CC0007420657363616C6174696F6E202873652D
:102CD000652062656C6F77290025733A2041524365
:102CE000485F4558434550542077697468207265A1
:102CF00061736F6E2025780A0025733A202A2A2AEC
:102D00002A2A204465627567206D6F6E69746F7240
:102D100020657863657074696F6E202A2A2A2A2AD2
:102D20000025733A202A2A2A2A2A2025732025647E
:102D300029202A2A2A2A2A00726573657276656418
:102D40005F657863657074696F6E0064656275674E
:102D50005F6D6F6E69746F720075736167655F6632
:102D600061756C74006275735F6661756C74006D7B
:102D7000656D5F6D616E6167655F6661756C74003E
:102D8000686172645F6661756C74006765745F6525
:102D90007366006D70750025733A204661696C6535
:102DA0006420746F20616C6C6F63617465206E6564
:102DB00077204D505520726567696F6E2025750A22
:102DC0000025733A20506172746974696F6E202512
:102DD000753A2073616E69747920636865636B204E
:102DE0006661696C65642E00726567696F6E5F610C
:102DF0006C6C6F636174655F616E645F696E69744A
:102E0000006D70755F636F6E6669677572655F727E
:102E10006567696F6E7300464C4153485F300053DD
:102E200052414D5F3000736F630025733A20436158
:102E30006E6E6F742073746172742073616D706C48
:102E4000696E673A2025640025733A204661696CF3
:102E5000656420746F20696E697469616C697A6554
:102E6000206465766963653A2025730025733A20EE
:102E7000496E76616C6964206368616E6E656C2072
:102E800049443A2025640025733A2053656C6563F4
:102E900074656420414443206761696E2069732032
:102EA0006E6F742076616C69640025733A205365F7
:102EB0006C65637465642041444320726566657285
:102EC000656E6365206973206E6F742076616C692E
:102ED000640025733A2053656C6563746564204112
:102EE0004443206163717569736974696F6E2074FE
:102EF000696D65206973206E6F742076616C6964FA
:102F00000025733A204144432061637175697369F8
:102F100074696F6E5F74696D653A2025640025736E
:102F20003A2043616E6E6F7420636F6E66696775D9
:102F30007265206368616E6E656C2025643A202599
:102F4000640025733A204661696C656420746F20C3
:102F5000736574206275666665723A202564002583
:102F6000733A20496E76616C69642073656C6563A1
:102F700074696F6E206F66206368616E6E656C7336
:102F80000025733A204368616E6E656C20257520BC
:102F90006E6F7420636F6E66696775726564002575
:102FA000733A204E6F206368616E6E656C20636FAC
:102FB0006E666967757265640025733A2041444303
:102FC000207265736F6C7574696F6E2076616C75B5
:102FD00065202564206973206E6F742076616C69AA
:102FE000640025733A204F76657273616D706C6969
:102FF0006E6720697320737570706F7274656420DA
:10300000666F722073696E676C65206368616E6EAF
:10301000656C206F6E6C790025733A204F7665726F
:1030200073616D706C696E672076616C75652025C3
:1030300064206973206E6F742076616C696400256A
:10304000733A2050726F76696465642062756666B3
:10305000657220697320746F6F20736D616C6C20D2
:103060002825752F25752900696E69745F73616164
:103070006463006163715F74696D655F736574009B
:103080007265666572656E63655F7365740067611E
:10309000696E5F736574006164635F6E7266785F0A
:1030A0006368616E6E656C5F7365747570006164F2
:1030B000635F636F6E746578745F656E61626C6583
:1030C0005F74696D657200636865636B5F627566E6
:1030D0006665725F73697A65006765745F6F7665B0
:1030E0007273616D706C696E67006765745F72659D
:1030F000736F6C7574696F6E006164635F636F6E8C
:10310000746578745F73746172745F73616D706CF1
:10311000696E67006164635F636F6E746578745F86
:103120007570646174655F6275666665725F706F05
:10313000696E746572006576656E745F68616E6451
:103140006C65720073746172745F726561640061B2
:103150006463403430303037303030006164635F56
:103160006E7266785F73616164630025733A2069EB
:103170006E76616C6964206368616E6E656C207345
:10318000656C656374696F6E2025750025733A2040
:10319000496E76616C6964206761696E0025733AD7
:1031A00020496E76616C6964206368616E6E656C3F
:1031B00020636F6E6669670025733A20496E7661F9
:1031C0006C6964207265666572656E63650025735F
:1031D0003A20496E76616C69642061637175697328
:1031E0006974696F6E2074696D650025733A207289
:1031F00065673A2025780025733A204661696C6539
:103200006420746F20737461727420636F6E7665CE
:103210007273696F6E0025733A2072656164206372
:1032200068616E6E656C2025642C20726573756C08
:1032300074203D2025640025733A2053656C656336
:10324000746564206368616E6E656C287329206EF6
:103250006F7420737570706F727465643A2025788E
:103260000025733A2053656C65637465642072654C
:10327000736F6C7574696F6E206E6F7420737570E8
:10328000706F727465643A2025640025733A204F8C
:1032900076657273616D706C696E67206973206EFC
:1032A0006F7420737570706F727465640025733A63
:1032B0002043616C6962726174696F6E206973206A
:1032C0006E6F7420737570706F727465640025730F
:1032D0003A2042756666657220696E76616C696433
:1032E0000025733A206275666665722073697A6597
:1032F00020746F6F20736D616C6C0025733A2042EF
:103300007573206E6F742072656164790025733A5D
:103310002044657669636520726573657420666113
:10332000696C65643A20256400746C6132303278CF
:103330005F696E697400746C61323032785F636803
:10334000616E6E656C5F736574757000746C61326C
:103350003032785F706572666F726D5F726561643E
:1033600000746C61323032785F73746172745F72B2
:1033700065616400746C61323032314034620074D3
:103380006C613230323100636C6F636B40343030CB
:103390003030303030006866636C6B006C66636C94
:1033A0006B00636C6F636B5F636F6E74726F6C0046
:1033B00025733A20696E76616C6964206164647279
:1033C0006573733A2030782530386C783A257A75F1
:1033D0000025733A20756E616C69676E65642061C3
:1033E0006464726573733A2030782530386C783AAB
:1033F000257A750025733A206E6F7420776F72649A
:103400002D616C69676E65643A2030782530386CC0
:10341000783A257A7500666C6173685F6E72665FD4
:103420007265616400666C6173685F6E72665F7777
:103430007269746500666C6173685F6E72665F6561
:103440007261736500666C6173682D636F6E747270
:103450006F6C6C65724034303031653030300066EE
:103460006C6173685F6E7266006770696F403530BB
:10347000303030333030006770696F403530303075
:1034800030303030006932630069326340343030AC
:103490003033303030006932635F6E7266785F744B
:1034A00077690025733A20756E737570706F72744A
:1034B00065642073706565640025733A2031302D92
:1034C00062697420493243204164647220646576E5
:1034D00069636573206E6F7420737570706F72749A
:1034E0006564006932635F6E7266785F7477695FE6
:1034F0006D73675F7472616E7366657200693263C3
:103500005F6E7266785F7477695F636F6E66696716
:10351000757265006932635F6E7266785F74776991
:103520005F696E69740000010203040506072573D4
:103530003A204661696C656420746F20616C6C6F21
:1035400063617465204750494F5445206368616E3C
:103550006E656C20666F722057414B450025733AAB
:10356000204661696C656420746F20636F6E6669C4
:10357000677572652057414B452070696E00257351
:103580003A204353204750494F20706F72742025D2
:10359000732070696E202564206973206E6F74201B
:1035A00072656164790025733A20557064617465B1
:1035B00020657863656564732063757272656E74E7
:1035C000206275666665720025733A2048616C66F4
:1035D0002D6475706C6578206E6F742073757070D3
:1035E0006F727465640025733A20536C61766520B0
:1035F0006D6F6465206973206E6F742073757070D1
:103600006F72746564206F6E2025730025733A20F5
:103610004C6F6F706261636B206D6F6465206973BE
:10362000206E6F7420737570706F727465640025FE
:10363000733A20576F72642073697A6573206F74D0
:10364000686572207468616E203820626974732026
:10365000617265206E6F7420737570706F7274651F
:10366000640025733A204672657175656E636965FD
:1036700073206C6F776572207468616E203132350B
:10368000206B487A20617265206E6F7420737570AC
:10369000706F727465640025733A204661696C65C9
:1036A0006420746F20696E697469616C697A652041
:1036B0006E726678206472697665723A20256400BD
:1036C00025733A2057616974696E6720666F7220AE
:1036D00057414B452061636B6E6F776C6564676D16
:1036E000656E742074696D6564206F757400257350
:1036F0003A2054696D656F75742077616974696EDD
:103700006720666F72207472616E736665722063E3
:103710006F6D706C657465007370695F636F6E7454
:103720006578745F63735F636F6E666967757265F2
:103730005F616C6C007370695F6E7266785F696E52
:103740006974007370695F636F6E746578745F7716
:103750006169745F666F725F636F6D706C657469C9
:103760006F6E007370695F636F6E746578745F75F8
:1037700070646174655F7278007370695F636F6E07
:10378000746578745F7570646174655F74780063E4
:103790006F6E666967757265007472616E736365DA
:1037A00069766500737069403430303034303030C1
:1037B000007370695F6E7266785F7370696D002563
:1037C000733A2043616C6C20606932635F77726981
:1037D00074655F647460206661696C65643A202575
:1037E000640025733A20436F6D6D616E643A20303A
:1037F00078253032780025733A2043616C6C206064
:1038000073656E645F636D64602028434D445F534D
:10381000544152545F53594E4329206661696C6587
:10382000643A2025640025733A2043616C6C206063
:103830006932635F7265675F726561645F62797444
:10384000655F647460206661696C65643A20256414
:103850000025733A2052656769737465723A2030A7
:1038600078253032782056616C75653A203078259D
:103870003032780025733A2043616C6C20607265A9
:1038800061645F7265676020285245475F434F4E11
:103890004649475F3229206661696C65643A202594
:1038A000640025733A2052656163686564206D6128
:1038B00078696D756D204452445920706F6C6C208E
:1038C000617474656D7074730025733A2043616C84
:1038D0006C20606932635F77726974655F726561DD
:1038E000645F647460206661696C65643A20256475
:1038F0000025733A20446174613A203078253032D3
:103900007825303278253032780025733A204361AB
:103910006C6C2060726561645F64617461602066D4
:1039200061696C65643A2025640025733A2043611F
:103930006C6C206073656E645F636D646020284307
:103940004D445F504F574552444F574E29206661B2
:10395000696C65643A2025640025733A2043616CE4
:103960006C20606932635F7265675F777269746546
:103970005F627974655F647460206661696C656418
:103980003A2025640025733A2053797374656D20BD
:10399000696E697469616C697A6174696F6E00251A
:1039A000733A2043616C6C206073656E645F636D75
:1039B00064602028434D445F524553455429206696
:1039C00061696C65643A2025640025733A2043617F
:1039D0006C6C206077726974655F7265676020281F
:1039E0005245475F434F4E4649475F302920666145
:1039F000696C65643A2025640025733A2043616C44
:103A00006C206077726974655F7265676020285208
:103A100045475F434F4E4649475F312920666169FC
:103A20006C65643A2025640025733A2043616C6C10
:103A3000206077726974655F7265676020285245FF
:103A4000475F434F4E4649475F3229206661696CA4
:103A500065643A2025640025733A2043616C6C202C
:103A60006077726974655F726567602028524547A8
:103A70005F434F4E4649475F3329206661696C6555
:103A8000643A20256400726561645F64617461005A
:103A9000726561645F7265670061647331323263BD
:103AA00030345F726561640077726974655F726556
:103AB000670073656E645F636D64006164733132C7
:103AC000326330345F696E6974006374725F783397
:103AD0005F6164733132326330345F613240343756
:103AE000006374725F78335F6164733132326330C4
:103AF000345F613140343600616473313232633097
:103B0000340025733A20535049207472616E7361FA
:103B10006374696F6E206661696C6564207769748F
:103B20006820636F64653A2025642F25750025732E
:103B30003A2053504920627573202573206E6F74AC
:103B40002072656164790025733A2057726F6E6741
:103B5000204A454445432049443A202530325820E4
:103B60002530325820253032582C20657870656316
:103B70007465643A2025303258202530325820258B
:103B80003032580025733A20556E737570706F721D
:103B90007465642065726173652072657175657303
:103BA000743A2073697A6520257A75206174203013
:103BB00078256C78007370695F666C6173685F610B
:103BC0007434355F7265616400706572666F726D22
:103BD0005F777269746500706572666F726D5F659C
:103BE000726173655F6F7000706572666F726D5F92
:103BF000636869705F6572617365007370695F66A1
:103C00006C6173685F617434355F65726173650000
:103C1000726561645F7374617475735F72656769FF
:103C20007374657200636F6E6669677572655F7045
:103C30006167655F73697A6500636865636B5F6A76
:103C4000656465635F696400706F7765725F646F58
:103C5000776E5F6F70007370695F666C6173685F29
:103C6000617434355F696E697400617434356462FF
:103C7000363431654030006374725F7370695F661B
:103C80006C6173685F617434350025733A20556E3A
:103C90006B6E6F776E206368616E6E656C3A20257F
:103CA000640025733A2043616C6C20606770696F13
:103CB0005F70696E5F7365745F64746020666169CC
:103CC0006C65643A2025640025733A2043616C6C6E
:103CD00020606164635F7265616460206661696C25
:103CE00065643A2025640025733A2044657669634B
:103CF00065206E6F74207265616479202870777218
:103D000030290025733A20446576696365206E6F1B
:103D100074207265616479202870777231290025DA
:103D2000733A20446576696365206E6F742072650E
:103D3000616479202861646330290025733A204446
:103D40006576696365206E6F7420726561647920A1
:103D50002861646331290025733A2043616C6C202B
:103D6000606770696F5F70696E5F636F6E666967C9
:103D70007572655F647460206661696C6564202893
:103D800070777230293A2025640025733A20436108
:103D90006C6C20606770696F5F70696E5F636F6ED7
:103DA0006669677572655F647460206661696C65D9
:103DB00064202870777231293A2025640025733AEF
:103DC0002043616C6C20606164635F6368616E6E48
:103DD000656C5F736574757060206661696C65649D
:103DE000202861646330293A2025640025733A2035
:103DF00043616C6C20606164635F6368616E6E65D3
:103E00006C5F736574757060206661696C656420B1
:103E10002861646331293A202564006374725F78F5
:103E2000335F7365745F706F7765725F0063747280
:103E30005F78335F6D6561737572655F006374727F
:103E40005F78335F696E6974006374725F78335FA3
:103E500061006374725F78330025733A204131004A
:103E600025733A2041320025733A204231002573F0
:103E70003A2042320025733A204465766963652012
:103E80006E6F742072656164790025733A20556EF7
:103E90006B6E6F776E20747970653A20256400250B
:103EA000733A2043616C6C20606374725F78335F97
:103EB0006D65617375726560206661696C65643AF1
:103EC0002025640025733A20526573697374616E0E
:103ED0006365206F7574206F662072616E67650080
:103EE00025733A205261773A2025643B20523A20CC
:103EF000252E3366204F686D3B20543A20252E3303
:103F0000662043006374725F7274645F72656164FB
:103F1000006374725F72746400636F6D6D616E64D0
:103F2000206E6F7420666F756E643A2025730A00E8
:103F3000613100613200623100623200696E766187
:103F40006C6964206368616E6E656C3A2025730A43
:103F50000070743130300070743130303000696E70
:103F600076616C696420747970653A2025730A0063
:103F7000696E76616C69642072616E67650A0072B1
:103F8000657065746974696F6E3A2025642F2564C5
:103F90000A00636F6D6D616E64206661696C6564B3
:103FA0000A0074656D70657261747572653A2025DA
:103FB0002E33662063656C736975730A00636F6DD9
:103FC0006D616E64207375636365656465640A0082
:103FD000636D645F7274645F72656164005254441F
:103FE00020636F6D6D616E64732E00526561642095
:103FF00074656D706572617475726520772F206FBE
:104000007074696F6E616C206E756D626572206F81
:10401000662072657065746974696F6E7328666F67
:10402000726D61743A203C61317C61327C62317C1A
:1040300062323E203C70743130307C7074313030EC
:10404000303E205B3C312D333630303E5D292E0032
:104050006374725F7274645F7368656C6C000000F7
:10406000000000010100000000000101010000004B
:104070000020303030303030303030303030303080
:104080000001010001010101090000000D0102030E
:1040900004050607080001010101010100000000FC
:1040A000005465726D696E616C00000000000000D4
:1040B000545452205245474745530025733A2048EF
:1040C000616C74696E672073797374656D00556EE9
:1040D0006B6E6F776E206572726F7200756E6B6EAD
:1040E0006F776E0025733A203E3E3E205A45504879
:1040F000595220464154414C204552524F5220259E
:10410000643A202573206F6E2043505520256400AB
:1041100025733A204661756C7420647572696E6708
:1041200020696E746572727570742068616E646C5B
:10413000696E670A0025733A2043757272656E7462
:10414000207468726561643A2025702028257329DF
:104150000043505520657863657074696F6E005533
:104160006E68616E646C656420696E7465727275E8
:10417000707400537461636B206F766572666C6F48
:1041800077004B65726E656C206F6F7073004B65C6
:10419000726E656C2070616E6963007A5F6661742F
:1041A000616C5F6572726F72006B5F7379735F66CB
:1041B0006174616C5F6572726F725F68616E646C6E
:1041C00065720069646C65006F73002B0064756D27
:1041D0006D7900736C656570696E67006465616414
:1041E0000073757370656E6465640061626F7274EC
:1041F000696E670073757370656E64696E670071D0
:10420000756575656400737973776F726B71006E95
:0C421000616E00286E756C6C29000000C7
:10421C00000000000400002004000020000000004A
:10422C000100000014000020140000200000000019
:10423C000100000000000000000000000000000071
:10424C000000000000000000000000000000000062
:10425C000000000000000000000000000000000052
:10426C000000000000000000000000000000000042
:10427C000000000000000000000000000000000032
:10428C000000000000000000000000000000000022
:10429C000000000000000000000000000000000012
:1042AC000000000000000000000000000000000002
:1042BC00A41101000000000000000000000000003C
:1042CC000000000000000000ADBF00000000000076
:1042DC000000000000000000C8000020C800002002
:1042EC0083F100000000000000000000000000004E
:1042FC000000000000000000E8000020E8000020A2
:10430C000000000001000000F8000020F800002070
:10431C000000000001000000000000000000000090
:10432C000000000000000000000000000000000081
:10433C000000000000000000000000000000000071
:10434C000000000000000000000000000000000061
:10435C000000000000000000000000000000000051
:10436C00500100205001002001000000010000005D
:10437C000000000000000000000000000000000031
:10438C000000000000000000000000000000000021
:10439C000000000000000000000000000000000011
:1043AC00000000000000000071DE000041E500008C
:1043BC000000000001000000A8190100981700205F
:1043CC00DC0400203A000000F00400203A00000059
:1043DC00C80400203A000000040500203A00000048
:1043EC0000000000DDF000000000000000000000F4
:1043FC000060004000000000000000000000000011
:10440C0000000000000000000000000000000000A0
:10441C000000000000000000000000000000000090
:10442C000000000000000000000000000000000080
:10443C000000000000000000000000000000000070
:10444C000000000000000000000000000000000060
:10445C000000000000000000000000000000000050
:10446C000000000000000000000000000000000040
:10447C000000000000000000000000000000000030
:10448C0000300040000000000000000000000000B0
:10449C000000000000000000000000000000000010
:1044AC000000000000000000000000000000000000
:1044BC0000000000000000000000000000000000F0
:1044CC0000000000B4020020B40200200100000033
:1044DC0001000000C4020020C40200200000000003
:1044EC00010000000000000000400040000000003F
:1044FC0000000000000000000000000000000000B0
:10450C00000000000000000000000000000000009F
:10451C000000000000000000381B0100010000003A
:10452C001003002010030020000000000100000018
:10453C0020030020200300200000000001000000E8
:10454C00000000000000000000000000000000005F
:10455C00000000000000000000000000000000004F
:10456C0000000000501101000000000000000000DD
:10457C00A23700209A37002068030020680300202F
:10458C000000000001000000000000007C0300207F
:10459C007C0300200000000001000000000000006F
:1045AC000090D003FF000000900200009C0300204C
:1045BC009C0300200000000021C20000E803002042
:1045CC00E0030020D803002000000000D0030020EE
:1045DC003DC3000089C20000BDC2000005C300003D
:1045EC00882400203A00003A8C2400203A00003A3B
:1045FC00902400203A00003A942400203A00003A1B
:10460C00F8030020BC030020B4030020B0030020FA
:04461C00AC030020CB
:10462000000000000000000000000000000000008A
:08463000000000000000000082
:104638000000000000000000000000000000000072
:104648000000000000000000000000000000000062
:104658000000000000000000000000000000000052
:0846680000000000000000004A
:044670000000000046
:104674000000000000000000000000000000000036
:104684000000000000000000000000000000000026
:104694000000000000000000000000000000000016
:1046A4000000000000000000000000000000000006
:1046B40000000000000000000000000000000000F6
:0C46C400000000000000000000000000EA
:1046D0000000000040A900200020000000000000B1
:0446E00000000000D6
:1046E400C8040020C80400200000000000000000EE
:1046F4000E000000DC040020DC04002000000000A8
:10470400000000000E000000F0040020F00400206F
:1047140000000000000000000E000000040500205E
:104724000405002000000000000000000E0000004E
:1047340018050020180500200000000001000000FA
:0447440015E015E087
:040000030000490DA3
:00000001FF
