:10000000409A0020313E00004DB800001D3E000027
:100010001D3E00001D3E00001D3E000000000000CF
:10002000000000000000000000000000AD3F0000E4
:100030001D3E000000000000493F00001D3E000082
:1000400071410000714100007141000071410000E8
:1000500071410000714100007141000071410000D8
:1000600071410000714100007141000071410000C8
:1000700071410000714100007141000071410000B8
:1000800071410000714100007141000071410000A8
:100090007141000071410000714100007141000098
:1000A0007141000071410000714100007141000088
:1000B0007141000071410000714100007141000078
:1000C0007141000071410000714100007141000068
:1000D0007141000071410000714100007141000058
:1000E0007141000071410000714100007141000048
:1000F0007141000071410000714100007141000038
:100100007BB972B90029BEBF00204FF0004106E064
:1001100008BF00281CBF6FF000414FF0FF3000F017
:1001200057B8ADF1080C6DE904CE002909DB002BAE
:100130001ADB00F061F8DDF804E0DDE9022304B029
:100140007047404261EB4101002B1BDB00F054F88B
:10015000DDF804E0DDE9022304B0404261EB410137
:10016000524263EB43037047524263EB430300F098
:1001700043F8DDF804E0DDE9022304B0404261EB1E
:1001800041017047524263EB430300F035F8DDF85C
:1001900004E0DDE9022304B0524263EB43037047FD
:1001A00053B94AB9002908BF00281CBF4FF0FF31DE
:1001B0004FF0FF3000F00CB8ADF1080C6DE904CE43
:1001C00000F01AF8DDF804E0DDE9022304B070471E
:1001D000704700BF10F8012B11F8013B012A28BF1E
:1001E0009A42F7D0D01A7047034613F8012B002A21
:1001F000FBD1181A013870472DE9F04786468C4626
:100200000846089E154674461946002B40F0C280E9
:100210008542B2FA82F245D94AB1C2F1200300FA0E
:1002200002FC2EFA03F3954043EA0C0C94404FEA8B
:10023000154EA8B2BCFBFEF8230C0EFB18CC08FB35
:1002400000F943EA0C43994528D9EB1808F1FF3728
:1002500004D2994502D9A8F102072B44A3EB090364
:10026000A4B2B3FBFEFC0EFB1C330CFB00F044EA13
:100270000344A04214D92C190CF1FF3304D2A0423C
:1002800002D9ACF102032C44241A43EA07401EB100
:10029000D440002334607360BDE8F0874746DDE753
:1002A0006346F1E792BB431B01214FEA154EAFB203
:1002B000B3FBFEFC200C0EFB1C330CFB07F840EAE2
:1002C0000343984562D9EB180CF1FF3004D29845EE
:1002D00002D9ACF102002B44A3EB0803A4B2B3FB98
:1002E000FEFC0EFB1C330CFB07F744EA0344A74259
:1002F0004ED92C190CF1FF3304D2A74202D9ACF12C
:1003000002032C44E41B43EA0040C0E7C2F120038F
:1003100020FA03F1954090402EFA03F303434FEA8D
:10032000154EAFB2B1FBFEFC0EFB1C10190C0CFB02
:1003300007F841EA0041884504FA02F422D9691815
:100340000CF1FF3004D2884502D9ACF102002944F7
:10035000A1EB08019BB2B1FBFEFC0EFB1C110CFBD8
:1003600007F743EA01439F420ED9EB180CF1FF3126
:1003700004D29F4202D9ACF102012B44DB1B41EABB
:10038000004192E76046E3E76146F7E76046A3E78E
:100390006346B7E7834206D916B9002108467BE7D2
:1003A000C6E900E0F9E7B3FA83F78FB9834201D3D6
:1003B000724508D8BEEB020460EB030301209C46A3
:1003C0001EB9002168E73846FAE7C6E9004CF8E7AD
:1003D000C7F1200CBB4022FA0CF41C432EFA0CF19E
:1003E00020FA0CF3B84001434FEA14490EFA07F51E
:1003F000B3FBF9F81FFA84FE09FB18300B0C08FB5D
:100400000EFA43EA00439A4502FA07F240D9E3188C
:1004100008F1FF3004D29A4502D9A8F10200234422
:10042000A3EB0A0389B2B3FBF9F809FB183308FB05
:100430000EFE41EA03418E452CD9611808F1FF33C5
:1004400004D28E4502D9A8F10203214443EA0040B8
:10045000A0FB0298A1EB0E014145CE46434602D3D4
:1004600006D14D4504D2B9EB020E68EB0403013806
:10047000002EA6D0B5EB0E0261EB030101FA0CFCD5
:1004800022FA07F34CEA0303F940C6E9003198E782
:100490004046C5E74346D9E72DE9F047064688B010
:1004A0000F4690460CF0AAFF4FF47A73A0FB034569
:1004B00003FB0155E40B012F44EA45444FEAD535CF
:1004C00007D1294922462B4630460AF035FE002046
:1004D00012E0D8F8047025483946FFF77BFE70B16A
:1004E00023483946FFF776FE48B1304621493A465F
:1004F0000AF03EFE6FF0040008B0BDE8F087204629
:10050000294617A3D3E90023FFF7FAFD05460C4659
:1005100010461946184A0023FFF7F2FD80460F46A1
:10052000104619464EF660220023FFF7E9FD824689
:100530008946104619464FF47A720023FFF7E0FD12
:10054000CDE902A9CDE90623CDE90401CDE9008773
:100550000A492A46234630460AF0EEFDB7E700BFB7
:10056000005C26050000000080E5000091E5000029
:1005700094E500009DE5000080EE3600B5E5000042
:100580002DE9F04F87B00546039117461E46836854
:1005900004AA5B689847002831DBDDE9044AA7FB21
:1005A00004B307FB0A37584619A3D3E90023394699
:1005B000FFF7F6FDDFF8608002904FF0FF39D94574
:1005C00078EB07031ED3A6FB04B406FB0A4410A372
:1005D000D3E9002321465846FFF7E2FDD94578EBE1
:1005E000040403460ED30299AA6899420DD3BDF8BC
:1005F0004010009114682846DDE90221A04707B0A9
:10060000BDE8F08F6FF08500F9E76FF01500F6E7B1
:1006100000CA9A3B00000000FFC99A3B2DE9F04157
:10062000804C236803F00703022B00AF10D96D46FE
:1006300088B06A467C4B53617C4B9361032342F83C
:10064000103F00234FF4C651204601F089F9AD4612
:1006500042F2107006F0A2FAE0B123685E0711D0F2
:100660006D4688B06A46724B5361704BC2E90630E2
:10067000042342F8103F6B4800234FF4015101F06E
:100680006FF9AD46002383F31188BFF36F8F032307
:10069000184602DF674806F0B1FAE0B123685D074B
:1006A00011D06D4688B06A46634B53615F4BC2E917
:1006B0000630042342F8103F5A4800234FF40151FA
:1006C00001F04EF9AD46002383F31188BFF36F8F1D
:1006D0000323184602DF594806F090FAE0B1236878
:1006E000590711D06D4688B06A46534B53614F4B42
:1006F000C2E90630042342F8103F4A4800234FF471
:10070000015101F02DF9AD46002383F31188BFF3A9
:100710006F8F0323184602DF06F0D8FAE0B1236892
:100720005A0711D06D4688B06A46454B53613F4B1E
:10073000C2E90630042342F8103F3A4800234FF440
:10074000015101F00DF9AD46002383F31188BFF389
:100750006F8F0323184602DF3A4E3B4D236803F0A8
:100760000703022B0FD9E84688B06A462F4B9361E6
:100770000323566142F8103F2A4800234FF4C65124
:1007800001F0EEF8C546AB68D3F808801B68B8F1F5
:10079000000F34D1002B38D100214FF4A4700CF09D
:1007A00068FDAA68D2E90123002B32D1002A35D195
:1007B000204806F0D3FAE0B123685B0711D0E84681
:1007C00088B06A46214B5361184BC2E906300423B6
:1007D00042F8103F134800234FF4015101F0C0F8D4
:1007E000C546002383F31188BFF36F8F0323184698
:1007F00002DF00214FF400400CF03BFDAEE723B9CF
:10080000642219462846C047C6E700212846984773
:10081000C2E71AB9114628469847C9E70021284679
:100820009047C5E714060020B0E1000094E2000004
:10083000D5E10000C41C002000E20000C01C002024
:1008400034E2000059E200006CD8000063E20000CE
:100850002DE9F04F91B08407009302F00403029356
:10086000C2F3C20303F10103DDF868800392054679
:100870000E46059340F0BA81041D30B1072909D80E
:100880006FF01B0011B0BDE8F08F01F00706344493
:10089000C6F10806009B4FF00009591E4FF0040AEC
:1008A0004FF0FF330193CDF810904F46CB4653469F
:1008B0000DB1009A22600598002800F3E88098485E
:1008C000009A824203D397488242C0F0E080039AA4
:1008D000A4EB050E92074FEA9E0000F103810F2F53
:1008E00000F2B180002D00F0058107F140020DEB10
:1008F000020C019A0CF8200C0CF8102C0498013012
:100900000490E7E07A285DD84B280ED8472859D8BC
:1009100029282DD8252852D054D820287AD02338F9
:10092000D0F1000B4BEB000B74E04C382E2849D86B
:10093000DFE800F070484848484848484848484878
:100940004B484848484848484859484B4B595959DA
:10095000704B6D487048184B184848827F4B484888
:100960004B487F0000204FF0000B4FF0040A38E0A6
:100970002A38C0B2012202FA00F010EA0E0F49D163
:1009800010F0625C2FD110EA020B43D06046013CAC
:100990005444B4FBFAF40AFB04F4002D61D0A3EB39
:1009A000050CA444B4453FF66BAF002868D1042B76
:1009B00047D158F8043B2360043404232AE0019A09
:1009C000013A01924FF0000B24E011F8010C6C2861
:1009D00034D111F8023C00206C2B8346C5D14FF076
:1009E000080A5346D3E708F1070828F00708073438
:1009F000F8E802AB24F0070435B106982044B04271
:100A00003FF63EAFC4E900AB08344FF0000B4FF0A7
:100A1000080A534611F8010F002878D0BBF1000FE7
:100A20007FF470AF2528F5D1019B013301934FF07E
:100A3000010B4FF0040AECE7584694E70020834688
:100A4000A5E7082B02D06FF015001BE708F1070897
:100A500028F00708F8E80223C4E900230834082333
:100A6000D8E768B9042B02D108F10408A4E7082BE1
:100A7000E9D108F1070828F0070808F10808EDE7B0
:100A8000059A013A059258F8042B009210E7039A50
:100A9000900720D5A4EB050E4FEA9E004FF0010C05
:100AA000BEF5007FCFD20F2FCDD8F5B107F14002B0
:100AB0000DEB020EC0B2019A0EF8200C0EF8102CAD
:100AC000BCF1000F3FF41AAF60F07F000EF8200C6D
:100AD00009F101090137C5F10802043406924FF605
:100AE000DA7E97E74FF0000CDAE7BCF1000F01D097
:100AF0000136EFE7029802360028EBD10098CDE9E5
:100B00000631FFF771FBDDE906310644E2E7631BBE
:100B1000B3F5806F97D23DB9A6F10804E018B1E6AD
:100B2000CCD60000E0FC0000029A28609B082B70E5
:100B30009DF81030C2B1EB7085F80290B9F1000F4A
:100B400005D008A80022C5F1010C97420ED1C5F1CD
:100B500001030DF120084FF0000A01930DF1300B55
:100B6000574512D1601B8DE66B70E5E710F8013B2D
:100B7000190608D50CEB040EB64503F07F033FF6CB
:100B80007FAE04F8013B0132DFE7B9F1000F03D07B
:100B900098F90020002A17DB029BD3B11AF80B202A
:100BA00004F8012B0022019B18191044B0423FF6B3
:100BB00067AE98F8000004F8010B009903922046F4
:100BC0000CF042FD039A14440AF1010A08F10108ED
:100BD000C6E798F8002055F822300093029B45F8AC
:100BE00022300098FFF700FB421CDCE76FF00D009D
:100BF00048E600BF2DE9F04F97B000AF90F802A093
:100C0000D7F880B03B62CBF3C0030446FA62BB6105
:100C1000894641B9457800780AEB800020444D456B
:100C200017D8A0EB0409E378FB61BAF1000F02D0FA
:100C30001BF0010F16D1FB6953BBFB6A1BB13A6A6B
:100C40004946204698474D4628465C37BD46BDE894
:100C5000F08F461C3046FFF7C7FA0130304409F1E7
:100C60000109DCE7237862687A62FA6A990079619F
:100C700004EB8301002A40F006814D460E4601EB4D
:100C80000A094FF00008B14552D101EB0A0610E005
:100C90001BF0020FD1D023789A007A6162687A62E1
:100CA000FA6A04EB8301002A7DD14D4601EB0A0666
:100CB00090461BF0050F0CBF02230123FB62FB696A
:100CC00006EB430A0BF00203BB625645BCD016F894
:100CD000021B16F8013C54F823909C4B994502D313
:100CE0009B4B99453CD3BB69002B46D0786A09F0F1
:100CF0009CFC002841D09748036813F0060F15D0DC
:100D0000E9468AB06A46944B5361944B93617B6A7F
:100D1000C2E9073140F201339384914B42F8103F0E
:100D200000234FF4325100F01BFECD46023DCCE7CC
:100D300016F8013BF96254F82300FFF755FAD7F88B
:100D40008430F96A01304BB1D7F8883098453EBFFE
:100D5000D7F8843023F8180008F10108054492E719
:100D6000BB6923B1786A09F060FC0028C3D11BF08D
:100D7000010F05D1FB6AED1AA7E7BB6A002BA4D0CF
:100D80004846FFF731FAD7F8843053B1D7F88830A6
:100D900098453FBFD7F88420431C22F8183008F14B
:100DA0000108054491E7BAF1000F72D01BF0040866
:100DB00072D0D04607F14800002652463B61B96226
:100DC0000CF042FCB96A3B6901EB0A02BA62FA69AB
:100DD000F9695200FA60BA6A02EB41023A610BF01B
:100DE0000202BA603A69B96A8A4257D162787A6275
:100DF0001BF0020F32440CBF4FEA580100211BF0D8
:100E0000010FD2B240F09F801BF0040F14BF404688
:100E10000020BB616270A070E1703A6A7969FB6A78
:100E200020469847051EFFF60FAFBB6923707B6A0B
:100E30006370FB69E37041463A6AFB6A84F802A07A
:100E400007F148009847B0F10008C0F2BD807B6907
:100E50003A6AA9EB0A01C91AFB68C91AD7E90A0359
:100E600098470028C0F2B280A84408EB00054FF074
:100E7000000B07F1380AB34574D300213A6AFB6AC4
:100E800008469847E0E6564607F138004FF000085C
:100E900093E7D046564697E7464695E7BA6A12F872
:100EA000021BBA6212F8015C284A54F825009042ED
:100EB00002D3274A90421ED3BA6932B1786A7B6066
:100EC00009F0B3FB7B6800288CD1BA6802BB08F13B
:100ED000280207F1300C08F10100944407F1580290
:100EE00052FA80F008F102080CF8101C5FFA88F83A
:100EF00000F8105C76E7BA693AB1786A7B6009F06D
:100F000094FB7B6800287FF46DAF1BF0010F09D0C4
:100F100006F1280207F13000711C161806F8205C53
:100F2000CEB25FE71BF0040F3FF45CAF08F128027C
:100F300007F1300008F1010102EB000808F8105C2D
:100F40005FFA81F84EE7002063E700BFCCD60000CF
:100F5000E0FC0000E40500209EE2000045E3000004
:100F6000050000011BF80A3087F8373054F8239049
:100F7000D7F884302BB3D7F888309B4521D2D7F8E7
:100F8000843033F81B803A6AFB6A012107F137008D
:100F9000984700281ADB0544B8F1000F06D14846EF
:100FA000FFF722F900F101081FFA88F83A6AFB6A94
:100FB000414648469847002808DB05440BF1010BE1
:100FC00059E74FF00008DEE745463DE605463BE6BB
:100FD000014B1860704700BF6003002080B50546D4
:100FE0000E461746984608F025F903460CF064FBB8
:100FF000DFF81890044649F800304246304639463A
:10100000A84754F8090002F089FF00BF080000005B
:1010100008B50446EFF31183202383F31288BFF34E
:101020006F8F05F07FF8204603F0C8FA024809F0F8
:1010300023FB0AF023FCFCE76FE300002DE9F047F7
:10104000058B04462807904611D4022905F00705B0
:1010500040F0CC80204609F08DFD78B10138218B1D
:10106000042811D8DFE800F0C2106D859500012931
:101070000CBF45F0100545F02005258388F3118845
:10108000BFF36F8FBDE8F08701F0070AAA4500F0B3
:10109000A5800027B9463E46A368002B00F0BC801F
:1010A00041F00801218388F31188BFF36F8FA16895
:1010B000002900F0BA800D68002900F0B680D1F850
:1010C0000480334652462046C047002D76D02B6818
:1010D00029461D46F0E701F007035A1F012A1BD8D5
:1010E000002221F00701062B276889B2C4E90022FB
:1010F00009D13B4603E0628B013262831B68002BFF
:10110000F9D141F002012183204609F033FD002886
:101110007AD041F0200176E0042B0AD121F00701BA
:1011200089B22183204609F025FD10B141F020014C
:101130002183218B01F0070AAA454FD00027B94629
:10114000AAE7236921F0070141F00601062DD3F833
:10115000009021832DD1B9F1000F3FD041F008015B
:10116000218388F31188BFF36F8F3A492046C8471F
:1011700029E021F00701236941F0040189B2042D1F
:10118000D3F804902183E6D000273E464FF0040AAE
:1011900082E721F00701236941F0050189B2052D9D
:1011A000D3F808902183D6D000273E464FF0050A99
:1011B00072E700273E464FF0060A6DE72B4687E7A9
:1011C000B9F1000FD1D1EFF31188202383F31288F6
:1011D000BFF36F8F238B23F008032383258BEA064D
:1011E0002ED525F01003238305F007056669218BB2
:1011F000002EBFF670AF00232768C4E9003321F04A
:10120000070141F001012183218B01F0070AAA4562
:101210004FF000097FF440AF002F9CD041F008014F
:10122000218388F31188BFF36F8F002FC8D03D68EA
:10123000394633465246204609F0C8FC2F46F4E7AB
:10124000AB067FF51BAF25F02003238305F00705D0
:1012500000E700BFF9AB00002DE9F047DFF8588048
:10126000044607464FF0010914B93846BDE8F08737
:1012700094FAA4F5B5FA85F509FA05F32E0108EB01
:1012800005156FEA030A24EA03042B7B002BEBD03D
:1012900058F806301B694BB9464404227368284647
:1012A000196807EA0A0709F079FDDDE7284698473B
:1012B0000028D9D1F0E700BF84DB000030B5104929
:1012C000104889B000220CF09BF80F4D0F49002206
:1012D0000023CDE9062300240E23CDE90334CDE914
:1012E00001440B4B00944FF40062284607F056FC73
:1012F0000849284607F082FB204609B030BD00BFF0
:101300001913000020180020580700204059002021
:1013100081160000A3E30000014807F065B900BF93
:10132000A00600202DE9F047804621480F4609F02D
:101330000DFD0646002833D000252846BDE8F0877D
:10134000237B83B12368DB680BB120469847636831
:1013500083F8069023681B69D3B96368042219686F
:10136000204609F01BFD013610345445E8D3B8F18E
:10137000000FE2D0002DDFD02846FFF76DFF0546B5
:10138000002FF7D000214FF4A4700BF072FFF1E7AB
:10139000204698470028E0D009FA06F31D43E2E70B
:1013A000044CDFF814A005464FF00109DDE700BF4B
:1013B000D81C002084DB000094DB0000014B53F8B4
:1013C000200070471CDD000008B5034608462BB11D
:1013D000044A136000F074FD002008BD6FF0150092
:1013E000FBE700BF6403002010B5044C237813B959
:1013F000034807F0F9F80123237010BDBC27002033
:10140000A006002010B504460B4809F09FFC5CB113
:10141000BFF35B8F094B53E8001F013943E800120B
:10142000002AF8D1BFF35B8F05480BF0F5FF0548A4
:10143000BDE8104007F0D8B8D01C0020D41C002014
:1014400020180020A00600200020064BBFF35B8F71
:10145000014653E8000F43E80012002AF9D1BFF318
:101460005B8F7047D01C002070B5FFF7EDFF084C74
:10147000084E0546B44200D370BD63685B792BB15A
:1014800023685B6813B12946204698471034F1E77A
:1014900084DB000094DB000010B5044C04492046B6
:1014A00009F0FAF9034B1C6010BD00BFA80500202D
:1014B00008DD0000C81C00200E4A0F48002310B5AC
:1014C00013700E4A13600E4A4FF400411360FFF789
:1014D0007BFFFFF7E1FF00F06DF90A4B0A49184660
:1014E0008B4200D310BD1A1A5C68121101322271AE
:1014F0001033F5E7BD27002049AD0000D01C0020C7
:10150000D41C002084DB000094DB00000146002294
:101510000148002309F0E1B9A8050020014809F0BD
:101520007ABA00BFA8050020024B0146186809F0EE
:10153000CDBA00BFC81C0020014809F002BB00BFA3
:10154000A80500202DE9F041364B1878002866D018
:10155000FFF7E4FF044600285DD1334B334C1B6892
:10156000002B19DD0BF04AFF4FF47A72A0FB020347
:1015700002FB0131C30BD4E9002043EA41439B1A2B
:101580004FEAD13140F2E93261EB0001934271F14F
:10159000000101D3FFF768FFD4E9003213F57A7335
:1015A00042F10002C4E90032BDE8F041FFF7C4BFD8
:1015B0006B685B793BB121784B0717D52B682146C7
:1015C0001B682846984710354545F1D32046FFF75C
:1015D000ABFFBFF35B8F164B53E8001F013943E8A5
:1015E0000012002AF8D1BFF35B8FB6E720462688A9
:1015F000C1F3C20700F0A2FAC6F382160246002E1B
:10160000DCD00028DADB01233946284600F082F9D5
:10161000B042D8D3D2E7074DDFF81C80D4E7BDE84D
:10162000F08100BFBC270020D01C0020181800202B
:10163000D41C002084DB000094DB000070B50D4D4D
:10164000297861B90120FFF76DFE0B4C0B4EB442B7
:1016500006D3FFF777FF0028FBD101232B7070BD65
:1016600063685B791BB1236820469B6898471034F8
:10167000EDE700BFBD27002084DB000094DB000005
:1016800000212DE9F0470846FFF74CFE044658B309
:1016900040F267684FF000090CF00EF81B4B1C4A33
:1016A0001B58136033B11B4B1B68002B02DD1A481B
:1016B00006F09AFF194FDFF860A0002544B12046DC
:1016C000FFF7CAFD044618B94FF0FF384FF0FF3955
:1016D000FFF738FF064628B9B5B942464B46504693
:1016E00006F0B6FF3546E9E74FF0FF384FF0FF3917
:1016F000D2E72B689B691BB1002211462846984708
:101700001035BD42F5D3E8E7054DFAE708000000C3
:10171000CC1C0020D41C0020A006002094DB00007C
:1017200084DB000010B50F4809F010FB0E4B1B784E
:101730006BB1EFF31184202383F31288BFF36F8F13
:10174000FFF700FF84F31188BFF36F8F10BD074BC5
:101750001B68002BFAD00028F8D10548BDE81040DE
:1017600006F042BFD41C0020BD270020CC1C002066
:10177000A006002010B5064B1B680446984721467A
:10178000A060044809F028F9BDE81040FFF7CABF7F
:1017900064030020A8050020044A054B9B1AB1EB06
:1017A000D30F34BF52F8310000207047D4DA000064
:1017B00084DB00000B480C4B30B51B1A0B4CDB08CC
:1017C00000210430994200D130BD10F83120256845
:1017D00002F0070225F007052A4344F8042B0131E3
:1017E000F0E700BFD4DA000084DB0000E40500204D
:1017F000F8B50B4F0B4DED1B0646ED080024AC422F
:1018000003D14FF0FF342046F8BD57F8340020B123
:101810003146FEF7DFFC0028F5D00134EFE700BFCA
:10182000D4DA000084DB000000282DE9F047884668
:1018300015461F461DDADFF89890264E4FF0000A35
:10184000A6EB090636095446B24509F1100902D142
:101850002046BDE8F08759F80C0C3B4600792A4633
:101860004146FFF7E1FF844238BF04460AF1010A0E
:10187000EAE7194B194AD21AB5EBD20F26D203EB7D
:10188000C5031C79BC4228BF3C46154EC0B200EBD4
:10189000400056F825300722824023EA020304F074
:1018A0000702824013430021032223FA02F000F0D2
:1018B0000700814202F1030238BF01461E2AF4D11B
:1018C00023F007030B4346F82530C1E70024DCE78B
:1018D00084DB000094DB0000D4DA000084DB00002D
:1018E000E4050020F8B5094D094BED1A06460F46F0
:1018F000ED080024AC4200D3F8BD002122B23B46E3
:101900003046013409F042FAA4B2F3E784DB000068
:10191000D4DA000070B14168097973B1002A17DB8D
:10192000CBB20C4951F8220003EB4303D84000F03E
:10193000070070474FF0FF31EFE707490748401AAB
:10194000B2EBD00F3ABF01EBC201087918467047DD
:1019500004207047E4050020D4DA000084DB000096
:101960002DE9F04F8FB004AFC1F34A28B8600D469F
:1019700091467B600C0DB8F1000F69D0002607F18D
:1019800014034FF0040B4FF00A0AC7F80C80C7E9A4
:1019900007667E620193CDF808B0CDF800A007F18C
:1019A0001C03F96832464846FFF724F9B0F5006F8A
:1019B000034622D32B48036813F0060F19D06C4658
:1019C0008AB0D9F8041004AB274D5D61274DC3E9F7
:1019D000065140F2FF7119621A4640F201319984B2
:1019E000234B42F8103F4FF432513346FFF7B8FF14
:1019F000A5462C37BD46BDE8F08FC0F30A0804F1B8
:101A00001700184420F0070080083B60FFF77EFDB8
:101A100068F35325044690B13B68164AC7E9083677
:101A200000F1100107F11403F961CDE900A3CDF82D
:101A300008B0F96807F11C034846FFF7DBF868F3C4
:101A400053257B68B9682A46204609F0CFF9D0E7CC
:101A500004F1170020F007008008FFF757FD044647
:101A6000EDE700BF0C060020B8E3000051E40000E1
:101A700005000001BFAD00002DE9F04F87B002AFB7
:101A8000D7E91069BD6B79600446934698464EB31A
:101A9000C7F80C90CDF80090FA6B33461021002067
:101AA000FEF7D6FEB0F5006F82461CD320480368CF
:101AB00013F0060F12D06C4688B002AA1D4B53617A
:101AC0001D4B936140F2FF73D361042342F8103F32
:101AD00000234FF40251FFF743FFA5461437BD46DC
:101AE000BDE8F08FB24605F11700504420F0070022
:101AF00004F007048008FFF709FD0BF0070BE40072
:101B000044EA8B1444EA4A2444EA0554054640B1A9
:101B10003EB1CDF80090FA6B334651461030FEF7D7
:101B200097FE796843462246284609F05FF9D5E7D3
:101B30000C060020FBE3000037E40000406820B101
:101B4000034BC01A40F38F0070474FF0FF307047CF
:101B5000E40500200EB403B503AB014653F8042B93
:101B60000448019302F0CAFC02B05DF804EB03B034
:101B7000704700BF55AE0000CA0605D48B064CBFA7
:101B800002490349FFF7E6BF704700BF8CE8000039
:101B900001E500002DE9F04F89B09B46149B0693A8
:101BA0009DF84CA0159B0593169B179E0493044625
:101BB0000D469046BAF1000F00F09D8006F4807348
:101BC000079309F0E1F806F00209024600283ED02A
:101BD00091492046FFF7BEFF0746B9F1000F08D034
:101BE00016F0440F35D18D492A462046FFF7B2FF43
:101BF000074406F0010353B1894B8A4953F82A2060
:101C0000894B2046002A08BF1A46FFF7A3FF06F4B7
:101C10008073002B49D006F00803002B63D1B8F184
:101C2000000F66D0814942462046FFF793FF0546E4
:101C3000069B3D44002B6DD1049B002B73D1F30711
:101C400000F1E48031462046FFF796FFD8E00746D2
:101C5000C3E7774B18680028CAD0764B4FF47A79DF
:101C60001B68B5FBF3F54FF46163B5FBF0F100FBC6
:101C7000115509FB05F54FF03C0CB1FBF3F203FBEA
:101C80001211B5FBF0FEB1FBFCF300FB1E550CFB83
:101C9000131109FB05F50091B5FBF0F56649CDE997
:101CA00001E52046FFF756FFA2E706F00803EBB177
:101CB000624B634953F82A202046FFF74BFF054645
:101CC000B8F1000F05D0594942462046FFF742FFC0
:101CD0000544BBF1000FABD05A495A462046FFF7E6
:101CE00039FF0544A4E74FF0000BE1E706F00805D3
:101CF000E6E745469CE7BBF1010F069B06D1002BAA
:101D000064D1049B002B7BD000250CE0002BF8D085
:101D10004D485CE04D48069B4D49224608F054FC76
:101D2000049B002B68D0DFF82C81DFF82C91049FF6
:101D30003146102F204628BF1027FFF71DFF4FF018
:101D4000000B5D4545DC059B49461A782046FFF7A8
:101D500001FF4FF0010B1BF0070F03D14146204656
:101D6000FFF7F8FE5F453BD9059B494613F80B206A
:101D70002046FFF7EFFE0BF1010BBBF1100FEAD18C
:101D8000364920464FF0000BFFF7E4FE5A46059B0C
:101D90009A5CA2F120015F2928BF2E2230492046FB
:101DA000FFF7D8FE0BF1010BBBF1100F1DD01BF09C
:101DB000070F03D141462046FFF7CCFE5F455A4648
:101DC000E5D841462046FFF7C5FEEBE71F485546DC
:101DD000A1E741462046FFF7BDFE0BF1010BB0E73E
:101DE00020492046FFF7B6FEC5E7059B3B44059317
:101DF000049BDB1B04939AD1BAF1000F7FF41FAF51
:101E0000204609B0BDE8F04F09F017B8064A054969
:101E10002046FFF79FFE15E70CEC000075E400007C
:101E20002CDD000059F4000070E400009AE400008A
:101E3000E01C0020DC1C00207EE4000040DD0000EF
:101E40009EE40000A4E400008BAE000055AE00004C
:101E5000FD440000B1E40000A9E40000B3E4000088
:101E6000B5E40000AFE4000073B542F20F738B429B
:101E700028BF0B4605680F4A04460521684607F04F
:101E8000D3FF63680C495B6806460422284608F0C5
:101E9000C6FF63683246694628465B6808F0BFFFA4
:101EA000636806495B681722284608F0B8FF02B04D
:101EB00070BD00BF91E20000D0E40000B8E4000073
:101EC000074A00210123904206D8064A01B901239E
:101ED0001360054B1860704740085B000121F2E772
:101EE00040420F00DC1C0020E01C0020014B0020C1
:101EF00019607047F81C002007B500230093084ABA
:101F000008494FF48053012006F04AF8064B01229D
:101F10001A70064B064A1A6003B05DF804FB00BF56
:101F2000D8280020E5E40000BE270020041D002082
:101F3000C12700200148FFF797BF00BF70DD0000F8
:101F400010B5064B18680C46FFF738FA21460346D1
:101F5000BDE8104002480E22184700BFF81C0020C0
:101F600070DD0000F8B5094D094B0A4ED5E9004770
:101F700001221A700CB92C60F8BD214630463A4651
:101F800000F01EF8241A0644F4E700BFEC1C002001
:101F9000BF270020C027002010B9074B18707047DA
:101FA000064B1B781BB142F210700AF06CBF4FF465
:101FB000A47000210BF05DB9BE270020BF270020D0
:101FC0002DE9F74F524F01903B780C4643B9514FE2
:101FD0008246019B23449A452BD324EAE4700CE00B
:101FE0004D4E012501992246012005F03BFFA8B185
:101FF000012333703B7843B9204603B0BDE8F08F2E
:102000002846FFF7C9FF6F1E3D46012005F0BEFFC1
:102010000028F1D03378002BF2D1EDE73378002B94
:10202000EAD0013D2846FFF7B7FF3378002BD9D11E
:10203000E2E71AF8012B3B680A2A61D1374DDFF835
:10204000E0905A1B012A04BF01333B60D7F800809F
:10205000D9F800B00D2308F8013C08F101020A2369
:10206000BBF1000F3A6088F8003029DD2D4B19686C
:1020700031BB2A495E46632EA2EB050201F117002F
:10208000A8BF63260BF0EEFA274A2449254B02F13C
:10209000140052F804CB41F804CB8242F9D11088E5
:1020A00092788A7008F118020880BBF1090F3A6033
:1020B0004FF001021A6011DC202330366B752E754B
:1020C0003A681649521B012005F0CCFE90B9D9F8A8
:1020D00000300133C9F800303D607AE70A22B6FBD0
:1020E000F2F302FB1366303330362B753E236E75E8
:1020F000EB74E5E70B4A0023C9F800301360EBE707
:102100000A498B423EBF591C39601A7061E700BF13
:10211000BF270020041D0020BE270020C12700206B
:10212000001D0020FC1C0020ECE40000C028002062
:10213000014B03600020704780DD000010B50446AD
:1021400009F0A5FE03490246204608F0F5FF0020ED
:1021500010BD00BF2BE5000073B5134600220192AD
:10216000044601AA58680A2100F054FE019D95B961
:1021700020EAE0744FF40046294640F2E7304FF47D
:102180007A720023C4FB0601FEF70AF80BF071F81F
:10219000284602B070BD2A460249204608F0E8FFF2
:1021A000019DF5E757E5000008B5034A034908F02B
:1021B000C3FF002008BD00BF47E600004EE6000058
:1021C000F7B517460023054601AA0A21B86801930E
:1021D00000F020FE1749C6B2284608F0BBFF019C5C
:1021E00044B122461449284608F0C2FF019C20460B
:1021F00003B0F0BD042E09D910493246284608F034
:10220000B7FF284608F0C2FF0124F0E77868FFF71F
:10221000EFFA021E07DA7A680949284608F0A8FF93
:102220006FF01504E3E7334612B22146204608F06A
:10223000ADFDDCE779E60000DFE6000006E7000020
:102240001DE7000007B500230090694604488DF89B
:10225000043007F04DF99DF8040003B05DF804FB6D
:1022600021AF000010B5044603F052FF07490246B3
:10227000204608F061FF2046054908F05DFF05484B
:10228000214607F04FF9002010BD00BFAFE7000066
:10229000CEE700009922000070B58EB004460D46CE
:1022A000D0F8A8600AF03BFF03460BF005FA214A7C
:1022B00021491058214A002B18BF1A460092204A83
:1022C0002346844218BF0A4628461E4908F034FFB8
:1022D000D4E90A23CDE90023284694F90E30227B65
:1022E000194908F029FF06A92022204606F096FB8E
:1022F000236F16490246284608F01EFF05A920460E
:102300000AF01BFF024628B11149284608F014FFC5
:102310000EB070BD059B6422F11A4A430091B2FBD6
:10232000F6F20C49CDE901622846324608F004FF76
:10233000EEE700BF08000000B1E40000D8E70000AD
:1023400072F10000DBE70000E7E7000013E800009F
:102350002AE8000057E80000F0B5002591B00446D7
:10236000294608AF1C2209A80BF096F9134E1A2231
:10237000202138460BF090F92146114807F0D2F899
:1023800007AA4FF4805130460AF0CBFE079A009717
:10239000C2F5805164234B431B0B05934FF48053CC
:1023A000CDE90313CDE90132204606492B46A6F1BB
:1023B000400208F0C1FE284611B0F0BD00720020B6
:1023C000C9230000A8E8000070B50446D0F8A86052
:1023D00088B00D4607A90AF0B0FE024628B10F49A1
:1023E000284608F0A9FE08B070BD20460AF097FE06
:1023F000079B0096F11ACDE90131094B64224A434B
:10240000002818BF0346B2FBF6F20649CDE9036285
:102410002846224608F090FEE5E700BF2AE80000C3
:10242000D8E70000F1E8000038B513460546102251
:102430005868002107F024FD0446FFF703FF38B970
:102440000E492246284608F093FE6FF0150038BD6D
:102450000BF032F90A4B1B589C4204D1094928461B
:1024600008F086FEF1E7204606F0A0FC2846064963
:10247000224608F061FE0020E9E700BF55E90000B0
:102480000800000070E9000098E9000038B5134624
:10249000054610225868002107F0F2FC0446FFF7B9
:1024A000D1FE38B90E492246284608F061FE6FF089
:1024B000150038BD0BF000F90A4B1B589C4204D1A3
:1024C0000949284608F054FEF1E7204606F08CFD45
:1024D00028460649224608F02FFE0020E9E700BF03
:1024E00055E9000008000000D7E90000FDE9000000
:1024F00038B51346054610225868002107F0C0FC85
:102500000446FFF79FFE38B90E492246284608F0D8
:102510002FFE6FF0150038BD0BF0CEF80A4B1B589C
:102520009C4204D10949284608F022FEF1E72046E2
:1025300001F0F4FC28460649224608F0FDFD002083
:10254000E9E700BF55E900000800000038EA000094
:102550005DEA000007B5064A0648126804230093A6
:102560000021012300F016FB002003B05DF804FBFE
:10257000D4DD000094DB000037B544680A492260CE
:1025800004F108052364002228460AF039FF41F6C9
:102590009A12E46300232846CDE9002307F0B8F936
:1025A000002003B030BD00BF4DAF000010B9034B99
:1025B00018707047A42000210AF05BBED8380020B4
:1025C0002DE9F84F164ED0F804B0884614461D4643
:1025D00004270AF04BFC224682464146002005F0C3
:1025E00041FC814650460AF049FCB9F1000F0BD07E
:1025F00001233370DBF80030DBF8401001209847EE
:102600002C600020BDE8F88F3378002BF2D0013F1A
:102610003846FFF7CBFF3378002BDAD1EAE700BF6B
:10262000D838002010B58368D3F86C32DB07044635
:1026300016D4406803685B689847014608B9A368E8
:102640001871A3685B6B0BB120469847A3680BF029
:1026500033F80022C3F88C22034B185801F05EFCBB
:102660006FF00F01EDE700BF0800000010B58168B2
:102670000446083100F088FDA168034A204608316D
:10268000BDE8104000F018BDA5EA00000EB403B587
:10269000044904AA019200F06FFB02B05DF804EB5C
:1026A00003B070478CE8000010B5836802221A71ED
:1026B0008268936B0446EBB982F84A308268A2F8CC
:1026C00046308268A2F844308368D3F86C32DB0469
:1026D0000BD50321084B094A08F0A6FFA0686FF448
:1026E000805100F51B7008F054FC2046BDE81040F6
:1026F00000F0A4BC10BD00BFB3EA000059F4000014
:102700002DE9F04FA5B00446542200210FA80AF08D
:10271000C3FF00230493A36820464A33039308F0C1
:1027200016FF204608F0C1FE18B981496069FFF71D
:10273000ADFFA06800271422002108300AF0ACFF8A
:102740000DF13C0B4FF0FF38B9463D4602973E462F
:10275000BA46049B012B00F09C80142D40F095801C
:10276000022B40F09680734B734A01210FE05946CB
:10277000039A022304A808F07BFD04995BF8042F58
:102780000392034631B101290AD148B16B4A204670
:1027900008F04AFF6FF00705284625B0BDE8F08F26
:1027A0002DB35BF8040C00F021FD98B167B1A5686A
:1027B0000B9708350AAE0FCE0FC533682B60204645
:1027C000FFF754FF0125E7E75D4A0121204608F0A5
:1027D0002BFFDFE7029BC3B108F1FF38FEB9049B72
:1027E000B8F1000F01D1022BB3D10135B1E7029B43
:1027F0005BB108F1FF3896B9A368DB69002B3BD0C9
:10280000DB68002B38D0002633E05BF8041C05AAF7
:10281000504608F0FDFD08F1FF38064638B3F3686E
:10282000ABB1A368B64603F1080CBEE80F00ACE8F4
:102830000F00DEF80030CCF80030B36833B9737C99
:10284000FE2B04BF96F8108008F1FF38A946D6F891
:1028500004C0BCF1000F08D0B646BEE80F000AAFB6
:102860000FC7DEF800303B606746B246B7E7002D81
:10287000C2D001230293B2E7324B0093324A0F9B3E
:102880000121204608F0D0FEBDE7B8F1000F7FF42B
:102890006EAFBAF1000F0AD09AF81130FE2B06D1B4
:1028A00024AB03EB850353F8543C03B10135A06816
:1028B000436953B9002F3FF46DAFC368BB423FF487
:1028C0007EAF0B9700F1080574E7037EA5EB0905C1
:1028D000B3B1417E4FF6FF72FF2918BF0A469D42F1
:1028E00002D313449D420BD98368184A0121204624
:1028F00008F09AFE2046FFF7B9FE6FF015054BE78A
:10290000012108F066FBA06808F057FBA3680FAA36
:1029100029465B6902EB8902204698470546A06874
:1029200008F04FFBA068002108F053FB34E700BF1C
:102930008CE8000043EB00007BF90000F7EA0000A0
:102940000BEB00002FEB000029EB000067EB000011
:102950002DE9F041ADF5805D82B00023044601937E
:102960000DF10305A3686068D3E90E7803681E695A
:1029700001AB27B34FF4805202A9B047019BCBB102
:102980000121A06808F025FBA06808F016FB43466B
:10299000019A02A92046B847A06808F012FBA06877
:1029A000002108F016FBA3689B6B002BDAD12046B0
:1029B000FFF77AFE0DF5805D02B0BDE8F0810122DF
:1029C0002946B047019B002BF4D09DF903209DF8C8
:1029D0000330A068002AC5DB4279032A00F2838015
:1029E000DFE802F0027B83810D2B41D00A2B22D03D
:1029F000B0F86C22092B6FF3CA02A0F86C224CD0FD
:102A000008D8002B4CD0082BA0684DD00246D2F835
:102A1000683245E01B2BA0683CD07F2B4ED0203B7A
:102A20005E2B0246F3D808F0C3FA9DF80310204647
:102A300000F0CCFA34E0D0F86C22C2F3C7022AB11D
:102A4000D0F86C22C2F3C7020A2ADFD1B0F86C2298
:102A500063F3CA02A0F86C22A668B6F844309BB9AA
:102A60004B496069FFF712FE2046FFF71DFE79E72C
:102A7000D0F86C22C2F3C702002AE7D0D0F86C224B
:102A8000C2F3C7020D2AE0E72046FFF739FEC6F879
:102A90009002E9E70123437102E0A368D3F86832AA
:102AA000606908F085FB5DE7D0F868329F07F7D5CD
:102AB00008F07EFA204608F01EFEF1E7D0F86832F2
:102AC0009E07EDD508F074FAA368D3F868321807AA
:102AD000F0D4204608F0F0FDE2E75B2B01D10223A1
:102AE000D9E7D0F868320023D5E700224271A26806
:102AF000D2F8681289077FF535AF342B0AD8302B0E
:102B0000CED90321323B5171022B2DD8DFE803F0DF
:102B1000303A2800433BDAB2092AC1D8092BBFD882
:102B200001A252F823F000BF512B0000592B0000E6
:102B3000A12A0000612B0000A12A0000692B0000DF
:102B4000A12A0000A12A0000A12A0000712B000088
:102B5000204608F00EFDA3E7204608F001FD9FE7A0
:102B6000204608F0F4FC9BE7204608F0E9FC97E7D4
:102B7000A068D0F8681201F0010181F0010108F0AD
:102B800033FA8DE7A368D3F868329B0788D5A0E7AE
:102B90008CE800002DE9F04304468068D0F88C9260
:102BA00089B00F4615461E46B9F1000F5CD190461C
:102BB00049464FF425720AF06FFDA06800F51C70BD
:102BC0000AF0A7FCA06800F51F70012211460AF068
:102BD00003FAA369C3F80090A068022100F51B70F6
:102BE00008F0C8F9A36850225A85A36818221A85EC
:102BF000A36822681A60D4F80890D9F8000010B1D0
:102C0000FDF7F2FA80B289F82C00A368184A25F083
:102C1000360565F30708C3F86882606803683946BB
:102C20001D682346A8470546D0B9A36801221A713A
:102C3000D4E90A0100220023CDE906230E230393E1
:102C4000109B0495CDE9016300940A4B4FF4805228
:102C500005F0A4FFA368C3F88C02616A05F0CEFEFC
:102C6000284609B0BDE8F0836FF07705F8E700BFAC
:102C70003FB00000C12C000010B504468068037905
:102C8000012B17D140F26762002308F0F2F910B966
:102C90006FF00F0010BD09496069FFF7F7FC20468F
:102CA000FFF702FD204608F039FDA06808F085F91D
:102CB0000020EFE76FF08500ECE700BF8CE8000034
:102CC0002DE9F34104468068154600F51B70002984
:102CD00035D04FF4804108F04DF9A3681D64606859
:102CE000036800219B68984770BB2046FFF7C4FF2C
:102CF00050BB174DDFF85C804FF0FF364FF0FF37C9
:102D0000A06800F51C7000220721CDE900670AF0D9
:102D10000CFCA06808F055F92A460421204608F06A
:102D200072F920464246012108F06DF96068036897
:102D30005B6903B19847A06808F03FF9E0E76FF4DA
:102D4000804108F026F9C8E702B0BDE8F08100BF75
:102D50002526000085B0000010B50549044608F09E
:102D6000EBF92046034A002100F0A6F9002010BD2F
:102D700082EB0000D6EB000010B5044613460A466D
:102D80000146064801F0BAFB23691B7923B12046AE
:102D9000BDE8104008F00CBA10BD00BFC9B100007A
:102DA00038B50B46154648B91449154A521AB3EBC3
:102DB000920F05D251F82350284638BD84680CB9CB
:102DC0000025F9E70F4A94420AD30F4A944207D2EA
:102DD00018462268294690472B68002BECD1EFE774
:102DE0000A4A944202D30A4A944205D32468142220
:102DF0005343E518E358F0E70133F8E7C4DB00007C
:102E0000D0DB0000FCDC0000FCDC0000D0DB0000BC
:102E1000FCDC0000F7B503782D2B0446164605D1DF
:102E20006FF015033360002003B0F0BD0AF044FCDE
:102E30000B4F00230546C3510A46204601A907F05F
:102E40001FF8EB59222B02D16FF02103EAE7002B88
:102E5000E6D1019BA342E3D01B78002BE4D0DFE74F
:102E60000C000000014908F0FEBA00BF8CE8000029
:102E70002DE9F0478568DFF86890044605F14A00BF
:102E8000FDF7B2F9002395F82C7086B29846A26837
:102E9000558DED1BB54209DB002E1FDD4A336069FD
:102EA0001049BDE8F0471A4408F0DDBA1D442A4431
:102EB0004A3392F84AA082F84A80A26860691A44AC
:102EC000494608F0D0FAA3682B4483F84AA0A368C7
:102ED0005B8DDB1BF61A00272B46D8E7BDE8F08791
:102EE0007BF9000059F400002DE9F84FD0F8089064
:102EF000D9F86832B9F846605B0705460F46904638
:102F000024D506F14A004844FDF76EF92C4E0446DC
:102F1000B4B9AB68B3F84420A3F84620A86808F019
:102F2000AFFA30B1B8F1000F00D017B16869FFF700
:102F300099FF7942284609B2BDE8F84F08F0E1BA96
:102F40006869314608F08FFA013CE1E7D9F80000E2
:102F5000B9F844A010B1FDF747F980B2B9F82A30AA
:102F600082448419B4FBF3F2BAFBF3F39A42B346FA
:102F70001CD0144EAB685445CBDA5A8DB4FBF2F337
:102F800002FB134304F1010913B96869FFF76AFFF3
:102F9000AB685B440BF1010493F84A3032460821D8
:102FA0002846A34608F040FB4C46E3E74A36064A6B
:102FB00009EB06030821284608F036FBA9E700BF05
:102FC00072F10000B5E4000059F4000013B5836805
:102FD0008DF80710D3F868220446D00725D5B3F83A
:102FE0004610B3F844208A421FD0481CA3F846007C
:102FF0000B449DF8072083F84A20A368D3F8681291
:10300000890710D5D3F8683260690B4913F0040FB3
:1030100018BF2A2208F027FA204608F046FA10B115
:103020006069FFF71FFF02B010BD01220DF107011B
:10303000204608F007FBF6E7B5E4000010B583680A
:10304000094A1B680446022108F0EEFAA368D3F887
:1030500068329B0707D52046FFF70AFF2046BDE8E8
:10306000104008F03ABA10BD59F40000014908F0C8
:103070006ABB00BF8CE80000F8B50F4651680446F3
:1030800015461E4611B11A4608F06AFBAB6883B1BB
:103090003146204608F008FA2046064A3B460821F9
:1030A00008F0C2FAA968F21D2046BDE8F84008F011
:1030B00057BBF8BD05EC00002DE9F04F0F4600218D
:1030C00089B0044616460D4603AA384601F10108A8
:1030D000FFF766FEA8B98DB126B132460821204619
:1030E00008F0A2FADFF89090DFF890B0002103AA70
:1030F000384601F1010AFFF753FE60B909B0BDE897
:10310000F08F006810B1FDF76FF880B2854238BFCC
:1031100005464146D8E7D0F80080B8F1000F0FD03F
:1031200098F8003063B14668154ACDE900584B461F
:103130000821204608F078FA26B96069FFF796FF63
:103140005146D4E74B465A460821204608F06CFA0F
:10315000AB1DB2079BB209D131680A4A914205D131
:10316000324641462046FFF787FFE9E71A463146D7
:10317000204608F0F5FAE3E72AEC0000A4E400009A
:1031800010EC0000C40BD286F7B50F6805460E465A
:10319000EFB13846FDF728F884B2114B00930821AF
:1031A0003B46104A284608F03FFA7168E31C9BB280
:1031B00079B18A070DD108680B4A904209D10A46B5
:1031C0003168284603B0BDE8F040FFF755BF3C46E4
:1031D000E3E71A46284603B0BDE8F04008F0C0BA5D
:1031E00026EC000017EC0000C40BD28610B507498E
:1031F0000446FCF7EFFF38B105492046FCF7EAFF2B
:10320000B0FA80F0400910BD0120FCE71CEC000082
:103210001FEC000008B5044807F02EFA034807F039
:103220002BFA002008BD00BF33EC000068EC000062
:10323000014806F051BC00BF18DE000038B5044656
:1032400018B90F4B0F485B6898476168B1F5683F44
:1032500010D0B1F5680F0DD00B4DA9420AD011F472
:103260006861206807D00146084809F063FE002322
:103270002360656038BD14220AF00EFAF9E700BF3A
:103280003405002096EC00002C5F5CA9A0240020EF
:1032900008B520B34368B3F5683F10D10122036835
:1032A000BFF35B8F53E8001F002903D143E80020E0
:1032B0000028F7D1BFF35B8F0DD1002008BD094A6C
:1032C00093420AD000684FF0FF324FF0FF3305F011
:1032D000C3F80028F1D00448F0E70448EEE76FF4A3
:1032E000E040EBE72C5F5CA9E98FFFFFEA8FFFFF6F
:1032F00008B5D8B14368B3F5683F10D10022036820
:10330000BFF35B8F53E8001F012903D143E800207E
:103310000028F7D1BFF35B8F0BD1002008BD074A0F
:10332000934208D0006805F00FF9F6E76FF4E0402B
:10333000F4E70348F2E70348F0E700BF2C5F5CA91D
:10334000E98FFFFFEA8FFFFF10B5044618B91D4B48
:103350001D485B6898476368B3F5683F2FD0B3F5A5
:10336000680F2CD0194A934219D1236803BB18481F
:103370004FF0FF324FF0FF33214605F03FF808B918
:1033800023681BB90F4B13485B68984720681422C9
:1033900000210AF081F94FF46863636008E0B3F537
:1033A000683F0DD83A2B03D040F6BA629342DED183
:1033B000206809F00AFE636843F03A03636010BDB9
:1033C000054AF3E73405002096EC00002C5F5CA969
:1033D000A0240020BCEC00003A00003A08B50649E1
:1033E00006484023142209F097FDBDE8084004492F
:1033F000044806F0E3BB00BFA01F0020A02400206B
:1034000020DE000034DE000008B50348034A002136
:10341000121A08F013FA08BDB00600200C5900205B
:103420000748084A084908B5121A08F009FA074877
:10343000074A0849BDE80840121A08F001BA00BF5F
:1034400000000020B0060020E0FC0000000000208A
:1034500000000020E0FC00002DE9F047054600AF29
:103460000C46002963D0DFF808A1DAF800305A07CB
:103470005DD06E468AB0D1E90001A3686A46DFF8E4
:10348000F480DFF8F4C0C2F814C04FF00609C2E9B6
:103490000680C2E9081342F8109F00234FF44151FF
:1034A0005046FEF75DFADAF800305B07B5463ED0CD
:1034B0008AB0D4E9030163696A46DFF8C0C0536289
:1034C000C2E905C8C2E9070142F8109F002350462F
:1034D0004FF44151FEF744FADAF800305807B54688
:1034E00025D088B0E3696A462549D3614FF00409C5
:1034F000C2E9051842F8109F00234FF401515046CD
:10350000FEF72EFADAF800305907B5460FD088B02A
:10351000A3696A461B49D361C2E9051842F8109FA6
:1035200000234FF401515046FEF71AFAB546012D1B
:1035300017D1EFF305830E480268520711D06E468B
:1035400088B06A4610495161103BD3610F499161BF
:10355000042342F8103F00234FF40151FEF700FA14
:10356000B5462146284604F081FDBD46BDE8F087FA
:103570001C060020ABED0000E9EC00001CED000093
:103580004FED000062ED000094ED0000B4ED00008E
:1035900030BFFFF7FDBF00BF2DE9F0410B4EDFF854
:1035A000308006EB0807CC1B054632460949204609
:1035B0000AF04AF8A01942460021083C0AF06CF8CB
:1035C000C5F8B44007F10800BDE8F0810000000034
:1035D00008000000FCDC0000054B5A699B689A4219
:1035E0001FBF044A536843F080535360704700BFC5
:1035F000A425002000ED00E02DE9F041694C23688E
:103600000646580700AF0D460FD0E84688B06A4618
:10361000654B5361654B9361032342F8103F4FF4B0
:10362000C251204608F019F9C546614B9B6AD9047E
:1036300040F19D8023685A070FD0E84688B06A465B
:103640005C4B5361594B9361032342F8103F55483B
:103650004FF4C25108F001F9C5461720544B9B6A3C
:103660001B0513D5236858070FD0E84688B06A4673
:10367000514B53614D4B9361032342F8103F49482E
:103680004FF4C25108F0E9F8C5461820484B9B6A30
:10369000990532D523685A070FD0E84688B06A46A4
:1036A000464B5361414B9361032342F8103F3D4821
:1036B0004FF4C25108F0D1F8C5463D4B996B9B6A57
:1036C0001B0419D52368580710D0E84688B06A460D
:1036D0003B4B5361354B3348C2E90631042342F872
:1036E000103F4FF4015108F0B8F8C54626B1304AF2
:1036F000936A23F40043936219202D4B9B6A5A0569
:1037000013D523685B070FD06E4688B06A462D4BF1
:103710005361264B9361032342F8103F21484FF435
:10372000C25108F09AF8B5461A20214B9A6AD6057C
:103730001FD5236859070FD06C4688B06A46224BC4
:1037400053611A4B9361032342F8103F15484FF41D
:10375000C25108F082F8A5461B20154A936A43F42B
:103760007F43936200232B70BD46BDE8F081162095
:1037700074E79B6A9A04F0D523685B070FD06C4608
:1037800088B06A46114B5361084B9361032342F89A
:10379000103F04484FF4C25108F05FF8A5461C20C2
:1037A000DBE700BF1C060020C6ED0000A1F1000011
:1037B00000ED00E0E0ED0000F5ED00000CEE000093
:1037C00029EE000042EE000061EE00007DEE0000F8
:1037D000B0B5584C23685D0700AF0FD06D4688B078
:1037E0006A46554B5361554B9361032342F8103F92
:1037F0004FF4C251204608F030F8AD46504B9B6A5A
:10380000980140F19580236859070FD06D4688B024
:103810006A464C4B5361494B9361032342F8103F76
:1038200044484FF4C25108F018F8AD461E20444BEE
:103830009B6ADA0113D523685B070FD06D4688B009
:103840006A46414B53613D4B9361032342F8103F5D
:1038500038484FF4C25108F000F8AD461F20384BED
:103860009B6A1D0313D5236859070FD06D4688B096
:103870006A46364B5361314B9361032342F8103F44
:103880002C484FF4C25107F0E8FFAD4621202C4BE5
:103890009B6A5A0313D523685B070FD06D4688B027
:1038A0006A462B4B5361254B9361032342F8103F2B
:1038B00020484FF4C25107F0D0FFAD462220204BE4
:1038C0009B6A9D0313D5236859070FD06D4688B0B6
:1038D0006A46204B5361194B9361032342F8103F12
:1038E00014484FF4C25107F0B8FFAD462320144BE3
:1038F0009B6ADA0313D523685B070FD06C4688B048
:103900006A46154B53610D4B9361032342F8103FF8
:1039100008484FF4C25107F0A0FFA5462420084AEA
:10392000936A6FEA03436FEA13439362BD46B0BDE7
:103930001D207CE71C060020B0EE000095F1000081
:1039400000ED00E0CCEE0000E3EE000001EF00002F
:1039500023EF00004CEF00006AEF00002DE9F04774
:103960006E4D2B688A46590700AF814690460FD0AE
:103970006C4688B06A466A4B53616A4B9361032375
:1039800042F8103F4FF4C251284607F066FFA546A3
:10399000654B9B6ADA0665D52B685B070FD06C46D2
:1039A00088B06A46614B53615E4B9361032342F8D2
:1039B000103F5A484FF4C25107F04FFFA54611245B
:1039C000594B9B6A1E0713D52B6858070FD06C46BE
:1039D00088B06A46564B5361524B9361032342F8B9
:1039E000103F4E484FF4C25107F037FFA54612244E
:1039F0004D4B9B6A990737D52B685A070FD06C46F9
:103A000088B06A464B4B5361464B9361032342F89F
:103A1000103F42484FF4C25107F01FFFA546424BEA
:103A20005E6B9B6A1B0676D52B685C0710D06C46D4
:103A300088B06A46404B53613A4B3848C2E9063673
:103A4000042342F8103F4FF4015107F006FFA5464A
:103A5000BAF1000F04D0344A936A23F080039362D2
:103A6000132403E01024ABE76FF015062E4B9B6A7E
:103A7000D80713D52B6859070FD06C4688B06A4613
:103A80002E4B5361274B9361032342F8103F234889
:103A90004FF4C25107F0E1FEA5461424224B9B6A65
:103AA0009A0613D52B685B070FD06C4688B06A4620
:103AB000234B53611B4B9361032342F8103F17487C
:103AC0004FF4C25107F0C9FEA5461524164B9A6A59
:103AD000D50602D49A6A90070AD55B68190507D5FE
:103AE0004946304600F0FAFA10B180F30988022402
:103AF0000D4B9A6A920642BF5A6A22F400525A62E9
:103B00009A6A42F0FF029A622046002388F8003049
:103B1000BD46BDE8F0876FF01506A1E71C06002042
:103B200099EF0000ABF1000000ED00E0B3EF000002
:103B3000F5ED0000EAEF000006F0000020F00000C4
:103B40007DEE00002DE9F0419D4B8AB0D3F8048052
:103B500000AF0446C8F30806002585F31188BFF3BB
:103B60006F8F02F07F43B3F17F4F16D102F00C0349
:103B7000082B26D19348036859070ED06C4688B0AD
:103B80006A46914B5361914B9361032342F8103F76
:103B90004FF4C25107F061FEA54600252C460023D4
:103BA000FB71F31E092B00F2E580DFE813F00F0034
:103BB000CB00CE00C700E300E300E300E300E30036
:103BC000D10012074CBF0C460125E8E77D4E336853
:103BD0005B070FD0E84688B06A467D4B53617D4B4A
:103BE0009361032342F8103F4FF4C251304607F06F
:103BF00034FEC5460023FB71714BDA6A900714D579
:103C0000336859070FD06E4688B06A46724B5361CD
:103C1000704B9361032342F8103F6A484FF4C2513E
:103C200007F01BFEB546002358E0DA6A002A07DADF
:103C300033685A07F7D06E4688B06A46674BE6E7A6
:103C4000DB6A5B00EFD5336858070FD0E84688B0D1
:103C50006A46634B53615F4B9361032342F8103F05
:103C600058484FF4C25107F0F8FDC546544BA169BE
:103C70005A6942F480725A61BFF34F8FBFF36F8F5E
:103C80005A6931F8021C22F480725A61BFF34F8FD7
:103C9000BFF36F8F4DF60272914209D09A6AD2B289
:103CA000002A3DD0FA1D01212046FFF757FE47E0CC
:103CB0003368590711D06E4688B023686A4649496F
:103CC000516144493F48C2E90613042342F8103FBA
:103CD0004FF4015107F0C1FDB5462368FA79DAB90E
:103CE00007F1080604F1200C20686168324603C21F
:103CF000083464451646F7D17A6A002D5BD0C2F3CA
:103D0000080121B96FEA52226FEA42227A6207F172
:103D100008011846FFF7A0FB2837BD46BDE8F08133
:103D20009A6A12F47F4F04D0F91D0120FFF764FC5A
:103D300006E09B6AB3F5803FFFF475AFFFF748FDDF
:103D40000346CBE7FA1D0021AEE7F91D0020EDE7A1
:103D50001C4803685A073FF466AF6E4688B06A464F
:103D6000214B5361214B9361032342F8103F4FF4E1
:103D7000C25155E7134803685B073FF454AF1C4A30
:103D80001C4B18F4F87FE8468AB018BF13466A4601
:103D9000194951611949C2E9061340F2013393846C
:103DA000103E174B16624FF4315142F8103F07F0A6
:103DB00054FDC54637E722F4FF7222F00102A5E761
:103DC00000ED00E01C06002071F00000C7F10000CB
:103DD000A0F00000BCF10000BBF00000E0F000002B
:103DE000F2F0000015F1000035F1000087F100004D
:103DF00058F0000043F000005DF1000074F1000095
:103E000005000001044B5A6942F010025A615A69D8
:103E100022F008025A61704700ED00E0EFF30880DD
:103E2000EFF3098101B57246FFF78CFE01BD00BFBB
:103E3000002080F31488BFF36F8F134880F3088845
:103E400003F002F8002011490860BFF34F8F00F023
:103E500033F8202080F311880D484FF0AA014FF469
:103E6000825207F0EBFC0A484FF48251401880F36D
:103E70000988EFF314800221084380F31488BFF30C
:103E80006F8F00F0FBF80000409A002094ED00E0F6
:103E9000C07100200749D1F890200023C2F3072207
:103EA0001846934200DB7047C1F89830C1F8A00073
:103EB0000133F6E700ED00E008B572B6002383F3A6
:103EC0001388FFF7E7FF144B4FF0FF32C3F8802051
:103ED000C3F88420C3F88820C3F88C20C3F890204E
:103EE000C3F89420C3F89820C3F89C20C3F880211D
:103EF000C3F88421C3F88821C3F88C21C3F890212A
:103F0000C3F89421C3F89821C3F89C2162B6BFF38B
:103F10004F8FBFF36F8F08BD00E100E0084B9B6837
:103F200083420BD1EFF3058343B1064B5A6842F04D
:103F300080525A605A6A22F400425A6205F080B9EF
:103F4000A425002000ED00E015498A684FF03000FC
:103F50001044EFF3098C80E8F01F202080F31288D2
:103F6000BFF36F8F0F4F4FF000664A698A603E6063
:103F7000D2F8B4000C4C2060D2F8B8000023C2F88C
:103F8000B83080F3118804B5104600F00FF9BDE891
:103F9000044002F1300090E8F01F8CF3098870476C
:103FA000A425002004ED00E0BC2400201EF0040F36
:103FB0000CBFEFF30880EFF30980816911F8021C50
:103FC0000229FFD001B5724607F03CFC01BD00BFDD
:103FD00040B2002807DB044A4109012300F01F001A
:103FE000834042F82130704700E100E040B20028F1
:103FF0000CDB4309064900F01F00203301228240F8
:1040000041F82320BFF34F8FBFF36F8F704700BF7E
:1040100000E100E0054B420900F01F0053F82220A8
:10402000012303FA00F01040704700BF00E100E0F8
:1040300040B20028A8BF00F1604001F10101B8BF03
:10404000064B4FEA4111ACBF00F5614000F00F0094
:10405000C9B2B4BF195480F80013704714ED00E0E2
:10406000044B054A23F07F039360BFF34F8FBFF3E8
:104070006F8F70470000000000ED00E008B5FFF70B
:10408000EFFF074AD2F8883023F47003C2F8883073
:10409000FFF7BAF9FFF7C4F900F05EF804F034F95D
:1040A00000ED00E042F8203C009B42F81C3C0A492D
:1040B000019B42F8183C029B42F8143C21F001019C
:1040C0004FF0807342F8043C42F8081C0023203A69
:1040D0000265C0F8B8307047DD0F00000A4A034699
:1040E000906878B113F1160FD0F8A40005D0A0F1B4
:1040F00040029A4205D8834203D2814228BF002061
:1041000070470020704700BFA425002008B5154661
:104110000C4A0D4B9060D0F8B4201A600E4600F0A7
:1041200045F82C4686F309880020044B9847204622
:10413000002100220023024C204700006FB800003D
:10414000DD0F0000A4250020BC240020014B10221C
:104150001A61704700ED00E0044800232021C218D6
:104160000133302B82F80013F9D1704700E100E0F1
:1041700008B5EFF30583064A103B02EBC30152F882
:10418000330049688847BDE80840FFF725BA00BFFB
:10419000A4D80000024B034A0348012100F0BCB838
:1041A000000004200000002044DE0000D0F8A4201D
:1041B000054B403A1A60054A4021C3E901121846EE
:1041C000012100F0B3B800BFC024002000000B158F
:1041D00098B503460C480268520700AF10D06C46F1
:1041E00088B06A46094951610949C2E906130423A6
:1041F00042F8103F00234FF40151FDF7B1FBA546F3
:104200006FF01500BD4698BD18060020D3F10000E0
:1042100024F2000010B40E4CD4F89030C3F30723FE
:10422000013B984202D910BCFFF7D2BFC4F89800F6
:104230000B6823F01F03034343F01003C4F89C30C2
:104240008B6843F00103C4F8A03010BC704700BF76
:1042500000ED00E02DE9F04184B00E4600AF984635
:1042600004460025B5421FDA6068002835D0B8F151
:10427000000F23D0411E08421BD0194803685B077A
:1042800010D06C4688B06A46164B5361164BC2E993
:104290000635042342F8103F00234FF40151FDF787
:1042A0005FFBA5466FF0150210461037BD46BDE80E
:1042B000F0811F28E1D923681942DED123687B6091
:1042C00007F0F8FAA368391D0343D0B2FB60FFF78B
:1042D000A1FF10F1160FE5D0421C01350C34C1E7E7
:1042E00018060020FDF100003DF20000044B0522FD
:1042F000C3F89420BFF34F8FBFF36F8F704700BF99
:1043000000ED00E0BFF35F8F024B0022C3F8942062
:10431000704700BF00ED00E010B5034C0123227888
:10432000FFF798FF207010BDF738002008B50B4A42
:1043300000231278FFF78EFF10F1160F07D0084AFE
:104340000021D2F89030C3F30723984200DB08BD68
:10435000C2F89800C2F8A0100130F2E7F738002048
:1043600000ED00E02DE9F0435E485F49D0F8903061
:104370000D68C3F307239D4285B000F2B080FFF7BC
:10438000C1FF49680022954201F10C011BD1574C35
:10439000574F25706846FDF7CBFEDFF85881DFF8F0
:1043A000589106460025AE4220D123784D49002081
:1043B000D1F89020C2F307229342C0F28A80FFF71F
:1043C00095FF00204FE0C0F8982051F80C3C23F0F6
:1043D0001F03134343F01003C0F89C3051F8043C12
:1043E00043F00103C0F8A0300132CCE7009800EBA5
:1043F00005114FEA051CCB683B40B3F5000F49D0CF
:104400000AD8B3F5001F31D0B3F5800F37D0B3F51C
:10441000801F13D00135C6E7B3F1007F43D0B3F15D
:10442000805F49D0B3F1807FF4D150F80C308868B8
:104430004A6807F03FFA40F0887009E050F80C3005
:1044400088684A6807F036FA40F0885040F4302017
:10445000039001A92078CDE90123FFF7DBFE0028B6
:1044600033DA6FF0150005B0BDE8F08350F80C307A
:1044700088684A6807F01EFA40EA0900E8E750F841
:104480000C3088684A6807F015FA40F0007040F474
:104490000030DDE750F80C3088684A6807F00AFA07
:1044A00040F08270D4E750F80C3088684A6807F012
:1044B00001FA40F48020CBE750F80C3088684A6855
:1044C00007F0F8F940EA0800C2E7237801332370C7
:1044D000A0E7C1F89830C1F8A000013368E74FF0B9
:1044E000FF30C0E700ED00E050DE0000F7380020AC
:1044F0000000F0FF0000021100000811F0B587B0C5
:1045000007460E4614460021102268461D4609F053
:10451000C3F802238DF802302A46054B0193214649
:104520006846CDE9047605F011FD07B0F0BD00BF87
:10453000D5B8000008B5024B1B689847002008BD9D
:10454000CC240020034B044A1860937843F0020304
:1045500093707047CC2400209803002008B50649CA
:10456000064821F00701C1F1005202F5802205F052
:10457000D3FF002008BD00BFC7CA0020D024002000
:10458000044A0123C2F840354FF080420020C2F8AF
:104590007835704700E0014048B1054B054A1B687B
:1045A000B3FBF2F35843044B43F001031847704741
:1045B0002005002040420F0000DD0000BFF34F8FB8
:1045C0000549064BCA6802F4E0621343CB60BFF3AF
:1045D0004F8F00BFFDE700BF00ED00E00400FA05CB
:1045E000084B70B5C31A0D4607499B100446594342
:1045F0000648402207F082F92B4601462046BDE8D6
:1046000070401847F0240020B76DDBB68CD700004F
:1046100073B50C4C0C4A4023041B00930D460B460B
:104620000A49A41061430646094807F092F9011EA1
:1046300005DA30462B4602B0BDE87040184702B09C
:1046400070BD00BFF0240020BBB90000B76DDBB621
:104650008CD700000022F8B5012105461046FFF76F
:10466000E7FC104802F0E0FC0446B8B902F0FCFC9C
:104670002F690D49384606F0CCFA031E09DB0126E6
:104680003E642D69084905F11C0006F0C2FA031EBC
:1046900002DA1C462046F8BDEE64FBE76FF0040426
:1046A000F8E700BFD947000070DE00001FB5002208
:1046B0000123CDE90223094ACDF800D06B46CDF89D
:1046C00004D007F073F9002805DB4FF48042002383
:1046D000684603F0BDFF05B05DF804FBCDB90000EE
:1046E00010B5EFF31184202383F31288BFF36F8F8B
:1046F000074A136823F00201DB07116002D401208E
:1047000007F02AFE84F31188BFF36F8F10BD00BF3E
:104710004025002030B4104B0C2202FB0033014630
:104720000020D3E90E529863EFF31180202484F324
:104730001288BFF36F8F1C6C04F0C00444F00204B5
:104740001C6480F31188BFF36F8F1DB12B460348A3
:1047500030BC184730BC7047F02400208CD70000D4
:1047600010B4EFF31182202383F31288BFF36F8F0D
:104770001748016841F002040460C80707D482F3B7
:104780001188BFF36F8F012010BC07F0DDBD4FF023
:104790008041D1F80C04D1F80C14C907EFD5EFF320
:1047A000118083F31288BFF36F8F0A490B6C03F0FB
:1047B000C00343F002030B6480F31188BFF36F8FD3
:1047C00082F31188BFF36F8F002010BCFFF7A2BFE8
:1047D00040250020F024002010B1012804D07047AB
:1047E000034B1B6C5B0701D1FFF794BF704700BF01
:1047F000F02400202DE9F0413849BFF35B8F0746D4
:10480000012251E8003F41E800200028F9D1BFF320
:104810005B8F33B9324933484B60CB608A6006F016
:104820000BFA7B1E012B2BD8012F07D14FF08043B1
:10483000D3F81C3403F00303012B21D008F069FCEA
:104840000546F8B9284B1B78E3B14FF080430222AC
:10485000C3F808230646DFF894804FF08044D4F86C
:104860001824D4F81834D20315D503F00303012B10
:1048700001D0012F0FD155B386F31188BFF36F8F8D
:10488000BDE8F081EFF31186202383F31288BFF394
:104890006F8F0125DFE7ADB1304606F0FCFFD4F89D
:1048A0001835002BDBD1D4F80421002AD7D0C4F866
:1048B0000431D4F804310123C4F81835C8F8803124
:1048C000A360CCE70021212008F0D3FCE7E74FF0FC
:1048D00080430222C3F80423D2E700BFEC24002067
:1048E000DC2400200C2500200A59002000E100E013
:1048F00010B5044C2046FCF76BFB2046FFF722FE68
:10490000002010BD0949000073B5104E8DF8070056
:104910000446032501220DF10701002003F012FBDC
:1049200020B101233370204602B070BD3378002BD4
:10493000F9D0013D08D008F0ECFB0028EAD10021B5
:10494000422008F096FCE5E73570ECE7F8380020E7
:10495000024B0B6001231360704700BF4425002009
:104960000048704794DE0000B0B503460D48026869
:10497000520700AF11D06C468AB06A460A4D5561A5
:104980000A4D1162C2E90653052342F8103F002385
:104990004FF42151FCF7E4FFA5466FF01500BD462A
:1049A000B0BD00BF000600208FF20000F5F200004D
:1049B00010B5012211460648064C08F00DFB07F021
:1049C000E0FF206007F0D9FF6060002010BD00BF4D
:1049D0004C250020442500204FF08042D2F81015CD
:1049E000D2F8103501F01E0123F01F030B4343F0F2
:1049F0000103C2F81035024B00221A70704700BF45
:104A0000F93800204FF08053D3F83031082B20D1F3
:104A10004FF08042D2F81015CB071AD5D2F81035D6
:104A200001F01E0123F01F030B43C2F81035D2F82A
:104A300008315BB1D2F8103523F01F030B4343F06C
:104A40000103C2F810356FF08B007047024B012252
:104A50001A700020704700BFF93800202DE9F84394
:104A600000AF8946154607F088FF294606464846A6
:104A700006F0BCFF034600284AD0B9FBF6F306FB5C
:104A80001393C84623B9B5FBF6F406FB1454C4B11E
:104A900028480368590711D06C468AB06A46264BED
:104AA0005361264B1562C2E90639052342F8103FCF
:104AB00000234FF42151FCF753FFA5466FF0150476
:104AC0001FE0B5421DD34FF0FF324FF0FF331C48BB
:104AD000DFF8709003F0BCFD07F04FFF0646FFF7CC
:104AE00091FF044688B9404602F070FD99F8003005
:104AF0000BB1FFF771FFAD1BB044F0D1104803F0CC
:104B000073FD2046BD46BDE8F8836FF08B04F5E7E2
:104B1000084802685207D1D06C468AB06A460A49F2
:104B2000516106491562C2E90619052142F8101FB4
:104B3000BFE700BF00060020B0F2000014F3000041
:104B40004C250020F93800208FF200002DE9F047B5
:104B50000E4600AF194630461C46904606F046FF0A
:104B60000346D0B92F480268510710D06D468AB06D
:104B70006A462D4951612D491462C2E90616052184
:104B800042F8101F4FF42151FCF7EAFEAD466FF0DA
:104B900015042046BD46BDE8F08744EA060515F039
:104BA000030511D01F4803685A07F0D06D468AB03C
:104BB0006A461F4B53611D4B1462C2E9063605233A
:104BC00042F8103F0023DDE7002CE2D01948DFF85F
:104BD00068A04FF0FF324FF0FF3303F039FD631947
:104BE000032BA6EB050909D8144AD2F80034DB07D9
:104BF000FBD500240F4803F0F7FCCAE7FFF702FFDC
:104C000060B9A8EB05034846196802F0FBFC9AF866
:104C100000300BB1FFF7E0FE043DE0E76FF08B04DE
:104C2000E8E700BF000600208FF2000004F3000058
:104C3000D3F200004C250020F938002000E00140AC
:104C4000F0B544681646A068227C01F01F0587B0C5
:104C500045EA421500286DD0B6F5001F04D129465B
:104C600007F081FE002056E06268607CC2F82405EF
:104C700001AA0020B6F5800F0190506037D1B3F142
:104C8000007F14BF052304238DF804300023CDE9F1
:104C900004230393E36823FA01F111F001010DF1FC
:104CA00003073AD1B6F1A07F37D105F01F036A0997
:104CB00003F5E07326D0012A3FD1214A52F8233070
:104CC000DB072AD4A0683A46294607F0C2FD163011
:104CD0001BD00297A06803AA294607F086FC00288B
:104CE00019DBA0680122294607F0EAFDBAE7B3F113
:104CF000C06F05D0B3F1007F14BF01230223C3E7C7
:104D00000323C1E74FF0A042D8E7A068394602F07C
:104D10005DFB0028DDDA07B0F0BDA0683A46294601
:104D200007F097FD0028D5D19DF80310A06802F088
:104D300047FBCFE76FF08500EDE751F82330FFDE4A
:104D400000030050420970B5034602D0012A17D073
:104D500070BD0D4E326951680029F9D003F01F0370
:104D600001250C689D400029F2D08A682A4002D0B3
:104D70004B68304698472CB1236821461C46F2E721
:104D8000024EE7E72346F8E7C4D70000A8D70000A3
:104D900038B54568A86890B107F08AFD014670B93A
:104DA000A86807F069FD044658B902460649A86894
:104DB00007F04CFD224605210620FFF739F90020B7
:104DC00038BD6FF00400FBE7454D00002DE9F043CE
:104DD000476840F20636D0063B7C87B002EA0606FA
:104DE00054BFC2F3401C4FF0030C01F01F05B6F591
:104DF000837F144645EA43158DF803C045D00DD88E
:104E0000062E16D005D8A6B1022E40D06FF01500A0
:104E100038E0B6F5807FF9D101260AE040F202229F
:104E2000964236D0B6F5407F35D0B6F5007FEDD14D
:104E300002260123220303FA01F12ED57B68C3F871
:104E40000815B86890BB05F01F036D092BD0012D24
:104E500075D13D4A02EB830284F48033D2F8001707
:104E6000C3F30043C4F3404444EA430421F4E16142
:104E700044EA8C0421F0070144EA06230B43C2F8FC
:104E80000037002007B0BDE8F0830726D1E70426ED
:104E9000CFE70526CDE70326CBE7630344BF7B6856
:104EA000C3F80C15CDE74FF0A042D3E70DF1020295
:104EB000294607F0CEFC14F4403F80460CD1B86878
:104EC000294607F0FBFCB8F1000FDAD19DF802107B
:104ED000B86802F075FAD4E74FF0000901ABCDE9EC
:104EE0000199CDE90439CDF80C90B86803AA294698
:104EF00007F07BFB4845C4DB14F4003314D084F482
:104F000080349DF803308DF80E30C4F300448DF8E2
:104F10000C608DF80D40B8684B4603AA294607F08F
:104F20001CFC0028CFDAACE7CDE904330DF1030314
:104F30000393B86803AA294607F057FBF1E703F586
:104F4000E07350F82330FFDE000300502DE9F047F6
:104F50004668336800AF05461BBB484802685107E6
:104F600016D06C468AB029686A46DFF814C1C2F8C8
:104F700014C0DFF810C1C2E906C140F2013111844A
:104F8000414942F8101F4FF41151FCF7E9FCA546C6
:104F90006FF012043368002B36D12046BD46BDE8C1
:104FA000F0870024F6E7354803685907F5D06D46C9
:104FB00088B06A46354B5361324BC2E9063404234C
:104FC00042F8103F00234FF40151FCF7C9FCAD46F5
:104FD000E3E72A480268520713D06C468AB0296872
:104FE0006A462B4D5561274DC2E9065140F2013109
:104FF0001184254942F8101F4FF41151FCF7B0FC01
:10500000A5466FF01204C8E7002CFAD1A0464FF075
:105010000109746854F8380004EBC80A07F04FFF20
:1050200003460028D5D054F838009AF80410BAF88E
:105030000630D0F810C0D0F808A0DCF80040DA073D
:1050400054BF43F4B01383F4D01323F4801209FA4D
:1050500001FEDB074CBF44EA0E0424EA0E04CCF840
:105060000040DAF800309847044600289BD13368A6
:1050700008F101089845CCD38FE700BF0406002053
:1050800064F30000D4F300000400000193F3000077
:10509000B6F300002DE9F04145682B6800AF0246E9
:1050A000002B37D11C480168490713D06C468AB0E1
:1050B00011686A46194D5561194DC2E9065140F211
:1050C00001311184174942F8101F4FF41151FCF7B8
:1050D00047FCA5466FF01200BD46BDE8F081D5F84B
:1050E0000480260158F8060007F0E9FE034658B987
:1050F000094802685207EDD058F806206C468AB07D
:1051000011686A46084DD6E701342B689C42E6DBFD
:105110000020E1E70024F8E70806002064F300001F
:1051200012F4000004000001F5F30000036803F02E
:105130001F025B09026004D0012B034818BF002046
:1051400070474FF0A0407047000300502DE9F04F2A
:10515000DFF87081DFF8709185B09246834600EBEE
:10516000810140F2FF17594503D1002005B0BDE889
:10517000F08FDBF800305804C3F3C322C3F30804F4
:1051800000F19980BC4218F802604FEA136312D014
:10519000192B1DD94E2B40F09180CAF8144503A855
:1051A0000394FFF7C3FF039B012505FA03F3C0F83F
:1051B00008352A4643E0192B08D94E2B7ED14FF0F3
:1051C000FF33CAF814350BF1040BCCE74FF0FF3472
:1051D000032B73D9043B152B70D8DFE803F00B11B8
:1051E000216F6F6F6F27546F6F6F6F6F6F6F6F6F80
:1051F00057636669631CCAF80845E4D0002504E0DB
:10520000651CCAF80C45DED0012503A80394FFF7FE
:105210008DFF039B012202FA03F3C0F80C350EE068
:10522000CAF81045631CCED00025C2E7CAF808456D
:10523000002EF7D1601CC6D000252A460626DBF8D2
:105240000030019303F40040002818BF002203A897
:10525000009218BF01250394FFF768FF039C019B90
:10526000009A00EB8400C3F3412CD0F800473302CE
:1052700043EA8C03134304EA0904234343EA450346
:10528000C0F800379FE7CAF80C45D1E7CAF8604577
:10529000621CDBF8003096D0C3F30043002B7FF490
:1052A0007EAFB1E7CAF86445F2E7CAF86845EFE7B0
:1052B000CAF86C45ECE76FF0150057E76FF0850012
:1052C00054E700BF30F40000F0F8FCFF036803F07F
:1052D0001F025B09026004D0012B034818BF0020A5
:1052E00070474FF0A040704700030050F0B50446EF
:1052F00083B0002200AF01211C20FEF799FE236934
:10530000304A6168184607F0AFFB051E1CDA2E48CC
:1053100003685B0714D023686C468AB06A462B4941
:1053200051612B49C2E9061340F201331384294B22
:1053300042F8103F00234FF41151FCF711FBA54632
:1053400028460C37BD46F0BD636825691E6B3A1DC3
:105350000021304606F02CFC002805DB7B68326813
:1053600019791868FFF7F2FE002631462B6801F51F
:10537000AC7253F82230002B0EDB7B60381DFFF738
:10538000A5FF7A68D0F80435D34013F001031CBFA1
:1053900001238B403343DEB201310429E6D10023DF
:1053A00001206268116A00FA03F232420CBF012246
:1053B0000022D20321F813200133042BF1D1002560
:1053C000BEE700BFD7BB00002006002038F4000075
:1053D000BCF40000040000012DE9F04383B000AFED
:1053E0000329B7F828C04668046905460CF0010C8B
:1053F00012D9654803685C0738D06C4688B06A46A5
:10540000624B5361624BC2E90631042342F8103FFC
:1054100000234FF4015126E0B07D01284FF0010830
:1054200004BF5B08520808FA01F8002B00F08280E4
:105430009A4240F28280A06982422CD0207F30EADA
:10544000080019D0504803685A070FD06C4688B03E
:105450006A46504B5361504B9361032342F8103F0F
:1054600000234FF4C251FCF77BFAA5466FF01500FC
:105470000C37BD46BDE8F0839646BEF5004F46D2D8
:10548000A2616077226896F81690C2F80C05C2F8FF
:105490000495C2F808E5627F23FA02F292B24FF057
:1054A000010E68688CF00109006A42EAC93220F8EE
:1054B00011205FFA88F8BEF1000F4DD1226801F586
:1054C000AC7152F82120002A10DBBCF1000F57D03C
:1054D000B3FA83F35B09002B34D17A60381DFFF7F0
:1054E000F5FE7A6801239340C0F80C35217F21EA4C
:1054F00008012177002934D0A37F002B38D1102355
:10550000012206F12001204607F0C0FA2EE001300A
:1055100008284FEA5E0EB0D11B4803685B07A5D090
:105520006C4688B06B461D4959611B49C3E9061298
:105530001A466AE79E461A46B3E74FF0000E47F652
:10554000FF72AEE77A60381DFFF7C0FE7A6801236C
:105550009340C0F80835C9E7237F48EA030323775F
:10556000CAE7286907F0CAFA0123A37700207FE77A
:105570000023A377204607F0DBFA0028FAD0BEE725
:10558000003B18BF0123A6E7200600205CF40000C2
:10559000E3F4000075F40000CAF400008EF400008B
:1055A0002DE9F0474568D0F81080012100AF06468C
:1055B000686B06F032FBE96B481C35D0A86B06F02F
:1055C0000AFC10F1130F044618D1424803685A0729
:1055D0000ED06C4688B06A463F4B53613F4B936197
:1055E000032342F8103F4FF4C25106F013FBA546C7
:1055F0006FF012042046BD46BDE8F087431D13D16D
:10560000344803685D07F5D06D4688B06A46344B70
:105610005361324B9361032342F8103F4FF4C25160
:1056200006F0F8FAAD46E5E7EB6A9847D8F830504F
:105630004FF00109D8E90C3203EBC2039D420AD3B3
:1056400008F1280006F02CFB73680021586B06F067
:10565000E4FA0024CEE7286807F031FCC0B91D4801
:1056600003685907C4D02B686C468AB019682B7937
:105670006A461C4D556113621B4D40F20133938401
:105680001A4BC2E9065142F8103F4FF43151ACE7D2
:1056900028682979EB88D0F810C0D0F808A0DCF889
:1056A0000040DA0754BF43F4B01383F4D01323F45B
:1056B000801209FA01FEDB074CBF4EEA040424EA1B
:1056C0000E04CCF80040DAF800309847041E91DB55
:1056D0000835AFE7300600200DF5000014F7000094
:1056E0003CF500005DF50000F7F600000500000144
:1056F000B0B5027800AF034642B90C69D4F88020F7
:1057000032B9E06F6FF0730106F0F3FABD46B0BD39
:10571000606F48B1A16F39B1DB682BB1834203D010
:10572000D4F88C1007F090FF236FD4F88020A3B139
:105730009A422FD9304803685A070ED06D4688B078
:105740006A462E4B53612E4B9361032342F8103F60
:105750004FF4C25106F05EFAAD46A36FD4F8802034
:10576000A3B19A422FD9244803685B070ED06D4637
:1057700088B06A46214B5361224B9361032342F860
:10578000103F4FF4C25106F045FAAD46E06F06F007
:10579000C2FABBE79B1A23677BB9E36D0833E36565
:1057A000236E013B236604F1700204F1600104F1F1
:1057B0005C0006F01CFAE066CFE7E36E002BCCD06D
:1057C0001344E366C9E79B1AA3677BB9636E08338A
:1057D0006366A36E013BA36604F1780204F16801DD
:1057E00004F1640006F003FA6067CFE7636F002BF3
:1057F000CCD013446367C9E73006002085F500006C
:1058000058F7000042F700002DE9F04F8FB000AFCD
:105810009A464368FB608B8804698946990406466A
:10582000934640D44FF0FF324FF0FF3304F138007D
:1058300002F00EFFC4F82C907568D6F810802B6823
:105840007B6098F8853023B1D8F82830994500F06E
:105850005481B9F804E01EF4006F2BD08A48036825
:105860005A070ED06D4688B06A46884B5361884B04
:105870009361032342F8103F4FF4C25106F0CAF976
:10588000AD466FF08505A36A13B19B889B0405D4D0
:105890000023E36204F1380002F0A6FE28463C37FC
:1058A000BD46BDE8F08F236C002BBBD1E36A994560
:1058B000B8D1C1E71EF0010F1BD0734803685B0726
:1058C00002D16FF01505DEE76D468AB033686A468F
:1058D000704951616E49C2E9061340F201331384E5
:1058E0006D4B42F8103F4FF4115106F093F9AD465D
:1058F000E7E71EF0080F10D0634803685E07E0D0AA
:105900006D4688B06A46654B5361614B93610323D2
:1059100042F8103F4FF4C251E7E7CEF34513082B8E
:1059200008D0594803685D07CBD06D4688B06A46F9
:105930005B4BE9E7D9F80030BB60BA68594B9A4233
:1059400008D8514803685907BBD06D4688B06A46ED
:10595000554BD9E704350FCD07F1100CACE80F001B
:105960000FCDACE80F00D7E901239A4228BF1A46B1
:1059700095E803004D4B9A428CE8030017D24C4B3C
:105980009A4214D24B4B9A4211D24B4B9A4260D856
:105990004A4B9A425FD84A4B9A425ED8494B9A4248
:1059A0005DD84948494B4A49824288BF0B461EF0A0
:1059B000020F7B620EF0040353D0002B14BF0323AD
:1059C000022387F82830CEF3001387F82930D8F85F
:1059D0000030D3F808355A1C13D01EF0020F03F024
:1059E0001F00CEF340014FEA53134FF001023FD1A5
:1059F000002B3AD0934240F04981364B8240C3F8A5
:105A00000C2598F885302BB1404602F04DF8002364
:105A100088F88530304A334607F11001404607F0D8
:105A20002BF9051E64DA184803685E073FF42BAFB4
:105A30006E4688B06A46294B5361154BC2E906355C
:105A4000042342F8103F4FF4015106F0E3F8B54645
:105A500019E7234BABE7234BA9E7234BA7E7234BDE
:105A6000A5E7003B18BF0123ABE74FF0A043C5E714
:105A70003BB1012B40F00D81164B8240C3F8082545
:105A8000BFE74FF0A043F8E730060020A7F500007D
:105A90006EF70000C5F5000004000001EBF5000002
:105AA0000EF6000047E8010041F600000048E8015A
:105AB0000024F40000127A00FF083D007F841E00DD
:105AC0003F420F001FA107008FD0030048E80100EC
:105AD00090D0030000030050F156000076F600005D
:105AE00000093D0080841E0040420F0020A10700F5
:105AF000012388F88530C8F82890012384F8843081
:105B0000FB68D96B481C18D0986B06F08CF9743080
:105B100013D16248036813F0060F0ED06D4688B0AB
:105B20006A465F4B53615F4B9361032342F8103F1A
:105B30004FF4C45106F06EF8AD46BBF1000F7AD1B8
:105B4000C4F85CB00023236604F1700204F1600124
:105B500004F15C0006F04BF8E066BAF1000F72D178
:105B6000C4F864A00023A36604F1780204F168017C
:105B700004F1640006F03BF8002504F128082A46E9
:105B8000606701214046A56506F06AF8304606F0D8
:105B9000C2F8206E2A462B4683425CD10023A56EB4
:105BA0001946A9425ED19A4238BF1A464FF4FA53B9
:105BB00003FB02F5A36A4FF4004C1B68B5FBF3F539
:105BC00040F2E730C83500214FF47A720023E5FB3C
:105BD0000C01FAF7E5FA04F1480802460B46404684
:105BE00002F036FD0246002843D02C4803685A07CD
:105BF0000ED06D4688B06A462B4B53612B4B936198
:105C0000032342F8103F4FF4C25106F003F8AD46AB
:105C100000252046C4F8805001F046FF84F88550E6
:105C20006FF07301304606F064F8404602F036FD2E
:105C30006FF0730527E6DBF80030E365002B81D0B9
:105C4000DBF804307FE7DAF800306366002B89D098
:105C5000DAF8043087E7E16D01EBC30101334968ED
:105C60000A4499E7606E00EBC100013140680344CB
:105C700097E7A56D15F1740FCAD0002D3FF403AE60
:105C800030691146283005F0EBFFFCE5C1F80C1532
:105C9000FFDE0023C3F80835FAE700BF3006002016
:105CA0009FF6000078F70000CDF6000022F7000014
:105CB00000F01F0240090DD001280ED10A4B03EB62
:105CC00082030A4AD3F80007024042EA8102C3F87D
:105CD000002770474FF0A043F1E702F5E072002380
:105CE00053F82230FFDE00BF00030050F0F8FCFF45
:105CF00070B5012383400E4ABFF35B8FDC4352E84B
:105D0000001F01EA040542E80056002EF7D1BFF358
:105D10005B8F4FF4803282400648C0F80823BFF3FF
:105D20005F8FBFF36F8F0B4214BF0120002070BD47
:105D3000782500200010014070B40E49D1E90034EC
:105D4000D01AC31844F1000422F07F46C1E90034A0
:105D5000A6F50013B3F5400F09D2074B1B681A0ACA
:105D60001B069C19054B42F10005C3E9004570BCB8
:105D700003F0D4BC701900207C2500207819002085
:105D800011B3BFF35B8F0123104A834052E800CF69
:105D90004CEA030C42E800C10029F7D1BFF35B8F46
:105DA0000B4A4FF480338340C2F80433094BBFF3EE
:105DB0005B8F1B68BFF35B8FC340DB0742BF064BA3
:105DC0004FF40032C3F80021704700BF782500204F
:105DD000001001407425002000E100E00D4B186820
:105DE000010A0006BFF35F8F0B4BD3F80435181878
:105DF00041F10001B3F5801F0AD2084BD3E900231B
:105E0000904271EB030303D210F1807041F1000165
:105E1000704700BF7C250020001001407819002049
:105E20002DE9F04F85B016461F469DF840A0044668
:105E3000FFF75EFF0190FFF7D1FFB04271EB070360
:105E400054D23E4B301A67EB0101984271F10001C8
:105E50004FD23B4B03EB0413D3E902239F4208BF0D
:105E600096425ED037494FF4803804F1500508FA65
:105E700004F8AD00C1F848832046ADB205F0FBFF41
:105E800026F07F4B05F1804504F5A87305F58835AC
:105E9000DC464FF003090293029A2CF07F4341F84D
:105EA0002230C1F84483D1F80435274A6FF002004C
:105EB000C01A604420F07F40904232D9286868B10F
:105EC000D1F804350393A3EB0B0020F07F40B0F52D
:105ED000000F26D9204605F0CEFF039BBAF1000F34
:105EE00007D109EB030C09F10109D5E7BAF1000F5D
:105EF00009D06FF0150520460199FFF741FF2846AC
:105F000005B0BDE8F08F0123104ABFF35B8FA340BB
:105F100052E8000F184342E800010029F8D1BFF30E
:105F20005B8F07490E98230101EB0412C8500F9BA9
:105F30005360C2E902670025DDE700BF0100800071
:105F40006019002000100140FDFF7F007425002033
:105F50007FB51C4C1C4BC4F80833C4F848331B4BAA
:105F600000254FF0FF304FF0FF31C4F80855C3E96A
:105F700002014FF48033C4F80433154B02264FF46A
:105F800000320121C4F804631120C3F880212A469D
:105F9000FEF74EF81120FEF71BF80E4A0123A3600E
:105FA000236013600C4B0D4A0093CDE9015500238B
:105FB0002846FFF735FF3046FEF71CFC284604B0A4
:105FC00070BD00BF0010014003000F0060190020E9
:105FD00000E100E078250020395D0000FFFF7F0030
:105FE0002DE9F7432F4CD4F8043399070BD5D4F897
:105FF000043143B12C4A0023C4F80431D4F80431ED
:10600000136801331360D4F80433DA0329D5BFF3DE
:106010005B8F264B53E8002F22F0010143E800106C
:106020000028F7D1BFF35B8FD30702D4D4F84031F7
:10603000BBB10025C4F84051D4F84031FFF7CEFE83
:10604000EFF31182202383F31288BFF36F8F184B75
:10605000D3E90267B042B94106D282F31188BFF397
:106060006F8F03B0BDE8F0834FF0FF384FF0FF397A
:10607000C3E90289D3E900101D604FF48033C4F8EE
:106080004833C4F84051D4F8403182F31188BFF34B
:106090006F8F0029E5D0009032463B46284688475E
:1060A000DFE700BF001001407C25002074250020A0
:1060B0006019002030B5431C124C85B005D08442D5
:1060C000A8BF0446012CB8BF0124FFF787FE0E4B82
:1060D0000C4DD3E90013401AB0F5000F10D222186E
:1060E000AA4228BF2A4652184FF0000007490091E3
:1060F000CDE9010043F10003FFF792FE05B030BD8A
:106100002A46F0E7FFFF7F0070190020395D00008C
:1061100008B5FFF763FE024B1B68C01A08BD00BF3D
:106120007019002010B5084C012363601120FDF7A1
:106130005DFF064BC4F80833C4F84833044B4FF4F2
:106140000032C3F8802110BD0010014003000F0091
:1061500000E100E037B5046994F835300D464BBBDB
:106160000B7B022B29D10B680BBB94F834204B68B6
:10617000D2B9134A591E914219D823630DF1070170
:10618000204606F0DDFD10F10C0F0BD0AB689DF83A
:10619000070013B1021D44F8223094F83430013363
:1061A00084F8343003B030BD226B9A42E6D06FF0F1
:1061B0001500F7E76FF00F00F4E76FF08500F1E7E7
:1061C000FEFFCF0710B50022046901211020FDF762
:1061D0002FFF00232046034ABDE81040194606F071
:1061E0008BBD00BFE96100002DE9F0410B4E0C4F63
:1061F0000C464FF001080CB9BDE8F08194FAA4F503
:10620000B5FA85F52B1D56F8233013B129463846CB
:10621000984708FA05F524EA0504ECE7E8040020AD
:10622000E0D700000048704760E0000090B587B0FC
:1062300000AFFB1DF971BB601446012307F1080292
:1062400007F11001C7E90423FB6005F06CFE03466B
:10625000C8B10F480268520712D06C468AB06A462D
:106260000C4951610C49C2E9061340F2062313623E
:10627000052342F8103F4FF4215105F051FEA54689
:106280001C37BD4690BD204606F0FDFDF8E700BF77
:10629000F4050020B9F70000FFF80000F0B50C1E6F
:1062A0008DB0054600AF4DDB4668B16A04EB030CC8
:1062B000614547D30121C7E90A234FEA244C07F17E
:1062C000080364BAC7E90431FC8007F120033C1DD0
:1062D00087F805C0BC604FF0000C0424BB610223AA
:1062E0003971C7E908C4FC60FB6105F023FE314643
:1062F00051F8040B07F1180307F1100205F004FE32
:106300000446286905F031FEC4B1104803685B07F4
:1063100012D06D468AB06A460D4B53610D4BC2E9EF
:10632000063440F21D131362052342F8103F4FF468
:10633000215105F0F5FDAD466FF0040420463437D9
:10634000BD46F0BD6FF01204F8E700BFF405002071
:10635000B9F700006CF8000090B58DB000AFD723FE
:10636000FB71FB1DBB60B962012307F10801C7E99E
:10637000041300220146C7E90823FB60022207F14B
:106380002003C7E9063251F8040BFA6207F118033B
:1063900007F1100205F0B8FDC0B10E4B1A685207A4
:1063A00012D06C468AB06A460B4951610B49C2E96A
:1063B0000610C0211162052142F8101F18464FF443
:1063C000215105F0ADFDA5466FF004003437BD4600
:1063D00090BD00BFF4050020B9F70000C7F8000029
:1063E0002DE9F04F8FB0066945687449706400AFBD
:1063F000044606F1100006F06DFE002386F84030DA
:10640000286806F05CFDF8B96D480368590714D098
:106410002B686C468AB01B686A466A4951616A49B2
:10642000C2E9061340F201331384684B42F8103F6F
:106430004FF4115105F074FDA5466FF01205284682
:106440003C37BD46BDE8F08F2B7E23B1E86806F0EF
:1064500036FD0028D8D0204605F06CFDAA8F606874
:10646000AB21FFF7E3FE656805F13F037B609F23E7
:10647000FB7207F10B0301263B6107F110090023B2
:10648000C7E90A36C7E9069607F10C0A4FF0030B75
:1064900007F12808022329467E61C7F830A0C7F813
:1064A00034B0C7F820807B6251F8040B07F1200359
:1064B00007F1180205F028FD0346C0B14048026804
:1064C000520711D06D468AB06A464149516141492F
:1064D000C2E9061396231362052342F8103F4FF4D6
:1064E000215105F01DFDAD466FF004050CE05A4644
:1064F000514605F13F0007F024F870B330480368B7
:106500005E0705D16FF01205206905F02EFD96E7B4
:1065100095F83F6095F8401095F8413097F80C8059
:1065200097F80DE097F80EC06D468EB06A46DFF81A
:10653000A890C2F81490DFF89C9013630923C2E975
:106540000A61C2E90698C2E908EC44F6400142F843
:10655000103F05F0E5FCAD46D4E7204BBB6107F1E9
:106560001803D4F804A03B6204237B6207F12003E4
:10657000C7E90A3649465046FFF7EEFE05460028B1
:10658000C2D13B8AD907BFD44146504605F0CBFC67
:10659000034668B10A4802685207A5D06D468AB022
:1065A0006A460B4951610E49C2E90613EE2392E790
:1065B000204605F001FD0028A6D095E785BF000024
:1065C000F4050020E5F700000DF9000004000001CB
:1065D000B9F70000F0F80000FEF700003D2A80A6A1
:1065E000DCF8000090B587B000AF13147B713B1D41
:1065F000BB600423FB6007F10803397152BA3B61A9
:106600000446012340687B6107F11001FA8005F020
:106610008AFC0346D8B111480268520712D06C4672
:106620008AB06A460E4951610E49C2E9061340F22A
:106630009D131362052342F8103F4FF4215105F0DA
:106640006FFCA5466FF004001C37BD4690BD204688
:1066500005F0B2FC0028F7D0F4E700BFF4050020F5
:10666000B9F700008EF800002DE9F0470D1E86B046
:10667000064600AF9046C0F2BB80D0F80490AB183D
:10668000D9F828209A42C0F0B380B9F8363095FB8B
:10669000F3F203FB1252002A40F0AD80B8FBF3F294
:1066A00003FB1283002B40F0A68005F043FC99F811
:1066B0003830002B5AD1D9F82830434556D14F4BAA
:1066C0007B603B1DBB600423FB6007F108033B615B
:1066D0007068012307F110017B6105F024FC03467B
:1066E00000B347480268520712D06C468AB06A4627
:1066F000444951614449C2E906134FF4BF73136220
:10670000052342F8103F4FF4215105F009FCA5463E
:106710006FF00404306905F028FC20461837BD46A8
:10672000BDE8F087304605F047FC04460028F1D06C
:10673000EEE7D9E90BA32BB1AB421CD8554501D2EA
:10674000AAEB030A99F83930BBB9D04515D30AF141
:10675000FF332B4211D12A467C213046FFF742FFFE
:1067600055440446A8EB0A08002CD3D1B8F1000F19
:10677000DFD14446CEE79A46E4E7B9F834304345E2
:1067800002D8013B2B421BD0B9F83630434523D900
:106790001B4803685B0710D06C468AB06A461B4BE7
:1067A00053611B4B1562C2E90638052342F8103FBE
:1067B0004FF4215105F0B4FBA5466FF01504A9E78D
:1067C0002A4650213046FFF70DFFB9F83430044611
:1067D0001D44A8EB0308C7E7013B2B42D8D12A464A
:1067E00081213046FFF7FEFEB9F836300446EFE768
:1067F0006FF0120491E76FF015048EE7C794809A4A
:10680000F4050020B9F700009FF800003BF80000F5
:10681000B2F800002DE9F04FB1F1000A89B0054649
:1068200000AF16461C465FDBD0F804800AEB03017C
:10683000D8F828308B4257D305F07CFB4FF058092D
:10684000002C3FD0B8F83610686887F804904B42A7
:1068500003EA0A030B44A3EB0A034FEA2A41A342CB
:1068600079719AFA9AF128BF2346F98007F110014D
:106870009B46B9603B1D02213B61F960042307F18F
:106880000801C7E90536C7F81CB005F04CFB014606
:1068900000B3174803685B0712D06C468AB06A469B
:1068A000144B5361144BC2E9063140F239131362A1
:1068B000052342F8103F4FF4215105F031FBA54666
:1068C0006FF00404286905F050FB20462437BD46CC
:1068D000BDE8F08F284605F06FFB0028F0D15E443C
:1068E000DA44A4EB0B04ABE76FF01204EDE700BF52
:1068F000F4050020B9F7000080F80000F8B500F1B9
:1069000018041C4B0C1BE6105E43D0F8D832B3427F
:1069100005462BD9CB68002243F8082C01360444E5
:10692000D5F8D832B34209D8013BC5F8D832284649
:1069300005F066FB0146A8B90020F8BDE26B52F8ED
:10694000083C183B42F8083C04F1300CBCE80F004E
:1069500004F118070FC79CE80300013687E803001D
:106960001834DDE7284605F068FBE5E76FF0150011
:10697000E3E700BFABAAAAAA2DE9F04119480368D2
:1069800003F00703022B00AF0FD96C4688B06A46AC
:10699000154B5361154B9361032342F8103F0023BD
:1069A0004FF4C651FAF7DCFFA54611491148002201
:1069B00006F026FD104EDFF844800024C6F814438C
:1069C00006F1E00500224146284606F019FD013493
:1069D000082C6E6305F14005F4D10020BD46BDE8EA
:1069E000F08100BFEC05002041F900005BF90000D8
:1069F00053C20000280300204800002091C100007D
:106A0000012910B5044609D95268064904F0B0FBC3
:106A1000204604F0BBFB6FF0150010BD04F0B6FB80
:106A20000020FAE768F90000F8B556684F4900AF52
:106A3000054630461446F9F7CDFBD8B14C493046EF
:106A4000F9F7C8FB00284DD04A493046F9F7C2FB98
:106A500000283FD048493046F9F7BCFB002831D028
:106A60004649284604F084FB284604F08FFB6FF06B
:106A7000150446E0A46842492046F9F7ABFB0146FD
:106A800000285BD13F4B9B689C681B68002C31D170
:106A9000002B39D16FF057043B4803685B0730D0B7
:106AA0006D4688B06A46394B5361394BC2E90634AA
:106AB000042342F8103F00234FF40151FAF750FF2E
:106AC000AD461EE0A4682E492046F9F783FB68BB5B
:106AD0000321D7E7A4682A492046F9F77BFBE8B9E8
:106AE0000221CFE7A46826492046F9F773FB70B965
:106AF0000121C7E743B923486422A0470446002880
:106B0000CAD12046BD46F8BD1E489847F6E7214940
:106B10002046F9F75FFB10B31F49A2E71D49204645
:106B2000F9F758FB0028F7D102210EE01949204659
:106B3000F9F750FB0028EFD1032106E01549204664
:106B4000F9F748FB01460028E6D10E4B9A68D2E9D6
:106B5000012333B9002A9DD00A489047CEE701218E
:106B6000F3E7002AF8D107489847C7E77FF9000004
:106B700083F9000089F9000090F9000094F9000001
:106B800066E600006CD80000F0050020BFF90000A8
:106B9000E1F90000AAF90000AEF9000098B5124A28
:106BA000BFF35B8F03461068BFF35B8F00AFB8B1D4
:106BB0000E4803685B070FD06C4688B06A460C4BE2
:106BC00053610C4B9361032342F8103F00234FF4B1
:106BD000C251FAF7C5FEA5466FF00F00BD4698BD3D
:106BE000054A1360FAE700BF84250020F80500205D
:106BF0004CFA000013FB000080250020B0B584B0E3
:106C0000054600AF2A4C204606F059F90346C0B9A4
:106C10002848026852070ED06C4688B06A4626495A
:106C2000516126499161032142F8101F4FF4C2516E
:106C3000FAF796FEA5466FF0150420461037BD46BC
:106C4000B0BD10220021384606F026FD1C4B1B6803
:106C50007B6002233B731B4BBFF35B8F012253E826
:106C6000001F43E800200028F9D1BFF35B8FA36821
:106C700020469B6839469847041E15DA0D4803687C
:106C80005B07DAD06D4688B06A460F4B53610B4BF9
:106C9000C2E90634042342F8103F00234FF40151A7
:106CA000FAF75EFEAD46C8E72C600024C5E700BFDA
:106CB000E0D70000F805002067FA000002FB0000A2
:106CC00080250020842500207CFA0000B0B500AFAC
:106CD0001D4C204606F0F3F80346B8B91B4802687D
:106CE00052070ED06C4688B06A461949516119495D
:106CF0009161032142F8101F4FF4C251FAF730FEA0
:106D0000A5466FF015042046BD46B0BDA3682046D9
:106D10001B680221984704460028F4D00B480368FA
:106D20005B07F0D06D4688B06A460B4B5361094B48
:106D3000C2E90634042342F8103F00234FF4015106
:106D4000FAF70EFEAD46DEE7E0D70000F8050020BA
:106D500067FA0000F3FA0000A6FA0000B0B5054695
:106D600000AF1E4C204606F0AAF80346B8B91C48EE
:106D7000026852070ED06C4688B06A4619495161C4
:106D800019499161032142F8101F4FF4C251FAF7DB
:106D9000E7FDA5466FF015042046BD46B0BD296845
:106DA000A3682046DB68984704460028F4D00C48C6
:106DB00003685B07F0D06D4688B06A460B4B5361A1
:106DC000094BC2E90634042342F8103F00234FF474
:106DD0000151FAF7C5FDAD46DEE700BFE0D7000080
:106DE000F805002067FA0000E5FA0000C6FA000086
:106DF000BFF34F8F0549064BCA6802F4E0621343A4
:106E0000CB60BFF34F8F00BFFDE700BF00ED00E098
:106E10000400FA054FF08053D3F83021082A06D138
:106E2000D3F83431052B02D8024AD05C70470020D9
:106E3000704700BF37FB0000024AD2F80034002B35
:106E4000FBD0704700E0014010B54FF08053D3F8FD
:106E50003021082A4ED14FF080420021C2F80C1197
:106E6000C2F81011C2F8381502F54042D3F80414E4
:106E7000C2F82015D3F80814C2F82415D3F80C145E
:106E8000C2F82815D3F81014C2F82C15D3F814142E
:106E9000C2F83015D3F81814C2F83415D3F81C14FE
:106EA000C2F84015D3F82014C2F84415D3F82414BE
:106EB000C2F84815D3F82814C2F84C15D3F82C148E
:106EC000C2F85015D3F83014C2F85415D3F834145E
:106ED000C2F86015D3F83814C2F86415D3F83C141E
:106EE000C2F86815D3F84014C2F86C15D3F84434CE
:106EF000C2F87035FFF78EFF18B13F4B3F4AC3F819
:106F00008C26FFF787FF18B13D4BFB22C3F81825ED
:106F1000FFF780FF70B14FF080414FF08053D1F800
:106F2000E42ED3F8583222F00F0203F00F0313437C
:106F3000C1F8E43EFFF76EFF20B1324B4FF4007210
:106F4000C3F840264FF08053D3F83031082B1AD1C4
:106F50004FF08043D3F80024D20744BF6FF0010202
:106F6000C3F800244FF08053D3F83431052B02D8F6
:106F7000254AD35C3BB14FF01023D3F808224FF0E1
:106F80008043C3F858254FF01021D1F80C32DB07AD
:106F900014D51E480123C0F80435FFF74DFFD1F882
:106FA0000C3223F00103C1F80C32FFF745FF002338
:106FB000C0F80435FFF740FFFFF71AFFD1F80032A1
:106FC000002B03DBD1F80432002B14DA0F49012324
:106FD0004FF01020C1F804351224FFF72DFFC0F840
:106FE0000042FFF729FFC0F80442FFF725FF002306
:106FF000C1F80435DEE710BD0050004048810300B1
:1070000000F000400090024031FB000000E0014031
:10701000014B00201B68184788250020014B1B6886
:10702000184700BF8825002010B50C4C237993B970
:10703000012323710A4B2060002818BF184600F076
:107040005BF850B923680748002BBDE8104008BF23
:10705000184600F0A1B86FF0770010BD8825002019
:10706000117000001D70000008B5064B1B683BB195
:107070000020FCF7CFFF18B9BDE80840FCF7A8BF17
:1070800008BD00BF882500204FF08053D3F8302181
:10709000082A06D1D3F83431052B02D8024AD05C35
:1070A00070470020704700BF3DFB000038B54FF02F
:1070B00080440123C4F8083363600023C4F800311E
:1070C000D4F8003142F21075D4F80C24D4F80C3402
:1070D000D20307D5DB0705D5012005F0F8F8013DFF
:1070E000F2D138BDFFF7D0FF0028FAD0014B0022C3
:1070F0005A71F6E79025002010B508490C794CB973
:10710000012308600B71FFF7BFFF08B9002010BD15
:107110004C71FBE76FF07700F9E700BF9025002086
:107120004FF080430022C3F80021D3F80021094921
:1071300001221A60096811B1C3F804237047D3F81B
:107140000021002AFBD00022C3F80021D3F800312F
:10715000704700BF9025002010B54FF08043D3F852
:107160000423D20715D5D3F8002192B10022C3F829
:1071700000210121D3F80021C3F80813FFF784FF91
:10718000044B10B15A7922B95971BDE810401B68FF
:10719000184710BD90250020074A137943B90121F3
:1071A000106011714FF080421846C2F818357047D0
:1071B0006FF07700704700BF9825002010B54FF0A2
:1071C00080431D4CD3F81814D3F8182411F4803FD1
:1071D00019D002F00302012A03D00AB105F0CDF85C
:1071E00000224FF08043C3F818250022C3F8042181
:1071F000D3F8042101229A60226872B9D3F80421DD
:10720000002AFBD011E0D3F81424D107E8D5D3F835
:107210001C249207E2D422681AB10222C3F8042384
:1072200010BDD3F80421002AFBD00022C3F80421AA
:10723000D3F80431F4E700BF98250020F8B54FF0EB
:107240008043194FD3F80443012504F01A040026A3
:1072500004B9F8BDB4FA84F0C0F11F00830003F54F
:1072600080739BB203F1804305FA00F2196824EAA7
:1072700002040029ECD01E601B684FF080430128F7
:10728000C3F808230CD1D3F81824D3F81824920794
:1072900006D10222C3F81805C3F804239860D7E783
:1072A0003B68C0B29847D3E798250020036803F0F5
:1072B0001F025B09026004D0012B034818BF0020A5
:1072C00070474FF0A040704700030050034A430945
:1072D00000F01F00D35C1844C0B2704743FB0000AD
:1072E000034611F0010030B5CCB213D1A207C4F3AC
:1072F000400020D5124AD2F8200558604FF0805344
:10730000C2F82005D3F83031082B15D0003818BF4B
:10731000012010E04FF0A0414FF08055D1F820251A
:107320001A60C1F82025D5F83051082D08BFD1F8D2
:107330002015002ADAD030BDD2F82035E6E700BFAC
:1073400000030050F7B504460846FFF7BFFF06B23A
:1073500004EB46060D46B38ADB072BD5204605F025
:1073600021F92946204605F07BF858B1204605F062
:107370008DF8276800B207EB80030022C3F81025C0
:10738000C3F810252946204605F0A9F80021B1824E
:1073900001A80195FFF78AFF019B00EB8300074BD3
:1073A000D0F80027134043F00203C0F80037084626
:1073B00003B0F0BD6FF01500FAE700BFF0F8FCFF76
:1073C000014804F0A4BF00BF2405002010B5044804
:1073D0000C4604F07EFF0028A4BF2070002010BDE2
:1073E000240500202DE9F04F804689B058F804AB01
:1073F000DAF80413C9B28346082241F0004150462E
:1074000005F0A8F8051E2BDA0023032106A8CDE914
:107410000633FFF765FF644B01930DF11809002354
:10742000019A009312F8013B60490192DA0803F0D7
:1074300007038A5C22FA03F3DA071AD4009B09F1E6
:107440000409A3B14FF000410022504605F082F834
:10745000032106A8FFF744FF0028DCD125F00045F2
:107460000124002D40F08A8009B0BDE8F08F01238F
:10747000D6E7009B4E4A13440293D9F80010002926
:10748000DCD0029B91FAA1F11C78B1FA81F141EABA
:1074900044142046FFF71AFF0BEB40000594878A3F
:1074A000C808BB0819F80020039301F00701012365
:1074B00003FA01F122EA010209F8002005A8FFF70A
:1074C000F5FE059A039B02F5E072C7F3820650F8B9
:1074D00022205B073746C2F3014233D5D6B240467D
:1074E0003A46214604F0DCFF05A80594FFF7DEFECE
:1074F000059B03F5E07350F82330C3F301439E422C
:1075000007D10021204604F09CFF3146204604F0BC
:1075100098FF05A80594FFF7C9FE059B012202FA12
:1075200003F3C0F820354FF08053D3F83031082BE7
:1075300001BFD0F82035D0F82035D0F82035D0F86C
:1075400020359AE7022A0DD10321204604F079FF65
:1075500006F00503012BDCD13A462146404604F0F3
:107560009FFFD6E702212046039204F06AFF032E14
:10757000F2D0039A032ACCD1022EECE795FAA5F3B8
:10758000B3FA83F304FA03F225EA020503F5A272C3
:107590000BEB43035AF82220B3F87C10C2F30142EC
:1075A000404604F07DFF5CE753FB0000ACE00000C8
:1075B00053FB0000044AD2F80034DB07FBD501601E
:1075C000BFF35F8F704700BF00E001404FF0805372
:1075D0001A69B0FBF2F302FB13036BB9084B0222EA
:1075E000C3F80425C3F80805D3F80024D207FBD557
:1075F0000020C3F8040570476FF00C00704700BF0F
:1076000000E0014010B5054C0123C4F80435FFF734
:10761000D1FF0023C4F8043510BD00BF00E00140D5
:10762000036803F01F025B09026004D0012B0348CA
:1076300018BF002070474FF0A04070470003005073
:107640002DE9F3470B7F04466BBBDFF8D8900D1F85
:1076500001F1100601F10C08012755F804AFBAF149
:10766000FF3F1CD03378CDF804A001A8002B50D0E8
:10767000FFF7D6FF019B07FA03F3C0F8083501A80E
:10768000CDF804A0FFF7CCFF019B00EB8300D0F8FE
:10769000003703EA090343F00303C0F80037A845A5
:1076A00006F10106D9D191F81DC00D8B4F7D8E7D5D
:1076B0008A7EC87E2368BCF1000F0BD1D1E9008E11
:1076C000D1E902C1C3F86085C3F864E5C3F868C5B1
:1076D000C3F86C1542EA0022C3F80C75C3F80465C0
:1076E000C3F80855C3F8102520680023C0F81031EE
:1076F000D0F81021C0F80831D0F80821C0F80C31BA
:10770000D0F80C3140F3073002B0BDE8F047FCF789
:107710005FBCFFF785FF019B07FA03F3C0F80C3548
:10772000ADE700BFF0F8FCFF4FF08053D3F83021F5
:10773000082A06D1D3F83431052B04D8034AD05C8B
:107740007047002070470120704700BF55FB0000C4
:10775000036803F01F025B09026004D0012B034899
:1077600018BF002070474FF0A04070470003005042
:1077700070B54B7F04460D467BB1012343616426FF
:1077800000220221204605F01FFA20B9012004F052
:107790009EFD013EF4D100236B77AB7F5B0720D5C4
:1077A0004FF08052D2E94C23082A1BD1052B19D85F
:1077B0000E4AD35CB3B14FF0FF320023D4F8080572
:1077C000D4F80C15C4F80035C4F80825C4F80C2505
:1077D0000922C4F80025C4F80035C4F80805C4F827
:1077E0000C1570BD0023C4F80035FAE75BFB000000
:1077F0000F4B984219D00DD80E4B984215D007D890
:107800000D4B984211D00D4BC31A58425841704746
:107810000B4BF9E70B4B984207D004D80A4B984220
:1078200003D00A4BF0E70A4BEEE70120704700BF98
:1078300080841E0020A1070048E8010090D00300CA
:1078400040420F000024F40000093D0000127A00BD
:107850000048E80137B51446421C054618D00129F6
:1078600002D1BBB105F0EEF901A80195FFF770FF59
:10787000019B0A4A00EB8300A300D0F8005743EABB
:1078800041030B432A40134343F44073C0F80037CD
:1078900003B030BD05F0E3F9E6E700BFF0F8FCFF08
:1078A0002DE9F84F91F8213007460C46002B00F0E7
:1078B000968091F822806569674B9D4200F0A88010
:1078C00000F29880654B9D4200F0A58000F28A800E
:1078D000634B9D4200F0A280624B9D420CBF4FF073
:1078E00080654FF0804594F8232097F8223062F3AA
:1078F000000387F82230227CDBB262F3410387F871
:10790000223094F823600EBB237E2068012B94BFA5
:107910000023012301213246FFF79CFF60683346B4
:107920003246FFF797FFA27EA06833463146FFF745
:1079300091FF237CE06883F0010332460121FFF7C9
:1079400089FFE0690B463246FFF784FF94F8213047
:10795000002B6CD04FF0FF337B6294F8211094F829
:1079600012E0207E627E00296BD0E668217C94F8CC
:10797000249094F820C03B68B9F1000F12D1D4E9EB
:1079800000BAD4F80890E469C3F808B5C3F80CA5A8
:10799000C3F81095C3F86C45C3F81465C3F86815AF
:1079A000C3F86485003A18BF01220228C3F8C0E575
:1079B000C3F8245548D0032849D0012801D142F00A
:1079C0000202C3F85425C3F860C57B68002B41D080
:1079D0003868BDE8F84F40F30730FCF7F9BA4FF0CC
:1079E000020868E7204B9D420CBF4FF080554FF0D6
:1079F000804578E71D4B9D4213D01D4B9D4213D00F
:107A00001C4B9D420CBF4FF000454FF080456AE78C
:107A10004FF0005567E74FF0006564E74FF00075E1
:107A200061E74FF020655EE74FF0A0555BE7E36844
:107A30007B62227C97F8223062F3410387F8223080
:107A40008BE74FF0FF3692E742F00402B9E742F0CD
:107A50000602B6E7BDE8F88F80841E0020A107006B
:107A600048E8010090D0030040420F000024F400D9
:107A70000048E80100127A00431C07B50ED00190BF
:107A800001A8FFF765FE019B00EB8300054BD0F8D2
:107A90000027134043F00203C0F8003703B05DF83D
:107AA00004FB00BFF0F8FCFF38B50446006840F363
:107AB0000730FCF79BFA636843B121461A4A51F834
:107AC000043BC3F808232068FFF752FE2368D3F86D
:107AD0000805D3F80C15D3F8105594F82230DB07BD
:107AE00014D4FFF7C9FF2846FFF7C6FF0846FFF783
:107AF000C3FF606AFFF7C0FF2368D3F86C05D3F8B3
:107B00001415FFF7B9FF0846FFF7B6FFFFF70CFEA5
:107B100028B1064A2368934204BF01225A60002319
:107B200084F8203038BD00BF5201080000F0024048
:107B3000F0B590F8213085B005460E461746002B6B
:107B400040F0CC8043682BB112F0140F04BF012326
:107B500080F8213096E80F0005F1100484E80F004A
:107B6000686A441C05D095F82230990717D505F0AE
:107B700069F831682C6821B101F06043B3F1005F0E
:107B800006D1B36873B103F06043B3F1005F09D06D
:107B9000002385F821306FF00C0005B0F0BD05F032
:107BA0005EF8E6E7FFF7C0FD38B34E4B9C4224D1A8
:107BB0004FF080437268D3F8000E4B4B1860E2B16F
:107BC0004A4821F4FF5323F01F03834274D850180E
:107BD000DFF81CC1C3F34F3101228A40002103F5B5
:107BE0000053984241EA02014FEA420201D963453B
:107BF000F5D34FF08043C3F8001E17F0010318BF00
:107C00000123C4F8503517F0020318BF0123C4F84C
:107C1000403596E80F00EC468CE80F00039BC4F853
:107C20004405C4F84815C4F83425C4F83835002391
:107C3000C4F8183117F01C0FD4F818313FD1D4F81C
:107C40000035073B18BF012395F8222017F00806DE
:107C500063F382024FF0070385F82220C4F8003551
:107C60000CD16A680123236142B9D4F81831002B82
:107C7000FBD062464021204604F0A6FF6B681BBB88
:107C8000FFF752FD40B1174B9C4201BF164B1A68DB
:107C90004FF08043C3F8002E686A421C05D095F867
:107CA00022309B070DD504F0DAFF1EB9291D2046AE
:107CB000FFF75EFD002070E74FF4807199E7012324
:107CC000C2E704F0BFFFF0E717F0040F4FF04003E6
:107CD00014BFC4F80833C4F80433EBE76FF00F00A7
:107CE0005BE700BF00F00240A0250020FFFF00205E
:107CF0000020012070B50246044652F8105B402176
:107D0000284604F061FF38B3FFF70EFD40B1134B76
:107D10009D4201BF124B1A684FF08043C3F8002EFA
:107D2000606A421C05D094F822309B0711D504F0FC
:107D300096FF94F821301BB1211D2846FFF718FD4E
:107D40002046002300F80C3FD4E90131BDE8704023
:107D5000184704F077FFECE770BD00BF00F0024069
:107D6000A02500200368034A01F5C07143F82120D3
:107D7000704700BF3546526E08B5124BA82200214D
:107D8000184605F089FC03220346026142610E4851
:107D90000E4A98614FF48051DA61002219629A62AA
:107DA0005A62DA6218660A485866996609491A677B
:107DB000DA665A6711F8010D98540132102AF9D188
:107DC00008BD00BFB006002061FB00000A4900208A
:107DD0000A3900207AFB00002DE9F84FDFF8808097
:107DE00098F80030532B82468946164601D0FFF79B
:107DF000C3FF182707FB0A873D6FD7F86CB05D45B6
:107E00002BD9BC6E796E641BB44228BF344629441A
:107E10004846224605F018FCBB6E2544A144361B9B
:107E2000AB4208BF0025ABEB050B5E4528BF5E46A5
:107E300056B1182303FB0A833246596E484629443B
:107E400005F002FC3444354424B1182303FB0A88AE
:107E5000C8F870502046BDE8F88F0024E3E700BF63
:107E6000B00600202DE9F84FDFF87C80182606FBCD
:107E7000008E00FB06664644DEF82440DEF828C08B
:107E80007368A44507468946154603EB040022D8CB
:107E9000DEF820B0ABEB040A0AF1FF339A4203D8B4
:107EA00005F0D2FB2C440FE063449A4219D85246A5
:107EB0002C4405F0C9FBB4EB0B0405D070682246D6
:107EC00009EB0A0105F0C0FB182303FB078301201F
:107ED0005C62BDE8F88F0CF1FF3CACEB040C944500
:107EE000DED20020F5E700BFB0060020F8B5144B45
:107EF000182700FB07751D4407FB00330E46DB6A9D
:107F0000012B14460AD0022B14D023B9284604F0C2
:107F100048FF844208D900242046F8BD284604F0D2
:107F200040FF844228BF044622463146284604F0DA
:107F300041FFF1E72846BDE8F84004F056BF00BF16
:107F4000B0060020F8B50B4B1B78532B04460E46A9
:107F5000174601D0FFF710FF04F088FF3A460546A8
:107F600031462046FFF7C2FF0446284604F086FF4C
:107F70002046F8BDB0060020034B182202FB003358
:107F8000D86E1B6FC01A7047B0060020034B182232
:107F900002FB00339A6A586A801A7047B0060020C4
:107FA0002DE9F843144C1F462378532B0546894688
:107FB000904601D0FFF7E0FE022D1AD804F056FFDC
:107FC0006DB1182605FB0663E21844F80390C2F869
:107FD000048006FB05420023176293625362182354
:107FE00003FB0544089BE36204F048FF0020BDE862
:107FF000F8834FF0FF30FAE7B006002010B4084ACB
:1080000008490023C85C12F8014D844204D10133B1
:10801000102BF7D110BC704710BCFFF7ADBE00BFEE
:108020007AFB0000B0060020B0B5044600AFF9F7B7
:1080300005FB0B4803685B070FD06D4688B06A46A6
:10804000084B5361084B9361032342F8103F002310
:108050004FF4C251F9F784FCAD46204604F03AFFD4
:108060001C0600207BFB000069FC00002DE9F047A6
:10807000044600AF0D46EFF31189202383F31288E5
:10808000BFF36F8FDFF8EC803B4AD8F8003096687A
:1080900059076BD0042898BF384B117C94BF53F814
:1080A0002030374BEA468CB06A4636485061C2E908
:1080B0000831354840F202431385344BC2E90604C7
:1080C00042F8103F2B4800234FF45151F9F748FC78
:1080D000D546C5B1EB69D8F80020C3F3080393B1C6
:1080E00052072CD0EA4688B06A46294B5361264B8A
:1080F0009361032342F8103F1E4800234FF4C251FE
:10810000F9F72EFCD546D8F800305B0717D026BB10
:108110002048E8468AB06A461F4B53611A4B1062EA
:10812000C2E9063640F2024393841C4B42F8103FEA
:10813000104800234FF43151F9F712FCC546294687
:108140002046FFF771FF89F31188BFF36F8F304628
:10815000FBF7E4FEBD46BDE8F087304604F0DFFFE4
:108160000028D5D00378002BD2D0D2E7002DB1D192
:10817000E5E700BF1C060020A4250020B0E00000B9
:108180008EFB0000A4FB00005BFC00000600000169
:10819000D0FB00009CFB0000F5FB00000500000187
:1081A00038B50A4B53F82040013053F82050A5420F
:1081B00000D838BD606830B1037EDB0701D404F01D
:1081C00066FE0834F3E723689847FAE7C4E0000046
:1081D00070B52A4B2A4C2B4D012286B003201A7011
:1081E000FFF7DEFF05F0A4F90420FFF7D9FF2646CC
:1081F000AE4204F1300410D300F028FF204C224E90
:10820000AC4226D300F036FFF8F708FA1F4A137B7A
:1082100023F00103137306B070BD54F80C3C0593B2
:1082200054F8103C049354F8143C039354F8183C4D
:10823000029354F81C3C019354F8203C009354E9F9
:108240000A2354E90C0100F02BFC54F8303C5E6525
:10825000CDE7D4E90A23B3F1FF3F08BFB2F1FF3FF6
:1082600005D052EA0301206803D100F0BFFF30348B
:10827000C6E73146183001F0C1F9F8E70A59002085
:1082800024DA000024DA00003FD20000401A002067
:1082900070B5174E174D184986B0C02303FB006612
:1082A000164B059301220F23CDE903320023CDE9BC
:1082B0000133142303FB005504464FF4046000FB14
:1082C00004110F4B00954FF40062304600F0E8FBBC
:1082D000737B0C4AEE6023F0040373734FF48253F4
:1082E00004FB033313442C746B6006B070BD00BFF5
:1082F00080190020A42500200082002083FC0000BB
:10830000A5CF0000C0710020BFB50020FFF748FFD7
:10831000294B83F30888294C294F636943F4007380
:1083200063610025E02384F82230E57725766576C1
:10833000A57684F82050636A43F4E023636284F8EE
:108340002350FBF75FFDFBF701FF4FF0FF33A36204
:10835000E362FCF707F8FBF71DFFF9F7ADF81948E2
:10836000194C00F047FC0120FFF71AFF0220FFF72D
:1083700017FF00F0B3FE154B15495C61154B0593D3
:108380000123CDE903534FF480523B46CDE901551B
:108390000095204600F084FB627B064622F0040232
:1083A0002046627304F008FF2846FFF771FF3A4643
:1083B00031462046FBF7AAFE0082002000ED00E0D7
:1083C000D1810000001B0020401A0020A4250020BD
:1083D000408A002099E2000038B5064C064D002086
:1083E000AC4200D338BD204604F07CFD0028F9DB08
:1083F0001C34F5E73C0600203C06002073B50C4613
:10840000EFF31181202585F31288BFF36F8FC568C4
:108410005DB125602B68C3608369013383610020EF
:1084200081F31188BFF36F8F11E052EA030603D185
:1084300025606FF00B00F3E7CDE90023024608301A
:1084400000F02CFD18B9034B9B681B69236002B038
:1084500070BD00BFA42500202DE9F3410446174656
:108460001E46EFF31188202383F31288BFF36F8F2A
:10847000C368334A7BB180689168884219D057EA53
:10848000060318D188F31188BFF36F8F6FF00F00C8
:1084900002B0BDE8F081916891F90E1021610133BD
:1084A000E3609368A36088F31188BFF36F8F0020A7
:1084B000EEE72169F2E791F90E1090F90E3099423A
:1084C000A8BF19466FF07E029142B8BF11468B4299
:1084D0002DDD04F072FD0546CDE9007619482246EF
:1084E000414600F0DBFC0028E1D0EFF311862023A9
:1084F00083F31288BFF36F8FA068D0B1236821691E
:108500009C420AD04BB193F90E309942A8BF19464C
:108510006FF07E039942B8BF194604F04EFD40B19A
:108520000848314600F04EFD6FF00A00B0E7002524
:10853000D2E7002DF4D186F31188BFF36F8FF3E7F4
:10854000A42500200B590020F8B583680546002BB0
:1085500040D0234A926893423FD1C368012B03D98C
:10856000013BC3600020F8BDEFF31187202383F3A4
:108570001288BFF36F8F0169806804F01EFD2C68BC
:10858000AC4207D10023C5E9023387F31188BFF35A
:108590006F8FE7E7002CF5D0D4E9003213605A6002
:1085A000637B002623F002036373C4E90066A660C0
:1085B00004F1180004F0DAFEAC6094F90E302B617F
:1085C0002046C4F8BC6004F0F7FD0648394600F0C8
:1085D000F9FCC7E76FF01500C5E74FF0FF30C2E7C1
:1085E000A42500200B59002070B5EFF3118620233D
:1085F00083F31288BFF36F8F0468A0421BD0D4B1FD
:10860000D4E9003213605A60637B002523F0020333
:108610006373C4E90055A56004F1180004F0A6FED8
:108620002046C4F8BC5004F0C7FD31460748BDE8F9
:10863000704000F0C7BCD0E902329A4218BF013343
:10864000836086F31188BFF36F8F70BD0B590020D4
:1086500013B5EFF31181202484F31288BFF36F8FD9
:10866000846844B1013C846081F31188BFF36F8F4B
:10867000002002B010BD52EA030406D181F3118834
:10868000BFF36F8F6FF00F00F3E7CDE900230246D1
:10869000014800F003FCECE70B5900202DE9F04104
:1086A0000546EFF31187202383F31288BFF36F8F02
:1086B00000231E466FF00A082C68A54216D0ACB104
:1086C000D4E9003213605A60637BA66023F0020392
:1086D0006373C4E9006604F1180004F047FEC4F8AF
:1086E000BC80204604F068FD0123E5E70022AA6073
:1086F0002BB139460548BDE8F04100F063BC87F373
:108700001188BFF36F8FBDE8F08100BF0B590020C7
:108710002DE9FF414F4E04462027EFF3118887F3E0
:108720001288BFF36F8FD4F8C450F5B9022104F159
:10873000DC0004F05DFC002868D004F1D4050022C0
:108740000121284604F0B6FD0028F8D10023029349
:108750004FF0FF324FF0FF33CDE90023414604F1E3
:10876000CC023D4800F00EFED7E7D4F8C8202B68B5
:10877000C4F8C430954208BFC4F8C830D4F8DC301F
:1087800043F00203C4F8DC30EB6823F0040343F049
:108790000103EB606B6888F31188BFF36F8F284685
:1087A0009847EFF3118887F31288BFF36F8FEB6858
:1087B000D80623F0010236D4EA60EB689A0716D592
:1087C000306823F00203EB6088B10368002170B1C8
:1087D0004268954235D1036869BB72683360824252
:1087E00000D17360002340F8083BFFF7FDFED4F88A
:1087F000DC3023F00203C4F8DC3088F31188BFF3C7
:108800006F8FDB0589D400F071FC86E7D4F8DC308B
:10881000D9069BD5C4F8DC0088F31188BFF36F8FAD
:1088200004B0BDE8F08123F01103EB6005F1100006
:10883000FFF7DAFEC1E70B607368834208BF71601F
:10884000D0E723B11A68014618461346BFE71A4617
:10885000F9E700BFC82500200B590020F8B5C36810
:108860009A0704460F46C3F340062ED45B071CD478
:108870000B680BB983680B60E368DD0744BFA3682E
:108880003B603D684CBF02260126002D3CD0204BAA
:108890009A68D5F8C0309A420AD0D5F8DC30D807AB
:1088A000C3F3800214D46FF0120600233B6025E06E
:1088B00004F02FFCD5F8DC300028F0D1D907C3F341
:1088C000C002F0D552B15B0708D46FF00F06ECE799
:1088D000002AFAD1C3F3C003002BF6D10023236092
:1088E000D5F8C83063B9C5E93144284604F09AFB8D
:1088F000E36843F00403E3603B68A3603046F8BDDF
:108900001C60C5F8C840F0E76FF01506CDE700BF62
:10891000A4250020F0B589B004460020C4E9310048
:108920000E9D04F1CC00C4E9330004F1D400C4E985
:10893000350055B32879002840F2011008BF012006
:10894000C4F8DC0000204FF0FF364FF0FF37CDE9D0
:108950000330CDE90100CDE906670D4B00942046B8
:1089600000F01CF955B1296811B1204600F046F815
:108970006B791BB1237B43F001032373204600F086
:1089800035FCC4F8C04009B0F0BD0120D8E700BFF5
:1089900011870000F7B50C46019016461D46EFF30F
:1089A0001187202383F31288BFF36F8F084604F0EA
:1089B0002AFB55EA060309D101A92046FFF74EFF1D
:1089C00087F31188BFF36F8F03B0F0BDE3680749E9
:1089D00043F00803E360019BA36232462B4604F197
:1089E000100000F00BFE0120EAE700BF99D0000064
:1089F00001460148FFF7CEBFE01B002010B504463A
:108A000008B9054B9C681F2204F1840004F0A9FDFD
:108A1000002084F8A30010BDA42500202DE9F84F04
:108A20000C46A1B39AB390F80D90DFF86880571EFA
:108A30000846B9F1000F25D0DFF85CA00025B8F892
:108A400004B019EA0B0F19D0B8F80630D8F80010A6
:108A50007E1B9E4228BF1E46324604F0F5FD2E4482
:108A600039EA0B0904EB06000CD0BD1B012D28BF11
:108A700001252A46514604F0E7FD354408F108086F
:108A80006019DCE7002303702046BDE8F88F034837
:108A9000FBE700BFDCE000008BFC00008DE800007D
:108AA0002DE9F04FD51D85B025F0070504461F467A
:108AB0007F3500F15803C0E9163325F03F05129BBE
:108AC000237300200E46119BDDF838B0DDF84C8092
:108AD000A06004213F2DC4E906006173A373E07315
:108AE00006F1400AA5F1400905D880F31188BFF3CB
:108AF0006F8F084602DF4A463544AA21504604F0EB
:108B0000CBFD29462046FAF747FD0730109B20F0A1
:108B10000700C4E929A9C4F8AC0002930F9B2D1AE1
:108B2000CDE900B32A463B4631462046FBF7BAFA68
:108B30000F9BA3674FF00009109BC4F85490C4E941
:108B40001C7B84F86C90E367EFF31182202181F3A2
:108B50001288BFF36F8F104E316AC4F880103462F0
:108B600082F31188BFF36F8FB8F1000F11D01F226D
:108B7000414604F1840004F0F4FC84F8A390B36847
:108B80000BB1D3F8B030C4F8B030284605B0BDE81A
:108B9000F08F84F88480F2E7A4250020F0B587B038
:108BA00000250595109D04950F9D03950E9D02953A
:108BB000DDE912760D9D01950C9D00950446FFF7A9
:108BC0006FFFB6F1FF3F08BFB7F1FF3F05D056EA90
:108BD000070305D1204600F009FB204607B0F0BD91
:108BE0003A46334604F11800014900F007FDF4E766
:108BF0003FD2000040F2011310B583810023C0E989
:108C00002933044600F0F2FE014B9C6010BD00BF0A
:108C1000A42500200A4A93686FF00A01C3F8BC102B
:108C20000849C3F8B8004B6843F080534B600023F9
:108C300083F31188BFF36F8F9368D3F8BC0070473C
:108C4000A425002000ED00E070B590F90D20437BD5
:108C5000002A36DBD90634D11B4C63F07F03224651
:108C6000437352F8183FE169934207D1C0E90021EC
:108C70000860E06111E09942F8D01B68002BF5D044
:108C800090F90E5093F90E60B542F4D0AE42F2DD89
:108C90005968C0E9003108605860A569954200D064
:108CA00005B9E568A3685A7BD20604D1DA897F2A20
:108CB00001D9AA6932B1AB4202D0284600F0A4FB28
:108CC000656170BD6361FCE7A425002038B590F9AB
:108CD0000D20437B002A014604DA03F07F0343732F
:108CE00004F030FA0D4D2A46AB6852F8184F944202
:108CF00000D004B9EC688B4207D05A7BD20604D16D
:108D0000DA897F2A01D9A2692AB1A34202D020467A
:108D100000F07AFB23466B6138BD00BFA42500201C
:108D2000B3F1FF3F08BFB2F1FF3F03D00249183053
:108D300000F064BC704700BF3FD2000038B5194C4A
:108D4000A168E0690B68814214BF1A460022496895
:108D50000B605960A368E1692AB9134AC3E900218D
:108D60000B60E3610CE093F90E0092F90E50A842FB
:108D700014D0854212DD5168C3E900210B605360B5
:108D8000A569094B9D4200D005B9E568A3689D42DD
:108D900002D0284600F038FB656138BD9142DCD036
:108DA0001268D9E7A4250020BC250020F8B5394C6D
:108DB000A2688242074624D1EFF305830BBBEFF391
:108DC0001186202383F31288BFF36F8F537B03F048
:108DD0007F0343F01003537304F0B4F9234653F8B0
:108DE000185F9D4200D005B9E568A3689D4202D096
:108DF000284600F009FB65613046BDE8F840FFF702
:108E000009BFEFF31185202383F31288BFF36F8F1F
:108E10007B7BD90604D585F31188BFF36F8FF8BD2E
:108E2000D90943F0100219D17A73A6691A4B9E42F0
:108E300000D006B9E668A368B34202D0304600F01D
:108E4000E3FAA36866619F42E5D1EFF30583002B47
:108E5000E1D13A7BD2070AD42846CEE703F07F035C
:108E600043F010037B73384604F06CF9DDE785F3BB
:108E70001188BFF36F8F83F31188BFF36F8F0423C3
:108E8000184602DFEFF31180202383F31288BFF32B
:108E90006F8FB2E7A4250020BC250020F8B50E4B4B
:108EA0000C4611460D4A98681060DDE90667EFF33D
:108EB0001182202282F31288BFF36F8F9D682846AB
:108EC00004F052F9284632463B46FFF729FF204678
:108ED000BDE8F840FFF79EBEA4250020D025002065
:108EE000F8B50446EFF31187202383F31288BFF30C
:108EF0006F8F437B03F01F02002A0CBF0126002660
:108F000049B239D103F07F03437304F01BF92C4DB0
:108F1000437B817363F07F032A46437352F8183F03
:108F2000934227D1E869C4E900200460EC610FE0B6
:108F30009842F8D01B68002BF5D093F90EC061451C
:108F4000F6D08C45F4DD5968C4E900310C605C60F2
:108F5000AC69944200D004B9EC68AB689C4202D082
:108F6000204600F051FA6C6187F31188BFF36F8FD0
:108F70003046F8BDE869DEE79B071ED5856804F03A
:108F8000E1F881732B689D4209D16B68C4E90053F5
:108F90001C606C60E8E76A689342F6D01B68002B9F
:108FA000F3D093F90E209142F5D08A42F3DD5A684E
:108FB000C4E9003214605C60D6E78173D4E700BF77
:108FC000A425002049B9EFF3058030B9054B5A6953
:108FD0009B689A4201D0FFF71DBE81F31188BFF351
:108FE0006F8F7047A425002010B5EFF31184202265
:108FF00082F31288BFF36F8F427BD10604D484F3CF
:109000001188BFF36F8F10BD22F010024273FFF77B
:109010001BFE21460248BDE81040FFF7D3BF00BF4A
:109020000B590020034648B9EFF3058232B9064ACE
:1090300051699268914201D0FFF7ECBD83F311882A
:10904000BFF36F8F704700BFA4250020EFF311819D
:10905000202383F31288BFF36F8F054B9A68D37B6D
:10906000013BD37381F31188BFF36F8F704700BF4B
:10907000A425002070B5EFF31186202383F3128816
:10908000BFF36F8F144DAB68DA7B0132DA732A4677
:1090900052F8184F944200D004B9EC685A7BD206BB
:1090A00004D1DA897F2A01D9A2692AB1A34202D068
:1090B000204600F0A9F923466B6186F31188BFF3BF
:1090C0006F8FEFF31180202383F31288BFF36F8F2C
:1090D000BDE87040FFF7A6BFA4250020024B03F1B6
:1090E0001802C3E906227047A425002070B5EFF3EB
:1090F0001186202383F31288BFF36F8F1B4CA16866
:10910000E0690B68814214BF1A46002249680B606F
:109110005960A368E1692AB9154AC3E900210B60C7
:10912000E3610CE093F90E0092F90E50A84218D0BA
:10913000854216DD5168C3E900210B605360A569C3
:109140000B4B9D4200D005B9E568A3689D4202D053
:10915000284600F059F965613046BDE87040FFF7D8
:1091600059BD8A42D8D01268D5E700BFA425002097
:10917000BC250020F8B550EA010306460C4603D191
:10918000FFF7B4FF0020F8BDEFF31187202383F32E
:109190001288BFF36F8F124D124BA8681860FFF74B
:1091A00095FDA868104923463246183000F026FA8B
:1091B000AA68537B43F00403537304463846FFF711
:1091C00029FDAB68D3E90A23B3F1004F08BF002A99
:1091D000D8D104F00FF9201A20EAE070D3E700BFDD
:1091E000A4250020D02500203FD2000038B5044639
:1091F000EFF31185202383F31288BFF36F8F437B36
:109200005B070FD5183004F0B1F8637B23F004033B
:1092100020466373FFF718FD29460548BDE838402E
:10922000FFF7D0BE85F31188BFF36F8F38BD00BF45
:109230000B590020014B9868704700BFA4250020FF
:109240002DE9F8430446077BEFF31185202383F3D0
:109250001288BFF36F8F437B190705D585F31188FB
:10926000BFF36F8FBDE8F883D90943F0080260D1DE
:109270004273A36813B1204603F06CFF04F1180099
:1092800004F074F8A66D04F15808B04511D04FF001
:10929000000976B1304603F05DFF06F1180004F0D6
:1092A00065F8C6F8BC903046FFF7CEFCA66DB04519
:1092B000EFD1DFF8C480D8F808309C4241D1EFF3F9
:1092C0000589B9F1000918BF4FF00109D8F81860F5
:1092D0002A4A964200D00EB9D8F80C60B34202D0A8
:1092E000304600F091F82046C8F8146002F0BCFA4D
:1092F000204600F0DBF8B9F1000F02D02048FFF75C
:1093000079FCD8F808309C4231D1EFF3058373BB68
:10931000227BD20718D42846FFF77CFCFB07A1D597
:10932000002383F31188BFF36F8F0423184602DFF5
:1093300098E703F07F0343F00803437303F002FF51
:1093400097E74FF00009C1E785F31188BFF36F8FEE
:1093500083F31188BFF36F8F0423184602DFEFF306
:109360001180202383F31288BFF36F8FD4E785F336
:109370001188BFF36F8FD1E7A4250020BC25002002
:10938000001B0020D3B5DDE90667089CCDE9006726
:10939000FFF784FD1CB1034B9B681B69236002B07F
:1093A000D0BD00BFA4250020427B12F01F0203465F
:1093B00010D10A4988420DD00949086868B1D98995
:1093C0007F2909D893F90E20064B1B689A42B8BF33
:1093D0000020704700207047104670478019002019
:1093E00028050020D4250020044BC01A044BC010CF
:1093F0005843044B01221A54704700BFC01B002081
:10940000ABAAAAAA0B59002070B50D4B0D4D1E7CBE
:10941000FFF7CAFF06EB460305EBC30504462846E3
:1094200003F0A4FF084B00229A553CB1621E284667
:109430000649BDE87040D31700F0E0B870BD00BF2A
:10944000A4250020C01B00200B590020E993000038
:1094500038B5EFF31185202383F31288BFF36F8FA4
:109460000F4B104A9C681068A04206D1FFF7CCFF52
:1094700085F31188BFF36F8F38BD00211B7C11600D
:10948000094AD35C002BF3D02046FFF78DFF00285C
:10949000EED0637BDB0601D1FFF750FC2046E5E709
:1094A000A4250020D02500200B590020EFF31181C6
:1094B000202383F31288BFF36F8F0C4A136A834211
:1094C00008D1D3F88030136281F31188BFF36F8F16
:1094D00070471346002BF7D0D3F880208242F8D192
:1094E000D0F88020C3F88020EEE700BFA42500203C
:1094F000F8B505460E46EFF31187202383F3128853
:10950000BFF36F8F064B1C6A24B987F31188BFF332
:109510006F8FF8BD20463146A847D4F88040F3E766
:10952000A4250020F8B506460F46EFF3118320224C
:1095300082F31288BFF36F8F0C490C6A154624B969
:1095400083F31188BFF36F8FF8BD83F31188BFF3E6
:109550006F8F39462046B047EFF3118385F31288A9
:10956000BFF36F8FD4F88040E9E700BFA425002047
:10957000024B1868984208BF002070472C05002055
:10958000034B1B680BB9FCF7C3BD0020704700BF3D
:10959000D825002030B570B10B4B5B6898420AD0DB
:1095A000036843B1D3E90421D0E90445121941EB22
:1095B0000501C3E90421D0E9003213605A60002399
:1095C000C0E9003330BD00BF2C05002070B5024655
:1095D000FFF7CEFF0849034600204D68014603B956
:1095E00070BDD3E90446001941EB06019342F7D060
:1095F0009D42F5D01B68F2E72C050020B3F1FF3F38
:1096000008BFB2F1FF3F2DE9F84F044699461546D1
:109610001F467AD08160EFF31188202383F31288EC
:10962000BFF36F8FB9F1000FDFF8E4A020DBFFF785
:10963000A7FFDAE90027013549F100092D1849EBA8
:10964000E073C4E90453AD18064643EB07074FF037
:109650000109FFF78DFFDFF8BCE0DEF804A0034648
:10966000EBB9C4E900EACAF80040CEF8044028E0AB
:10967000DAE900126FF001035B1A4FF0FF3161EB82
:1096800002025B1B62EB0902012B72F10001BCBFFD
:1096900001230022C0E904324FF00009D9E7D3E9E1
:1096A000041CD4E904208A4270EB0C0B24DA891ADA
:1096B0005A686CEB0000C3E90410C4E9003214607E
:1096C0005C60FFF755FF84420ED1134B1B685BB9FA
:1096D000B9F1000F02D1FFF753FF0646304603F001
:1096E0002EFE0021FCF7E6FC88F31188BFF36F8F94
:1096F00028463946BDE8F88F521A60EB0C009A45AF
:10970000C4E90420ADD01B68AAE700252F46EFE787
:10971000D81B00202C050020D82500202DE9F0477B
:10972000EFF31185202383F31288BFF36F8FDFF8E7
:10973000A490DFF8A480C9F80000FFF719FF002605
:109740000027D9F80030D8E900ECD91750B1D0E99A
:109750000442A34271EB020A1CDAE41A62EB010232
:10976000C0E9044213EB0E034FF000044CEB01017F
:109770002046C8E90031C9F8004003F0E0FD214669
:10978000FCF798FC85F31188BFF36F8FBDE8F047B5
:10979000FFF75EBE14EB0E024CEBE473C0E9046706
:1097A000C8E90023FFF7F6FE85F31188BFF36F8F3A
:1097B00083689847EFF31185202383F31288BFF362
:1097C0006F8FD9F800301B1BC9F80030FFF7D0FEAF
:1097D000B7E700BFD8250020D81B002010B5EFF355
:1097E0001184202383F31288BFF36F8FFFF7C8FE25
:1097F000054A0346D2E90001181841EBE37184F3EE
:109800001188BFF36F8F10BDD81B0020F8B5064636
:10981000EFF31187202383F31288BFF36F8F026861
:1098200022B187F31188BFF36F8FF8BDD0E90A54D6
:10983000691C44F10003022973F1000334D3013D94
:1098400044F1FF34002CBCBF15462C4603F0D6FD76
:10985000013041F10001401944EB0101012871F18F
:1098600000014ADB03F0CAFD013041F100016FF055
:109870000203401944EB010183426FF000438B4126
:1098800040DB03F0BBFD013041F100016FF001024C
:10989000401944EB01044FF0FF33121A63EB040349
:1098A0001A493046FFF7AAFE336B01333363336A3C
:1098B0006BB187F31188BFF36F8F336A30469847D7
:1098C000EFF31187202383F31288BFF36F8F3346A2
:1098D00053F8184F9C42A4D0002CA2D0204603F08D
:1098E0007AFC0023C4F8BC3087F31188BFF36F8F74
:1098F0002046BDE8F84003F05FBC6FF001024FF076
:10990000FF33CDE700224FF00043C9E70D98000078
:109910002DE9F04105461C4690461F46EFF311869F
:10992000202383F31288BFF36F8FB4F1FF3F08BF8A
:10993000B2F1FF3F05D186F31188BFF36F8FBDE809
:10994000F081002C09DB012A74F10003BCBF012265
:10995000002412F1FF3844F1FF37284603F006FDDA
:10996000DDE906010023C5E90A012B6342463B46B7
:1099700028460249FFF742FEDDE700BF0D980000D0
:109980002DE9F04385B04FF000090546CDF804906D
:1099900000F10C07EFF31188202383F31288BFF343
:1099A0006F8F8368594003EA02060A4053400E490C
:1099B00001AACDE9023903F0A0FC019C3CB1C4F836
:1099C000BC9020460021246E03F016FCF6E7DDE98A
:1099D000023223EA02033846AB604146FFF7F2FA4F
:1099E000304605B0BDE8F083D7D40000014BC0F885
:1099F000B03070473C06002038B5064C064DAC42EE
:109A000001D3002038BDD4E90112204603F091FDB6
:109A10001434F4E73C0600205006002007B5074B3D
:109A20000093074907484FF0FF334FF48052FEF789
:109A300071FF002003B05DF804FB00BF1CE10000D3
:109A4000809A0020E01B002010B50A4C23681BB14F
:109A500001232360002010BD00F0EAF80028F7D0B1
:109A60000138062803D8044B53F8200010BD0348E2
:109A700010BD00BFDC25002028E10000FE8FFFFFA5
:109A8000BFF34F8F0549064BCA6802F4E0621343E7
:109A9000CB60BFF34F8F00BFFDE700BF00ED00E0DC
:109AA0000400FA0510B4094B09490A4C4FF0FE3284
:109AB000C3F800244968C3F80424C3F80824C3F891
:109AC0000C240023C4F8003510BC084700B0025035
:109AD0003405002000A00250D0E90012014BC3E978
:109AE000001270473405002010B5044650B1636879
:109AF00013F0685F05D0064A934202D0002323602A
:109B0000626010BD034B04485B689847EFE700BFF5
:109B10002C5F5CA93405002044E10000C8B1436813
:109B20000D4A934213D013F0685F0ED0012350E822
:109B3000002F194640E8001C9CF0000FF7D1012AC5
:109B4000F5D0BFF35F8F002070470448704704488A
:109B500070476FF4E04070472C5F5CA9E98FFFFF0E
:109B6000EA8FFFFF80B14368094A93420AD013F09D
:109B7000685F05D0BFF35F8F00230360184670470E
:109B800004487047044870476FF4E040704700BFD6
:109B90002C5F5CA9E98FFFFFEA8FFFFF10B5044639
:109BA00020B1044B63600022226010BD0248FFF721
:109BB00079FFF6E73A00003A6CE1000070B5D0E9B1
:109BC0000023174C174D6360D0E90230C4E902301E
:109BD00022604868D1F800C0134BC3E900C0D5F833
:109BE0001801D1F808C0C3F808C010F0685FD1F8B8
:109BF0000CC00969C3F80CC0196110D00B49C5F835
:109C0000BC110023C5E9453105F58A70C5F8B831A6
:109C10009047236805F5DC70BDE87040184770BDBB
:109C200050050020F42500203C0500202C5F5CA995
:109C300038B500F02FF820B1032400F063F8204677
:109C400038BD00F031F898B900F0ACF898B90F4D74
:109C5000D5F828391B0EF02B08D1D5F8242A0C4B47
:109C60009A420AD0072400F017F8E6E70624FAE73C
:109C70000424204638BD0024F5E7012000F092F8C6
:109C800004460028F7D1C5F80C0AD8E700B0025006
:109C90000000E0200020704700207047014BC3F80F
:109CA000040A704700B0025010B5114800F048F89F
:109CB00000B110BD0F4800F043F80028F9D10E4C58
:109CC000204600F03DF80028F3D10C4B0C481C60F6
:109CD00000F036F801460028EBD100F02DF80446DC
:109CE00008B1204610BD00F03FF82046FAE700BF5B
:109CF000900500208C0500208805002080050020AC
:109D00008405002008B5084800F024F8074800F052
:109D100021F8074800F01EF8064800F01BF8BDE8DF
:109D2000084000F00BB800BF900500208C05002013
:109D3000880500208405002000207047704700BF80
:109D400008B5034B02681B6810689847002008BDDF
:109D50005005002008B5034B02685B6810689847FF
:109D6000002008BD5005002070B5094C094D206940
:109D7000AB68984718B1084B08485B689847084A91
:109D8000EB68206900211160BDE87040184700BFF2
:109D90003C050020500500203405002090E1000023
:109DA000F0250020F8B51A4D1A4E0446B26828690D
:109DB0009047E8B9184F3B684CB1A3B1012B19D0BB
:109DC000013B3B602869F36898470020F8BD43B920
:109DD000124A0121C2F800151149D1F81029002AB0
:109DE000FBD101333B60F368286998470020F8BD38
:109DF0000C48F8BD0A4AD2F81039002BFBD1074AAB
:109E00006FF07E40C2F80035FFF748FF3B68D7E7A8
:109E10003C05002050050020F025002000A0025045
:109E200000B00250E98FFFFF0CB430B589B0054691
:109E30000C461C22002101A803F02EFC02238DF801
:109E400006300E4B0293059523462CB1B4F1004F1A
:109E500028BF4FF00043013B1D440DAA0C99069505
:109E600001A8009200F072F814B1059B00221A704C
:109E700009B0BDE8304002B0704700BFA9D600006D
:109E8000242AF0B5044601D8012A40D103F014FC7D
:109E90002D4B16221A5001B10C600020F0BD2F4648
:109EA0003D4615F8010B2028F9D0A0F10906042E33
:109EB0000346F4D92B282CD02D282CD101267B78D1
:109EC000BD1C302B2DD1287840F02000782824D1DB
:109ED00032F0100021D16B782C4610220235002080
:109EE000392B82BF03F1FF3343F02003263B303B85
:109EF0009A421AD9A0FB02040CB9C01801D346F04B
:109F000002062F462C4617F8013B3D46E8E7074678
:109F1000C6E70026D3E70026D3E7002A08BF0822B9
:109F2000DDE7002A08BF0A22D9E701B10C60F20779
:109F300048BF4042B307B1D503F0BEFB024B22221B
:109F40001A504FF0FF30A9E70C0000002DE9F04F48
:109F50008DB043680293837815469A07804640F196
:109F60000D8100240E78002E00F00A81252E0BD0E2
:109F70004B1C03930134029B41463046984700280E
:109F8000C0F2F6800399EDE74E788B1C252E0393E3
:109F9000F0D00027B946BB46BBF11F0F38D8A6F159
:109FA0002003102B0AD8DFE803F02A090930090939
:109FB000092109090928092D09091F00A6F1300303
:109FC000092B33D92A2E37D11BF0400F55F8043B0B
:109FD00040F08280002BA7BF4BF0200B9946C3F1C5
:109FE00000094BF0280B01E04BF0010B039B13F829
:109FF000016B0393002ECFD130E04BF0020B4BF0FE
:10A00000040BF3E74BF0080BF0E74BF0100BEDE718
:10A01000BBF17F0F19D8A6F13003092BD2D81BF062
:10A02000400F03D00A2101FB0737DFE70A2101FBBC
:10A0300009394BF0200BD9E72E2E06D11BF0400F2B
:10A0400040F09E804BF0400BD0E76C2E31D02BD8E7
:10A05000682E36D06A2E3CD04C2E3AD0002F46F0D7
:10A060002003B8BF2BF04002A3F16501BCBF1FFA6B
:10A0700082FB0027022901D9612B2FD1073525F05A
:10A080000705DFF8ACA2083507271BF0080F66D0DC
:10A090000AEB070B56465E4563D1A4EB0A0A06EBB2
:10A0A0000A02A9EB07096FE1742E9FD07A2E9DD08A
:10A0B000D4E71BF0800F18BF4BF4007B4BF0800BF4
:10A0C00094E71BF4807F18BF4BF4007B4BF4807B3C
:10A0D0008CE74BF4207B89E71F4687E7A6F16301F5
:10A0E000122900F2F080DFE811F013004F00EE00BB
:10A0F000EE00EE00EE004F00EE00EE00EE00EE008F
:10A10000EE00FE00E900EE00EE001B00EE00AF00E6
:10A1100055F8043B8DF8183001270DF1180AB4E703
:10A1200055F804AB834BBAF1000F08BF9A461BF0F9
:10A13000400F14BF39464FF0FF31504603F021FA6B
:10A140000746A2E7029B41462020984700280FDBE4
:10A15000013EB742F6D34C44A41BB14698E74E46A5
:10A16000F7E716F8010B029B41469847002892DA60
:10A1700098F8023043F0040388F802304FF0FF34BF
:10A1800020460DB0BDE8F08F1BF0800F34D01BF4DB
:10A19000007F2CD0073525F00705AA4669685AF8D4
:10A1A000080B2BF010050029ADB237DA404261EB05
:10A1B000410145F480650DF1180B0A235A4603F05E
:10A1C000ECF9A0EB0B0301936B0662D5019B25F024
:10A1D00001019F4289B240F3A180002E00F09980D6
:10A1E00015F0100240F09C80BB460D4623E0AA46C5
:10A1F0005AF8040BC117D4E7AA461BF4807F5AF81B
:10A20000041B01D10846F5E71BF4007F15BF48B2D7
:10A2100008B241F3C01141F3C031C2E750EA010373
:10A22000C9D11BF0400FC6D0002FC4D12BF01102B2
:10A2300095B2BB46019740F2064115EA01021CBFE8
:10A240000BF1010B00222CE02BF010021FFA82FB15
:10A250000A231BF0800C49D01BF400711DBF073589
:10A2600025F00705AA46AA461ABF5AF8080B6968DE
:10A270005AF8040B50EA010545D12BF016051BF0E6
:10A28000400FADB242D0002F40D12BF0170295B253
:10A29000019715F0100248D0019B002E42D103F126
:10A2A000010B29075AD4EB0706D5D9456FDD019973
:10A2B000A9EB0B035F18CB465B4649E04BF0100B54
:10A2C00010237826C5E7782B04D1C6F1780343F034
:10A2D0001003BEE7029B4146252098470028FFF661
:10A2E00047AF023447E608230026B2E7AA461BF42C
:10A2F00080715AF8040BBDD01BF400711ABFC0B2B4
:10A30000614680B2B6E72BF0060295B20DF1180B4C
:10A3100054E725F01105ADB2BB468CE70D46B8E712
:10A320003B460D4603F1020BBBE7DDF804B082E7C4
:10A33000D6FC0000CFFC0000CDE904324146029B70
:10A34000202098470028FFF613AF049B059A01339D
:10A350009945F1DCA4EB0B01CC189B460AB3029B98
:10A360004146302098470028FFF602AF8EB90134ED
:10A370002744019B391B994224DC1D465DBB019A91
:10A38000A9EB0B09224455461446914435E0019F40
:10A3900092E7023441463046029B98470028E7DAAC
:10A3A000E6E640F206410D42E2D015F0020F14BF7E
:10A3B0002B20202015F4806F04F10104414618BFC2
:10A3C0002D20E9E7029B414630209847002804F100
:10A3D0000104CEDACCE606AB013D4146585D029B56
:10A3E00098470028CADAC3E6029B414620209847D6
:10A3F000002804F10104FFF6BBAEA9EB0403002B17
:10A40000F2DCBFE57047836800EBC101B3F5004F94
:10A410002CBF51F8220031F81200704700EBC10147
:10A420008068B0F5004F2CBF41F8223021F812307F
:10A43000704708B50122FFF7E6FFD04008BD8368EA
:10A44000B3F5004F00EBC10108D34B681AB143F0DC
:10A4500001034B60704723F00103FAE74B881AB100
:10A4600043F001034B80704723F00103FAE75300E8
:10A470000122FFF7D3BF8368B3F5004F34BF042335
:10A480000823481C0833A0EBD300B0FA80F0C0F1D9
:10A490001F0070472DE9F0410D4686680446FFF71E
:10A4A000C8FFB6F5004F014601D3012832D020463F
:10A4B000FFF7E1FF04EB80010E6996B9E368012222
:10A4C00082401343E36002220D612B462946204659
:10A4D000FFF7A4FF032229462046BDE8F041FFF71D
:10A4E0009DBF022231462046FFF78DFF29460346D5
:10A4F00007462046FFF792FF0322334629462046AF
:10A50000FFF78CFF39462B462046FFF787FF0222D4
:10A510003146E1E7BDE8F081B2F5802F2CBF08237A
:10A520000423D21A2DE9F0418C18CD1D25F0070522
:10A5300024F00704641B0026E40805602146AC6093
:10A54000EE602846FFF797FF421D9200013002F1AE
:10A5500007074FEAD707A2F110023146B8BF3246CB
:10A5600005F1100003F098F83A4631462846FFF707
:10A570007EFF3346324631462846FFF74FFFA4EBB5
:10A580000708284631460122FFF759FF424639465F
:10A59000FFF76DFF3B46324639462846FFF73EFF40
:10A5A00021462846FFF763FF4346324621462846A8
:10A5B000FFF734FF214628460122FFF740FF3946C6
:10A5C000BDE8F041FFF766BF2DE9F04706460D46AE
:10A5D000174698462BB398F8004093F80190DB7823
:10A5E000A40004EB430498F802301C4444444FF0A8
:10A5F000000ACA4509D3D8F8042008F108033946EF
:10A600003046AC46BDE8F047604714F8013B48F8D7
:10A6100023402046F5F7E8FD013004440AF1010A21
:10A62000E7E76FF01500BDE8F08770B5002502463A
:10A630002846144614F8013B0BB9184609E098B1B6
:10A640008D4207D1702B04D0A3F140023A2A0BD8D7
:10A65000002070BDA3F140063A2E05D8537801358D
:10A66000941C002BE9D00020252B08BF80F00100AE
:10A670002246DEE7002070470FB407B504A951F861
:10A68000040B019100F06FFB03B05DF804EB04B024
:10A69000704710B50369024613F0080009D113682A
:10A6A000D4689C4297BF126AE31AD31A01200B6048
:10A6B00010BD00231846FAE713B501A90446FFF7B9
:10A6C000E8FF20B1019BE268013B13440193206A3B
:10A6D000019BC01A013802B010BD10B504465018D5
:10A6E0002269236AD20702D5013B184010BD984267
:10A6F00028BFC01AFAE710B504460A46C168FFF73A
:10A70000ECFF2369E06023F00803236110BD38B536
:10A710000D46C2698B00016843F0020342F8213004
:10A72000044601682A46FFF7D8FFE36861682060A5
:10A73000984202BF236943F0080323612A4620465A
:10A74000FFF7CBFF606038BD2DE9F74FC768C669DA
:10A750009B4606EB8703009316F8273003F00303AC
:10A76000022B0446884691464FF000030BD013603D
:10A77000CBF8003023699B0713D44FF0000A5046F2
:10A7800003B0BDE8F08F56F8271013608908CBF8A6
:10A790000030EFD0FFF7AFFFE368A3604FF0010A8E
:10A7A000EDE7A36906EB8700984716F8272012F01B
:10A7B000010A0546E1D012F002021FD0B8F1000FE5
:10A7C00003D041462046FFF7A2FF61682A46204693
:10A7D000FFF783FFD4E902219142606006D12A4647
:10A7E0002046FFF77AFF4FF0000AA060A2682260BF
:10A7F000E260226942F008022261C0E70146204679
:10A800000192FFF778FFE368A360B8F1000F04D06E
:10A810002168E369019A43F8212005EB0802CBF88F
:10A82000002021682046FFF758FF2369206043F08D
:10A830000803236116F827306FF3000306F827306A
:10A84000009BC9F80030A9E770B504461546FFF72C
:10A8500044FF2368834205D12369216023F0080364
:10A86000236170BDE269AB0043F0020342F821307E
:10A87000204661682A46FFF730FF6060F1E738B58F
:10A8800003695B07044606D5456AFFF715FF854255
:10A890002CBF6562606238BD38B50D4604461C2287
:10A8A000002102F0F9FEEB68A361AB6863612B68DD
:10A8B000E3616B682362002262622A6923B1591E38
:10A8C000194208BF42F001022261012204F128006E
:10A8D0000021BDE8384002F07FBB2DE9F04F87B082
:10A8E00000250093036A03958B4204460E46924668
:10A8F0000595A94639D3EFF3118B202383F31288F2
:10A90000BFF36F8F059AD8462AB129462046FFF734
:10A910009BFF0023059304A92046FFF7BAFE049984
:10A92000B14207462AD32268E36913F8221021F0C6
:10A93000030103F8221003EB820921683246204606
:10A94000FFF7CBFEE3682060984212D0002788F31F
:10A950001188BFF36F8F039929B162690AB120464C
:10A96000904700230393002FC5D1484607B0BDE8A8
:10A97000F08F236943F008032361E7E718B120460D
:10A98000FFF7C5FEE3E7009B5AEA03021CD00191E2
:10A9900002F0BFFB0199B8B9BBF1000F14D187F3E6
:10A9A0001188BFF36F8F009B524604F12800FDF71A
:10A9B0004FFEEFF31188202383F31288BFF36F8FCC
:10A9C000B0FA80F77F09C2E705AB03AA20462568E5
:10A9D000FFF7BAFE0746BAE770B504468369084632
:10A9E0000D4698470246EFF31186202383F3128821
:10A9F000BFF36F8F2B7843F001032B706168204603
:10AA0000FFF76BFE60602046FFF739FF86F3118881
:10AA1000BFF36F8F70BD2DE9F04104462027002061
:10AA2000EFF3118687F31288BFF36F8F236913F05A
:10AA3000080FA36802D16268934200D9226AE169D3
:10AA4000D21A5AB986F31188BFF36F8F18B104F187
:10AA50002800FDF7C9FD4FF0000834E011F823206D
:10AA600012F0030501EB8308ECD0022D03D151F85D
:10AA70002350AD0805D1D00713D4A36940469847A9
:10AA80000546A1682A462046FFF727FE2946A06012
:10AA90002046FFF730FE86F31188BFF36F8F012049
:10AAA000BEE742F0020201F823204046A369A568F0
:10AAB0009847294602462046FFF70FFEA06086F31E
:10AAC0001188BFF36F8F4046BDE8F081F8B50446AA
:10AAD000836908460D4698470646EFF31187202301
:10AAE00083F31288BFF36F8F2B786FF300032B7003
:10AAF00023699B0705D5E268E36903EB82039D4266
:10AB00001AD12B786FF341032B70D4E902319942AB
:10AB100004D132462046FFF7E0FDA06031462046D2
:10AB2000FFF7E9FD87F31188BFF36F8F04F1280069
:10AB3000BDE8F840FDF758BD2B6860F39F032B601C
:10AB4000F0E7EFF31181202383F31288BFF36F8FB7
:10AB5000036913F0080F836802D14268934200D959
:10AB6000026AD31A81F31188BFF36F8F181E18BFC2
:10AB700001207047038B13F0070305D10368002BF6
:10AB80000CBF002003207047022B05D1408BB0FA88
:10AB900080F0400980007047012B05D10368002B2D
:10ABA0000CBF0020052070470020704710B50C46F0
:10ABB00000B111B96FF0150010BD081D00F093F839
:10ABC0000028F9D1A368032BF6D9F3E72DE9F0416A
:10ABD0000D4607461946281D90461E4600F094F87B
:10ABE000044638B13346424629463846A446BDE8B5
:10ABF000F0416047BDE8F08110B4EFF311822024EA
:10AC000084F31288BFF36F8F416110BC0121F6F706
:10AC100015BA38B50C46054658B151B10B6843B169
:10AC20004B6833B11C22002102F036FD2C6100205C
:10AC300038BD6FF01500FBE770B505460E46FFF70F
:10AC4000B5FF041E14DBEFF31182202383F3128877
:10AC5000BFF36F8F6B8B2C8B4FF6FF718B4204F021
:10AC6000070407D182F31188BFF36F8F6FF00A04D6
:10AC7000204670BD022C0CD101336B8382F3118806
:10AC8000BFF36F8F0023224631462846FFF79EFF11
:10AC9000EEE7062C14D8DFE804F004131313041AAB
:10ACA0000400002333606B683BB9C5E90066ACB9AA
:10ACB00002212846F6F7C2F9DAE71E606E60F6E771
:10ACC00082F31188BFF36F8F6FF00404D0E782F333
:10ACD0001188BFF36F8F6FF08504C9E782F3118885
:10ACE000BFF36F8FC4E7034658B1426802F0030216
:10ACF000012A03D0032A04D1026812B1002098600F
:10AD000070476FF0150070474268816002F00302DF
:10AD1000032A4FF0000203460CBF006810465A6039
:10AD20007047704703785B075FBF03684288C3F3CF
:10AD30004A2303EB12105DBF173020F00700800894
:10AD4000002070470020704701F0A1B80346BFF310
:10AD50005B8F53E8000F421C43E800210029F8D123
:10AD6000BFF35B8F70471FB50023CDE90201CDE92A
:10AD700000331A4619461846F6F77EFE05B05DF810
:10AD800004FB0120F6F73EBB0020704718B1406875
:10AD90000079F6F749BD4FF0FF30FAE738B5436860
:10ADA00004460D46DA711146F6F79CFD63681D6096
:10ADB000636801225A71BDE83840F6F715BB70B5DB
:10ADC00015460C4669B1D2E901369B1B99420AD857
:10ADD00013680A460146981902F036FCAB68234412
:10ADE000AB60204670BD6FF01B00FBE770B50E46F0
:10ADF00015461946044618B9BDE87040F6F702BB7F
:10AE000033B1C2F34A231030120D184402F01CFC77
:10AE1000C4E900562046BDE87040F6F7ABBCF8B573
:10AE200006460D4614461F4604B9F8BD214628467D
:10AE30003A46B047241A0544F6E710B542688168DF
:10AE40000446D2E900230068FFF7E9FF63680022A7
:10AE50001A6010BD38B54B681A68CB689A4205462F
:10AE60000C4602D10846FFF7E8FF6368BFF35B8F2B
:10AE700053E8002F511C43E800100028F8D1BFF31D
:10AE80005B8FA3689D54002038BD0A2838B504465E
:10AE90000D4602D10D20FFF7DDFF29462046FFF7C2
:10AEA000D9FF002038BD2DE9F043054687B008469C
:10AEB0000E8891F80090D1F808800C461746F6F7F6
:10AEC0003DFE011EC6F38216C9F3C2091EDB4846C9
:10AED000F6F762FC03462146608851F8102B019674
:10AEE000C2F34A22002A01EB0204C0F30B1008BF90
:10AEF00000210022CDE90407CDE902140092414669
:10AF00002846F6F747FE07B0BDE8F0830023E2E7E6
:10AF100008B50120F6F77CF808B50020F6F778F8B8
:10AF20000B68834204BF01230B71704710B50020EA
:10AF30001C4601F084FF2060002010BD08B519B147
:10AF40004068083002F068FA002008BD10B5446B74
:10AF50000020FDF711F828B12368216C0020BDE81E
:10AF60001040184710BD08B54068083002F054FA88
:10AF7000002008BD10B50346BFF35B8F53E8000FF8
:10AF800040EA010243E80024002CF7D1BFF35B8FB5
:10AF900010BD10B50346BFF35B8F53E8000F00EA06
:10AFA000010243E80024002CF7D1BFF35B8F10BDF2
:10AFB000042100F51B70FFF7DDBF00F51F70FDF7E2
:10AFC00013BB4FF0FF324FF0FF3300F51F70FDF75A
:10AFD0003FBB00F51B7019B14FF40061FFF7CABF0A
:10AFE0006FF40061FFF7D5BF08B500F51A7029B1FD
:10AFF0000121FFF7BFFF00F0010008BD6FF0010164
:10B00000FFF7C7FFF7E773B5044680680E4615469D
:10B0100000F51C7000220023CDE9002302F085FA20
:10B0200058B1A06800F51C70314602F07AFA20464B
:10B030002B4602B0BDE87040184702B070BD38B56D
:10B04000054688680C4600F51C7025B90121BDE84D
:10B05000384002F063BA082102F060FA012D07D1EE
:10B06000A0680221BDE8384000F51B70FFF782BFE1
:10B0700038BD08B500F51F70FDF7EAFAB0FA80F0A8
:10B08000400908BD10B504468068012100F51B7019
:10B09000FFF770FFA3681B79022B02D12046F7F758
:10B0A00057FCA0686FF00101BDE8104000F51B706F
:10B0B000FFF76FBFF8B5044680681F460379022B7F
:10B0C0000D46164607D0BDE8F8404FF4805100F514
:10B0D0001B70FFF74FBF40F267620023FFF7C9FF05
:10B0E00048B3A368D3F86C22100508D49A6B32B920
:10B0F000D3F86832990602D5204600F045FA3B465F
:10B1000032462946204600F08AFAA368D3F86C221A
:10B11000120508D49A6B32B9D3F868329B0602D56F
:10B120002046F7F78BFF606900F042F8A068BDE8A1
:10B13000F840FFF742BFF8BD0EB403B503AB0821DA
:10B1400053F8042B0193FFF7B5FF02B05DF804EB51
:10B1500003B070470EB403B503AB032153F8042BBF
:10B160000193FFF7A7FF02B05DF804EB03B070474F
:10B170000EB403B503AB012153F8042B0193FFF781
:10B1800099FF02B05DF804EB03B0704710B540F2D0
:10B190006762044600238068FFF76BFF38B12046E2
:10B1A000F7F764FAA068BDE81040FFF706BF10BDCE
:10B1B00010B502698368126801680446C068984740
:10B1C000236900221A6010BD38B5CB681B7C022BA6
:10B1D00005460C4604D10A2802D10D20FFF7F4FFE2
:10B1E000236922681B68D5542269136801331360F0
:10B1F00023691A6863689A4202D12046FFF7D8FF94
:10B20000002038BD08B510B1F4F7EEFF80B208BDDC
:10B2100010B5047B438922442144B2FBF3F003FBC5
:10B220001022B1FBF3F003FB1010101A10BD10B583
:10B23000047B438921441019B1FBF3F1B0FBF3F017
:10B24000401A10BD30B5057B43892944B1FBF3F4A6
:10B2500003FB141101312A4401340180B2FBF3F1E4
:10B2600003FB1122848001324C1CC480428030BD1B
:10B270002DE9F74F00260746884614469946066092
:10B28000B2462378002B00F0BF80202B3AD0093B38
:10B29000042B37D93B685A1C3A6048F823403B6876
:10B2A0004B4500F0B18000262278002AE9D0A6B9EB
:10B2B000164623461C46272E04D05C2E25D0222E6F
:10B2C00040F096802046FFF79DFF611C0246204615
:10B2D00002F0C8F92278002AD3D0B242A34604F182
:10B2E000010420D15846FFF78DFF214602465846FB
:10B2F00002F0B8F99BF800605C46002ED9D1C0E797
:10B300000026BEE704F801ABBBE72046FFF77AFF53
:10B31000651C02462946204602F0A4F966782C46B0
:10B32000002EC8D1ADE75C2A9BF80120D3D1B242F0
:10B33000104608D15846FFF765FF21460246584699
:10B3400002F090F9B0E7302A25D1022300251BF83E
:10B350000300A0F13001C9B2072919D8ED0001336B
:10B36000EDB2052B45EA0105F1D1591E5944584665
:10B3700001930091FFF746FF019B0099023BC21A1F
:10B38000584602F06FF99BF801208BF80050A2E7B5
:10B39000DBB2022BE9D1782825D1022100251BF848
:10B3A0000130A3F13000C0B2092808D82D01EDB258
:10B3B0000543022901D00423D7E70321EFE7A3F1D6
:10B3C0006100052805D82D01EDB2573B1D43EDB2B4
:10B3D000EFE7A3F14100052803D82D01EDB2373B7B
:10B3E000F4E7022902D10BF1010474E70323BCE75F
:10B3F000202E85D0093E042E82D96678631C002E4B
:10B400007FF458AF1C463CE7304603B0BDE8F08FF0
:10B410002DE9F0410F4686B01646044670B103464A
:10B4200001AC00F1100518685968224603C20833C0
:10B43000AB421446F7D11868106001AC4FF0000819
:10B44000414632462046F7F7ABFC08F101080546B5
:10B4500028B129683846F4F7BDFE0028F0D1284607
:10B4600006B0BDE8F0810EB403B503AA52F8041B80
:10B470000192F7F781FC02B05DF804EB03B070476E
:10B4800038B50446B0F84450006810B1F4F7ACFE8B
:10B4900080B2401907D0638DB0FBF3F203FB1200BA
:10B4A000B0FA80F0400938BD704738B58468D4F8E8
:10B4B0006832B4F846502068C3F340035D4310B1CE
:10B4C000F4F792FE80B2638D2844B0FBF3F203FBE5
:10B4D0001200B0FA80F0400938BD10B5044680680B
:10B4E000B0F84420B0F846102030FFF7ABFEA0685B
:10B4F000FFF7C6FF20B16069BDE81040F7F7B2BCA6
:10B5000010BD38B5054680680C46B0F84610B0F856
:10B51000442020300C44FFF795FEA868A4B2B0F890
:10B52000461022462030FFF782FEA8682246B0F877
:10B5300046102030FFF76CFEAB68A3F8464038BDDC
:10B540008368B3F84610494209B2FFF7DABF83684F
:10B55000B3F84410B3F84630C91A09B2FFF7D1BFA7
:10B560008368B3F846301BB14FF0FF31FFF7C9BF16
:10B5700070478368B3F84620B3F844309A4202D249
:10B580000121FFF7BEBF70478068B0F84420B0F8D3
:10B5900046102030FFF756BE2DE9FF4105460F4605
:10B5A00014460026A4B904B0BDE8F081D3F86C229B
:10B5B0009207FBD5BFF35B8F03F51B7353E8001FA6
:10B5C00021F0020143E80012002AF7D1BFF35B8F9C
:10B5D000686803682246D3F80C80B91903ABC047EA
:10B5E000039A1644A41A002ADCD1AB6819790329FE
:10B5F000EED00229DAD84FF0FF304FF0FF31CDE91D
:10B600000001082103F51C7001F08FFFA86800F508
:10B610001C70082101F085FFDAE7FFF7BDBF114676
:10B6200040691A46F7F7A8BB0CB407B504AA4069ED
:10B6300052F8041B0192F7F79FFB03B05DF804EB8F
:10B6400002B070472DE9F0418768B7F84460B3183D
:10B65000FF2B05468846144626DCB7F84630F61A16
:10B660004A331F44B6B232463946381901F0FAFF60
:10B6700022464146384601F0E7FFAA68B2F8443056
:10B680002344A2F84430AB68B3F8442013440022AA
:10B6900083F84A20AB68D3F86812890706D4B3F858
:10B6A00046201444A3F84640BDE8F08131462846C0
:10B6B000BDE8F041F7F718BC38B505468068B0F82A
:10B6C0004620B0F84440A41AA4B29CB14A321044B7
:10B6D000411C224601F0C6FFAA68B2F84430013B83
:10B6E000A2F84430611E28460122BDE8384089B2E4
:10B6F000F7F7FABB38BD10B58368B3F844200446A9
:10B700005AB1B3F8463043B14FF0FF31FFF7F9FEBD
:10B710002046BDE81040FFF7CFBF10BD70B592B016
:10B720000023054601934FF47A7468680368402249
:10B730001E6902A901ABB047019B13B108B9013CD6
:10B74000F3D112B070BD0EB403B503AA52F8041BB6
:10B750000192F7F711FB02B05DF804EB03B07047FC
:10B760002DE9F843054690460F46002960D0002495
:10B770003B5D202B23D0093B042B20D93846F4F71E
:10B7800033FDAB68598D80B2001BA1EB08039842D2
:10B7900007EB040915D94846002610F8012B202A8A
:10B7A00006D0A2F1090CBCF1040F02D80A2A2ED04F
:10B7B000334608EB0602914228D90136EDE7013401
:10B7C000D6E74B460026B04208D168694946FFF7E4
:10B7D000BAFF6869BDE8F843F7F748BC13F8012BD6
:10B7E0000A2A11D16869FFF7E3FC32464946284628
:10B7F000FFF7D2FE013434446869F7F737FC41465D
:10B800002846FFF751FEB9E70136DCE71E466869B6
:10B81000FFF7CEFC324649462846FFF7BDFE3444CA
:10B820003B5D202B02D0093B042BE5D80134F7E720
:10B83000BDE8F88308B50020F5F7EAFB01F02CBF5E
:10B8400001F002BF01460068F7F706BE08B5F7F73A
:10B850009FFEBDE80840F7F7BFBE0023F6F780B8AB
:10B8600000210120F7F7F8BD6FF08500704761B641
:10B8700062B680F31188BFF36F8F704772B60023F2
:10B8800083F31188BFF36F8FBFF34F8F30BF62B662
:10B89000BFF36F8F704772B6002383F31188BFF335
:10B8A0006F8FBFF34F8F20BF80F31188BFF36F8F6F
:10B8B00062B67047202809D9B0F1004F08D8013886
:10B8C000B0FA80F0C0F11F004000704708207047B8
:10B8D0003E20704708B5D1E904319847002008BDE3
:10B8E00008B5F8F727FE002008BD0369C9B20C228D
:10B8F00001FB0233186C00F00700704770B5C9B245
:10B900000369EFF31185202484F31288BFF36F8F4E
:10B910000C2606FB0134246C14F0C00408D0A242AB
:10B9200006D085F31188BFF36F8F4FF0FF3070BDE5
:10B9300071430B4401221A6485F31188BFF36F8FA2
:10B9400043680B445B6898470020F0E78022FFF7CC
:10B95000D5BFF8B5069F0469C9B2EFF3118620255B
:10B9600085F31288BFF36F8F0C2569430C44256C57
:10B9700005F0070CBCF1010F0BD1276486F3118889
:10B98000BFF36F8FC4E90E2343685B5898470020CC
:10B99000F8BD05F0C005AF4286F31188BFF36F8F85
:10B9A0000CBF6FF077004FF0FF30F1E713B5802444
:10B9B0000094FFF7CEFF02B010BD10B40069CBB207
:10B9C0001C2403FB0400002110BC10471046FCF7A8
:10B9D0000BBE00F0EBBCFBF7F1BB10B50C4600F062
:10B9E000C6FF0023C4E90003184610BD38B505465C
:10B9F0000C4600F0BCFF002D07DBA84205D9401B18
:10BA000084428CBF0020012038BD0020FCE770B5C7
:10BA10000D462846194616461C46FFF7E7FF28B98B
:10BA200021462846BDE87040F8F79EBF24B1224663
:10BA30002946304601F008FE002070BD43685B686F
:10BA4000D3F810350B600020704743685B6802EA4A
:10BA5000010021EA0201C3F80805C3F80C15002013
:10BA6000704743685B680020C3F808157047436857
:10BA70005B680020C3F80C15704743685A68D2F819
:10BA8000043521EA03000B40C2F80805C2F80C3562
:10BA90000020704710B503695868F8B1884219D181
:10BAA0009C6808685860A14200D198600020086036
:10BAB0002AB15A680A609A68596002B999600020F0
:10BAC00010E0814206D10868206098688142EDD17B
:10BAD0009C60EBE7044600680028F2D1002AE8D118
:10BAE0006FF0150010BDFBF77DBC10B443681868FB
:10BAF000884215D95B6803EBC10453F83100237900
:10BB00000121994003691B68194203D122B9836856
:10BB10001B6903E0002AFAD18368DB6810BC184770
:10BB20006FF0150010BC704773B5456828688842EF
:10BB300006D9D31804D24FF47A74A3FB040313B1CB
:10BB40006FF0150010E0A2FB0432002AF8D16D68F6
:10BB50000E0105EB011163438A890092496804FBD9
:10BB600000F2A859F4F70CFD02B070BD2DE9F341C5
:10BB7000436815461A688A4217D95F6807EB0114B3
:10BB80004FEA0118A66864220023A5FB0601F4F71A
:10BB900007FBA28900920346616857F80800324605
:10BBA000F4F7EEFC02B0BDE8F0816FF01500F9E7A4
:10BBB00030B543681360057A446804EBC504A342BA
:10BBC00002D36FF0010030BD5C798C4201D00833A4
:10BBD000F0E70020F7E7704743685B6B0020C2E99D
:10BBE00000307047002201210420F8F721BA10B577
:10BBF0000B6813B91360184605E003685C681CB154
:10BC000014600368186810BD083303600B68013BBB
:10BC10000B60EDE70023F5F7A3BE13B501AA0446B8
:10BC2000FFF7C6FF002805DB019B22681979186819
:10BC3000F9F78CFA02B010BD03460A46006819797C
:10BC4000012303FA01F103691B68194218BF82F04E
:10BC5000010212B18368DB68184783681B69FBE740
:10BC600010B504460068D0B1037DC3B149B10121CC
:10BC70000830FFF7E1FF23681869BDE8104001F0C4
:10BC800002B912B98388DB0409D4006901F0FBF81A
:10BC900020680021BDE810400830FFF7CDBF10BD7F
:10BCA00010B5012200210446FFF7DAFFA36933B97A
:10BCB000636004F11000BDE81040FCF795BC10BDB6
:10BCC00010B50069C36A8B420AD1826A93420AD1D5
:10BCD00090F8844054B92830FFF7E2FF204610BDA9
:10BCE0006FF07700FBE76FF01500F8E76FF00F00DB
:10BCF000F5E738B505690446A96505F14800FCF784
:10BD000073FC002285F8842020691146BDE8384084
:10BD10002830FFF7A5BFF0B504694568226FA36F0F
:10BD200085B006467ABB002B4ED02D8EE06E676F35
:10BD30009D4228BF1D46636F5BB1A26F4AB107F0F9
:10BD40006042B2F1005F04D0082DD4F88C7028BF97
:10BD50000825E26EC4F880501AB1226F002A18BF7D
:10BD60002A4601921BB1A36F002B18BF2B460090EF
:10BD700069460022204603930297FBF7D9FE01464D
:10BD800018BB05B0F0BDE16E676F2D8E0846BBB1E4
:10BD9000934228BF13469D4228BF1D460029CAD0A2
:10BDA00001F06043B3F1005FC5D0082D28BF08251E
:10BDB000D4F888002A4601F047FCD4F88800BAE796
:10BDC000954228BF1546E9E71946304605B0BDE85B
:10BDD000F040FFF78EBFF0B587B001238DF8023039
:10BDE00002238DF804306B4403930E4601AB0DF132
:10BDF000030100270546029104930597FBF7E6FA35
:10BE0000041E0BDB03AA3146284600F0EEFB041E9D
:10BE100007DA9DF803102846FBF7D2FA204607B050
:10BE2000F0BD3C46FAE7F8B50C46054600F09DFD2E
:10BE3000002221460646284600F042FD0321204606
:10BE4000F9F736FF00F023F807462B689B5953B1EA
:10BE500000262146284600F086FD20460121F9F7FC
:10BE600027FF3046F8BD00F012F8C01B0628ECD9B9
:10BE70006FF07306EDE700F150039B009BB203F1F6
:10BE8000804303F5883300221A601B68704708B5A9
:10BE9000F9F7A4FF08BD4FF0FF30704708B50069FF
:10BEA00090F834308B4207D990F835303BB1C9B2A5
:10BEB000FBF758FF002008BD6FF01500FBE76FF09F
:10BEC0000A00F8E71FB5046900230193CA0703932A
:10BED000236B02935CBF012301938B0758BF019B27
:10BEE00001A958BF43F00803204658BF019300F052
:10BEF00012FF002806DB204600F01CFF012384F817
:10BF00003530002004B010BD10B484682468A44605
:10BF100010BC6047436820330B60012313607047F7
:10BF20000023F5F71DBD0A46014651F8040B002316
:10BF3000FFF7EABF70B505694668044605F11000D1
:10BF400001F0D4F84FF0FF334FF0FF322846FCF7F2
:10BF50007FFB95F840303BB1B28F6068AB21FAF7B8
:10BF600065F9002385F8403070BD10B50446FCF734
:10BF70003BFB04F110004FF42032BDE810400023D9
:10BF8000FCF736BDF8B5466B04467768A0F110059E
:10BF90004FF0FF334FF0FF322846FCF759FB7A8F02
:10BFA00070687921FAF742F9012384F83030284685
:10BFB000BDE8F840FCF718BB13B5044660680DF106
:10BFC0000601FAF7C9F918B9BDF806301B06F5D510
:10BFD00002B010BD30B48468A56813464DB9256819
:10BFE00055B1626842B113B12B4630BC184730BC22
:10BFF00010472B4630BC18476FF0570030BC7047D5
:10C00000F0B50022D0F8D84200F1180315461046CA
:10C01000A24203D108B101230375F0BD19461D7575
:10C0200028B11F7A067AB7428CBF19460146013201
:10C0300018330846ECE7FCF787BA2DE9F04F0A6998
:10C040000C6818255543671989B03B7C0646002BC0
:10C0500077D04B68C868013B9A4234BF05F1180B92
:10C060004FF0000B04EB0B0A01F0A8F9635904939D
:10C07000884654F80B300690D7E90241C90305936E
:10C080004FF47A720023E00341EA5441F4F788F850
:10C09000DAF804A0D7F804900B46054600274FF0C5
:10C0A000640BFA00049CC2F12000A2F12001D440EC
:10C0B00009FA00F029FA01F104430C4331680391B5
:10C0C000DDF814C00793C2F12000A2F120010AFAA2
:10C0D00000F02CFA02F202432AFA01F10A43D2B22A
:10C0E000E1B2521A0699691A63EB080CD01702FBE9
:10C0F0000CFC01FB00CCA2FB010161442A46F3F7D2
:10C10000FFFF2218D2B212FB0BF2FF230398B2FBFF
:10C11000F3F23946D2B2FFF75DFF18B90137082FA5
:10C12000079BBED14FF0FF324FF0FF33CDE9002324
:10C1300006F5387084220023FDF7EAFB09B0BDE85C
:10C14000F08F7F6854F805801C466425D6F800906F
:10C15000E000C0F12002A0F1200307FA02F228FA61
:10C1600000F0104327FA03F3184300F0FF00FF220A
:10C170000023A0FB0501F4F713F82146C2B248469C
:10C18000FFF728FF0028D9D10134082CDED1D5E7EC
:10C190002DE9F7430546466B371D0022002338463C
:10C1A000FCF75AF900280DDA4FF0FF324FF0FF3359
:10C1B000CDE9002328460A220023FDF7A9FB03B09E
:10C1C000BDE8F08355F8084C236962680133934257
:10C1D000236103D3637A63B3002323612369226855
:10C1E000182101FB0322D2E902310029BCBF002340
:10C1F0001946C90341EA534140F2E732DB0398187C
:10C2000041F100014FF47A720023F3F7C9FF0246AF
:10C210000B464FF0FF384FF0FF39CDE90089284633
:10C22000FDF776FB237D73B121463046FFF705FF0E
:10C2300009E0237D1BB106F5387001F0EDF82146C9
:10C240003046FAF75BFB384603B0BDE8F043FFF732
:10C25000F2BE73B50446A0F53775002200232846C8
:10C26000FCF7FAF800280CDA4FF0FF324FF0FF33FA
:10C27000CDE9002320460A220023FDF749FB02B046
:10C2800070BD00231822A4F52D7002FB03F1465C5B
:10C290005EB1A4F5387018310144FFF7CEFE284690
:10C2A00002B0BDE87040FFF7C6BE0133082BECD1E9
:10C2B000F5E7FDF7C9BB08B5F6F7BAFFF7F78EF853
:10C2C000BDE80840FDF7C0BB03460020184700F05A
:10C2D000DABD10B502461168B1B1BFF35B8FB1FA98
:10C2E00081F3C3F11F000123834021EA030352E8D5
:10C2F000004F8C4204D142E8003CBCF1000FF6D163
:10C30000BFF35B8FE7D110BD6FF00B00FBE710B5FB
:10C310000368CB40DB0714D401238B400268BFF3D2
:10C320005B8F43EA020150E8004F944204D140E899
:10C33000001CBCF1000FF6D1BFF35B8FEED10020E3
:10C3400010BD6FF01500FBE710B1012802D0704757
:10C35000FAF734BFFAF7E4BE18B1012803D100F0B0
:10C360000AB800F023B8704708B5FAF7F5FEBDE843
:10C370000840FAF763BFFAF799BE38B54FF080442A
:10C380000223C4F808330123E3600023C4F8043116
:10C39000D4F8043142F21075D4F81834DB0304D514
:10C3A0000120FFF794FF013DF6D138BDFFF7E5BF4F
:10C3B000F7B5019001A8DDE9084716461D46FAF7D2
:10C3C00075FF019BB6F1000C18BF4FF0010C00EB9C
:10C3D00083000B1E18BF0123002D43EA4C0314BF3A
:10C3E0004FF00C0C4FF0000C002C43EA0C0314BF70
:10C3F0004FF4E06C4FF0000C002F43EA0C03D0F830
:10C40000002714BF4FF4403C4FF0000C43EA0C03EC
:10C4100022EA030301B109780EB136787600194398
:10C420000DB12D78AD0031430CB12478240229439D
:10C430000FB13F783F040C433C43C0F8004703B0C2
:10C44000F0BD1FB50DF10F03019300238DF80F1000
:10C4500000931A461946FFF7ABFF05B05DF804FBE1
:10C4600010B504460846FAF731FF04EB4004A08AF1
:10C47000C0F3401010BD10B504460846FAF726FF79
:10C4800004EB4004A08AC0F3400010BD10B5044680
:10C490000846FAF71BFF04EB4004A08A400B10BDCE
:10C4A00070B5044608461646FAF710FF08300D46E8
:10C4B00034F81030DA0509D5C3F3432304EBC30283
:10C4C000314654F83330526828469847A3682BB158
:10C4D000E26831462846BDE87040184770BD10B587
:10C4E00004460846FAF7F2FE00B204EB4000838AE5
:10C4F000DA051DD5C3F3432123F4F853838204F1F5
:10C50000120204F1720032F8023F13F4807F03D06C
:10C51000C3F3432399420BD08242F4D104EBC1030D
:10C5200000225A6004F17800BDE81040FFF7EFBE2A
:10C5300010BD10B50446FFF793FF40B12046FFF74A
:10C54000A5FF00B2800000F5807080B210BD4FF4EE
:10C55000BE70FBE7F0B5034600F580740020054689
:10C560000127844695420AD1D3F87C2132B10022BA
:10C57000C3F87C21D3F87C3140F00040F0BD25F0B9
:10C58000404607FA06F6314209D0D4F800E0BEF181
:10C59000000F04D0C4F800C0D4F800E030430135E7
:10C5A0000434DFE738B504460D46FFF759FFB0B154
:10C5B0002046FFF760FF90B92046FFF767FF22682B
:10C5C00001238340C2F80833236800B203EB8003E1
:10C5D000D3F8102522F00302C3F8102538BD2846F1
:10C5E0000021BDE83840FFF72CBF2DE9F043174686
:10C5F00085B004460846FAF769FED7F800800E4673
:10C600000546B8F1000F1FD02046FFF734FF18B1E0
:10C610002046FFF725FF30BB0023CDE900338DF81E
:10C620000E308DF80F300DF10F0243460DF10E0163
:10C630003046FFF7BDFE2AB204EB4202938A23F094
:10C64000020343F0010393827B68002B34D0314610
:10C65000204693F80080D3F80490FFF70CFF28B130
:10C66000B9F1000F1FD06FF0150028E028B204EBDD
:10C670004000838A23F4604323F020038382B9F1CE
:10C68000000F10D0B8F1030FEDD87B6821685B680C
:10C6900093F800C001EB8C01B8F1000F12D1C1F882
:10C6A0001085C1F810852AB204EB4202938A23F068
:10C6B0001C0343EA88039382BB684BBB002005B090
:10C6C000BDE8F083D1F8102522F00302C1F810254F
:10C6D000226802EB8C03D3F8102522F44F3222F4A7
:10C6E0004072C3F810253202D3F8101502F47C52C0
:10C6F00042EA08420A43C3F8102504EB4C03A3F8AE
:10C700007C60838A43EA4C3343F020038382CAE788
:10C71000D3E9007831462046FFF7E1FE002FCDD067
:10C7200063689F4206D004F17800FFF7D2FD00282D
:10C7300004DAC4E7A3689845F5D1002004EBC003F0
:10C74000C3E901782DB204EB4505C0B2AB8A43EAD8
:10C75000402343F48073AB82B0E72DE9F0430546F4
:10C7600085B0084617461E46FAF7B0FD0C468046CF
:10C7700037B32846FFF77FFE18B92846FFF770FE4B
:10C7800028BB0FFA88F905EB4909B9F8143013F002
:10C790001C0F02D07B78012B19D001238DF80F30AC
:10C7A0000023CDE900737A1CBB1C0DF10F0120465C
:10C7B000FFF7FEFDB9F8143043F00303A9F8143075
:10C7C000002E41D021462846FFF755FE20B96FF0D4
:10C7D000150005B0BDE8F08337782B6803EB8703BD
:10C7E0000022C3F81025C3F810250FFA88F205EBD4
:10C7F00042024FEA870C938A23F4604323F020031C
:10C800009382707800B32968B67861440004D1F847
:10C81000103523F4991323F4F853C1F8103523028B
:10C8200000F4403003F47C5303433005D1F8105535
:10C8300000F4801003432B43C1F81035938A43EA78
:10C84000473343F0200393820020C2E7C0E903127C
:10C85000704770B504461546FFF702FE48B108461A
:10C86000FAF734FD04EB40040020A38A5B0B2B7025
:10C8700070BD6FF01500FBE738B590F88C400546A9
:10C880009CB960222146143000F006FF2868C0F8E9
:10C890007C41D0F87C3140F30730F7F799FB012356
:10C8A00085F88C30AB67204638BD6FF07700FBE72A
:10C8B00090F88C00003818BF01207047FAF742BD8D
:10C8C0002DE9F34104461746FFF7CAFD0D462668D9
:10C8D00000B32046FFF7CFFD8046D8B92046FFF7CA
:10C8E000D5FD05B2AD0005F5807246F802802168DD
:10C8F000B2582944D1F8102542F00102C1F81025A0
:10C900002FB12168012202FA00F3C1F8043302B00A
:10C91000BDE8F081D6F80433002BA4BF4FF00043EC
:10C92000C6F804332846FAF7D1FC04EB4004A38A86
:10C93000C3F38203042B12D0052B12D001A801955A
:10C94000FAF7B4FC019BD0F81015D94001F00101B1
:10C950000231284602B0BDE8F041FFF772BD032165
:10C96000F7E70221F5E7FFF71DBEFFF7E2BD4FF045
:10C9700080531A695869504370474FF080531869C3
:10C9800070474FF080535869704730B502240C72DD
:10C99000CA6004680125C4F80055096879B112F02D
:10C9A000040F0CBF82219221150748BF41F02001DE
:10C9B000D406046848BF21F08001C4F800139B002E
:10C9C0000168083312F0800006BF0122CA50C8185F
:10C9D00030BD30B5A2F58075AD080124AC400C42E5
:10C9E00007D0815829B10021815082581A6822430A
:10C9F0001A6030BD13B500230C4601934FF48872C2
:10CA000001ABFFF7E6FF21464FF48A72FFF7E1FF23
:10CA100021464FF48E72FFF7DCFF21464FF48272FD
:10CA2000FFF7D7FF21464FF48472FFF7D2FF21466C
:10CA30004FF48672FFF7CDFF4FF48C722146FFF75B
:10CA4000C8FF019802B010BD10B54368044633B961
:10CA500000680221FFF7CEFF08B101232373207B7A
:10CA6000023818BF012010BD70B5067B044656B9C8
:10CA7000C0E9012319B10B7F0375FAF7E1FD01232A
:10CA80002373002070BD6FF07700FBE770B40C4695
:10CA9000014615461A4651F8043B2668C3F820653E
:10CAA000A688C3F82465A668C3F82865E668C3F8B5
:10CAB0002C6503682668C3F84065A688C3F84465FA
:10CAC000A668C3F84865E468C3F84C45046805F0F7
:10CAD000010303EB5505C4F81455D4070CD412F028
:10CAE000020403D0002B14BF082404240568C5F8F1
:10CAF000004270BCFFF749BF1024F7E710B5036888
:10CB00000022C3F800220368012204465A6051B192
:10CB10002046FFF799FF0028FAD023680022C3F8C7
:10CB20000025012323732046BDE81040FFF78CBF8A
:10CB3000FFF78ABF70B5B22104460068FFF75AFFBD
:10CB4000C306054607D523695E0704D5636813B19C
:10CB5000A16801209847A80607D52369190704D5BD
:10CB6000636813B1A168022098472A0607D5206997
:10CB700010F0100003D163680BB1A1689847AB07B0
:10CB80000CD523680022C3F80025012323736368B2
:10CB900023B1A1680320BDE87040184770BD70B58F
:10CBA000A2F58074A408012606FA04F4054614EAE6
:10CBB000010008D0A85830B10021A950AA581A681D
:10CBC00022431A60304670BD2DE9F341002304462C
:10CBD0000D460193904601AB4FF4A672FFF7DFFFBD
:10CBE0004FF4827229462046FFF7D9FF4FF48C722A
:10CBF000074629462046FFF7D2FF064630B1B8F176
:10CC0000000F1DD017B1D4F83C353E4601AB4FF4B0
:10CC1000887229462046FFF7C2FF30B1B8F1000FF5
:10CC200003D016B90FB1D4F83C3501AB4FF4907274
:10CC300029462046FFF7B3FF019802B0BDE8F08116
:10CC40004646E3E707B5019001A8FAF781FD019A8E
:10CC500001239340C0F8083503B05DF804FB07B525
:10CC6000019001A8FAF774FD019A01239340C0F8DE
:10CC70000C3503B05DF804FB38B504461D4694F846
:10CC800020309BB979B14869FAF7B2FD88B1C4E99F
:10CC900001252046FAF704FE0020012384F8210034
:10CCA00084F8203038BDC4E90125F5E76FF077003E
:10CCB000F8E76FF01500F5E738B5D1E90051044603
:10CCC0000023C8034FF47A72490CF3F769FA23681A
:10CCD000C3F80C55C3F80405A36863B124680023A6
:10CCE000C4F8003144F30730D4F80031F7F770F995
:10CCF0000123C4F8043338BD38B5C0E902234379B1
:10CD000033B90123437109B1FFF7D6FF002038BDC5
:10CD10006FF07700FBE708B543792BB1022B06D003
:10CD2000FFF7CAFF002008BD6FF07600FBE76FF049
:10CD30000F00F8E7036801221A600223437170476D
:10CD400010B5EFF31184202383F31288BFF36F8FA4
:10CD50000379072B11D80B7001330371026809782E
:10CD6000D2F8080501238B400343C2F808350020A0
:10CD700084F31188BFF36F8F10BD6FF00B00F7E7DE
:10CD80000368D3F80414D3F800214AB10022C3F891
:10CD90000021D3F80031D0E902324FF480701847F7
:10CDA00070470369C26893429CBF81685B18013B6E
:10CDB000981A70472DE9F041D0E902840546A8EBA6
:10CDC00004064068964220440F46144404D900F0FB
:10CDD0003BFCEC60BDE8F0813246A4EB080400F0B7
:10CDE00033FC68682246B919F1E72DE9F843C568B4
:10CDF0000646894617464FF000083369B4687068E4
:10CE00009D4228BF1B19641BBC4203F1FF3328BF9E
:10CE10003C465B1B9C4228BF1C4649462844224690
:10CE200000F012FCB3682544AB4208BF00253F1B4D
:10CE3000A044A144F560E0D14046BDE8F883F8B5D0
:10CE400004460E46174600F011F83A4605463146AC
:10CE50002046FAF7C1FF0446284600F00FF82046A6
:10CE6000F8BD08B5FBF7CAF8002008BDEFF3118044
:10CE7000202383F31288BFF36F8F704780F31188EC
:10CE8000BFF36F8F704708B1F7F786BB704710B5D7
:10CE9000436904463BB90020E268537843F001033C
:10CEA0005370404210BD98470028F4D00028B8BF06
:10CEB0004042E368FF28A8BFFF201870ECE740B1AC
:10CEC000C368587810F001001EBF1878B0FA80F0DF
:10CED00040097047EFF31183202383F31288BFF3D7
:10CEE0006F8FFEE74169826842EA010313F0030392
:10CEF0000FD1C3600369013B03FB0122002B01DA60
:10CF000000207047C16811604169C260013B521A3C
:10CF1000F4E76FF01500704710B5C0E90432002344
:10CF2000816083610446FFF7DDFF0028A8BFC4E9E4
:10CF3000004410BD2DE9F04105460F46EFF311887E
:10CF4000202383F31288BFF36F8FC668FEB904688D
:10CF5000A0421CD0DCB1D4E9003213605A60637B7C
:10CF6000A66023F002036373C4E9006604F11800AD
:10CF700000F0FCF92046C4F8BC60276100F01CF901
:10CF8000414605F10800BDE8F041FCF71BB83E60E2
:10CF9000AB69EF60013BAB6188F31188BFF36F8F22
:10CFA000BDE8F08108B52024EFF3118384F31288E3
:10CFB000BFF36F8FFEF762FCF6E790F90E308B42FD
:10CFC00001D0FBF78DBF0020704703460020C3E966
:10CFD0000200C3E9003370473AB18A4205D3C0E981
:10CFE0000212C0E90000002070476FF01500704782
:10CFF000026801238B4022EA0303036022FA01F056
:10D0000000F00100704710B5032104460C30FFF713
:10D01000EFFF30B104F1100000F0A8F9B0FA80F091
:10D02000400910BD20B100221146CC3000F042B9B9
:10D03000704770B5C368C3F340069B07044616D417
:10D04000856802210C30FFF7D3FF80B1D5F8C420EA
:10D050006AB194421DD122689EB9D5F8C830C5F88E
:10D06000C4209C4201D1C5F8C82000232360E36896
:10D0700013F01F001EBF43F00203E36040F0020004
:10D0800070BD3260D5F8C820944208BFC5F8C860AA
:10D09000EBE716461268DBE773B50446EFF311853C
:10D0A000202383F31288BFF36F8F0023A0F11006B3
:10D0B000032104380193FFF79BFF28B1A369019373
:10D0C00001A93046FBF7CAFB85F31188BFF36F8FC8
:10D0D00002B070BD38B5302204460D46002100F084
:10D0E000DBFA4FF480736560E36038BD38B5044601
:10D0F000EFF31185202383F31288BFF36F8FFFF7BF
:10D1000082FF2046FFF795FF85F31188BFF36F8FED
:10D1100038BDEFF30580003818BF01207047843018
:10D12000704710B500238B4202D11360002010BD60
:10D13000C45CAA2CF9D10133F5E70A46D0E92901EC
:10D14000FFF7EFBFD0E9003213605A600023C0E957
:10D150000033704708B5FFF7F5FF437B23F0020368
:10D1600043730023836008BD38B504460D46FBF7C2
:10D17000ADFD637B43F002036373E5B1A5602B68EB
:10D180009D4209D16B68C4E900531C606C6012E0D9
:10D190006A689A42F6D01B68002BF3D094F90E20EF
:10D1A00093F90E108A42F3D09142F1DD5A68C4E936
:10D1B000003214605C6038BD10B5EFF31184202399
:10D1C00083F31288BFF36F8FFBF73EFD84F3118862
:10D1D000BFF36F8F10BD08B5EFF31181202282F3EA
:10D1E0001288BFF36F8F83680BB1FFF7B3FF81F332
:10D1F0001188BFF36F8F08BD38B5EFF3118420237A
:10D2000083F31288BFF36F8F90F86C50427B00233A
:10D2100080F86C302DB121B184F31188BFF36F8F8A
:10D2200038BD12F0280FF7D183680BB1FFF792FFDA
:10D23000437B23F004034373FBF706FDECE7012176
:10D240001838FFF7D9BF08B50346EFF31181202244
:10D2500082F31288BFF36F8F0068834207D008B152
:10D26000FFF778FF81F31188BFF36F8F08BD0020AF
:10D27000F8E770B505460E46FBF77CFFB6F1FF3FB9
:10D2800008BFB5F1FF3F0446284612D04FF47A712B
:10D2900047F6FF730022C4FB0132D80B40EA42403C
:10D2A000B0F1004F4FEAD23272F1000228BF6FF0A6
:10D2B000004070BD38B5EFF31185202383F3128849
:10D2C000BFF36F8F0468A04213D0A4B1C4F8BC10A0
:10D2D00022612046FFF73EFF04F1180000F046F8F7
:10D2E0002046FBF7B1FC012085F31188BFF36F8F57
:10D2F00038BD0020F8E72046F6E72DE9F041054665
:10D300000E461746EFF31188202383F31288BFF3EC
:10D310006F8F0468A0420FD1002088F31188BFF3FB
:10D320006F8FBDE8F08139462046B0470028F4D120
:10D330006B68A342F0D02468002CF4D1ECE708B568
:10D340000246FCF715F970B1D0E904319B1A61EB84
:10D35000E272B3F1004F72F1000104DA002AACBFAF
:10D360001846002008BD6FF00040FBE738B50246C4
:10D37000EFF31185202383F31288BFF36F8F0368C7
:10D38000CBB1FCF7F5F804461046FCF703F9002290
:10D390004FF000438442C0E9042306D1FCF7F0F8C3
:10D3A000FFF7CDFF0021F8F785FE002085F31188F7
:10D3B000BFF36F8F38BD6FF01500F7E770B5EFF36F
:10D3C0001186202282F31288BFF36F8F036873B136
:10D3D000FCF7FCF804460D46FCF7D2F80346201A89
:10D3E00065EBE37186F31188BFF36F8F70BD18464C
:10D3F0001946F7E708B5FCF7F1F908BDFCF7EEB9F7
:10D400000023C0E9081200F11802C0E90622C0E9B1
:10D41000003303634363704710B50446FFF7A6FF6C
:10D42000A8B9636A0BB12046984704F11800FFF7CA
:10D430000AFF60B1FFF7C0FEEFF31180202383F3F2
:10D440001288BFF36F8FBDE81040FBF7EBBD10BD36
:10D450002DE9F3470446DDE90A9815460E4659B30F
:10D4600002F0010AFBF7E6FE0746EFF311812023E5
:10D4700083F31288BFF36F8FA80744BF0023A36014
:10D48000A36803EA0600BAF1000F0CD086420CD163
:10D490006A0744BF8343A36081F31188BFF36F8F92
:10D4A00002B0BDE8F0870028F2D159EA080305D19F
:10D4B00081F31188BFF36F8F0020F1E7C7E9196589
:10D4C0002246CDE9009804F10C00FBF7E7FC0028A8
:10D4D000F2D1786EE4E710B5D0E919424B6812F04A
:10D4E000010F03EA040301D09C4210D17BB14366D3
:10D4F000520744BF8A681A430B6848BF8A600366B4
:10D500000123086080F86C301830FFF72FFF0020EF
:10D5100010BD0023C0E90000836070470A46FCF795
:10D520002FBA0A460021FCF72BBA5200FFF790BF32
:10D53000704710B400F10C04C0E9034410BCFCF7C0
:10D54000EBBF10B501390244904201D1002005E043
:10D55000037811F8014FA34201D0181B10BD013010
:10D56000F2E710B50139044632B111F8013F00F875
:10D57000013B013A002BF7D1002100F08DF8204645
:10D5800010BD10B5024601448A42134603D01C78F0
:10D590000132002CF8D1181A10BDF0B5C3F13707CD
:10D5A0000446FFB203F01F031046082BE6B233D047
:10D5B000102B3ED06508A40844EA817445EAC17581
:10D5C0002D194FEA910242EB5102290941EA0271F9
:10D5D0006D1842EB1212290A41EA02616D1842EB02
:10D5E0001222290C41EA02416D1842EB1242AD1899
:10D5F00042F10002EC0844EA4274D10804EB8402D0
:10D60000A6EB4205EDB2092D0CD90134A5F10A05AE
:10D6100041F10001EDB212E0E40844EA417406F081
:10D620000705C908303554EA010200F8015BBCD196
:10D63000F0BD240944EA017406F00F050909092D1B
:10D6400084BFED19EDB2EDE70A44914200F1FF33DA
:10D6500000D1704710B511F8014B03F8014F91420A
:10D66000F9D110BD884210B501EB020402D9844201
:10D67000234607D8431EA14208D011F8012B03F816
:10D68000012FF8E7024401468A4200D110BD13F889
:10D69000014D02F8014DF7E702440346934200D1E1
:10D6A000704703F8011BF9E7D1E9043293421EBF2A
:10D6B0005A1C0A61187070470148006870470000E2
:04D6C000BC24002066
:08D6C400102BFF7F01000000A4
:10D6CC008145000000000000000000008CD7000025
:10D6DC0063CE000000000000D983000000000000B1
:10D6EC00F99900000000000000000000A8D700001D
:10D6FC0000000000C4D70000F1480000000000004A
:10D70C00B3C200000000000000000000E0D70000E1
:10D71C00515F000000000000BD120000000000007E
:10D72C0055250000000000005D45000000000000D1
:10D73C00B7C20000000000001D9A000000000000AD
:10D74C000000000018D8000000000000FCD700000A
:10D75C000000000034D800000000000050D8000089
:10D76C00000000006CD800000000000088D8000009
:10D77C001532000000000000796900000000000074
:10D78C0066F200007CDE0000B8DA00009405002090
:10D79C00F0240020554600000000000048F3000073
:10D7AC009CDE00003CDA0000980500205C2500207F
:10D7BC00914D00000000000056F30000B0DE0000A8
:10D7CC003CDA00009A05002068250020914D0000ED
:10D7DC00000000009EF7000000000000A8DA000026
:10D7EC00A4050020E8040020C56100000000000032
:10D7FC0024F300000000000024DA0000960500204D
:10D80C0000000000B149000000000000F7F4000027
:10D81C003CDF000098DA0000A0050020380400204E
:10D82C00ED5200000000000083F7000098DF0000BC
:10D83C00A0DA0000A205002058040020A155000029
:10D84C000000000021F9000004E0000048E00000A6
:10D85C00A605002000000020E1630000000000008D
:10D86C00E2F30000C4DE000060DA00009C0500203A
:10D87C00000000004D4F0000000000001FF40000ED
:10D88C00F4DE00007CDA00009E05002000000000A1
:08D89C0095500000000000009F
:10D8A40069C30000C9C200000000000061B80000A4
:10D8B4000000000061B800000000000061B8000032
:10D8C40058040020F57C00000000000061B800004E
:10D8D400A8030020E7BA00000000000061B80000BF
:10D8E4000000000061B800000000000061B8000002
:10D8F4000000000061B800000000000061B80000F2
:10D904000000000061B800000000000061B80000E1
:10D914000000000061B800000000000061B80000D1
:10D92400E804002081CD000000000000E15F000059
:10D934000000000061B800000000000061B80000B1
:10D944000000000061B800000000000061B80000A1
:10D954000000000061B800000000000061B8000091
:10D964000000000061B800000000000061B8000081
:10D974000000000061B800000000000061B8000071
:10D984003804002035CB00000000000061B800001E
:10D994000000000061B800000000000061B8000051
:10D9A4000000000061B800000000000061B8000041
:10D9B4000000000061B800000000000061B8000031
:10D9C4000000000061B800000000000061B8000021
:10D9D4000000000061B800000000000061B8000011
:10D9E4000000000061B800000000000061B8000001
:10D9F4000000000061B800000000000061B80000F1
:10DA04000000000061B800000000000061B80000E0
:10DA14000000000061B800000000000061B80000D0
:10DA24000FBA00004D4B00005D4A00006149000040
:08DA3400DBB9000051490000BC
:10DA3C00CD4D00003DBA00004BBA000063BA0000A7
:10DA4C006FBA00007BBA0000414C000095BA000090
:04DA5C0000000000C6
:10DA60000000000000000000EBBA00000000000011
:10DA700000000000000000000000000000000000A6
:10DA8000000000006DBB000029BB0000000000008A
:08DA900000000000000000008E
:08DA9800D9530000D9BB0000C6
:08DAA00009580000C1BC0000A0
:10DAA800C5BE000097BE0000556100009DBE000085
:10DAB800AD4600004DB90000ADB9000000000000FF
:0CDAC800EBB800000000000000000000AF
:10DAD4005EE300000300000081F200000300000088
:10DAE40060F90000030000003EFA0000030000009B
:10DAF4002EF900000300000028FB000003000000D2
:10DB04002DEC0000030000003EF3000003000000C1
:10DB1400ECF300000300000028F400000300000000
:10DB2400ABE3000003000000AFE3000003000000CB
:10DB340099E2000004000000CFF10000030000009F
:10DB440088FC00000300000004F50000030000004E
:10DB54009BEA00000300000095EA000003000000B7
:10DB640062F200000300000090F7000003000000D0
:10DB740098E3000003000000B0F700000300000079
:10DB840054DD0000E41C002004E500000100000056
:10DB94008DE80000700300200C1D00200000000030
:10DBA40002000000F0DD0000081D0020000000005D
:10DBB400280600209BEA00005818002080610020FD
:0CDBC40004DE000080DD000068E00000CE
:10DBD0000000000000000000000000000000000045
:10DBE0000000000041E5000048E5000000000000E2
:10DBF0003D210000000000003CE7000046E7000077
:10DC000000000000C12100000300000065E70000E3
:10DC10006CE7000094DD000011AF00000000000080
:10DC200077E500007DE500000000000059210000BC
:10DC30000200000098E700009FE7000070DC000091
:10DC4000000000000000000003E600000AE60000FB
:10DC500000000000990400000101000061E60000DE
:10DC600069E6000000000000A9210000000000009B
:10DC700000000000000000000000000000000000A4
:10DC80000000000071EA000076EA000000000000D9
:10DC9000F1240000020000008EE8000093E800007C
:10DCA00000000000652200000000000010EA0000F3
:10DCB00017EA0000000000008D24000002000000B0
:10DCC00034E900003BE90000000000005923000097
:10DCD00000000000ADE90000B5E900000000000010
:10DCE00029240000020000000000000000000000E5
:0CDCF00000000000000000000000000028
:10DD00000338FDD870470000180800200004000008
:10DD100083AD000025AD000002000000A7AE0000AA
:10DD200000000000000000000000000000000000F3
:10DD300000000000000000000000000000000000E3
:10DD400000000000D5E40000D9E40000DDE400009C
:10DD5000E1E40000411F0000351F0000651F0000C6
:10DD6000F91E000000000000ED1E00000000000091
:10DD7000C11F0000EC1C0020C02700200100000093
:10DD800014E500001BE50000D0DB000000000000EF
:10DD90000000000098DD000074E7000079E7000053
:10DDA0000000000011AF00000000000086E7000046
:10DDB0008BE700000000000019AF00000000000029
:10DDC0000000000000000000000000000000000053
:10DDD000000000003A0000007925000067AF000055
:10DDE0003DAF0000C12500002DAF00000000000085
:10DDF000D93800201E0000001BB6000094DB000094
:10DE00006803002021EC0000ECEB000000000000A3
:10DE1000592D0000010000000000000035B800008E
:10DE200090030020880300208003002000000000F1
:10DE300078030020493300003D3200009132000099
:10DE4000F1320000000000200000000000000B067E
:10DE50000200000058DE00000000000053F2000045
:10DE600026000202000000205BF2000022000B11DD
:10DE700011460000E145000000000000614700007D
:10DE8000E146000075F20000D7B90000D3B90000E8
:10DE90007BF200000400000000FF0000FFFF000014
:10DEA00000030050A8030020000000000100000053
:10DEB000FFFFFFFF00000050A8030020000000004B
:10DEC0000000000005000000CCDE0000A8D7000024
:10DED0000D000000A8D700000B000000A8D700002C
:10DEE0000C000000A8D7000004000000A8D7000024
:10DEF0000500020004000000FCDE000018D800004D
:10DF000002000000002D31010000000018D80000C0
:10DF100000000000002D31010000000018D80000B2
:10DF200001000000002D31010000000018D80000A1
:10DF300003000000002D310100000000000000007F
:10DF400000000000000000000000000000000000D1
:10DF500000040000E803020101010000B4270020D2
:10DF600004000000000000000000000074DF00005A
:10DF70000024F40000C0014080DF00000100000028
:10DF800088DF0000040000002B0000162C000017A2
:10DF90002D0000182400001900127A000000000073
:10DFA0000000000000000000FFFFFFFF0000FF0076
:10DFB0000000000000000000000000000000000160
:10DFC00001000000E5BB0000FFFF0000DCDF0000F7
:10DFD00000000000FFFFFFFF0000000000400040C5
:10DFE000E8DF000001000000F0DF00000300000097
:10DFF000160000042000000518020006C4D7000027
:10E000001700010034D80000C0E1E4000001000066
:10E01000C4D700001700010000000000010000004C
:10E0200000000000008000000001000000008000EF
:10E0300000000400000800000008000100000300C8
:10E040006400011F280000009D62000015680000A8
:10E0500069660000256200000000000015BF000096
:10E060000100000000FF000064F90000F0F900006A
:10E070007CE00000016A00000000000080E0000079
:10E08000FEF9000005FA000000000000296A000007
:10E09000030000000000000000000000000000007D
:10E0A0000000000000000000080000000300000065
:10E0B00011FC00001FFC000033FC000042FC0000CB
:10E0C0004EFC0000CCD60000CCD600001CD70000CF
:10E0D00024D700007CD700008CD700008DFC000006
:10E0E00001000500B7FC00000200070093FC0000DF
:10E0F000040008009CFC000008000400A1FC0000D3
:10E1000010000900ABFC000020000800B4FC000077
:10E1100040000A00BFFC000080000600C6FC0000B2
:10E120000001000000000000FF8FFFFFFF8FFFFFD6
:10E13000FE8FFFFFFE8FFFFFFD8FFFFFFC8FFFFFB6
:10E14000FC8FFFFF6D757465785F6672656520638F
:10E15000616C6C65642077697468204E554C4C2066
:10E16000706172616D6574657200000043616E27B5
:10E170007420696E697469616C697A65206D757463
:10E1800065782C20776173204E554C4C0D0A0000A9
:10E19000436F756C64206E6F74206C6F636B2070BE
:10E1A0006F7765722073617665206D757465780090
:10E1B00025733A204275696C642074696D653A2054
:10E1C0004D617920203420323032362031363A32D7
:10E1D000333A30370025733A2043616C6C2060631A
:10E1E00074725F77646F675F7365745F74696D6580
:10E1F0006F757460206661696C65643A20256400FF
:10E2000025733A2043616C6C20606374725F77649D
:10E210006F675F696E7374616C6C60206661696CB6
:10E22000656420286D5F77646F675F636832293AA1
:10E230002025640025733A2043616C6C2060637470
:10E24000725F77646F675F73746172746020666178
:10E25000696C65643A2025640025733A20416C6935
:10E2600076650025733A2043616C6C20606374729C
:10E270005F77646F675F6665656460206661696C7F
:10E28000656420286D5F77646F675F636831293A42
:10E29000202564006D61696E006D61696E002573F3
:10E2A0003A2028756E7369676E656429206368611A
:10E2B00072202A207573656420666F722025257090
:10E2C00020617267756D656E742E20497427732006
:10E2D0007265636F6D6D656E64656420746F206335
:10E2E00061737420697420746F20766F6964202ACA
:10E2F0002062656361757365206974206D617920A2
:10E300006361757365206D69736265686176696FB5
:10E310007220696E206365727461696E20636F6E2E
:10E3200066696775726174696F6E732E20537472BB
:10E33000696E673A2225732220617267756D656E7A
:10E34000743A25640063627072696E74665F70610E
:10E35000636B6167655F636F6E766572740063629D
:10E360007072696E74665F7061636B6167650046A9
:10E3700061696C656420746F207265626F6F743AB6
:10E38000207370696E6E696E6720656E646C65736C
:10E39000736C792E2E2E0A007379735F6765746F24
:10E3A0007074006C6F6767696E67006C6F67006CF4
:10E3B0006F675F6D676D740025733A204D657373E9
:10E3C000616765202822257322292064726F70708E
:10E3D0006564206265636175736520697420657882
:10E3E00063656564732073697A65206C696D69740F
:10E3F0006174696F6E20282575290025733A204DB8
:10E400006573736167652064726F70706564206204
:10E4100065636175736520697420657863656564FB
:10E42000732073697A65206C696D69746174696FB2
:10E430006E2028257529007A5F6C6F675F6D7367A2
:10E440005F72756E74696D655F7663726561746520
:10E45000007A5F696D706C5F7A5F6C6F675F6D7378
:10E46000675F7374617469635F637265617465008B
:10E470001B5B306D005B2530386C755D20005B25C3
:10E480003032753A253032753A253032752E2530C6
:10E4900033752C253033755D200025732F003C2506
:10E4A000733E200025733A2000253032782000206A
:10E4B0002020007C00256300206D65737361676513
:10E4C000732064726F70706564202D2D2D0D0A000D
:10E4D0002D2D2D20006572720077726E00696E66B8
:10E4E00000646267004C6F67676572006D657373E7
:10E4F000616765732064726F707065643A202020D4
:10E50000200D0A006C6F675F6261636B656E645F0C
:10E51000727474006B65726E656C004B65726E652B
:10E520006C20636F6D6D616E6473006379636C65FD
:10E53000733A202575206877206379636C65730AC8
:10E54000006379636C6573004B65726E656C206364
:10E5500079636C65732E00556E61626C6520746F13
:10E5600020706172736520696E7075742028657201
:10E5700072202564290A00736C656570006D730054
:10E58000557074696D653A20256C6C75206D730A41
:10E59000002D70002D2D70726574747900556E73A6
:10E5A0007570706F72746564206F7074696F6E3A05
:10E5B0002025730A00757074696D653A20256C6CAE
:10E5C0007520646179732C20256C6C7520686F75DB
:10E5D00072732C20256C6C75206D696E7574657373
:10E5E0002C20256C6C75207365636F6E64732C2012
:10E5F000256C6C75206D696C6C697365636F6E64F6
:10E60000730A00757074696D65004B65726E656C98
:10E6100020757074696D652E2043616E20626520DF
:10E6200063616C6C65642077697468207468652028
:10E630002D70206F72202D2D707265747479206F8B
:10E640007074696F6E7300342E332E3939005A6539
:10E65000706879722076657273696F6E2025730A0F
:10E660000076657273696F6E004B65726E656C2023
:10E6700076657273696F6E2E005468697320636FDC
:10E680006D6D616E6420697320646570726563618D
:10E69000746564206173206974206973206120644B
:10E6A00075706C69636174652E2055736520276CE5
:10E6B0006F6720656E61626C652720636F6D6D61A9
:10E6C0006E642066726F6D206C6F6767696E67207D
:10E6D000636F6D6D616E6473207365742E0A0055EF
:10E6E0006E61626C6520746F207061727365206C5E
:10E6F0006F67207365766572697479202865727218
:10E70000202564290A00496E76616C6964206C6F6B
:10E7100067206C6576656C3A2025640A00556E6149
:10E72000626C6520746F2066696E64206C6F672070
:10E73000736F757263653A2025730A006C6F675FAB
:10E740006C6576656C003C6D6F64756C65206E6100
:10E750006D653E203C73657665726974792028305A
:10E760002D34293E007265626F6F74005265626FCE
:10E770006F742E00636F6C6400436F6C642072656D
:10E78000626F6F742E007761726D005761726D2039
:10E790007265626F6F742E00746872656164004BFD
:10E7A00065726E656C20746872656164732E0053C7
:10E7B00063686564756C65723A2025752073696EAF
:10E7C0006365206C6173742063616C6C0A0054682B
:10E7D00072656164733A0A004E410025732570200A
:10E7E000252D3130730A00096F7074696F6E733AAA
:10E7F00020307825782C207072696F726974793AAC
:10E800002025642074696D656F75743A20256C6CE1
:10E81000640A000973746174653A2025732C2065BD
:10E820006E7472793A2025700A00556E61626C65CB
:10E8300020746F2064657465726D696E6520756EF5
:10E840007573656420737461636B2073697A6520E6
:10E85000282564290A0A0009737461636B207369AF
:10E860007A6520257A752C20756E75736564202570
:10E870007A752C20757361676520257A75202F20A5
:10E88000257A7520282575202525290A0A006C6916
:10E890007374004C697374206B65726E656C2074C0
:10E8A0006872656164732E002570204952512025DD
:10E8B000303264202573287265616C2073697A6533
:10E8C0002025347A75293A09756E7573656420259B
:10E8D000347A750975736167652025347A75202F40
:10E8E0002025347A75202825327A75202525290A95
:10E8F00000257020252D33327320287265616C202D
:10E9000073697A652025347A75293A09756E7573AD
:10E9100065642025347A750975736167652025342F
:10E920007A75202F2025347A7520282532752025E8
:10E9300025290A00737461636B73004C697374203A
:10E940007468726561647320737461636B2075739E
:10E950006167652E00546872656164204944202512
:10E9600070206973206E6F742076616C69640A0090
:10E970004572726F723A5368656C6C207468726588
:10E9800061642063616E6E6F7420626520737573BD
:10E9900070656E6465640A00546872656164202560
:10E9A000702073757370656E6465640A00737573A7
:10E9B00070656E64006B65726E656C20746872655C
:10E9C00061642073757370656E64203C7468726551
:10E9D00061645F69643E004572726F723A536865A4
:10E9E0006C6C207468726561642063616E6E6F7414
:10E9F00020626520726573756D65640A00546872E3
:10EA000065616420257020726573756D65640A0008
:10EA1000726573756D65006B65726E656C207468E8
:10EA20007265616420726573756D65203C746872EF
:10EA30006561645F69643E004572726F723A536843
:10EA4000656C6C207468726561642063616E6E6FC2
:10EA500074206265206B696C6C65640A000A20543E
:10EA60006872656164202570206B696C6C65640A4E
:10EA7000006B696C6C006B65726E656C20746872FB
:10EA8000656164206B696C6C203C746872656164BC
:10EA90005F69643E007368656C6C2E7368656C6CAE
:10EAA0005F72747400537562636F6D6D616E647331
:10EAB0003A0A005741524E494E473A20412070725F
:10EAC000696E742072657175657374207761732047
:10EAD0006465746563746564206F6E206E6F742066
:10EAE000616374697665207368656C6C206261632C
:10EAF0006B656E642E0A006E6F74207465726D69AA
:10EB00006E617465643A2025630A00506C65617318
:10EB1000652073706563696679206120737562632F
:10EB20006F6D6D616E642E0A00257325730A003ABD
:10EB300020636F6D6D616E64206E6F7420666F75FB
:10EB40006E6400546F6F206D616E7920617267751D
:10EB50006D656E747320696E2074686520636F6DD7
:10EB60006D616E642E0A0025733A2077726F6E67AE
:10EB700020706172616D6574657220636F756E746B
:10EB80000A00596F752063616E2074727920746F6A
:10EB90002063616C6C20636F6D6D616E64732077B0
:10EBA000697468203C2D683E206F72203C2D2D68D2
:10EBB000656C703E20706172616D6574657220666F
:10EBC0006F72206D6F726520696E666F726D617411
:10EBD000696F6E2E0A000A417661696C61626C652C
:10EBE00020636F6D6D616E64733A0A005072696ED6
:10EBF0007473207468652068656C70206D6573732C
:10EC00006167652E0055736167653A2025732000A2
:10EC10002573252D2A730025732573002D68002D7B
:10EC20002D68656C7000202D2000202000666C612E
:10EC30007368002A2A2A20426F6F74696E67206EFB
:10EC4000524620436F6E6E6563742053444B2076AA
:10EC5000332E332E302D3136656636386561356694
:10EC60003565202A2A2A0A002A2A2A205573696E25
:10EC700067205A6570687972204F532076342E339E
:10EC80002E39392D656334393965636636623061F2
:10EC9000202A2A2A0A006D757465785F696E697486
:10ECA0002063616C6C65642077697468204E554CF4
:10ECB0004C20706172616D6574657200436F756C94
:10ECC00064206E6F7420616C6C6F63617465206D7D
:10ECD00075746578206265666F726520696E697407
:10ECE00069616C697A696E670025733A2072302F0A
:10ECF00061313A2020307825303878202072312F49
:10ED000061323A2020307825303878202072322F36
:10ED100061333A20203078253038780025733A2046
:10ED200072332F61343A20203078253038782072C1
:10ED300031322F69703A20203078253038782072AF
:10ED400031342F6C723A2020307825303878002505
:10ED5000733A2020787073723A202030782530384A
:10ED6000780025733A204661756C74696E67206976
:10ED70006E737472756374696F6E2061646472651A
:10ED8000737320287231352F7063293A203078252B
:10ED90003038780025733A20556E68616E646C6572
:10EDA00064204952516E3A202564006573665F64A1
:10EDB000756D70007A5F61726D5F666174616C5F22
:10EDC0006572726F720025733A202A2A2A2A2A2035
:10EDD000425553204641554C54202A2A2A2A2A00BB
:10EDE00025733A202020537461636B696E67206538
:10EDF00072726F720025733A202020556E73746111
:10EE0000636B696E67206572726F720025733A20BA
:10EE100020205072656369736520646174612062AB
:10EE20007573206572726F720025733A202020423C
:10EE300046415220416464726573733A20307825EC
:10EE4000780025733A202020496D707265636973DC
:10EE500065206461746120627573206572726F72DF
:10EE60000025733A202020496E73747275637469AB
:10EE70006F6E20627573206572726F720025733A2F
:10EE8000202020466C6F6174696E672D706F696E0B
:10EE900074206C617A792073746174652070726576
:10EEA000736572766174696F6E206572726F72003D
:10EEB00025733A202A2A2A2A2A20555341474520D9
:10EEC0004641554C54202A2A2A2A2A0025733A20E2
:10EED00020204469766973696F6E206279207A65B3
:10EEE000726F0025733A202020556E616C69676E41
:10EEF0006564206D656D6F727920616363657373FE
:10EF00000025733A2020204E6F20636F70726F636C
:10EF10006573736F7220696E737472756374696F51
:10EF20006E730025733A202020496C6C6567616C14
:10EF3000206C6F6164206F66204558435F524554D2
:10EF400055524E20696E746F2050430025733A204D
:10EF50002020496C6C6567616C20757365206F6655
:10EF60002074686520455053520025733A202020B4
:10EF7000417474656D707420746F20657865637575
:10EF8000746520756E646566696E656420696E736C
:10EF90007472756374696F6E0025733A202A2A2A89
:10EFA0002A2A204D5055204641554C54202A2A2AC1
:10EFB0002A2A0025733A202020537461636B696EFE
:10EFC00067206572726F722028636F6E7465787443
:10EFD0002061726561206D69676874206265206ECA
:10EFE0006F742076616C6964290025733A202020B3
:10EFF00044617461204163636573732056696F6C6B
:10F000006174696F6E0025733A2020204D4D464192
:10F010005220416464726573733A20307825780019
:10F0200025733A202020496E737472756374696F7A
:10F030006E204163636573732056696F6C617469F8
:10F040006F6E0052657365727665642045786365FE
:10F050007074696F6E20280053707572696F7573D4
:10F0600020696E746572727570742028495251203F
:10F070000025733A20535053454C20696E20746824
:10F0800072656164206D6F646520646F6573206EC6
:10F090006F7420696E646963617465205053500019
:10F0A00025733A202A2A2A2A2A20484152442046F7
:10F0B00041554C54202A2A2A2A2A0025733A202016
:10F0C00020427573206661756C74206F6E207665C2
:10F0D00063746F72207461626C6520726561640094
:10F0E00025733A2020204465627567206576656E39
:10F0F000740025733A2020204661756C7420657376
:10F1000063616C6174696F6E202873656520626548
:10F110006C6F77290025733A20415243485F455868
:10F1200043455054207769746820726561736F6E2F
:10F130002025780A0025733A202A2A2A2A2A2044E0
:10F1400065627567206D6F6E69746F722065786394
:10F15000657074696F6E202A2A2A2A2A0025733A5C
:10F16000202A2A2A2A2A20257320256429202A2AAF
:10F170002A2A2A0072657365727665645F65786312
:10F18000657074696F6E0064656275675F6D6F6E40
:10F1900069746F720075736167655F6661756C7421
:10F1A000006275735F6661756C74006D656D5F6D8F
:10F1B000616E6167655F6661756C74006861726439
:10F1C0005F6661756C74006765745F657366006D7A
:10F1D00070750025733A204661696C656420746F10
:10F1E00020616C6C6F63617465206E6577204D5093
:10F1F0005520726567696F6E2025750A0025733A80
:10F2000020506172746974696F6E2025753A20739D
:10F21000616E69747920636865636B206661696CEF
:10F2200065642E00726567696F6E5F616C6C6F63F9
:10F230006174655F616E645F696E6974006D70759D
:10F240005F636F6E6669677572655F726567696F28
:10F250006E7300464C4153485F30005352414D5F3E
:10F260003000736F6300636C6F636B403430303019
:10F2700030303030006866636C6B006C66636C6BBA
:10F2800000636C6F636B5F636F6E74726F6C0025ED
:10F29000733A20696E76616C69642061646472659A
:10F2A00073733A2030782530386C783A257A7500B7
:10F2B00025733A20756E616C69676E6564206164C0
:10F2C00064726573733A2030782530386C783A254B
:10F2D0007A750025733A206E6F7420776F72642DF3
:10F2E000616C69676E65643A2030782530386C78D7
:10F2F0003A257A7500666C6173685F6E72665F723C
:10F3000065616400666C6173685F6E72665F7772D8
:10F3100069746500666C6173685F6E72665F6572C2
:10F3200061736500666C6173682D636F6E74726FD4
:10F330006C6C657240343030316530303000666C52
:10F340006173685F6E7266006770696F4035303058
:10F350003030333030006770696F403530303030D6
:10F360003030300025733A2025733A206E6F204CE0
:10F3700045447320666F756E64202844542063688A
:10F38000696C64206E6F646573206D697373696E58
:10F3900067290025733A2043616E6E6F7420636F96
:10F3A0006E666967757265204750494F20286572FF
:10F3B00072202564290025733A2025733A2047508E
:10F3C000494F20646576696365206E6F74207265AD
:10F3D000616479006C65645F6770696F5F696E690D
:10F3E00074006770696F5F6C656473006C65645F5F
:10F3F0006770696F0025733A2025733A2070776D26
:10F4000020646576696365206E6F7420726561643F
:10F4100079006C65645F70776D5F696E6974007008
:10F42000776D5F6C656473006C65645F70776D0009
:10F43000000102030405060725733A204661696C42
:10F44000656420746F20696E697469616C697A659E
:10F45000206465766963653A2025730025733A2038
:10F46000496E76616C6964206368616E6E656C3AA2
:10F470002025752E0025733A20496E636F6D7061EB
:10F480007469626C6520706572696F642E00257303
:10F490003A205072657363616C657220666F7220EA
:10F4A000706572696F645F6379636C65732025753D
:10F4B000206E6F7420666F756E642E0070776D5FBE
:10F4C0006E7266785F696E69740070776D5F7065E3
:10F4D00072696F645F636865636B5F616E645F73BD
:10F4E00065740070776D5F6E7266785F7365745FC8
:10F4F0006379636C65730070776D403430303163CD
:10F500003030300070776D5F6E7266780025733A28
:10F51000204661696C656420746F20616C6C6F6358
:10F52000617465204750494F5445206368616E6E91
:10F53000656C20666F722057414B450025733A2059
:10F540004661696C656420746F20636F6E666967DD
:10F550007572652057414B452070696E0025733ADE
:10F56000204353204750494F20706F7274202573F9
:10F570002070696E202564206973206E6F7420727C
:10F58000656164790025733A205570646174652063
:10F59000657863656564732063757272656E742047
:10F5A0006275666665720025733A2048616C662D47
:10F5B0006475706C6578206E6F7420737570706FF1
:10F5C000727465640025733A20536C617665206D12
:10F5D0006F6465206973206E6F7420737570706F2F
:10F5E00072746564206F6E2025730025733A204C79
:10F5F0006F6F706261636B206D6F6465206973204B
:10F600006E6F7420737570706F727465640025730B
:10F610003A20576F72642073697A6573206F74683B
:10F620006572207468616E2038206269747320618D
:10F630007265206E6F7420737570706F727465647C
:10F640000025733A204672657175656E636965734E
:10F65000206C6F776572207468616E2031323520BE
:10F660006B487A20617265206E6F742073757070BC
:10F670006F727465640025733A204661696C656435
:10F6800020746F20696E697469616C697A65206E97
:10F69000726678206472697665723A202564002566
:10F6A000733A2057616974696E6720666F722057DC
:10F6B000414B452061636B6E6F776C6564676D6568
:10F6C0006E742074696D6564206F75740025733ADB
:10F6D0002054696D656F75742077616974696E6710
:10F6E00020666F72207472616E7366657220636F3C
:10F6F0006D706C657465007370695F636F6E7465BF
:10F7000078745F63735F636F6E6669677572655F58
:10F71000616C6C007370695F6E7266785F696E69A8
:10F7200074007370695F636F6E746578745F77617E
:10F7300069745F666F725F636F6D706C6574696F1B
:10F740006E007370695F636F6E746578745F757057
:10F75000646174655F7278007370695F636F6E7463
:10F760006578745F7570646174655F747800636F49
:10F770006E666967757265007472616E7363656940
:10F78000766500737069403430303034303030008A
:10F790007370695F6E7266785F7370696D00776110
:10F7A000746368646F67403430303130303030001B
:10F7B0007764745F6E7266780025733A20535049FF
:10F7C000207472616E73616374696F6E2066616923
:10F7D0006C6564207769746820636F64653A2025DE
:10F7E000642F25750025733A2053504920627573A4
:10F7F000202573206E6F7420726561647900257313
:10F800003A2057726F6E67204A4544454320494469
:10F810003A202530325820253032582025303258B1
:10F820002C2065787065637465643A202530325801
:10F83000202530325820253032580025733A205583
:10F840006E737570706F7274656420657261736534
:10F8500020726571756573743A2073697A65202525
:10F860007A75206174203078256C78007370695F38
:10F87000666C6173685F617434355F7265616400E2
:10F88000706572666F726D5F77726974650070651E
:10F8900072666F726D5F65726173655F6F70007025
:10F8A0006572666F726D5F636869705F65726173C0
:10F8B00065007370695F666C6173685F617434358D
:10F8C0005F657261736500726561645F7374617412
:10F8D00075735F726567697374657200636F6E66D6
:10F8E00069677572655F706167655F73697A6500E6
:10F8F000636865636B5F6A656465635F6964007014
:10F900006F7765725F646F776E5F6F700073706999
:10F910005F666C6173685F617434355F696E6974CA
:10F92000006174343564623634316540300063748C
:10F93000725F7370695F666C6173685F61743435A0
:10F940000025733A2053797374656D20496E69748C
:10F9500069616C697A6174696F6E00696E697400BF
:10F960006374725F6C656400636F6D6D616E6420BB
:10F970006E6F7420666F756E643A2025730A00728C
:10F98000656400677265656E0079656C6C6F770001
:10F9900065787400696E76616C6964206368616E75
:10F9A0006E656C206E616D650A006F666600696E3B
:10F9B00076616C696420636F6D6D616E640A002509
:10F9C000733A2043616C6C20606374725F6C656491
:10F9D0005F73657460206661696C65643A202564B4
:10F9E00000636D645F6C65645F737769746368005E
:10F9F0004C454420636F6D6D616E64732E007377A8
:10FA00006974636800537769746368204C454420C7
:10FA10006368616E6E656C2028666F726D6174201C
:10FA20007265647C677265656E7C79656C6C6F77F6
:10FA30007C657874206F6E7C6F6666292E00637417
:10FA4000725F6C65645F7368656C6C0025733A2047
:10FA500054696D656F757420616C7265616479209D
:10FA60006C6F636B65640025733A20446576696347
:10FA700065206E6F742072656164790025733A2089
:10FA800043616C6C20607764745F696E7374616C41
:10FA90006C5F74696D656F757460206661696C6513
:10FAA000643A2025640025733A2043616C6C206021
:10FAB0007764745F736574757060206661696C65E6
:10FAC000643A2025640025733A2043616C6C206001
:10FAD0007764745F6665656460206661696C6564FF
:10FAE0003A202564006374725F77646F675F6665B0
:10FAF0006564006374725F77646F675F73746172CB
:10FB000074006374725F77646F675F696E737461AA
:10FB10006C6C006374725F77646F675F7365745FAA
:10FB200074696D656F7574006374725F77646F6775
:10FB300000000000000001010000000000010101C0
:10FB40000000000020303030303030303030303085
:10FB5000303030000100010101010101000000000E
:10FB6000005465726D696E616C0000000000000059
:10FB7000545452205245474745530025733A204874
:10FB8000616C74696E672073797374656D00556E6E
:10FB90006B6E6F776E206572726F7200756E6B6E32
:10FBA0006F776E0025733A203E3E3E205A455048FE
:10FBB000595220464154414C204552524F52202523
:10FBC000643A202573206F6E204350552025640031
:10FBD00025733A204661756C7420647572696E678E
:10FBE00020696E746572727570742068616E646CE1
:10FBF000696E670A0025733A2043757272656E74E8
:10FC0000207468726561643A202570202825732964
:10FC10000043505520657863657074696F6E0055B8
:10FC20006E68616E646C656420696E74657272756D
:10FC3000707400537461636B206F766572666C6FCD
:10FC400077004B65726E656C206F6F7073004B654B
:10FC5000726E656C2070616E6963007A5F666174B4
:10FC6000616C5F6572726F72006B5F7379735F6650
:10FC70006174616C5F6572726F725F68616E646CF3
:10FC800065720069646C65006F73002B0064756DAC
:10FC90006D7900736C656570696E67006465616499
:10FCA0000073757370656E6465640061626F727471
:10FCB000696E670073757370656E64696E67007155
:10FCC000756575656400737973776F726B71002861
:10FCD0006E756C6C29002A666C6F61742A000000D6
:10FCE00000000020000000200100000001000000D2
:10FCF0000000000000000000000000000000000004
:10FD000000000000000000000000000000000000F3
:10FD100000000000000000000000000000000000E3
:10FD200000000000000000006CD80000000000008F
:10FD300000000000000000000000000000000000C3
:10FD400000000000000000000000000000000000B3
:10FD500000000000000000000000000000000000A3
:10FD60000000000000000000000000000000000093
:10FD70000000000000000000000000000000000083
:10FD80000000000000000000000000000000000073
:10FD90000000000000000000000000000000000063
:10FDA0000000000000000000000000000000000053
:10FDB0000000000000000000000000000000000043
:10FDC0000000000000000000000000000000000033
:10FDD0000000000000000000000000000000000023
:10FDE0000000000000000000000000000000000013
:10FDF0000000000000000000000000000000000003
:10FE000000000000000000000000000000000000F2
:10FE100000000000000000000000000000000000E2
:10FE200000000000000000000000000000000000D2
:10FE300000000000000000000000000000000000C2
:10FE400000000000000000000000000000000000B2
:10FE500000000000000000000000000000000000A2
:10FE60000000000000000000000000000000000092
:10FE70000000000000000000000000000000000082
:10FE80000000000000000000000000000000000072
:10FE90000000000000000000000000000000000062
:10FEA0000000000000000000000000000000000052
:10FEB0000000000000000000000000000000000042
:10FEC0000000000000000000000000000000000032
:10FED0000000000000000000000000000000000022
:10FEE0000000000000000000000000000000000012
:10FEF0000000000000000000000000000000000002
:10FF000000000000000000000000000000000000F1
:10FF100000000000000000000000000000000000E1
:10FF200000000000000000000000000000000000D1
:10FF300000000000000000000000000000000000C1
:10FF400000000000000000000000000000000000B1
:10FF500000000000000000000000000000000000A1
:10FF60000000000000000000000000000000000091
:10FF70000000000000000000000000000000000081
:10FF80000000000000000000000000000000000071
:10FF90000000000000000000000000000000000061
:10FFA0000000000000000000000000000000000051
:10FFB0000000000000000000000000000000000041
:10FFC0000000000000000000000000000000000031
:10FFD0000000000000000000000000000000000021
:10FFE0000000000000000000000000000000000011
:10FFF0000000000000000000000000000000000001
:020000021000EC
:1000000000000000000000000000000000000000F0
:1000100000000000000000000000000000000000E0
:1000200000000000000000000000000000000000D0
:1000300000000000000000000000000000000000C0
:1000400075A6000045AD00000000000001000000A2
:10005000D8DD000018190020640600203A000000D6
:10006000780600203A000000500600203A00000008
:100070008C0600203A00000000000000E1B80000FB
:1000800000000000000000000060004000000000D0
:100090000000000000000000000000000000000060
:1000A0000000000000000000000000000000000050
:1000B0000000000000000000000000000000000040
:1000C0000000000000000000000000000000000030
:1000D0000000000000000000000000000000000020
:1000E0000000000000000000000000000000000010
:1000F0000000000000000000000000000000000000
:1001000000000000000000000000000000000000EF
:10011000000000000000000000C0014000000000DE
:1001200000000000000000000000000000000000CF
:10013000000000000000000000400040000000003F
:1001400000000000000000000000000000000000AF
:10015000000000000000000000000000000000009F
:100160000000000000000000FCDF000001000000B3
:100170009004002090040020000000000100000016
:10018000A0040020A00400200000000001000000E6
:10019000000000000000000000000000000000005F
:1001A000000000000000000000000000000000004F
:1001B0000000000034D80000000000000000000033
:1001C00002390020FA380020000001400000000041
:1001D000000000000000000000000000000000001F
:1001E000000000000000000000000000000000000F
:1001F00000000000000000000000000000000000FF
:100200000090D003FF000000900200002C050020A9
:100210002C05002000000000819A000078050020D5
:100220007005002068050020000000006005002027
:100230009D9B0000E99A00001D9B0000659B00004B
:10024000E02500203A00003AE42500203A00003A78
:10025000E82500203A00003AEC2500203A00003A58
:10026000880500204C0500204405002040050020A2
:040270003C05002029
:10027400000000000000000000000000000000007A
:040284000000000076
:100288000000000000000000000000000000000066
:100298000000000000000000000000000000000056
:1002A8000000000000000000000000000000000046
:0802B80000000000000000003E
:0402C000000000003A
:1002C400000000000000000000000000000000002A
:1002D400000000000000000000000000000000001A
:1002E400000000000000000000000000000000000A
:1002F40000000000000000000000000000000000FA
:1003040000000000000000000000000000000000E9
:080314000000000000000000E1
:10031C0000000000C0AA0020002000000000000027
:04032C0000000000CD
:1003300050060020500600200000000000000000D1
:100340000E0000006406002064060020000000008B
:10035000000000000E000000780600207806002053
:1003600000000000000000000E0000008C060020CD
:100370008C06002000000000000000000E000000BD
:10038000A0060020A00600200000000001000000E0
:0403900015E015E07F
:0400000300003E318A
:00000001FF
